Anom_ID,Accident_Date,Accident_Time,Location,Geo_ID,Accident_Location,Classification_of_Accident,Initial_Impact_Type,Environment_Condition,Light,Road_Surface_Condition,Traffic_Control,Traffic_Control_Condition,No__of_Vehicles,No__of_Bicycles,No__of_Motorcycles,No__of_Pedestrians,Max_Injury,No__of_Injuries,No__of_Minimal,No__of_Minor,No__of_Major,No__of_Fatal,X,Y,Latitude,Longitude,ObjectId
17--1082,1/27/2017,5:05 PM,BANK ST @ HERON RD (0002155),2155,03 - At intersection,03 - P.D. only,05 - Turning movement,01 - Clear,05 - Dusk,02 - Wet,01 - Traffic signal,01 - Functioning,2,0,0,0,,0,,,,,369995.72,5026851.814,45.37857421,-75.66755149,167
17--10820,10/24/2017,5:51 PM,ELGIN ST @ MCLEOD ST (0007274),7274,03 - At intersection,03 - P.D. only,02 - Angle,01 - Clear,01 - Daylight,01 - Dry,02 - Stop sign,01 - Functioning,2,0,0,0,,0,,,,,368424.7121,5030778.855,45.41405295,-75.68710229,168
17--10821,10/24/2017,6:22 PM,ELGIN ST btwn GLADSTONE AVE & MCLEOD ST (__3ZA3QE),__3ZA3QE,01 - Non intersection,03 - P.D. only,03 - Rear end,01 - Clear,05 - Dusk,01 - Dry,10 - No control,,2,0,0,0,,0,,,,,368392.0494,5030830.696,45.41452236,-75.68751287,169
17--10626,10/19/2017,7:00 PM,COLONEL BY DR btwn RIDEAU ST & MACKENZIE AVE (__3ZA8JW),__3ZA8JW,04 - At/near private drive,03 - P.D. only,02 - Angle,01 - Clear,05 - Dusk,01 - Dry,10 - No control,,2,0,0,0,,0,,,,,367940.8126,5032015.671,45.42522524,-75.69312569,170
17--10353,10/11/2017,Unknown,COOPER ST btwn METCALFE ST & ELGIN ST (__3ZA9UY),__3ZA9UY,01 - Non intersection,03 - P.D. only,06 - SMV unattended vehicle,01 - Clear,00 - Unknown,01 - Dry,10 - No control,,1,0,0,0,,0,,,,,368031.5598,5031219.554,45.41805385,-75.69206833,171
17--10822,10/24/2017,6:26 PM,FLEWELLYN RD @ SHEA RD (0000398),398,03 - At intersection,03 - P.D. only,07 - SMV other,01 - Clear,07 - Dark,01 - Dry,02 - Stop sign,01 - Functioning,1,0,0,0,,0,,,,,352993.8148,5012174.178,45.24787758,-75.88605248,172
17--10823,10/24/2017,6:30 AM,HIGHWAY 417 btwn HWY417 IC126 RAMP25 & HWY417 IC124 RAMP57 (__3ZA2R5),__3ZA2R5,01 - Non intersection,03 - P.D. only,03 - Rear end,02 - Rain,07 - Dark,02 - Wet,10 - No control,,2,0,0,0,,0,,,,,363666.0902,5026500.347,45.37597217,-75.74840561,173
17--10824,10/24/2017,6:34 PM,HIGHWAY 417 btwn HWY417 IC126 RAMP16 & HWY417 IC126 RAMP61 (__3ZA2RC),__3ZA2RC,01 - Non intersection,03 - P.D. only,03 - Rear end,01 - Clear,07 - Dark,01 - Dry,10 - No control,,2,0,0,0,,0,,,,,363108.1732,5025792.646,45.36965102,-75.75561195,174
17--10825,10/24/2017,6:50 AM,RICHMOND RD btwn WEST HUNT CLUB RD & STONEHAVEN DR (__3ZA41H),__3ZA41H,01 - Non intersection,02 - Non-fatal injury,03 - Rear end,02 - Rain,07 - Dark,02 - Wet,10 - No control,,2,0,0,0,02 - Minor,1,,1,,,356988.5334,5017426.49,45.294854,-75.8346145,175
17--10826,10/24/2017,6:59 AM,ANNA AVE @ CARLING AVE (0006248),6248,02 - Intersection related,02 - Non-fatal injury,07 - SMV other,02 - Rain,07 - Dark,02 - Wet,02 - Stop sign,01 - Functioning,1,0,0,1,01 - Minimal,1,1,,,,365198.1754,5027892.792,45.38837073,-75.72867555,176
17--10827,10/24/2017,7:05 PM,INNES RD @ PROVENCE AVE (0009244),9244,03 - At intersection,03 - P.D. only,02 - Angle,01 - Clear,07 - Dark,01 - Dry,01 - Traffic signal,01 - Functioning,2,0,0,0,,0,,,,,386110.0364,5037083.815,45.46894756,-75.46013838,177
17--10828,10/24/2017,7:07 AM,HIGHWAY 417 btwn HWY417 IC124 RAMP67 & HWY417 IC123 RAMP62 (__3ZA2YZ),__3ZA2YZ,01 - Non intersection,03 - P.D. only,03 - Rear end,01 - Clear,07 - Dark,01 - Dry,10 - No control,,2,0,0,0,,0,,,,,364722.9814,5027968.796,45.38909542,-75.73473431,178
17--10829,10/24/2017,7:23 PM,WALKLEY RD btwn COLLISTON CRES & COLLISTON CRES (__3ZA378),__3ZA378,01 - Non intersection,03 - P.D. only,03 - Rear end,01 - Clear,07 - Dark,01 - Dry,10 - No control,,2,0,0,0,,0,,,,,370945.3988,5026303.155,45.37354855,-75.65550037,179
17--1083,1/27/2017,5:06 PM,ALTHA AVE @ MONTREAL RD (0009344),9344,02 - Intersection related,03 - P.D. only,03 - Rear end,03 - Snow,05 - Dusk,02 - Wet,02 - Stop sign,00 - Unknown,3,0,0,0,,0,,,,,370623.2106,5033374.217,45.43720158,-75.65866945,180
17--10830,10/24/2017,7:24 AM,RENAUD RD @ NAVAN RD (0003685),3685,03 - At intersection,02 - Non-fatal injury,07 - SMV other,02 - Rain,03 - Dawn,02 - Wet,01 - Traffic signal,01 - Functioning,1,0,0,1,01 - Minimal,1,1,,,,381819.1651,5032741.248,45.43036303,-75.51568518,181
17--10831,10/24/2017,7:30 AM,HWY416 IC75B RAMP25 btwn HWY416 IC75C RAMP24 & HWY417 IC131 RAMP55 (__3ZAY4O),__3ZAY4O,01 - Non intersection,03 - P.D. only,03 - Rear end,02 - Rain,03 - Dawn,02 - Wet,10 - No control,,2,0,0,0,,0,,,,,358525.12,5022606.307,45.3413466,-75.81446313,182
17--10832,10/24/2017,7:30 AM,HIGHWAY 417 btwn HWY417 IC124 RAMP57 & HWY417 IC124 RAMP55 (__3ZA2Y1),__3ZA2Y1,01 - Non intersection,03 - P.D. only,03 - Rear end,02 - Rain,01 - Daylight,02 - Wet,10 - No control,,2,0,0,0,,0,,,,,364101.5247,5027069.308,45.38105487,-75.74277819,183
17--10833,10/24/2017,7:30 PM,TENTH LINE RD btwn AMIENS ST & 275 N OF DES EPINETTES AVE/FALLINGBROOK (__3ZA3YNA),__3ZA3YNA,04 - At/near private drive,03 - P.D. only,03 - Rear end,01 - Clear,07 - Dark,01 - Dry,10 - No control,,2,0,0,0,,0,,,,,383385.864,5037488.462,45.47290003,-75.4949072,184
17--10834,10/24/2017,7:37 AM,MARCH RD @ SOLANDT RD (0003172),3172,03 - At intersection,03 - P.D. only,05 - Turning movement,02 - Rain,01 - Daylight,02 - Wet,01 - Traffic signal,01 - Functioning,2,0,0,0,,0,,,,,350490.5553,5022710.266,45.34285135,-75.91696942,185
17--10835,10/24/2017,7:40 AM,HIGHWAY 417 btwn HWY417 IC129 RAMP25 & HWY417 IC129 RAMP35 (__3ZAYFR),__3ZAYFR,01 - Non intersection,03 - P.D. only,99 - Other,02 - Rain,01 - Daylight,02 - Wet,10 - No control,,2,0,0,0,,0,,,,,360783.0081,5023782.118,45.35174997,-75.78552141,186
17--10836,10/24/2017,7:52 AM,HIGHWAY 417 btwn HWY417 IC144 RAMP25 & HWY417 IC142 RAMP51 (__3ZA20J),__3ZA20J,01 - Non intersection,03 - P.D. only,07 - SMV other,02 - Rain,01 - Daylight,02 - Wet,10 - No control,,1,0,0,0,,0,,,,,348283.0081,5016598.401,45.28799524,-75.94567375,187
17--10837,10/24/2017,7:56 AM,RIVERSIDE DR RAMP 42A @ RIVERSIDE DR (0010862),10862,02 - Intersection related,03 - P.D. only,03 - Rear end,02 - Rain,01 - Daylight,02 - Wet,03 - Yield sign,01 - Functioning,2,0,0,0,,0,,,,,368441.5335,5027267.114,45.38245386,-75.68734049,188
17--10838,10/24/2017,8:00 AM,HIGHWAY 417 btwn HWY417 IC118 RAMP35 & HWY417 IC117 RAMP51 (__3ZA2YP),__3ZA2YP,01 - Non intersection,03 - P.D. only,03 - Rear end,02 - Rain,01 - Daylight,02 - Wet,10 - No control,,2,0,0,0,,0,,,,,370148.0597,5031097.121,45.41675777,-75.66504415,189
17--10839,10/24/2017,8:10 AM,CORALROOT AVE @ LONGFIELDS DR (0014575),14575,02 - Intersection related,03 - P.D. only,04 - Sideswipe,01 - Clear,01 - Daylight,02 - Wet,02 - Stop sign,00 - Unknown,2,0,0,0,,0,,,,,364999.2346,5016865.777,45.2891681,-75.73255751,190
17--10259,10/7/2017,3:20 PM,WEST HUNT CLUB RD @ WOODROFFE AVE (0000576),576,02 - Intersection related,03 - P.D. only,04 - Sideswipe,01 - Clear,01 - Daylight,01 - Dry,01 - Traffic signal,01 - Functioning,2,0,0,0,,0,,,,,363671.7839,5021246.489,45.32869804,-75.74895847,191
17--1084,1/27/2017,5:50 PM,CAMPEAU DR @ HAWKSTONE GT (0008754),8754,02 - Intersection related,03 - P.D. only,03 - Rear end,01 - Clear,07 - Dark,01 - Dry,01 - Traffic signal,00 - Unknown,2,0,0,0,,0,,,,,352308.8074,5020329.896,45.32131153,-75.89399752,192
17--10840,10/24/2017,8:15 AM,HIGHWAY 417 btwn HWY417 IC122 RAMP15 & HWY417 IC121B RAMP51 (__3ZA2RB),__3ZA2RB,01 - Non intersection,03 - P.D. only,04 - Sideswipe,02 - Rain,01 - Daylight,02 - Wet,10 - No control,,3,0,0,0,,0,,,,,365784.077,5029166.971,45.39978473,-75.72103639,193
17--10841,10/24/2017,8:16 AM,REGIONAL ROAD 174 btwn OR174 IC105 RAMP63 & OR174 IC102 RAMP36 (__3ZA27F),__3ZA27F,01 - Non intersection,03 - P.D. only,03 - Rear end,02 - Rain,01 - Daylight,02 - Wet,10 - No control,,3,0,0,0,,0,,,,,379909.2329,5037315.217,45.47172388,-75.53939245,194
17--10842,10/24/2017,8:18 PM,ST. LAURENT BLVD btwn COVENTRY RD & LEMIEUX ST (__3ZA2C9),__3ZA2C9,01 - Non intersection,03 - P.D. only,03 - Rear end,01 - Clear,07 - Dark,01 - Dry,10 - No control,,2,0,0,0,,0,,,,,372343.1261,5031860.815,45.42342068,-75.63689612,195
17--10843,10/24/2017,8:23 AM,LONGSHADOW ST @ DOZOIS RD (0011514),11514,03 - At intersection,03 - P.D. only,05 - Turning movement,02 - Rain,01 - Daylight,02 - Wet,02 - Stop sign,01 - Functioning,2,0,0,0,,0,,,,,371714.2218,5012015.209,45.24491638,-75.64761487,196
17--10844,10/24/2017,8:23 AM,BANK ST @ WALKLEY RD (0011423),11423,02 - Intersection related,03 - P.D. only,04 - Sideswipe,02 - Rain,01 - Daylight,02 - Wet,01 - Traffic signal,01 - Functioning,2,0,0,0,,0,,,,,370337.852,5025948.445,45.37041407,-75.66330334,197
17--10845,10/24/2017,8:28 PM,CROYDON AVE @ RICHMOND RD (0002652),2652,03 - At intersection,03 - P.D. only,05 - Turning movement,01 - Clear,07 - Dark,01 - Dry,01 - Traffic signal,01 - Functioning,2,0,0,0,,0,,,,,360545.1773,5025271.501,45.36517033,-75.7883885,198
17--10846,10/24/2017,8:30 AM,HIGHWAY 417 btwn HWY417 IC134 RAMP51 & HWY417 IC134 RAMP35 (__3ZAZET),__3ZAZET,01 - Non intersection,03 - P.D. only,03 - Rear end,02 - Rain,01 - Daylight,02 - Wet,10 - No control,,2,0,0,0,,0,,,,,356227.4264,5022127.474,45.33721021,-75.84382968,199
17--10847,10/24/2017,8:41 AM,ALBERT ST btwn METCALFE ST & ELGIN ST (__3ZA353),__3ZA353,01 - Non intersection,02 - Non-fatal injury,07 - SMV other,02 - Rain,01 - Daylight,02 - Wet,10 - No control,,1,0,0,1,02 - Minor,1,,1,,,367709.3827,5031624.812,45.42172927,-75.69613274,200
17--10848,10/24/2017,8:43 AM,BASELINE RD @ MERIVALE RD (0002342),2342,02 - Intersection related,03 - P.D. only,03 - Rear end,02 - Rain,01 - Daylight,02 - Wet,01 - Traffic signal,01 - Functioning,3,0,0,0,,0,,,,,365053.6931,5025325.515,45.36528329,-75.73083377,201
17--10849,10/24/2017,9:00 AM,BANK ST btwn HERON RD & ANOKA ST (__3ZA360),__3ZA360,04 - At/near private drive,03 - P.D. only,02 - Angle,01 - Clear,01 - Daylight,01 - Dry,10 - No control,,2,0,0,0,,0,,,,,370004.9456,5026828.368,45.37836239,-75.6674368,202
17--1085,1/27/2017,6:09 PM,ANDERSON RD btwn WEIR RD & DOLMAN RIDGE RD (__3ZA2B7),__3ZA2B7,01 - Non intersection,03 - P.D. only,07 - SMV other,05 - Drifting Snow,07 - Dark,03 - Loose snow,10 - No control,,1,0,0,0,,0,,,,,377886.0656,5031228.663,45.41717584,-75.56616821,203
17--10850,10/24/2017,9:26 PM,EARL ARMSTRONG RD @ BOWESVILLE RD (0009411),9411,03 - At intersection,03 - P.D. only,02 - Angle,02 - Rain,07 - Dark,02 - Wet,02 - Stop sign,01 - Functioning,2,0,0,0,,0,,,,,372562.8506,5017440.505,45.29365079,-75.63606557,204
17--10851,10/24/2017,9:31 PM,WOODROFFE AVE @ HWY 417 WOODROFF IC127R26/HWY4 (0002355),2355,03 - At intersection,02 - Non-fatal injury,05 - Turning movement,02 - Rain,07 - Dark,02 - Wet,01 - Traffic signal,01 - Functioning,2,0,0,0,02 - Minor,1,,1,,,362083.1603,5024940.701,45.36206982,-75.76879541,205
17--10852,10/24/2017,9:37 AM,CARP RD btwn THOMAS A. DOLAN PKWY & NORMA LANE (__3ZAZ54),__3ZAZ54,01 - Non intersection,03 - P.D. only,07 - SMV other,01 - Clear,01 - Daylight,01 - Dry,10 - No control,,1,0,0,0,,0,,,,,336633.1167,5025962.227,45.37287964,-76.09358126,206
17--10853,10/24/2017,9:42 AM,HWY 417 MOODIE IC134R52 @ MOODIE DR (0000553),553,02 - Intersection related,03 - P.D. only,04 - Sideswipe,02 - Rain,01 - Daylight,02 - Wet,01 - Traffic signal,00 - Unknown,2,0,0,0,,0,,,,,356459.4206,5022042.941,45.33643253,-75.84087865,207
17--10854,10/24/2017,9:52 PM,MARKETPLACE AVE btwn RIOCAN AVE & TRANSITWAY SOUTHWEST (__4LZBKR),__4LZBKR,01 - Non intersection,02 - Non-fatal injury,02 - Angle,02 - Rain,07 - Dark,02 - Wet,10 - No control,,2,0,0,0,02 - Minor,1,,1,,,364246.1668,5014737.216,45.27007942,-75.74241199,208
17--10855,10/24/2017,9:55 AM,HIGHWAY 417 btwn HWY417 IC134 RAMP35 & HWY417 IC134 RAMP25 (__3ZA29D),__3ZA29D,01 - Non intersection,02 - Non-fatal injury,03 - Rear end,02 - Rain,01 - Daylight,02 - Wet,10 - No control,,2,0,0,0,02 - Minor,2,,2,,,356483.5436,5022274.583,45.33851509,-75.8405467,209
17--10856,10/25/2017,1:13 PM,ALBERT ST @ METCALFE ST (0002117),2117,02 - Intersection related,03 - P.D. only,04 - Sideswipe,01 - Clear,01 - Daylight,01 - Dry,01 - Traffic signal,00 - Unknown,2,0,0,0,,0,,,,,367691.1808,5031614.391,45.42163714,-75.69636664,210
17--10857,10/25/2017,10:01 AM,CYRVILLE RD @ STAR TOP RD (0004210),4210,03 - At intersection,03 - P.D. only,03 - Rear end,01 - Clear,01 - Daylight,01 - Dry,01 - Traffic signal,01 - Functioning,2,0,0,0,,0,,,,,373829.7284,5031517.368,45.42018541,-75.61794984,211
17--10858,10/25/2017,Unknown,CLEMOW AVE btwn BRONSON AVE & PERCY ST (__3ZA4AQ),__3ZA4AQ,01 - Non intersection,03 - P.D. only,06 - SMV unattended vehicle,01 - Clear,00 - Unknown,01 - Dry,10 - No control,,1,0,0,0,,0,,,,,367441.5386,5029407.736,45.40180473,-75.69983672,212
17--10859,10/25/2017,12:02 AM,LEGGET DR @ TERRY FOX DR (0011817),11817,03 - At intersection,03 - P.D. only,03 - Rear end,02 - Rain,07 - Dark,02 - Wet,02 - Stop sign,01 - Functioning,2,0,0,0,,0,,,,,350176.1444,5023445.203,45.34948489,-75.9209138,213
17--1086,1/27/2017,6:36 AM,LESTER RD btwn ALBION RD & UPLANDS DR (__3ZA2SC),__3ZA2SC,01 - Non intersection,02 - Non-fatal injury,03 - Rear end,01 - Clear,07 - Dark,01 - Dry,10 - No control,,2,0,0,0,02 - Minor,1,,1,,,372272.0873,5022064.904,45.33528778,-75.63914242,214
17--10860,10/25/2017,12:03 PM,GREENFIELD AVE @ MAIN ST (0002695),2695,02 - Intersection related,03 - P.D. only,04 - Sideswipe,01 - Clear,01 - Daylight,01 - Dry,01 - Traffic signal,00 - Unknown,2,0,0,0,,0,,,,,368892.6623,5030816.338,45.4143475,-75.68111929,215
17--10861,10/25/2017,12:06 PM,MONTREAL RD @ CARSON'S RD/CODD'S RD (0010801),10801,03 - At intersection,03 - P.D. only,05 - Turning movement,01 - Clear,01 - Daylight,01 - Dry,01 - Traffic signal,01 - Functioning,2,0,0,0,,0,,,,,372771.8033,5034396.823,45.4461969,-75.63106874,216
17--10862,10/25/2017,12:24 PM,LAKESHORE DR @ STAGECOACH RD N (0010376),10376,02 - Intersection related,03 - P.D. only,07 - SMV other,01 - Clear,01 - Daylight,01 - Dry,02 - Stop sign,01 - Functioning,1,0,0,0,,0,,,,,376517.0977,5011963.627,45.2439793,-75.58644854,217
17--10863,10/25/2017,12:25 AM,COLONEL BY DR btwn CLEGG ST & ECHO DR S (__3ZBPHH),__3ZBPHH,01 - Non intersection,03 - P.D. only,07 - SMV other,02 - Rain,07 - Dark,02 - Wet,10 - No control,,1,0,0,0,,0,,,,,368652.2037,5028779.253,45.39604046,-75.68445499,218
17--10864,10/25/2017,12:45 PM,EAGLESON RD @ HAZELDEAN RD/ROBERTSON RD (0002715),2715,02 - Intersection related,03 - P.D. only,04 - Sideswipe,01 - Clear,01 - Daylight,01 - Dry,01 - Traffic signal,01 - Functioning,2,0,0,0,,0,,,,,353673.6249,5018424.697,45.30407448,-75.87677743,219
17--10865,10/25/2017,12:55 PM,MONTREAL RD @ OGILVIE RD (0009279),9279,02 - Intersection related,03 - P.D. only,03 - Rear end,01 - Clear,01 - Daylight,01 - Dry,01 - Traffic signal,01 - Functioning,2,0,0,0,,0,,,,,375654.2616,5034556.349,45.44734598,-75.59420182,220
17--10866,10/25/2017,12:58 PM,RIVERSIDE DR @ TREMBLAY RD/HWY417 IC117 RAMP52 (0010790),10790,02 - Intersection related,03 - P.D. only,03 - Rear end,01 - Clear,01 - Daylight,01 - Dry,01 - Traffic signal,01 - Functioning,2,0,0,0,,0,,,,,370801.6047,5031015.671,45.41596357,-75.65670558,221
17--10867,10/25/2017,2:08 PM,KING EDWARD AVE @ ST. PATRICK ST (0002714),2714,02 - Intersection related,03 - P.D. only,04 - Sideswipe,01 - Clear,01 - Daylight,01 - Dry,01 - Traffic signal,01 - Functioning,2,0,0,0,,0,,,,,368248.3343,5032823.755,45.43246826,-75.68909216,222
17--10868,10/25/2017,2:45 AM,HWY417 IC110 RAMP54 btwn HWY417 IC110 RAMP58 & HIGHWAY 417 (__3ZAYAO),__3ZAYAO,01 - Non intersection,03 - P.D. only,07 - SMV other,01 - Clear,07 - Dark,01 - Dry,10 - No control,,1,0,0,0,,0,,,,,375681.2802,5029468.906,45.40156933,-75.59458852,223
17--10869,10/25/2017,2:45 PM,VIEWMOUNT DR @ MERIVALE RD (0001528),1528,02 - Intersection related,03 - P.D. only,03 - Rear end,01 - Clear,01 - Daylight,01 - Dry,01 - Traffic signal,01 - Functioning,2,0,0,0,,0,,,,,365192.7504,5022947.785,45.34387686,-75.72934925,224
17--1087,1/27/2017,6:48 AM,MERIVALE RD @ WOODWARD AVE (0006748),6748,02 - Intersection related,02 - Non-fatal injury,01 - Approaching,01 - Clear,07 - Dark,01 - Dry,02 - Stop sign,00 - Unknown,2,0,0,0,01 - Minimal,1,1,,,,364854.153,5027068.089,45.38097979,-75.73316888,225
17--10870,10/25/2017,3:15 PM,BAY HILL RDG @ SPRINGBROOK DR (0005467),5467,02 - Intersection related,03 - P.D. only,04 - Sideswipe,01 - Clear,01 - Daylight,01 - Dry,10 - No control,00 - Unknown,2,0,0,0,,0,,,,,350386.587,5014821.192,45.27187005,-75.91902167,226
17--10871,10/25/2017,3:20 PM,HAZEL ST @ MAIN ST (0007202),7202,02 - Intersection related,02 - Non-fatal injury,02 - Angle,01 - Clear,01 - Daylight,01 - Dry,01 - Traffic signal,01 - Functioning,2,1,0,0,02 - Minor,1,,1,,,369167.0489,5030172.884,45.40853274,-75.67769797,227
17--10872,10/25/2017,3:40 PM,CYCLONE TAYLOR BLVD @ HUNTMAR DR (0011819),11819,02 - Intersection related,03 - P.D. only,03 - Rear end,01 - Clear,01 - Daylight,01 - Dry,01 - Traffic signal,01 - Functioning,3,0,0,0,,0,,,,,349513.6445,5017550.154,45.2964822,-75.92990043,228
17--10873,10/25/2017,4:12 PM,BANK ST btwn LEITRIM RD & ARENA PL (__3ZA29O),__3ZA29O,04 - At/near private drive,03 - P.D. only,02 - Angle,01 - Clear,01 - Daylight,01 - Dry,10 - No control,,2,0,0,0,,0,,,,,375379.0136,5021570.992,45.33053814,-75.59957725,229
17--10874,10/25/2017,4:35 PM,WOODROFFE AVE btwn 260 N OF FALLOWFIELD RD/TRANSITWAY & FALLOWFIELD RD (__3ZA3IOB),__3ZA3IOB,05 - At railway crossing,03 - P.D. only,04 - Sideswipe,01 - Clear,01 - Daylight,01 - Dry,10 - No control,,2,0,0,0,,0,,,,,365085.6178,5017903.659,45.29849951,-75.73133021,230
17--10875,10/25/2017,4:49 PM,REGIONAL ROAD 174 btwn TRANSIT & OR174 IC109 RAMP56 (__3ZAZ6U),__3ZAZ6U,01 - Non intersection,02 - Non-fatal injury,03 - Rear end,01 - Clear,01 - Daylight,01 - Dry,10 - No control,,3,0,0,0,02 - Minor,2,,2,,,375978.3279,5033937.003,45.44174056,-75.59014908,231
17--10876,10/25/2017,4:50 PM,ENTERPRISE AVE @ MERIVALE RD (0000589),589,02 - Intersection related,03 - P.D. only,03 - Rear end,01 - Clear,01 - Daylight,01 - Dry,01 - Traffic signal,00 - Unknown,2,0,0,0,,0,,,,,365829.2906,5021419.23,45.33006805,-75.72141585,232
17--10877,10/25/2017,5:00 PM,BRONSON AVE @ HWY 417 BRONSON IC121AR51 (0002693),2693,02 - Intersection related,03 - P.D. only,03 - Rear end,01 - Clear,01 - Daylight,01 - Dry,01 - Traffic signal,01 - Functioning,2,0,0,0,,0,,,,,367287.5371,5029710.841,45.40454574,-75.70176529,233
17--10878,10/25/2017,5:30 PM,HIGHWAY 417 btwn HWY417 IC121A RAMP51 & HWY417 IC120A RAMP52 (__3ZA2R6),__3ZA2R6,01 - Non intersection,03 - P.D. only,04 - Sideswipe,01 - Clear,01 - Daylight,01 - Dry,10 - No control,,2,0,0,0,,0,,,,,367253.6703,5029732.008,45.40473922,-75.70219519,234
17--10879,10/25/2017,5:39 PM,STITTSVILLE MAIN ST @ HAZELDEAN RD (0000050),50,02 - Intersection related,03 - P.D. only,03 - Rear end,01 - Clear,01 - Daylight,01 - Dry,01 - Traffic signal,01 - Functioning,2,0,0,0,,0,,,,,349558.876,5014878.478,45.2724387,-75.92956474,235
17--1088,1/27/2017,6:53 AM,BANK ST @ CATHERINE ST (0002708),2708,03 - At intersection,02 - Non-fatal injury,07 - SMV other,01 - Clear,07 - Dark,01 - Dry,01 - Traffic signal,01 - Functioning,1,0,0,1,01 - Minimal,1,1,,,,368041.3336,5030267.301,45.4094849,-75.69206565,236
17--10880,10/25/2017,6:20 PM,LEITRIM RD @ LIMEBANK RD (0012318),12318,02 - Intersection related,02 - Non-fatal injury,03 - Rear end,01 - Clear,05 - Dusk,01 - Dry,01 - Traffic signal,01 - Functioning,2,0,0,0,02 - Minor,1,,1,,,369321.63,5017960.082,45.29863094,-75.67731714,237
17--10881,10/25/2017,6:30 AM,PHEASANT RUN DR btwn FLINT CRT & READY WAY (__3ZAB73),__3ZAB73,04 - At/near private drive,03 - P.D. only,06 - SMV unattended vehicle,01 - Clear,03 - Dawn,01 - Dry,10 - No control,,1,0,0,0,,0,,,,,361393.3449,5015639.003,45.27842913,-75.77866288,238
17--10882,10/25/2017,6:30 PM,KING GEORGE ST btwn LOLA ST & NAUGHTON ST (__3ZA8KZ),__3ZA8KZ,01 - Non intersection,03 - P.D. only,03 - Rear end,01 - Clear,07 - Dark,01 - Dry,10 - No control,,2,0,0,0,,0,,,,,371285.0101,5032134.032,45.42598034,-75.65037893,239
17--10883,10/25/2017,6:57 AM,EARL ARMSTRONG RD btwn Continuation of EARL ARMSTRONG RD & CANYON WALK (__4CPKSR),__4CPKSR,01 - Non intersection,03 - P.D. only,03 - Rear end,01 - Clear,03 - Dawn,01 - Dry,10 - No control,,2,0,0,0,,0,,,,,369355.1405,5015603.874,45.27742708,-75.6771965,240
17--10884,10/25/2017,7:15 AM,JEANNE D'ARC BLVD N/OR174 IC105 RAMP63 @ TRANS (0012413),12413,02 - Intersection related,03 - P.D. only,03 - Rear end,01 - Clear,03 - Dawn,01 - Dry,01 - Traffic signal,00 - Unknown,2,0,0,0,,0,,,,,379342.5417,5037116.35,45.46999535,-75.54666929,241
17--10885,10/25/2017,7:22 AM,CAHILL DR @ HUNT CLUB RD (0011394),11394,02 - Intersection related,03 - P.D. only,03 - Rear end,01 - Clear,01 - Daylight,01 - Dry,01 - Traffic signal,01 - Functioning,2,0,0,0,,0,,,,,372409.3629,5024543.323,45.35757453,-75.63705237,242
17--10886,10/25/2017,7:30 PM,AMESBROOKE DR @ MAITLAND AVE (0003216),3216,02 - Intersection related,03 - P.D. only,04 - Sideswipe,01 - Clear,07 - Dark,01 - Dry,02 - Stop sign,00 - Unknown,2,0,0,0,,0,,,,,363769.8315,5025177.705,45.3640625,-75.74723905,243
17--10887,10/25/2017,7:50 AM,KINBURN SIDE RD btwn TORBOLTON RIDGE RD & WOODKILTON RD (__3ZA4Q8),__3ZA4Q8,01 - Non intersection,03 - P.D. only,07 - SMV other,01 - Clear,01 - Daylight,01 - Dry,10 - No control,,1,0,0,0,,0,,,,,336881.8098,5034920.849,45.45348104,-76.08982309,244
17--10888,10/25/2017,7:53 AM,CARLING AVE EB btwn WESTGATE SC E & 73 E OF ARCHIBALD ST/WESTGATE SC W (__3ZA4TFB),__3ZA4TFB,04 - At/near private drive,03 - P.D. only,05 - Turning movement,01 - Clear,01 - Daylight,01 - Dry,10 - No control,,2,0,0,0,,0,,,,,364793.8754,5027637.822,45.38611131,-75.73386925,245
17--10889,10/25/2017,8:22 PM,CARLING AVE WB btwn KIRKWOOD AVE & HWY417 IC124 RAMP67 (__3ZA4N1),__3ZA4N1,01 - Non intersection,03 - P.D. only,07 - SMV other,01 - Clear,07 - Dark,01 - Dry,10 - No control,,1,0,0,0,,0,,,,,364321.593,5027517.477,45.38506876,-75.73991435,246
17--10447,10/13/2017,4:12 PM,WOODROFFE AVE btwn KNOXDALE RD/MEDHURST DR & MAJESTIC DR (__3ZA3JL),__3ZA3JL,01 - Non intersection,03 - P.D. only,03 - Rear end,01 - Clear,01 - Daylight,01 - Dry,10 - No control,,2,0,0,0,,0,,,,,363462.3129,5021722.662,45.33300015,-75.75157408,247
17--1000,1/25/2017,3:33 PM,KING EDWARD AVE @ SUSSEX DR (0002653),2653,03 - At intersection,03 - P.D. only,05 - Turning movement,01 - Clear,01 - Daylight,01 - Dry,01 - Traffic signal,01 - Functioning,2,0,0,0,,0,,,,,367662.3622,5033505.604,45.43865622,-75.69649343,248
17--10086,10/3/2017,2:37 PM,WEST HUNT CLUB RD @ WOODROFFE AVE (0000576),576,02 - Intersection related,02 - Non-fatal injury,03 - Rear end,01 - Clear,01 - Daylight,01 - Dry,01 - Traffic signal,01 - Functioning,2,0,0,0,01 - Minimal,1,1,,,,363670.691,5021245.779,45.32869174,-75.74897249,249
17--10448,10/13/2017,4:15 PM,ANDERSON ST @ PRESTON ST (0006505),6505,02 - Intersection related,03 - P.D. only,01 - Approaching,01 - Clear,01 - Daylight,01 - Dry,02 - Stop sign,01 - Functioning,2,0,0,0,,0,,,,,366360.6769,5030006.86,45.40729137,-75.71356719,250