Anom_ID,Accident_Date,Accident_Time,Location,Geo_ID,Accident_Location,Classification_of_Accident,Initial_Impact_Type,Environment_Condition,Light,Road_Surface_Condition,Traffic_Control,Traffic_Control_Condition,No__of_Vehicles,No__of_Bicycles,No__of_Motorcycles,No__of_Pedestrians,Max_Injury,No__of_Injuries,No__of_Minimal,No__of_Minor,No__of_Major,No__of_Fatal,X,Y,Latitude,Longitude,ObjectId
17--10449,10/13/2017,4:25 PM,BAY ST @ COOPER ST (0006763),6763,03 - At intersection,02 - Non-fatal injury,02 - Angle,01 - Clear,01 - Daylight,01 - Dry,02 - Stop sign,01 - Functioning,2,1,0,0,01 - Minimal,1,1,,,,367202.7938,5030721.112,45.41364343,-75.70271984,251
17--1045,1/26/2017,7:28 PM,HWY 417 MAITLAND IC126R26/62 @ MAITLAND AVE (0008228),8228,03 - At intersection,03 - P.D. only,05 - Turning movement,01 - Clear,07 - Dark,02 - Wet,01 - Traffic signal,01 - Functioning,2,0,0,0,,0,,,,,363146.35,5025983.063,45.37136119,-75.75510212,252
17--10450,10/13/2017,4:47 PM,ELGIN ST btwn ARGYLE AVE & ARGYLE AVE (__3ZA3QW),__3ZA3QW,01 - Non intersection,02 - Non-fatal injury,06 - SMV unattended vehicle,01 - Clear,01 - Daylight,01 - Dry,10 - No control,,1,0,0,0,02 - Minor,1,,1,,,368499.3251,5030662.336,45.41299776,-75.68616416,253
17--10451,10/13/2017,5:28 PM,RIVERGATE WAY @ RIVERSIDE DR (0007177),7177,02 - Intersection related,03 - P.D. only,03 - Rear end,01 - Clear,01 - Daylight,01 - Dry,01 - Traffic signal,00 - Unknown,3,0,0,0,,0,,,,,368117.2582,5023240.874,45.34625613,-75.69199676,254
17--10452,10/13/2017,5:37 PM,STRANDHERD DR btwn LONGFIELDS DR & CLARIDGE DR (__4BRV9S),__4BRV9S,01 - Non intersection,03 - P.D. only,04 - Sideswipe,01 - Clear,01 - Daylight,01 - Dry,10 - No control,,2,0,0,0,,0,,,,,364635.1493,5015225.237,45.27443764,-75.73739639,255
17--10453,10/13/2017,6:32 PM,INNES RD @ JEANNE D'ARC BLVD/MER BLEUE RD (0012475),12475,02 - Intersection related,03 - P.D. only,04 - Sideswipe,01 - Clear,07 - Dark,01 - Dry,01 - Traffic signal,01 - Functioning,2,0,0,0,,0,,,,,382636.7503,5035568.891,45.45571329,-75.50479066,256
17--10454,10/13/2017,6:50 AM,RUSSELL RD btwn DUNNING RD & CLAYTON RD (__3ZBOGZ),__3ZBOGZ,01 - Non intersection,03 - P.D. only,07 - SMV other,01 - Clear,03 - Dawn,01 - Dry,10 - No control,,1,0,0,0,,0,,,,,396344.635,5028007.006,45.38602007,-75.33096267,257
17--10455,10/13/2017,7:35 PM,SPROULE ST btwn SHILLINGTON AVE & END (__3ZA0RK),__3ZA0RK,04 - At/near private drive,03 - P.D. only,07 - SMV other,01 - Clear,07 - Dark,01 - Dry,10 - No control,,1,0,0,0,,0,,,,,365300.4723,5027181.772,45.38196429,-75.72745642,258
17--10456,10/13/2017,8:33 AM,CLARENCE ST @ DALHOUSIE ST (0008415),8415,03 - At intersection,03 - P.D. only,05 - Turning movement,01 - Clear,01 - Daylight,01 - Dry,01 - Traffic signal,01 - Functioning,2,0,0,0,,0,,,,,368041.6066,5032502.505,45.42959649,-75.69177526,259
17--10457,10/13/2017,9:13 AM,RIVERSIDE DR NB btwn FROBISHER LANE & HINCKS LANE (__3ZAZR1),__3ZAZR1,01 - Non intersection,02 - Non-fatal injury,04 - Sideswipe,01 - Clear,01 - Daylight,01 - Dry,10 - No control,,2,0,0,0,02 - Minor,1,,1,,,370171.3176,5029916.613,45.40613383,-75.66490357,260
17--10458,10/13/2017,9:30 AM,CHARDON DRWY btwn COLOMBINE DRWY & EGLANTINE DRWY (__3ZAAJ0),__3ZAAJ0,01 - Non intersection,03 - P.D. only,06 - SMV unattended vehicle,01 - Clear,01 - Daylight,01 - Dry,10 - No control,,1,0,0,0,,0,,,,,364391.5888,5029927.813,45.40675054,-75.73872942,261
17--10627,10/19/2017,7:14 PM,SILVER SEVEN RD btwn 280 N OF PALLADIUM DR/COSTCO SC & PALLADIUM DR (__3ZAZH2B),__3ZAZH2B,01 - Non intersection,03 - P.D. only,05 - Turning movement,01 - Clear,07 - Dark,01 - Dry,10 - No control,,2,0,0,0,,0,,,,,350982.5619,5017961.747,45.30009082,-75.91113435,262
17--10459,10/13/2017,9:30 PM,TAUVETTE ST btwn SOUTHPARK DR & END (__3ZA7R3),__3ZA7R3,04 - At/near private drive,03 - P.D. only,07 - SMV other,01 - Clear,07 - Dark,01 - Dry,10 - No control,,1,0,0,0,,0,,,,,377069.5403,5033162.472,45.43465987,-75.57631597,263
17--1046,1/26/2017,7:40 AM,EARL ARMSTRONG RD @ SPRATT RD (0013063),13063,03 - At intersection,02 - Non-fatal injury,03 - Rear end,02 - Rain,03 - Dawn,02 - Wet,01 - Traffic signal,01 - Functioning,2,0,0,0,01 - Minimal,1,1,,,,368396.1627,5015011.429,45.27218372,-75.68949404,264
17--10460,10/14/2017,1:15 PM,CARLING AVE @ CLYDE AVE/COLE AVE (0006984),6984,02 - Intersection related,03 - P.D. only,05 - Turning movement,01 - Clear,01 - Daylight,01 - Dry,01 - Traffic signal,00 - Unknown,2,0,0,0,,0,,,,,363520.3562,5026851.88,45.37914744,-75.75022435,265
17--10354,10/11/2017,Unknown,PINEWOOD CRES btwn RICHMOND RD & HARWOOD AVE (__3ZABU8),__3ZABU8,01 - Non intersection,03 - P.D. only,06 - SMV unattended vehicle,01 - Clear,00 - Unknown,01 - Dry,10 - No control,,1,0,0,0,,0,,,,,360131.7923,5024494.803,45.35821438,-75.7937521,266
17--1026,1/26/2017,10:41 AM,CONROY RD @ WALKLEY RD (0002648),2648,02 - Intersection related,03 - P.D. only,03 - Rear end,03 - Snow,01 - Daylight,02 - Wet,01 - Traffic signal,01 - Functioning,2,0,0,0,,0,,,,,372903.1762,5027465.171,45.38381636,-75.63034737,267
17--10461,10/14/2017,10:00 AM,MERIVALE RD @ WEST HUNT CLUB RD (0000584),584,02 - Intersection related,03 - P.D. only,03 - Rear end,02 - Rain,01 - Daylight,02 - Wet,01 - Traffic signal,01 - Functioning,2,0,0,0,,0,,,,,365612.6952,5021941.952,45.33479023,-75.7241146,268
17--10462,10/14/2017,10:01 AM,BARNSDALE RD @ PRINCE OF WALES DR (0001082),1082,03 - At intersection,02 - Non-fatal injury,02 - Angle,02 - Rain,01 - Daylight,02 - Wet,02 - Stop sign,01 - Functioning,2,0,0,0,01 - Minimal,1,1,,,,366646.1498,5011530.774,45.24102099,-75.71222824,269
17--10463,10/14/2017,10:30 AM,TRIM RD @ DAIRY DR/TAYLOR CREEK DR (0012921),12921,03 - At intersection,03 - P.D. only,04 - Sideswipe,01 - Clear,01 - Daylight,02 - Wet,11 - Roundabout,01 - Functioning,2,0,0,0,,0,,,,,384535.5209,5039595.437,45.49172624,-75.47986362,270
17--10464,10/14/2017,12:20 PM,BAYSWATER AVE @ GLADSTONE AVE (0006164),6164,03 - At intersection,03 - P.D. only,05 - Turning movement,01 - Clear,01 - Daylight,02 - Wet,01 - Traffic signal,01 - Functioning,2,0,0,0,,0,,,,,366001.6512,5029478.382,45.40256774,-75.71821888,271
17--10465,10/14/2017,12:27 PM,MERIVALE RD @ WEST HUNT CLUB RD (0000584),584,02 - Intersection related,03 - P.D. only,03 - Rear end,01 - Clear,01 - Daylight,02 - Wet,01 - Traffic signal,00 - Unknown,2,0,0,0,,0,,,,,365611.6023,5021942.498,45.33479524,-75.72412847,272
17--10466,10/14/2017,2:22 PM,MAITLAND AVE/HWY 417 MAITLAND IC126R53 @ HWY 4 (0008229),8229,03 - At intersection,02 - Non-fatal injury,05 - Turning movement,01 - Clear,01 - Daylight,01 - Dry,01 - Traffic signal,01 - Functioning,2,0,0,0,02 - Minor,1,,1,,,363229.5385,5025774.044,45.36947353,-75.75406488,273
17--10467,10/14/2017,2:35 PM,CLYDE AVE @ MAITLAND AVE (0003214),3214,02 - Intersection related,03 - P.D. only,04 - Sideswipe,01 - Clear,01 - Daylight,02 - Wet,03 - Yield sign,00 - Unknown,2,0,0,0,,0,,,,,364249.9766,5025140.499,45.36368717,-75.74111493,274
17--10468,10/14/2017,3:20 PM,JOSEPH CYR ST @ LEMIEUX ST (0009480),9480,02 - Intersection related,03 - P.D. only,04 - Sideswipe,01 - Clear,01 - Daylight,01 - Dry,02 - Stop sign,00 - Unknown,2,0,0,0,,0,,,,,372494.8237,5031752.572,45.4224321,-75.63497274,275
17--10469,10/14/2017,3:45 PM,INDUSTRIAL AVE btwn TRAINYARDS DR & RUSSELL RD (__3ZA3R9),__3ZA3R9,01 - Non intersection,03 - P.D. only,04 - Sideswipe,01 - Clear,01 - Daylight,01 - Dry,10 - No control,,2,0,0,0,,0,,,,,371958.3232,5030480.289,45.41103637,-75.64200094,276
17--1047,1/26/2017,8:49 AM,AIRPORT PKWY/BROOKFIELD RD @ FLANNERY DR/AIRPORT PKWY RAMPS 52A/53 (0006850),6850,03 - At intersection,03 - P.D. only,04 - Sideswipe,01 - Clear,01 - Daylight,01 - Dry,11 - Roundabout,00 - Unknown,2,0,0,0,,0,,,,,368696.725,5026292.716,45.37366328,-75.68420828,277
17--10470,10/14/2017,3:47 PM,CARLING AVE @ PRESTON ST (0002161),2161,03 - At intersection,03 - P.D. only,07 - SMV other,01 - Clear,01 - Daylight,01 - Dry,01 - Traffic signal,01 - Functioning,1,0,0,0,,0,,,,,366829.1636,5028936.1,45.3976156,-75.70771757,278
17--10471,10/14/2017,4:30 PM,COLONEL BY DR @ HAWTHORNE AVE/PRETORIA BRIDGE (0002122),2122,02 - Intersection related,03 - P.D. only,03 - Rear end,02 - Rain,01 - Daylight,02 - Wet,01 - Traffic signal,01 - Functioning,3,0,0,0,,0,,,,,368767.7102,5030525.566,45.41174267,-75.68275331,279
17--10472,10/14/2017,5:30 AM,DEERFIELD DR btwn NAVAHO DR & DEERFIELD DR (__3ZAAVG),__3ZAAVG,01 - Non intersection,03 - P.D. only,07 - SMV other,02 - Rain,07 - Dark,02 - Wet,10 - No control,,1,0,0,0,,0,,,,,363373.2032,5023946.063,45.35301357,-75.7524476,280
17--10473,10/14/2017,7:45 AM,RICHMOND RD btwn PERTH ST & CAMBRIAN RD (__3ZAB98),__3ZAB98,01 - Non intersection,03 - P.D. only,07 - SMV other,01 - Clear,01 - Daylight,02 - Wet,10 - No control,,1,0,0,0,,0,,,,,359022.2492,5008494.641,45.21432973,-75.80966168,281
17--10474,10/14/2017,7:56 PM,STRANDHERD DR @ LONGFIELDS DR (0010935),10935,02 - Intersection related,03 - P.D. only,03 - Rear end,01 - Clear,07 - Dark,01 - Dry,01 - Traffic signal,01 - Functioning,2,0,0,0,,0,,,,,364549.357,5015172.778,45.27397291,-75.73849603,282
17--10475,10/14/2017,8:00 AM,MARCH RD @ TERRY FOX DR (0003173),3173,02 - Intersection related,03 - P.D. only,07 - SMV other,02 - Rain,01 - Daylight,02 - Wet,01 - Traffic signal,01 - Functioning,1,0,0,0,,0,,,,,349863.5157,5023399.509,45.34909388,-75.9249075,283
17--10476,10/14/2017,8:50 AM,BLAIR RD @ MONTREAL RD (0009277),9277,02 - Intersection related,03 - P.D. only,07 - SMV other,02 - Rain,01 - Daylight,02 - Wet,01 - Traffic signal,01 - Functioning,1,0,0,0,,0,,,,,374019.3858,5034439.585,45.44645922,-75.6151159,284
17--10477,10/14/2017,9:18 AM,TENTH LINE RD @ LAKEPOINTE DR (0013369),13369,02 - Intersection related,03 - P.D. only,04 - Sideswipe,02 - Rain,01 - Daylight,02 - Wet,01 - Traffic signal,01 - Functioning,2,0,0,0,,0,,,,,384261.9697,5035421.417,45.45420353,-75.48403793,285
17--10478,10/15/2017,1:00 PM,"EGLISE, RUE DE L @ MONTREAL RD (0011441)",11441,02 - Intersection related,03 - P.D. only,03 - Rear end,01 - Clear,01 - Daylight,02 - Wet,01 - Traffic signal,01 - Functioning,2,0,0,0,,0,,,,,371156.6247,5033634.401,45.43949218,-75.6518172,286
17--10479,10/15/2017,1:00 PM,HAZELDEAN RD btwn GO/KA BOUNDARY & HUNTMAR DR/IBER RD (__3ZA3DJ),__3ZA3DJ,04 - At/near private drive,02 - Non-fatal injury,02 - Angle,01 - Clear,01 - Daylight,02 - Wet,10 - No control,,2,1,0,0,01 - Minimal,1,1,,,,351158.2237,5016276.617,45.28491597,-75.90905214,287
17--1048,1/26/2017,9:30 AM,NICHOLAS ST NB btwn HWY417 IC118 RAMP52 & WALLER ST/TRANSITWAY (__6KCFNL),__6KCFNL,01 - Non intersection,03 - P.D. only,04 - Sideswipe,01 - Clear,01 - Daylight,01 - Dry,10 - No control,,2,0,0,0,,0,,,,,369095.0994,5031302.995,45.41870769,-75.67846962,288
17--10480,10/15/2017,1:15 AM,PORTOBELLO BLVD @ VALIN ST (0012844),12844,02 - Intersection related,02 - Non-fatal injury,03 - Rear end,01 - Clear,07 - Dark,02 - Wet,02 - Stop sign,01 - Functioning,2,0,0,0,02 - Minor,1,,1,,,385349.7627,5037697.569,45.47455761,-75.4697592,289
17--10481,10/15/2017,10:45 PM,SMYTH RD/OTHELLO AVE @ RUSSELL RD W (0007730),7730,02 - Intersection related,03 - P.D. only,01 - Approaching,01 - Clear,07 - Dark,01 - Dry,01 - Traffic signal,01 - Functioning,2,0,0,0,,0,,,,,373256.2575,5029374.667,45.40096275,-75.62557426,290
17--10482,10/15/2017,10:59 AM,MITCH OWENS RD btwn DOWNEY RD & MANOTICK STATION RD (__3ZA3TK),__3ZA3TK,01 - Non intersection,02 - Non-fatal injury,03 - Rear end,01 - Clear,01 - Daylight,01 - Dry,10 - No control,,3,0,0,0,02 - Minor,8,7,1,,,373464.7786,5013240.474,45.25577245,-75.62514877,291
17--10483,10/15/2017,11:06 AM,KITCHENER AVE @ BANK ST (0011963),11963,02 - Intersection related,03 - P.D. only,03 - Rear end,02 - Rain,01 - Daylight,02 - Wet,01 - Traffic signal,01 - Functioning,2,0,0,0,,0,,,,,370540.8761,5025500.243,45.36636228,-75.66077133,292
17--10484,10/15/2017,11:58 AM,ALBERT ST @ ELGIN ST/MACKENZIE KING BRIDGE (0002226),2226,03 - At intersection,02 - Non-fatal injury,05 - Turning movement,01 - Clear,01 - Daylight,02 - Wet,01 - Traffic signal,01 - Functioning,2,0,1,0,02 - Minor,1,,1,,,367850.3245,5031711.688,45.42249826,-75.69432082,293
17--10485,10/15/2017,Unknown,KAMOURASKA CIRC btwn HARTLAND ST & TO BE DETERMINED (__3ZA6D4),__3ZA6D4,01 - Non intersection,03 - P.D. only,06 - SMV unattended vehicle,01 - Clear,00 - Unknown,01 - Dry,10 - No control,,1,0,0,0,,0,,,,,380855.9548,5036044.92,45.46019232,-75.52748269,294
17--10486,10/15/2017,Unknown,PAMILLA ST btwn PRESTON ST & ROCHESTER ST (__3ZA04K),__3ZA04K,01 - Non intersection,03 - P.D. only,06 - SMV unattended vehicle,01 - Clear,00 - Unknown,01 - Dry,10 - No control,,1,0,0,0,,0,,,,,366806.8332,5029148.508,45.39952877,-75.70797606,295
17--10487,10/15/2017,12:00 PM,ALBERT ST @ ELGIN ST/MACKENZIE KING BRIDGE (0002226),2226,02 - Intersection related,03 - P.D. only,04 - Sideswipe,02 - Rain,01 - Daylight,02 - Wet,01 - Traffic signal,01 - Functioning,2,0,0,0,,0,,,,,367851.2581,5031710.489,45.42248739,-75.69430905,296
17--10488,10/15/2017,12:35 PM,ROBERTSON RD @ WESTCLIFFE RD (0010387),10387,03 - At intersection,02 - Non-fatal injury,05 - Turning movement,01 - Clear,01 - Daylight,01 - Dry,01 - Traffic signal,01 - Functioning,2,0,0,0,02 - Minor,1,,1,,,356395.5376,5020053.401,45.31853513,-75.84190102,297
17--10489,10/15/2017,12:40 PM,HAZELDEAN RD @ TERRY FOX DR (0003682),3682,02 - Intersection related,02 - Non-fatal injury,03 - Rear end,01 - Clear,01 - Daylight,01 - Dry,01 - Traffic signal,01 - Functioning,2,0,0,0,01 - Minimal,1,1,,,,352207.0683,5017242.722,45.29353928,-75.89559049,298
17--1049,1/26/2017,9:45 PM,CLEGG ST @ COLONEL BY DR (0008785),8785,02 - Intersection related,03 - P.D. only,03 - Rear end,01 - Clear,07 - Dark,01 - Dry,10 - No control,00 - Unknown,2,0,0,0,,0,,,,,368968.9946,5029741.861,45.40467273,-75.68028399,299
17--10490,10/15/2017,2:02 AM,VALIN ST btwn NORTHLANDS DR & VARENNES BLVD (__3ZA5VN),__3ZA5VN,01 - Non intersection,03 - P.D. only,06 - SMV unattended vehicle,02 - Rain,07 - Dark,02 - Wet,10 - No control,,1,0,0,0,,0,,,,,385070.7776,5037649.417,45.47415651,-75.47333474,300
17--10491,10/15/2017,3:36 PM,BANK ST btwn ST. PAUL AVE & KITCHENER AVE (__3ZA4TR),__3ZA4TR,04 - At/near private drive,03 - P.D. only,02 - Angle,01 - Clear,01 - Daylight,01 - Dry,10 - No control,,2,0,0,0,,0,,,,,370524.7814,5025529.558,45.36662756,-75.66097287,301
17--10492,10/15/2017,4:30 PM,SUNNYSIDE AVE @ LEONARD AVE (0007373),7373,03 - At intersection,02 - Non-fatal injury,02 - Angle,01 - Clear,01 - Daylight,01 - Dry,02 - Stop sign,01 - Functioning,2,1,0,0,01 - Minimal,1,1,,,,368358.8949,5028354.302,45.39224357,-75.68825561,302
17--10493,10/15/2017,6:04 PM,CARLING AVE @ BAYSHORE DR/BIRCHDALE AVE (0000021),21,02 - Intersection related,03 - P.D. only,03 - Rear end,02 - Rain,01 - Daylight,02 - Wet,01 - Traffic signal,01 - Functioning,3,0,0,0,,0,,,,,359005.5871,5023990.934,45.35376854,-75.80818102,303
17--10494,10/15/2017,7:33 PM,BOWESVILLE RD btwn RIDEAU RD & MITCH OWENS RD (__3ZA711),__3ZA711,04 - At/near private drive,03 - P.D. only,07 - SMV other,02 - Rain,07 - Dark,02 - Wet,10 - No control,,1,0,0,0,,0,,,,,373378.4617,5015527.982,45.27636331,-75.62593257,304
17--10495,10/15/2017,7:35 PM,BLACKBURN BYPASS WB btwn NAVAN RD & 1700 W OF NAVAN RD (__3ZA3J5B),__3ZA3J5B,01 - Non intersection,03 - P.D. only,03 - Rear end,02 - Rain,07 - Dark,02 - Wet,10 - No control,,2,0,0,0,,0,,,,,379490.3224,5033174.897,45.43451728,-75.54537808,305
17--10496,10/15/2017,9:15 PM,ROGER STEVENS DR btwn DWYER HILL RD & MALAKOFF RD (__3ZA4ZQ),__3ZA4ZQ,04 - At/near private drive,03 - P.D. only,07 - SMV other,01 - Clear,07 - Dark,02 - Wet,10 - No control,,1,0,0,0,,0,,,,,355600.1111,4990434.722,45.05207362,-75.85506258,306
17--10497,10/15/2017,9:23 PM,ALBURY CRES N @ DELAMERE DR N (0000328),328,02 - Intersection related,03 - P.D. only,03 - Rear end,01 - Clear,07 - Dark,01 - Dry,02 - Stop sign,00 - Unknown,2,1,0,0,,0,,,,,349190.0183,5013423.709,45.25937154,-75.93439548,307
17--10498,10/15/2017,9:51 AM,BESSERER ST @ WALLER ST (0008859),8859,03 - At intersection,03 - P.D. only,04 - Sideswipe,02 - Rain,01 - Daylight,02 - Wet,01 - Traffic signal,01 - Functioning,2,0,0,0,,0,,,,,368316.1104,5032191.392,45.42677233,-75.68830759,308
17--10499,10/15/2017,9:55 AM,KING EDWARD AVE @ LAURIER AVE (0002170),2170,02 - Intersection related,03 - P.D. only,03 - Rear end,02 - Rain,01 - Daylight,02 - Wet,01 - Traffic signal,01 - Functioning,2,0,0,0,,0,,,,,368739.7072,5032034.854,45.42532527,-75.68291519,309
17--105,1/3/2017,9:35 PM,HIGHWAY 417 btwn HWY417 IC119B RAMP57 & HWY417 IC119A RAMP75 (__3ZA1QN),__3ZA1QN,01 - Non intersection,03 - P.D. only,07 - SMV other,04 - Freezing Rain,07 - Dark,03 - Loose snow,10 - No control,,1,0,0,0,,0,,,,,368586.1117,5030512.734,45.41164379,-75.68507483,310
17--1050,1/26/2017,9:54 AM,GRASSY PLAINS DR btwn FARMFIELD CRES & STONEHAVEN DR (__3ZA54F),__3ZA54F,04 - At/near private drive,03 - P.D. only,99 - Other,01 - Clear,01 - Daylight,02 - Wet,10 - No control,,2,0,0,0,,0,,,,,356153.484,5015933.664,45.28148281,-75.84541491,311
17--10500,10/16/2017,10:30 PM,WOODROFFE AVE @ DEERFOX DR/STONEWAY DR (0004601),4601,02 - Intersection related,03 - P.D. only,99 - Other,01 - Clear,07 - Dark,01 - Dry,01 - Traffic signal,01 - Functioning,2,0,0,0,,0,,,,,365885.5408,5015941.02,45.28077071,-75.72137343,312
17--10501,10/16/2017,10:50 AM,HIGHWAY 417 btwn HWY417 IC115 RAMP61 & REGIONAL ROAD 174 (__3ZA2XG),__3ZA2XG,01 - Non intersection,03 - P.D. only,99 - Other,01 - Clear,01 - Daylight,01 - Dry,10 - No control,,2,0,0,0,,0,,,,,373002.869,5031623.924,45.42122524,-75.62849933,313
17--10502,10/16/2017,Unknown,CATHERINE ST btwn METCALFE ST & ELGIN ST (__3ZA3PE),__3ZA3PE,01 - Non intersection,03 - P.D. only,06 - SMV unattended vehicle,01 - Clear,00 - Unknown,01 - Dry,10 - No control,,1,0,0,0,,0,,,,,368507.5591,5030550.816,45.41199359,-75.68607338,314
17--10503,10/16/2017,12:08 PM,HUNT CLUB RD btwn CONROY RD & MALAK ST (__3ZA3S6),__3ZA3S6,01 - Non intersection,02 - Non-fatal injury,03 - Rear end,01 - Clear,01 - Daylight,01 - Dry,10 - No control,,2,0,0,0,01 - Minimal,1,1,,,,373823.4415,5025441.701,45.36551998,-75.61888011,315
17--10504,10/16/2017,12:37 PM,OGILVIE RD @ 125 E OF ELMLEA GT  (0012536),12536,02 - Intersection related,03 - P.D. only,03 - Rear end,01 - Clear,01 - Daylight,01 - Dry,01 - Traffic signal,00 - Unknown,3,0,0,0,,0,,,,,375092.9302,5033549.7,45.43834541,-75.60152075,316
17--10505,10/16/2017,12:38 AM,CARLING AVE WB btwn HWY417 IC124 RAMP76 & KIRKWOOD AVE (__3ZBOD8),__3ZBOD8,01 - Non intersection,03 - P.D. only,04 - Sideswipe,01 - Clear,07 - Dark,02 - Wet,10 - No control,,2,0,0,0,,0,,,,,364257.4993,5027484.531,45.38477776,-75.74073671,317
17--10506,10/16/2017,12:38 PM,AVIATION PKWY @ MONTREAL RD (0008799),8799,02 - Intersection related,03 - P.D. only,04 - Sideswipe,01 - Clear,01 - Daylight,01 - Dry,01 - Traffic signal,00 - Unknown,2,0,0,0,,0,,,,,372147.19,5034108.346,45.44366179,-75.63909218,318
17--10507,10/16/2017,2:41 PM,VALLEY STREAM DR btwn SHADOW CRT & SANDCASTLE DR (__3ZBOIO),__3ZBOIO,01 - Non intersection,03 - P.D. only,06 - SMV unattended vehicle,01 - Clear,01 - Daylight,01 - Dry,10 - No control,,1,0,0,0,,0,,,,,359413.9297,5021705.756,45.33317478,-75.80322208,319
17--10508,10/16/2017,3:35 PM,LANCASTER RD btwn DELRIDGE LANE & BARRYMORE LANE (__3ZA1LX),__3ZA1LX,04 - At/near private drive,03 - P.D. only,99 - Other,01 - Clear,01 - Daylight,01 - Dry,10 - No control,,2,0,0,0,,0,,,,,374383.9061,5029159.969,45.39891983,-75.61120226,320
17--10509,10/16/2017,4:14 PM,CARRIERE ST @ ORLEANS BLVD (0008769),8769,03 - At intersection,03 - P.D. only,03 - Rear end,01 - Clear,01 - Daylight,01 - Dry,01 - Traffic signal,01 - Functioning,2,0,0,0,,0,,,,,380793.2002,5036609.303,45.46527701,-75.52819776,321
17--1051,1/27/2017,1:00 AM,RENAUD RD btwn WEIR RD & MAURICE ST (__3ZA6FC),__3ZA6FC,01 - Non intersection,03 - P.D. only,07 - SMV other,03 - Snow,07 - Dark,02 - Wet,10 - No control,,1,0,0,0,,0,,,,,377858.7018,5031527.883,45.41987089,-75.56647343,322
17--10510,10/16/2017,4:30 PM,HIGHWAY 417 btwn HWY417 IC163 RAMP51 & HWY417 IC163 RAMP15 (__34IVFY),__34IVFY,01 - Non intersection,03 - P.D. only,07 - SMV other,01 - Clear,01 - Daylight,01 - Dry,10 - No control,,1,0,0,0,,0,,,,,331005.2092,5021537.165,45.33329372,-76.16566687,323
17--10511,10/16/2017,5:30 AM,HWY417 IC118 RAMP76 btwn HIGHWAY 417 & HWY417 IC118 RAMP43 (__3ZAY9N),__3ZAY9N,01 - Non intersection,03 - P.D. only,04 - Sideswipe,01 - Clear,07 - Dark,01 - Dry,10 - No control,,2,0,0,0,,0,,,,,369311.395,5030976.647,45.41575142,-75.67574891,324
17--10512,10/16/2017,5:54 PM,BOOTH ST @ SIR JOHN A. MACDONALD PKWY/WELLINGTON ST (0012252),12252,02 - Intersection related,03 - P.D. only,03 - Rear end,01 - Clear,01 - Daylight,01 - Dry,01 - Traffic signal,01 - Functioning,2,0,0,0,,0,,,,,366265.2603,5031005.35,45.4162839,-75.71466151,325
17--10513,10/16/2017,6:18 AM,INNES RD @ STAR TOP RD/WINDMILL LANE (0008734),8734,03 - At intersection,03 - P.D. only,05 - Turning movement,01 - Clear,03 - Dawn,01 - Dry,01 - Traffic signal,01 - Functioning,2,0,0,0,,0,,,,,374146.7791,5030666.324,45.41249679,-75.61401887,326
17--10514,10/16/2017,6:21 AM,MONTREAL RD @ VANIER PKWY (0004630),4630,02 - Intersection related,03 - P.D. only,04 - Sideswipe,01 - Clear,03 - Dawn,01 - Dry,01 - Traffic signal,01 - Functioning,3,0,0,0,,0,,,,,370072.2364,5033064.882,45.43446997,-75.66575208,327
17--10515,10/16/2017,6:47 PM,PINECREST RD @ RICHMOND RD (0002353),2353,02 - Intersection related,03 - P.D. only,03 - Rear end,01 - Clear,07 - Dark,01 - Dry,01 - Traffic signal,00 - Unknown,2,0,0,0,,0,,,,,360072.1278,5024471.784,45.35801196,-75.79451617,328
17--10516,10/16/2017,7:01 AM,COLONNADE RD @ PRINCE OF WALES DR (0005249),5249,02 - Intersection related,02 - Non-fatal injury,05 - Turning movement,01 - Clear,03 - Dawn,01 - Dry,01 - Traffic signal,01 - Functioning,2,0,1,0,02 - Minor,1,,1,,,367394.9054,5023266.338,45.34655009,-75.70121071,329
17--10517,10/16/2017,7:21 AM,CATHCART ST @ DALHOUSIE ST (0008430),8430,03 - At intersection,02 - Non-fatal injury,02 - Angle,01 - Clear,01 - Daylight,01 - Dry,02 - Stop sign,01 - Functioning,2,0,0,0,02 - Minor,1,,1,,,367779.169,5032932.353,45.4334878,-75.69507389,330
17--10518,10/16/2017,7:44 AM,TENTH LINE RD @ CHARLEMAGNE BLVD N/TOMPKINS AV (0009222),9222,02 - Intersection related,03 - P.D. only,03 - Rear end,01 - Clear,01 - Daylight,01 - Dry,01 - Traffic signal,01 - Functioning,2,0,0,0,,0,,,,,383183.5955,5037977.213,45.4773201,-75.49741578,331
17--10519,10/16/2017,7:44 PM,CYRVILLE RD @ LABRIE AVE (0012383),12383,03 - At intersection,03 - P.D. only,02 - Angle,01 - Clear,07 - Dark,01 - Dry,02 - Stop sign,01 - Functioning,2,0,0,0,,0,,,,,373401.7231,5031682.275,45.42171126,-75.62339522,332