Anom_ID,Accident_Date,Accident_Time,Location,Geo_ID,Accident_Location,Classification_of_Accident,Initial_Impact_Type,Environment_Condition,Light,Road_Surface_Condition,Traffic_Control,Traffic_Control_Condition,No__of_Vehicles,No__of_Bicycles,No__of_Motorcycles,No__of_Pedestrians,Max_Injury,No__of_Injuries,No__of_Minimal,No__of_Minor,No__of_Major,No__of_Fatal,X,Y,Latitude,Longitude,ObjectId
17--1052,1/27/2017,1:18 PM,BANK ST btwn RIVERSIDE DR & BILLINGS TRANSIT (__3ZA3NMA),__3ZA3NMA,04 - At/near private drive,03 - P.D. only,02 - Angle,01 - Clear,01 - Daylight,01 - Dry,10 - No control,,2,0,0,0,,0,,,,,369380.8758,5027813.998,45.38728859,-75.67527541,333
17--10520,10/16/2017,8:06 PM,WHITE ALDER AVE btwn FLAT SEDGE CRES & STALWART CRES W (__67PTMM),__67PTMM,01 - Non intersection,03 - P.D. only,06 - SMV unattended vehicle,01 - Clear,07 - Dark,01 - Dry,10 - No control,,1,0,0,0,,0,,,,,375462.844,5020730.631,45.32296847,-75.59862784,334
17--10521,10/16/2017,8:26 AM,BLAIR RD @ REGIONAL RD 174 N/OR174 IC112 RAMP61 (0003617),3617,02 - Intersection related,03 - P.D. only,03 - Rear end,01 - Clear,01 - Daylight,01 - Dry,01 - Traffic signal,01 - Functioning,2,0,0,0,,0,,,,,374634.1398,5032991.64,45.43337028,-75.60746343,335
17--10522,10/16/2017,8:30 PM,HAZELDEAN RD btwn 246 E OF CASTLEFRANK RD & IRWIN GT (__3ZA41NB),__3ZA41NB,01 - Non intersection,03 - P.D. only,07 - SMV other,01 - Clear,07 - Dark,01 - Dry,10 - No control,,1,0,0,0,,0,,,,,352930.8052,5017907.898,45.29947549,-75.88629928,336
17--10523,10/16/2017,8:45 AM,HAZELDEAN RD @ YOUNG RD (0003049),3049,02 - Intersection related,03 - P.D. only,07 - SMV other,01 - Clear,01 - Daylight,01 - Dry,02 - Stop sign,00 - Unknown,1,0,0,0,,0,,,,,352465.0423,5017482.062,45.29567547,-75.89227867,337
17--10524,10/16/2017,8:55 PM,RIVERSIDE DR @ WALKLEY RD (0002158),2158,02 - Intersection related,02 - Non-fatal injury,03 - Rear end,01 - Clear,07 - Dark,01 - Dry,01 - Traffic signal,01 - Functioning,2,0,0,0,01 - Minimal,1,1,,,,368417.6384,5024852.715,45.36073192,-75.68795654,338
17--10525,10/16/2017,9:07 AM,BAYSHORE DR @ RICHMOND RD (0010407),10407,02 - Intersection related,03 - P.D. only,04 - Sideswipe,01 - Clear,01 - Daylight,01 - Dry,01 - Traffic signal,01 - Functioning,2,0,0,0,,0,,,,,359372.6852,5023368.763,45.34814177,-75.80356481,339
17--10526,10/16/2017,9:54 AM,WEST HUNT CLUB RD @ CLEOPATRA DR/LANCELOT DR (0000114),114,03 - At intersection,03 - P.D. only,05 - Turning movement,01 - Clear,01 - Daylight,01 - Dry,01 - Traffic signal,01 - Functioning,2,0,0,0,,0,,,,,365235.7154,5021732.386,45.33293715,-75.72894949,340
17--10527,10/16/2017,9:57 AM,BASELINE RD @ WOODROFFE AVE (0002225),2225,02 - Intersection related,03 - P.D. only,04 - Sideswipe,01 - Clear,01 - Daylight,01 - Dry,01 - Traffic signal,01 - Functioning,2,0,0,0,,0,,,,,362551.3295,5023771.051,45.35150699,-75.7629565,341
17--10528,10/17/2017,1:00 PM,CARP RD @ STITTSVILLE MAIN ST (0005253),5253,02 - Intersection related,03 - P.D. only,03 - Rear end,01 - Clear,01 - Daylight,01 - Dry,01 - Traffic signal,01 - Functioning,2,0,0,0,,0,,,,,349523.7828,5014330.203,45.26750736,-75.93006135,342
17--10000,9/30/2017,4:50 PM,CYRVILLE RD @ INNES RD (0009352),9352,02 - Intersection related,03 - P.D. only,03 - Rear end,01 - Clear,01 - Daylight,01 - Dry,01 - Traffic signal,01 - Functioning,2,0,0,0,,0,,,,,375047.7247,5031119.328,45.41648282,-75.60244514,343
17--10087,10/3/2017,3:03 PM,EARLSCOURT CRES @ GOUGH RD W (0010433),10433,02 - Intersection related,03 - P.D. only,05 - Turning movement,01 - Clear,01 - Daylight,01 - Dry,10 - No control,00 - Unknown,2,0,0,0,,0,,,,,373297.7283,5010632.396,45.23232178,-75.62763616,344
17--10355,10/11/2017,Unknown,SPROULE ST btwn SHILLINGTON AVE & END (__3ZA0RK),__3ZA0RK,01 - Non intersection,03 - P.D. only,06 - SMV unattended vehicle,01 - Clear,00 - Unknown,01 - Dry,10 - No control,,1,0,0,0,,0,,,,,365307.5929,5027170.565,45.38186284,-75.72736688,345
17--10260,10/7/2017,4:22 AM,INNES RD btwn FRANK KENNY RD & O'TOOLE RD (__3ZA3MX),__3ZA3MX,01 - Non intersection,03 - P.D. only,07 - SMV other,"07 - Fog, mist, smoke, dust",07 - Dark,02 - Wet,10 - No control,,1,0,0,0,,0,,,,,388137.1229,5037842.261,45.47553231,-75.4340901,346
17--10628,10/19/2017,7:24 AM,SLACK RD @ WOODROFFE AVE (0000102),102,02 - Intersection related,03 - P.D. only,03 - Rear end,01 - Clear,01 - Daylight,01 - Dry,01 - Traffic signal,01 - Functioning,2,0,0,0,,0,,,,,364232.7368,5019974.715,45.31720743,-75.74195552,347
17--10001,9/30/2017,5:29 PM,GREENBANK RD @ MALVERN DR/FOXFIELD DR (0009821),9821,02 - Intersection related,03 - P.D. only,03 - Rear end,01 - Clear,01 - Daylight,01 - Dry,01 - Traffic signal,01 - Functioning,2,0,0,0,,0,,,,,363311.6486,5016194.386,45.28326944,-75.75414881,348
17--10261,10/7/2017,4:28 PM,DONALD ST @ PAUL EMILE LAMARCHE (0008517),8517,03 - At intersection,02 - Non-fatal injury,03 - Rear end,01 - Clear,01 - Daylight,01 - Dry,02 - Stop sign,01 - Functioning,2,0,0,0,02 - Minor,1,,1,,,371362.3552,5032388.034,45.42825838,-75.64935631,349
17--10356,10/11/2017,12:02 PM,REGENT ST btwn BANK ST & HOWICK PL (__3ZA91B),__3ZA91B,04 - At/near private drive,03 - P.D. only,06 - SMV unattended vehicle,01 - Clear,01 - Daylight,01 - Dry,10 - No control,,1,0,0,0,,0,,,,,368429.6584,5029329.691,45.40101339,-75.68722613,350
17--10088,10/3/2017,3:32 PM,BOREALIS CRES btwn SOLACE CRT & DEN HAAG DR (__4H4CKY),__4H4CKY,01 - Non intersection,03 - P.D. only,06 - SMV unattended vehicle,01 - Clear,01 - Daylight,01 - Dry,10 - No control,,1,0,0,0,,0,,,,,372474.9505,5033671.71,45.4397015,-75.6349629,351
17--10629,10/19/2017,7:24 PM,BRONSON AVE @ GLOUCESTER ST (0005124),5124,02 - Intersection related,03 - P.D. only,04 - Sideswipe,01 - Clear,07 - Dark,01 - Dry,01 - Traffic signal,01 - Functioning,2,0,0,0,,0,,,,,366833.2287,5030792.809,45.41432139,-75.70743205,352
17--10002,9/30/2017,6:50 AM,HIGHWAY 417 btwn HWY417 IC134 RAMP51 & HWY417 IC134 RAMP35 (__3ZAZET),__3ZAZET,01 - Non intersection,03 - P.D. only,99 - Other,01 - Clear,03 - Dawn,01 - Dry,10 - No control,,2,0,0,0,,0,,,,,356250.0413,5022142.484,45.33734362,-75.84353959,353
17--10262,10/7/2017,4:48 PM,KENNEVALE DR @ STRANDHERD DR (0010896),10896,03 - At intersection,03 - P.D. only,05 - Turning movement,01 - Clear,01 - Daylight,01 - Dry,01 - Traffic signal,01 - Functioning,2,0,0,0,,0,,,,,361491.9682,5014099.38,45.26456753,-75.77758172,354
17--10357,10/11/2017,12:17 PM,BASELINE RD @ MERIVALE RD (0002342),2342,02 - Intersection related,02 - Non-fatal injury,07 - SMV other,01 - Clear,01 - Daylight,01 - Dry,01 - Traffic signal,01 - Functioning,1,0,0,0,02 - Minor,1,,1,,,365054.362,5025324.846,45.36527721,-75.73082531,355
17--10089,10/3/2017,3:40 PM,HIGHWAY 417 btwn HWY417 IC118 RAMP57 & HWY417 IC118 RAMP35 (__3ZA2YQ),__3ZA2YQ,01 - Non intersection,03 - P.D. only,03 - Rear end,01 - Clear,01 - Daylight,01 - Dry,10 - No control,,3,0,0,0,,0,,,,,369333.6102,5030956.557,45.41556861,-75.67546773,356
17--1063,1/27/2017,12:13 PM,INDUSTRIAL AVE @ ALTA VISTA DR/SANDFORD FLEMIN (0006979),6979,02 - Intersection related,03 - P.D. only,03 - Rear end,01 - Clear,01 - Daylight,01 - Dry,01 - Traffic signal,01 - Functioning,2,0,0,0,,0,,,,,370885.8167,5030557.024,45.4118289,-75.65569123,357
17--10003,9/30/2017,7:19 PM,DALHOUSIE ST @ RIDEAU ST (0007646),7646,03 - At intersection,03 - P.D. only,06 - SMV unattended vehicle,01 - Clear,05 - Dusk,01 - Dry,01 - Traffic signal,01 - Functioning,1,0,0,0,,0,,,,,368206.7091,5032227.581,45.42710788,-75.68970087,358
17--10263,10/7/2017,5:00 PM,MERIVALE RD/LOTTA AVE @ CLYDE AVE (0001112),1112,02 - Intersection related,03 - P.D. only,03 - Rear end,01 - Clear,01 - Daylight,01 - Dry,01 - Traffic signal,01 - Functioning,2,0,0,0,,0,,,,,364523.2743,5024509.161,45.35798325,-75.73770286,359
17--10358,10/11/2017,2:31 PM,KENNEVALE DR btwn STRANDHERD DR & COBBLE HILL DR (__5WHGW0),__5WHGW0,01 - Non intersection,02 - Non-fatal injury,03 - Rear end,01 - Clear,01 - Daylight,01 - Dry,10 - No control,,2,0,0,0,01 - Minimal,1,1,,,,361538.5357,5014119.359,45.26474355,-75.77698608,360
17--1009,1/25/2017,6:08 PM,BROWNLEE RD @ EAGLESON RD (0010391),10391,02 - Intersection related,03 - P.D. only,07 - SMV other,03 - Snow,07 - Dark,06 - Ice,02 - Stop sign,01 - Functioning,1,0,0,0,,0,,,,,356967.5446,5009989.56,45.22793654,-75.835663,361
17--10630,10/19/2017,7:53 AM,DUMAURIER AVE @ RAMSEY CRES S (0002804),2804,02 - Intersection related,03 - P.D. only,02 - Angle,01 - Clear,01 - Daylight,01 - Dry,02 - Stop sign,01 - Functioning,2,0,0,0,,0,,,,,360122.3526,5023335.589,45.34778453,-75.79400228,362
17--10631,10/19/2017,8:01 AM,BANK ST btwn FINDLAY CREEK DR & BLAIS RD (__3ZA29M),__3ZA29M,01 - Non intersection,02 - Non-fatal injury,07 - SMV other,01 - Clear,01 - Daylight,01 - Dry,10 - No control,,1,0,0,0,02 - Minor,1,,1,,,376003.4146,5020091.515,45.31716335,-75.59182509,363
17--10632,10/19/2017,8:11 PM,ST. LAURENT BLVD btwn FOLEY AVE & WALKLEY RD (__3ZA73H),__3ZA73H,01 - Non intersection,03 - P.D. only,04 - Sideswipe,01 - Clear,07 - Dark,01 - Dry,10 - No control,,2,0,0,0,,0,,,,,373889.7066,5028075.618,45.38921228,-75.61766578,364
17--10633,10/19/2017,8:15 AM,LAXFORD DR btwn TYNE CRT & REDCAR CRES (__3ZACE9),__3ZACE9,04 - At/near private drive,03 - P.D. only,99 - Other,01 - Clear,01 - Daylight,01 - Dry,10 - No control,,2,0,0,0,,0,,,,,348915.7395,5023582.995,45.35080519,-75.93698589,365
17--10634,10/19/2017,8:30 AM,HIGHWAY 417 btwn HWY417 IC112 RAMP64 & HIGHWAY 417 (__3ZA2U1),__3ZA2U1,01 - Non intersection,03 - P.D. only,03 - Rear end,01 - Clear,01 - Daylight,01 - Dry,10 - No control,,2,0,0,0,,0,,,,,375084.9429,5030657.982,45.41232814,-75.60203546,366
17--10635,10/19/2017,8:30 AM,HIGHWAY 417 btwn HWY417 IC118 RAMP67 & HWY417 IC117 RAMP36 (__3ZA2YO),__3ZA2YO,01 - Non intersection,03 - P.D. only,04 - Sideswipe,01 - Clear,01 - Daylight,01 - Dry,10 - No control,,2,0,0,0,,0,,,,,370246.4534,5031119.806,45.41695268,-75.66378409,367
17--10636,10/19/2017,9:14 AM,CONROY RD @ QUEENSDALE AVE (0009365),9365,03 - At intersection,03 - P.D. only,02 - Angle,01 - Clear,01 - Daylight,01 - Dry,02 - Stop sign,00 - Unknown,2,0,0,0,,0,,,,,374351.7398,5024042.801,45.35288105,-75.61233376,368
17--10637,10/19/2017,9:23 PM,BILLINGS AVE @ RIVERSIDE DR (0007297),7297,02 - Intersection related,03 - P.D. only,03 - Rear end,01 - Clear,07 - Dark,01 - Dry,02 - Stop sign,00 - Unknown,2,0,0,0,,0,,,,,369673.0556,5028556.941,45.39394634,-75.67144687,369
17--10638,10/19/2017,9:58 AM,CARLING AVE @ CROYDON AVE (0002642),2642,02 - Intersection related,03 - P.D. only,05 - Turning movement,01 - Clear,01 - Daylight,01 - Dry,01 - Traffic signal,01 - Functioning,2,0,0,0,,0,,,,,360658.2027,5025042.279,45.3630988,-75.78697171,370
17--10639,10/20/2017,1:30 PM,HIGHWAY 417 btwn HWY417 IC127 RAMP25 & HWY417 IC126 RAMP51 (__3ZA2XA),__3ZA2XA,01 - Non intersection,03 - P.D. only,03 - Rear end,01 - Clear,01 - Daylight,01 - Dry,10 - No control,,2,0,0,0,,0,,,,,362876.7308,5025428.769,45.36639611,-75.75860918,371
17--1064,1/27/2017,12:15 PM,WOODROFFE AVE btwn HWY417 IC127 RAMP52 & HWY417 IC127 RAMP53 (__3ZA4L3),__3ZA4L3,04 - At/near private drive,03 - P.D. only,99 - Other,01 - Clear,01 - Daylight,01 - Dry,10 - No control,,2,0,0,0,,0,,,,,362186.0479,5024678.608,45.35970311,-75.76751262,372
17--10640,10/20/2017,1:36 AM,KNOXDALE RD btwn GIBBARD AVE & CONOVER ST (__3ZA178),__3ZA178,01 - Non intersection,02 - Non-fatal injury,07 - SMV other,01 - Clear,07 - Dark,01 - Dry,10 - No control,,1,0,0,0,02 - Minor,1,,1,,,361919.9234,5020956.854,45.32623667,-75.77133895,373
17--10641,10/20/2017,10:00 AM,ST. JOSEPH BLVD/OLD MONTREAL RD @ TRIM RD (0004118),4118,02 - Intersection related,03 - P.D. only,03 - Rear end,01 - Clear,01 - Daylight,01 - Dry,11 - Roundabout,00 - Unknown,2,0,0,0,,0,,,,,384682.4593,5039285.273,45.48891888,-75.47803447,374
17--10642,10/20/2017,10:01 PM,BOUNDARY RD btwn EIGHTH LINE RD & HWY417 IC96 RAMP61 (__3ZA3YB),__3ZA3YB,01 - Non intersection,02 - Non-fatal injury,07 - SMV other,01 - Clear,07 - Dark,01 - Dry,10 - No control,,1,0,0,1,02 - Minor,2,,2,,,386822.7198,5025363.474,45.36341561,-75.45297624,375
17--10643,10/20/2017,10:01 PM,GILMOUR ST @ O'CONNOR ST (0007286),7286,02 - Intersection related,03 - P.D. only,04 - Sideswipe,01 - Clear,07 - Dark,01 - Dry,01 - Traffic signal,01 - Functioning,2,0,0,0,,0,,,,,367943.238,5030868.333,45.41490165,-75.69324174,376
17--10644,10/20/2017,10:05 PM,ROBERTSON RD btwn HAZELDEAN RD & HAANEL DR (__3ZA41S),__3ZA41S,01 - Non intersection,03 - P.D. only,07 - SMV other,01 - Clear,07 - Dark,01 - Dry,10 - No control,,1,0,0,0,,0,,,,,353928.8855,5018570.178,45.30536574,-75.87350819,377
17--10645,10/20/2017,10:31 AM,DONALD ST @ ST. LAURENT BLVD (0008630),8630,03 - At intersection,02 - Non-fatal injury,05 - Turning movement,01 - Clear,01 - Daylight,01 - Dry,01 - Traffic signal,01 - Functioning,2,0,0,0,02 - Minor,1,,1,,,372093.2395,5032471.875,45.4289428,-75.64000546,378
17--10646,10/20/2017,10:43 PM,BREADNER BLVD @ UPLANDS DR (0009323),9323,03 - At intersection,03 - P.D. only,02 - Angle,01 - Clear,07 - Dark,01 - Dry,02 - Stop sign,01 - Functioning,2,0,0,0,,0,,,,,370656.732,5021963.264,45.33452672,-75.65976356,379
17--10647,10/20/2017,10:45 AM,BEECH ST btwn CHAMPAGNE AVE S & RAILWAY ST (__3ZA045),__3ZA045,01 - Non intersection,03 - P.D. only,06 - SMV unattended vehicle,01 - Clear,01 - Daylight,01 - Dry,10 - No control,,1,0,0,0,,0,,,,,366499.8118,5029189.597,45.3999256,-75.71189218,380
17--10648,10/20/2017,11:19 AM,RICHARDSON SIDE RD/TERON RD @ STEACIE DR (0003464),3464,02 - Intersection related,03 - P.D. only,05 - Turning movement,01 - Clear,01 - Daylight,01 - Dry,02 - Stop sign,00 - Unknown,2,0,0,0,,0,,,,,351408.1048,5021708.382,45.33377583,-75.90535611,381
17--10649,10/20/2017,11:19 AM,GRAINSTONE WAY btwn DRUMHELLER PL & DRUMHELLER PL (__8JUUID),__8JUUID,01 - Non intersection,03 - P.D. only,02 - Angle,01 - Clear,01 - Daylight,01 - Dry,10 - No control,,2,0,0,0,,0,,,,,349074.856,5019833.209,45.31705361,-75.93529076,382
17--1065,1/27/2017,12:27 PM,ST. LAURENT BLVD @ WALKLEY RD (0007653),7653,03 - At intersection,03 - P.D. only,05 - Turning movement,03 - Snow,01 - Daylight,02 - Wet,01 - Traffic signal,01 - Functioning,2,0,0,0,,0,,,,,373902.2074,5028047.669,45.38895958,-75.61751007,383
17--10650,10/20/2017,11:33 AM,MEADOWBROOK RD btwn TELESAT CRT & ENGLEWOOD PL (__3ZA5B6),__3ZA5B6,01 - Non intersection,03 - P.D. only,06 - SMV unattended vehicle,01 - Clear,01 - Daylight,01 - Dry,10 - No control,,1,0,0,0,,0,,,,,375115.9359,5032273.857,45.42686379,-75.60140894,384
17--10651,10/20/2017,11:55 AM,MERIVALE RD @ KINGSTON AVE (0006260),6260,02 - Intersection related,03 - P.D. only,03 - Rear end,01 - Clear,01 - Daylight,01 - Dry,02 - Stop sign,01 - Functioning,2,0,0,0,,0,,,,,364902.7047,5026273.798,45.37382874,-75.73264566,385
17--10652,10/20/2017,Unknown,BRACEWOOD WAY btwn SILVERTHORN CRT & GOLFLINKS DR (__33D6P3),__33D6P3,01 - Non intersection,03 - P.D. only,06 - SMV unattended vehicle,01 - Clear,00 - Unknown,01 - Dry,10 - No control,,1,0,0,0,,0,,,,,365718.3948,5013571.314,45.25946267,-75.72379446,386
17--10653,10/20/2017,Unknown,DRAPER AVE btwn MORRISON DR & CORNELL ST (__3ZABHR),__3ZABHR,01 - Non intersection,03 - P.D. only,06 - SMV unattended vehicle,01 - Clear,07 - Dark,01 - Dry,10 - No control,,1,0,0,0,,0,,,,,360233.7206,5022558.963,45.34078766,-75.7926682,387
17--10654,10/20/2017,12:17 PM,GRENON AVE @ RICHMOND RD (0002741),2741,03 - At intersection,03 - P.D. only,05 - Turning movement,01 - Clear,01 - Daylight,01 - Dry,01 - Traffic signal,01 - Functioning,2,0,0,0,,0,,,,,359806.6705,5024032.8,45.35408286,-75.79795301,388
17--10655,10/20/2017,12:18 PM,CYRVILLE RD @ INNES RD (0009352),9352,02 - Intersection related,03 - P.D. only,03 - Rear end,01 - Clear,01 - Daylight,01 - Dry,01 - Traffic signal,01 - Functioning,2,0,0,0,,0,,,,,375048.2674,5031119.836,45.41648734,-75.60243814,389
17--10656,10/20/2017,12:43 PM,COLONEL BY DR/SUSSEX DR @ RIDEAU ST (0007647),7647,02 - Intersection related,03 - P.D. only,03 - Rear end,01 - Clear,01 - Daylight,01 - Dry,01 - Traffic signal,01 - Functioning,2,0,0,0,,0,,,,,367922.2223,5032044.817,45.42548916,-75.69335949,390
17--10657,10/20/2017,2:41 PM,FRANKTOWN RD @ JOY'S RD W (0000007),7,02 - Intersection related,03 - P.D. only,03 - Rear end,01 - Clear,01 - Daylight,01 - Dry,02 - Stop sign,00 - Unknown,2,0,0,0,,0,,,,,355256.9919,5004890.734,45.18218022,-75.85796127,391
17--10658,10/20/2017,2:42 PM,HAWTHORNE RD/RUSSELL RD @ WALKLEY RD (0002618),2618,02 - Intersection related,03 - P.D. only,04 - Sideswipe,01 - Clear,01 - Daylight,01 - Dry,01 - Traffic signal,01 - Functioning,2,0,0,0,,0,,,,,374674.8339,5028500.057,45.39295329,-75.60758015,392
17--10659,10/20/2017,3:00 PM,ST. LAURENT BLVD @ WALKLEY RD (0007653),7653,02 - Intersection related,03 - P.D. only,04 - Sideswipe,01 - Clear,01 - Daylight,01 - Dry,01 - Traffic signal,01 - Functioning,2,0,0,0,,0,,,,,373904.1702,5028046.145,45.38894567,-75.61748522,393
17--1066,1/27/2017,2:20 PM,CARLING AVE @ CARLINGWOOD SC (0008881),8881,03 - At intersection,03 - P.D. only,05 - Turning movement,03 - Snow,01 - Daylight,02 - Wet,01 - Traffic signal,00 - Unknown,2,0,0,0,,0,,,,,362074.0534,5025919.205,45.37087506,-75.76879822,394
17--10660,10/20/2017,3:15 PM,COLONEL BY DR btwn COLONEL BY DR SB ON RAMP 43 & COLONEL BY DR NB ON R (__3ZA214),__3ZA214,01 - Non intersection,03 - P.D. only,03 - Rear end,01 - Clear,01 - Daylight,01 - Dry,10 - No control,,2,0,0,0,,0,,,,,367655.8049,5028455.033,45.39321338,-75.69722142,395
17--10661,10/20/2017,3:30 PM,MITCH OWENS RD btwn RAMSAYVILLE RD & 8TH LINE RD (__3ZA1DD),__3ZA1DD,01 - Non intersection,03 - P.D. only,03 - Rear end,01 - Clear,01 - Daylight,01 - Dry,10 - No control,,2,0,0,0,,0,,,,,381389.9985,5018183.56,45.29942974,-75.52342561,396
17--10662,10/20/2017,3:30 PM,HIGHWAY 417 btwn HWY417 IC121B RAMP16 & HWY417 IC121A RAMP16 (__3ZA2YX),__3ZA2YX,01 - Non intersection,03 - P.D. only,04 - Sideswipe,01 - Clear,01 - Daylight,01 - Dry,10 - No control,,2,0,0,0,,0,,,,,366745.0791,5029583.133,45.40344488,-75.70871019,397
17--10663,10/20/2017,3:36 PM,FALLOWFIELD RD @ RICHMOND RD (0000634),634,02 - Intersection related,03 - P.D. only,03 - Rear end,01 - Clear,01 - Daylight,01 - Dry,01 - Traffic signal,01 - Functioning,3,0,0,0,,0,,,,,357722.109,5013528.706,45.25972624,-75.82567787,398
17--10664,10/20/2017,3:44 PM,HAZELDEAN RD btwn GO/KA BOUNDARY & HUNTMAR DR/IBER RD (__3ZA3DJ),__3ZA3DJ,01 - Non intersection,02 - Non-fatal injury,03 - Rear end,01 - Clear,01 - Daylight,01 - Dry,10 - No control,,3,0,0,0,02 - Minor,1,,1,,,351089.1522,5016214.514,45.2843617,-75.90993837,399
17--10665,10/20/2017,4:00 PM,BOOTH ST @ SIR JOHN A. MACDONALD PKWY/WELLINGTON ST (0012252),12252,02 - Intersection related,03 - P.D. only,03 - Rear end,01 - Clear,01 - Daylight,01 - Dry,01 - Traffic signal,01 - Functioning,4,0,0,0,,0,,,,,366264.257,5031006.688,45.41629602,-75.71467416,400
17--10666,10/20/2017,4:03 PM,COOPER ST @ LYON ST (0010861),10861,02 - Intersection related,02 - Non-fatal injury,05 - Turning movement,01 - Clear,01 - Daylight,01 - Dry,02 - Stop sign,01 - Functioning,2,0,0,0,02 - Minor,2,,2,,,367322.6525,5030792.326,45.41427349,-75.7011796,401
17--10667,10/20/2017,4:07 PM,HAWTHORNE RD btwn AGES DR & STEVENAGE DR (__3ZA2E9),__3ZA2E9,04 - At/near private drive,03 - P.D. only,05 - Turning movement,01 - Clear,01 - Daylight,01 - Dry,10 - No control,,2,0,0,0,,0,,,,,375001.8925,5027639.174,45.38517478,-75.60352604,402
17--10668,10/20/2017,4:15 PM,PINECREST RD btwn KELLY AVE & DUMAURIER AVE (__3ZA4M1),__3ZA4M1,04 - At/near private drive,03 - P.D. only,02 - Angle,01 - Clear,01 - Daylight,01 - Dry,10 - No control,,2,0,0,0,,0,,,,,360300.8506,5023891.079,45.35276872,-75.7916622,403
17--10669,10/20/2017,4:15 PM,CARLING AVE @ IROQUOIS RD (0003145),3145,02 - Intersection related,03 - P.D. only,03 - Rear end,01 - Clear,01 - Daylight,01 - Dry,01 - Traffic signal,01 - Functioning,2,0,0,0,,0,,,,,362214.1594,5026025.767,45.37182243,-75.76699729,404
17--1067,1/27/2017,2:30 PM,ELGIN ST @ LAURIER AVE (0002232),2232,03 - At intersection,03 - P.D. only,04 - Sideswipe,03 - Snow,01 - Daylight,02 - Wet,01 - Traffic signal,01 - Functioning,2,0,0,0,,0,,,,,367949.2526,5031548.219,45.4210185,-75.69307777,405
17--10670,10/20/2017,4:20 PM,HIGHWAY 417 btwn HWY417 IC118 RAMP35 & HWY417 IC117 RAMP51 (__3ZA2YP),__3ZA2YP,01 - Non intersection,03 - P.D. only,03 - Rear end,01 - Clear,01 - Daylight,01 - Dry,10 - No control,,2,0,0,0,,0,,,,,369877.752,5031129.361,45.41707304,-75.66849326,406
17--10671,10/20/2017,4:24 PM,HUNT CLUB RD @ PIKE ST/MAPLE PARK PRIV (0010869),10869,02 - Intersection related,02 - Non-fatal injury,05 - Turning movement,01 - Clear,01 - Daylight,01 - Dry,01 - Traffic signal,01 - Functioning,2,0,0,0,02 - Minor,1,,1,,,373295.7918,5025087.329,45.36238325,-75.62566416,407
17--10672,10/20/2017,5:00 PM,PRINCESS AVE @ ROCKCLIFFE PKWY (0012027),12027,03 - At intersection,03 - P.D. only,03 - Rear end,01 - Clear,01 - Daylight,01 - Dry,11 - Roundabout,01 - Functioning,2,0,0,0,,0,,,,,368227.3666,5034331.932,45.44604018,-75.68916576,408
17--10673,10/20/2017,5:10 PM,BYRON AVE @ TWEEDSMUIR AVE (0006667),6667,02 - Intersection related,03 - P.D. only,02 - Angle,01 - Clear,01 - Daylight,01 - Dry,02 - Stop sign,01 - Functioning,2,0,0,0,,0,,,,,363593.168,5028304.791,45.3922144,-75.74912167,409
17--10674,10/20/2017,5:15 PM,WALKLEY RD @ DON REID DR/RYDER ST (0008218),8218,02 - Intersection related,02 - Non-fatal injury,03 - Rear end,01 - Clear,01 - Daylight,01 - Dry,01 - Traffic signal,01 - Functioning,2,0,0,0,01 - Minimal,1,1,,,,372602.0614,5027284.544,45.38222037,-75.63421686,410
17--10675,10/20/2017,5:19 PM,SLATER ST btwn COMMISSIONER ST & BAY ST (__3ZA336),__3ZA336,01 - Non intersection,02 - Non-fatal injury,03 - Rear end,01 - Clear,01 - Daylight,01 - Dry,10 - No control,,2,0,0,0,01 - Minimal,1,1,,,,366792.4512,5030961.277,45.41584083,-75.7079318,411
17--10676,10/20/2017,6:09 AM,BANK ST btwn CHESLEY ST & RIVERDALE AVE (__3ZA3BV),__3ZA3BV,04 - At/near private drive,02 - Non-fatal injury,03 - Rear end,01 - Clear,03 - Dawn,01 - Dry,10 - No control,,2,0,0,0,02 - Minor,1,,1,,,369022.1042,5028176.614,45.39058428,-75.67980941,412
17--10677,10/20/2017,6:12 AM,INNES RD btwn INNES RD & PAGE RD (__3ZA3JY),__3ZA3JY,01 - Non intersection,02 - Non-fatal injury,03 - Rear end,01 - Clear,07 - Dark,01 - Dry,10 - No control,,2,0,0,0,02 - Minor,1,,1,,,380638.8141,5034395.182,45.44537287,-75.53051321,413
17--10678,10/20/2017,6:13 PM,INDUSTRIAL AVE btwn RIVERSIDE DR & SANDFORD FLEMING AVE (__3ZA3PG),__3ZA3PG,01 - Non intersection,03 - P.D. only,03 - Rear end,01 - Clear,01 - Daylight,01 - Dry,10 - No control,,2,0,0,0,,0,,,,,370794.3523,5030573.286,45.41198385,-75.65685747,414
17--10679,10/20/2017,6:42 PM,INDUSTRIAL AVE/INNES RD @ ST. LAURENT BLVD (0002203),2203,02 - Intersection related,03 - P.D. only,03 - Rear end,01 - Clear,05 - Dusk,01 - Dry,01 - Traffic signal,01 - Functioning,2,0,0,0,,0,,,,,373099.393,5030005.567,45.40665462,-75.62749035,415