Anom_ID,Accident_Date,Accident_Time,Location,Geo_ID,Accident_Location,Classification_of_Accident,Initial_Impact_Type,Environment_Condition,Light,Road_Surface_Condition,Traffic_Control,Traffic_Control_Condition,No__of_Vehicles,No__of_Bicycles,No__of_Motorcycles,No__of_Pedestrians,Max_Injury,No__of_Injuries,No__of_Minimal,No__of_Minor,No__of_Major,No__of_Fatal,X,Y,Latitude,Longitude,ObjectId
17--1068,1/27/2017,3:06 PM,JOLIFFE ST btwn ST. LAURENT BLVD & MARTHA AVE (__3ZA74T),__3ZA74T,01 - Non intersection,03 - P.D. only,06 - SMV unattended vehicle,03 - Snow,01 - Daylight,02 - Wet,10 - No control,,1,0,0,0,,0,,,,,373759.2636,5028419.801,45.39232194,-75.61928335,416
17--10680,10/20/2017,6:45 AM,HIGHWAY 417 btwn HWY417 IC117 RAMP61 & HWY417 IC115 RAMP36 (__3ZA2RZ),__3ZA2RZ,01 - Non intersection,03 - P.D. only,04 - Sideswipe,01 - Clear,03 - Dawn,01 - Dry,10 - No control,,2,0,0,0,,0,,,,,371562.8745,5031422.525,45.41955204,-75.64692489,417
17--10681,10/20/2017,6:51 PM,HUNTMAR DR btwn PALLADIUM DR & MAPLE GROVE RD (__3ZA1EH),__3ZA1EH,04 - At/near private drive,02 - Non-fatal injury,02 - Angle,01 - Clear,05 - Dusk,01 - Dry,10 - No control,,2,0,0,0,01 - Minimal,1,1,,,,349801.9971,5017225.555,45.29354295,-75.92625357,418
17--10682,10/20/2017,7:02 PM,FOURTH LINE RD btwn CALLENDOR RD & DILWORTH RD (__3ZA30J),__3ZA30J,01 - Non intersection,03 - P.D. only,07 - SMV other,01 - Clear,05 - Dusk,01 - Dry,10 - No control,,1,0,0,0,,0,,,,,370267.6773,4995101.008,45.09285831,-75.66825776,419
17--10683,10/20/2017,7:04 PM,MARCH RD @ TERRY FOX DR (0003173),3173,02 - Intersection related,03 - P.D. only,99 - Other,01 - Clear,07 - Dark,01 - Dry,01 - Traffic signal,01 - Functioning,2,0,0,0,,0,,,,,349864.6086,5023399.27,45.34909166,-75.92489358,420
17--10684,10/20/2017,7:11 PM,TERRY FOX DR btwn PALLADIUM DR & MAPLE GROVE RD (__3ZA3DN),__3ZA3DN,01 - Non intersection,03 - P.D. only,03 - Rear end,01 - Clear,07 - Dark,01 - Dry,10 - No control,,3,0,0,0,,0,,,,,351486.8515,5017939.091,45.29985362,-75.90470673,421
17--10685,10/20/2017,7:20 PM,HWY417 IC104 RAMP16 btwn ANDERSON RD & HIGHWAY 417 (__3ZAY0F),__3ZAY0F,01 - Non intersection,03 - P.D. only,07 - SMV other,01 - Clear,07 - Dark,01 - Dry,10 - No control,,1,0,0,0,,0,,,,,380153.5719,5025993.471,45.36983255,-75.53799954,422
17--10686,10/20/2017,7:33 AM,FIFTH LINE RD btwn GREENLAND RD & BERRY SIDE RD (__3ZAC25),__3ZAC25,01 - Non intersection,03 - P.D. only,07 - SMV other,01 - Clear,01 - Daylight,01 - Dry,10 - No control,,1,0,0,0,,0,,,,,346975.4311,5030545.023,45.41357044,-75.96115259,423
17--10687,10/20/2017,7:58 PM,BEECH ST @ CHAMPAGNE AVE (0005614),5614,03 - At intersection,02 - Non-fatal injury,07 - SMV other,01 - Clear,07 - Dark,01 - Dry,02 - Stop sign,02 - Not functioning,1,0,0,1,02 - Minor,1,,1,,,366466.7014,5029178.752,45.39983094,-75.71231643,424
17--10688,10/20/2017,8:00 AM,FLINTRIDGE CRES btwn BRIDLE PARK DR & BRIDLE PARK DR (__4LVKKU),__4LVKKU,04 - At/near private drive,03 - P.D. only,06 - SMV unattended vehicle,01 - Clear,01 - Daylight,01 - Dry,10 - No control,,1,0,0,0,,0,,,,,356040.0222,5016353.947,45.28527288,-75.84681767,425
17--10689,10/20/2017,8:13 AM,EARL MULLIGAN DR @ WOODROFFE AVE (0000591),591,02 - Intersection related,03 - P.D. only,03 - Rear end,01 - Clear,01 - Daylight,01 - Dry,01 - Traffic signal,01 - Functioning,2,0,0,0,,0,,,,,365250.7012,5017505.646,45.29490402,-75.72927403,426
17--1069,1/27/2017,3:45 PM,TRIM RD @ DAIRY DR/TAYLOR CREEK DR (0012921),12921,03 - At intersection,03 - P.D. only,02 - Angle,01 - Clear,01 - Daylight,01 - Dry,11 - Roundabout,01 - Functioning,2,0,0,0,,0,,,,,384534.5046,5039596.484,45.49173577,-75.47987645,427
17--10690,10/20/2017,8:18 PM,MONTREAL RD btwn MONA AVE & LAFONTAINE AVE (__3ZA2GN),__3ZA2GN,01 - Non intersection,03 - P.D. only,07 - SMV other,01 - Clear,07 - Dark,01 - Dry,10 - No control,,1,0,1,0,,0,,,,,370814.7293,5033469.132,45.43803753,-75.65620906,428
17--10691,10/20/2017,8:20 AM,FALLOWFIELD RD btwn HWY416 IC66 RAMP62 & STRANDHERD DR (__3ZAZYX),__3ZAZYX,01 - Non intersection,03 - P.D. only,03 - Rear end,01 - Clear,01 - Daylight,01 - Dry,10 - No control,,4,0,0,0,,0,,,,,360555.2099,5014932.032,45.2721347,-75.78942429,429
17--10692,10/20/2017,8:29 AM,ESSON ST @ HUNT CLUB RD (0002152),2152,03 - At intersection,03 - P.D. only,03 - Rear end,01 - Clear,01 - Daylight,01 - Dry,02 - Stop sign,01 - Functioning,2,0,0,0,,0,,,,,374640.2808,5025906.164,45.3696181,-75.60838834,430
17--10693,10/20/2017,8:30 AM,HIGHWAY 417 btwn HWY417 IC169 RAMP35 & HWY417 IC169 RAMP25 (__5SO7MP),__5SO7MP,01 - Non intersection,03 - P.D. only,07 - SMV other,01 - Clear,01 - Daylight,01 - Dry,10 - No control,,1,0,0,0,,0,,,,,325638.4185,5024703.566,45.36196673,-76.23400358,431
17--10694,10/20/2017,8:45 AM,CONROY RD @ HUNT CLUB RD (0002257),2257,02 - Intersection related,03 - P.D. only,04 - Sideswipe,01 - Clear,01 - Daylight,01 - Dry,01 - Traffic signal,01 - Functioning,2,0,0,0,,0,,,,,373764.2134,5025404.759,45.36519343,-75.61964125,432
17--10695,10/20/2017,8:57 AM,ABBEYHILL DR @ EAGLESON RD (0003404),3404,02 - Intersection related,03 - P.D. only,03 - Rear end,01 - Clear,01 - Daylight,01 - Dry,01 - Traffic signal,01 - Functioning,2,0,0,0,,0,,,,,353827.5656,5018035.013,45.30055729,-75.87485308,433
17--10696,10/20/2017,9:09 AM,ALASKEN DR @ KELLY FARM DR (0014135),14135,02 - Intersection related,02 - Non-fatal injury,02 - Angle,01 - Clear,01 - Daylight,01 - Dry,02 - Stop sign,01 - Functioning,2,1,0,0,02 - Minor,1,,1,,,375434.606,5019917.441,45.31565455,-75.59910396,434
17--10697,10/20/2017,9:48 PM,STITTSVILLE MAIN ST @ HAZELDEAN RD (0000050),50,02 - Intersection related,03 - P.D. only,03 - Rear end,01 - Clear,07 - Dark,01 - Dry,01 - Traffic signal,01 - Functioning,2,0,0,0,,0,,,,,349558.8715,5014878.954,45.27244299,-75.92956476,435
17--10698,10/20/2017,9:49 AM,JASMINE CRES S @ OGILVIE RD (0009282),9282,03 - At intersection,02 - Non-fatal injury,02 - Angle,01 - Clear,01 - Daylight,01 - Dry,02 - Stop sign,01 - Functioning,2,0,0,0,02 - Minor,2,,2,,,375355.4047,5033721.88,45.43986815,-75.59814156,436
17--10699,10/20/2017,9:50 AM,ISLAND PARK DR @ SCOTT ST (0002126),2126,02 - Intersection related,03 - P.D. only,03 - Rear end,01 - Clear,01 - Daylight,01 - Dry,01 - Traffic signal,01 - Functioning,2,0,0,0,,0,,,,,363833.6895,5029040.554,45.39881443,-75.74596206,437
17--107,1/4/2017,10:00 AM,HURON AVE   N btwn SCOTT ST & SPENCER ST (__3ZA06K),__3ZA06K,01 - Non intersection,03 - P.D. only,06 - SMV unattended vehicle,03 - Snow,01 - Daylight,03 - Loose snow,10 - No control,,1,0,0,0,,0,,,,,364675.8582,5029531.82,45.40316322,-75.73514635,438
17--1070,1/27/2017,3:50 PM,BRONSON AVE @ FIFTH AVE/MADAWASKA DR (0006977),6977,02 - Intersection related,03 - P.D. only,04 - Sideswipe,01 - Clear,01 - Daylight,02 - Wet,01 - Traffic signal,01 - Functioning,2,0,0,0,,0,,,,,367612.6198,5028938.554,45.39756784,-75.69771135,439
17--10700,10/20/2017,9:50 AM,HWY417 IC104 RAMP51 btwn HIGHWAY 417 & ANDERSON RD (__3ZAY0C),__3ZAY0C,01 - Non intersection,03 - P.D. only,07 - SMV other,01 - Clear,01 - Daylight,01 - Dry,10 - No control,,1,0,0,0,,0,,,,,379852.8547,5025886.195,45.36889962,-75.5418544,440
17--10701,10/21/2017,1:00 PM,HWY417 IC118 RAMP52 btwn HWY417 IC118 RAMP57 & HWY417 IC118 RAMP62 (__6KCF0O),__6KCF0O,01 - Non intersection,03 - P.D. only,03 - Rear end,01 - Clear,01 - Daylight,01 - Dry,10 - No control,,2,0,0,0,,0,,,,,369308.1312,5030892.049,45.41499054,-75.67580168,441
17--10702,10/21/2017,1:13 PM,TERRY FOX DR @ PALLADIUM DR/KATIMAVIK RD (0011858),11858,02 - Intersection related,02 - Non-fatal injury,03 - Rear end,01 - Clear,01 - Daylight,01 - Dry,01 - Traffic signal,01 - Functioning,3,0,0,0,02 - Minor,1,,1,,,351269.2401,5018182.014,45.30205393,-75.90745852,442
17--10703,10/21/2017,1:27 PM,OLD SECOND LINE RD @ TERRY FOX DR (0013616),13616,02 - Intersection related,03 - P.D. only,03 - Rear end,01 - Clear,01 - Daylight,01 - Dry,01 - Traffic signal,01 - Functioning,2,0,0,0,,0,,,,,348795.2,5022408.413,45.34024358,-75.93862864,443
17--10704,10/21/2017,1:32 PM,ALBERNI ST btwn SUNRIDGE LANE & DEEVY ST (__3ZA5KB),__3ZA5KB,04 - At/near private drive,03 - P.D. only,06 - SMV unattended vehicle,01 - Clear,01 - Daylight,01 - Dry,10 - No control,,1,0,0,0,,0,,,,,363573.5817,5015455.541,45.27659946,-75.75089771,444
17--10705,10/21/2017,1:50 PM,BLAIR RD btwn MONTREAL RD & SEGUIN ST (__3ZA2E2),__3ZA2E2,04 - At/near private drive,03 - P.D. only,02 - Angle,01 - Clear,01 - Daylight,01 - Dry,10 - No control,,2,0,0,0,,0,,,,,374024.0213,5034426.443,45.44634051,-75.61505849,445
17--10706,10/21/2017,1:53 PM,WALKLEY RD btwn HERON RD & HOLLY LANE (__3ZA1V8),__3ZA1V8,01 - Non intersection,02 - Non-fatal injury,04 - Sideswipe,01 - Clear,01 - Daylight,01 - Dry,10 - No control,,2,1,0,0,02 - Minor,1,,1,,,372181.9762,5027035.496,45.38002006,-75.63961443,446
17--10707,10/21/2017,10:05 AM,RIVERSIDE DR btwn OLD RIVERSIDE DR & RIVERGATE WAY (__3ZA36N),__3ZA36N,01 - Non intersection,03 - P.D. only,03 - Rear end,01 - Clear,01 - Daylight,01 - Dry,10 - No control,,2,0,0,0,,0,,,,,368104.7714,5023343.192,45.3471779,-75.69214299,447
17--10708,10/21/2017,10:24 PM,HAMILTON AVE   N btwn ARMSTRONG ST & WELLINGTON ST W (__3ZA05N),__3ZA05N,01 - Non intersection,03 - P.D. only,02 - Angle,01 - Clear,07 - Dark,01 - Dry,10 - No control,,2,0,0,0,,0,,,,,365028.073,5029344.462,45.4014472,-75.73067045,448
17--10529,10/17/2017,1:01 PM,LAURIER AVE @ NICHOLAS ST (0010711),10711,02 - Intersection related,03 - P.D. only,04 - Sideswipe,01 - Clear,01 - Daylight,01 - Dry,01 - Traffic signal,01 - Functioning,2,0,0,0,,0,,,,,368373.6367,5031798.27,45.42322994,-75.68762326,449
17--10359,10/11/2017,2:50 PM,MARCH VALLEY RD btwn TERRY FOX DR & TO BE DETERMINED (__4BPEHM),__4BPEHM,01 - Non intersection,03 - P.D. only,07 - SMV other,01 - Clear,01 - Daylight,01 - Dry,10 - No control,,1,0,0,0,,0,,,,,350806.2022,5023870.643,45.35327203,-75.9128339,450
17--1053,1/27/2017,1:45 PM,BRONSON AVE @ POWELL AVE (0007212),7212,02 - Intersection related,03 - P.D. only,04 - Sideswipe,01 - Clear,01 - Daylight,01 - Dry,01 - Traffic signal,00 - Unknown,2,0,0,0,,0,,,,,367387.8789,5029476.121,45.40242484,-75.70051341,451
17--10090,10/3/2017,3:54 PM,BLACKBURN BYPASS EB btwn NAVAN RD & INNES RD E (__3ZA3JA),__3ZA3JA,01 - Non intersection,03 - P.D. only,02 - Angle,01 - Clear,01 - Daylight,01 - Dry,10 - No control,,2,0,0,0,,0,,,,,379783.0047,5033683.204,45.43905934,-75.54156039,452
17--10004,9/30/2017,7:45 PM,BANK ST @ RANDALL AVE (0007207),7207,02 - Intersection related,03 - P.D. only,03 - Rear end,01 - Clear,07 - Dark,01 - Dry,01 - Traffic signal,01 - Functioning,2,0,0,0,,0,,,,,369739.6735,5027282.558,45.38247369,-75.67076381,453
17--10709,10/21/2017,10:46 AM,HWY417 IC131 RAMP66 btwn HWY417 IC130 RAMP36 & HWY417 IC131 RAMP63 (__3ZA1SX),__3ZA1SX,01 - Non intersection,03 - P.D. only,04 - Sideswipe,01 - Clear,01 - Daylight,01 - Dry,10 - No control,,2,0,0,0,,0,,,,,358513.0038,5022907.102,45.34405409,-75.81458506,454
17--1036,1/26/2017,5:25 PM,HIGHWAY 417 btwn HWY417 IC124 RAMP76 & HWY417 IC124 RAMP67 (__3ZA2R7),__3ZA2R7,01 - Non intersection,03 - P.D. only,04 - Sideswipe,01 - Clear,05 - Dusk,01 - Dry,10 - No control,,2,0,0,0,,0,,,,,364175.177,5027218.04,45.3823869,-75.74181992,455
17--10264,10/7/2017,5:20 PM,GRANT CARMAN DR @ MEADOWLANDS DR (0001111),1111,03 - At intersection,02 - Non-fatal injury,05 - Turning movement,01 - Clear,01 - Daylight,01 - Dry,01 - Traffic signal,01 - Functioning,2,0,0,0,02 - Minor,1,,1,,,365051.6941,5023902.054,45.35247538,-75.7310328,456
17--10091,10/3/2017,4:05 PM,FLOWER AVE @ WOODROFFE AVE (0002757),2757,03 - At intersection,02 - Non-fatal injury,05 - Turning movement,01 - Clear,01 - Daylight,01 - Dry,02 - Stop sign,01 - Functioning,2,1,0,0,01 - Minimal,1,1,,,,361812.2266,5026114.985,45.37265802,-75.77211802,457
17--10092,10/3/2017,4:27 PM,HAZELDEAN RD btwn JINKINSON RD/HAZELDEAN IC RAMP 62 & KITTIWAKE DR (__7JQ7JL),__7JQ7JL,01 - Non intersection,03 - P.D. only,03 - Rear end,01 - Clear,01 - Daylight,01 - Dry,10 - No control,,3,0,0,0,,0,,,,,348446.442,5013825.99,45.26303795,-75.94383412,458
17--10093,10/3/2017,5:05 PM,HIGHWAY 417 btwn HWY417 IC104 RAMP15 & HWY417 IC96 RAMP51 (__3ZA2W4),__3ZA2W4,01 - Non intersection,03 - P.D. only,03 - Rear end,01 - Clear,01 - Daylight,01 - Dry,10 - No control,,2,0,0,0,,0,,,,,384871.5621,5024984.37,45.36023032,-75.47794024,459
17--10094,10/3/2017,5:12 PM,BANK ST @ THIRD AVE (0007230),7230,02 - Intersection related,03 - P.D. only,03 - Rear end,01 - Clear,01 - Daylight,01 - Dry,01 - Traffic signal,01 - Functioning,2,0,0,0,,0,,,,,368337.305,5029552.723,45.40302855,-75.68837695,460
17--10095,10/3/2017,5:42 PM,FALLOWFIELD RD @ WOODROFFE AVE (0010372),10372,02 - Intersection related,03 - P.D. only,03 - Rear end,01 - Clear,01 - Daylight,01 - Dry,01 - Traffic signal,01 - Functioning,2,0,0,0,,0,,,,,365084.6036,5017902.644,45.29849046,-75.73134326,461
17--10096,10/3/2017,5:47 PM,EAGLESON RD btwn FALLOWFIELD RD & AKINS RD (__3ZA418),__3ZA418,01 - Non intersection,02 - Non-fatal injury,07 - SMV other,01 - Clear,01 - Daylight,01 - Dry,10 - No control,,1,0,0,0,02 - Minor,1,,1,,,355963.8685,5012589.366,45.2514039,-75.84817622,462
17--10097,10/3/2017,6:00 PM,KING EDWARD AVE @ WILBROD ST (0002259),2259,02 - Intersection related,03 - P.D. only,06 - SMV unattended vehicle,01 - Clear,05 - Dusk,01 - Dry,01 - Traffic signal,00 - Unknown,1,0,0,0,,0,,,,,368675.3869,5032139.35,45.42627136,-75.6837235,463
17--10098,10/3/2017,7:00 PM,ELGIN ST @ WELLINGTON ST W (0002113),2113,02 - Intersection related,03 - P.D. only,05 - Turning movement,01 - Clear,05 - Dusk,01 - Dry,01 - Traffic signal,01 - Functioning,2,0,0,0,,0,,,,,367665.2503,5031876.485,45.42399771,-75.6966645,464
17--10099,10/3/2017,7:34 PM,CARLING AVE @ KIRKWOOD AVE N (0002358),2358,03 - At intersection,02 - Non-fatal injury,05 - Turning movement,01 - Clear,07 - Dark,01 - Dry,01 - Traffic signal,01 - Functioning,2,0,0,0,02 - Minor,1,,1,,,364276.1927,5027492.627,45.38484902,-75.74049705,465
17--101,1/3/2017,9:22 PM,HIGHWAY 417 btwn HWY417 IC115 RAMP51 & HWY417 IC115 RAMP35 (__3ZAZEB),__3ZAZEB,01 - Non intersection,03 - P.D. only,04 - Sideswipe,04 - Freezing Rain,07 - Dark,04 - Slush,10 - No control,,2,0,0,0,,0,,,,,372354.6855,5031488.202,45.42006697,-75.63679952,466
17--1010,1/25/2017,6:28 PM,WOODROFFE AVE btwn 260 N OF FALLOWFIELD RD/TRANSITWAY & FALLOWFIELD RD (__3ZA3IOB),__3ZA3IOB,05 - At railway crossing,03 - P.D. only,03 - Rear end,01 - Clear,07 - Dark,02 - Wet,08 - Traffic gate,01 - Functioning,2,0,0,0,,0,,,,,365011.3795,5018092.261,45.3002029,-75.73225379,467
17--10100,10/3/2017,7:41 AM,BASELINE RD @ GREENBANK RD (0002357),2357,02 - Intersection related,03 - P.D. only,03 - Rear end,01 - Clear,01 - Daylight,01 - Dry,01 - Traffic signal,01 - Functioning,2,0,0,0,,0,,,,,360597.2109,5022584.737,45.34099076,-75.78802753,468
17--10101,10/3/2017,7:44 AM,CARLING AVE @ FAIRLAWN AVE/WOODROFFE AVE E (0002393),2393,02 - Intersection related,02 - Non-fatal injury,03 - Rear end,01 - Clear,01 - Daylight,01 - Dry,01 - Traffic signal,01 - Functioning,3,0,0,0,02 - Minor,3,,3,,,361934.6841,5025830.528,45.37008852,-75.77058762,469
17--10102,10/3/2017,7:44 PM,MAITLAND AVE/HWY 417 MAITLAND IC126R53 @ HWY 4 (0008229),8229,03 - At intersection,02 - Non-fatal injury,05 - Turning movement,01 - Clear,07 - Dark,01 - Dry,01 - Traffic signal,01 - Functioning,2,0,0,0,02 - Minor,2,,2,,,363229.9006,5025774.571,45.36947824,-75.7540602,470
17--10103,10/3/2017,7:47 AM,INNES RD btwn BLAIR RD & ANDERSON RD (__3ZA3JZ),__3ZA3JZ,01 - Non intersection,03 - P.D. only,03 - Rear end,01 - Clear,01 - Daylight,01 - Dry,10 - No control,,2,0,0,0,,0,,,,,375667.9649,5031494.43,45.41979524,-75.59446738,471
17--10104,10/3/2017,7:55 AM,CARP RD @ LLOYDALEX CRES (0001684),1684,02 - Intersection related,03 - P.D. only,03 - Rear end,01 - Clear,01 - Daylight,01 - Dry,02 - Stop sign,01 - Functioning,2,0,0,0,,0,,,,,347914.984,5015244.009,45.2758306,-75.95048281,472
17--10105,10/3/2017,8:25 AM,HERON RD @ BAYCREST DR (0007191),7191,03 - At intersection,02 - Non-fatal injury,05 - Turning movement,01 - Clear,01 - Daylight,01 - Dry,01 - Traffic signal,01 - Functioning,2,1,0,0,02 - Minor,1,,1,,,371143.7293,5026979.545,45.37961572,-75.65287762,473
17--10106,10/3/2017,9:00 AM,HIGHWAY 417 btwn HIGHWAY 417 & HWY417 IC129 RAMP51 (__3ZA290),__3ZA290,01 - Non intersection,03 - P.D. only,04 - Sideswipe,01 - Clear,01 - Daylight,01 - Dry,10 - No control,,2,0,0,0,,0,,,,,360036.2772,5023220.356,45.34675445,-75.79511352,474
17--10107,10/3/2017,9:10 AM,BASELINE RD @ ZENA ST (0002730),2730,02 - Intersection related,03 - P.D. only,03 - Rear end,01 - Clear,01 - Daylight,01 - Dry,02 - Stop sign,00 - Unknown,3,0,0,0,,0,,,,,365628.7859,5025688.703,45.36850152,-75.7234484,475
17--10108,10/3/2017,9:13 PM,CARLING AVE btwn RIFLE RD & DAVIDSON'S SIDE RD (__3ZBOCR),__3ZBOCR,01 - Non intersection,03 - P.D. only,07 - SMV other,01 - Clear,07 - Dark,01 - Dry,10 - No control,,1,0,0,0,,0,,,,,353976.4303,5023368.599,45.34853942,-75.87242533,476
17--10109,10/4/2017,1:00 PM,ALDERGROVE WAY @ OLD PRESCOTT RD (0005864),5864,03 - At intersection,03 - P.D. only,02 - Angle,01 - Clear,01 - Daylight,01 - Dry,02 - Stop sign,01 - Functioning,2,0,0,0,,0,,,,,377677.7537,5014172.776,45.26373722,-75.5713418,477
17--1011,1/25/2017,6:30 AM,SNAKE ISLAND RD @ STAGECOACH RD (0001642),1642,03 - At intersection,03 - P.D. only,02 - Angle,01 - Clear,07 - Dark,02 - Wet,02 - Stop sign,01 - Functioning,2,0,0,0,,0,,,,,378063.8504,5006580.839,45.19538738,-75.56754023,478
17--10110,10/4/2017,1:08 PM,CYRVILLE RD btwn MAXIME ST & INNES RD (__3ZA3RD),__3ZA3RD,04 - At/near private drive,03 - P.D. only,02 - Angle,01 - Clear,01 - Daylight,01 - Dry,10 - No control,,2,0,0,0,,0,,,,,374901.6738,5031165.842,45.41691598,-75.60430439,479
17--10111,10/4/2017,1:14 AM,CAVAN ST btwn CHATELAIN AVE & LEPAGE AVE (__3ZAA6S),__3ZAA6S,01 - Non intersection,03 - P.D. only,06 - SMV unattended vehicle,01 - Clear,07 - Dark,01 - Dry,10 - No control,,1,0,0,0,,0,,,,,364593.9677,5026558.317,45.37641521,-75.73655262,480
17--10112,10/4/2017,1:14 PM,INNES RD btwn BANTREE ST & STAR TOP RD (__3ZA2XP),__3ZA2XP,01 - Non intersection,02 - Non-fatal injury,03 - Rear end,01 - Clear,01 - Daylight,01 - Dry,10 - No control,,2,0,0,0,01 - Minimal,1,1,,,,374060.8406,5030612.462,45.41202068,-75.61512427,481
17--10113,10/4/2017,1:16 PM,BLAIR RD @ OGILVIE RD (0004120),4120,02 - Intersection related,03 - P.D. only,99 - Other,01 - Clear,01 - Daylight,01 - Dry,01 - Traffic signal,01 - Functioning,2,0,0,0,,0,,,,,374506.7204,5033198.575,45.43524488,-75.60906245,482
17--10114,10/4/2017,10:00 AM,CARP RD btwn ECHOWOODS AVE/KITTIWAKE DR & ROTHBOURNE RD (__4YT2RX),__4YT2RX,04 - At/near private drive,03 - P.D. only,03 - Rear end,01 - Clear,01 - Daylight,01 - Dry,10 - No control,,3,0,0,0,,0,,,,,348540.063,5014615.771,45.27013888,-75.94257165,483
17--10115,10/4/2017,10:48 PM,BOISBRIAND CRES btwn CHAMPNEUF DR & CHAMPNEUF DR (__3ZA6DS),__3ZA6DS,01 - Non intersection,02 - Non-fatal injury,06 - SMV unattended vehicle,01 - Clear,07 - Dark,01 - Dry,10 - No control,,1,0,0,0,02 - Minor,2,,2,,,381578.0376,5036068.312,45.4603238,-75.51824722,484
17--10116,10/4/2017,11:35 AM,TRIM RD @ DAIRY DR/TAYLOR CREEK DR (0012921),12921,02 - Intersection related,03 - P.D. only,07 - SMV other,01 - Clear,01 - Daylight,01 - Dry,11 - Roundabout,01 - Functioning,1,0,0,0,,0,,,,,384536.5291,5039594.121,45.49171428,-75.47985094,485
17--10117,10/4/2017,11:39 AM,BASELINE RD @ NAVAHO DR (0003158),3158,02 - Intersection related,03 - P.D. only,03 - Rear end,01 - Clear,01 - Daylight,01 - Dry,01 - Traffic signal,01 - Functioning,2,0,0,0,,0,,,,,363086.2372,5024097.506,45.35440015,-75.7560919,486
17--10118,10/4/2017,12:04 PM,BASELINE RD @ CENTREPOINTE DR W/COBDEN RD (0002108),2108,02 - Intersection related,03 - P.D. only,03 - Rear end,01 - Clear,01 - Daylight,01 - Dry,01 - Traffic signal,01 - Functioning,2,0,0,0,,0,,,,,361633.3696,5023208.284,45.34651824,-75.77473556,487
17--10119,10/4/2017,12:05 PM,DAIRY DR btwn SOUTH FRONTAGE & Continuation of DAIRY DR (__4H5QIJ),__4H5QIJ,01 - Non intersection,03 - P.D. only,01 - Approaching,01 - Clear,01 - Daylight,01 - Dry,10 - No control,,2,0,0,0,,0,,,,,384922.4933,5039819.507,45.49369788,-75.47487692,488
17--1012,1/25/2017,6:56 PM,TERRY FOX DR btwn TILLSONBURG ST & KANATA AVE (__51NOUY),__51NOUY,01 - Non intersection,02 - Non-fatal injury,03 - Rear end,01 - Clear,07 - Dark,02 - Wet,10 - No control,,2,0,0,0,02 - Minor,1,,1,,,349217.3244,5019259.844,45.31188531,-75.93352513,489
17--10120,10/4/2017,12:10 PM,MONTREAL RD @ DUCHARME BLVD/CANTIN ST (0009319),9319,02 - Intersection related,03 - P.D. only,02 - Angle,01 - Clear,01 - Daylight,01 - Dry,01 - Traffic signal,01 - Functioning,2,0,0,0,,0,,,,,371018.3126,5033565.733,45.43888745,-75.65359418,490
17--10121,10/4/2017,12:10 PM,ALBION RD @ MITCH OWENS RD (0004212),4212,02 - Intersection related,02 - Non-fatal injury,03 - Rear end,02 - Rain,01 - Daylight,02 - Wet,01 - Traffic signal,01 - Functioning,2,0,0,0,01 - Minimal,1,1,,,,375906.7541,5014804.449,45.26960206,-75.59381579,491
17--10122,10/4/2017,12:19 AM,BOUNDARY RD @ HWY 417 BOUNDARY IC96R15/51 (0004216),4216,02 - Intersection related,01 - Fatal injury,02 - Angle,02 - Rain,07 - Dark,02 - Wet,02 - Stop sign,01 - Functioning,3,0,0,0,04 - Fatal,3,,1,1,1,387508.8235,5023593.477,45.3474101,-75.4445157,492
17--10123,10/4/2017,12:25 PM,BANK ST @ LEITRIM RD (0004125),4125,02 - Intersection related,03 - P.D. only,03 - Rear end,02 - Rain,01 - Daylight,02 - Wet,01 - Traffic signal,01 - Functioning,2,0,0,0,,0,,,,,375356.7509,5021619.497,45.3309768,-75.59985432,493
17--10124,10/4/2017,12:26 PM,BLAIR RD @ REGIONAL RD 174 N/OR174 IC112 RAMP61 (0003617),3617,02 - Intersection related,03 - P.D. only,03 - Rear end,01 - Clear,01 - Daylight,01 - Dry,01 - Traffic signal,01 - Functioning,2,0,0,0,,0,,,,,374636.3107,5032991.098,45.43336518,-75.60743576,494
17--10125,10/4/2017,2:00 PM,DALY AVE @ CHARLOTTE ST (0007743),7743,02 - Intersection related,03 - P.D. only,06 - SMV unattended vehicle,01 - Clear,01 - Daylight,01 - Dry,02 - Stop sign,00 - Unknown,1,0,0,0,,0,,,,,369335.6098,5032722.364,45.43145649,-75.67521085,495
17--10126,10/4/2017,2:24 PM,BASELINE RD @ FERGUSON ST (0003206),3206,03 - At intersection,02 - Non-fatal injury,07 - SMV other,01 - Clear,01 - Daylight,01 - Dry,01 - Traffic signal,01 - Functioning,1,0,0,1,02 - Minor,1,,1,,,363440.8305,5024315.179,45.35632919,-75.75154079,496
17--10127,10/4/2017,2:25 PM,BASELINE RD @ SANDCASTLE DR (0001122),1122,02 - Intersection related,03 - P.D. only,03 - Rear end,01 - Clear,01 - Daylight,01 - Dry,01 - Traffic signal,01 - Functioning,2,0,0,0,,0,,,,,359629.3738,5021987.493,45.33569306,-75.80044238,497
17--10128,10/4/2017,2:57 PM,BOOTH ST @ SOMERSET ST (0002216),2216,03 - At intersection,03 - P.D. only,07 - SMV other,01 - Clear,01 - Daylight,01 - Dry,01 - Traffic signal,01 - Functioning,1,0,0,0,,0,,,,,366592.1564,5030253.478,45.40948997,-75.71057943,498