Anom_ID,Accident_Date,Accident_Time,Location,Geo_ID,Accident_Location,Classification_of_Accident,Initial_Impact_Type,Environment_Condition,Light,Road_Surface_Condition,Traffic_Control,Traffic_Control_Condition,No__of_Vehicles,No__of_Bicycles,No__of_Motorcycles,No__of_Pedestrians,Max_Injury,No__of_Injuries,No__of_Minimal,No__of_Minor,No__of_Major,No__of_Fatal,X,Y,Latitude,Longitude,ObjectId
17--10129,10/4/2017,3:22 PM,LEES AVE @ ROSEMERE AVE (0007278),7278,02 - Intersection related,03 - P.D. only,04 - Sideswipe,01 - Clear,01 - Daylight,01 - Dry,02 - Stop sign,00 - Unknown,2,0,0,0,,0,,,,,369183.0253,5030662.212,45.41293407,-75.67742998,499
17--1013,1/25/2017,7:16 PM,CARP RD @ HAZELDEAN RD (0000086),86,03 - At intersection,03 - P.D. only,05 - Turning movement,01 - Clear,07 - Dark,02 - Wet,01 - Traffic signal,01 - Functioning,2,0,0,0,,0,,,,,348804.0332,5014359.622,45.26781749,-75.93923045,500
17--10130,10/4/2017,4:00 PM,OLD INNES RD @ BANTREE ST (0007674),7674,03 - At intersection,03 - P.D. only,02 - Angle,01 - Clear,01 - Daylight,01 - Dry,02 - Stop sign,01 - Functioning,2,0,0,0,,0,,,,,373728.674,5030351.911,45.40970917,-75.61940395,501
17--10131,10/4/2017,4:13 PM,WALKLEY RD btwn MELFORT ST & RUSSELL RD (__3ZA2EO),__3ZA2EO,01 - Non intersection,02 - Non-fatal injury,05 - Turning movement,01 - Clear,01 - Daylight,01 - Dry,10 - No control,,2,0,0,0,01 - Minimal,1,1,,,,374556.5816,5028431.73,45.39235031,-75.60909991,502
17--10132,10/4/2017,4:16 PM,HERON RD @ ALTA VISTA DR (0007188),7188,02 - Intersection related,03 - P.D. only,03 - Rear end,01 - Clear,01 - Daylight,01 - Dry,01 - Traffic signal,01 - Functioning,2,0,0,0,,0,,,,,370492.7224,5026902.537,45.37898418,-75.66119947,503
17--10133,10/4/2017,4:23 PM,BLAIR PL btwn OGILVIE RD & END (__3ZA4B6),__3ZA4B6,04 - At/near private drive,03 - P.D. only,05 - Turning movement,01 - Clear,01 - Daylight,01 - Dry,10 - No control,,2,0,0,0,,0,,,,,374848.5757,5033254.905,45.43571754,-75.60468564,504
17--10134,10/4/2017,4:30 PM,HIGHWAY 417 btwn HWY417 IC119A RAMP75 & HWY417 IC118 RAMP57 (__3ZA2R2),__3ZA2R2,01 - Non intersection,03 - P.D. only,03 - Rear end,01 - Clear,01 - Daylight,01 - Dry,10 - No control,,2,0,0,0,,0,,,,,368926.6616,5030685.757,45.41316946,-75.68070193,505
17--10135,10/4/2017,4:46 PM,DWYER HILL RD @ ROGER STEVENS DR (0003690),3690,03 - At intersection,02 - Non-fatal injury,02 - Angle,01 - Clear,01 - Daylight,01 - Dry,02 - Stop sign,01 - Functioning,2,0,0,0,02 - Minor,1,,1,,,354309.9965,4989406.807,45.04291513,-75.87154165,506
17--10136,10/4/2017,4:57 PM,ATHLONE AVE @ SCOTT ST (0006305),6305,03 - At intersection,02 - Non-fatal injury,07 - SMV other,02 - Rain,01 - Daylight,02 - Wet,01 - Traffic signal,01 - Functioning,1,0,0,1,02 - Minor,1,,1,,,363326.0488,5028732.997,45.3960897,-75.7524821,507
17--10137,10/4/2017,5:06 PM,CHARLTON DR btwn LOTUS ST & MATHESON RD (__3ZBO2H),__3ZBO2H,01 - Non intersection,03 - P.D. only,07 - SMV other,02 - Rain,01 - Daylight,02 - Wet,10 - No control,,1,0,0,0,,0,,,,,373198.1252,5033132.486,45.43477947,-75.62579511,508
17--10138,10/4/2017,5:12 PM,ALTA VISTA DR @ KILBORN AVE (0008082),8082,02 - Intersection related,03 - P.D. only,03 - Rear end,01 - Clear,01 - Daylight,01 - Dry,01 - Traffic signal,00 - Unknown,3,0,0,0,,0,,,,,370365.2497,5027752.723,45.3866458,-75.66271402,509
17--10139,10/4/2017,5:21 PM,KANATA AVE @ HWY 417 CASTLEFR IC139R15 (0012626),12626,02 - Intersection related,03 - P.D. only,03 - Rear end,02 - Rain,01 - Daylight,02 - Wet,01 - Traffic signal,01 - Functioning,2,0,0,0,,0,,,,,351715.3989,5019145.144,45.31069076,-75.90167857,510
17--1014,1/25/2017,7:29 AM,ALLENBY RD @ AYTON LANE (0003481),3481,02 - Intersection related,03 - P.D. only,07 - SMV other,03 - Snow,03 - Dawn,03 - Loose snow,02 - Stop sign,01 - Functioning,1,0,0,0,,0,,,,,349519.6144,5023314.387,45.34834994,-75.92930379,511
17--10140,10/4/2017,5:36 PM,WOODROFFE AVE btwn KNOXDALE RD/MEDHURST DR & NORICE ST (__3ZA3JO),__3ZA3JO,01 - Non intersection,03 - P.D. only,03 - Rear end,02 - Rain,01 - Daylight,02 - Wet,10 - No control,,3,0,0,0,,0,,,,,363268.0517,5022212.955,45.33742799,-75.75399437,512
17--10141,10/4/2017,5:45 PM,HWY 417 MAITLAND IC126R26/62 @ MAITLAND AVE (0008228),8228,03 - At intersection,03 - P.D. only,05 - Turning movement,02 - Rain,01 - Daylight,02 - Wet,01 - Traffic signal,01 - Functioning,2,0,0,0,,0,,,,,363145.821,5025983.305,45.37136341,-75.75510885,513
17--10142,10/4/2017,5:45 PM,MARCH RD @ TERRY FOX DR (0003173),3173,02 - Intersection related,03 - P.D. only,04 - Sideswipe,01 - Clear,01 - Daylight,01 - Dry,01 - Traffic signal,01 - Functioning,2,0,0,0,,0,,,,,349864.0622,5023398.416,45.34908401,-75.92490063,514
17--10143,10/4/2017,6:29 AM,RUSSELL RD btwn MILTON RD & SAND RD (__3ZA3XZ),__3ZA3XZ,01 - Non intersection,03 - P.D. only,07 - SMV other,01 - Clear,07 - Dark,01 - Dry,10 - No control,,1,0,0,0,,0,,,,,390665.2998,5025725.768,45.36621504,-75.4038714,515
17--10144,10/4/2017,6:38 AM,RUSSELL RD btwn MILTON RD & SAND RD (__3ZA3XZ),__3ZA3XZ,01 - Non intersection,03 - P.D. only,07 - SMV other,01 - Clear,03 - Dawn,01 - Dry,10 - No control,,1,0,0,0,,0,,,,,390824.9513,5025794.507,45.36681391,-75.40182174,516
17--10145,10/4/2017,7:00 AM,HIGHWAY 7 btwn HWY 7 HAZELDEAN RD IC RAMP 34 & HAZELDEAN RD IC RAMP 63 (__7JQ7KU),__7JQ7KU,01 - Non intersection,02 - Non-fatal injury,04 - Sideswipe,01 - Clear,03 - Dawn,01 - Dry,10 - No control,,2,0,0,0,02 - Minor,1,,1,,,346372.0515,5012507.576,45.25129994,-75.97037623,517
17--10146,10/4/2017,7:10 AM,CARLING AVE @ BAYSHORE DR/BIRCHDALE AVE (0000021),21,02 - Intersection related,03 - P.D. only,03 - Rear end,01 - Clear,01 - Daylight,01 - Dry,01 - Traffic signal,01 - Functioning,2,0,0,0,,0,,,,,359005.2497,5023990.94,45.35376862,-75.80818533,518
17--10147,10/4/2017,7:32 PM,WOODROFFE AVE btwn KNOXDALE RD/MEDHURST DR & MAJESTIC DR (__3ZA3JL),__3ZA3JL,01 - Non intersection,03 - P.D. only,03 - Rear end,01 - Clear,07 - Dark,02 - Wet,10 - No control,,3,0,0,0,,0,,,,,363477.8834,5021687.791,45.33268508,-75.75137958,519
17--10148,10/4/2017,8:20 PM,MONTREAL RD btwn CODY AVE & OLMSTEAD ST (__3ZA3LX),__3ZA3LX,01 - Non intersection,02 - Non-fatal injury,03 - Rear end,01 - Clear,07 - Dark,01 - Dry,10 - No control,,2,0,0,0,02 - Minor,1,,1,,,370287.5261,5033188.007,45.43555766,-75.66298437,520
17--10149,10/4/2017,8:30 AM,BANK ST @ MCLEOD ST (0007255),7255,03 - At intersection,02 - Non-fatal injury,07 - SMV other,01 - Clear,01 - Daylight,01 - Dry,02 - Stop sign,01 - Functioning,1,0,0,1,03 - Major,1,,,1,,367949.8277,5030488.052,45.41147941,-75.69320628,521
17--1015,1/25/2017,7:43 PM,CUMBERLAND ST btwn CLARENCE ST & YORK ST (__3ZA7AT),__3ZA7AT,01 - Non intersection,02 - Non-fatal injury,07 - SMV other,01 - Clear,07 - Dark,01 - Dry,10 - No control,,1,0,0,1,01 - Minimal,1,1,,,,368249.2282,5032545.938,45.42996848,-75.68911654,522
17--10150,10/4/2017,8:38 PM,CEDARVIEW RD @ WEST HUNT CLUB RD (0010267),10267,02 - Intersection related,03 - P.D. only,03 - Rear end,01 - Clear,07 - Dark,01 - Dry,01 - Traffic signal,01 - Functioning,2,0,0,0,,0,,,,,359719.2239,5019553.385,45.31378384,-75.79956606,523
17--10151,10/4/2017,8:58 PM,BAY ST btwn SLATER ST & LAURIER AVE W (__3ZA0XO),__3ZA0XO,01 - Non intersection,03 - P.D. only,06 - SMV unattended vehicle,02 - Rain,07 - Dark,02 - Wet,10 - No control,,1,0,0,0,,0,,,,,367022.8711,5031016.744,45.41631946,-75.70498105,524
17--10152,10/4/2017,9:09 AM,RICHMOND RD @ WEST HUNT CLUB RD (0000598),598,02 - Intersection related,03 - P.D. only,03 - Rear end,01 - Clear,01 - Daylight,01 - Dry,01 - Traffic signal,00 - Unknown,2,0,0,0,,0,,,,,357146.7402,5018151.369,45.3013648,-75.83252103,525
17--10153,10/4/2017,9:10 AM,PENNARD WAY btwn BINBURY WAY & INVERKIP AVE (2) (__4LVNSS),__4LVNSS,04 - At/near private drive,03 - P.D. only,06 - SMV unattended vehicle,01 - Clear,01 - Daylight,01 - Dry,10 - No control,,1,0,0,0,,0,,,,,372634.8422,5025647.628,45.36748887,-75.63402316,526
17--10154,10/4/2017,9:21 PM,ARCH ST @ CANTERBURY AVE (0008922),8922,02 - Intersection related,03 - P.D. only,03 - Rear end,01 - Clear,07 - Dark,02 - Wet,02 - Stop sign,01 - Functioning,2,0,0,0,,0,,,,,372876.1832,5028056.353,45.38913819,-75.63061048,527
17--10155,10/4/2017,9:50 PM,BANK ST @ CATHERINE ST (0002708),2708,02 - Intersection related,03 - P.D. only,03 - Rear end,01 - Clear,07 - Dark,02 - Wet,01 - Traffic signal,01 - Functioning,2,0,0,0,,0,,,,,368039.7054,5030267.335,45.40948535,-75.69208644,528
17--10156,10/5/2017,1:05 PM,CAMBRIDGE ST    N btwn SOMERSET ST W & CHRISTIE ST (__3ZA0WR),__3ZA0WR,04 - At/near private drive,03 - P.D. only,05 - Turning movement,01 - Clear,01 - Daylight,01 - Dry,10 - No control,,2,0,0,0,,0,,,,,366956.6224,5030293.677,45.4098194,-75.70591861,529
17--10157,10/5/2017,1:12 PM,DONALD ST @ ST. LAURENT BLVD (0008630),8630,02 - Intersection related,03 - P.D. only,04 - Sideswipe,01 - Clear,01 - Daylight,01 - Dry,01 - Traffic signal,00 - Unknown,2,0,0,0,,0,,,,,372093.7129,5032473.295,45.42895553,-75.63999922,530
17--10158,10/5/2017,1:12 PM,AURIGA DR @ DEAKIN ST (0000179),179,02 - Intersection related,03 - P.D. only,04 - Sideswipe,01 - Clear,01 - Daylight,01 - Dry,02 - Stop sign,00 - Unknown,2,0,0,0,,0,,,,,367145.2598,5021590.041,45.3314893,-75.7046074,531
17--10159,10/5/2017,1:25 PM,EAGLESON RD @ PALOMINO DR N (0003687),3687,02 - Intersection related,03 - P.D. only,03 - Rear end,01 - Clear,01 - Daylight,01 - Dry,01 - Traffic signal,01 - Functioning,2,0,0,0,,0,,,,,354009.4945,5017577.93,45.29643164,-75.87257882,532
17--1016,1/25/2017,8:00 PM,HWY 417 WOODROFF IC127R62 @ WOODROFFE AVE (0002349),2349,02 - Intersection related,03 - P.D. only,03 - Rear end,03 - Snow,07 - Dark,04 - Slush,03 - Yield sign,01 - Functioning,2,0,0,0,,0,,,,,362052.6327,5025018.939,45.36277629,-75.76917599,533
17--10160,10/5/2017,1:45 PM,CARDEVCO RD @ CARP RD (0005697),5697,02 - Intersection related,03 - P.D. only,03 - Rear end,01 - Clear,01 - Daylight,01 - Dry,02 - Stop sign,00 - Unknown,2,0,0,0,,0,,,,,345929.6531,5017478.004,45.29605191,-75.97560034,534
17--10161,10/5/2017,10:58 PM,MEADOWLANDS DR @ MERIVALE RD (0000625),625,03 - At intersection,03 - P.D. only,05 - Turning movement,01 - Clear,07 - Dark,01 - Dry,01 - Traffic signal,00 - Unknown,2,0,0,0,,0,,,,,364859.6467,5023726.694,45.35091398,-75.7335049,535
17--10162,10/5/2017,11:29 AM,BASELINE RD @ GREENBANK RD (0002357),2357,02 - Intersection related,03 - P.D. only,03 - Rear end,01 - Clear,01 - Daylight,01 - Dry,01 - Traffic signal,01 - Functioning,2,0,0,0,,0,,,,,360597.6843,5022585.593,45.34099843,-75.78802139,536
17--10163,10/5/2017,11:55 AM,MAJESTIC DR @ WOODROFFE AVE (0000562),562,02 - Intersection related,03 - P.D. only,03 - Rear end,01 - Clear,01 - Daylight,01 - Dry,01 - Traffic signal,01 - Functioning,2,0,0,0,,0,,,,,363528.6967,5021573.499,45.33165244,-75.75074491,537
17--10164,10/5/2017,Unknown,PRINCE ALBERT ST btwn NAUGHTON ST & FRANCES ST (__3ZA8J6),__3ZA8J6,01 - Non intersection,03 - P.D. only,06 - SMV unattended vehicle,01 - Clear,00 - Unknown,02 - Wet,10 - No control,,1,0,0,0,,0,,,,,371461.2013,5032011.384,45.42486003,-75.64814421,538
17--10165,10/5/2017,12:13 PM,RIVERSIDE DR NB btwn RIVERSIDE DR SPLIT & DATA CENTRE RD (__5FDUZU),__5FDUZU,04 - At/near private drive,03 - P.D. only,03 - Rear end,01 - Clear,01 - Daylight,01 - Dry,10 - No control,,2,0,0,0,,0,,,,,368754.2796,5027538.027,45.38486298,-75.68331224,539
17--10166,10/5/2017,12:31 AM,RAMSAYVILLE RD btwn RIDGE RD & RUSSELL RD (__3ZA2B5),__3ZA2B5,01 - Non intersection,03 - P.D. only,03 - Rear end,01 - Clear,07 - Dark,01 - Dry,10 - No control,,2,0,0,0,,0,,,,,377198.8689,5027553.166,45.3841773,-75.57548701,540
17--10167,10/5/2017,12:40 PM,BOBOLINK RDG @ ROBERT GRANT AVE (0014790),14790,03 - At intersection,03 - P.D. only,02 - Angle,01 - Clear,01 - Daylight,01 - Dry,11 - Roundabout,01 - Functioning,2,0,0,0,,0,,,,,352491.9493,5014662.718,45.27030442,-75.89220658,541
17--10168,10/5/2017,2:12 PM,BANK ST @ KINGSDALE AVE (0009261),9261,03 - At intersection,03 - P.D. only,02 - Angle,01 - Clear,01 - Daylight,01 - Dry,02 - Stop sign,01 - Functioning,2,0,0,0,,0,,,,,373269.2902,5023501.065,45.34811324,-75.6262221,542
17--1071,1/27/2017,3:56 PM,HIGHWAY 417 btwn HWY417 IC127 RAMP25 & HWY417 IC126 RAMP51 (__3ZA2XA),__3ZA2XA,01 - Non intersection,03 - P.D. only,03 - Rear end,03 - Snow,01 - Daylight,02 - Wet,10 - No control,,3,0,0,0,,0,,,,,363141.1621,5025790.362,45.36962772,-75.75519111,543
17--10710,10/21/2017,10:53 AM,DORIMA ST @ INNES RD (0012920),12920,03 - At intersection,02 - Non-fatal injury,02 - Angle,01 - Clear,01 - Daylight,01 - Dry,02 - Stop sign,01 - Functioning,2,0,0,0,01 - Minimal,2,2,,,,384313.0193,5036322.41,45.46230403,-75.48323964,544
17--10005,9/30/2017,8:20 PM,BRONSON AVE @ CATHERINE ST/RAYMOND ST (0007198),7198,02 - Intersection related,03 - P.D. only,04 - Sideswipe,01 - Clear,07 - Dark,01 - Dry,01 - Traffic signal,01 - Functioning,2,0,0,0,,0,,,,,367253.8014,5029795.474,45.40531026,-75.70218548,545
17--10711,10/21/2017,11:10 AM,HWY417 IC126 RAMP61 btwn HWY417 IC126 RAMP63 & HIGHWAY 417 (__3ZAY5Y),__3ZAY5Y,01 - Non intersection,02 - Non-fatal injury,07 - SMV other,01 - Clear,01 - Daylight,01 - Dry,10 - No control,,1,0,1,0,02 - Minor,1,,1,,,363129.0397,5025845.909,45.37012853,-75.7553393,546
17--10530,10/17/2017,10:09 PM,MARCH RD btwn PETER ROBINSON RD & CORKERY RD (__3ZA2RJ),__3ZA2RJ,01 - Non intersection,03 - P.D. only,07 - SMV other,01 - Clear,07 - Dark,01 - Dry,10 - No control,,1,0,0,0,,0,,,,,335018.2849,5015279.368,45.27682134,-76.11484956,547
17--10265,10/7/2017,6:24 PM,BERRIGAN DR @ LONGFIELDS DR (0010453),10453,03 - At intersection,02 - Non-fatal injury,03 - Rear end,01 - Clear,05 - Dusk,01 - Dry,11 - Roundabout,01 - Functioning,2,0,0,0,01 - Minimal,1,1,,,,364305.7842,5015645.804,45.27824985,-75.74154339,548
17--10360,10/11/2017,3:00 PM,OGILVIE RD @ BATHGATE DR/CITYPARK DR W (0012430),12430,02 - Intersection related,03 - P.D. only,03 - Rear end,01 - Clear,01 - Daylight,01 - Dry,01 - Traffic signal,01 - Functioning,2,0,0,0,,0,,,,,373828.1078,5032801.051,45.43173548,-75.61779065,549
17--10712,10/21/2017,Unknown,SECOND AVE btwn BANK ST & O'CONNOR ST (__3ZA93V),__3ZA93V,01 - Non intersection,03 - P.D. only,06 - SMV unattended vehicle,01 - Clear,00 - Unknown,01 - Dry,10 - No control,,1,0,0,0,,0,,,,,368476.3824,5029730.24,45.40461315,-75.68657764,550
17--10713,10/21/2017,12:26 AM,LONGFIELDS DR @ SILVER SAGE AVE (0015385),15385,03 - At intersection,03 - P.D. only,02 - Angle,01 - Clear,07 - Dark,01 - Dry,02 - Stop sign,01 - Functioning,2,0,0,0,,0,,,,,364506.0506,5016545.547,45.28632875,-75.73888278,551
17--10714,10/21/2017,12:32 PM,DALY AVE @ KING EDWARD AVE (0007755),7755,03 - At intersection,03 - P.D. only,02 - Angle,01 - Clear,01 - Daylight,01 - Dry,02 - Stop sign,01 - Functioning,2,0,0,0,,0,,,,,368591.7076,5032273.347,45.42748466,-75.68477539,552
17--10715,10/21/2017,12:48 PM,ALTA VISTA DR @ PALEN AVE (0007122),7122,03 - At intersection,03 - P.D. only,02 - Angle,01 - Clear,01 - Daylight,01 - Dry,02 - Stop sign,01 - Functioning,2,0,0,0,,0,,,,,370423.0535,5027285.213,45.38243389,-75.66203808,553
17--10716,10/21/2017,12:56 PM,EAGLESON RD @ FALLOWFIELD RD (0000118),118,03 - At intersection,02 - Non-fatal injury,07 - SMV other,01 - Clear,01 - Daylight,01 - Dry,01 - Traffic signal,01 - Functioning,1,0,0,0,02 - Minor,2,,2,,,355961.6341,5012594.167,45.25144727,-75.84820419,554
17--10717,10/21/2017,2:07 PM,DUROCHER ST @ MONTREAL RD (0009800),9800,03 - At intersection,03 - P.D. only,02 - Angle,01 - Clear,01 - Daylight,01 - Dry,02 - Stop sign,01 - Functioning,3,0,0,0,,0,,,,,370135.7527,5033101.825,45.43479643,-75.66493546,555
17--10718,10/21/2017,2:39 PM,CARLING AVE @ BAYSHORE DR/BIRCHDALE AVE (0000021),21,03 - At intersection,03 - P.D. only,05 - Turning movement,01 - Clear,01 - Daylight,01 - Dry,01 - Traffic signal,01 - Functioning,2,0,0,0,,0,,,,,359004.8116,5023990.329,45.35376315,-75.80819099,556
17--10719,10/21/2017,2:42 PM,MARKETPLACE AVE @ RIOCAN AVE (0010995),10995,03 - At intersection,02 - Non-fatal injury,07 - SMV other,01 - Clear,01 - Daylight,01 - Dry,02 - Stop sign,02 - Not functioning,1,0,1,0,02 - Minor,2,,2,,,364286.857,5014761.599,45.27029538,-75.74189056,557
17--1072,1/27/2017,4:02 PM,NAVAHO DR @ WOODROFFE AVE/TRANSITWAY N BASELIN (0010359),10359,02 - Intersection related,03 - P.D. only,03 - Rear end,03 - Snow,01 - Daylight,03 - Loose snow,01 - Traffic signal,01 - Functioning,2,0,0,0,,0,,,,,362706.7884,5023493.348,45.34899542,-75.76100516,558
17--10720,10/21/2017,2:42 PM,HAWTHORNE RD @ HUNT CLUB RD (0007651),7651,02 - Intersection related,03 - P.D. only,03 - Rear end,01 - Clear,01 - Daylight,01 - Dry,01 - Traffic signal,01 - Functioning,2,0,0,0,,0,,,,,375507.7499,5026407.886,45.37404538,-75.5972434,559
17--10721,10/21/2017,2:50 PM,PRESLAND RD @ LOLA ST (0007773),7773,03 - At intersection,02 - Non-fatal injury,07 - SMV other,01 - Clear,01 - Daylight,01 - Dry,02 - Stop sign,01 - Functioning,1,0,0,1,01 - Minimal,1,1,,,,371175.1961,5031861.859,45.42354187,-75.65181878,560
17--10722,10/21/2017,3:12 PM,CLARENCE ST btwn CUMBERLAND ST & KING EDWARD AVE (__3ZA7A9),__3ZA7A9,01 - Non intersection,03 - P.D. only,04 - Sideswipe,01 - Clear,01 - Daylight,01 - Dry,10 - No control,,2,1,0,0,,0,,,,,368299.3406,5032658.512,45.43097684,-75.68846165,561
17--10723,10/21/2017,3:42 PM,HIGHWAY 417 btwn HWY417 IC124 RAMP65 & HWY417 IC122 RAMP51 (__3ZA2R8),__3ZA2R8,01 - Non intersection,03 - P.D. only,03 - Rear end,01 - Clear,01 - Daylight,01 - Dry,10 - No control,,3,0,0,0,,0,,,,,364869.1196,5028207.396,45.39122978,-75.73283913,562
17--10724,10/21/2017,5:06 PM,PRINCE OF WALES DR @ WEST HUNT CLUB RD (0000567),567,02 - Intersection related,03 - P.D. only,03 - Rear end,01 - Clear,05 - Dusk,01 - Dry,01 - Traffic signal,00 - Unknown,2,0,0,0,,0,,,,,367458.2369,5021891.267,45.33417181,-75.70057674,563
17--10725,10/21/2017,5:37 PM,BANK ST @ RIDGEMONT AVE (0006859),6859,02 - Intersection related,02 - Non-fatal injury,03 - Rear end,01 - Clear,07 - Dark,01 - Dry,02 - Stop sign,00 - Unknown,3,0,0,0,02 - Minor,1,,1,,,370079.7209,5026627.294,45.37654623,-75.66650873,564
17--10726,10/21/2017,6:04 PM,MERTON ST @ WELLINGTON ST (0006493),6493,02 - Intersection related,02 - Non-fatal injury,05 - Turning movement,01 - Clear,01 - Daylight,01 - Dry,02 - Stop sign,00 - Unknown,2,0,1,0,02 - Minor,1,,1,,,365489.645,5029594.084,45.40365338,-75.72474433,565
17--10727,10/21/2017,6:10 PM,ISABELLA ST/HWY417 IC119AR75 @ METCALFE ST (0011380),11380,02 - Intersection related,03 - P.D. only,04 - Sideswipe,01 - Clear,05 - Dusk,01 - Dry,01 - Traffic signal,01 - Functioning,2,0,0,0,,0,,,,,368448.1352,5030399.567,45.41063811,-75.68685203,566
17--10728,10/21/2017,6:23 PM,BRUYERE ST @ KING EDWARD AVE (0011437),11437,02 - Intersection related,03 - P.D. only,04 - Sideswipe,01 - Clear,05 - Dusk,01 - Dry,02 - Stop sign,01 - Functioning,2,0,0,0,,0,,,,,368140.203,5033039.259,45.43441709,-75.69044628,567
17--10729,10/21/2017,6:30 PM,HIGHWAY 417 btwn HWY417 IC124 RAMP67 & HWY417 IC123 RAMP62 (__3ZA2YZ),__3ZA2YZ,01 - Non intersection,03 - P.D. only,03 - Rear end,01 - Clear,07 - Dark,01 - Dry,10 - No control,,2,0,0,0,,0,,,,,364787.2044,5028089.286,45.39017407,-75.73389956,568
17--1073,1/27/2017,4:05 PM,BASELINE RD @ ROCKWAY CRES (0002187),2187,02 - Intersection related,02 - Non-fatal injury,02 - Angle,03 - Snow,01 - Daylight,02 - Wet,02 - Stop sign,01 - Functioning,2,0,0,0,01 - Minimal,1,1,,,,361185.0017,5022932.294,45.34407108,-75.7804883,569
17--10730,10/21/2017,7:39 PM,BANK ST @ WALKLEY RD (0011423),11423,02 - Intersection related,02 - Non-fatal injury,99 - Other,01 - Clear,07 - Dark,01 - Dry,01 - Traffic signal,01 - Functioning,2,0,1,0,01 - Minimal,1,1,,,,370338.1865,5025946.397,45.37039561,-75.66329934,570
17--10731,10/21/2017,9:18 AM,BANK ST @ ST. BERNARD ST (0012406),12406,03 - At intersection,03 - P.D. only,02 - Angle,01 - Clear,01 - Daylight,01 - Dry,01 - Traffic signal,01 - Functioning,2,0,0,0,,0,,,,,373005.2865,5023708.414,45.35000461,-75.62956222,571
17--10732,10/22/2017,1:17 PM,BRIDLEWOOD DR @ STONEHAVEN DR (0003692),3692,02 - Intersection related,03 - P.D. only,03 - Rear end,01 - Clear,01 - Daylight,01 - Dry,02 - Stop sign,01 - Functioning,2,0,0,0,,0,,,,,354796.0523,5016897.379,45.29025238,-75.86261942,572
17--10733,10/22/2017,1:48 AM,HAZELDEAN RD @ TERRY FOX DR (0003682),3682,03 - At intersection,03 - P.D. only,07 - SMV other,01 - Clear,07 - Dark,01 - Dry,01 - Traffic signal,01 - Functioning,1,0,0,0,,0,,,,,352208.6143,5017241.782,45.29353072,-75.89557087,573
17--10734,10/22/2017,11:15 PM,HIGHWAY 416 btwn HWY416 IC66 RAMP52 & HWY416 IC66 RAMP24 (__3ZAZMW),__3ZAZMW,01 - Non intersection,02 - Non-fatal injury,07 - SMV other,01 - Clear,07 - Dark,01 - Dry,10 - No control,,1,0,0,0,02 - Minor,1,,1,,,360182.2775,5014595.085,45.26913228,-75.79421437,574
17--10735,10/22/2017,12:00 PM,CARLING AVE @ WYLIE AVE (0002394),2394,03 - At intersection,02 - Non-fatal injury,02 - Angle,01 - Clear,01 - Daylight,01 - Dry,02 - Stop sign,01 - Functioning,2,1,0,0,02 - Minor,1,,1,,,359142.4598,5024078.246,45.35454358,-75.80642467,575
17--10736,10/22/2017,12:05 PM,INNES RD @ PORTOBELLO BLVD (0009187),9187,02 - Intersection related,03 - P.D. only,03 - Rear end,01 - Clear,01 - Daylight,01 - Dry,01 - Traffic signal,01 - Functioning,2,0,0,0,,0,,,,,385631.2963,5036892.315,45.4672802,-75.4662914,576
17--10737,10/22/2017,12:07 PM,MARCH RD btwn BEARHILL RD & ROB LYTLE'S LANE (__3ZA2QA),__3ZA2QA,01 - Non intersection,02 - Non-fatal injury,07 - SMV other,01 - Clear,01 - Daylight,01 - Dry,10 - No control,,1,0,0,0,02 - Minor,1,,1,,,338196.9567,5018009.917,45.30124844,-76.0741527,577
17--10738,10/22/2017,12:20 PM,KING EDWARD AVE btwn DALY AVE & STEWART ST (__3ZA3V2),__3ZA3V2,01 - Non intersection,03 - P.D. only,06 - SMV unattended vehicle,01 - Clear,01 - Daylight,01 - Dry,10 - No control,,1,0,0,0,,0,,,,,368616.9887,5032230.328,45.42709528,-75.68445792,578
17--10739,10/22/2017,12:46 PM,PALLADIUM DR @ SILVER SEVEN RD (0011839),11839,03 - At intersection,03 - P.D. only,05 - Turning movement,01 - Clear,01 - Daylight,01 - Dry,01 - Traffic signal,01 - Functioning,2,0,0,0,,0,,,,,351052.0811,5017887.683,45.29941979,-75.91025488,579
17--1074,1/27/2017,4:18 PM,VANGUARD DR btwn VANTAGE DR & TENTH LINE RD (__3ZA4X2),__3ZA4X2,04 - At/near private drive,03 - P.D. only,02 - Angle,03 - Snow,01 - Daylight,03 - Loose snow,10 - No control,,2,0,0,0,,0,,,,,384000.3438,5035851.024,45.45809845,-75.48731323,580
17--10740,10/22/2017,2:08 PM,RAYMOND ST/HWY 417 ROCHEST IC121BR16 @ ROCHEST (0006495),6495,03 - At intersection,03 - P.D. only,05 - Turning movement,01 - Clear,01 - Daylight,01 - Dry,01 - Traffic signal,01 - Functioning,2,0,1,0,,0,,,,,366737.6744,5029618.602,45.40376467,-75.70880031,581
17--10741,10/22/2017,2:43 PM,SMYTH RD E/LANCASTER RD @ ST. LAURENT BLVD N/R (0002256),2256,02 - Intersection related,03 - P.D. only,03 - Rear end,01 - Clear,01 - Daylight,01 - Dry,01 - Traffic signal,01 - Functioning,2,0,0,0,,0,,,,,373364.6676,5029424.081,45.40139674,-75.62418277,582