Anom_ID,Accident_Date,Accident_Time,Location,Geo_ID,Accident_Location,Classification_of_Accident,Initial_Impact_Type,Environment_Condition,Light,Road_Surface_Condition,Traffic_Control,Traffic_Control_Condition,No__of_Vehicles,No__of_Bicycles,No__of_Motorcycles,No__of_Pedestrians,Max_Injury,No__of_Injuries,No__of_Minimal,No__of_Minor,No__of_Major,No__of_Fatal,X,Y,Latitude,Longitude,ObjectId
17--10742,10/22/2017,3:15 PM,CENTURY RD @ FOURTH LINE RD (0003905),3905,02 - Intersection related,03 - P.D. only,04 - Sideswipe,01 - Clear,01 - Daylight,01 - Dry,02 - Stop sign,01 - Functioning,2,1,0,0,,0,,,,,362212.6444,5004061.994,45.17419122,-75.76955637,583
17--10743,10/22/2017,3:33 PM,ST. JOSEPH BLVD/OLD MONTREAL RD @ TRIM RD (0004118),4118,03 - At intersection,03 - P.D. only,02 - Angle,01 - Clear,01 - Daylight,01 - Dry,11 - Roundabout,01 - Functioning,2,0,0,0,,0,,,,,384683.1513,5039284.648,45.48891318,-75.47802572,584
17--10744,10/22/2017,3:39 PM,STANLEY AVE @ SUSSEX DR (0007143),7143,02 - Intersection related,02 - Non-fatal injury,03 - Rear end,01 - Clear,01 - Daylight,01 - Dry,01 - Traffic signal,01 - Functioning,2,0,2,0,02 - Minor,1,,1,,,367831.6225,5033871.689,45.44193488,-75.69428327,585
17--10745,10/22/2017,4:20 PM,HIGHWAY 417 btwn HWY417 IC104 RAMP15 & HWY417 IC96 RAMP51 (__3ZA2W4),__3ZA2W4,01 - Non intersection,03 - P.D. only,07 - SMV other,01 - Clear,01 - Daylight,01 - Dry,10 - No control,,1,0,0,0,,0,,,,,381409.04,5025604.102,45.36619316,-75.52203432,586
17--10746,10/22/2017,5:01 PM,CARLING AVE @ CROYDON AVE (0002642),2642,03 - At intersection,03 - P.D. only,02 - Angle,01 - Clear,01 - Daylight,01 - Dry,01 - Traffic signal,01 - Functioning,2,0,0,0,,0,,,,,360657.2605,5025042.754,45.36310315,-75.78698368,587
17--10747,10/22/2017,5:21 PM,PRINCE OF WALES DR @ STRANDHERD DR (0013339),13339,02 - Intersection related,03 - P.D. only,03 - Rear end,01 - Clear,01 - Daylight,01 - Dry,01 - Traffic signal,01 - Functioning,2,0,0,0,,0,,,,,367175.2898,5014823.481,45.27060193,-75.70507564,588
17--10748,10/22/2017,5:35 PM,HIGHWAY 417 btwn HWY417 IC121A RAMP16 & HWY417 IC121A RAMP61 (__3ZA2YY),__3ZA2YY,01 - Non intersection,02 - Non-fatal injury,07 - SMV other,01 - Clear,01 - Daylight,01 - Dry,10 - No control,,1,0,1,0,01 - Minimal,1,1,,,,367296.3202,5029769.005,45.4050683,-75.70164573,589
17--10749,10/22/2017,5:35 PM,HIGHWAY 417 btwn HWY417 IC121A RAMP16 & HWY417 IC121A RAMP61 (__3ZA2YY),__3ZA2YY,01 - Non intersection,03 - P.D. only,03 - Rear end,01 - Clear,01 - Daylight,01 - Dry,10 - No control,,4,0,0,0,,0,,,,,367248.0601,5029751.225,45.40491263,-75.70226442,590
17--1075,1/27/2017,4:20 PM,REGIONAL ROAD 174 btwn QUIGLEY HILL RD & REGIONAL ROAD 174 DIVIDED (__3ZA2Y5),__3ZA2Y5,01 - Non intersection,03 - P.D. only,03 - Rear end,03 - Snow,01 - Daylight,03 - Loose snow,10 - No control,,3,0,0,0,,0,,,,,387875.3763,5042386.354,45.51644621,-75.43666811,591
17--10750,10/22/2017,6:00 PM,ELMLEA DR btwn ELMLEA GT & TO BE DETERMINED (__3ZA7VB),__3ZA7VB,01 - Non intersection,03 - P.D. only,99 - Other,01 - Clear,01 - Daylight,01 - Dry,10 - No control,,2,0,0,0,,0,,,,,374872.1414,5033567.535,45.43852805,-75.60433997,592
17--10751,10/22/2017,7:13 AM,BOOTH ST @ SIR JOHN A. MACDONALD PKWY/WELLINGTON ST (0012252),12252,03 - At intersection,03 - P.D. only,07 - SMV other,01 - Clear,01 - Daylight,01 - Dry,01 - Traffic signal,01 - Functioning,1,0,0,0,,0,,,,,366263.9226,5031005.35,45.41628401,-75.7146786,593
17--10752,10/22/2017,7:52 PM,LAPORTE ST btwn EAST ACRES RD & BEAVERHILL DR (__3ZA40Y),__3ZA40Y,01 - Non intersection,03 - P.D. only,06 - SMV unattended vehicle,01 - Clear,07 - Dark,01 - Dry,10 - No control,,1,0,0,0,,0,,,,,375883.3151,5034148.548,45.44365358,-75.59133289,594
17--10753,10/22/2017,9:00 AM,BLAIR RD @ INNES RD (0004165),4165,02 - Intersection related,03 - P.D. only,04 - Sideswipe,01 - Clear,01 - Daylight,01 - Dry,01 - Traffic signal,01 - Functioning,2,0,0,0,,0,,,,,375578.7349,5031439.792,45.41931267,-75.59561525,595
17--10754,10/22/2017,9:17 PM,GREY FOX DR btwn TO BE DETERMINED & MARCH RD (__3ZA2JK),__3ZA2JK,01 - Non intersection,03 - P.D. only,07 - SMV other,01 - Clear,07 - Dark,01 - Dry,10 - No control,,1,0,0,0,,0,,,,,336341.3497,5016476.897,45.28753927,-76.09791059,596
17--10755,10/22/2017,9:40 PM,ORLEANS BLVD btwn BROKEN OAK DR & JEANNE D'ARC BLVD N (__3ZA6BR),__3ZA6BR,01 - Non intersection,03 - P.D. only,07 - SMV other,01 - Clear,07 - Dark,01 - Dry,10 - No control,,1,0,0,0,,0,,,,,379915.8584,5038273.287,45.48034312,-75.53916124,597
17--10756,10/22/2017,9:59 AM,SAUNDERSON DR btwn WESTON DR & PLEASANT PARK RD (__3ZBN78),__3ZBN78,01 - Non intersection,02 - Non-fatal injury,01 - Approaching,01 - Clear,01 - Daylight,01 - Dry,10 - No control,,2,0,0,0,02 - Minor,2,,2,,,373130.107,5028819.327,45.39597837,-75.62726238,598
17--10757,10/23/2017,1:21 PM,HUNT CLUB RD @ BRIDLE PATH DR/DAZE ST (0008214),8214,02 - Intersection related,03 - P.D. only,03 - Rear end,01 - Clear,01 - Daylight,01 - Dry,01 - Traffic signal,01 - Functioning,2,0,0,0,,0,,,,,371291.9154,5023866.823,45.35159447,-75.65140457,599
17--10758,10/23/2017,1:30 PM,KING EDWARD AVE @ SUSSEX DR (0002653),2653,02 - Intersection related,02 - Non-fatal injury,05 - Turning movement,01 - Clear,01 - Daylight,01 - Dry,01 - Traffic signal,01 - Functioning,2,1,0,0,02 - Minor,1,,1,,,367663.7,5033503.597,45.43863804,-75.69647658,600
17--10759,10/23/2017,1:41 PM,FALLOWFIELD RD @ VIA PARK PL/275 W OF WOODROFFE AVE (0010154),10154,03 - At intersection,02 - Non-fatal injury,05 - Turning movement,01 - Clear,01 - Daylight,01 - Dry,01 - Traffic signal,01 - Functioning,2,0,0,0,02 - Minor,1,,1,,,364848.2072,5017766.175,45.29728276,-75.73437368,601
17--1076,1/27/2017,4:29 PM,ST. LAURENT BLVD @ CONNERY AVE (0008348),8348,02 - Intersection related,03 - P.D. only,03 - Rear end,03 - Snow,01 - Daylight,04 - Slush,02 - Stop sign,00 - Unknown,2,0,0,0,,0,,,,,373626.973,5028724.445,45.395076,-75.62093021,602
17--10760,10/23/2017,Unknown,SPRINGBEAUTY AVE @ TWAYBLADE AVE (0015599),15599,02 - Intersection related,03 - P.D. only,06 - SMV unattended vehicle,00 - Unknown,00 - Unknown,99 - Other,02 - Stop sign,00 - Unknown,1,0,0,0,,0,,,,,365208.3069,5016773.18,45.28831698,-75.72990369,603
17--10761,10/23/2017,12:20 PM,GEORGE ST @ WILLIAM ST (0007976),7976,02 - Intersection related,03 - P.D. only,04 - Sideswipe,01 - Clear,01 - Daylight,01 - Dry,01 - Traffic signal,00 - Unknown,2,0,0,0,,0,,,,,368048.4455,5032233.283,45.42717351,-75.69172244,604
17--10762,10/23/2017,12:44 AM,MCCARTHY RD btwn SOUTHMORE DR W & PLANTE DR (__3ZA9DP),__3ZA9DP,01 - Non intersection,03 - P.D. only,01 - Approaching,01 - Clear,07 - Dark,01 - Dry,10 - No control,,2,0,0,0,,0,,,,,369489.5218,5024735.855,45.35958236,-75.67429126,605
17--10763,10/23/2017,2:18 PM,GLADSTONE AVE @ PRESTON ST (0002212),2212,02 - Intersection related,03 - P.D. only,02 - Angle,01 - Clear,01 - Daylight,01 - Dry,01 - Traffic signal,00 - Unknown,2,0,0,0,,0,,,,,366489.706,5029712.322,45.40462984,-75.71195587,606
17--10764,10/23/2017,2:26 PM,RICHMOND RD @ WOODROFFE AVE (0011466),11466,02 - Intersection related,03 - P.D. only,03 - Rear end,01 - Clear,01 - Daylight,01 - Dry,01 - Traffic signal,01 - Functioning,2,0,0,0,,0,,,,,361585.7719,5026653.709,45.37752379,-75.77494702,607
17--10765,10/23/2017,2:54 PM,HOLLAND AVE @ WELLINGTON ST (0002364),2364,03 - At intersection,03 - P.D. only,04 - Sideswipe,01 - Clear,01 - Daylight,01 - Dry,01 - Traffic signal,01 - Functioning,2,0,0,0,,0,,,,,364930.1748,5029153.791,45.39974,-75.7319441,608
17--10766,10/23/2017,3:10 PM,BRONSON AVE btwn BRONSON AVE NB ON RAMP 42 & BRONSON AVE SB OFF RAMP 3 (__30QAKA),__30QAKA,01 - Non intersection,03 - P.D. only,04 - Sideswipe,01 - Clear,01 - Daylight,01 - Dry,10 - No control,,2,0,0,0,,0,,,,,367751.8071,5028458.771,45.39323839,-75.69599495,609
17--10767,10/23/2017,3:15 AM,HIGHWAY 417 btwn HWY417 IC124 RAMP65 & HWY417 IC122 RAMP51 (__3ZA2R8),__3ZA2R8,01 - Non intersection,03 - P.D. only,07 - SMV other,01 - Clear,07 - Dark,01 - Dry,10 - No control,,1,0,0,0,,0,,,,,365176.5889,5028732.56,45.39592865,-75.72884844,610
17--10768,10/23/2017,3:21 PM,AVIATION PKWY @ AVIATION/ROCKCLIFFE PKWY WB ON (0002033),2033,03 - At intersection,03 - P.D. only,02 - Angle,01 - Clear,01 - Daylight,01 - Dry,02 - Stop sign,01 - Functioning,2,0,0,0,,0,,,,,371682.8014,5035492.323,45.45615872,-75.64483968,611
17--10769,10/23/2017,3:30 PM,BLAIR RD @ MONTREAL RD (0009277),9277,02 - Intersection related,03 - P.D. only,99 - Other,01 - Clear,01 - Daylight,01 - Dry,01 - Traffic signal,01 - Functioning,2,0,0,0,,0,,,,,374020.0547,5034438.916,45.44645313,-75.61510744,612
17--1077,1/27/2017,4:30 PM,RUSSELL RD btwn BELGREEN DR & BLAKE RD (__3ZA2DC),__3ZA2DC,01 - Non intersection,02 - Non-fatal injury,07 - SMV other,03 - Snow,05 - Dusk,02 - Wet,10 - No control,,1,0,0,0,01 - Minimal,1,1,,,,376465.9766,5027182.993,45.38092204,-75.58489837,613
17--10770,10/23/2017,4:09 PM,MONTREAL RD @ STE. ANNE ST (0009798),9798,03 - At intersection,03 - P.D. only,05 - Turning movement,01 - Clear,01 - Daylight,01 - Dry,02 - Stop sign,01 - Functioning,2,0,0,0,,0,,,,,370707.182,5033416.359,45.43757285,-75.65759063,614
17--10771,10/23/2017,4:13 PM,BELFAST RD @ COVENTRY RD (0002646),2646,02 - Intersection related,03 - P.D. only,04 - Sideswipe,01 - Clear,01 - Daylight,01 - Dry,01 - Traffic signal,01 - Functioning,2,0,0,0,,0,,,,,371523.6771,5031641.172,45.42152307,-75.64739607,615
17--10772,10/23/2017,4:14 PM,CARLING AVE @ KIRKWOOD AVE N (0002358),2358,03 - At intersection,03 - P.D. only,04 - Sideswipe,01 - Clear,01 - Daylight,01 - Dry,01 - Traffic signal,01 - Functioning,2,0,0,0,,0,,,,,364275.4875,5027493.052,45.3848529,-75.740506,616
17--10773,10/23/2017,4:15 PM,SIXTH LINE RD btwn BERRY SIDE RD & RIDDELL DR (__3ZBPHD),__3ZBPHD,01 - Non intersection,03 - P.D. only,07 - SMV other,01 - Clear,01 - Daylight,01 - Dry,10 - No control,,1,0,0,0,,0,,,,,350017.3471,5029272.945,45.40193418,-75.92240665,617
17--10774,10/23/2017,4:19 PM,MERIVALE RD @ MACFARLANE RD (0010373),10373,03 - At intersection,03 - P.D. only,05 - Turning movement,01 - Clear,01 - Daylight,01 - Dry,02 - Stop sign,00 - Unknown,2,0,0,0,,0,,,,,366152.8579,5020632.658,45.32296236,-75.71738578,618
17--10775,10/23/2017,4:49 PM,HERON RD @ 155 W OF BANK ST/CANADIAN TIRE SC (0008219),8219,03 - At intersection,03 - P.D. only,05 - Turning movement,01 - Clear,01 - Daylight,01 - Dry,01 - Traffic signal,00 - Unknown,2,0,0,0,,0,,,,,369848.1068,5026832.845,45.37841726,-75.66943858,619
17--10776,10/23/2017,4:53 PM,CARLING AVE @ ISLAND PARK DR (0010785),10785,03 - At intersection,03 - P.D. only,02 - Angle,01 - Clear,01 - Daylight,01 - Dry,01 - Traffic signal,01 - Functioning,2,0,0,0,,0,,,,,365348.2216,5027998.26,45.38930676,-75.72674659,620
17--10777,10/23/2017,5:15 PM,TERRY FOX DR btwn COPE DR & TRANS CANADA TRAIL (__355BDZB),__355BDZB,01 - Non intersection,03 - P.D. only,03 - Rear end,01 - Clear,01 - Daylight,01 - Dry,10 - No control,,2,0,0,0,,0,,,,,353647.1869,5015544.197,45.27815691,-75.8773982,621
17--10778,10/23/2017,5:15 PM,HIGHWAY 417 btwn HWY417 IC124 RAMP67 & HWY417 IC123 RAMP62 (__3ZA2YZ),__3ZA2YZ,01 - Non intersection,02 - Non-fatal injury,04 - Sideswipe,01 - Clear,01 - Daylight,01 - Dry,10 - No control,,2,0,0,0,01 - Minimal,1,1,,,,364720.1924,5027963.615,45.38904904,-75.73477056,622
17--10779,10/23/2017,5:56 PM,CYRVILLE RD @ STAR TOP RD (0004210),4210,03 - At intersection,03 - P.D. only,03 - Rear end,01 - Clear,05 - Dusk,01 - Dry,01 - Traffic signal,01 - Functioning,2,0,0,0,,0,,,,,373830.6752,5031518.326,45.42019393,-75.61793761,623
17--1078,1/27/2017,4:34 PM,MARCH VALLEY RD @ TERRY FOX DR (0011772),11772,03 - At intersection,03 - P.D. only,02 - Angle,03 - Snow,05 - Dusk,03 - Loose snow,02 - Stop sign,01 - Functioning,3,0,0,0,,0,,,,,350754.5692,5023784.552,45.35250075,-75.91350085,624
17--10780,10/23/2017,6:17 PM,EAGLESON RD @ HWY 417 EAGLESO IC138R51/PARK AN (0009698),9698,02 - Intersection related,03 - P.D. only,03 - Rear end,01 - Clear,05 - Dusk,01 - Dry,01 - Traffic signal,01 - Functioning,2,0,0,0,,0,,,,,353037.8154,5020014.169,45.31842084,-75.88472988,625
17--10781,10/23/2017,6:36 PM,AVIATION PKWY btwn LA CITE PRIV & AVIATION PKWY (1) (__3ZA2UR),__3ZA2UR,01 - Non intersection,03 - P.D. only,03 - Rear end,01 - Clear,07 - Dark,01 - Dry,10 - No control,,2,0,0,0,,0,,,,,372471.9024,5033215.168,45.43559406,-75.63506462,626
17--10782,10/23/2017,6:50 AM,HIGHWAY 417 btwn HWY417 IC112 RAMP66 & HWY417 IC113 RAMP65 (__3ZA284),__3ZA284,01 - Non intersection,03 - P.D. only,03 - Rear end,"07 - Fog, mist, smoke, dust",03 - Dawn,01 - Dry,10 - No control,,2,0,0,0,,0,,,,,374141.1559,5031565.681,45.42058931,-75.61396415,627
17--10783,10/23/2017,7:10 AM,HIGHWAY 417 btwn HWY417 IC120A RAMP52 & HWY417 IC119B RAMP57 (__3ZA2R1),__3ZA2R1,01 - Non intersection,03 - P.D. only,04 - Sideswipe,01 - Clear,01 - Daylight,01 - Dry,10 - No control,,2,0,0,0,,0,,,,,367915.3494,5030081.091,45.40782081,-75.69369883,628
17--10784,10/23/2017,7:15 AM,WOODROFFE AVE @ SPORTSPLEX N (0005568),5568,03 - At intersection,03 - P.D. only,05 - Turning movement,01 - Clear,01 - Daylight,01 - Dry,01 - Traffic signal,00 - Unknown,2,0,0,0,,0,,,,,363762.6349,5021066.355,45.32706958,-75.74782101,629
17--10785,10/23/2017,7:22 PM,BANK ST btwn TURN LANE & SPRINGHILL RD (__3ZA2LG),__3ZA2LG,04 - At/near private drive,02 - Non-fatal injury,05 - Turning movement,01 - Clear,07 - Dark,01 - Dry,10 - No control,,2,0,0,0,02 - Minor,2,,2,,,384046.7632,5009181.074,45.21813597,-75.49099101,630
17--10786,10/23/2017,7:30 PM,OTTAWA RIVER PKWY @ WOODROFFE AVE (0002637),2637,02 - Intersection related,03 - P.D. only,03 - Rear end,01 - Clear,07 - Dark,01 - Dry,02 - Stop sign,01 - Functioning,2,0,0,0,,0,,,,,361426.6816,5027002.537,45.38067539,-75.77693815,631
17--10787,10/23/2017,7:40 AM,HIGHWAY 417 btwn HWY417 IC118 RAMP35 & HWY417 IC117 RAMP51 (__3ZA2YP),__3ZA2YP,01 - Non intersection,03 - P.D. only,99 - Other,01 - Clear,01 - Daylight,01 - Dry,10 - No control,,2,0,0,0,,0,,,,,370120.0738,5031098.786,45.41677536,-75.66540147,632
17--10788,10/23/2017,7:45 AM,HIGHWAY 417 btwn HWY417 IC110 RAMP66 & HWY417 IC110 RAMP56 (__3ZA2XR),__3ZA2XR,01 - Non intersection,03 - P.D. only,03 - Rear end,01 - Clear,01 - Daylight,01 - Dry,10 - No control,,2,0,0,0,,0,,,,,375825.1792,5029208.557,45.39921227,-75.59278813,633
17--10789,10/23/2017,8:35 AM,DES EPINETTES AVE @ JEANNE D'ARC BLVD (0004221),4221,03 - At intersection,03 - P.D. only,03 - Rear end,01 - Clear,01 - Daylight,01 - Dry,01 - Traffic signal,01 - Functioning,2,0,0,0,,0,,,,,382227.2215,5035958.335,45.45926268,-75.50996473,634
17--1079,1/27/2017,4:35 PM,BANK ST @ JOHNSTON RD (0006967),6967,02 - Intersection related,03 - P.D. only,99 - Other,01 - Clear,01 - Daylight,01 - Dry,01 - Traffic signal,00 - Unknown,2,0,0,0,,0,,,,,370852.2732,5024839.257,45.36038567,-75.65688491,635
17--10790,10/23/2017,9:14 AM,FRANK KENNY RD W @ INNES RD (0010153),10153,02 - Intersection related,03 - P.D. only,02 - Angle,01 - Clear,01 - Daylight,01 - Dry,02 - Stop sign,01 - Functioning,2,0,0,0,,0,,,,,387531.2135,5037629.98,45.47369448,-75.4418743,636
17--10791,10/23/2017,9:22 AM,FISHER AVE @ MEADOWLANDS DR (0002120),2120,03 - At intersection,02 - Non-fatal injury,05 - Turning movement,01 - Clear,01 - Daylight,01 - Dry,01 - Traffic signal,01 - Functioning,2,0,0,0,02 - Minor,1,,1,,,366574.1182,5025044.263,45.36262029,-75.71146182,637
17--10792,10/24/2017,10:04 AM,CARLING AVE EB btwn HOLLAND AVE & PARKDALE AVE (__3ZA26K),__3ZA26K,01 - Non intersection,03 - P.D. only,04 - Sideswipe,02 - Rain,01 - Daylight,02 - Wet,10 - No control,,2,0,0,0,,0,,,,,365444.4579,5028024.5,45.38953453,-75.72551446,638
17--10793,10/24/2017,10:05 AM,WEST HUNT CLUB RD WB btwn KNOXDALE RD & WOODROFFE AVE (__3ZA17D),__3ZA17D,01 - Non intersection,03 - P.D. only,04 - Sideswipe,02 - Rain,01 - Daylight,02 - Wet,10 - No control,,2,0,0,0,,0,,,,,363621.9336,5021226.371,45.3285212,-75.74959676,639
17--10794,10/24/2017,10:07 PM,LAURIER AVE @ NICHOLAS ST (0010711),10711,02 - Intersection related,03 - P.D. only,03 - Rear end,01 - Clear,07 - Dark,01 - Dry,01 - Traffic signal,01 - Functioning,2,0,0,0,,0,,,,,368374.5838,5031797.56,45.42322346,-75.68761125,640
17--10795,10/24/2017,10:23 PM,FISHER AVE @ SHILLINGTON AVE (0006792),6792,02 - Intersection related,03 - P.D. only,03 - Rear end,02 - Rain,07 - Dark,02 - Wet,01 - Traffic signal,01 - Functioning,2,0,0,0,,0,,,,,365627.7781,5027296.274,45.38296621,-75.72326326,641
17--10796,10/24/2017,10:24 AM,PRINCE OF WALES DR @ WEST HUNT CLUB RD (0000567),567,03 - At intersection,03 - P.D. only,04 - Sideswipe,02 - Rain,01 - Daylight,02 - Wet,01 - Traffic signal,01 - Functioning,2,0,0,0,,0,,,,,367458.7103,5021892.213,45.33418028,-75.70057058,642
17--10797,10/24/2017,10:29 AM,BANTREE ST @ INNES RD (0007684),7684,03 - At intersection,03 - P.D. only,05 - Turning movement,01 - Clear,01 - Daylight,01 - Dry,01 - Traffic signal,01 - Functioning,3,0,0,0,,0,,,,,373706.0846,5030406.991,45.41020697,-75.61968481,643
17--10798,10/24/2017,10:40 AM,ROGER STEVENS DR btwn SECOND LINE RD S & DORACK DR (__3ZA39U),__3ZA39U,01 - Non intersection,03 - P.D. only,04 - Sideswipe,02 - Rain,01 - Daylight,02 - Wet,10 - No control,,2,0,0,0,,0,,,,,370203.5715,5001668.856,45.15196229,-75.66821376,644
17--10799,10/24/2017,10:45 AM,HIGHWAY 417 btwn HWY417 IC130 RAMP35 & HWY417 IC130 RAMP25 (__3ZA298),__3ZA298,01 - Non intersection,03 - P.D. only,03 - Rear end,02 - Rain,01 - Daylight,02 - Wet,10 - No control,,3,0,0,0,,0,,,,,359160.4973,5023055.74,45.34534166,-75.80630687,645
17--10361,10/11/2017,3:28 PM,ORLEANS BLVD btwn BROKEN OAK DR & JEANNE D'ARC BLVD N (__3ZA6BR),__3ZA6BR,01 - Non intersection,02 - Non-fatal injury,03 - Rear end,01 - Clear,01 - Daylight,01 - Dry,10 - No control,,3,0,0,0,02 - Minor,1,,1,,,379985.8513,5038200.307,45.47967897,-75.53827723,646
17--10531,10/17/2017,10:45 AM,MARENGER ST @ ST. JOSEPH BLVD (0003640),3640,02 - Intersection related,03 - P.D. only,05 - Turning movement,01 - Clear,01 - Daylight,01 - Dry,02 - Stop sign,00 - Unknown,2,0,0,0,,0,,,,,379699.7436,5036367.881,45.46322298,-75.54221571,647
17--10532,10/17/2017,11:10 PM,STAGECOACH RD btwn OSGOODE MAIN ST & FOREST RD (__3ZA2CZ),__3ZA2CZ,01 - Non intersection,03 - P.D. only,07 - SMV other,01 - Clear,07 - Dark,01 - Dry,10 - No control,,1,0,0,0,,0,,,,,378060.1536,5003185.703,45.16483919,-75.56808579,648
17--10362,10/11/2017,4:05 PM,PRINCE OF WALES DR btwn COLONNADE RD & STEPHANIE AVE (__3ZA29R),__3ZA29R,01 - Non intersection,03 - P.D. only,03 - Rear end,01 - Clear,01 - Daylight,01 - Dry,10 - No control,,2,0,0,0,,0,,,,,367430.4976,5023178.222,45.34575406,-75.70076771,649
17--10266,10/7/2017,6:27 PM,THORNTON AVE btwn MONK ST & BANK ST (__3ZA910),__3ZA910,01 - Non intersection,03 - P.D. only,06 - SMV unattended vehicle,01 - Clear,07 - Dark,01 - Dry,10 - No control,,1,0,0,0,,0,,,,,368430.66,5029320.067,45.40092671,-75.68721458,650
17--10533,10/17/2017,11:17 AM,WALKLEY RD btwn HARDING RD & HALIFAX DR (__3ZA2EK),__3ZA2EK,04 - At/near private drive,03 - P.D. only,03 - Rear end,01 - Clear,01 - Daylight,01 - Dry,10 - No control,,2,0,0,0,,0,,,,,373591.6339,5027869.421,45.38738636,-75.62150071,651
17--10267,10/7/2017,7:15 PM,LEASIDE AVE @ MERIVALE RD (0006799),6799,02 - Intersection related,03 - P.D. only,05 - Turning movement,01 - Clear,07 - Dark,01 - Dry,02 - Stop sign,01 - Functioning,2,0,0,0,,0,,,,,364875.6574,5027275.782,45.38284673,-75.73286904,652
17--10006,9/30/2017,8:41 AM,CARLING AVE EB btwn BROADVIEW AVE & BOYD AVE (__3ZA4UB),__3ZA4UB,01 - Non intersection,03 - P.D. only,04 - Sideswipe,01 - Clear,01 - Daylight,01 - Dry,10 - No control,,2,0,0,0,,0,,,,,363273.4677,5026678.542,45.37760842,-75.75339703,653
17--10534,10/17/2017,11:20 AM,AVIATION PKWY @ OGILVIE RD (0004114),4114,02 - Intersection related,03 - P.D. only,04 - Sideswipe,01 - Clear,01 - Daylight,01 - Dry,01 - Traffic signal,01 - Functioning,2,0,0,0,,0,,,,,373111.1876,5032376.822,45.42798888,-75.62701097,654
17--10363,10/11/2017,4:09 PM,CONROY RD @ WALKLEY RD (0002648),2648,02 - Intersection related,03 - P.D. only,03 - Rear end,01 - Clear,01 - Daylight,01 - Dry,01 - Traffic signal,01 - Functioning,2,0,0,0,,0,,,,,372903.7226,5027462.985,45.38379664,-75.6303407,655
17--10268,10/7/2017,8:07 PM,AIRPORT PKWY @ HUNT CLUB RD (0010856),10856,02 - Intersection related,03 - P.D. only,01 - Approaching,01 - Clear,07 - Dark,01 - Dry,01 - Traffic signal,01 - Functioning,2,0,0,0,,0,,,,,371019.0745,5023703.545,45.35015116,-75.65490815,656
17--10007,9/30/2017,9:13 PM,GLADSTONE AVE @ KENT ST (0002251),2251,03 - At intersection,03 - P.D. only,05 - Turning movement,01 - Clear,07 - Dark,01 - Dry,01 - Traffic signal,01 - Functioning,2,0,0,0,,0,,,,,367744.1578,5030459.024,45.41123675,-75.69583733,657
17--10535,10/17/2017,11:25 AM,ST. JOSEPH BLVD @ JEANNE D'ARC BLVD (0012421),12421,03 - At intersection,03 - P.D. only,02 - Angle,01 - Clear,01 - Daylight,01 - Dry,11 - Roundabout,01 - Functioning,2,0,0,0,,0,,,,,379861.2159,5036471.818,45.4641408,-75.54013529,658
17--10536,10/17/2017,11:38 AM,FALLOWFIELD RD @ MERIVALE RD (0000587),587,03 - At intersection,03 - P.D. only,02 - Angle,01 - Clear,01 - Daylight,01 - Dry,01 - Traffic signal,01 - Functioning,3,0,0,0,,0,,,,,366892.0471,5018846.476,45.30682554,-75.70818148,659
17--10537,10/17/2017,Unknown,LOUISA ST btwn PRESTON ST & END (__3ZAAHZ),__3ZAAHZ,01 - Non intersection,03 - P.D. only,06 - SMV unattended vehicle,01 - Clear,00 - Unknown,01 - Dry,10 - No control,,1,0,0,0,,0,,,,,366457.0277,5029609.525,45.40370777,-75.71238612,660
17--10538,10/17/2017,Unknown,MARKLAND CRES btwn ROBLYN WAY & ROBLYN WAY (__3ZA6KS),__3ZA6KS,01 - Non intersection,03 - P.D. only,06 - SMV unattended vehicle,01 - Clear,00 - Unknown,01 - Dry,10 - No control,,1,0,0,0,,0,,,,,365812.5382,5016296.103,45.28397207,-75.72226022,661
17--10539,10/17/2017,2:20 PM,ST. JOSEPH BLVD btwn PRESTONE DR & TENTH LINE RD (__3ZA11U),__3ZA11U,01 - Non intersection,03 - P.D. only,04 - Sideswipe,01 - Clear,01 - Daylight,01 - Dry,10 - No control,,2,0,0,0,,0,,,,,382879.5238,5038662.984,45.48352411,-75.50119547,662
17--1054,1/27/2017,10:07 AM,ALBERT ST @ ELGIN ST/MACKENZIE KING BRIDGE (0002226),2226,02 - Intersection related,03 - P.D. only,03 - Rear end,01 - Clear,01 - Daylight,02 - Wet,01 - Traffic signal,01 - Functioning,2,0,0,0,,0,,,,,367850.7116,5031711.581,45.42249726,-75.69431589,663
17--10540,10/17/2017,3:17 PM,HERZBERG RD @ CARLING AVE (0003193),3193,03 - At intersection,02 - Non-fatal injury,05 - Turning movement,01 - Clear,01 - Daylight,01 - Dry,01 - Traffic signal,01 - Functioning,2,0,0,0,01 - Minimal,1,1,,,,352038.0934,5022300.256,45.3390595,-75.89726242,664
17--10541,10/17/2017,3:50 PM,MAYFIELD ST @ MCARTHUR AVE (0009190),9190,02 - Intersection related,03 - P.D. only,02 - Angle,01 - Clear,01 - Daylight,01 - Dry,02 - Stop sign,01 - Functioning,2,0,0,0,,0,,,,,370066.1804,5032674.821,45.43096092,-75.66588118,665