Anom_ID,Accident_Date,Accident_Time,Location,Geo_ID,Accident_Location,Classification_of_Accident,Initial_Impact_Type,Environment_Condition,Light,Road_Surface_Condition,Traffic_Control,Traffic_Control_Condition,No__of_Vehicles,No__of_Bicycles,No__of_Motorcycles,No__of_Pedestrians,Max_Injury,No__of_Injuries,No__of_Minimal,No__of_Minor,No__of_Major,No__of_Fatal,X,Y,Latitude,Longitude,ObjectId
17--10542,10/17/2017,3:52 PM,CARLING AVE @ MAITLAND AVE/SHERBOURNE RD (0002641),2641,02 - Intersection related,03 - P.D. only,04 - Sideswipe,01 - Clear,01 - Daylight,01 - Dry,01 - Traffic signal,01 - Functioning,2,0,0,0,,0,,,,,362943.0324,5026487.858,45.37592017,-75.7576382,666
17--10543,10/17/2017,4:08 PM,GREENHAVEN CRES @ WEST RIDGE DR N (0010230),10230,02 - Intersection related,03 - P.D. only,03 - Rear end,01 - Clear,01 - Daylight,01 - Dry,10 - No control,00 - Unknown,2,0,0,0,,0,,,,,349821.7816,5012594.229,45.25186743,-75.92642129,667
17--10544,10/17/2017,4:15 PM,EDGAR BRAULT ST @ ST. JOSEPH BLVD (0012414),12414,02 - Intersection related,02 - Non-fatal injury,03 - Rear end,01 - Clear,01 - Daylight,01 - Dry,01 - Traffic signal,01 - Functioning,2,0,0,0,01 - Minimal,1,1,,,,381419.6995,5037546.738,45.47364283,-75.5200411,668
17--10545,10/17/2017,4:36 PM,PRINCE OF WALES DR btwn NORMANDY CRES & FALAISE RD (1) (__3ZA36P),__3ZA36P,01 - Non intersection,03 - P.D. only,03 - Rear end,01 - Clear,01 - Daylight,01 - Dry,10 - No control,,3,0,0,0,,0,,,,,367463.9629,5024887.418,45.36113006,-75.70012407,669
17--10546,10/17/2017,4:39 PM,BANK ST @ MACLAREN ST (0007275),7275,02 - Intersection related,02 - Non-fatal injury,03 - Rear end,01 - Clear,01 - Daylight,01 - Dry,01 - Traffic signal,00 - Unknown,2,0,0,0,01 - Minimal,1,1,,,,367741.1674,5030846.382,45.41472235,-75.69582607,670
17--10547,10/17/2017,5:01 PM,MAPLE GROVE RD @ TERRY FOX DR (0003177),3177,02 - Intersection related,03 - P.D. only,05 - Turning movement,01 - Clear,01 - Daylight,01 - Dry,01 - Traffic signal,01 - Functioning,2,0,0,0,,0,,,,,351555.2808,5017864.465,45.29917756,-75.90384128,671
17--10548,10/17/2017,5:28 PM,FALLOWFIELD RD @ STRANDHERD DR (0005238),5238,02 - Intersection related,03 - P.D. only,03 - Rear end,01 - Clear,01 - Daylight,01 - Dry,01 - Traffic signal,01 - Functioning,2,0,0,0,,0,,,,,360751.8904,5014962.823,45.27239614,-75.78691441,672
17--10549,10/17/2017,5:35 PM,MONTREAL RD btwn BORTHWICK AVE & CUMMINGS AVE (__3ZA3UE),__3ZA3UE,01 - Non intersection,03 - P.D. only,04 - Sideswipe,01 - Clear,01 - Daylight,01 - Dry,10 - No control,,2,0,0,0,,0,,,,,371962.7373,5034019.521,45.44288033,-75.64146192,673
17--1055,1/27/2017,10:10 AM,CARP RD @ THOMAS A. DOLAN PKWY (0002118),2118,03 - At intersection,03 - P.D. only,02 - Angle,01 - Clear,01 - Daylight,01 - Dry,02 - Stop sign,01 - Functioning,2,0,0,0,,0,,,,,336458.9954,5025991.513,45.37315105,-76.09580236,674
17--10550,10/17/2017,5:45 AM,TERRY FOX DR btwn HUNTSVILLE DR & OLD SECOND LINE RD (__8IAYIU),__8IAYIU,01 - Non intersection,03 - P.D. only,07 - SMV other,01 - Clear,07 - Dark,01 - Dry,10 - No control,,1,0,0,0,,0,,,,,348077.002,5020190.377,45.32032973,-75.94798621,675
17--10551,10/17/2017,6:00 AM,AVIATION PKWY @ MONTREAL RD (0008799),8799,03 - At intersection,03 - P.D. only,05 - Turning movement,01 - Clear,07 - Dark,01 - Dry,01 - Traffic signal,01 - Functioning,2,0,0,0,,0,,,,,372146.7166,5034107.873,45.44365758,-75.6390983,676
17--10552,10/17/2017,6:04 PM,CATHERINE ST @ QUEEN ELIZABETH DRWY (0002627),2627,03 - At intersection,03 - P.D. only,05 - Turning movement,01 - Clear,01 - Daylight,01 - Dry,10 - No control,00 - Unknown,2,0,0,0,,0,,,,,368672.0731,5030634.567,45.41273216,-75.68396091,677
17--10553,10/17/2017,6:34 PM,STAGECOACH RD btwn DALMENY RD & FAWN LANE (__3ZAZ9V),__3ZAZ9V,01 - Non intersection,03 - P.D. only,07 - SMV other,01 - Clear,07 - Dark,01 - Dry,10 - No control,,1,0,0,0,,0,,,,,378807.0727,4997407.215,45.11276764,-75.55944106,678
17--10554,10/17/2017,6:58 AM,LEITRIM RD @ ALBION RD (0012479),12479,03 - At intersection,02 - Non-fatal injury,07 - SMV other,01 - Clear,03 - Dawn,01 - Dry,01 - Traffic signal,01 - Functioning,1,0,0,1,02 - Minor,1,,1,,,373493.895,5020422.942,45.32039543,-75.62378335,679
17--10555,10/17/2017,7:05 PM,MONTREAL RD btwn ST. LAURENT BLVD & HILLSIDE DR (__3ZA1MC),__3ZA1MC,01 - Non intersection,03 - P.D. only,02 - Angle,01 - Clear,05 - Dusk,01 - Dry,10 - No control,,2,0,0,0,,0,,,,,371695.5094,5033889.021,45.44173178,-75.64489524,680
17--10556,10/17/2017,7:20 PM,INDUSTRIAL AVE btwn RIVERSIDE DR & SANDFORD FLEMING AVE (__3ZA3PG),__3ZA3PG,01 - Non intersection,03 - P.D. only,04 - Sideswipe,01 - Clear,07 - Dark,01 - Dry,10 - No control,,2,0,0,0,,0,,,,,370833.3577,5030566.755,45.41192141,-75.65636007,681
17--10557,10/17/2017,7:35 AM,HWY417 IC112 RAMP55 btwn INNES RD & HIGHWAY 417 (__3ZAY5I),__3ZAY5I,01 - Non intersection,03 - P.D. only,03 - Rear end,01 - Clear,01 - Daylight,01 - Dry,10 - No control,,2,0,0,0,,0,,,,,374685.3525,5030701.654,45.4127611,-75.60713383,682
17--10558,10/17/2017,8:16 AM,RAMSAYVILLE RD @ MITCH OWENS RD (0003575),3575,02 - Intersection related,03 - P.D. only,03 - Rear end,01 - Clear,01 - Daylight,01 - Dry,02 - Stop sign,00 - Unknown,3,0,0,0,,0,,,,,381144.7914,5018038.2,45.29814856,-75.52657409,683
17--10559,10/17/2017,8:40 AM,VISTAPARK DR @ BRANTHAVEN ST (0013435),13435,02 - Intersection related,03 - P.D. only,02 - Angle,01 - Clear,01 - Daylight,01 - Dry,10 - No control,00 - Unknown,2,0,0,0,,0,,,,,385024.939,5034951.356,45.44988718,-75.4743612,684
17--1056,1/27/2017,10:11 AM,MERIVALE RD @ WOODFIELD DR/ROYDON PL (0009776),9776,02 - Intersection related,02 - Non-fatal injury,03 - Rear end,01 - Clear,01 - Daylight,01 - Dry,01 - Traffic signal,01 - Functioning,2,0,0,0,01 - Minimal,2,2,,,,365462.7011,5022298.499,45.33801138,-75.72598443,685
17--10560,10/17/2017,8:42 PM,FLEWELLYN RD btwn MUNSTER RD & CONLEY RD (__3ZACRD),__3ZACRD,01 - Non intersection,03 - P.D. only,07 - SMV other,01 - Clear,07 - Dark,01 - Dry,10 - No control,,1,0,0,0,,0,,,,,346831.9374,5006680.409,45.19883699,-75.96500965,686
17--10561,10/17/2017,9:03 AM,ALLEN BLVD @ MCARTHUR AVE (0009809),9809,03 - At intersection,02 - Non-fatal injury,04 - Sideswipe,01 - Clear,01 - Daylight,01 - Dry,01 - Traffic signal,01 - Functioning,2,0,0,0,02 - Minor,1,,1,,,370751.1785,5032750.282,45.43157563,-75.65711757,687
17--10562,10/17/2017,9:39 PM,RICHMOND RD btwn WEST HUNT CLUB RD & STONEHAVEN DR (__3ZA41H),__3ZA41H,01 - Non intersection,03 - P.D. only,07 - SMV other,01 - Clear,07 - Dark,01 - Dry,10 - No control,,1,0,0,0,,0,,,,,356931.156,5017176.304,45.29260705,-75.83537229,688
17--10563,10/17/2017,9:47 AM,EARL MULLIGAN DR @ WOODROFFE AVE (0000591),591,03 - At intersection,03 - P.D. only,02 - Angle,01 - Clear,01 - Daylight,01 - Dry,01 - Traffic signal,01 - Functioning,2,0,0,0,,0,,,,,365250.2278,5017505.277,45.29490074,-75.72928011,689
17--10564,10/18/2017,1:47 AM,INNES RD @ JEANNE D'ARC BLVD/MER BLEUE RD (0012475),12475,02 - Intersection related,03 - P.D. only,07 - SMV other,01 - Clear,07 - Dark,01 - Dry,01 - Traffic signal,01 - Functioning,1,0,0,0,,0,,,,,382637.2441,5035569.592,45.45571954,-75.50478424,690
17--10565,10/18/2017,10:44 AM,HWY 417 MAITLAND IC126R26/62 @ MAITLAND AVE (0008228),8228,02 - Intersection related,03 - P.D. only,05 - Turning movement,01 - Clear,01 - Daylight,01 - Dry,01 - Traffic signal,02 - Not functioning,2,0,0,0,,0,,,,,363146.0782,5025983.261,45.37136299,-75.75510557,691
17--10566,10/18/2017,10:46 AM,WEST HUNT CLUB RD @ ANTARES DR/LASER ST (0000116),116,02 - Intersection related,03 - P.D. only,03 - Rear end,01 - Clear,01 - Daylight,01 - Dry,01 - Traffic signal,01 - Functioning,2,0,0,0,,0,,,,,367107.3769,5022080.164,45.33590271,-75.70502896,692
17--10567,10/18/2017,11:09 AM,MONTREAL RD @ DUCHARME BLVD/CANTIN ST (0009319),9319,02 - Intersection related,03 - P.D. only,04 - Sideswipe,01 - Clear,01 - Daylight,01 - Dry,01 - Traffic signal,01 - Functioning,2,0,0,0,,0,,,,,371017.6134,5033565.992,45.43888985,-75.65360308,693
17--10568,10/18/2017,11:12 AM,RICHMOND RD btwn NEW ORCHARD AVE & WOODROFFE AVE (__3ZA4L0),__3ZA4L0,01 - Non intersection,03 - P.D. only,05 - Turning movement,01 - Clear,01 - Daylight,01 - Dry,10 - No control,,2,0,0,0,,0,,,,,361526.158,5026576.262,45.37683176,-75.77571702,694
17--10569,10/18/2017,11:30 AM,HIGHWAY 417 btwn HIGHWAY 417 & HWY417 IC129 RAMP51 (__3ZA290),__3ZA290,01 - Non intersection,03 - P.D. only,03 - Rear end,01 - Clear,01 - Daylight,01 - Dry,10 - No control,,2,0,0,0,,0,,,,,359814.644,5023141.155,45.34605922,-75.79795045,695
17--1057,1/27/2017,10:49 PM,SAXONY CRES btwn NORDIC WAY & NORDIC WAY (__3ZA7XG),__3ZA7XG,01 - Non intersection,03 - P.D. only,06 - SMV unattended vehicle,01 - Clear,07 - Dark,05 - Packed snow,10 - No control,,1,0,0,0,,0,,,,,374906.687,5031297.721,45.41810205,-75.60422158,696
17--10570,10/18/2017,Unknown,CARRUTHERS AVE btwn STONEHURST AVE & SCOTT ST (__3ZAAJ8),__3ZAAJ8,01 - Non intersection,03 - P.D. only,06 - SMV unattended vehicle,01 - Clear,00 - Unknown,01 - Dry,10 - No control,,1,0,0,0,,0,,,,,365140.3215,5029879.969,45.4062559,-75.72917123,697
17--10571,10/18/2017,2:23 PM,HUNT CLUB RD @ RIVERSIDE DR (0002237),2237,03 - At intersection,03 - P.D. only,02 - Angle,01 - Clear,01 - Daylight,01 - Dry,01 - Traffic signal,01 - Functioning,2,0,0,0,,0,,,,,368037.1764,5021945.735,45.33460997,-75.69318413,698
17--10572,10/18/2017,3:05 PM,PRINCE OF WALES DR @ WEST HUNT CLUB RD (0000567),567,02 - Intersection related,03 - P.D. only,03 - Rear end,01 - Clear,01 - Daylight,01 - Dry,01 - Traffic signal,01 - Functioning,2,0,0,0,,0,,,,,367458.7103,5021891.775,45.33417634,-75.70057064,699
17--10573,10/18/2017,3:21 PM,ST. JOSEPH BLVD btwn EDGAR BRAULT ST & MAISONNEUVE ST (__3ZA2AT),__3ZA2AT,04 - At/near private drive,03 - P.D. only,02 - Angle,01 - Clear,01 - Daylight,01 - Dry,10 - No control,,2,0,0,0,,0,,,,,381449.3777,5037567.289,45.47382448,-75.51965836,700
17--10574,10/18/2017,3:45 PM,HIGHWAY 417 btwn HWY417 IC119A RAMP75 & HWY417 IC118 RAMP57 (__3ZA2R2),__3ZA2R2,01 - Non intersection,03 - P.D. only,03 - Rear end,01 - Clear,01 - Daylight,01 - Dry,10 - No control,,2,0,0,0,,0,,,,,368829.2914,5030635.016,45.41272183,-75.68195242,701
17--10575,10/18/2017,4:06 PM,COBOURG ST btwn OLD ST. PATRICK ST & OLD TOWN PRIV (__381V9N),__381V9N,01 - Non intersection,03 - P.D. only,04 - Sideswipe,01 - Clear,01 - Daylight,01 - Dry,10 - No control,,2,0,0,0,,0,,,,,368825.1809,5033167.258,45.4355064,-75.6816758,702
17--10576,10/18/2017,4:29 PM,BELCOURT BLVD @ INNES RD (0004202),4202,02 - Intersection related,02 - Non-fatal injury,03 - Rear end,01 - Clear,01 - Daylight,01 - Dry,01 - Traffic signal,01 - Functioning,3,0,0,0,01 - Minimal,1,1,,,,382121.4469,5035267.194,45.45305608,-75.5114257,703
17--10577,10/18/2017,4:31 PM,HWY 417 VANIER IC117R63 @ VANIER PKWY (0002101),2101,02 - Intersection related,03 - P.D. only,03 - Rear end,01 - Clear,01 - Daylight,01 - Dry,01 - Traffic signal,01 - Functioning,2,0,0,0,,0,,,,,370800.146,5031398.595,45.4194091,-75.65667293,704
17--10578,10/18/2017,4:51 PM,BELFAST RD @ TREMBLAY RD (0002698),2698,02 - Intersection related,03 - P.D. only,03 - Rear end,01 - Clear,05 - Dusk,01 - Dry,01 - Traffic signal,01 - Functioning,2,0,0,0,,0,,,,,371557.6332,5031320.835,45.41863758,-75.64700563,705
17--10579,10/18/2017,4:57 PM,MURPHY SIDE RD @ SECOND LINE RD (0009044),9044,03 - At intersection,03 - P.D. only,02 - Angle,01 - Clear,01 - Daylight,01 - Dry,02 - Stop sign,01 - Functioning,2,0,0,0,,0,,,,,343968.1085,5027532.07,45.38663393,-75.9998129,706
17--1058,1/27/2017,11:10 AM,GREENBANK RD @ MALVERN DR/FOXFIELD DR (0009821),9821,03 - At intersection,02 - Non-fatal injury,05 - Turning movement,01 - Clear,01 - Daylight,01 - Dry,01 - Traffic signal,01 - Functioning,2,0,0,0,01 - Minimal,1,1,,,,363311.3995,5016194.824,45.28327341,-75.75415193,707
17--10580,10/18/2017,5:00 PM,BLACKBURN AVE @ LAURIER AVE (0007757),7757,03 - At intersection,03 - P.D. only,02 - Angle,01 - Clear,01 - Daylight,01 - Dry,02 - Stop sign,01 - Functioning,2,0,0,0,,0,,,,,369187.7146,5032307.816,45.42774018,-75.67715501,708
17--10581,10/18/2017,5:01 PM,EARL ARMSTRONG RD @ BOWESVILLE RD (0009411),9411,03 - At intersection,03 - P.D. only,02 - Angle,01 - Clear,01 - Daylight,01 - Dry,02 - Stop sign,01 - Functioning,2,0,0,0,,0,,,,,372560.2676,5017441.647,45.29366132,-75.63609834,709
17--10582,10/18/2017,5:10 PM,STITTSVILLE MAIN ST @ HAZELDEAN RD (0000050),50,02 - Intersection related,02 - Non-fatal injury,03 - Rear end,01 - Clear,01 - Daylight,01 - Dry,01 - Traffic signal,01 - Functioning,2,0,0,0,01 - Minimal,1,1,,,,349557.4514,5014878.954,45.27244308,-75.92958286,710
17--10583,10/18/2017,5:31 PM,WALKLEY RD btwn BAYCREST DR & HEATHERINGTON RD (__3ZA361),__3ZA361,04 - At/near private drive,03 - P.D. only,03 - Rear end,01 - Clear,01 - Daylight,01 - Dry,10 - No control,,2,0,0,0,,0,,,,,371530.2788,5026655.927,45.37666722,-75.64798617,711
17--10584,10/18/2017,5:45 PM,HAWTHORNE RD @ HUNT CLUB RD (0007651),7651,02 - Intersection related,03 - P.D. only,03 - Rear end,01 - Clear,01 - Daylight,01 - Dry,01 - Traffic signal,01 - Functioning,2,0,0,0,,0,,,,,375507.2072,5026407.343,45.37404055,-75.59725041,712
17--10585,10/18/2017,5:49 PM,MITCH OWENS RD btwn RIVER RD & SPRATT RD (__3ZA38F),__3ZA38F,04 - At/near private drive,03 - P.D. only,02 - Angle,01 - Clear,01 - Daylight,01 - Dry,10 - No control,,2,0,0,0,,0,,,,,369742.9004,5010915.768,45.23520835,-75.67286739,713
17--10586,10/18/2017,6:42 PM,CARLING AVE @ IROQUOIS RD (0003145),3145,03 - At intersection,02 - Non-fatal injury,07 - SMV other,01 - Clear,07 - Dark,01 - Dry,01 - Traffic signal,01 - Functioning,1,0,0,2,02 - Minor,2,,2,,,362214.6418,5026026.247,45.3718267,-75.76699108,714
17--10587,10/18/2017,6:51 AM,MCCORDICK RD btwn MCMULLEN RD & FAIRHURST DR (__3ZBO74),__3ZBO74,01 - Non intersection,03 - P.D. only,07 - SMV other,01 - Clear,03 - Dawn,01 - Dry,10 - No control,,1,0,0,0,,0,,,,,369225.5595,4993182.21,45.07568829,-75.68174264,715
17--10588,10/18/2017,7:15 AM,BRIAN COBURN BLVD @ TENTH LINE RD (0013966),13966,03 - At intersection,02 - Non-fatal injury,07 - SMV other,01 - Clear,01 - Daylight,01 - Dry,01 - Traffic signal,01 - Functioning,1,0,0,1,01 - Minimal,1,1,,,,384428.3389,5035022.308,45.45059377,-75.48197576,716
17--10589,10/18/2017,7:15 PM,LAKESIDE AVE @ QUEEN ELIZABETH DRWY (0002625),2625,02 - Intersection related,03 - P.D. only,03 - Rear end,01 - Clear,07 - Dark,01 - Dry,02 - Stop sign,01 - Functioning,2,0,0,0,,0,,,,,367455.7079,5028711.552,45.39553939,-75.69974418,717
17--1059,1/27/2017,Unknown,DES GRANDS CHAMPS btwn BRETTON PL & CAVALIER WAY (2) (__3ZACGX),__3ZACGX,01 - Non intersection,03 - P.D. only,06 - SMV unattended vehicle,01 - Clear,00 - Unknown,04 - Slush,10 - No control,,1,0,0,0,,0,,,,,380583.5148,5033295.283,45.43548281,-75.53138938,718
17--10590,10/18/2017,7:27 AM,GREENBANK RD @ WEST HUNT CLUB RD (0005167),5167,02 - Intersection related,03 - P.D. only,03 - Rear end,01 - Clear,01 - Daylight,01 - Dry,01 - Traffic signal,01 - Functioning,2,0,0,0,,0,,,,,361478.5915,5020503.293,45.32219131,-75.77702034,719
17--10591,10/18/2017,7:35 PM,HAWTHORNE RD @ LEITRIM RD (0009269),9269,02 - Intersection related,03 - P.D. only,03 - Rear end,01 - Clear,07 - Dark,01 - Dry,01 - Traffic signal,01 - Functioning,2,0,0,0,,0,,,,,377041.3956,5022699.817,45.34052562,-75.5782071,720
17--10592,10/18/2017,7:55 AM,BRIAN COBURN BLVD btwn CHAPERAL PRIV & MER BLEUE RD (e___2HGI),e___2HGI,01 - Non intersection,02 - Non-fatal injury,03 - Rear end,01 - Clear,01 - Daylight,01 - Dry,10 - No control,,2,0,0,0,01 - Minimal,2,2,,,,383305.05,5034512.789,45.44613664,-75.49641574,721
17--10593,10/18/2017,8:37 PM,UPPER DWYER HILL RD btwn CARROLL SIDE RD & MARCH RD (__3ZA4QC),__3ZA4QC,01 - Non intersection,03 - P.D. only,07 - SMV other,01 - Clear,07 - Dark,01 - Dry,10 - No control,,1,0,0,0,,0,,,,,333917.1754,5014470.895,45.26959268,-76.12893098,722
17--10594,10/18/2017,8:49 AM,OLD INNES RD @ BANTREE ST (0007674),7674,03 - At intersection,03 - P.D. only,05 - Turning movement,01 - Clear,01 - Daylight,01 - Dry,02 - Stop sign,00 - Unknown,2,0,0,0,,0,,,,,373727.6483,5030352.499,45.40971456,-75.61941697,723
17--10595,10/18/2017,9:15 AM,HWY417 IC104 RAMP61 btwn ANDERSON RD & HIGHWAY 417 (__3ZAY0E),__3ZAY0E,01 - Non intersection,03 - P.D. only,03 - Rear end,01 - Clear,01 - Daylight,01 - Dry,10 - No control,,2,0,0,0,,0,,,,,380066.9089,5026255.497,45.37219941,-75.53906584,724
17--10596,10/18/2017,9:15 PM,CONROY RD @ JOHNSTON RD (0011908),11908,03 - At intersection,02 - Non-fatal injury,02 - Angle,01 - Clear,07 - Dark,01 - Dry,01 - Traffic signal,01 - Functioning,2,1,0,0,02 - Minor,1,,1,,,373397.1416,5026307.791,45.37335455,-75.62420114,725
17--10597,10/18/2017,9:45 PM,HIGHWAY 417 btwn REGIONAL ROAD 174 & HWY417 IC113 RAMP62 (__3ZA280),__3ZA280,01 - Non intersection,03 - P.D. only,03 - Rear end,01 - Clear,07 - Dark,01 - Dry,10 - No control,,3,0,0,0,,0,,,,,373598.1933,5031863.638,45.42332378,-75.62085965,726
17--10598,10/18/2017,9:46 PM,VIEWMOUNT DR btwn MERIVALE RD & GRANT CARMAN DR (__3ZA0AL),__3ZA0AL,04 - At/near private drive,03 - P.D. only,02 - Angle,01 - Clear,07 - Dark,01 - Dry,10 - No control,,2,0,0,0,,0,,,,,365298.2456,5023010.363,45.34443084,-75.72799553,727
17--10599,10/19/2017,1:03 PM,RENAUD RD @ NAVAN RD (0003685),3685,02 - Intersection related,03 - P.D. only,02 - Angle,01 - Clear,01 - Daylight,01 - Dry,01 - Traffic signal,01 - Functioning,2,0,0,0,,0,,,,,381816.7611,5032737.266,45.43032747,-75.51571652,728
17--106,1/4/2017,1:20 PM,CARLING AVE @ KIRKWOOD AVE S (0002209),2209,03 - At intersection,03 - P.D. only,05 - Turning movement,01 - Clear,01 - Daylight,02 - Wet,01 - Traffic signal,01 - Functioning,2,0,0,0,,0,,,,,364352.5589,5027334.974,45.383424,-75.73954097,729
17--1060,1/27/2017,Unknown,LAURIER AVE   W btwn BAY ST & LYON ST N (__3ZA338),__3ZA338,01 - Non intersection,03 - P.D. only,06 - SMV unattended vehicle,03 - Snow,00 - Unknown,04 - Slush,10 - No control,,1,0,0,0,,0,,,,,367078.5181,5031024.997,45.41638876,-75.70426907,730
17--10600,10/19/2017,1:49 PM,STRANDHERD DR @ WOODROFFE AVE (0009688),9688,02 - Intersection related,03 - P.D. only,03 - Rear end,01 - Clear,01 - Daylight,01 - Dry,01 - Traffic signal,01 - Functioning,2,0,0,0,,0,,,,,366105.6113,5015394.335,45.27583251,-75.71863608,731
17--10601,10/19/2017,10:25 AM,CARP RD @ GALETTA SIDE RD (0001771),1771,03 - At intersection,03 - P.D. only,02 - Angle,01 - Clear,01 - Daylight,01 - Dry,02 - Stop sign,01 - Functioning,2,0,0,0,,0,,,,,328150.6384,5035348.416,45.45767476,-76.20143199,732
17--10602,10/19/2017,11:30 AM,ST. JOSEPH BLVD @ JEANNE D'ARC BLVD (0012421),12421,02 - Intersection related,03 - P.D. only,03 - Rear end,01 - Clear,01 - Daylight,01 - Dry,11 - Roundabout,01 - Functioning,2,0,0,0,,0,,,,,379861.2852,5036471.31,45.46413622,-75.54013448,733
17--10603,10/19/2017,11:33 AM,CHARLEMAGNE BLVD @ VALADE CRES W (0004102),4102,03 - At intersection,03 - P.D. only,05 - Turning movement,01 - Clear,01 - Daylight,01 - Dry,02 - Stop sign,01 - Functioning,2,0,0,0,,0,,,,,383393.9302,5038002.511,45.47752406,-75.49472181,734
17--10604,10/19/2017,11:35 AM,RICHMOND RD btwn WINSTON AVE & CHURCHILL AVE N (__3ZA4OS),__3ZA4OS,04 - At/near private drive,03 - P.D. only,06 - SMV unattended vehicle,01 - Clear,01 - Daylight,01 - Dry,10 - No control,,1,0,0,0,,0,,,,,363128.2855,5028223.676,45.39152342,-75.75506801,735
17--10605,10/19/2017,11:48 AM,CATHERINE ST @ KENT ST (0002707),2707,03 - At intersection,03 - P.D. only,05 - Turning movement,01 - Clear,01 - Daylight,01 - Dry,01 - Traffic signal,01 - Functioning,2,0,0,0,,0,,,,,367907.7075,5030187.854,45.40878212,-75.69378277,736
17--10606,10/19/2017,Unknown,PAULA CRES btwn BERNADETTE PL & BANNER RD (__3ZBNFR),__3ZBNFR,01 - Non intersection,03 - P.D. only,06 - SMV unattended vehicle,01 - Clear,00 - Unknown,01 - Dry,10 - No control,,1,0,0,0,,0,,,,,360134.797,5021422.275,45.33056754,-75.79405746,737
17--10607,10/19/2017,Unknown,GLEESON WAY btwn FINCHLEY DR & BEATRICE DR (__37BWAM),__37BWAM,01 - Non intersection,03 - P.D. only,06 - SMV unattended vehicle,01 - Clear,00 - Unknown,01 - Dry,10 - No control,,1,0,0,0,,0,,,,,365256.3045,5015784.428,45.2794161,-75.72941233,738
17--10608,10/19/2017,12:02 AM,REGIONAL ROAD 174 btwn OR174 IC112 RAMP15 & TRANSIT (__3ZA2WA),__3ZA2WA,01 - Non intersection,02 - Non-fatal injury,99 - Other,01 - Clear,07 - Dark,01 - Dry,10 - No control,,2,0,0,0,03 - Major,2,,1,1,,375184.8985,5033115.321,45.43442787,-75.60040747,739
17--10609,10/19/2017,12:03 AM,SOMERSET ST    W btwn BOOTH ST & UPPER LORNE PL (__3ZA328),__3ZA328,01 - Non intersection,03 - P.D. only,04 - Sideswipe,01 - Clear,07 - Dark,01 - Dry,10 - No control,,2,0,0,0,,0,,,,,366599.327,5030260.632,45.40955371,-75.71048694,740
17--1061,1/27/2017,Unknown,NELSON ST @ WILBROD ST (0007771),7771,02 - Intersection related,03 - P.D. only,06 - SMV unattended vehicle,01 - Clear,00 - Unknown,04 - Slush,02 - Stop sign,01 - Functioning,1,0,0,0,,0,,,,,368813.7111,5032224.439,45.42702432,-75.68194495,741
17--10610,10/19/2017,12:15 PM,FISHER AVE @ MEADOWLANDS DR (0002120),2120,03 - At intersection,03 - P.D. only,02 - Angle,01 - Clear,01 - Daylight,01 - Dry,01 - Traffic signal,01 - Functioning,2,0,0,0,,0,,,,,366575.3994,5025044.777,45.36262481,-75.7114454,742
17--10611,10/19/2017,12:20 PM,210 W OF MERIVALE RD @ WEST HUNT CLUB RD (0004688),4688,03 - At intersection,03 - P.D. only,05 - Turning movement,01 - Clear,01 - Daylight,01 - Dry,01 - Traffic signal,00 - Unknown,2,0,0,0,,0,,,,,365430.6371,5021830.432,45.33380255,-75.72645085,743
17--10612,10/19/2017,12:35 PM,WEST HUNT CLUB RD @ CLEOPATRA DR/LANCELOT DR (0000114),114,03 - At intersection,02 - Non-fatal injury,05 - Turning movement,01 - Clear,01 - Daylight,01 - Dry,01 - Traffic signal,01 - Functioning,3,0,0,0,02 - Minor,1,,1,,,365235.7615,5021732.432,45.33293756,-75.72894889,744
17--10613,10/19/2017,12:45 AM,OR174 IC102 RAMP36 btwn REGIONAL ROAD 174 & TRANSIT (__3ZAY7Y),__3ZAY7Y,07 - Overpass or bridge,03 - P.D. only,07 - SMV other,01 - Clear,07 - Dark,01 - Dry,10 - No control,,1,0,0,0,,0,,,,,381447.6349,5038216.186,45.47966289,-75.5195794,745
17--10614,10/19/2017,12:51 PM,COLONNADE RD @ MERIVALE RD (0004569),4569,02 - Intersection related,02 - Non-fatal injury,03 - Rear end,01 - Clear,01 - Daylight,01 - Dry,01 - Traffic signal,01 - Functioning,2,0,0,0,01 - Minimal,1,1,,,,365364.2377,5022544.225,45.3402309,-75.72721057,746
17--10615,10/19/2017,2:36 PM,BANK ST @ QUEENSDALE AVE (0009260),9260,03 - At intersection,03 - P.D. only,05 - Turning movement,01 - Clear,01 - Daylight,01 - Dry,01 - Traffic signal,01 - Functioning,2,0,0,0,,0,,,,,373337.3921,5023446.115,45.34761217,-75.62536072,747
17--10616,10/19/2017,3:10 PM,OTTAWA RIVER PKWY @ ISLAND PARK DR (0002127),2127,02 - Intersection related,03 - P.D. only,04 - Sideswipe,01 - Clear,01 - Daylight,01 - Dry,01 - Traffic signal,01 - Functioning,2,0,0,0,,0,,,,,363298.9585,5029453.884,45.40257838,-75.75274258,748