Anom_ID,Accident_Date,Accident_Time,Location,Geo_ID,Accident_Location,Classification_of_Accident,Initial_Impact_Type,Environment_Condition,Light,Road_Surface_Condition,Traffic_Control,Traffic_Control_Condition,No__of_Vehicles,No__of_Bicycles,No__of_Motorcycles,No__of_Pedestrians,Max_Injury,No__of_Injuries,No__of_Minimal,No__of_Minor,No__of_Major,No__of_Fatal,X,Y,Latitude,Longitude,ObjectId
17--10617,10/19/2017,4:11 PM,TENTH LINE RD @ CHARLEMAGNE BLVD S/DES EPINETT (0003686),3686,03 - At intersection,03 - P.D. only,02 - Angle,01 - Clear,01 - Daylight,01 - Dry,01 - Traffic signal,01 - Functioning,2,0,0,0,,0,,,,,383640.9751,5036900.456,45.46758093,-75.49173924,749
17--10618,10/19/2017,4:21 PM,BANK ST @ CATHERINE ST (0002708),2708,02 - Intersection related,02 - Non-fatal injury,07 - SMV other,01 - Clear,01 - Daylight,01 - Dry,01 - Traffic signal,01 - Functioning,1,0,0,1,01 - Minimal,1,1,,,,368039.5565,5030266.67,45.40947938,-75.69208843,750
17--10364,10/11/2017,4:14 PM,MELFORT ST @ WALKLEY RD (0008805),8805,02 - Intersection related,03 - P.D. only,03 - Rear end,01 - Clear,01 - Daylight,01 - Dry,01 - Traffic signal,00 - Unknown,2,0,0,0,,0,,,,,374446.8231,5028374.353,45.39184498,-75.61050963,751
17--10269,10/7/2017,8:18 PM,AVIATION PKWY @ MONTREAL RD (0008799),8799,02 - Intersection related,02 - Non-fatal injury,03 - Rear end,01 - Clear,07 - Dark,01 - Dry,01 - Traffic signal,01 - Functioning,2,0,0,0,01 - Minimal,1,1,,,,372148.3559,5034107.49,45.44365397,-75.63907739,752
17--10008,10/1/2017,1:00 AM,HWY417 IC88 RAMP51 btwn HIGHWAY 417 & ROCKDALE RD (__3ZAY02),__3ZAY02,01 - Non intersection,03 - P.D. only,07 - SMV other,01 - Clear,07 - Dark,01 - Dry,10 - No control,,1,0,0,0,,0,,,,,394974.9941,5022398.16,45.33573586,-75.34947293,753
17--1027,1/26/2017,11:00 AM,BASELINE RD @ WOODROFFE AVE (0002225),2225,02 - Intersection related,02 - Non-fatal injury,04 - Sideswipe,03 - Snow,01 - Daylight,02 - Wet,01 - Traffic signal,01 - Functioning,2,0,0,0,01 - Minimal,1,1,,,,362548.1893,5023770.129,45.35149896,-75.76299668,754
17--10365,10/11/2017,4:33 PM,WELLINGTON ST    W btwn HAMILTON AVE N & PARKDALE AVE (__3ZA4QX),__3ZA4QX,01 - Non intersection,03 - P.D. only,04 - Sideswipe,01 - Clear,01 - Daylight,01 - Dry,10 - No control,,2,0,0,0,,0,,,,,365105.2036,5029246.65,45.40056047,-75.72969726,755
17--10009,10/1/2017,1:01 PM,BRONSON AVE btwn RENFREW AVE & POWELL AVE (__3ZA3BZ),__3ZA3BZ,04 - At/near private drive,03 - P.D. only,02 - Angle,01 - Clear,01 - Daylight,01 - Dry,10 - No control,,2,0,0,0,,0,,,,,367358.3509,5029547.738,45.40307186,-75.70088147,756
17--10270,10/7/2017,8:53 AM,HAWTHORNE RD @ HUNT CLUB RD (0007651),7651,03 - At intersection,02 - Non-fatal injury,03 - Rear end,01 - Clear,01 - Daylight,01 - Dry,01 - Traffic signal,01 - Functioning,2,0,0,0,02 - Minor,1,,1,,,375508.3578,5026407.283,45.37403989,-75.59723573,757
17--10366,10/11/2017,4:57 PM,RICHMOND RD btwn NEW ORCHARD AVE & WOODROFFE AVE (__3ZA4L0),__3ZA4L0,04 - At/near private drive,03 - P.D. only,99 - Other,01 - Clear,01 - Daylight,01 - Dry,10 - No control,,2,0,0,0,,0,,,,,361408.3727,5026405.662,45.37530624,-75.77724034,758
17--1001,1/25/2017,4:38 PM,PRINCE OF WALES DR btwn DEAKIN ST & WATERBEND LANE (__3ZA1H3),__3ZA1H3,01 - Non intersection,03 - P.D. only,03 - Rear end,01 - Clear,01 - Daylight,01 - Dry,10 - No control,,3,0,0,0,,0,,,,,367393.4763,5021533.08,45.33095468,-75.7014482,759
17--10271,10/8/2017,1:01 AM,MEADOWLANDS DR @ MERIVALE RD (0000625),625,02 - Intersection related,03 - P.D. only,01 - Approaching,01 - Clear,07 - Dark,01 - Dry,01 - Traffic signal,01 - Functioning,2,0,0,0,,0,,,,,364858.6999,5023726.603,45.35091325,-75.73351699,760
17--10367,10/11/2017,5:19 PM,BANK ST @ JOHNSTON RD (0006967),6967,02 - Intersection related,03 - P.D. only,03 - Rear end,01 - Clear,01 - Daylight,01 - Dry,01 - Traffic signal,01 - Functioning,2,0,0,0,,0,,,,,370851.7873,5024839.646,45.36038921,-75.65689106,761
17--10010,10/1/2017,1:09 PM,DAIRY DR @ SOUTH FRONTAGE (0013868),13868,03 - At intersection,03 - P.D. only,05 - Turning movement,01 - Clear,01 - Daylight,01 - Dry,02 - Stop sign,00 - Unknown,2,0,0,0,,0,,,,,384734.3019,5039695.615,45.4926048,-75.47730451,762
17--10272,10/8/2017,1:51 PM,PRESTON ST @ SPRUCE ST (0005103),5103,02 - Intersection related,03 - P.D. only,06 - SMV unattended vehicle,01 - Clear,01 - Daylight,01 - Dry,02 - Stop sign,00 - Unknown,1,0,0,0,,0,,,,,366275.157,5030200.566,45.4090418,-75.71463545,763
17--10368,10/11/2017,5:53 PM,BOWESVILLE RD/HIGH RD @ LEITRIM RD (0012439),12439,02 - Intersection related,03 - P.D. only,04 - Sideswipe,01 - Clear,07 - Dark,01 - Dry,02 - Stop sign,00 - Unknown,2,0,0,0,,0,,,,,371674.7313,5019287.709,45.31035656,-75.6471381,764
17--10011,10/1/2017,1:27 PM,BANKFIELD RD @ PRINCE OF WALES DR (0003618),3618,02 - Intersection related,02 - Non-fatal injury,03 - Rear end,01 - Clear,01 - Daylight,01 - Dry,01 - Traffic signal,01 - Functioning,3,0,0,0,02 - Minor,3,2,1,,,366379.1435,5008975.386,45.21805097,-75.71594515,765
17--10012,10/1/2017,10:00 AM,OTTAWA RIVER PKWY @ ISLAND PARK DR (0002127),2127,03 - At intersection,03 - P.D. only,03 - Rear end,01 - Clear,01 - Daylight,01 - Dry,01 - Traffic signal,01 - Functioning,2,0,0,0,,0,,,,,363298.6953,5029453.563,45.40257552,-75.75274598,766
17--10013,10/1/2017,10:19 AM,TERRY FOX DR @ HALKIRK AVE/WINCHESTER DR (0012574),12574,03 - At intersection,02 - Non-fatal injury,05 - Turning movement,01 - Clear,01 - Daylight,01 - Dry,01 - Traffic signal,01 - Functioning,2,0,0,0,02 - Minor,3,,3,,,352511.9412,5016869.9,45.2901639,-75.89173964,767
17--10014,10/1/2017,10:46 PM,ST. JOSEPH BLVD btwn MARENGER ST & JEANNE D'ARC BLVD S (__3ZA2BS),__3ZA2BS,04 - At/near private drive,02 - Non-fatal injury,07 - SMV other,01 - Clear,07 - Dark,01 - Dry,10 - No control,,1,0,0,1,01 - Minimal,1,1,,,,379844.8955,5036459.559,45.46403225,-75.54034584,768
17--10015,10/1/2017,11:28 PM,UPPER DWYER HILL RD btwn MARCH RD & OLD ALMONTE RD (__3ZA4QB),__3ZA4QB,01 - Non intersection,03 - P.D. only,07 - SMV other,01 - Clear,07 - Dark,01 - Dry,10 - No control,,1,0,0,0,,0,,,,,336925.3552,5011121.329,45.23932031,-76.09081222,769
17--10016,10/1/2017,11:48 PM,LEITRIM RD N @ RAMSAYVILLE RD (0004149),4149,03 - At intersection,03 - P.D. only,03 - Rear end,01 - Clear,07 - Dark,01 - Dry,02 - Stop sign,00 - Unknown,2,0,0,0,,0,,,,,378726.2255,5023872.958,45.35090539,-75.5565364,770
17--10017,10/1/2017,12:08 PM,TENTH LINE RD @ TENTH LINE RD (0009412),9412,03 - At intersection,03 - P.D. only,05 - Turning movement,01 - Clear,01 - Daylight,01 - Dry,01 - Traffic signal,00 - Unknown,2,0,0,0,,0,,,,,383530.5477,5037154.664,45.46988052,-75.4931105,771
17--10018,10/1/2017,12:36 PM,BRONSON AVE @ COMMISSIONER ST/SLATER ST (0001679),1679,02 - Intersection related,03 - P.D. only,06 - SMV unattended vehicle,01 - Clear,01 - Daylight,01 - Dry,01 - Traffic signal,00 - Unknown,1,0,0,0,,0,,,,,366768.7054,5030948.804,45.41573071,-75.70823674,772
17--10019,10/1/2017,12:50 PM,MOODIE DR btwn ROBERTSON RD & HADLEY CIRC (__3ZA412),__3ZA412,01 - Non intersection,02 - Non-fatal injury,02 - Angle,01 - Clear,01 - Daylight,01 - Dry,10 - No control,,2,0,0,0,02 - Minor,1,,1,,,357087.9636,5020410.123,45.32169372,-75.83303209,773
17--1002,1/25/2017,5:10 PM,MAITLAND AVE @ WOODWARD DR (0003185),3185,03 - At intersection,03 - P.D. only,03 - Rear end,01 - Clear,05 - Dusk,02 - Wet,01 - Traffic signal,01 - Functioning,2,0,0,0,,0,,,,,363275.3051,5025662.527,45.3684663,-75.75349386,774
17--10020,10/1/2017,2:15 PM,HIGHWAY 417 btwn HWY417 IC129 RAMP25 & TRANSIT (__3ZA2SH),__3ZA2SH,01 - Non intersection,03 - P.D. only,03 - Rear end,01 - Clear,01 - Daylight,01 - Dry,10 - No control,,2,0,0,0,,0,,,,,361785.8391,5024557.019,45.35864171,-75.77263457,775
17--10021,10/1/2017,3:15 PM,BEECH ST @ PRESTON ST (0006160),6160,02 - Intersection related,03 - P.D. only,04 - Sideswipe,01 - Clear,01 - Daylight,01 - Dry,01 - Traffic signal,00 - Unknown,2,0,0,0,,0,,,,,366684.6963,5029269.009,45.40062381,-75.70952087,776
17--10022,10/1/2017,3:15 PM,NICHOLAS ST SB btwn RAMP & LAURIER AVE E (__3ZAZP6),__3ZAZP6,01 - Non intersection,03 - P.D. only,04 - Sideswipe,01 - Clear,01 - Daylight,01 - Dry,10 - No control,,2,0,0,0,,0,,,,,368368.3937,5031808.127,45.4233191,-75.68768898,777
17--10023,10/1/2017,3:51 PM,LAFONTAINE AVE @ MCARTHUR AVE (0009806),9806,03 - At intersection,02 - Non-fatal injury,02 - Angle,01 - Clear,01 - Daylight,01 - Dry,01 - Traffic signal,01 - Functioning,3,0,0,0,02 - Minor,1,,1,,,370949.1659,5032771.574,45.4317485,-75.65458462,778
17--10024,10/1/2017,3:56 AM,HIGHWAY 417 btwn HWY417 IC163 RAMP61 & HWY417 IC155 RAMP36 (__3ZA2QB),__3ZA2QB,01 - Non intersection,02 - Non-fatal injury,07 - SMV other,01 - Clear,07 - Dark,01 - Dry,10 - No control,,1,0,0,0,02 - Minor,1,,1,,,336131.7194,5020242.366,45.32143231,-76.10034488,779
17--10025,10/1/2017,4:00 PM,FORESTBROOK ST @ OLD SECOND LINE RD (0013618),13618,02 - Intersection related,03 - P.D. only,03 - Rear end,01 - Clear,01 - Daylight,01 - Dry,02 - Stop sign,01 - Functioning,2,0,0,0,,0,,,,,348355.5129,5022892.544,45.34462735,-75.94419608,780
17--10026,10/1/2017,4:27 PM,TRACKER PRIV @ SILVER STAR PRIV (0012832),12832,03 - At intersection,03 - P.D. only,02 - Angle,01 - Clear,01 - Daylight,01 - Dry,02 - Stop sign,01 - Functioning,2,0,0,0,,0,,,,,369967.55,5020992.447,45.32585589,-75.66868339,781
17--10027,10/1/2017,5:21 PM,JEANNE D'ARC BLVD  N btwn MILLWOOD CRT & BILBERRY DR (__3ZA6BX),__3ZA6BX,04 - At/near private drive,02 - Non-fatal injury,99 - Other,01 - Clear,01 - Daylight,01 - Dry,10 - No control,,2,1,0,0,02 - Minor,1,,1,,,380303.2512,5038249.539,45.48008767,-75.53421029,782
17--10028,10/1/2017,6:09 PM,BANK ST btwn ORVILLE KEMP ST & LEITRIM RD (__3ZA28B),__3ZA28B,01 - Non intersection,03 - P.D. only,07 - SMV other,01 - Clear,01 - Daylight,01 - Dry,10 - No control,,1,0,0,0,,0,,,,,375352.2897,5021629.333,45.33106575,-75.59990983,783
17--10029,10/1/2017,7:44 AM,LORRY GREENBERG DR btwn BRAMBLEGROVE CRES & BRAMBLEGROVE CRES (__3ZA8M2),__3ZA8M2,01 - Non intersection,03 - P.D. only,07 - SMV other,01 - Clear,03 - Dawn,01 - Dry,10 - No control,,1,0,0,0,,0,,,,,373408.7028,5025706.399,45.36794235,-75.62413708,784
17--1003,1/25/2017,5:13 PM,RIVERSIDE DR btwn KIMBERWICK CRES & MALHOTRA CRT (__3ZA1KW),__3ZA1KW,04 - At/near private drive,03 - P.D. only,04 - Sideswipe,01 - Clear,05 - Dusk,02 - Wet,10 - No control,,2,0,0,0,,0,,,,,368196.9018,5022809.894,45.34237108,-75.69103575,785
17--10030,10/1/2017,7:50 PM,HIGHWAY 416 btwn HWY416 IC66 RAMP62 & HWY416 IC72 RAMP24 (__3ZAZMZ),__3ZAZMZ,01 - Non intersection,02 - Non-fatal injury,03 - Rear end,01 - Clear,07 - Dark,01 - Dry,10 - No control,,2,0,0,0,01 - Minimal,1,1,,,,360309.0378,5017879.726,45.29867778,-75.79223165,786
17--10031,10/2/2017,10:33 AM,DES PERES BLANCS AVE btwn JOLLIET AVE & LAVERGNE ST (__3ZA8AU),__3ZA8AU,01 - Non intersection,03 - P.D. only,06 - SMV unattended vehicle,01 - Clear,01 - Daylight,01 - Dry,10 - No control,,1,0,0,0,,0,,,,,370285.6897,5033904.006,45.44200009,-75.66291258,787
17--10032,10/2/2017,10:35 AM,BASELINE RD @ 207 E OF CLYDE AVE (0008213),8213,03 - At intersection,02 - Non-fatal injury,07 - SMV other,01 - Clear,01 - Daylight,01 - Dry,01 - Traffic signal,01 - Functioning,1,0,0,1,02 - Minor,1,,1,,,364535.4805,5025000.976,45.36240749,-75.73748763,788
17--10033,10/2/2017,10:50 PM,MARCH RD @ SECOND LINE RD (0008850),8850,02 - Intersection related,03 - P.D. only,03 - Rear end,01 - Clear,07 - Dark,01 - Dry,01 - Traffic signal,01 - Functioning,2,0,0,0,,0,,,,,346103.2565,5025327.525,45.36667424,-75.97273202,789
17--10034,10/2/2017,10:59 AM,EAGLESON RD @ HWY 417 EAGLESO IC138R51/PARK AN (0009698),9698,02 - Intersection related,03 - P.D. only,03 - Rear end,01 - Clear,01 - Daylight,01 - Dry,01 - Traffic signal,00 - Unknown,3,0,0,0,,0,,,,,353036.7608,5020014.031,45.31841967,-75.88474335,790
17--10035,10/2/2017,11:15 PM,BARNSDALE RD btwn MOODIE DR & TRAIL RD (__3ZA1CA),__3ZA1CA,01 - Non intersection,03 - P.D. only,03 - Rear end,01 - Clear,07 - Dark,01 - Dry,10 - No control,,2,0,0,0,,0,,,,,362383.1755,5009075.172,45.21928679,-75.76680785,791
17--10036,10/2/2017,11:24 AM,HUNT CLUB RD @ RIVERSIDE DR (0002237),2237,02 - Intersection related,03 - P.D. only,03 - Rear end,01 - Clear,01 - Daylight,01 - Dry,01 - Traffic signal,01 - Functioning,2,0,0,0,,0,,,,,368037.7959,5021944.406,45.33459795,-75.6931764,792
17--10037,10/2/2017,11:38 PM,ALTA VISTA DR @ CUNNINGHAM AVE (0008112),8112,03 - At intersection,03 - P.D. only,03 - Rear end,01 - Clear,07 - Dark,01 - Dry,02 - Stop sign,01 - Functioning,2,0,0,0,,0,,,,,370345.3672,5028018.331,45.38903751,-75.66293262,793
17--10038,10/2/2017,11:41 AM,PALLADIUM DR btwn HUNTMAR DR & HWY417 IC142 RAMP25 (__3ZAZW2),__3ZAZW2,04 - At/near private drive,02 - Non-fatal injury,02 - Angle,01 - Clear,01 - Daylight,01 - Dry,10 - No control,,3,0,0,0,01 - Minimal,2,2,,,,349589.3068,5017255.262,45.29382385,-75.92896241,794
17--10039,10/2/2017,12:01 PM,NICHOLAS ST SB btwn LAURIER AVE E & Continuation of NICHOLAS ST (__3ZA3MG),__3ZA3MG,01 - Non intersection,03 - P.D. only,04 - Sideswipe,01 - Clear,01 - Daylight,01 - Dry,10 - No control,,2,0,0,0,,0,,,,,368440.8559,5031728.447,45.42259558,-75.6867734,795
17--1004,1/25/2017,5:17 PM,WALKLEY EXTENSION RD btwn WALKLEY RD & HWY417 IC110 RAMP55 (__3ZA1UK),__3ZA1UK,01 - Non intersection,02 - Non-fatal injury,03 - Rear end,01 - Clear,05 - Dusk,02 - Wet,10 - No control,,2,0,0,0,01 - Minimal,1,1,,,,375501.9557,5028915.939,45.39661216,-75.59695812,796
17--10040,10/2/2017,12:08 PM,HALL RD btwn LEITRIM RD & END (__3ZA6SF),__3ZA6SF,01 - Non intersection,03 - P.D. only,07 - SMV other,01 - Clear,01 - Daylight,01 - Dry,10 - No control,,1,0,0,0,,0,,,,,383945.1499,5027133.92,45.37967553,-75.48941903,797
17--10041,10/2/2017,12:10 PM,ST. JOSEPH BLVD @ DUFORD DR/PLACE D'ORLEANS DR (0003629),3629,03 - At intersection,03 - P.D. only,05 - Turning movement,01 - Clear,01 - Daylight,01 - Dry,01 - Traffic signal,01 - Functioning,3,0,0,0,,0,,,,,381996.1891,5037994.949,45.47761196,-75.51259851,798
17--10042,10/2/2017,12:45 PM,PRESTON ST @ PRINCE OF WALES DR/QUEEN ELIZABET (0006904),6904,02 - Intersection related,03 - P.D. only,03 - Rear end,01 - Clear,01 - Daylight,01 - Dry,01 - Traffic signal,00 - Unknown,2,0,0,0,,0,,,,,366900.7115,5028776.785,45.39617579,-75.70682385,799
17--10043,10/2/2017,2:07 PM,RIDEAU ST btwn WURTEMBURG ST & RIDEAU PL (__3ZA1LA),__3ZA1LA,07 - Overpass or bridge,03 - P.D. only,07 - SMV other,01 - Clear,01 - Daylight,01 - Dry,10 - No control,,1,0,0,0,,0,,,,,369438.4552,5032967.785,45.4336552,-75.67386437,800
17--10044,10/2/2017,2:09 PM,VANIER PKWY/CRICHTON ST @ BEECHWOOD AVE/ST. PA (0001604),1604,03 - At intersection,02 - Non-fatal injury,07 - SMV other,01 - Clear,01 - Daylight,01 - Dry,01 - Traffic signal,01 - Functioning,1,0,0,1,02 - Minor,1,,1,,,369127.0843,5033493.339,45.43841264,-75.67777487,801
17--10045,10/2/2017,2:26 AM,WALKLEY RD btwn BAYCREST DR & HEATHERINGTON RD (__3ZA361),__3ZA361,01 - Non intersection,03 - P.D. only,07 - SMV other,01 - Clear,07 - Dark,01 - Dry,10 - No control,,1,0,0,0,,0,,,,,371514.9695,5026641.477,45.37653866,-75.64818357,802
17--10046,10/2/2017,2:39 PM,TENTH LINE RD @ CHARLEMAGNE BLVD N/TOMPKINS AV (0009222),9222,03 - At intersection,03 - P.D. only,05 - Turning movement,01 - Clear,01 - Daylight,01 - Dry,01 - Traffic signal,01 - Functioning,2,0,0,0,,0,,,,,383183.9299,5037976.243,45.47731133,-75.49741166,803
17--10047,10/2/2017,3:06 PM,BANK ST btwn RIVERSIDE DR & BILLINGS TRANSIT (__3ZA3NMA),__3ZA3NMA,01 - Non intersection,02 - Non-fatal injury,04 - Sideswipe,01 - Clear,01 - Daylight,01 - Dry,10 - No control,,2,0,0,0,02 - Minor,1,,1,,,369372.7104,5027820.158,45.38734476,-75.67537886,804
17--10048,10/2/2017,3:20 PM,ST. JOSEPH BLVD @ JEANNE D'ARC BLVD (0012421),12421,03 - At intersection,03 - P.D. only,04 - Sideswipe,01 - Clear,01 - Daylight,01 - Dry,11 - Roundabout,01 - Functioning,2,0,0,0,,0,,,,,379861.289,5036471.581,45.46413866,-75.54013439,805
17--10049,10/2/2017,3:25 PM,BANK ST @ RANDALL AVE (0007207),7207,03 - At intersection,02 - Non-fatal injury,05 - Turning movement,01 - Clear,01 - Daylight,01 - Dry,01 - Traffic signal,01 - Functioning,2,1,0,0,02 - Minor,1,,1,,,369740.1986,5027282.78,45.38247564,-75.67075707,806
17--1005,1/25/2017,5:25 PM,CARLING AVE/STATION RD @ MARCH RD (0002681),2681,02 - Intersection related,03 - P.D. only,03 - Rear end,03 - Snow,05 - Dusk,02 - Wet,01 - Traffic signal,01 - Functioning,2,0,0,0,,0,,,,,350906.9328,5022246.894,45.33865459,-75.91169973,807
17--10050,10/2/2017,3:50 PM,HIGHWAY 417 btwn HWY417 IC121A RAMP16 & HWY417 IC121A RAMP61 (__3ZA2YY),__3ZA2YY,01 - Non intersection,02 - Non-fatal injury,03 - Rear end,01 - Clear,01 - Daylight,01 - Dry,10 - No control,,2,0,0,0,01 - Minimal,1,1,,,,367493.2029,5029862.972,45.40589618,-75.69911897,808
17--10051,10/2/2017,4:13 AM,OTTAWA RIVER PKWY @ REMIC RAPIDS ENT/TUNNEY'S  (0011322),11322,02 - Intersection related,03 - P.D. only,02 - Angle,01 - Clear,07 - Dark,01 - Dry,01 - Traffic signal,01 - Functioning,2,0,1,0,,0,,,,,364263.2714,5030245.247,45.40961766,-75.74033022,809
17--10052,10/2/2017,4:19 PM,PRINCE OF WALES DR @ FALAISE RD/KOCHAR DR N (0006962),6962,03 - At intersection,03 - P.D. only,03 - Rear end,01 - Clear,01 - Daylight,01 - Dry,01 - Traffic signal,01 - Functioning,2,0,0,0,,0,,,,,367461.2529,5024904.514,45.36128413,-75.70015649,810
17--10053,10/2/2017,4:25 PM,MONTREAL RD @ SINCLAIR ST (0008675),8675,02 - Intersection related,03 - P.D. only,03 - Rear end,01 - Clear,01 - Daylight,01 - Dry,01 - Traffic signal,01 - Functioning,3,0,0,0,,0,,,,,375967.4249,5034755.481,45.44910583,-75.59017005,811
17--10054,10/2/2017,4:25 PM,HIGHWAY 417 btwn TRANSIT & HWY417 IC127 RAMP16 (__3ZA2SJ),__3ZA2SJ,01 - Non intersection,03 - P.D. only,03 - Rear end,01 - Clear,01 - Daylight,01 - Dry,10 - No control,,2,0,0,0,,0,,,,,361522.4977,5024384.816,45.35711359,-75.77601534,812
17--10055,10/2/2017,4:45 PM,HIGHWAY 417 btwn HWY417 IC124 RAMP57 & HWY417 IC124 RAMP55 (__3ZA2Y1),__3ZA2Y1,01 - Non intersection,03 - P.D. only,03 - Rear end,01 - Clear,01 - Daylight,01 - Dry,10 - No control,,3,0,0,0,,0,,,,,364364.975,5027415.783,45.38415005,-75.73937268,813
17--10056,10/2/2017,4:47 PM,SALTER CRES @ TERON RD (0012113),12113,03 - At intersection,03 - P.D. only,02 - Angle,01 - Clear,01 - Daylight,01 - Dry,02 - Stop sign,01 - Functioning,2,0,0,0,,0,,,,,352520.2405,5020552.827,45.32330317,-75.89127924,814
17--10057,10/2/2017,5:01 PM,FALLOWFIELD RD btwn MOODIE DR & HWY416 IC66 RAMP53 (__3ZA4Y6),__3ZA4Y6,01 - Non intersection,03 - P.D. only,03 - Rear end,01 - Clear,01 - Daylight,01 - Dry,10 - No control,,2,0,0,0,,0,,,,,359545.3718,5014648.435,45.2696622,-75.80232454,815
17--10058,10/2/2017,5:04 PM,BEECHWOOD AVE @ CHARLEVOIX ST/MACKAY ST (0002248),2248,02 - Intersection related,03 - P.D. only,04 - Sideswipe,01 - Clear,01 - Daylight,01 - Dry,01 - Traffic signal,00 - Unknown,3,0,0,0,,0,,,,,369185.9907,5033592.204,45.43929676,-75.67700908,816
17--10059,10/2/2017,6:48 PM,AVIATION PKWY @ MONTREAL RD (0008799),8799,02 - Intersection related,03 - P.D. only,03 - Rear end,01 - Clear,07 - Dark,01 - Dry,01 - Traffic signal,01 - Functioning,2,0,0,0,,0,,,,,372146.8914,5034108.637,45.44366443,-75.63909596,817
17--1006,1/25/2017,5:45 AM,HIGHWAY 417 btwn REGIONAL ROAD 174 & HWY417 IC113 RAMP85 (__3ZA289),__3ZA289,01 - Non intersection,03 - P.D. only,04 - Sideswipe,01 - Clear,07 - Dark,04 - Slush,10 - No control,,2,0,0,0,,0,,,,,373456.6731,5031768.247,45.4224794,-75.62268116,818
17--10060,10/2/2017,7:06 PM,BANK ST @ LAURIER AVE (0002221),2221,03 - At intersection,02 - Non-fatal injury,05 - Turning movement,01 - Clear,07 - Dark,01 - Dry,01 - Traffic signal,01 - Functioning,2,1,0,0,02 - Minor,2,1,1,,,367482.3725,5031266.257,45.41852348,-75.69907885,819
17--10061,10/2/2017,7:08 AM,COLDREY AVE @ KIRKWOOD AVE (0006736),6736,03 - At intersection,03 - P.D. only,05 - Turning movement,01 - Clear,01 - Daylight,01 - Dry,01 - Traffic signal,01 - Functioning,2,0,0,0,,0,,,,,364439.205,5027135.521,45.38162198,-75.73845873,820
17--10062,10/2/2017,7:30 AM,HIGHWAY 417 btwn HWY 417 ANDERSON IC104R61 & HWY 417 BOUNDARY IC96R16 (__3ZA2W5),__3ZA2W5,01 - Non intersection,03 - P.D. only,03 - Rear end,01 - Clear,01 - Daylight,01 - Dry,10 - No control,,2,0,0,0,,0,,,,,383565.0377,5025342.738,45.36360265,-75.49455743,821
17--10063,10/2/2017,7:31 AM,MONTREAL RD @ GRANVILLE ST/LAFONTAINE AVE (0009348),9348,02 - Intersection related,03 - P.D. only,02 - Angle,01 - Clear,01 - Daylight,01 - Dry,01 - Traffic signal,01 - Functioning,2,0,0,0,,0,,,,,370826.7134,5033474.355,45.43808339,-75.6560552,822
17--10064,10/2/2017,7:36 AM,CAMPEAU DR @ HUNTMAR DR (0011612),11612,03 - At intersection,03 - P.D. only,02 - Angle,01 - Clear,01 - Daylight,01 - Dry,11 - Roundabout,01 - Functioning,2,0,0,0,,0,,,,,349053.6082,5018056.464,45.30106727,-75.93572042,823
17--10065,10/2/2017,7:43 PM,BRONSON AVE @ CARLING AVE/GLEBE AVE (0002134),2134,02 - Intersection related,03 - P.D. only,04 - Sideswipe,01 - Clear,07 - Dark,01 - Dry,01 - Traffic signal,01 - Functioning,2,0,0,0,,0,,,,,367446.6141,5029336.655,45.40116471,-75.69978093,824
17--10066,10/2/2017,7:45 AM,DUNROBIN RD btwn BUCKHAMS BAY RD & KILMAURS SIDE RD (__3ZA4EB),__3ZA4EB,01 - Non intersection,03 - P.D. only,07 - SMV other,"07 - Fog, mist, smoke, dust",01 - Daylight,02 - Wet,10 - No control,,1,0,0,0,,0,,,,,335002.7358,5039033.021,45.49056723,-76.11359435,825
17--10067,10/2/2017,7:50 AM,KING EDWARD AVE @ RIDEAU ST (0002121),2121,02 - Intersection related,02 - Non-fatal injury,03 - Rear end,01 - Clear,01 - Daylight,01 - Dry,01 - Traffic signal,01 - Functioning,2,0,0,0,01 - Minimal,1,1,,,,368513.3465,5032413.589,45.42875364,-75.68575856,826
17--10068,10/2/2017,8:01 AM,CYRVILLE RD @ MEADOWBROOK RD (0012477),12477,02 - Intersection related,03 - P.D. only,03 - Rear end,01 - Clear,01 - Daylight,01 - Dry,01 - Traffic signal,00 - Unknown,2,0,0,0,,0,,,,,374629.7329,5031241.463,45.41762357,-75.60776786,827
17--10069,10/2/2017,8:37 AM,ALBERT ST btwn SCOTT ST & CITY CENTRE AVE (1) (__3ZA32WA),__3ZA32WA,01 - Non intersection,03 - P.D. only,04 - Sideswipe,01 - Clear,01 - Daylight,01 - Dry,10 - No control,,2,0,0,0,,0,,,,,365728.5757,5030212.691,45.4091987,-75.72161605,828
17--1007,1/25/2017,5:49 PM,UPPER DWYER HILL RD btwn MARCH RD & OLD ALMONTE RD (__3ZA4QB),__3ZA4QB,01 - Non intersection,03 - P.D. only,07 - SMV other,04 - Freezing Rain,07 - Dark,02 - Wet,10 - No control,,1,0,0,0,,0,,,,,335836.8946,5012347.082,45.25039923,-76.10459934,829
17--10070,10/2/2017,8:49 AM,STANLEYFIELD CRES btwn BUSH DR & DONWEL DR (1) (__3ZA4D7),__3ZA4D7,01 - Non intersection,03 - P.D. only,06 - SMV unattended vehicle,01 - Clear,01 - Daylight,01 - Dry,10 - No control,,1,0,0,0,,0,,,,,378412.3837,5012893.652,45.25215166,-75.56217138,830