Anom_ID,Accident_Date,Accident_Time,Location,Geo_ID,Accident_Location,Classification_of_Accident,Initial_Impact_Type,Environment_Condition,Light,Road_Surface_Condition,Traffic_Control,Traffic_Control_Condition,No__of_Vehicles,No__of_Bicycles,No__of_Motorcycles,No__of_Pedestrians,Max_Injury,No__of_Injuries,No__of_Minimal,No__of_Minor,No__of_Major,No__of_Fatal,X,Y,Latitude,Longitude,ObjectId
17--10071,10/2/2017,8:56 AM,MONTREAL RD @ DUCHARME BLVD/CANTIN ST (0009319),9319,02 - Intersection related,02 - Non-fatal injury,03 - Rear end,01 - Clear,01 - Daylight,01 - Dry,01 - Traffic signal,01 - Functioning,4,0,0,0,02 - Minor,1,,1,,,371017.7038,5033566.575,45.43889508,-75.65360184,831
17--10072,10/2/2017,9:45 AM,MERIVALE RD btwn RAVEN AVE & LAROSE AVE (__3ZA30G),__3ZA30G,01 - Non intersection,03 - P.D. only,04 - Sideswipe,01 - Clear,01 - Daylight,01 - Dry,10 - No control,,2,0,0,0,,0,,,,,364845.3355,5026920.007,45.37964813,-75.73329947,832
17--10073,10/2/2017,9:54 AM,HUNT CLUB RD @ PAUL ANKA DR (0008224),8224,03 - At intersection,02 - Non-fatal injury,05 - Turning movement,01 - Clear,01 - Daylight,01 - Dry,01 - Traffic signal,01 - Functioning,2,0,0,0,02 - Minor,1,,1,,,369776.8622,5022898.569,45.34302439,-75.67086541,833
17--10074,10/3/2017,1:32 PM,BASELINE RD @ FISHER AVE (0002346),2346,02 - Intersection related,03 - P.D. only,03 - Rear end,01 - Clear,01 - Daylight,01 - Dry,01 - Traffic signal,01 - Functioning,2,0,0,0,,0,,,,,366166.6936,5026026.893,45.37149759,-75.71654,834
17--10075,10/3/2017,1:38 PM,ROONEY'S LANE btwn KILBORN AVE & END (__3ZA5OR),__3ZA5OR,01 - Non intersection,03 - P.D. only,07 - SMV other,01 - Clear,01 - Daylight,01 - Dry,10 - No control,,1,0,0,0,,0,,,,,369714.7134,5027527.343,45.3846785,-75.67105031,835
17--10076,10/3/2017,11:59 AM,KING EDWARD AVE @ ST. PATRICK ST (0002714),2714,02 - Intersection related,03 - P.D. only,03 - Rear end,01 - Clear,01 - Daylight,01 - Dry,01 - Traffic signal,01 - Functioning,2,0,0,0,,0,,,,,368248.1549,5032824.135,45.4324717,-75.6890944,836
17--10077,10/3/2017,Unknown,LICHEN AVE btwn CHAREST WAY & MARCHANT DR (__3ZAZ1M),__3ZAZ1M,04 - At/near private drive,03 - P.D. only,06 - SMV unattended vehicle,01 - Clear,00 - Unknown,01 - Dry,10 - No control,,1,0,0,0,,0,,,,,385457.2864,5036665.08,45.46525587,-75.46855365,837
17--10078,10/3/2017,Unknown,OTTAWA RIVER PKWY WB RAMP/CARLING AVE WB btwn CARLING AVE & OTTAWA RIV (__3ZAY0V),__3ZAY0V,01 - Non intersection,03 - P.D. only,04 - Sideswipe,01 - Clear,00 - Unknown,01 - Dry,10 - No control,,2,1,0,0,,0,,,,,360872.465,5025195.999,45.36446486,-75.78421943,838
17--10273,10/8/2017,10:30 AM,GREENBANK RD @ STRANDHERD DR (0005563),5563,02 - Intersection related,03 - P.D. only,03 - Rear end,02 - Rain,01 - Daylight,02 - Wet,01 - Traffic signal,01 - Functioning,2,0,0,0,,0,,,,,363934.0196,5014784.272,45.27052915,-75.74638408,839
17--10274,10/8/2017,11:27 AM,SLACK RD btwn GRENFELL CRES & MERIVALE RD (__3ZA5EN),__3ZA5EN,04 - At/near private drive,03 - P.D. only,03 - Rear end,01 - Clear,01 - Daylight,01 - Dry,10 - No control,,2,0,0,0,,0,,,,,365994.5912,5020944.745,45.3257843,-75.71936586,840
17--10369,10/11/2017,5:57 PM,ARTHUR ST @ SOMERSET ST (0005109),5109,02 - Intersection related,03 - P.D. only,04 - Sideswipe,01 - Clear,07 - Dark,01 - Dry,01 - Traffic signal,01 - Functioning,2,0,0,0,,0,,,,,366830.1751,5030391.327,45.41070924,-75.70752159,841
17--10275,10/8/2017,11:54 AM,VARENNES BLVD @ WATTERS RD (0004623),4623,02 - Intersection related,02 - Non-fatal injury,05 - Turning movement,01 - Clear,01 - Daylight,01 - Dry,02 - Stop sign,01 - Functioning,2,0,0,0,02 - Minor,1,,1,,,384835.3446,5038435.127,45.48125259,-75.47621743,842
17--1037,1/26/2017,5:26 PM,HIGHWAY 417 btwn HWY417 IC121B RAMP51 & HWY417 IC121A RAMP51 (__3ZA2YW),__3ZA2YW,01 - Non intersection,03 - P.D. only,03 - Rear end,01 - Clear,05 - Dusk,01 - Dry,10 - No control,,2,0,0,0,,0,,,,,367035.2227,5029653.905,45.40405593,-75.7049953,843
17--10276,10/8/2017,12:33 PM,HERON RD @ WALKLEY RD (0011256),11256,03 - At intersection,03 - P.D. only,02 - Angle,01 - Clear,01 - Daylight,01 - Dry,01 - Traffic signal,01 - Functioning,3,0,0,0,,0,,,,,372266.2284,5027083.218,45.38044134,-75.63853223,844
17--10370,10/11/2017,6:23 PM,LANCASTER RD @ WALKLEY RD (0003130),3130,03 - At intersection,03 - P.D. only,03 - Rear end,01 - Clear,07 - Dark,01 - Dry,01 - Traffic signal,01 - Functioning,2,0,0,0,,0,,,,,374908.1978,5028603.355,45.39385939,-75.60458539,845
17--10277,10/8/2017,12:41 PM,CAMBRIAN RD/GOLFLINKS DR W @ LONGFIELDS DR (0009702),9702,03 - At intersection,03 - P.D. only,02 - Angle,01 - Clear,01 - Daylight,01 - Dry,11 - Roundabout,01 - Functioning,2,0,0,0,,0,,,,,365383.085,5013222.554,45.25635348,-75.72810902,846
17--10371,10/11/2017,6:30 AM,HIGHWAY 417 btwn HWY417 IC134 RAMP25 & HWY417 IC131 RAMP53 (__3ZA2LE),__3ZA2LE,01 - Non intersection,03 - P.D. only,03 - Rear end,01 - Clear,03 - Dawn,01 - Dry,10 - No control,,2,0,0,0,,0,,,,,357296.1982,5022587.623,45.34127152,-75.83014517,847
17--10278,10/8/2017,12:51 PM,KING EDWARD AVE @ ST. PATRICK ST (0002714),2714,02 - Intersection related,03 - P.D. only,04 - Sideswipe,01 - Clear,01 - Daylight,01 - Dry,01 - Traffic signal,01 - Functioning,2,0,0,0,,0,,,,,368248.7013,5032823.589,45.43246674,-75.68908749,848
17--10372,10/11/2017,6:41 PM,FALAISE RD @ FISHER AVE (0003207),3207,03 - At intersection,02 - Non-fatal injury,02 - Angle,01 - Clear,05 - Dusk,01 - Dry,02 - Stop sign,01 - Functioning,2,0,0,0,01 - Minimal,1,1,,,,366775.7082,5024562.231,45.35826527,-75.70894924,849
17--10279,10/8/2017,2:06 AM,HUNT CLUB RD @ RIVERSIDE DR (0002237),2237,02 - Intersection related,03 - P.D. only,07 - SMV other,01 - Clear,07 - Dark,01 - Dry,01 - Traffic signal,01 - Functioning,1,0,0,0,,0,,,,,368035.6997,5021946.836,45.33462001,-75.69320283,850
17--10373,10/11/2017,7:00 AM,ARENA PL @ BANK ST (0004129),4129,02 - Intersection related,02 - Non-fatal injury,02 - Angle,01 - Clear,03 - Dawn,01 - Dry,02 - Stop sign,01 - Functioning,2,0,0,0,02 - Minor,1,,1,,,375400.2612,5021518.549,45.33006414,-75.59931369,851
17--1028,1/26/2017,11:00 AM,BEATRICE DR @ STRANDHERD DR (0005447),5447,02 - Intersection related,03 - P.D. only,03 - Rear end,01 - Clear,01 - Daylight,02 - Wet,01 - Traffic signal,01 - Functioning,2,0,0,0,,0,,,,,365527.377,5015322.028,45.27523208,-75.72601407,852
17--10374,10/11/2017,7:21 PM,DUNROBIN RD @ MARCH RD (0003175),3175,03 - At intersection,03 - P.D. only,05 - Turning movement,01 - Clear,07 - Dark,01 - Dry,01 - Traffic signal,01 - Functioning,2,0,0,0,,0,,,,,347172.1572,5026066.427,45.37325925,-75.9590239,853
17--10280,10/8/2017,2:10 PM,BRONSON AVE btwn LISGAR ST & COOPER ST (__3ZA33P),__3ZA33P,04 - At/near private drive,02 - Non-fatal injury,03 - Rear end,01 - Clear,01 - Daylight,01 - Dry,10 - No control,,2,0,0,0,01 - Minimal,1,1,,,,366922.4108,5030578.057,45.41238121,-75.70631979,854
17--10375,10/11/2017,7:29 PM,CUMBERLAND ST @ LAURIER AVE (0007751),7751,03 - At intersection,03 - P.D. only,05 - Turning movement,01 - Clear,07 - Dark,01 - Dry,01 - Traffic signal,01 - Functioning,2,0,0,0,,0,,,,,368598.182,5031947.867,45.42455551,-75.68473482,855
17--10376,10/11/2017,7:30 PM,MEADOWLANDS DR @ MERIVALE RD (0000625),625,02 - Intersection related,03 - P.D. only,04 - Sideswipe,01 - Clear,07 - Dark,01 - Dry,01 - Traffic signal,01 - Functioning,2,0,0,0,,0,,,,,364859.7928,5023725.51,45.35090332,-75.73350318,856
17--10377,10/11/2017,7:52 AM,WEST HUNT CLUB RD btwn MOODIE DR & RICHMOND RD (__3ZA4YH),__3ZA4YH,01 - Non intersection,03 - P.D. only,03 - Rear end,01 - Clear,01 - Daylight,01 - Dry,10 - No control,,2,0,0,0,,0,,,,,357822.9523,5018445.45,45.30396026,-75.82386772,857
17--10378,10/11/2017,8:10 AM,HIGHWAY 417 btwn HWY417 IC112 RAMP66 & HWY417 IC113 RAMP65 (__3ZA284),__3ZA284,01 - Non intersection,03 - P.D. only,03 - Rear end,01 - Clear,01 - Daylight,01 - Dry,10 - No control,,2,0,0,0,,0,,,,,374200.433,5031318.361,45.41835817,-75.61324164,858
17--10379,10/11/2017,8:35 PM,HIGHWAY 416 btwn HWY416 IC75A RAMP26 & HWY416 IC72 RAMP62 (__3ZAZLF),__3ZAZLF,01 - Non intersection,02 - Non-fatal injury,04 - Sideswipe,01 - Clear,07 - Dark,01 - Dry,10 - No control,,2,0,0,0,01 - Minimal,1,1,,,,358907.6471,5021601.841,45.33227897,-75.80969224,859
17--1038,1/26/2017,5:34 PM,CARLING AVE @ RICHMOND RD (0010847),10847,03 - At intersection,03 - P.D. only,02 - Angle,01 - Clear,05 - Dusk,01 - Dry,01 - Traffic signal,01 - Functioning,3,0,0,0,,0,,,,,360244.5861,5024781.512,45.36078527,-75.79228036,860
17--10380,10/11/2017,8:47 AM,JOCKVALE RD @ STRANDHERD DR (0010541),10541,03 - At intersection,03 - P.D. only,03 - Rear end,01 - Clear,01 - Daylight,01 - Dry,01 - Traffic signal,01 - Functioning,3,0,0,0,,0,,,,,363560.9539,5014578.074,45.26870504,-75.75116249,861
17--10381,10/11/2017,8:50 AM,SECOND AVE btwn LYON ST S & BANK ST (__3ZA92B),__3ZA92B,01 - Non intersection,02 - Non-fatal injury,07 - SMV other,01 - Clear,01 - Daylight,01 - Dry,10 - No control,,1,0,0,1,02 - Minor,1,,1,,,368288.2191,5029617.631,45.40361702,-75.68899555,862
17--10382,10/11/2017,9:53 AM,CARLING AVE @ HOLLAND AVE (0002146),2146,03 - At intersection,02 - Non-fatal injury,05 - Turning movement,01 - Clear,01 - Daylight,01 - Dry,01 - Traffic signal,01 - Functioning,2,0,0,0,02 - Minor,2,1,1,,,365416.6987,5028037.454,45.38965349,-75.72586735,863
17--10383,10/11/2017,9:58 PM,INNES RD @ LANTHIER DR/PRESTWICK DR (0004251),4251,03 - At intersection,02 - Non-fatal injury,07 - SMV other,01 - Clear,07 - Dark,01 - Dry,01 - Traffic signal,01 - Functioning,1,0,0,1,02 - Minor,1,,1,,,383541.0976,5035989.902,45.45939985,-75.49316218,864
17--10384,10/12/2017,1:17 PM,QUEEN ST @ LYON ST (0002159),2159,03 - At intersection,03 - P.D. only,02 - Angle,01 - Clear,01 - Daylight,01 - Dry,01 - Traffic signal,01 - Functioning,2,0,0,0,,0,,,,,367017.6108,5031288.127,45.41876175,-75.70501398,865
17--10385,10/12/2017,1:20 PM,JOCKVALE RD @ FABLE ST/WEYBRIDGE DR E (0000722),722,03 - At intersection,03 - P.D. only,02 - Angle,01 - Clear,01 - Daylight,01 - Dry,11 - Roundabout,01 - Functioning,2,0,0,0,,0,,,,,362513.2265,5015142.885,45.273874,-75.76444775,866
17--10386,10/12/2017,1:54 PM,ERINDALE DR btwn NAVAHO DR & FORLAN DR (__3ZAAN2),__3ZAAN2,01 - Non intersection,03 - P.D. only,05 - Turning movement,01 - Clear,01 - Daylight,01 - Dry,10 - No control,,2,0,0,0,,0,,,,,363677.8994,5024971.892,45.36221835,-75.74843701,867
17--10387,10/12/2017,10:16 AM,STONEHAVEN DR btwn BRIDGESTONE DR & FURLONG CRES (__3ZA56Q),__3ZA56Q,01 - Non intersection,03 - P.D. only,07 - SMV other,01 - Clear,01 - Daylight,01 - Dry,10 - No control,,1,0,0,0,,0,,,,,355125.9015,5016984.013,45.29100838,-75.85840578,868
17--10388,10/12/2017,10:25 AM,PARKDALE AVE btwn GLADSTONE AVE & FOSTER ST (__3ZA4PB),__3ZA4PB,01 - Non intersection,03 - P.D. only,03 - Rear end,01 - Clear,01 - Daylight,01 - Dry,10 - No control,,2,0,0,0,,0,,,,,365224.8428,5029102.008,45.3992487,-75.72818692,869
17--10389,10/12/2017,10:44 PM,MCCARTHY RD @ PAUL ANKA DR (0007479),7479,03 - At intersection,03 - P.D. only,05 - Turning movement,01 - Clear,07 - Dark,01 - Dry,01 - Traffic signal,01 - Functioning,2,0,0,0,,0,,,,,369700.8869,5023875.156,45.35181849,-75.67170663,870
17--1039,1/26/2017,5:35 PM,MACKENZIE AVE @ MURRAY ST (0011914),11914,02 - Intersection related,03 - P.D. only,07 - SMV other,01 - Clear,05 - Dusk,02 - Wet,01 - Traffic signal,01 - Functioning,1,0,0,0,,0,,,,,367639.7031,5032382.229,45.42855052,-75.69692641,871
17--10390,10/12/2017,11:45 AM,ALBERT ST @ COMMISSIONER ST (0002171),2171,03 - At intersection,03 - P.D. only,04 - Sideswipe,01 - Clear,01 - Daylight,01 - Dry,02 - Stop sign,00 - Unknown,2,0,0,0,,0,,,,,366714.7006,5030970.901,45.41593431,-75.70892391,872
17--10391,10/12/2017,11:54 AM,DONALD ST @ ELAINE DR (0009928),9928,02 - Intersection related,03 - P.D. only,03 - Rear end,01 - Clear,01 - Daylight,01 - Dry,01 - Traffic signal,01 - Functioning,2,0,0,0,,0,,,,,372332.075,5032481.132,45.42900307,-75.63695227,873
17--10392,10/12/2017,Unknown,BANK ST @ RIVERSIDE DR N (0010778),10778,02 - Intersection related,03 - P.D. only,04 - Sideswipe,01 - Clear,00 - Unknown,01 - Dry,01 - Traffic signal,01 - Functioning,2,0,0,0,,0,,,,,369225.1695,5027984.092,45.38883338,-75.67724143,874
17--10393,10/12/2017,12:32 PM,MARAVISTA DR @ STRANDHERD DR (0013565),13565,03 - At intersection,03 - P.D. only,02 - Angle,01 - Clear,01 - Daylight,01 - Dry,01 - Traffic signal,01 - Functioning,2,0,0,0,,0,,,,,361288.4381,5014584.958,45.26895318,-75.78011984,875
17--10394,10/12/2017,2:07 PM,HIGHWAY 417 btwn HWY417 IC155 RAMP61 & HWY417 IC145 RAMP56 (__3ZA2Q2),__3ZA2Q2,01 - Non intersection,03 - P.D. only,07 - SMV other,01 - Clear,01 - Daylight,01 - Dry,10 - No control,,1,0,0,0,,0,,,,,342191.8736,5017575.086,45.29713436,-76.02324766,876
17--10395,10/12/2017,2:44 PM,MAITLAND AVE @ WOODWARD DR (0003185),3185,03 - At intersection,02 - Non-fatal injury,05 - Turning movement,01 - Clear,01 - Daylight,01 - Dry,01 - Traffic signal,01 - Functioning,2,1,0,0,02 - Minor,1,,1,,,363275.1147,5025662.291,45.36846419,-75.75349632,877
17--10396,10/12/2017,3:10 PM,LEOPOLDS DR @ RIVERSIDE DR (0007181),7181,03 - At intersection,02 - Non-fatal injury,02 - Angle,01 - Clear,01 - Daylight,01 - Dry,02 - Stop sign,01 - Functioning,2,0,0,0,02 - Minor,1,,1,,,368044.7038,5024049.512,45.35353863,-75.69281912,878
17--10397,10/12/2017,3:11 PM,HAIG DR btwn RAGLAN AVE & SAUNDERSON DR (__3ZA78U),__3ZA78U,01 - Non intersection,02 - Non-fatal injury,06 - SMV unattended vehicle,01 - Clear,01 - Daylight,01 - Dry,10 - No control,,1,0,0,0,02 - Minor,1,,1,,,372547.6411,5029465.852,45.40185212,-75.6346122,879
17--10398,10/12/2017,3:16 PM,BESSERER ST @ KING EDWARD AVE (0007758),7758,02 - Intersection related,03 - P.D. only,03 - Rear end,01 - Clear,01 - Daylight,01 - Dry,01 - Traffic signal,01 - Functioning,2,0,0,0,,0,,,,,368550.7052,5032339.489,45.42808352,-75.68529076,880
17--10399,10/12/2017,3:22 PM,REGIONAL ROAD 174 EB btwn OR174 IC109 RAMP55 & TRANSIT (__3ZA28V),__3ZA28V,01 - Non intersection,03 - P.D. only,03 - Rear end,01 - Clear,01 - Daylight,01 - Dry,10 - No control,,2,0,0,0,,0,,,,,376476.8284,5034996.248,45.45122004,-75.58362341,881
17--104,1/3/2017,9:35 AM,HIGHWAY 417 btwn HWY417 IC117 RAMP51 & HWY417 IC117 RAMP35 (__3ZA2YN),__3ZA2YN,01 - Non intersection,03 - P.D. only,03 - Rear end,03 - Snow,01 - Daylight,04 - Slush,10 - No control,,2,0,0,0,,0,,,,,370589.9429,5031150.343,45.41719523,-75.65939169,882
17--1040,1/26/2017,5:45 PM,HIGHWAY 417 btwn HWY417 IC121B RAMP16 & HWY417 IC121A RAMP16 (__3ZA2YX),__3ZA2YX,01 - Non intersection,03 - P.D. only,03 - Rear end,01 - Clear,07 - Dark,01 - Dry,10 - No control,,2,0,0,0,,0,,,,,366862.5024,5029614.111,45.40371321,-75.70720646,883
17--10400,10/12/2017,3:26 PM,BYRON AVE @ ROOSEVELT AVE (0002307),2307,03 - At intersection,03 - P.D. only,05 - Turning movement,01 - Clear,01 - Daylight,01 - Dry,01 - Traffic signal,01 - Functioning,2,0,0,0,,0,,,,,363035.7476,5028061.548,45.39007231,-75.75626888,884
17--10401,10/12/2017,3:26 PM,TARA DR @ MAITLAND AVE (0003218),3218,02 - Intersection related,03 - P.D. only,02 - Angle,01 - Clear,01 - Daylight,01 - Dry,02 - Stop sign,00 - Unknown,2,0,0,0,,0,,,,,363496.7828,5025388.624,45.36598324,-75.75069922,885
17--10402,10/12/2017,3:30 PM,CARLING AVE WB btwn DOANE ST & RITCHIE ST (__3ZA2GJ),__3ZA2GJ,01 - Non intersection,03 - P.D. only,04 - Sideswipe,01 - Clear,01 - Daylight,01 - Dry,10 - No control,,2,0,0,0,,0,,,,,359503.502,5024310.074,45.35660149,-75.80179136,886
17--10403,10/12/2017,3:38 PM,NELSON ST @ RIDEAU ST (0007626),7626,03 - At intersection,02 - Non-fatal injury,07 - SMV other,01 - Clear,01 - Daylight,01 - Dry,01 - Traffic signal,01 - Functioning,1,0,0,1,02 - Minor,1,,1,,,368651.5276,5032499.497,45.42951401,-75.68398168,887
17--10404,10/12/2017,4:30 PM,DALY AVE @ WALLER ST (0008233),8233,02 - Intersection related,03 - P.D. only,04 - Sideswipe,01 - Clear,01 - Daylight,01 - Dry,01 - Traffic signal,01 - Functioning,2,0,0,0,,0,,,,,368340.8684,5032121.035,45.42613704,-75.68800031,888
17--10405,10/12/2017,4:55 PM,HWY 417 MAITLAND IC126R26/62 @ MAITLAND AVE (0008228),8228,02 - Intersection related,03 - P.D. only,03 - Rear end,01 - Clear,01 - Daylight,01 - Dry,01 - Traffic signal,01 - Functioning,2,0,0,0,,0,,,,,363146.4857,5025985.367,45.37138191,-75.75510012,889
17--10406,10/12/2017,5:08 PM,SENECA ST @ SUNNYSIDE AVE (0012024),12024,03 - At intersection,02 - Non-fatal injury,07 - SMV other,01 - Clear,01 - Daylight,01 - Dry,02 - Stop sign,01 - Functioning,1,0,0,1,01 - Minimal,1,1,,,,368224.1543,5028274.216,45.39153519,-75.68998657,890
17--10407,10/12/2017,5:28 PM,GOOSE RIVER AVE btwn GOLDENEYE WAY & ROCKY HARBOUR CRES (__3EX1VD),__3EX1VD,04 - At/near private drive,03 - P.D. only,99 - Other,01 - Clear,01 - Daylight,01 - Dry,10 - No control,,2,0,0,0,,0,,,,,368869.3427,5016206.073,45.28289002,-75.68330998,891
17--10408,10/12/2017,5:50 PM,ST. PATRICK ST WB btwn MURRAY ST & ST. ANDREW ST (__3ZA2GH),__3ZA2GH,04 - At/near private drive,03 - P.D. only,02 - Angle,01 - Clear,01 - Daylight,01 - Dry,10 - No control,,2,0,0,0,,0,,,,,368403.0221,5033064.112,45.43461686,-75.68708431,892
17--10409,10/12/2017,5:56 PM,ARLINGTON AVE btwn KENT ST & BANK ST (__3ZA977),__3ZA977,01 - Non intersection,03 - P.D. only,04 - Sideswipe,01 - Clear,01 - Daylight,01 - Dry,10 - No control,,2,0,0,0,,0,,,,,367964.0809,5030319.34,45.40996011,-75.69304581,893
17--1041,1/26/2017,6:10 PM,HIGHWAY 417 btwn HWY417 IC126 RAMP61 & HWY417 IC124 RAMP76 (__3ZA2Y2),__3ZA2Y2,01 - Non intersection,03 - P.D. only,03 - Rear end,01 - Clear,07 - Dark,01 - Dry,10 - No control,,2,0,0,0,,0,,,,,364050.3781,5027034.821,45.38074889,-75.74343536,894
17--10410,10/12/2017,6:44 AM,AIRPORT PKWY @ HUNT CLUB RD (0010856),10856,02 - Intersection related,03 - P.D. only,03 - Rear end,01 - Clear,03 - Dawn,01 - Dry,01 - Traffic signal,01 - Functioning,2,0,0,0,,0,,,,,371018.528,5023702.727,45.35014385,-75.65491524,895
17--10411,10/12/2017,6:45 AM,THOMAS A. DOLAN PKWY btwn KERSCOTT HEIGHTS WAY & TORWOOD DR (__3ZAC20),__3ZAC20,01 - Non intersection,03 - P.D. only,07 - SMV other,"07 - Fog, mist, smoke, dust",03 - Dawn,01 - Dry,10 - No control,,1,0,0,0,,0,,,,,345429.3927,5034162.266,45.44621051,-75.98060601,896
17--10412,10/12/2017,7:02 PM,PINECREST RD @ RICHMOND RD (0002353),2353,02 - Intersection related,03 - P.D. only,03 - Rear end,01 - Clear,05 - Dusk,01 - Dry,01 - Traffic signal,01 - Functioning,2,0,0,0,,0,,,,,360073.1439,5024471.276,45.35800731,-75.79450325,897
17--10413,10/12/2017,7:11 AM,RIVERSIDE DR SB btwn BILLINGS BRIDGE SC RAMP SB & BANK ST (__3ZBOFL),__3ZBOFL,01 - Non intersection,03 - P.D. only,04 - Sideswipe,01 - Clear,01 - Daylight,01 - Dry,10 - No control,,2,0,0,0,,0,,,,,369218.1419,5027978.576,45.38878439,-75.67733189,898
17--10414,10/12/2017,7:28 AM,STONEHAVEN DR btwn GRASSY PLAINS DR & SUMMITVIEW DR (__3ZAZLS),__3ZAZLS,04 - At/near private drive,03 - P.D. only,03 - Rear end,01 - Clear,01 - Daylight,01 - Dry,10 - No control,,2,0,0,0,,0,,,,,356210.6345,5015958.005,45.28169766,-75.84468396,899
17--10415,10/12/2017,7:29 PM,AXIS WAY btwn FERN CASEY ST & LYNN VALLEY TERR (e___2HP4),e___2HP4,04 - At/near private drive,03 - P.D. only,06 - SMV unattended vehicle,01 - Clear,07 - Dark,01 - Dry,10 - No control,,1,0,0,0,,0,,,,,353950.9325,5016140.063,45.28349749,-75.8734679,900
17--10416,10/12/2017,7:35 AM,BLAIR RD @ REGIONAL RD 174 S/OR174 IC112 RAMP15 (0012435),12435,02 - Intersection related,03 - P.D. only,03 - Rear end,01 - Clear,01 - Daylight,01 - Dry,01 - Traffic signal,00 - Unknown,2,0,0,0,,0,,,,,374908.2239,5032661.654,45.43037382,-75.60400782,901
17--10417,10/12/2017,7:35 PM,ST. JOSEPH BLVD @ TENTH LINE RD (0009163),9163,02 - Intersection related,03 - P.D. only,04 - Sideswipe,01 - Clear,07 - Dark,01 - Dry,01 - Traffic signal,01 - Functioning,2,0,0,0,,0,,,,,382891.3503,5038665.906,45.48354908,-75.50104374,902
17--10418,10/12/2017,7:43 PM,GLADSTONE AVE btwn PERCY ST & BAY ST (__3ZA3PR),__3ZA3PR,01 - Non intersection,03 - P.D. only,01 - Approaching,01 - Clear,07 - Dark,01 - Dry,10 - No control,,2,0,0,0,,0,,,,,367356.0309,5030222.96,45.40914752,-75.70082544,903
17--10419,10/12/2017,8:06 AM,INNES RD @ JEANNE D'ARC BLVD/MER BLEUE RD (0012475),12475,03 - At intersection,03 - P.D. only,05 - Turning movement,01 - Clear,01 - Daylight,01 - Dry,01 - Traffic signal,01 - Functioning,2,0,0,0,,0,,,,,382637.2802,5035566.844,45.45569482,-75.50478421,904
17--1042,1/26/2017,6:13 PM,BRONSON AVE @ HWY 417 BRONSON IC121AR51 (0002693),2693,02 - Intersection related,03 - P.D. only,03 - Rear end,01 - Clear,07 - Dark,02 - Wet,01 - Traffic signal,01 - Functioning,2,0,0,0,,0,,,,,367288.3282,5029710.562,45.40454316,-75.70175522,905
17--10420,10/12/2017,8:47 AM,RICHMOND RD btwn NE/OT BOUNDARY & DUMAURIER AVE (__3ZA2TT),__3ZA2TT,01 - Non intersection,03 - P.D. only,03 - Rear end,01 - Clear,01 - Daylight,01 - Dry,10 - No control,,3,0,0,0,,0,,,,,359550.9962,5023612.674,45.35032258,-75.80126244,906
17--10421,10/12/2017,8:51 AM,RUSSELL RD btwn SOUTHVALE CRES & TUPPER AVE (__3ZA2EQ),__3ZA2EQ,01 - Non intersection,03 - P.D. only,03 - Rear end,01 - Clear,01 - Daylight,01 - Dry,10 - No control,,2,0,0,0,,0,,,,,373840.5372,5029070.793,45.39817126,-75.61815438,907
17--10422,10/12/2017,8:54 AM,MARCH RD @ TERON RD (0011926),11926,02 - Intersection related,03 - P.D. only,04 - Sideswipe,01 - Clear,01 - Daylight,01 - Dry,01 - Traffic signal,00 - Unknown,2,0,0,0,,0,,,,,351416.8211,5021778.341,45.33440476,-75.90523832,908
17--10423,10/12/2017,8:57 PM,EARL MULLIGAN DR @ MOUNTSHANNON DR (0000020),20,03 - At intersection,03 - P.D. only,02 - Angle,01 - Clear,07 - Dark,01 - Dry,02 - Stop sign,01 - Functioning,2,1,0,0,,0,,,,,364813.6891,5017244.455,45.2925913,-75.73487689,909
17--10424,10/12/2017,9:15 PM,CENTREPOINTE DR btwn REC PATH BEN FRANKLIN PL & PASEO PRIV (__6BWNEJB),__6BWNEJB,04 - At/near private drive,03 - P.D. only,07 - SMV other,01 - Clear,07 - Dark,01 - Dry,10 - No control,,1,0,0,0,,0,,,,,362508.7549,5022868.829,45.34339237,-75.76360508,910
17--10425,10/12/2017,9:44 PM,CARLING AVE btwn RIFLE RD & DAVIDSON'S SIDE RD (__3ZBOCR),__3ZBOCR,01 - Non intersection,03 - P.D. only,03 - Rear end,01 - Clear,07 - Dark,01 - Dry,10 - No control,,2,0,0,0,,0,,,,,354208.5352,5023513.776,45.34982942,-75.86944895,911
17--10426,10/12/2017,9:51 AM,REGIONAL ROAD 174 btwn OR174 IC102 RAMP61 & OR174 IC101 RAMP36 (__3ZA1SY),__3ZA1SY,01 - Non intersection,03 - P.D. only,03 - Rear end,02 - Rain,01 - Daylight,02 - Wet,10 - No control,,2,0,0,0,,0,,,,,382025.5451,5038508.522,45.48222939,-75.51214233,912
17--10427,10/13/2017,1:31 PM,REGIONAL ROAD 174 btwn CAMERON ST & WEST ST (__3ZA27V),__3ZA27V,01 - Non intersection,02 - Non-fatal injury,07 - SMV other,01 - Clear,01 - Daylight,01 - Dry,09 - Traffic controller,01 - Functioning,1,0,0,1,01 - Minimal,1,1,,,,389883.7595,5042621.008,45.51831517,-75.41092549,913
17--10428,10/13/2017,1:35 PM,INNES RD btwn ANDERSON RD & INNES RD (__3ZA3J2),__3ZA3J2,01 - Non intersection,03 - P.D. only,99 - Other,01 - Clear,01 - Daylight,01 - Dry,10 - No control,,3,0,0,0,,0,,,,,376368.7884,5031890.085,45.42328377,-75.58545611,914