Anom_ID,Accident_Date,Accident_Time,Location,Geo_ID,Accident_Location,Classification_of_Accident,Initial_Impact_Type,Environment_Condition,Light,Road_Surface_Condition,Traffic_Control,Traffic_Control_Condition,No__of_Vehicles,No__of_Bicycles,No__of_Motorcycles,No__of_Pedestrians,Max_Injury,No__of_Injuries,No__of_Minimal,No__of_Minor,No__of_Major,No__of_Fatal,X,Y,Latitude,Longitude,ObjectId
17--10429,10/13/2017,10:00 AM,GEORGE ST btwn DALHOUSIE ST & CUMBERLAND ST (__3ZA81O),__3ZA81O,01 - Non intersection,02 - Non-fatal injury,04 - Sideswipe,01 - Clear,01 - Daylight,01 - Dry,10 - No control,,2,1,0,0,02 - Minor,1,,1,,,368280.7853,5032389.11,45.42855454,-75.68873349,915
17--1043,1/26/2017,6:24 PM,GLADSTONE AVE btwn KENT ST & BANK ST (__3ZA3PA),__3ZA3PA,01 - Non intersection,03 - P.D. only,99 - Other,01 - Clear,07 - Dark,02 - Wet,10 - No control,,2,0,0,0,,0,,,,,367829.3251,5030512.096,45.41170661,-75.69474257,916
17--10430,10/13/2017,10:05 AM,HIGHWAY 417 btwn HWY417 IC129 RAMP61 & TRANSIT (__3ZA2SI),__3ZA2SI,01 - Non intersection,02 - Non-fatal injury,03 - Rear end,01 - Clear,01 - Daylight,01 - Dry,10 - No control,,2,0,0,0,01 - Minimal,1,1,,,,361346.0519,5024246.903,45.35588691,-75.77828303,917
17--10431,10/13/2017,11:04 AM,HWY417 IC115 RAMP61 btwn RAMP & HIGHWAY 417 (__3ZAYAU),__3ZAYAU,01 - Non intersection,03 - P.D. only,04 - Sideswipe,01 - Clear,01 - Daylight,01 - Dry,10 - No control,,2,0,0,0,,0,,,,,372590.5752,5031597.412,45.42102677,-75.63377068,918
17--10432,10/13/2017,11:42 AM,OGILVIE RD @ CITY PARK DR E/CSIS HQ ACCESS (0003696),3696,02 - Intersection related,03 - P.D. only,05 - Turning movement,01 - Clear,01 - Daylight,01 - Dry,01 - Traffic signal,00 - Unknown,2,0,0,0,,0,,,,,374188.1144,5033008.988,45.43357076,-75.61316086,919
17--10433,10/13/2017,11:48 AM,RICHMOND RD @ WOODROFFE AVE (0011466),11466,03 - At intersection,03 - P.D. only,05 - Turning movement,01 - Clear,01 - Daylight,01 - Dry,01 - Traffic signal,01 - Functioning,2,0,0,0,,0,,,,,361584.6864,5026653.43,45.37752137,-75.77496091,920
17--10434,10/13/2017,Unknown,SOMERSET ST    W btwn CARTIER ST & MACDONALD ST (__3ZA9U0),__3ZA9U0,01 - Non intersection,03 - P.D. only,06 - SMV unattended vehicle,01 - Clear,00 - Unknown,01 - Dry,10 - No control,,1,0,0,0,,0,,,,,368406.4128,5031343.679,45.4191367,-75.68726316,921
17--10435,10/13/2017,Unknown,PRINCE ALBERT ST btwn NAUGHTON ST & FRANCES ST (__3ZA8J6),__3ZA8J6,01 - Non intersection,03 - P.D. only,06 - SMV unattended vehicle,01 - Clear,00 - Unknown,01 - Dry,10 - No control,,1,0,0,0,,0,,,,,371496.5363,5032014.508,45.42488477,-75.64769229,922
17--10436,10/13/2017,12:00 PM,BANK ST @ CATHERINE ST (0002708),2708,02 - Intersection related,02 - Non-fatal injury,03 - Rear end,01 - Clear,01 - Daylight,01 - Dry,01 - Traffic signal,01 - Functioning,2,0,0,0,01 - Minimal,2,2,,,,368040.7983,5030268.118,45.4094923,-75.69207238,923
17--10437,10/13/2017,12:07 PM,CANOTEK RD btwn TO BE DETERMINED & GREEN CREEK DR (__3ZA129),__3ZA129,04 - At/near private drive,03 - P.D. only,05 - Turning movement,01 - Clear,01 - Daylight,01 - Dry,10 - No control,,2,0,0,0,,0,,,,,376620.7034,5035667.011,45.45724036,-75.58168627,924
17--10438,10/13/2017,12:20 PM,VANIER PKWY SB btwn MONTREAL RD & MCARTHUR AVE (__3ZA4SR),__3ZA4SR,01 - Non intersection,03 - P.D. only,04 - Sideswipe,01 - Clear,01 - Daylight,01 - Dry,10 - No control,,2,0,0,0,,0,,,,,370082.5459,5033016.412,45.43403289,-75.66562676,925
17--10281,10/8/2017,2:15 PM,CARLING AVE @ MCKELLAR AVE (0002765),2765,02 - Intersection related,02 - Non-fatal injury,03 - Rear end,01 - Clear,01 - Daylight,01 - Dry,02 - Stop sign,00 - Unknown,2,0,0,0,01 - Minimal,1,1,,,,362766.2783,5026376.869,45.37493615,-75.75990781,926
17--10282,10/8/2017,2:20 PM,WALKLEY RD btwn BANK ST & BANFF AVE (__3ZA375),__3ZA375,01 - Non intersection,03 - P.D. only,03 - Rear end,01 - Clear,01 - Daylight,01 - Dry,10 - No control,,3,0,0,0,,0,,,,,370425.8993,5025998.149,45.37085305,-75.66217279,927
17--10283,10/8/2017,4:40 PM,BARNSDALE RD @ PRINCE OF WALES DR (0001082),1082,03 - At intersection,02 - Non-fatal injury,02 - Angle,01 - Clear,01 - Daylight,01 - Dry,02 - Stop sign,01 - Functioning,2,0,1,0,02 - Minor,1,,1,,,366646.6962,5011532.142,45.24103325,-75.71222112,928
17--10284,10/8/2017,8:00 PM,BRIAN COBURN BLVD @ TRIM RD (0015655),15655,02 - Intersection related,03 - P.D. only,07 - SMV other,01 - Clear,07 - Dark,01 - Dry,11 - Roundabout,01 - Functioning,1,0,0,0,,0,,,,,387159.8738,5035824.92,45.45749831,-75.44692535,929
17--10285,10/8/2017,8:42 PM,RUSSELL RD btwn MILTON RD & SAND RD (__3ZA3XZ),__3ZA3XZ,01 - Non intersection,03 - P.D. only,07 - SMV other,01 - Clear,07 - Dark,01 - Dry,10 - No control,,1,0,0,0,,0,,,,,389798.2168,5025333.058,45.3627875,-75.41500584,930
17--10286,10/8/2017,9:00 AM,HIGHWAY 417 btwn HWY417 IC119A RAMP75 & HWY417 IC118 RAMP57 (__3ZA2R2),__3ZA2R2,01 - Non intersection,03 - P.D. only,04 - Sideswipe,02 - Rain,01 - Daylight,02 - Wet,10 - No control,,2,0,0,0,,0,,,,,368925.7005,5030680.114,45.41311878,-75.68071494,931
17--10287,10/8/2017,9:13 AM,KANATA AVE @ TERRY FOX DR (0012691),12691,02 - Intersection related,03 - P.D. only,07 - SMV other,01 - Clear,01 - Daylight,02 - Wet,01 - Traffic signal,01 - Functioning,1,0,0,0,,0,,,,,349305.5331,5019212.254,45.3114515,-75.93240449,932
17--10288,10/8/2017,9:35 AM,NEW ORCHARD AVE @ RICHMOND RD (0011467),11467,03 - At intersection,02 - Non-fatal injury,05 - Turning movement,01 - Clear,01 - Daylight,02 - Wet,01 - Traffic signal,01 - Functioning,2,1,0,0,01 - Minimal,1,1,,,,361293.6774,5026219.758,45.37364275,-75.77872589,933
17--10289,10/8/2017,9:49 AM,HUNTMAR DR @ PALLADIUM DR S (0011818),11818,03 - At intersection,03 - P.D. only,03 - Rear end,01 - Clear,01 - Daylight,01 - Dry,01 - Traffic signal,01 - Functioning,2,0,0,0,,0,,,,,349676.08,5017364.253,45.29479905,-75.9278463,934
17--1029,1/26/2017,12:52 AM,HUNT CLUB RD @ RIVERSIDE DR (0002237),2237,03 - At intersection,02 - Non-fatal injury,04 - Sideswipe,01 - Clear,07 - Dark,02 - Wet,01 - Traffic signal,01 - Functioning,2,0,0,0,02 - Minor,1,,1,,,368036.1566,5021946.045,45.33461285,-75.6931971,935
17--10290,10/8/2017,9:50 AM,INNES RD @ JEANNE D'ARC BLVD/MER BLEUE RD (0012475),12475,02 - Intersection related,02 - Non-fatal injury,03 - Rear end,01 - Clear,01 - Daylight,01 - Dry,01 - Traffic signal,01 - Functioning,2,0,0,0,01 - Minimal,1,1,,,,382637.2109,5035567.825,45.45570365,-75.50478494,936
17--10291,10/9/2017,1:52 AM,JOHNSTON RD @ TAPIOLA CRES E (0012081),12081,03 - At intersection,03 - P.D. only,05 - Turning movement,01 - Clear,07 - Dark,01 - Dry,02 - Stop sign,01 - Functioning,2,0,0,0,,0,,,,,372254.394,5025675.856,45.36777957,-75.63887554,937
17--10292,10/9/2017,10:01 PM,RENAUD RD btwn IDA ST & Continuation of RENAUD RD (__3ZA6FE),__3ZA6FE,01 - Non intersection,03 - P.D. only,03 - Rear end,"07 - Fog, mist, smoke, dust",07 - Dark,01 - Dry,10 - No control,,2,0,0,0,,0,,,,,378557.8378,5031712.221,45.42145609,-75.55751365,938
17--10293,10/9/2017,11:05 PM,CRESTHAVEN DR btwn WOODROFFE AVE & SERENA WAY (__7N38U6),__7N38U6,01 - Non intersection,03 - P.D. only,06 - SMV unattended vehicle,01 - Clear,07 - Dark,02 - Wet,10 - No control,,1,0,0,0,,0,,,,,366406.7516,5014857.453,45.27097536,-75.71486491,939
17--10294,10/9/2017,11:42 AM,MERIVALE RD @ WOODFIELD DR/ROYDON PL (0009776),9776,02 - Intersection related,03 - P.D. only,04 - Sideswipe,02 - Rain,01 - Daylight,02 - Wet,01 - Traffic signal,01 - Functioning,2,0,0,0,,0,,,,,365462.1547,5022297.952,45.33800651,-75.72599147,940
17--10295,10/9/2017,12:23 AM,ELGIN ST @ LAURIER AVE (0002232),2232,03 - At intersection,03 - P.D. only,07 - SMV other,01 - Clear,07 - Dark,01 - Dry,01 - Traffic signal,01 - Functioning,1,0,0,0,,0,,,,,367949.6657,5031549.815,45.42103282,-75.69307228,941
17--10296,10/9/2017,12:45 PM,KANATA AVE @ TERRY FOX DR (0012691),12691,03 - At intersection,03 - P.D. only,02 - Angle,02 - Rain,01 - Daylight,02 - Wet,01 - Traffic signal,01 - Functioning,2,0,0,0,,0,,,,,349301.1441,5019209.044,45.31142289,-75.93246075,942
17--10297,10/9/2017,2:17 PM,KENT ST @ SOMERSET ST (0008857),8857,03 - At intersection,03 - P.D. only,05 - Turning movement,01 - Clear,01 - Daylight,02 - Wet,01 - Traffic signal,01 - Functioning,2,0,0,0,,0,,,,,367525.7545,5030815.802,45.41446654,-75.69858193,943
17--10298,10/9/2017,3:21 PM,DWYER HILL RD @ ROGER STEVENS DR (0003690),3690,03 - At intersection,02 - Non-fatal injury,02 - Angle,01 - Clear,01 - Daylight,02 - Wet,02 - Stop sign,01 - Functioning,2,0,0,0,02 - Minor,2,,2,,,354355.5983,4989346.569,45.04236988,-75.87096877,944
17--10299,10/9/2017,3:29 PM,CHAMPLAIN ST @ JEANNE D'ARC BLVD (0004106),4106,03 - At intersection,03 - P.D. only,05 - Turning movement,01 - Clear,01 - Daylight,01 - Dry,01 - Traffic signal,01 - Functioning,2,0,0,0,,0,,,,,381379.7447,5038723.835,45.48423774,-75.52036852,945
17--103,1/3/2017,9:33 PM,EQUESTRIAN DR btwn STABLE WAY & POMMEL CRES (__3ZACLX),__3ZACLX,04 - At/near private drive,03 - P.D. only,06 - SMV unattended vehicle,03 - Snow,07 - Dark,04 - Slush,10 - No control,,1,0,0,0,,0,,,,,354638.6258,5016591.319,45.28750957,-75.86465702,946
17--1030,1/26/2017,2:16 PM,MONTREAL RD btwn ST. LAURENT BLVD & HILLSIDE DR (__3ZA1MC),__3ZA1MC,04 - At/near private drive,02 - Non-fatal injury,02 - Angle,01 - Clear,01 - Daylight,02 - Wet,10 - No control,,3,0,0,0,02 - Minor,2,,2,,,371626.5772,5033857.485,45.44145462,-75.64578056,947
17--10300,10/9/2017,3:48 PM,NELSON ST @ SOMERSET ST (0007312),7312,02 - Intersection related,03 - P.D. only,06 - SMV unattended vehicle,01 - Clear,01 - Daylight,02 - Wet,02 - Stop sign,01 - Functioning,1,0,0,0,,0,,,,,369095.2493,5031762.933,45.42284603,-75.67840768,948
17--10301,10/9/2017,6:00 PM,YORK ST btwn BY WARD MARKET SQ & WILLIAM ST (__3ZA81V),__3ZA81V,01 - Non intersection,03 - P.D. only,06 - SMV unattended vehicle,01 - Clear,01 - Daylight,01 - Dry,10 - No control,,1,0,0,0,,0,,,,,367962.3332,5032340.038,45.42814184,-75.69280911,949
17--10302,10/9/2017,6:15 PM,TENTH LINE RD @ OR174 IC101 RAMP61 (0009217),9217,03 - At intersection,03 - P.D. only,02 - Angle,01 - Clear,05 - Dusk,01 - Dry,02 - Stop sign,01 - Functioning,2,0,0,0,,0,,,,,382703.2199,5039063.183,45.48714444,-75.50338693,950
17--10303,10/9/2017,6:17 PM,GLYNN AVE btwn EDITH AVE & LOLA ST (__3ZA8LH),__3ZA8LH,01 - Non intersection,03 - P.D. only,06 - SMV unattended vehicle,01 - Clear,05 - Dusk,01 - Dry,10 - No control,,1,0,0,0,,0,,,,,370926.8485,5032166.49,45.42630633,-75.65495107,951
17--10304,10/9/2017,7:40 PM,CATHERINE ST @ METCALFE ST (0011239),11239,02 - Intersection related,03 - P.D. only,03 - Rear end,01 - Clear,07 - Dark,01 - Dry,01 - Traffic signal,01 - Functioning,3,0,0,0,,0,,,,,368394.8395,5030487.92,45.41143792,-75.68752145,952
17--10305,10/9/2017,9:14 AM,OTTAWA RIVER PKWY @ REMIC RAPIDS ENT/TUNNEY'S  (0011322),11322,02 - Intersection related,03 - P.D. only,07 - SMV other,02 - Rain,01 - Daylight,02 - Wet,01 - Traffic signal,01 - Functioning,1,0,0,0,,0,,,,,364263.2714,5030245.247,45.40961766,-75.74033022,953
17--10306,10/10/2017,10:20 AM,O'CONNOR ST btwn MACLAREN ST & GILMOUR ST (__3ZA3RO),__3ZA3RO,01 - Non intersection,03 - P.D. only,06 - SMV unattended vehicle,01 - Clear,01 - Daylight,01 - Dry,10 - No control,,1,0,0,0,,0,,,,,367915.082,5030915.686,45.41533026,-75.69359538,954
17--10307,10/10/2017,10:36 AM,QUEEN ELIZABETH DRWY @ SOMERSET ST (0007135),7135,02 - Intersection related,03 - P.D. only,02 - Angle,01 - Clear,01 - Daylight,01 - Dry,02 - Stop sign,01 - Functioning,2,1,0,0,,0,,,,,368570.7074,5031473.578,45.42029053,-75.68514727,955
17--10308,10/10/2017,10:40 AM,FAIRLEA CRES btwn HEATHERINGTON RD & GORE PRIV (__3ZBORS),__3ZBORS,01 - Non intersection,03 - P.D. only,06 - SMV unattended vehicle,01 - Clear,01 - Daylight,01 - Dry,10 - No control,,1,0,0,0,,0,,,,,371928.8216,5026755.077,45.37752126,-75.64288466,956
17--10309,10/10/2017,10:45 AM,KENT ST @ MCLEOD ST (0007253),7253,03 - At intersection,03 - P.D. only,02 - Angle,01 - Clear,01 - Daylight,01 - Dry,02 - Stop sign,01 - Functioning,2,0,0,0,,0,,,,,367786.3703,5030391.902,45.41062901,-75.69530666,957
17--1031,1/26/2017,2:34 PM,MEADOWLANDS DR @ MERIVALE RD (0000625),625,03 - At intersection,03 - P.D. only,07 - SMV other,01 - Clear,01 - Daylight,01 - Dry,01 - Traffic signal,01 - Functioning,1,0,0,0,,0,,,,,364858.3655,5023725.51,45.35090344,-75.73352139,958
17--10310,10/10/2017,10:53 AM,BRONSON AVE @ CARLING AVE/GLEBE AVE (0002134),2134,03 - At intersection,03 - P.D. only,04 - Sideswipe,01 - Clear,01 - Daylight,01 - Dry,01 - Traffic signal,01 - Functioning,2,0,0,0,,0,,,,,367447.3726,5029336.9,45.40116684,-75.69977121,959
17--10311,10/10/2017,11:02 AM,HUNT CLUB RD @ UPLANDS DR (0010844),10844,02 - Intersection related,03 - P.D. only,03 - Rear end,01 - Clear,01 - Daylight,01 - Dry,01 - Traffic signal,01 - Functioning,2,0,0,0,,0,,,,,370156.1845,5023120.678,45.34498763,-75.66599625,960
17--10312,10/10/2017,11:07 AM,ADIRONDACK DR @ WOODROFFE AVE (0005644),5644,03 - At intersection,03 - P.D. only,03 - Rear end,01 - Clear,01 - Daylight,01 - Dry,02 - Stop sign,01 - Functioning,3,0,0,0,,0,,,,,362456.6005,5024004.698,45.35361713,-75.76413812,961
17--10313,10/10/2017,11:39 AM,JEAN TALON ST btwn PIE XII ST & BLAKE BLVD (__3ZA7D6),__3ZA7D6,04 - At/near private drive,03 - P.D. only,02 - Angle,01 - Clear,01 - Daylight,01 - Dry,10 - No control,,2,0,0,0,,0,,,,,371144.9243,5033099.958,45.43468461,-75.65203877,962
17--10314,10/10/2017,Unknown,LETOURNEAU ST btwn CLENNING ST & BEATRICE DR (__4LK32H),__4LK32H,01 - Non intersection,03 - P.D. only,06 - SMV unattended vehicle,01 - Clear,00 - Unknown,01 - Dry,10 - No control,,1,0,0,0,,0,,,,,364915.5163,5016555.319,45.28638178,-75.73366231,963
17--10315,10/10/2017,12:10 PM,MANN AVE @ GOULBURN AVE/GOULBURN CRES (0007291),7291,03 - At intersection,02 - Non-fatal injury,02 - Angle,01 - Clear,01 - Daylight,01 - Dry,02 - Stop sign,01 - Functioning,2,1,0,0,02 - Minor,1,,1,,,369686.6252,5031637.272,45.42166078,-75.67086817,964
17--10316,10/10/2017,12:20 PM,IRIS ST btwn GATEWAY RD & PARKWAY DR (__3ZBNGF),__3ZBNGF,04 - At/near private drive,03 - P.D. only,06 - SMV unattended vehicle,01 - Clear,01 - Daylight,01 - Dry,10 - No control,,1,0,0,0,,0,,,,,361832.9819,5024099.31,45.35451944,-75.7720857,965
17--10317,10/10/2017,2:00 PM,BANK ST @ HUNT CLUB RD (0002119),2119,02 - Intersection related,03 - P.D. only,04 - Sideswipe,01 - Clear,01 - Daylight,01 - Dry,01 - Traffic signal,00 - Unknown,2,0,0,0,,0,,,,,371609.8294,5024097.053,45.35363578,-75.64731657,966
17--10318,10/10/2017,3:16 PM,PRINCESS AVE @ ROCKCLIFFE PKWY (0012027),12027,03 - At intersection,03 - P.D. only,03 - Rear end,01 - Clear,01 - Daylight,01 - Dry,11 - Roundabout,01 - Functioning,2,0,0,0,,0,,,,,368227.7011,5034330.598,45.44602815,-75.68916166,967
17--10319,10/10/2017,3:27 PM,FRANK KENNY RD W @ INNES RD (0010153),10153,02 - Intersection related,03 - P.D. only,02 - Angle,01 - Clear,01 - Daylight,01 - Dry,02 - Stop sign,01 - Functioning,2,0,0,0,,0,,,,,387530.6145,5037630.53,45.4736995,-75.44188187,968
17--1032,1/26/2017,3:45 PM,EAGLESON RD @ HAZELDEAN RD/ROBERTSON RD (0002715),2715,02 - Intersection related,03 - P.D. only,03 - Rear end,01 - Clear,01 - Daylight,01 - Dry,01 - Traffic signal,01 - Functioning,2,0,0,0,,0,,,,,353673.6249,5018425.553,45.30408218,-75.87677734,969
17--10320,10/10/2017,3:40 PM,BOTELER ST @ PARENT AVE (0007704),7704,03 - At intersection,02 - Non-fatal injury,02 - Angle,01 - Clear,01 - Daylight,01 - Dry,02 - Stop sign,02 - Not functioning,2,0,0,0,02 - Minor,1,,1,,,367556.3189,5032990.907,45.43403468,-75.69791435,970
17--10321,10/10/2017,3:42 PM,JOHNWOODS ST btwn JOSEPH CIRC & HAZELDEAN RD (__3ZACM0),__3ZACM0,01 - Non intersection,02 - Non-fatal injury,07 - SMV other,01 - Clear,01 - Daylight,01 - Dry,10 - No control,,1,0,0,0,01 - Minimal,2,2,,,,350063.1428,5015538.524,45.27834574,-75.9230782,971
17--10322,10/10/2017,3:45 PM,HIGHWAY 417 btwn HWY417 IC119B RAMP76 & HWY417 IC119A RAMP67 (__3ZA2YT),__3ZA2YT,01 - Non intersection,03 - P.D. only,03 - Rear end,01 - Clear,01 - Daylight,01 - Dry,10 - No control,,2,0,0,0,,0,,,,,368283.4532,5030353.705,45.41024042,-75.68896165,972
17--10323,10/10/2017,3:59 PM,MERIVALE RD @ WOODWARD AVE (0006748),6748,03 - At intersection,03 - P.D. only,05 - Turning movement,01 - Clear,01 - Daylight,01 - Dry,02 - Stop sign,01 - Functioning,2,0,0,0,,0,,,,,364854.6999,5027067.543,45.38097483,-75.73316196,973
17--10324,10/10/2017,4:12 PM,DALY AVE @ CHARLOTTE ST (0007743),7743,02 - Intersection related,03 - P.D. only,03 - Rear end,01 - Clear,01 - Daylight,01 - Dry,02 - Stop sign,01 - Functioning,2,0,0,0,,0,,,,,369333.6224,5032722.86,45.43146114,-75.67523618,974
17--10325,10/10/2017,4:18 PM,CORDOVA ST @ RITA AVE (0001972),1972,02 - Intersection related,02 - Non-fatal injury,07 - SMV other,01 - Clear,01 - Daylight,01 - Dry,02 - Stop sign,01 - Functioning,1,0,0,1,01 - Minimal,1,1,,,,363921.6908,5023875.688,45.35233432,-75.74545644,975
17--10326,10/10/2017,4:50 PM,HIGHWAY 417 btwn HWY417 IC122 RAMP51 & HWY417 IC122 RAMP15 (__3ZA2R0),__3ZA2R0,01 - Non intersection,03 - P.D. only,03 - Rear end,01 - Clear,01 - Daylight,01 - Dry,10 - No control,,2,0,0,0,,0,,,,,365311.8589,5028861.876,45.39708053,-75.72710502,976
17--10327,10/10/2017,5:01 PM,INDUSTRIAL AVE/INNES RD @ ST. LAURENT BLVD (0002203),2203,02 - Intersection related,03 - P.D. only,04 - Sideswipe,01 - Clear,01 - Daylight,01 - Dry,01 - Traffic signal,01 - Functioning,2,0,0,0,,0,,,,,373099.5513,5030007.403,45.40667112,-75.62748807,977
17--10328,10/10/2017,5:24 PM,ST. JOSEPH BLVD btwn ST. JEAN ST & BELCOURT BLVD (__3ZA2AP),__3ZA2AP,04 - At/near private drive,03 - P.D. only,05 - Turning movement,01 - Clear,01 - Daylight,01 - Dry,10 - No control,,2,0,0,0,,0,,,,,381046.1443,5037251.823,45.47103032,-75.5248639,978
17--10329,10/10/2017,5:25 PM,MCARTHUR AVE btwn CRETE PL & ALLEN BLVD (__3ZA3W3),__3ZA3W3,01 - Non intersection,02 - Non-fatal injury,02 - Angle,01 - Clear,01 - Daylight,01 - Dry,10 - No control,,2,1,1,0,03 - Major,3,1,1,1,,370649.4033,5032738.921,45.431483,-75.65841967,979
17--1033,1/26/2017,4:52 PM,MONTREAL RD @ BATHGATE DR/BURMA RD (0007650),7650,03 - At intersection,02 - Non-fatal injury,07 - SMV other,01 - Clear,05 - Dusk,02 - Wet,01 - Traffic signal,01 - Functioning,1,0,0,1,02 - Minor,1,,1,,,373224.1797,5034517.406,45.44723771,-75.6252696,980
17--10330,10/10/2017,5:44 PM,HIGHWAY 417 btwn HWY417 IC129 RAMP25 & TRANSIT (__3ZA2SH),__3ZA2SH,01 - Non intersection,03 - P.D. only,03 - Rear end,01 - Clear,01 - Daylight,01 - Dry,10 - No control,,2,0,0,0,,0,,,,,361617.6544,5024434.7,45.35755474,-75.77479516,981
17--10331,10/10/2017,7:14 AM,STEEPLE HILL CRES btwn RICHMOND RD & PIETY HILL WAY (__3ZAB5Y),__3ZAB5Y,01 - Non intersection,03 - P.D. only,07 - SMV other,"07 - Fog, mist, smoke, dust",03 - Dawn,02 - Wet,10 - No control,,1,0,0,0,,0,,,,,357469.4569,5014412.472,45.2676975,-75.82880318,982
17--10332,10/10/2017,7:15 PM,HIGHWAY 417 btwn HWY417 IC140 RAMP36 & HWY417 IC140 RAMP16 (__3ZA20N),__3ZA20N,01 - Non intersection,02 - Non-fatal injury,03 - Rear end,01 - Clear,07 - Dark,01 - Dry,10 - No control,,2,0,0,0,01 - Minimal,2,2,,,,350569.4578,5018373.803,45.30382565,-75.91636345,983
17--10333,10/10/2017,7:16 PM,KENNEVALE DR btwn STRANDHERD DR & COBBLE HILL DR (__5WHGW0),__5WHGW0,01 - Non intersection,03 - P.D. only,03 - Rear end,01 - Clear,07 - Dark,01 - Dry,10 - No control,,2,0,0,0,,0,,,,,361537.993,5014120.445,45.26475337,-75.77699287,984
17--10334,10/10/2017,7:29 PM,ST. LAURENT BLVD btwn DWELLINGHAM PRIV & TAWNEY RD (__3ZA76V),__3ZA76V,01 - Non intersection,03 - P.D. only,03 - Rear end,01 - Clear,07 - Dark,01 - Dry,10 - No control,,2,0,0,0,,0,,,,,373560.2788,5028889.715,45.39656958,-75.6217589,985
17--10335,10/10/2017,7:30 AM,HIGHWAY 417 btwn Continuation of HIGHWAY 417 & HWY417 IC134 RAMP51 (__3ZA29B),__3ZA29B,01 - Non intersection,02 - Non-fatal injury,03 - Rear end,01 - Clear,01 - Daylight,01 - Dry,10 - No control,,2,0,1,0,02 - Minor,1,,1,,,355525.043,5021715.836,45.33355738,-75.85283311,986
17--10336,10/10/2017,7:41 AM,BRONSON AVE/BRONSON/HERON RAMP 35 @ HERON RD (0002386),2386,02 - Intersection related,03 - P.D. only,03 - Rear end,01 - Clear,01 - Daylight,01 - Dry,01 - Traffic signal,01 - Functioning,2,0,0,0,,0,,,,,368642.897,5026698.893,45.37732285,-75.68484294,987
17--10337,10/10/2017,8:10 PM,LONGFIELDS DR btwn DEERCROFT AVE & STRANDHERD DR (__4VGUPF),__4VGUPF,04 - At/near private drive,02 - Non-fatal injury,03 - Rear end,01 - Clear,07 - Dark,01 - Dry,10 - No control,,2,0,0,0,01 - Minimal,1,1,,,,364535.1754,5015197.458,45.27419619,-75.73867379,988
17--10338,10/10/2017,8:29 AM,MEADOWLANDS DR/TALLWOOD DR @ WOODROFFE AVE (0000095),95,03 - At intersection,03 - P.D. only,03 - Rear end,01 - Clear,01 - Daylight,01 - Dry,01 - Traffic signal,01 - Functioning,2,0,0,0,,0,,,,,363057.7751,5022729.137,45.34209005,-75.75661633,989
17--10339,10/10/2017,8:30 AM,HIGHWAY 417 btwn HWY417 IC126 RAMP51 & HWY417 IC126 RAMP25 (__3ZA2RD),__3ZA2RD,01 - Non intersection,03 - P.D. only,03 - Rear end,01 - Clear,01 - Daylight,01 - Dry,10 - No control,,2,0,0,0,,0,,,,,363271.0001,5025972.726,45.37125779,-75.75351209,990
17--1034,1/26/2017,5:00 PM,GLENRIDGE RD btwn WOLMSLEY CRES & VIEWMOUNT DR (__3ZAARB),__3ZAARB,01 - Non intersection,03 - P.D. only,06 - SMV unattended vehicle,01 - Clear,05 - Dusk,05 - Packed snow,10 - No control,,1,0,0,0,,0,,,,,364923.5989,5022818.939,45.34274064,-75.73279915,991
17--10340,10/10/2017,8:36 AM,ROBERTSON RD btwn FITZGERALD RD & MOODIE DR (__3ZA411),__3ZA411,04 - At/near private drive,02 - Non-fatal injury,05 - Turning movement,01 - Clear,01 - Daylight,01 - Dry,10 - No control,,2,0,0,0,02 - Minor,2,1,1,,,356918.6757,5020369.147,45.32133761,-75.83519564,992
17--10341,10/10/2017,8:51 AM,MITCH OWENS RD btwn RIVER RD & SPRATT RD (__3ZA38F),__3ZA38F,01 - Non intersection,03 - P.D. only,03 - Rear end,01 - Clear,01 - Daylight,01 - Dry,10 - No control,,2,0,0,0,,0,,,,,369673.4778,5010872.585,45.2348262,-75.67375711,993
17--10342,10/10/2017,9:00 AM,ST. JOSEPH BLVD @ JEANNE D'ARC BLVD (0012421),12421,03 - At intersection,03 - P.D. only,04 - Sideswipe,01 - Clear,01 - Daylight,01 - Dry,11 - Roundabout,01 - Functioning,2,0,0,0,,0,,,,,379859.7392,5036472.919,45.46415086,-75.540154,994
17--10343,10/10/2017,9:40 AM,ALBERT ST @ BANK ST (0002115),2115,02 - Intersection related,02 - Non-fatal injury,07 - SMV other,01 - Clear,01 - Daylight,01 - Dry,01 - Traffic signal,01 - Functioning,1,0,0,1,01 - Minimal,1,1,,,,367384.6928,5031425.58,45.41996576,-75.70030659,995
17--10344,10/11/2017,1:00 PM,CARLING AVE @ RICHMOND RD (0010847),10847,02 - Intersection related,03 - P.D. only,03 - Rear end,01 - Clear,01 - Daylight,01 - Dry,01 - Traffic signal,01 - Functioning,2,0,0,0,,0,,,,,360245.3446,5024782.85,45.36079725,-75.79227053,996