Anom_ID,Accident_Date,Accident_Time,Location,Geo_ID,Accident_Location,Classification_of_Accident,Initial_Impact_Type,Environment_Condition,Light,Road_Surface_Condition,Traffic_Control,Traffic_Control_Condition,No__of_Vehicles,No__of_Bicycles,No__of_Motorcycles,No__of_Pedestrians,Max_Injury,No__of_Injuries,No__of_Minimal,No__of_Minor,No__of_Major,No__of_Fatal,X,Y,Latitude,Longitude,ObjectId
17--10345,10/11/2017,1:12 PM,GREENBANK RD @ CANFIELD RD/CRAIG HENRY DR (0000154),154,02 - Intersection related,03 - P.D. only,04 - Sideswipe,01 - Clear,01 - Daylight,01 - Dry,01 - Traffic signal,01 - Functioning,2,0,0,0,,0,,,,,361108.3797,5021363.472,45.32996099,-75.78164449,997
17--10346,10/11/2017,1:40 PM,FRANK ST btwn O'CONNOR ST & METCALFE ST (__3ZA9TX),__3ZA9TX,04 - At/near private drive,03 - P.D. only,99 - Other,01 - Clear,01 - Daylight,01 - Dry,10 - No control,,2,0,0,0,,0,,,,,368097.6712,5030726.591,45.41361235,-75.691287,998
17--10347,10/11/2017,10:10 PM,HIGHWAY 417 btwn HWY417 IC118 RAMP67 & HWY417 IC117 RAMP36 (__3ZA2YO),__3ZA2YO,01 - Non intersection,03 - P.D. only,04 - Sideswipe,01 - Clear,07 - Dark,01 - Dry,10 - No control,,2,0,0,0,,0,,,,,369805.0309,5031156.07,45.41732012,-75.66941881,999
17--10348,10/11/2017,10:17 AM,RIVERSHORE CRES btwn Continuation of RIVERSHORE CRES & Continuation of (__3ZA7TQ),__3ZA7TQ,04 - At/near private drive,02 - Non-fatal injury,07 - SMV other,01 - Clear,01 - Daylight,01 - Dry,10 - No control,,1,0,0,1,02 - Minor,1,,1,,,374747.7038,5036264.26,45.46280406,-75.60554687,1000
17--1161,1/30/2017,1:02 PM,RIVERSIDE DR @ SMYTH RD SOUTH SIDE RAMP (0011480),11480,02 - Intersection related,02 - Non-fatal injury,03 - Rear end,01 - Clear,01 - Daylight,01 - Dry,01 - Traffic signal,01 - Functioning,2,0,0,0,01 - Minimal,1,1,,,,369787.352,5028997.976,45.39790402,-75.66992914,1001
17--11610,11/10/2017,8:15 PM,CONRAD AVE btwn KIPLING ST & FEATHERSTON DR (__3ZA7Q1),__3ZA7Q1,04 - At/near private drive,03 - P.D. only,06 - SMV unattended vehicle,02 - Rain,07 - Dark,02 - Wet,10 - No control,,1,0,0,0,,0,,,,,372295.3569,5027792.403,45.38681949,-75.63806337,1002
17--11611,11/10/2017,8:27 AM,GLADSTONE AVE @ KENT ST (0002251),2251,03 - At intersection,03 - P.D. only,02 - Angle,01 - Clear,01 - Daylight,01 - Dry,01 - Traffic signal,01 - Functioning,2,0,0,0,,0,,,,,367746.3764,5030458.902,45.41123546,-75.69580901,1003
17--11612,11/10/2017,8:30 AM,CUMMINGS AVE/LABELLE ST @ CYRVILLE RD (0008791),8791,02 - Intersection related,03 - P.D. only,04 - Sideswipe,01 - Clear,01 - Daylight,01 - Dry,01 - Traffic signal,01 - Functioning,2,0,0,0,,0,,,,,372860.7159,5031872.284,45.42347371,-75.63028124,1004
17--11613,11/10/2017,8:40 AM,KING EDWARD AVE @ STEWART ST (0007754),7754,03 - At intersection,03 - P.D. only,02 - Angle,01 - Clear,01 - Daylight,01 - Dry,01 - Traffic signal,01 - Functioning,2,1,0,0,,0,,,,,368635.0489,5032204.91,45.42686493,-75.68423044,1005
17--11614,11/10/2017,8:40 AM,HIGHWAY 417 btwn HWY417 IC121A RAMP16 & HWY417 IC121A RAMP61 (__3ZA2YY),__3ZA2YY,01 - Non intersection,02 - Non-fatal injury,03 - Rear end,01 - Clear,01 - Daylight,01 - Dry,10 - No control,,2,0,0,0,01 - Minimal,1,1,,,,367248.0923,5029754.697,45.40494387,-75.70226357,1006
17--11615,11/10/2017,9:01 AM,LAMING ST @ LARKIN DR (0000807),807,03 - At intersection,02 - Non-fatal injury,07 - SMV other,01 - Clear,01 - Daylight,01 - Dry,02 - Stop sign,01 - Functioning,1,0,0,1,02 - Minor,1,,1,,,361971.3466,5015625.448,45.2782604,-75.77129785,1007
17--11616,11/10/2017,9:30 AM,HIGHWAY 417 btwn HWY417 IC134 RAMP36 & HWY417 IC134 RAMP26 (__3ZA29C),__3ZA29C,01 - Non intersection,03 - P.D. only,04 - Sideswipe,01 - Clear,01 - Daylight,01 - Dry,10 - No control,,2,0,0,0,,0,,,,,356358.1248,5022255.305,45.33835086,-75.84214887,1008
17--11617,11/10/2017,9:37 AM,BOURASSA ST @ ST. LAURENT BLVD (0007731),7731,03 - At intersection,03 - P.D. only,05 - Turning movement,01 - Clear,01 - Daylight,01 - Dry,01 - Traffic signal,01 - Functioning,2,0,0,0,,0,,,,,373238.1521,5029692.847,45.40382735,-75.62576134,1009
17--11618,11/11/2017,1:00 PM,BRONSON AVE @ MACLAREN ST (0006338),6338,03 - At intersection,03 - P.D. only,02 - Angle,01 - Clear,01 - Daylight,01 - Dry,02 - Stop sign,01 - Functioning,2,0,0,0,,0,,,,,366999.9423,5030399.006,45.41076327,-75.70535194,1010
17--11619,11/11/2017,10:37 AM,ST. LAURENT BLVD @ COTE ST (0007705),7705,03 - At intersection,03 - P.D. only,02 - Angle,01 - Clear,01 - Daylight,01 - Dry,01 - Traffic signal,01 - Functioning,2,0,0,0,,0,,,,,371785.6017,5033225.936,45.43575702,-75.64383398,1011
17--1162,1/30/2017,1:17 PM,BANK ST @ LEWIS ST (0002255),2255,02 - Intersection related,03 - P.D. only,99 - Other,01 - Clear,01 - Daylight,05 - Packed snow,02 - Stop sign,00 - Unknown,2,0,0,0,,0,,,,,367810.7155,5030735.567,45.41371901,-75.69495174,1012
17--11620,11/11/2017,10:40 AM,SOMERSET ST @ EMPRESS AVE (0006352),6352,03 - At intersection,03 - P.D. only,03 - Rear end,01 - Clear,01 - Daylight,01 - Dry,01 - Traffic signal,00 - Unknown,2,0,0,0,,0,,,,,366738.4627,5030346.779,45.41031654,-75.70869876,1013
17--11621,11/11/2017,10:40 PM,MEADOWLANDS DR/TALLWOOD DR @ WOODROFFE AVE (0000095),95,02 - Intersection related,03 - P.D. only,03 - Rear end,01 - Clear,07 - Dark,01 - Dry,01 - Traffic signal,01 - Functioning,2,0,0,0,,0,,,,,363056.3552,5022730.494,45.34210237,-75.75663428,1014
17--11622,11/11/2017,10:45 PM,BAY ST @ QUEEN ST (0006360),6360,02 - Intersection related,03 - P.D. only,04 - Sideswipe,01 - Clear,07 - Dark,01 - Dry,01 - Traffic signal,01 - Functioning,2,0,0,0,,0,,,,,366899.6969,5031212.344,45.41809035,-75.70653004,1015
17--11623,11/11/2017,11:01 AM,BANK ST @ SIEVERIGHT AVE (0012408),12408,03 - At intersection,02 - Non-fatal injury,02 - Angle,01 - Clear,01 - Daylight,01 - Dry,02 - Stop sign,01 - Functioning,2,0,0,0,02 - Minor,1,,1,,,372194.9947,5024131.83,45.3538927,-75.6398443,1016
17--11624,11/11/2017,11:44 AM,ST. LAURENT BLVD @ MCARTHUR AVE (0008246),8246,02 - Intersection related,02 - Non-fatal injury,03 - Rear end,01 - Clear,01 - Daylight,01 - Dry,01 - Traffic signal,01 - Functioning,2,0,0,0,01 - Minimal,2,2,,,,371922.1969,5032887.336,45.43269736,-75.64213447,1017
17--11625,11/11/2017,11:52 AM,ST. LAURENT BLVD btwn SHORE ST & BELFAST RD (__3ZA2GU),__3ZA2GU,01 - Non intersection,03 - P.D. only,03 - Rear end,01 - Clear,01 - Daylight,01 - Dry,10 - No control,,3,0,0,0,,0,,,,,372852.5271,5030596.674,45.41199717,-75.63056204,1018
17--11626,11/11/2017,Unknown,BOWESVILLE RD/HIGH RD @ LEITRIM RD (0012439),12439,02 - Intersection related,03 - P.D. only,07 - SMV other,01 - Clear,00 - Unknown,01 - Dry,02 - Stop sign,01 - Functioning,1,0,0,0,,0,,,,,371674.3969,5019287.472,45.31035445,-75.64714239,1019
17--11627,11/11/2017,Unknown,O'CONNOR ST btwn WAVERLEY ST & FRANK ST (__3ZA3Q8),__3ZA3Q8,01 - Non intersection,03 - P.D. only,06 - SMV unattended vehicle,01 - Clear,00 - Unknown,01 - Dry,10 - No control,,1,0,0,0,,0,,,,,368035.4948,5030722.019,45.41357683,-75.6920819,1020
17--11628,11/11/2017,12:15 PM,GREENBANK RD btwn JOCKVALE RD & CAMBRIAN RD (__3ZA2WE),__3ZA2WE,04 - At/near private drive,03 - P.D. only,02 - Angle,01 - Clear,01 - Daylight,01 - Dry,10 - No control,,2,0,0,0,,0,,,,,364323.8066,5013864.823,45.26222305,-75.74152718,1021
17--11629,11/11/2017,12:23 PM,ROGER STEVENS DR btwn MALAKOFF RD & MCCORDICK RD (__3ZA4KW),__3ZA4KW,01 - Non intersection,03 - P.D. only,01 - Approaching,01 - Clear,01 - Daylight,01 - Dry,10 - No control,,2,0,0,0,,0,,,,,363438.6037,4997191.569,45.11226869,-75.75476609,1022
17--1163,1/30/2017,1:48 PM,MCRAE AVE @ RICHMOND RD (0006867),6867,03 - At intersection,02 - Non-fatal injury,07 - SMV other,01 - Clear,01 - Daylight,01 - Dry,01 - Traffic signal,01 - Functioning,1,0,0,1,02 - Minor,1,,1,,,363609.3555,5028537.217,45.39430437,-75.74888724,1023
17--11630,11/11/2017,12:30 PM,BASELINE RD/HERON RD @ PRINCE OF WALES DR (0002345),2345,02 - Intersection related,03 - P.D. only,03 - Rear end,01 - Clear,01 - Daylight,01 - Dry,01 - Traffic signal,01 - Functioning,2,0,0,0,,0,,,,,366873.3721,5026439.87,45.37515122,-75.7074669,1024
17--11631,11/11/2017,12:43 PM,GREENBANK RD @ LISA AVE (0002753),2753,02 - Intersection related,03 - P.D. only,03 - Rear end,01 - Clear,01 - Daylight,01 - Dry,01 - Traffic signal,01 - Functioning,2,0,0,0,,0,,,,,360554.1972,5022893.731,45.34377451,-75.78854152,1025
17--11632,11/11/2017,2:05 PM,CYRVILLE RD @ ST. LAURENT BLVD (0002647),2647,03 - At intersection,03 - P.D. only,05 - Turning movement,01 - Clear,01 - Daylight,01 - Dry,01 - Traffic signal,01 - Functioning,2,0,0,0,,0,,,,,372242.6676,5032110.87,45.42568026,-75.63814545,1026
17--11633,11/11/2017,2:15 PM,HIGHWAY 417 btwn HWY417 IC129 RAMP26 & HWY417 IC129 RAMP61 (__3ZA2UO),__3ZA2UO,01 - Non intersection,03 - P.D. only,07 - SMV other,01 - Clear,01 - Daylight,01 - Dry,10 - No control,,1,0,0,0,,0,,,,,360684.8407,5023733.461,45.35131998,-75.78677967,1027
17--11634,11/11/2017,2:20 PM,LONGFIELDS DR @ PAUL METIVIER DR (0013783),13783,03 - At intersection,03 - P.D. only,02 - Angle,01 - Clear,01 - Daylight,01 - Dry,02 - Stop sign,01 - Functioning,2,0,0,0,,0,,,,,364841.334,5014200.437,45.26519892,-75.73489269,1028
17--11635,11/11/2017,2:30 AM,HWY417 IC163 RAMP61 btwn PANMURE RD & HIGHWAY 417 (__3ZAY46),__3ZAY46,01 - Non intersection,03 - P.D. only,07 - SMV other,01 - Clear,07 - Dark,01 - Dry,10 - No control,,1,0,0,0,,0,,,,,331786.0882,5021402.103,45.33204876,-76.15571175,1029
17--11636,11/11/2017,2:40 PM,LAURIER AVE @ NICHOLAS ST (0010711),10711,02 - Intersection related,03 - P.D. only,04 - Sideswipe,01 - Clear,01 - Daylight,01 - Dry,01 - Traffic signal,01 - Functioning,2,0,0,0,,0,,,,,368372.6337,5031798.27,45.42323003,-75.68763607,1030
17--11637,11/11/2017,2:52 PM,KENT ST @ MCLEOD ST (0007253),7253,02 - Intersection related,03 - P.D. only,02 - Angle,01 - Clear,01 - Daylight,01 - Dry,02 - Stop sign,01 - Functioning,2,0,0,0,,0,,,,,367786.3703,5030390.564,45.41061697,-75.69530683,1031
17--11638,11/11/2017,2:57 PM,HIGHWAY 417 btwn HWY417 IC124 RAMP67 & HWY417 IC123 RAMP62 (__3ZA2YZ),__3ZA2YZ,01 - Non intersection,03 - P.D. only,04 - Sideswipe,01 - Clear,01 - Daylight,01 - Dry,10 - No control,,3,0,0,0,,0,,,,,364751.283,5028016.65,45.38952358,-75.7343671,1032
17--11639,11/11/2017,2:59 PM,BRONSON AVE @ FIFTH AVE/MADAWASKA DR (0006977),6977,03 - At intersection,02 - Non-fatal injury,07 - SMV other,01 - Clear,01 - Daylight,01 - Dry,01 - Traffic signal,01 - Functioning,1,0,0,1,01 - Minimal,1,1,,,,367613.3783,5028939.891,45.3975798,-75.6977015,1033
17--1164,1/30/2017,10:00 AM,FRIEL ST btwn WILBROD ST & LAURIER AVE E (__3ZA8LT),__3ZA8LT,01 - Non intersection,03 - P.D. only,03 - Rear end,01 - Clear,01 - Daylight,01 - Dry,10 - No control,,2,0,0,0,,0,,,,,368988.6763,5032207.631,45.42685705,-75.67971142,1034
17--11640,11/11/2017,3:05 PM,HIGHWAY 417 btwn HWY417 IC124 RAMP67 & HWY417 IC123 RAMP62 (__3ZA2YZ),__3ZA2YZ,01 - Non intersection,03 - P.D. only,04 - Sideswipe,01 - Clear,01 - Daylight,01 - Dry,10 - No control,,2,0,0,0,,0,,,,,364738.583,5027999.717,45.3893723,-75.73453133,1035
17--11641,11/11/2017,3:18 PM,MERIVALE RD @ WEST HUNT CLUB RD (0000584),584,02 - Intersection related,03 - P.D. only,03 - Rear end,01 - Clear,01 - Daylight,01 - Dry,01 - Traffic signal,01 - Functioning,3,0,0,0,,0,,,,,365613.4049,5021939.724,45.33477013,-75.72410582,1036
17--11642,11/11/2017,3:19 PM,ALTA VISTA DR btwn CLONTARF AVE & RANDALL AVE (__3ZBOTF),__3ZBOTF,01 - Non intersection,02 - Non-fatal injury,03 - Rear end,01 - Clear,01 - Daylight,01 - Dry,10 - No control,,3,0,0,0,02 - Minor,1,,1,,,370401.2335,5027426.601,45.3837081,-75.66229789,1037
17--11643,11/11/2017,4:00 PM,HIGHWAY 417 btwn HWY417 IC124 RAMP76 & HWY417 IC124 RAMP67 (__3ZA2R7),__3ZA2R7,01 - Non intersection,03 - P.D. only,03 - Rear end,01 - Clear,01 - Daylight,01 - Dry,10 - No control,,2,0,0,0,,0,,,,,364392.5073,5027482.191,45.38474523,-75.73901312,1038
17--11644,11/11/2017,4:07 AM,RIVERSIDE DR @ WALKLEY RD (0002158),2158,03 - At intersection,03 - P.D. only,07 - SMV other,01 - Clear,07 - Dark,01 - Dry,01 - Traffic signal,01 - Functioning,1,0,0,0,,0,,,,,368418.246,5024852.812,45.36073273,-75.68794877,1039
17--11645,11/11/2017,4:15 PM,CARLING AVE @ MAITLAND AVE/SHERBOURNE RD (0002641),2641,02 - Intersection related,03 - P.D. only,04 - Sideswipe,01 - Clear,01 - Daylight,01 - Dry,01 - Traffic signal,01 - Functioning,2,0,0,0,,0,,,,,362942.5369,5026487.606,45.37591794,-75.75764455,1040
17--11646,11/11/2017,5:36 PM,ST. LAURENT BLVD btwn SHORE ST & BELFAST RD (__3ZA2GU),__3ZA2GU,01 - Non intersection,03 - P.D. only,03 - Rear end,01 - Clear,07 - Dark,01 - Dry,10 - No control,,2,0,0,0,,0,,,,,372831.9828,5030650.163,45.41248044,-75.6308171,1041
17--11647,11/11/2017,5:48 PM,INNES RD @ STAR TOP RD/WINDMILL LANE (0008734),8734,03 - At intersection,02 - Non-fatal injury,05 - Turning movement,01 - Clear,07 - Dark,01 - Dry,01 - Traffic signal,01 - Functioning,2,0,0,0,02 - Minor,3,,3,,,374146.7225,5030667.229,45.41250494,-75.61401947,1042
17--11648,11/11/2017,6:00 PM,MARCH RD btwn BEARHILL RD & ROB LYTLE'S LANE (__3ZA2QA),__3ZA2QA,01 - Non intersection,03 - P.D. only,07 - SMV other,01 - Clear,07 - Dark,01 - Dry,10 - No control,,1,0,0,0,,0,,,,,338239.0972,5018052.058,45.30162564,-76.07361254,1043
17--11649,11/11/2017,6:52 PM,FALLOWFIELD RD @ GREENBANK RD (0000549),549,02 - Intersection related,02 - Non-fatal injury,03 - Rear end,01 - Clear,07 - Dark,01 - Dry,01 - Traffic signal,01 - Functioning,2,0,0,0,02 - Minor,2,,2,,,363081.1491,5016731.272,45.2881195,-75.75702369,1044
17--1165,1/30/2017,10:28 AM,JEANNE D'ARC BLVD @ MONTCERF CRT (0004155),4155,03 - At intersection,03 - P.D. only,03 - Rear end,01 - Clear,01 - Daylight,01 - Dry,01 - Traffic signal,01 - Functioning,2,0,0,0,,0,,,,,381118.2999,5036287.13,45.46234292,-75.52409101,1045
17--11650,11/11/2017,7:35 PM,HAZELDEAN RD @ TERRY FOX DR (0003682),3682,02 - Intersection related,02 - Non-fatal injury,03 - Rear end,01 - Clear,07 - Dark,01 - Dry,01 - Traffic signal,01 - Functioning,3,0,0,0,01 - Minimal,3,3,,,,352209.2832,5017243.12,45.29354271,-75.89556221,1046
17--11651,11/11/2017,9:00 AM,BANK ST @ SNAKE ISLAND RD/VICTORIA ST (0001080),1080,03 - At intersection,03 - P.D. only,05 - Turning movement,01 - Clear,01 - Daylight,01 - Dry,01 - Traffic signal,01 - Functioning,2,0,0,0,,0,,,,,383698.1263,5010122.229,45.22664313,-75.49528019,1047
17--11652,11/11/2017,9:04 AM,TERRY FOX DR btwn DIDSBURY RD & HWY417 IC140 RAMP36 (__3ZA3DS),__3ZA3DS,01 - Non intersection,03 - P.D. only,04 - Sideswipe,01 - Clear,01 - Daylight,01 - Dry,10 - No control,,2,0,0,0,,0,,,,,350661.5926,5018882.367,45.30839583,-75.91514158,1048
17--11653,11/11/2017,9:07 PM,MONTREAL RD @ VANIER PKWY (0004630),4630,02 - Intersection related,03 - P.D. only,03 - Rear end,01 - Clear,07 - Dark,01 - Dry,01 - Traffic signal,00 - Unknown,2,0,0,0,,0,,,,,370072.2364,5033065.355,45.43447422,-75.66575202,1049
17--11654,11/11/2017,9:11 AM,CONROY RD @ THURSTON DR (0011389),11389,03 - At intersection,03 - P.D. only,02 - Angle,01 - Clear,01 - Daylight,01 - Dry,01 - Traffic signal,01 - Functioning,2,0,0,0,,0,,,,,373206.2918,5026796.414,45.37776964,-75.62656981,1050
17--11655,11/11/2017,9:27 AM,BANK ST btwn BANK ST & TURN LANE (__3ZA28R),__3ZA28R,01 - Non intersection,03 - P.D. only,05 - Turning movement,01 - Clear,01 - Daylight,01 - Dry,10 - No control,,2,0,0,0,,0,,,,,377800.9802,5015859.713,45.27890284,-75.56952377,1051
17--11656,11/11/2017,9:31 AM,MOODIE DR @ ROBERTSON RD (0010545),10545,02 - Intersection related,02 - Non-fatal injury,03 - Rear end,01 - Clear,01 - Daylight,01 - Dry,01 - Traffic signal,01 - Functioning,4,0,0,0,01 - Minimal,1,1,,,,357067.1616,5020455.478,45.32210338,-75.83329263,1052
17--11657,11/12/2017,1:15 AM,REGIONAL ROAD 174 btwn OR174 IC112 RAMP15 & TRANSIT (__3ZA2WA),__3ZA2WA,01 - Non intersection,03 - P.D. only,07 - SMV other,01 - Clear,07 - Dark,01 - Dry,10 - No control,,1,0,0,0,,0,,,,,375347.2174,5033233.047,45.43547074,-75.59831626,1053
17--11658,11/12/2017,1:23 PM,DONNELLY DR @ MERLYN WILSON RD EXTENSION (0013845),13845,03 - At intersection,03 - P.D. only,02 - Angle,01 - Clear,01 - Daylight,01 - Dry,02 - Stop sign,01 - Functioning,2,0,0,0,,0,,,,,369062.6921,4990678.209,45.05317156,-75.68413155,1054
17--11659,11/12/2017,1:56 AM,MEADOWLANDS DR @ MERIVALE RD (0000625),625,03 - At intersection,03 - P.D. only,05 - Turning movement,01 - Clear,07 - Dark,01 - Dry,01 - Traffic signal,01 - Functioning,2,0,0,0,,0,,,,,364859.0344,5023725.51,45.35090338,-75.73351286,1055
17--1166,1/30/2017,11:00 PM,OTTENBRITE CRES btwn KEYROCK DR & KEYROCK DR (__6E55Q8),__6E55Q8,04 - At/near private drive,03 - P.D. only,06 - SMV unattended vehicle,01 - Clear,07 - Dark,03 - Loose snow,10 - No control,,1,0,0,0,,0,,,,,349251.5261,5020380.732,45.32196921,-75.93298837,1056
17--11660,11/12/2017,11:39 AM,INDUSTRIAL AVE @ TRAINYARDS DR (0011906),11906,02 - Intersection related,03 - P.D. only,03 - Rear end,01 - Clear,01 - Daylight,01 - Dry,01 - Traffic signal,01 - Functioning,2,0,0,0,,0,,,,,371684.9518,5030539.479,45.41159512,-75.64548504,1057
17--11661,11/12/2017,11:40 AM,STRATHCONA AVE btwn BANK ST & O'CONNOR ST (__3ZA96M),__3ZA96M,04 - At/near private drive,03 - P.D. only,02 - Angle,01 - Clear,01 - Daylight,01 - Dry,10 - No control,,2,0,0,0,,0,,,,,368223.1847,5030079.101,45.40777508,-75.68976687,1058
17--11662,11/12/2017,Unknown,DALHOUSIE ST btwn GEORGE ST & RIDEAU ST (__3ZA8ZX),__3ZA8ZX,01 - Non intersection,03 - P.D. only,06 - SMV unattended vehicle,01 - Clear,00 - Unknown,01 - Dry,10 - No control,,1,0,0,0,,0,,,,,368180.9566,5032278.417,45.42756761,-75.69002339,1059
17--11663,11/12/2017,Unknown,GLOUCESTER ST btwn LYON ST N & KENT ST (__3ZA9NX),__3ZA9NX,01 - Non intersection,03 - P.D. only,06 - SMV unattended vehicle,01 - Clear,00 - Unknown,01 - Dry,10 - No control,,1,0,0,0,,0,,,,,367241.1864,5031028.998,45.41641026,-75.70219036,1060
17--11664,11/12/2017,Unknown,DU BOIS AVE btwn D'ERABLE PL & DES ORMES PL (__3ZA63V),__3ZA63V,01 - Non intersection,03 - P.D. only,06 - SMV unattended vehicle,01 - Clear,00 - Unknown,01 - Dry,10 - No control,,1,0,0,0,,0,,,,,381209.5422,5038229.626,45.47980991,-75.52262237,1061
17--11665,11/12/2017,12:08 PM,RICHMOND RD btwn MCRAE AVE & CLIFTON RD (__3ZA4OB),__3ZA4OB,01 - Non intersection,03 - P.D. only,05 - Turning movement,01 - Clear,01 - Daylight,01 - Dry,10 - No control,,2,0,0,0,,0,,,,,363692.8633,5028588.473,45.39475855,-75.74781466,1062
17--11666,11/12/2017,12:45 PM,PRINCE OF WALES DR btwn BLAZER AVE & DEAKIN ST (__3ZA29V),__3ZA29V,04 - At/near private drive,03 - P.D. only,02 - Angle,01 - Clear,01 - Daylight,01 - Dry,10 - No control,,2,0,0,0,,0,,,,,367352.3767,5021127.223,45.32730652,-75.70202377,1063
17--11667,11/12/2017,12:59 PM,SMYTH RD E/LANCASTER RD @ ST. LAURENT BLVD N/R (0002256),2256,02 - Intersection related,03 - P.D. only,03 - Rear end,01 - Clear,01 - Daylight,01 - Dry,01 - Traffic signal,01 - Functioning,2,0,0,0,,0,,,,,373365.0639,5029425.22,45.40140695,-75.62417755,1064
17--11668,11/12/2017,2:14 PM,FALLOWFIELD RD @ STEEPLE HILL CRES (0000635),635,02 - Intersection related,02 - Non-fatal injury,07 - SMV other,01 - Clear,01 - Daylight,01 - Dry,02 - Stop sign,01 - Functioning,1,0,0,0,01 - Minimal,2,2,,,,358398.315,5013998.759,45.26390467,-75.81701169,1065
17--11669,11/12/2017,2:41 PM,WOODROFFE AVE @ KNOXDALE RD/MEDHURST DR (0000519),519,02 - Intersection related,03 - P.D. only,99 - Other,01 - Clear,01 - Daylight,01 - Dry,01 - Traffic signal,01 - Functioning,2,0,0,0,,0,,,,,363418.6866,5021827.156,45.33394403,-75.75211825,1066
17--1167,1/30/2017,Unknown,MACLAREN ST btwn METCALFE ST & ELGIN ST (__3ZA9UK),__3ZA9UK,01 - Non intersection,03 - P.D. only,06 - SMV unattended vehicle,01 - Clear,00 - Unknown,05 - Packed snow,10 - No control,,1,0,0,0,,0,,,,,368158.9075,5031097.762,45.41694648,-75.69045698,1067
17--11670,11/12/2017,2:45 PM,ST. LAURENT BLVD @ COVENTRY RD/OGILVIE RD (0002151),2151,02 - Intersection related,03 - P.D. only,04 - Sideswipe,01 - Clear,01 - Daylight,01 - Dry,01 - Traffic signal,01 - Functioning,2,0,0,0,,0,,,,,372306.4423,5031954.326,45.42426559,-75.63735202,1068
17--11671,11/12/2017,2:59 PM,BLAIR RD @ INNES RD (0004165),4165,02 - Intersection related,03 - P.D. only,03 - Rear end,01 - Clear,01 - Daylight,01 - Dry,01 - Traffic signal,01 - Functioning,2,0,0,0,,0,,,,,375579.0694,5031438.886,45.41930448,-75.5956111,1069
17--11672,11/12/2017,3:10 PM,WEST HUNT CLUB RD @ WOODROFFE AVE (0000576),576,02 - Intersection related,03 - P.D. only,03 - Rear end,01 - Clear,01 - Daylight,01 - Dry,01 - Traffic signal,01 - Functioning,2,0,0,0,,0,,,,,363671.6943,5021247.158,45.32870406,-75.74895953,1070
17--11673,11/12/2017,3:16 PM,ORLEANS BLVD @ NAVAN RD (0012474),12474,03 - At intersection,03 - P.D. only,02 - Angle,01 - Clear,01 - Daylight,01 - Dry,01 - Traffic signal,01 - Functioning,2,0,0,0,,0,,,,,380594.1839,5033095.712,45.43368606,-75.53128376,1071
17--11674,11/12/2017,3:17 PM,DUNNING RD btwn BRICKLAND DR & WILHAVEN DR (__3ZAZ6T),__3ZAZ6T,04 - At/near private drive,02 - Non-fatal injury,07 - SMV other,01 - Clear,01 - Daylight,01 - Dry,10 - No control,,1,0,0,0,02 - Minor,1,,1,,,390851.2268,5041308.737,45.50639027,-75.39877447,1072
17--11675,11/12/2017,3:55 PM,FOURTH AVE btwn LYON ST S & BANK ST (__3ZA92L),__3ZA92L,01 - Non intersection,02 - Non-fatal injury,07 - SMV other,01 - Clear,01 - Daylight,01 - Dry,10 - No control,,1,0,0,1,02 - Minor,1,,1,,,368283.7551,5029426.601,45.4018986,-75.68907716,1073
17--11676,11/12/2017,4:39 PM,ALPINE AVE @ CARLING AVE (0011382),11382,03 - At intersection,03 - P.D. only,02 - Angle,01 - Clear,05 - Dusk,01 - Dry,01 - Traffic signal,00 - Unknown,2,0,0,0,,0,,,,,360495.0048,5024942.519,45.36221415,-75.78906601,1074
17--11677,11/12/2017,5:10 PM,HUNT CLUB RD @ UPLANDS DR (0010844),10844,03 - At intersection,03 - P.D. only,02 - Angle,01 - Clear,05 - Dusk,01 - Dry,01 - Traffic signal,01 - Functioning,2,0,0,0,,0,,,,,370155.7239,5023120.823,45.34498897,-75.66600211,1075
17--11678,11/12/2017,7:57 PM,MERIVALE RD @ GERVIN ST (0000104),104,02 - Intersection related,02 - Non-fatal injury,03 - Rear end,01 - Clear,07 - Dark,01 - Dry,02 - Stop sign,00 - Unknown,2,0,0,0,02 - Minor,1,,1,,,366292.5798,5020292.891,45.31989296,-75.71564585,1076
17--11679,11/12/2017,8:02 AM,BOURASSA ST @ ST. LAURENT BLVD (0007731),7731,02 - Intersection related,03 - P.D. only,03 - Rear end,01 - Clear,01 - Daylight,01 - Dry,01 - Traffic signal,01 - Functioning,2,0,0,0,,0,,,,,373236.3976,5029694.894,45.40384594,-75.62578347,1077
17--1168,1/30/2017,Unknown,REMNOR AVE btwn BADGELEY AVE & BADGELEY AVE (__54M2TJ),__54M2TJ,01 - Non intersection,03 - P.D. only,06 - SMV unattended vehicle,01 - Clear,00 - Unknown,01 - Dry,10 - No control,,1,0,0,0,,0,,,,,349608.9892,5020453.637,45.32260251,-75.9284223,1078
17--11680,11/12/2017,8:12 PM,MEADOWLANDS DR @ MERIVALE RD (0000625),625,03 - At intersection,02 - Non-fatal injury,02 - Angle,01 - Clear,07 - Dark,01 - Dry,01 - Traffic signal,01 - Functioning,2,0,0,0,02 - Minor,1,,1,,,364858.3655,5023724.173,45.35089141,-75.73352155,1079