Anom_ID,Accident_Date,Accident_Time,Location,Geo_ID,Accident_Location,Classification_of_Accident,Initial_Impact_Type,Environment_Condition,Light,Road_Surface_Condition,Traffic_Control,Traffic_Control_Condition,No__of_Vehicles,No__of_Bicycles,No__of_Motorcycles,No__of_Pedestrians,Max_Injury,No__of_Injuries,No__of_Minimal,No__of_Minor,No__of_Major,No__of_Fatal,X,Y,Latitude,Longitude,ObjectId
17--11681,11/12/2017,8:13 PM,ALBION RD @ LESTER RD (0004175),4175,03 - At intersection,03 - P.D. only,05 - Turning movement,01 - Clear,07 - Dark,01 - Dry,01 - Traffic signal,01 - Functioning,2,0,0,0,,0,,,,,372695.501,5022332.931,45.33765856,-75.63370404,1080
17--11682,11/12/2017,8:14 PM,ALTA VISTA DR @ SMYTH RD (0011353),11353,03 - At intersection,03 - P.D. only,05 - Turning movement,01 - Clear,07 - Dark,01 - Dry,01 - Traffic signal,01 - Functioning,2,0,0,0,,0,,,,,370431.7126,5029082.895,45.39860798,-75.66168843,1081
17--11683,11/13/2017,1:40 PM,CLYDE AVE btwn CLYDE AVE & STARWOOD RD (__3ZA2TX),__3ZA2TX,01 - Non intersection,03 - P.D. only,04 - Sideswipe,01 - Clear,01 - Daylight,01 - Dry,10 - No control,,2,0,0,0,,0,,,,,364409.5779,5024773.14,45.36036817,-75.73912209,1082
17--11684,11/13/2017,10:12 AM,GRENWICH CIRC btwn Continuation of GRENWICH CIRC & Continuation of GRE (__30KGN0),__30KGN0,01 - Non intersection,03 - P.D. only,07 - SMV other,01 - Clear,01 - Daylight,01 - Dry,10 - No control,,1,0,0,0,,0,,,,,364248.4812,5025681.913,45.36855886,-75.74106887,1083
17--11685,11/13/2017,10:21 PM,RIDGE RD btwn ANDERSON RD & END (__3ZBO28),__3ZBO28,01 - Non intersection,02 - Non-fatal injury,03 - Rear end,01 - Clear,07 - Dark,01 - Dry,10 - No control,,2,0,0,0,02 - Minor,1,,1,,,379461.5723,5028530.231,45.3927308,-75.54644908,1084
17--11686,11/13/2017,10:44 PM,BANK ST @ CATHERINE ST (0002708),2708,03 - At intersection,02 - Non-fatal injury,02 - Angle,01 - Clear,07 - Dark,01 - Dry,01 - Traffic signal,01 - Functioning,2,0,0,0,01 - Minimal,1,1,,,,368040.0399,5030267.572,45.40948746,-75.69208214,1085
17--11687,11/13/2017,10:45 AM,WOODROFFE AVE @ TECUMSEH ST (0005767),5767,02 - Intersection related,02 - Non-fatal injury,03 - Rear end,01 - Clear,01 - Daylight,01 - Dry,02 - Stop sign,01 - Functioning,2,0,0,0,01 - Minimal,1,1,,,,362368.0713,5024229.513,45.35564727,-75.76524173,1086
17--11688,11/13/2017,10:55 AM,HIGHWAY 417 btwn HWY417 IC122 RAMP51 & HWY417 IC122 RAMP15 (__3ZA2R0),__3ZA2R0,01 - Non intersection,03 - P.D. only,04 - Sideswipe,01 - Clear,01 - Daylight,01 - Dry,10 - No control,,2,0,0,0,,0,,,,,365301.7365,5028855.395,45.39702309,-75.72723509,1087
17--11689,11/13/2017,11:00 AM,ALTA VISTA DR @ BANK ST (0011318),11318,02 - Intersection related,03 - P.D. only,04 - Sideswipe,01 - Clear,01 - Daylight,01 - Dry,01 - Traffic signal,01 - Functioning,2,0,0,0,,0,,,,,370248.4036,5026200.739,45.37269249,-75.66441174,1088
17--1169,1/30/2017,12:33 PM,FALLOWFIELD RD @ GREENBANK RD (0000549),549,02 - Intersection related,03 - P.D. only,03 - Rear end,01 - Clear,01 - Daylight,01 - Dry,01 - Traffic signal,01 - Functioning,2,0,0,0,,0,,,,,363080.6757,5016733.002,45.28813511,-75.75702952,1089
17--11690,11/13/2017,11:14 PM,MACFARLANE RD btwn BRISBANE RD & GREENSIDE AVE (__3ZA3IG),__3ZA3IG,01 - Non intersection,03 - P.D. only,06 - SMV unattended vehicle,01 - Clear,07 - Dark,01 - Dry,10 - No control,,1,0,0,0,,0,,,,,366939.8887,5021254.805,45.32849112,-75.70726933,1090
17--11691,11/13/2017,11:38 AM,TERRY FOX DR @ EDGEWATER ST/WALTER BAKER PL (0002699),2699,02 - Intersection related,03 - P.D. only,03 - Rear end,01 - Clear,01 - Daylight,01 - Dry,01 - Traffic signal,01 - Functioning,2,0,0,0,,0,,,,,351778.6115,5017614.119,45.29690999,-75.90101755,1091
17--11692,11/13/2017,12:33 PM,RIDEAU ST btwn CUMBERLAND ST & KING EDWARD AVE (__3ZBOFX),__3ZBOFX,04 - At/near private drive,03 - P.D. only,05 - Turning movement,01 - Clear,01 - Daylight,01 - Dry,10 - No control,,2,0,0,0,,0,,,,,368448.7559,5032374.49,45.42840773,-75.68658898,1092
17--11693,11/13/2017,12:41 PM,KING EDWARD AVE @ MURRAY ST (0002713),2713,02 - Intersection related,03 - P.D. only,04 - Sideswipe,01 - Clear,01 - Daylight,01 - Dry,01 - Traffic signal,01 - Functioning,2,0,0,0,,0,,,,,368293.1829,5032752.686,45.43182474,-75.68852819,1093
17--11694,11/13/2017,12:42 PM,HIGHWAY 7 btwn HWY417 IC145 RAMP55 & RAMP (__7JQ7JU),__7JQ7JU,01 - Non intersection,03 - P.D. only,07 - SMV other,01 - Clear,01 - Daylight,01 - Dry,10 - No control,,1,0,0,0,,0,,,,,346304.721,5013222.616,45.25773816,-75.97117426,1094
17--11695,11/13/2017,2:21 AM,SUMMERGAZE ST @ SUMMITVIEW DR (0015609),15609,02 - Intersection related,03 - P.D. only,06 - SMV unattended vehicle,01 - Clear,07 - Dark,01 - Dry,02 - Stop sign,00 - Unknown,1,0,0,0,,0,,,,,356660.0884,5015504.158,45.27758085,-75.8390027,1095
17--11696,11/13/2017,3:07 PM,ALLEN BLVD @ MCARTHUR AVE (0009809),9809,02 - Intersection related,03 - P.D. only,04 - Sideswipe,01 - Clear,01 - Daylight,01 - Dry,01 - Traffic signal,01 - Functioning,2,0,0,0,,0,,,,,370751.0396,5032749.572,45.43156925,-75.65711944,1096
17--11697,11/13/2017,3:11 PM,INNES RD @ STAR TOP RD/WINDMILL LANE (0008734),8734,03 - At intersection,03 - P.D. only,02 - Angle,01 - Clear,01 - Daylight,01 - Dry,01 - Traffic signal,01 - Functioning,2,0,0,0,,0,,,,,374148.0603,5030664.554,45.41248074,-75.61400275,1097
17--11698,11/13/2017,4:00 PM,ELGIN ST NB @ WELLINGTON ST/RIDEAU ST (0011369),11369,02 - Intersection related,03 - P.D. only,04 - Sideswipe,01 - Clear,01 - Daylight,01 - Dry,01 - Traffic signal,01 - Functioning,2,0,0,0,,0,,,,,367802.7064,5031964.586,45.42477804,-75.6948969,1098
17--11699,11/13/2017,4:05 PM,KING EDWARD AVE @ LAURIER AVE (0002170),2170,02 - Intersection related,03 - P.D. only,04 - Sideswipe,01 - Clear,01 - Daylight,01 - Dry,01 - Traffic signal,01 - Functioning,2,0,0,0,,0,,,,,368740.1851,5032034.344,45.42532064,-75.68290915,1099
17--117,1/4/2017,12:44 AM,HIGHWAY 417 btwn HWY417 IC131 RAMP55 & HWY417 IC130 RAMP35 (__3ZA1MT),__3ZA1MT,01 - Non intersection,03 - P.D. only,07 - SMV other,03 - Snow,07 - Dark,05 - Packed snow,10 - No control,,1,0,0,0,,0,,,,,358931.0232,5023016.756,45.34500863,-75.80923924,1100
17--1089,1/27/2017,7:00 PM,SUMMERGAZE ST btwn SHIMMERTON CIR & SUMMITVIEW DR (e___2HSJ),e___2HSJ,01 - Non intersection,03 - P.D. only,06 - SMV unattended vehicle,01 - Clear,07 - Dark,03 - Loose snow,10 - No control,,1,0,0,0,,0,,,,,356625.2557,5015483.907,45.27740119,-75.83944876,1101
17--1116,1/28/2017,12:53 PM,HIGHWAY 417 btwn HWY417 IC127 RAMP25 & HWY417 IC126 RAMP51 (__3ZA2XA),__3ZA2XA,01 - Non intersection,03 - P.D. only,03 - Rear end,03 - Snow,01 - Daylight,02 - Wet,10 - No control,,2,0,0,0,,0,,,,,362921.9655,5025494.143,45.36698059,-75.75802408,1102
17--10890,10/25/2017,8:39 AM,PENNYCROSS LANE btwn RICHARDSON SIDE RD & DAVID MANCHESTER RD (__45KVZC),__45KVZC,01 - Non intersection,03 - P.D. only,04 - Sideswipe,01 - Clear,01 - Daylight,01 - Dry,10 - No control,,2,0,0,0,,0,,,,,344103.3353,5015189.111,45.27556,-75.99906614,1103
17--11160,11/1/2017,2:19 PM,BELL ST    S btwn ORANGEVILLE ST & PLYMOUTH ST (__3ZA154),__3ZA154,01 - Non intersection,03 - P.D. only,06 - SMV unattended vehicle,01 - Clear,01 - Daylight,02 - Wet,10 - No control,,1,0,0,0,,0,,,,,367093.1984,5029636.99,45.40389857,-75.70425692,1104
17--10891,10/25/2017,8:45 AM,RIVERSIDE DR @ BROOKFIELD RD/HOG'S BACK RD (0001627),1627,02 - Intersection related,03 - P.D. only,03 - Rear end,01 - Clear,01 - Daylight,01 - Dry,01 - Traffic signal,01 - Functioning,2,0,0,0,,0,,,,,368168.0884,5026222.455,45.37307909,-75.69096591,1105
17--11161,11/1/2017,2:35 PM,HIGHWAY 417 btwn HWY417 IC142 RAMP35 & HWY417 IC142 RAMP25 (__3ZA1ZO),__3ZA1ZO,01 - Non intersection,02 - Non-fatal injury,04 - Sideswipe,02 - Rain,01 - Daylight,02 - Wet,10 - No control,,2,0,0,0,02 - Minor,3,,3,,,348951.8892,5017221.989,45.29356479,-75.93709168,1106
17--10892,10/25/2017,8:45 AM,ST. JOSEPH BLVD @ JEANNE D'ARC BLVD (0012421),12421,03 - At intersection,03 - P.D. only,04 - Sideswipe,01 - Clear,01 - Daylight,01 - Dry,11 - Roundabout,01 - Functioning,2,0,0,0,,0,,,,,379860.0424,5036472.044,45.46414296,-75.54015026,1107
17--11162,11/1/2017,3:09 AM,MUNSTER RD btwn OWLSHEAD RD & BLEEKS RD (__3ZA3E2),__3ZA3E2,01 - Non intersection,03 - P.D. only,07 - SMV other,01 - Clear,07 - Dark,02 - Wet,10 - No control,,1,0,0,0,,0,,,,,348731.1163,5003061.465,45.16615611,-75.94115637,1108
17--1125,1/28/2017,4:28 PM,ESPLANADE AVE @ GARDENWAY DR (0004804),4804,03 - At intersection,03 - P.D. only,02 - Angle,01 - Clear,01 - Daylight,02 - Wet,02 - Stop sign,01 - Functioning,2,0,0,0,,0,,,,,384561.8522,5036721.284,45.46586436,-75.47999351,1109
17--10893,10/25/2017,8:53 AM,ELMIRA DR btwn COBDEN RD & LAMBETH WALK (__3ZABUM),__3ZABUM,01 - Non intersection,03 - P.D. only,06 - SMV unattended vehicle,01 - Clear,01 - Daylight,01 - Dry,10 - No control,,1,0,0,0,,0,,,,,361493.5692,5024051.92,45.35412055,-75.77642272,1110
17--10894,10/25/2017,8:56 AM,BELLWOOD AVE btwn WILLARD ST & SCOTIA PL (__3ZA9HK),__3ZA9HK,01 - Non intersection,03 - P.D. only,06 - SMV unattended vehicle,01 - Clear,01 - Daylight,01 - Dry,10 - No control,,1,0,0,0,,0,,,,,369005.1293,5028408.175,45.39266935,-75.67999604,1111
17--10895,10/25/2017,9:33 PM,BASELINE RD @ MERIVALE RD (0002342),2342,02 - Intersection related,02 - Non-fatal injury,03 - Rear end,01 - Clear,07 - Dark,01 - Dry,01 - Traffic signal,01 - Functioning,2,0,0,0,01 - Minimal,1,1,,,,365054.1537,5025325.244,45.36528081,-75.73082792,1112
17--10896,10/25/2017,9:40 AM,COOPER ST @ BANK ST (0006951),6951,03 - At intersection,03 - P.D. only,05 - Turning movement,01 - Clear,01 - Daylight,01 - Dry,02 - Stop sign,01 - Functioning,2,1,0,0,,0,,,,,367649.1837,5030990.808,45.41603012,-75.69698277,1113
17--10897,10/26/2017,1:20 PM,ELGIN ST @ LAURIER AVE (0002232),2232,02 - Intersection related,03 - P.D. only,03 - Rear end,01 - Clear,01 - Daylight,01 - Dry,01 - Traffic signal,01 - Functioning,2,0,0,0,,0,,,,,367949.1833,5031548.392,45.42102006,-75.69307863,1114
17--10898,10/26/2017,1:30 PM,EGRET WAY btwn GRAND CANAL ST & RIVER MIST RD (__8OJCP9),__8OJCP9,04 - At/near private drive,03 - P.D. only,06 - SMV unattended vehicle,01 - Clear,01 - Daylight,01 - Dry,10 - No control,,1,0,0,0,,0,,,,,364476.2512,5012119.164,45.24650264,-75.73979446,1115
17--10899,10/26/2017,10:56 PM,MUNSTER RD btwn FERNBANK RD & LUCAS LANE (__3ZAC54),__3ZAC54,01 - Non intersection,03 - P.D. only,03 - Rear end,01 - Clear,07 - Dark,01 - Dry,10 - No control,,2,0,0,0,,0,,,,,345308.851,5006965.795,45.20149421,-75.98437178,1116
17--109,1/4/2017,10:42 AM,CRAIG HENRY DR @ IVYLEA ST/WOODVALE GR (0004600),4600,03 - At intersection,03 - P.D. only,05 - Turning movement,03 - Snow,01 - Daylight,05 - Packed snow,02 - Stop sign,01 - Functioning,2,0,0,0,,0,,,,,363036.9379,5021804.492,45.33377188,-75.75699101,1117
17--1090,1/27/2017,7:04 PM,BISHOPS MILLS WAY btwn CAMBRAY LANE & END (__3ZA1I8),__3ZA1I8,04 - At/near private drive,03 - P.D. only,06 - SMV unattended vehicle,01 - Clear,07 - Dark,01 - Dry,10 - No control,,1,0,0,0,,0,,,,,352375.0022,5019938.275,45.31778316,-75.89319083,1118
17--10900,10/26/2017,Unknown,WOODFORD WAY btwn WOODPARK WAY & ARMAGH WAY (__3ZA5AP),__3ZA5AP,01 - Non intersection,03 - P.D. only,06 - SMV unattended vehicle,01 - Clear,00 - Unknown,01 - Dry,10 - No control,,1,0,0,0,,0,,,,,365002.6131,5017037.605,45.29071391,-75.73249359,1119
17--10901,10/26/2017,Unknown,HOLMWOOD AVE btwn RALPH ST & MONK ST (__3ZA9M3),__3ZA9M3,01 - Non intersection,03 - P.D. only,06 - SMV unattended vehicle,01 - Clear,00 - Unknown,01 - Dry,10 - No control,,1,0,0,0,,0,,,,,368328.9695,5029107.916,45.39902707,-75.68854072,1120
17--10902,10/26/2017,Unknown,ARMSTRONG ST btwn MERTON ST & GARLAND ST (__3ZAAIU),__3ZAAIU,01 - Non intersection,03 - P.D. only,06 - SMV unattended vehicle,01 - Clear,00 - Unknown,01 - Dry,10 - No control,,1,0,0,0,,0,,,,,365568.5462,5029853.659,45.40598213,-75.72370454,1121
17--10903,10/26/2017,12:56 PM,BANTON ST @ WALKLEY RD (0006399),6399,02 - Intersection related,02 - Non-fatal injury,03 - Rear end,01 - Clear,01 - Daylight,01 - Dry,01 - Traffic signal,01 - Functioning,2,0,0,0,02 - Minor,1,,1,,,374246.7809,5028248.82,45.39073536,-75.61308181,1122
17--10904,10/26/2017,2:39 PM,STAGECOACH RD btwn CABIN RD & SNAKE ISLAND RD (__3ZBOGH),__3ZBOGH,01 - Non intersection,03 - P.D. only,07 - SMV other,01 - Clear,01 - Daylight,01 - Dry,10 - No control,,1,0,0,0,,0,,,,,378099.1455,5005984.128,45.19001467,-75.56717879,1123
17--10905,10/26/2017,3:07 PM,INNES RD @ 298 E OF WILDFLOWER DR/LOBLAWS SC (0012918),12918,03 - At intersection,02 - Non-fatal injury,07 - SMV other,01 - Clear,01 - Daylight,01 - Dry,01 - Traffic signal,01 - Functioning,1,0,0,1,02 - Minor,1,,1,,,383190.7504,5035796.561,45.45769974,-75.49767209,1124
17--10906,10/26/2017,3:20 PM,CUMBERLAND ST @ MURRAY ST (0008237),8237,02 - Intersection related,03 - P.D. only,03 - Rear end,01 - Clear,01 - Daylight,01 - Dry,01 - Traffic signal,01 - Functioning,2,0,0,0,,0,,,,,368170.2235,5032679.348,45.43117602,-75.69010895,1125
17--10907,10/26/2017,3:24 PM,HIGHWAY 417 btwn HWY417 IC123 RAMP62 & HWY417 IC122 RAMP16 (__3ZA2R9),__3ZA2R9,01 - Non intersection,03 - P.D. only,03 - Rear end,01 - Clear,01 - Daylight,01 - Dry,10 - No control,,2,0,0,0,,0,,,,,365114.3299,5028685.463,45.39551025,-75.72964932,1126
17--10908,10/26/2017,3:30 PM,FISHER AVE @ MEADOWLANDS DR (0002120),2120,02 - Intersection related,03 - P.D. only,03 - Rear end,01 - Clear,01 - Daylight,01 - Dry,01 - Traffic signal,01 - Functioning,2,0,0,0,,0,,,,,366575.5383,5025044.263,45.36262017,-75.7114437,1127
17--10909,10/26/2017,3:41 PM,WALKLEY RD btwn CONROY RD & 160 W OF CONROY RD (__3ZA2EHB),__3ZA2EHB,01 - Non intersection,03 - P.D. only,03 - Rear end,01 - Clear,01 - Daylight,01 - Dry,10 - No control,,2,0,0,0,,0,,,,,372779.2256,5027389.922,45.38315134,-75.63194036,1128
17--1091,1/27/2017,8:00 PM,BOWHILL AVE btwn HILLHURST PL & CHESTERTON DR (__3ZAAVQ),__3ZAAVQ,01 - Non intersection,03 - P.D. only,06 - SMV unattended vehicle,03 - Snow,07 - Dark,02 - Wet,10 - No control,,1,0,0,0,,0,,,,,365546.9458,5023764.147,45.35119178,-75.72472963,1129
17--10910,10/26/2017,3:45 PM,BLOHM DR @ HUNT CLUB RD (0011392),11392,02 - Intersection related,03 - P.D. only,03 - Rear end,01 - Clear,01 - Daylight,01 - Dry,01 - Traffic signal,01 - Functioning,3,0,0,0,,0,,,,,375130.0805,5026189.518,45.37211861,-75.60209577,1130
17--10911,10/26/2017,3:50 PM,FALLOWFIELD RD btwn WOODROFFE AVE & VIA PARK PL/275 W OF WOODROFFE AVE (__3ZA3IKD),__3ZA3IKD,01 - Non intersection,03 - P.D. only,03 - Rear end,01 - Clear,01 - Daylight,01 - Dry,10 - No control,,2,0,0,0,,0,,,,,364982.4281,5017844.255,45.29797384,-75.73265302,1131
17--10912,10/26/2017,4:11 PM,CRESTHAVEN DR @ STRANDHERD DR (0010929),10929,02 - Intersection related,03 - P.D. only,03 - Rear end,01 - Clear,01 - Daylight,01 - Dry,01 - Traffic signal,01 - Functioning,2,0,0,0,,0,,,,,366812.9595,5015028.781,45.27248125,-75.70966717,1132
17--10913,10/26/2017,4:26 PM,RAY WILSON RD btwn YORKS CORNERS RD & GREGOIRE RD (__3ZA6V1),__3ZA6V1,01 - Non intersection,02 - Non-fatal injury,07 - SMV other,01 - Clear,01 - Daylight,01 - Dry,10 - No control,,1,0,0,0,01 - Minimal,2,2,,,,390027.9796,5011659.987,45.23974123,-75.41442392,1133
17--10914,10/26/2017,4:29 PM,RAMSAYVILLE RD btwn RIDGE RD & RUSSELL RD (__3ZA2B5),__3ZA2B5,01 - Non intersection,03 - P.D. only,07 - SMV other,01 - Clear,05 - Dusk,01 - Dry,10 - No control,,1,0,0,0,,0,,,,,377705.1863,5026806.694,45.37740845,-75.56913257,1134
17--10915,10/26/2017,4:30 PM,HOLLAND AVE btwn SPENCER ST & ARMSTRONG ST (__3ZBN9P),__3ZBN9P,01 - Non intersection,03 - P.D. only,04 - Sideswipe,01 - Clear,01 - Daylight,01 - Dry,10 - No control,,2,0,0,0,,0,,,,,364847.7616,5029334.825,45.40137598,-75.73297464,1135
17--10916,10/26/2017,4:40 PM,LEDBURY AVE @ BANK ST EXTENSION NB (0011405),11405,02 - Intersection related,03 - P.D. only,07 - SMV other,01 - Clear,01 - Daylight,01 - Dry,02 - Stop sign,00 - Unknown,1,0,0,0,,0,,,,,370666.2942,5025286.594,45.36442816,-75.65919893,1136
17--10917,10/26/2017,4:46 PM,METCALFE ST @ STRATHCONA AVE (0008000),8000,02 - Intersection related,03 - P.D. only,05 - Turning movement,01 - Clear,01 - Daylight,01 - Dry,02 - Stop sign,01 - Functioning,2,0,0,0,,0,,,,,368536.9619,5030263.551,45.4094062,-75.68573491,1137
17--10918,10/26/2017,4:59 PM,CARLING AVE @ CLYDE AVE/COLE AVE (0006984),6984,03 - At intersection,03 - P.D. only,05 - Turning movement,01 - Clear,01 - Daylight,01 - Dry,01 - Traffic signal,01 - Functioning,2,0,0,0,,0,,,,,363522.3628,5026848.535,45.37911718,-75.75019913,1138
17--10919,10/26/2017,5:04 PM,BLOHM DR @ HUNT CLUB RD (0011392),11392,02 - Intersection related,03 - P.D. only,03 - Rear end,01 - Clear,05 - Dusk,01 - Dry,01 - Traffic signal,01 - Functioning,2,0,0,0,,0,,,,,375129.2726,5026188.808,45.3721123,-75.60210618,1139
17--1092,1/27/2017,8:08 PM,GREENBANK RD btwn WEST HUNT CLUB RD & FALLOWFIELD RD (__3ZA1NE),__3ZA1NE,01 - Non intersection,03 - P.D. only,07 - SMV other,04 - Freezing Rain,07 - Dark,06 - Ice,10 - No control,,1,0,0,0,,0,,,,,362882.6779,5017191.746,45.29227928,-75.7594997,1140
17--10920,10/26/2017,5:26 PM,BUENA VISTA RD @ ROCKCLIFFE PKWY (0011238),11238,02 - Intersection related,03 - P.D. only,03 - Rear end,01 - Clear,01 - Daylight,01 - Dry,02 - Stop sign,00 - Unknown,3,0,0,0,,0,,,,,368466.8443,5034799.369,45.45022423,-75.68604418,1141
17--10921,10/26/2017,5:31 AM,FALLOWFIELD RD @ VIA PARK PL/275 W OF WOODROFFE AVE (0010154),10154,02 - Intersection related,03 - P.D. only,07 - SMV other,01 - Clear,07 - Dark,01 - Dry,01 - Traffic signal,01 - Functioning,1,0,0,0,,0,,,,,364848.5375,5017765.589,45.29727746,-75.73436954,1142
17--10922,10/26/2017,5:46 PM,BRITTANY DR @ MONTREAL RD (0007685),7685,02 - Intersection related,03 - P.D. only,03 - Rear end,01 - Clear,01 - Daylight,01 - Dry,01 - Traffic signal,01 - Functioning,3,0,0,0,,0,,,,,371912.2762,5033994.199,45.44265734,-75.64211034,1143
17--10923,10/26/2017,6:00 PM,BASELINE RD @ GREENBANK RD (0002357),2357,02 - Intersection related,03 - P.D. only,03 - Rear end,01 - Clear,01 - Daylight,01 - Dry,01 - Traffic signal,01 - Functioning,2,0,0,0,,0,,,,,360598.1622,5022583.783,45.3409821,-75.7880155,1144
17--10924,10/26/2017,6:03 PM,LEES AVE btwn HWY417 IC118 RAMP45 & TRANSIT (__3ZA3CM),__3ZA3CM,01 - Non intersection,03 - P.D. only,03 - Rear end,01 - Clear,05 - Dusk,01 - Dry,10 - No control,,2,0,0,0,,0,,,,,369622.257,5030928.962,45.41529364,-75.67178377,1145
17--10925,10/26/2017,6:21 PM,DALHOUSIE ST @ RIDEAU ST (0007646),7646,02 - Intersection related,03 - P.D. only,04 - Sideswipe,01 - Clear,05 - Dusk,01 - Dry,01 - Traffic signal,01 - Functioning,2,0,0,0,,0,,,,,368205.7624,5032227.345,45.42710584,-75.68971299,1146
17--10926,10/26/2017,6:30 AM,HIGHWAY 416 btwn HWY416 IC57 RAMP24 & HWY416 IC49 RAMP42 (__3ZAZGI),__3ZAZGI,01 - Non intersection,02 - Non-fatal injury,03 - Rear end,01 - Clear,07 - Dark,01 - Dry,10 - No control,,2,0,0,0,03 - Major,2,,1,1,,367685.7358,5003911.798,45.1723732,-75.69994933,1147
17--10927,10/26/2017,6:45 AM,BRONSON AVE btwn RENFREW AVE & POWELL AVE (__3ZA3BZ),__3ZA3BZ,04 - At/near private drive,03 - P.D. only,02 - Angle,01 - Clear,03 - Dawn,01 - Dry,10 - No control,,2,0,0,0,,0,,,,,367361.9187,5029540.439,45.40300587,-75.70083683,1148
17--10928,10/26/2017,6:50 PM,HIGHWAY 417 btwn HWY417 IC126 RAMP16 & HWY417 IC126 RAMP61 (__3ZA2RC),__3ZA2RC,01 - Non intersection,03 - P.D. only,03 - Rear end,01 - Clear,07 - Dark,01 - Dry,10 - No control,,4,0,0,0,,0,,,,,363103.81,5025785.147,45.3695839,-75.75566854,1149
17--10929,10/26/2017,7:25 AM,ROBERTSON RD btwn FITZGERALD RD & MOODIE DR (__3ZA411),__3ZA411,04 - At/near private drive,03 - P.D. only,02 - Angle,01 - Clear,01 - Daylight,01 - Dry,10 - No control,,2,0,0,0,,0,,,,,357048.2575,5020443.438,45.32199645,-75.83353502,1150
17--1093,1/27/2017,8:23 PM,RUSSELL RD btwn CLAYTON RD & RUISSELLET RD (__3ZA3KR),__3ZA3KR,01 - Non intersection,03 - P.D. only,07 - SMV other,03 - Snow,07 - Dark,03 - Loose snow,10 - No control,,1,0,0,0,,0,,,,,397789.3601,5028645.617,45.39157515,-75.31239696,1151
17--10930,10/26/2017,7:28 PM,MONTREAL RD @ OGILVIE RD (0009279),9279,02 - Intersection related,02 - Non-fatal injury,03 - Rear end,01 - Clear,07 - Dark,01 - Dry,01 - Traffic signal,00 - Unknown,2,0,0,0,01 - Minimal,1,1,,,,375654.2616,5034556.823,45.44735024,-75.59420175,1152
17--10931,10/26/2017,7:30 PM,HIGHWAY 417 btwn HWY417 IC124 RAMP67 & HWY417 IC123 RAMP62 (__3ZA2YZ),__3ZA2YZ,01 - Non intersection,02 - Non-fatal injury,03 - Rear end,01 - Clear,07 - Dark,01 - Dry,10 - No control,,3,0,0,0,02 - Minor,2,1,1,,,364724.4179,5027973.785,45.38914019,-75.73471536,1153
17--10932,10/26/2017,7:50 PM,DONNELLY DR btwn FAIRMILE RD & FOURTH LINE RD (__3ZA30H),__3ZA30H,01 - Non intersection,03 - P.D. only,07 - SMV other,01 - Clear,07 - Dark,01 - Dry,10 - No control,,1,0,0,0,,0,,,,,371848.7007,4992682.305,45.07094654,-75.64849702,1154
17--10933,10/26/2017,8:12 AM,HIGHWAY 417 btwn HWY417 IC138 RAMP61 & HWY417 IC134 RAMP36 (__3ZA20I),__3ZA20I,01 - Non intersection,03 - P.D. only,03 - Rear end,01 - Clear,01 - Daylight,01 - Dry,10 - No control,,3,0,0,0,,0,,,,,355041.8551,5021492.517,45.33158268,-75.85902006,1155
17--10934,10/26/2017,8:31 PM,HOLLAND AVE @ WELLINGTON ST (0002364),2364,03 - At intersection,02 - Non-fatal injury,05 - Turning movement,01 - Clear,07 - Dark,01 - Dry,01 - Traffic signal,01 - Functioning,2,1,0,0,02 - Minor,1,,1,,,364928.7547,5029152.371,45.39972735,-75.73196241,1156
17--10935,10/26/2017,8:47 AM,ROBERTSON RD @ HAANEL DR (0000600),600,02 - Intersection related,03 - P.D. only,03 - Rear end,01 - Clear,01 - Daylight,01 - Dry,02 - Stop sign,00 - Unknown,2,0,0,0,,0,,,,,354989.6356,5019203.184,45.31098665,-75.85991824,1157
17--10936,10/26/2017,9:33 AM,CARLING AVE @ MAITLAND AVE/SHERBOURNE RD (0002641),2641,02 - Intersection related,03 - P.D. only,03 - Rear end,01 - Clear,01 - Daylight,01 - Dry,01 - Traffic signal,01 - Functioning,2,0,0,0,,0,,,,,362943.0324,5026488.527,45.37592619,-75.75763812,1158
17--10937,10/26/2017,9:40 PM,WALKLEY RD btwn ST. LAURENT BLVD & MARTHA AVE (__3ZA2EM),__3ZA2EM,01 - Non intersection,03 - P.D. only,06 - SMV unattended vehicle,01 - Clear,07 - Dark,01 - Dry,10 - No control,,1,0,0,0,,0,,,,,373945.827,5028071.234,45.3891673,-75.61694978,1159
17--10938,10/27/2017,1:21 PM,VANIER PKWY NB btwn BEECHWOOD AVE/ ST. PATRICK ST/CRICHTON ST & DESCHA (__3ZA4SV),__3ZA4SV,01 - Non intersection,03 - P.D. only,03 - Rear end,01 - Clear,01 - Daylight,01 - Dry,10 - No control,,4,0,0,0,,0,,,,,369836.4908,5033273.719,45.43637096,-75.66873725,1160
17--10939,10/27/2017,1:43 PM,MERIVALE RD @ WOODFIELD DR/ROYDON PL (0009776),9776,02 - Intersection related,03 - P.D. only,05 - Turning movement,01 - Clear,01 - Daylight,01 - Dry,01 - Traffic signal,00 - Unknown,2,0,0,0,,0,,,,,365463.1745,5022297.789,45.33800495,-75.72597848,1161
17--1094,1/27/2017,8:30 AM,HIGHWAY 17 btwn THOMAS ELLIOT RD & GALETTA SIDE RD (__3ZA2RQ),__3ZA2RQ,04 - At/near private drive,03 - P.D. only,05 - Turning movement,01 - Clear,01 - Daylight,01 - Dry,10 - No control,,2,0,0,0,,0,,,,,320931.2519,5030719.945,45.41622955,-76.29389209,1162