Anom_ID,Accident_Date,Accident_Time,Location,Geo_ID,Accident_Location,Classification_of_Accident,Initial_Impact_Type,Environment_Condition,Light,Road_Surface_Condition,Traffic_Control,Traffic_Control_Condition,No__of_Vehicles,No__of_Bicycles,No__of_Motorcycles,No__of_Pedestrians,Max_Injury,No__of_Injuries,No__of_Minimal,No__of_Minor,No__of_Major,No__of_Fatal,X,Y,Latitude,Longitude,ObjectId
17--10940,10/27/2017,10:03 AM,GREENBANK RD btwn BARNSDALE RD & VIEWBANK RD (__3ZABMH),__3ZABMH,01 - Non intersection,02 - Non-fatal injury,07 - SMV other,01 - Clear,01 - Daylight,01 - Dry,10 - No control,,1,0,0,0,02 - Minor,1,,1,,,365703.8965,5010652.346,45.23319902,-75.72433673,1163
17--10941,10/27/2017,10:19 AM,FISHER AVE btwn MCCOOEY LANE & BASELINE RD (__3ZA4JS),__3ZA4JS,01 - Non intersection,03 - P.D. only,05 - Turning movement,01 - Clear,01 - Daylight,01 - Dry,10 - No control,,2,0,0,0,,0,,,,,366122.1652,5026138.328,45.37250416,-75.7170946,1164
17--10942,10/27/2017,10:42 AM,REGIONAL ROAD 174 btwn HWY417 IC113 RAMP67 & Continuation of REGIONAL  (__3ZA28A),__3ZA28A,01 - Non intersection,03 - P.D. only,03 - Rear end,01 - Clear,01 - Daylight,01 - Dry,10 - No control,,2,0,0,0,,0,,,,,373697.0235,5032020.19,45.42472263,-75.619575,1165
17--10943,10/27/2017,10:59 AM,HWY 417 INNES IC112R68 @ INNES RD (0012300),12300,03 - At intersection,03 - P.D. only,04 - Sideswipe,01 - Clear,01 - Daylight,01 - Dry,01 - Traffic signal,01 - Functioning,2,0,0,0,,0,,,,,374640.9424,5030921.57,45.41474422,-75.60766999,1166
17--10944,10/27/2017,11:16 AM,AVIATION PKWY @ MONTREAL RD (0008799),8799,02 - Intersection related,03 - P.D. only,02 - Angle,01 - Clear,01 - Daylight,01 - Dry,01 - Traffic signal,01 - Functioning,2,0,0,0,,0,,,,,372147.23,5034108.888,45.44366666,-75.63909159,1167
17--10945,10/27/2017,11:30 AM,CUMMINGS AVE @ OGILVIE RD (0009923),9923,03 - At intersection,02 - Non-fatal injury,05 - Turning movement,01 - Clear,01 - Daylight,01 - Dry,01 - Traffic signal,01 - Functioning,2,1,0,0,02 - Minor,1,,1,,,372749.7235,5032171.255,45.4261745,-75.63165816,1168
17--10946,10/27/2017,11:40 AM,IRIS ST btwn SOUTHWOOD DR & BAXTER RD (__3ZABJD),__3ZABJD,04 - At/near private drive,02 - Non-fatal injury,07 - SMV other,01 - Clear,01 - Daylight,01 - Dry,10 - No control,,1,0,0,0,02 - Minor,1,,1,,,360923.4787,5023503.13,45.34922842,-75.78376047,1169
17--10947,10/27/2017,11:57 AM,BLAIR RD @ OGILVIE RD (0004120),4120,02 - Intersection related,03 - P.D. only,03 - Rear end,01 - Clear,01 - Daylight,01 - Dry,01 - Traffic signal,01 - Functioning,2,0,0,0,,0,,,,,374507.7237,5033198.338,45.43524264,-75.60904966,1170
17--10948,10/27/2017,Unknown,TED GRANT PRIV btwn HORSDAL PRIV & HORSDAL PRIV (__3ZA2SA),__3ZA2SA,01 - Non intersection,03 - P.D. only,06 - SMV unattended vehicle,02 - Rain,07 - Dark,02 - Wet,10 - No control,,1,0,0,0,,0,,,,,374024.5023,5025860.731,45.36927041,-75.61625506,1171
17--10949,10/27/2017,Unknown,LISGAR ST btwn ELGIN ST & CARTIER ST (__3ZA9UF),__3ZA9UF,01 - Non intersection,03 - P.D. only,06 - SMV unattended vehicle,01 - Clear,00 - Unknown,01 - Dry,10 - No control,,1,0,0,0,,0,,,,,368146.2538,5031387.787,45.41955718,-75.69058136,1172
17--1095,1/27/2017,8:30 PM,GREENBANK RD btwn WEST HUNT CLUB RD & FALLOWFIELD RD (__3ZA1NE),__3ZA1NE,01 - Non intersection,03 - P.D. only,07 - SMV other,03 - Snow,07 - Dark,06 - Ice,10 - No control,,1,0,0,0,,0,,,,,362684.5693,5017654.095,45.29645585,-75.76197123,1173
17--10950,10/27/2017,Unknown,ANDERSON RD btwn HWY417 IC104 RAMP51 & LEITRIM RD (__3ZA2BB),__3ZA2BB,01 - Non intersection,03 - P.D. only,07 - SMV other,01 - Clear,07 - Dark,01 - Dry,10 - No control,,1,0,0,0,,0,,,,,380336.9566,5025244.019,45.36306972,-75.53577327,1174
17--10951,10/27/2017,2:56 PM,VANIER PKWY NB btwn BEECHWOOD AVE/ ST. PATRICK ST/CRICHTON ST & DESCHA (__3ZA4SV),__3ZA4SV,01 - Non intersection,03 - P.D. only,03 - Rear end,01 - Clear,01 - Daylight,01 - Dry,10 - No control,,2,0,0,0,,0,,,,,369172.375,5033464.306,45.43814724,-75.67719983,1175
17--10952,10/27/2017,3:02 PM,RUSSELL RD btwn ST. LAURENT BLVD & SOUTHVALE CRES (__3ZA3RV),__3ZA3RV,01 - Non intersection,03 - P.D. only,04 - Sideswipe,01 - Clear,01 - Daylight,01 - Dry,10 - No control,,2,0,0,0,,0,,,,,373777.54,5029113.554,45.39856221,-75.61895296,1176
17--10953,10/27/2017,3:14 PM,HWY417 IC127 RAMP62 btwn WOODROFFE AVE & HWY417 IC127 RAMP68 (__3ZAY80),__3ZAY80,01 - Non intersection,03 - P.D. only,07 - SMV other,01 - Clear,01 - Daylight,01 - Dry,10 - No control,,1,0,0,0,,0,,,,,362133.4011,5024950.544,45.36215428,-75.76815301,1177
17--10954,10/27/2017,3:51 PM,GEORGE ST @ SUSSEX DR (0002109),2109,02 - Intersection related,03 - P.D. only,03 - Rear end,01 - Clear,01 - Daylight,01 - Dry,01 - Traffic signal,00 - Unknown,2,0,0,0,,0,,,,,367868.6732,5032130.964,45.42626911,-75.6940327,1178
17--10955,10/27/2017,4:53 PM,CARLING AVE btwn DEFENSE  RESEARCH COMPLEX & RIFLE RD (__3ZA4Z6B),__3ZA4Z6B,07 - Overpass or bridge,03 - P.D. only,07 - SMV other,01 - Clear,01 - Daylight,01 - Dry,10 - No control,,1,0,0,0,,0,,,,,353718.3971,5023208.146,45.34711368,-75.87573395,1179
17--10956,10/27/2017,5:15 PM,CLYDE AVE @ MAITLAND AVE (0003214),3214,02 - Intersection related,03 - P.D. only,03 - Rear end,01 - Clear,01 - Daylight,01 - Dry,03 - Yield sign,01 - Functioning,2,0,0,0,,0,,,,,364248.7377,5025140.756,45.36368958,-75.74113071,1180
17--10957,10/27/2017,5:17 PM,JEANNE D'ARC BLVD  S btwn SAPINIER ST & INNES RD (__3ZA3Y3),__3ZA3Y3,01 - Non intersection,03 - P.D. only,03 - Rear end,01 - Clear,01 - Daylight,01 - Dry,10 - No control,,3,0,0,0,,0,,,,,382619.7422,5035610.553,45.45609002,-75.5050015,1181
17--10958,10/27/2017,5:58 PM,TENTH LINE RD @ CHARLEMAGNE BLVD N/TOMPKINS AV (0009222),9222,03 - At intersection,03 - P.D. only,05 - Turning movement,01 - Clear,07 - Dark,01 - Dry,01 - Traffic signal,01 - Functioning,3,0,0,0,,0,,,,,383184.2644,5037978.551,45.47733206,-75.49740701,1182
17--10959,10/27/2017,6:09 PM,ST. LAURENT BLVD @ COVENTRY RD/OGILVIE RD (0002151),2151,02 - Intersection related,03 - P.D. only,04 - Sideswipe,01 - Clear,05 - Dusk,02 - Wet,01 - Traffic signal,01 - Functioning,2,0,0,0,,0,,,,,372305.5813,5031952.233,45.42424684,-75.6373633,1183
17--1096,1/27/2017,8:40 AM,BEARBROOK RD @ NORTHPARK DR S (0003623),3623,02 - Intersection related,03 - P.D. only,02 - Angle,01 - Clear,01 - Daylight,01 - Dry,02 - Stop sign,01 - Functioning,2,0,0,0,,0,,,,,377841.9413,5033230.58,45.43519241,-75.56643504,1184
17--10960,10/27/2017,6:18 PM,KINBURN SIDE RD btwn STONECREST RD & TORBOLTON RIDGE RD (__3ZA4Q7),__3ZA4Q7,01 - Non intersection,03 - P.D. only,07 - SMV other,01 - Clear,05 - Dusk,01 - Dry,10 - No control,,1,0,0,0,,0,,,,,334996.2769,5033126.104,45.43741538,-76.11403985,1185
17--10961,10/27/2017,6:20 PM,TERRY FOX DR @ WESTPHALIAN AVE (0014366),14366,02 - Intersection related,03 - P.D. only,03 - Rear end,01 - Clear,05 - Dusk,01 - Dry,01 - Traffic signal,01 - Functioning,2,0,0,0,,0,,,,,353455.2261,5015759.789,45.28011017,-75.87982363,1186
17--10962,10/27/2017,6:37 AM,KING EDWARD AVE @ LAURIER AVE (0002170),2170,03 - At intersection,03 - P.D. only,05 - Turning movement,01 - Clear,03 - Dawn,01 - Dry,01 - Traffic signal,01 - Functioning,2,0,0,0,,0,,,,,368739.7072,5032034.346,45.4253207,-75.68291525,1187
17--10963,10/27/2017,6:46 PM,INNES RD btwn O'TOOLE RD & DUNNING RD (__3ZBN92),__3ZBN92,01 - Non intersection,03 - P.D. only,07 - SMV other,01 - Clear,05 - Dusk,01 - Dry,10 - No control,,1,0,0,0,,0,,,,,389774.0783,5038548.839,45.48169201,-75.41303441,1188
17--10964,10/27/2017,7:10 PM,ROGER GUINDON AVE @ SMYTH RD (0006971),6971,02 - Intersection related,03 - P.D. only,03 - Rear end,01 - Clear,05 - Dusk,01 - Dry,01 - Traffic signal,01 - Functioning,2,0,0,0,,0,,,,,371935.3301,5029226.398,45.3997566,-75.64246538,1189
17--10965,10/27/2017,7:26 AM,ROGER GUINDON AVE @ SMYTH RD (0006971),6971,02 - Intersection related,03 - P.D. only,05 - Turning movement,01 - Clear,01 - Daylight,01 - Dry,01 - Traffic signal,01 - Functioning,2,0,0,0,,0,,,,,371933.4366,5029226.398,45.39975678,-75.64248956,1190
17--10966,10/27/2017,7:38 AM,ALBERT ST @ O'CONNOR ST (0002116),2116,03 - At intersection,02 - Non-fatal injury,07 - SMV other,01 - Clear,01 - Daylight,01 - Dry,01 - Traffic signal,01 - Functioning,1,0,0,1,02 - Minor,1,,1,,,367539.037,5031520.573,45.42080666,-75.69832251,1191
17--10967,10/27/2017,8:20 PM,EAGLESON RD @ MICHAEL COWPLAND DR/STONEHAVEN D (0003544),3544,03 - At intersection,02 - Non-fatal injury,05 - Turning movement,01 - Clear,07 - Dark,01 - Dry,01 - Traffic signal,01 - Functioning,2,0,0,0,02 - Minor,4,,4,,,354383.6293,5016624.113,45.28782269,-75.86790424,1192
17--10968,10/27/2017,8:34 AM,MITCH OWENS RD/BRIDGE ST @ RIVER RD (0003573),3573,02 - Intersection related,03 - P.D. only,03 - Rear end,01 - Clear,01 - Daylight,01 - Dry,01 - Traffic signal,01 - Functioning,2,0,0,0,,0,,,,,369497.9117,5010771.5,45.23393279,-75.67600607,1193
17--10969,10/27/2017,8:51 PM,MEADOWLANDS DR @ MERIVALE RD (0000625),625,02 - Intersection related,03 - P.D. only,03 - Rear end,01 - Clear,07 - Dark,01 - Dry,01 - Traffic signal,01 - Functioning,2,0,0,0,,0,,,,,364857.7532,5023724.8,45.3508971,-75.73352929,1194
17--1097,1/27/2017,8:45 PM,BOTTRIELL WAY @ MERKLEY DR (0005042),5042,02 - Intersection related,03 - P.D. only,03 - Rear end,04 - Freezing Rain,07 - Dark,03 - Loose snow,02 - Stop sign,01 - Functioning,2,0,0,0,,0,,,,,383752.4239,5037377.896,45.47186391,-75.49023749,1195
17--10970,10/27/2017,9:10 AM,VIEWMOUNT DR btwn MERIVALE RD & GRANT CARMAN DR (__3ZA0AL),__3ZA0AL,04 - At/near private drive,03 - P.D. only,05 - Turning movement,01 - Clear,01 - Daylight,01 - Dry,10 - No control,,2,0,0,0,,0,,,,,365271.1502,5022993.548,45.34428188,-75.72834331,1196
17--10971,10/27/2017,9:50 PM,INNES RD @ LANTHIER DR/PRESTWICK DR (0004251),4251,03 - At intersection,03 - P.D. only,05 - Turning movement,01 - Clear,07 - Dark,01 - Dry,01 - Traffic signal,01 - Functioning,2,0,0,0,,0,,,,,383541.0976,5035987.895,45.4593818,-75.4931625,1197
17--10972,10/28/2017,1:00 AM,STITTSVILLE MAIN ST btwn NEIL AVE & HAZELDEAN RD (__3ZA2ED),__3ZA2ED,01 - Non intersection,03 - P.D. only,07 - SMV other,01 - Clear,07 - Dark,01 - Dry,10 - No control,,1,0,0,0,,0,,,,,349581.8512,5014809.513,45.27181667,-75.92927817,1198
17--10973,10/28/2017,1:30 PM,EASTWOOD PL @ MCARTHUR AVE (0004081),4081,03 - At intersection,03 - P.D. only,05 - Turning movement,01 - Clear,01 - Daylight,01 - Dry,02 - Stop sign,01 - Functioning,2,0,0,0,,0,,,,,371051.714,5032783.244,45.4318438,-75.65327259,1199
17--10974,10/28/2017,1:32 PM,INNES RD @ PEPIN CRT (0012473),12473,03 - At intersection,02 - Non-fatal injury,05 - Turning movement,01 - Clear,01 - Daylight,01 - Dry,02 - Stop sign,00 - Unknown,2,0,0,0,01 - Minimal,1,1,,,,377207.742,5032352.891,45.42736147,-75.57466888,1200
17--10975,10/28/2017,1:37 PM,LORNE AVE @ SOMERSET ST (0002214),2214,02 - Intersection related,03 - P.D. only,04 - Sideswipe,01 - Clear,01 - Daylight,01 - Dry,02 - Stop sign,00 - Unknown,2,0,0,0,,0,,,,,366651.084,5030304.216,45.40994129,-75.70982031,1201
17--10976,10/28/2017,10:00 PM,HIGHWAY 417 btwn HWY417 IC122 RAMP16 & HWY417 IC122 RAMP61 (__3ZA2RA),__3ZA2RA,01 - Non intersection,03 - P.D. only,03 - Rear end,02 - Rain,07 - Dark,02 - Wet,10 - No control,,2,0,0,0,,0,,,,,365307.6807,5028879.043,45.39723535,-75.72715627,1202
17--10977,10/28/2017,10:05 PM,EARL ARMSTRONG RD @ SPRATT RD (0013063),13063,03 - At intersection,03 - P.D. only,05 - Turning movement,02 - Rain,07 - Dark,02 - Wet,01 - Traffic signal,01 - Functioning,2,0,0,0,,0,,,,,368397.7124,5015009.422,45.27216552,-75.68947455,1203
17--10978,10/28/2017,10:30 AM,HUNT CLUB RD @ BRIDLE PATH DR/DAZE ST (0008214),8214,02 - Intersection related,03 - P.D. only,04 - Sideswipe,01 - Clear,01 - Daylight,01 - Dry,01 - Traffic signal,01 - Functioning,2,0,0,0,,0,,,,,371291.389,5023864.512,45.35157372,-75.6514116,1204
17--10979,10/28/2017,10:36 AM,LEONARD AVE @ GROVE AVE (0007325),7325,03 - At intersection,02 - Non-fatal injury,07 - SMV other,01 - Clear,01 - Daylight,01 - Dry,02 - Stop sign,01 - Functioning,1,0,0,1,02 - Minor,1,,1,,,368476.2739,5028151.663,45.39040962,-75.6867828,1205
17--11163,11/1/2017,3:17 PM,WOODROFFE AVE/HWY 417 WOODROFF IC127R25 @ HWY  (0002348),2348,03 - At intersection,03 - P.D. only,03 - Rear end,02 - Rain,01 - Daylight,02 - Wet,01 - Traffic signal,01 - Functioning,3,0,0,0,,0,,,,,362180.1779,5024693.639,45.35983884,-75.76758579,1206
17--11164,11/1/2017,3:26 PM,BOOTH ST @ LOUISA ST (0006503),6503,03 - At intersection,02 - Non-fatal injury,03 - Rear end,01 - Clear,01 - Daylight,02 - Wet,02 - Stop sign,00 - Unknown,2,0,0,0,01 - Minimal,1,1,,,,366802.703,5029770.418,45.40512491,-75.70795062,1207
17--11165,11/1/2017,3:35 AM,REGIONAL ROAD 174 btwn OR174 IC109 RAMP64 & OR174 IC105 RAMP16 (__3ZA2XD),__3ZA2XD,01 - Non intersection,02 - Non-fatal injury,07 - SMV other,01 - Clear,07 - Dark,01 - Dry,10 - No control,,1,0,0,0,02 - Minor,1,,1,,,376778.2389,5035517.789,45.45588155,-75.57969409,1208
17--11250,11/2/2017,8:18 AM,NORICE ST @ WOODROFFE AVE (0001542),1542,03 - At intersection,03 - P.D. only,05 - Turning movement,02 - Rain,01 - Daylight,02 - Wet,01 - Traffic signal,01 - Functioning,3,0,0,0,,0,,,,,363194.684,5022397.731,45.3390967,-75.7549086,1209
17--11166,11/1/2017,3:55 PM,INDUSTRIAL AVE btwn RIVERSIDE DR & SANDFORD FLEMING AVE (__3ZA3PG),__3ZA3PG,01 - Non intersection,03 - P.D. only,03 - Rear end,01 - Clear,01 - Daylight,01 - Dry,10 - No control,,2,0,0,0,,0,,,,,370733.4641,5030584.19,45.4120877,-75.65763383,1210
17--11167,11/1/2017,3:59 PM,INDUSTRIAL AVE btwn TRAINYARDS DR & RUSSELL RD (__3ZA3R9),__3ZA3R9,04 - At/near private drive,03 - P.D. only,05 - Turning movement,01 - Clear,01 - Daylight,02 - Wet,10 - No control,,2,0,0,0,,0,,,,,372145.2369,5030415.467,45.41043517,-75.6396221,1211
17--11251,11/2/2017,8:30 AM,ROLLING MEADOW CRES @ SADDLERIDGE DR (0013292),13292,03 - At intersection,03 - P.D. only,02 - Angle,02 - Rain,01 - Daylight,02 - Wet,10 - No control,00 - Unknown,2,0,0,0,,0,,,,,381634.7702,5032463.793,45.42788699,-75.51808471,1212
17--11168,11/1/2017,4:02 PM,BOURASSA ST @ ST. LAURENT BLVD (0007731),7731,02 - Intersection related,03 - P.D. only,04 - Sideswipe,02 - Rain,01 - Daylight,02 - Wet,01 - Traffic signal,00 - Unknown,2,0,0,0,,0,,,,,373235.7762,5029692.84,45.40382752,-75.62579169,1213
17--11252,11/2/2017,8:39 PM,CONROY RD @ JOHNSTON RD (0011908),11908,03 - At intersection,02 - Non-fatal injury,02 - Angle,02 - Rain,07 - Dark,02 - Wet,01 - Traffic signal,01 - Functioning,2,0,0,0,01 - Minimal,1,1,,,,373396.3292,5026309.655,45.37337141,-75.62421125,1214
17--11169,11/1/2017,4:15 PM,HIGHWAY 417 btwn HWY417 IC155 RAMP51 & HWY417 IC155 RAMP35 (__3ZAZNR),__3ZAZNR,01 - Non intersection,03 - P.D. only,07 - SMV other,02 - Rain,01 - Daylight,02 - Wet,10 - No control,,1,0,0,0,,0,,,,,339263.0293,5019379.102,45.31351752,-76.06046431,1215
17--11253,11/2/2017,8:58 AM,PRINCE OF WALES DR @ MEADOWLANDS DR/HOG'S BACK (0001629),1629,02 - Intersection related,03 - P.D. only,04 - Sideswipe,02 - Rain,01 - Daylight,02 - Wet,01 - Traffic signal,01 - Functioning,2,0,0,0,,0,,,,,367372.8747,5025693.238,45.36838878,-75.70118461,1216
17--11254,11/2/2017,9:00 AM,WEST HUNT CLUB RD EB btwn WOODROFFE AVE & 354 E OF WOODROFFE AVE/REC P (__3ZBOG1A),__3ZBOG1A,01 - Non intersection,02 - Non-fatal injury,04 - Sideswipe,02 - Rain,01 - Daylight,02 - Wet,10 - No control,,2,0,0,0,01 - Minimal,1,1,,,,363749.0662,5021309.571,45.32925916,-75.74796513,1217
17--11255,11/2/2017,9:00 AM,REGIONAL RD 174 @ TRIM RD (0012835),12835,02 - Intersection related,03 - P.D. only,04 - Sideswipe,02 - Rain,01 - Daylight,02 - Wet,01 - Traffic signal,01 - Functioning,2,0,0,0,,0,,,,,384351.7636,5039990.422,45.4953009,-75.48215022,1218
17--11256,11/2/2017,9:02 AM,WOODROFFE AVE @ KNOXDALE RD/MEDHURST DR (0000519),519,03 - At intersection,03 - P.D. only,05 - Turning movement,02 - Rain,01 - Daylight,02 - Wet,01 - Traffic signal,01 - Functioning,2,0,0,0,,0,,,,,363420.1599,5021825.997,45.33393347,-75.75209959,1219
17--11257,11/2/2017,9:04 AM,LEIKIN DR @ MERIVALE RD (0005133),5133,02 - Intersection related,02 - Non-fatal injury,07 - SMV other,02 - Rain,01 - Daylight,02 - Wet,01 - Traffic signal,01 - Functioning,1,0,0,0,01 - Minimal,1,1,,,,367131.0421,5018263.811,45.30156162,-75.7052073,1220
17--11258,11/2/2017,9:18 PM,ROOSEVELT AVE btwn GREENWOOD AVE & COLE AVE (__3ZA4BK),__3ZA4BK,01 - Non intersection,03 - P.D. only,04 - Sideswipe,02 - Rain,07 - Dark,02 - Wet,10 - No control,,2,0,0,0,,0,,,,,363438.5273,5027146.465,45.38180493,-75.75123412,1221
17--11259,11/2/2017,9:21 AM,WELLINGTON ST btwn KENT ST & BANK ST (__3ZA15A),__3ZA15A,01 - Non intersection,03 - P.D. only,04 - Sideswipe,02 - Rain,01 - Daylight,02 - Wet,10 - No control,,2,0,0,0,,0,,,,,367111.5568,5031536.131,45.42098485,-75.70378234,1222
17--1126,1/28/2017,4:30 PM,STALWART CRES btwn WHITE ALDER AVE & WHITE ALDER AVE (__67PTLG),__67PTLG,01 - Non intersection,03 - P.D. only,06 - SMV unattended vehicle,03 - Snow,05 - Dusk,03 - Loose snow,10 - No control,,1,0,0,0,,0,,,,,375441.1986,5020836.723,45.32392522,-75.59888878,1223
17--11260,11/2/2017,9:23 AM,LEMIEUX ST btwn JOSEPH CYR ST & RAMP (__3ZA8L0),__3ZA8L0,04 - At/near private drive,03 - P.D. only,02 - Angle,02 - Rain,01 - Daylight,02 - Wet,10 - No control,,2,0,0,0,,0,,,,,372507.4404,5031742.708,45.42234213,-75.63481289,1224
17--11261,11/2/2017,9:38 AM,BLAIR RD @ INNES RD (0004165),4165,03 - At intersection,03 - P.D. only,03 - Rear end,02 - Rain,01 - Daylight,02 - Wet,01 - Traffic signal,01 - Functioning,2,0,0,0,,0,,,,,375578.257,5031439.794,45.41931273,-75.59562135,1225
17--11262,11/2/2017,9:45 PM,METCALFE ST @ SLATER ST (0002233),2233,03 - At intersection,02 - Non-fatal injury,07 - SMV other,02 - Rain,07 - Dark,02 - Wet,01 - Traffic signal,01 - Functioning,1,0,0,1,01 - Minimal,1,1,,,,367731.3622,5031550.914,45.42106238,-75.69586135,1226
17--11263,11/2/2017,9:50 AM,CATHERINE ST/HWY 417 O'CONN IC119BR76 @ O'CONN (0001697),1697,03 - At intersection,03 - P.D. only,02 - Angle,02 - Rain,01 - Daylight,02 - Wet,01 - Traffic signal,01 - Functioning,3,0,0,0,,0,,,,,368244.0455,5030393.233,45.41059965,-75.68945997,1227
17--11264,11/3/2017,1:01 PM,BANK ST btwn MCLEOD ST & FLORA ST (__3ZA3P6),__3ZA3P6,01 - Non intersection,03 - P.D. only,04 - Sideswipe,01 - Clear,01 - Daylight,01 - Dry,10 - No control,,2,0,0,0,,0,,,,,367960.4156,5030456.804,45.4111973,-75.69307502,1228
17--11265,11/3/2017,1:08 PM,LAURIER AVE @ NICHOLAS ST (0010711),10711,02 - Intersection related,03 - P.D. only,02 - Angle,01 - Clear,01 - Daylight,01 - Dry,01 - Traffic signal,01 - Functioning,2,0,0,0,,0,,,,,368373.637,5031797.075,45.42321918,-75.68762341,1229
17--11266,11/3/2017,1:32 PM,BANK ST btwn QUEENSDALE AVE & LESTER RD (__3ZA2LF),__3ZA2LF,01 - Non intersection,02 - Non-fatal injury,03 - Rear end,01 - Clear,01 - Daylight,01 - Dry,10 - No control,,2,0,0,0,02 - Minor,1,,1,,,373345.6852,5023435.764,45.34751823,-75.62525634,1230
17--11267,11/3/2017,1:34 PM,CARLING AVE @ MERIVALE RD (0002148),2148,03 - At intersection,03 - P.D. only,02 - Angle,01 - Clear,01 - Daylight,01 - Dry,01 - Traffic signal,01 - Functioning,2,0,0,0,,0,,,,,364895.1817,5027699.827,45.38666053,-75.73256812,1231
17--11268,11/3/2017,1:47 PM,SENECA ST @ SUNNYSIDE AVE (0012024),12024,03 - At intersection,03 - P.D. only,07 - SMV other,01 - Clear,01 - Daylight,01 - Dry,02 - Stop sign,01 - Functioning,1,0,0,0,,0,,,,,368222.6258,5028274.689,45.39153959,-75.69000603,1232
17--11269,11/3/2017,10:00 PM,GALETTA SIDE RD btwn MACHARDY RD & DARWIN ST (__3ZA4R0),__3ZA4R0,01 - Non intersection,02 - Non-fatal injury,07 - SMV other,01 - Clear,07 - Dark,01 - Dry,10 - No control,,1,0,0,0,01 - Minimal,1,1,,,,323054.5141,5030860.623,45.41744327,-76.26675832,1233
17--1127,1/28/2017,4:50 PM,BANNER RD @ GREENBANK RD (0000644),644,03 - At intersection,03 - P.D. only,05 - Turning movement,01 - Clear,05 - Dusk,02 - Wet,01 - Traffic signal,01 - Functioning,2,0,0,0,,0,,,,,361021.1299,5021566.221,45.33179232,-75.78273446,1234
17--11270,11/3/2017,10:01 AM,BLAIR RD @ INNES RD (0004165),4165,02 - Intersection related,02 - Non-fatal injury,03 - Rear end,01 - Clear,01 - Daylight,01 - Dry,01 - Traffic signal,01 - Functioning,2,0,0,0,01 - Minimal,1,1,,,,375577.7791,5031439.316,45.41930848,-75.59562753,1235
17--11271,11/3/2017,10:08 PM,MUNSTER RD btwn MANSFIELD RD & OWLSHEAD RD (__3ZA3EY),__3ZA3EY,01 - Non intersection,03 - P.D. only,07 - SMV other,01 - Clear,07 - Dark,01 - Dry,10 - No control,,1,0,0,0,,0,,,,,348282.3951,5003587.514,45.17091757,-75.94681842,1236
17--11272,11/3/2017,10:12 PM,BANK ST btwn VANCOUVER AVE & FOXBAR AVE (__3ZA4TT),__3ZA4TT,04 - At/near private drive,03 - P.D. only,02 - Angle,01 - Clear,07 - Dark,01 - Dry,10 - No control,,2,0,0,0,,0,,,,,370467.411,5025636.268,45.36759308,-75.66169098,1237
17--11273,11/3/2017,10:15 AM,LAJOIE ST @ MONTREAL RD (0009795),9795,03 - At intersection,01 - Fatal injury,07 - SMV other,01 - Clear,01 - Daylight,01 - Dry,01 - Traffic signal,01 - Functioning,1,0,0,1,04 - Fatal,1,,,,1,370534.3802,5033325.25,45.43676935,-75.65981127,1238
17--11274,11/3/2017,11:35 AM,CATHERINE ST btwn O'CONNOR ST & TO BE DETERMINED (__3ZBOE7),__3ZBOE7,01 - Non intersection,03 - P.D. only,03 - Rear end,01 - Clear,01 - Daylight,01 - Dry,10 - No control,,2,0,0,0,,0,,,,,368286.8705,5030419.001,45.41082762,-75.68890959,1239
17--11275,11/3/2017,11:37 PM,DESCHAMPS AVE @ HANNAH ST (0009996),9996,03 - At intersection,03 - P.D. only,03 - Rear end,01 - Clear,07 - Dark,01 - Dry,02 - Stop sign,01 - Functioning,2,1,0,0,,0,,,,,370163.583,5033319.59,45.43675319,-75.66455088,1240
17--11276,11/3/2017,11:43 AM,INNES RD @ TENTH LINE RD (0004633),4633,02 - Intersection related,03 - P.D. only,04 - Sideswipe,01 - Clear,01 - Daylight,01 - Dry,01 - Traffic signal,01 - Functioning,2,0,0,0,,0,,,,,383952.2382,5036160.756,45.46089059,-75.48787837,1241
17--11277,11/3/2017,11:55 AM,WOODROFFE AVE @ QUEENSBURY DR/RIDEAUCREST DR (0000043),43,03 - At intersection,02 - Non-fatal injury,07 - SMV other,01 - Clear,01 - Daylight,02 - Wet,01 - Traffic signal,01 - Functioning,1,0,0,1,02 - Minor,1,,1,,,365727.3671,5016327.108,45.28425844,-75.723342,1242
17--11278,11/3/2017,12:11 PM,FOURTH LINE RD @ ROGER STEVENS DR (0011952),11952,02 - Intersection related,03 - P.D. only,99 - Other,01 - Clear,01 - Daylight,01 - Dry,01 - Traffic signal,01 - Functioning,2,0,0,0,,0,,,,,366457.4833,4999356.193,45.13148961,-75.71613618,1243
17--11279,11/3/2017,12:50 PM,GLADSTONE AVE @ CAMBRIDGE ST (0006328),6328,02 - Intersection related,03 - P.D. only,03 - Rear end,01 - Clear,01 - Daylight,01 - Dry,02 - Stop sign,01 - Functioning,2,0,0,0,,0,,,,,367064.2312,5030037.753,45.4075071,-75.70457631,1244
17--1128,1/28/2017,4:58 AM,HIGHWAY 417 btwn HWY 417 ANDERSON IC104R61 & HWY 417 BOUNDARY IC96R16 (__3ZA2W5),__3ZA2W5,01 - Non intersection,03 - P.D. only,07 - SMV other,01 - Clear,07 - Dark,01 - Dry,10 - No control,,1,0,0,0,,0,,,,,381556.0226,5025626.497,45.36637858,-75.52015479,1245