Anom_ID,Accident_Date,Accident_Time,Location,Geo_ID,Accident_Location,Classification_of_Accident,Initial_Impact_Type,Environment_Condition,Light,Road_Surface_Condition,Traffic_Control,Traffic_Control_Condition,No__of_Vehicles,No__of_Bicycles,No__of_Motorcycles,No__of_Pedestrians,Max_Injury,No__of_Injuries,No__of_Minimal,No__of_Minor,No__of_Major,No__of_Fatal,X,Y,Latitude,Longitude,ObjectId
17--11280,11/3/2017,12:51 PM,ST. LAURENT BLVD btwn THURSTON DR & WALKLEY RD (__3ZA7QN),__3ZA7QN,04 - At/near private drive,03 - P.D. only,02 - Angle,01 - Clear,01 - Daylight,01 - Dry,10 - No control,,2,0,0,0,,0,,,,,373998.2032,5027672.355,45.3855732,-75.61633689,1246
17--11281,11/3/2017,12:58 PM,HAWTHORNE RD @ HUNT CLUB RD (0007651),7651,02 - Intersection related,03 - P.D. only,04 - Sideswipe,02 - Rain,01 - Daylight,02 - Wet,01 - Traffic signal,01 - Functioning,2,0,0,0,,0,,,,,375508.7057,5026405.334,45.37402232,-75.59723156,1247
17--11282,11/3/2017,2:13 AM,MONTREAL RD @ SHEFFORD RD (0012423),12423,03 - At intersection,03 - P.D. only,04 - Sideswipe,02 - Rain,07 - Dark,02 - Wet,01 - Traffic signal,01 - Functioning,2,0,0,0,,0,,,,,376126.296,5034854.724,45.44998256,-75.58812485,1248
17--11283,11/3/2017,2:23 PM,QUEEN MARY ST @ VANIER PKWY (0007648),7648,02 - Intersection related,03 - P.D. only,03 - Rear end,01 - Clear,01 - Daylight,01 - Dry,01 - Traffic signal,01 - Functioning,2,0,0,0,,0,,,,,370363.516,5031955.335,45.42445947,-75.66217734,1249
17--11284,11/3/2017,2:40 PM,COVENTRY RD btwn BELFAST RD & ST. LAURENT SC WEST (__3ZA2CAA),__3ZA2CAA,01 - Non intersection,03 - P.D. only,04 - Sideswipe,01 - Clear,01 - Daylight,01 - Dry,10 - No control,,2,0,0,0,,0,,,,,371827.0656,5031676.347,45.42181056,-75.64351498,1250
17--11285,11/3/2017,2:42 PM,CHAPEL ST @ SOMERSET ST (0008458),8458,03 - At intersection,02 - Non-fatal injury,02 - Angle,01 - Clear,01 - Daylight,01 - Dry,02 - Stop sign,01 - Functioning,2,0,0,0,02 - Minor,1,,1,,,369339.0429,5031906.249,45.42411309,-75.67527393,1251
17--11286,11/3/2017,2:49 PM,HOLMWOOD AVE btwn BANK ST & ADELAIDE ST (__3ZA9NT),__3ZA9NT,01 - Non intersection,03 - P.D. only,06 - SMV unattended vehicle,01 - Clear,01 - Daylight,01 - Dry,10 - No control,,1,0,0,0,,0,,,,,368684.1044,5029317.764,45.4008829,-75.68397784,1252
17--11287,11/3/2017,2:54 PM,OLD TENTH LINE RD @ TENTH LINE RD (0009223),9223,03 - At intersection,03 - P.D. only,03 - Rear end,01 - Clear,01 - Daylight,01 - Dry,01 - Traffic signal,01 - Functioning,2,0,0,0,,0,,,,,383042.493,5038359.218,45.48077286,-75.49915946,1253
17--11288,11/3/2017,2:59 PM,ROBERTSON RD btwn WESTCLIFFE RD & FITZGERALD RD (__3ZA41Z),__3ZA41Z,04 - At/near private drive,03 - P.D. only,03 - Rear end,01 - Clear,01 - Daylight,01 - Dry,10 - No control,,2,0,0,0,,0,,,,,356734.0182,5020258.825,45.3203586,-75.83756246,1254
17--11289,11/3/2017,3:22 PM,PRESTON ST @ PRINCE OF WALES DR/QUEEN ELIZABET (0006904),6904,03 - At intersection,03 - P.D. only,02 - Angle,01 - Clear,01 - Daylight,01 - Dry,01 - Traffic signal,01 - Functioning,2,0,0,0,,0,,,,,366901.7148,5028775.879,45.39616754,-75.70681115,1255
17--1129,1/28/2017,5:00 PM,MCCARTHY RD @ PAUL ANKA DR (0007479),7479,02 - Intersection related,03 - P.D. only,04 - Sideswipe,01 - Clear,05 - Dusk,02 - Wet,01 - Traffic signal,00 - Unknown,2,0,0,0,,0,,,,,369699.7208,5023876.266,45.35182859,-75.67172137,1256
17--11290,11/3/2017,3:25 PM,NICHOLAS ST NB btwn HWY417 IC118 RAMP52 & WALLER ST/TRANSITWAY (__6KCFNL),__6KCFNL,01 - Non intersection,03 - P.D. only,04 - Sideswipe,01 - Clear,01 - Daylight,01 - Dry,10 - No control,,2,0,0,0,,0,,,,,369041.8435,5031329.127,45.41894771,-75.67914662,1257
17--11291,11/3/2017,3:29 PM,GREENBANK RD @ STRANDHERD DR (0005563),5563,02 - Intersection related,03 - P.D. only,03 - Rear end,01 - Clear,01 - Daylight,01 - Dry,01 - Traffic signal,01 - Functioning,2,0,0,0,,0,,,,,363934.6397,5014784.178,45.27052825,-75.74637619,1258
17--11292,11/3/2017,3:36 PM,HIGHWAY 417 btwn HWY417 IC119A RAMP75 & HWY417 IC118 RAMP57 (__3ZA2R2),__3ZA2R2,01 - Non intersection,03 - P.D. only,03 - Rear end,01 - Clear,01 - Daylight,01 - Dry,10 - No control,,2,0,0,0,,0,,,,,368919.0138,5030677.934,45.41309978,-75.68080065,1259
17--11293,11/3/2017,3:36 PM,HWY417 IC129 RAMP61 btwn HWY417 IC129 RAMP63 & HIGHWAY 417 (__3ZAY5C),__3ZAY5C,01 - Non intersection,03 - P.D. only,07 - SMV other,01 - Clear,01 - Daylight,01 - Dry,10 - No control,,1,0,0,0,,0,,,,,360470.5159,5023722.35,45.35123705,-75.78951599,1260
17--11294,11/3/2017,3:45 PM,BANK ST btwn RANDALL AVE & 73 N OF EVANS BLVD (__3ZA3BJA),__3ZA3BJA,04 - At/near private drive,03 - P.D. only,02 - Angle,01 - Clear,01 - Daylight,01 - Dry,10 - No control,,2,0,0,0,,0,,,,,369811.4391,5027201.136,45.38173442,-75.66985823,1261
17--11295,11/3/2017,4:00 PM,RAMSAYVILLE RD @ RIDGE RD (0009270),9270,03 - At intersection,03 - P.D. only,02 - Angle,01 - Clear,01 - Daylight,01 - Dry,02 - Stop sign,01 - Functioning,2,0,0,0,,0,,,,,376679.6313,5028859.11,45.39598094,-75.58192645,1262
17--11296,11/3/2017,4:16 PM,CARP RD @ HWY 417 CARP IC144R51 (0001683),1683,03 - At intersection,03 - P.D. only,02 - Angle,01 - Clear,01 - Daylight,01 - Dry,02 - Stop sign,01 - Functioning,2,0,0,0,,0,,,,,347517.7064,5015684.849,45.2798217,-75.9555081,1263
17--11297,11/3/2017,4:32 PM,HIGHWAY 417 btwn TRANSIT & HWY417 IC127 RAMP35 (__3ZA2SK),__3ZA2SK,01 - Non intersection,03 - P.D. only,03 - Rear end,01 - Clear,05 - Dusk,01 - Dry,10 - No control,,2,0,0,0,,0,,,,,361974.834,5024708.719,45.3599913,-75.77020489,1264
17--11298,11/3/2017,4:34 PM,STAFFORD RD btwn BEXLEY PL & RICHMOND RD (__3ZBNFY),__3ZBNFY,04 - At/near private drive,03 - P.D. only,02 - Angle,01 - Clear,05 - Dusk,01 - Dry,10 - No control,,2,0,0,0,,0,,,,,358110.353,5021153.03,45.32830156,-75.81991176,1265
17--11299,11/3/2017,4:35 PM,GREENBANK RD @ JOCKVALE RD (0010360),10360,03 - At intersection,03 - P.D. only,03 - Rear end,02 - Rain,05 - Dusk,02 - Wet,01 - Traffic signal,01 - Functioning,2,0,0,0,,0,,,,,364122.1612,5014331.123,45.26643586,-75.7440407,1266
17--113,1/4/2017,11:45 AM,WEST HUNT CLUB RD @ ANTARES DR/LASER ST (0000116),116,02 - Intersection related,03 - P.D. only,03 - Rear end,01 - Clear,01 - Daylight,03 - Loose snow,01 - Traffic signal,01 - Functioning,3,0,0,0,,0,,,,,367110.2864,5022083.218,45.33592993,-75.70499146,1267
17--1130,1/28/2017,5:03 PM,MCCARTHY RD @ PAUL ANKA DR (0007479),7479,02 - Intersection related,03 - P.D. only,03 - Rear end,01 - Clear,05 - Dusk,01 - Dry,01 - Traffic signal,01 - Functioning,2,0,0,0,,0,,,,,369700.2673,5023876.505,45.35183069,-75.67171436,1268
17--11300,11/3/2017,4:42 PM,LYON ST @ WELLINGTON ST (0002388),2388,02 - Intersection related,03 - P.D. only,03 - Rear end,01 - Clear,05 - Dusk,01 - Dry,01 - Traffic signal,01 - Functioning,2,0,0,0,,0,,,,,366935.7444,5031425.456,45.42000467,-75.70604261,1269
17--11301,11/3/2017,4:45 AM,MACKENZIE AVE @ RIDEAU ST (0002136),2136,03 - At intersection,03 - P.D. only,03 - Rear end,01 - Clear,07 - Dark,02 - Wet,01 - Traffic signal,01 - Functioning,2,0,0,0,,0,,,,,367869.6992,5032009.58,45.42517685,-75.69403513,1270
17--11302,11/3/2017,4:59 PM,DEAKIN ST @ PRINCE OF WALES DR (0001073),1073,02 - Intersection related,02 - Non-fatal injury,04 - Sideswipe,01 - Clear,05 - Dusk,01 - Dry,01 - Traffic signal,01 - Functioning,2,0,0,0,01 - Minimal,1,1,,,,367389.2774,5021523.727,45.3308709,-75.70150295,1271
17--11303,11/3/2017,5:00 PM,MERIVALE RD @ BASIL MACDONALD WAY/MERIVALE MAL (0010301),10301,02 - Intersection related,03 - P.D. only,03 - Rear end,01 - Clear,05 - Dusk,01 - Dry,01 - Traffic signal,01 - Functioning,2,0,0,0,,0,,,,,365097.2977,5023171.413,45.34589725,-75.73053992,1272
17--11304,11/3/2017,5:00 PM,HIGHWAY 417 btwn HWY417 IC127 RAMP25 & HWY417 IC126 RAMP51 (__3ZA2XA),__3ZA2XA,01 - Non intersection,02 - Non-fatal injury,03 - Rear end,01 - Clear,05 - Dusk,01 - Dry,10 - No control,,3,0,0,0,02 - Minor,1,,1,,,363181.9978,5025847.911,45.37014214,-75.75466302,1273
17--11305,11/3/2017,5:30 PM,SOMERSET ST    W btwn METCALFE ST & ELGIN ST (__3ZA341),__3ZA341,01 - Non intersection,03 - P.D. only,06 - SMV unattended vehicle,01 - Clear,07 - Dark,01 - Dry,10 - No control,,1,0,0,0,,0,,,,,368130.6446,5031177.911,45.4176702,-75.69080777,1274
17--11306,11/3/2017,6:03 PM,MERIVALE RD @ WEST HUNT CLUB RD (0000584),584,03 - At intersection,03 - P.D. only,03 - Rear end,01 - Clear,07 - Dark,01 - Dry,01 - Traffic signal,01 - Functioning,4,0,0,0,,0,,,,,365612.2218,5021943.682,45.33480584,-75.72412042,1275
17--11307,11/3/2017,6:15 PM,BLAIR PL @ OGILVIE RD (0004162),4162,02 - Intersection related,03 - P.D. only,04 - Sideswipe,01 - Clear,07 - Dark,01 - Dry,01 - Traffic signal,01 - Functioning,2,0,0,0,,0,,,,,374798.1662,5033370.747,45.43676487,-75.60531339,1276
17--11308,11/3/2017,6:20 PM,HIGHWAY 417 btwn HWY417 IC123 RAMP62 & HWY417 IC122 RAMP16 (__3ZA2R9),__3ZA2R9,01 - Non intersection,03 - P.D. only,03 - Rear end,01 - Clear,07 - Dark,01 - Dry,10 - No control,,2,0,0,0,,0,,,,,365119.175,5028691.976,45.39556843,-75.72958665,1277
17--11309,11/3/2017,6:28 PM,STITTSVILLE MAIN ST @ HAZELDEAN RD (0000050),50,03 - At intersection,03 - P.D. only,03 - Rear end,02 - Rain,07 - Dark,02 - Wet,01 - Traffic signal,01 - Functioning,2,0,0,0,,0,,,,,349557.4514,5014879.427,45.27244733,-75.92958281,1278
17--1131,1/28/2017,5:21 PM,RICHMOND RD btwn STINSON AVE & STAFFORD RD (__3ZBOCU),__3ZBOCU,01 - Non intersection,03 - P.D. only,04 - Sideswipe,01 - Clear,05 - Dusk,01 - Dry,10 - No control,,2,0,0,0,,0,,,,,358120.2665,5021076.023,45.3276079,-75.8197936,1279
17--11310,11/3/2017,6:30 PM,INNES RD @ PAGE RD (0012476),12476,02 - Intersection related,03 - P.D. only,03 - Rear end,01 - Clear,07 - Dark,01 - Dry,01 - Traffic signal,01 - Functioning,2,0,0,0,,0,,,,,380887.749,5034539.838,45.44664732,-75.52730903,1280
17--11311,11/3/2017,6:37 PM,RICHMOND RD @ STONEHAVEN DR (0010370),10370,02 - Intersection related,03 - P.D. only,03 - Rear end,01 - Clear,07 - Dark,01 - Dry,01 - Traffic signal,01 - Functioning,2,0,0,0,,0,,,,,356781.3067,5015892.775,45.28106874,-75.83741709,1281
17--11312,11/3/2017,6:56 PM,HIGHWAY 417 btwn HWY417 IC122 RAMP61 & HWY417 IC121B RAMP16 (__3ZA2Y4),__3ZA2Y4,01 - Non intersection,03 - P.D. only,03 - Rear end,01 - Clear,07 - Dark,01 - Dry,10 - No control,,3,0,0,0,,0,,,,,365811.4763,5029206.009,45.4001336,-75.72068162,1282
17--11313,11/3/2017,7:00 PM,FERNBANK RD btwn DWYER HILL RD & MUNSTER RD (__3ZAC55),__3ZAC55,01 - Non intersection,03 - P.D. only,07 - SMV other,01 - Clear,07 - Dark,01 - Dry,10 - No control,,1,0,1,0,,0,,,,,343051.2771,5005178.452,45.18553676,-76.013244,1283
17--11314,11/3/2017,7:13 PM,RIVERSIDE DR @ HERON RD (0002236),2236,02 - Intersection related,03 - P.D. only,03 - Rear end,01 - Clear,07 - Dark,01 - Dry,01 - Traffic signal,01 - Functioning,2,0,0,0,,0,,,,,368121.0551,5026647.365,45.37690657,-75.69151185,1284
17--11315,11/3/2017,7:20 PM,HIGHWAY 417 btwn HWY417 IC124 RAMP65 & HWY417 IC122 RAMP51 (__3ZA2R8),__3ZA2R8,01 - Non intersection,03 - P.D. only,03 - Rear end,01 - Clear,07 - Dark,01 - Dry,10 - No control,,2,0,0,0,,0,,,,,365061.6457,5028553.546,45.39432782,-75.73033827,1285
17--11316,11/3/2017,7:44 PM,SMYTH RD @ SOUTH HAVEN PL/GENERAL HOSPITAL ENTRANCE W (0007242),7242,03 - At intersection,03 - P.D. only,05 - Turning movement,01 - Clear,07 - Dark,01 - Dry,01 - Traffic signal,01 - Functioning,2,0,0,0,,0,,,,,371120.6094,5029136.446,45.3990249,-75.65288294,1286
17--11317,11/3/2017,8:00 AM,WEST HUNT CLUB RD EB btwn 210 W OF MERIVALE RD & MERIVALE RD (__3ZA3JDB),__3ZA3JDB,01 - Non intersection,03 - P.D. only,03 - Rear end,02 - Rain,01 - Daylight,02 - Wet,10 - No control,,2,0,0,0,,0,,,,,365517.5937,5021865.318,45.33410893,-75.72533725,1287
17--11318,11/3/2017,8:09 AM,RICHMOND RD btwn PERTH ST & CAMBRIAN RD (__3ZAB98),__3ZAB98,01 - Non intersection,03 - P.D. only,07 - SMV other,02 - Rain,01 - Daylight,02 - Wet,10 - No control,,1,0,0,0,,0,,,,,359057.2098,5008940.878,45.21834238,-75.80916798,1288
17--11319,11/3/2017,8:18 AM,SIXTH LINE RD btwn BERRY SIDE RD & RIDDELL DR (__3ZBPHD),__3ZBPHD,01 - Non intersection,03 - P.D. only,07 - SMV other,01 - Clear,01 - Daylight,01 - Dry,10 - No control,,1,0,0,0,,0,,,,,349806.1486,5029502.844,45.40401645,-75.92508332,1289
17--1132,1/28/2017,5:56 PM,UPPER DWYER HILL RD btwn MARCH RD & OLD ALMONTE RD (__3ZA4QB),__3ZA4QB,01 - Non intersection,03 - P.D. only,07 - SMV other,01 - Clear,07 - Dark,01 - Dry,10 - No control,,1,0,0,0,,0,,,,,336006.7764,5012160.441,45.24871221,-76.10244687,1290
17--11320,11/3/2017,8:22 AM,GREENBANK RD @ MEADOWBANK DR (0001123),1123,02 - Intersection related,03 - P.D. only,03 - Rear end,02 - Rain,01 - Daylight,02 - Wet,02 - Stop sign,00 - Unknown,2,0,0,0,,0,,,,,360766.2829,5022187.189,45.33740016,-75.78591531,1291
17--11321,11/3/2017,8:31 AM,EAGLESON RD @ COPE DR/CADENCE GT (0011923),11923,03 - At intersection,03 - P.D. only,02 - Angle,01 - Clear,01 - Daylight,02 - Wet,01 - Traffic signal,01 - Functioning,3,0,0,0,,0,,,,,354621.4594,5016027.062,45.28243347,-75.8649325,1292
17--11322,11/3/2017,8:38 AM,PRINCE OF WALES DR @ STRANDHERD DR (0013339),13339,02 - Intersection related,02 - Non-fatal injury,03 - Rear end,02 - Rain,01 - Daylight,02 - Wet,01 - Traffic signal,00 - Unknown,2,0,0,0,01 - Minimal,1,1,,,,367175.2898,5014824.428,45.27061045,-75.70507552,1293
17--11323,11/3/2017,8:40 AM,FALLOWFIELD RD btwn CONLEY RD & HUNTLEY RD (__3ZA3ER),__3ZA3ER,01 - Non intersection,02 - Non-fatal injury,07 - SMV other,01 - Clear,01 - Daylight,02 - Wet,10 - No control,,1,0,0,0,02 - Minor,1,,1,,,351336.9147,5008686.198,45.21660294,-75.90748503,1294
17--11324,11/3/2017,9:09 PM,BANK ST @ GLADSTONE AVE (0002253),2253,02 - Intersection related,02 - Non-fatal injury,03 - Rear end,01 - Clear,07 - Dark,01 - Dry,01 - Traffic signal,01 - Functioning,2,0,0,0,02 - Minor,1,,1,,,367916.233,5030562.807,45.41215506,-75.69362586,1295
17--11325,11/3/2017,9:48 AM,DWYER HILL RD @ DONNELLY DR (0003725),3725,03 - At intersection,02 - Non-fatal injury,07 - SMV other,01 - Clear,01 - Daylight,02 - Wet,02 - Stop sign,01 - Functioning,1,0,0,0,01 - Minimal,1,1,,,,360066.7423,4982833.161,44.9833365,-75.79919505,1296
17--11326,11/3/2017,9:53 PM,LENNOX ST btwn STRACHAN ST & END (__3ZACI1),__3ZACI1,01 - Non intersection,02 - Non-fatal injury,07 - SMV other,01 - Clear,07 - Dark,01 - Dry,10 - No control,,1,0,0,0,02 - Minor,2,,2,,,357141.8684,5005584.54,45.18828597,-75.83390599,1297
17--11327,11/3/2017,9:55 PM,GLADSTONE AVE @ METCALFE ST (0002709),2709,03 - At intersection,03 - P.D. only,04 - Sideswipe,01 - Clear,07 - Dark,01 - Dry,01 - Traffic signal,01 - Functioning,2,0,0,0,,0,,,,,368231.1896,5030751.047,45.41382031,-75.68957815,1298
17--11328,11/4/2017,1:08 AM,RICHMOND RD btwn WEST HUNT CLUB RD & STONEHAVEN DR (__3ZA41H),__3ZA41H,01 - Non intersection,03 - P.D. only,07 - SMV other,01 - Clear,07 - Dark,01 - Dry,10 - No control,,1,0,0,0,,0,,,,,356928.2203,5017147.415,45.29234732,-75.83541275,1299
17--11329,11/4/2017,1:55 PM,HIGHWAY 417 btwn HWY417 IC144 RAMP16 & HWY417 IC144 RAMP61 (__3ZA2QU),__3ZA2QU,01 - Non intersection,03 - P.D. only,03 - Rear end,01 - Clear,01 - Daylight,01 - Dry,10 - No control,,2,0,0,0,,0,,,,,347510.9549,5015969.083,45.28237975,-75.95556969,1300
17--1133,1/28/2017,6:00 PM,HUNTERSWOOD CRES btwn FOLKWAY GT (2) & HUNTERSWOOD CRES (__3ZBOAI),__3ZBOAI,01 - Non intersection,03 - P.D. only,06 - SMV unattended vehicle,03 - Snow,07 - Dark,03 - Loose snow,10 - No control,,1,0,0,0,,0,,,,,375137.6042,5026784.963,45.37747539,-75.60191492,1301
17--11330,11/4/2017,1:58 PM,VANIER PKWY/CRICHTON ST @ BEECHWOOD AVE/ST. PA (0001604),1604,03 - At intersection,03 - P.D. only,03 - Rear end,01 - Clear,01 - Daylight,01 - Dry,01 - Traffic signal,00 - Unknown,2,0,0,0,,0,,,,,369127.797,5033486.895,45.43835459,-75.6777666,1302
17--11331,11/4/2017,11:01 AM,STRANDHERD DR @ WOODROFFE AVE (0009688),9688,03 - At intersection,03 - P.D. only,03 - Rear end,01 - Clear,01 - Daylight,01 - Dry,01 - Traffic signal,01 - Functioning,2,0,0,0,,0,,,,,366107.1098,5015395.866,45.27584616,-75.7186168,1303
17--11332,11/4/2017,11:29 AM,CEDARVIEW RD @ FALLOWFIELD RD (0001603),1603,02 - Intersection related,03 - P.D. only,05 - Turning movement,01 - Clear,01 - Daylight,01 - Dry,01 - Traffic signal,01 - Functioning,2,0,0,0,,0,,,,,361294.1893,5015663.725,45.27865955,-75.7799238,1304
17--11333,11/4/2017,11:40 AM,DYNES RD @ PRINCE OF WALES DR (0003321),3321,02 - Intersection related,02 - Non-fatal injury,03 - Rear end,02 - Rain,01 - Daylight,02 - Wet,01 - Traffic signal,01 - Functioning,2,0,0,0,01 - Minimal,1,1,,,,367116.1342,5025923.769,45.37048592,-75.7044328,1305
17--11334,11/4/2017,12:20 AM,HIGHWAY 417 btwn HWY417 IC155 RAMP25 & RAMP (__3ZAZN1),__3ZAZN1,01 - Non intersection,03 - P.D. only,07 - SMV other,01 - Clear,07 - Dark,01 - Dry,10 - No control,,1,0,0,0,,0,,,,,342163.2,5017558.887,45.29699012,-76.02361446,1306
17--11335,11/4/2017,2:10 PM,HIGHWAY 417 btwn HWY417 IC144 RAMP16 & HWY417 IC144 RAMP61 (__3ZA2QU),__3ZA2QU,01 - Non intersection,03 - P.D. only,03 - Rear end,01 - Clear,01 - Daylight,01 - Dry,10 - No control,,3,0,0,0,,0,,,,,347507.5683,5015959.77,45.28229615,-75.95561366,1307
17--11336,11/4/2017,2:20 AM,HIGHWAY 417 btwn HWY417 IC126 RAMP25 & HWY417 IC124 RAMP57 (__3ZA2R5),__3ZA2R5,01 - Non intersection,03 - P.D. only,04 - Sideswipe,01 - Clear,07 - Dark,01 - Dry,10 - No control,,2,0,0,0,,0,,,,,363663.835,5026498.985,45.37596011,-75.74843456,1308
17--11337,11/4/2017,2:22 AM,BANK ST btwn HERON RD & ANOKA ST (__3ZA360),__3ZA360,04 - At/near private drive,03 - P.D. only,02 - Angle,01 - Clear,07 - Dark,01 - Dry,10 - No control,,2,0,0,0,,0,,,,,370003.3625,5026831.162,45.37838768,-75.66745665,1309
17--11338,11/4/2017,3:07 PM,HUNTMAR DR @ PALLADIUM DR S (0011818),11818,03 - At intersection,03 - P.D. only,03 - Rear end,01 - Clear,01 - Daylight,01 - Dry,01 - Traffic signal,01 - Functioning,2,0,0,0,,0,,,,,349675.6066,5017365.673,45.29481186,-75.9278522,1310
17--11339,11/4/2017,3:27 PM,HAWTHORNE RD @ HUNT CLUB RD (0007651),7651,02 - Intersection related,03 - P.D. only,03 - Rear end,01 - Clear,01 - Daylight,01 - Dry,01 - Traffic signal,01 - Functioning,2,0,0,0,,0,,,,,375506.7214,5026405.796,45.37402668,-75.59725683,1311
17--1117,1/28/2017,2:13 PM,DATA CENTRE RD @ RIVERSIDE DR (0010863),10863,02 - Intersection related,03 - P.D. only,03 - Rear end,01 - Clear,01 - Daylight,02 - Wet,01 - Traffic signal,01 - Functioning,2,0,0,0,,0,,,,,368897.449,5027671.361,45.38604959,-75.68146685,1312
17--11170,11/1/2017,5:00 AM,HIGHWAY 416 btwn HWY416 IC57 RAMP24 & HWY416 IC49 RAMP42 (__3ZAZGI),__3ZAZGI,01 - Non intersection,03 - P.D. only,07 - SMV other,01 - Clear,07 - Dark,01 - Dry,10 - No control,,1,0,0,0,,0,,,,,366523.0799,5005223.384,45.18427763,-75.71457733,1313
17--11171,11/1/2017,5:09 PM,BLAIR RD @ REGIONAL RD 174 S/OR174 IC112 RAMP15 (0012435),12435,03 - At intersection,03 - P.D. only,05 - Turning movement,02 - Rain,07 - Dark,02 - Wet,01 - Traffic signal,01 - Functioning,2,0,0,0,,0,,,,,374906.8829,5032660.859,45.4303668,-75.60402507,1314
17--11172,11/1/2017,5:10 PM,HAWTHORNE RD btwn DAVIDSON RD & LEITRIM RD (__3ZBPIY),__3ZBPIY,01 - Non intersection,02 - Non-fatal injury,03 - Rear end,02 - Rain,07 - Dark,02 - Wet,10 - No control,,2,0,0,0,02 - Minor,1,,1,,,376844.2425,5023175.195,45.34482312,-75.5806532,1315
17--11173,11/1/2017,5:18 PM,HWY 417 PALLADI IC142R36 @ PALLADIUM DR (0010683),10683,03 - At intersection,03 - P.D. only,05 - Turning movement,02 - Rain,05 - Dusk,02 - Wet,01 - Traffic signal,01 - Functioning,2,0,0,0,,0,,,,,348773.7236,5017374.12,45.29494489,-75.93934958,1316
17--11174,11/1/2017,5:20 PM,AIRPORT PKWY btwn AIRPORT PKWY/WALKLEY RD SOUTHBOUND ON RAMP           (__3ZA1KS),__3ZA1KS,01 - Non intersection,02 - Non-fatal injury,03 - Rear end,02 - Rain,05 - Dusk,02 - Wet,10 - No control,,3,0,0,0,01 - Minimal,1,1,,,,370192.5507,5025326.246,45.36482929,-75.6652405,1317
17--11175,11/1/2017,5:29 PM,CAHILL DR @ HUNT CLUB RD (0011394),11394,03 - At intersection,02 - Non-fatal injury,05 - Turning movement,02 - Rain,07 - Dark,02 - Wet,01 - Traffic signal,01 - Functioning,4,0,0,0,02 - Minor,1,,1,,,372407.2568,5024541.792,45.35756096,-75.63707946,1318
17--11176,11/1/2017,6:09 PM,CARLING AVE @ BROADVIEW AVE (0006707),6707,02 - Intersection related,02 - Non-fatal injury,03 - Rear end,02 - Rain,07 - Dark,02 - Wet,01 - Traffic signal,00 - Unknown,2,0,0,0,02 - Minor,1,,1,,,363181.1645,5026639.02,45.3772605,-75.75458015,1319
17--11177,11/1/2017,6:12 PM,CRESTHAVEN DR @ STRANDHERD DR (0010929),10929,02 - Intersection related,02 - Non-fatal injury,03 - Rear end,02 - Rain,07 - Dark,02 - Wet,01 - Traffic signal,01 - Functioning,2,0,0,0,01 - Minimal,1,1,,,,366813.4283,5015026.876,45.27246407,-75.70966143,1320
17--11178,11/1/2017,6:16 PM,ROCKDALE RD btwn RUSSELL RD & FORCED RD (__3ZA2ZP),__3ZA2ZP,01 - Non intersection,03 - P.D. only,07 - SMV other,02 - Rain,07 - Dark,02 - Wet,10 - No control,,1,0,0,0,,0,,,,,394122.7891,5026035.946,45.36857361,-75.35968675,1321
17--11179,11/1/2017,6:22 PM,EAGLESON RD @ COPE DR/CADENCE GT (0011923),11923,03 - At intersection,03 - P.D. only,05 - Turning movement,02 - Rain,07 - Dark,02 - Wet,01 - Traffic signal,01 - Functioning,2,0,0,0,,0,,,,,354621.5781,5016027.666,45.2824389,-75.86493092,1322
17--1118,1/28/2017,2:25 AM,ANDERSON RD btwn HWY417 IC104 RAMP51 & LEITRIM RD (__3ZA2BB),__3ZA2BB,01 - Non intersection,03 - P.D. only,07 - SMV other,01 - Clear,07 - Dark,01 - Dry,10 - No control,,1,0,0,0,,0,,,,,380377.312,5025132.04,45.36205785,-75.53527533,1323
17--11180,11/1/2017,6:22 PM,HOG'S BACK RD btwn COLONEL BY DR & RIVERSIDE DR (__3ZA22W),__3ZA22W,04 - At/near private drive,03 - P.D. only,02 - Angle,02 - Rain,07 - Dark,02 - Wet,10 - No control,,2,0,0,0,,0,,,,,367933.9285,5026121.348,45.37219049,-75.6939681,1324
17--11181,11/1/2017,6:29 AM,PIKE ST btwn CASTLEGREEN PRIV & HUNTERSFIELD DR (__3ZA1VC),__3ZA1VC,01 - Non intersection,02 - Non-fatal injury,02 - Angle,01 - Clear,07 - Dark,01 - Dry,10 - No control,,2,1,0,0,02 - Minor,1,,1,,,373208.8065,5025238.764,45.36375429,-75.62675342,1325
17--11182,11/1/2017,6:45 AM,MANOTICK STATION RD btwn MITCH OWENS RD & PEBBLEWOODS DR (__54YEF1),__54YEF1,01 - Non intersection,03 - P.D. only,07 - SMV other,01 - Clear,07 - Dark,01 - Dry,10 - No control,,1,0,0,0,,0,,,,,373565.2668,5013147.361,45.25492483,-75.6238815,1326
17--11183,11/1/2017,6:46 AM,RICHMOND RD btwn HWY416 IC75A RAMP53 & HWY416 IC75A RAMP63 (__3ZAZES),__3ZAZES,01 - Non intersection,03 - P.D. only,04 - Sideswipe,01 - Clear,07 - Dark,01 - Dry,10 - No control,,2,0,0,0,,0,,,,,358676.1331,5021909.112,45.33506163,-75.81261224,1327
17--11184,11/1/2017,7:12 PM,INDUSTRIAL AVE @ RIVERSIDE DR (0011905),11905,02 - Intersection related,03 - P.D. only,04 - Sideswipe,02 - Rain,07 - Dark,02 - Wet,01 - Traffic signal,01 - Functioning,2,0,0,0,,0,,,,,370685.6744,5030592.314,45.4121653,-75.65824324,1328