Anom_ID,Accident_Date,Accident_Time,Location,Geo_ID,Accident_Location,Classification_of_Accident,Initial_Impact_Type,Environment_Condition,Light,Road_Surface_Condition,Traffic_Control,Traffic_Control_Condition,No__of_Vehicles,No__of_Bicycles,No__of_Motorcycles,No__of_Pedestrians,Max_Injury,No__of_Injuries,No__of_Minimal,No__of_Minor,No__of_Major,No__of_Fatal,X,Y,Latitude,Longitude,ObjectId
17--11185,11/1/2017,7:18 AM,CASTLEFRANK RD @ KATIMAVIK RD (0003228),3228,03 - At intersection,03 - P.D. only,05 - Turning movement,02 - Rain,03 - Dawn,02 - Wet,01 - Traffic signal,01 - Functioning,2,0,0,0,,0,,,,,351950.7874,5018942.847,45.30885468,-75.89869603,1329
17--11186,11/1/2017,7:18 PM,CARP RD btwn KINBURN SIDE RD & BAIRD SIDE RD (__3ZA4Q9),__3ZA4Q9,01 - Non intersection,03 - P.D. only,07 - SMV other,02 - Rain,07 - Dark,02 - Wet,10 - No control,,1,0,0,0,,0,,,,,332367.7804,5030628.55,45.41505001,-76.14777566,1330
17--11187,11/1/2017,7:20 AM,REGIONAL ROAD 174 btwn Continuation of REGIONAL ROAD 174 & OR174 IC112 (__3ZA2YI),__3ZA2YI,01 - Non intersection,03 - P.D. only,03 - Rear end,01 - Clear,03 - Dawn,01 - Dry,10 - No control,,2,0,0,0,,0,,,,,374440.196,5032575.078,45.42964162,-75.6100008,1331
17--11188,11/1/2017,7:21 PM,HAWTHORNE AVE/ISABELLA ST @ QUEEN ELIZABETH DR (0002105),2105,03 - At intersection,02 - Non-fatal injury,07 - SMV other,02 - Rain,07 - Dark,02 - Wet,01 - Traffic signal,01 - Functioning,1,0,0,1,01 - Minimal,1,1,,,,368664.9682,5030476.644,45.41131187,-75.68407214,1332
17--11189,11/1/2017,7:26 PM,MONTREAL RD @ VANIER PKWY (0004630),4630,03 - At intersection,02 - Non-fatal injury,05 - Turning movement,02 - Rain,07 - Dark,02 - Wet,01 - Traffic signal,01 - Functioning,2,0,0,0,02 - Minor,1,,1,,,370072.7098,5033065.353,45.43447416,-75.66574597,1333
17--1119,1/28/2017,2:27 AM,FLETCHER CIRC btwn Continuation of FLETCHER CIRC & Continuation of FLE (__54M2QT),__54M2QT,04 - At/near private drive,03 - P.D. only,06 - SMV unattended vehicle,01 - Clear,07 - Dark,02 - Wet,10 - No control,,1,0,0,0,,0,,,,,349357.6292,5019996.234,45.31850267,-75.93166961,1334
17--11190,11/1/2017,7:30 AM,RUSSELL RD btwn WAY ST & BOUNDARY RD (__3ZA3YD),__3ZA3YD,01 - Non intersection,03 - P.D. only,07 - SMV other,01 - Clear,03 - Dawn,01 - Dry,10 - No control,,1,0,0,0,,0,,,,,385527.5194,5026385.827,45.37276426,-75.46933977,1335
17--11191,11/1/2017,7:33 PM,UPPER DWYER HILL RD btwn MARCH RD & OLD ALMONTE RD (__3ZA4QB),__3ZA4QB,01 - Non intersection,03 - P.D. only,07 - SMV other,02 - Rain,07 - Dark,02 - Wet,10 - No control,,1,0,0,0,,0,,,,,334168.7329,5014203.874,45.2671794,-76.125741,1336
17--11192,11/1/2017,7:47 AM,BANTREE ST @ INNES RD (0007684),7684,03 - At intersection,03 - P.D. only,05 - Turning movement,"07 - Fog, mist, smoke, dust",01 - Daylight,01 - Dry,01 - Traffic signal,01 - Functioning,2,0,0,0,,0,,,,,373706.7265,5030407.224,45.41020901,-75.61967657,1337
17--11193,11/1/2017,7:58 PM,EAGLESON RD @ PALOMINO DR S/ROTHESAY DR (0003134),3134,02 - Intersection related,02 - Non-fatal injury,05 - Turning movement,02 - Rain,07 - Dark,02 - Wet,01 - Traffic signal,01 - Functioning,2,0,0,0,01 - Minimal,1,1,,,,354124.7326,5017288.542,45.29381959,-75.8711384,1338
17--11194,11/1/2017,9:02 AM,HERON RD btwn BAYCREST DR & SANDALWOOD DR (__3ZA3AF),__3ZA3AF,04 - At/near private drive,03 - P.D. only,05 - Turning movement,02 - Rain,01 - Daylight,02 - Wet,10 - No control,,3,0,0,0,,0,,,,,371243.7293,5026992.254,45.3797206,-75.65159918,1339
17--11195,11/1/2017,9:10 AM,IRVING AVE @ WELLINGTON ST (0006478),6478,03 - At intersection,03 - P.D. only,05 - Turning movement,02 - Rain,01 - Daylight,02 - Wet,02 - Stop sign,01 - Functioning,2,0,0,0,,0,,,,,365626.6979,5029802.229,45.40551432,-75.72296809,1340
17--11196,11/1/2017,9:23 AM,FISHER AVE @ PRINCE OF WALES DR (0000572),572,03 - At intersection,03 - P.D. only,05 - Turning movement,02 - Rain,01 - Daylight,02 - Wet,01 - Traffic signal,01 - Functioning,2,0,0,0,,0,,,,,367162.1827,5023943.228,45.35266134,-75.70409489,1341
17--11197,11/1/2017,9:28 PM,KING EDWARD AVE @ RIDEAU ST (0002121),2121,03 - At intersection,02 - Non-fatal injury,07 - SMV other,02 - Rain,07 - Dark,02 - Wet,01 - Traffic signal,01 - Functioning,1,0,0,1,02 - Minor,1,,1,,,368511.7072,5032413.589,45.42875379,-75.68577951,1342
17--11198,11/1/2017,9:41 PM,WOODROFFE AVE @ HWY 417 WOODROFF IC127R26/HWY4 (0002355),2355,03 - At intersection,03 - P.D. only,03 - Rear end,02 - Rain,07 - Dark,02 - Wet,01 - Traffic signal,01 - Functioning,2,0,0,0,,0,,,,,362083.1603,5024938.334,45.36204852,-75.76879569,1343
17--11199,11/1/2017,9:49 PM,COLONNADE RD @ MERIVALE RD (0004569),4569,03 - At intersection,02 - Non-fatal injury,03 - Rear end,02 - Rain,07 - Dark,02 - Wet,01 - Traffic signal,01 - Functioning,2,0,0,0,01 - Minimal,1,1,,,,365363.695,5022544.733,45.34023552,-75.72721743,1344
17--112,1/4/2017,10:49 PM,GREENBANK RD @ BERRIGAN DR/WESSEX RD (0004726),4726,02 - Intersection related,03 - P.D. only,03 - Rear end,01 - Clear,07 - Dark,06 - Ice,01 - Traffic signal,01 - Functioning,2,0,0,0,,0,,,,,363721.1066,5015277.283,45.27498314,-75.74903874,1345
17--1120,1/28/2017,3:02 PM,CHURCHILL AVE @ RICHMOND RD (0002361),2361,02 - Intersection related,02 - Non-fatal injury,03 - Rear end,03 - Snow,01 - Daylight,02 - Wet,01 - Traffic signal,01 - Functioning,4,0,0,1,03 - Major,1,,,1,,363227.477,5028292.271,45.39213235,-75.75379318,1346
17--11200,11/1/2017,9:55 AM,OAKLAND AVE btwn WILTON LANE & MONK ST (__3ZA5ND),__3ZA5ND,01 - Non intersection,03 - P.D. only,06 - SMV unattended vehicle,02 - Rain,01 - Daylight,02 - Wet,10 - No control,,1,0,0,0,,0,,,,,368452.8788,5028988.651,45.39794271,-75.68697357,1347
17--11201,11/2/2017,1:43 PM,BLAIR RD @ REGIONAL RD 174 S/OR174 IC112 RAMP15 (0012435),12435,02 - Intersection related,03 - P.D. only,03 - Rear end,02 - Rain,01 - Daylight,02 - Wet,01 - Traffic signal,01 - Functioning,3,0,0,0,,0,,,,,374908.7396,5032661.675,45.43037396,-75.60400123,1348
17--11202,11/2/2017,10:04 AM,BAYSHORE DR btwn WOODRIDGE CRES S & BAYSHORE CS (__3ZAA4OB),__3ZAA4OB,04 - At/near private drive,02 - Non-fatal injury,03 - Rear end,02 - Rain,01 - Daylight,02 - Wet,10 - No control,,2,0,0,0,02 - Minor,1,,1,,,359163.6098,5023665.009,45.35082363,-75.80620018,1349
17--11203,11/2/2017,10:12 AM,CRAIG HENRY DR btwn ALDRIDGE WAY & JACK AARON DR (__3ZAAYZ),__3ZAAYZ,04 - At/near private drive,03 - P.D. only,06 - SMV unattended vehicle,02 - Rain,01 - Daylight,02 - Wet,10 - No control,,1,0,0,0,,0,,,,,362373.984,5021890.611,45.33460148,-75.76543851,1350
17--11204,11/2/2017,10:24 PM,BASELINE RD @ CENTREPOINTE DR W/COBDEN RD (0002108),2108,02 - Intersection related,03 - P.D. only,03 - Rear end,02 - Rain,07 - Dark,02 - Wet,01 - Traffic signal,01 - Functioning,2,0,0,0,,0,,,,,361634.0897,5023207.164,45.3465081,-75.7747265,1351
17--11205,11/2/2017,10:54 AM,TENTH LINE RD @ CHARLEMAGNE BLVD N/TOMPKINS AV (0009222),9222,03 - At intersection,02 - Non-fatal injury,05 - Turning movement,02 - Rain,01 - Daylight,02 - Wet,01 - Traffic signal,01 - Functioning,2,0,0,0,01 - Minimal,1,1,,,,383184.2644,5037979.22,45.47733808,-75.49740691,1352
17--11206,11/2/2017,11:15 PM,BANK ST @ RIVERSIDE DR N (0010778),10778,03 - At intersection,03 - P.D. only,02 - Angle,02 - Rain,07 - Dark,02 - Wet,01 - Traffic signal,01 - Functioning,2,0,0,0,,0,,,,,369225.3815,5027982.877,45.38882243,-75.67723888,1353
17--11207,11/2/2017,11:20 PM,HIGHWAY 417 btwn HWY417 IC138 RAMP51 & HWY417 IC138 RAMP35 (__3ZA29E),__3ZA29E,01 - Non intersection,03 - P.D. only,03 - Rear end,02 - Rain,07 - Dark,02 - Wet,10 - No control,,2,0,0,0,,0,,,,,352757.7164,5020087.1,45.31909628,-75.88829526,1354
17--11208,11/2/2017,Unknown,MCWATTERS RD btwn LISA AVE & THORSON AVE (__3ZABIK),__3ZABIK,01 - Non intersection,03 - P.D. only,06 - SMV unattended vehicle,02 - Rain,00 - Unknown,02 - Wet,10 - No control,,1,0,0,0,,0,,,,,360719.7695,5022849.611,45.34336434,-75.78643386,1355
17--11209,11/2/2017,Unknown,MORRISON DR btwn ASHLEY ST & DRAPER AVE (__3ZABJI),__3ZABJI,01 - Non intersection,03 - P.D. only,06 - SMV unattended vehicle,01 - Clear,07 - Dark,01 - Dry,10 - No control,,1,0,0,0,,0,,,,,360287.253,5023134.462,45.34596177,-75.79192063,1356
17--1121,1/28/2017,3:15 PM,WEST HUNT CLUB RD @ WOODROFFE AVE (0000576),576,02 - Intersection related,03 - P.D. only,03 - Rear end,03 - Snow,01 - Daylight,02 - Wet,01 - Traffic signal,01 - Functioning,2,0,0,0,,0,,,,,363670.691,5021245.396,45.32868829,-75.74897254,1357
17--11210,11/2/2017,12:02 PM,RICHMOND RD @ WEST HUNT CLUB RD (0000598),598,03 - At intersection,03 - P.D. only,03 - Rear end,02 - Rain,01 - Daylight,02 - Wet,01 - Traffic signal,01 - Functioning,2,0,0,0,,0,,,,,357144.6915,5018152.223,45.30137264,-75.83254706,1358
17--11211,11/2/2017,12:29 PM,ROTHWELL DR btwn WICK CRES & NASKAPI DR (__3ZA79F),__3ZA79F,01 - Non intersection,03 - P.D. only,07 - SMV other,02 - Rain,01 - Daylight,02 - Wet,10 - No control,,1,0,0,0,,0,,,,,374620.4591,5034896.21,45.45050788,-75.60736805,1359
17--11212,11/2/2017,2:19 PM,ALTA VISTA DR @ CUNNINGHAM AVE (0008112),8112,02 - Intersection related,02 - Non-fatal injury,03 - Rear end,02 - Rain,01 - Daylight,02 - Wet,02 - Stop sign,01 - Functioning,2,0,0,0,01 - Minimal,1,1,,,,370344.2495,5028016.361,45.38901989,-75.66294716,1360
17--11213,11/2/2017,3:00 PM,HOPE SIDE RD @ RICHMOND RD (0000581),581,03 - At intersection,03 - P.D. only,02 - Angle,01 - Clear,01 - Daylight,01 - Dry,02 - Stop sign,01 - Functioning,2,0,0,0,,0,,,,,356952.1587,5015485.674,45.27739292,-75.83528223,1361
17--11214,11/2/2017,3:00 PM,HIGHWAY 417 btwn HWY417 IC118 RAMP35 & HWY417 IC117 RAMP51 (__3ZA2YP),__3ZA2YP,01 - Non intersection,03 - P.D. only,03 - Rear end,02 - Rain,01 - Daylight,02 - Wet,10 - No control,,3,0,0,0,,0,,,,,370116.2858,5031101.522,45.41680033,-75.6654495,1362
17--11215,11/2/2017,3:09 PM,MONTCREST DR @ WATTERS RD (0012951),12951,02 - Intersection related,03 - P.D. only,03 - Rear end,02 - Rain,01 - Daylight,02 - Wet,02 - Stop sign,01 - Functioning,2,0,0,0,,0,,,,,384865.6483,5038589.134,45.48263472,-75.47580475,1363
17--11216,11/2/2017,3:18 PM,ST. LAURENT BLVD @ MCARTHUR AVE (0008246),8246,02 - Intersection related,02 - Non-fatal injury,07 - SMV other,02 - Rain,01 - Daylight,02 - Wet,01 - Traffic signal,01 - Functioning,1,0,0,1,02 - Minor,1,,1,,,371922.0535,5032888.913,45.43271157,-75.64213609,1364
17--11217,11/2/2017,3:20 PM,HWY 417 MAITLAND IC126R26/62 @ MAITLAND AVE (0008228),8228,02 - Intersection related,03 - P.D. only,03 - Rear end,03 - Snow,01 - Daylight,02 - Wet,01 - Traffic signal,01 - Functioning,3,0,0,0,,0,,,,,363146.3115,5025983.97,45.37136935,-75.75510251,1365
17--11218,11/2/2017,3:21 PM,RIVERSIDE DR @ PLEASANT PARK RD (0007296),7296,02 - Intersection related,02 - Non-fatal injury,07 - SMV other,02 - Rain,01 - Daylight,02 - Wet,01 - Traffic signal,01 - Functioning,1,0,0,1,01 - Minimal,1,1,,,,369560.1668,5028414.301,45.39267336,-75.67290725,1366
17--11219,11/2/2017,3:37 PM,CHAPMAN MILLS DR btwn MEADGATE GT & CLEARBROOK DR (__4FP853),__4FP853,01 - Non intersection,03 - P.D. only,04 - Sideswipe,02 - Rain,01 - Daylight,02 - Wet,10 - No control,,2,0,0,0,,0,,,,,365740.1193,5015003.768,45.27234998,-75.72334193,1367
17--1122,1/28/2017,3:20 PM,HWY 417 ST.LAURE IC115R51 @ ST. LAURENT BLVD (0002712),2712,02 - Intersection related,03 - P.D. only,03 - Rear end,01 - Clear,01 - Daylight,01 - Dry,01 - Traffic signal,01 - Functioning,2,0,0,0,,0,,,,,372530.4529,5031410.569,45.41935147,-75.63456452,1368
17--11220,11/2/2017,3:47 PM,SCOTT ST btwn PINHEY ST & MERTON ST (__3ZA31G),__3ZA31G,01 - Non intersection,02 - Non-fatal injury,03 - Rear end,01 - Clear,01 - Daylight,02 - Wet,10 - No control,,2,0,0,0,02 - Minor,1,,1,,,365309.3117,5029944.456,45.40682155,-75.72700472,1369
17--11221,11/2/2017,3:56 PM,SLACK RD btwn VAAN DR & GRENFELL CRES (__3ZA6N7),__3ZA6N7,04 - At/near private drive,02 - Non-fatal injury,03 - Rear end,02 - Rain,01 - Daylight,02 - Wet,10 - No control,,2,0,0,0,02 - Minor,3,,3,,,365261.3319,5020542.914,45.32223221,-75.72876796,1370
17--11222,11/2/2017,4:00 PM,CLARENCE ST @ SUSSEX DR (0011909),11909,02 - Intersection related,03 - P.D. only,02 - Angle,02 - Rain,01 - Daylight,02 - Wet,02 - Stop sign,01 - Functioning,2,0,0,0,,0,,,,,367751.0889,5032321.781,45.42799661,-75.69551079,1371
17--11223,11/2/2017,4:05 PM,LAURIER AVE  E btwn WALLER ST & 73 E OF WALLER ST (__3ZA3UVA),__3ZA3UVA,01 - Non intersection,02 - Non-fatal injury,04 - Sideswipe,02 - Rain,01 - Daylight,02 - Wet,10 - No control,,2,1,0,0,01 - Minimal,1,1,,,,368461.0626,5031863.736,45.42381102,-75.68649774,1372
17--11224,11/2/2017,4:08 PM,GLADSTONE AVE @ CAMBRIDGE ST (0006328),6328,03 - At intersection,03 - P.D. only,03 - Rear end,02 - Rain,01 - Daylight,02 - Wet,02 - Stop sign,00 - Unknown,3,0,0,0,,0,,,,,367063.7579,5030036.806,45.40749862,-75.70458247,1373
17--11225,11/2/2017,4:27 PM,CEDARVIEW RD @ FALLOWFIELD RD (0001603),1603,03 - At intersection,03 - P.D. only,03 - Rear end,02 - Rain,05 - Dusk,02 - Wet,01 - Traffic signal,01 - Functioning,2,0,0,0,,0,,,,,361294.1893,5015663.725,45.27865955,-75.7799238,1374
17--11226,11/2/2017,4:35 PM,HIGHWAY 417 btwn HWY417 IC119B RAMP57 & HWY417 IC119A RAMP75 (__3ZA1QN),__3ZA1QN,01 - Non intersection,03 - P.D. only,03 - Rear end,02 - Rain,05 - Dusk,02 - Wet,10 - No control,,2,0,0,0,,0,,,,,368582.6254,5030510.865,45.41162729,-75.6851196,1375
17--11227,11/2/2017,4:44 PM,HIGHWAY 417 btwn HWY417 IC142 RAMP51 & HWY417 IC142 RAMP35 (__3ZAZE1),__3ZAZE1,01 - Non intersection,03 - P.D. only,07 - SMV other,02 - Rain,05 - Dusk,02 - Wet,10 - No control,,1,0,0,0,,0,,,,,348764.3063,5017058.998,45.29210991,-75.93949757,1376
17--11228,11/2/2017,4:45 PM,HIGHWAY 417 btwn HWY417 IC144 RAMP35 & HWY417 IC144 RAMP25 (__3ZA2QT),__3ZA2QT,01 - Non intersection,03 - P.D. only,07 - SMV other,02 - Rain,05 - Dusk,02 - Wet,10 - No control,,1,0,0,0,,0,,,,,347476.5238,5015883.822,45.28161463,-75.95601589,1377
17--11229,11/2/2017,5:00 PM,HIGHWAY 417 btwn HWY417 IC96 RAMP51 & HIGHWAY 417 (__3ZA2W3),__3ZA2W3,01 - Non intersection,03 - P.D. only,07 - SMV other,02 - Rain,05 - Dusk,02 - Wet,10 - No control,,1,0,0,0,,0,,,,,387233.9533,5023860.496,45.34984487,-75.44797834,1378
17--1123,1/28/2017,3:55 PM,KENNEVALE DR @ STRANDHERD DR (0010896),10896,02 - Intersection related,03 - P.D. only,03 - Rear end,01 - Clear,01 - Daylight,02 - Wet,01 - Traffic signal,01 - Functioning,2,0,0,0,,0,,,,,361490.3591,5014099.174,45.26456581,-75.77760224,1379
17--11230,11/2/2017,5:00 PM,HIGHWAY 417 btwn HWY417 IC120A RAMP52 & HWY417 IC119B RAMP57 (__3ZA2R1),__3ZA2R1,01 - Non intersection,02 - Non-fatal injury,03 - Rear end,02 - Rain,05 - Dusk,02 - Wet,10 - No control,,2,0,0,0,02 - Minor,1,,1,,,367908.748,5030074.16,45.40775905,-75.69378404,1380
17--11231,11/2/2017,5:32 PM,LEGGET DR @ SOLANDT RD (0011781),11781,03 - At intersection,03 - P.D. only,02 - Angle,02 - Rain,07 - Dark,02 - Wet,01 - Traffic signal,01 - Functioning,2,0,0,0,,0,,,,,350653.9113,5022880.178,45.3443696,-75.91486929,1381
17--11232,11/2/2017,5:34 PM,BASELINE RD @ GREENBANK RD (0002357),2357,03 - At intersection,03 - P.D. only,03 - Rear end,02 - Rain,07 - Dark,02 - Wet,01 - Traffic signal,01 - Functioning,2,0,0,0,,0,,,,,360596.7285,5022583.305,45.34097792,-75.78803385,1382
17--11233,11/2/2017,5:57 PM,HIGHWAY 417 btwn HWY417 IC127 RAMP67 & HWY417 IC126 RAMP16 (__3ZA2X0),__3ZA2X0,01 - Non intersection,03 - P.D. only,03 - Rear end,02 - Rain,07 - Dark,02 - Wet,10 - No control,,2,0,0,0,,0,,,,,362566.2424,5025196.109,45.36432831,-75.76259965,1383
17--11234,11/2/2017,6:06 PM,MAPLE GROVE RD @ TERRY FOX DR (0003177),3177,02 - Intersection related,03 - P.D. only,03 - Rear end,02 - Rain,07 - Dark,02 - Wet,01 - Traffic signal,01 - Functioning,2,0,0,0,,0,,,,,351553.1352,5017863.281,45.29916705,-75.90386875,1384
17--11235,11/2/2017,6:12 PM,HWY 417 CASTLEFR IC139R61 @ KANATA AVE (0012625),12625,02 - Intersection related,02 - Non-fatal injury,07 - SMV other,02 - Rain,07 - Dark,02 - Wet,01 - Traffic signal,01 - Functioning,1,0,0,0,01 - Minimal,1,1,,,,351615.6461,5019223.47,45.31140222,-75.90294327,1385
17--11236,11/2/2017,6:30 PM,CARP RD btwn HWY417 IC144 RAMP25 & WESTBROOK RD (__3ZA3D3),__3ZA3D3,01 - Non intersection,03 - P.D. only,03 - Rear end,02 - Rain,07 - Dark,02 - Wet,10 - No control,,2,0,0,0,,0,,,,,347591.2945,5015604.929,45.27909807,-75.95457705,1386
17--11237,11/2/2017,6:56 PM,AMBASSADOR AVE @ CITY PARK DR (0012492),12492,02 - Intersection related,03 - P.D. only,02 - Angle,02 - Rain,07 - Dark,02 - Wet,02 - Stop sign,00 - Unknown,2,0,0,0,,0,,,,,374194.2283,5032623.596,45.43010261,-75.61313704,1387
17--11238,11/2/2017,7:12 PM,CLOVER ST @ GREGG ST (0006836),6836,03 - At intersection,03 - P.D. only,02 - Angle,02 - Rain,07 - Dark,02 - Wet,02 - Stop sign,01 - Functioning,2,0,0,0,,0,,,,,369311.3855,5026569.856,45.37610058,-75.67632531,1388
17--11239,11/2/2017,7:13 PM,BANK ST @ GLADSTONE AVE (0002253),2253,03 - At intersection,02 - Non-fatal injury,03 - Rear end,02 - Rain,07 - Dark,02 - Wet,01 - Traffic signal,01 - Functioning,2,1,0,0,02 - Minor,1,,1,,,367916.372,5030561.902,45.41214691,-75.6936242,1389
17--1124,1/28/2017,4:06 PM,CARLING AVE @ WYLIE AVE (0002394),2394,02 - Intersection related,03 - P.D. only,04 - Sideswipe,01 - Clear,05 - Dusk,01 - Dry,02 - Stop sign,00 - Unknown,2,0,0,0,,0,,,,,359140.6682,5024079.144,45.3545518,-75.80644743,1390
17--11240,11/2/2017,7:17 PM,KING EDWARD AVE @ ST. PATRICK ST (0002714),2714,03 - At intersection,03 - P.D. only,04 - Sideswipe,02 - Rain,07 - Dark,02 - Wet,01 - Traffic signal,01 - Functioning,2,0,0,0,,0,,,,,368248.7013,5032822.879,45.43246035,-75.68908758,1391
17--11241,11/2/2017,7:20 AM,PRINCE OF WALES DR btwn FALLOWFIELD RD & AMBERWOOD CRES (__3ZA27I),__3ZA27I,01 - Non intersection,03 - P.D. only,07 - SMV other,02 - Rain,03 - Dawn,02 - Wet,10 - No control,,1,0,0,0,,0,,,,,367391.0437,5019268.549,45.31057901,-75.70176542,1392
17--11242,11/2/2017,7:28 AM,ANNA AVE @ CARLING AVE (0006248),6248,02 - Intersection related,03 - P.D. only,03 - Rear end,02 - Rain,03 - Dawn,02 - Wet,02 - Stop sign,00 - Unknown,2,0,0,0,,0,,,,,365197.6975,5027891.358,45.38835787,-75.72868183,1393
17--11243,11/2/2017,7:30 PM,PRINCE OF WALES DR @ STRANDHERD DR (0013339),13339,02 - Intersection related,03 - P.D. only,03 - Rear end,02 - Rain,07 - Dark,02 - Wet,01 - Traffic signal,01 - Functioning,3,0,0,0,,0,,,,,367175.7632,5014824.428,45.27061041,-75.70506948,1394
17--11244,11/2/2017,7:30 PM,TENTH LINE RD btwn AMIENS ST & 275 N OF DES EPINETTES AVE/FALLINGBROOK (__3ZA3YNA),__3ZA3YNA,01 - Non intersection,03 - P.D. only,03 - Rear end,02 - Rain,07 - Dark,02 - Wet,10 - No control,,2,0,0,0,,0,,,,,383452.1362,5037335.562,45.47151691,-75.4940842,1395
17--11245,11/2/2017,7:36 PM,BANK ST btwn BELMONT AVE & GROVE AVE (__3ZA3N1),__3ZA3N1,04 - At/near private drive,02 - Non-fatal injury,02 - Angle,02 - Rain,07 - Dark,02 - Wet,10 - No control,,2,0,0,0,01 - Minimal,1,1,,,,368830.4565,5028394.421,45.39256159,-75.68222845,1396
17--11246,11/2/2017,8:12 PM,CARLING AVE @ KIRKWOOD AVE S (0002209),2209,03 - At intersection,03 - P.D. only,05 - Turning movement,02 - Rain,07 - Dark,02 - Wet,01 - Traffic signal,01 - Functioning,2,0,0,0,,0,,,,,364351.3661,5027337.549,45.38344727,-75.73955589,1397
17--11247,11/2/2017,8:15 AM,HIGHWAY 417 btwn HWY417 IC118 RAMP35 & HWY417 IC117 RAMP51 (__3ZA2YP),__3ZA2YP,01 - Non intersection,03 - P.D. only,99 - Other,02 - Rain,01 - Daylight,02 - Wet,10 - No control,,2,0,0,0,,0,,,,,370164.5459,5031097.712,45.41676154,-75.66483345,1398
17--11248,11/2/2017,8:16 PM,CRAIG HENRY DR btwn ALDRIDGE WAY & JACK AARON DR (__3ZAAYZ),__3ZAAYZ,04 - At/near private drive,03 - P.D. only,04 - Sideswipe,02 - Rain,07 - Dark,02 - Wet,10 - No control,,2,0,0,0,,0,,,,,362145.3634,5021862.544,45.33436766,-75.7683584,1399
17--11249,11/2/2017,8:17 AM,ANDERSON RD @ HWY 417 ANDERSON IC104R51 (0004150),4150,02 - Intersection related,03 - P.D. only,07 - SMV other,02 - Rain,01 - Daylight,02 - Wet,02 - Stop sign,00 - Unknown,1,0,0,0,,0,,,,,380169.1805,5025655.668,45.36679154,-75.53785183,1400
17--1143,1/29/2017,1:00 AM,HWY417 IC118 RAMP52 btwn HWY417 IC118 RAMP57 & HWY417 IC118 RAMP62 (__6KCF0O),__6KCF0O,01 - Non intersection,03 - P.D. only,07 - SMV other,03 - Snow,07 - Dark,03 - Loose snow,10 - No control,,1,0,0,0,,0,,,,,369324.6833,5030888.585,45.41495785,-75.67559068,1401
17--11430,11/7/2017,1:10 PM,MONTREAL RD @ VANIER PKWY (0004630),4630,02 - Intersection related,03 - P.D. only,03 - Rear end,01 - Clear,01 - Daylight,01 - Dry,01 - Traffic signal,00 - Unknown,2,0,0,0,,0,,,,,370071.7011,5033064.92,45.43447036,-75.66575892,1402
17--11431,11/7/2017,1:30 PM,HIGHWAY 417 btwn HWY417 IC110 RAMP64 & HWY417 IC104 RAMP16 (__3ZA2W9),__3ZA2W9,01 - Non intersection,03 - P.D. only,03 - Rear end,01 - Clear,01 - Daylight,01 - Dry,10 - No control,,2,0,0,0,,0,,,,,377064.4571,5027140.48,45.38047806,-75.5772636,1403
17--11432,11/7/2017,10:05 AM,WOODROFFE AVE @ GEORGINA DR/LENESTER AVE (0002351),2351,03 - At intersection,03 - P.D. only,05 - Turning movement,01 - Clear,01 - Daylight,01 - Dry,01 - Traffic signal,01 - Functioning,2,0,0,0,,0,,,,,361909.6841,5025369.963,45.36594644,-75.77096,1404
17--11433,11/7/2017,10:06 AM,WEST HUNT CLUB RD @ ROYDON PL/SUNDERLAND ST (0009775),9775,02 - Intersection related,03 - P.D. only,03 - Rear end,01 - Clear,01 - Daylight,01 - Dry,01 - Traffic signal,01 - Functioning,3,0,0,0,,0,,,,,365973.6864,5022169.522,45.3368065,-75.71948115,1405
17--11434,11/7/2017,10:20 AM,VANIER PKWY/CRICHTON ST @ BEECHWOOD AVE/ST. PA (0001604),1604,03 - At intersection,03 - P.D. only,05 - Turning movement,01 - Clear,01 - Daylight,01 - Dry,01 - Traffic signal,01 - Functioning,2,0,0,0,,0,,,,,369128.113,5033487.336,45.43835853,-75.67776251,1406
17--11435,11/7/2017,11:42 AM,INNES RD btwn ANDERSON RD & INNES RD (__3ZA3J2),__3ZA3J2,01 - Non intersection,03 - P.D. only,07 - SMV other,01 - Clear,01 - Daylight,01 - Dry,10 - No control,,1,0,0,0,,0,,,,,376307.8314,5031856.28,45.42298584,-75.58623985,1407
17--11436,11/7/2017,11:46 PM,ANDERSON RD/WEIR RD @ RENAUD RD (0003583),3583,03 - At intersection,03 - P.D. only,07 - SMV other,01 - Clear,07 - Dark,01 - Dry,11 - Roundabout,01 - Functioning,1,0,0,0,,0,,,,,377767.2971,5031502.434,45.41965145,-75.56764499,1408
17--11437,11/7/2017,Unknown,TORBEC AVE btwn KEYROCK DR & FLETCHER CIRC (__54M2WC),__54M2WC,01 - Non intersection,03 - P.D. only,06 - SMV unattended vehicle,01 - Clear,00 - Unknown,01 - Dry,10 - No control,,1,0,0,0,,0,,,,,349396.4121,5020077.991,45.31923588,-75.9311676,1409
17--11438,11/7/2017,Unknown,BARTON ST btwn AYLMER AVE & WOODBINE PL (__3ZA9JK),__3ZA9JK,01 - Non intersection,03 - P.D. only,06 - SMV unattended vehicle,01 - Clear,00 - Unknown,01 - Dry,10 - No control,,1,0,0,0,,0,,,,,368514.0761,5028621.355,45.39463233,-75.68623942,1410
17--1107,1/28/2017,10:21 AM,BANK ST @ RIVERDALE AVE (0007210),7210,02 - Intersection related,02 - Non-fatal injury,04 - Sideswipe,03 - Snow,01 - Daylight,02 - Wet,01 - Traffic signal,01 - Functioning,2,0,0,0,01 - Minimal,1,1,,,,369077.5351,5028116.986,45.39004268,-75.67910933,1411