Anom_ID,Accident_Date,Accident_Time,Location,Geo_ID,Accident_Location,Classification_of_Accident,Initial_Impact_Type,Environment_Condition,Light,Road_Surface_Condition,Traffic_Control,Traffic_Control_Condition,No__of_Vehicles,No__of_Bicycles,No__of_Motorcycles,No__of_Pedestrians,Max_Injury,No__of_Injuries,No__of_Minimal,No__of_Minor,No__of_Major,No__of_Fatal,X,Y,Latitude,Longitude,ObjectId
17--11439,11/7/2017,Unknown,GREENFIELD AVE btwn HAVELOCK ST & MONTCALM ST (__3ZA3CI),__3ZA3CI,01 - Non intersection,03 - P.D. only,06 - SMV unattended vehicle,01 - Clear,00 - Unknown,01 - Dry,10 - No control,,1,0,0,0,,0,,,,,368973.1002,5030904.366,45.41513217,-75.68008021,1412
17--1144,1/29/2017,1:02 PM,INNES RD @ JEANNE D'ARC BLVD/MER BLEUE RD (0012475),12475,02 - Intersection related,03 - P.D. only,03 - Rear end,03 - Snow,01 - Daylight,02 - Wet,01 - Traffic signal,01 - Functioning,3,0,0,0,,0,,,,,382636.6607,5035565.914,45.45568652,-75.50479228,1413
17--11440,11/7/2017,12:08 PM,METCALFE ST @ GILMOUR ST (0006949),6949,02 - Intersection related,03 - P.D. only,04 - Sideswipe,01 - Clear,01 - Daylight,01 - Dry,01 - Traffic signal,00 - Unknown,2,0,0,0,,0,,,,,368099.6696,5030960.808,45.41571958,-75.69123139,1414
17--11441,11/7/2017,12:11 PM,BASELINE RD @ WOODROFFE AVE (0002225),2225,02 - Intersection related,03 - P.D. only,04 - Sideswipe,01 - Clear,01 - Daylight,01 - Dry,01 - Traffic signal,01 - Functioning,2,0,0,0,,0,,,,,362548.7344,5023770.744,45.35150444,-75.76298965,1415
17--11442,11/7/2017,12:30 PM,TENTH LINE RD @ CHARLEMAGNE BLVD N/TOMPKINS AV (0009222),9222,02 - Intersection related,03 - P.D. only,03 - Rear end,01 - Clear,01 - Daylight,01 - Dry,01 - Traffic signal,01 - Functioning,2,0,0,0,,0,,,,,383183.5955,5037977.882,45.47732612,-75.49741567,1416
17--11443,11/7/2017,2:05 PM,CANOTEK RD @ SHEFFORD RD (0009369),9369,02 - Intersection related,03 - P.D. only,04 - Sideswipe,01 - Clear,01 - Daylight,01 - Dry,01 - Traffic signal,01 - Functioning,2,0,0,0,,0,,,,,376030.2062,5035094.315,45.45214805,-75.58931847,1417
17--11444,11/7/2017,2:25 PM,VANIER PKWY NB btwn BEECHWOOD AVE/ ST. PATRICK ST/CRICHTON ST & DESCHA (__3ZA4SV),__3ZA4SV,01 - Non intersection,02 - Non-fatal injury,03 - Rear end,01 - Clear,01 - Daylight,01 - Dry,10 - No control,,2,0,0,0,02 - Minor,1,,1,,,369317.5157,5033432.625,45.43784881,-75.675349,1418
17--11445,11/7/2017,2:41 PM,AMIENS ST @ TENTH LINE RD (0004168),4168,02 - Intersection related,03 - P.D. only,05 - Turning movement,01 - Clear,01 - Daylight,01 - Dry,01 - Traffic signal,01 - Functioning,2,0,0,0,,0,,,,,383352.7279,5037568.935,45.47362778,-75.49531807,1419
17--11446,11/7/2017,3:00 PM,HIGHWAY 417 btwn HWY417 IC110 RAMP55 & HWY417 IC104 RAMP51 (__3ZA2W8),__3ZA2W8,01 - Non intersection,03 - P.D. only,03 - Rear end,01 - Clear,01 - Daylight,01 - Dry,10 - No control,,2,0,0,0,,0,,,,,377831.0306,5026395.157,45.37369257,-75.56758683,1420
17--11447,11/7/2017,3:04 PM,FLETCHER CIRC btwn TORBEC AVE & KEYROCK DR (__54M2Q9),__54M2Q9,01 - Non intersection,03 - P.D. only,06 - SMV unattended vehicle,01 - Clear,01 - Daylight,01 - Dry,10 - No control,,1,0,0,0,,0,,,,,349532.2611,5020112.804,45.31954049,-75.92943177,1421
17--11448,11/7/2017,3:21 PM,CUMBERLAND ST @ RIDEAU ST (0007759),7759,02 - Intersection related,03 - P.D. only,03 - Rear end,01 - Clear,01 - Daylight,01 - Dry,01 - Traffic signal,01 - Functioning,2,0,0,0,,0,,,,,368374.511,5032329.735,45.42801179,-75.68754349,1422
17--11449,11/7/2017,4:35 PM,CONROY RD @ HUNT CLUB RD (0002257),2257,02 - Intersection related,03 - P.D. only,02 - Angle,01 - Clear,05 - Dusk,01 - Dry,01 - Traffic signal,01 - Functioning,2,0,0,0,,0,,,,,373763.2666,5025403.813,45.36518501,-75.61965347,1423
17--1145,1/29/2017,1:15 AM,SPRUCE RIDGE RD btwn RICHARDSON SIDE RD & HAZELDEAN RD (__7JQ7ID),__7JQ7ID,01 - Non intersection,03 - P.D. only,07 - SMV other,03 - Snow,07 - Dark,03 - Loose snow,10 - No control,,1,0,0,0,,0,,,,,343535.8192,5014009.42,45.26497609,-76.00639107,1424
17--11450,11/7/2017,5:00 PM,HIGHWAY 417 btwn HWY417 IC126 RAMP61 & HWY417 IC124 RAMP76 (__3ZA2Y2),__3ZA2Y2,01 - Non intersection,03 - P.D. only,03 - Rear end,01 - Clear,05 - Dusk,01 - Dry,10 - No control,,2,0,0,0,,0,,,,,363674.8327,5026532.618,45.37626181,-75.74829014,1425
17--11451,11/7/2017,5:22 PM,DATA CENTRE RD @ RIVERSIDE DR (0010863),10863,02 - Intersection related,03 - P.D. only,03 - Rear end,01 - Clear,07 - Dark,01 - Dry,01 - Traffic signal,01 - Functioning,2,0,0,0,,0,,,,,368896.9711,5027671.668,45.38605239,-75.68147292,1426
17--11452,11/7/2017,5:24 PM,MERIVALE RD @ EMERALD PLAZA SC (0005311),5311,02 - Intersection related,02 - Non-fatal injury,07 - SMV other,01 - Clear,07 - Dark,01 - Dry,01 - Traffic signal,01 - Functioning,1,0,0,1,02 - Minor,1,,1,,,364737.5766,5024004.357,45.3534228,-75.73502899,1427
17--11453,11/7/2017,5:31 PM,ANDERSON RD btwn DOLMAN RIDGE RD & RIDGE RD (__3ZA2B6),__3ZA2B6,01 - Non intersection,03 - P.D. only,07 - SMV other,01 - Clear,07 - Dark,01 - Dry,10 - No control,,1,0,0,0,,0,,,,,378606.2807,5029559.832,45.40208517,-75.55721701,1428
17--11454,11/7/2017,5:45 PM,EAGLESON RD @ HAZELDEAN RD/ROBERTSON RD (0002715),2715,03 - At intersection,03 - P.D. only,03 - Rear end,01 - Clear,07 - Dark,01 - Dry,01 - Traffic signal,01 - Functioning,2,0,0,0,,0,,,,,353673.6249,5018423.743,45.3040659,-75.87677752,1429
17--11455,11/7/2017,5:57 AM,HIGHWAY 417 btwn HWY417 IC180 RAMP51 & HWY417 IC180 RAMP35 (__5SO6F7),__5SO6F7,01 - Non intersection,03 - P.D. only,07 - SMV other,01 - Clear,07 - Dark,01 - Dry,10 - No control,,1,0,0,0,,0,,,,,317874.1382,5031023.7,45.4190267,-76.33294438,1430
17--11456,11/7/2017,6:00 AM,HIGHWAY 417 btwn HWY417 IC169 RAMP51 & HWY417 IC169 RAMP35 (__6KCNER),__6KCNER,01 - Non intersection,03 - P.D. only,03 - Rear end,01 - Clear,07 - Dark,01 - Dry,10 - No control,,2,0,0,0,,0,,,,,325349.3844,5025002.854,45.36466842,-76.23768053,1431
17--11457,11/7/2017,6:15 PM,VANIER PKWY NB btwn RIVERSIDE DR & HWY417 IC117 RAMP26 (__3ZA4TH),__3ZA4TH,07 - Overpass or bridge,03 - P.D. only,03 - Rear end,01 - Clear,07 - Dark,01 - Dry,10 - No control,,4,0,0,0,,0,,,,,370813.9876,5031207.198,45.41768568,-75.65652173,1432
17--11458,11/7/2017,6:30 PM,BOTTRIELL WAY btwn MARSALA CRES & CANTEVAL TER (__3ZA6W9),__3ZA6W9,01 - Non intersection,03 - P.D. only,06 - SMV unattended vehicle,01 - Clear,07 - Dark,01 - Dry,10 - No control,,1,0,0,0,,0,,,,,383887.1757,5037246.157,45.4706634,-75.48853555,1433
17--11459,11/7/2017,7:13 AM,FINDLAY CREEK DR btwn NETLEY CIRC & KELLY FARM DR (__45C4YR),__45C4YR,01 - Non intersection,03 - P.D. only,06 - SMV unattended vehicle,01 - Clear,01 - Daylight,01 - Dry,10 - No control,,1,0,0,0,,0,,,,,375324.8464,5020014.949,45.31654292,-75.60048982,1434
17--1146,1/29/2017,1:38 PM,BANKFIELD RD btwn FEE ST & RIDEAU VALLEY DR (__3ZA38A),__3ZA38A,01 - Non intersection,03 - P.D. only,03 - Rear end,01 - Clear,01 - Daylight,02 - Wet,10 - No control,,2,0,0,0,,0,,,,,368413.9216,5010144.774,45.2283923,-75.68989052,1435
17--11460,11/7/2017,7:35 PM,HAZELDEAN RD @ HUNTMAR DR/IBER RD (0000075),75,03 - At intersection,03 - P.D. only,03 - Rear end,01 - Clear,07 - Dark,01 - Dry,01 - Traffic signal,01 - Functioning,2,0,0,0,,0,,,,,350941.6512,5016079.669,45.28315802,-75.91183105,1436
17--11461,11/7/2017,7:41 PM,HEARST WAY btwn CHIMO DR & COHEN AVE (__3ZABED),__3ZABED,01 - Non intersection,02 - Non-fatal injury,07 - SMV other,01 - Clear,07 - Dark,01 - Dry,10 - No control,,1,0,0,1,02 - Minor,1,,1,,,352993.8036,5019711.786,45.31570296,-75.88532064,1437
17--11462,11/7/2017,7:45 AM,BLAIR RD @ REGIONAL RD 174 N/OR174 IC112 RAMP61 (0003617),3617,02 - Intersection related,03 - P.D. only,03 - Rear end,01 - Clear,03 - Dawn,01 - Dry,01 - Traffic signal,00 - Unknown,2,0,0,0,,0,,,,,374634.6568,5032991.615,45.43337,-75.60745682,1438
17--11463,11/7/2017,7:45 PM,HIGHWAY 417 btwn HWY417 IC163 RAMP61 & HWY417 IC155 RAMP36 (__3ZA2QB),__3ZA2QB,01 - Non intersection,03 - P.D. only,07 - SMV other,01 - Clear,07 - Dark,01 - Dry,10 - No control,,1,0,0,0,,0,,,,,336143.3736,5020230.256,45.32132282,-76.10019699,1439
17--11464,11/7/2017,7:50 AM,EAGLESON RD @ FALLOWFIELD RD (0000118),118,03 - At intersection,03 - P.D. only,03 - Rear end,01 - Clear,01 - Daylight,01 - Dry,01 - Traffic signal,01 - Functioning,2,0,0,0,,0,,,,,355961.6341,5012594.642,45.25145154,-75.84820414,1440
17--11465,11/7/2017,8:07 AM,WALKLEY RD btwn TAWNEY RD & BANTON ST (__3ZBPJ6),__3ZBPJ6,04 - At/near private drive,03 - P.D. only,03 - Rear end,01 - Clear,01 - Daylight,01 - Dry,10 - No control,,2,0,0,0,,0,,,,,374144.0822,5028190.965,45.39022498,-75.61440137,1441
17--11466,11/7/2017,8:09 AM,O'CONNOR ST @ QUEEN ST (0003139),3139,03 - At intersection,02 - Non-fatal injury,03 - Rear end,01 - Clear,01 - Daylight,01 - Dry,01 - Traffic signal,01 - Functioning,2,0,0,0,01 - Minimal,1,1,,,,367497.7001,5031584.869,45.42138888,-75.69884248,1442
17--11467,11/7/2017,8:18 AM,ROGER'S CREEK WAY btwn LAKEWOOD DR & CONE TER (__3ZACT7),__3ZACT7,01 - Non intersection,02 - Non-fatal injury,07 - SMV other,01 - Clear,01 - Daylight,01 - Dry,10 - No control,,1,0,0,1,02 - Minor,1,,1,,,348585.7094,4999789.809,45.13672495,-75.94329268,1443
17--11468,11/7/2017,8:20 PM,BANK ST btwn RIVERSIDE DR & RIVERSIDE DR (__3ZA3NQ),__3ZA3NQ,04 - At/near private drive,03 - P.D. only,05 - Turning movement,01 - Clear,07 - Dark,01 - Dry,10 - No control,,2,0,0,0,,0,,,,,369291.0268,5027907.051,45.38813413,-75.67641054,1444
17--11469,11/7/2017,8:45 AM,HWY 417 VANIER IC117R63 @ VANIER PKWY (0002101),2101,02 - Intersection related,03 - P.D. only,03 - Rear end,01 - Clear,01 - Daylight,01 - Dry,01 - Traffic signal,01 - Functioning,4,0,0,0,,0,,,,,370799.1274,5031397.656,45.41940075,-75.65668607,1445
17--1147,1/29/2017,1:40 AM,GREENBANK RD btwn WEST HUNT CLUB RD & FALLOWFIELD RD (__3ZA1NE),__3ZA1NE,01 - Non intersection,03 - P.D. only,07 - SMV other,03 - Snow,07 - Dark,03 - Loose snow,10 - No control,,1,0,0,0,,0,,,,,362286.5366,5018572.793,45.30475499,-75.76693921,1446
17--11470,11/7/2017,8:50 PM,MEADOWLANDS DR @ MERIVALE RD (0000625),625,03 - At intersection,03 - P.D. only,05 - Turning movement,01 - Clear,07 - Dark,01 - Dry,01 - Traffic signal,01 - Functioning,2,0,0,0,,0,,,,,364859.7032,5023724.842,45.35089732,-75.7335044,1447
17--11471,11/7/2017,8:52 PM,ANDERSON RD btwn INNES RD & DESJARDINS ST (__3ZBOG0),__3ZBOG0,01 - Non intersection,02 - Non-fatal injury,07 - SMV other,02 - Rain,07 - Dark,02 - Wet,10 - No control,,1,0,0,0,01 - Minimal,1,1,,,,376774.721,5031611.464,45.42073526,-75.58031026,1448
17--11472,11/7/2017,9:20 AM,HIGHWAY 417 btwn HWY417 IC126 RAMP25 & HWY417 IC124 RAMP57 (__3ZA2R5),__3ZA2R5,01 - Non intersection,03 - P.D. only,03 - Rear end,01 - Clear,01 - Daylight,01 - Dry,10 - No control,,2,0,0,0,,0,,,,,363661.9086,5026496.165,45.37593489,-75.74845949,1449
17--11473,11/7/2017,9:30 AM,BANK ST btwn ALTA VISTA DR & ERIE AVE (__3ZA36X),__3ZA36X,01 - Non intersection,03 - P.D. only,04 - Sideswipe,01 - Clear,01 - Daylight,01 - Dry,10 - No control,,2,0,0,0,,0,,,,,370243.0524,5026216.124,45.37283142,-75.66447802,1450
17--11474,11/7/2017,9:35 AM,WOODROFFE AVE @ CRESTHAVEN DR/PAUL METIVIER (0010547),10547,03 - At intersection,02 - Non-fatal injury,02 - Angle,01 - Clear,01 - Daylight,01 - Dry,01 - Traffic signal,01 - Functioning,2,0,0,0,02 - Minor,2,,2,,,366327.1189,5014853.192,45.27094399,-75.71588021,1451
17--11475,11/7/2017,9:41 PM,CARLING AVE @ PINECREST  RD/GREENVIEW AVE (0001630),1630,03 - At intersection,03 - P.D. only,05 - Turning movement,01 - Clear,07 - Dark,01 - Dry,01 - Traffic signal,01 - Functioning,2,0,0,0,,0,,,,,360007.0102,5024631.19,45.35945142,-75.79532945,1452
17--11476,11/7/2017,9:45 PM,HIGHWAY 417 btwn HWY417 IC163 RAMP51 & HWY417 IC163 RAMP15 (__34IVFY),__34IVFY,01 - Non intersection,03 - P.D. only,07 - SMV other,01 - Clear,07 - Dark,01 - Dry,10 - No control,,1,0,0,0,,0,,,,,330954.6513,5021553.743,45.33344478,-76.16631102,1453
17--11477,11/7/2017,9:50 AM,HUNT CLUB RD @ RIVERSIDE DR (0002237),2237,02 - Intersection related,03 - P.D. only,03 - Rear end,01 - Clear,01 - Daylight,01 - Dry,01 - Traffic signal,01 - Functioning,2,0,0,0,,0,,,,,368036.703,5021945.262,45.33460575,-75.69319023,1454
17--11478,11/8/2017,1:11 PM,MAITLAND AVE/GLENMOUNT AVE @ ERINDALE DR (0002724),2724,02 - Intersection related,03 - P.D. only,04 - Sideswipe,01 - Clear,01 - Daylight,01 - Dry,01 - Traffic signal,01 - Functioning,2,0,0,0,,0,,,,,363697.742,5025211.491,45.36437256,-75.74815518,1455
17--11479,11/8/2017,1:25 AM,HIGHWAY 417 btwn HWY417 IC155 RAMP51 & HWY417 IC155 RAMP35 (__3ZAZNR),__3ZAZNR,01 - Non intersection,03 - P.D. only,07 - SMV other,01 - Clear,07 - Dark,01 - Dry,10 - No control,,1,0,0,0,,0,,,,,339222.1561,5019396.432,45.31367547,-76.06098438,1456
17--1148,1/29/2017,1:52 PM,BASIL MACDONALD WAY btwn MERIVALE RD & GRANT CARMAN DR (__4BBEMB),__4BBEMB,04 - At/near private drive,03 - P.D. only,02 - Angle,01 - Clear,01 - Daylight,01 - Dry,10 - No control,,2,0,0,0,,0,,,,,365215.8824,5023246.027,45.34655841,-75.72901767,1457
17--11480,11/8/2017,10:30 AM,BOUNDARY RD @ HWY 417 BOUNDARY IC96R15/51 (0004216),4216,02 - Intersection related,03 - P.D. only,04 - Sideswipe,01 - Clear,01 - Daylight,01 - Dry,02 - Stop sign,01 - Functioning,2,0,0,0,,0,,,,,387512.3094,5023595.223,45.3474254,-75.44447093,1458
17--11481,11/8/2017,10:48 AM,ANALDEA DR/ WHITE ALDER AVE @ BANK ST (0009265),9265,03 - At intersection,03 - P.D. only,03 - Rear end,01 - Clear,01 - Daylight,01 - Dry,01 - Traffic signal,01 - Functioning,3,0,0,0,,0,,,,,375698.6967,5020813.253,45.32368809,-75.59560786,1459
17--11482,11/8/2017,10:58 AM,ALBERT ST @ PERKINS ST (0002220),2220,03 - At intersection,03 - P.D. only,07 - SMV other,01 - Clear,01 - Daylight,01 - Dry,02 - Stop sign,01 - Functioning,1,0,0,0,,0,,,,,366534.0264,5030696.911,45.41348499,-75.71126646,1460
17--11483,11/8/2017,11:00 PM,LYON ST    N btwn GLADSTONE AVE & MCLEOD ST (__3ZBOE8),__3ZBOE8,01 - Non intersection,03 - P.D. only,07 - SMV other,01 - Clear,07 - Dark,01 - Dry,10 - No control,,1,0,0,0,,0,,,,,367597.2859,5030336.712,45.41014942,-75.69772914,1461
17--11484,11/8/2017,11:06 PM,BASELINE RD @ CLYDE AVE (0002343),2343,03 - At intersection,03 - P.D. only,05 - Turning movement,01 - Clear,07 - Dark,01 - Dry,01 - Traffic signal,01 - Functioning,2,0,0,0,,0,,,,,364359.0378,5024891.182,45.36143459,-75.73975292,1462
17--11485,11/8/2017,11:13 AM,WOODROFFE AVE @ CLARIDGE DR/STONEWAY DR N (0009791),9791,03 - At intersection,03 - P.D. only,05 - Turning movement,01 - Clear,01 - Daylight,01 - Dry,01 - Traffic signal,00 - Unknown,2,0,0,0,,0,,,,,365576.6996,5016706.726,45.28768727,-75.72521593,1463
17--11486,11/8/2017,11:23 AM,BOOTH ST @ SIR JOHN A. MACDONALD PKWY/WELLINGTON ST (0012252),12252,02 - Intersection related,03 - P.D. only,03 - Rear end,01 - Clear,01 - Daylight,01 - Dry,01 - Traffic signal,00 - Unknown,2,0,0,0,,0,,,,,366264.7304,5031006.451,45.41629385,-75.71466814,1464
17--11487,11/8/2017,11:30 PM,OTTAWA ROAD 29 btwn UPPER DWYER HILL RD & HWY417 IC180 RAMP51 (__5SO6A8),__5SO6A8,01 - Non intersection,03 - P.D. only,07 - SMV other,01 - Clear,07 - Dark,01 - Dry,10 - No control,,1,0,0,0,,0,,,,,317957.6946,5030647.405,45.41563903,-76.33188679,1465
17--11488,11/8/2017,11:43 AM,BOWESVILLE RD/HIGH RD @ LEITRIM RD (0012439),12439,03 - At intersection,03 - P.D. only,05 - Turning movement,01 - Clear,01 - Daylight,01 - Dry,02 - Stop sign,00 - Unknown,2,0,0,0,,0,,,,,371673.7755,5019286.755,45.31034806,-75.64715042,1466
17--11489,11/8/2017,Unknown,MARGRAVE AVE btwn DRUMSO ST & DRUMSO ST (__3ZAZSC),__3ZAZSC,01 - Non intersection,03 - P.D. only,06 - SMV unattended vehicle,01 - Clear,00 - Unknown,01 - Dry,10 - No control,,1,0,0,0,,0,,,,,372493.1628,5025448.499,45.36571088,-75.63585891,1467
17--1149,1/29/2017,10:15 PM,ALBION RD @ MITCH OWENS RD (0004212),4212,02 - Intersection related,03 - P.D. only,07 - SMV other,03 - Snow,07 - Dark,03 - Loose snow,01 - Traffic signal,00 - Unknown,1,0,0,0,,0,,,,,375906.2114,5014805.263,45.26960944,-75.59382258,1468
17--11490,11/8/2017,12:58 PM,ALBERT ST @ EMPRESS AVE (0010851),10851,02 - Intersection related,03 - P.D. only,04 - Sideswipe,01 - Clear,01 - Daylight,01 - Dry,01 - Traffic signal,00 - Unknown,2,0,0,0,,0,,,,,366577.1789,5030720.327,45.41369187,-75.71071225,1469
17--11491,11/8/2017,2:20 PM,COLONEL BY DR/SUSSEX DR @ RIDEAU ST (0007647),7647,02 - Intersection related,03 - P.D. only,04 - Sideswipe,01 - Clear,01 - Daylight,01 - Dry,01 - Traffic signal,01 - Functioning,2,0,0,0,,0,,,,,367921.3483,5032045.152,45.42549225,-75.69337062,1470
17--11492,11/8/2017,2:41 PM,STITTSVILLE MAIN ST @ HAZELDEAN RD (0000050),50,03 - At intersection,03 - P.D. only,05 - Turning movement,01 - Clear,01 - Daylight,01 - Dry,01 - Traffic signal,01 - Functioning,2,0,0,0,,0,,,,,349559.8318,5014877.522,45.27243004,-75.92955265,1471
17--11493,11/8/2017,2:55 PM,BRIAN COBURN BLVD @ ESPRIT DR (0013113),13113,03 - At intersection,03 - P.D. only,02 - Angle,01 - Clear,01 - Daylight,01 - Dry,02 - Stop sign,01 - Functioning,2,0,0,0,,0,,,,,385141.1085,5035343.96,45.45340612,-75.47281215,1472
17--11494,11/8/2017,3:15 PM,CONROY RD @ WALKLEY RD (0002648),2648,02 - Intersection related,03 - P.D. only,03 - Rear end,01 - Clear,01 - Daylight,01 - Dry,01 - Traffic signal,01 - Functioning,2,0,0,0,,0,,,,,372904.7259,5027465.538,45.38381952,-75.63032754,1473
17--11495,11/8/2017,3:23 PM,MURRAY ST @ PARENT AVE (0008231),8231,03 - At intersection,02 - Non-fatal injury,05 - Turning movement,01 - Clear,01 - Daylight,01 - Dry,01 - Traffic signal,01 - Functioning,2,1,0,0,02 - Minor,1,,1,,,367863.1826,5032489.791,45.42949821,-75.69405691,1474
17--11496,11/8/2017,3:25 PM,METCALFE ST @ LAURIER AVE (0002231),2231,03 - At intersection,03 - P.D. only,05 - Turning movement,01 - Clear,01 - Daylight,01 - Dry,01 - Traffic signal,01 - Functioning,2,1,0,0,,0,,,,,367793.1873,5031451.815,45.42016516,-75.6950841,1475
17--11497,11/8/2017,3:38 PM,MONTREAL RD btwn MONTGOMERY ST & PALACE ST (__3ZA3KD),__3ZA3KD,01 - Non intersection,02 - Non-fatal injury,07 - SMV other,01 - Clear,01 - Daylight,01 - Dry,10 - No control,,1,0,0,1,02 - Minor,1,,1,,,369929.758,5032983.136,45.43374773,-75.66758373,1476
17--11498,11/8/2017,3:40 PM,ALPINE AVE @ CARLING AVE (0011382),11382,02 - Intersection related,03 - P.D. only,03 - Rear end,01 - Clear,01 - Daylight,01 - Dry,01 - Traffic signal,01 - Functioning,3,0,0,0,,0,,,,,360496.677,5024943.229,45.36222041,-75.78904458,1477
17--11499,11/8/2017,4:14 PM,MARCHURST RD btwn RIDGETOP RD & JOHN ASELFORD DRWY (__3ZAC8N),__3ZAC8N,01 - Non intersection,03 - P.D. only,07 - SMV other,01 - Clear,01 - Daylight,01 - Dry,10 - No control,,1,0,0,0,,0,,,,,340327.6014,5029430.223,45.40390824,-76.0461649,1478
17--115,1/4/2017,12:33 PM,DAVID DR btwn ROWLEY AVE & JOAN ST (__3ZAAUB),__3ZAAUB,04 - At/near private drive,03 - P.D. only,02 - Angle,01 - Clear,01 - Daylight,05 - Packed snow,10 - No control,,2,0,0,0,,0,,,,,364550.5439,5023753.752,45.35118385,-75.73744612,1479
17--1150,1/29/2017,10:46 AM,MACKAY ST btwn VAUGHAN ST & BEECHWOOD AVE (__3ZA8WA),__3ZA8WA,04 - At/near private drive,03 - P.D. only,06 - SMV unattended vehicle,03 - Snow,01 - Daylight,02 - Wet,10 - No control,,1,0,0,0,,0,,,,,369172.1492,5033602.643,45.43939196,-75.67718462,1480
17--11500,11/8/2017,4:20 PM,CARLING AVE @ MERIVALE RD (0002148),2148,03 - At intersection,03 - P.D. only,03 - Rear end,01 - Clear,01 - Daylight,01 - Dry,01 - Traffic signal,01 - Functioning,2,0,0,0,,0,,,,,364895.1772,5027700.781,45.38666912,-75.73256806,1481
17--11501,11/8/2017,4:30 PM,ELMRIDGE DR btwn ELMSMERE RD & BETHAMY LANE (__3ZA7XK),__3ZA7XK,01 - Non intersection,03 - P.D. only,06 - SMV unattended vehicle,01 - Clear,05 - Dusk,01 - Dry,10 - No control,,1,0,0,0,,0,,,,,375194.3339,5034099.525,45.44328222,-75.60014614,1482
17--11502,11/8/2017,4:38 PM,MERIVALE RD @ WEST HUNT CLUB RD (0000584),584,02 - Intersection related,03 - P.D. only,04 - Sideswipe,01 - Clear,05 - Dusk,01 - Dry,01 - Traffic signal,01 - Functioning,2,0,0,0,,0,,,,,365612.3608,5021942.498,45.33479518,-75.7241188,1483
17--11503,11/8/2017,4:43 PM,RICHMOND RD @ LYNHAR RD/STAFFORD RD (0000155),155,02 - Intersection related,03 - P.D. only,05 - Turning movement,01 - Clear,05 - Dusk,01 - Dry,01 - Traffic signal,00 - Unknown,2,0,0,0,,0,,,,,358137.1257,5021087.42,45.32770917,-75.81957731,1484
17--11504,11/8/2017,4:49 PM,HERON RD @ BAYCREST DR (0007191),7191,03 - At intersection,03 - P.D. only,05 - Turning movement,01 - Clear,05 - Dusk,01 - Dry,01 - Traffic signal,01 - Functioning,2,0,0,0,,0,,,,,371143.2514,5026978.35,45.37960502,-75.65288389,1485
17--11505,11/8/2017,5:06 AM,FALLOWFIELD RD btwn CONLEY RD & HUNTLEY RD (__3ZA3ER),__3ZA3ER,01 - Non intersection,02 - Non-fatal injury,07 - SMV other,01 - Clear,07 - Dark,01 - Dry,10 - No control,,1,0,0,0,01 - Minimal,1,1,,,,352333.69,5009549.836,45.22430773,-75.89471218,1486
17--11506,11/8/2017,5:21 PM,ST. LAURENT BLVD @ WALKLEY RD (0007653),7653,03 - At intersection,02 - Non-fatal injury,05 - Turning movement,01 - Clear,07 - Dark,01 - Dry,01 - Traffic signal,01 - Functioning,2,0,0,0,02 - Minor,1,,1,,,373902.2722,5028047.572,45.3889587,-75.61750925,1487
17--11507,11/8/2017,5:30 PM,MCLEOD ST @ O'CONNOR ST (0007282),7282,02 - Intersection related,03 - P.D. only,07 - SMV other,01 - Clear,07 - Dark,01 - Dry,01 - Traffic signal,01 - Functioning,1,0,0,0,,0,,,,,368118.713,5030593.911,45.41241664,-75.69103524,1488
17--11508,11/8/2017,5:33 PM,BANK ST @ CONROY RD (0012398),12398,02 - Intersection related,03 - P.D. only,02 - Angle,01 - Clear,07 - Dark,01 - Dry,01 - Traffic signal,01 - Functioning,2,0,0,0,,0,,,,,375044.7501,5022237.782,45.33657118,-75.60374651,1489
17--11509,11/8/2017,5:57 PM,DWYER HILL RD btwn FALLOWFIELD RD & MCCAFFREY TR (__3ZA3F7),__3ZA3F7,01 - Non intersection,03 - P.D. only,07 - SMV other,01 - Clear,07 - Dark,01 - Dry,10 - No control,,1,0,0,0,,0,,,,,345865.4423,5001677.601,45.15387582,-75.97772255,1490
17--1151,1/29/2017,12:52 AM,HIGHWAY 417 btwn HIGHWAY 417 & HIGHWAY 417 (2) (__3ZA2UZ),__3ZA2UZ,01 - Non intersection,03 - P.D. only,07 - SMV other,03 - Snow,07 - Dark,03 - Loose snow,10 - No control,,1,0,0,0,,0,,,,,375304.9136,5030456.784,45.41049574,-75.59925423,1491
17--11510,11/8/2017,5:59 PM,RIVER RD btwn EARL ARMSTRONG RD & 175 N OF EARL ARMSTRONG/LOBLAWS SC (__5DXOUQA),__5DXOUQA,01 - Non intersection,03 - P.D. only,03 - Rear end,01 - Clear,07 - Dark,01 - Dry,10 - No control,,2,0,0,0,,0,,,,,367611.6888,5014778.617,45.27015941,-75.69952029,1492
17--11511,11/8/2017,6:03 PM,RICHMOND RD btwn ROBERTSON RD & STINSON AVE (__3ZA4YR),__3ZA4YR,04 - At/near private drive,02 - Non-fatal injury,02 - Angle,01 - Clear,07 - Dark,01 - Dry,10 - No control,,2,0,0,0,01 - Minimal,1,1,,,,357772.6927,5020868.539,45.32576726,-75.82424948,1493
17--11512,11/8/2017,6:16 PM,FISHER AVE btwn CRERAR AVE & TUNIS AVE (__3ZA4N5),__3ZA4N5,01 - Non intersection,03 - P.D. only,03 - Rear end,01 - Clear,07 - Dark,01 - Dry,10 - No control,,2,0,0,0,,0,,,,,365491.492,5027606.475,45.38576916,-75.72496525,1494