Anom_ID,Accident_Date,Accident_Time,Location,Geo_ID,Accident_Location,Classification_of_Accident,Initial_Impact_Type,Environment_Condition,Light,Road_Surface_Condition,Traffic_Control,Traffic_Control_Condition,No__of_Vehicles,No__of_Bicycles,No__of_Motorcycles,No__of_Pedestrians,Max_Injury,No__of_Injuries,No__of_Minimal,No__of_Minor,No__of_Major,No__of_Fatal,X,Y,Latitude,Longitude,ObjectId
17--11513,11/8/2017,6:30 PM,PRINCE OF WALES DR @ MEADOWLANDS DR/HOG'S BACK (0001629),1629,02 - Intersection related,03 - P.D. only,04 - Sideswipe,01 - Clear,07 - Dark,01 - Dry,01 - Traffic signal,01 - Functioning,2,0,0,0,,0,,,,,367371.9189,5025693.716,45.36839317,-75.70119675,1495
17--11514,11/8/2017,6:32 PM,O'CONNOR ST btwn MACLAREN ST & GILMOUR ST (__3ZA3RO),__3ZA3RO,01 - Non intersection,03 - P.D. only,04 - Sideswipe,01 - Clear,07 - Dark,01 - Dry,10 - No control,,2,0,0,0,,0,,,,,367923.6397,5030901.784,45.4152044,-75.69348783,1496
17--11515,11/8/2017,6:38 AM,ST. JOSEPH BLVD/OLD MONTREAL RD @ TRIM RD (0004118),4118,03 - At intersection,03 - P.D. only,02 - Angle,01 - Clear,03 - Dawn,01 - Dry,11 - Roundabout,01 - Functioning,2,0,0,0,,0,,,,,384683.0235,5039286.86,45.4889331,-75.47802699,1497
17--11516,11/8/2017,7:30 AM,HIGHWAY 416 btwn HWY416 IC66 RAMP62 & HWY416 IC66 RAMP52 (__3ZAZMX),__3ZAZMX,01 - Non intersection,03 - P.D. only,07 - SMV other,01 - Clear,01 - Daylight,01 - Dry,10 - No control,,1,0,0,0,,0,,,,,359997.281,5014910.416,45.27198421,-75.79653672,1498
17--11517,11/8/2017,8:00 AM,HIGHWAY 417 btwn HWY417 IC115 RAMP36 & HWY417 IC115 RAMP26 (__3ZA2R4),__3ZA2R4,01 - Non intersection,03 - P.D. only,04 - Sideswipe,01 - Clear,01 - Daylight,01 - Dry,10 - No control,,2,0,0,0,,0,,,,,372406.0525,5031514.394,45.42029767,-75.63613964,1499
17--11518,11/8/2017,8:03 PM,THORNDALE DR @ WALKLEY RD (0007182),7182,03 - At intersection,03 - P.D. only,03 - Rear end,01 - Clear,07 - Dark,01 - Dry,02 - Stop sign,00 - Unknown,2,0,0,0,,0,,,,,369465.7242,5025431.762,45.36584613,-75.67450392,1500
17--11519,11/8/2017,9:27 AM,HIGHWAY 417 btwn Continuation of HIGHWAY 417 & HWY417 IC134 RAMP51 (__3ZA29B),__3ZA29B,01 - Non intersection,02 - Non-fatal injury,04 - Sideswipe,01 - Clear,01 - Daylight,01 - Dry,10 - No control,,2,0,0,0,02 - Minor,1,,1,,,355630.2714,5021785.363,45.33417537,-75.85148352,1501
17--1134,1/28/2017,6:10 AM,OTTAWA RIVER PKWY @ ISLAND PARK DR (0002127),2127,02 - Intersection related,02 - Non-fatal injury,07 - SMV other,"07 - Fog, mist, smoke, dust",07 - Dark,99 - Other,01 - Traffic signal,00 - Unknown,1,0,0,0,02 - Minor,1,,1,,,363301.2986,5029456.933,45.40260562,-75.75271232,1502
17--11070,10/30/2017,11:29 AM,OTTAWA RIVER PKWY @ ISLAND PARK DR (0002127),2127,02 - Intersection related,02 - Non-fatal injury,03 - Rear end,02 - Rain,01 - Daylight,02 - Wet,01 - Traffic signal,01 - Functioning,2,0,0,0,02 - Minor,2,,2,,,363299.1732,5029454.28,45.40258193,-75.75273979,1503
17--11340,11/4/2017,4:00 AM,MARCH RD btwn PETER ROBINSON RD & CORKERY RD (__3ZA2RJ),__3ZA2RJ,04 - At/near private drive,03 - P.D. only,07 - SMV other,01 - Clear,07 - Dark,01 - Dry,10 - No control,,1,0,0,0,,0,,,,,335268.1329,5015512.991,45.27891283,-76.11165083,1504
17--11071,10/30/2017,11:33 AM,CARP RD btwn RICHARDSON SIDE RD & HWY417 IC144 RAMP62 (__3ZA3FS),__3ZA3FS,04 - At/near private drive,03 - P.D. only,07 - SMV other,02 - Rain,01 - Daylight,02 - Wet,10 - No control,,1,0,0,0,,0,,,,,347097.8573,5016153.023,45.28405989,-75.96081947,1505
17--11072,10/30/2017,11:38 AM,MADELEINE MEILLEUR PRIV @ VANIER PKWY (0013514),13514,03 - At intersection,03 - P.D. only,07 - SMV other,02 - Rain,01 - Daylight,02 - Wet,01 - Traffic signal,01 - Functioning,1,0,0,0,,0,,,,,369654.8152,5033359.306,45.43715791,-75.67104781,1506
17--11341,11/4/2017,4:20 PM,HIGHWAY 417 btwn HWY417 IC155 RAMP61 & HWY417 IC145 RAMP56 (__3ZA2Q2),__3ZA2Q2,01 - Non intersection,03 - P.D. only,07 - SMV other,02 - Rain,01 - Daylight,02 - Wet,10 - No control,,1,0,0,0,,0,,,,,344378.5019,5015419.828,45.27762066,-75.99554079,1507
17--11073,10/30/2017,11:50 AM,LONGFIELDS DR @ WOODROFFE AVE (0000096),96,02 - Intersection related,03 - P.D. only,99 - Other,01 - Clear,01 - Daylight,02 - Wet,01 - Traffic signal,01 - Functioning,2,0,0,0,,0,,,,,365422.8421,5017107.614,45.29130772,-75.72712814,1508
17--11342,11/4/2017,4:47 PM,CYRVILLE RD @ INNES RD (0009352),9352,03 - At intersection,03 - P.D. only,04 - Sideswipe,02 - Rain,05 - Dusk,02 - Wet,01 - Traffic signal,01 - Functioning,2,0,0,0,,0,,,,,375048.0592,5031119.564,45.41648491,-75.60244084,1509
17--11074,10/30/2017,Unknown,GURDWARA RD btwn LASER ST & END (2) (__3ZBOMP),__3ZBOMP,01 - Non intersection,03 - P.D. only,06 - SMV unattended vehicle,01 - Clear,00 - Unknown,01 - Dry,10 - No control,,1,0,0,0,,0,,,,,367118.2165,5022465.964,45.33937311,-75.70484209,1510
17--11343,11/4/2017,5:05 AM,HIGHWAY 417 btwn HWY417 IC155 RAMP51 & HWY417 IC155 RAMP35 (__3ZAZNR),__3ZAZNR,01 - Non intersection,03 - P.D. only,07 - SMV other,01 - Clear,07 - Dark,01 - Dry,10 - No control,,1,0,0,0,,0,,,,,339266.0279,5019380.113,45.31352647,-76.060426,1511
17--11075,10/30/2017,12:07 PM,BASELINE RD/HERON RD @ PRINCE OF WALES DR (0002345),2345,02 - Intersection related,03 - P.D. only,04 - Sideswipe,02 - Rain,01 - Daylight,02 - Wet,01 - Traffic signal,01 - Functioning,2,0,0,0,,0,,,,,366872.8391,5026437.932,45.37513383,-75.70747394,1512
17--11344,11/4/2017,5:15 PM,VAUGHAN SIDE RD btwn PETER ROBINSON RD & MARSHWOOD RD (__3ZAC0Y),__3ZAC0Y,01 - Non intersection,03 - P.D. only,07 - SMV other,01 - Clear,07 - Dark,01 - Dry,10 - No control,,1,0,0,0,,0,,,,,333539.7551,5018071.338,45.30200711,-76.13353218,1513
17--11076,10/30/2017,12:45 AM,HIGHWAY 417 btwn HWY417 IC122 RAMP16 & HWY417 IC122 RAMP61 (__3ZA2RA),__3ZA2RA,01 - Non intersection,03 - P.D. only,07 - SMV other,02 - Rain,07 - Dark,02 - Wet,10 - No control,,1,0,0,0,,0,,,,,365338.1608,5028897.67,45.39740032,-75.72676471,1514
17--11345,11/4/2017,5:15 PM,LEMIEUX ST @ ST. LAURENT BLVD (0002021),2021,02 - Intersection related,03 - P.D. only,04 - Sideswipe,03 - Snow,05 - Dusk,02 - Wet,01 - Traffic signal,00 - Unknown,2,0,0,0,,0,,,,,372391.7247,5031743.759,45.42236277,-75.63629123,1515
17--11077,10/30/2017,2:30 PM,BRONSON AVE btwn GLADSTONE AVE & MCLEOD ST (__3ZA30A),__3ZA30A,01 - Non intersection,03 - P.D. only,04 - Sideswipe,01 - Clear,01 - Daylight,01 - Dry,10 - No control,,2,0,0,0,,0,,,,,367140.7251,5030061.497,45.40771394,-75.70359619,1516
17--11346,11/4/2017,5:33 PM,CARLING AVE @ TRANSITWAY - LINCOLN FIE (0008873),8873,02 - Intersection related,03 - P.D. only,03 - Rear end,01 - Clear,07 - Dark,01 - Dry,01 - Traffic signal,01 - Functioning,2,0,0,0,,0,,,,,361137.0145,5025350.854,45.36583702,-75.78082499,1517
17--11078,10/30/2017,2:30 PM,EAGLESON RD @ HAZELDEAN RD/ROBERTSON RD (0002715),2715,02 - Intersection related,03 - P.D. only,03 - Rear end,01 - Clear,01 - Daylight,02 - Wet,01 - Traffic signal,01 - Functioning,2,0,0,0,,0,,,,,353674.1028,5018424.699,45.30407447,-75.87677133,1518
17--11079,10/30/2017,2:55 PM,MITCH OWENS RD @ STAGECOACH RD (0003576),3576,03 - At intersection,03 - P.D. only,02 - Angle,01 - Clear,01 - Daylight,01 - Dry,01 - Traffic signal,01 - Functioning,2,0,0,0,,0,,,,,375398.7514,5014485.127,45.26678008,-75.60033436,1519
17--1108,1/28/2017,10:28 AM,REVELL DR N @ CARRISON DR N (0003708),3708,03 - At intersection,02 - Non-fatal injury,02 - Angle,03 - Snow,01 - Daylight,03 - Loose snow,02 - Stop sign,01 - Functioning,2,0,0,0,01 - Minimal,1,1,,,,367744.2444,5008981.923,45.21798915,-75.6985649,1520
17--11080,10/30/2017,3:00 PM,ROBERTSON RD btwn WESTCLIFFE RD & FITZGERALD RD (__3ZA41Z),__3ZA41Z,04 - At/near private drive,03 - P.D. only,03 - Rear end,01 - Clear,01 - Daylight,01 - Dry,10 - No control,,2,0,0,0,,0,,,,,356470.036,5020097.474,45.31892622,-75.84094626,1521
17--11081,10/30/2017,3:14 PM,WEST HUNT CLUB RD @ WOODROFFE AVE (0000576),576,02 - Intersection related,03 - P.D. only,03 - Rear end,01 - Clear,01 - Daylight,01 - Dry,01 - Traffic signal,01 - Functioning,2,0,0,0,,0,,,,,363670.691,5021246.728,45.32870028,-75.74897238,1522
17--11082,10/30/2017,3:20 AM,AIRPORT PKWY @ UPLANDS DR RAMP 62 (0004115),4115,02 - Intersection related,03 - P.D. only,04 - Sideswipe,02 - Rain,07 - Dark,02 - Wet,03 - Yield sign,01 - Functioning,2,0,0,0,,0,,,,,371299.4342,5021621.597,45.33139189,-75.65161041,1523
17--11083,10/30/2017,3:46 AM,NELSON ST btwn WILBROD ST & LAURIER AVE E (__3ZA8KB),__3ZA8KB,01 - Non intersection,02 - Non-fatal injury,07 - SMV other,01 - Clear,07 - Dark,01 - Dry,10 - No control,,1,0,0,1,02 - Minor,1,,1,,,368871.3636,5032126.945,45.42614182,-75.68122095,1524
17--11084,10/30/2017,3:46 AM,HUNT CLUB RD btwn LORRY GREENBERG DR & PIKE ST (__3ZA3S3),__3ZA3S3,01 - Non intersection,03 - P.D. only,04 - Sideswipe,02 - Rain,07 - Dark,02 - Wet,10 - No control,,2,0,0,0,,0,,,,,372995.573,5024910.463,45.36082114,-75.62952035,1525
17--11085,10/30/2017,4:30 PM,INNES RD btwn ORIENT PARK DR & EASTPARK DR (__3ZA2A1),__3ZA2A1,04 - At/near private drive,03 - P.D. only,03 - Rear end,01 - Clear,01 - Daylight,01 - Dry,10 - No control,,2,0,0,0,,0,,,,,378367.1797,5033063.188,45.43363126,-75.55974778,1526
17--11086,10/30/2017,4:40 PM,OLD TENTH LINE RD/OR174 IC101 RAMP63 @ ST. JOS (0009233),9233,02 - Intersection related,02 - Non-fatal injury,02 - Angle,01 - Clear,01 - Daylight,01 - Dry,01 - Traffic signal,01 - Functioning,2,0,0,0,02 - Minor,2,,2,,,383119.2346,5038783.556,45.48458206,-75.49811029,1527
17--11087,10/30/2017,4:43 PM,CONROY RD @ HUNT CLUB RD (0002257),2257,03 - At intersection,03 - P.D. only,02 - Angle,01 - Clear,01 - Daylight,01 - Dry,01 - Traffic signal,01 - Functioning,2,0,0,0,,0,,,,,373763.4056,5025405.192,45.3651974,-75.6196515,1528
17--11088,10/30/2017,4:47 PM,INNES RD @ WILDFLOWER DR (0012871),12871,02 - Intersection related,03 - P.D. only,03 - Rear end,01 - Clear,01 - Daylight,02 - Wet,01 - Traffic signal,01 - Functioning,3,0,0,0,,0,,,,,382936.7552,5035690.319,45.45677231,-75.50093614,1529
17--11089,10/30/2017,5:00 AM,HIGHWAY 417 btwn HIGHWAY 417 & HIGHWAY 417 (2) (__3ZA2UZ),__3ZA2UZ,01 - Non intersection,03 - P.D. only,07 - SMV other,02 - Rain,07 - Dark,02 - Wet,10 - No control,,1,0,0,0,,0,,,,,375201.5026,5030564.263,45.41147319,-75.60055986,1530
17--1109,1/28/2017,10:29 AM,GREENBANK RD btwn LISA AVE & BASELINE RD (__3ZA4ML),__3ZA4ML,01 - Non intersection,03 - P.D. only,04 - Sideswipe,03 - Snow,01 - Daylight,02 - Wet,10 - No control,,2,0,0,0,,0,,,,,360551.6651,5022822.589,45.34313457,-75.78858185,1531
17--11090,10/30/2017,5:03 PM,TRIM RD btwn ST. JOSEPH BLVD & WATTERS RD (__3ZA2GC),__3ZA2GC,01 - Non intersection,03 - P.D. only,03 - Rear end,01 - Clear,01 - Daylight,01 - Dry,10 - No control,,3,0,0,0,,0,,,,,384909.4283,5038803.042,45.48455423,-75.47520992,1532
17--11091,10/30/2017,5:06 PM,BAYSWATER AVE btwn WELLINGTON ST W & SOMERSET ST W (__3ZA31D),__3ZA31D,01 - Non intersection,03 - P.D. only,06 - SMV unattended vehicle,01 - Clear,01 - Daylight,01 - Dry,10 - No control,,1,0,0,0,,0,,,,,365799.1129,5029942.303,45.40675967,-75.72074845,1533
17--11092,10/30/2017,5:14 AM,MCCORDICK RD btwn COWELL RD & DILWORTH RD (__3ZA0MG),__3ZA0MG,01 - Non intersection,03 - P.D. only,07 - SMV other,02 - Rain,07 - Dark,02 - Wet,10 - No control,,1,0,0,0,,0,,,,,368042.5285,4994533.329,45.0879526,-75.69659623,1534
17--11093,10/30/2017,5:15 PM,MACKENZIE KING BRIDGE @ N.D.H.Q./RIDEAU CENTRE SC (0008974),8974,03 - At intersection,02 - Non-fatal injury,07 - SMV other,01 - Clear,05 - Dusk,01 - Dry,01 - Traffic signal,01 - Functioning,1,0,0,1,02 - Minor,1,,1,,,368164.2056,5031868.233,45.42387844,-75.69029021,1535
17--11094,10/30/2017,5:30 AM,BOWESVILLE RD btwn RIDEAU RD & MITCH OWENS RD (__3ZA711),__3ZA711,01 - Non intersection,03 - P.D. only,07 - SMV other,02 - Rain,07 - Dark,02 - Wet,10 - No control,,1,0,0,0,,0,,,,,373951.6735,5014203.39,45.26438884,-75.61881201,1536
17--11095,10/30/2017,5:40 AM,HIGHWAY 417 btwn HWY417 IC119A RAMP67 & HWY417 IC118 RAMP76 (__3ZA2YS),__3ZA2YS,01 - Non intersection,03 - P.D. only,04 - Sideswipe,02 - Rain,07 - Dark,02 - Wet,10 - No control,,2,0,0,0,,0,,,,,368884.9251,5030682.799,45.41314667,-75.68123549,1537
17--11096,10/30/2017,6:00 AM,HIGHWAY 417 btwn HWY417 IC140 RAMP25 & HWY417 IC139 RAMP15 (__4BCLBK),__4BCLBK,01 - Non intersection,03 - P.D. only,07 - SMV other,02 - Rain,07 - Dark,02 - Wet,10 - No control,,1,0,0,0,,0,,,,,351709.7812,5019202.347,45.31120586,-75.9017448,1538
17--11097,10/30/2017,6:00 AM,HIGHWAY 417 btwn HWY417 IC144 RAMP35 & HWY417 IC144 RAMP25 (__3ZA2QT),__3ZA2QT,01 - Non intersection,03 - P.D. only,07 - SMV other,02 - Rain,07 - Dark,02 - Wet,10 - No control,,1,0,0,0,,0,,,,,347492.2218,5015895.472,45.28171851,-75.9558148,1539
17--11098,10/30/2017,6:19 AM,ANDERSON RD @ INNES RD (0004200),4200,03 - At intersection,02 - Non-fatal injury,05 - Turning movement,02 - Rain,03 - Dawn,02 - Wet,01 - Traffic signal,01 - Functioning,2,0,0,0,02 - Minor,2,,2,,,376279.7378,5031840.895,45.42285029,-75.58660103,1540
17--11099,10/30/2017,6:30 PM,WOODROFFE AVE btwn 260 N OF FALLOWFIELD RD/TRANSITWAY & FALLOWFIELD RD (__3ZA3IOB),__3ZA3IOB,01 - Non intersection,03 - P.D. only,04 - Sideswipe,01 - Clear,05 - Dusk,01 - Dry,10 - No control,,2,0,0,0,,0,,,,,365081.4711,5017915.23,45.29860398,-75.73138167,1541
17--111,1/4/2017,10:48 AM,BANK ST @ WALKLEY RD (0011423),11423,02 - Intersection related,03 - P.D. only,03 - Rear end,03 - Snow,01 - Daylight,03 - Loose snow,01 - Traffic signal,00 - Unknown,2,0,0,0,,0,,,,,370339.5687,5025948.593,45.37041524,-75.66328141,1542
17--1110,1/28/2017,11:26 AM,HAZELDEAN RD @ TERRY FOX DR (0003682),3682,02 - Intersection related,03 - P.D. only,03 - Rear end,03 - Snow,01 - Daylight,02 - Wet,01 - Traffic signal,01 - Functioning,2,0,0,0,,0,,,,,352208.1575,5017242.451,45.29353677,-75.89557663,1543
17--11100,10/30/2017,6:32 PM,GREENBANK RD @ MALVERN DR/FOXFIELD DR (0009821),9821,03 - At intersection,03 - P.D. only,03 - Rear end,01 - Clear,07 - Dark,01 - Dry,01 - Traffic signal,01 - Functioning,2,0,0,0,,0,,,,,363311.7911,5016194.446,45.28326997,-75.75414699,1544
17--11101,10/30/2017,7:00 AM,OLD INNES RD @ BANTREE ST (0007674),7674,03 - At intersection,03 - P.D. only,05 - Turning movement,02 - Rain,03 - Dawn,02 - Wet,02 - Stop sign,00 - Unknown,2,0,0,0,,0,,,,,373727.7016,5030352.739,45.40971671,-75.61941626,1545
17--11102,10/30/2017,7:00 AM,HIGHWAY 417 btwn HWY417 IC127 RAMP25 & HWY417 IC126 RAMP51 (__3ZA2XA),__3ZA2XA,01 - Non intersection,03 - P.D. only,03 - Rear end,02 - Rain,07 - Dark,02 - Wet,10 - No control,,2,0,0,0,,0,,,,,363144.8774,5025795.658,45.36967506,-75.75514306,1546
17--11103,10/30/2017,7:24 AM,ST. JOSEPH BLVD @ FOREST VALLEY DR/YOUVILLE DR (0004440),4440,02 - Intersection related,02 - Non-fatal injury,03 - Rear end,02 - Rain,01 - Daylight,02 - Wet,01 - Traffic signal,01 - Functioning,2,0,0,0,02 - Minor,2,,2,,,379167.2547,5036156.589,45.46137883,-75.54905595,1547
17--11104,10/30/2017,7:25 AM,PRINCE OF WALES DR @ STRANDHERD DR (0013339),13339,02 - Intersection related,03 - P.D. only,03 - Rear end,02 - Rain,01 - Daylight,02 - Wet,01 - Traffic signal,01 - Functioning,2,0,0,0,,0,,,,,367175.7677,5014824.43,45.27061043,-75.70506943,1548
17--11105,10/30/2017,7:30 PM,CARLING AVE EB btwn AARON AVE & IROQUOIS RD (__3ZA4WJ),__3ZA4WJ,04 - At/near private drive,03 - P.D. only,04 - Sideswipe,01 - Clear,07 - Dark,01 - Dry,10 - No control,,2,0,0,0,,0,,,,,362191.278,5025995.43,45.37155133,-75.76729292,1549
17--11106,10/30/2017,7:36 AM,BAYSWATER AVE @ SOMERSET ST (0006486),6486,03 - At intersection,02 - Non-fatal injury,07 - SMV other,02 - Rain,01 - Daylight,02 - Wet,01 - Traffic signal,01 - Functioning,1,0,0,1,01 - Minimal,1,1,,,,365811.6972,5029910.899,45.40647601,-75.72059159,1550
17--11107,10/30/2017,7:43 AM,HWY 417 ST.LAURE IC115R51 @ ST. LAURENT BLVD (0002712),2712,02 - Intersection related,03 - P.D. only,03 - Rear end,02 - Rain,01 - Daylight,02 - Wet,01 - Traffic signal,01 - Functioning,2,0,0,0,,0,,,,,372528.9939,5031411.947,45.41936401,-75.63458297,1551
17--11108,10/30/2017,7:51 AM,REGIONAL ROAD 174 btwn OR174 IC112 RAMP36 & OR174 IC112 RAMP26 (__3ZAZFK),__3ZAZFK,01 - Non intersection,03 - P.D. only,07 - SMV other,02 - Rain,01 - Daylight,02 - Wet,10 - No control,,1,0,0,0,,0,,,,,374756.136,5032812.98,45.4317506,-75.60592979,1552
17--11109,10/30/2017,8:01 AM,HUNTMAR DR @ PAINE AVE (0017103),17103,02 - Intersection related,03 - P.D. only,07 - SMV other,02 - Rain,01 - Daylight,02 - Wet,02 - Stop sign,00 - Unknown,1,0,0,0,,0,,,,,348757.8592,5018383.547,45.30402903,-75.93946234,1553
17--1111,1/28/2017,11:37 PM,QUEEN MARY ST @ VERA ST (0008258),8258,02 - Intersection related,02 - Non-fatal injury,01 - Approaching,03 - Snow,07 - Dark,05 - Packed snow,02 - Stop sign,00 - Unknown,2,0,0,0,02 - Minor,1,,1,,,370522.8042,5031973.291,45.42460609,-75.66013965,1554
17--11110,10/30/2017,8:20 AM,ALTA VISTA DR @ SMYTH RD (0011353),11353,03 - At intersection,03 - P.D. only,99 - Other,02 - Rain,01 - Daylight,02 - Wet,01 - Traffic signal,01 - Functioning,2,0,0,0,,0,,,,,370432.3815,5029082.226,45.3986019,-75.66167997,1555
17--11111,10/30/2017,8:32 AM,ROGER STEVENS DR btwn DWYER HILL RD & MALAKOFF RD (__3ZA4ZQ),__3ZA4ZQ,01 - Non intersection,03 - P.D. only,07 - SMV other,02 - Rain,01 - Daylight,02 - Wet,10 - No control,,1,0,0,0,,0,,,,,355510.5412,4990291.614,45.05079227,-75.8562141,1556
17--11112,10/30/2017,9:12 PM,BRONSON AVE @ SUNNYSIDE AVE/UNIVERSITY RD - CA (0007209),7209,03 - At intersection,02 - Non-fatal injury,07 - SMV other,01 - Clear,07 - Dark,01 - Dry,01 - Traffic signal,01 - Functioning,1,0,0,1,02 - Minor,1,,1,,,367923.7134,5028092.885,45.38993077,-75.69384643,1557
17--11113,10/30/2017,9:17 AM,BYRON AVE @ ISLAND PARK DR (0006365),6365,02 - Intersection related,03 - P.D. only,03 - Rear end,02 - Rain,01 - Daylight,02 - Wet,01 - Traffic signal,01 - Functioning,2,0,0,0,,0,,,,,364255.69,5028603.312,45.3948445,-75.74062502,1558
17--11114,10/30/2017,9:25 AM,BIRCH AVE EXT./ROCKCLIFFE PKWY @ ROCKCLIFFE PK (0008782),8782,02 - Intersection related,03 - P.D. only,03 - Rear end,02 - Rain,01 - Daylight,02 - Wet,02 - Stop sign,00 - Unknown,2,0,0,0,,0,,,,,370128.7018,5035705.615,45.45822485,-75.66467984,1559
17--11115,10/30/2017,9:29 AM,BLAIR RD @ OGILVIE RD (0004120),4120,02 - Intersection related,03 - P.D. only,03 - Rear end,02 - Rain,01 - Daylight,02 - Wet,01 - Traffic signal,00 - Unknown,2,0,0,0,,0,,,,,374508.6795,5033198.336,45.43524253,-75.60903745,1560
17--11116,10/30/2017,9:54 AM,WOODROFFE AVE @ SPORTSPLEX N (0005568),5568,03 - At intersection,02 - Non-fatal injury,05 - Turning movement,02 - Rain,01 - Daylight,02 - Wet,01 - Traffic signal,01 - Functioning,2,0,0,0,02 - Minor,1,,1,,,363763.3279,5021065.228,45.32705938,-75.74781231,1561
17--11117,10/30/2017,9:57 PM,HIGHWAY 417 btwn TRANSIT & HWY417 IC127 RAMP16 (__3ZA2SJ),__3ZA2SJ,01 - Non intersection,03 - P.D. only,04 - Sideswipe,01 - Clear,07 - Dark,01 - Dry,10 - No control,,2,0,0,0,,0,,,,,361680.8354,5024512.024,45.35824537,-75.7739799,1562
17--11118,10/31/2017,10:22 PM,BEARBROOK RD/ROCKCLIFFE PKWY @ ST. JOSEPH BLVD (0012382),12382,02 - Intersection related,03 - P.D. only,03 - Rear end,01 - Clear,07 - Dark,01 - Dry,01 - Traffic signal,01 - Functioning,2,0,0,0,,0,,,,,377127.7267,5035240.891,45.45335412,-75.57526689,1563
17--11119,10/31/2017,11:00 AM,MCCOOEY LANE @ FISHER AVE (0003055),3055,03 - At intersection,03 - P.D. only,03 - Rear end,01 - Clear,01 - Daylight,01 - Dry,01 - Traffic signal,01 - Functioning,2,0,0,0,,0,,,,,365998.6578,5026425.292,45.375097,-75.71863573,1564
17--1112,1/28/2017,11:46 AM,BASELINE RD btwn ZENA ST & MARSON ST (__3ZA4JJ),__3ZA4JJ,04 - At/near private drive,03 - P.D. only,99 - Other,03 - Snow,01 - Daylight,02 - Wet,10 - No control,,2,0,0,0,,0,,,,,365792.3295,5025791.309,45.36941053,-75.7213481,1565
17--11120,10/31/2017,12:05 PM,LANTHIER DR @ VANTAGE DR (0004631),4631,03 - At intersection,03 - P.D. only,02 - Angle,01 - Clear,01 - Daylight,01 - Dry,02 - Stop sign,01 - Functioning,2,0,0,0,,0,,,,,383602.4336,5035847.892,45.45811526,-75.49240078,1566
17--11121,10/31/2017,12:46 PM,BYRON AVE @ WINDERMERE AVE (0006730),6730,03 - At intersection,03 - P.D. only,02 - Angle,01 - Clear,01 - Daylight,01 - Dry,02 - Stop sign,01 - Functioning,2,0,0,0,,0,,,,,362316.6105,5027480.57,45.38490418,-75.76551995,1567
17--11122,10/31/2017,12:59 PM,BASELINE RD @ WOODROFFE AVE (0002225),2225,02 - Intersection related,03 - P.D. only,03 - Rear end,01 - Clear,01 - Daylight,01 - Dry,01 - Traffic signal,01 - Functioning,2,0,0,0,,0,,,,,362549.2168,5023770.268,45.35150012,-75.76298355,1568
17--11123,10/31/2017,2:32 PM,ST. LAURENT BLVD @ COVENTRY RD/OGILVIE RD (0002151),2151,02 - Intersection related,03 - P.D. only,04 - Sideswipe,01 - Clear,01 - Daylight,01 - Dry,01 - Traffic signal,00 - Unknown,2,0,0,0,,0,,,,,372305.3851,5031950.906,45.42423492,-75.63736599,1569
17--11124,10/31/2017,2:34 PM,LEIKIN DR @ MERIVALE RD (0005133),5133,03 - At intersection,02 - Non-fatal injury,02 - Angle,01 - Clear,01 - Daylight,01 - Dry,01 - Traffic signal,01 - Functioning,2,0,0,0,02 - Minor,2,1,1,,,367130.3732,5018261.804,45.30154362,-75.70521608,1570
17--11125,10/31/2017,3:08 AM,TEENA COLLEEN PRIV btwn VISTA BARRETT PRIV & SUN VISTA PRIV (__3ZA717),__3ZA717,01 - Non intersection,03 - P.D. only,06 - SMV unattended vehicle,01 - Clear,07 - Dark,01 - Dry,10 - No control,,1,0,0,0,,0,,,,,375705.953,5014422.475,45.26618545,-75.59642901,1571
17--11126,10/31/2017,3:23 PM,BLACKBURN BYPASS EB btwn NAVAN RD & INNES RD E (__3ZA3JA),__3ZA3JA,01 - Non intersection,03 - P.D. only,03 - Rear end,01 - Clear,01 - Daylight,01 - Dry,10 - No control,,2,0,0,0,,0,,,,,379778.5527,5033631.838,45.43859766,-75.54162511,1572
17--11127,10/31/2017,3:47 PM,MARCH RD @ SOLANDT RD (0003172),3172,03 - At intersection,03 - P.D. only,05 - Turning movement,01 - Clear,01 - Daylight,01 - Dry,01 - Traffic signal,01 - Functioning,2,0,0,0,,0,,,,,350490.6118,5022708.496,45.34283542,-75.91696886,1573
17--11128,10/31/2017,4:20 PM,MOODIE DR @ ROBERTSON RD (0010545),10545,02 - Intersection related,03 - P.D. only,03 - Rear end,01 - Clear,01 - Daylight,01 - Dry,01 - Traffic signal,01 - Functioning,2,0,0,0,,0,,,,,357067.13,5020455.239,45.32210123,-75.83329306,1574
17--11129,10/31/2017,4:24 PM,JEANNE D'ARC BLVD  N btwn OR174 IC105 RAMP36 & Continuation of JEANNE  (__3ZA2AQ),__3ZA2AQ,01 - Non intersection,03 - P.D. only,03 - Rear end,01 - Clear,01 - Daylight,01 - Dry,10 - No control,,2,0,0,0,,0,,,,,379280.316,5037253.243,45.47123364,-75.54744424,1575
17--1113,1/28/2017,11:55 AM,CARLING AVE btwn DEFENSE  RESEARCH COMPLEX & RIFLE RD (__3ZA4Z6B),__3ZA4Z6B,01 - Non intersection,03 - P.D. only,05 - Turning movement,03 - Snow,01 - Daylight,02 - Wet,10 - No control,,2,0,0,0,,0,,,,,353674.2886,5023184.515,45.34690412,-75.87629913,1576