Anom_ID,Accident_Date,Accident_Time,Location,Geo_ID,Accident_Location,Classification_of_Accident,Initial_Impact_Type,Environment_Condition,Light,Road_Surface_Condition,Traffic_Control,Traffic_Control_Condition,No__of_Vehicles,No__of_Bicycles,No__of_Motorcycles,No__of_Pedestrians,Max_Injury,No__of_Injuries,No__of_Minimal,No__of_Minor,No__of_Major,No__of_Fatal,X,Y,Latitude,Longitude,ObjectId
17--11130,10/31/2017,4:27 PM,ALBERT ST @ BOOTH ST (0002162),2162,02 - Intersection related,03 - P.D. only,04 - Sideswipe,01 - Clear,01 - Daylight,01 - Dry,01 - Traffic signal,00 - Unknown,2,0,0,0,,0,,,,,366429.6965,5030626.567,45.41286125,-75.71260808,1577
17--11131,10/31/2017,4:30 PM,MARILYN AVE @ RIVERSIDE DR (0002038),2038,02 - Intersection related,03 - P.D. only,05 - Turning movement,01 - Clear,01 - Daylight,01 - Dry,02 - Stop sign,01 - Functioning,2,0,0,0,,0,,,,,368119.3796,5024233.182,45.35518451,-75.69184262,1578
17--11132,10/31/2017,4:32 PM,BANK ST @ FIRST AVE (0007233),7233,03 - At intersection,03 - P.D. only,02 - Angle,01 - Clear,01 - Daylight,01 - Dry,01 - Traffic signal,01 - Functioning,2,0,0,0,,0,,,,,368272.7069,5029701.561,45.40437361,-75.68918289,1579
17--11133,10/31/2017,4:37 PM,STRANDHERD DR btwn WOODROFFE AVE & 210 W OF WOODROFFE AVE (__3ZACGCA),__3ZACGCA,01 - Non intersection,03 - P.D. only,03 - Rear end,01 - Clear,01 - Daylight,01 - Dry,10 - No control,,2,0,0,0,,0,,,,,366023.4778,5015358.351,45.27551589,-75.71968725,1580
17--11134,10/31/2017,4:50 PM,RIVERSIDE DR SB btwn Continuation of RIVERSIDE DR & HWY417 IC117 RAMP5 (__3ZA251),__3ZA251,01 - Non intersection,03 - P.D. only,04 - Sideswipe,01 - Clear,01 - Daylight,01 - Dry,10 - No control,,2,0,0,0,,0,,,,,370749.5994,5030858.981,45.41455864,-75.65739094,1581
17--11135,10/31/2017,5:09 PM,HARVEST VALLEY AVE btwn SPARKMAN AVE & END (__6REWRP),__6REWRP,01 - Non intersection,02 - Non-fatal injury,07 - SMV other,01 - Clear,01 - Daylight,01 - Dry,10 - No control,,1,0,0,1,02 - Minor,1,,1,,,384768.9973,5034420.513,45.44514048,-75.47771906,1582
17--11136,10/31/2017,5:25 PM,EDGEWATER ST btwn TERRY FOX DR & HAZELDEAN RD (__3ZBNCU),__3ZBNCU,04 - At/near private drive,03 - P.D. only,02 - Angle,01 - Clear,01 - Daylight,01 - Dry,10 - No control,,2,0,0,0,,0,,,,,352159.3916,5017483.387,45.29570806,-75.89617532,1583
17--11137,10/31/2017,5:30 PM,MEADOWLANDS DR/PETER ST @ PERRY ST (0001114),1114,02 - Intersection related,03 - P.D. only,03 - Rear end,01 - Clear,05 - Dusk,01 - Dry,01 - Traffic signal,01 - Functioning,2,0,0,0,,0,,,,,364439.2824,5023493.564,45.34885218,-75.73889732,1584
17--11138,10/31/2017,6:32 AM,ORLEANS BLVD btwn LUMBERMAN WAY & ST. JOSEPH BLVD (__3ZA66D),__3ZA66D,04 - At/near private drive,03 - P.D. only,02 - Angle,01 - Clear,03 - Dawn,01 - Dry,10 - No control,,2,0,0,0,,0,,,,,380618.4833,5036999.762,45.46880903,-75.53037149,1585
17--11139,10/31/2017,7:05 AM,RIDEAU RD btwn POWER RD & HAWTHORNE RD (__3ZA6GY),__3ZA6GY,04 - At/near private drive,03 - P.D. only,02 - Angle,01 - Clear,01 - Daylight,01 - Dry,10 - No control,,2,0,0,0,,0,,,,,378495.4989,5018789.67,45.30519282,-75.56023726,1586
17--1114,1/28/2017,12:00 PM,ISLAND PARK DR @ HELENA ST (0006915),6915,02 - Intersection related,03 - P.D. only,03 - Rear end,03 - Snow,01 - Daylight,02 - Wet,02 - Stop sign,01 - Functioning,2,0,0,0,,0,,,,,364413.0965,5028239.694,45.39155935,-75.73865872,1587
17--11140,10/31/2017,7:08 AM,INNES RD @ 215 W OF CYRVILLE RD/HOME DEPOT W (0012457),12457,03 - At intersection,02 - Non-fatal injury,02 - Angle,01 - Clear,01 - Daylight,01 - Dry,01 - Traffic signal,01 - Functioning,2,0,0,0,03 - Major,2,,1,1,,374864.8889,5031002.122,45.4154466,-75.60479761,1588
17--11141,10/31/2017,7:48 PM,CLARIDGE DR @ TOTTERIDGE AVE (0011026),11026,03 - At intersection,02 - Non-fatal injury,07 - SMV other,01 - Clear,07 - Dark,01 - Dry,02 - Stop sign,01 - Functioning,1,0,0,1,01 - Minimal,1,1,,,,364653.8245,5016292.565,45.28403985,-75.73702968,1589
17--11142,10/31/2017,8:30 AM,HIGHWAY 417 btwn HWY417 IC119A RAMP67 & HWY417 IC118 RAMP76 (__3ZA2YS),__3ZA2YS,01 - Non intersection,03 - P.D. only,04 - Sideswipe,01 - Clear,01 - Daylight,01 - Dry,10 - No control,,2,0,0,0,,0,,,,,368716.4378,5030599.252,45.41241035,-75.68339874,1590
17--11143,10/31/2017,8:46 AM,RIVER RD @ TEWSLEY (0013247),13247,02 - Intersection related,02 - Non-fatal injury,03 - Rear end,01 - Clear,01 - Daylight,01 - Dry,01 - Traffic signal,01 - Functioning,2,0,0,0,02 - Minor,1,,1,,,367969.1411,5015644.813,45.27792134,-75.69485512,1591
17--11144,10/31/2017,8:53 AM,GREENBANK RD btwn CANFIELD RD & BELLMAN DR (__3ZA4YT),__3ZA4YT,01 - Non intersection,03 - P.D. only,04 - Sideswipe,01 - Clear,01 - Daylight,01 - Dry,10 - No control,,2,0,0,0,,0,,,,,361111.2653,5021349.207,45.32983241,-75.7816093,1592
17--11145,10/31/2017,8:59 PM,WILLOW ASTER CIR btwn GERARDIA LANE & MONARDIA WAY (e___2HC3),e___2HC3,04 - At/near private drive,03 - P.D. only,06 - SMV unattended vehicle,01 - Clear,07 - Dark,02 - Wet,10 - No control,,1,0,0,0,,0,,,,,383585.3052,5033722.905,45.43899842,-75.49296006,1593
17--11146,10/31/2017,9:35 AM,BANK ST @ JOHNSTON RD (0006967),6967,02 - Intersection related,02 - Non-fatal injury,07 - SMV other,01 - Clear,01 - Daylight,01 - Dry,01 - Traffic signal,01 - Functioning,1,0,0,0,01 - Minimal,1,1,,,,370850.7272,5024839.528,45.36038825,-75.6569046,1594
17--11147,10/31/2017,9:58 AM,RUSSELL RD btwn CUBA AVE & SMYTH RD (__3ZA78S),__3ZA78S,01 - Non intersection,03 - P.D. only,05 - Turning movement,01 - Clear,01 - Daylight,01 - Dry,10 - No control,,2,0,0,0,,0,,,,,373184.2742,5029451.758,45.40166341,-75.62648294,1595
17--11148,11/1/2017,1:34 AM,PRINCE OF WALES DR @ WEST HUNT CLUB RD (0000567),567,03 - At intersection,03 - P.D. only,02 - Angle,01 - Clear,07 - Dark,01 - Dry,01 - Traffic signal,01 - Functioning,2,0,0,0,,0,,,,,367458.3759,5021892.841,45.33418596,-75.70057477,1596
17--11149,11/1/2017,1:49 PM,DONALD ST @ ST. LAURENT BLVD (0008630),8630,02 - Intersection related,03 - P.D. only,03 - Rear end,01 - Clear,01 - Daylight,01 - Dry,01 - Traffic signal,01 - Functioning,2,0,0,0,,0,,,,,372094.6687,5032473.78,45.4289598,-75.63998694,1597
17--1115,1/28/2017,12:31 AM,FRANK KENNY RD btwn INNES RD & FRENCH HILL RD (__61W6X7),__61W6X7,01 - Non intersection,02 - Non-fatal injury,04 - Sideswipe,05 - Drifting Snow,07 - Dark,06 - Ice,10 - No control,,2,0,0,0,02 - Minor,1,,1,,,388178.405,5037012.356,45.46806079,-75.433703,1598
17--11150,11/1/2017,1:55 AM,LAURIER AVE @ NICHOLAS ST (0010711),10711,03 - At intersection,02 - Non-fatal injury,02 - Angle,01 - Clear,07 - Dark,01 - Dry,01 - Traffic signal,01 - Functioning,2,0,0,0,02 - Minor,1,,1,,,368372.6337,5031798.27,45.42323003,-75.68763607,1599
17--11151,11/1/2017,10:25 AM,TERRY FOX DR @ PALLADIUM DR/KATIMAVIK RD (0011858),11858,03 - At intersection,03 - P.D. only,04 - Sideswipe,02 - Rain,01 - Daylight,02 - Wet,01 - Traffic signal,01 - Functioning,2,0,0,0,,0,,,,,351269.2401,5018181.536,45.30204963,-75.90745856,1600
17--11152,11/1/2017,11:15 AM,HIGHWAY 417 btwn HWY417 IC131 RAMP66 & HWY417 IC130 RAMP26 (__3ZA29A),__3ZA29A,01 - Non intersection,03 - P.D. only,07 - SMV other,02 - Rain,01 - Daylight,02 - Wet,10 - No control,,1,0,0,0,,0,,,,,358935.2381,5023041.943,45.34523493,-75.8091827,1601
17--11153,11/1/2017,11:20 PM,LEES AVE @ KING EDWARD AVE/MANN AVE (0011413),11413,03 - At intersection,03 - P.D. only,03 - Rear end,02 - Rain,07 - Dark,02 - Wet,01 - Traffic signal,01 - Functioning,2,0,0,0,,0,,,,,369178.9594,5031334.884,45.41898691,-75.67739404,1602
17--11154,11/1/2017,11:23 PM,CARLING AVE @ EDGEWORTH AVE (0002718),2718,03 - At intersection,02 - Non-fatal injury,05 - Turning movement,01 - Clear,07 - Dark,02 - Wet,01 - Traffic signal,01 - Functioning,2,0,0,0,02 - Minor,1,,1,,,361261.7783,5025424.299,45.36648784,-75.77922404,1603
17--11155,11/1/2017,11:28 AM,BANK ST btwn BANK ST EXTENSION NB & JOHNSTON RD (__3ZA37U),__3ZA37U,01 - Non intersection,02 - Non-fatal injury,03 - Rear end,02 - Rain,01 - Daylight,02 - Wet,10 - No control,,2,0,0,0,02 - Minor,1,,1,,,370588.1879,5025392.206,45.36538576,-75.66018181,1604
17--11156,11/1/2017,Unknown,GILMOUR ST btwn O'CONNOR ST & METCALFE ST (__3ZA9TA),__3ZA9TA,01 - Non intersection,03 - P.D. only,06 - SMV unattended vehicle,01 - Clear,00 - Unknown,01 - Dry,10 - No control,,1,0,0,0,,0,,,,,367991.5375,5030896.664,45.4151522,-75.69262106,1605
17--11157,11/1/2017,12:31 AM,VANIER PKWY NB btwn BEECHWOOD AVE/ ST. PATRICK ST/CRICHTON ST & DESCHA (__3ZA4SV),__3ZA4SV,01 - Non intersection,03 - P.D. only,07 - SMV other,01 - Clear,07 - Dark,01 - Dry,10 - No control,,1,0,0,0,,0,,,,,369806.3669,5033292.048,45.43653868,-75.66911982,1606
17--11158,11/1/2017,12:42 PM,CEDARVIEW RD btwn WEST HUNT CLUB RD & LYTLE AVE (__3ZA1XV),__3ZA1XV,01 - Non intersection,03 - P.D. only,07 - SMV other,02 - Rain,01 - Daylight,02 - Wet,10 - No control,,1,0,0,0,,0,,,,,360111.3199,5018642.193,45.30555411,-75.79466739,1607
17--11159,11/1/2017,2:10 PM,WELLINGTON ST @ BAYSWATER AVE/BAYVIEW RD (0006489),6489,03 - At intersection,03 - P.D. only,05 - Turning movement,02 - Rain,01 - Daylight,02 - Wet,02 - Stop sign,00 - Unknown,2,0,0,0,,0,,,,,365760.2252,5030012.816,45.40739751,-75.72123646,1608
17--1098,1/27/2017,8:57 AM,SPRUCE MEADOWS DR btwn TAMARA WAY & STEEPLE CHASE DR (__3ZA438),__3ZA438,04 - At/near private drive,03 - P.D. only,06 - SMV unattended vehicle,03 - Snow,01 - Daylight,02 - Wet,10 - No control,,1,0,0,0,,0,,,,,355091.6024,5017161.723,45.29260991,-75.858825,1609
17--11347,11/4/2017,6:10 PM,HIGHWAY 417 btwn HWY417 IC131 RAMP55 & HWY417 IC130 RAMP35 (__3ZA1MT),__3ZA1MT,01 - Non intersection,03 - P.D. only,03 - Rear end,01 - Clear,07 - Dark,01 - Dry,10 - No control,,3,0,0,0,,0,,,,,358917.959,5023011.212,45.34495975,-75.80940654,1610
17--10980,10/28/2017,11:01 AM,BANK ST btwn RIDEAU RD & TURN LANE (__3ZBPH9),__3ZBPH9,01 - Non intersection,02 - Non-fatal injury,03 - Rear end,01 - Clear,01 - Daylight,01 - Dry,10 - No control,,3,0,0,0,01 - Minimal,1,1,,,,377553.6402,5016403.634,45.28382246,-75.57259623,1611
17--11348,11/4/2017,6:19 PM,MARAVISTA DR @ STRANDHERD DR (0013565),13565,02 - Intersection related,03 - P.D. only,03 - Rear end,01 - Clear,07 - Dark,01 - Dry,01 - Traffic signal,01 - Functioning,2,0,0,0,,0,,,,,361288.4381,5014584.958,45.26895318,-75.78011984,1612
17--10981,10/28/2017,11:01 AM,KLONDIKE RD @ MARCH RD (0003096),3096,03 - At intersection,03 - P.D. only,02 - Angle,01 - Clear,01 - Daylight,01 - Dry,01 - Traffic signal,01 - Functioning,2,0,0,0,,0,,,,,349262.9637,5024060.875,45.35508333,-75.93251179,1613
17--11349,11/4/2017,6:40 PM,ANDERSON RD/WEIR RD @ RENAUD RD (0003583),3583,02 - Intersection related,03 - P.D. only,07 - SMV other,01 - Clear,07 - Dark,02 - Wet,11 - Roundabout,01 - Functioning,1,0,0,0,,0,,,,,377768.0826,5031503.561,45.41966151,-75.56763479,1614
17--10982,10/28/2017,11:20 AM,GREENBANK RD @ STRANDHERD DR (0005563),5563,02 - Intersection related,03 - P.D. only,03 - Rear end,01 - Clear,01 - Daylight,01 - Dry,01 - Traffic signal,01 - Functioning,2,0,0,0,,0,,,,,363934.1573,5014784.654,45.27053257,-75.74638228,1615
17--1135,1/28/2017,6:12 PM,WALKLEY RD btwn HALIFAX DR & ST. LAURENT BLVD (__3ZA2EL),__3ZA2EL,01 - Non intersection,03 - P.D. only,03 - Rear end,01 - Clear,07 - Dark,02 - Wet,10 - No control,,2,0,0,0,,0,,,,,373875.8838,5028031.494,45.38881664,-75.61784847,1616
17--10983,10/28/2017,11:27 PM,DUMAURIER AVE @ RICHMOND RD (0002679),2679,02 - Intersection related,03 - P.D. only,03 - Rear end,02 - Rain,07 - Dark,02 - Wet,01 - Traffic signal,01 - Functioning,2,0,0,0,,0,,,,,359628.1388,5023735.275,45.35141972,-75.80026442,1617
17--11350,11/4/2017,7:30 AM,HIGHWAY 417 btwn HIGHWAY 417 & HIGHWAY 417 (2) (__3ZA2UZ),__3ZA2UZ,01 - Non intersection,03 - P.D. only,04 - Sideswipe,01 - Clear,01 - Daylight,01 - Dry,10 - No control,,2,0,0,0,,0,,,,,375246.611,5030509.484,45.41097578,-75.59999146,1618
17--10984,10/28/2017,11:30 PM,WOODROFFE AVE/HWY 417 WOODROFF IC127R25 @ HWY  (0002348),2348,02 - Intersection related,03 - P.D. only,03 - Rear end,02 - Rain,07 - Dark,02 - Wet,01 - Traffic signal,01 - Functioning,2,0,0,0,,0,,,,,362179.7283,5024694.074,45.35984279,-75.76759148,1619
17--11351,11/4/2017,8:30 AM,HIGHWAY 417 btwn HWY417 IC118 RAMP35 & HWY417 IC117 RAMP51 (__3ZA2YP),__3ZA2YP,01 - Non intersection,03 - P.D. only,03 - Rear end,01 - Clear,01 - Daylight,01 - Dry,10 - No control,,2,0,0,0,,0,,,,,370145.4341,5031096.507,45.41675249,-75.66507777,1620
17--10985,10/28/2017,11:45 PM,AVIATION PKWY @ MONTREAL RD (0008799),8799,03 - At intersection,02 - Non-fatal injury,05 - Turning movement,02 - Rain,07 - Dark,02 - Wet,01 - Traffic signal,01 - Functioning,2,0,0,0,01 - Minimal,1,1,,,,372148.3888,5034107.914,45.44365778,-75.63907692,1621
17--11352,11/4/2017,9:41 AM,WEST HUNT CLUB RD WB btwn 545 E OF ROYDON PL/SUNDERLAND ST & ANTARES D (__3ZA3JSB),__3ZA3JSB,01 - Non intersection,03 - P.D. only,04 - Sideswipe,01 - Clear,01 - Daylight,01 - Dry,10 - No control,,2,0,0,0,,0,,,,,367060.8474,5022169.312,45.33670898,-75.70561135,1622
17--10986,10/28/2017,11:56 PM,SMYTH RD @ SMYTH RD NORTH SIDE RAMP/SMYTH RD S (0006582),6582,02 - Intersection related,03 - P.D. only,07 - SMV other,02 - Rain,07 - Dark,02 - Wet,03 - Yield sign,00 - Unknown,1,0,0,0,,0,,,,,369916.6425,5029122.147,45.39900925,-75.66826152,1623
17--11353,11/4/2017,9:45 PM,HIGHWAY 417 btwn HWY417 IC112 RAMP64 & HIGHWAY 417 (__3ZA2U1),__3ZA2U1,01 - Non intersection,02 - Non-fatal injury,07 - SMV other,01 - Clear,07 - Dark,01 - Dry,10 - No control,,1,0,0,0,02 - Minor,1,,1,,,375077.3189,5030666.686,45.41240722,-75.60213161,1624
17--11354,11/5/2017,1:42 PM,RIVERSIDE DR NB btwn INDUSTRIAL AVE & TREMBLAY RD (__3ZA4SE),__3ZA4SE,01 - Non intersection,03 - P.D. only,03 - Rear end,02 - Rain,01 - Daylight,02 - Wet,10 - No control,,3,0,0,0,,0,,,,,370715.8347,5030690.186,45.41304307,-75.65784487,1625
17--11355,11/5/2017,1:53 AM,COLONEL BY DR btwn UNIVERSITY RD & COLONEL BY DR SB ON RAMP 43 (__3ZA213),__3ZA213,04 - At/near private drive,02 - Non-fatal injury,05 - Turning movement,02 - Rain,07 - Dark,02 - Wet,10 - No control,,2,1,0,0,02 - Minor,1,,1,,,367361.3227,5027108.822,45.38112689,-75.70115275,1626
17--11356,11/5/2017,1:53 PM,COMPASS ST/MARKINCH RD @ RENAUD RD (0014566),14566,03 - At intersection,02 - Non-fatal injury,07 - SMV other,02 - Rain,01 - Daylight,02 - Wet,02 - Stop sign,01 - Functioning,1,0,0,1,02 - Minor,1,,1,,,382358.0101,5033070.714,45.43326775,-75.50874781,1627
17--11357,11/5/2017,10:10 AM,CROWNHILL ST btwn STEEL ST & APPLEFORD ST (__3ZA7WQ),__3ZA7WQ,01 - Non intersection,03 - P.D. only,06 - SMV unattended vehicle,02 - Rain,01 - Daylight,02 - Wet,10 - No control,,1,0,0,0,,0,,,,,374630.1579,5033889.685,45.44145078,-75.60738692,1628
17--11358,11/5/2017,10:44 AM,GREENBANK RD btwn NE/OT BOUNDARY & MONTEREY DR (__3ZBPHX),__3ZBPHX,01 - Non intersection,03 - P.D. only,03 - Rear end,02 - Rain,01 - Daylight,02 - Wet,10 - No control,,3,0,0,0,,0,,,,,360643.5624,5022474.345,45.33999377,-75.78744859,1629
17--11359,11/5/2017,Unknown,BANFF AVE btwn KITCHENER AVE & LEDBURY AVE (__3ZBOQZ),__3ZBOQZ,01 - Non intersection,03 - P.D. only,06 - SMV unattended vehicle,02 - Rain,00 - Unknown,02 - Wet,10 - No control,,1,0,0,0,,0,,,,,370733.4239,5025584.127,45.36709896,-75.65830239,1630
17--1136,1/28/2017,6:13 PM,HENN DR @ TRIM RD (0004707),4707,02 - Intersection related,03 - P.D. only,03 - Rear end,01 - Clear,07 - Dark,02 - Wet,02 - Stop sign,00 - Unknown,2,0,0,0,,0,,,,,388624.8991,5032209.066,45.42479242,-75.42881227,1631
17--11360,11/5/2017,12:18 PM,STEWART ST @ WALLER ST (0011915),11915,02 - Intersection related,03 - P.D. only,03 - Rear end,02 - Rain,01 - Daylight,02 - Wet,02 - Stop sign,01 - Functioning,2,0,0,0,,0,,,,,368371.7291,5032042.6,45.4254285,-75.6876161,1632
17--11361,11/5/2017,12:24 PM,COPE DR @ TERRY FOX (0009143),9143,03 - At intersection,03 - P.D. only,05 - Turning movement,02 - Rain,01 - Daylight,02 - Wet,01 - Traffic signal,01 - Functioning,2,0,0,0,,0,,,,,353997.6046,5015344.639,45.2763368,-75.87295185,1633
17--11362,11/5/2017,12:37 PM,SLACK RD @ WOODROFFE AVE (0000102),102,03 - At intersection,03 - P.D. only,02 - Angle,02 - Rain,01 - Daylight,02 - Wet,01 - Traffic signal,01 - Functioning,2,0,0,0,,0,,,,,364234.018,5019973.14,45.31719315,-75.74193937,1634
17--11363,11/5/2017,2:18 PM,FLEWELLYN RD @ SHEA RD (0000398),398,03 - At intersection,03 - P.D. only,02 - Angle,02 - Rain,01 - Daylight,02 - Wet,02 - Stop sign,01 - Functioning,2,0,0,0,,0,,,,,352994.0781,5012173.688,45.24787316,-75.88604917,1635
17--11364,11/5/2017,3:23 PM,ST. LAURENT BLVD @ MCARTHUR AVE (0008246),8246,03 - At intersection,03 - P.D. only,05 - Turning movement,02 - Rain,01 - Daylight,02 - Wet,01 - Traffic signal,01 - Functioning,2,0,0,0,,0,,,,,371922.0535,5032887.575,45.43269953,-75.64213627,1636
17--11365,11/5/2017,3:31 AM,ALBION RD @ BRIDLE PATH DR (0009630),9630,02 - Intersection related,02 - Non-fatal injury,07 - SMV other,02 - Rain,07 - Dark,02 - Wet,01 - Traffic signal,01 - Functioning,1,0,0,0,02 - Minor,1,,1,,,372106.3944,5023739.833,45.35037416,-75.64102832,1637
17--11366,11/5/2017,4:14 PM,MONTREAL RD @ NORTH RIVER RD (0009805),9805,03 - At intersection,03 - P.D. only,05 - Turning movement,02 - Rain,05 - Dusk,02 - Wet,01 - Traffic signal,01 - Functioning,2,0,0,0,,0,,,,,369740.712,5032886.916,45.43289957,-75.67001234,1638
17--11367,11/5/2017,4:27 PM,KING EDWARD AVE @ SUSSEX DR (0002653),2653,03 - At intersection,03 - P.D. only,05 - Turning movement,02 - Rain,05 - Dusk,02 - Wet,01 - Traffic signal,01 - Functioning,2,0,0,0,,0,,,,,367662.6967,5033504.266,45.43864415,-75.69648932,1639
17--11368,11/5/2017,4:39 PM,INNES RD @ VISENEAU DR (0012442),12442,03 - At intersection,03 - P.D. only,05 - Turning movement,02 - Rain,05 - Dusk,02 - Wet,01 - Traffic signal,01 - Functioning,2,0,0,0,,0,,,,,381799.0856,5035072.218,45.45133744,-75.51557708,1640
17--11369,11/5/2017,4:45 AM,REGIONAL ROAD 174 btwn OR174 IC105 RAMP51 & OR174 IC105 RAMP35 (__3ZA2XC),__3ZA2XC,01 - Non intersection,03 - P.D. only,07 - SMV other,01 - Clear,07 - Dark,02 - Wet,10 - No control,,1,0,0,0,,0,,,,,379221.0256,5036899.878,45.46806065,-75.54825594,1641
17--1170,1/30/2017,12:55 PM,EAGLE LANE @ MEADOWLANDS DR (0001748),1748,02 - Intersection related,03 - P.D. only,03 - Rear end,01 - Clear,01 - Daylight,01 - Dry,02 - Stop sign,01 - Functioning,2,0,0,0,,0,,,,,365280.1166,5024420.218,45.35711807,-75.72805441,1642
17--1137,1/28/2017,6:34 PM,FISHER AVE @ PRINCE OF WALES DR (0000572),572,02 - Intersection related,03 - P.D. only,04 - Sideswipe,03 - Snow,07 - Dark,03 - Loose snow,01 - Traffic signal,01 - Functioning,2,0,0,0,,0,,,,,367161.7048,5023943.058,45.35265986,-75.70410101,1643
17--11370,11/5/2017,4:58 PM,ELGIN ST @ FRANK ST (0007287),7287,02 - Intersection related,03 - P.D. only,02 - Angle,02 - Rain,07 - Dark,02 - Wet,02 - Stop sign,01 - Functioning,2,0,0,0,,0,,,,,368358.6669,5030887.855,45.41503969,-75.68793197,1644
17--11371,11/5/2017,5:00 PM,CYRVILLE RD @ INNES RD (0009352),9352,02 - Intersection related,03 - P.D. only,03 - Rear end,01 - Clear,05 - Dusk,01 - Dry,01 - Traffic signal,01 - Functioning,2,0,0,0,,0,,,,,375048.728,5031118.226,45.41647281,-75.60243248,1645
17--11372,11/5/2017,5:34 AM,ANDERSON RD btwn INNES RD & DESJARDINS ST (__3ZBOG0),__3ZBOG0,01 - Non intersection,03 - P.D. only,07 - SMV other,02 - Rain,07 - Dark,02 - Wet,10 - No control,,1,0,0,0,,0,,,,,377490.4077,5031576.649,45.42034802,-75.57117159,1646
17--11373,11/5/2017,5:35 PM,DRIVEWAY (THE) @ PRINCE OF WALES DR (0002128),2128,02 - Intersection related,03 - P.D. only,03 - Rear end,02 - Rain,07 - Dark,02 - Wet,11 - Roundabout,01 - Functioning,2,0,0,0,,0,,,,,366883.3447,5028137.141,45.39042197,-75.70712613,1647
17--11374,11/5/2017,5:35 PM,RAMP btwn Continuation of RAMP & AIRPORT PKWY (__3ZAY9C),__3ZAY9C,01 - Non intersection,03 - P.D. only,04 - Sideswipe,02 - Rain,07 - Dark,02 - Wet,10 - No control,,2,0,0,0,,0,,,,,371034.0664,5023571.443,45.34896113,-75.65473454,1648
17--11375,11/5/2017,6:07 PM,LYON ST @ WELLINGTON ST (0002388),2388,03 - At intersection,03 - P.D. only,05 - Turning movement,01 - Clear,07 - Dark,01 - Dry,01 - Traffic signal,01 - Functioning,2,0,0,0,,0,,,,,366935.7489,5031426.405,45.4200132,-75.70604244,1649
17--11376,11/5/2017,7:34 AM,BRONSON AVE @ SUNNYSIDE AVE/UNIVERSITY RD - CA (0007209),7209,02 - Intersection related,03 - P.D. only,03 - Rear end,02 - Rain,03 - Dawn,02 - Wet,01 - Traffic signal,01 - Functioning,2,0,0,0,,0,,,,,367922.2367,5028090.837,45.38991248,-75.69386555,1650
17--11377,11/5/2017,7:42 AM,MACLAREN ST btwn METCALFE ST & ELGIN ST (__3ZA9UK),__3ZA9UK,01 - Non intersection,03 - P.D. only,04 - Sideswipe,02 - Rain,01 - Daylight,02 - Wet,10 - No control,,2,0,0,0,,0,,,,,368091.506,5031059.332,45.4166068,-75.69132303,1651
17--11378,11/5/2017,8:32 PM,KING EDWARD AVE @ RIDEAU ST (0002121),2121,03 - At intersection,03 - P.D. only,05 - Turning movement,02 - Rain,07 - Dark,02 - Wet,01 - Traffic signal,01 - Functioning,2,0,0,0,,0,,,,,368511.7072,5032413.35,45.42875164,-75.68577954,1652
17--11379,11/6/2017,1:02 AM,WOODROFFE AVE btwn KNOXDALE RD/MEDHURST DR & NORICE ST (__3ZA3JO),__3ZA3JO,01 - Non intersection,03 - P.D. only,07 - SMV other,02 - Rain,07 - Dark,02 - Wet,10 - No control,,1,0,0,0,,0,,,,,363381.2284,5021925.484,45.3348319,-75.75258448,1653
17--1138,1/28/2017,6:36 PM,PLACE D'ORLEANS DR btwn CENTRUM BLVD & ST. JOSEPH BLVD (__3ZA2FM),__3ZA2FM,01 - Non intersection,03 - P.D. only,05 - Turning movement,01 - Clear,07 - Dark,02 - Wet,10 - No control,,2,0,0,0,,0,,,,,381984.3377,5038032.959,45.47795525,-75.51274411,1654
17--11380,11/6/2017,1:23 PM,CATHERINE ST @ METCALFE ST (0011239),11239,03 - At intersection,03 - P.D. only,02 - Angle,01 - Clear,01 - Daylight,01 - Dry,01 - Traffic signal,01 - Functioning,2,0,0,0,,0,,,,,368392.7509,5030486.802,45.41142806,-75.68754828,1655
17--11381,11/6/2017,1:30 PM,RIOCAN AVE @ STRANDHERD DR (0010997),10997,03 - At intersection,03 - P.D. only,05 - Turning movement,01 - Clear,01 - Daylight,01 - Dry,01 - Traffic signal,01 - Functioning,2,0,0,0,,0,,,,,364172.5433,5014945.242,45.27195746,-75.7433253,1656
17--11382,11/6/2017,1:44 AM,MITCH OWENS RD/BRIDGE ST @ RIVER RD (0003573),3573,03 - At intersection,03 - P.D. only,07 - SMV other,02 - Rain,07 - Dark,02 - Wet,01 - Traffic signal,01 - Functioning,1,0,0,0,,0,,,,,369499.5487,5010771.098,45.23392903,-75.67598528,1657
17--11383,11/6/2017,1:46 PM,COOPER ST @ BANK ST (0006951),6951,03 - At intersection,03 - P.D. only,02 - Angle,01 - Clear,01 - Daylight,01 - Dry,02 - Stop sign,01 - Functioning,2,0,0,0,,0,,,,,367647.707,5030991.91,45.41604016,-75.6970015,1658
17--11384,11/6/2017,10:22 PM,BOWESVILLE RD btwn HIGH RD & EARL ARMSTRONG RD (__3ZA7ZY),__3ZA7ZY,01 - Non intersection,03 - P.D. only,07 - SMV other,01 - Clear,07 - Dark,01 - Dry,10 - No control,,1,0,0,0,,0,,,,,371883.9158,5019062.255,45.30830803,-75.64450116,1659
17--11385,11/6/2017,10:31 AM,MERIVALE RD @ 170 N OF HUNTCLUB RD/COSTCO/CANA (0004681),4681,02 - Intersection related,03 - P.D. only,03 - Rear end,01 - Clear,01 - Daylight,01 - Dry,01 - Traffic signal,01 - Functioning,2,0,0,0,,0,,,,,365549.5835,5022101.224,45.33622881,-75.72490019,1660