Anom_ID,Accident_Date,Accident_Time,Location,Geo_ID,Accident_Location,Classification_of_Accident,Initial_Impact_Type,Environment_Condition,Light,Road_Surface_Condition,Traffic_Control,Traffic_Control_Condition,No__of_Vehicles,No__of_Bicycles,No__of_Motorcycles,No__of_Pedestrians,Max_Injury,No__of_Injuries,No__of_Minimal,No__of_Minor,No__of_Major,No__of_Fatal,X,Y,Latitude,Longitude,ObjectId
17--11386,11/6/2017,10:53 AM,HIGHWAY 417 btwn HWY417 IC112 RAMP66 & HWY417 IC113 RAMP65 (__3ZA284),__3ZA284,01 - Non intersection,03 - P.D. only,04 - Sideswipe,01 - Clear,01 - Daylight,01 - Dry,10 - No control,,2,0,0,0,,0,,,,,374238.7495,5031150.636,45.41684527,-75.61277575,1661
17--11387,11/6/2017,11:20 AM,INNES RD @ JEANNE D'ARC BLVD/MER BLEUE RD (0012475),12475,02 - Intersection related,03 - P.D. only,04 - Sideswipe,01 - Clear,01 - Daylight,01 - Dry,01 - Traffic signal,01 - Functioning,2,0,0,0,,0,,,,,382636.7503,5035566.216,45.45568922,-75.50479109,1662
17--11388,11/6/2017,11:21 PM,CARLING AVE WB btwn PARKDALE AVE & CIVIC HOSPITAL (__3ZA4UQA),__3ZA4UQA,01 - Non intersection,02 - Non-fatal injury,03 - Rear end,01 - Clear,07 - Dark,01 - Dry,10 - No control,,2,0,0,0,02 - Minor,1,,1,,,365750.4445,5028252.915,45.3915632,-75.72157888,1663
17--11389,11/6/2017,11:25 AM,RIVERSIDE DR @ HERON RD (0002236),2236,02 - Intersection related,03 - P.D. only,03 - Rear end,01 - Clear,01 - Daylight,01 - Dry,01 - Traffic signal,01 - Functioning,2,0,0,0,,0,,,,,368121.1049,5026646.984,45.37690314,-75.69151126,1664
17--1139,1/28/2017,6:49 PM,JOHNSTON RD @ TAPIOLA CRES E (0012081),12081,02 - Intersection related,03 - P.D. only,01 - Approaching,01 - Clear,07 - Dark,02 - Wet,02 - Stop sign,01 - Functioning,2,0,0,0,,0,,,,,372255.2245,5025675.112,45.3677728,-75.63886504,1665
17--11390,11/6/2017,11:56 AM,SENECA ST btwn SUNNYSIDE AVE & HOPEWELL AVE (__3ZBOU5),__3ZBOU5,04 - At/near private drive,03 - P.D. only,06 - SMV unattended vehicle,01 - Clear,01 - Daylight,01 - Dry,10 - No control,,1,0,0,0,,0,,,,,368233.8348,5028260.422,45.3914102,-75.68986473,1666
17--11391,11/6/2017,Unknown,BECKETT CRES btwn PARADE DR & PARADE DR (e___2IWO),e___2IWO,04 - At/near private drive,03 - P.D. only,06 - SMV unattended vehicle,01 - Clear,00 - Unknown,01 - Dry,10 - No control,,1,0,0,0,,0,,,,,351657.5314,5011941.613,45.24587512,-75.90309655,1667
17--11392,11/6/2017,2:58 PM,TENTH LINE RD btwn DES EPINETTES AVE & INNES RD (__3ZA3Y8),__3ZA3Y8,01 - Non intersection,03 - P.D. only,03 - Rear end,01 - Clear,01 - Daylight,01 - Dry,10 - No control,,2,0,0,0,,0,,,,,383687.4634,5036795.439,45.46663084,-75.49116167,1668
17--11393,11/6/2017,3:15 PM,VIEWMOUNT DR btwn MERIVALE RD & GRANT CARMAN DR (__3ZA0AL),__3ZA0AL,04 - At/near private drive,03 - P.D. only,05 - Turning movement,01 - Clear,01 - Daylight,01 - Dry,10 - No control,,2,0,0,0,,0,,,,,365295.0349,5023010.034,45.34442816,-75.72803654,1669
17--11394,11/6/2017,3:36 AM,OLD INNES RD btwn BANTREE ST & SHEFFIELD RD (__3ZA2K1),__3ZA2K1,01 - Non intersection,03 - P.D. only,07 - SMV other,02 - Rain,07 - Dark,02 - Wet,10 - No control,,1,0,0,0,,0,,,,,373995.1141,5030500.743,45.41102199,-75.61597957,1670
17--11395,11/6/2017,3:42 PM,NICHOLAS ST NB btwn HWY417 IC118 RAMP52 & WALLER ST/TRANSITWAY (__6KCFNL),__6KCFNL,01 - Non intersection,03 - P.D. only,04 - Sideswipe,01 - Clear,01 - Daylight,01 - Dry,10 - No control,,2,0,0,0,,0,,,,,369045.4694,5031327.478,45.41893254,-75.67910051,1671
17--11396,11/6/2017,3:50 PM,INNES RD @ TENTH LINE RD (0004633),4633,03 - At intersection,02 - Non-fatal injury,03 - Rear end,01 - Clear,01 - Daylight,01 - Dry,01 - Traffic signal,01 - Functioning,2,0,0,0,01 - Minimal,1,1,,,,383951.7603,5036159.322,45.46087774,-75.48788471,1672
17--11397,11/6/2017,4:00 PM,TENTH LINE RD @ VANGUARD DR (0004632),4632,02 - Intersection related,02 - Non-fatal injury,03 - Rear end,01 - Clear,01 - Daylight,01 - Dry,01 - Traffic signal,01 - Functioning,2,0,0,0,01 - Minimal,1,1,,,,384073.3682,5035874.213,45.4582988,-75.48637592,1673
17--11398,11/6/2017,4:04 PM,BOOTH ST @ MIDDLE ST (0012187),12187,02 - Intersection related,03 - P.D. only,04 - Sideswipe,01 - Clear,01 - Daylight,01 - Dry,02 - Stop sign,01 - Functioning,3,0,0,0,,0,,,,,366115.5326,5031291.429,45.41887109,-75.71653879,1674
17--11399,11/6/2017,4:06 PM,EARL ARMSTRONG RD btwn SPRATT RD & SHORELINE DR (__3ZAZTN),__3ZAZTN,04 - At/near private drive,03 - P.D. only,03 - Rear end,01 - Clear,01 - Daylight,01 - Dry,10 - No control,,2,0,0,0,,0,,,,,368573.7505,5015123.382,45.27317498,-75.68721661,1675
17--114,1/4/2017,Unknown,TARTAN DR btwn RUETER ST & HALLEY ST (__3ZAA73),__3ZAA73,01 - Non intersection,03 - P.D. only,06 - SMV unattended vehicle,04 - Freezing Rain,00 - Unknown,06 - Ice,10 - No control,,1,0,0,0,,0,,,,,362955.3387,5014370.78,45.26689014,-75.75890395,1676
17--1140,1/28/2017,6:50 PM,GREENLAND RD btwn ROCK FOREST RD & MAST LANE (__3ZAC65),__3ZAC65,01 - Non intersection,03 - P.D. only,07 - SMV other,01 - Clear,07 - Dark,02 - Wet,10 - No control,,1,0,0,0,,0,,,,,340860.9511,5037422.365,45.47579617,-76.03876645,1677
17--11400,11/6/2017,4:15 PM,CAMPEAU DR/HWY 417 MARCH IC138R63 @ MARCH RD (0009710),9710,03 - At intersection,03 - P.D. only,03 - Rear end,01 - Clear,05 - Dusk,01 - Dry,01 - Traffic signal,01 - Functioning,2,0,0,0,,0,,,,,352842.5094,5020478.682,45.32261402,-75.8871758,1678
17--11401,11/6/2017,4:27 PM,INNES RD @ 298 E OF WILDFLOWER DR/LOBLAWS SC (0012918),12918,02 - Intersection related,02 - Non-fatal injury,05 - Turning movement,01 - Clear,05 - Dusk,01 - Dry,01 - Traffic signal,01 - Functioning,2,0,0,0,01 - Minimal,1,1,,,,383188.0803,5035795.519,45.45769066,-75.49770639,1679
17--11402,11/6/2017,5:00 PM,BELL ST @ GLADSTONE AVE (0006488),6488,03 - At intersection,02 - Non-fatal injury,05 - Turning movement,01 - Clear,05 - Dusk,01 - Dry,02 - Stop sign,01 - Functioning,2,1,0,0,02 - Minor,1,,1,,,366946.7011,5029970.232,45.40691001,-75.70608612,1680
17--11403,11/6/2017,5:12 PM,BRONSON AVE btwn LAURIER AVE W & GLOUCESTER ST (__3ZA33X),__3ZA33X,01 - Non intersection,03 - P.D. only,07 - SMV other,01 - Clear,07 - Dark,01 - Dry,10 - No control,,1,0,0,0,,0,,,,,366831.143,5030798.95,45.41437683,-75.70745793,1681
17--11404,11/6/2017,5:17 PM,PRINCE OF WALES DR btwn FISHER AVE & NE/OT BOUNDARY (__3ZA2TZ),__3ZA2TZ,04 - At/near private drive,03 - P.D. only,05 - Turning movement,01 - Clear,07 - Dark,01 - Dry,10 - No control,,2,0,0,0,,0,,,,,367163.1815,5023999.831,45.35317056,-75.704075,1682
17--11405,11/6/2017,5:39 PM,BANK ST btwn SPRINGHILL RD & DALMENY RD (__3ZA27C),__3ZA27C,01 - Non intersection,03 - P.D. only,07 - SMV other,01 - Clear,07 - Dark,01 - Dry,10 - No control,,1,0,0,0,,0,,,,,385624.7399,5004936.67,45.17976787,-75.47159089,1683
17--11406,11/6/2017,5:49 PM,CRESTWAY DR @ LEIKIN DR (0009767),9767,03 - At intersection,02 - Non-fatal injury,02 - Angle,01 - Clear,07 - Dark,01 - Dry,02 - Stop sign,01 - Functioning,2,0,0,0,02 - Minor,1,,1,,,366939.0699,5016514.564,45.28583908,-75.70787409,1684
17--11407,11/6/2017,5:59 PM,MEADOWFIELD PL btwn MEADOWGLEN DR & PIEDMONT PL (2) (__3ZA62O),__3ZA62O,04 - At/near private drive,03 - P.D. only,06 - SMV unattended vehicle,01 - Clear,07 - Dark,01 - Dry,10 - No control,,1,0,0,0,,0,,,,,379708.2494,5035016.239,45.45106102,-75.54231285,1685
17--11408,11/6/2017,6:10 PM,ST. JOSEPH BLVD @ JEANNE D'ARC BLVD (0012421),12421,03 - At intersection,03 - P.D. only,02 - Angle,01 - Clear,07 - Dark,01 - Dry,11 - Roundabout,01 - Functioning,2,0,0,0,,0,,,,,379860.4081,5036471.581,45.46413875,-75.54014566,1686
17--11409,11/6/2017,6:15 PM,BOOTH ST @ POPLAR ST (0006506),6506,02 - Intersection related,03 - P.D. only,04 - Sideswipe,01 - Clear,07 - Dark,01 - Dry,02 - Stop sign,01 - Functioning,2,0,0,0,,0,,,,,366679.9013,5030058.35,45.40772651,-75.70948305,1687
17--1141,1/28/2017,8:58 AM,BANK ST @ SUNNYSIDE AVE (0007219),7219,03 - At intersection,03 - P.D. only,05 - Turning movement,02 - Rain,01 - Daylight,02 - Wet,01 - Traffic signal,01 - Functioning,3,0,0,0,,0,,,,,368735.7942,5028581.278,45.39425152,-75.68341311,1688
17--11410,11/6/2017,6:20 AM,CLEARVIEW AVE @ ISLAND PARK DR (0006144),6144,02 - Intersection related,03 - P.D. only,02 - Angle,01 - Clear,03 - Dawn,02 - Wet,02 - Stop sign,01 - Functioning,2,0,0,0,,0,,,,,363546.6891,5029364.565,45.40175396,-75.74958901,1689
17--11411,11/6/2017,6:30 AM,HIGHWAY 416 btwn HWY416 IC66 RAMP62 & HWY416 IC66 RAMP52 (__3ZAZMX),__3ZAZMX,01 - Non intersection,03 - P.D. only,07 - SMV other,02 - Rain,03 - Dawn,02 - Wet,10 - No control,,1,0,0,0,,0,,,,,359932.7353,5015009.821,45.27288373,-75.79734822,1690
17--11412,11/6/2017,6:32 AM,HIGHWAY 416 btwn HWY416 IC66 RAMP62 & HWY416 IC66 RAMP52 (__3ZAZMX),__3ZAZMX,01 - Non intersection,03 - P.D. only,07 - SMV other,"07 - Fog, mist, smoke, dust",03 - Dawn,02 - Wet,10 - No control,,1,0,0,0,,0,,,,,359998.3521,5014912.454,45.27200247,-75.79652284,1691
17--11413,11/6/2017,6:32 PM,INDUSTRIAL AVE/INNES RD @ ST. LAURENT BLVD (0002203),2203,02 - Intersection related,03 - P.D. only,03 - Rear end,01 - Clear,07 - Dark,01 - Dry,01 - Traffic signal,01 - Functioning,2,0,0,0,,0,,,,,373100.5892,5030005.368,45.40665271,-75.6274751,1692
17--11414,11/6/2017,6:42 PM,WOODROFFE AVE @ GEORGINA DR/LENESTER AVE (0002351),2351,03 - At intersection,03 - P.D. only,03 - Rear end,01 - Clear,07 - Dark,01 - Dry,01 - Traffic signal,01 - Functioning,2,0,0,0,,0,,,,,361910.0211,5025371.188,45.36595743,-75.77095556,1693
17--11415,11/6/2017,6:55 AM,HIGHWAY 417 btwn TRANSIT & HWY417 IC127 RAMP16 (__3ZA2SJ),__3ZA2SJ,01 - Non intersection,02 - Non-fatal injury,03 - Rear end,01 - Clear,03 - Dawn,01 - Dry,10 - No control,,4,0,0,0,01 - Minimal,1,1,,,,361706.2939,5024531.312,45.35841686,-75.77365276,1694
17--11416,11/6/2017,7:29 AM,RIVER RD btwn CABIN RD & OSGOODE MAIN ST (__3ZA3TB),__3ZA3TB,01 - Non intersection,03 - P.D. only,07 - SMV other,01 - Clear,01 - Daylight,01 - Dry,10 - No control,,1,0,0,0,,0,,,,,372994.5501,4999977.317,45.13647787,-75.63295355,1695
17--11417,11/6/2017,7:43 PM,RIOCAN AVE @ STRANDHERD DR (0010997),10997,03 - At intersection,02 - Non-fatal injury,05 - Turning movement,01 - Clear,07 - Dark,01 - Dry,01 - Traffic signal,01 - Functioning,2,0,0,0,01 - Minimal,1,1,,,,364173.2121,5014945.242,45.2719574,-75.74331678,1696
17--11418,11/6/2017,7:50 PM,ARTHUR ST @ SOMERSET ST (0005109),5109,02 - Intersection related,03 - P.D. only,05 - Turning movement,01 - Clear,07 - Dark,01 - Dry,01 - Traffic signal,01 - Functioning,2,0,0,0,,0,,,,,366829.7017,5030391.348,45.41070947,-75.70752763,1697
17--11419,11/6/2017,8:00 PM,KIRKWOOD AVE @ RICHMOND RD (0002080),2080,02 - Intersection related,03 - P.D. only,04 - Sideswipe,01 - Clear,07 - Dark,01 - Dry,01 - Traffic signal,01 - Functioning,2,0,0,0,,0,,,,,363778.6897,5028640.845,45.39522256,-75.74671231,1698
17--1142,1/28/2017,9:44 AM,CARP RD @ HAZELDEAN RD (0000086),86,02 - Intersection related,03 - P.D. only,07 - SMV other,03 - Snow,01 - Daylight,02 - Wet,01 - Traffic signal,01 - Functioning,1,0,0,0,,0,,,,,348804.0332,5014359.622,45.26781749,-75.93923045,1699
17--11420,11/6/2017,8:05 AM,ST. LAURENT BLVD @ COTE ST (0007705),7705,02 - Intersection related,03 - P.D. only,03 - Rear end,02 - Rain,01 - Daylight,02 - Wet,01 - Traffic signal,01 - Functioning,3,0,0,0,,0,,,,,371786.0186,5033225.534,45.43575337,-75.64382871,1700
17--11421,11/6/2017,8:06 AM,CLOVER ST @ HERON RD (0006837),6837,02 - Intersection related,03 - P.D. only,03 - Rear end,02 - Rain,01 - Daylight,02 - Wet,01 - Traffic signal,01 - Functioning,3,0,0,0,,0,,,,,369292.7157,5026764.307,45.37785191,-75.67653826,1701
17--11422,11/6/2017,8:52 PM,MARCH RD btwn UPPER DWYER HILL RD & PETER ROBINSON RD (__3ZA2RI),__3ZA2RI,01 - Non intersection,03 - P.D. only,07 - SMV other,01 - Clear,07 - Dark,01 - Dry,10 - No control,,1,0,0,0,,0,,,,,334154.0172,5014363.74,45.26861858,-76.12591907,1702
17--11423,11/6/2017,8:56 AM,TRIM RD @ DAIRY DR/TAYLOR CREEK DR (0012921),12921,03 - At intersection,03 - P.D. only,04 - Sideswipe,01 - Clear,01 - Daylight,01 - Dry,11 - Roundabout,01 - Functioning,2,0,0,0,,0,,,,,384535.53,5039596.109,45.49173228,-75.4798634,1703
17--11424,11/6/2017,9:00 AM,HIGHWAY 417 btwn HWY417 IC118 RAMP67 & HWY417 IC117 RAMP36 (__3ZA2YO),__3ZA2YO,01 - Non intersection,03 - P.D. only,03 - Rear end,02 - Rain,01 - Daylight,02 - Wet,10 - No control,,2,0,0,0,,0,,,,,370170.8608,5031109.502,45.41686704,-75.66475121,1704
17--11425,11/6/2017,9:09 PM,GREENBANK RD @ WEST HUNT CLUB RD (0005167),5167,03 - At intersection,02 - Non-fatal injury,03 - Rear end,01 - Clear,07 - Dark,01 - Dry,01 - Traffic signal,01 - Functioning,3,0,0,0,02 - Minor,2,,2,,,361479.677,5020503.663,45.32219455,-75.77700646,1705
17--11426,11/6/2017,9:10 AM,ROSS AVE btwn SIR FREDERICK BANTING DRWY & SPENCER ST (__3ZA05H),__3ZA05H,04 - At/near private drive,03 - P.D. only,06 - SMV unattended vehicle,01 - Clear,01 - Daylight,01 - Dry,10 - No control,,1,0,0,0,,0,,,,,364399.4781,5029262.303,45.40076175,-75.73870908,1706
17--11427,11/6/2017,9:14 PM,RIOCAN AVE @ STRANDHERD DR (0010997),10997,02 - Intersection related,03 - P.D. only,03 - Rear end,01 - Clear,07 - Dark,01 - Dry,01 - Traffic signal,01 - Functioning,2,0,0,0,,0,,,,,364172.6822,5014945.283,45.27195782,-75.74332353,1707
17--11428,11/7/2017,1:04 PM,HARMER AVE   N btwn BYRON AVE & KENORA ST (__3ZA01B),__3ZA01B,01 - Non intersection,02 - Non-fatal injury,07 - SMV other,01 - Clear,01 - Daylight,01 - Dry,10 - No control,,1,0,0,1,02 - Minor,1,,1,,,364894.9065,5028814.664,45.39669164,-75.73243586,1708
17--11429,11/7/2017,1:06 PM,CARLING AVE/STATION RD @ MARCH RD (0002681),2681,03 - At intersection,03 - P.D. only,03 - Rear end,01 - Clear,01 - Daylight,01 - Dry,01 - Traffic signal,01 - Functioning,2,0,0,0,,0,,,,,350909.8169,5022246.894,45.3386544,-75.91166294,1709
17--10987,10/28/2017,Unknown,TERRY FOX DR btwn CASTLEFRANK RD & TRANS CANADA TRAIL (__355BDZA),__355BDZA,01 - Non intersection,03 - P.D. only,06 - SMV unattended vehicle,01 - Clear,00 - Unknown,01 - Dry,10 - No control,,1,0,0,0,,0,,,,,353115.0507,5016162.352,45.283756,-75.88412018,1710
17--10988,10/28/2017,Unknown,SLOAN AVE btwn HOPEWELL AVE & END (__3ZA1GW),__3ZA1GW,01 - Non intersection,03 - P.D. only,06 - SMV unattended vehicle,01 - Clear,00 - Unknown,01 - Dry,10 - No control,,1,0,0,0,,0,,,,,368092.5078,5027895.317,45.38813788,-75.69171631,1711
17--11700,11/13/2017,4:36 PM,MARCH RD @ MARCHURST RD (0011898),11898,02 - Intersection related,03 - P.D. only,03 - Rear end,01 - Clear,05 - Dusk,01 - Dry,02 - Stop sign,01 - Functioning,2,0,0,0,,0,,,,,345133.2446,5024452.848,45.35886013,-75.98518585,1712
17--11701,11/13/2017,4:58 PM,HWY417 IC112 RAMP67 btwn HWY417 IC112 RAMP68 & INNES RD (__33HXYE),__33HXYE,01 - Non intersection,03 - P.D. only,03 - Rear end,01 - Clear,05 - Dusk,01 - Dry,10 - No control,,2,0,0,0,,0,,,,,374681.9224,5030909.042,45.41462741,-75.60714825,1713
17--10989,10/28/2017,Unknown,GILMOUR ST btwn CARTIER ST & HARTINGTON PL (__3ZA9UU),__3ZA9UU,01 - Non intersection,03 - P.D. only,06 - SMV unattended vehicle,02 - Rain,00 - Unknown,02 - Wet,10 - No control,,1,0,0,0,,0,,,,,368432.6321,5031158.659,45.41746957,-75.68695207,1714
17--11702,11/13/2017,5:08 PM,PRINCE OF WALES DR btwn CARSONBY RD W & ORMOND RD (__3ZBOC4),__3ZBOC4,01 - Non intersection,02 - Non-fatal injury,01 - Approaching,01 - Clear,07 - Dark,01 - Dry,10 - No control,,2,0,0,0,03 - Major,2,,1,1,,366643.486,5003442.768,45.16824493,-75.71326598,1715
17--1099,1/27/2017,9:13 AM,DEAKIN ST @ PRINCE OF WALES DR (0001073),1073,03 - At intersection,03 - P.D. only,02 - Angle,01 - Clear,01 - Daylight,01 - Dry,01 - Traffic signal,01 - Functioning,2,0,0,0,,0,,,,,367391.7966,5021522.131,45.33085632,-75.70147101,1716
17--10990,10/28/2017,12:25 PM,BROPHY DR @ HWY 416 BANKFIEL IC57R34 (0001078),1078,03 - At intersection,03 - P.D. only,02 - Angle,01 - Clear,01 - Daylight,01 - Dry,02 - Stop sign,01 - Functioning,2,0,0,0,,0,,,,,364560.8427,5007930.67,45.20880709,-75.73921989,1717
17--10991,10/28/2017,12:25 PM,ST. JOSEPH BLVD/OLD MONTREAL RD @ TRIM RD (0004118),4118,02 - Intersection related,03 - P.D. only,04 - Sideswipe,01 - Clear,01 - Daylight,01 - Dry,11 - Roundabout,01 - Functioning,2,0,0,0,,0,,,,,384682.754,5039285.178,45.488918,-75.47803071,1718
17--10992,10/28/2017,2:01 AM,CHAPEL ST @ SOMERSET ST (0008458),8458,02 - Intersection related,02 - Non-fatal injury,07 - SMV other,01 - Clear,07 - Dark,01 - Dry,02 - Stop sign,01 - Functioning,1,0,0,1,02 - Minor,1,,1,,,369338.374,5031906.249,45.42411315,-75.67528247,1719
17--10993,10/28/2017,2:30 PM,ST. JOSEPH BLVD @ JEANNE D'ARC BLVD (0012421),12421,03 - At intersection,03 - P.D. only,04 - Sideswipe,01 - Clear,01 - Daylight,01 - Dry,11 - Roundabout,01 - Functioning,2,0,0,0,,0,,,,,379859.7392,5036472.919,45.46415086,-75.540154,1720
17--10994,10/28/2017,2:41 PM,GLADSTONE AVE @ PERCY ST (0007203),7203,02 - Intersection related,03 - P.D. only,05 - Turning movement,01 - Clear,01 - Daylight,01 - Dry,01 - Traffic signal,00 - Unknown,2,0,0,0,,0,,,,,367328.7085,5030207.276,45.40900884,-75.70117645,1721
17--10995,10/28/2017,2:43 PM,LORRY GREENBERG DR btwn HEARTLEAF PRIV & HUNT CLUB RD (__3ZAZLZ),__3ZAZLZ,04 - At/near private drive,03 - P.D. only,05 - Turning movement,01 - Clear,01 - Daylight,01 - Dry,10 - No control,,2,0,0,0,,0,,,,,372814.0397,5024827.572,45.36009296,-75.63184867,1722
17--10996,10/28/2017,3:05 PM,RICHMOND RD @ STONEHAVEN DR (0010370),10370,03 - At intersection,03 - P.D. only,05 - Turning movement,01 - Clear,01 - Daylight,01 - Dry,01 - Traffic signal,01 - Functioning,2,0,0,0,,0,,,,,356783.3133,5015891.437,45.28105655,-75.83739165,1723
17--10997,10/28/2017,3:13 PM,IONA ST @ ISLAND PARK DR (0006683),6683,02 - Intersection related,03 - P.D. only,03 - Rear end,01 - Clear,01 - Daylight,01 - Dry,01 - Traffic signal,00 - Unknown,3,0,0,0,,0,,,,,364349.7044,5028385.55,45.39287713,-75.73945065,1724
17--10998,10/28/2017,3:38 PM,EAGLESON RD @ FERNBANK RD (0011846),11846,03 - At intersection,03 - P.D. only,05 - Turning movement,02 - Rain,01 - Daylight,02 - Wet,01 - Traffic signal,01 - Functioning,3,0,0,0,,0,,,,,354798.2949,5015587.425,45.27846497,-75.86272283,1725
17--10999,10/28/2017,3:47 PM,BASELINE RD @ MERIVALE RD (0002342),2342,02 - Intersection related,03 - P.D. only,03 - Rear end,01 - Clear,01 - Daylight,01 - Dry,01 - Traffic signal,01 - Functioning,2,0,0,0,,0,,,,,365055.1698,5025325.752,45.36528529,-75.73081489,1726
17--110,1/4/2017,10:45 AM,ANTARES DR btwn CAPELLA CRT & AURIGA DR (1) (__3ZA52F),__3ZA52F,04 - At/near private drive,03 - P.D. only,02 - Angle,01 - Clear,01 - Daylight,04 - Slush,10 - No control,,2,0,0,0,,0,,,,,366769.1702,5021541.133,45.33108255,-75.70941117,1727
17--1100,1/27/2017,9:33 AM,HOLLAND AVE @ KENILWORTH ST (0006299),6299,02 - Intersection related,03 - P.D. only,03 - Rear end,01 - Clear,01 - Daylight,02 - Wet,01 - Traffic signal,01 - Functioning,2,0,0,0,,0,,,,,365215.2438,5028496.005,45.39379684,-75.72838374,1728
17--11000,10/28/2017,4:30 PM,MERNER AVE btwn ARMADALE CRES & ARMADALE CRES (__3ZA4EQ),__3ZA4EQ,01 - Non intersection,03 - P.D. only,06 - SMV unattended vehicle,01 - Clear,05 - Dusk,01 - Dry,10 - No control,,1,0,0,0,,0,,,,,362063.6725,5014175.289,45.26520426,-75.7702884,1729
17--11001,10/28/2017,5:03 AM,KENT ST btwn JAMES ST & FLORENCE ST (__3ZA3QI),__3ZA3QI,01 - Non intersection,03 - P.D. only,04 - Sideswipe,01 - Clear,07 - Dark,01 - Dry,10 - No control,,2,0,0,0,,0,,,,,367691.5269,5030545.189,45.41201677,-75.69649867,1730
17--11002,10/28/2017,6:00 AM,TENTH LINE RD btwn WALL RD & NAVAN RD (__3ZBOGQ),__3ZBOGQ,01 - Non intersection,03 - P.D. only,07 - SMV other,01 - Clear,07 - Dark,01 - Dry,10 - No control,,1,0,0,0,,0,,,,,385638.1956,5032109.817,45.424251,-75.46698891,1731
17--11003,10/28/2017,6:25 PM,CUMBERLAND ST @ GEORGE ST (0008508),8508,03 - At intersection,03 - P.D. only,07 - SMV other,01 - Clear,07 - Dark,01 - Dry,01 - Traffic signal,01 - Functioning,1,0,0,1,,0,,,,,368326.0421,5032417.927,45.42880971,-75.68815146,1732
17--11004,10/28/2017,6:25 PM,BREWER RD @ BRONSON AVE (0002240),2240,03 - At intersection,02 - Non-fatal injury,05 - Turning movement,02 - Rain,07 - Dark,02 - Wet,01 - Traffic signal,01 - Functioning,2,0,0,0,02 - Minor,2,,2,,,368108.0438,5027766.436,45.38697684,-75.69153446,1733
17--11005,10/28/2017,6:35 PM,KENNEVALE DR @ STRANDHERD DR (0010896),10896,03 - At intersection,03 - P.D. only,02 - Angle,02 - Rain,07 - Dark,02 - Wet,01 - Traffic signal,01 - Functioning,2,0,0,0,,0,,,,,361493.5322,5014098.88,45.26456291,-75.77756184,1734
17--11006,10/28/2017,6:45 PM,LEMIEUX ST @ ST. LAURENT BLVD (0002021),2021,03 - At intersection,03 - P.D. only,03 - Rear end,01 - Clear,05 - Dusk,01 - Dry,01 - Traffic signal,01 - Functioning,2,0,0,0,,0,,,,,372392.6715,5031743.748,45.42236258,-75.63627913,1735
17--11007,10/28/2017,7:25 PM,ECCLES ST @ PRESTON ST (0005749),5749,03 - At intersection,03 - P.D. only,03 - Rear end,01 - Clear,07 - Dark,01 - Dry,02 - Stop sign,01 - Functioning,2,0,0,0,,0,,,,,366328.2768,5030075.853,45.407915,-75.71397245,1736
17--11008,10/28/2017,7:48 PM,DONALD ST @ VANIER PKWY (0007644),7644,03 - At intersection,02 - Non-fatal injury,05 - Turning movement,01 - Clear,07 - Dark,02 - Wet,01 - Traffic signal,01 - Functioning,2,1,0,0,02 - Minor,1,,1,,,370311.9498,5032271.295,45.42730718,-75.6627942,1737
17--11009,10/28/2017,8:00 PM,HIGHWAY LANE btwn ROCKDALE RD & END (__3ZA6HD),__3ZA6HD,01 - Non intersection,03 - P.D. only,07 - SMV other,01 - Clear,07 - Dark,01 - Dry,10 - No control,,1,0,0,0,,0,,,,,395243.9187,5022930.679,45.34049225,-75.34594513,1738
17--1101,1/27/2017,9:37 PM,HUNT CLUB RD @ BRIDLE PATH DR/DAZE ST (0008214),8214,02 - Intersection related,02 - Non-fatal injury,03 - Rear end,01 - Clear,07 - Dark,06 - Ice,01 - Traffic signal,01 - Functioning,3,0,0,0,01 - Minimal,1,1,,,,371291.9872,5023864.755,45.35157585,-75.65140393,1739
17--11010,10/28/2017,8:04 PM,GRANT CARMAN DR @ MEADOWLANDS DR (0001111),1111,03 - At intersection,02 - Non-fatal injury,07 - SMV other,02 - Rain,07 - Dark,02 - Wet,01 - Traffic signal,01 - Functioning,1,0,0,1,02 - Minor,1,,1,,,365052.0286,5023902.176,45.35247644,-75.73102852,1740
17--11011,10/28/2017,8:09 PM,ST. LAURENT BLVD btwn COVENTRY RD & LEMIEUX ST (__3ZA2C9),__3ZA2C9,01 - Non intersection,03 - P.D. only,04 - Sideswipe,02 - Rain,07 - Dark,02 - Wet,10 - No control,,2,0,0,0,,0,,,,,372342.3632,5031858.247,45.42339765,-75.63690622,1741
17--11012,10/28/2017,8:17 PM,BRONSON AVE @ COMMISSIONER ST/SLATER ST (0001679),1679,02 - Intersection related,03 - P.D. only,05 - Turning movement,01 - Clear,07 - Dark,02 - Wet,01 - Traffic signal,01 - Functioning,2,0,0,0,,0,,,,,366767.7021,5030949.905,45.4157407,-75.70824942,1742
17--11013,10/28/2017,8:26 PM,FRANK BENDER ST @ JEANNE D'ARC BLVD (0003635),3635,02 - Intersection related,03 - P.D. only,03 - Rear end,02 - Rain,07 - Dark,02 - Wet,01 - Traffic signal,00 - Unknown,2,0,0,0,,0,,,,,381871.7065,5035882.379,45.4586186,-75.51452181,1743