Anom_ID,Accident_Date,Accident_Time,Location,Geo_ID,Accident_Location,Classification_of_Accident,Initial_Impact_Type,Environment_Condition,Light,Road_Surface_Condition,Traffic_Control,Traffic_Control_Condition,No__of_Vehicles,No__of_Bicycles,No__of_Motorcycles,No__of_Pedestrians,Max_Injury,No__of_Injuries,No__of_Minimal,No__of_Minor,No__of_Major,No__of_Fatal,X,Y,Latitude,Longitude,ObjectId
17--11014,10/28/2017,8:35 PM,COLONEL BY DR btwn BRONSON PL & SENECA ST (__3ZA21L),__3ZA21L,01 - Non intersection,02 - Non-fatal injury,04 - Sideswipe,02 - Rain,07 - Dark,02 - Wet,10 - No control,,2,1,0,0,02 - Minor,1,,1,,,367918.5815,5028514.638,45.39372605,-75.69385801,1744
17--11015,10/28/2017,9:18 PM,TENTH LINE RD btwn INNES RD & VANGUARD DR (__3ZA249),__3ZA249,01 - Non intersection,03 - P.D. only,07 - SMV other,02 - Rain,07 - Dark,02 - Wet,10 - No control,,1,0,0,0,,0,,,,,384040.9906,5035948.142,45.45896762,-75.48677794,1745
17--11016,10/28/2017,9:18 PM,ALBERT ST @ ELGIN ST/MACKENZIE KING BRIDGE (0002226),2226,03 - At intersection,03 - P.D. only,07 - SMV other,02 - Rain,07 - Dark,02 - Wet,01 - Traffic signal,01 - Functioning,1,0,0,0,,0,,,,,367851.0461,5031712.25,45.42250325,-75.69431153,1746
17--11017,10/28/2017,9:20 AM,ST. LAURENT BLVD @ COVENTRY RD/OGILVIE RD (0002151),2151,02 - Intersection related,03 - P.D. only,03 - Rear end,01 - Clear,01 - Daylight,01 - Dry,01 - Traffic signal,01 - Functioning,2,0,0,0,,0,,,,,372304.612,5031951.241,45.42423801,-75.63737582,1747
17--11018,10/28/2017,9:56 AM,CARLING AVE @ FAIRLAWN AVE/WOODROFFE AVE E (0002393),2393,02 - Intersection related,03 - P.D. only,04 - Sideswipe,01 - Clear,01 - Daylight,01 - Dry,01 - Traffic signal,01 - Functioning,2,0,0,0,,0,,,,,361934.6841,5025830.528,45.37008852,-75.77058762,1748
17--11019,10/28/2017,9:59 PM,HIGHWAY 417 btwn HWY417 IC119A RAMP75 & HWY417 IC118 RAMP57 (__3ZA2R2),__3ZA2R2,01 - Non intersection,02 - Non-fatal injury,03 - Rear end,02 - Rain,07 - Dark,02 - Wet,10 - No control,,3,0,0,0,02 - Minor,1,,1,,,368712.9809,5030572.38,45.41216888,-75.68344639,1749
17--1102,1/27/2017,9:43 AM,SMYTH RD @ SOUTH HAVEN PL/GENERAL HOSPITAL ENTRANCE W (0007242),7242,02 - Intersection related,03 - P.D. only,03 - Rear end,01 - Clear,01 - Daylight,01 - Dry,01 - Traffic signal,01 - Functioning,2,0,0,0,,0,,,,,371120.2164,5029136.027,45.39902117,-75.65288801,1750
17--11020,10/29/2017,1:31 AM,MONTREAL RD @ ST. LAURENT BLVD (0002604),2604,03 - At intersection,03 - P.D. only,05 - Turning movement,02 - Rain,07 - Dark,02 - Wet,01 - Traffic signal,01 - Functioning,2,0,0,0,,0,,,,,371545.2295,5033817.358,45.44110135,-75.64682572,1751
17--11021,10/29/2017,10:16 PM,RIDEAU RD btwn POWER RD & HAWTHORNE RD (__3ZA6GY),__3ZA6GY,01 - Non intersection,03 - P.D. only,07 - SMV other,02 - Rain,07 - Dark,02 - Wet,10 - No control,,1,0,0,0,,0,,,,,378474.184,5018746.475,45.30480641,-75.56051545,1752
17--11022,10/29/2017,10:32 AM,RICHMOND RD btwn ASSALY RD & REGINA LANE (__5DCTF8),__5DCTF8,01 - Non intersection,02 - Non-fatal injury,07 - SMV other,02 - Rain,01 - Daylight,02 - Wet,10 - No control,,1,0,0,1,02 - Minor,1,,1,,,360769.4732,5025570.006,45.36783839,-75.78549168,1753
17--11023,10/29/2017,10:35 AM,LANTHIER DR @ VANTAGE DR (0004631),4631,03 - At intersection,03 - P.D. only,02 - Angle,01 - Clear,01 - Daylight,02 - Wet,02 - Stop sign,01 - Functioning,2,0,0,0,,0,,,,,383601.0959,5035849.23,45.45812745,-75.49241767,1754
17--11024,10/29/2017,10:43 AM,KING EDWARD AVE @ MURRAY ST (0002713),2713,02 - Intersection related,02 - Non-fatal injury,04 - Sideswipe,01 - Clear,01 - Daylight,02 - Wet,01 - Traffic signal,01 - Functioning,2,0,0,0,02 - Minor,1,,1,,,368292.0343,5032754.251,45.43183892,-75.68854267,1755
17--11025,10/29/2017,11:01 PM,FAIRMONT AVE @ YOUNG ST (0010721),10721,02 - Intersection related,03 - P.D. only,07 - SMV other,02 - Rain,07 - Dark,02 - Wet,02 - Stop sign,01 - Functioning,1,0,0,0,,0,,,,,365822.6974,5029152.739,45.39965331,-75.72054489,1756
17--11026,10/29/2017,11:20 AM,DALHOUSIE ST btwn MURRAY ST & CLARENCE ST (__3ZA83M),__3ZA83M,01 - Non intersection,03 - P.D. only,04 - Sideswipe,02 - Rain,01 - Daylight,02 - Wet,10 - No control,,2,0,0,0,,0,,,,,368016.4937,5032549.139,45.43001836,-75.69209018,1757
17--11027,10/29/2017,11:26 AM,MANN AVE @ GOULBURN AVE/GOULBURN CRES (0007291),7291,03 - At intersection,03 - P.D. only,02 - Angle,02 - Rain,01 - Daylight,02 - Wet,02 - Stop sign,01 - Functioning,2,0,0,0,,0,,,,,369688.4514,5031636.358,45.42165239,-75.67084496,1758
17--11028,10/29/2017,11:29 AM,COLONIAL RD btwn MONSEIGNEUR DENIS CRT & LAFLEUR RD (__3ZA1OV),__3ZA1OV,01 - Non intersection,02 - Non-fatal injury,07 - SMV other,02 - Rain,01 - Daylight,02 - Wet,10 - No control,,1,0,0,0,02 - Minor,1,,1,,,396154.7197,5034513.553,45.44458231,-75.33218132,1759
17--11029,10/29/2017,11:30 AM,KITIMAT CRES btwn OKANAGAN DR & OKANAGAN DR (__3ZABHO),__3ZABHO,04 - At/near private drive,03 - P.D. only,06 - SMV unattended vehicle,02 - Rain,01 - Daylight,02 - Wet,10 - No control,,1,0,0,0,,0,,,,,359426.7055,5022597.208,45.3411951,-75.80296068,1760
17--1103,1/28/2017,1:33 PM,FISHER AVE @ DEER PARK RD/DYNES RD (0002341),2341,02 - Intersection related,03 - P.D. only,05 - Turning movement,01 - Clear,01 - Daylight,02 - Wet,01 - Traffic signal,01 - Functioning,2,0,0,0,,0,,,,,366407.1668,5025456.342,45.36634279,-75.71354135,1761
17--11030,10/29/2017,11:40 PM,ELGIN ST @ LISGAR ST (0006935),6935,03 - At intersection,03 - P.D. only,02 - Angle,01 - Clear,07 - Dark,01 - Dry,01 - Traffic signal,01 - Functioning,2,0,0,0,,0,,,,,368074.3768,5031343.569,45.41916582,-75.69150537,1762
17--11031,10/29/2017,11:43 PM,BRIAN COBURN BLVD @ PAGE RD (0017232),17232,02 - Intersection related,03 - P.D. only,07 - SMV other,02 - Rain,07 - Dark,02 - Wet,01 - Traffic signal,00 - Unknown,1,0,0,0,,0,,,,,381470.8068,5033199.085,45.43452057,-75.52006529,1763
17--11032,10/29/2017,11:45 AM,TARTAN DR btwn HOULAHAN ST & HARTHILL WAY (__67PYNW),__67PYNW,01 - Non intersection,03 - P.D. only,04 - Sideswipe,02 - Rain,01 - Daylight,02 - Wet,10 - No control,,2,0,0,0,,0,,,,,362424.1117,5013809.283,45.26188147,-75.76573816,1764
17--11033,10/29/2017,11:45 AM,KANATA AVE @ LORD BYNG WAY/MARITIME WAY (0009115),9115,02 - Intersection related,03 - P.D. only,03 - Rear end,02 - Rain,01 - Daylight,02 - Wet,01 - Traffic signal,01 - Functioning,2,0,0,0,,0,,,,,351432.2009,5019330.564,45.31237808,-75.90527261,1765
17--11034,10/29/2017,Unknown,WOODRIDGE CRES btwn BAYSHORE PS & TRANSITWAY LINK (__6KE4J1B),__6KE4J1B,01 - Non intersection,03 - P.D. only,06 - SMV unattended vehicle,02 - Rain,00 - Unknown,02 - Wet,10 - No control,,1,0,0,0,,0,,,,,358657.1782,5023212.239,45.34678867,-75.81271221,1766
17--11035,10/29/2017,12:03 PM,WOODROFFE AVE @ CRESTHAVEN DR/PAUL METIVIER (0010547),10547,02 - Intersection related,03 - P.D. only,05 - Turning movement,02 - Rain,01 - Daylight,02 - Wet,01 - Traffic signal,01 - Functioning,2,0,0,0,,0,,,,,366327.6288,5014854.068,45.27095182,-75.7158736,1767
17--11036,10/29/2017,12:55 AM,RIVERSIDE DR @ SMYTH RD SOUTH SIDE RAMP (0011480),11480,03 - At intersection,03 - P.D. only,02 - Angle,02 - Rain,07 - Dark,02 - Wet,01 - Traffic signal,01 - Functioning,2,0,0,0,,0,,,,,369788.2145,5028998.401,45.39790776,-75.66991807,1768
17--11037,10/29/2017,12:59 PM,BLAIR RD @ INNES RD (0004165),4165,02 - Intersection related,03 - P.D. only,03 - Rear end,02 - Rain,01 - Daylight,02 - Wet,01 - Traffic signal,01 - Functioning,2,0,0,0,,0,,,,,375580.1686,5031439.794,45.41931254,-75.59559693,1769
17--11038,10/29/2017,2:22 AM,MONTREAL RD btwn DUROCHER ST & SAVARD AVE (__3ZA3LQ),__3ZA3LQ,01 - Non intersection,02 - Non-fatal injury,07 - SMV other,02 - Rain,07 - Dark,02 - Wet,10 - No control,,1,0,0,1,02 - Minor,1,,1,,,370153.0965,5033109.612,45.43486487,-75.66471278,1770
17--11039,10/29/2017,2:49 PM,DALY AVE @ WALLER ST (0008233),8233,03 - At intersection,03 - P.D. only,05 - Turning movement,02 - Rain,01 - Daylight,02 - Wet,01 - Traffic signal,01 - Functioning,2,0,0,0,,0,,,,,368341.5145,5032120.449,45.42613171,-75.68799213,1771
17--1104,1/28/2017,1:39 PM,BOOTH ST @ RAYMOND ST (0006498),6498,03 - At intersection,03 - P.D. only,02 - Angle,01 - Clear,01 - Daylight,02 - Wet,01 - Traffic signal,01 - Functioning,2,0,0,0,,0,,,,,366861.2454,5029640.469,45.40395048,-75.7072192,1772
17--11040,10/29/2017,3:01 AM,GREENBANK RD btwn MONTEREY DR & MEADOWBANK DR (__3ZA4LG),__3ZA4LG,01 - Non intersection,03 - P.D. only,03 - Rear end,02 - Rain,07 - Dark,02 - Wet,10 - No control,,2,0,0,0,,0,,,,,360657.9453,5022442.981,45.33971041,-75.78726862,1773
17--11041,10/29/2017,3:15 PM,HEPATICA WAY btwn GENEVRIERS ST & MAGNOLIA ST (e___2HV5),e___2HV5,04 - At/near private drive,03 - P.D. only,06 - SMV unattended vehicle,01 - Clear,01 - Daylight,01 - Dry,10 - No control,,1,0,0,0,,0,,,,,384489.911,5034602.519,45.44680988,-75.4812567,1774
17--11042,10/29/2017,3:31 PM,MOODIE DR @ WEST HUNT CLUB RD (0010414),10414,02 - Intersection related,03 - P.D. only,07 - SMV other,02 - Rain,01 - Daylight,02 - Wet,01 - Traffic signal,01 - Functioning,1,0,0,0,,0,,,,,357908.655,5018497.787,45.30442472,-75.82276934,1775
17--11043,10/29/2017,3:33 PM,GREENBANK RD btwn MONTEREY DR & MEADOWBANK DR (__3ZA4LG),__3ZA4LG,01 - Non intersection,02 - Non-fatal injury,01 - Approaching,02 - Rain,01 - Daylight,02 - Wet,10 - No control,,3,0,0,0,01 - Minimal,1,1,,,,360676.9267,5022401.223,45.33933316,-75.78703116,1776
17--11044,10/29/2017,3:38 PM,KIRKWOOD AVE @ LAPERRIERE AVE (0006742),6742,02 - Intersection related,03 - P.D. only,03 - Rear end,01 - Clear,01 - Daylight,02 - Wet,01 - Traffic signal,01 - Functioning,2,0,0,0,,0,,,,,364520.1674,5026958.306,45.38002054,-75.73744644,1777
17--11045,10/29/2017,4:00 PM,LAFONTAINE AVE @ RICHELIEU AVE (0009977),9977,03 - At intersection,03 - P.D. only,02 - Angle,02 - Rain,01 - Daylight,02 - Wet,02 - Stop sign,01 - Functioning,2,0,0,0,,0,,,,,370928.0403,5033170.592,45.43534069,-75.654801,1778
17--11046,10/29/2017,4:12 PM,TENTH LINE RD @ TENTH LINE RD (0009412),9412,02 - Intersection related,03 - P.D. only,03 - Rear end,02 - Rain,01 - Daylight,02 - Wet,01 - Traffic signal,01 - Functioning,2,0,0,0,,0,,,,,383531.7032,5037152.962,45.46986508,-75.493096,1779
17--11047,10/29/2017,4:24 AM,MILTON RD @ SMITH RD (0004068),4068,03 - At intersection,03 - P.D. only,02 - Angle,02 - Rain,07 - Dark,02 - Wet,02 - Stop sign,01 - Functioning,2,0,0,0,,0,,,,,387572.471,5031062.519,45.41460223,-75.44245141,1780
17--11048,10/29/2017,4:28 PM,MAY ST @ MCARTHUR AVE (0008245),8245,03 - At intersection,03 - P.D. only,05 - Turning movement,02 - Rain,01 - Daylight,02 - Wet,01 - Traffic signal,00 - Unknown,2,0,0,0,,0,,,,,371675.0576,5032850.581,45.43239034,-75.64529771,1781
17--11049,10/29/2017,4:32 AM,MARCH RD btwn 280 S OF CARLING AVE/STATION RD & RICHARDSON SIDE RD (__3ZA42DB),__3ZA42DB,01 - Non intersection,03 - P.D. only,07 - SMV other,02 - Rain,07 - Dark,02 - Wet,10 - No control,,1,0,0,0,,0,,,,,351375.4858,5021794.867,45.33455621,-75.90576411,1782
17--1105,1/28/2017,1:43 PM,ORLEANS BLVD @ MAPLE RUN AVE/BEAUSEJOUR DR S (0003628),3628,03 - At intersection,02 - Non-fatal injury,05 - Turning movement,01 - Clear,01 - Daylight,02 - Wet,01 - Traffic signal,01 - Functioning,2,0,0,0,02 - Minor,1,,1,,,380572.7539,5035315.298,45.45365852,-75.53121584,1783
17--11050,10/29/2017,4:57 PM,WEST HUNT CLUB RD @ CLEOPATRA DR/LANCELOT DR (0000114),114,03 - At intersection,02 - Non-fatal injury,03 - Rear end,02 - Rain,01 - Daylight,02 - Wet,01 - Traffic signal,01 - Functioning,2,0,0,0,01 - Minimal,1,1,,,,365235.7154,5021732.386,45.33293715,-75.72894949,1784
17--11051,10/29/2017,5:30 AM,ESPRIT DR btwn GALLERIA CIRC & BLACKBURN BYPS (__45I7FN),__45I7FN,01 - Non intersection,03 - P.D. only,06 - SMV unattended vehicle,01 - Clear,07 - Dark,01 - Dry,10 - No control,,1,0,0,0,,0,,,,,385107.2567,5035429.574,45.45418029,-75.4732309,1785
17--11052,10/29/2017,5:30 AM,HIGHWAY 417 btwn HWY 417 ANDERSON IC104R61 & HWY 417 BOUNDARY IC96R16 (__3ZA2W5),__3ZA2W5,01 - Non intersection,03 - P.D. only,07 - SMV other,02 - Rain,07 - Dark,02 - Wet,10 - No control,,1,0,0,0,,0,,,,,384581.0088,5025210.037,45.36229382,-75.48161194,1786
17--11053,10/29/2017,6:18 PM,ASHTON STATION RD btwn DOUGLAS SIDE RD(BECKWITH TWP) & OVERPASS RD (__3ZACC5),__3ZACC5,01 - Non intersection,03 - P.D. only,07 - SMV other,02 - Rain,07 - Dark,02 - Wet,10 - No control,,1,0,0,0,,0,,,,,339664.5235,5004135.332,45.17632561,-76.05641273,1787
17--11054,10/29/2017,6:19 PM,CYRVILLE RD @ ST. LAURENT BLVD (0002647),2647,02 - Intersection related,03 - P.D. only,99 - Other,02 - Rain,07 - Dark,02 - Wet,01 - Traffic signal,00 - Unknown,2,0,0,0,,0,,,,,372242.7241,5032111.58,45.42568664,-75.63814463,1788
17--11055,10/29/2017,6:49 PM,JOHNWOODS ST btwn JOSEPH CIRC & HAZELDEAN RD (__3ZACM0),__3ZACM0,01 - Non intersection,02 - Non-fatal injury,03 - Rear end,01 - Clear,07 - Dark,02 - Wet,10 - No control,,2,0,0,0,02 - Minor,1,,1,,,350119.2065,5015473.627,45.27775816,-75.92236957,1789
17--11056,10/29/2017,7:01 AM,GRANT CARMAN DR @ MEADOWLANDS DR (0001111),1111,03 - At intersection,03 - P.D. only,07 - SMV other,02 - Rain,03 - Dawn,02 - Wet,01 - Traffic signal,01 - Functioning,1,0,0,0,,0,,,,,365053.3663,5023901.507,45.35247031,-75.73101153,1790
17--11057,10/29/2017,7:02 PM,EAGLESON RD @ FLEWELLYN RD (0000121),121,03 - At intersection,02 - Non-fatal injury,03 - Rear end,02 - Rain,07 - Dark,02 - Wet,02 - Stop sign,00 - Unknown,2,0,0,0,02 - Minor,2,,2,,,355334.1014,5014248.142,45.26637549,-75.85603019,1791
17--11058,10/29/2017,7:35 PM,FALLOWFIELD RD @ GREENBANK RD (0000549),549,03 - At intersection,02 - Non-fatal injury,02 - Angle,02 - Rain,07 - Dark,02 - Wet,01 - Traffic signal,01 - Functioning,2,0,0,0,02 - Minor,2,1,1,,,363080.3413,5016733.793,45.28814225,-75.75703369,1792
17--11059,10/29/2017,7:41 PM,HUNT CLUB RD EB btwn 275 E OF HAWTHORNE RD/OC TRANSPO TURNAROUND & HAWTHORNE RD (e___2HF3A),e___2HF3A,01 - Non intersection,03 - P.D. only,04 - Sideswipe,02 - Rain,07 - Dark,02 - Wet,10 - No control,,2,0,0,0,,0,,,,,375562.193,5026431.361,45.3742511,-75.59654502,1793
17--1106,1/28/2017,10:17 AM,LORETTA AVE   S btwn LINDENPARK PRIV & CARLING AVE (__3ZA01M),__3ZA01M,01 - Non intersection,03 - P.D. only,01 - Approaching,03 - Snow,01 - Daylight,05 - Packed snow,10 - No control,,2,0,0,0,,0,,,,,366507.4357,5028854.82,45.39691269,-75.71183669,1794
17--11060,10/29/2017,7:42 PM,CARLING AVE @ PINECREST  RD/GREENVIEW AVE (0001630),1630,03 - At intersection,03 - P.D. only,02 - Angle,02 - Rain,07 - Dark,02 - Wet,01 - Traffic signal,00 - Unknown,2,0,0,0,,0,,,,,360005.0035,5024633.197,45.35946964,-75.79535484,1795
17--11061,10/29/2017,8:07 PM,REGIONAL ROAD 174 btwn HWY417 IC113 RAMP67 & Continuation of REGIONAL  (__3ZA28A),__3ZA28A,01 - Non intersection,02 - Non-fatal injury,07 - SMV other,02 - Rain,07 - Dark,02 - Wet,10 - No control,,1,0,0,0,02 - Minor,2,,2,,,373722.0223,5032036.391,45.42486593,-75.61925332,1796
17--11062,10/29/2017,8:20 PM,TORMEY ST btwn COBOURG ST & BRIGADIER PRIV (__3ZA7CR),__3ZA7CR,01 - Non intersection,02 - Non-fatal injury,07 - SMV other,02 - Rain,07 - Dark,02 - Wet,10 - No control,,1,0,0,1,02 - Minor,1,,1,,,369125.8597,5032883.338,45.4329242,-75.67787023,1797
17--11063,10/29/2017,8:25 PM,CANAAN RD btwn REGIONAL ROAD 174 & WILHAVEN DR (__3ZA5F5),__3ZA5F5,01 - Non intersection,03 - P.D. only,07 - SMV other,02 - Rain,07 - Dark,02 - Wet,10 - No control,,1,0,0,0,,0,,,,,395780.1772,5043394.153,45.52452636,-75.33532285,1798
17--11064,10/29/2017,8:30 PM,RIOCAN AVE @ STRANDHERD DR (0010997),10997,03 - At intersection,03 - P.D. only,05 - Turning movement,02 - Rain,07 - Dark,02 - Wet,01 - Traffic signal,01 - Functioning,2,0,0,0,,0,,,,,364171.8744,5014945.242,45.27195751,-75.74333382,1799
17--11065,10/29/2017,9:55 AM,DALMENY RD @ DALMENY RD EXTENSION (0015506),15506,03 - At intersection,03 - P.D. only,01 - Approaching,02 - Rain,01 - Daylight,02 - Wet,02 - Stop sign,01 - Functioning,2,0,0,0,,0,,,,,377405.7249,4998957.308,45.12686045,-75.57702365,1800
17--11066,10/30/2017,1:39 PM,GEORGE ST @ DALHOUSIE ST (0008516),8516,03 - At intersection,03 - P.D. only,03 - Rear end,01 - Clear,01 - Daylight,01 - Dry,01 - Traffic signal,01 - Functioning,2,0,0,0,,0,,,,,368157.6979,5032315.59,45.42790419,-75.69031581,1801
17--1152,1/29/2017,2:28 PM,MACKENZIE KING BR/WALLER ST @ NICHOLAS ST/WALL (0011251),11251,02 - Intersection related,03 - P.D. only,04 - Sideswipe,01 - Clear,01 - Daylight,02 - Wet,01 - Traffic signal,01 - Functioning,2,0,0,0,,0,,,,,368371.465,5031993.801,45.42498945,-75.68762577,1802
17--11067,10/30/2017,1:40 PM,TERRY FOX DR btwn 329 N OF CAMPEAU DR/SIGNATURE CENTRE & CAMPEAU DR (__49GU9G),__49GU9G,04 - At/near private drive,03 - P.D. only,04 - Sideswipe,02 - Rain,01 - Daylight,02 - Wet,10 - No control,,2,0,0,0,,0,,,,,350084.99,5019030.65,45.30976754,-75.92248089,1803
17--11068,10/30/2017,10:55 AM,FALLOWFIELD RD @ MERIVALE RD (0000587),587,03 - At intersection,03 - P.D. only,05 - Turning movement,02 - Rain,01 - Daylight,02 - Wet,01 - Traffic signal,02 - Not functioning,2,0,0,0,,0,,,,,366890.0404,5018845.138,45.30681368,-75.70820723,1804
17--11069,10/30/2017,11:04 AM,MEADOWLANDS DR btwn BAYNE AVE & MERIVALE RD (__3ZA4HT),__3ZA4HT,04 - At/near private drive,03 - P.D. only,02 - Angle,02 - Rain,01 - Daylight,02 - Wet,10 - No control,,2,0,0,0,,0,,,,,364800.8404,5023694.741,45.35063151,-75.73425921,1805
17--11703,11/13/2017,5:10 PM,DEAKIN ST @ PRINCE OF WALES DR (0001073),1073,02 - Intersection related,03 - P.D. only,03 - Rear end,01 - Clear,05 - Dusk,01 - Dry,01 - Traffic signal,01 - Functioning,2,0,0,0,,0,,,,,367390.3767,5021522.15,45.33085661,-75.70148912,1806
17--11520,11/8/2017,9:30 PM,CLYDE AVE btwn CLYDE AVE & STARWOOD RD (__3ZA2TX),__3ZA2TX,01 - Non intersection,03 - P.D. only,04 - Sideswipe,01 - Clear,07 - Dark,01 - Dry,10 - No control,,2,0,0,0,,0,,,,,364409.5772,5024773.14,45.36036817,-75.7391221,1807
17--11704,11/13/2017,5:11 AM,BANK ST @ SNAKE ISLAND RD/VICTORIA ST (0001080),1080,03 - At intersection,03 - P.D. only,07 - SMV other,01 - Clear,07 - Dark,01 - Dry,01 - Traffic signal,01 - Functioning,1,0,0,0,,0,,,,,383695.785,5010120.738,45.22662998,-75.49531024,1808
17--11521,11/8/2017,9:35 PM,VIEWMOUNT DR btwn 140 W OF CHESTERTON & EUROPA PRIV (__3ZA0AUB),__3ZA0AUB,01 - Non intersection,03 - P.D. only,06 - SMV unattended vehicle,01 - Clear,07 - Dark,01 - Dry,10 - No control,,1,0,0,0,,0,,,,,366145.7096,5023408.634,45.34794082,-75.71713285,1809
17--11522,11/8/2017,9:51 AM,JEFFERSON ST btwn LORRAINE AVE & HERON RD (__3ZA87J),__3ZA87J,04 - At/near private drive,03 - P.D. only,05 - Turning movement,01 - Clear,01 - Daylight,01 - Dry,10 - No control,,2,0,0,0,,0,,,,,371803.7827,5027109.527,45.38072244,-75.64443291,1810
17--11705,11/13/2017,5:30 PM,ARGYLE AVE @ O'CONNOR ST (0007254),7254,03 - At intersection,02 - Non-fatal injury,05 - Turning movement,01 - Clear,07 - Dark,01 - Dry,01 - Traffic signal,01 - Functioning,2,1,0,0,01 - Minimal,1,1,,,,368185.7141,5030484.904,45.41142976,-75.69019333,1811
17--11523,11/8/2017,9:56 AM,EAGLESON RD @ HAZELDEAN RD/ROBERTSON RD (0002715),2715,02 - Intersection related,03 - P.D. only,03 - Rear end,01 - Clear,01 - Daylight,01 - Dry,01 - Traffic signal,00 - Unknown,2,0,0,0,,0,,,,,353674.0983,5018423.277,45.30406167,-75.87677153,1812
17--11706,11/13/2017,5:35 PM,ST. LAURENT BLVD @ WALKLEY RD (0007653),7653,03 - At intersection,03 - P.D. only,05 - Turning movement,01 - Clear,07 - Dark,01 - Dry,01 - Traffic signal,01 - Functioning,2,0,0,0,,0,,,,,373903.0846,5028047.524,45.38895819,-75.61749889,1813
17--11524,11/9/2017,1:54 PM,BREWER RD @ BRONSON AVE (0002240),2240,03 - At intersection,02 - Non-fatal injury,05 - Turning movement,01 - Clear,01 - Daylight,01 - Dry,01 - Traffic signal,01 - Functioning,2,1,0,0,01 - Minimal,1,1,,,,368109.5205,5027766.199,45.38697457,-75.69151563,1814
17--11525,11/9/2017,10:16 PM,HEATHERINGTON RD @ FAIRLEA CRES S/ANGELA PRIV (0006830),6830,03 - At intersection,02 - Non-fatal injury,07 - SMV other,01 - Clear,07 - Dark,02 - Wet,02 - Stop sign,01 - Functioning,1,0,0,1,02 - Minor,1,,1,,,371876.4087,5026501.528,45.37524494,-75.64358825,1815
17--11526,11/9/2017,10:29 AM,VIEWMOUNT DR btwn CHESTERTON DR & COACH HOUSE GT (__3ZA0A3),__3ZA0A3,04 - At/near private drive,02 - Non-fatal injury,03 - Rear end,01 - Clear,01 - Daylight,01 - Dry,10 - No control,,2,0,0,0,02 - Minor,1,,1,,,366236.48,5023523.923,45.34897022,-75.71596026,1816
17--11527,11/9/2017,10:57 AM,BRONSON AVE @ CARLING AVE/GLEBE AVE (0002134),2134,02 - Intersection related,03 - P.D. only,04 - Sideswipe,01 - Clear,01 - Daylight,01 - Dry,01 - Traffic signal,01 - Functioning,2,0,0,0,,0,,,,,367446.7512,5029335.801,45.40115701,-75.69977928,1817
17--11528,11/9/2017,11:03 PM,RUSSELL RD btwn SOUTHVALE CRES & TUPPER AVE (__3ZA2EQ),__3ZA2EQ,01 - Non intersection,02 - Non-fatal injury,07 - SMV other,03 - Snow,07 - Dark,02 - Wet,10 - No control,,1,0,0,1,02 - Minor,1,,1,,,374135.9998,5028840.853,45.39607317,-75.61441325,1818
17--11529,11/9/2017,11:05 AM,LANCASTER RD @ WALKLEY RD (0003130),3130,03 - At intersection,03 - P.D. only,02 - Angle,01 - Clear,01 - Daylight,01 - Dry,01 - Traffic signal,01 - Functioning,2,0,0,0,,0,,,,,374908.4061,5028602.541,45.39385204,-75.60458284,1819
17--1153,1/29/2017,2:50 PM,REGIONAL RD 174 @ WEST ST (0012885),12885,02 - Intersection related,02 - Non-fatal injury,03 - Rear end,01 - Clear,01 - Daylight,02 - Wet,02 - Stop sign,01 - Functioning,2,0,0,0,01 - Minimal,1,1,,,,390002.1252,5042640.554,45.51847657,-75.40940728,1820
17--11530,11/9/2017,11:32 PM,TANDALEE CRES @ STONEHAVEN DR (0012583),12583,03 - At intersection,02 - Non-fatal injury,05 - Turning movement,01 - Clear,07 - Dark,06 - Ice,02 - Stop sign,01 - Functioning,2,1,0,0,03 - Major,1,,,1,,356137.557,5016110.029,45.28307094,-75.84559967,1821
17--11531,11/9/2017,Unknown,JACKMAN TER btwn AIRD PL & AIRD PL (__3ZA50U),__3ZA50U,01 - Non intersection,03 - P.D. only,06 - SMV unattended vehicle,02 - Rain,00 - Unknown,02 - Wet,10 - No control,,1,0,0,0,,0,,,,,351900.9628,5019083.824,45.31012657,-75.899318,1822
17--11532,11/9/2017,12:08 PM,BANK ST @ HUNT CLUB RD (0002119),2119,03 - At intersection,03 - P.D. only,07 - SMV other,02 - Rain,01 - Daylight,02 - Wet,01 - Traffic signal,01 - Functioning,1,0,0,0,,0,,,,,371607.7332,5024097.175,45.35363708,-75.6473433,1823
17--11533,11/9/2017,12:10 PM,O'CONNOR ST btwn COOPER ST & SOMERSET ST W (__3ZA34V),__3ZA34V,01 - Non intersection,03 - P.D. only,04 - Sideswipe,01 - Clear,01 - Daylight,01 - Dry,10 - No control,,2,0,0,0,,0,,,,,367833.971,5031044.681,45.41649823,-75.69461511,1824
17--11534,11/9/2017,12:15 PM,DENZIL DOYLE CRT @ TERENCE MATTHEWS CRES (0004035),4035,02 - Intersection related,03 - P.D. only,02 - Angle,01 - Clear,01 - Daylight,01 - Dry,10 - No control,00 - Unknown,2,0,0,0,,0,,,,,354111.6782,5016590.205,45.28753671,-75.87137425,1825