Anom_ID,Accident_Date,Accident_Time,Location,Geo_ID,Accident_Location,Classification_of_Accident,Initial_Impact_Type,Environment_Condition,Light,Road_Surface_Condition,Traffic_Control,Traffic_Control_Condition,No__of_Vehicles,No__of_Bicycles,No__of_Motorcycles,No__of_Pedestrians,Max_Injury,No__of_Injuries,No__of_Minimal,No__of_Minor,No__of_Major,No__of_Fatal,X,Y,Latitude,Longitude,ObjectId
17--11535,11/9/2017,12:50 PM,HIGHWAY 417 btwn HWY417 IC142 RAMP51 & HWY417 IC142 RAMP35 (__3ZAZE1),__3ZAZE1,01 - Non intersection,03 - P.D. only,04 - Sideswipe,01 - Clear,01 - Daylight,01 - Dry,10 - No control,,2,0,0,0,,0,,,,,348718.8823,5017012.341,45.29169291,-75.94008079,1826
17--11536,11/9/2017,12:51 PM,MERIVALE RD @ 170 N OF HUNTCLUB RD/COSTCO/CANA (0004681),4681,02 - Intersection related,02 - Non-fatal injury,07 - SMV other,01 - Clear,01 - Daylight,01 - Dry,01 - Traffic signal,01 - Functioning,1,0,0,1,01 - Minimal,1,1,,,,365550.1987,5022100.763,45.33622461,-75.7248924,1827
17--11537,11/9/2017,2:03 PM,MOODIE DR btwn MCKENNA CASEY DR & CAMBRIAN RD (__3ZA4YZ),__3ZA4YZ,04 - At/near private drive,03 - P.D. only,07 - SMV other,01 - Clear,01 - Daylight,01 - Dry,10 - No control,,1,0,0,0,,0,,,,,360648.551,5011959.777,45.24538258,-75.78856887,1828
17--11538,11/9/2017,2:17 AM,CARP RD btwn THOMAS A. DOLAN PKWY & NORMA LANE (__3ZAZ54),__3ZAZ54,01 - Non intersection,02 - Non-fatal injury,07 - SMV other,01 - Clear,07 - Dark,01 - Dry,10 - No control,,1,0,0,0,02 - Minor,1,,1,,,337679.1634,5025109.123,45.36515477,-76.08028334,1829
17--11539,11/9/2017,3:00 PM,RIVER RD @ ROYAL PALM CRES S (0005269),5269,02 - Intersection related,03 - P.D. only,05 - Turning movement,01 - Clear,01 - Daylight,01 - Dry,10 - No control,00 - Unknown,2,0,0,0,,0,,,,,370334.3667,5009452.187,45.22198438,-75.66552782,1830
17--1154,1/29/2017,3:30 AM,HIGHWAY 417 btwn HWY417 IC110 RAMP54 & HWY417 IC110 RAMP65 (__3ZAZE4),__3ZAZE4,01 - Non intersection,03 - P.D. only,07 - SMV other,03 - Snow,07 - Dark,06 - Ice,10 - No control,,1,0,0,0,,0,,,,,375764.0195,5029287.958,45.39993288,-75.59355781,1831
17--11540,11/9/2017,3:00 PM,CATHERINE ST btwn METCALFE ST & ELGIN ST (__3ZA3PE),__3ZA3PE,01 - Non intersection,03 - P.D. only,06 - SMV unattended vehicle,01 - Clear,01 - Daylight,01 - Dry,10 - No control,,1,0,0,0,,0,,,,,368434.8438,5030511.312,45.41164476,-75.6870074,1832
17--11541,11/9/2017,3:08 PM,HWY417 IC117 RAMP53 btwn HWY417 IC117 RAMP51 & RIVERSIDE DR (__3ZAY9H),__3ZAY9H,01 - Non intersection,03 - P.D. only,04 - Sideswipe,01 - Clear,01 - Daylight,01 - Dry,10 - No control,,2,0,0,0,,0,,,,,370726.0594,5031016.441,45.41597762,-75.65767061,1833
17--11542,11/9/2017,3:50 PM,HIGHWAY 417 btwn HWY417 IC142 RAMP51 & HWY417 IC142 RAMP35 (__3ZAZE1),__3ZAZE1,01 - Non intersection,03 - P.D. only,07 - SMV other,01 - Clear,01 - Daylight,01 - Dry,10 - No control,,1,0,0,0,,0,,,,,348698.4,5016995.016,45.2915383,-75.94034344,1834
17--11543,11/9/2017,3:55 PM,TENTH LINE RD @ WALL RD (0004719),4719,02 - Intersection related,03 - P.D. only,03 - Rear end,01 - Clear,01 - Daylight,01 - Dry,02 - Stop sign,01 - Functioning,2,0,0,0,,0,,,,,385153.2595,5033308.262,45.4350894,-75.47298923,1835
17--11544,11/9/2017,4:00 PM,KING EDWARD AVE @ TEMPLETON ST (0007695),7695,03 - At intersection,02 - Non-fatal injury,07 - SMV other,01 - Clear,01 - Daylight,01 - Dry,01 - Traffic signal,01 - Functioning,1,0,0,1,02 - Minor,1,,1,,,369058.7057,5031505.575,45.42053378,-75.67890817,1836
17--11545,11/9/2017,4:14 PM,LAURIER AVE @ NICHOLAS ST (0010711),10711,03 - At intersection,03 - P.D. only,03 - Rear end,01 - Clear,01 - Daylight,01 - Dry,01 - Traffic signal,01 - Functioning,2,0,0,0,,0,,,,,368373.637,5031797.553,45.42322348,-75.68762335,1837
17--11546,11/9/2017,4:47 PM,INDUSTRIAL AVE @ RUSSELL RD (0007732),7732,03 - At intersection,03 - P.D. only,05 - Turning movement,01 - Clear,05 - Dusk,01 - Dry,01 - Traffic signal,01 - Functioning,2,0,0,0,,0,,,,,372466.202,5030278.843,45.40917493,-75.63554079,1838
17--11547,11/9/2017,4:58 PM,O'CONNOR ST @ STRATHCONA AVE (0007461),7461,02 - Intersection related,02 - Non-fatal injury,02 - Angle,01 - Clear,07 - Dark,01 - Dry,02 - Stop sign,01 - Functioning,2,1,0,0,02 - Minor,1,,1,,,368378.7165,5030169.894,45.4085779,-75.68776844,1839
17--11548,11/9/2017,5:01 PM,OR174 IC109 RAMP65 @ MONTREAL RD (0004119),4119,02 - Intersection related,03 - P.D. only,03 - Rear end,01 - Clear,05 - Dusk,01 - Dry,01 - Traffic signal,01 - Functioning,2,0,0,0,,0,,,,,376404.3619,5034983.503,45.4511128,-75.58455161,1840
17--11549,11/9/2017,5:06 PM,AIRPORT PKWY btwn RAMP & RAMP (2) (__3ZA224),__3ZA224,01 - Non intersection,02 - Non-fatal injury,03 - Rear end,01 - Clear,07 - Dark,01 - Dry,10 - No control,,2,0,0,0,01 - Minimal,2,2,,,,368875.9777,5026278.552,45.37351947,-75.68192177,1841
17--1155,1/29/2017,3:56 PM,JOCKVALE RD @ STRANDHERD DR (0010541),10541,02 - Intersection related,02 - Non-fatal injury,03 - Rear end,03 - Snow,01 - Daylight,02 - Wet,01 - Traffic signal,01 - Functioning,2,0,0,0,02 - Minor,3,2,1,,,363559.9341,5014577.291,45.26869808,-75.75117558,1842
17--11550,11/9/2017,5:09 PM,HERZBERG RD btwn LEGGET DR & CARLING AVE (__3ZACVH),__3ZACVH,01 - Non intersection,03 - P.D. only,03 - Rear end,01 - Clear,05 - Dusk,01 - Dry,10 - No control,,2,0,0,0,,0,,,,,351963.5976,5022468.79,45.34058102,-75.89819683,1843
17--11551,11/9/2017,5:13 PM,LANCASTER RD @ WALKLEY RD (0003130),3130,02 - Intersection related,02 - Non-fatal injury,03 - Rear end,02 - Rain,07 - Dark,02 - Wet,01 - Traffic signal,00 - Unknown,3,0,0,0,01 - Minimal,1,1,,,,374907.7938,5028602.778,45.39385424,-75.60459063,1844
17--11552,11/9/2017,5:26 PM,HIGHWAY 417 btwn HWY417 IC118 RAMP35 & HWY417 IC117 RAMP51 (__3ZA2YP),__3ZA2YP,01 - Non intersection,03 - P.D. only,03 - Rear end,01 - Clear,07 - Dark,01 - Dry,10 - No control,,2,0,0,0,,0,,,,,369794.3769,5031135.965,45.41714021,-75.66955757,1845
17--11553,11/9/2017,5:35 PM,FRANKTOWN RD btwn MUNSTER RD & GREEN'S RD (__3ZA3EU),__3ZA3EU,01 - Non intersection,03 - P.D. only,07 - SMV other,02 - Rain,07 - Dark,02 - Wet,10 - No control,,1,0,0,0,,0,,,,,351774.1647,5001696.235,45.15367514,-75.90257648,1846
17--11554,11/9/2017,5:40 AM,HIGHWAY 417 btwn HWY417 IC155 RAMP51 & HWY417 IC155 RAMP35 (__3ZAZNR),__3ZAZNR,01 - Non intersection,03 - P.D. only,07 - SMV other,01 - Clear,07 - Dark,01 - Dry,10 - No control,,1,0,0,0,,0,,,,,339268.5112,5019381.001,45.31353434,-76.06039426,1847
17--11555,11/9/2017,5:43 PM,MOODIE DR @ ROBERTSON RD (0010545),10545,02 - Intersection related,03 - P.D. only,03 - Rear end,02 - Rain,07 - Dark,02 - Wet,01 - Traffic signal,01 - Functioning,4,0,0,0,,0,,,,,357066.6521,5020454.295,45.32209278,-75.83329925,1848
17--11556,11/9/2017,5:49 PM,MARCH RD btwn DIAMONDVIEW RD & THOMAS ARGUE RD (__3ZA3GN),__3ZA3GN,01 - Non intersection,03 - P.D. only,07 - SMV other,02 - Rain,07 - Dark,02 - Wet,10 - No control,,1,0,0,0,,0,,,,,340497.1915,5020210.467,45.32093686,-76.04466459,1849
17--11557,11/9/2017,5:50 PM,HIGHWAY 417 btwn HWY417 IC121B RAMP16 & HWY417 IC121A RAMP16 (__3ZA2YX),__3ZA2YX,01 - Non intersection,03 - P.D. only,03 - Rear end,02 - Rain,07 - Dark,02 - Wet,10 - No control,,3,0,0,0,,0,,,,,366723.793,5029574.145,45.40336589,-75.7089832,1850
17--11558,11/9/2017,6:07 PM,LEES AVE btwn HWY417 IC118 RAMP45 & TRANSIT (__3ZA3CM),__3ZA3CM,01 - Non intersection,02 - Non-fatal injury,07 - SMV other,02 - Rain,07 - Dark,02 - Wet,10 - No control,,1,0,0,3,03 - Major,4,,3,1,,369641.9149,5030941.633,45.41540583,-75.67153097,1851
17--11559,11/9/2017,6:14 PM,WEST HUNT CLUB RD @ WOODROFFE AVE (0000576),576,02 - Intersection related,03 - P.D. only,04 - Sideswipe,01 - Clear,07 - Dark,01 - Dry,01 - Traffic signal,00 - Unknown,2,0,0,0,,0,,,,,363670.691,5021245.772,45.32869168,-75.7489725,1852
17--1156,1/29/2017,4:12 PM,HWY 417 CASTLEFR IC139R61 @ KANATA AVE (0012625),12625,02 - Intersection related,02 - Non-fatal injury,03 - Rear end,01 - Clear,05 - Dusk,02 - Wet,01 - Traffic signal,01 - Functioning,2,0,0,0,01 - Minimal,1,1,,,,351616.7985,5019225.094,45.31141675,-75.90292842,1853
17--11560,11/9/2017,6:40 PM,GREENBANK RD btwn GIBBARD AVE & WEST HUNT CLUB RD (__3ZA1Y7),__3ZA1Y7,01 - Non intersection,03 - P.D. only,04 - Sideswipe,03 - Snow,07 - Dark,02 - Wet,10 - No control,,2,0,0,0,,0,,,,,361439.0557,5020593.997,45.32301065,-75.77751424,1854
17--11561,11/9/2017,6:41 AM,BRONSON AVE @ IMPERIAL AVE/PLYMOUTH ST (0010859),10859,02 - Intersection related,03 - P.D. only,04 - Sideswipe,01 - Clear,03 - Dawn,01 - Dry,10 - No control,,2,0,0,0,,0,,,,,367318.3689,5029643.552,45.40393754,-75.70138001,1855
17--11562,11/9/2017,7:22 PM,FRANK KENNY RD W @ INNES RD (0010153),10153,02 - Intersection related,03 - P.D. only,07 - SMV other,02 - Rain,07 - Dark,02 - Wet,02 - Stop sign,01 - Functioning,1,0,0,0,,0,,,,,387529.9456,5037629.192,45.47368754,-75.44189064,1856
17--11563,11/9/2017,7:28 PM,EAGLESON RD @ FALLOWFIELD RD (0000118),118,03 - At intersection,02 - Non-fatal injury,05 - Turning movement,02 - Rain,07 - Dark,02 - Wet,01 - Traffic signal,01 - Functioning,2,0,0,0,01 - Minimal,4,4,,,,355959.9619,5012594.406,45.25144954,-75.84822547,1857
17--11564,11/9/2017,7:30 AM,HIGHWAY 417 btwn HIGHWAY 417 & HWY417 IC129 RAMP51 (__3ZA290),__3ZA290,01 - Non intersection,03 - P.D. only,03 - Rear end,01 - Clear,01 - Daylight,01 - Dry,10 - No control,,2,0,0,0,,0,,,,,360041.59,5023224.77,45.34679375,-75.79504524,1858
17--11565,11/9/2017,7:52 AM,CARLING AVE btwn HERZBERG RD & BAYFIELD AVE (__3ZA42G),__3ZA42G,01 - Non intersection,03 - P.D. only,07 - SMV other,01 - Clear,01 - Daylight,01 - Dry,10 - No control,,1,0,0,0,,0,,,,,352193.1384,5022325.242,45.33927387,-75.89528183,1859
17--11566,11/9/2017,7:54 AM,HWY416 IC66 RAMP52 btwn HIGHWAY 416 & FALLOWFIELD RD (__3ZAY42),__3ZAY42,01 - Non intersection,03 - P.D. only,99 - Other,01 - Clear,01 - Daylight,01 - Dry,10 - No control,,2,0,0,0,,0,,,,,360220.8015,5014805.429,45.27102195,-75.79369999,1860
17--11567,11/9/2017,8:27 PM,LAROUCHE ST @ MCARTHUR AVE (0009814),9814,03 - At intersection,03 - P.D. only,02 - Angle,01 - Clear,07 - Dark,01 - Dry,02 - Stop sign,01 - Functioning,2,0,0,0,,0,,,,,370382.1862,5032711.305,45.43125963,-75.66183812,1861
17--11568,11/9/2017,8:30 AM,HIGHWAY 417 btwn HWY417 IC155 RAMP61 & HWY417 IC145 RAMP56 (__3ZA2Q2),__3ZA2Q2,01 - Non intersection,03 - P.D. only,07 - SMV other,01 - Clear,01 - Daylight,01 - Dry,10 - No control,,1,0,0,0,,0,,,,,345948.5835,5014804.23,45.27199112,-75.97558071,1862
17--11569,11/9/2017,9:06 PM,BANK ST @ SUNNYSIDE AVE (0007219),7219,03 - At intersection,02 - Non-fatal injury,07 - SMV other,02 - Rain,07 - Dark,02 - Wet,01 - Traffic signal,01 - Functioning,1,0,0,1,01 - Minimal,1,1,,,,368735.712,5028581.549,45.39425396,-75.68341412,1863
17--1157,1/29/2017,4:44 AM,GEORGE ST btwn DALHOUSIE ST & CUMBERLAND ST (__3ZA81O),__3ZA81O,01 - Non intersection,03 - P.D. only,06 - SMV unattended vehicle,01 - Clear,07 - Dark,02 - Wet,10 - No control,,1,0,0,0,,0,,,,,368168.0266,5032320.418,45.4279467,-75.69018321,1864
17--11570,11/9/2017,9:10 PM,EAGLESON RD @ FALLOWFIELD RD (0000118),118,02 - Intersection related,03 - P.D. only,04 - Sideswipe,01 - Clear,07 - Dark,01 - Dry,01 - Traffic signal,01 - Functioning,2,0,0,0,,0,,,,,355962.6374,5012594.406,45.25144934,-75.84819138,1865
17--11571,11/9/2017,9:12 PM,BLACKBURN AVE @ TEMPLETON ST (0007311),7311,03 - At intersection,02 - Non-fatal injury,02 - Angle,03 - Snow,07 - Dark,02 - Wet,02 - Stop sign,01 - Functioning,2,0,0,0,01 - Minimal,1,1,,,,369513.3808,5031779.909,45.42296022,-75.67306294,1866
17--11572,11/9/2017,9:13 PM,FISHER AVE @ MEADOWLANDS DR (0002120),2120,03 - At intersection,03 - P.D. only,99 - Other,02 - Rain,07 - Dark,02 - Wet,01 - Traffic signal,01 - Functioning,2,0,0,0,,0,,,,,366574.7305,5025045.446,45.36263088,-75.71145386,1867
17--11573,11/9/2017,9:20 AM,GOLDRIDGE DR btwn CAMBIOR CRES & CAMBIOR CRES (__3ZADJ3),__3ZADJ3,04 - At/near private drive,03 - P.D. only,06 - SMV unattended vehicle,01 - Clear,01 - Daylight,01 - Dry,10 - No control,,1,0,0,0,,0,,,,,349688.3445,5019715.655,45.31595687,-75.92747699,1868
17--11574,11/9/2017,9:20 PM,WILHAVEN DR btwn DUNNING RD & SARSFIELD RD (__3ZA5GU),__3ZA5GU,01 - Non intersection,03 - P.D. only,07 - SMV other,03 - Snow,07 - Dark,02 - Wet,10 - No control,,1,0,0,0,,0,,,,,391096.9637,5040848.966,45.50222346,-75.39571117,1869
17--11575,11/9/2017,9:44 PM,GREENBANK RD @ STRANDHERD DR (0005563),5563,03 - At intersection,03 - P.D. only,05 - Turning movement,01 - Clear,07 - Dark,02 - Wet,01 - Traffic signal,01 - Functioning,2,0,0,0,,0,,,,,363933.206,5014784.178,45.27052837,-75.74639446,1870
17--11576,11/10/2017,1:06 PM,BRONSON AVE @ IMPERIAL AVE/PLYMOUTH ST (0010859),10859,02 - Intersection related,03 - P.D. only,04 - Sideswipe,01 - Clear,01 - Daylight,01 - Dry,10 - No control,00 - Unknown,2,0,0,0,,0,,,,,367319.2649,5029642.976,45.40393228,-75.70136863,1871
17--11577,11/10/2017,1:14 PM,FRANK KENNY RD @ RUSSELL RD (0004678),4678,02 - Intersection related,03 - P.D. only,03 - Rear end,01 - Clear,01 - Daylight,01 - Dry,02 - Stop sign,01 - Functioning,2,0,0,0,,0,,,,,392563.7536,5026366.993,45.37174896,-75.37952705,1872
17--11578,11/10/2017,1:15 PM,HIGHWAY 417 btwn HWY417 IC118 RAMP67 & HWY417 IC117 RAMP36 (__3ZA2YO),__3ZA2YO,01 - Non intersection,03 - P.D. only,07 - SMV other,01 - Clear,01 - Daylight,01 - Dry,10 - No control,,1,0,0,0,,0,,,,,369852.4416,5031153.8,45.41729529,-75.6688134,1873
17--11579,11/10/2017,1:41 PM,REGIONAL ROAD 174 btwn OLD MONTREAL RD & OLD MONTREAL RD (__3ZA27O),__3ZA27O,01 - Non intersection,02 - Non-fatal injury,07 - SMV other,01 - Clear,01 - Daylight,01 - Dry,10 - No control,,1,0,0,0,02 - Minor,2,,2,,,394566.9793,5043024.852,45.52136119,-75.35091801,1874
17--1158,1/29/2017,5:00 PM,ROOSEVELT AVE btwn PRINCETON AVE & AVONDALE AVE (__3ZA4AC),__3ZA4AC,01 - Non intersection,03 - P.D. only,06 - SMV unattended vehicle,01 - Clear,05 - Dusk,05 - Packed snow,10 - No control,,1,0,0,0,,0,,,,,363231.7363,5027621.545,45.38609691,-75.75381821,1875
17--11580,11/10/2017,10:06 PM,MACKENZIE KING BRIDGE @ N.D.H.Q./RIDEAU CENTRE SC (0008974),8974,02 - Intersection related,02 - Non-fatal injury,07 - SMV other,01 - Clear,07 - Dark,01 - Dry,01 - Traffic signal,01 - Functioning,1,0,0,1,02 - Minor,1,,1,,,368164.2056,5031867.564,45.42387242,-75.69029029,1876
17--11581,11/10/2017,10:26 AM,BOOTH ST @ SIR JOHN A. MACDONALD PKWY/WELLINGTON ST (0012252),12252,03 - At intersection,03 - P.D. only,02 - Angle,01 - Clear,01 - Daylight,01 - Dry,01 - Traffic signal,01 - Functioning,2,0,0,0,,0,,,,,366264.5915,5031007.357,45.41630201,-75.7146698,1877
17--11582,11/10/2017,10:35 AM,HIGHWAY 417 btwn HWY417 IC140 RAMP61 & HWY417 IC139 RAMP61 (__4BCL0Z),__4BCL0Z,01 - Non intersection,03 - P.D. only,99 - Other,01 - Clear,01 - Daylight,01 - Dry,10 - No control,,3,0,0,0,,0,,,,,351695.0565,5019235.144,45.31150196,-75.90192947,1878
17--11583,11/10/2017,11:13 AM,BAY ST @ SLATER ST (0005127),5127,03 - At intersection,03 - P.D. only,05 - Turning movement,01 - Clear,01 - Daylight,01 - Dry,01 - Traffic signal,01 - Functioning,2,0,0,0,,0,,,,,366983.6978,5031079.28,45.41688562,-75.70547362,1879
17--11584,11/10/2017,11:15 AM,HWY 417 ST.LAURE IC115R51 @ ST. LAURENT BLVD (0002712),2712,02 - Intersection related,03 - P.D. only,04 - Sideswipe,01 - Clear,01 - Daylight,01 - Dry,01 - Traffic signal,01 - Functioning,2,0,0,0,,0,,,,,372532.0146,5031410.358,45.41934942,-75.6345446,1880
17--11585,11/10/2017,11:48 AM,ALBERT ST @ ELGIN ST/MACKENZIE KING BRIDGE (0002226),2226,03 - At intersection,03 - P.D. only,07 - SMV other,01 - Clear,01 - Daylight,01 - Dry,01 - Traffic signal,01 - Functioning,1,0,0,0,,0,,,,,367852.2462,5031711.458,45.42249602,-75.6942963,1881
17--11586,11/10/2017,11:48 AM,NICHOLAS ST NB btwn HWY417 IC118 RAMP52 & WALLER ST/TRANSITWAY (__6KCFNL),__6KCFNL,01 - Non intersection,03 - P.D. only,04 - Sideswipe,01 - Clear,01 - Daylight,01 - Dry,10 - No control,,2,0,0,0,,0,,,,,369045.459,5031327.481,45.41893257,-75.67910064,1882
17--11587,11/10/2017,Unknown,PRESTON ST btwn ALBERT ST & PRIMROSE AVE (__3ZA32F),__3ZA32F,01 - Non intersection,03 - P.D. only,06 - SMV unattended vehicle,01 - Clear,00 - Unknown,01 - Dry,10 - No control,,1,0,0,0,,0,,,,,366180.4294,5030419.086,45.4110163,-75.7158183,1883
17--11588,11/10/2017,Unknown,NORICE ST btwn GLENRIDGE RD & DARLY PL (__3ZA14D),__3ZA14D,01 - Non intersection,03 - P.D. only,06 - SMV unattended vehicle,01 - Clear,00 - Unknown,01 - Dry,10 - No control,,1,0,0,0,,0,,,,,364878.5927,5023399.75,45.34797056,-75.73330285,1884
17--11589,11/10/2017,Unknown,BAYCREST DR btwn CEDARWOOD DR & SANDALWOOD DR (__3ZA9YY),__3ZA9YY,01 - Non intersection,03 - P.D. only,06 - SMV unattended vehicle,01 - Clear,07 - Dark,01 - Dry,10 - No control,,1,0,0,0,,0,,,,,371282.9036,5026751.409,45.37754985,-75.65113146,1885
17--1159,1/29/2017,9:00 PM,ELGIN ST btwn SOMERSET ST W & MACLAREN ST (__3ZA342),__3ZA342,01 - Non intersection,03 - P.D. only,06 - SMV unattended vehicle,01 - Clear,07 - Dark,01 - Dry,10 - No control,,1,0,0,0,,0,,,,,368200.6661,5031140.066,45.41732334,-75.68991804,1886
17--11590,11/10/2017,12:55 AM,BASELINE RD/HERON RD @ PRINCE OF WALES DR (0002345),2345,02 - Intersection related,03 - P.D. only,07 - SMV other,01 - Clear,07 - Dark,01 - Dry,01 - Traffic signal,00 - Unknown,1,0,0,0,,0,,,,,366873.7324,5026438.253,45.37513664,-75.7074625,1887
17--11591,11/10/2017,2:03 PM,HARMER AVE   N btwn WELLINGTON ST W & BYRON AVE (__3ZA02X),__3ZA02X,01 - Non intersection,03 - P.D. only,06 - SMV unattended vehicle,01 - Clear,01 - Daylight,01 - Dry,10 - No control,,1,0,0,0,,0,,,,,364802.9447,5029030.802,45.39864429,-75.73358405,1888
17--11592,11/10/2017,2:22 PM,CARLING AVE @ KIRKWOOD AVE N (0002358),2358,03 - At intersection,03 - P.D. only,05 - Turning movement,01 - Clear,01 - Daylight,01 - Dry,01 - Traffic signal,01 - Functioning,2,0,0,0,,0,,,,,364275.1119,5027494.071,45.3848621,-75.74051067,1889
17--11593,11/10/2017,2:38 PM,HIGHWAY 417 btwn HWY417 IC126 RAMP25 & HWY417 IC124 RAMP57 (__3ZA2R5),__3ZA2R5,01 - Non intersection,02 - Non-fatal injury,03 - Rear end,01 - Clear,01 - Daylight,01 - Dry,10 - No control,,2,0,0,0,02 - Minor,1,,1,,,363668.8405,5026497.565,45.37594691,-75.74837082,1890
17--11594,11/10/2017,3:00 PM,HIGHWAY 417 btwn HWY417 IC127 RAMP25 & HWY417 IC126 RAMP51 (__3ZA2XA),__3ZA2XA,01 - Non intersection,03 - P.D. only,03 - Rear end,01 - Clear,01 - Daylight,01 - Dry,10 - No control,,2,0,0,0,,0,,,,,362905.9923,5025464.206,45.36671254,-75.7582315,1891
17--11595,11/10/2017,3:09 PM,CEDARWOOD DR btwn WALKLEY RD & BAYCREST DR (__3ZA9YT),__3ZA9YT,04 - At/near private drive,03 - P.D. only,02 - Angle,01 - Clear,01 - Daylight,01 - Dry,10 - No control,,2,0,0,0,,0,,,,,371122.1059,5026632.357,45.3764939,-75.65320033,1892
17--11596,11/10/2017,3:22 PM,MOODIE DR btwn WEST HUNT CLUB RD & ALTI PL (__3ZBOCW),__3ZBOCW,01 - Non intersection,03 - P.D. only,07 - SMV other,03 - Snow,01 - Daylight,02 - Wet,10 - No control,,1,0,0,0,,0,,,,,357966.1801,5018357.319,45.30315642,-75.82205091,1893
17--11597,11/10/2017,3:30 PM,JASMINE CRES btwn OGILVIE RD & BEAVERHILL DR (__3ZBO10),__3ZBO10,01 - Non intersection,02 - Non-fatal injury,07 - SMV other,01 - Clear,01 - Daylight,01 - Dry,10 - No control,,1,0,0,1,02 - Minor,1,,1,,,375492.3303,5034046.369,45.44277388,-75.59634495,1894
17--11598,11/10/2017,3:42 PM,COVENTRY RD @ VANIER PKWY (0002139),2139,02 - Intersection related,03 - P.D. only,03 - Rear end,01 - Clear,01 - Daylight,01 - Dry,01 - Traffic signal,01 - Functioning,2,0,0,0,,0,,,,,370676.3546,5031611.558,45.42133692,-75.65822605,1895
17--11599,11/10/2017,3:57 PM,HUNTERSFIELD DR @ PIKE ST (0006456),6456,03 - At intersection,03 - P.D. only,02 - Angle,01 - Clear,01 - Daylight,01 - Dry,01 - Traffic signal,01 - Functioning,2,0,0,0,,0,,,,,373226.738,5025208.851,45.3634834,-75.62652869,1896
17--116,1/4/2017,12:34 PM,ROBERTSON RD btwn FITZGERALD RD & MOODIE DR (__3ZA411),__3ZA411,04 - At/near private drive,03 - P.D. only,02 - Angle,01 - Clear,01 - Daylight,02 - Wet,10 - No control,,2,0,0,0,,0,,,,,357029.1287,5020432.964,45.32190363,-75.83378011,1897
17--1160,1/29/2017,9:00 PM,BANK ST btwn BANK ST EXTENSION NB & JOHNSTON RD (__3ZA37U),__3ZA37U,01 - Non intersection,03 - P.D. only,07 - SMV other,03 - Snow,07 - Dark,03 - Loose snow,10 - No control,,1,0,0,0,,0,,,,,370627.1944,5025304.235,45.36459056,-75.65969565,1898
17--11600,11/10/2017,4:13 PM,EAGLESON RD @ PERTH ST/RICHMOND RD (0009376),9376,03 - At intersection,02 - Non-fatal injury,02 - Angle,01 - Clear,01 - Daylight,01 - Dry,01 - Traffic signal,01 - Functioning,2,0,0,0,02 - Minor,2,,2,,,358017.3027,5007409.676,45.20464355,-75.82257129,1899
17--11601,11/10/2017,4:25 PM,ST. LAURENT BLVD SERVICE RD btwn RUSSELL RD & ST. LAURENT BLVD (__3ZA775),__3ZA775,04 - At/near private drive,03 - P.D. only,03 - Rear end,01 - Clear,05 - Dusk,01 - Dry,10 - No control,,2,0,0,0,,0,,,,,373434.622,5029209.258,45.39945701,-75.62331921,1900
17--11602,11/10/2017,4:27 AM,STAGECOACH RD btwn SNAKE ISLAND RD & HERBERTS CORNERS RD (__3ZA2CV),__3ZA2CV,01 - Non intersection,02 - Non-fatal injury,07 - SMV other,01 - Clear,07 - Dark,01 - Dry,10 - No control,,1,0,0,0,02 - Minor,1,,1,,,377942.449,5008128.948,45.20932943,-75.56885794,1901
17--11603,11/10/2017,4:45 PM,HAWTHORNE RD/RUSSELL RD @ WALKLEY RD (0002618),2618,03 - At intersection,03 - P.D. only,04 - Sideswipe,01 - Clear,05 - Dusk,01 - Dry,01 - Traffic signal,01 - Functioning,2,0,0,0,,0,,,,,374674.8439,5028499.072,45.39294443,-75.60758016,1902
17--11604,11/10/2017,4:52 PM,FRANK KENNY RD btwn MCFADDEN RD & RUSSELL RD (__3ZA6IY),__3ZA6IY,01 - Non intersection,03 - P.D. only,07 - SMV other,01 - Clear,07 - Dark,01 - Dry,10 - No control,,1,0,0,0,,0,,,,,391636.6616,5028537.715,45.39139429,-75.39097911,1903
17--11605,11/10/2017,5:00 PM,REGIONAL ROAD 174 btwn OR174 IC109 RAMP64 & OR174 IC105 RAMP16 (__3ZA2XD),__3ZA2XD,01 - Non intersection,03 - P.D. only,07 - SMV other,01 - Clear,05 - Dusk,01 - Dry,10 - No control,,1,0,0,0,,0,,,,,378899.047,5036745.427,45.46670525,-75.55239632,1904
17--11606,11/10/2017,5:55 PM,DONALD ST btwn ELAINE DR & FINDON GT (__3ZA7RV),__3ZA7RV,04 - At/near private drive,03 - P.D. only,02 - Angle,01 - Clear,07 - Dark,01 - Dry,10 - No control,,2,0,0,0,,0,,,,,372401.9619,5032455.836,45.42876872,-75.6360627,1905
17--11607,11/10/2017,6:00 PM,HIGHWAY 417 btwn HWY417 IC129 RAMP51 & HWY417 IC129 RAMP35 (__3ZA2X9),__3ZA2X9,01 - Non intersection,03 - P.D. only,03 - Rear end,01 - Clear,07 - Dark,01 - Dry,10 - No control,,2,0,0,0,,0,,,,,360232.0284,5023350.287,45.34790813,-75.79260111,1906
17--11608,11/10/2017,6:10 AM,WALKLEY RD btwn HALIFAX DR & ST. LAURENT BLVD (__3ZA2EL),__3ZA2EL,01 - Non intersection,03 - P.D. only,04 - Sideswipe,01 - Clear,07 - Dark,01 - Dry,10 - No control,,2,0,0,0,,0,,,,,373781.6053,5027977.975,45.38834439,-75.61905981,1907
17--11609,11/10/2017,8:08 PM,MORNINGMIST WAY btwn BUCKLES ST & SUMMERBREEZE DR (__827GB9),__827GB9,01 - Non intersection,03 - P.D. only,06 - SMV unattended vehicle,01 - Clear,07 - Dark,01 - Dry,10 - No control,,1,0,0,0,,0,,,,,375088.7885,4999764.299,45.13435591,-75.6063599,1908