Anom_ID,Accident_Date,Accident_Time,Location,Geo_ID,Accident_Location,Classification_of_Accident,Initial_Impact_Type,Environment_Condition,Light,Road_Surface_Condition,Traffic_Control,Traffic_Control_Condition,No__of_Vehicles,No__of_Bicycles,No__of_Motorcycles,No__of_Pedestrians,Max_Injury,No__of_Injuries,No__of_Minimal,No__of_Minor,No__of_Major,No__of_Fatal,X,Y,Latitude,Longitude,ObjectId
17--11707,11/13/2017,6:30 PM,EAGLESON RD @ COPE DR/CADENCE GT (0011923),11923,02 - Intersection related,03 - P.D. only,02 - Angle,01 - Clear,07 - Dark,01 - Dry,01 - Traffic signal,01 - Functioning,2,0,0,0,,0,,,,,354621.6256,5016027.427,45.28243675,-75.86493034,1909
17--11708,11/13/2017,7:32 AM,HIGHWAY 417 btwn HWY417 IC122 RAMP16 & HWY417 IC122 RAMP61 (__3ZA2RA),__3ZA2RA,01 - Non intersection,03 - P.D. only,04 - Sideswipe,01 - Clear,01 - Daylight,01 - Dry,10 - No control,,2,0,0,0,,0,,,,,365323.9616,5028891.59,45.39734684,-75.7269468,1910
17--11709,11/13/2017,7:51 AM,DUMAURIER AVE @ PINECREST RD (0002743),2743,03 - At intersection,02 - Non-fatal injury,02 - Angle,01 - Clear,01 - Daylight,01 - Dry,01 - Traffic signal,01 - Functioning,2,0,0,0,02 - Minor,1,,1,,,360320.0068,5023833.842,45.35225219,-75.79142417,1911
17--1171,1/30/2017,2:30 PM,KING EDWARD AVE SB btwn GEORGE ST & RIDEAU ST (__3ZA3WH),__3ZA3WH,01 - Non intersection,03 - P.D. only,03 - Rear end,01 - Clear,01 - Daylight,02 - Wet,10 - No control,,2,0,0,0,,0,,,,,368474.5487,5032461.13,45.42918493,-75.68624819,1912
17--11710,11/13/2017,9:14 PM,DALHOUSIE ST @ RIDEAU ST (0007646),7646,02 - Intersection related,03 - P.D. only,06 - SMV unattended vehicle,01 - Clear,07 - Dark,01 - Dry,01 - Traffic signal,01 - Functioning,1,0,0,0,,0,,,,,368207.7124,5032228.25,45.4271138,-75.68968796,1913
17--11711,11/13/2017,9:42 AM,MARCH RD btwn TALL FOREST DR & HUNTMAR DR (__3ZA3FN),__3ZA3FN,01 - Non intersection,03 - P.D. only,07 - SMV other,01 - Clear,01 - Daylight,01 - Dry,10 - No control,,1,0,0,0,,0,,,,,343899.4666,5023326.717,45.34879673,-76.00102226,1914
17--11712,11/13/2017,9:51 PM,JINKINSON RD btwn FERNBANK RD & HAZELDEAN RD (__7JQ7K3),__7JQ7K3,01 - Non intersection,03 - P.D. only,07 - SMV other,01 - Clear,07 - Dark,01 - Dry,10 - No control,,1,0,0,0,,0,,,,,345529.3361,5008089.777,45.21159569,-75.98147351,1915
17--11713,11/14/2017,1:30 PM,LAURIER AVE @ NICHOLAS ST (0010711),10711,02 - Intersection related,03 - P.D. only,99 - Other,01 - Clear,01 - Daylight,01 - Dry,01 - Traffic signal,01 - Functioning,2,0,0,0,,0,,,,,368374.6403,5031798.939,45.42323586,-75.68761035,1916
17--11714,11/14/2017,1:41 PM,O'CONNOR ST @ SLATER ST (0002230),2230,02 - Intersection related,03 - P.D. only,04 - Sideswipe,01 - Clear,01 - Daylight,01 - Dry,01 - Traffic signal,01 - Functioning,2,0,0,0,,0,,,,,367580.0394,5031450.576,45.42017317,-75.69780755,1917
17--11715,11/14/2017,10:17 PM,ALBERT ST btwn METCALFE ST & ELGIN ST (__3ZA353),__3ZA353,01 - Non intersection,02 - Non-fatal injury,03 - Rear end,01 - Clear,07 - Dark,01 - Dry,10 - No control,,2,0,0,0,02 - Minor,2,,2,,,367733.6396,5031640.414,45.42186747,-75.69582082,1918
17--11716,11/14/2017,10:30 AM,MARGRAVE AVE btwn DRUMSO ST & DRUMSO ST (__3ZAZSC),__3ZAZSC,01 - Non intersection,03 - P.D. only,06 - SMV unattended vehicle,01 - Clear,01 - Daylight,01 - Dry,10 - No control,,1,0,0,0,,0,,,,,372491.8552,5025456.998,45.36578748,-75.63587444,1919
17--11717,11/14/2017,10:53 AM,BELCOURT BLVD @ ST. JOSEPH BLVD (0004138),4138,03 - At intersection,03 - P.D. only,02 - Angle,01 - Clear,01 - Daylight,01 - Dry,01 - Traffic signal,02 - Not functioning,2,0,0,0,,0,,,,,381205.7435,5037358.597,45.47197354,-75.52280643,1920
17--11718,11/14/2017,10:55 PM,HIGHWAY 417 btwn HWY417 IC110 RAMP55 & HWY417 IC104 RAMP51 (__3ZA2W8),__3ZA2W8,01 - Non intersection,03 - P.D. only,07 - SMV other,01 - Clear,07 - Dark,01 - Dry,10 - No control,,1,0,0,0,,0,,,,,377854.047,5026383.715,45.37358722,-75.56729471,1921
17--11719,11/14/2017,11:29 AM,STRANDHERD DR @ 210 W OF WOODROFFE AVE (0010890),10890,02 - Intersection related,03 - P.D. only,03 - Rear end,01 - Clear,01 - Daylight,01 - Dry,01 - Traffic signal,01 - Functioning,2,0,0,0,,0,,,,,365924.6776,5015321.475,45.27519267,-75.72095091,1922
17--1172,1/30/2017,2:40 PM,HIGHWAY 417 btwn HWY417 IC124 RAMP67 & HWY417 IC123 RAMP62 (__3ZA2YZ),__3ZA2YZ,01 - Non intersection,03 - P.D. only,04 - Sideswipe,01 - Clear,01 - Daylight,01 - Dry,10 - No control,,2,0,0,0,,0,,,,,364663.0596,5027865.529,45.38817137,-75.73551202,1923
17--11720,11/14/2017,11:50 AM,MEADOWLANDS DR/TALLWOOD DR @ WOODROFFE AVE (0000095),95,02 - Intersection related,03 - P.D. only,03 - Rear end,01 - Clear,01 - Daylight,01 - Dry,01 - Traffic signal,01 - Functioning,2,0,0,0,,0,,,,,363056.3552,5022729.825,45.34209636,-75.75663436,1924
17--11721,11/14/2017,Unknown,AINSLEY DR btwn ERINDALE DR & AMESBROOKE DR (__3ZBPLE),__3ZBPLE,01 - Non intersection,03 - P.D. only,06 - SMV unattended vehicle,01 - Clear,00 - Unknown,01 - Dry,10 - No control,,1,0,0,0,,0,,,,,363822.5681,5024660.789,45.35940691,-75.74662766,1925
17--11722,11/14/2017,12:00 PM,DES EPINETTES AVE @ JEANNE D'ARC BLVD (0004221),4221,03 - At intersection,03 - P.D. only,02 - Angle,01 - Clear,01 - Daylight,01 - Dry,01 - Traffic signal,02 - Not functioning,2,0,0,0,,0,,,,,382223.8638,5035959.41,45.45927272,-75.51000749,1926
17--11723,11/14/2017,2:25 PM,VALIN ST btwn CHARLEMAGNE BLVD & NORTHLANDS DR (__3ZA5VO),__3ZA5VO,01 - Non intersection,03 - P.D. only,02 - Angle,01 - Clear,01 - Daylight,01 - Dry,10 - No control,,2,1,0,0,,0,,,,,384745.8392,5037596.117,45.47371424,-75.47749872,1927
17--11724,11/14/2017,2:39 PM,HIGHGATE RD btwn WESTBURY RD & BASELINE RD (__3ZAA4I),__3ZAA4I,04 - At/near private drive,03 - P.D. only,02 - Angle,01 - Clear,01 - Daylight,01 - Dry,10 - No control,,2,0,0,0,,0,,,,,362016.4357,5023550.726,45.34956837,-75.76980794,1928
17--11725,11/14/2017,2:39 PM,ROCHESTER ST @ SOMERSET ST (0006321),6321,02 - Intersection related,03 - P.D. only,99 - Other,01 - Clear,01 - Daylight,01 - Dry,01 - Traffic signal,01 - Functioning,2,0,0,0,,0,,,,,366483.3773,5030203.903,45.40905351,-75.7119752,1929
17--11726,11/14/2017,3:00 PM,RIDEAU RD btwn BOWESVILLE RD & ALBION RD (__3ZBOY3),__3ZBOY3,01 - Non intersection,03 - P.D. only,07 - SMV other,01 - Clear,01 - Daylight,01 - Dry,10 - No control,,1,0,0,0,,0,,,,,374696.2307,5016364.229,45.28375784,-75.60902118,1930
17--11727,11/14/2017,3:10 PM,RIDEAU ST @ WALLER ST (0011913),11913,02 - Intersection related,03 - P.D. only,04 - Sideswipe,01 - Clear,01 - Daylight,01 - Dry,01 - Traffic signal,01 - Functioning,2,0,0,0,,0,,,,,368283.0824,5032275.922,45.4275359,-75.68871873,1931
17--11728,11/14/2017,3:32 PM,CYRVILLE RD @ INNES RD (0009352),9352,02 - Intersection related,03 - P.D. only,03 - Rear end,01 - Clear,01 - Daylight,01 - Dry,01 - Traffic signal,01 - Functioning,2,0,0,0,,0,,,,,375048.0592,5031119.564,45.41648491,-75.60244084,1932
17--11729,11/14/2017,3:41 PM,PRINCE OF WALES DR btwn FOREST HILL AVE & BASELINE RD/HERON RD (__3ZA3G6),__3ZA3G6,04 - At/near private drive,03 - P.D. only,02 - Angle,01 - Clear,01 - Daylight,01 - Dry,10 - No control,,2,0,0,0,,0,,,,,366845.9473,5026338.867,45.37424485,-75.7078297,1933
17--1173,1/30/2017,2:59 PM,WELLINGTON ST @ HAMILTON AVE (0006106),6106,02 - Intersection related,03 - P.D. only,04 - Sideswipe,01 - Clear,01 - Daylight,01 - Dry,02 - Stop sign,00 - Unknown,2,0,0,0,,0,,,,,365077.1464,5029232.108,45.40043204,-75.73005739,1934
17--11730,11/14/2017,3:47 PM,INNES RD @ STAR TOP RD/WINDMILL LANE (0008734),8734,02 - Intersection related,03 - P.D. only,03 - Rear end,01 - Clear,01 - Daylight,01 - Dry,01 - Traffic signal,01 - Functioning,2,0,0,0,,0,,,,,374146.7225,5030664.554,45.41248087,-75.61401984,1935
17--11731,11/14/2017,3:53 PM,DIAMONDVIEW RD btwn BAIRD SIDE RD & THOMAS A. DOLAN PKWY (__3ZACD2),__3ZACD2,01 - Non intersection,02 - Non-fatal injury,07 - SMV other,01 - Clear,01 - Daylight,01 - Dry,10 - No control,,1,0,0,0,03 - Major,2,1,,1,,333615.1928,5027191.34,45.38407034,-76.13203903,1936
17--11732,11/14/2017,4:12 PM,INNES RD btwn PAGE RD & 473 E OF PAGE RD/BUILDERS' WAREHOUSE SC (__3ZAYFDA),__3ZAYFDA,01 - Non intersection,03 - P.D. only,03 - Rear end,01 - Clear,01 - Daylight,01 - Dry,10 - No control,,2,0,0,0,,0,,,,,380932.0757,5034570.106,45.44691482,-75.52673777,1937
17--11733,11/14/2017,4:12 PM,BRUYERE ST @ SUSSEX DR (0007744),7744,02 - Intersection related,03 - P.D. only,04 - Sideswipe,01 - Clear,01 - Daylight,01 - Dry,01 - Traffic signal,00 - Unknown,2,0,0,0,,0,,,,,367538.3207,5032669.095,45.43114074,-75.69818537,1938
17--11734,11/14/2017,4:15 PM,HIGHWAY 417 btwn HWY417 IC144 RAMP51 & HWY417 IC144 RAMP35 (__3ZA2Q5),__3ZA2Q5,01 - Non intersection,03 - P.D. only,99 - Other,01 - Clear,01 - Daylight,01 - Dry,10 - No control,,3,0,0,0,,0,,,,,347301.3867,5015721.555,45.2801651,-75.9582621,1939
17--11735,11/14/2017,4:30 PM,SLATER ST btwn LYON ST N & KENT ST (__3ZA3CT),__3ZA3CT,01 - Non intersection,02 - Non-fatal injury,07 - SMV other,01 - Clear,05 - Dusk,01 - Dry,10 - No control,,1,0,0,1,02 - Minor,1,,1,,,367240.0609,5031241.322,45.41832079,-75.70217783,1940
17--11736,11/14/2017,4:31 PM,BLACKBURN BYPASS @ NAVAN RD (0004201),4201,02 - Intersection related,02 - Non-fatal injury,99 - Other,01 - Clear,05 - Dusk,01 - Dry,01 - Traffic signal,01 - Functioning,3,0,0,0,02 - Minor,2,1,1,,,379617.4127,5033275.9,45.43541245,-75.54373861,1941
17--11737,11/14/2017,4:49 PM,MCARTHUR AVE btwn LAFONTAINE AVE & EASTWOOD PL (__3ZA3W0),__3ZA3W0,01 - Non intersection,02 - Non-fatal injury,05 - Turning movement,01 - Clear,05 - Dusk,01 - Dry,10 - No control,,2,0,0,0,02 - Minor,1,,1,,,370999.5844,5032776.473,45.43178781,-75.65393967,1942
17--11738,11/14/2017,4:58 PM,REGIONAL ROAD 174 EB btwn HWY417 IC113 RAMP65 & OR174 BLAIR IC112 RAMP51 (__3ZAZFJ),__3ZAZFJ,01 - Non intersection,03 - P.D. only,03 - Rear end,01 - Clear,05 - Dusk,01 - Dry,10 - No control,,2,0,0,0,,0,,,,,374800.2831,5032819,45.43180035,-75.60536478,1943
17--11739,11/14/2017,5:00 PM,STRANDHERD DR btwn CLARIDGE DR & BEATRICE DR (__3ZAZIB),__3ZAZIB,01 - Non intersection,02 - Non-fatal injury,03 - Rear end,01 - Clear,05 - Dusk,01 - Dry,10 - No control,,2,0,0,0,02 - Minor,1,,1,,,365159.1656,5015409.28,45.27604887,-75.73069599,1944
17--1174,1/30/2017,3:30 PM,HIGHWAY 416 btwn HWY416 IC49 RAMP43 & HWY416 IC42 RAMP34 (__3ZAZJ7),__3ZAZJ7,01 - Non intersection,03 - P.D. only,04 - Sideswipe,01 - Clear,01 - Daylight,01 - Dry,10 - No control,,2,0,0,0,,0,,,,,369651.6296,4998699.497,45.12529468,-75.67561761,1945
17--11740,11/14/2017,5:11 PM,ARLINGTON AVE @ BANK ST (0007261),7261,03 - At intersection,02 - Non-fatal injury,07 - SMV other,01 - Clear,07 - Dark,01 - Dry,02 - Stop sign,01 - Functioning,1,0,0,1,02 - Minor,1,,1,,,368006.3694,5030344.901,45.41018628,-75.69250233,1946
17--11741,11/14/2017,5:21 PM,CARLING AVE @ MAITLAND AVE/SHERBOURNE RD (0002641),2641,02 - Intersection related,03 - P.D. only,03 - Rear end,01 - Clear,07 - Dark,01 - Dry,01 - Traffic signal,00 - Unknown,3,0,0,0,,0,,,,,362943.0324,5026488.527,45.37592619,-75.75763812,1947
17--11742,11/14/2017,5:42 PM,BRONSON AVE @ KIPPEWA DR (0007226),7226,02 - Intersection related,03 - P.D. only,03 - Rear end,01 - Clear,07 - Dark,01 - Dry,02 - Stop sign,00 - Unknown,3,0,0,0,,0,,,,,367557.0513,5029076.226,45.39881155,-75.69840353,1948
17--11743,11/14/2017,5:50 PM,CARLING AVE @ CONNAUGHT AVE (0002143),2143,02 - Intersection related,03 - P.D. only,03 - Rear end,01 - Clear,07 - Dark,01 - Dry,01 - Traffic signal,00 - Unknown,2,0,0,0,,0,,,,,360771.0107,5025118.853,45.36377881,-75.78552316,1949
17--11744,11/14/2017,6:05 PM,AVENUE U btwn TREMBLAY RD & END (__3ZA9N8),__3ZA9N8,01 - Non intersection,03 - P.D. only,06 - SMV unattended vehicle,01 - Clear,07 - Dark,02 - Wet,10 - No control,,1,0,0,0,,0,,,,,372130.8805,5031320.901,45.41858325,-75.63968179,1950
17--11745,11/14/2017,6:16 PM,BRONSON AVE @ CARLING AVE/GLEBE AVE (0002134),2134,03 - At intersection,03 - P.D. only,04 - Sideswipe,01 - Clear,07 - Dark,01 - Dry,01 - Traffic signal,01 - Functioning,2,0,0,0,,0,,,,,367448.0415,5029336.231,45.40116077,-75.69976275,1951
17--11746,11/14/2017,6:31 PM,BOUNDARY RD btwn MITCH OWENS RD & DEVINE RD (__3ZA3X6),__3ZA3X6,01 - Non intersection,03 - P.D. only,07 - SMV other,01 - Clear,07 - Dark,01 - Dry,10 - No control,,1,0,0,0,,0,,,,,388205.258,5021817.422,45.33134822,-75.4359291,1952
17--11747,11/14/2017,7:13 PM,INNES RD btwn FRANK KENNY RD & O'TOOLE RD (__3ZA3MX),__3ZA3MX,01 - Non intersection,02 - Non-fatal injury,03 - Rear end,01 - Clear,07 - Dark,01 - Dry,10 - No control,,2,0,0,0,02 - Minor,2,,2,,,387942.0752,5037762.084,45.47483421,-75.43659796,1953
17--11748,11/14/2017,8:04 AM,HIGHWAY 416 btwn HWY416 IC49 RAMP42 & HWY416 IC49 RAMP24 (__3ZAZGH),__3ZAZGH,01 - Non intersection,03 - P.D. only,07 - SMV other,01 - Clear,01 - Daylight,01 - Dry,10 - No control,,1,0,0,0,,0,,,,,369292.0316,5000861.699,45.14478327,-75.67990945,1954
17--11749,11/14/2017,8:16 PM,TENTH LINE RD @ OR174 IC101 RAMP26 (0009164),9164,02 - Intersection related,03 - P.D. only,03 - Rear end,01 - Clear,07 - Dark,01 - Dry,10 - No control,,2,0,0,0,,0,,,,,382762.7962,5038939.723,45.48602701,-75.5026445,1955
17--1175,1/30/2017,4:04 AM,HOPE SIDE RD @ RICHMOND RD (0000581),581,02 - Intersection related,03 - P.D. only,07 - SMV other,01 - Clear,07 - Dark,01 - Dry,02 - Stop sign,01 - Functioning,1,0,0,0,,0,,,,,356951.8861,5015487.311,45.27740767,-75.83528554,1956
17--11750,11/14/2017,9:13 AM,INDUSTRIAL AVE @ RIVERSIDE DR (0011905),11905,02 - Intersection related,03 - P.D. only,04 - Sideswipe,01 - Clear,01 - Daylight,01 - Dry,01 - Traffic signal,00 - Unknown,2,0,0,0,,0,,,,,370684.3842,5030592.553,45.41216757,-75.65825969,1957
17--11751,11/14/2017,9:25 PM,CLYDE AVE btwn MAITLAND AVE & BASELINE RD (__3ZA4IR),__3ZA4IR,01 - Non intersection,03 - P.D. only,03 - Rear end,01 - Clear,07 - Dark,01 - Dry,10 - No control,,2,0,0,0,,0,,,,,364292.5261,5025044.343,45.36281836,-75.7405834,1958
17--11752,11/14/2017,9:53 AM,GEORGE ST btwn DALHOUSIE ST & CUMBERLAND ST (__3ZA81O),__3ZA81O,04 - At/near private drive,03 - P.D. only,05 - Turning movement,01 - Clear,01 - Daylight,01 - Dry,10 - No control,,2,0,0,0,,0,,,,,368283.4742,5032391.534,45.4285761,-75.68869882,1959
17--11753,11/15/2017,1:10 PM,CYRVILLE RD @ INNES RD (0009352),9352,02 - Intersection related,03 - P.D. only,04 - Sideswipe,01 - Clear,01 - Daylight,01 - Dry,01 - Traffic signal,01 - Functioning,2,0,0,0,,0,,,,,375047.3903,5031118.226,45.41647294,-75.60244957,1960
17--11754,11/15/2017,1:28 PM,AIRPORT PKWY @ HUNT CLUB RD (0010856),10856,02 - Intersection related,02 - Non-fatal injury,03 - Rear end,01 - Clear,01 - Daylight,01 - Dry,01 - Traffic signal,01 - Functioning,3,0,0,0,02 - Minor,1,,1,,,371018.8625,5023702.998,45.35014625,-75.65491093,1961
17--11755,11/15/2017,1:57 PM,CENTREPOINTE DR @ CONSTELLATION CRES S (0010246),10246,03 - At intersection,02 - Non-fatal injury,07 - SMV other,01 - Clear,01 - Daylight,01 - Dry,02 - Stop sign,01 - Functioning,1,0,0,1,02 - Minor,1,,1,,,362377.3605,5023120.746,45.3456699,-75.76525228,1962
17--11756,11/15/2017,10:36 AM,REGIONAL RD 174 @ TRIM RD (0012835),12835,02 - Intersection related,03 - P.D. only,03 - Rear end,01 - Clear,01 - Daylight,01 - Dry,01 - Traffic signal,01 - Functioning,2,0,0,0,,0,,,,,384351.3438,5039992.379,45.49531855,-75.48215527,1963
17--11757,11/15/2017,10:52 AM,HERON RD WB btwn HERON RD WB OFF RAMP/VINCENT MASSEY PARK & RIVERSIDE  (__3ZAZKM),__3ZAZKM,01 - Non intersection,03 - P.D. only,07 - SMV other,01 - Clear,01 - Daylight,01 - Dry,10 - No control,,1,0,0,0,,0,,,,,368018.1152,5026636.759,45.37682044,-75.69282742,1964
17--11758,11/15/2017,10:55 AM,COVENTRY RD @ VANIER PKWY (0002139),2139,02 - Intersection related,03 - P.D. only,03 - Rear end,01 - Clear,01 - Daylight,01 - Dry,01 - Traffic signal,01 - Functioning,2,0,0,0,,0,,,,,370677.3882,5031611.703,45.42133813,-75.65821282,1965
17--11759,11/15/2017,10:55 AM,HIGHWAY 417 btwn HWY417 IC123 RAMP62 & HWY417 IC122 RAMP16 (__3ZA2R9),__3ZA2R9,01 - Non intersection,03 - P.D. only,99 - Other,01 - Clear,01 - Daylight,01 - Dry,10 - No control,,3,0,0,0,,0,,,,,364913.7794,5028313.061,45.3921767,-75.73225595,1966
17--1176,1/30/2017,4:13 PM,SUSSEX DR btwn KING EDWARD AVE & 262 N OF KING EDWARD AVE (__3ZBOGCA),__3ZBOGCA,01 - Non intersection,03 - P.D. only,04 - Sideswipe,01 - Clear,01 - Daylight,01 - Dry,10 - No control,,2,0,0,0,,0,,,,,367712.3243,5033611.685,45.43960621,-75.69584131,1967
17--11760,11/15/2017,11:08 AM,CHARDONNAY DR btwn PELICAN ST & SCALA AVE (__4LNNL7),__4LNNL7,01 - Non intersection,03 - P.D. only,06 - SMV unattended vehicle,01 - Clear,01 - Daylight,01 - Dry,10 - No control,,1,0,0,0,,0,,,,,385236.6682,5036250.994,45.46155576,-75.47144221,1968
17--11761,11/15/2017,11:24 AM,NELSON ST @ RIDEAU ST (0007626),7626,02 - Intersection related,03 - P.D. only,04 - Sideswipe,01 - Clear,01 - Daylight,01 - Dry,01 - Traffic signal,01 - Functioning,2,0,0,0,,0,,,,,368650.6467,5032497.613,45.42949714,-75.68399318,1969
17--11762,11/15/2017,11:31 AM,RIVERSIDE DR @ TREMBLAY RD/HWY417 IC117 RAMP52 (0010790),10790,02 - Intersection related,02 - Non-fatal injury,03 - Rear end,01 - Clear,01 - Daylight,01 - Dry,01 - Traffic signal,01 - Functioning,2,0,0,0,01 - Minimal,1,1,,,,370801.0748,5031016.577,45.41597177,-75.65671223,1970
17--11763,11/15/2017,11:53 AM,KANATA AVE @ LORD BYNG WAY/MARITIME WAY (0009115),9115,02 - Intersection related,03 - P.D. only,04 - Sideswipe,01 - Clear,01 - Daylight,01 - Dry,01 - Traffic signal,01 - Functioning,2,0,0,0,,0,,,,,351431.6462,5019332.647,45.31239686,-75.90527949,1971
17--11764,11/15/2017,Unknown,CHARDONNAY DR btwn ESPRIT DR & MELANSON CRES (__4LNMER),__4LNMER,01 - Non intersection,03 - P.D. only,06 - SMV unattended vehicle,01 - Clear,00 - Unknown,01 - Dry,10 - No control,,1,0,0,0,,0,,,,,384910.6347,5036098.536,45.46022155,-75.47563543,1972
17--11765,11/15/2017,12:16 PM,GILCHRIST ST @ WELLINGTON ST (0006110),6110,02 - Intersection related,03 - P.D. only,03 - Rear end,01 - Clear,01 - Daylight,01 - Dry,02 - Stop sign,00 - Unknown,2,0,0,0,,0,,,,,364424.0345,5028993.228,45.39833857,-75.73842797,1973
17--11766,11/15/2017,12:27 PM,BRONSON AVE @ JAMES ST (0005694),5694,03 - At intersection,03 - P.D. only,02 - Angle,01 - Clear,01 - Daylight,01 - Dry,02 - Stop sign,01 - Functioning,2,0,0,0,,0,,,,,367068.3729,5030240.232,45.40932858,-75.70449783,1974
17--11767,11/15/2017,12:30 PM,WOODROFFE AVE btwn CARLING AVE & FOX CRES (__3ZA4NI),__3ZA4NI,01 - Non intersection,03 - P.D. only,04 - Sideswipe,01 - Clear,01 - Daylight,01 - Dry,10 - No control,,2,0,0,0,,0,,,,,361788.0849,5025667.988,45.36863794,-75.77247779,1975
17--11768,11/15/2017,12:56 PM,LANTHIER DR @ VANTAGE DR (0004631),4631,02 - Intersection related,03 - P.D. only,03 - Rear end,01 - Clear,01 - Daylight,01 - Dry,02 - Stop sign,01 - Functioning,2,0,0,0,,0,,,,,383601.2348,5035848.797,45.45812354,-75.49241596,1976
17--11769,11/15/2017,2:51 PM,KENT ST @ LAURIER AVE (0002222),2222,03 - At intersection,02 - Non-fatal injury,07 - SMV other,01 - Clear,01 - Daylight,01 - Dry,01 - Traffic signal,01 - Functioning,1,0,0,1,03 - Major,1,,,1,,367316.3646,5031163.92,45.41761754,-75.70121279,1977
17--1177,1/30/2017,4:14 PM,VIEWMOUNT DR @ MERIVALE RD (0001528),1528,02 - Intersection related,03 - P.D. only,03 - Rear end,01 - Clear,01 - Daylight,01 - Dry,01 - Traffic signal,01 - Functioning,2,0,0,0,,0,,,,,365193.1507,5022948.495,45.34388322,-75.72934406,1978
17--11770,11/15/2017,3:00 PM,INDUSTRIAL AVE @ RIVERSIDE DR (0011905),11905,02 - Intersection related,03 - P.D. only,03 - Rear end,01 - Clear,01 - Daylight,01 - Dry,01 - Traffic signal,01 - Functioning,2,0,0,0,,0,,,,,370683.7153,5030593.222,45.41217365,-75.65826815,1979
17--11771,11/15/2017,3:02 PM,TERRY FOX DR @ EDGEWATER ST/WALTER BAKER PL (0002699),2699,02 - Intersection related,02 - Non-fatal injury,03 - Rear end,01 - Clear,01 - Daylight,01 - Dry,01 - Traffic signal,00 - Unknown,2,0,0,0,01 - Minimal,1,1,,,,351777.2738,5017613.45,45.29690406,-75.90103467,1980
17--11772,11/15/2017,3:35 PM,CHAPMAN MILLS DR @ LONGFIELDS DR (0013784),13784,03 - At intersection,03 - P.D. only,02 - Angle,01 - Clear,01 - Daylight,01 - Dry,02 - Stop sign,01 - Functioning,2,0,0,0,,0,,,,,364841.826,5014582.921,45.26864047,-75.73484018,1981
17--11773,11/15/2017,3:43 AM,ORMROD RD btwn WORLEY ST & FLEWELLYN RD (__3ZAC06),__3ZAC06,01 - Non intersection,02 - Non-fatal injury,07 - SMV other,01 - Clear,07 - Dark,01 - Dry,10 - No control,,1,0,0,0,02 - Minor,1,,1,,,341887.1851,5002303.158,45.15972517,-76.02827046,1982
17--11774,11/15/2017,3:53 PM,AVENUE RD/ECHO DR @ RIVERDALE AVE (0007557),7557,03 - At intersection,02 - Non-fatal injury,07 - SMV other,01 - Clear,01 - Daylight,01 - Dry,02 - Stop sign,01 - Functioning,1,0,0,1,01 - Minimal,1,1,,,,369113.0562,5029041.774,45.39836036,-75.67853518,1983
17--11775,11/15/2017,3:58 PM,RICHMOND RD btwn FRASER AVE & BROADVIEW AVE (__3ZA303),__3ZA303,01 - Non intersection,03 - P.D. only,04 - Sideswipe,01 - Clear,01 - Daylight,01 - Dry,10 - No control,,2,0,0,0,,0,,,,,362534.6651,5027734.273,45.38716902,-75.76270597,1984
17--11776,11/15/2017,4:00 PM,CARLING AVE @ RICHARDSON SIDE RD (0011927),11927,02 - Intersection related,03 - P.D. only,03 - Rear end,01 - Clear,01 - Daylight,01 - Dry,02 - Stop sign,00 - Unknown,2,0,0,0,,0,,,,,351835.1099,5022273.472,45.33883213,-75.8998548,1985
17--11777,11/15/2017,4:46 PM,HIGHWAY 417 btwn HWY417 IC122 RAMP15 & HWY417 IC121B RAMP51 (__3ZA2RB),__3ZA2RB,01 - Non intersection,03 - P.D. only,03 - Rear end,01 - Clear,05 - Dusk,01 - Dry,10 - No control,,2,0,0,0,,0,,,,,366460.8542,5029475.431,45.4025009,-75.71235401,1986
17--11778,11/15/2017,5:00 PM,SMYTH RD btwn GENERAL HOSPITAL & HIGHLAND TER (__3ZA3ONA),__3ZA3ONA,01 - Non intersection,03 - P.D. only,04 - Sideswipe,02 - Rain,05 - Dusk,02 - Wet,10 - No control,,2,0,0,0,,0,,,,,371440.1289,5029172.856,45.39932216,-75.64879723,1987
17--11779,11/15/2017,5:07 PM,BELFAST RD @ COVENTRY RD (0002646),2646,02 - Intersection related,03 - P.D. only,03 - Rear end,01 - Clear,07 - Dark,01 - Dry,01 - Traffic signal,01 - Functioning,2,0,0,0,,0,,,,,371523.3867,5031643.571,45.42154469,-75.64739946,1988
17--1178,1/30/2017,4:17 PM,LEES AVE btwn CHAPEL CRES & TRANSIT (__3ZA5XB),__3ZA5XB,01 - Non intersection,03 - P.D. only,01 - Approaching,01 - Clear,01 - Daylight,01 - Dry,10 - No control,,2,0,0,0,,0,,,,,369755.934,5031278.391,45.41842528,-75.67002994,1989
17--11780,11/15/2017,5:10 PM,HIGHWAY 417 btwn HWY417 IC110 RAMP55 & HWY417 IC104 RAMP51 (__3ZA2W8),__3ZA2W8,01 - Non intersection,03 - P.D. only,04 - Sideswipe,01 - Clear,07 - Dark,01 - Dry,10 - No control,,2,0,0,0,,0,,,,,377287.0518,5026706.754,45.37655263,-75.57448535,1990
17--11781,11/15/2017,5:12 PM,CONROY RD @ HUNT CLUB RD (0002257),2257,02 - Intersection related,03 - P.D. only,03 - Rear end,01 - Clear,07 - Dark,01 - Dry,01 - Traffic signal,01 - Functioning,2,0,0,0,,0,,,,,373763.4056,5025405.192,45.3651974,-75.6196515,1991