Anom_ID,Accident_Date,Accident_Time,Location,Geo_ID,Accident_Location,Classification_of_Accident,Initial_Impact_Type,Environment_Condition,Light,Road_Surface_Condition,Traffic_Control,Traffic_Control_Condition,No__of_Vehicles,No__of_Bicycles,No__of_Motorcycles,No__of_Pedestrians,Max_Injury,No__of_Injuries,No__of_Minimal,No__of_Minor,No__of_Major,No__of_Fatal,X,Y,Latitude,Longitude,ObjectId
17--11782,11/15/2017,5:19 PM,BANK ST @ CATHERINE ST (0002708),2708,03 - At intersection,02 - Non-fatal injury,07 - SMV other,01 - Clear,07 - Dark,01 - Dry,01 - Traffic signal,01 - Functioning,1,0,0,1,02 - Minor,1,,1,,,368039.371,5030268.241,45.40949354,-75.6920906,1992
17--11783,11/15/2017,5:20 PM,HIGHWAY 417 btwn HWY417 IC110 RAMP55 & HWY417 IC104 RAMP51 (__3ZA2W8),__3ZA2W8,01 - Non intersection,03 - P.D. only,04 - Sideswipe,01 - Clear,07 - Dark,01 - Dry,10 - No control,,2,0,0,0,,0,,,,,377408.7604,5026558.587,45.3752069,-75.57295337,1993
17--11784,11/15/2017,5:30 PM,DUNROBIN RD btwn DUNROBIN RD & MURPHY SIDE RD (__3ZA3EB),__3ZA3EB,01 - Non intersection,03 - P.D. only,07 - SMV other,01 - Clear,07 - Dark,01 - Dry,10 - No control,,1,0,0,0,,0,,,,,344585.5013,5028891.854,45.39883481,-75.99181929,1994
17--11785,11/15/2017,5:34 PM,HIGHWAY 417 btwn HWY417 IC126 RAMP25 & HWY417 IC124 RAMP57 (__3ZA2R5),__3ZA2R5,01 - Non intersection,03 - P.D. only,03 - Rear end,01 - Clear,07 - Dark,01 - Dry,10 - No control,,2,0,0,0,,0,,,,,363662.1716,5026489.689,45.3758766,-75.7484569,1995
17--11786,11/15/2017,5:51 PM,ALCIDE AVE @ ROCKDALE RD (0004673),4673,03 - At intersection,03 - P.D. only,02 - Angle,01 - Clear,07 - Dark,01 - Dry,02 - Stop sign,01 - Functioning,2,0,0,0,,0,,,,,394763.1996,5024415.457,45.35391241,-75.35180775,1996
17--11787,11/15/2017,5:54 PM,HIGHWAY 417 btwn HWY417 IC115 RAMP51 & HWY417 IC115 RAMP35 (__3ZAZEB),__3ZAZEB,01 - Non intersection,03 - P.D. only,03 - Rear end,01 - Clear,07 - Dark,01 - Dry,10 - No control,,3,0,0,0,,0,,,,,372348.5304,5031485.985,45.42004762,-75.63687846,1997
17--11788,11/15/2017,6:00 PM,HIGHWAY 417 btwn HWY417 IC129 RAMP76 & HWY417 IC129 RAMP26 (__3ZA2RG),__3ZA2RG,01 - Non intersection,03 - P.D. only,03 - Rear end,01 - Clear,07 - Dark,01 - Dry,10 - No control,,2,0,0,0,,0,,,,,360374.5231,5023495.023,45.34919918,-75.79076653,1998
17--11789,11/15/2017,6:28 AM,MARCH RD btwn SOLANDT RD & STATION RD (__3ZA3CD),__3ZA3CD,01 - Non intersection,03 - P.D. only,07 - SMV other,01 - Clear,03 - Dawn,01 - Dry,10 - No control,,1,0,0,0,,0,,,,,350598.161,5022586.158,45.34172759,-75.91560789,1999
17--1179,1/30/2017,4:22 PM,BOWESVILLE RD btwn HIGH RD & EARL ARMSTRONG RD (__3ZA7ZY),__3ZA7ZY,01 - Non intersection,02 - Non-fatal injury,01 - Approaching,01 - Clear,01 - Daylight,01 - Dry,10 - No control,,2,0,0,0,02 - Minor,1,,1,,,371850.6876,5019110.969,45.30874952,-75.64491827,2000
17--11880,11/17/2017,12:24 PM,COVENTRY RD btwn ST. LAURENT SC WEST & ST. LAURENT SC EAST (__3ZA2CAB),__3ZA2CAB,01 - Non intersection,03 - P.D. only,04 - Sideswipe,01 - Clear,01 - Daylight,01 - Dry,10 - No control,,2,0,0,0,,0,,,,,371914.2607,5031927.54,45.42406232,-75.64236669,2001
17--11881,11/17/2017,2:00 PM,FALLOWFIELD RD @ MOODIE DR (0010412),10412,02 - Intersection related,03 - P.D. only,03 - Rear end,01 - Clear,01 - Daylight,01 - Dry,01 - Traffic signal,01 - Functioning,2,0,0,0,,0,,,,,359501.3215,5014635.744,45.26955143,-75.80288727,2002
17--11882,11/17/2017,2:12 PM,BANK ST @ WALKLEY RD (0011423),11423,02 - Intersection related,03 - P.D. only,04 - Sideswipe,01 - Clear,01 - Daylight,01 - Dry,01 - Traffic signal,01 - Functioning,2,0,0,0,,0,,,,,370338.303,5025947.509,45.37040561,-75.66329771,2003
17--11883,11/17/2017,2:30 PM,INDUSTRIAL AVE @ TRAINYARDS DR (0011906),11906,03 - At intersection,03 - P.D. only,05 - Turning movement,01 - Clear,01 - Daylight,01 - Dry,01 - Traffic signal,01 - Functioning,2,0,0,0,,0,,,,,371684.2829,5030540.817,45.41160722,-75.64549341,2004
17--11884,11/17/2017,2:31 PM,HIGHWAY 417 btwn HWY417 IC144 RAMP16 & HWY417 IC144 RAMP61 (__3ZA2QU),__3ZA2QU,01 - Non intersection,03 - P.D. only,07 - SMV other,01 - Clear,01 - Daylight,01 - Dry,10 - No control,,1,0,0,0,,0,,,,,347527.2705,5015980.481,45.28248132,-75.95536074,2005
17--11885,11/17/2017,2:33 AM,YORK ST WB btwn BYWARD MARKE SQ & SUSSEX DR (__3ZA1B0),__3ZA1B0,04 - At/near private drive,02 - Non-fatal injury,07 - SMV other,01 - Clear,07 - Dark,01 - Dry,10 - No control,,1,0,0,1,03 - Major,1,,,1,,367880.9622,5032312.252,45.42789917,-75.69385245,2006
17--11886,11/17/2017,2:43 PM,BOWESVILLE RD/HIGH RD @ LEITRIM RD (0012439),12439,02 - Intersection related,03 - P.D. only,03 - Rear end,01 - Clear,01 - Daylight,01 - Dry,02 - Stop sign,01 - Functioning,2,0,0,0,,0,,,,,371675.7346,5019289.479,45.31037239,-75.64712507,2007
17--11887,11/17/2017,3:05 PM,CUMBERLAND ST @ ST. PATRICK ST (0008238),8238,03 - At intersection,02 - Non-fatal injury,02 - Angle,01 - Clear,01 - Daylight,01 - Dry,01 - Traffic signal,01 - Functioning,3,0,0,0,02 - Minor,1,,1,,,368128.3703,5032748.582,45.43180276,-75.69063489,2008
17--11888,11/17/2017,3:05 PM,HWY 417 WOODROFF IC127R62 @ WOODROFFE AVE (0002349),2349,02 - Intersection related,03 - P.D. only,03 - Rear end,01 - Clear,01 - Daylight,01 - Dry,03 - Yield sign,01 - Functioning,2,0,0,0,,0,,,,,362051.9192,5025020.518,45.36279056,-75.76918492,2009
17--11889,11/17/2017,3:42 PM,ROGER STEVENS DR @ MALAKOFF RD (0003720),3720,03 - At intersection,02 - Non-fatal injury,02 - Angle,01 - Clear,01 - Daylight,01 - Dry,02 - Stop sign,01 - Functioning,2,0,0,0,02 - Minor,1,,1,,,362226.8849,4996127.349,45.10279194,-75.7702865,2010
17--1189,1/30/2017,6:26 AM,OR174 IC105 RAMP36/OR174 IC105 RAMP16 @ TRANSI (0009782),9782,02 - Intersection related,03 - P.D. only,03 - Rear end,01 - Clear,07 - Dark,02 - Wet,03 - Yield sign,00 - Unknown,2,0,0,0,,0,,,,,379308.0005,5037036.792,45.46928323,-75.54712304,2011
17--11890,11/17/2017,3:44 PM,DALY AVE @ KING EDWARD AVE (0007755),7755,03 - At intersection,03 - P.D. only,05 - Turning movement,01 - Clear,01 - Daylight,01 - Dry,02 - Stop sign,00 - Unknown,3,0,0,0,,0,,,,,368591.3732,5032271.579,45.42746878,-75.68477989,2012
17--11891,11/17/2017,3:47 PM,REGIONAL ROAD 174 btwn OR174 IC112 RAMP36 & OR174 IC112 RAMP26 (__3ZAZFK),__3ZAZFK,01 - Non intersection,03 - P.D. only,03 - Rear end,01 - Clear,01 - Daylight,01 - Dry,10 - No control,,2,0,0,0,,0,,,,,374671.8551,5032751.441,45.43120533,-75.60701554,2013
17--11892,11/17/2017,3:49 PM,INNES RD btwn BANTREE ST & STAR TOP RD (__3ZA2XP),__3ZA2XP,01 - Non intersection,03 - P.D. only,03 - Rear end,01 - Clear,01 - Daylight,01 - Dry,10 - No control,,4,0,0,0,,0,,,,,373744.8536,5030427.96,45.41039182,-75.61918664,2014
17--11893,11/17/2017,3:53 PM,RIVERSIDE DR @ TREMBLAY RD/HWY417 IC117 RAMP52 (0010790),10790,02 - Intersection related,02 - Non-fatal injury,03 - Rear end,01 - Clear,01 - Daylight,01 - Dry,01 - Traffic signal,01 - Functioning,2,0,0,0,01 - Minimal,1,1,,,,370801.7437,5031014.57,45.41595365,-75.65670395,2015
17--11894,11/17/2017,4:12 PM,WOODROFFE AVE @ DEERFOX DR/STONEWAY DR (0004601),4601,03 - At intersection,03 - P.D. only,04 - Sideswipe,01 - Clear,05 - Dusk,01 - Dry,01 - Traffic signal,01 - Functioning,2,0,0,0,,0,,,,,365886.0326,5015940.439,45.28076544,-75.72136723,2016
17--11895,11/17/2017,4:17 PM,STRANDHERD DR @ LONGFIELDS DR (0010935),10935,02 - Intersection related,03 - P.D. only,03 - Rear end,01 - Clear,01 - Daylight,01 - Dry,01 - Traffic signal,01 - Functioning,2,0,0,0,,0,,,,,364549.145,5015173.325,45.27397785,-75.73849867,2017
17--11896,11/17/2017,4:19 PM,SHEFFIELD RD @ WALKLEY RD (0005156),5156,03 - At intersection,02 - Non-fatal injury,05 - Turning movement,01 - Clear,01 - Daylight,01 - Dry,01 - Traffic signal,01 - Functioning,2,0,0,0,02 - Minor,1,,1,,,375258.7384,5028784.539,45.39545441,-75.600083,2018
17--11897,11/17/2017,4:20 PM,GREENFIELD AVE @ MAIN ST (0002695),2695,03 - At intersection,03 - P.D. only,04 - Sideswipe,01 - Clear,05 - Dusk,01 - Dry,01 - Traffic signal,01 - Functioning,2,0,0,0,,0,,,,,368892.05,5030817.244,45.41435571,-75.68112699,2019
17--11898,11/17/2017,4:32 PM,EASTVALE DR S @ OGILVIE RD (0009416),9416,03 - At intersection,03 - P.D. only,05 - Turning movement,01 - Clear,05 - Dusk,01 - Dry,01 - Traffic signal,01 - Functioning,2,0,0,0,,0,,,,,375465.8986,5035026.144,45.45159198,-75.59654206,2020
17--11899,11/17/2017,5:04 PM,SCOTT ST btwn STIRLING AVE & PINHEY ST (__3ZA31B),__3ZA31B,01 - Non intersection,03 - P.D. only,04 - Sideswipe,01 - Clear,07 - Dark,01 - Dry,10 - No control,,2,0,0,0,,0,,,,,365264.0947,5029915.142,45.4065617,-75.7275859,2021
17--119,1/4/2017,2:59 AM,FOURTH LINE RD btwn EDWARD KIDD CRES & PRINCE OF WALES DR (__3ZBOC2),__3ZBOC2,01 - Non intersection,03 - P.D. only,07 - SMV other,04 - Freezing Rain,07 - Dark,06 - Ice,10 - No control,,1,0,0,0,,0,,,,,365912.4369,4999967.477,45.1370374,-75.72299013,2022
17--1190,1/30/2017,6:45 AM,HIGHWAY 417 btwn HWY417 IC117 RAMP36 & HWY417 IC117 RAMP26 (__3ZAZE0),__3ZAZE0,01 - Non intersection,03 - P.D. only,03 - Rear end,01 - Clear,07 - Dark,01 - Dry,10 - No control,,4,0,0,0,,0,,,,,370491.1013,5031152.296,45.41722209,-75.6606542,2023
17--11900,11/17/2017,5:20 PM,STRANDHERD DR btwn KENNEVALE DR & Continuation of STRANDHERD DR (__3ZAZYY),__3ZAZYY,01 - Non intersection,03 - P.D. only,03 - Rear end,01 - Clear,07 - Dark,01 - Dry,10 - No control,,2,0,0,0,,0,,,,,361581.8266,5013918.278,45.26293071,-75.77645745,2024
17--11901,11/17/2017,5:45 PM,CARRUTHERS AVE @ SCOTT ST (0006480),6480,03 - At intersection,03 - P.D. only,05 - Turning movement,01 - Clear,07 - Dark,01 - Dry,01 - Traffic signal,00 - Unknown,2,0,0,0,,0,,,,,365152.9566,5029848.782,45.4059742,-75.72901366,2025
17--11902,11/17/2017,5:48 AM,MONTREAL RD @ VANIER PKWY (0004630),4630,03 - At intersection,02 - Non-fatal injury,07 - SMV other,03 - Snow,07 - Dark,03 - Loose snow,01 - Traffic signal,01 - Functioning,1,0,0,1,02 - Minor,1,,1,,,370072.2364,5033065.355,45.43447422,-75.66575202,2026
17--11903,11/17/2017,5:50 PM,MCGILLIVRAY ST btwn HERRIDGE ST & CLEGG ST (__3ZA94X),__3ZA94X,04 - At/near private drive,03 - P.D. only,06 - SMV unattended vehicle,01 - Clear,07 - Dark,01 - Dry,10 - No control,,1,0,0,0,,0,,,,,369021.5507,5029909.766,45.40617866,-75.67959082,2027
17--11904,11/17/2017,6:08 PM,TERRY FOX DR btwn DIDSBURY RD & HWY417 IC140 RAMP36 (__3ZA3DS),__3ZA3DS,01 - Non intersection,03 - P.D. only,03 - Rear end,01 - Clear,07 - Dark,01 - Dry,10 - No control,,2,0,0,0,,0,,,,,350659.0309,5018885.118,45.30842076,-75.915174,2028
17--11905,11/17/2017,6:09 PM,CATHCART ST @ KING EDWARD AVE SB/MACDONALD-CAR (0011439),11439,02 - Intersection related,03 - P.D. only,04 - Sideswipe,01 - Clear,07 - Dark,01 - Dry,02 - Stop sign,00 - Unknown,3,0,0,0,,0,,,,,368087.7096,5033096.65,45.43493823,-75.69110976,2029
17--11906,11/17/2017,6:16 PM,RIVERSIDE DR SB btwn Continuation of RIVERSIDE DR & HWY417 IC117 RAMP5 (__3ZA251),__3ZA251,01 - Non intersection,03 - P.D. only,03 - Rear end,01 - Clear,07 - Dark,01 - Dry,10 - No control,,2,0,1,0,,0,,,,,370742.2119,5030827.948,45.41428011,-75.65748947,2030
17--11907,11/17/2017,6:20 PM,CHAMPLAIN ST @ JEANNE D'ARC BLVD (0004106),4106,03 - At intersection,03 - P.D. only,05 - Turning movement,01 - Clear,07 - Dark,01 - Dry,01 - Traffic signal,01 - Functioning,2,0,0,0,,0,,,,,381380.0792,5038724.936,45.4842476,-75.52036407,2031
17--11908,11/17/2017,6:22 PM,FITZROY ST btwn NELLIE ST & OLD SHIP RD (__3ZBOBZ),__3ZBOBZ,01 - Non intersection,03 - P.D. only,07 - SMV other,01 - Clear,07 - Dark,01 - Dry,10 - No control,,1,0,0,0,,0,,,,,327326.467,5037058.097,45.47308617,-76.21189159,2032
17--11909,11/17/2017,6:30 PM,HIGHWAY 417 btwn HWY417 IC121B RAMP16 & HWY417 IC121A RAMP16 (__3ZA2YX),__3ZA2YX,01 - Non intersection,03 - P.D. only,03 - Rear end,01 - Clear,07 - Dark,01 - Dry,10 - No control,,2,0,0,0,,0,,,,,366764.7504,5029587.871,45.40348577,-75.70845833,2033
17--1191,1/30/2017,6:52 PM,CARLING AVE @ KIRKWOOD AVE N (0002358),2358,03 - At intersection,03 - P.D. only,05 - Turning movement,01 - Clear,07 - Dark,01 - Dry,01 - Traffic signal,01 - Functioning,2,0,0,0,,0,,,,,364274.443,5027494.071,45.38486216,-75.74051921,2034
17--11910,11/17/2017,6:42 PM,HIGHWAY 417 btwn HWY417 IC126 RAMP25 & HWY417 IC124 RAMP57 (__3ZA2R5),__3ZA2R5,01 - Non intersection,03 - P.D. only,03 - Rear end,01 - Clear,07 - Dark,01 - Dry,10 - No control,,3,0,0,0,,0,,,,,363626.6165,5026444.318,45.37547135,-75.74891623,2035
17--11911,11/17/2017,6:48 PM,CHAMPLAIN ST @ JEANNE D'ARC BLVD (0004106),4106,03 - At intersection,03 - P.D. only,05 - Turning movement,01 - Clear,07 - Dark,01 - Dry,01 - Traffic signal,01 - Functioning,2,0,0,0,,0,,,,,381380.748,5038723.598,45.48423549,-75.52035572,2036
17--11912,11/17/2017,7:00 PM,RIVERSIDE DR NB btwn INDUSTRIAL AVE & TREMBLAY RD (__3ZA4SE),__3ZA4SE,01 - Non intersection,02 - Non-fatal injury,03 - Rear end,01 - Clear,07 - Dark,01 - Dry,10 - No control,,4,0,0,0,02 - Minor,3,,3,,,370775.6567,5030875.44,45.41470428,-75.65705585,2037
17--11913,11/17/2017,7:44 PM,OTHELLO AVE @ PLEASANT PARK RD (0008364),8364,02 - Intersection related,03 - P.D. only,02 - Angle,01 - Clear,07 - Dark,01 - Dry,02 - Stop sign,01 - Functioning,2,0,0,0,,0,,,,,373447.8932,5028736.214,45.39519947,-75.62321554,2038
17--11914,11/17/2017,7:45 AM,BANK ST @ ROTARY WAY (0013660),13660,02 - Intersection related,03 - P.D. only,03 - Rear end,01 - Clear,03 - Dawn,01 - Dry,01 - Traffic signal,01 - Functioning,2,0,0,0,,0,,,,,375523.5441,5021226.117,45.32742054,-75.59778288,2039
17--11915,11/17/2017,7:57 PM,BRONSON AVE @ GLADSTONE AVE (0002110),2110,03 - At intersection,03 - P.D. only,02 - Angle,01 - Clear,07 - Dark,01 - Dry,01 - Traffic signal,01 - Functioning,2,0,0,0,,0,,,,,367134.0362,5030081.564,45.40789509,-75.7036791,2040
17--11916,11/17/2017,8:02 PM,TERRY FOX DR @ PALLADIUM DR/KATIMAVIK RD (0011858),11858,02 - Intersection related,03 - P.D. only,04 - Sideswipe,01 - Clear,07 - Dark,01 - Dry,01 - Traffic signal,00 - Unknown,2,0,0,0,,0,,,,,351270.0525,5018181.775,45.30205173,-75.90744818,2041
17--11917,11/17/2017,8:50 AM,TERRY FOX DR btwn COPE DR & FERNBANK RD (__51NQRE),__51NQRE,01 - Non intersection,03 - P.D. only,07 - SMV other,01 - Clear,01 - Daylight,01 - Dry,10 - No control,,1,0,0,0,,0,,,,,354274.9344,5015163.525,45.27468764,-75.86943541,2042
17--11918,11/17/2017,9:02 AM,MCCARTHY RD @ PROVOST DR (0007066),7066,02 - Intersection related,03 - P.D. only,03 - Rear end,01 - Clear,01 - Daylight,01 - Dry,02 - Stop sign,01 - Functioning,2,0,0,0,,0,,,,,369330.3814,5025133.516,45.36317506,-75.67627042,2043
17--11919,11/17/2017,9:12 AM,HIGHWAY 417 btwn HWY417 IC126 RAMP61 & HWY417 IC124 RAMP76 (__3ZA2Y2),__3ZA2Y2,01 - Non intersection,03 - P.D. only,03 - Rear end,01 - Clear,01 - Daylight,01 - Dry,10 - No control,,2,0,0,0,,0,,,,,364107.1537,5027119.462,45.38150568,-75.74270029,2044
17--1192,1/30/2017,6:59 PM,MARKETPLACE AVE btwn GREENBANK RD & TRANSITWAY SOUTHWEST (__4LZBJR),__4LZBJR,01 - Non intersection,03 - P.D. only,04 - Sideswipe,01 - Clear,07 - Dark,01 - Dry,10 - No control,,2,0,0,0,,0,,,,,364199.8683,5014708.322,45.26982334,-75.74300543,2045
17--11920,11/17/2017,9:20 AM,PINECREST RD @ QUEENSVIEW DR (0002739),2739,02 - Intersection related,03 - P.D. only,03 - Rear end,01 - Clear,01 - Daylight,01 - Dry,01 - Traffic signal,01 - Functioning,2,0,0,0,,0,,,,,360347.0142,5023783.506,45.35179713,-75.79108517,2046
17--11921,11/17/2017,9:45 PM,BANK ST @ HERON RD (0002155),2155,02 - Intersection related,02 - Non-fatal injury,03 - Rear end,01 - Clear,07 - Dark,01 - Dry,01 - Traffic signal,01 - Functioning,2,0,0,0,02 - Minor,2,,2,,,369996.2295,5026848.485,45.37854421,-75.66754543,2047
17--11922,11/17/2017,9:48 PM,PANA RD btwn 9TH LINE RD & YORKS CORNERS RD (__3ZA6V3),__3ZA6V3,01 - Non intersection,03 - P.D. only,07 - SMV other,01 - Clear,07 - Dark,01 - Dry,10 - No control,,1,0,0,0,,0,,,,,386481.9132,5014185.239,45.26288213,-75.45916871,2048
17--11923,11/18/2017,1:27 AM,HIGHWAY 416 btwn HWY416 IC49 RAMP24 & HWY416 IC42 RAMP42 (__3ZA29T),__3ZA29T,01 - Non intersection,03 - P.D. only,07 - SMV other,01 - Clear,07 - Dark,01 - Dry,10 - No control,,1,0,0,0,,0,,,,,370154.1473,4997248.477,45.11219199,-75.66941982,2049
17--11924,11/18/2017,1:30 AM,RICHMOND RD @ LYNHAR RD/STAFFORD RD (0000155),155,02 - Intersection related,03 - P.D. only,07 - SMV other,04 - Freezing Rain,07 - Dark,06 - Ice,01 - Traffic signal,01 - Functioning,1,0,0,0,,0,,,,,358136.9281,5021086.484,45.32770076,-75.81957993,2050
17--11925,11/18/2017,1:30 PM,TERRY FOX DR btwn COPE DR & TRANS CANADA TRAIL (__355BDZB),__355BDZB,01 - Non intersection,03 - P.D. only,03 - Rear end,01 - Clear,01 - Daylight,01 - Dry,10 - No control,,3,0,0,0,,0,,,,,353476.2354,5015741.841,45.27994722,-75.87955762,2051
17--11926,11/18/2017,1:54 PM,PRINCE OF WALES DR @ MEADOWLANDS DR/HOG'S BACK (0001629),1629,02 - Intersection related,03 - P.D. only,03 - Rear end,04 - Freezing Rain,01 - Daylight,06 - Ice,01 - Traffic signal,01 - Functioning,2,0,0,0,,0,,,,,367372.2534,5025694.146,45.36839701,-75.70119243,2052
17--11927,11/18/2017,10:00 AM,WOODROFFE AVE btwn GEORGINA DR & HWY417 IC127 RAMP36 (__3ZA4L6),__3ZA4L6,01 - Non intersection,03 - P.D. only,03 - Rear end,01 - Clear,01 - Daylight,01 - Dry,10 - No control,,3,0,0,0,,0,,,,,361966.2083,5025228.713,45.36467087,-75.77025483,2053
17--11928,11/18/2017,10:02 AM,HIGHWAY 417 btwn HWY417 IC127 RAMP63 & HWY417 IC127 RAMP67 (__3ZA2RF),__3ZA2RF,01 - Non intersection,03 - P.D. only,03 - Rear end,03 - Snow,01 - Daylight,04 - Slush,10 - No control,,2,0,0,0,,0,,,,,362173.2354,5024899.283,45.36168978,-75.76765053,2054
17--11929,11/18/2017,10:15 AM,CARLING AVE EB btwn FOX CRES & WOODROFFE AVE (__3ZA4VE),__3ZA4VE,01 - Non intersection,03 - P.D. only,04 - Sideswipe,01 - Clear,01 - Daylight,01 - Dry,10 - No control,,2,0,0,0,,0,,,,,361744.6067,5025707.453,45.36899658,-75.77302824,2055
17--1193,1/30/2017,7:00 AM,NAVAHO DR @ WOODROFFE AVE/TRANSITWAY N BASELIN (0010359),10359,03 - At intersection,03 - P.D. only,05 - Turning movement,01 - Clear,03 - Dawn,02 - Wet,01 - Traffic signal,01 - Functioning,2,0,0,0,,0,,,,,362705.6992,5023493.615,45.34899792,-75.76101903,2056
17--11930,11/18/2017,10:15 AM,TERRY FOX DR @ FERNBANK RD (0011863),11863,02 - Intersection related,03 - P.D. only,99 - Other,01 - Clear,01 - Daylight,01 - Dry,01 - Traffic signal,01 - Functioning,2,0,0,0,,0,,,,,354303.9704,5015131.812,45.27440023,-75.86906852,2057
17--11931,11/18/2017,10:15 PM,HIGHWAY 417 btwn RAMP & HWY417 IC129 RAMP76 (__3ZA2X8),__3ZA2X8,01 - Non intersection,03 - P.D. only,04 - Sideswipe,04 - Freezing Rain,07 - Dark,06 - Ice,10 - No control,,2,0,0,0,,0,,,,,359873.1157,5023179.432,45.34639905,-75.79720007,2058
17--11932,11/18/2017,10:19 PM,NAVAHO DR btwn Continuation of NAVAHO DR & Continuation of NAVAHO DR (__5QC9OU),__5QC9OU,01 - Non intersection,03 - P.D. only,07 - SMV other,02 - Rain,07 - Dark,02 - Wet,10 - No control,,1,0,0,0,,0,,,,,362943.8969,5023663.038,45.35050266,-75.75795953,2059
17--11933,11/18/2017,10:27 PM,BANK ST btwn WALKLEY RD & SURREY AVE (__3ZA4TW),__3ZA4TW,04 - At/near private drive,03 - P.D. only,07 - SMV other,01 - Clear,07 - Dark,02 - Wet,10 - No control,,1,0,0,0,,0,,,,,370379.907,5025820.375,45.36925781,-75.6627835,2060
17--11934,11/18/2017,10:30 AM,PARKDALE AVE @ SHERWOOD DR (0006383),6383,03 - At intersection,03 - P.D. only,03 - Rear end,01 - Clear,01 - Daylight,02 - Wet,01 - Traffic signal,01 - Functioning,2,0,0,0,,0,,,,,365381.2125,5028745.545,45.39602781,-75.72623356,2061
17--11935,11/18/2017,10:37 PM,CAMBRIDGE ST    S btwn PLYMOUTH ST & POWELL AVE (__3ZBOU2),__3ZBOU2,01 - Non intersection,03 - P.D. only,06 - SMV unattended vehicle,04 - Freezing Rain,07 - Dark,06 - Ice,10 - No control,,1,0,0,0,,0,,,,,367272.6665,5029457.973,45.40227184,-75.70198727,2062
17--11936,11/18/2017,10:39 AM,KING EDWARD AVE @ LAURIER AVE (0002170),2170,02 - Intersection related,03 - P.D. only,03 - Rear end,01 - Clear,01 - Daylight,01 - Dry,01 - Traffic signal,01 - Functioning,2,0,0,0,,0,,,,,368739.3728,5032033.245,45.42531082,-75.68291967,2063
17--11937,11/18/2017,11:00 AM,JEANNE D'ARC BLVD @ GREY NUNS DR/YOUVILLE DR (0003147),3147,02 - Intersection related,03 - P.D. only,03 - Rear end,04 - Freezing Rain,01 - Daylight,06 - Ice,01 - Traffic signal,01 - Functioning,2,0,0,0,,0,,,,,379672.271,5036702.621,45.46623766,-75.54251598,2064
17--11938,11/18/2017,11:23 AM,HIGHWAY 416 btwn HWY416 IC42 RAMP24 & END (__3ZAZJ6),__3ZAZJ6,07 - Overpass or bridge,02 - Non-fatal injury,03 - Rear end,02 - Rain,01 - Daylight,06 - Ice,10 - No control,,2,0,0,0,03 - Major,4,,3,1,,372374.8597,4994129.084,45.08391478,-75.64162077,2065
17--11939,11/18/2017,11:35 AM,BANK ST @ JOHNSTON RD (0006967),6967,02 - Intersection related,03 - P.D. only,04 - Sideswipe,04 - Freezing Rain,01 - Daylight,06 - Ice,01 - Traffic signal,00 - Unknown,2,0,0,0,,0,,,,,370851.3961,5024838.19,45.36037615,-75.65689625,2066
17--1194,1/30/2017,7:00 PM,CUMMINGS AVE @ OGILVIE RD (0009923),9923,02 - Intersection related,03 - P.D. only,03 - Rear end,01 - Clear,07 - Dark,01 - Dry,01 - Traffic signal,01 - Functioning,2,0,0,0,,0,,,,,372748.7202,5032171.132,45.42617349,-75.631671,2067
17--11940,11/18/2017,11:50 AM,FALLOWFIELD RD @ MERIVALE RD (0000587),587,02 - Intersection related,03 - P.D. only,03 - Rear end,02 - Rain,01 - Daylight,02 - Wet,01 - Traffic signal,01 - Functioning,2,0,0,0,,0,,,,,366892.0471,5018846.476,45.30682554,-75.70818148,2068
17--11941,11/18/2017,11:50 AM,HIGHWAY 416 btwn HWY416 IC66 RAMP53 & HWY416 IC57 RAMP34 (__3ZAZLC),__3ZAZLC,01 - Non intersection,03 - P.D. only,07 - SMV other,04 - Freezing Rain,01 - Daylight,06 - Ice,10 - No control,,1,0,0,0,,0,,,,,361464.6912,5012118.247,45.24674329,-75.77815517,2069
17--11942,11/18/2017,11:50 AM,HIGHWAY 416 btwn HWY416 IC66 RAMP53 & HWY416 IC57 RAMP34 (__3ZAZLC),__3ZAZLC,01 - Non intersection,03 - P.D. only,03 - Rear end,04 - Freezing Rain,01 - Daylight,06 - Ice,10 - No control,,2,0,0,0,,0,,,,,361769.4918,5012003.946,45.24569019,-75.77428576,2070
17--11943,11/18/2017,11:50 AM,HIGHWAY 416 btwn HWY416 IC66 RAMP53 & HWY416 IC57 RAMP34 (__3ZAZLC),__3ZAZLC,01 - Non intersection,03 - P.D. only,03 - Rear end,04 - Freezing Rain,01 - Daylight,06 - Ice,10 - No control,,2,0,0,0,,0,,,,,361921.8921,5011972.196,45.24539215,-75.77234819,2071
17--11944,11/18/2017,11:50 AM,HIGHWAY 416 btwn HWY416 IC42 RAMP43 & END (__3ZAZJE),__3ZAZJE,01 - Non intersection,02 - Non-fatal injury,04 - Sideswipe,04 - Freezing Rain,01 - Daylight,06 - Ice,10 - No control,,3,0,0,0,02 - Minor,1,,1,,,372257.0669,4994142.313,45.08404505,-75.64311511,2072
17--11945,11/18/2017,Unknown,GRAY CRES btwn BELLROCK DR & DRYSDALE ST (__4TZIM9),__4TZIM9,01 - Non intersection,03 - P.D. only,06 - SMV unattended vehicle,00 - Unknown,00 - Unknown,00 - Unknown,10 - No control,,1,0,0,0,,0,,,,,352137.1579,5019741.97,45.31603284,-75.89624307,2073