Anom_ID,Accident_Date,Accident_Time,Location,Geo_ID,Accident_Location,Classification_of_Accident,Initial_Impact_Type,Environment_Condition,Light,Road_Surface_Condition,Traffic_Control,Traffic_Control_Condition,No__of_Vehicles,No__of_Bicycles,No__of_Motorcycles,No__of_Pedestrians,Max_Injury,No__of_Injuries,No__of_Minimal,No__of_Minor,No__of_Major,No__of_Fatal,X,Y,Latitude,Longitude,ObjectId
17--11946,11/18/2017,12:00 PM,HIGHWAY 416 btwn HWY416 IC42 RAMP43 & END (__3ZAZJE),__3ZAZJE,01 - Non intersection,02 - Non-fatal injury,03 - Rear end,04 - Freezing Rain,01 - Daylight,06 - Ice,10 - No control,,4,0,0,0,01 - Minimal,2,2,,,,372227.4335,4994163.48,45.08423833,-75.64348864,2074
17--11947,11/18/2017,12:05 PM,HIGHWAY 416 btwn HWY416 IC42 RAMP43 & END (__3ZAZJE),__3ZAZJE,01 - Non intersection,03 - P.D. only,07 - SMV other,04 - Freezing Rain,01 - Daylight,06 - Ice,10 - No control,,1,0,0,0,,0,,,,,372104.6666,4994210.047,45.08466903,-75.64504169,2075
17--11948,11/18/2017,12:10 PM,HIGHWAY 416 btwn HWY416 IC42 RAMP43 & END (__3ZAZJE),__3ZAZJE,01 - Non intersection,03 - P.D. only,03 - Rear end,04 - Freezing Rain,01 - Daylight,06 - Ice,10 - No control,,2,0,0,0,,0,,,,,372113.1333,4994197.347,45.08455395,-75.64493585,2076
17--11949,11/18/2017,2:01 PM,HOPEWELL AVE @ SENECA ST (0007105),7105,03 - At intersection,03 - P.D. only,02 - Angle,02 - Rain,01 - Daylight,02 - Wet,02 - Stop sign,01 - Functioning,2,0,0,0,,0,,,,,368265.5945,5028204.553,45.39090463,-75.68946634,2077
17--1195,1/30/2017,7:03 PM,O'CONNOR ST @ SLATER ST (0002230),2230,02 - Intersection related,03 - P.D. only,03 - Rear end,01 - Clear,07 - Dark,01 - Dry,01 - Traffic signal,01 - Functioning,2,0,0,0,,0,,,,,367579.7041,5031450.577,45.42017321,-75.69781184,2078
17--11950,11/18/2017,2:03 PM,ALGOMA RD @ STAR TOP RD (0009433),9433,02 - Intersection related,03 - P.D. only,05 - Turning movement,04 - Freezing Rain,01 - Daylight,06 - Ice,02 - Stop sign,00 - Unknown,2,0,0,0,,0,,,,,373930.0655,5031214.232,45.41744804,-75.61671044,2079
17--11951,11/18/2017,2:54 PM,HWY 417 WALKLEY IC110R58 @ WALKLEY EXTENSION R (0012302),12302,02 - Intersection related,03 - P.D. only,02 - Angle,04 - Freezing Rain,01 - Daylight,06 - Ice,10 - No control,00 - Unknown,2,0,0,0,,0,,,,,375541.8493,5028938.256,45.39680893,-75.59644544,2080
17--11952,11/18/2017,3:52 PM,CARP RD @ STITTSVILLE MAIN ST (0005253),5253,02 - Intersection related,03 - P.D. only,03 - Rear end,02 - Rain,05 - Dusk,02 - Wet,01 - Traffic signal,01 - Functioning,2,0,0,0,,0,,,,,349525.7894,5014332.21,45.2675253,-75.9300356,2081
17--11953,11/18/2017,3:56 PM,GREENBANK RD @ STRANDHERD DR (0005563),5563,02 - Intersection related,03 - P.D. only,03 - Rear end,01 - Clear,01 - Daylight,01 - Dry,01 - Traffic signal,01 - Functioning,2,0,0,0,,0,,,,,363934.6872,5014785.755,45.27054243,-75.74637539,2082
17--11954,11/18/2017,4:24 PM,DALY AVE @ WALLER ST (0008233),8233,02 - Intersection related,03 - P.D. only,03 - Rear end,01 - Clear,05 - Dusk,01 - Dry,01 - Traffic signal,01 - Functioning,2,0,0,0,,0,,,,,368341.5145,5032121.787,45.42614375,-75.68799196,2083
17--11955,11/18/2017,4:50 PM,GREENBANK RD @ IRIS ST/HWY 417 IC129 RAMP51 (0009073),9073,02 - Intersection related,03 - P.D. only,03 - Rear end,02 - Rain,05 - Dusk,02 - Wet,01 - Traffic signal,01 - Functioning,2,0,0,0,,0,,,,,360531.3668,5023312.113,45.34754092,-75.78878569,2084
17--11956,11/18/2017,5:08 PM,WOODROFFE AVE @ ALGONQUIN COLLEGE/TRANSITWAY S (0004682),4682,02 - Intersection related,03 - P.D. only,03 - Rear end,01 - Clear,07 - Dark,06 - Ice,01 - Traffic signal,01 - Functioning,2,0,0,0,,0,,,,,362825.3601,5023271.175,45.34698653,-75.75951816,2085
17--11957,11/18/2017,5:35 AM,HIGHWAY 417 btwn HWY417 IC163 RAMP16 & HWY417 IC169 RAMP61 (__5SPO79),__5SPO79,01 - Non intersection,03 - P.D. only,99 - Other,01 - Clear,07 - Dark,01 - Dry,10 - No control,,2,0,0,0,,0,,,,,329362.7946,5022173.52,45.33907941,-76.18658933,2086
17--11958,11/18/2017,6:30 PM,BEATRICE DR @ GREENPOINTE DR/HERITAGE GLEN DR (0005519),5519,03 - At intersection,03 - P.D. only,02 - Angle,02 - Rain,07 - Dark,02 - Wet,02 - Stop sign,01 - Functioning,2,0,0,0,,0,,,,,365529.3512,5015401.136,45.27594372,-75.72597924,2087
17--11959,11/18/2017,6:30 PM,HIGHWAY 417 btwn HWY417 IC180 RAMP51 & HWY417 IC180 RAMP35 (__5SO6F7),__5SO6F7,01 - Non intersection,03 - P.D. only,07 - SMV other,01 - Clear,07 - Dark,02 - Wet,10 - No control,,1,0,0,0,,0,,,,,317899.6177,5031020.188,45.41899462,-76.33261891,2088
17--1196,1/30/2017,7:04 AM,JEANNE D'ARC BLVD @ ORLEANS BLVD S (0004154),4154,02 - Intersection related,02 - Non-fatal injury,03 - Rear end,01 - Clear,03 - Dawn,06 - Ice,01 - Traffic signal,01 - Functioning,2,0,0,0,01 - Minimal,1,1,,,,380940.1981,5036250.58,45.46203351,-75.52637379,2089
17--11960,11/18/2017,6:44 PM,GREENBANK RD @ STRANDHERD DR (0005563),5563,02 - Intersection related,02 - Non-fatal injury,03 - Rear end,02 - Rain,07 - Dark,02 - Wet,01 - Traffic signal,01 - Functioning,2,0,0,0,01 - Minimal,1,1,,,,363934.0184,5014783.748,45.27052443,-75.74638415,2090
17--11961,11/18/2017,6:51 PM,NOTRE DAME ST W @ ST. JOSEPH BLVD (0003639),3639,02 - Intersection related,03 - P.D. only,04 - Sideswipe,02 - Rain,07 - Dark,02 - Wet,02 - Stop sign,00 - Unknown,2,0,0,0,,0,,,,,379544.288,5036269.608,45.46235545,-75.54421827,2091
17--11962,11/18/2017,6:54 PM,ALBION RD/COLLISTON CRES E @ WALKLEY RD (0011422),11422,03 - At intersection,02 - Non-fatal injury,05 - Turning movement,01 - Clear,07 - Dark,01 - Dry,01 - Traffic signal,01 - Functioning,2,0,0,0,02 - Minor,1,,1,,,371035.1233,5026355.622,45.37401216,-75.65434791,2092
17--11963,11/18/2017,7:50 PM,FOURTH LINE RD btwn DILWORTH RD & DONNELLY DR (__3ZA30I),__3ZA30I,01 - Non intersection,03 - P.D. only,07 - SMV other,02 - Rain,07 - Dark,02 - Wet,10 - No control,,1,0,0,0,,0,,,,,371867.6731,4993351.117,45.07696279,-75.6481667,2093
17--11964,11/18/2017,7:51 PM,EMPEROR AVE @ FISHER AVE (0006795),6795,02 - Intersection related,02 - Non-fatal injury,05 - Turning movement,02 - Rain,07 - Dark,02 - Wet,02 - Stop sign,00 - Unknown,2,1,0,0,02 - Minor,1,,1,,,365683.3706,5027163.211,45.38176411,-75.72256985,2094
17--11965,11/18/2017,8:21 PM,ST. LAURENT BLVD @ WALKLEY RD (0007653),7653,03 - At intersection,03 - P.D. only,05 - Turning movement,02 - Rain,07 - Dark,02 - Wet,01 - Traffic signal,01 - Functioning,2,0,0,0,,0,,,,,373902.4157,5028048.193,45.38896427,-75.61750733,2095
17--11966,11/18/2017,8:24 PM,MEADOWLANDS DR btwn CHESTERTON DR & TIVERTON DR (__3ZA4H3),__3ZA4H3,01 - Non intersection,03 - P.D. only,03 - Rear end,02 - Rain,07 - Dark,02 - Wet,10 - No control,,2,0,0,0,,0,,,,,365154.1529,5024178.421,45.35495327,-75.72969154,2096
17--11967,11/18/2017,9:31 PM,MARCH RD btwn BURNT LANDS RD & UPPER DWYER HILL RD (__3ZA2RH),__3ZA2RH,01 - Non intersection,03 - P.D. only,07 - SMV other,01 - Clear,07 - Dark,03 - Loose snow,10 - No control,,1,0,0,0,,0,,,,,333171.259,5013625.798,45.26201845,-76.13848502,2097
17--11968,11/18/2017,9:58 PM,PEPPERVILLE CRES btwn TEMPLEFORD AVE & TABARET ST (__7IFXP5),__7IFXP5,01 - Non intersection,03 - P.D. only,06 - SMV unattended vehicle,02 - Rain,07 - Dark,02 - Wet,10 - No control,,1,0,0,0,,0,,,,,354557.6309,5015474.701,45.27746772,-75.86580143,2098
17--11969,11/19/2017,1:14 AM,RICHMOND RD @ LYNHAR RD/STAFFORD RD (0000155),155,03 - At intersection,03 - P.D. only,07 - SMV other,04 - Freezing Rain,07 - Dark,06 - Ice,01 - Traffic signal,01 - Functioning,1,0,0,0,,0,,,,,358138.0282,5021087.354,45.3277085,-75.81956581,2099
17--1197,1/30/2017,7:08 PM,BARNSDALE RD btwn MOODIE DR & TRAIL RD (__3ZA1CA),__3ZA1CA,01 - Non intersection,03 - P.D. only,07 - SMV other,01 - Clear,07 - Dark,01 - Dry,10 - No control,,1,0,0,0,,0,,,,,363288.7581,5009614.879,45.22406853,-75.75521485,2100
17--12060,11/20/2017,9:57 AM,CABIN RD @ GORDON MURDOCK RD (0005821),5821,03 - At intersection,03 - P.D. only,07 - SMV other,03 - Snow,01 - Daylight,06 - Ice,03 - Yield sign,01 - Functioning,1,0,0,0,,0,,,,,375653.1881,5002682.346,45.16055577,-75.59877142,2101
17--12061,11/21/2017,1:34 PM,RICHMOND RD @ NORTHSIDE RD E (0010417),10417,02 - Intersection related,03 - P.D. only,02 - Angle,01 - Clear,01 - Daylight,02 - Wet,01 - Traffic signal,00 - Unknown,2,0,0,0,,0,,,,,358329.3627,5021225.971,45.32894122,-75.81711013,2102
17--12062,11/21/2017,1:45 PM,CONROY RD @ ST. LAURENT BLVD (0011390),11390,02 - Intersection related,03 - P.D. only,04 - Sideswipe,01 - Clear,01 - Daylight,01 - Dry,01 - Traffic signal,01 - Functioning,2,0,0,0,,0,,,,,373070.4454,5027158.585,45.38104155,-75.62825405,2103
17--12063,11/21/2017,10:02 AM,CENTENNIAL BLVD @ MAIN ST (0007246),7246,03 - At intersection,03 - P.D. only,02 - Angle,01 - Clear,01 - Daylight,01 - Dry,02 - Stop sign,01 - Functioning,2,0,0,0,,0,,,,,369480.5484,5029416.288,45.40169626,-75.67379261,2104
17--12064,11/21/2017,10:07 AM,SUSSEX DR btwn LADY GREY DR & 151 W OF KING EDWARD AVE/L.B. PEARSON BU (__3ZBOFZA),__3ZBOFZA,04 - At/near private drive,03 - P.D. only,05 - Turning movement,01 - Clear,01 - Daylight,02 - Wet,10 - No control,,2,0,0,0,,0,,,,,367485.3326,5033087.574,45.43491083,-75.69880923,2105
17--12065,11/21/2017,10:14 PM,RAMSAYVILLE RD btwn LOUISEIZE RD & NINTH LINE RD (__3ZBO25),__3ZBO25,01 - Non intersection,03 - P.D. only,07 - SMV other,01 - Clear,07 - Dark,02 - Wet,10 - No control,,1,0,0,0,,0,,,,,380265.8886,5020164.039,45.31737068,-75.53745515,2106
17--12066,11/21/2017,10:20 PM,HIGHWAY 417 btwn HWY417 IC119A RAMP67 & HWY417 IC118 RAMP76 (__3ZA2YS),__3ZA2YS,01 - Non intersection,03 - P.D. only,03 - Rear end,01 - Clear,07 - Dark,01 - Dry,10 - No control,,2,0,0,0,,0,,,,,368710.1979,5030597.496,45.41239512,-75.68347868,2107
17--12067,11/21/2017,10:26 AM,DALY AVE @ NICHOLAS ST (0011451),11451,02 - Intersection related,02 - Non-fatal injury,05 - Turning movement,01 - Clear,01 - Daylight,01 - Dry,01 - Traffic signal,01 - Functioning,2,0,0,0,01 - Minimal,1,1,,,,368227.701,5032046.358,45.42547539,-75.68945597,2108
17--12068,11/21/2017,10:42 AM,HWY 417 VANIER IC117R26 @ VANIER PKWY (0002389),2389,02 - Intersection related,02 - Non-fatal injury,03 - Rear end,01 - Clear,01 - Daylight,01 - Dry,10 - No control,,2,0,0,0,02 - Minor,1,,1,,,370803.3867,5031358.887,45.41905152,-75.65663684,2109
17--12069,11/21/2017,11:04 AM,SLACK RD @ WOODROFFE AVE (0000102),102,02 - Intersection related,03 - P.D. only,04 - Sideswipe,01 - Clear,01 - Daylight,01 - Dry,01 - Traffic signal,00 - Unknown,3,0,0,0,,0,,,,,364234.6393,5019973.283,45.31719438,-75.74193142,2110
17--1207,1/30/2017,8:13 AM,BARNSDALE RD @ EAGLESON RD (0000152),152,02 - Intersection related,03 - P.D. only,03 - Rear end,01 - Clear,01 - Daylight,06 - Ice,02 - Stop sign,00 - Unknown,2,0,0,0,,0,,,,,358338.1748,5006630.443,45.1976075,-75.81857076,2111
17--12070,11/21/2017,11:37 AM,CARLING AVE @ BROADVIEW AVE (0006707),6707,02 - Intersection related,02 - Non-fatal injury,03 - Rear end,01 - Clear,01 - Daylight,01 - Dry,01 - Traffic signal,01 - Functioning,2,0,0,0,01 - Minimal,1,1,,,,363181.5496,5026637.463,45.37724646,-75.75457542,2112
17--12071,11/21/2017,11:53 AM,ROGER STEVENS DR @ MALAKOFF RD (0003720),3720,02 - Intersection related,03 - P.D. only,07 - SMV other,01 - Clear,01 - Daylight,01 - Dry,02 - Stop sign,01 - Functioning,1,0,0,0,,0,,,,,362230.6773,4996125.172,45.10277204,-75.77023857,2113
17--12072,11/21/2017,Unknown,LAURIER AVE  E btwn 73 E OF WALLER ST & CUMBERLAND ST (__3ZA3UVB),__3ZA3UVB,01 - Non intersection,03 - P.D. only,06 - SMV unattended vehicle,03 - Snow,00 - Unknown,02 - Wet,10 - No control,,1,0,0,0,,0,,,,,368529.0651,5031905.744,45.42418281,-75.68562341,2114
17--12073,11/21/2017,Unknown,FRANK ST btwn BANK ST & O'CONNOR ST (__3ZA8GQ),__3ZA8GQ,01 - Non intersection,03 - P.D. only,06 - SMV unattended vehicle,01 - Clear,00 - Unknown,01 - Dry,10 - No control,,1,0,0,0,,0,,,,,367910.6805,5030614.985,45.41262504,-75.69369011,2115
17--12074,11/21/2017,12:04 PM,HWY 417 MAITLAND IC126R52 @ MAITLAND AVE (0002246),2246,02 - Intersection related,02 - Non-fatal injury,03 - Rear end,01 - Clear,01 - Daylight,01 - Dry,03 - Yield sign,01 - Functioning,2,0,0,0,01 - Minimal,1,1,,,,363205.7091,5025833.705,45.37001234,-75.75436202,2116
17--12075,11/21/2017,12:15 AM,SIXTH LINE RD btwn BERRY SIDE RD & RIDDELL DR (__3ZBPHD),__3ZBPHD,01 - Non intersection,03 - P.D. only,07 - SMV other,02 - Rain,07 - Dark,02 - Wet,10 - No control,,1,0,0,0,,0,,,,,349045.16,5030392.608,45.41207119,-75.93472399,2117
17--12076,11/21/2017,12:45 PM,GREENBANK RD @ IRIS ST/HWY 417 IC129 RAMP51 (0009073),9073,02 - Intersection related,02 - Non-fatal injury,03 - Rear end,01 - Clear,01 - Daylight,01 - Dry,01 - Traffic signal,00 - Unknown,2,0,0,0,01 - Minimal,1,1,,,,360531.2768,5023313.25,45.34755115,-75.78878671,2118
17--12077,11/21/2017,2:05 PM,GREENBANK RD btwn FALLOWFIELD RD & LARKIN DR (__3ZA3HF),__3ZA3HF,01 - Non intersection,02 - Non-fatal injury,03 - Rear end,01 - Clear,01 - Daylight,02 - Wet,10 - No control,,2,0,0,0,02 - Minor,1,,1,,,363166.0872,5016531.297,45.28631308,-75.7559645,2119
17--12078,11/21/2017,2:19 PM,PUTMAN AVE @ SPRINGFIELD RD (0008528),8528,03 - At intersection,03 - P.D. only,02 - Angle,01 - Clear,01 - Daylight,01 - Dry,02 - Stop sign,01 - Functioning,2,0,0,0,,0,,,,,369186.7001,5033908.399,45.44214169,-75.67695865,2120
17--12079,11/21/2017,2:37 PM,BLACK'S SIDE RD @ FERNBANK RD (0010503),10503,03 - At intersection,03 - P.D. only,02 - Angle,01 - Clear,01 - Daylight,02 - Wet,10 - No control,00 - Unknown,2,0,0,0,,0,,,,,349803.2633,5011157.094,45.23893671,-75.92678728,2121
17--1208,1/30/2017,8:15 AM,BASELINE RD @ GREENBANK RD (0002357),2357,02 - Intersection related,03 - P.D. only,03 - Rear end,01 - Clear,01 - Daylight,06 - Ice,01 - Traffic signal,01 - Functioning,2,0,0,0,,0,,,,,360597.6843,5022583.407,45.34097876,-75.78802164,2122
17--12080,11/21/2017,2:46 PM,FALLOWFIELD RD @ GREENBANK RD (0000549),549,02 - Intersection related,03 - P.D. only,04 - Sideswipe,01 - Clear,01 - Daylight,01 - Dry,01 - Traffic signal,01 - Functioning,2,0,0,0,,0,,,,,363080.3413,5016732.455,45.28813021,-75.75703385,2123
17--12081,11/21/2017,3:30 PM,FENTON RD btwn QUINN RD & SOUTHCLARK PL (__3ZA5NZ),__3ZA5NZ,04 - At/near private drive,03 - P.D. only,99 - Other,01 - Clear,01 - Daylight,01 - Dry,10 - No control,,2,0,0,0,,0,,,,,373692.765,5020145.827,45.31788255,-75.62128553,2124
17--12082,11/21/2017,3:40 PM,HIGHWAY 417 btwn TRANSIT & HWY417 IC127 RAMP35 (__3ZA2SK),__3ZA2SK,01 - Non intersection,03 - P.D. only,03 - Rear end,01 - Clear,01 - Daylight,01 - Dry,10 - No control,,2,0,0,0,,0,,,,,362003.8493,5024728.28,45.36016495,-75.7698323,2125
17--12083,11/21/2017,3:43 PM,HIGHWAY 417 btwn HWY417 IC127 RAMP25 & HWY417 IC126 RAMP51 (__3ZA2XA),__3ZA2XA,01 - Non intersection,03 - P.D. only,03 - Rear end,01 - Clear,01 - Daylight,01 - Dry,10 - No control,,2,0,0,0,,0,,,,,362573.8264,5025181.756,45.36419854,-75.76250453,2126
17--12084,11/21/2017,3:59 PM,BLAIR RD @ OGILVIE RD (0004120),4120,03 - At intersection,03 - P.D. only,04 - Sideswipe,01 - Clear,01 - Daylight,01 - Dry,01 - Traffic signal,01 - Functioning,2,0,0,0,,0,,,,,374508.6795,5033198.814,45.43524683,-75.60903738,2127
17--12085,11/21/2017,4:11 PM,MITCH OWENS RD/BRIDGE ST @ RIVER RD (0003573),3573,02 - Intersection related,03 - P.D. only,03 - Rear end,01 - Clear,05 - Dusk,01 - Dry,01 - Traffic signal,00 - Unknown,2,0,0,0,,0,,,,,369499.2376,5010770.677,45.23392527,-75.67598929,2128
17--12086,11/21/2017,4:30 PM,HWY417 IC113 RAMP85 btwn HWY417 IC113 RAMP35 & HIGHWAY 417 (__3ZAYAV),__3ZAYAV,01 - Non intersection,03 - P.D. only,03 - Rear end,01 - Clear,05 - Dusk,01 - Dry,10 - No control,,2,0,0,0,,0,,,,,373961.0925,5031670.453,45.42154981,-75.61625001,2129
17--12087,11/21/2017,4:31 PM,LONGFIELDS DR @ WOODROFFE AVE (0000096),96,02 - Intersection related,02 - Non-fatal injury,03 - Rear end,01 - Clear,05 - Dusk,01 - Dry,01 - Traffic signal,01 - Functioning,2,0,0,0,01 - Minimal,1,1,,,,365421.9292,5017104.386,45.29127876,-75.72714017,2130
17--12088,11/21/2017,4:38 PM,GREY NUNS DR @ MEADOWVIEW CRES W (0012523),12523,02 - Intersection related,03 - P.D. only,07 - SMV other,01 - Clear,05 - Dusk,01 - Dry,10 - No control,00 - Unknown,1,0,0,0,,0,,,,,379718.2017,5037059.429,45.46944302,-75.5418743,2131
17--12089,11/21/2017,4:38 PM,HIGHWAY 417 btwn HWY417 IC119A RAMP75 & HWY417 IC118 RAMP57 (__3ZA2R2),__3ZA2R2,01 - Non intersection,03 - P.D. only,03 - Rear end,01 - Clear,05 - Dusk,01 - Dry,10 - No control,,4,0,0,0,,0,,,,,368897.9628,5030672.584,45.41305357,-75.68107027,2132
17--1209,1/30/2017,8:15 AM,MARCONI AVE btwn APPLECROSS CRES & KINGHORN CRES/APPLECROSS CRES (__5I62XR),__5I62XR,01 - Non intersection,03 - P.D. only,06 - SMV unattended vehicle,01 - Clear,01 - Daylight,01 - Dry,10 - No control,,1,0,0,0,,0,,,,,349874.3504,5024299.412,45.3571907,-75.9246872,2133
17--12090,11/21/2017,4:47 PM,ALPINE AVE @ CARLING AVE (0011382),11382,02 - Intersection related,02 - Non-fatal injury,04 - Sideswipe,01 - Clear,05 - Dusk,01 - Dry,01 - Traffic signal,01 - Functioning,2,0,0,0,02 - Minor,1,,1,,,360497.54,5024942.735,45.36221589,-75.78903362,2134
17--12091,11/21/2017,4:50 PM,STEWART ST btwn AUGUSTA ST & COBOURG ST (__3ZA83H),__3ZA83H,01 - Non intersection,03 - P.D. only,04 - Sideswipe,01 - Clear,05 - Dusk,01 - Dry,10 - No control,,2,0,0,0,,0,,,,,369195.328,5032548.339,45.42990362,-75.67702628,2135
17--12092,11/21/2017,4:51 PM,BRONSON AVE/BRONSON/HERON RAMP 35 @ HERON RD (0002386),2386,02 - Intersection related,03 - P.D. only,03 - Rear end,01 - Clear,05 - Dusk,03 - Loose snow,01 - Traffic signal,00 - Unknown,2,0,0,0,,0,,,,,368640.4394,5026698.84,45.3773226,-75.68487433,2136
17--12093,11/21/2017,4:57 PM,BLAIR RD @ MONTREAL RD (0009277),9277,03 - At intersection,02 - Non-fatal injury,05 - Turning movement,01 - Clear,07 - Dark,01 - Dry,01 - Traffic signal,01 - Functioning,2,0,0,0,02 - Minor,1,,1,,,374020.1712,5034438.457,45.44644899,-75.61510602,2137
17--12094,11/21/2017,4:58 PM,MARCH RD btwn PETER ROBINSON RD & CORKERY RD (__3ZA2RJ),__3ZA2RJ,01 - Non intersection,03 - P.D. only,07 - SMV other,01 - Clear,07 - Dark,01 - Dry,10 - No control,,1,0,0,0,,0,,,,,335143.4527,5015399.687,45.27789865,-76.1132469,2138
17--12095,11/21/2017,5:00 PM,HIGHWAY 417 btwn RAMP & HWY417 IC88 RAMP51 (__3ZA2W2),__3ZA2W2,01 - Non intersection,03 - P.D. only,07 - SMV other,01 - Clear,07 - Dark,01 - Dry,10 - No control,,1,0,0,0,,0,,,,,392358.3846,5022875.985,45.34036623,-75.38276677,2139
17--12096,11/21/2017,5:15 AM,HIGHWAY 417 btwn Continuation of HIGHWAY 417 & HWY417 IC134 RAMP51 (__3ZA29B),__3ZA29B,01 - Non intersection,03 - P.D. only,07 - SMV other,01 - Clear,07 - Dark,01 - Dry,10 - No control,,1,0,0,0,,0,,,,,355744.666,5021846.507,45.33471726,-75.85001782,2140
17--12097,11/21/2017,5:30 PM,MEADOWLANDS DR @ MERIVALE RD (0000625),625,03 - At intersection,03 - P.D. only,05 - Turning movement,01 - Clear,07 - Dark,02 - Wet,01 - Traffic signal,01 - Functioning,2,0,0,0,,0,,,,,364859.1778,5023724.794,45.35089693,-75.73351111,2141
17--12098,11/21/2017,5:33 PM,BANKFIELD RD btwn FIRST LINE RD & LOCKMASTER CRES (__3ZA2XX),__3ZA2XX,01 - Non intersection,03 - P.D. only,07 - SMV other,01 - Clear,07 - Dark,01 - Dry,10 - No control,,1,0,0,0,,0,,,,,366956.7841,5009315.658,45.22106202,-75.70854858,2142
17--12099,11/21/2017,5:37 PM,TERRY FOX DR btwn FLAMBOROUGH WAY/INNOVATION DR & STATEWOOD DR (__8IAYKC),__8IAYKC,01 - Non intersection,03 - P.D. only,03 - Rear end,01 - Clear,07 - Dark,02 - Wet,10 - No control,,3,0,0,0,,0,,,,,349319.244,5022893.553,45.34457593,-75.9318986,2143
17--121,1/4/2017,3:03 PM,ALBION RD @ MITCH OWENS RD (0004212),4212,02 - Intersection related,02 - Non-fatal injury,03 - Rear end,01 - Clear,01 - Daylight,02 - Wet,01 - Traffic signal,01 - Functioning,2,0,0,0,01 - Minimal,1,1,,,,375907.7574,5014804.449,45.26960196,-75.593803,2144
17--1210,1/30/2017,8:23 AM,KENNEVALE DR btwn MERNER AVE & FLANDERS ST (__3ZAB51),__3ZAB51,04 - At/near private drive,03 - P.D. only,99 - Other,01 - Clear,01 - Daylight,01 - Dry,10 - No control,,2,0,0,0,,0,,,,,362091.1775,5014389.194,45.26712675,-75.76991326,2145
17--12100,11/21/2017,5:50 PM,BANK ST btwn TURN LANE & MITCH OWENS RD (__3ZA28S),__3ZA28S,01 - Non intersection,03 - P.D. only,07 - SMV other,01 - Clear,07 - Dark,01 - Dry,10 - No control,,1,0,0,0,,0,,,,,377694.2264,5016082.361,45.28091721,-75.57085158,2146
17--12101,11/21/2017,5:55 PM,HIGHWAY 417 btwn HWY417 IC118 RAMP67 & HWY417 IC117 RAMP36 (__3ZA2YO),__3ZA2YO,01 - Non intersection,03 - P.D. only,04 - Sideswipe,01 - Clear,07 - Dark,01 - Dry,10 - No control,,2,0,0,0,,0,,,,,369847.325,5031154.814,45.41730489,-75.66887863,2147
17--12102,11/21/2017,6:02 PM,BANK ST @ WELLINGTON ST (0002039),2039,03 - At intersection,03 - P.D. only,07 - SMV other,01 - Clear,07 - Dark,02 - Wet,01 - Traffic signal,01 - Functioning,1,0,0,1,,0,,,,,367257.707,5031627.379,45.42179284,-75.70190345,2148
17--12103,11/21/2017,6:20 PM,KANATA AVE @ TERRY FOX DR (0012691),12691,03 - At intersection,03 - P.D. only,05 - Turning movement,01 - Clear,07 - Dark,01 - Dry,01 - Traffic signal,01 - Functioning,2,0,0,0,,0,,,,,349306.3409,5019212.768,45.31145607,-75.93239414,2149
17--12104,11/21/2017,7:00 AM,BELFAST RD @ ST. LAURENT BLVD (0007658),7658,02 - Intersection related,02 - Non-fatal injury,07 - SMV other,01 - Clear,03 - Dawn,01 - Dry,01 - Traffic signal,01 - Functioning,1,0,0,1,03 - Major,1,,,1,,372860.7241,5030577.886,45.41182733,-75.63045992,2150
17--12105,11/21/2017,7:00 AM,HIGHWAY 417 btwn HWY417 IC122 RAMP15 & HWY417 IC121B RAMP51 (__3ZA2RB),__3ZA2RB,01 - Non intersection,03 - P.D. only,03 - Rear end,01 - Clear,03 - Dawn,02 - Wet,10 - No control,,2,0,0,0,,0,,,,,366457.7301,5029477.212,45.4025172,-75.71239369,2151
17--12106,11/21/2017,7:09 AM,ST. LAURENT BLVD btwn BELFAST RD & INDUSTRIAL AVE (__3ZA3R8),__3ZA3R8,01 - Non intersection,03 - P.D. only,03 - Rear end,01 - Clear,03 - Dawn,01 - Dry,10 - No control,,2,0,0,0,,0,,,,,372879.0846,5030535.859,45.4114474,-75.63023118,2152
17--12107,11/21/2017,7:10 PM,GREENBANK RD btwn WEST HUNT CLUB RD & FALLOWFIELD RD (__3ZA1NE),__3ZA1NE,01 - Non intersection,02 - Non-fatal injury,03 - Rear end,01 - Clear,07 - Dark,01 - Dry,10 - No control,,3,0,0,0,01 - Minimal,1,1,,,,361517.8951,5020413.564,45.32138075,-75.77652931,2153
17--12108,11/21/2017,7:37 PM,CATHERINE ST @ KENT ST (0002707),2707,03 - At intersection,03 - P.D. only,05 - Turning movement,01 - Clear,07 - Dark,02 - Wet,01 - Traffic signal,01 - Functioning,2,0,0,0,,0,,,,,367908.6543,5030187.381,45.40877778,-75.69377074,2154
17--12109,11/21/2017,7:44 AM,NEIL WAY @ RIVERSIDE DR (0011903),11903,02 - Intersection related,03 - P.D. only,03 - Rear end,01 - Clear,01 - Daylight,02 - Wet,02 - Stop sign,00 - Unknown,3,0,0,0,,0,,,,,369465.6896,5028290.603,45.3915691,-75.67412996,2155
17--1211,1/30/2017,8:23 AM,RUSSELL RD @ SOUTHVALE CRES S (0002649),2649,02 - Intersection related,03 - P.D. only,03 - Rear end,01 - Clear,01 - Daylight,01 - Dry,01 - Traffic signal,01 - Functioning,2,0,0,0,,0,,,,,374456.0667,5028632.206,45.3941641,-75.61035518,2156