Anom_ID,Accident_Date,Accident_Time,Location,Geo_ID,Accident_Location,Classification_of_Accident,Initial_Impact_Type,Environment_Condition,Light,Road_Surface_Condition,Traffic_Control,Traffic_Control_Condition,No__of_Vehicles,No__of_Bicycles,No__of_Motorcycles,No__of_Pedestrians,Max_Injury,No__of_Injuries,No__of_Minimal,No__of_Minor,No__of_Major,No__of_Fatal,X,Y,Latitude,Longitude,ObjectId
17--12110,11/21/2017,7:53 AM,INNES RD @ WILDFLOWER DR (0012871),12871,02 - Intersection related,03 - P.D. only,03 - Rear end,01 - Clear,01 - Daylight,01 - Dry,01 - Traffic signal,01 - Functioning,2,0,0,0,,0,,,,,382937.2286,5035689.372,45.45676374,-75.50093024,2157
17--12111,11/21/2017,7:55 AM,ALTA VISTA DR btwn SMYTH RD & VALOUR DR (__4O00NK),__4O00NK,01 - Non intersection,03 - P.D. only,01 - Approaching,01 - Clear,01 - Daylight,01 - Dry,10 - No control,,2,0,0,0,,0,,,,,370413.8065,5029182.822,45.39950877,-75.66190382,2158
17--12112,11/21/2017,7:57 AM,SNAKE ISLAND RD btwn MANOTICK STATION RD & STAGECOACH RD (__3ZA2C4),__3ZA2C4,01 - Non intersection,03 - P.D. only,07 - SMV other,01 - Clear,01 - Daylight,01 - Dry,10 - No control,,1,0,0,0,,0,,,,,377891.4805,5006480.33,45.19450092,-75.5697485,2159
17--12113,11/21/2017,8:13 AM,KOHILO CRES S @ HUNTMAR DR (0010618),10618,02 - Intersection related,03 - P.D. only,03 - Rear end,01 - Clear,01 - Daylight,05 - Packed snow,10 - No control,00 - Unknown,2,0,0,0,,0,,,,,350409.6778,5016558.42,45.28750069,-75.91856777,2160
17--12114,11/21/2017,8:30 AM,ST. JOSEPH BLVD/OLD MONTREAL RD @ TRIM RD (0004118),4118,03 - At intersection,03 - P.D. only,04 - Sideswipe,01 - Clear,01 - Daylight,01 - Dry,11 - Roundabout,01 - Functioning,2,0,0,0,,0,,,,,384682.9654,5039287.768,45.48894127,-75.47802759,2161
17--12115,11/21/2017,8:50 AM,HIGHWAY 417 btwn HWY417 IC124 RAMP57 & HWY417 IC124 RAMP55 (__3ZA2Y1),__3ZA2Y1,01 - Non intersection,03 - P.D. only,04 - Sideswipe,02 - Rain,01 - Daylight,02 - Wet,10 - No control,,2,0,0,0,,0,,,,,364122.9896,5027101.393,45.38134175,-75.74250027,2162
17--12116,11/21/2017,8:55 AM,OLD COUNTRY GT @ VIEWMOUNT DR (0004585),4585,02 - Intersection related,03 - P.D. only,07 - SMV other,01 - Clear,01 - Daylight,02 - Wet,02 - Stop sign,01 - Functioning,1,0,0,0,,0,,,,,366771.6565,5023896.27,45.35227345,-75.70908444,2163
17--12117,11/21/2017,9:03 AM,CLAYMOR AVE btwn GREENBRIAR AVE & NORMANDY CRES (__3ZAAOI),__3ZAAOI,01 - Non intersection,03 - P.D. only,06 - SMV unattended vehicle,01 - Clear,01 - Daylight,06 - Ice,10 - No control,,1,0,0,0,,0,,,,,367051.9124,5025167.425,45.36368621,-75.70534792,2164
17--12118,11/21/2017,9:14 PM,HIGHWAY 417 btwn HWY417 IC118 RAMP67 & HWY417 IC117 RAMP36 (__3ZA2YO),__3ZA2YO,01 - Non intersection,03 - P.D. only,04 - Sideswipe,02 - Rain,07 - Dark,02 - Wet,10 - No control,,3,0,0,0,,0,,,,,369844.15,5031152.698,45.41728614,-75.66891947,2165
17--12119,11/21/2017,9:20 PM,WEST HUNT CLUB RD @ ROYDON PL/SUNDERLAND ST (0009775),9775,03 - At intersection,03 - P.D. only,02 - Angle,02 - Rain,07 - Dark,02 - Wet,01 - Traffic signal,04 - Missing/Damaged,2,0,0,0,,0,,,,,365972.8076,5022171.05,45.33682032,-75.71949217,2166
17--1212,1/30/2017,8:25 AM,8TH LINE RD btwn ANDREW SIMPSON DR & BRUCE ST (__3ZAZMC),__3ZAZMC,01 - Non intersection,02 - Non-fatal injury,03 - Rear end,01 - Clear,01 - Daylight,01 - Dry,10 - No control,,2,0,0,0,02 - Minor,2,1,1,,,385271.4153,5011638.054,45.24010365,-75.47500333,2167
17--12120,11/21/2017,9:24 AM,RIVERSIDE DR SB btwn HWY417 IC117 RAMP53 & HWY417 IC117 RAMP52 (__3ZA255),__3ZA255,01 - Non intersection,03 - P.D. only,03 - Rear end,01 - Clear,01 - Daylight,01 - Dry,10 - No control,,2,0,0,0,,0,,,,,370798.3992,5030997.848,45.41580351,-75.65674892,2168
17--12121,11/21/2017,9:30 PM,HIGHWAY 417 btwn HWY417 IC112 RAMP55 & HIGHWAY 417 (__3ZAZPP),__3ZAZPP,01 - Non intersection,02 - Non-fatal injury,04 - Sideswipe,01 - Clear,07 - Dark,01 - Dry,10 - No control,,2,0,0,0,02 - Minor,1,,1,,,375009.9185,5030646.97,45.41223659,-75.60299543,2169
17--12122,11/22/2017,1:35 AM,CUMBERLAND ST @ RIDEAU ST (0007759),7759,03 - At intersection,02 - Non-fatal injury,02 - Angle,02 - Rain,07 - Dark,02 - Wet,01 - Traffic signal,01 - Functioning,2,0,0,0,02 - Minor,1,,1,,,368375.0205,5032330.993,45.42802306,-75.68753682,2170
17--12123,11/22/2017,1:51 PM,CARLING AVE @ FAIRLAWN AVE/WOODROFFE AVE E (0002393),2393,03 - At intersection,02 - Non-fatal injury,07 - SMV other,01 - Clear,01 - Daylight,01 - Dry,01 - Traffic signal,01 - Functioning,1,0,0,1,01 - Minimal,1,1,,,,361934.6841,5025830.528,45.37008852,-75.77058762,2171
17--12124,11/22/2017,10:05 AM,BLACKBURN BYPASS @ INNES RD E (0009245),9245,03 - At intersection,02 - Non-fatal injury,02 - Angle,01 - Clear,01 - Daylight,01 - Dry,01 - Traffic signal,01 - Functioning,2,0,0,0,02 - Minor,1,,1,,,379791.4135,5033781.565,45.43994342,-75.54143794,2172
17--12150,11/22/2017,5:05 PM,HIGHWAY 417 btwn HWY417 IC122 RAMP15 & HWY417 IC121B RAMP51 (__3ZA2RB),__3ZA2RB,01 - Non intersection,03 - P.D. only,04 - Sideswipe,01 - Clear,05 - Dusk,01 - Dry,10 - No control,,2,0,0,0,,0,,,,,366554.4268,5029506.487,45.40277208,-75.71115496,2173
17--12125,11/22/2017,10:17 AM,PAMILLA ST @ PRESTON ST (0006134),6134,02 - Intersection related,03 - P.D. only,03 - Rear end,01 - Clear,01 - Daylight,01 - Dry,01 - Traffic signal,01 - Functioning,2,0,0,0,,0,,,,,366749.7065,5029120.561,45.39928237,-75.70870919,2174
17--12126,11/22/2017,10:48 AM,INNES RD @ 298 E OF WILDFLOWER DR/LOBLAWS SC (0012918),12918,02 - Intersection related,02 - Non-fatal injury,03 - Rear end,01 - Clear,01 - Daylight,01 - Dry,01 - Traffic signal,01 - Functioning,2,0,0,0,01 - Minimal,1,1,,,,383190.2253,5035796.393,45.45769828,-75.49767883,2175
17--12127,11/22/2017,10:49 AM,BANK ST @ KILBORN AVE/BELANGER AVE (0007208),7208,03 - At intersection,02 - Non-fatal injury,05 - Turning movement,01 - Clear,01 - Daylight,02 - Wet,01 - Traffic signal,01 - Functioning,2,0,0,0,02 - Minor,2,,2,,,369653.2104,5027427.548,45.38378627,-75.67184872,2176
17--12128,11/22/2017,10:52 AM,HIGHWAY 417 btwn HWY417 IC124 RAMP67 & HWY417 IC123 RAMP62 (__3ZA2YZ),__3ZA2YZ,01 - Non intersection,03 - P.D. only,03 - Rear end,01 - Clear,01 - Daylight,01 - Dry,10 - No control,,3,0,0,0,,0,,,,,364749.5009,5028019.162,45.38954633,-75.73438955,2177
17--12129,11/22/2017,11:20 AM,HOLLAND AVE btwn WELLINGTON ST W & BYRON AVE (__3ZA4PY),__3ZA4PY,01 - Non intersection,03 - P.D. only,03 - Rear end,01 - Clear,01 - Daylight,02 - Wet,10 - No control,,2,0,0,0,,0,,,,,364992.2923,5029005.378,45.39839927,-75.73116884,2178
17--1213,1/30/2017,8:30 AM,KENNEVALE DR @ STRANDHERD DR (0010896),10896,02 - Intersection related,03 - P.D. only,03 - Rear end,01 - Clear,01 - Daylight,06 - Ice,01 - Traffic signal,01 - Functioning,2,0,0,0,,0,,,,,361491.3136,5014101.188,45.26458385,-75.77758985,2179
17--12130,11/22/2017,Unknown,PETER MORAND CRES btwn ROGER GUINDON AVE & ROGER GUINDON AVE (__3ZAZAK),__3ZAZAK,01 - Non intersection,03 - P.D. only,06 - SMV unattended vehicle,01 - Clear,00 - Unknown,01 - Dry,10 - No control,,1,0,0,0,,0,,,,,372139.9197,5029646.942,45.40352083,-75.63979499,2180
17--12131,11/22/2017,Unknown,ROSEBELLA AVE btwn EIGHTH ST & CONROY RD (__3ZA8P3),__3ZA8P3,01 - Non intersection,03 - P.D. only,06 - SMV unattended vehicle,01 - Clear,00 - Unknown,01 - Dry,10 - No control,,1,0,0,0,,0,,,,,374247.6089,5024165.374,45.35399424,-75.61364538,2181
17--12132,11/22/2017,Unknown,BINSCARTH CRES btwn SHELDRAKE DR & SHELDRAKE DR (__3ZACMX),__3ZACMX,01 - Non intersection,03 - P.D. only,06 - SMV unattended vehicle,01 - Clear,00 - Unknown,01 - Dry,10 - No control,,1,0,0,0,,0,,,,,353297.6326,5016802.309,45.28950192,-75.88173036,2182
17--12133,11/22/2017,Unknown,NELSON ST btwn SOMERSET ST E & TEMPLETON ST (__3ZA9VQ),__3ZA9VQ,01 - Non intersection,03 - P.D. only,06 - SMV unattended vehicle,01 - Clear,00 - Unknown,01 - Dry,10 - No control,,1,0,0,0,,0,,,,,369133.1681,5031702.044,45.42229469,-75.67793114,2183
17--12134,11/22/2017,2:30 PM,HIGHWAY 417 btwn HWY417 IC104 RAMP15 & HWY417 IC96 RAMP51 (__3ZA2W4),__3ZA2W4,01 - Non intersection,03 - P.D. only,07 - SMV other,01 - Clear,01 - Daylight,01 - Dry,10 - No control,,1,0,0,0,,0,,,,,383504.969,5025269.465,45.36295014,-75.49533577,2184
17--12135,11/22/2017,2:32 PM,AIRPORT PKWY/ALERT/UPLANDS/LESTER/RAMP62 btwn LESTER RD & AIRPORT PKWY (__3ZAY9A),__3ZAY9A,01 - Non intersection,03 - P.D. only,05 - Turning movement,01 - Clear,01 - Daylight,01 - Dry,10 - No control,,2,0,0,0,,0,,,,,371298.1679,5021617.928,45.331359,-75.65162706,2185
17--11790,11/15/2017,6:29 PM,MEADOWLANDS DR btwn PRINCE OF WALES DR & DEBRA AVE (__3ZA3GTB),__3ZA3GTB,01 - Non intersection,03 - P.D. only,06 - SMV unattended vehicle,01 - Clear,07 - Dark,02 - Wet,10 - No control,,1,0,0,0,,0,,,,,367356.1272,5025684.525,45.36831188,-75.70139949,2186
17--12136,11/22/2017,2:49 PM,HIGHWAY 417 btwn HWY417 IC122 RAMP61 & HWY417 IC121B RAMP16 (__3ZA2Y4),__3ZA2Y4,01 - Non intersection,03 - P.D. only,03 - Rear end,01 - Clear,01 - Daylight,01 - Dry,10 - No control,,2,0,0,0,,0,,,,,366459.6299,5029492.435,45.402654,-75.71236752,2187
17--12137,11/22/2017,3:01 PM,ADIRONDACK DR @ IRIS ST (0002579),2579,02 - Intersection related,03 - P.D. only,03 - Rear end,01 - Clear,01 - Daylight,01 - Dry,02 - Stop sign,01 - Functioning,2,0,0,0,,0,,,,,362132.6934,5024317.845,45.35646136,-75.76823544,2188
17--12138,11/22/2017,3:14 PM,HIGHWAY 417 btwn HWY417 IC126 RAMP25 & HWY417 IC124 RAMP57 (__3ZA2R5),__3ZA2R5,01 - Non intersection,03 - P.D. only,03 - Rear end,01 - Clear,01 - Daylight,01 - Dry,10 - No control,,2,0,0,0,,0,,,,,363663.5923,5026497.346,45.37594538,-75.74843785,2189
17--12139,11/22/2017,3:30 PM,HIGHWAY 417 btwn HWY417 IC119A RAMP75 & HWY417 IC118 RAMP57 (__3ZA2R2),__3ZA2R2,01 - Non intersection,03 - P.D. only,03 - Rear end,01 - Clear,01 - Daylight,01 - Dry,10 - No control,,2,0,0,0,,0,,,,,368930.912,5030688.365,45.41319254,-75.68064729,2190
17--1214,1/30/2017,9:05 AM,RIDEAU ST @ WURTEMBURG ST (0007118),7118,02 - Intersection related,03 - P.D. only,03 - Rear end,01 - Clear,01 - Daylight,01 - Dry,01 - Traffic signal,01 - Functioning,2,0,0,0,,0,,,,,369356.6838,5032925.167,45.43327929,-75.67491496,2191
17--12140,11/22/2017,3:50 PM,EAGLESON RD @ FALLOWFIELD RD (0000118),118,02 - Intersection related,03 - P.D. only,02 - Angle,01 - Clear,01 - Daylight,01 - Dry,01 - Traffic signal,01 - Functioning,2,0,0,0,,0,,,,,355962.6374,5012594.406,45.25144934,-75.84819138,2192
17--12141,11/22/2017,3:56 PM,JOHN QUINN RD @ MITCH OWENS RD (0009274),9274,03 - At intersection,02 - Non-fatal injury,05 - Turning movement,01 - Clear,01 - Daylight,01 - Dry,02 - Stop sign,01 - Functioning,2,0,0,0,03 - Major,2,,1,1,,380592.7861,5017702.138,45.29518462,-75.53366273,2193
17--12142,11/22/2017,4:14 PM,FRANK KENNY RD btwn HUISMANS RD & MCFADDEN RD (__3ZA1D7),__3ZA1D7,01 - Non intersection,03 - P.D. only,01 - Approaching,01 - Clear,05 - Dusk,01 - Dry,10 - No control,,2,0,0,0,,0,,,,,390926.9517,5030228.163,45.40669078,-75.39974621,2194
17--12143,11/22/2017,4:16 PM,METCALFE ST @ SOMERSET ST (0002689),2689,03 - At intersection,03 - P.D. only,02 - Angle,01 - Clear,01 - Daylight,01 - Dry,01 - Traffic signal,01 - Functioning,2,0,0,0,,0,,,,,368009.701,5031104.573,45.41702126,-75.69236235,2195
17--12144,11/22/2017,4:17 PM,INNES RD @ ORLEANS BLVD (0003611),3611,03 - At intersection,02 - Non-fatal injury,02 - Angle,01 - Clear,01 - Daylight,01 - Dry,01 - Traffic signal,01 - Functioning,3,0,0,0,02 - Minor,1,,1,,,380459.1229,5034297.741,45.44451564,-75.53282494,2196
17--12145,11/22/2017,4:19 PM,SOUTHMORE DR @ WALKLEY RD (0006644),6644,02 - Intersection related,02 - Non-fatal injury,03 - Rear end,01 - Clear,01 - Daylight,02 - Wet,02 - Stop sign,01 - Functioning,2,0,0,0,02 - Minor,1,,1,,,369711.0586,5025575.867,45.36712006,-75.67135348,2197
17--12146,11/22/2017,4:39 PM,PRINCE OF WALES DR btwn WATERBEND LANE & TURN LANE (__3ZA1H4),__3ZA1H4,04 - At/near private drive,03 - P.D. only,05 - Turning movement,01 - Clear,05 - Dusk,01 - Dry,10 - No control,,2,0,0,0,,0,,,,,367431.4142,5021717.271,45.33260862,-75.70094094,2198
17--12147,11/22/2017,4:49 PM,WAVERLEY ST @ O'CONNOR ST (0007269),7269,03 - At intersection,02 - Non-fatal injury,02 - Angle,01 - Clear,05 - Dusk,01 - Dry,02 - Stop sign,01 - Functioning,2,1,0,0,01 - Minimal,1,1,,,,368008.8858,5030765.002,45.41396599,-75.69241632,2199
17--12148,11/22/2017,4:53 PM,MEADOWGLEN DR @ ORLEANS BLVD (0004103),4103,03 - At intersection,03 - P.D. only,03 - Rear end,01 - Clear,07 - Dark,01 - Dry,01 - Traffic signal,01 - Functioning,4,0,0,0,,0,,,,,380344.7487,5034575.574,45.44702774,-75.53424416,2200
17--12149,11/22/2017,5:00 PM,ST. JOSEPH BLVD @ REGIONAL RD 174/TRANSITWAY (0012428),12428,02 - Intersection related,03 - P.D. only,03 - Rear end,01 - Clear,07 - Dark,01 - Dry,01 - Traffic signal,01 - Functioning,2,0,0,0,,0,,,,,376554.8275,5035055.581,45.45174588,-75.58261767,2201
17--1215,1/30/2017,9:05 AM,MCLENNAN WAY E @ TURNBULL AVE E (0003951),3951,03 - At intersection,03 - P.D. only,02 - Angle,03 - Snow,01 - Daylight,05 - Packed snow,02 - Stop sign,01 - Functioning,2,0,0,0,,0,,,,,352541.1857,5017744.177,45.29802888,-75.89128267,2202
17--12151,11/22/2017,5:37 PM,BASELINE RD @ MERIVALE RD (0002342),2342,03 - At intersection,02 - Non-fatal injury,03 - Rear end,01 - Clear,07 - Dark,01 - Dry,01 - Traffic signal,01 - Functioning,2,0,0,0,01 - Minimal,1,1,,,,365054.223,5025325.278,45.36528111,-75.73082703,2203
17--11791,11/15/2017,6:33 PM,CATHERINE ST/HWY 417 O'CONN IC119BR76 @ O'CONN (0001697),1697,03 - At intersection,03 - P.D. only,04 - Sideswipe,01 - Clear,07 - Dark,01 - Dry,01 - Traffic signal,01 - Functioning,2,0,0,0,,0,,,,,368242.0388,5030392.564,45.41059381,-75.68948569,2204
17--12152,11/22/2017,5:38 PM,BEATRICE DR @ STRANDHERD DR (0005447),5447,02 - Intersection related,03 - P.D. only,03 - Rear end,01 - Clear,07 - Dark,01 - Dry,01 - Traffic signal,01 - Functioning,2,0,0,0,,0,,,,,365526.3737,5015322.151,45.27523327,-75.72602684,2205
17--12153,11/22/2017,5:45 PM,HIGHWAY 417 btwn HWY417 IC122 RAMP15 & HWY417 IC121B RAMP51 (__3ZA2RB),__3ZA2RB,01 - Non intersection,03 - P.D. only,03 - Rear end,01 - Clear,07 - Dark,01 - Dry,10 - No control,,2,0,0,0,,0,,,,,365787.6839,5029170.021,45.39981186,-75.72098995,2206
17--12154,11/22/2017,5:45 PM,HIGHWAY 417 btwn HIGHWAY 417 & HWY417 IC129 RAMP51 (__3ZA290),__3ZA290,01 - Non intersection,03 - P.D. only,03 - Rear end,01 - Clear,07 - Dark,01 - Dry,10 - No control,,2,0,0,0,,0,,,,,360041.3457,5023224.8,45.34679404,-75.79504835,2207
17--12155,11/22/2017,6:02 AM,KENT ST @ NEPEAN ST (0006972),6972,03 - At intersection,03 - P.D. only,02 - Angle,01 - Clear,07 - Dark,02 - Wet,01 - Traffic signal,01 - Functioning,2,0,0,0,,0,,,,,367399.0382,5031030.245,45.41640738,-75.70017353,2208
17--12156,11/22/2017,6:17 PM,KENT ST @ WELLINGTON ST (0002040),2040,02 - Intersection related,03 - P.D. only,03 - Rear end,01 - Clear,07 - Dark,01 - Dry,01 - Traffic signal,01 - Functioning,2,0,0,0,,0,,,,,367098.0323,5031528.58,45.42091811,-75.70395609,2209
17--12157,11/22/2017,6:18 PM,HUNT CLUB RD btwn NORTH BOWESVILLE RD & BILLY BISHOP PRIV (__5G43Y1),__5G43Y1,01 - Non intersection,02 - Non-fatal injury,03 - Rear end,01 - Clear,07 - Dark,01 - Dry,10 - No control,,2,0,0,0,01 - Minimal,1,1,,,,368772.5089,5022374.812,45.33840405,-75.68374782,2210
17--12158,11/22/2017,6:19 PM,CARLING AVE @ WOODROFFE AVE W (0011470),11470,02 - Intersection related,03 - P.D. only,04 - Sideswipe,01 - Clear,07 - Dark,01 - Dry,01 - Traffic signal,00 - Unknown,2,0,0,0,,0,,,,,361767.3492,5025725.514,45.36915724,-75.77273585,2211
17--12159,11/22/2017,6:20 PM,HIGHWAY 417 btwn HWY417 IC131 RAMP66 & HWY417 IC130 RAMP26 (__3ZA29A),__3ZA29A,01 - Non intersection,03 - P.D. only,03 - Rear end,01 - Clear,07 - Dark,01 - Dry,10 - No control,,2,0,0,0,,0,,,,,359006.082,5023056.234,45.34535805,-75.80827716,2212
17--1216,1/30/2017,9:41 AM,BASELINE RD @ GREENBANK RD (0002357),2357,02 - Intersection related,03 - P.D. only,03 - Rear end,01 - Clear,01 - Daylight,01 - Dry,01 - Traffic signal,01 - Functioning,2,0,0,0,,0,,,,,360596.045,5022585.047,45.34099365,-75.78804237,2213
17--12160,11/22/2017,6:40 AM,MERIVALE RD @ FAMILY BROWN LANE (0010933),10933,03 - At intersection,02 - Non-fatal injury,02 - Angle,01 - Clear,03 - Dawn,02 - Wet,01 - Traffic signal,01 - Functioning,2,0,0,0,01 - Minimal,1,1,,,,365004.6247,5023385.668,45.34783305,-75.73169634,2214
17--12161,11/22/2017,6:40 PM,FRANKTOWN RD btwn CONLEY RD & JOY'S RD (__3ZA42P),__3ZA42P,01 - Non intersection,03 - P.D. only,07 - SMV other,01 - Clear,07 - Dark,01 - Dry,10 - No control,,1,0,0,0,,0,,,,,353379.866,5003121.687,45.16639335,-75.88201748,2215
17--12162,11/22/2017,6:45 AM,MOODIE DR btwn SONGBIRD PRIV & Continuation of MOODIE DR (__3ZABA8),__3ZABA8,01 - Non intersection,03 - P.D. only,07 - SMV other,01 - Clear,03 - Dawn,02 - Wet,10 - No control,,1,0,0,0,,0,,,,,357855.1433,5018623.539,45.3055603,-75.8234382,2216
17--12163,11/22/2017,6:45 PM,CROSSKEYS PL/HELENE CAMPBELL RD @ STRANDHERD DR (0015337),15337,02 - Intersection related,03 - P.D. only,04 - Sideswipe,01 - Clear,07 - Dark,01 - Dry,01 - Traffic signal,01 - Functioning,2,0,0,0,,0,,,,,360982.3112,5014901.733,45.27182808,-75.78398493,2217
17--12164,11/22/2017,6:55 AM,BESSERER ST @ DALHOUSIE ST (0011452),11452,03 - At intersection,03 - P.D. only,04 - Sideswipe,01 - Clear,03 - Dawn,01 - Dry,01 - Traffic signal,01 - Functioning,2,0,0,0,,0,,,,,368252.7017,5032157.813,45.42647596,-75.68912216,2218
17--12165,11/22/2017,7:30 PM,WOODRIDGE CRES btwn BAYSHORE DR & BAYSHORE PS (__6KE4J1A),__6KE4J1A,01 - Non intersection,03 - P.D. only,06 - SMV unattended vehicle,01 - Clear,07 - Dark,01 - Dry,10 - No control,,1,0,0,0,,0,,,,,358839.0755,5023657.294,45.35077929,-75.8103425,2219
17--12166,11/22/2017,8:07 PM,AIRPORT PKWY @ HUNT CLUB RD (0010856),10856,02 - Intersection related,02 - Non-fatal injury,03 - Rear end,01 - Clear,07 - Dark,01 - Dry,01 - Traffic signal,01 - Functioning,4,0,0,0,02 - Minor,1,,1,,,371019.4748,5023702.762,45.35014407,-75.65490315,2220
17--12167,11/22/2017,8:25 AM,TRIM RD @ DAIRY DR/TAYLOR CREEK DR (0012921),12921,02 - Intersection related,03 - P.D. only,07 - SMV other,01 - Clear,01 - Daylight,01 - Dry,11 - Roundabout,01 - Functioning,1,0,0,0,,0,,,,,384534.6,5039596.067,45.49173201,-75.4798753,2221
17--12168,11/22/2017,8:28 PM,ALBERT ST @ ELGIN ST/MACKENZIE KING BRIDGE (0002226),2226,03 - At intersection,03 - P.D. only,05 - Turning movement,01 - Clear,07 - Dark,01 - Dry,01 - Traffic signal,01 - Functioning,2,0,0,0,,0,,,,,367849.7083,5031712.919,45.42250939,-75.69432854,2222
17--12169,11/22/2017,8:30 AM,MOODIE DR @ HWY 417 MOODIE IC134R63 (0000649),649,03 - At intersection,02 - Non-fatal injury,05 - Turning movement,02 - Rain,01 - Daylight,02 - Wet,01 - Traffic signal,01 - Functioning,2,0,0,0,02 - Minor,2,1,1,,,356389.0487,5022479.025,45.34036164,-75.841731,2223
17--1217,1/30/2017,9:43 AM,BRONSON AVE @ CATHERINE ST/RAYMOND ST (0007198),7198,02 - Intersection related,03 - P.D. only,03 - Rear end,01 - Clear,01 - Daylight,06 - Ice,01 - Traffic signal,01 - Functioning,2,0,0,0,,0,,,,,367252.7293,5029796.915,45.40532332,-75.70219899,2224
17--12170,11/22/2017,9:00 AM,HWY417 IC129 RAMP51 btwn HIGHWAY 417 & ASHLEY ST (__3ZAYBJ),__3ZAYBJ,01 - Non intersection,03 - P.D. only,04 - Sideswipe,01 - Clear,01 - Daylight,02 - Wet,10 - No control,,2,0,0,0,,0,,,,,360188.8477,5023294.361,45.34740832,-75.79315839,2225
17--12171,11/22/2017,9:36 PM,LACASSE AVE @ MONTREAL RD (0009797),9797,03 - At intersection,03 - P.D. only,05 - Turning movement,01 - Clear,07 - Dark,01 - Dry,01 - Traffic signal,01 - Functioning,2,0,0,0,,0,,,,,370686.8757,5033406.704,45.43748789,-75.65785144,2226
17--12172,11/23/2017,10:07 AM,HWY 417 MARCH IC155R61 @ MARCH RD (0005675),5675,03 - At intersection,02 - Non-fatal injury,02 - Angle,01 - Clear,01 - Daylight,01 - Dry,02 - Stop sign,01 - Functioning,2,0,0,0,02 - Minor,2,,2,,,339741.4694,5019502.504,45.31460431,-76.05435384,2227
17--12173,11/23/2017,10:49 AM,INDUSTRIAL AVE btwn RIVERSIDE DR & SANDFORD FLEMING AVE (__3ZA3PG),__3ZA3PG,01 - Non intersection,02 - Non-fatal injury,03 - Rear end,01 - Clear,01 - Daylight,01 - Dry,10 - No control,,2,0,0,0,02 - Minor,1,,1,,,370700.4377,5030591.885,45.41216005,-75.65805471,2228
17--12174,11/23/2017,10:52 AM,CARP RD @ WESTBROOK RD (0001681),1681,02 - Intersection related,03 - P.D. only,03 - Rear end,01 - Clear,01 - Daylight,01 - Dry,01 - Traffic signal,00 - Unknown,2,0,0,0,,0,,,,,347736.8675,5015442.444,45.27762709,-75.9527357,2229
17--12175,11/23/2017,11:07 AM,CARLING AVE @ WOODROFFE AVE W (0011470),11470,02 - Intersection related,03 - P.D. only,03 - Rear end,04 - Freezing Rain,01 - Daylight,06 - Ice,01 - Traffic signal,01 - Functioning,2,0,0,0,,0,,,,,361767.8827,5025724.862,45.36915133,-75.77272911,2230
17--12176,11/23/2017,11:26 AM,OR174 IC102 RAMP36 btwn REGIONAL ROAD 174 & TRANSIT (__3ZAY7Y),__3ZAY7Y,01 - Non intersection,03 - P.D. only,03 - Rear end,01 - Clear,01 - Daylight,01 - Dry,10 - No control,,2,0,0,0,,0,,,,,381052.551,5037970.644,45.47749697,-75.52467041,2231
17--12177,11/23/2017,11:41 AM,WOODROFFE AVE btwn FIRESTATION & BASELINE RD (__3ZA34KB),__3ZA34KB,01 - Non intersection,03 - P.D. only,04 - Sideswipe,02 - Rain,01 - Daylight,02 - Wet,10 - No control,,2,0,0,0,,0,,,,,362543.8133,5023785.611,45.35163862,-75.76305071,2232
17--12178,11/23/2017,Unknown,TWEEDSMUIR AVE btwn CLARE ST & AVONDALE AVE (__3ZA08F),__3ZA08F,01 - Non intersection,03 - P.D. only,06 - SMV unattended vehicle,01 - Clear,00 - Unknown,01 - Dry,10 - No control,,1,0,0,0,,0,,,,,363817.2808,5027761.025,45.38730284,-75.74632469,2233
17--12179,11/23/2017,Unknown,BRONSON AVE btwn LISGAR ST & COOPER ST (__3ZA33P),__3ZA33P,01 - Non intersection,03 - P.D. only,06 - SMV unattended vehicle,01 - Clear,00 - Unknown,01 - Dry,10 - No control,,1,0,0,0,,0,,,,,366901.0423,5030628.859,45.4128402,-75.70658637,2234
17--1218,1/30/2017,9:44 PM,BANK ST @ KINGSDALE AVE (0009261),9261,03 - At intersection,03 - P.D. only,02 - Angle,01 - Clear,07 - Dark,01 - Dry,02 - Stop sign,01 - Functioning,2,0,0,0,,0,,,,,373268.4286,5023499.357,45.34809796,-75.62623333,2235
17--12180,11/23/2017,12:07 PM,ST. PATRICK ST @ SUSSEX DR (0011910),11910,02 - Intersection related,03 - P.D. only,04 - Sideswipe,01 - Clear,01 - Daylight,01 - Dry,01 - Traffic signal,01 - Functioning,2,0,0,0,,0,,,,,367667.9176,5032460.357,45.42925095,-75.69655589,2236
17--12181,11/23/2017,12:13 PM,LEITRIM RD @ ALBION RD (0012479),12479,02 - Intersection related,03 - P.D. only,03 - Rear end,01 - Clear,01 - Daylight,01 - Dry,01 - Traffic signal,01 - Functioning,2,0,0,0,,0,,,,,373493.895,5020418.204,45.3203528,-75.62378401,2237
17--12182,11/23/2017,2:09 AM,ST. JOSEPH BLVD @ JEANNE D'ARC BLVD (0012421),12421,03 - At intersection,02 - Non-fatal injury,07 - SMV other,01 - Clear,07 - Dark,01 - Dry,11 - Roundabout,00 - Unknown,1,0,0,0,01 - Minimal,1,1,,,,379861.077,5036471.581,45.46413868,-75.5401371,2238
17--12183,11/23/2017,2:35 PM,ROBERTSON RD btwn FITZGERALD RD & MOODIE DR (__3ZA411),__3ZA411,04 - At/near private drive,03 - P.D. only,02 - Angle,01 - Clear,01 - Daylight,01 - Dry,10 - No control,,2,0,0,0,,0,,,,,356989.3946,5020409.324,45.32169387,-75.8342894,2239