Anom_ID,Accident_Date,Accident_Time,Location,Geo_ID,Accident_Location,Classification_of_Accident,Initial_Impact_Type,Environment_Condition,Light,Road_Surface_Condition,Traffic_Control,Traffic_Control_Condition,No__of_Vehicles,No__of_Bicycles,No__of_Motorcycles,No__of_Pedestrians,Max_Injury,No__of_Injuries,No__of_Minimal,No__of_Minor,No__of_Major,No__of_Fatal,X,Y,Latitude,Longitude,ObjectId
17--12184,11/23/2017,3:00 PM,HWY 417 MAITLAND IC126R26/62 @ MAITLAND AVE (0008228),8228,02 - Intersection related,03 - P.D. only,03 - Rear end,01 - Clear,01 - Daylight,01 - Dry,01 - Traffic signal,01 - Functioning,3,0,0,0,,0,,,,,363146.3018,5025983.363,45.37136389,-75.7551027,2240
17--12185,11/23/2017,3:02 PM,ROBERTSON RD btwn MOODIE DR & VANIER RD (__3ZBOCN),__3ZBOCN,04 - At/near private drive,03 - P.D. only,05 - Turning movement,01 - Clear,01 - Daylight,01 - Dry,10 - No control,,2,0,0,0,,0,,,,,357199.428,5020529.057,45.32275559,-75.8315978,2241
17--12186,11/23/2017,3:13 PM,HUNT CLUB RD @ RIVERSIDE DR (0002237),2237,02 - Intersection related,03 - P.D. only,03 - Rear end,01 - Clear,01 - Daylight,01 - Dry,01 - Traffic signal,01 - Functioning,2,0,0,0,,0,,,,,368037.7063,5021945.499,45.33460779,-75.6931774,2242
17--12187,11/23/2017,4:03 PM,RIDEAU ST btwn CUMBERLAND ST & KING EDWARD AVE (__3ZBOFX),__3ZBOFX,04 - At/near private drive,03 - P.D. only,05 - Turning movement,01 - Clear,01 - Daylight,01 - Dry,10 - No control,,2,0,0,0,,0,,,,,368472.3959,5032391.223,45.42855613,-75.68628474,2243
17--12188,11/23/2017,4:35 PM,HIGHWAY 417 btwn HWY417 IC127 RAMP25 & HWY417 IC126 RAMP51 (__3ZA2XA),__3ZA2XA,01 - Non intersection,03 - P.D. only,03 - Rear end,01 - Clear,05 - Dusk,01 - Dry,10 - No control,,2,0,0,0,,0,,,,,362805.3652,5025356.208,45.36574912,-75.75952865,2244
17--12189,11/23/2017,4:38 PM,CARLING AVE WB btwn SHERBOURNE RD & BROADVIEW AVE (__3ZA4U0),__3ZA4U0,04 - At/near private drive,03 - P.D. only,02 - Angle,01 - Clear,05 - Dusk,01 - Dry,10 - No control,,3,0,0,0,,0,,,,,362987.1795,5026517.29,45.37618133,-75.75707111,2245
17--1219,1/31/2017,1:05 PM,MAITLAND AVE @ 30 S OF AGINCOURT RD/TRINITY UN (0008628),8628,02 - Intersection related,03 - P.D. only,03 - Rear end,01 - Clear,01 - Daylight,01 - Dry,01 - Traffic signal,01 - Functioning,2,0,0,0,,0,,,,,363464.5951,5025426.579,45.36632745,-75.75110557,2246
17--12190,11/23/2017,4:45 PM,HIGHWAY 417 btwn HWY417 IC127 RAMP25 & HWY417 IC126 RAMP51 (__3ZA2XA),__3ZA2XA,01 - Non intersection,03 - P.D. only,03 - Rear end,01 - Clear,05 - Dusk,01 - Dry,10 - No control,,2,0,0,0,,0,,,,,363011.9522,5025606.822,45.36798699,-75.75686215,2247
17--12191,11/23/2017,4:52 PM,INNES RD @ PAGE RD (0012476),12476,02 - Intersection related,03 - P.D. only,04 - Sideswipe,03 - Snow,05 - Dusk,02 - Wet,01 - Traffic signal,01 - Functioning,2,0,0,0,,0,,,,,380887.4146,5034540.555,45.44665381,-75.5273132,2248
17--12192,11/23/2017,4:59 PM,CYRVILLE RD btwn LABRIE AVE & STAR TOP RD (__3ZA3SO),__3ZA3SO,04 - At/near private drive,03 - P.D. only,02 - Angle,01 - Clear,07 - Dark,01 - Dry,10 - No control,,2,0,0,0,,0,,,,,373674.704,5031578.805,45.42075347,-75.6199219,2249
17--12193,11/23/2017,5:10 PM,CARLING AVE @ CARLING RMP 35 (0002391),2391,02 - Intersection related,03 - P.D. only,03 - Rear end,01 - Clear,05 - Dusk,01 - Dry,10 - No control,,2,0,0,0,,0,,,,,360927.919,5025195.938,45.36445987,-75.78351161,2250
17--12194,11/23/2017,5:15 PM,HUNT CLUB RD btwn WEST HUNT CLUB RD & TURN LANE (__3ZBOEO),__3ZBOEO,01 - Non intersection,03 - P.D. only,03 - Rear end,01 - Clear,07 - Dark,01 - Dry,10 - No control,,2,0,0,0,,0,,,,,367853.091,5021895.331,45.33417301,-75.69553898,2251
17--12195,11/23/2017,5:15 PM,ST. JOSEPH BLVD btwn BOYER RD & ORLEANS BLVD (__3ZA2BZ),__3ZA2BZ,04 - At/near private drive,03 - P.D. only,02 - Angle,01 - Clear,07 - Dark,02 - Wet,10 - No control,,2,0,0,0,,0,,,,,380547.0188,5036926.118,45.4681542,-75.53129665,2252
17--12196,11/23/2017,5:22 PM,RIOCAN AVE @ STRANDHERD DR (0010997),10997,03 - At intersection,03 - P.D. only,05 - Turning movement,03 - Snow,07 - Dark,03 - Loose snow,01 - Traffic signal,01 - Functioning,2,0,0,0,,0,,,,,364173.2121,5014943.904,45.27194536,-75.74331694,2253
17--12197,11/23/2017,5:52 PM,HUNT CLUB RD btwn CONROY RD & MALAK ST (__3ZA3S6),__3ZA3S6,01 - Non intersection,03 - P.D. only,04 - Sideswipe,01 - Clear,07 - Dark,01 - Dry,10 - No control,,2,0,0,0,,0,,,,,374103.5299,5025599.867,45.36691546,-75.61528288,2254
17--12198,11/23/2017,5:59 PM,CATHERINE ST @ ELGIN ST (0002638),2638,03 - At intersection,03 - P.D. only,02 - Angle,01 - Clear,07 - Dark,01 - Dry,01 - Traffic signal,01 - Functioning,2,0,0,0,,0,,,,,368552.3752,5030576.903,45.41222423,-75.6854975,2255
17--12199,11/23/2017,6:10 PM,HIGHWAY 7 btwn HAZELDEAN IC RAMP 53 & HIGHWAY 7 (__7JQ7LK),__7JQ7LK,01 - Non intersection,03 - P.D. only,07 - SMV other,01 - Clear,07 - Dark,01 - Dry,10 - No control,,1,0,0,0,,0,,,,,342364.7625,5008448.594,45.21500034,-76.02173327,2256
17--122,1/4/2017,3:10 PM,CENTREPOINTE DR @ HEMMINGWOOD WAY E (0001025),1025,02 - Intersection related,02 - Non-fatal injury,02 - Angle,03 - Snow,01 - Daylight,04 - Slush,02 - Stop sign,01 - Functioning,2,0,0,0,02 - Minor,1,,1,,,362327.0129,5023203.789,45.34642124,-75.76588506,2257
17--1220,1/31/2017,1:11 PM,RIDGEBROOK DR btwn ERIC CRES & ERIC CRES (__3ZA124),__3ZA124,01 - Non intersection,03 - P.D. only,06 - SMV unattended vehicle,01 - Clear,01 - Daylight,03 - Loose snow,10 - No control,,1,0,0,0,,0,,,,,374716.7056,5031965.199,45.42412667,-75.60655402,2258
17--12200,11/23/2017,6:11 PM,GOULBOURN FORCED RD btwn BADGELEY AVE & KEYROCK DR (__6E55Q2),__6E55Q2,01 - Non intersection,03 - P.D. only,07 - SMV other,01 - Clear,07 - Dark,01 - Dry,10 - No control,,1,0,0,0,,0,,,,,349543.588,5020665.33,45.32451155,-75.92923738,2259
17--12201,11/23/2017,6:23 AM,HAWTHORNE RD/RUSSELL RD @ WALKLEY RD (0002618),2618,02 - Intersection related,03 - P.D. only,04 - Sideswipe,01 - Clear,03 - Dawn,01 - Dry,01 - Traffic signal,01 - Functioning,2,0,0,0,,0,,,,,374675.0784,5028499.541,45.39294862,-75.6075771,2260
17--12202,11/23/2017,6:28 PM,BOOTH ST @ SIR JOHN A. MACDONALD PKWY/WELLINGTON ST (0012252),12252,03 - At intersection,03 - P.D. only,05 - Turning movement,01 - Clear,07 - Dark,01 - Dry,01 - Traffic signal,01 - Functioning,2,0,0,0,,0,,,,,366262.5848,5031008.026,45.41630821,-75.71469535,2261
17--12203,11/23/2017,6:30 PM,HIGHWAY 417 btwn Continuation of HIGHWAY 417 & HWY417 IC155 RAMP26 (__3ZA1M3),__3ZA1M3,01 - Non intersection,03 - P.D. only,07 - SMV other,01 - Clear,07 - Dark,01 - Dry,10 - No control,,1,0,0,0,,0,,,,,339417.0442,5019379.125,45.31351016,-76.05850009,2262
17--12204,11/23/2017,6:40 AM,SIXTH LINE RD btwn PINHEY POINT RD & BERRY SIDE RD (__3ZA420),__3ZA420,01 - Non intersection,03 - P.D. only,07 - SMV other,01 - Clear,03 - Dawn,01 - Dry,10 - No control,,1,0,0,0,,0,,,,,348047.3154,5031392.547,45.42113116,-75.94738409,2263
17--12205,11/23/2017,6:40 PM,MACKENZIE AVE @ RIDEAU ST (0002136),2136,02 - Intersection related,03 - P.D. only,03 - Rear end,04 - Freezing Rain,07 - Dark,06 - Ice,01 - Traffic signal,00 - Unknown,2,0,0,0,,0,,,,,367868.027,5032010.249,45.42518302,-75.69405641,2264
17--12206,11/23/2017,6:40 PM,HIGHWAY 417 btwn HWY417 IC138 RAMP61 & HWY417 IC134 RAMP36 (__3ZA20I),__3ZA20I,01 - Non intersection,02 - Non-fatal injury,03 - Rear end,01 - Clear,07 - Dark,01 - Dry,10 - No control,,3,0,0,0,01 - Minimal,2,2,,,,355779.0514,5021912.357,45.33530729,-75.84957235,2265
17--12207,11/23/2017,6:55 PM,BRANTHAVEN ST D @ LAKERIDGE DR (0013436),13436,02 - Intersection related,03 - P.D. only,02 - Angle,01 - Clear,07 - Dark,01 - Dry,02 - Stop sign,01 - Functioning,2,0,0,0,,0,,,,,384957.8048,5034776.223,45.4483192,-75.47524788,2266
17--12208,11/23/2017,7:10 PM,ROBERTSON RD btwn VANIER RD & RICHMOND RD (__3ZA4YQ),__3ZA4YQ,04 - At/near private drive,03 - P.D. only,03 - Rear end,01 - Clear,07 - Dark,01 - Dry,10 - No control,,2,0,0,0,,0,,,,,357416.0537,5020656.861,45.32388938,-75.82882116,2267
17--12209,11/23/2017,7:52 AM,CAMBRIAN RD @ MOODIE DR (0000645),645,03 - At intersection,02 - Non-fatal injury,03 - Rear end,01 - Clear,01 - Daylight,01 - Dry,02 - Stop sign,00 - Unknown,2,0,0,0,01 - Minimal,1,1,,,,361121.9649,5010805.097,45.23495489,-75.78266948,2268
17--1221,1/31/2017,10:02 PM,CASTLEFRANK RD @ KATIMAVIK RD (0003228),3228,03 - At intersection,02 - Non-fatal injury,02 - Angle,01 - Clear,07 - Dark,01 - Dry,01 - Traffic signal,01 - Functioning,2,0,0,0,02 - Minor,1,,1,,,351950.416,5018945.278,45.30887658,-75.89870054,2269
17--12210,11/23/2017,8:05 AM,BRONSON AVE @ FIFTH AVE/MADAWASKA DR (0006977),6977,03 - At intersection,02 - Non-fatal injury,07 - SMV other,01 - Clear,01 - Daylight,01 - Dry,01 - Traffic signal,01 - Functioning,1,0,0,1,02 - Minor,1,,1,,,367615.2412,5028939.573,45.39757677,-75.69767774,2270
17--12211,11/23/2017,8:10 AM,BEATRICE DR @ CLARIDGE DR (0009697),9697,02 - Intersection related,03 - P.D. only,06 - SMV unattended vehicle,01 - Clear,01 - Daylight,02 - Wet,02 - Stop sign,01 - Functioning,1,0,0,0,,0,,,,,365146.1931,5016522.355,45.2860654,-75.73072597,2271
17--12212,11/23/2017,8:15 AM,CARNELIAN CRES btwn CAMBIE RD & CAMBIE RD (e___2IZ3),e___2IZ3,01 - Non intersection,03 - P.D. only,06 - SMV unattended vehicle,01 - Clear,01 - Daylight,01 - Dry,10 - No control,,1,0,0,0,,0,,,,,368929.433,5015155.738,45.27343377,-75.68267979,2272
17--12213,11/23/2017,8:20 PM,SHEA RD btwn FERNBANK RD & FLEWELLYN RD (__3ZABGL),__3ZABGL,01 - Non intersection,03 - P.D. only,07 - SMV other,01 - Clear,07 - Dark,01 - Dry,10 - No control,,1,0,0,0,,0,,,,,352984.6787,5012185.067,45.24797619,-75.8861678,2273
17--12214,11/23/2017,8:40 AM,CAMPEAU DR @ BELLROCK DR (0012654),12654,03 - At intersection,03 - P.D. only,01 - Approaching,01 - Clear,01 - Daylight,01 - Dry,02 - Stop sign,00 - Unknown,2,0,0,0,,0,,,,,352151.941,5020142.206,45.31963325,-75.89601627,2274
17--12215,11/23/2017,9:00 AM,GREENBANK RD @ LISA AVE (0002753),2753,02 - Intersection related,03 - P.D. only,03 - Rear end,01 - Clear,01 - Daylight,02 - Wet,01 - Traffic signal,01 - Functioning,2,0,0,0,,0,,,,,360553.3115,5022895.467,45.3437902,-75.78855262,2275
17--12216,11/23/2017,9:00 PM,OPUS ST btwn ROMINA ST & BRIGITTA ST (__6OD79Y),__6OD79Y,01 - Non intersection,03 - P.D. only,07 - SMV other,01 - Clear,07 - Dark,01 - Dry,10 - No control,,1,0,0,0,,0,,,,,354637.629,5015254.428,45.27547999,-75.86480398,2276
17--12217,11/23/2017,9:18 AM,JOCKVALE RD @ STRANDHERD DR (0010541),10541,02 - Intersection related,02 - Non-fatal injury,03 - Rear end,01 - Clear,01 - Daylight,01 - Dry,01 - Traffic signal,01 - Functioning,2,0,0,0,02 - Minor,1,,1,,,363560.1461,5014579.844,45.26872103,-75.75117258,2277
17--12218,11/23/2017,9:19 AM,BEVERLY ST @ STITTSVILLE MAIN ST (0000083),83,03 - At intersection,03 - P.D. only,02 - Angle,01 - Clear,01 - Daylight,01 - Dry,01 - Traffic signal,01 - Functioning,2,0,0,0,,0,,,,,349844.5869,5013825.425,45.26294472,-75.92601916,2278
17--12219,11/23/2017,9:42 PM,VANIER PKWY NB btwn VANIER PKWY & DONALD ST (__3ZBPHY),__3ZBPHY,01 - Non intersection,03 - P.D. only,03 - Rear end,01 - Clear,07 - Dark,01 - Dry,10 - No control,,4,0,0,0,,0,,,,,370270.576,5032462.559,45.42903197,-75.66329745,2279
17--1222,1/31/2017,10:44 PM,STAGECOACH RD btwn DALMENY RD & FAWN LANE (__3ZAZ9V),__3ZAZ9V,01 - Non intersection,03 - P.D. only,07 - SMV other,01 - Clear,07 - Dark,01 - Dry,10 - No control,,1,0,0,0,,0,,,,,378618.0075,4997755.18,45.11591834,-75.56179227,2280
17--12220,11/23/2017,9:47 PM,COOPER ST @ O'CONNOR ST (0006954),6954,03 - At intersection,03 - P.D. only,04 - Sideswipe,01 - Clear,07 - Dark,01 - Dry,02 - Stop sign,01 - Functioning,2,0,0,0,,0,,,,,367807.7079,5031087.578,45.41688656,-75.69494515,2281
17--12221,11/23/2017,9:50 PM,HIGHWAY 416 btwn HWY416 IC72 RAMP34 & HWY416 IC72 RAMP63 (__3ZAZER),__3ZAZER,01 - Non intersection,03 - P.D. only,07 - SMV other,01 - Clear,07 - Dark,01 - Dry,10 - No control,,1,0,0,0,,0,,,,,359398.3046,5019707.039,45.31519145,-75.80364179,2282
17--12222,11/23/2017,9:53 PM,KENT ST @ LAURIER AVE (0002222),2222,03 - At intersection,03 - P.D. only,02 - Angle,01 - Clear,07 - Dark,01 - Dry,01 - Traffic signal,01 - Functioning,2,0,0,0,,0,,,,,367317.0335,5031163.251,45.41761146,-75.70120432,2283
17--12223,11/24/2017,1:22 PM,DALY AVE @ NICHOLAS ST (0011451),11451,02 - Intersection related,03 - P.D. only,03 - Rear end,01 - Clear,01 - Daylight,01 - Dry,01 - Traffic signal,01 - Functioning,3,0,0,0,,0,,,,,368227.3666,5032044.567,45.42545931,-75.68946047,2284
17--12224,11/24/2017,11:15 AM,TITAN PRIV btwn GRANT CARMAN DR & MERIVALE RD (e___1GFX),e___1GFX,04 - At/near private drive,02 - Non-fatal injury,02 - Angle,01 - Clear,01 - Daylight,01 - Dry,10 - No control,,2,0,0,0,01 - Minimal,1,1,,,,365125.725,5023349.233,45.34749481,-75.7301555,2285
17--12225,11/24/2017,11:39 AM,BLAZER AVE @ PRINCE OF WALES DR (0000049),49,02 - Intersection related,03 - P.D. only,03 - Rear end,03 - Snow,01 - Daylight,02 - Wet,02 - Stop sign,00 - Unknown,2,0,0,0,,0,,,,,367354.3833,5021106.488,45.32711977,-75.70200079,2286
17--12226,11/24/2017,Unknown,BEECH ST btwn BAYSWATER PL & BAYSWATER AVE (__3ZA03P),__3ZA03P,01 - Non intersection,03 - P.D. only,06 - SMV unattended vehicle,01 - Clear,00 - Unknown,01 - Dry,10 - No control,,1,0,0,0,,0,,,,,366136.5603,5029036.653,45.39858137,-75.71655067,2287
17--12227,11/24/2017,12:12 PM,RAMSAYVILLE RD @ MITCH OWENS RD (0003575),3575,03 - At intersection,02 - Non-fatal injury,02 - Angle,01 - Clear,01 - Daylight,01 - Dry,02 - Stop sign,01 - Functioning,2,0,0,0,02 - Minor,4,,4,,,381142.1109,5018033.446,45.29810608,-75.526609,2288
17--12228,11/24/2017,12:12 PM,HIGHWAY 417 btwn HWY417 IC138 RAMP26 & HWY417 IC138 RAMP61 (__3ZA20H),__3ZA20H,01 - Non intersection,03 - P.D. only,07 - SMV other,01 - Clear,01 - Daylight,01 - Dry,10 - No control,,1,0,0,0,,0,,,,,353119.4474,5020363.207,45.32155594,-75.88365468,2289
17--12229,11/24/2017,12:35 PM,MAIN ST btwn EVELYN AVE & SPRINGHURST AVE (__3ZA3PZ),__3ZA3PZ,01 - Non intersection,03 - P.D. only,03 - Rear end,01 - Clear,01 - Daylight,01 - Dry,10 - No control,,2,0,0,0,,0,,,,,369055.0968,5030433.438,45.4108874,-75.67909407,2290
17--1223,1/31/2017,11:00 AM,LEMIEUX ST @ ST. LAURENT BLVD (0002021),2021,02 - Intersection related,03 - P.D. only,03 - Rear end,01 - Clear,01 - Daylight,01 - Dry,01 - Traffic signal,01 - Functioning,2,0,0,0,,0,,,,,372391.6541,5031742.704,45.42235329,-75.63629228,2291
17--12230,11/24/2017,12:50 PM,MACLAREN ST @ METCALFE ST (0006950),6950,03 - At intersection,03 - P.D. only,05 - Turning movement,01 - Clear,01 - Daylight,01 - Dry,01 - Traffic signal,01 - Functioning,2,0,0,0,,0,,,,,368051.3723,5031031.907,45.41636367,-75.69183929,2292
17--12231,11/24/2017,2:03 PM,COLONEL BY DR/SUSSEX DR @ RIDEAU ST (0007647),7647,02 - Intersection related,03 - P.D. only,07 - SMV other,01 - Clear,01 - Daylight,01 - Dry,01 - Traffic signal,01 - Functioning,1,0,0,0,,0,,,,,367922.0312,5032043.915,45.42548106,-75.69336205,2293
17--12232,11/24/2017,2:21 AM,BEAUSOLEIL DR btwn YORK ST & COBOURG ST (__3ZBOXL),__3ZBOXL,01 - Non intersection,03 - P.D. only,06 - SMV unattended vehicle,01 - Clear,07 - Dark,01 - Dry,10 - No control,,1,0,0,0,,0,,,,,368898.7912,5032821.951,45.43239271,-75.68078002,2294
17--12233,11/24/2017,2:26 PM,CHAPMAN MILLS DR btwn LEAMINGTON WAY & TEMAGAMI DR (__61W6PK),__61W6PK,01 - Non intersection,03 - P.D. only,02 - Angle,01 - Clear,01 - Daylight,01 - Dry,10 - No control,,2,0,0,0,,0,,,,,365209.5848,5014768.971,45.27028305,-75.73013133,2295
17--12234,11/24/2017,2:27 PM,LOTTA AVE btwn ST. HELEN'S PL & CLYDE AVE (__3ZAA0J),__3ZAA0J,04 - At/near private drive,03 - P.D. only,04 - Sideswipe,01 - Clear,01 - Daylight,01 - Dry,10 - No control,,2,0,0,0,,0,,,,,364483.3697,5024489.626,45.35781087,-75.7382145,2296
17--12235,11/24/2017,2:35 PM,CAMPEAU DR @ TERRY FOX DR (0008211),8211,02 - Intersection related,03 - P.D. only,03 - Rear end,02 - Rain,01 - Daylight,02 - Wet,01 - Traffic signal,01 - Functioning,2,0,0,0,,0,,,,,350454.5974,5019011.124,45.30956791,-75.91776933,2297
17--12236,11/24/2017,2:39 AM,RAVEN AVE btwn KIRKWOOD AVE & MERIVALE RD (__3ZA0ND),__3ZA0ND,04 - At/near private drive,03 - P.D. only,07 - SMV other,01 - Clear,07 - Dark,01 - Dry,10 - No control,,1,0,0,0,,0,,,,,364802.659,5026845.608,45.37898236,-75.73385338,2298
17--12237,11/24/2017,2:41 PM,SMYTH RD E/LANCASTER RD @ ST. LAURENT BLVD N/R (0002256),2256,02 - Intersection related,03 - P.D. only,04 - Sideswipe,01 - Clear,01 - Daylight,01 - Dry,01 - Traffic signal,01 - Functioning,2,0,0,0,,0,,,,,373364.8353,5029425.025,45.40140522,-75.6241805,2299
17--12238,11/24/2017,3:00 PM,RICHARDSON SIDE RD @ TERRY FOX DR (0013651),13651,02 - Intersection related,02 - Non-fatal injury,04 - Sideswipe,01 - Clear,01 - Daylight,01 - Dry,01 - Traffic signal,01 - Functioning,2,1,0,0,01 - Minimal,1,1,,,,348803.086,5019506.072,45.31412702,-75.93878598,2300
17--12239,11/24/2017,3:02 PM,FLEWELLYN RD btwn SHEA RD & FAULKNER TR (__3ZABGO),__3ZABGO,01 - Non intersection,02 - Non-fatal injury,07 - SMV other,01 - Clear,01 - Daylight,01 - Dry,10 - No control,,1,0,0,0,02 - Minor,1,,1,,,353142.5382,5012300.065,45.24900016,-75.88414574,2301
17--1224,1/31/2017,11:32 PM,RICHMOND RD btwn WEST HUNT CLUB RD & SEYTON DR (__3ZA41P),__3ZA41P,04 - At/near private drive,03 - P.D. only,03 - Rear end,01 - Clear,07 - Dark,01 - Dry,10 - No control,,2,0,0,0,,0,,,,,357383.8938,5019239.611,45.31113923,-75.82938181,2302
17--11792,11/15/2017,6:36 AM,CUMBERLAND ST @ RIDEAU ST (0007759),7759,02 - Intersection related,03 - P.D. only,02 - Angle,01 - Clear,03 - Dawn,01 - Dry,01 - Traffic signal,01 - Functioning,2,1,0,0,,0,,,,,368374.8455,5032329.305,45.42800789,-75.68753927,2303
17--11793,11/15/2017,6:45 PM,CENTER ST @ MONTREAL RD (0002691),2691,03 - At intersection,03 - P.D. only,04 - Sideswipe,01 - Clear,07 - Dark,01 - Dry,02 - Stop sign,00 - Unknown,2,0,0,0,,0,,,,,371820.7048,5033952.257,45.44228875,-75.64328647,2304
17--11794,11/15/2017,6:46 PM,FALLOWFIELD RD @ MERIVALE RD (0000587),587,02 - Intersection related,03 - P.D. only,03 - Rear end,01 - Clear,07 - Dark,01 - Dry,01 - Traffic signal,01 - Functioning,2,0,0,0,,0,,,,,366892.0471,5018845.807,45.30681952,-75.70818156,2305
17--11795,11/15/2017,7:30 AM,LEBRUN ST btwn MICHEL CIRC & DES PERES BLANCS AVE (__3ZA8BN),__3ZA8BN,01 - Non intersection,03 - P.D. only,06 - SMV unattended vehicle,01 - Clear,01 - Daylight,01 - Dry,10 - No control,,1,0,0,0,,0,,,,,370205.8856,5034042.652,45.44325503,-75.66391416,2306
17--11796,11/15/2017,7:45 AM,REGIONAL RD 174 @ TRIM RD (0012835),12835,02 - Intersection related,03 - P.D. only,04 - Sideswipe,01 - Clear,01 - Daylight,01 - Dry,01 - Traffic signal,01 - Functioning,2,0,0,0,,0,,,,,384352.8566,5039990.341,45.49530004,-75.48213625,2307
17--11797,11/15/2017,7:47 AM,MAXIME ST @ CYRVILLE RD (0009353),9353,03 - At intersection,03 - P.D. only,02 - Angle,01 - Clear,01 - Daylight,01 - Dry,02 - Stop sign,00 - Unknown,2,0,0,0,,0,,,,,374825.5199,5031174.623,45.41700261,-75.60527605,2308
17--11798,11/15/2017,7:50 AM,PRINCE OF WALES DR @ STRANDHERD DR (0013339),13339,02 - Intersection related,03 - P.D. only,03 - Rear end,01 - Clear,01 - Daylight,01 - Dry,01 - Traffic signal,01 - Functioning,3,0,0,0,,0,,,,,367174.7803,5014824.191,45.27060837,-75.70508204,2309
17--11799,11/15/2017,8:20 AM,ST. JOSEPH BLVD @ DUFORD DR/PLACE D'ORLEANS DR (0003629),3629,02 - Intersection related,02 - Non-fatal injury,03 - Rear end,01 - Clear,01 - Daylight,01 - Dry,01 - Traffic signal,01 - Functioning,2,0,0,0,01 - Minimal,1,1,,,,381994.8993,5037997.798,45.47763773,-75.51261456,2310
17--118,1/4/2017,2:48 PM,STITTSVILLE MAIN ST @ HAZELDEAN RD (0000050),50,02 - Intersection related,03 - P.D. only,03 - Rear end,03 - Snow,01 - Daylight,06 - Ice,01 - Traffic signal,01 - Functioning,2,0,0,0,,0,,,,,349559.5364,5014878.591,45.27243968,-75.92955632,2311
17--1180,1/30/2017,4:35 PM,BONGARD AVE btwn MERIVALE RD & GIFFORD ST (__3ZA52E),__3ZA52E,04 - At/near private drive,03 - P.D. only,06 - SMV unattended vehicle,01 - Clear,01 - Daylight,01 - Dry,10 - No control,,1,0,0,0,,0,,,,,365934.2393,5021352.272,45.32945643,-75.72008535,2312
17--11800,11/15/2017,8:22 AM,COLONEL BY DR @ HAWTHORNE AVE/PRETORIA BRIDGE (0002122),2122,03 - At intersection,03 - P.D. only,05 - Turning movement,01 - Clear,01 - Daylight,01 - Dry,01 - Traffic signal,01 - Functioning,2,0,0,0,,0,,,,,368767.3758,5030526.905,45.41175475,-75.68275741,2313
17--11801,11/15/2017,8:25 AM,TENTH LINE RD @ CHARLEMAGNE BLVD S/DES EPINETT (0003686),3686,03 - At intersection,02 - Non-fatal injury,05 - Turning movement,01 - Clear,01 - Daylight,01 - Dry,01 - Traffic signal,01 - Functioning,2,0,0,0,02 - Minor,2,1,1,,,383640.9751,5036900.456,45.46758093,-75.49173924,2314
17--11802,11/15/2017,8:31 AM,LEES AVE / GRAHAM AVE @ MAIN ST (0002252),2252,03 - At intersection,03 - P.D. only,02 - Angle,01 - Clear,01 - Daylight,01 - Dry,01 - Traffic signal,01 - Functioning,2,0,0,0,,0,,,,,369001.6615,5030559.84,45.41202963,-75.67976021,2315
17--11803,11/15/2017,8:37 AM,CASTLEFRANK RD @ HAZELDEAN RD (0003608),3608,02 - Intersection related,02 - Non-fatal injury,03 - Rear end,01 - Clear,01 - Daylight,01 - Dry,01 - Traffic signal,01 - Functioning,3,0,0,0,01 - Minimal,1,1,,,,352678.8814,5017678.107,45.29742499,-75.88953348,2316
17--11804,11/15/2017,8:46 PM,HWY 417 INNES IC112R57 @ INNES RD (0012298),12298,03 - At intersection,03 - P.D. only,02 - Angle,01 - Clear,07 - Dark,01 - Dry,01 - Traffic signal,01 - Functioning,2,0,0,0,,0,,,,,374298.5267,5030754.587,45.41327589,-75.61206792,2317
17--11805,11/15/2017,9:00 PM,RICHMOND RD btwn WEST HUNT CLUB RD & STONEHAVEN DR (__3ZA41H),__3ZA41H,01 - Non intersection,03 - P.D. only,07 - SMV other,01 - Clear,07 - Dark,01 - Dry,10 - No control,,1,0,0,0,,0,,,,,357115.2125,5018009.987,45.30009497,-75.83293794,2318
17--11806,11/15/2017,9:22 AM,CENTREPOINTE DR @ REC PATH BEN FRANKLIN PL (0005075),5075,03 - At intersection,02 - Non-fatal injury,07 - SMV other,01 - Clear,01 - Daylight,01 - Dry,01 - Traffic signal,01 - Functioning,1,0,0,1,01 - Minimal,1,1,,,,362420.6727,5023032.028,45.34486806,-75.76470995,2319
17--11807,11/15/2017,9:37 AM,O'CONNOR ST btwn WELLINGTON ST & SPARKS ST (__3ZA35T),__3ZA35T,01 - Non intersection,03 - P.D. only,04 - Sideswipe,01 - Clear,01 - Daylight,01 - Dry,10 - No control,,2,0,0,0,,0,,,,,367420.7226,5031709.873,45.42252052,-75.69981012,2320
17--11808,11/15/2017,9:46 PM,RAMSAYVILLE RD btwn LEITRIM RD & EIGHTH LINE RD (__3ZBO27),__3ZBO27,01 - Non intersection,03 - P.D. only,03 - Rear end,01 - Clear,07 - Dark,01 - Dry,10 - No control,,2,0,0,0,,0,,,,,379364.4007,5022302.586,45.3367085,-75.54862969,2321
17--11809,11/15/2017,9:48 AM,WEST HUNT CLUB RD @ ANTARES DR/LASER ST (0000116),116,02 - Intersection related,03 - P.D. only,03 - Rear end,01 - Clear,01 - Daylight,01 - Dry,01 - Traffic signal,01 - Functioning,2,0,0,0,,0,,,,,367108.0458,5022079.495,45.33589663,-75.70502051,2322