Anom_ID,Accident_Date,Accident_Time,Location,Geo_ID,Accident_Location,Classification_of_Accident,Initial_Impact_Type,Environment_Condition,Light,Road_Surface_Condition,Traffic_Control,Traffic_Control_Condition,No__of_Vehicles,No__of_Bicycles,No__of_Motorcycles,No__of_Pedestrians,Max_Injury,No__of_Injuries,No__of_Minimal,No__of_Minor,No__of_Major,No__of_Fatal,X,Y,Latitude,Longitude,ObjectId
17--1181,1/30/2017,4:37 PM,STRANDHERD DR @ LONGFIELDS DR (0010935),10935,02 - Intersection related,03 - P.D. only,03 - Rear end,01 - Clear,05 - Dusk,01 - Dry,01 - Traffic signal,01 - Functioning,2,0,0,0,,0,,,,,364548.8105,5015172.232,45.27396805,-75.73850306,2323
17--11810,11/16/2017,1:22 PM,MONTREAL RD @ BATHGATE DR/BURMA RD (0007650),7650,02 - Intersection related,03 - P.D. only,03 - Rear end,02 - Rain,01 - Daylight,02 - Wet,01 - Traffic signal,01 - Functioning,2,0,0,0,,0,,,,,373224.388,5034516.592,45.44723036,-75.62526705,2324
17--11811,11/16/2017,1:34 PM,MEADOWGLEN DR btwn ASPENVIEW WAY & TEAKDALE AVE (__3ZA62N),__3ZA62N,01 - Non intersection,03 - P.D. only,99 - Other,01 - Clear,01 - Daylight,02 - Wet,10 - No control,,2,0,0,0,,0,,,,,380940.0799,5034974.961,45.45055652,-75.5265728,2325
17--11812,11/16/2017,1:43 PM,MONTREAL RD @ SHEFFORD RD (0012423),12423,02 - Intersection related,03 - P.D. only,04 - Sideswipe,02 - Rain,01 - Daylight,02 - Wet,01 - Traffic signal,01 - Functioning,2,0,0,0,,0,,,,,376124.7272,5034854.244,45.4499784,-75.58814498,2326
17--11813,11/16/2017,10:00 AM,POWELL AVE btwn LYON ST S & BANK ST (__3ZA946),__3ZA946,01 - Non intersection,03 - P.D. only,06 - SMV unattended vehicle,02 - Rain,01 - Daylight,02 - Wet,10 - No control,,1,0,0,0,,0,,,,,368129.4498,5029924.674,45.40639408,-75.69098405,2327
17--11814,11/16/2017,10:27 AM,CYRVILLE RD @ INNES RD (0009352),9352,02 - Intersection related,03 - P.D. only,04 - Sideswipe,02 - Rain,01 - Daylight,02 - Wet,01 - Traffic signal,01 - Functioning,2,0,0,0,,0,,,,,375046.7214,5031120.233,45.41649107,-75.60245783,2328
17--11815,11/16/2017,10:30 AM,HIGHWAY 417 btwn HWY417 IC124 RAMP65 & HWY417 IC122 RAMP51 (__3ZA2R8),__3ZA2R8,01 - Non intersection,03 - P.D. only,04 - Sideswipe,01 - Clear,01 - Daylight,01 - Dry,10 - No control,,2,0,0,0,,0,,,,,365108.5634,5028632.607,45.39503516,-75.72972943,2329
17--11816,11/16/2017,10:43 PM,TRIM RD btwn WALL RD & NAVAN RD (__3ZA1D8),__3ZA1D8,01 - Non intersection,03 - P.D. only,99 - Other,01 - Clear,07 - Dark,02 - Wet,10 - No control,,2,0,0,0,,0,,,,,388541.4046,5032423.686,45.42673336,-75.42984256,2330
17--11817,11/16/2017,Unknown,BOWHILL AVE btwn OVERLAKE DR & HILLHURST PL (__3ZAAUK),__3ZAAUK,01 - Non intersection,03 - P.D. only,06 - SMV unattended vehicle,02 - Rain,07 - Dark,02 - Wet,10 - No control,,1,0,0,0,,0,,,,,365308.8879,5023615.948,45.34987889,-75.72778565,2331
17--11818,11/16/2017,12:22 PM,MONTREAL RD btwn MONTREAL SQUARE SC & CENTER ST (__3ZA3AWB),__3ZA3AWB,01 - Non intersection,03 - P.D. only,04 - Sideswipe,02 - Rain,01 - Daylight,02 - Wet,10 - No control,,2,0,0,0,,0,,,,,371793.28,5033938.879,45.44217101,-75.64363882,2332
17--11819,11/16/2017,12:41 PM,CATHERINE ST @ ELGIN ST (0002638),2638,03 - At intersection,03 - P.D. only,07 - SMV other,01 - Clear,01 - Daylight,01 - Dry,01 - Traffic signal,01 - Functioning,1,0,0,0,,0,,,,,368553.7129,5030578.241,45.41223615,-75.68548023,2333
17--1182,1/30/2017,4:45 PM,HIGHWAY 417 btwn Continuation of HIGHWAY 417 & HWY417 IC134 RAMP51 (__3ZA29B),__3ZA29B,01 - Non intersection,03 - P.D. only,03 - Rear end,01 - Clear,05 - Dusk,01 - Dry,10 - No control,,2,0,0,0,,0,,,,,355679.0616,5021809.734,45.33439113,-75.85085856,2334
17--11820,11/16/2017,12:45 PM,CARLING AVE btwn DAVIDSON'S SIDE RD & GRANDVIEW RD (__3ZA4Z8),__3ZA4Z8,01 - Non intersection,03 - P.D. only,07 - SMV other,02 - Rain,01 - Daylight,02 - Wet,10 - No control,,1,0,0,0,,0,,,,,354506.6883,5023697.963,45.35146569,-75.86562565,2335
17--11821,11/16/2017,2:00 PM,PINECREST RD btwn DUMAURIER AVE & QUEENSVIEW DR (__3ZBOCY),__3ZBOCY,01 - Non intersection,03 - P.D. only,04 - Sideswipe,01 - Clear,01 - Daylight,01 - Dry,10 - No control,,2,0,0,0,,0,,,,,360334.3051,5023815.613,45.35208703,-75.79124375,2336
17--11822,11/16/2017,3:01 PM,MERIVALE RD/LOTTA AVE @ CLYDE AVE (0001112),1112,03 - At intersection,03 - P.D. only,02 - Angle,01 - Clear,01 - Daylight,01 - Dry,01 - Traffic signal,01 - Functioning,2,0,0,0,,0,,,,,364522.2688,5024507.741,45.35797055,-75.73771586,2337
17--11823,11/16/2017,3:26 PM,COLONNADE RD @ MERIVALE RD (0004569),4569,02 - Intersection related,03 - P.D. only,03 - Rear end,02 - Rain,01 - Daylight,02 - Wet,01 - Traffic signal,01 - Functioning,3,0,0,0,,0,,,,,365363.3606,5022543.828,45.3402274,-75.7272218,2338
17--11824,11/16/2017,4:00 PM,CAMPEAU DR/HWY 417 MARCH IC138R63 @ MARCH RD (0009710),9710,02 - Intersection related,02 - Non-fatal injury,03 - Rear end,02 - Rain,05 - Dusk,02 - Wet,01 - Traffic signal,01 - Functioning,2,0,0,0,01 - Minimal,2,2,,,,352841.7721,5020476.09,45.32259074,-75.88718545,2339
17--11825,11/16/2017,4:00 PM,KINGSTON AVE @ CHEVRIER ST (0006311),6311,02 - Intersection related,03 - P.D. only,07 - SMV other,02 - Rain,01 - Daylight,02 - Wet,10 - No control,00 - Unknown,1,0,0,0,,0,,,,,365652.9921,5026742.855,45.37798447,-75.72300953,2340
17--11826,11/16/2017,4:16 PM,REGIONAL ROAD 174 btwn HWY417 IC113 RAMP67 & Continuation of REGIONAL  (__3ZA28A),__3ZA28A,01 - Non intersection,02 - Non-fatal injury,03 - Rear end,02 - Rain,05 - Dusk,02 - Wet,10 - No control,,4,0,0,0,01 - Minimal,3,3,,,,373934.4071,5032186.555,45.42619607,-75.61651852,2341
17--11827,11/16/2017,4:19 PM,CYRVILLE RD btwn STAR TOP RD & MEADOWBROOK RD (__3ZA3SN),__3ZA3SN,04 - At/near private drive,03 - P.D. only,02 - Angle,02 - Rain,05 - Dusk,02 - Wet,10 - No control,,2,0,0,0,,0,,,,,374512.1188,5031282.363,45.41800329,-75.60926468,2342
17--11828,11/16/2017,4:24 PM,MAITLAND AVE/HWY 417 MAITLAND IC126R53 @ HWY 4 (0008229),8229,03 - At intersection,02 - Non-fatal injury,05 - Turning movement,02 - Rain,05 - Dusk,02 - Wet,01 - Traffic signal,01 - Functioning,2,0,0,0,02 - Minor,1,,1,,,363229.2583,5025774.908,45.36948133,-75.75406836,2343
17--11829,11/16/2017,4:25 PM,CUMBERLAND ST @ WILBROD ST/SERAPHIN MARION PRI (0007116),7116,03 - At intersection,02 - Non-fatal injury,07 - SMV other,01 - Clear,05 - Dusk,01 - Dry,02 - Stop sign,01 - Functioning,1,0,0,1,02 - Minor,1,,1,,,368536.3839,5032049.915,45.42547934,-75.68551124,2344
17--1183,1/30/2017,4:47 PM,HIGHWAY 417 btwn HWY417 IC138 RAMP61 & HWY417 IC134 RAMP36 (__3ZA20I),__3ZA20I,01 - Non intersection,03 - P.D. only,03 - Rear end,01 - Clear,05 - Dusk,01 - Dry,10 - No control,,2,0,0,0,,0,,,,,355945.7622,5022014.204,45.33621159,-75.84743495,2345
17--11830,11/16/2017,4:45 PM,OGILVIE RD btwn CADBORO RD & BATHGATE DR (__3ZA2DN),__3ZA2DN,01 - Non intersection,02 - Non-fatal injury,03 - Rear end,02 - Rain,05 - Dusk,02 - Wet,10 - No control,,2,0,0,0,01 - Minimal,1,1,,,,373724.7087,5032740.376,45.43119976,-75.61912047,2346
17--11831,11/16/2017,4:45 PM,OLD TENTH LINE RD @ TENTH LINE RD (0009223),9223,02 - Intersection related,03 - P.D. only,03 - Rear end,02 - Rain,05 - Dusk,02 - Wet,01 - Traffic signal,01 - Functioning,2,0,0,0,,0,,,,,383041.6807,5038358.31,45.48076478,-75.49916999,2347
17--11832,11/16/2017,5:00 PM,OLD ST. PATRICK ST btwn BEAUSOLEIL DR & PATRO ST (__3ZA7D2),__3ZA7D2,01 - Non intersection,03 - P.D. only,06 - SMV unattended vehicle,02 - Rain,07 - Dark,02 - Wet,10 - No control,,1,0,0,0,,0,,,,,368566.7592,5033016.832,45.43417654,-75.68499791,2348
17--11833,11/16/2017,5:01 PM,PARKDALE AVE btwn HWY417 IC122 RAMP51 & SHERWOOD DR (__3ZA4PK),__3ZA4PK,01 - Non intersection,02 - Non-fatal injury,03 - Rear end,02 - Rain,07 - Dark,02 - Wet,10 - No control,,3,0,0,0,02 - Minor,1,,1,,,365348.4039,5028820.806,45.39670783,-75.72664333,2349
17--11834,11/16/2017,5:12 PM,INNES RD @ STONEHENGE CRES E (0009355),9355,02 - Intersection related,03 - P.D. only,03 - Rear end,02 - Rain,07 - Dark,02 - Wet,01 - Traffic signal,01 - Functioning,2,0,0,0,,0,,,,,375364.077,5031313.553,45.41819852,-75.5983758,2350
17--11835,11/16/2017,5:23 PM,COLONNADE RD @ COLONNADE RD E (0004588),4588,02 - Intersection related,03 - P.D. only,03 - Rear end,02 - Rain,07 - Dark,02 - Wet,01 - Traffic signal,01 - Functioning,2,0,0,0,,0,,,,,367230.2967,5023196.01,45.34593196,-75.70331999,2351
17--11836,11/16/2017,5:30 PM,HIGHWAY 417 btwn HWY417 IC118 RAMP35 & HWY417 IC117 RAMP51 (__3ZA2YP),__3ZA2YP,01 - Non intersection,03 - P.D. only,03 - Rear end,01 - Clear,07 - Dark,01 - Dry,10 - No control,,2,0,0,0,,0,,,,,370192.0534,5031101.872,45.4167964,-75.66448147,2352
17--11837,11/16/2017,5:31 PM,GRASSY PLAINS DR @ STONEHAVEN DR (0008886),8886,03 - At intersection,02 - Non-fatal injury,07 - SMV other,01 - Clear,07 - Dark,02 - Wet,01 - Traffic signal,01 - Functioning,1,0,0,1,02 - Minor,1,,1,,,356204.9723,5015965.1,45.28176191,-75.84475539,2353
17--11838,11/16/2017,5:35 PM,JEANNE D'ARC BLVD @ ORLEANS BLVD N (0003792),3792,03 - At intersection,03 - P.D. only,05 - Turning movement,01 - Clear,07 - Dark,01 - Dry,01 - Traffic signal,01 - Functioning,2,0,0,0,,0,,,,,380028.3934,5038104.261,45.47881025,-75.53774785,2354
17--11839,11/16/2017,5:37 PM,BANK ST @ DALMENY RD/MARVELVILLE RD (0001081),1081,03 - At intersection,02 - Non-fatal injury,02 - Angle,02 - Rain,07 - Dark,02 - Wet,02 - Stop sign,01 - Functioning,2,0,0,0,01 - Minimal,1,1,,,,385829.3662,5004376.213,45.17470169,-75.46907866,2355
17--1184,1/30/2017,4:50 PM,EAGLESON RD btwn HAZELDEAN RD & 146 N OF ABBEYHILL DR/HAZELDEAN MALL S (__3ZA41OA),__3ZA41OA,01 - Non intersection,03 - P.D. only,07 - SMV other,01 - Clear,05 - Dusk,01 - Dry,10 - No control,,1,0,0,0,,0,,,,,353681.2233,5018405.735,45.30390333,-75.87668241,2356
17--11840,11/16/2017,5:38 PM,MERIVALE RD @ WOODFIELD DR/ROYDON PL (0009776),9776,03 - At intersection,03 - P.D. only,05 - Turning movement,02 - Rain,07 - Dark,02 - Wet,01 - Traffic signal,01 - Functioning,2,0,0,0,,0,,,,,365464.2296,5022299.518,45.33802042,-75.72596481,2357
17--11841,11/16/2017,5:48 PM,KENNEVALE DR btwn STRANDHERD DR & COBBLE HILL DR (__5WHGW0),__5WHGW0,01 - Non intersection,02 - Non-fatal injury,07 - SMV other,02 - Rain,07 - Dark,02 - Wet,10 - No control,,1,0,0,1,02 - Minor,1,,1,,,361585.3892,5014143.506,45.26495705,-75.77638632,2358
17--11842,11/16/2017,5:55 PM,HOLLAND AVE @ SPENCER ST (0006192),6192,03 - At intersection,02 - Non-fatal injury,07 - SMV other,02 - Rain,07 - Dark,02 - Wet,01 - Traffic signal,01 - Functioning,1,0,0,1,01 - Minimal,1,1,,,,364833.0357,5029371.218,45.4017047,-75.7331583,2359
17--11843,11/16/2017,5:57 PM,WOODCLIFFE PRIV @ JEANNE D'ARC BLVD (0012420),12420,02 - Intersection related,03 - P.D. only,03 - Rear end,02 - Rain,07 - Dark,02 - Wet,02 - Stop sign,00 - Unknown,2,0,0,0,,0,,,,,380109.6085,5036227.365,45.46191467,-75.53699681,2360
17--11844,11/16/2017,6:00 AM,HUNT CLUB RD @ PAUL ANKA DR (0008224),8224,03 - At intersection,03 - P.D. only,05 - Turning movement,01 - Clear,07 - Dark,02 - Wet,01 - Traffic signal,01 - Functioning,2,0,0,0,,0,,,,,369777.3908,5022896.822,45.34300862,-75.67085889,2361
17--11845,11/16/2017,6:06 PM,STITTSVILLE MAIN ST/HUNTLEY RD @ FLEWELLYN RD (0004602),4602,02 - Intersection related,03 - P.D. only,02 - Angle,02 - Rain,07 - Dark,02 - Wet,02 - Stop sign,01 - Functioning,2,0,0,0,,0,,,,,351422.4922,5010734.528,45.23502894,-75.90620363,2362
17--11846,11/16/2017,6:07 PM,CEDARVIEW RD @ WEST HUNT CLUB RD (0010267),10267,03 - At intersection,03 - P.D. only,05 - Turning movement,02 - Rain,07 - Dark,02 - Wet,01 - Traffic signal,01 - Functioning,2,0,0,0,,0,,,,,359718.343,5019554.478,45.31379374,-75.79957717,2363
17--11847,11/16/2017,6:20 PM,FALLOWFIELD RD @ GREENBANK RD (0000549),549,03 - At intersection,03 - P.D. only,05 - Turning movement,02 - Rain,07 - Dark,02 - Wet,01 - Traffic signal,01 - Functioning,2,0,0,0,,0,,,,,363082.3479,5016733.124,45.28813607,-75.75700819,2364
17--11848,11/16/2017,6:28 PM,INNES RD @ ORLEANS BLVD (0003611),3611,03 - At intersection,03 - P.D. only,05 - Turning movement,02 - Rain,07 - Dark,02 - Wet,01 - Traffic signal,01 - Functioning,2,0,0,0,,0,,,,,380461.1296,5034297.072,45.4445094,-75.5327994,2365
17--11849,11/16/2017,6:33 PM,SOMERSET ST    W btwn PRESTON ST & ROCHESTER ST (__3ZA321),__3ZA321,01 - Non intersection,02 - Non-fatal injury,04 - Sideswipe,01 - Clear,07 - Dark,02 - Wet,10 - No control,,3,1,0,0,02 - Minor,1,,1,,,366328.0999,5030135.595,45.40845256,-75.71396726,2366
17--1185,1/30/2017,5:20 PM,REGIONAL RD 174 @ EAST ST/PETER HARKNESS LANE (0012390),12390,02 - Intersection related,03 - P.D. only,03 - Rear end,01 - Clear,05 - Dusk,01 - Dry,02 - Stop sign,00 - Unknown,2,0,0,0,,0,,,,,390420.4465,5042703.91,45.51899532,-75.40404266,2367
17--11850,11/16/2017,6:50 PM,COLONEL BY DR @ HAWTHORNE AVE/PRETORIA BRIDGE (0002122),2122,02 - Intersection related,03 - P.D. only,03 - Rear end,01 - Clear,07 - Dark,01 - Dry,01 - Traffic signal,01 - Functioning,2,0,0,0,,0,,,,,368767.3758,5030525.567,45.41174271,-75.68275758,2368
17--11851,11/16/2017,6:55 AM,CARP RD @ STITTSVILLE MAIN ST (0005253),5253,03 - At intersection,02 - Non-fatal injury,07 - SMV other,02 - Rain,03 - Dawn,02 - Wet,01 - Traffic signal,01 - Functioning,1,0,0,1,01 - Minimal,1,1,,,,349523.7828,5014331.541,45.2675194,-75.93006123,2369
17--11852,11/16/2017,7:05 PM,HIGHWAY 417 btwn HWY417 IC121A RAMP61 & HWY417 IC120B RAMP36 (__3ZA2YV),__3ZA2YV,01 - Non intersection,03 - P.D. only,04 - Sideswipe,02 - Rain,07 - Dark,02 - Wet,10 - No control,,2,0,0,0,,0,,,,,367536.2664,5029882.247,45.40606576,-75.69856645,2370
17--11853,11/16/2017,7:10 AM,MOODIE DR btwn WEST HUNT CLUB RD & ALTI PL (__3ZBOCW),__3ZBOCW,04 - At/near private drive,03 - P.D. only,02 - Angle,02 - Rain,03 - Dawn,02 - Wet,10 - No control,,2,0,0,0,,0,,,,,359065.6127,5015675.771,45.27894349,-75.80832585,2371
17--11854,11/16/2017,7:10 PM,WEST HUNT CLUB RD @ WOODROFFE AVE (0000576),576,02 - Intersection related,03 - P.D. only,03 - Rear end,02 - Rain,07 - Dark,02 - Wet,01 - Traffic signal,00 - Unknown,2,0,0,0,,0,,,,,363669.0188,5021246.489,45.32869827,-75.74899374,2372
17--11855,11/16/2017,7:24 PM,PAUL METIVIER DR btwn LEAMINGTON WAY & LONGFIELDS DR (__7JQ6CT),__7JQ6CT,04 - At/near private drive,03 - P.D. only,06 - SMV unattended vehicle,02 - Rain,07 - Dark,02 - Wet,10 - No control,,1,0,0,0,,0,,,,,365065.452,5014199.869,45.26517464,-75.73203708,2373
17--11856,11/16/2017,7:41 PM,JEANNE D'ARC BLVD @ VORLAGE DR W/VOYAGEUR WAY (0004394),4394,03 - At intersection,03 - P.D. only,05 - Turning movement,02 - Rain,07 - Dark,02 - Wet,01 - Traffic signal,01 - Functioning,2,0,0,0,,0,,,,,379266.297,5037739.9,45.4756137,-75.54754975,2374
17--11857,11/16/2017,7:46 AM,SECOND LINE RD btwn MURPHY SIDE RD & ROYCROFT WAY (__4LKWOX),__4LKWOX,01 - Non intersection,03 - P.D. only,07 - SMV other,01 - Clear,01 - Daylight,01 - Dry,10 - No control,,1,0,0,0,,0,,,,,344049.1884,5027452.28,45.38591142,-75.99878387,2375
17--11858,11/16/2017,7:48 PM,ST. JOSEPH BLVD btwn ORLEANS BLVD & COUSINEAU ST (__3ZA2B2),__3ZA2B2,04 - At/near private drive,03 - P.D. only,02 - Angle,01 - Clear,07 - Dark,02 - Wet,10 - No control,,2,0,0,0,,0,,,,,380663.9794,5037001.498,45.46881971,-75.52978946,2376
17--11859,11/16/2017,8:30 AM,MOODIE DR btwn ROBERTSON RD & HADLEY CIRC (__3ZA412),__3ZA412,04 - At/near private drive,03 - P.D. only,02 - Angle,02 - Rain,01 - Daylight,02 - Wet,10 - No control,,2,0,0,0,,0,,,,,357118.6562,5020340.006,45.32106052,-75.83264802,2377
17--1186,1/30/2017,5:37 PM,GREENCREST PL @ NORTHVIEW RD (0001926),1926,03 - At intersection,03 - P.D. only,02 - Angle,01 - Clear,05 - Dusk,01 - Dry,02 - Stop sign,01 - Functioning,2,0,0,0,,0,,,,,365290.0338,5025022.516,45.3625366,-75.72785413,2378
17--11860,11/16/2017,8:32 PM,BANNER RD @ GREENBANK RD (0000644),644,03 - At intersection,03 - P.D. only,05 - Turning movement,02 - Rain,07 - Dark,02 - Wet,01 - Traffic signal,01 - Functioning,2,0,0,0,,0,,,,,361021.6727,5021566.492,45.33179472,-75.78272751,2379
17--11861,11/16/2017,9:09 AM,BRONSON AVE btwn FIRST AVE & SECOND AVE (__3ZA3OO),__3ZA3OO,01 - Non intersection,03 - P.D. only,03 - Rear end,02 - Rain,01 - Daylight,02 - Wet,10 - No control,,2,0,0,0,,0,,,,,367498.7375,5029211.144,45.40003073,-75.69913115,2380
17--11862,11/16/2017,9:11 AM,IMPERIAL AVE btwn BRONSON AVE & CHAMBERLAIN AVE (__3ZA3O5),__3ZA3O5,04 - At/near private drive,03 - P.D. only,03 - Rear end,02 - Rain,01 - Daylight,02 - Wet,10 - No control,,2,0,0,0,,0,,,,,367341.1113,5029655.592,45.40404384,-75.70108799,2381
17--11863,11/16/2017,9:30 PM,LEITRIM RD @ RIVER RD (0004194),4194,03 - At intersection,03 - P.D. only,02 - Angle,02 - Rain,07 - Dark,02 - Wet,02 - Stop sign,01 - Functioning,2,0,0,0,,0,,,,,368020.0377,5017177.458,45.29170732,-75.69401119,2382
17--11864,11/17/2017,1:00 PM,AVIATION PKWY @ OGILVIE RD (0004114),4114,02 - Intersection related,03 - P.D. only,03 - Rear end,01 - Clear,01 - Daylight,01 - Dry,01 - Traffic signal,01 - Functioning,2,0,0,0,,0,,,,,373109.7109,5032377.255,45.42799292,-75.62702978,2383
17--11865,11/17/2017,1:00 PM,BASELINE RD @ CLYDE AVE (0002343),2343,03 - At intersection,03 - P.D. only,02 - Angle,01 - Clear,01 - Daylight,01 - Dry,01 - Traffic signal,01 - Functioning,2,0,0,0,,0,,,,,364357.7,5024889.844,45.36142266,-75.73977016,2384
17--11866,11/17/2017,1:03 PM,SMYTH RD E/LANCASTER RD @ ST. LAURENT BLVD N/R (0002256),2256,02 - Intersection related,03 - P.D. only,03 - Rear end,01 - Clear,01 - Daylight,01 - Dry,01 - Traffic signal,01 - Functioning,2,0,0,0,,0,,,,,373366.3612,5029423.411,45.40139055,-75.62416124,2385
17--11867,11/17/2017,1:19 AM,TRIM RD @ TRIM RD (0014368),14368,03 - At intersection,03 - P.D. only,07 - SMV other,01 - Clear,07 - Dark,01 - Dry,01 - Traffic signal,01 - Functioning,1,0,0,0,,0,,,,,386221.4219,5038049.586,45.47762361,-75.45855408,2386
17--11868,11/17/2017,1:30 PM,CENTURY RD    W btwn MCCORDICK RD & TO BE DETERMINED (__3ZA4ZJ),__3ZA4ZJ,04 - At/near private drive,03 - P.D. only,05 - Turning movement,01 - Clear,01 - Daylight,01 - Dry,10 - No control,,2,0,0,0,,0,,,,,361108.5373,5003465.859,45.16891602,-75.78366973,2387
17--11869,11/17/2017,1:38 PM,CARLING AVE @ FAIRLAWN AVE/WOODROFFE AVE E (0002393),2393,02 - Intersection related,02 - Non-fatal injury,03 - Rear end,01 - Clear,01 - Daylight,01 - Dry,01 - Traffic signal,01 - Functioning,4,0,0,0,01 - Minimal,1,1,,,,361934.6841,5025830.528,45.37008852,-75.77058762,2388
17--1187,1/30/2017,5:41 PM,REGIONAL ROAD 174 btwn OR174 IC109 RAMP54 & OR174 IC109 RAMP55 (__3ZA28X),__3ZA28X,01 - Non intersection,03 - P.D. only,03 - Rear end,01 - Clear,07 - Dark,01 - Dry,10 - No control,,2,0,0,0,,0,,,,,376441.5638,5034918.619,45.4505252,-75.58408551,2389
17--11870,11/17/2017,1:45 PM,CARP RD @ RICHARDSON SIDE RD (0005759),5759,03 - At intersection,03 - P.D. only,02 - Angle,01 - Clear,01 - Daylight,01 - Dry,01 - Traffic signal,01 - Functioning,2,0,0,0,,0,,,,,346209.8902,5017159.788,45.29317202,-75.97205407,2390
17--11871,11/17/2017,10:04 PM,ALBERT ST @ BOOTH ST (0002162),2162,02 - Intersection related,03 - P.D. only,03 - Rear end,01 - Clear,07 - Dark,01 - Dry,01 - Traffic signal,01 - Functioning,2,0,0,0,,0,,,,,366427.6899,5030627.904,45.41287346,-75.71263355,2391
17--11872,11/17/2017,10:32 AM,BRONSON PL @ BRONSON AVE NB ON RAMP 42 (0008010),8010,02 - Intersection related,03 - P.D. only,03 - Rear end,01 - Clear,01 - Daylight,01 - Dry,02 - Stop sign,01 - Functioning,3,0,0,0,,0,,,,,367827.133,5028432.243,45.39299292,-75.69503639,2392
17--11873,11/17/2017,11:07 AM,CENTRAL PARK DR btwn CRYSTAL PARK CRES & MERIVALE RD (__3ZAZ7C),__3ZAZ7C,01 - Non intersection,03 - P.D. only,05 - Turning movement,01 - Clear,01 - Daylight,01 - Dry,10 - No control,,2,0,0,0,,0,,,,,364910.7056,5025868.534,45.37018156,-75.73259283,2393
17--11874,11/17/2017,11:23 AM,HIGHWAY 416 btwn HWY416 IC42 RAMP24 & END (__3ZAZJ6),__3ZAZJ6,01 - Non intersection,03 - P.D. only,07 - SMV other,02 - Rain,01 - Daylight,06 - Ice,10 - No control,,1,0,0,0,,0,,,,,372319.8657,4994159.28,45.08419173,-75.6423152,2394
17--11875,11/17/2017,11:23 AM,HIGHWAY 416 btwn HWY416 IC42 RAMP24 & END (__3ZAZJ6),__3ZAZJ6,07 - Overpass or bridge,02 - Non-fatal injury,03 - Rear end,02 - Rain,01 - Daylight,06 - Ice,10 - No control,,3,0,0,0,02 - Minor,2,,2,,,372295.167,4994171.947,45.08430806,-75.6426272,2395
17--11876,11/17/2017,11:55 AM,WOODROFFE AVE @ SPORTSPLEX S (0010592),10592,02 - Intersection related,02 - Non-fatal injury,03 - Rear end,01 - Clear,01 - Daylight,01 - Dry,01 - Traffic signal,01 - Functioning,3,0,0,0,02 - Minor,1,,1,,,363833.1361,5020900.118,45.32556786,-75.74694154,2396
17--11877,11/17/2017,Unknown,PERCY ST btwn ACADEMY PRIV & LISGAR ST (__3ZAYFY),__3ZAYFY,01 - Non intersection,03 - P.D. only,06 - SMV unattended vehicle,01 - Clear,00 - Unknown,01 - Dry,10 - No control,,1,0,0,0,,0,,,,,367013.5911,5030735.814,45.41379256,-75.70513507,2397
17--11878,11/17/2017,12:02 PM,FALLOWFIELD RD @ STRANDHERD DR (0005238),5238,03 - At intersection,03 - P.D. only,03 - Rear end,01 - Clear,01 - Daylight,01 - Dry,01 - Traffic signal,01 - Functioning,2,0,0,0,,0,,,,,360752.6982,5014962.391,45.27239219,-75.78690417,2398
17--11879,11/17/2017,12:19 PM,WEST HUNT CLUB RD @ WOODROFFE AVE (0000576),576,02 - Intersection related,03 - P.D. only,03 - Rear end,01 - Clear,01 - Daylight,01 - Dry,01 - Traffic signal,01 - Functioning,3,0,0,0,,0,,,,,363670.5943,5021246.606,45.32869919,-75.74897363,2399
17--1188,1/30/2017,6:20 PM,MERIVALE RD @ CAPILANO DR/WITHROW AVE (0009820),9820,03 - At intersection,03 - P.D. only,05 - Turning movement,01 - Clear,07 - Dark,01 - Dry,01 - Traffic signal,01 - Functioning,2,0,0,0,,0,,,,,364642.7288,5024227.86,45.35544195,-75.73621235,2400
17--12240,11/24/2017,3:10 PM,NAVAHO DR @ WOODROFFE AVE/TRANSITWAY N BASELIN (0010359),10359,03 - At intersection,03 - P.D. only,05 - Turning movement,01 - Clear,01 - Daylight,01 - Dry,01 - Traffic signal,01 - Functioning,2,0,0,0,,0,,,,,362706.6929,5023492.576,45.34898849,-75.76100647,2401
17--12241,11/24/2017,3:27 PM,HAWTHORNE RD @ HUNT CLUB RD (0007651),7651,02 - Intersection related,03 - P.D. only,04 - Sideswipe,01 - Clear,01 - Daylight,01 - Dry,01 - Traffic signal,01 - Functioning,2,0,0,0,,0,,,,,375507.4155,5026406.529,45.3740332,-75.59724786,2402
17--12242,11/24/2017,3:42 PM,GREENBANK RD @ WEST HUNT CLUB RD (0005167),5167,02 - Intersection related,03 - P.D. only,03 - Rear end,01 - Clear,01 - Daylight,01 - Dry,01 - Traffic signal,01 - Functioning,3,0,0,0,,0,,,,,361479.677,5020501.762,45.32217745,-75.77700667,2403
17--12243,11/24/2017,3:57 PM,PALLADIUM DR btwn SILVER SEVEN RD & TERRY FOX DR (__3ZA2I4),__3ZA2I4,04 - At/near private drive,03 - P.D. only,02 - Angle,01 - Clear,01 - Daylight,01 - Dry,10 - No control,,2,0,0,0,,0,,,,,351238.798,5018146.862,45.30173964,-75.90784997,2404
17--12244,11/24/2017,4:00 PM,ALLEN BLVD @ MCARTHUR AVE (0009809),9809,03 - At intersection,03 - P.D. only,05 - Turning movement,01 - Clear,01 - Daylight,01 - Dry,01 - Traffic signal,00 - Unknown,2,0,0,0,,0,,,,,370750.3707,5032748.903,45.4315633,-75.65712807,2405