Anom_ID,Accident_Date,Accident_Time,Location,Geo_ID,Accident_Location,Classification_of_Accident,Initial_Impact_Type,Environment_Condition,Light,Road_Surface_Condition,Traffic_Control,Traffic_Control_Condition,No__of_Vehicles,No__of_Bicycles,No__of_Motorcycles,No__of_Pedestrians,Max_Injury,No__of_Injuries,No__of_Minimal,No__of_Minor,No__of_Major,No__of_Fatal,X,Y,Latitude,Longitude,ObjectId
17--12245,11/24/2017,4:03 PM,SECOND AVE @ BRONSON AVE (0007717),7717,03 - At intersection,03 - P.D. only,05 - Turning movement,01 - Clear,01 - Daylight,01 - Dry,02 - Stop sign,01 - Functioning,2,0,0,0,,0,,,,,367518.7033,5029162.555,45.39959175,-75.69888232,2406
17--12246,11/24/2017,4:07 PM,RIVERSIDE DR NB btwn SAN REMO PRIV & INDUSTRIAL AVE (__3ZAZ0A),__3ZAZ0A,01 - Non intersection,03 - P.D. only,03 - Rear end,01 - Clear,01 - Daylight,01 - Dry,10 - No control,,2,0,0,0,,0,,,,,370656.2905,5030532.353,45.41162856,-75.65862662,2407
17--12247,11/24/2017,4:13 PM,CARLING AVE @ WOODROFFE AVE W (0011470),11470,02 - Intersection related,03 - P.D. only,03 - Rear end,01 - Clear,05 - Dusk,01 - Dry,01 - Traffic signal,01 - Functioning,2,0,0,0,,0,,,,,361767.3492,5025724.845,45.36915122,-75.77273592,2408
17--12248,11/24/2017,4:16 PM,PALLADIUM DR btwn HWY417 IC142 RAMP52 & HWY417 IC142 RAMP53 (__3ZAZW6),__3ZAZW6,01 - Non intersection,02 - Non-fatal injury,05 - Turning movement,01 - Clear,01 - Daylight,01 - Dry,10 - No control,,2,0,0,0,02 - Minor,1,,1,,,349071.5132,5017036.316,45.29188652,-75.9355832,2409
17--12249,11/24/2017,4:27 PM,STITTSVILLE MAIN ST @ HAZELDEAN RD (0000050),50,03 - At intersection,03 - P.D. only,05 - Turning movement,01 - Clear,05 - Dusk,01 - Dry,01 - Traffic signal,01 - Functioning,2,0,0,0,,0,,,,,349558.7326,5014879.386,45.27244688,-75.92956649,2410
17--1225,1/31/2017,Unknown,PRINCE ALBERT ST btwn EDITH AVE & LOLA ST (__3ZA8HZ),__3ZA8HZ,01 - Non intersection,03 - P.D. only,06 - SMV unattended vehicle,01 - Clear,00 - Unknown,02 - Wet,10 - No control,,1,0,0,0,,0,,,,,371113.1091,5031968.973,45.42451152,-75.65259766,2411
17--12250,11/24/2017,4:29 PM,LONGFIELDS DR @ WOODROFFE AVE (0000096),96,03 - At intersection,03 - P.D. only,05 - Turning movement,01 - Clear,05 - Dusk,01 - Dry,01 - Traffic signal,01 - Functioning,2,0,0,0,,0,,,,,365422.8421,5017106.945,45.2913017,-75.72712822,2412
17--12251,11/24/2017,4:30 PM,HIGHWAY 417 btwn HWY417 IC127 RAMP16 & HWY417 IC127 RAMP63 (__3ZA2UP),__3ZA2UP,01 - Non intersection,03 - P.D. only,04 - Sideswipe,01 - Clear,05 - Dusk,01 - Dry,10 - No control,,2,0,0,0,,0,,,,,362035.3944,5024790.754,45.36072451,-75.76942245,2413
17--12252,11/24/2017,4:41 PM,WALKLEY RD btwn CONROY RD & 160 W OF CONROY RD (__3ZA2EHB),__3ZA2EHB,01 - Non intersection,03 - P.D. only,03 - Rear end,01 - Clear,05 - Dusk,02 - Wet,10 - No control,,2,0,0,0,,0,,,,,372853.2209,5027433.431,45.38353564,-75.63098959,2414
17--12253,11/24/2017,4:51 PM,VICTORIA ST btwn YORKS CORNERS RD & CARTWRIGHT RD (__3ZA3XA),__3ZA3XA,01 - Non intersection,03 - P.D. only,07 - SMV other,01 - Clear,05 - Dusk,01 - Dry,10 - No control,,1,0,0,0,,0,,,,,389254.9877,5013565.483,45.25697859,-75.42394433,2415
17--12254,11/24/2017,4:52 PM,REGIONAL ROAD 174 btwn MCTEER RD & CANAAN RD (__3ZA27S),__3ZA27S,01 - Non intersection,03 - P.D. only,07 - SMV other,02 - Rain,07 - Dark,02 - Wet,10 - No control,,1,0,0,0,,0,,,,,395536.0301,5043326.595,45.5239504,-75.33846014,2416
17--12255,11/24/2017,4:57 PM,CARLING AVE @ MOODIE DR/JAMES CUMMINGS AVE W (0000158),158,03 - At intersection,02 - Non-fatal injury,05 - Turning movement,01 - Clear,07 - Dark,01 - Dry,01 - Traffic signal,01 - Functioning,2,0,0,0,02 - Minor,3,,3,,,356001.771,5023937.196,45.35351077,-75.84652133,2417
17--12256,11/24/2017,4:58 PM,CONROY RD @ HUNT CLUB RD (0002257),2257,02 - Intersection related,03 - P.D. only,03 - Rear end,01 - Clear,07 - Dark,01 - Dry,01 - Traffic signal,01 - Functioning,2,0,0,0,,0,,,,,373762.7367,5025405.861,45.36520349,-75.61965995,2418
17--12257,11/24/2017,5:07 PM,MERIVALE RD @ WEST HUNT CLUB RD (0000584),584,02 - Intersection related,03 - P.D. only,03 - Rear end,01 - Clear,07 - Dark,01 - Dry,01 - Traffic signal,01 - Functioning,3,0,0,0,,0,,,,,365612.3608,5021943.167,45.3348012,-75.72411871,2419
17--12258,11/24/2017,5:13 PM,INNES RD @ STAR TOP RD/WINDMILL LANE (0008734),8734,02 - Intersection related,03 - P.D. only,03 - Rear end,01 - Clear,07 - Dark,01 - Dry,01 - Traffic signal,01 - Functioning,3,0,0,0,,0,,,,,374148.0603,5030668.567,45.41251685,-75.61400219,2420
17--12259,11/24/2017,5:15 PM,WOODROFFE AVE btwn HWY417 IC127 RAMP53 & IRIS ST (__3ZA4L2),__3ZA4L2,01 - Non intersection,03 - P.D. only,03 - Rear end,01 - Clear,07 - Dark,02 - Wet,10 - No control,,2,0,0,0,,0,,,,,362220.8192,5024590.014,45.3589031,-75.76707912,2421
17--1226,1/31/2017,Unknown,NELSON ST btwn SOMERSET ST E & TEMPLETON ST (__3ZA9VQ),__3ZA9VQ,01 - Non intersection,03 - P.D. only,06 - SMV unattended vehicle,01 - Clear,00 - Unknown,01 - Dry,10 - No control,,1,0,0,0,,0,,,,,369110.4715,5031736.759,45.42260913,-75.6782166,2422
17--12260,11/24/2017,5:15 PM,MCARTHUR AVE @ VANIER PKWY (0004626),4626,02 - Intersection related,03 - P.D. only,03 - Rear end,01 - Clear,07 - Dark,02 - Wet,01 - Traffic signal,01 - Functioning,2,0,0,0,,0,,,,,370218.3706,5032692.593,45.43110661,-75.663934,2423
17--12261,11/24/2017,5:21 PM,BANK ST @ JOHNSTON RD (0006967),6967,03 - At intersection,03 - P.D. only,05 - Turning movement,01 - Clear,07 - Dark,01 - Dry,01 - Traffic signal,01 - Functioning,2,0,0,0,,0,,,,,370851.3961,5024838.19,45.36037615,-75.65689625,2424
17--12262,11/24/2017,5:30 PM,VANIER PKWY NB btwn DONALD ST & QUEEN MARY ST (__3ZA25X),__3ZA25X,01 - Non intersection,03 - P.D. only,03 - Rear end,01 - Clear,07 - Dark,01 - Dry,10 - No control,,2,0,0,0,,0,,,,,370328.5267,5032147.286,45.42618985,-75.66259888,2425
17--12263,11/24/2017,5:38 PM,WOODROFFE AVE btwn FALLOWFIELD RD & EARL MULLIGAN DR (__3ZA3IL),__3ZA3IL,01 - Non intersection,03 - P.D. only,03 - Rear end,01 - Clear,07 - Dark,01 - Dry,10 - No control,,4,0,0,0,,0,,,,,365163.0432,5017717.268,45.29681572,-75.73036578,2426
17--12264,11/24/2017,5:42 PM,BASELINE RD btwn MERIVALE RD & FARLANE BLVD (__3ZA4ID),__3ZA4ID,04 - At/near private drive,03 - P.D. only,03 - Rear end,01 - Clear,07 - Dark,01 - Dry,10 - No control,,4,0,0,0,,0,,,,,365143.9941,5025380.364,45.36576904,-75.72967444,2427
17--12265,11/24/2017,5:59 PM,WOODROFFE AVE @ QUEENSBURY DR/RIDEAUCREST DR (0000043),43,03 - At intersection,02 - Non-fatal injury,05 - Turning movement,01 - Clear,07 - Dark,01 - Dry,01 - Traffic signal,01 - Functioning,2,0,0,0,02 - Minor,1,,1,,,365728.036,5016327.777,45.2842644,-75.7233334,2428
17--12266,11/24/2017,6:25 PM,EARL ARMSTRONG RD @ SPRATT RD (0013063),13063,03 - At intersection,02 - Non-fatal injury,05 - Turning movement,01 - Clear,07 - Dark,01 - Dry,01 - Traffic signal,01 - Functioning,2,0,0,0,01 - Minimal,2,2,,,,368405.7365,5015011.44,45.27218296,-75.68937204,2429
17--12267,11/24/2017,6:35 PM,WELLINGTON ST @ BAYSWATER AVE/BAYVIEW RD (0006489),6489,03 - At intersection,03 - P.D. only,02 - Angle,01 - Clear,07 - Dark,01 - Dry,02 - Stop sign,01 - Functioning,2,0,0,0,,0,,,,,365760.8636,5030012.373,45.40739347,-75.72122836,2430
17--12268,11/24/2017,7:04 PM,HIGHWAY 417 btwn HWY417 IC126 RAMP61 & HWY417 IC124 RAMP76 (__3ZA2Y2),__3ZA2Y2,01 - Non intersection,03 - P.D. only,03 - Rear end,01 - Clear,07 - Dark,01 - Dry,10 - No control,,2,0,0,0,,0,,,,,363675.0354,5026535.568,45.37628833,-75.7482872,2431
17--12269,11/24/2017,7:21 PM,BOOTH ST @ PRIMROSE AVE (0006341),6341,03 - At intersection,02 - Non-fatal injury,07 - SMV other,01 - Clear,07 - Dark,01 - Dry,01 - Traffic signal,01 - Functioning,1,0,0,1,01 - Minimal,1,1,,,,366496.6953,5030472.241,45.41146676,-75.71177149,2432
17--1227,1/31/2017,12:01 PM,JAMIE AVE @ SUNDERLAND ST (0004576),4576,03 - At intersection,03 - P.D. only,02 - Angle,01 - Clear,01 - Daylight,01 - Dry,02 - Stop sign,01 - Functioning,2,0,0,0,,0,,,,,366065.7886,5022022.235,45.3354732,-75.71832436,2433
17--12270,11/24/2017,7:27 AM,BASELINE RD @ MERIVALE RD (0002342),2342,03 - At intersection,02 - Non-fatal injury,05 - Turning movement,01 - Clear,03 - Dawn,01 - Dry,01 - Traffic signal,01 - Functioning,2,0,0,0,01 - Minimal,1,1,,,,365057.2439,5025323.477,45.36526464,-75.73078869,2434
17--12271,11/24/2017,7:30 PM,LINDA LOOP btwn SNOWBIRD LANE & JESSIE ST (__3ZAC09),__3ZAC09,04 - At/near private drive,03 - P.D. only,06 - SMV unattended vehicle,01 - Clear,07 - Dark,01 - Dry,10 - No control,,1,0,0,0,,0,,,,,334613.3276,5024460.082,45.35945151,-76.11945829,2435
17--12272,11/24/2017,7:30 PM,HIGHWAY 416 btwn HWY416 IC72 RAMP62 & HWY416 IC72 RAMP24 (__3ZAZEQ),__3ZAZEQ,01 - Non intersection,03 - P.D. only,07 - SMV other,01 - Clear,07 - Dark,01 - Dry,10 - No control,,1,0,0,0,,0,,,,,359454.5524,5019670.728,45.31486035,-75.80292845,2436
17--12273,11/24/2017,7:31 PM,EAGLESON RD @ MICHAEL COWPLAND DR/STONEHAVEN D (0003544),3544,02 - Intersection related,02 - Non-fatal injury,03 - Rear end,01 - Clear,07 - Dark,01 - Dry,01 - Traffic signal,01 - Functioning,2,0,0,0,02 - Minor,3,1,2,,,354380.9538,5016622.775,45.28781084,-75.86793848,2437
17--12274,11/24/2017,8:52 AM,GREENBANK RD SB btwn TO BE DETERMINED & MORRISON DR (__3ZBOCX),__3ZBOCX,01 - Non intersection,02 - Non-fatal injury,03 - Rear end,01 - Clear,01 - Daylight,01 - Dry,10 - No control,,2,0,0,0,02 - Minor,2,,2,,,360552.334,5022991.82,45.34465726,-75.78855424,2438
17--12275,11/24/2017,9:45 AM,ST. JOSEPH BLVD @ JEANNE D'ARC BLVD (0012421),12421,03 - At intersection,03 - P.D. only,02 - Angle,01 - Clear,01 - Daylight,01 - Dry,11 - Roundabout,01 - Functioning,2,0,0,0,,0,,,,,379859.0703,5036472.919,45.46415093,-75.54016256,2439
17--12276,11/24/2017,9:45 PM,NICHOLAS ST NB btwn HWY417 IC118 RAMP52 & WALLER ST/TRANSITWAY (__6KCFNL),__6KCFNL,01 - Non intersection,03 - P.D. only,03 - Rear end,01 - Clear,07 - Dark,01 - Dry,10 - No control,,2,0,0,0,,0,,,,,368534.8094,5031678.859,45.42214085,-75.68557937,2440
17--12277,11/24/2017,9:51 AM,BANK ST @ JOHNSTON RD (0006967),6967,02 - Intersection related,03 - P.D. only,03 - Rear end,01 - Clear,01 - Daylight,01 - Dry,01 - Traffic signal,01 - Functioning,2,0,0,0,,0,,,,,370850.0583,5024839.528,45.36038832,-75.65691314,2441
17--12278,11/25/2017,1:08 PM,JEANNE D'ARC BLVD  S btwn SAPINIER ST & INNES RD (__3ZA3Y3),__3ZA3Y3,01 - Non intersection,02 - Non-fatal injury,03 - Rear end,02 - Rain,01 - Daylight,02 - Wet,10 - No control,,2,0,0,0,01 - Minimal,2,2,,,,382618.5233,5035614.943,45.45612966,-75.50501639,2442
17--12279,11/25/2017,10:10 PM,HUNTMAR DR btwn AUTOPARK PRIV & PALLADIUM DR (__3ZA1DG),__3ZA1DG,04 - At/near private drive,03 - P.D. only,02 - Angle,02 - Rain,99 - Other,02 - Wet,10 - No control,,2,0,0,0,,0,,,,,349549.8967,5017508.248,45.29610281,-75.92944202,2443
17--1228,1/31/2017,12:07 AM,PLEASANT PARK RD btwn FAIRBANKS AVE & LYNDA LANE (__3ZA9IY),__3ZA9IY,01 - Non intersection,02 - Non-fatal injury,03 - Rear end,01 - Clear,07 - Dark,01 - Dry,10 - No control,,2,0,0,0,02 - Minor,1,,1,,,371007.9054,5028538.586,45.39365625,-75.65440259,2444
17--12280,11/25/2017,10:16 AM,ALTA VISTA DR @ CUNNINGHAM AVE (0008112),8112,02 - Intersection related,03 - P.D. only,03 - Rear end,02 - Rain,01 - Daylight,02 - Wet,02 - Stop sign,01 - Functioning,2,0,0,0,,0,,,,,370345.0574,5028016.876,45.38902445,-75.66293677,2445
17--12281,11/25/2017,10:32 AM,EARL ARMSTRONG RD @ RIVER RD (0012470),12470,03 - At intersection,03 - P.D. only,05 - Turning movement,02 - Rain,01 - Daylight,02 - Wet,01 - Traffic signal,01 - Functioning,2,0,0,0,,0,,,,,367571.7152,5014685.735,45.26932723,-75.70004141,2446
17--12282,11/25/2017,11:15 PM,OLD MONTREAL RD btwn KINSELLA DR & TO BE DETERMINED (__3ZA5FE),__3ZA5FE,01 - Non intersection,03 - P.D. only,07 - SMV other,01 - Clear,07 - Dark,02 - Wet,10 - No control,,1,0,0,0,,0,,,,,392515.6862,5042703.256,45.518729,-75.37722845,2447
17--12283,11/25/2017,11:20 AM,CYRVILLE RD btwn STAR TOP RD & MEADOWBROOK RD (__3ZA3SN),__3ZA3SN,04 - At/near private drive,02 - Non-fatal injury,02 - Angle,02 - Rain,01 - Daylight,02 - Wet,10 - No control,,2,0,0,0,01 - Minimal,1,1,,,,374500.3015,5031284.697,45.41802547,-75.60941532,2448
17--12284,11/25/2017,11:20 AM,ST. JOSEPH BLVD/OLD MONTREAL RD @ TRIM RD (0004118),4118,03 - At intersection,03 - P.D. only,02 - Angle,02 - Rain,01 - Daylight,02 - Wet,11 - Roundabout,01 - Functioning,2,0,0,0,,0,,,,,384676.9523,5039292.231,45.48898212,-75.47810377,2449
17--12285,11/25/2017,11:40 AM,MCARTHUR AVE @ VANIER PKWY (0004626),4626,02 - Intersection related,03 - P.D. only,03 - Rear end,02 - Rain,01 - Daylight,02 - Wet,01 - Traffic signal,01 - Functioning,2,0,0,0,,0,,,,,370218.3706,5032690.586,45.43108855,-75.66393426,2450
17--12286,11/25/2017,11:42 AM,WOODROFFE AVE btwn CARLINGWOOD SC & CARLING AVE (__3ZA4NKB),__3ZA4NKB,04 - At/near private drive,03 - P.D. only,05 - Turning movement,01 - Clear,01 - Daylight,01 - Dry,10 - No control,,2,0,0,0,,0,,,,,361905.5871,5025892.066,45.37064461,-75.77095195,2451
17--12287,11/25/2017,Unknown,CHAPEL ST btwn TEMPLETON ST & MANN AVE (__3ZA9VN),__3ZA9VN,01 - Non intersection,03 - P.D. only,06 - SMV unattended vehicle,01 - Clear,00 - Unknown,01 - Dry,10 - No control,,1,0,0,0,,0,,,,,369475.4412,5031676.884,45.42203675,-75.67356123,2452
17--12288,11/25/2017,12:19 PM,VANIER PKWY/CRICHTON ST @ BEECHWOOD AVE/ST. PA (0001604),1604,02 - Intersection related,03 - P.D. only,03 - Rear end,01 - Clear,01 - Daylight,01 - Dry,01 - Traffic signal,01 - Functioning,2,0,0,0,,0,,,,,369127.8528,5033487.147,45.43835685,-75.67776586,2453
17--12289,11/25/2017,12:42 PM,WOODROFFE AVE/HWY 417 WOODROFF IC127R25 @ HWY  (0002348),2348,02 - Intersection related,03 - P.D. only,03 - Rear end,01 - Clear,01 - Daylight,02 - Wet,01 - Traffic signal,01 - Functioning,4,0,0,0,,0,,,,,362180.0113,5024695.37,45.35985443,-75.76758772,2454
17--1229,1/31/2017,12:18 AM,BRAVAR DR @ LENA AVE (0009588),9588,02 - Intersection related,03 - P.D. only,07 - SMV other,01 - Clear,07 - Dark,03 - Loose snow,02 - Stop sign,01 - Functioning,1,0,0,0,,0,,,,,367596.6172,5011728.598,45.24271686,-75.70009776,2455
17--12290,11/25/2017,12:45 PM,HIGHWAY 416 btwn HWY416 IC66 RAMP62 & HWY416 IC72 RAMP24 (__3ZAZMZ),__3ZAZMZ,01 - Non intersection,03 - P.D. only,07 - SMV other,01 - Clear,01 - Daylight,01 - Dry,10 - No control,,1,0,0,0,,0,,,,,360024.7835,5017396.153,45.29434896,-75.79590961,2456
17--12291,11/25/2017,12:46 AM,BANK ST btwn ARENA PL & WHITE ALDER AVE (__3ZA29N),__3ZA29N,01 - Non intersection,03 - P.D. only,07 - SMV other,01 - Clear,07 - Dark,01 - Dry,10 - No control,,1,0,0,0,,0,,,,,375504.333,5021256.635,45.32769707,-75.59802356,2457
17--12292,11/25/2017,12:53 PM,COLONEL BY DR/SUSSEX DR @ RIDEAU ST (0007647),7647,02 - Intersection related,03 - P.D. only,04 - Sideswipe,01 - Clear,01 - Daylight,01 - Dry,01 - Traffic signal,01 - Functioning,2,0,0,0,,0,,,,,367922.0312,5032045.252,45.42549309,-75.69336188,2458
17--12293,11/25/2017,2:05 PM,O'CONNOR ST btwn GLADSTONE AVE & MCLEOD ST (__3ZA3QS),__3ZA3QS,01 - Non intersection,03 - P.D. only,04 - Sideswipe,01 - Clear,01 - Daylight,01 - Dry,10 - No control,,2,0,0,0,,0,,,,,368081.0657,5030645.192,45.41288145,-75.69150959,2459
17--12294,11/25/2017,2:07 PM,BORRISOKANE RD/TARTAN DR @ STRANDHERD DR (0010634),10634,02 - Intersection related,03 - P.D. only,03 - Rear end,02 - Rain,01 - Daylight,02 - Wet,01 - Traffic signal,01 - Functioning,2,0,0,0,,0,,,,,362292.0248,5013545.089,45.25951504,-75.76745168,2460
17--12295,11/25/2017,2:13 PM,ST. JOSEPH BLVD/OLD MONTREAL RD @ TRIM RD (0004118),4118,03 - At intersection,03 - P.D. only,03 - Rear end,02 - Rain,01 - Daylight,02 - Wet,11 - Roundabout,01 - Functioning,2,0,0,0,,0,,,,,384676.9523,5039283.682,45.4889052,-75.47810517,2461
17--12296,11/25/2017,2:26 PM,HOLLY ACRES RD btwn HWY416 IC75C RAMP24 & RICHMOND RD (__3ZA2IK),__3ZA2IK,01 - Non intersection,03 - P.D. only,03 - Rear end,01 - Clear,01 - Daylight,02 - Wet,10 - No control,,2,0,0,0,,0,,,,,358961.1966,5022792.64,45.34298969,-75.80887876,2462
17--12297,11/25/2017,2:33 PM,MAPLE GROVE RD @ TERRY FOX DR (0003177),3177,02 - Intersection related,03 - P.D. only,03 - Rear end,02 - Rain,01 - Daylight,02 - Wet,01 - Traffic signal,01 - Functioning,2,0,0,0,,0,,,,,351553.9431,5017865.133,45.29918366,-75.90385828,2463
17--12298,11/25/2017,3:10 PM,CASTLEFRANK RD @ MACNEIL CRT (0003604),3604,03 - At intersection,03 - P.D. only,05 - Turning movement,01 - Clear,01 - Daylight,01 - Dry,02 - Stop sign,00 - Unknown,2,0,0,0,,0,,,,,352550.5775,5017823.048,45.29873794,-75.89115534,2464
17--12299,11/25/2017,3:27 PM,FALLOWFIELD RD btwn KIMINI DR & SHEA RD (__3ZA42K),__3ZA42K,01 - Non intersection,03 - P.D. only,07 - SMV other,01 - Clear,01 - Daylight,01 - Dry,10 - No control,,1,0,0,0,,0,,,,,353256.4833,5010369.882,45.23162391,-75.88288229,2465
17--123,1/4/2017,3:15 PM,ST. JOSEPH BLVD @ TENTH LINE RD (0009163),9163,02 - Intersection related,03 - P.D. only,04 - Sideswipe,03 - Snow,01 - Daylight,04 - Slush,01 - Traffic signal,00 - Unknown,3,0,0,0,,0,,,,,382891.6622,5038666.453,45.48355397,-75.50103966,2466
17--1230,1/31/2017,12:22 PM,BELL ST @ POWELL AVE (0006755),6755,02 - Intersection related,03 - P.D. only,04 - Sideswipe,01 - Clear,01 - Daylight,01 - Dry,02 - Stop sign,01 - Functioning,2,0,0,0,,0,,,,,367200.1647,5029385.557,45.40162672,-75.70292246,2467
17--12300,11/25/2017,5:00 PM,STONEHENGE CRES btwn SAXONY CRES & SAXONY CRES (__3ZA7YN),__3ZA7YN,01 - Non intersection,03 - P.D. only,06 - SMV unattended vehicle,01 - Clear,07 - Dark,01 - Dry,10 - No control,,1,0,0,0,,0,,,,,375059.7288,5031361.311,45.41865885,-75.60225728,2468
17--12301,11/25/2017,5:05 PM,OTTAWA ROAD 29 btwn GALETTA SIDE RD & WALTER BRADLEY RD (__3ZAZ58),__3ZAZ58,01 - Non intersection,03 - P.D. only,07 - SMV other,01 - Clear,07 - Dark,01 - Dry,10 - No control,,1,0,0,0,,0,,,,,320187.5499,5025518.157,45.36943774,-76.3035565,2469
17--12302,11/25/2017,5:32 PM,FALLOWFIELD RD btwn HWY416 IC66 RAMP52 & HWY416 IC66 RAMP24 (__3ZAZM4),__3ZAZM4,01 - Non intersection,03 - P.D. only,03 - Rear end,02 - Rain,07 - Dark,02 - Wet,10 - No control,,2,0,0,0,,0,,,,,360172.7801,5014822.832,45.27118233,-75.79431,2470
17--12303,11/25/2017,5:38 PM,HIGHWAY 417 btwn HWY417 IC96 RAMP51 & HIGHWAY 417 (__3ZA2W3),__3ZA2W3,01 - Non intersection,03 - P.D. only,07 - SMV other,01 - Clear,07 - Dark,01 - Dry,10 - No control,,1,0,0,0,,0,,,,,387254.3259,5023859.761,45.34983586,-75.44771851,2471
17--12304,11/25/2017,6:00 PM,HIGHWAY 417 btwn HWY417 IC123 RAMP62 & HWY417 IC122 RAMP16 (__3ZA2R9),__3ZA2R9,01 - Non intersection,03 - P.D. only,03 - Rear end,02 - Rain,07 - Dark,02 - Wet,10 - No control,,2,0,0,0,,0,,,,,364873.3357,5028249.348,45.39160689,-75.73278018,2472
17--12305,11/25/2017,7:04 PM,HINCHEY AVE @ SCOTT ST (0006481),6481,02 - Intersection related,03 - P.D. only,05 - Turning movement,01 - Clear,07 - Dark,02 - Wet,02 - Stop sign,01 - Functioning,2,0,0,0,,0,,,,,365088.9973,5029810.12,45.40563184,-75.72983537,2473
17--12306,11/25/2017,8:13 AM,CAHILL DR @ CUTTS PRIV (0007082),7082,03 - At intersection,03 - P.D. only,02 - Angle,02 - Rain,01 - Daylight,02 - Wet,10 - No control,00 - Unknown,2,0,0,0,,0,,,,,372001.0641,5024836.865,45.36025497,-75.64222329,2474
17--12307,11/25/2017,9:20 AM,ST. JOSEPH BLVD @ JEANNE D'ARC BLVD (0012421),12421,03 - At intersection,03 - P.D. only,02 - Angle,02 - Rain,01 - Daylight,02 - Wet,11 - Roundabout,01 - Functioning,2,0,0,0,,0,,,,,379861.7458,5036472.25,45.46414463,-75.54012845,2475
17--12308,11/26/2017,1:30 PM,PRINCE OF WALES DR @ WEST HUNT CLUB RD (0000567),567,02 - Intersection related,03 - P.D. only,03 - Rear end,01 - Clear,01 - Daylight,01 - Dry,01 - Traffic signal,01 - Functioning,3,0,0,0,,0,,,,,367459.7136,5021890.166,45.33416177,-75.70055804,2476
17--12309,11/26/2017,1:40 AM,BANK ST @ RIVERSIDE DR N (0010778),10778,03 - At intersection,03 - P.D. only,02 - Angle,02 - Rain,07 - Dark,02 - Wet,01 - Traffic signal,01 - Functioning,2,0,0,0,,0,,,,,369226.0504,5027983.546,45.38882838,-75.67723025,2477
17--1231,1/31/2017,2:00 PM,OTTAWA RIVER PKWY WB btwn TUNNEY'S PASTURE/REMIC RAPIDS ENT & PARKDALE (__3ZA24KA),__3ZA24KA,01 - Non intersection,03 - P.D. only,03 - Rear end,01 - Clear,01 - Daylight,01 - Dry,10 - No control,,2,0,0,0,,0,,,,,363357.5917,5029600.793,45.40389534,-75.75197622,2478
17--12310,11/26/2017,10:15 AM,OGILVIE RD @ ELMRIDGE DR/JASMINE CRES N (0008801),8801,03 - At intersection,02 - Non-fatal injury,05 - Turning movement,01 - Clear,01 - Daylight,01 - Dry,01 - Traffic signal,01 - Functioning,2,0,0,0,02 - Minor,1,,1,,,375421.0646,5034060.578,45.44290893,-75.59725378,2479
17--12311,11/26/2017,10:25 AM,ALBERT ST @ BANK ST (0002115),2115,03 - At intersection,03 - P.D. only,02 - Angle,01 - Clear,01 - Daylight,01 - Dry,01 - Traffic signal,01 - Functioning,2,0,0,0,,0,,,,,367385.6954,5031423.572,45.41994761,-75.70029404,2480
17--12312,11/26/2017,10:30 PM,HIGHWAY 417 btwn HWY417 IC96 RAMP61 & HIGHWAY 417 (__3ZA271),__3ZA271,01 - Non intersection,03 - P.D. only,04 - Sideswipe,01 - Clear,07 - Dark,02 - Wet,10 - No control,,2,0,0,0,,0,,,,,387506.7777,5023866.73,45.34986884,-75.4444961,2481
17--12313,11/26/2017,10:42 PM,HIGHWAY 417 btwn HWY417 IC138 RAMP61 & HWY417 IC134 RAMP36 (__3ZA20I),__3ZA20I,01 - Non intersection,03 - P.D. only,07 - SMV other,03 - Snow,07 - Dark,03 - Loose snow,10 - No control,,1,0,0,0,,0,,,,,355879.0239,5021969.557,45.33581471,-75.84829101,2482
17--12314,11/26/2017,11:26 AM,MELANIE CRES btwn SUMNER ST & MCKITRICK DR (2) (__3ZABZ5),__3ZABZ5,01 - Non intersection,03 - P.D. only,06 - SMV unattended vehicle,01 - Clear,01 - Daylight,06 - Ice,10 - No control,,1,0,0,0,,0,,,,,352763.8595,5017195.945,45.29308059,-75.88849669,2483
17--12315,11/26/2017,11:28 AM,RIOCAN AVE btwn MARKETPLACE AVE & END (__4LZBNN),__4LZBNN,04 - At/near private drive,03 - P.D. only,02 - Angle,01 - Clear,01 - Daylight,01 - Dry,10 - No control,,2,0,0,0,,0,,,,,364332.0042,5014677.058,45.26953086,-75.74132538,2484
17--12316,11/26/2017,11:41 AM,EAGLESON RD @ COPE DR/CADENCE GT (0011923),11923,02 - Intersection related,03 - P.D. only,04 - Sideswipe,01 - Clear,01 - Daylight,01 - Dry,01 - Traffic signal,01 - Functioning,2,0,0,0,,0,,,,,354621.0543,5016027.614,45.28243847,-75.8649376,2485
17--12317,11/26/2017,11:57 AM,WOODROFFE AVE @ ALGONQUIN COLLEGE/TRANSITWAY S (0004682),4682,02 - Intersection related,02 - Non-fatal injury,03 - Rear end,01 - Clear,01 - Daylight,01 - Dry,01 - Traffic signal,01 - Functioning,4,0,0,0,02 - Minor,2,1,1,,,362822.1327,5023270.325,45.34697915,-75.75955945,2486
17--12318,11/26/2017,11:57 PM,CANEMORE CRES btwn PROULX DR & APOLLO WAY (2) (__3ZA699),__3ZA699,01 - Non intersection,03 - P.D. only,06 - SMV unattended vehicle,03 - Snow,07 - Dark,02 - Wet,10 - No control,,1,0,0,0,,0,,,,,384035.3605,5037689.013,45.47463101,-75.48656927,2487