Anom_ID,Accident_Date,Accident_Time,Location,Geo_ID,Accident_Location,Classification_of_Accident,Initial_Impact_Type,Environment_Condition,Light,Road_Surface_Condition,Traffic_Control,Traffic_Control_Condition,No__of_Vehicles,No__of_Bicycles,No__of_Motorcycles,No__of_Pedestrians,Max_Injury,No__of_Injuries,No__of_Minimal,No__of_Minor,No__of_Major,No__of_Fatal,X,Y,Latitude,Longitude,ObjectId
17--12319,11/26/2017,Unknown,LAFRAMBOISE PL btwn CHARLOTTE ST & ROCKWOOD ST (__3ZA8UI),__3ZA8UI,01 - Non intersection,03 - P.D. only,06 - SMV unattended vehicle,03 - Snow,07 - Dark,03 - Loose snow,10 - No control,,1,0,0,0,,0,,,,,368992.0318,5033256.915,45.4362978,-75.67953176,2488
17--1232,1/31/2017,2:19 PM,EVELYN AVE @ MAIN ST (0007721),7721,02 - Intersection related,03 - P.D. only,04 - Sideswipe,01 - Clear,01 - Daylight,01 - Dry,01 - Traffic signal,00 - Unknown,2,0,0,0,,0,,,,,369038.1624,5030473.025,45.41124515,-75.67930524,2489
17--12320,11/26/2017,Unknown,FLETCHER CIRC btwn Continuation of FLETCHER CIRC & Continuation of FLE (__54M2QT),__54M2QT,01 - Non intersection,03 - P.D. only,06 - SMV unattended vehicle,03 - Snow,00 - Unknown,03 - Loose snow,10 - No control,,1,0,0,0,,0,,,,,349302.312,5020058.416,45.31906571,-75.93236956,2490
17--12321,11/26/2017,Unknown,CITIPLACE DR btwn Continuation of CITIPLACE DR & Continuation of CITIP (__5Z1V7E),__5Z1V7E,01 - Non intersection,03 - P.D. only,06 - SMV unattended vehicle,03 - Snow,00 - Unknown,06 - Ice,10 - No control,,1,0,0,0,,0,,,,,366754.2896,5023504.486,45.34874978,-75.70935515,2491
17--12322,11/26/2017,Unknown,PINETRAIL CRES btwn WILDBRIAR WAY & WILDBRIAR WAY (__3ZA00Z),__3ZA00Z,01 - Non intersection,03 - P.D. only,06 - SMV unattended vehicle,01 - Clear,07 - Dark,01 - Dry,10 - No control,,1,0,0,0,,0,,,,,362855.0092,5022155.844,45.3369484,-75.75927072,2492
17--12323,11/26/2017,12:10 PM,CUMMINGS AVE btwn OGILVIE RD & LABELLE ST (__3ZA7QG),__3ZA7QG,04 - At/near private drive,03 - P.D. only,02 - Angle,01 - Clear,01 - Daylight,01 - Dry,10 - No control,,2,0,0,0,,0,,,,,372843.369,5031961.221,45.42427561,-75.6304906,2493
17--12324,11/26/2017,12:30 PM,ISLAND PARK DR @ SCOTT ST (0002126),2126,02 - Intersection related,03 - P.D. only,01 - Approaching,01 - Clear,01 - Daylight,01 - Dry,01 - Traffic signal,01 - Functioning,4,0,0,0,,0,,,,,363833.6895,5029040.554,45.39881443,-75.74596206,2494
17--12325,11/26/2017,12:35 AM,BAYSHORE DR @ WOODRIDGE CRES N (0001209),1209,02 - Intersection related,03 - P.D. only,03 - Rear end,03 - Snow,07 - Dark,02 - Wet,01 - Traffic signal,01 - Functioning,2,0,0,0,,0,,,,,359074.5432,5023875.078,45.35272073,-75.80731373,2495
17--12326,11/26/2017,12:37 AM,ISLAND PARK DR @ SCOTT ST (0002126),2126,02 - Intersection related,03 - P.D. only,02 - Angle,01 - Clear,07 - Dark,01 - Dry,01 - Traffic signal,01 - Functioning,2,0,0,0,,0,,,,,363833.6895,5029040.553,45.39881442,-75.74596206,2496
17--12327,11/26/2017,12:59 PM,HIGHCROFT DR @ MANOTICK MAIN ST (0008830),8830,03 - At intersection,02 - Non-fatal injury,05 - Turning movement,01 - Clear,01 - Daylight,01 - Dry,02 - Stop sign,00 - Unknown,3,0,0,0,02 - Minor,1,,1,,,368615.7072,5009989.063,45.22697297,-75.68734105,2497
17--12328,11/26/2017,2:00 AM,EARL ARMSTRONG RD btwn BOWESVILLE RD & HIGH RD (__3ZA7ZZ),__3ZA7ZZ,01 - Non intersection,03 - P.D. only,07 - SMV other,03 - Snow,07 - Dark,03 - Loose snow,10 - No control,,1,0,0,0,,0,,,,,372906.5205,5017671.654,45.29569738,-75.63165275,2498
17--12329,11/26/2017,2:04 AM,O'CONNOR ST btwn FIFTH AVE & HOLMWOOD AVE (__3ZA91F),__3ZA91F,01 - Non intersection,03 - P.D. only,04 - Sideswipe,01 - Clear,07 - Dark,02 - Wet,10 - No control,,2,0,0,0,,0,,,,,368740.6513,5029484.612,45.40237898,-75.68323398,2499
17--1233,1/31/2017,2:50 PM,CATHERINE ST/HWY 417 O'CONN IC119BR76 @ O'CONN (0001697),1697,02 - Intersection related,03 - P.D. only,03 - Rear end,01 - Clear,01 - Daylight,01 - Dry,01 - Traffic signal,01 - Functioning,2,0,0,0,,0,,,,,368242.0717,5030392.018,45.4105889,-75.68948534,2500
17--12330,11/26/2017,2:41 PM,ABBOTT ST @ IBER RD (0010542),10542,02 - Intersection related,03 - P.D. only,03 - Rear end,02 - Rain,01 - Daylight,02 - Wet,10 - No control,,2,0,0,0,,0,,,,,351979.7476,5014877.734,45.27227375,-75.89871337,2501
17--12600,11/30/2017,4:10 PM,ISABELLA ST/HWY417 IC119AR75 @ METCALFE ST (0011380),11380,03 - At intersection,03 - P.D. only,04 - Sideswipe,03 - Snow,05 - Dusk,02 - Wet,01 - Traffic signal,01 - Functioning,2,0,0,0,,0,,,,,368449.041,5030398.227,45.41062597,-75.68684064,2502
17--11970,11/19/2017,1:20 AM,HIGHWAY 417 btwn HWY417 IC122 RAMP15 & HWY417 IC121B RAMP51 (__3ZA2RB),__3ZA2RB,01 - Non intersection,03 - P.D. only,07 - SMV other,04 - Freezing Rain,07 - Dark,06 - Ice,10 - No control,,1,0,0,0,,0,,,,,365795.0439,5029177.542,45.39987889,-75.72089502,2503
17--12331,11/26/2017,3:03 PM,JEANNE D'ARC BLVD @ ORLEANS BLVD S (0004154),4154,02 - Intersection related,03 - P.D. only,03 - Rear end,01 - Clear,01 - Daylight,01 - Dry,01 - Traffic signal,01 - Functioning,2,0,0,0,,0,,,,,380941.079,5036251.249,45.46203943,-75.52636242,2504
17--12601,11/30/2017,4:19 PM,FINDLAY AVE @ TORRINGTON PL (0007562),7562,03 - At intersection,03 - P.D. only,02 - Angle,02 - Rain,05 - Dusk,02 - Wet,02 - Stop sign,01 - Functioning,2,0,0,0,,0,,,,,367934.0407,5028790.887,45.39621026,-75.69362524,2505
17--11971,11/19/2017,1:24 PM,ROGER STEVENS DR btwn MALAKOFF RD & MCCORDICK RD (__3ZA4KW),__3ZA4KW,01 - Non intersection,03 - P.D. only,07 - SMV other,03 - Snow,01 - Daylight,03 - Loose snow,10 - No control,,1,0,0,0,,0,,,,,363413.7575,4997184.851,45.1122103,-75.75508262,2506
17--12332,11/26/2017,3:11 PM,CASTLEFRANK RD @ KATIMAVIK RD (0003228),3228,02 - Intersection related,03 - P.D. only,03 - Rear end,01 - Clear,01 - Daylight,01 - Dry,01 - Traffic signal,01 - Functioning,2,0,0,0,,0,,,,,351950.1185,5018943.516,45.30886075,-75.8987045,2507
17--12333,11/26/2017,3:12 PM,FOXVIEW PL btwn BRUNEL ST & MONTREAL RD (__3ZA166),__3ZA166,01 - Non intersection,03 - P.D. only,07 - SMV other,01 - Clear,01 - Daylight,01 - Dry,10 - No control,,1,0,0,0,,0,,,,,372802.278,5034683.919,45.44877708,-75.63063952,2508
17--12334,11/26/2017,3:28 PM,EAGLESON RD @ FERNBANK RD (0011846),11846,03 - At intersection,02 - Non-fatal injury,05 - Turning movement,01 - Clear,01 - Daylight,02 - Wet,01 - Traffic signal,01 - Functioning,2,0,0,0,02 - Minor,2,,2,,,354798.9638,5015586.756,45.2784589,-75.86271437,2509
17--12335,11/26/2017,4:52 AM,AQUAVIEW DR/LAKERIDGE DR @ BRIAN COBURN BLVD (0013114),13114,02 - Intersection related,03 - P.D. only,07 - SMV other,03 - Snow,07 - Dark,06 - Ice,02 - Stop sign,01 - Functioning,1,0,0,0,,0,,,,,384775.7572,5035179.377,45.45196727,-75.4775093,2510
17--12336,11/26/2017,5:30 PM,WALKLEY RD btwn HALIFAX DR & ST. LAURENT BLVD (__3ZA2EL),__3ZA2EL,01 - Non intersection,03 - P.D. only,03 - Rear end,03 - Snow,07 - Dark,03 - Loose snow,10 - No control,,2,0,0,0,,0,,,,,373781.6048,5027977.975,45.38834439,-75.61905982,2511
17--12420,11/27/2017,3:08 PM,CRAIG HENRY DR @ KNOXDALE RD (0000590),590,02 - Intersection related,03 - P.D. only,03 - Rear end,03 - Snow,01 - Daylight,05 - Packed snow,01 - Traffic signal,01 - Functioning,2,0,0,0,,0,,,,,363118.3601,5021654.822,45.3324184,-75.75596992,2512
17--12337,11/26/2017,5:48 PM,CHURCHILL AVE @ CLARE ST/PRINCETON AVE (0006255),6255,02 - Intersection related,03 - P.D. only,07 - SMV other,03 - Snow,07 - Dark,06 - Ice,01 - Traffic signal,01 - Functioning,1,0,0,0,,0,,,,,363461.6873,5027750.88,45.38724142,-75.75086658,2513
17--12338,11/26/2017,5:51 PM,WOODROFFE AVE btwn ELDER ST & SAUNDERS AVE (__3ZA4LI),__3ZA4LI,01 - Non intersection,02 - Non-fatal injury,01 - Approaching,03 - Snow,07 - Dark,03 - Loose snow,10 - No control,,2,0,0,0,02 - Minor,2,,2,,,361476.7011,5026896.835,45.37972025,-75.77631164,2514
17--12339,11/26/2017,5:53 PM,HIGHWAY 417 btwn HWY417 IC113 RAMP85 & HWY417 IC112 RAMP54 (__3ZA287),__3ZA287,01 - Non intersection,03 - P.D. only,03 - Rear end,03 - Snow,07 - Dark,03 - Loose snow,10 - No control,,2,0,0,0,,0,,,,,374113.0063,5031468.551,45.41971817,-75.61433747,2515
17--1234,1/31/2017,3:19 AM,ST. LAURENT BLVD btwn MUTUAL ST & MCARTHUR AVE (__3ZA3XM),__3ZA3XM,04 - At/near private drive,03 - P.D. only,04 - Sideswipe,01 - Clear,07 - Dark,01 - Dry,10 - No control,,2,0,0,0,,0,,,,,371910.76,5032919.515,45.43298799,-75.64227624,2516
17--12340,11/26/2017,6:11 PM,PAUL METIVIER DR btwn LEAMINGTON WAY & LONGFIELDS DR (__7JQ6CT),__7JQ6CT,01 - Non intersection,03 - P.D. only,06 - SMV unattended vehicle,03 - Snow,07 - Dark,03 - Loose snow,10 - No control,,1,0,0,0,,0,,,,,365122.752,5014257.913,45.26569201,-75.73129992,2517
17--12341,11/26/2017,6:15 PM,BASELINE RD @ CENTREPOINTE DR E/HIGHGATE RD (0011468),11468,02 - Intersection related,03 - P.D. only,03 - Rear end,03 - Snow,07 - Dark,03 - Loose snow,01 - Traffic signal,01 - Functioning,2,0,0,0,,0,,,,,362061.3522,5023466.843,45.34880993,-75.76924448,2518
17--12342,11/26/2017,6:15 PM,KING EDWARD AVE @ RIDEAU ST (0002121),2121,03 - At intersection,03 - P.D. only,05 - Turning movement,03 - Snow,07 - Dark,03 - Loose snow,01 - Traffic signal,01 - Functioning,2,0,0,0,,0,,,,,368511.3728,5032413.589,45.42875382,-75.68578378,2519
17--12343,11/26/2017,6:16 PM,FALLOWFIELD RD @ RICHMOND RD (0000634),634,03 - At intersection,03 - P.D. only,02 - Angle,03 - Snow,07 - Dark,03 - Loose snow,01 - Traffic signal,01 - Functioning,2,0,0,0,,0,,,,,357720.6323,5013529.416,45.25973274,-75.82569661,2520
17--12344,11/26/2017,6:18 PM,BEN ST @ COTE ST (0007803),7803,02 - Intersection related,03 - P.D. only,07 - SMV other,03 - Snow,07 - Dark,03 - Loose snow,03 - Yield sign,00 - Unknown,1,0,0,0,,0,,,,,371535.3797,5033195.932,45.43551099,-75.64703587,2521
17--12345,11/26/2017,6:19 PM,FALLOWFIELD RD btwn EAGLESON RD & RICHMOND RD (__3ZA4Y2),__3ZA4Y2,01 - Non intersection,03 - P.D. only,07 - SMV other,03 - Snow,07 - Dark,03 - Loose snow,10 - No control,,1,0,0,0,,0,,,,,356421.3568,5012777.006,45.25305892,-75.84232875,2522
17--12346,11/26/2017,6:20 PM,RUSSELL AVE btwn OSGOODE ST & SOMERSET ST E (__3ZA8HH),__3ZA8HH,01 - Non intersection,03 - P.D. only,06 - SMV unattended vehicle,03 - Snow,07 - Dark,05 - Packed snow,10 - No control,,1,0,0,0,,0,,,,,369175.2382,5031992.467,45.42490394,-75.67735566,2523
17--12347,11/26/2017,6:20 PM,HIGHWAY 417 btwn HWY417 IC115 RAMP61 & REGIONAL ROAD 174 (__3ZA2XG),__3ZA2XG,01 - Non intersection,03 - P.D. only,03 - Rear end,04 - Freezing Rain,07 - Dark,06 - Ice,10 - No control,,2,0,0,0,,0,,,,,373141.0311,5031668.364,45.42161161,-75.62672792,2524
17--12348,11/26/2017,6:30 PM,CLARKE AVE @ ST. LAURENT BLVD (0007702),7702,02 - Intersection related,03 - P.D. only,03 - Rear end,03 - Snow,07 - Dark,02 - Wet,01 - Traffic signal,01 - Functioning,2,0,0,0,,0,,,,,371733.718,5033352.921,45.43690454,-75.64447979,2525
17--12349,11/26/2017,6:30 PM,BOUNDARY RD btwn PANA RD & CARTWRIGHT RD (__3ZA3XE),__3ZA3XE,01 - Non intersection,03 - P.D. only,07 - SMV other,03 - Snow,07 - Dark,06 - Ice,10 - No control,,1,0,0,0,,0,,,,,390227.988,5016379.012,45.28217493,-75.41106541,2526
17--1235,1/31/2017,3:20 PM,HIGHWAY 417 btwn HWY417 IC119A RAMP75 & HWY417 IC118 RAMP57 (__3ZA2R2),__3ZA2R2,01 - Non intersection,03 - P.D. only,03 - Rear end,01 - Clear,01 - Daylight,01 - Dry,10 - No control,,2,0,0,0,,0,,,,,369002.967,5030737.04,45.41362389,-75.67972045,2527
17--12350,11/26/2017,6:30 PM,HWY416 IC75A RAMP43 btwn HWY416 IC75A RAMP63 & HIGHWAY 416 (__3ZAY4X),__3ZAY4X,01 - Non intersection,03 - P.D. only,07 - SMV other,03 - Snow,07 - Dark,04 - Slush,10 - No control,,1,0,0,0,,0,,,,,358553.3268,5022023.942,45.33610429,-75.8141665,2528
17--12351,11/26/2017,6:31 PM,INNES RD @ TRIM RD (0012870),12870,02 - Intersection related,03 - P.D. only,03 - Rear end,03 - Snow,07 - Dark,02 - Wet,01 - Traffic signal,01 - Functioning,2,0,0,0,,0,,,,,386567.7754,5037274.225,45.47060723,-75.45425372,2529
17--12352,11/26/2017,6:37 PM,PALLADIUM DR @ SILVER SEVEN RD (0011839),11839,02 - Intersection related,03 - P.D. only,07 - SMV other,03 - Snow,07 - Dark,05 - Packed snow,01 - Traffic signal,01 - Functioning,1,0,0,0,,0,,,,,351052.611,5017887.447,45.29941764,-75.91024815,2530
17--12353,11/26/2017,6:40 PM,PRESTON ST @ ST. ANTHONY ST (0002165),2165,03 - At intersection,03 - P.D. only,02 - Angle,03 - Snow,07 - Dark,04 - Slush,02 - Stop sign,00 - Unknown,2,0,0,0,,0,,,,,366556.0353,5029561.564,45.40326751,-75.71112751,2531
17--12354,11/26/2017,6:40 PM,HIGHWAY 417 btwn HWY417 IC122 RAMP61 & HWY417 IC121B RAMP16 (__3ZA2Y4),__3ZA2Y4,01 - Non intersection,03 - P.D. only,07 - SMV other,05 - Drifting Snow,07 - Dark,03 - Loose snow,10 - No control,,1,0,0,0,,0,,,,,366470.8084,5029501.452,45.40273415,-75.71222362,2532
17--12355,11/26/2017,6:41 PM,RIVER RD @ RIVERSEDGE CRES (0013680),13680,02 - Intersection related,03 - P.D. only,07 - SMV other,05 - Drifting Snow,07 - Dark,03 - Loose snow,02 - Stop sign,01 - Functioning,1,0,0,0,,0,,,,,368003.709,5015872.075,45.27996311,-75.69438562,2533
17--12356,11/26/2017,6:48 PM,CLARENCE ST @ COBOURG ST (0007621),7621,02 - Intersection related,03 - P.D. only,07 - SMV other,03 - Snow,07 - Dark,06 - Ice,02 - Stop sign,01 - Functioning,1,0,0,0,,0,,,,,368949.375,5033057.26,45.4345053,-75.68010293,2534
17--12357,11/26/2017,6:49 PM,RUSSELL RD btwn HERBERT DR & FORCED RD (__3ZA3KB),__3ZA3KB,01 - Non intersection,03 - P.D. only,07 - SMV other,03 - Snow,07 - Dark,03 - Loose snow,10 - No control,,1,0,0,0,,0,,,,,395296.366,5027573.077,45.38225232,-75.344426,2535
17--12358,11/26/2017,6:49 PM,RIVERSIDE DR @ SMYTH RD SOUTH SIDE RAMP (0011480),11480,03 - At intersection,03 - P.D. only,02 - Angle,03 - Snow,07 - Dark,06 - Ice,01 - Traffic signal,00 - Unknown,2,0,0,0,,0,,,,,369789.0634,5028998.247,45.3979063,-75.66990725,2536
17--12359,11/26/2017,6:51 PM,CAMPEAU DR @ KANATA AVE (0012003),12003,02 - Intersection related,03 - P.D. only,03 - Rear end,03 - Snow,07 - Dark,03 - Loose snow,01 - Traffic signal,01 - Functioning,2,0,0,0,,0,,,,,350595.8704,5019401.275,45.31306939,-75.91593172,2537
17--1236,1/31/2017,3:31 AM,CLAYMOR AVE @ MEADOWLANDS DR (0003184),3184,02 - Intersection related,03 - P.D. only,07 - SMV other,01 - Clear,07 - Dark,01 - Dry,01 - Traffic signal,01 - Functioning,1,0,0,0,,0,,,,,366921.2481,5025323.339,45.36510068,-75.7069961,2538
17--12360,11/26/2017,6:51 PM,HIGHWAY 417 btwn HWY417 IC124 RAMP76 & HWY417 IC124 RAMP67 (__3ZA2R7),__3ZA2R7,01 - Non intersection,03 - P.D. only,04 - Sideswipe,03 - Snow,07 - Dark,03 - Loose snow,10 - No control,,2,0,0,0,,0,,,,,364477.3418,5027598.494,45.38578448,-75.73791583,2539
17--12361,11/26/2017,6:56 AM,KLONDIKE RD @ MARCH RD (0003096),3096,02 - Intersection related,02 - Non-fatal injury,07 - SMV other,01 - Clear,03 - Dawn,06 - Ice,01 - Traffic signal,01 - Functioning,1,0,0,0,02 - Minor,1,,1,,,349263.9743,5024060.283,45.35507794,-75.93249894,2540
17--12362,11/26/2017,6:56 PM,HIGHWAY 417 btwn HWY417 IC112 RAMP66 & HWY417 IC113 RAMP65 (__3ZA284),__3ZA284,01 - Non intersection,03 - P.D. only,03 - Rear end,03 - Snow,07 - Dark,04 - Slush,10 - No control,,3,0,0,0,,0,,,,,374184.0771,5031393.05,45.41903181,-75.61344009,2541
17--12363,11/26/2017,6:58 PM,INDUSTRIAL AVE @ ALTA VISTA DR/SANDFORD FLEMIN (0006979),6979,03 - At intersection,03 - P.D. only,05 - Turning movement,03 - Snow,07 - Dark,03 - Loose snow,01 - Traffic signal,01 - Functioning,2,0,0,0,,0,,,,,370883.7205,5030558.239,45.41184003,-75.65571785,2542
17--12364,11/26/2017,7:00 PM,HIGHWAY 417 btwn HWY417 IC112 RAMP66 & HWY417 IC113 RAMP65 (__3ZA284),__3ZA284,01 - Non intersection,03 - P.D. only,07 - SMV other,03 - Snow,07 - Dark,03 - Loose snow,10 - No control,,1,0,0,0,,0,,,,,374139.1207,5031583.434,45.42074924,-75.61398766,2543
17--12365,11/26/2017,7:07 PM,CYRVILLE RD @ INNES RD (0009352),9352,02 - Intersection related,03 - P.D. only,03 - Rear end,03 - Snow,07 - Dark,05 - Packed snow,01 - Traffic signal,01 - Functioning,2,0,0,0,,0,,,,,375046.7214,5031118.895,45.41647903,-75.60245802,2544
17--12366,11/26/2017,7:14 PM,ALBION RD @ HEATHERINGTON RD (0011316),11316,02 - Intersection related,03 - P.D. only,03 - Rear end,03 - Snow,07 - Dark,06 - Ice,02 - Stop sign,01 - Functioning,2,0,0,0,,0,,,,,371119.8075,5026147.376,45.37213043,-75.65329479,2545
17--12367,11/26/2017,7:15 PM,HOLLAND AVE @ WELLINGTON ST (0002364),2364,02 - Intersection related,03 - P.D. only,02 - Angle,03 - Snow,07 - Dark,05 - Packed snow,01 - Traffic signal,01 - Functioning,2,0,0,0,,0,,,,,364930.7047,5029152.886,45.39973181,-75.73193744,2546
17--12368,11/26/2017,7:20 PM,LUMBERMAN WAY @ ORLEANS BLVD (0004359),4359,02 - Intersection related,03 - P.D. only,03 - Rear end,03 - Snow,07 - Dark,03 - Loose snow,02 - Stop sign,01 - Functioning,3,0,0,0,,0,,,,,380451.4002,5037241.595,45.47100297,-75.53247075,2547
17--12369,11/26/2017,7:21 PM,MAITLAND AVE @ WOODWARD DR (0003185),3185,03 - At intersection,03 - P.D. only,02 - Angle,03 - Snow,07 - Dark,05 - Packed snow,01 - Traffic signal,01 - Functioning,2,0,0,0,,0,,,,,363272.6913,5025662.527,45.36846651,-75.75352722,2548
17--1237,1/31/2017,3:36 PM,MAJESTIC DR @ WOODROFFE AVE (0000562),562,02 - Intersection related,03 - P.D. only,04 - Sideswipe,01 - Clear,01 - Daylight,01 - Dry,01 - Traffic signal,00 - Unknown,2,0,0,0,,0,,,,,363527.147,5021570.946,45.3316296,-75.75076499,2549
17--12370,11/26/2017,7:25 PM,HIGHWAY 417 btwn HWY417 IC112 RAMP66 & HWY417 IC113 RAMP65 (__3ZA284),__3ZA284,01 - Non intersection,03 - P.D. only,03 - Rear end,03 - Snow,07 - Dark,03 - Loose snow,10 - No control,,2,0,0,0,,0,,,,,374194.6604,5031331.667,45.41847846,-75.61331352,2550
17--12371,11/26/2017,7:26 PM,FIFTH AVE/CRAIG ST @ PERCY ST (0007591),7591,02 - Intersection related,03 - P.D. only,02 - Angle,03 - Snow,07 - Dark,03 - Loose snow,02 - Stop sign,01 - Functioning,2,0,0,0,,0,,,,,367965.8704,5029141.812,45.39936491,-75.6931738,2551
17--12372,11/26/2017,7:26 PM,CYRVILLE RD @ ST. LAURENT BLVD (0002647),2647,02 - Intersection related,03 - P.D. only,05 - Turning movement,03 - Snow,07 - Dark,04 - Slush,01 - Traffic signal,00 - Unknown,2,0,0,0,,0,,,,,372242.0553,5032111.58,45.4256867,-75.63815318,2552
17--12373,11/26/2017,7:30 PM,HIGHWAY 417 btwn HWY417 IC115 RAMP36 & HWY417 IC115 RAMP26 (__3ZA2R4),__3ZA2R4,01 - Non intersection,03 - P.D. only,03 - Rear end,03 - Snow,07 - Dark,03 - Loose snow,10 - No control,,2,0,0,0,,0,,,,,372292.1322,5031503.561,45.4202112,-75.63759661,2553
17--12374,11/26/2017,7:31 PM,MONTREAL RD btwn ELWOOD ST & BECKENHAM LANE (__3ZA2DY),__3ZA2DY,01 - Non intersection,03 - P.D. only,03 - Rear end,03 - Snow,07 - Dark,03 - Loose snow,10 - No control,,3,0,0,0,,0,,,,,374478.3855,5034386.979,45.44594029,-75.60925631,2554
17--12375,11/26/2017,7:34 PM,CARP RD @ HAZELDEAN RD (0000086),86,02 - Intersection related,03 - P.D. only,07 - SMV other,03 - Snow,07 - Dark,06 - Ice,01 - Traffic signal,00 - Unknown,1,0,0,0,,0,,,,,348805.5792,5014360.436,45.26782471,-75.93921067,2555
17--12376,11/26/2017,7:35 PM,CHURCHILL AVE   N btwn DOVERCOURT AVE & WESTHILL AVE (__3ZA4NU),__3ZA4NU,01 - Non intersection,03 - P.D. only,03 - Rear end,03 - Snow,07 - Dark,03 - Loose snow,10 - No control,,2,0,0,0,,0,,,,,363623.9671,5027376.454,45.38385879,-75.748839,2556
17--12377,11/26/2017,7:40 PM,MONTREAL RD @ OGILVIE RD (0009279),9279,02 - Intersection related,03 - P.D. only,01 - Approaching,03 - Snow,07 - Dark,06 - Ice,01 - Traffic signal,01 - Functioning,2,0,0,0,,0,,,,,375654.4006,5034555.917,45.44734208,-75.5942001,2557
17--12378,11/26/2017,7:41 PM,GREENBANK RD btwn WEST HUNT CLUB RD & FALLOWFIELD RD (__3ZA1NE),__3ZA1NE,01 - Non intersection,03 - P.D. only,07 - SMV other,03 - Snow,07 - Dark,03 - Loose snow,10 - No control,,1,0,0,0,,0,,,,,362886.9031,5017193.465,45.2922944,-75.75944563,2558
17--12379,11/26/2017,7:45 PM,ST. LAURENT BLVD @ COVENTRY RD/OGILVIE RD (0002151),2151,02 - Intersection related,03 - P.D. only,03 - Rear end,03 - Snow,07 - Dark,03 - Loose snow,01 - Traffic signal,01 - Functioning,2,0,0,0,,0,,,,,372304.7728,5031950.865,45.42423461,-75.63737382,2559
17--1238,1/31/2017,3:55 AM,BLACKBURN BYPASS WB btwn NAVAN RD & 1700 W OF NAVAN RD (__3ZA3J5B),__3ZA3J5B,01 - Non intersection,03 - P.D. only,07 - SMV other,01 - Clear,07 - Dark,01 - Dry,10 - No control,,1,0,0,0,,0,,,,,379542.8671,5033207.101,45.43480142,-75.54470171,2560
17--12380,11/26/2017,7:50 PM,FERNBANK RD @ STITTSVILLE MAIN ST (0000084),84,02 - Intersection related,02 - Non-fatal injury,03 - Rear end,03 - Snow,07 - Dark,05 - Packed snow,01 - Traffic signal,01 - Functioning,2,0,0,0,02 - Minor,2,,2,,,350935.5356,5012162.587,45.24791122,-75.91227284,2561
17--12381,11/26/2017,7:50 PM,DONALD B. MUNRO DR btwn VAUGHAN SIDE RD & DIAMONDVIEW RD (__3ZAC9H),__3ZAC9H,01 - Non intersection,03 - P.D. only,07 - SMV other,03 - Snow,07 - Dark,03 - Loose snow,10 - No control,,1,0,0,0,,0,,,,,337679.1303,5021758.681,45.33500605,-76.08050653,2562
17--12382,11/26/2017,7:52 AM,RICHARDSON SIDE RD @ TERRY FOX DR (0013651),13651,03 - At intersection,03 - P.D. only,02 - Angle,01 - Clear,01 - Daylight,01 - Dry,01 - Traffic signal,01 - Functioning,2,0,0,0,,0,,,,,348803.086,5019506.072,45.31412702,-75.93878598,2563
17--12383,11/26/2017,7:53 PM,BRONSON AVE btwn BREWER WAY & RIVERSIDE DR RAMPS 34B & 42A-3 (__3ZA3BR),__3ZA3BR,01 - Non intersection,03 - P.D. only,04 - Sideswipe,03 - Snow,07 - Dark,03 - Loose snow,10 - No control,,2,0,0,0,,0,,,,,368206.3715,5027585.165,45.38533692,-75.69030219,2564
17--12384,11/26/2017,7:57 PM,FINDLAY AVE @ TORRINGTON PL (0007562),7562,03 - At intersection,03 - P.D. only,02 - Angle,03 - Snow,07 - Dark,05 - Packed snow,02 - Stop sign,01 - Functioning,2,0,0,0,,0,,,,,367933.3718,5028788.212,45.39618625,-75.69363412,2565
17--12385,11/26/2017,8:00 PM,CIMARRON CRES btwn Continuation of CIMARRON CRES & Continuation of CIM (__3ZA509),__3ZA509,04 - At/near private drive,03 - P.D. only,06 - SMV unattended vehicle,03 - Snow,07 - Dark,03 - Loose snow,10 - No control,,1,0,0,0,,0,,,,,361844.6187,5022886.153,45.34360257,-75.77207713,2566
17--12386,11/26/2017,8:05 PM,ANDERSON RD @ EIGHTH LINE RD (0003632),3632,02 - Intersection related,03 - P.D. only,07 - SMV other,03 - Snow,07 - Dark,03 - Loose snow,02 - Stop sign,01 - Functioning,1,0,0,0,,0,,,,,381251.1085,5022942.836,45.34226604,-75.52446165,2567
17--12387,11/26/2017,8:28 PM,INDUSTRIAL AVE @ RUSSELL RD (0007732),7732,03 - At intersection,02 - Non-fatal injury,05 - Turning movement,03 - Snow,07 - Dark,03 - Loose snow,01 - Traffic signal,01 - Functioning,3,0,0,0,02 - Minor,2,,2,,,372466.7319,5030280.891,45.40919331,-75.63553374,2568
17--12388,11/26/2017,8:44 AM,DONALD ST @ ST. LAURENT BLVD (0008630),8630,03 - At intersection,03 - P.D. only,02 - Angle,01 - Clear,01 - Daylight,01 - Dry,01 - Traffic signal,01 - Functioning,2,0,0,0,,0,,,,,372094.0474,5032472.585,45.42894911,-75.63999504,2569
17--12389,11/26/2017,8:48 PM,GRASSY PLAINS DR btwn GRANITE CRT & SUNNYBROOKE DR (__3ZA1CJ),__3ZA1CJ,01 - Non intersection,03 - P.D. only,06 - SMV unattended vehicle,03 - Snow,07 - Dark,03 - Loose snow,10 - No control,,1,0,0,0,,0,,,,,355345.2346,5015615.726,45.27868052,-75.8557491,2570