Anom_ID,Accident_Date,Accident_Time,Location,Geo_ID,Accident_Location,Classification_of_Accident,Initial_Impact_Type,Environment_Condition,Light,Road_Surface_Condition,Traffic_Control,Traffic_Control_Condition,No__of_Vehicles,No__of_Bicycles,No__of_Motorcycles,No__of_Pedestrians,Max_Injury,No__of_Injuries,No__of_Minimal,No__of_Minor,No__of_Major,No__of_Fatal,X,Y,Latitude,Longitude,ObjectId
17--1239,1/31/2017,4:02 PM,MONTREAL RD @ OGILVIE RD (0009279),9279,02 - Intersection related,03 - P.D. only,04 - Sideswipe,01 - Clear,01 - Daylight,01 - Dry,01 - Traffic signal,00 - Unknown,2,0,0,0,,0,,,,,375654.4842,5034555.416,45.44733756,-75.59419911,2571
17--12390,11/26/2017,8:55 AM,HIGHWAY 417 btwn HWY417 IC123 RAMP62 & HWY417 IC122 RAMP16 (__3ZA2R9),__3ZA2R9,01 - Non intersection,03 - P.D. only,07 - SMV other,01 - Clear,01 - Daylight,01 - Dry,10 - No control,,1,0,0,0,,0,,,,,365136.2262,5028715.439,45.39577808,-75.72936601,2572
17--12391,11/26/2017,8:55 PM,BANNER RD @ GREENBANK RD (0000644),644,02 - Intersection related,02 - Non-fatal injury,07 - SMV other,03 - Snow,07 - Dark,05 - Packed snow,01 - Traffic signal,01 - Functioning,1,0,0,0,01 - Minimal,1,1,,,,361022.1505,5021565.775,45.33178823,-75.78272149,2573
17--12392,11/26/2017,9:00 PM,CUMMINGS AVE @ DONALD ST (0009936),9936,03 - At intersection,03 - P.D. only,02 - Angle,05 - Drifting Snow,07 - Dark,06 - Ice,01 - Traffic signal,01 - Functioning,2,0,0,0,,0,,,,,372649.7186,5032410.91,45.42834051,-75.63290298,2574
17--12393,11/26/2017,9:00 PM,LAVERGNE ST btwn MICHEL CIRC & DES PERES BLANCS AVE (__3ZBOVF),__3ZBOVF,01 - Non intersection,03 - P.D. only,06 - SMV unattended vehicle,03 - Snow,07 - Dark,02 - Wet,10 - No control,,1,0,0,0,,0,,,,,370113.2234,5033998.428,45.44286579,-75.66510441,2575
17--12394,11/26/2017,9:00 PM,HIGHWAY 417 btwn HWY417 IC144 RAMP25 & HWY417 IC142 RAMP51 (__3ZA20J),__3ZA20J,01 - Non intersection,03 - P.D. only,07 - SMV other,03 - Snow,07 - Dark,04 - Slush,10 - No control,,1,0,0,0,,0,,,,,348228.9293,5016558.627,45.28764069,-75.9463666,2576
17--12395,11/26/2017,9:00 PM,HIGHWAY 417 btwn HWY417 IC118 RAMP35 & HWY417 IC117 RAMP51 (__3ZA2YP),__3ZA2YP,01 - Non intersection,03 - P.D. only,03 - Rear end,04 - Freezing Rain,07 - Dark,06 - Ice,10 - No control,,2,0,0,0,,0,,,,,369813.8078,5031134.531,45.4171255,-75.66930952,2577
17--12396,11/26/2017,9:20 AM,HIGHWAY 417 btwn HWY417 IC122 RAMP61 & HWY417 IC121B RAMP16 (__3ZA2Y4),__3ZA2Y4,01 - Non intersection,03 - P.D. only,03 - Rear end,01 - Clear,01 - Daylight,01 - Dry,10 - No control,,2,0,0,0,,0,,,,,365813.1376,5029209.47,45.40016459,-75.72065997,2578
17--12397,11/26/2017,9:31 PM,WEST HUNT CLUB RD @ WOODROFFE AVE (0000576),576,02 - Intersection related,03 - P.D. only,03 - Rear end,03 - Snow,07 - Dark,03 - Loose snow,01 - Traffic signal,01 - Functioning,2,0,0,0,,0,,,,,363671.0255,5021246.489,45.3286981,-75.74896814,2579
17--12398,11/26/2017,9:33 PM,MOODIE DR btwn MCKENNA CASEY DR & CAMBRIAN RD (__3ZA4YZ),__3ZA4YZ,01 - Non intersection,03 - P.D. only,07 - SMV other,03 - Snow,07 - Dark,03 - Loose snow,10 - No control,,1,0,0,0,,0,,,,,360718.728,5011780.444,45.24376335,-75.78769515,2580
17--12399,11/26/2017,9:37 PM,RIVERSIDE DR RAMP 34 @ RIVERSIDE DR (0010857),10857,02 - Intersection related,03 - P.D. only,02 - Angle,03 - Snow,07 - Dark,04 - Slush,03 - Yield sign,01 - Functioning,3,0,0,0,,0,,,,,368338.6588,5027182.607,45.38170283,-75.68866487,2581
17--124,1/4/2017,3:21 PM,KITCHENER AVE @ BANK ST (0011963),11963,02 - Intersection related,02 - Non-fatal injury,03 - Rear end,05 - Drifting Snow,01 - Daylight,03 - Loose snow,01 - Traffic signal,01 - Functioning,2,0,0,0,01 - Minimal,1,1,,,,370540.0177,5025497.397,45.36633675,-75.66078267,2582
17--1240,1/31/2017,4:03 PM,BLAIR PL btwn OGILVIE RD & END (__3ZA4B6),__3ZA4B6,04 - At/near private drive,03 - P.D. only,02 - Angle,01 - Clear,01 - Daylight,01 - Dry,10 - No control,,2,0,0,0,,0,,,,,374846.6456,5033252.086,45.43569237,-75.60471071,2583
17--12400,11/26/2017,9:49 PM,BOWHILL AVE @ OVERLAKE DR (0001946),1946,02 - Intersection related,03 - P.D. only,02 - Angle,03 - Snow,07 - Dark,05 - Packed snow,10 - No control,00 - Unknown,2,0,0,0,,0,,,,,365252.3629,5023584.838,45.34960384,-75.72851076,2584
17--12401,11/27/2017,1:00 PM,CASTLEFRANK RD @ HAZELDEAN RD (0003608),3608,02 - Intersection related,03 - P.D. only,03 - Rear end,01 - Clear,01 - Daylight,01 - Dry,01 - Traffic signal,01 - Functioning,2,0,0,0,,0,,,,,352677.5437,5017676.769,45.29741305,-75.88955067,2585
17--12402,11/27/2017,1:24 PM,HUNTMAR DR @ RICHARDSON SIDE RD (0011853),11853,02 - Intersection related,03 - P.D. only,03 - Rear end,03 - Snow,01 - Daylight,02 - Wet,02 - Stop sign,01 - Functioning,3,0,0,0,,0,,,,,348207.582,5018983.131,45.3094585,-75.94642647,2586
17--12403,11/27/2017,1:29 PM,DAVENTRY CRES btwn DEWBERRY CRES & ROSECLIFFE CRT (__3ZA1BM),__3ZA1BM,01 - Non intersection,03 - P.D. only,06 - SMV unattended vehicle,01 - Clear,01 - Daylight,05 - Packed snow,10 - No control,,1,0,0,0,,0,,,,,364695.2973,5016764.591,45.2882836,-75.73644409,2587
17--12404,11/27/2017,1:50 PM,BRONSON AVE @ GLADSTONE AVE (0002110),2110,02 - Intersection related,02 - Non-fatal injury,03 - Rear end,01 - Clear,01 - Daylight,03 - Loose snow,01 - Traffic signal,01 - Functioning,2,0,0,0,02 - Minor,1,,1,,,367134.0362,5030082.233,45.40790111,-75.70367901,2588
17--12405,11/27/2017,10:00 AM,BRONSON AVE @ COMMISSIONER ST/SLATER ST (0001679),1679,03 - At intersection,02 - Non-fatal injury,02 - Angle,01 - Clear,01 - Daylight,02 - Wet,01 - Traffic signal,01 - Functioning,2,0,0,0,01 - Minimal,1,1,,,,366770.3776,5030947.899,45.41572242,-75.70821549,2589
17--12406,11/27/2017,11:11 AM,ST. EMMANUEL TER btwn TO BE DETERMINED & BERNICE CRT (1) (__3ZA5O6),__3ZA5O6,01 - Non intersection,03 - P.D. only,01 - Approaching,01 - Clear,01 - Daylight,06 - Ice,10 - No control,,2,0,0,0,,0,,,,,379714.8184,5037777.856,45.47590723,-75.54180802,2590
17--12407,11/27/2017,11:15 AM,RICHMOND RD btwn EDGEWOOD AVE & ATHLONE AVE (__3ZA4O2),__3ZA4O2,04 - At/near private drive,03 - P.D. only,02 - Angle,01 - Clear,01 - Daylight,01 - Dry,10 - No control,,2,0,0,0,,0,,,,,363443.3216,5028434.198,45.39339135,-75.75101989,2591
17--12408,11/27/2017,Unknown,NEWPORT CRES btwn HUNTERSFIELD DR & HUNTERSFIELD DR (__3ZA456),__3ZA456,01 - Non intersection,03 - P.D. only,06 - SMV unattended vehicle,03 - Snow,00 - Unknown,03 - Loose snow,10 - No control,,1,0,0,0,,0,,,,,373037.4131,5025005.233,45.36166978,-75.62897327,2592
17--12409,11/27/2017,12:00 PM,DONALD ST @ ST. LAURENT BLVD (0008630),8630,02 - Intersection related,03 - P.D. only,03 - Rear end,01 - Clear,01 - Daylight,01 - Dry,01 - Traffic signal,01 - Functioning,2,0,0,0,,0,,,,,372094.0474,5032472.585,45.42894911,-75.63999504,2593
17--1241,1/31/2017,4:13 PM,CARLING AVE @ IRVING PL/MAPLE DR (0006872),6872,02 - Intersection related,03 - P.D. only,03 - Rear end,01 - Clear,01 - Daylight,01 - Dry,01 - Traffic signal,01 - Functioning,2,0,0,0,,0,,,,,366187.0385,5028527.554,45.3939962,-75.71596933,2594
17--12410,11/27/2017,12:00 PM,BASELINE RD @ WOODROFFE AVE (0002225),2225,03 - At intersection,02 - Non-fatal injury,03 - Rear end,01 - Clear,01 - Daylight,01 - Dry,01 - Traffic signal,01 - Functioning,2,0,0,0,01 - Minimal,1,1,,,,362548.6869,5023771.174,45.35150832,-75.76299021,2595
17--12411,11/27/2017,12:01 PM,ST. JEAN ST btwn COUSINEAU ST & ST. JOSEPH BLVD (__3ZA67V),__3ZA67V,04 - At/near private drive,03 - P.D. only,02 - Angle,01 - Clear,01 - Daylight,02 - Wet,10 - No control,,2,0,0,0,,0,,,,,380902.4987,5037302.374,45.4715008,-75.52669293,2596
17--12412,11/27/2017,12:03 PM,BANNER RD @ GREENBANK RD (0000644),644,03 - At intersection,02 - Non-fatal injury,05 - Turning movement,01 - Clear,01 - Daylight,01 - Dry,01 - Traffic signal,01 - Functioning,2,0,0,0,02 - Minor,1,,1,,,361021.3382,5021566.492,45.33179475,-75.78273177,2597
17--12413,11/27/2017,12:06 PM,GEORGE ST @ SUSSEX DR (0002109),2109,03 - At intersection,02 - Non-fatal injury,07 - SMV other,01 - Clear,01 - Daylight,06 - Ice,01 - Traffic signal,01 - Functioning,1,0,0,1,01 - Minimal,1,1,,,,367869.5504,5032131.362,45.42627261,-75.69402144,2598
17--12414,11/27/2017,12:14 PM,OGILVIE RD @ BATHGATE DR/CITYPARK DR W (0012430),12430,03 - At intersection,03 - P.D. only,02 - Angle,01 - Clear,01 - Daylight,06 - Ice,01 - Traffic signal,01 - Functioning,2,0,0,0,,0,,,,,373829.7254,5032799.908,45.43172504,-75.61777014,2599
17--12415,11/27/2017,12:23 AM,FOURTH LINE RD btwn DILWORTH RD & DONNELLY DR (__3ZA30I),__3ZA30I,01 - Non intersection,03 - P.D. only,07 - SMV other,03 - Snow,07 - Dark,03 - Loose snow,10 - No control,,1,0,0,0,,0,,,,,371875.5472,4993294.347,45.07645122,-75.64807429,2600
17--12416,11/27/2017,12:23 AM,BANKFIELD RD btwn KILREEN LANE & PRINCE OF WALES DR (__3ZA4KO),__3ZA4KO,01 - Non intersection,03 - P.D. only,03 - Rear end,01 - Clear,07 - Dark,03 - Loose snow,10 - No control,,2,0,0,0,,0,,,,,365944.2384,5008731.908,45.21589802,-75.72151195,2601
17--12417,11/27/2017,12:23 PM,WELLINGTON ST    W btwn HAMILTON AVE N & PARKDALE AVE (__3ZA4QX),__3ZA4QX,01 - Non intersection,03 - P.D. only,06 - SMV unattended vehicle,01 - Clear,01 - Daylight,01 - Dry,10 - No control,,1,0,0,0,,0,,,,,365131.9749,5029259.184,45.40067094,-75.7293538,2602
17--12418,11/27/2017,12:30 PM,GREENBANK RD btwn CANFIELD RD & BELLMAN DR (__3ZA4YT),__3ZA4YT,01 - Non intersection,03 - P.D. only,03 - Rear end,01 - Clear,01 - Daylight,01 - Dry,10 - No control,,2,0,0,0,,0,,,,,361218.8829,5021109.128,45.32766353,-75.78026384,2603
17--12419,11/27/2017,2:20 PM,COLONEL BY DR @ HAWTHORNE AVE/PRETORIA BRIDGE (0002122),2122,02 - Intersection related,03 - P.D. only,05 - Turning movement,01 - Clear,01 - Daylight,01 - Dry,01 - Traffic signal,01 - Functioning,2,0,0,0,,0,,,,,368768.7135,5030526.236,45.4117486,-75.68274041,2604
17--1242,1/31/2017,4:15 PM,CARLING AVE btwn DEFENSE  RESEARCH COMPLEX & RIFLE RD (__3ZA4Z6B),__3ZA4Z6B,04 - At/near private drive,03 - P.D. only,03 - Rear end,01 - Clear,01 - Daylight,01 - Dry,10 - No control,,2,0,0,0,,0,,,,,353399.2173,5023007.575,45.3453311,-75.87982659,2605
17--12510,11/28/2017,7:06 PM,BAYSWATER AVE @ GLADSTONE AVE (0006164),6164,02 - Intersection related,02 - Non-fatal injury,03 - Rear end,01 - Clear,07 - Dark,01 - Dry,01 - Traffic signal,01 - Functioning,3,0,0,0,01 - Minimal,1,1,,,,366001.7077,5029480.235,45.40258441,-75.71821793,2606
17--12602,11/30/2017,4:26 PM,8TH LINE RD @ MITCH OWENS RD (0003574),3574,03 - At intersection,03 - P.D. only,05 - Turning movement,01 - Clear,05 - Dusk,02 - Wet,02 - Stop sign,01 - Functioning,2,0,0,0,,0,,,,,382361.8064,5018777.875,45.30467042,-75.51094326,2607
17--12511,11/28/2017,7:16 PM,MARCH RD btwn SECOND LINE RD & DUNROBIN RD (__3ZA3FQ),__3ZA3FQ,01 - Non intersection,03 - P.D. only,07 - SMV other,01 - Clear,07 - Dark,02 - Wet,10 - No control,,1,0,0,0,,0,,,,,346177.6336,5025396.837,45.36729354,-75.97177677,2608
17--12421,11/27/2017,3:19 PM,CARLING AVE @ RICHMOND RD (0010847),10847,02 - Intersection related,03 - P.D. only,03 - Rear end,01 - Clear,01 - Daylight,01 - Dry,01 - Traffic signal,01 - Functioning,2,0,0,0,,0,,,,,360246.6823,5024782.181,45.36079112,-75.79225353,2609
17--11972,11/19/2017,1:28 AM,HIGHWAY 417 btwn HWY417 IC119A RAMP75 & HWY417 IC118 RAMP57 (__3ZA2R2),__3ZA2R2,01 - Non intersection,03 - P.D. only,07 - SMV other,04 - Freezing Rain,07 - Dark,04 - Slush,10 - No control,,1,0,0,0,,0,,,,,368935.3368,5030684.982,45.4131617,-75.6805912,2610
17--12512,11/28/2017,7:31 AM,CARP RD btwn MARCH RD & JOHN CAVANAUGH DR (__3ZA3FZ),__3ZA3FZ,01 - Non intersection,03 - P.D. only,07 - SMV other,01 - Clear,01 - Daylight,01 - Dry,10 - No control,,1,0,0,0,,0,,,,,343672.6566,5020006.152,45.3189297,-76.00417745,2611
17--12603,11/30/2017,4:31 PM,HENNEPIN ST @ KENNEVALE DR (0000665),665,03 - At intersection,02 - Non-fatal injury,07 - SMV other,02 - Rain,05 - Dusk,02 - Wet,02 - Stop sign,01 - Functioning,1,0,0,1,02 - Minor,1,,1,,,362269.1795,5014471.494,45.26785277,-75.76763557,2612
17--12422,11/27/2017,3:40 PM,BRYARTON ST btwn FORESTCREST ST & FORESTCREST ST (__495WIW),__495WIW,04 - At/near private drive,03 - P.D. only,06 - SMV unattended vehicle,01 - Clear,01 - Daylight,05 - Packed snow,10 - No control,,1,0,0,0,,0,,,,,380363.7977,5036268.315,45.46225565,-75.5337406,2613
17--11973,11/19/2017,1:41 AM,HIGHWAY 417 btwn HWY417 IC126 RAMP61 & HWY417 IC124 RAMP76 (__3ZA2Y2),__3ZA2Y2,01 - Non intersection,03 - P.D. only,04 - Sideswipe,03 - Snow,07 - Dark,06 - Ice,10 - No control,,2,0,0,0,,0,,,,,364101.178,5027114.37,45.38146036,-75.7427772,2614
17--12513,11/28/2017,7:45 AM,CARP RD @ WESTBROOK RD (0001681),1681,03 - At intersection,03 - P.D. only,05 - Turning movement,01 - Clear,01 - Daylight,01 - Dry,01 - Traffic signal,01 - Functioning,2,0,0,0,,0,,,,,347738.0746,5015441.422,45.27761782,-75.95272041,2615
17--12604,11/30/2017,4:43 PM,FRANK KENNY RD btwn JONQUILLE WAY & WILHAVEN DR (__3ZA5CI),__3ZA5CI,01 - Non intersection,02 - Non-fatal injury,07 - SMV other,02 - Rain,05 - Dusk,06 - Ice,10 - No control,,1,0,0,0,01 - Minimal,1,1,,,,386665.7854,5040288.177,45.49771214,-75.45249799,2616
17--12605,11/30/2017,4:48 PM,HEMLOCK RD btwn ST. LAURENT BLVD & LONDON TER (__3ZA8ID),__3ZA8ID,04 - At/near private drive,03 - P.D. only,02 - Angle,04 - Freezing Rain,05 - Dusk,02 - Wet,10 - No control,,2,0,0,0,,0,,,,,371175.4748,5034780.929,45.44980631,-75.65142162,2617
17--12606,11/30/2017,4:49 PM,CONROY RD @ HUNT CLUB RD (0002257),2257,03 - At intersection,02 - Non-fatal injury,05 - Turning movement,02 - Rain,05 - Dusk,02 - Wet,01 - Traffic signal,01 - Functioning,2,0,0,0,02 - Minor,1,,1,,,373762.7367,5025405.861,45.36520349,-75.61965995,2618
17--12607,11/30/2017,4:52 PM,COLONNADE RD btwn MERIVALE RD & COLONNADE RD N (__3ZA000),__3ZA000,01 - Non intersection,03 - P.D. only,07 - SMV other,02 - Rain,07 - Dark,02 - Wet,10 - No control,,1,0,0,0,,0,,,,,365421.5545,5022568.577,45.34044506,-75.7264763,2619
17--12608,11/30/2017,4:54 PM,REGIONAL ROAD 174 btwn OR174 IC109 RAMP64 & OR174 IC105 RAMP16 (__3ZA2XD),__3ZA2XD,01 - Non intersection,03 - P.D. only,04 - Sideswipe,03 - Snow,07 - Dark,06 - Ice,10 - No control,,2,0,0,0,,0,,,,,376608.3392,5035309.762,45.45402734,-75.58189651,2620
17--12609,11/30/2017,5:00 PM,CONROY RD @ HUNT CLUB RD (0002257),2257,02 - Intersection related,03 - P.D. only,03 - Rear end,03 - Snow,05 - Dusk,02 - Wet,01 - Traffic signal,01 - Functioning,2,0,0,0,,0,,,,,373762.7367,5025404.523,45.36519145,-75.61966013,2621
17--1261,1/31/2017,8:00 AM,LAURIER AVE @ O'CONNOR ST (0002224),2224,02 - Intersection related,03 - P.D. only,03 - Rear end,01 - Clear,01 - Daylight,01 - Dry,01 - Traffic signal,01 - Functioning,2,0,0,0,,0,,,,,367635.6078,5031357.484,45.41933057,-75.69710945,2622
17--12610,11/30/2017,5:16 PM,HIGHWAY 417 btwn HWY417 IC127 RAMP67 & HWY417 IC126 RAMP16 (__3ZA2X0),__3ZA2X0,01 - Non intersection,03 - P.D. only,03 - Rear end,02 - Rain,07 - Dark,02 - Wet,10 - No control,,3,0,0,0,,0,,,,,362986.3817,5025634.002,45.36823368,-75.75718535,2623
17--12611,11/30/2017,5:20 PM,MONTREAL RD @ OGILVIE RD (0009279),9279,02 - Intersection related,03 - P.D. only,99 - Other,02 - Rain,07 - Dark,02 - Wet,01 - Traffic signal,01 - Functioning,2,0,0,0,,0,,,,,375653.7317,5034555.917,45.44734214,-75.59420865,2624
17--12612,11/30/2017,5:27 PM,OLD TENTH LINE RD/OR174 IC101 RAMP63 @ ST. JOS (0009233),9233,03 - At intersection,03 - P.D. only,05 - Turning movement,03 - Snow,07 - Dark,02 - Wet,01 - Traffic signal,01 - Functioning,2,0,0,0,,0,,,,,383118.0719,5038785.594,45.48460053,-75.49812484,2625
17--12613,11/30/2017,5:44 PM,CARLING AVE @ MELROSE AVE (0006992),6992,02 - Intersection related,03 - P.D. only,02 - Angle,03 - Snow,07 - Dark,02 - Wet,02 - Stop sign,00 - Unknown,2,0,0,0,,0,,,,,365969.702,5028390.882,45.39278547,-75.71876182,2626
17--12614,11/30/2017,5:47 PM,CATHERINE ST @ KENT ST (0002707),2707,02 - Intersection related,03 - P.D. only,04 - Sideswipe,01 - Clear,07 - Dark,01 - Dry,01 - Traffic signal,01 - Functioning,2,0,0,0,,0,,,,,367908.7108,5030189.233,45.40879444,-75.69376978,2627
17--12615,11/30/2017,5:58 PM,BASELINE RD @ 207 E OF CLYDE AVE (0008213),8213,02 - Intersection related,03 - P.D. only,03 - Rear end,03 - Snow,07 - Dark,02 - Wet,01 - Traffic signal,01 - Functioning,2,0,0,0,,0,,,,,364534.4774,5025001.644,45.36241358,-75.73750035,2628
17--12616,11/30/2017,6:06 PM,MARCHURST RD btwn RIDGETOP RD & JOHN ASELFORD DRWY (__3ZAC8N),__3ZAC8N,01 - Non intersection,03 - P.D. only,07 - SMV other,01 - Clear,07 - Dark,02 - Wet,10 - No control,,1,0,0,0,,0,,,,,340291.481,5029462.33,45.40419898,-76.04662398,2629
17--12617,11/30/2017,6:12 PM,BREWER RD @ BRONSON AVE (0002240),2240,02 - Intersection related,02 - Non-fatal injury,03 - Rear end,04 - Freezing Rain,07 - Dark,06 - Ice,01 - Traffic signal,01 - Functioning,3,0,0,0,01 - Minimal,1,1,,,,368108.0438,5027766.436,45.38697684,-75.69153446,2630
17--12618,11/30/2017,6:35 PM,KING EDWARD AVE @ STEWART ST (0007754),7754,03 - At intersection,02 - Non-fatal injury,07 - SMV other,02 - Rain,07 - Dark,02 - Wet,01 - Traffic signal,01 - Functioning,1,0,0,1,02 - Minor,1,,1,,,368634.38,5032205.579,45.42687101,-75.6842389,2631
17--12619,11/30/2017,6:35 PM,HIGHWAY 417 btwn HWY417 IC126 RAMP16 & HWY417 IC126 RAMP61 (__3ZA2RC),__3ZA2RC,01 - Non intersection,02 - Non-fatal injury,03 - Rear end,02 - Rain,07 - Dark,02 - Wet,10 - No control,,4,0,0,0,01 - Minimal,1,1,,,,363119.732,5025794.869,45.36967006,-75.75546414,2632
17--1262,1/31/2017,8:08 AM,BANTREE ST @ INNES RD (0007684),7684,02 - Intersection related,03 - P.D. only,03 - Rear end,01 - Clear,01 - Daylight,01 - Dry,01 - Traffic signal,01 - Functioning,2,0,0,0,,0,,,,,373705.7232,5030404.916,45.41018834,-75.61968971,2633
17--12620,11/30/2017,6:58 PM,BRITTANY DR @ MONTREAL RD (0007685),7685,03 - At intersection,02 - Non-fatal injury,02 - Angle,02 - Rain,07 - Dark,02 - Wet,01 - Traffic signal,01 - Functioning,2,0,0,0,02 - Minor,1,,1,,,371912.2023,5033995.601,45.44266996,-75.64211109,2634
17--12621,11/30/2017,7:00 AM,HIGHWAY 417 btwn HWY417 IC131 RAMP55 & HWY417 IC130 RAMP35 (__3ZA1MT),__3ZA1MT,01 - Non intersection,03 - P.D. only,03 - Rear end,01 - Clear,03 - Dawn,01 - Dry,10 - No control,,2,0,0,0,,0,,,,,358916.8526,5023015.221,45.34499591,-75.80942022,2635
17--12622,11/30/2017,7:01 PM,JEFFERSON ST btwn FEATHERSTON DR & ARIZONA AVE (__3ZA9P0),__3ZA9P0,01 - Non intersection,03 - P.D. only,03 - Rear end,02 - Rain,07 - Dark,02 - Wet,10 - No control,,2,0,0,0,,0,,,,,371789.0552,5027229.263,45.38180118,-75.64460469,2636
17--12623,11/30/2017,7:20 AM,GREENBANK RD @ STRANDHERD DR (0005563),5563,02 - Intersection related,03 - P.D. only,03 - Rear end,01 - Clear,01 - Daylight,01 - Dry,01 - Traffic signal,01 - Functioning,2,0,0,0,,0,,,,,363933.2105,5014783.707,45.27052413,-75.74639445,2637
17--12624,11/30/2017,7:20 PM,WOODROFFE AVE btwn CARLINGWOOD SC & CARLING AVE (__3ZA4NKB),__3ZA4NKB,04 - At/near private drive,03 - P.D. only,02 - Angle,02 - Rain,07 - Dark,02 - Wet,10 - No control,,2,0,0,0,,0,,,,,361915.6206,5025874.675,45.37048731,-75.77082587,2638
17--12625,11/30/2017,7:21 PM,BASELINE RD @ WOODROFFE AVE (0002225),2225,02 - Intersection related,03 - P.D. only,04 - Sideswipe,01 - Clear,07 - Dark,01 - Dry,01 - Traffic signal,01 - Functioning,2,0,0,0,,0,,,,,362548.6869,5023769.167,45.35149026,-75.76299044,2639
17--12626,11/30/2017,7:26 AM,HERZBERG RD @ MARCH RD (0003170),3170,02 - Intersection related,03 - P.D. only,03 - Rear end,01 - Clear,01 - Daylight,01 - Dry,01 - Traffic signal,01 - Functioning,2,0,0,0,,0,,,,,352323.9567,5021528.488,45.33209568,-75.89368924,2640
17--12627,11/30/2017,7:30 PM,MERIVALE RD btwn DORCHESTER AVE & KIRKWOOD AVE (__3ZA3G8),__3ZA3G8,01 - Non intersection,03 - P.D. only,05 - Turning movement,01 - Clear,07 - Dark,02 - Wet,10 - No control,,2,0,0,0,,0,,,,,364858.9583,5026566.973,45.37647043,-75.73316848,2641
17--12628,11/30/2017,7:30 PM,HIGHWAY 416 btwn HWY416 IC66 RAMP34 & HWY416 IC72 RAMP53 (__3ZAZM6),__3ZAZM6,01 - Non intersection,03 - P.D. only,99 - Other,01 - Clear,07 - Dark,01 - Dry,10 - No control,,2,0,0,0,,0,,,,,360288.6846,5018057.554,45.3002795,-75.79247124,2642
17--12629,11/30/2017,7:30 PM,HWY417 IC145 RAMP55 btwn HIGHWAY 7 & HIGHWAY 417 (__3ZAY8K),__3ZAY8K,01 - Non intersection,03 - P.D. only,07 - SMV other,02 - Rain,07 - Dark,02 - Wet,10 - No control,,1,0,0,0,,0,,,,,346269.9733,5014713.356,45.27115452,-75.97149252,2643
17--1263,1/31/2017,8:09 AM,210 W OF MERIVALE RD @ WEST HUNT CLUB RD (0004688),4688,02 - Intersection related,02 - Non-fatal injury,03 - Rear end,01 - Clear,01 - Daylight,01 - Dry,01 - Traffic signal,00 - Unknown,2,0,0,0,01 - Minimal,1,1,,,,365431.7011,5021829.495,45.33379402,-75.7264374,2644
17--12630,11/30/2017,7:49 AM,HIGHWAY 417 btwn HWY417 IC110 RAMP64 & HWY417 IC104 RAMP16 (__3ZA2W9),__3ZA2W9,01 - Non intersection,02 - Non-fatal injury,03 - Rear end,01 - Clear,01 - Daylight,01 - Dry,10 - No control,,4,0,0,0,02 - Minor,1,,1,,,376662.3159,5027470.178,45.38348587,-75.58234983,2645
17--12631,11/30/2017,7:51 AM,KIWANIS CRT btwn JOHNSTON RD & END (__6A6MIV),__6A6MIV,01 - Non intersection,03 - P.D. only,01 - Approaching,01 - Clear,01 - Daylight,01 - Dry,10 - No control,,2,0,0,0,,0,,,,,372254.871,5025811.439,45.36899945,-75.63885094,2646
17--12632,11/30/2017,8:22 AM,TERRY FOX DR @ HALKIRK AVE/WINCHESTER DR (0012574),12574,02 - Intersection related,03 - P.D. only,03 - Rear end,01 - Clear,01 - Daylight,01 - Dry,01 - Traffic signal,01 - Functioning,2,0,0,0,,0,,,,,352512.2274,5016870.676,45.29017086,-75.89173592,2647
17--12633,11/30/2017,8:30 AM,"MONTREAL RD btwn EGLISE, RUE DE L & ST. LAURENT BLVD (__3ZA3ML)",__3ZA3ML,01 - Non intersection,03 - P.D. only,07 - SMV other,01 - Clear,01 - Daylight,01 - Dry,10 - No control,,1,0,0,0,,0,,,,,371339.3156,5033721.881,45.44026192,-75.64947044,2648
17--12634,11/30/2017,8:37 PM,HAWTHORNE RD/RUSSELL RD @ WALKLEY RD (0002618),2618,03 - At intersection,03 - P.D. only,02 - Angle,02 - Rain,07 - Dark,02 - Wet,01 - Traffic signal,01 - Functioning,2,0,0,0,,0,,,,,374675.0784,5028499.541,45.39294862,-75.6075771,2649
17--12635,11/30/2017,8:48 PM,EAGLESON RD @ MICHAEL COWPLAND DR/STONEHAVEN D (0003544),3544,02 - Intersection related,03 - P.D. only,07 - SMV other,02 - Rain,07 - Dark,02 - Wet,01 - Traffic signal,01 - Functioning,1,0,0,0,,0,,,,,354384.5771,5016620.865,45.2877934,-75.86789248,2650
17--12636,11/30/2017,8:50 AM,PRINCE OF WALES DR @ STRANDHERD DR (0013339),13339,02 - Intersection related,03 - P.D. only,03 - Rear end,01 - Clear,01 - Daylight,01 - Dry,01 - Traffic signal,01 - Functioning,2,0,0,0,,0,,,,,367174.2865,5014824.86,45.27061443,-75.70508825,2651
17--12637,11/30/2017,9:08 AM,WEST HUNT CLUB RD WB btwn 545 E OF ROYDON PL/SUNDERLAND ST & ANTARES D (__3ZA3JSB),__3ZA3JSB,01 - Non intersection,03 - P.D. only,06 - SMV unattended vehicle,01 - Clear,01 - Daylight,01 - Dry,10 - No control,,1,0,0,0,,0,,,,,366573.7803,5022528.573,45.3399846,-75.71178041,2652