Anom_ID,Accident_Date,Accident_Time,Location,Geo_ID,Accident_Location,Classification_of_Accident,Initial_Impact_Type,Environment_Condition,Light,Road_Surface_Condition,Traffic_Control,Traffic_Control_Condition,No__of_Vehicles,No__of_Bicycles,No__of_Motorcycles,No__of_Pedestrians,Max_Injury,No__of_Injuries,No__of_Minimal,No__of_Minor,No__of_Major,No__of_Fatal,X,Y,Latitude,Longitude,ObjectId
17--12638,11/30/2017,9:25 PM,ROTHBOURNE RD btwn MOONSTONE RD & CARP RD (__3ZACM4),__3ZACM4,01 - Non intersection,02 - Non-fatal injury,07 - SMV other,01 - Clear,07 - Dark,02 - Wet,10 - No control,,1,0,0,0,01 - Minimal,2,2,,,,347472.32,5014151.574,45.26602745,-75.95621836,2653
17--12639,11/30/2017,9:31 AM,MAITLAND AVE/GLENMOUNT AVE @ ERINDALE DR (0002724),2724,02 - Intersection related,02 - Non-fatal injury,03 - Rear end,01 - Clear,01 - Daylight,01 - Dry,01 - Traffic signal,01 - Functioning,2,0,0,0,01 - Minimal,2,2,,,,363697.9081,5025211.609,45.36437361,-75.74815305,2654
17--1264,1/31/2017,8:12 AM,RIVERSIDE DR @ SMYTH RD SOUTH SIDE RAMP (0011480),11480,02 - Intersection related,03 - P.D. only,03 - Rear end,01 - Clear,01 - Daylight,01 - Dry,01 - Traffic signal,01 - Functioning,2,0,0,0,,0,,,,,369787.8985,5028999.069,45.3979138,-75.66992202,2655
17--12640,11/30/2017,9:37 AM,PARKDALE AVE @ WESTMOUNT AVE/HWY 417 PARKDAL I (0006516),6516,02 - Intersection related,03 - P.D. only,03 - Rear end,01 - Clear,01 - Daylight,06 - Ice,01 - Traffic signal,01 - Functioning,2,0,0,0,,0,,,,,365300.9123,5028923.816,45.3976388,-75.72723722,2656
17--12641,11/30/2017,9:37 AM,BELFAST RD @ ST. LAURENT BLVD (0007658),7658,02 - Intersection related,03 - P.D. only,03 - Rear end,01 - Clear,01 - Daylight,01 - Dry,01 - Traffic signal,01 - Functioning,2,0,0,0,,0,,,,,372861.0586,5030578.562,45.41183338,-75.63045556,2657
17--12642,12/1/2017,1:26 PM,OGILVIE RD btwn CUMMINGS AVE & BEAULIEU PL (__54PO0D),__54PO0D,04 - At/near private drive,03 - P.D. only,04 - Sideswipe,01 - Clear,01 - Daylight,01 - Dry,10 - No control,,2,0,0,0,,0,,,,,372955.6919,5032284.085,45.42716965,-75.62901075,2658
17--12643,12/1/2017,1:37 AM,DONALD ST @ ST. LAURENT BLVD (0008630),8630,02 - Intersection related,02 - Non-fatal injury,07 - SMV other,01 - Clear,07 - Dark,02 - Wet,01 - Traffic signal,01 - Functioning,1,0,0,0,02 - Minor,1,,1,,,372092.7096,5032473.923,45.42896128,-75.64001195,2659
17--12644,12/1/2017,1:51 PM,ANDRE AUDET AVE @ DUNDONALD DR (0014077),14077,03 - At intersection,03 - P.D. only,02 - Angle,01 - Clear,01 - Daylight,01 - Dry,02 - Stop sign,01 - Functioning,2,0,0,0,,0,,,,,364934.617,5012032.691,45.24568554,-75.73396639,2660
17--12645,12/1/2017,10:12 PM,GREENBANK RD @ CANFIELD RD/CRAIG HENRY DR (0000154),154,03 - At intersection,02 - Non-fatal injury,05 - Turning movement,01 - Clear,07 - Dark,01 - Dry,01 - Traffic signal,01 - Functioning,2,0,0,0,02 - Minor,1,,1,,,361105.0076,5021365.161,45.32997646,-75.78168731,2661
17--12646,12/1/2017,10:29 PM,MONTREAL RD @ ST. LAURENT BLVD (0002604),2604,02 - Intersection related,03 - P.D. only,05 - Turning movement,01 - Clear,07 - Dark,01 - Dry,01 - Traffic signal,01 - Functioning,2,0,0,0,,0,,,,,371547.3751,5033816.926,45.44109726,-75.64679836,2662
17--12647,12/1/2017,12:30 PM,COBDEN RD btwn ELMIRA DR & IRIS ST (__3ZBN58),__3ZBN58,01 - Non intersection,03 - P.D. only,06 - SMV unattended vehicle,01 - Clear,01 - Daylight,01 - Dry,10 - No control,,1,0,0,0,,0,,,,,361348.2994,5023911.625,45.35286991,-75.77829269,2663
17--12648,12/1/2017,2:10 PM,CARLING AVE @ PRESTON ST (0002161),2161,03 - At intersection,02 - Non-fatal injury,07 - SMV other,02 - Rain,01 - Daylight,02 - Wet,01 - Traffic signal,01 - Functioning,1,0,0,1,01 - Minimal,1,1,,,,366830.7133,5028936.222,45.39761656,-75.70769776,2664
17--12649,12/1/2017,2:15 PM,NICHOLAS ST NB btwn LAURIER AVE E & WALLER ST (__5D2DO8),__5D2DO8,01 - Non intersection,02 - Non-fatal injury,03 - Rear end,01 - Clear,01 - Daylight,01 - Dry,10 - No control,,3,0,0,0,01 - Minimal,2,2,,,,368489.0866,5031711.765,45.42244109,-75.68615931,2665
17--1265,1/31/2017,8:15 AM,MAJESTIC DR @ WOODROFFE AVE (0000562),562,02 - Intersection related,03 - P.D. only,03 - Rear end,01 - Clear,01 - Daylight,01 - Dry,01 - Traffic signal,01 - Functioning,4,0,0,0,,0,,,,,363527.147,5021572.585,45.33164434,-75.75076479,2666
17--12650,12/1/2017,2:20 PM,JEANNE D'ARC BLVD @ ORLEANS BLVD S (0004154),4154,03 - At intersection,02 - Non-fatal injury,05 - Turning movement,01 - Clear,01 - Daylight,01 - Dry,01 - Traffic signal,01 - Functioning,2,0,0,0,01 - Minimal,1,1,,,,380939.7412,5036251.917,45.46204558,-75.52637942,2667
17--12651,12/1/2017,2:31 PM,HAWTHORNE RD @ HUNT CLUB RD (0007651),7651,02 - Intersection related,03 - P.D. only,03 - Rear end,01 - Clear,01 - Daylight,01 - Dry,01 - Traffic signal,01 - Functioning,2,0,0,0,,0,,,,,375507.4155,5026407.867,45.37404524,-75.59724767,2668
17--12652,12/1/2017,2:32 PM,MONTREAL RD @ ST. LAURENT BLVD (0002604),2604,03 - At intersection,03 - P.D. only,05 - Turning movement,01 - Clear,01 - Daylight,01 - Dry,01 - Traffic signal,01 - Functioning,2,0,0,0,,0,,,,,371547.3751,5033816.926,45.44109726,-75.64679836,2669
17--12653,12/1/2017,2:49 PM,CONROY RD @ HUNT CLUB RD (0002257),2257,02 - Intersection related,03 - P.D. only,03 - Rear end,01 - Clear,01 - Daylight,01 - Dry,01 - Traffic signal,01 - Functioning,2,0,0,0,,0,,,,,373762.7842,5025404.284,45.36518929,-75.61965956,2670
17--12654,12/1/2017,2:56 PM,PRESTON ST btwn NORMAN ST & PAMILLA ST (__3ZA4QJ),__3ZA4QJ,04 - At/near private drive,03 - P.D. only,02 - Angle,01 - Clear,01 - Daylight,01 - Dry,10 - No control,,2,0,0,0,,0,,,,,366738.3353,5029141.966,45.39947597,-75.70885173,2671
17--12655,12/1/2017,3:00 PM,EDGEWORTH AVE btwn LAWN AVE & CARLING AVE (__3ZABYW),__3ZABYW,01 - Non intersection,03 - P.D. only,06 - SMV unattended vehicle,01 - Clear,01 - Daylight,01 - Dry,10 - No control,,1,0,0,0,,0,,,,,361241.61,5025470.009,45.36690076,-75.77947626,2672
17--12656,12/1/2017,3:16 PM,REGIONAL ROAD 174 EB btwn HWY417 IC113 RAMP65 & OR174 BLAIR IC112 RAMP51 (__3ZAZFJ),__3ZAZFJ,01 - Non intersection,03 - P.D. only,04 - Sideswipe,01 - Clear,01 - Daylight,01 - Dry,10 - No control,,2,0,0,0,,0,,,,,374771.5206,5032799.602,45.43162869,-75.60573509,2673
17--12657,12/1/2017,4:06 PM,MONTREAL RD @ OGILVIE RD (0009279),9279,02 - Intersection related,03 - P.D. only,03 - Rear end,01 - Clear,05 - Dusk,01 - Dry,01 - Traffic signal,01 - Functioning,2,0,0,0,,0,,,,,375653.7317,5034556.586,45.44734816,-75.59420856,2674
17--12658,12/1/2017,4:15 PM,DRIVEWAY (THE) @ PRINCE OF WALES DR (0002128),2128,02 - Intersection related,03 - P.D. only,07 - SMV other,01 - Clear,05 - Dusk,03 - Loose snow,11 - Roundabout,01 - Functioning,1,0,0,0,,0,,,,,366884.0462,5028138.884,45.3904376,-75.70711695,2675
17--12659,12/1/2017,4:15 PM,RAMSAYVILLE RD btwn LEITRIM RD & EIGHTH LINE RD (__3ZBO27),__3ZBO27,04 - At/near private drive,03 - P.D. only,03 - Rear end,01 - Clear,05 - Dusk,01 - Dry,10 - No control,,2,0,0,0,,0,,,,,378911.0375,5023434.267,45.34693879,-75.55424385,2676
17--1266,1/31/2017,8:22 AM,COLONEL BY DR @ HOG'S BACK RD (0002635),2635,02 - Intersection related,03 - P.D. only,03 - Rear end,01 - Clear,01 - Daylight,02 - Wet,01 - Traffic signal,01 - Functioning,2,0,0,0,,0,,,,,367604.2056,5025873.672,45.36999159,-75.69820875,2677
17--12660,12/1/2017,4:30 PM,BANK ST @ SNAKE ISLAND RD/VICTORIA ST (0001080),1080,03 - At intersection,03 - P.D. only,05 - Turning movement,01 - Clear,05 - Dusk,01 - Dry,01 - Traffic signal,01 - Functioning,2,0,0,0,,0,,,,,383696.4539,5010121.407,45.22663592,-75.49530161,2678
17--12661,12/1/2017,4:35 PM,"EGLISE, RUE DE L @ MONTREAL RD (0011441)",11441,02 - Intersection related,03 - P.D. only,04 - Sideswipe,01 - Clear,05 - Dusk,01 - Dry,01 - Traffic signal,00 - Unknown,2,0,0,0,,0,,,,,371158.1881,5033633.348,45.43948256,-75.65179736,2679
17--12662,12/1/2017,4:57 PM,CUMBERLAND ST btwn YORK ST & GEORGE ST (__3ZA82I),__3ZA82I,04 - At/near private drive,02 - Non-fatal injury,05 - Turning movement,01 - Clear,07 - Dark,01 - Dry,10 - No control,,2,1,0,0,01 - Minimal,1,1,,,,368285.9083,5032482.141,45.42939113,-75.68865603,2680
17--12663,12/1/2017,4:57 PM,BASELINE RD @ MERIVALE RD (0002342),2342,02 - Intersection related,03 - P.D. only,03 - Rear end,01 - Clear,05 - Dusk,01 - Dry,01 - Traffic signal,01 - Functioning,2,0,0,0,,0,,,,,365053.0242,5025325.515,45.36528334,-75.7308423,2681
17--12664,12/1/2017,4:58 PM,RUSSELL RD btwn FRANK KENNY RD & ROCKDALE RD (__3ZA2ZR),__3ZA2ZR,01 - Non intersection,03 - P.D. only,07 - SMV other,02 - Rain,07 - Dark,02 - Wet,10 - No control,,1,0,0,0,,0,,,,,392658.8353,5026402.265,45.37205439,-75.37830711,2682
17--12665,12/1/2017,4:59 PM,EARL MULLIGAN DR @ WOODGATE WAY (0000243),243,02 - Intersection related,03 - P.D. only,03 - Rear end,01 - Clear,07 - Dark,01 - Dry,02 - Stop sign,00 - Unknown,2,0,0,0,,0,,,,,365042.0316,5017385.121,45.29383747,-75.73194889,2683
17--12666,12/1/2017,5:00 PM,HIGHWAY 417 btwn HWY417 IC127 RAMP25 & HWY417 IC126 RAMP51 (__3ZA2XA),__3ZA2XA,01 - Non intersection,02 - Non-fatal injury,03 - Rear end,01 - Clear,07 - Dark,01 - Dry,10 - No control,,3,0,0,0,01 - Minimal,1,1,,,,363154.1647,5025812.898,45.36982941,-75.75502246,2684
17--12667,12/1/2017,5:15 PM,HIGHWAY 417 btwn HWY 417 ANDERSON IC104R61 & HWY 417 BOUNDARY IC96R16 (__3ZA2W5),__3ZA2W5,01 - Non intersection,03 - P.D. only,07 - SMV other,01 - Clear,07 - Dark,01 - Dry,10 - No control,,1,0,0,0,,0,,,,,381539.2859,5025627.266,45.36638733,-75.52036829,2685
17--12668,12/1/2017,5:18 PM,TERRY FOX DR @ HALKIRK AVE/WINCHESTER DR (0012574),12574,02 - Intersection related,03 - P.D. only,04 - Sideswipe,03 - Snow,07 - Dark,03 - Loose snow,01 - Traffic signal,01 - Functioning,3,0,0,0,,0,,,,,352512.111,5016869.651,45.29016165,-75.8917375,2686
17--12669,12/1/2017,6:02 AM,MITCH OWENS RD btwn LIMEBANK RD & DOWNEY RD (__3ZA3H4),__3ZA3H4,01 - Non intersection,03 - P.D. only,07 - SMV other,01 - Clear,07 - Dark,01 - Dry,10 - No control,,1,0,0,0,,0,,,,,371927.0918,5012270.824,45.24719609,-75.64486902,2687
17--1267,1/31/2017,8:25 PM,COLONEL BY DR @ HOG'S BACK RD (0002635),2635,02 - Intersection related,03 - P.D. only,02 - Angle,01 - Clear,07 - Dark,02 - Wet,01 - Traffic signal,01 - Functioning,2,0,0,0,,0,,,,,367602.7094,5025873.266,45.36998807,-75.6982279,2688
17--12670,12/1/2017,6:33 PM,BANK ST @ HERON RD (0002155),2155,02 - Intersection related,03 - P.D. only,04 - Sideswipe,01 - Clear,07 - Dark,01 - Dry,01 - Traffic signal,01 - Functioning,2,0,0,0,,0,,,,,369995.3856,5026851.542,45.3785718,-75.6675558,2689
17--12671,12/1/2017,6:39 PM,AUTOPARK PRIV btwn HUNTMAR DR & END (__54OG56),__54OG56,01 - Non intersection,03 - P.D. only,06 - SMV unattended vehicle,01 - Clear,07 - Dark,01 - Dry,10 - No control,,1,0,0,0,,0,,,,,349476.0316,5017517.309,45.29618905,-75.93038293,2690
17--12672,12/1/2017,7:01 AM,HIGHWAY 417 btwn HWY417 IC110 RAMP64 & HWY417 IC104 RAMP16 (__3ZA2W9),__3ZA2W9,01 - Non intersection,03 - P.D. only,07 - SMV other,01 - Clear,03 - Dawn,02 - Wet,10 - No control,,1,0,0,0,,0,,,,,378012.2756,5026425.001,45.37394218,-75.5652687,2691
17--12673,12/1/2017,7:05 AM,INNES RD btwn BLAIR RD & ANDERSON RD (__3ZA3JZ),__3ZA3JZ,01 - Non intersection,03 - P.D. only,03 - Rear end,01 - Clear,03 - Dawn,04 - Slush,10 - No control,,2,0,0,0,,0,,,,,375651.9791,5031489.722,45.4197545,-75.5946723,2692
17--12674,12/1/2017,7:07 AM,RIDEAU RD btwn SOMME ST & RAMSAYVILLE RD (__3ZA6G1),__3ZA6G1,01 - Non intersection,03 - P.D. only,07 - SMV other,04 - Freezing Rain,03 - Dawn,02 - Wet,10 - No control,,1,0,0,0,,0,,,,,380179.8698,5019856.473,45.31461261,-75.53859894,2693
17--12675,12/1/2017,7:11 PM,RICHMOND RD btwn BROADVIEW AVE & GOLDEN AVE (__3ZA304),__3ZA304,01 - Non intersection,02 - Non-fatal injury,06 - SMV unattended vehicle,01 - Clear,07 - Dark,01 - Dry,10 - No control,,1,0,0,0,02 - Minor,1,,1,,,362858.7034,5028022.91,45.38973935,-75.75853427,2694
17--12676,12/1/2017,7:15 AM,HUNT CLUB RD @ DOWNPATRICK RD/MCCARTHY RD (0006931),6931,02 - Intersection related,02 - Non-fatal injury,03 - Rear end,02 - Rain,03 - Dawn,02 - Wet,01 - Traffic signal,01 - Functioning,2,0,0,0,01 - Minimal,1,1,,,,370506.0622,5023401.178,45.3474788,-75.66149471,2695
17--12677,12/1/2017,7:18 PM,KINBURN SIDE RD btwn LIMESTONE RD & BECKS RD (__3ZA4Q5),__3ZA4Q5,01 - Non intersection,02 - Non-fatal injury,07 - SMV other,01 - Clear,07 - Dark,01 - Dry,10 - No control,,1,0,0,0,01 - Minimal,1,1,,,,333499.9864,5031836.932,45.42587797,-76.13323974,2696
17--12678,12/1/2017,7:29 PM,HUNT CLUB RD @ UPLANDS DR (0010844),10844,03 - At intersection,03 - P.D. only,05 - Turning movement,01 - Clear,07 - Dark,01 - Dry,01 - Traffic signal,01 - Functioning,2,0,0,0,,0,,,,,370156.3928,5023120.823,45.34498891,-75.66599357,2697
17--12679,12/1/2017,7:30 AM,HIGHWAY 417 btwn HWY417 IC127 RAMP25 & HWY417 IC126 RAMP51 (__3ZA2XA),__3ZA2XA,01 - Non intersection,03 - P.D. only,04 - Sideswipe,01 - Clear,03 - Dawn,02 - Wet,10 - No control,,2,0,0,0,,0,,,,,363181.759,5025842.658,45.37009489,-75.75466669,2698
17--1268,1/31/2017,8:29 AM,MCARTHUR AVE @ VANIER PKWY (0004626),4626,02 - Intersection related,03 - P.D. only,03 - Rear end,01 - Clear,01 - Daylight,06 - Ice,01 - Traffic signal,00 - Unknown,2,0,0,0,,0,,,,,370220.3443,5032690.586,45.43108837,-75.66390904,2699
17--12680,12/1/2017,7:44 AM,HIGHWAY 417 btwn HWY417 IC126 RAMP61 & HWY417 IC124 RAMP76 (__3ZA2Y2),__3ZA2Y2,01 - Non intersection,03 - P.D. only,03 - Rear end,01 - Clear,03 - Dawn,02 - Wet,10 - No control,,2,0,0,0,,0,,,,,363589.0065,5026425.589,45.37530598,-75.74939861,2700
17--12681,12/1/2017,7:44 PM,OGILVIE RD btwn 240 W OF BLAIR RD & CITY PARK DR (__3ZA2DOB),__3ZA2DOB,01 - Non intersection,03 - P.D. only,03 - Rear end,01 - Clear,07 - Dark,01 - Dry,10 - No control,,2,0,0,0,,0,,,,,374329.4628,5033092.889,45.43431162,-75.61134267,2701
17--12682,12/1/2017,7:47 PM,UPPER DWYER HILL RD btwn CARROLL SIDE RD & MARCH RD (__3ZA4QC),__3ZA4QC,01 - Non intersection,03 - P.D. only,07 - SMV other,01 - Clear,07 - Dark,01 - Dry,10 - No control,,1,0,0,0,,0,,,,,333818.059,5014570.556,45.27049358,-76.13018827,2702
17--12683,12/1/2017,8:01 PM,WELLINGTON ST @ HAMILTON AVE (0006106),6106,03 - At intersection,02 - Non-fatal injury,05 - Turning movement,01 - Clear,07 - Dark,01 - Dry,02 - Stop sign,00 - Unknown,2,0,1,0,03 - Major,1,,,1,,365077.64,5029234.485,45.40045339,-75.7300508,2703
17--12684,12/1/2017,8:15 AM,HIGHWAY 416 btwn HWY416 IC66 RAMP62 & HWY416 IC66 RAMP52 (__3ZAZMX),__3ZAZMX,01 - Non intersection,03 - P.D. only,07 - SMV other,01 - Clear,01 - Daylight,02 - Wet,10 - No control,,1,0,0,0,,0,,,,,359999.0268,5014895.448,45.27184939,-75.79651613,2704
17--12685,12/1/2017,8:51 AM,HALLEY ST btwn TARTAN DR & ALFA ST (__3ZAA7L),__3ZAA7L,04 - At/near private drive,03 - P.D. only,99 - Other,01 - Clear,01 - Daylight,01 - Dry,10 - No control,,2,0,0,0,,0,,,,,362586.0071,5013970.384,45.26331779,-75.76365667,2705
17--12686,12/1/2017,8:58 AM,RANDALL AVE btwn ALTA VISTA DR & BRAESIDE AVE (__3ZA9QX),__3ZA9QX,01 - Non intersection,03 - P.D. only,01 - Approaching,01 - Clear,01 - Daylight,02 - Wet,10 - No control,,2,0,0,0,,0,,,,,370464.3929,5027370.166,45.3831944,-75.66149896,2706
17--12687,12/1/2017,9:00 PM,HIGHWAY 7 btwn RAMP & DWYER HILL RD (__7JQ7LW),__7JQ7LW,01 - Non intersection,03 - P.D. only,99 - Other,01 - Clear,07 - Dark,01 - Dry,10 - No control,,2,0,0,0,,0,,,,,340637.0196,5006633.531,45.19875728,-76.04386037,2707
17--12688,12/1/2017,9:24 AM,WOODROFFE AVE @ GEORGINA DR/LENESTER AVE (0002351),2351,02 - Intersection related,03 - P.D. only,04 - Sideswipe,01 - Clear,01 - Daylight,01 - Dry,01 - Traffic signal,01 - Functioning,2,0,0,0,,0,,,,,361909.2231,5025370.597,45.36595218,-75.77096581,2708
17--12689,12/1/2017,9:53 AM,LYON ST @ WELLINGTON ST (0002388),2388,02 - Intersection related,03 - P.D. only,04 - Sideswipe,01 - Clear,01 - Daylight,01 - Dry,01 - Traffic signal,01 - Functioning,2,0,0,0,,0,,,,,366935.271,5031425.941,45.42000907,-75.7060486,2709
17--1269,1/31/2017,8:30 PM,HIGHWAY 417 btwn HWY 417 ANDERSON IC104R61 & HWY 417 BOUNDARY IC96R16 (__3ZA2W5),__3ZA2W5,01 - Non intersection,03 - P.D. only,07 - SMV other,01 - Clear,07 - Dark,01 - Dry,10 - No control,,1,0,0,0,,0,,,,,385007.4596,5024986.865,45.36023723,-75.47620548,2710
17--12690,12/2/2017,10:10 PM,DAZE ST @ 200 W OF BANK ST/SOUTHKEYS SC (0012179),12179,03 - At intersection,03 - P.D. only,05 - Turning movement,01 - Clear,07 - Dark,01 - Dry,01 - Traffic signal,01 - Functioning,2,0,0,0,,0,,,,,371194.1932,5024142.084,45.35408043,-75.65261464,2711
17--11974,11/19/2017,10:08 AM,FERNBANK RD btwn BLACK'S SIDE RD & WEST RIDGE DR (__5RG1P8),__5RG1P8,01 - Non intersection,03 - P.D. only,07 - SMV other,03 - Snow,01 - Daylight,06 - Ice,10 - No control,,1,0,0,0,,0,,,,,349879.8606,5011232.576,45.23961103,-75.92580485,2712
17--12514,11/28/2017,7:50 AM,WOODROFFE AVE @ QUEENSBURY DR/RIDEAUCREST DR (0000043),43,03 - At intersection,03 - P.D. only,02 - Angle,01 - Clear,01 - Daylight,01 - Dry,01 - Traffic signal,01 - Functioning,2,0,0,0,,0,,,,,365727.3671,5016327.777,45.28426446,-75.72334192,2713
17--11975,11/19/2017,10:15 AM,STRANDHERD BRIDGE (VIMY MEMORIAL BRIDGE) btwn PRINCE OF WALES DR & RIVER RD (e___2H44),e___2H44,07 - Overpass or bridge,02 - Non-fatal injury,07 - SMV other,03 - Snow,01 - Daylight,05 - Packed snow,10 - No control,,1,0,0,0,01 - Minimal,1,1,,,,367373.868,5014754.34,45.26996216,-75.70255387,2714
17--12423,11/27/2017,3:56 PM,HAWTHORNE RD btwn LEITRIM RD & LOUISEIZE RD (__3ZBO24),__3ZBO24,01 - Non intersection,03 - P.D. only,03 - Rear end,01 - Clear,01 - Daylight,01 - Dry,10 - No control,,4,0,0,0,,0,,,,,377236.6704,5022245.951,45.33642182,-75.57578218,2715
17--12515,11/28/2017,7:55 AM,HIGHWAY 417 btwn HWY417 IC110 RAMP64 & HWY417 IC104 RAMP16 (__3ZA2W9),__3ZA2W9,01 - Non intersection,03 - P.D. only,03 - Rear end,01 - Clear,01 - Daylight,01 - Dry,10 - No control,,2,0,0,0,,0,,,,,378003.5876,5026439.532,45.37407383,-75.56537745,2716
17--11976,11/19/2017,10:17 AM,GLENWOOD DR btwn CORLYON ST & NOVA LUX WAY (__3ZAZ9R),__3ZAZ9R,01 - Non intersection,02 - Non-fatal injury,07 - SMV other,01 - Clear,01 - Daylight,06 - Ice,10 - No control,,1,0,0,0,02 - Minor,1,,1,,,386069.621,5011120.151,45.23535219,-75.46492254,2717
17--12424,11/27/2017,4:01 PM,BANKFIELD RD @ PRINCE OF WALES DR (0003618),3618,02 - Intersection related,03 - P.D. only,03 - Rear end,01 - Clear,01 - Daylight,06 - Ice,01 - Traffic signal,01 - Functioning,2,0,0,0,,0,,,,,366379.3555,5008974.718,45.21804494,-75.71594254,2718
17--12516,11/28/2017,7:59 PM,MERIVALE RD btwn ROSSLAND AVE & EMERALD PLAZA SC (__3ZA4HZA),__3ZA4HZA,01 - Non intersection,03 - P.D. only,99 - Other,01 - Clear,07 - Dark,01 - Dry,10 - No control,,3,0,0,0,,0,,,,,364713.9477,5024058.785,45.35391456,-75.73532394,2719
17--11977,11/19/2017,10:58 AM,THOMAS A. DOLAN PKWY btwn WOODKILTON RD & DUNROBIN RD (__3ZAC26),__3ZAC26,01 - Non intersection,03 - P.D. only,07 - SMV other,03 - Snow,01 - Daylight,03 - Loose snow,10 - No control,,1,0,0,0,,0,,,,,341226.3317,5030508.064,45.41356077,-76.03460511,2720
17--12425,11/27/2017,4:06 PM,RUSSELL RD btwn THIRSK ST & HAIG DR (__3ZA78B),__3ZA78B,01 - Non intersection,03 - P.D. only,03 - Rear end,01 - Clear,01 - Daylight,01 - Dry,10 - No control,,2,0,0,0,,0,,,,,372670.8644,5029741.838,45.40432338,-75.63300038,2721
17--12517,11/28/2017,8:00 AM,RODNEY CRES btwn BILLINGS AVE & NORWOOD AVE (__3ZA9IA),__3ZA9IA,01 - Non intersection,03 - P.D. only,06 - SMV unattended vehicle,01 - Clear,01 - Daylight,06 - Ice,10 - No control,,1,0,0,0,,0,,,,,369967.9309,5028642.21,45.39468618,-75.66766988,2722
17--12518,11/28/2017,8:00 PM,WOODROFFE AVE btwn OTTAWA RIVER PKWY & OTTAWA RIVER PKWY (__3ZAA1Z),__3ZAA1Z,01 - Non intersection,03 - P.D. only,07 - SMV other,02 - Rain,07 - Dark,03 - Loose snow,10 - No control,,1,0,0,0,,0,,,,,361409.0924,5027047.187,45.38107857,-75.77715761,2723
17--12519,11/28/2017,8:27 AM,MAIN ST btwn MCNAUGHTON AVE & BOWER ST (__3ZA3O7),__3ZA3O7,01 - Non intersection,03 - P.D. only,03 - Rear end,01 - Clear,01 - Daylight,01 - Dry,10 - No control,,2,0,0,0,,0,,,,,369347.4747,5029739.073,45.40461285,-75.67545003,2724
17--1252,1/31/2017,6:02 PM,BANK ST @ JOHNSTON RD (0006967),6967,03 - At intersection,02 - Non-fatal injury,07 - SMV other,01 - Clear,07 - Dark,01 - Dry,01 - Traffic signal,01 - Functioning,1,0,0,1,01 - Minimal,1,1,,,,370853.2314,5024838.402,45.36037789,-75.65687279,2725
17--12520,11/28/2017,9:20 AM,BASELINE RD @ BASSANO ST (0003210),3210,02 - Intersection related,03 - P.D. only,03 - Rear end,02 - Rain,01 - Daylight,06 - Ice,02 - Stop sign,01 - Functioning,2,0,0,0,,0,,,,,363766.6937,5024518.865,45.3581346,-75.74735771,2726
17--12521,11/28/2017,9:29 AM,RICHMOND RD btwn PERTH ST & CAMBRIAN RD (__3ZAB98),__3ZAB98,01 - Non intersection,02 - Non-fatal injury,07 - SMV other,01 - Clear,01 - Daylight,01 - Dry,10 - No control,,1,0,0,0,02 - Minor,1,,1,,,358281.0772,5007575.977,45.20612,-75.81919597,2727
17--12522,11/28/2017,9:42 PM,PARKDALE AVE @ TYNDALL ST (0006515),6515,02 - Intersection related,02 - Non-fatal injury,03 - Rear end,01 - Clear,07 - Dark,02 - Wet,02 - Stop sign,00 - Unknown,2,0,0,0,01 - Minimal,1,1,,,,365263.3662,5029013.561,45.39844955,-75.72770575,2728
17--12523,11/29/2017,1:10 PM,HWY 417 VANIER IC117R36 @ VANIER PKWY (0002385),2385,02 - Intersection related,03 - P.D. only,04 - Sideswipe,01 - Clear,01 - Daylight,01 - Dry,10 - No control,,2,1,0,0,,0,,,,,370765.7892,5031470.701,45.42006112,-75.65710223,2729
17--12524,11/29/2017,1:59 PM,PINECREST RD @ QUEENSVIEW DR (0002739),2739,02 - Intersection related,03 - P.D. only,02 - Angle,01 - Clear,01 - Daylight,01 - Dry,01 - Traffic signal,01 - Functioning,2,1,0,0,,0,,,,,360347.0142,5023784.175,45.35180315,-75.79108509,2730
17--12525,11/29/2017,10:08 AM,BOOTH ST @ SOMERSET ST (0002216),2216,02 - Intersection related,03 - P.D. only,03 - Rear end,01 - Clear,01 - Daylight,01 - Dry,01 - Traffic signal,01 - Functioning,2,0,0,0,,0,,,,,366591.0306,5030255.24,45.40950593,-75.71059359,2731
17--12526,11/29/2017,10:20 AM,IRIS ST @ WOODROFFE AVE (0002736),2736,02 - Intersection related,03 - P.D. only,03 - Rear end,01 - Clear,01 - Daylight,02 - Wet,01 - Traffic signal,01 - Functioning,2,0,0,0,,0,,,,,362283.1431,5024441.294,45.35755982,-75.76630098,2732
17--12527,11/29/2017,10:21 PM,ROBERTSON RD @ WESTCLIFFE RD (0010387),10387,02 - Intersection related,03 - P.D. only,07 - SMV other,01 - Clear,07 - Dark,01 - Dry,01 - Traffic signal,01 - Functioning,1,0,0,0,,0,,,,,356395.2625,5020053.889,45.31853954,-75.84190448,2733
17--12528,11/29/2017,10:35 AM,GLADSTONE AVE btwn METCALFE ST & ELGIN ST (__3ZA3QC),__3ZA3QC,01 - Non intersection,03 - P.D. only,06 - SMV unattended vehicle,01 - Clear,01 - Daylight,01 - Dry,10 - No control,,1,0,0,0,,0,,,,,368342.2411,5030818.481,45.41441698,-75.68815076,2734
17--12529,11/29/2017,10:40 AM,HAZELDEAN RD btwn 246 E OF CASTLEFRANK RD & IRWIN GT (__3ZA41NB),__3ZA41NB,01 - Non intersection,03 - P.D. only,03 - Rear end,01 - Clear,01 - Daylight,01 - Dry,10 - No control,,2,0,0,0,,0,,,,,353324.8398,5018206.556,45.30213578,-75.88124613,2735