Anom_ID,Accident_Date,Accident_Time,Location,Geo_ID,Accident_Location,Classification_of_Accident,Initial_Impact_Type,Environment_Condition,Light,Road_Surface_Condition,Traffic_Control,Traffic_Control_Condition,No__of_Vehicles,No__of_Bicycles,No__of_Motorcycles,No__of_Pedestrians,Max_Injury,No__of_Injuries,No__of_Minimal,No__of_Minor,No__of_Major,No__of_Fatal,X,Y,Latitude,Longitude,ObjectId
17--1253,1/31/2017,6:12 PM,STRANDHERD DR @ CLARIDGE DR (0010893),10893,03 - At intersection,03 - P.D. only,05 - Turning movement,01 - Clear,07 - Dark,01 - Dry,01 - Traffic signal,01 - Functioning,2,0,0,0,,0,,,,,364949.019,5015380.823,45.27581082,-75.7333776,2736
17--12530,11/29/2017,11:40 AM,OLD MONTREAL RD btwn BARNETT DR & PIERRETTE DR (__3ZA6JU),__3ZA6JU,04 - At/near private drive,03 - P.D. only,07 - SMV other,01 - Clear,01 - Daylight,02 - Wet,10 - No control,,1,0,0,0,,0,,,,,391396.9243,5042646.422,45.51835753,-75.39155607,2737
17--12531,11/29/2017,11:49 AM,RICHMOND RD @ WOODROFFE AVE (0011466),11466,02 - Intersection related,03 - P.D. only,02 - Angle,01 - Clear,01 - Daylight,01 - Dry,01 - Traffic signal,01 - Functioning,2,0,0,0,,0,,,,,361583.6831,5026654.523,45.37753129,-75.77497359,2738
17--12532,11/29/2017,Unknown,TARTAN DR btwn ATOLL ST & ALFA ST (__3ZAA7T),__3ZAA7T,01 - Non intersection,03 - P.D. only,06 - SMV unattended vehicle,01 - Clear,00 - Unknown,01 - Dry,10 - No control,,1,0,0,0,,0,,,,,362609.3559,5014089.815,45.26439052,-75.76334528,2739
17--12533,11/29/2017,Unknown,GLOUCESTER ST btwn KENT ST & BANK ST (__3ZBOR0),__3ZBOR0,01 - Non intersection,03 - P.D. only,06 - SMV unattended vehicle,01 - Clear,00 - Unknown,01 - Dry,10 - No control,,1,0,0,0,,0,,,,,367450.2705,5031154.588,45.41752159,-75.69950319,2740
17--12534,11/29/2017,Unknown,HINTON AVE   S btwn SHERWOOD DR & KENILWORTH ST (__3ZBON0),__3ZBON0,01 - Non intersection,03 - P.D. only,06 - SMV unattended vehicle,01 - Clear,00 - Unknown,01 - Dry,10 - No control,,1,0,0,0,,0,,,,,365266.3424,5028592.76,45.39466301,-75.72771931,2741
17--12535,11/29/2017,Unknown,MCCLELLAN RD btwn GRADY CRES & HOBART CRES (__3ZABRZ),__3ZABRZ,01 - Non intersection,03 - P.D. only,06 - SMV unattended vehicle,01 - Clear,00 - Unknown,01 - Dry,10 - No control,,1,0,0,0,,0,,,,,360268.8352,5021188.683,45.3284551,-75.79237375,2742
17--12536,11/29/2017,12:51 PM,CARP RD btwn WESTBROOK RD & LLOYDALEX CRES (__3ZA3DZ),__3ZA3DZ,04 - At/near private drive,03 - P.D. only,03 - Rear end,01 - Clear,01 - Daylight,01 - Dry,10 - No control,,3,0,0,0,,0,,,,,347901.5347,5015262.281,45.27599584,-75.95065263,2743
17--12537,11/29/2017,2:00 PM,OR174 IC109 RAMP65 @ MONTREAL RD (0004119),4119,03 - At intersection,03 - P.D. only,03 - Rear end,01 - Clear,01 - Daylight,01 - Dry,01 - Traffic signal,01 - Functioning,2,0,0,0,,0,,,,,376402.988,5034982.672,45.45110546,-75.5845693,2744
17--12538,11/29/2017,2:13 PM,INNES RD @ PORTOBELLO BLVD (0009187),9187,03 - At intersection,03 - P.D. only,05 - Turning movement,01 - Clear,01 - Daylight,01 - Dry,01 - Traffic signal,01 - Functioning,2,0,0,0,,0,,,,,385632.2792,5036892.552,45.46728221,-75.46627879,2745
17--12539,11/29/2017,2:20 PM,MERIVALE RD @ WEST HUNT CLUB RD (0000584),584,02 - Intersection related,03 - P.D. only,04 - Sideswipe,01 - Clear,01 - Daylight,01 - Dry,01 - Traffic signal,01 - Functioning,2,0,0,0,,0,,,,,365611.6919,5021942.498,45.33479523,-75.72412733,2746
17--1254,1/31/2017,6:30 AM,HIGHWAY 417 btwn HWY417 IC131 RAMP55 & HWY417 IC130 RAMP35 (__3ZA1MT),__3ZA1MT,01 - Non intersection,03 - P.D. only,03 - Rear end,01 - Clear,07 - Dark,01 - Dry,10 - No control,,2,0,0,0,,0,,,,,358844.7811,5022988.613,45.34476204,-75.81034276,2747
17--12540,11/29/2017,2:35 PM,BRUYERE ST @ SUSSEX DR (0007744),7744,03 - At intersection,02 - Non-fatal injury,07 - SMV other,01 - Clear,01 - Daylight,01 - Dry,01 - Traffic signal,01 - Functioning,1,0,0,1,02 - Minor,1,,1,,,367538.9896,5032666.419,45.43111661,-75.69817716,2748
17--12541,11/29/2017,2:49 PM,PRINCE OF WALES DR @ WEST HUNT CLUB RD (0000567),567,02 - Intersection related,03 - P.D. only,03 - Rear end,01 - Clear,01 - Daylight,02 - Wet,01 - Traffic signal,01 - Functioning,2,0,0,0,,0,,,,,367458.7103,5021892.698,45.33418464,-75.70057052,2749
17--12542,11/29/2017,2:55 PM,CARLING AVE @ IROQUOIS RD (0003145),3145,03 - At intersection,03 - P.D. only,02 - Angle,01 - Clear,01 - Daylight,01 - Dry,01 - Traffic signal,01 - Functioning,2,0,0,0,,0,,,,,362212.6827,5026026.868,45.37183245,-75.76701601,2750
17--12543,11/29/2017,2:56 PM,CAMPEAU DR @ TERRY FOX DR (0008211),8211,03 - At intersection,03 - P.D. only,05 - Turning movement,01 - Clear,01 - Daylight,01 - Dry,01 - Traffic signal,01 - Functioning,2,0,0,0,,0,,,,,350455.2663,5019011.124,45.30956787,-75.9177608,2751
17--12544,11/29/2017,3:20 PM,STEVENAGE DR btwn SWANSEA CRES & HAWTHORNE RD (__3ZBO1J),__3ZBO1J,04 - At/near private drive,03 - P.D. only,05 - Turning movement,01 - Clear,01 - Daylight,01 - Dry,10 - No control,,2,0,0,0,,0,,,,,375046.3364,5027277.925,45.38191998,-75.60300997,2752
17--12545,11/29/2017,3:45 PM,HIGHWAY 417 btwn HWY417 IC117 RAMP61 & HWY417 IC115 RAMP36 (__3ZA2RZ),__3ZA2RZ,01 - Non intersection,03 - P.D. only,04 - Sideswipe,01 - Clear,01 - Daylight,01 - Dry,10 - No control,,2,0,0,0,,0,,,,,371344.7103,5031396.881,45.4193421,-75.64971567,2753
17--12546,11/29/2017,3:45 PM,HIGHWAY 417 btwn HWY417 IC121A RAMP51 & HWY417 IC120A RAMP52 (__3ZA2R6),__3ZA2R6,01 - Non intersection,03 - P.D. only,04 - Sideswipe,01 - Clear,01 - Daylight,01 - Dry,10 - No control,,2,0,0,0,,0,,,,,367239.2718,5029721.536,45.40464628,-75.70238043,2754
17--12547,11/29/2017,4:06 PM,MCBEAN ST btwn RICHLAND DR & DOBSON LANE (__3ZA4ZK),__3ZA4ZK,01 - Non intersection,03 - P.D. only,07 - SMV other,01 - Clear,01 - Daylight,01 - Dry,10 - No control,,1,0,0,0,,0,,,,,358235.1834,5004430.387,45.17781856,-75.82011725,2755
17--12548,11/29/2017,4:11 PM,SMYTH RD/OTHELLO AVE @ RUSSELL RD W (0007730),7730,02 - Intersection related,03 - P.D. only,04 - Sideswipe,01 - Clear,01 - Daylight,01 - Dry,01 - Traffic signal,01 - Functioning,2,0,0,0,,0,,,,,373256.5643,5029373.567,45.40095282,-75.62557049,2756
17--12549,11/29/2017,4:18 PM,BASELINE RD btwn LOBLAWS SC & MERIVALE RD (__3ZA4ISC),__3ZA4ISC,01 - Non intersection,03 - P.D. only,03 - Rear end,01 - Clear,01 - Daylight,01 - Dry,10 - No control,,2,0,0,0,,0,,,,,364968.0776,5025274.025,45.36482734,-75.73193286,2757
17--1255,1/31/2017,6:40 AM,HIGHWAY 417 btwn HWY417 IC134 RAMP25 & HWY417 IC131 RAMP53 (__3ZA2LE),__3ZA2LE,01 - Non intersection,03 - P.D. only,03 - Rear end,01 - Clear,07 - Dark,01 - Dry,10 - No control,,2,0,0,0,,0,,,,,357312.3114,5022607.613,45.34145018,-75.82993745,2758
17--12550,11/29/2017,4:20 PM,ALBION RD btwn LESTER RD & LEITRIM RD (__3ZA3SQ),__3ZA3SQ,01 - Non intersection,03 - P.D. only,03 - Rear end,01 - Clear,05 - Dusk,01 - Dry,10 - No control,,2,0,0,0,,0,,,,,372754.5394,5022194.391,45.33640631,-75.63296987,2759
17--12551,11/29/2017,4:39 PM,BANFF AVE @ SURREY AVE (0006804),6804,03 - At intersection,02 - Non-fatal injury,02 - Angle,01 - Clear,05 - Dusk,01 - Dry,02 - Stop sign,01 - Functioning,2,0,0,0,02 - Minor,3,,3,,,370576.0598,5025920.864,45.37014359,-75.66026623,2760
17--12552,11/29/2017,4:45 PM,EARL ARMSTRONG RD @ RIVER RD (0012470),12470,02 - Intersection related,03 - P.D. only,03 - Rear end,01 - Clear,05 - Dusk,01 - Dry,01 - Traffic signal,01 - Functioning,2,0,0,0,,0,,,,,367570.171,5014684.398,45.26931534,-75.70006126,2761
17--12553,11/29/2017,4:51 PM,INNES RD @ PAGE RD (0012476),12476,03 - At intersection,02 - Non-fatal injury,02 - Angle,01 - Clear,05 - Dusk,01 - Dry,01 - Traffic signal,01 - Functioning,2,0,0,0,01 - Minimal,1,1,,,,380888.0835,5034541.223,45.44665974,-75.52730454,2762
17--12554,11/29/2017,4:51 PM,RIVER RD btwn HONEY GABLES DR & RYEBURN DR (__3ZA3H8),__3ZA3H8,01 - Non intersection,03 - P.D. only,03 - Rear end,01 - Clear,05 - Dusk,01 - Dry,10 - No control,,2,0,0,0,,0,,,,,368031.4251,5016182.25,45.28275154,-75.69399286,2763
17--12555,11/29/2017,5:05 PM,HWY417 IC131 RAMP66 btwn HWY417 IC130 RAMP36 & HWY417 IC131 RAMP63 (__3ZA1SX),__3ZA1SX,01 - Non intersection,03 - P.D. only,03 - Rear end,01 - Clear,07 - Dark,01 - Dry,10 - No control,,2,0,0,0,,0,,,,,358517.8469,5022911.147,45.34409012,-75.81452283,2764
17--12556,11/29/2017,5:07 PM,CARLING AVE WB btwn ROCHESTER ST & BOOTH ST (__3ZA26I),__3ZA26I,01 - Non intersection,03 - P.D. only,03 - Rear end,01 - Clear,07 - Dark,01 - Dry,10 - No control,,2,0,0,0,,0,,,,,367087.0196,5029101.209,45.39907832,-75.70440351,2765
17--12557,11/29/2017,5:15 PM,HIGHWAY 417 btwn HWY417 IC127 RAMP67 & HWY417 IC126 RAMP16 (__3ZA2X0),__3ZA2X0,01 - Non intersection,03 - P.D. only,04 - Sideswipe,01 - Clear,07 - Dark,01 - Dry,10 - No control,,2,0,0,0,,0,,,,,362714.3586,5025313.568,45.36537298,-75.7606953,2766
17--12558,11/29/2017,5:18 PM,MERIVALE RD @ WOODFIELD DR/ROYDON PL (0009776),9776,02 - Intersection related,03 - P.D. only,03 - Rear end,01 - Clear,05 - Dusk,01 - Dry,01 - Traffic signal,01 - Functioning,3,0,0,0,,0,,,,,365463.0356,5022297.83,45.33800533,-75.72598025,2767
17--12559,11/29/2017,5:29 PM,WURTEMBURG ST btwn LAFRAMBOISE PL & CLARENCE ST E (__3ZA8T5),__3ZA8T5,01 - Non intersection,03 - P.D. only,06 - SMV unattended vehicle,03 - Snow,07 - Dark,06 - Ice,10 - No control,,1,0,0,0,,0,,,,,369184.8236,5033209.367,45.43585226,-75.67707407,2768
17--1256,1/31/2017,6:46 PM,VIEWMOUNT DR btwn MERIVALE RD & GRANT CARMAN DR (__3ZA0AL),__3ZA0AL,04 - At/near private drive,03 - P.D. only,02 - Angle,01 - Clear,07 - Dark,01 - Dry,10 - No control,,2,0,0,0,,0,,,,,365287.852,5023006.473,45.34439674,-75.72812863,2769
17--12560,11/29/2017,5:38 PM,MOODIE DR @ TIMM DR (0001106),1106,03 - At intersection,03 - P.D. only,05 - Turning movement,01 - Clear,07 - Dark,01 - Dry,02 - Stop sign,01 - Functioning,2,0,0,0,,0,,,,,356816.6518,5021084.813,45.32778481,-75.83642175,2770
17--12561,11/29/2017,5:44 PM,NOTRE DAME ST btwn ST. JEAN ST & BELCOURT BLVD (__3ZA67N),__3ZA67N,04 - At/near private drive,03 - P.D. only,06 - SMV unattended vehicle,01 - Clear,07 - Dark,01 - Dry,10 - No control,,1,0,0,0,,0,,,,,381273.7624,5037191.539,45.47046305,-75.52196263,2771
17--12562,11/29/2017,6:04 AM,FALLOWFIELD RD @ WOODROFFE AVE (0010372),10372,02 - Intersection related,02 - Non-fatal injury,04 - Sideswipe,01 - Clear,07 - Dark,01 - Dry,01 - Traffic signal,00 - Unknown,2,0,0,0,01 - Minimal,2,2,,,,365086.1533,5017904.528,45.29850728,-75.73132328,2772
17--12563,11/29/2017,6:10 PM,CAMPEAU DR/HWY 417 MARCH IC138R63 @ MARCH RD (0009710),9710,02 - Intersection related,03 - P.D. only,03 - Rear end,01 - Clear,07 - Dark,01 - Dry,01 - Traffic signal,01 - Functioning,2,0,0,0,,0,,,,,352840.5077,5020480.037,45.32262634,-75.8872012,2773
17--12564,11/29/2017,6:30 AM,CARP RD btwn RICHARDSON SIDE RD & HWY417 IC144 RAMP62 (__3ZA3FS),__3ZA3FS,01 - Non intersection,03 - P.D. only,07 - SMV other,02 - Rain,03 - Dawn,02 - Wet,10 - No control,,1,0,0,0,,0,,,,,346474.4258,5016854.039,45.29040514,-75.96870726,2774
17--12565,11/29/2017,6:43 PM,ELGIN ST @ QUEEN ST (0007144),7144,03 - At intersection,03 - P.D. only,05 - Turning movement,01 - Clear,07 - Dark,01 - Dry,01 - Traffic signal,01 - Functioning,2,0,0,0,,0,,,,,367805.037,5031778.24,45.42310115,-75.69489095,2775
17--12566,11/29/2017,7:00 AM,MITCH OWENS RD btwn MANOTICK STATION RD & BOWESVILLE RD (__3ZA3TN),__3ZA3TN,01 - Non intersection,03 - P.D. only,04 - Sideswipe,01 - Clear,03 - Dawn,02 - Wet,10 - No control,,2,1,0,0,,0,,,,,373549.2133,5013295.187,45.2562565,-75.62406556,2776
17--12567,11/29/2017,7:32 AM,RICHMOND RD btwn BASELINE RD TURN LANE & NORTHSIDE RD (__3ZA4LJ),__3ZA4LJ,01 - Non intersection,02 - Non-fatal injury,03 - Rear end,01 - Clear,01 - Daylight,02 - Wet,10 - No control,,2,0,0,0,01 - Minimal,1,1,,,,358531.9512,5021595.495,45.33225074,-75.81448573,2777
17--12568,11/29/2017,7:36 AM,CARLING AVE @ PRESTON ST (0002161),2161,02 - Intersection related,03 - P.D. only,04 - Sideswipe,01 - Clear,01 - Daylight,02 - Wet,01 - Traffic signal,01 - Functioning,2,0,0,0,,0,,,,,366828.8081,5028936.23,45.3976168,-75.70772209,2778
17--12569,11/29/2017,7:58 PM,KING EDWARD AVE @ RIDEAU ST (0002121),2121,02 - Intersection related,03 - P.D. only,03 - Rear end,01 - Clear,07 - Dark,01 - Dry,01 - Traffic signal,01 - Functioning,3,0,0,0,,0,,,,,368511.3728,5032412.92,45.4287478,-75.68578387,2779
17--1257,1/31/2017,7:01 PM,PINECREST RD btwn HWY417 IC129 RAMP26 & GREENBANK RD (__3ZA4MX),__3ZA4MX,01 - Non intersection,03 - P.D. only,04 - Sideswipe,01 - Clear,07 - Dark,02 - Wet,10 - No control,,2,0,0,0,,0,,,,,360419.3094,5023598.108,45.35012319,-75.79018343,2780
17--12570,11/29/2017,7:59 PM,WOODROFFE AVE @ CLARIDGE DR/STONEWAY DR N (0009791),9791,03 - At intersection,02 - Non-fatal injury,05 - Turning movement,01 - Clear,07 - Dark,01 - Dry,01 - Traffic signal,01 - Functioning,2,0,0,0,01 - Minimal,2,2,,,,365576.3652,5016707.443,45.28769375,-75.7252201,2781
17--12571,11/29/2017,8:00 AM,HIGHWAY 417 btwn HWY417 IC123 RAMP62 & HWY417 IC122 RAMP16 (__3ZA2R9),__3ZA2R9,01 - Non intersection,03 - P.D. only,03 - Rear end,02 - Rain,01 - Daylight,02 - Wet,10 - No control,,2,0,0,0,,0,,,,,365116.8295,5028689.659,45.39554779,-75.72961688,2782
17--12572,11/29/2017,8:22 PM,CARP RD btwn BAIRD SIDE RD & THOMAS A. DOLAN PKWY (__3ZBOB2),__3ZBOB2,01 - Non intersection,03 - P.D. only,07 - SMV other,01 - Clear,07 - Dark,01 - Dry,10 - No control,,1,0,0,0,,0,,,,,336304.14,5026021.878,45.37343127,-76.09777745,2783
17--12573,11/29/2017,8:26 AM,LEITRIM RD N @ RAMSAYVILLE RD (0004149),4149,03 - At intersection,02 - Non-fatal injury,02 - Angle,01 - Clear,01 - Daylight,02 - Wet,02 - Stop sign,01 - Functioning,2,0,0,0,02 - Minor,1,,1,,,378728.6848,5023884.739,45.35101113,-75.55650326,2784
17--12574,11/29/2017,8:27 AM,BLACKBURN BYPASS @ INNES RD E (0009245),9245,02 - Intersection related,02 - Non-fatal injury,03 - Rear end,02 - Rain,01 - Daylight,02 - Wet,01 - Traffic signal,01 - Functioning,2,0,0,0,01 - Minimal,1,1,,,,379792.7512,5033781.565,45.43994327,-75.54142084,2785
17--12575,11/29/2017,8:30 PM,HIGHWAY 417 btwn HWY417 IC121B RAMP51 & HWY417 IC121A RAMP51 (__3ZA2YW),__3ZA2YW,01 - Non intersection,03 - P.D. only,99 - Other,01 - Clear,07 - Dark,01 - Dry,10 - No control,,2,0,0,0,,0,,,,,367026.5464,5029646.394,45.40398912,-75.70510707,2786
17--12576,11/29/2017,8:56 AM,BLAIR RD @ OGILVIE RD (0004120),4120,02 - Intersection related,03 - P.D. only,03 - Rear end,01 - Clear,01 - Daylight,02 - Wet,01 - Traffic signal,01 - Functioning,3,0,0,0,,0,,,,,374506.7204,5033199.244,45.4352509,-75.60906236,2787
17--12577,11/29/2017,9:35 AM,COLONEL BY DR @ LEONARD AVE (0006906),6906,02 - Intersection related,03 - P.D. only,03 - Rear end,01 - Clear,01 - Daylight,02 - Wet,02 - Stop sign,00 - Unknown,3,0,0,0,,0,,,,,368227.711,5028575.551,45.39424619,-75.68990242,2788
17--12578,11/30/2017,1:11 AM,DONALD ST @ ST. LAURENT BLVD (0008630),8630,03 - At intersection,03 - P.D. only,04 - Sideswipe,01 - Clear,07 - Dark,01 - Dry,01 - Traffic signal,01 - Functioning,2,0,0,0,,0,,,,,372093.3785,5032473.254,45.4289552,-75.64000349,2789
17--12579,11/30/2017,1:11 PM,CONROY RD @ HUNT CLUB RD (0002257),2257,02 - Intersection related,03 - P.D. only,03 - Rear end,01 - Clear,01 - Daylight,01 - Dry,01 - Traffic signal,01 - Functioning,2,0,0,0,,0,,,,,373763.2621,5025403.806,45.36518494,-75.61965353,2790
17--1258,1/31/2017,7:26 AM,COLONEL BY DR/MACKENZIE AVE @ DALY AVE (0008541),8541,02 - Intersection related,03 - P.D. only,03 - Rear end,01 - Clear,03 - Dawn,01 - Dry,01 - Traffic signal,01 - Functioning,2,0,0,0,,0,,,,,368004.2082,5031905.679,45.42422984,-75.69232975,2791
17--12580,11/30/2017,10:24 AM,HIGHWAY 417 btwn TRANSIT & HWY417 IC127 RAMP35 (__3ZA2SK),__3ZA2SK,01 - Non intersection,03 - P.D. only,03 - Rear end,01 - Clear,01 - Daylight,01 - Dry,10 - No control,,2,0,0,0,,0,,,,,361984.4379,5024710.569,45.36000717,-75.7700821,2792
17--12581,11/30/2017,10:25 AM,ALBION RD @ MITCH OWENS RD (0004212),4212,02 - Intersection related,03 - P.D. only,05 - Turning movement,01 - Clear,01 - Daylight,01 - Dry,01 - Traffic signal,01 - Functioning,2,0,0,0,,0,,,,,375907.2051,5014804.224,45.26959999,-75.59381007,2793
17--12582,11/30/2017,10:36 AM,MCCARTHY RD @ PLANTE DR N (0007480),7480,03 - At intersection,02 - Non-fatal injury,02 - Angle,01 - Clear,01 - Daylight,01 - Dry,01 - Traffic signal,01 - Functioning,2,0,0,0,02 - Minor,1,,1,,,369606.0492,5024192.837,45.35468567,-75.67287523,2794
17--12583,11/30/2017,10:49 AM,BANK ST @ SNAKE ISLAND RD/VICTORIA ST (0001080),1080,03 - At intersection,03 - P.D. only,05 - Turning movement,01 - Clear,01 - Daylight,01 - Dry,01 - Traffic signal,01 - Functioning,2,0,0,0,,0,,,,,383696.4539,5010121.407,45.22663592,-75.49530161,2795
17--12584,11/30/2017,11:17 AM,SOMERSET ST    W btwn BREEZEHILL AVE N & PRESTON ST (__3ZA32I),__3ZA32I,01 - Non intersection,03 - P.D. only,06 - SMV unattended vehicle,01 - Clear,01 - Daylight,01 - Dry,10 - No control,,1,0,0,0,,0,,,,,366232.9347,5030095.836,45.40810318,-75.71518785,2796
17--12585,11/30/2017,Unknown,SOMERSET ST    W btwn LEBRETON ST N & EMPRESS AVE (__3ZA32C),__3ZA32C,01 - Non intersection,03 - P.D. only,06 - SMV unattended vehicle,01 - Clear,00 - Unknown,01 - Dry,10 - No control,,1,0,0,0,,0,,,,,366691.655,5030325.781,45.41013174,-75.70929934,2797
17--12586,11/30/2017,Unknown,BRITANNIA RD btwn PRISCILLA ST & MARIE ST (__3ZABWE),__3ZABWE,01 - Non intersection,03 - P.D. only,06 - SMV unattended vehicle,01 - Clear,00 - Unknown,01 - Dry,10 - No control,,1,0,0,0,,0,,,,,360089.7227,5024936.745,45.36219428,-75.79423959,2798
17--12587,11/30/2017,Unknown,SWEETLAND AVE btwn LAURIER AVE E & OSGOODE ST (__3ZA8JD),__3ZA8JD,01 - Non intersection,03 - P.D. only,06 - SMV unattended vehicle,01 - Clear,00 - Unknown,02 - Wet,10 - No control,,1,0,0,0,,0,,,,,368982.2887,5032131.165,45.42616962,-75.67980301,2799
17--12588,11/30/2017,12:17 PM,BRITTANY DR @ MONTREAL RD (0007685),7685,02 - Intersection related,03 - P.D. only,03 - Rear end,01 - Clear,01 - Daylight,01 - Dry,01 - Traffic signal,01 - Functioning,2,0,0,0,,0,,,,,371912.7839,5033994.628,45.44266115,-75.64210379,2800
17--12589,11/30/2017,2:02 PM,SMYTH RD btwn ROGER GUINDON AVE & BOTSFORD ST (__3ZA3BW),__3ZA3BW,01 - Non intersection,03 - P.D. only,03 - Rear end,01 - Clear,01 - Daylight,02 - Wet,10 - No control,,2,0,0,0,,0,,,,,372043.4136,5029236.712,45.39983903,-75.64108356,2801
17--1259,1/31/2017,7:30 AM,RICHMOND RD @ WEST HUNT CLUB RD (0000598),598,02 - Intersection related,03 - P.D. only,03 - Rear end,01 - Clear,03 - Dawn,01 - Dry,01 - Traffic signal,01 - Functioning,2,0,0,0,,0,,,,,357146.1938,5018151.916,45.30136976,-75.83252794,2802
17--12590,11/30/2017,2:31 PM,CARLING AVE @ CLYDE AVE/COLE AVE (0006984),6984,02 - Intersection related,03 - P.D. only,03 - Rear end,01 - Clear,01 - Daylight,02 - Wet,01 - Traffic signal,01 - Functioning,2,0,0,0,,0,,,,,363520.3562,5026850.542,45.3791354,-75.75022451,2803
17--12591,11/30/2017,2:45 PM,BOUNDARY RD @ RUSSELL RD (0004181),4181,02 - Intersection related,03 - P.D. only,07 - SMV other,01 - Clear,01 - Daylight,01 - Dry,02 - Stop sign,01 - Functioning,1,0,0,0,,0,,,,,386546.8139,5026021.502,45.36936822,-75.45638873,2804
17--12592,11/30/2017,2:48 PM,STRANDHERD DR @ CLARIDGE DR (0010893),10893,02 - Intersection related,02 - Non-fatal injury,02 - Angle,02 - Rain,01 - Daylight,02 - Wet,01 - Traffic signal,01 - Functioning,2,0,0,0,02 - Minor,1,,1,,,364949.0128,5015381.697,45.27581869,-75.73337758,2805
17--12593,11/30/2017,3:16 PM,HIGHWAY 417 btwn HWY417 IC127 RAMP16 & HWY417 IC127 RAMP63 (__3ZA2UP),__3ZA2UP,01 - Non intersection,03 - P.D. only,04 - Sideswipe,01 - Clear,01 - Daylight,01 - Dry,10 - No control,,2,0,0,0,,0,,,,,361972.073,5024734.84,45.36022656,-75.77023711,2806
17--12594,11/30/2017,3:23 PM,COLONIAL RD @ ROCKDALE RD (0004608),4608,03 - At intersection,02 - Non-fatal injury,02 - Angle,02 - Rain,01 - Daylight,02 - Wet,02 - Stop sign,01 - Functioning,2,0,0,0,02 - Minor,1,,1,,,391419.487,5032662.503,45.42853148,-75.39302744,2807
17--12595,11/30/2017,3:25 PM,CATHERINE ST @ METCALFE ST (0011239),11239,02 - Intersection related,03 - P.D. only,04 - Sideswipe,02 - Rain,01 - Daylight,02 - Wet,01 - Traffic signal,01 - Functioning,2,0,0,0,,0,,,,,368393.3723,5030485.894,45.41141983,-75.68754046,2808
17--12596,11/30/2017,3:40 PM,MITCH OWENS RD btwn RIVER RD & SPRATT RD (__3ZA38F),__3ZA38F,04 - At/near private drive,03 - P.D. only,02 - Angle,02 - Rain,01 - Daylight,02 - Wet,10 - No control,,2,0,0,0,,0,,,,,369578.1246,5010815.507,45.23432139,-75.67497886,2809
17--12597,11/30/2017,3:40 PM,HIGHWAY 417 btwn HWY417 IC126 RAMP16 & HWY417 IC126 RAMP61 (__3ZA2RC),__3ZA2RC,01 - Non intersection,03 - P.D. only,04 - Sideswipe,02 - Rain,01 - Daylight,02 - Wet,10 - No control,,2,0,0,0,,0,,,,,363102.7986,5025784.285,45.36957623,-75.75568155,2810
17--12598,11/30/2017,3:47 PM,BRONSON AVE @ FIRST AVE (0007719),7719,02 - Intersection related,03 - P.D. only,04 - Sideswipe,04 - Freezing Rain,01 - Daylight,06 - Ice,02 - Stop sign,01 - Functioning,2,0,0,0,,0,,,,,367488.7041,5029235.894,45.40025432,-75.69925615,2811
17--12599,11/30/2017,4:00 PM,NORTH RIVER RD btwn SELKIRK ST & MCARTHUR AVE (__3ZA3U7),__3ZA3U7,04 - At/near private drive,03 - P.D. only,05 - Turning movement,02 - Rain,05 - Dusk,02 - Wet,10 - No control,,2,0,0,0,,0,,,,,369788.2037,5032741.766,45.43158915,-75.66942458,2812
17--126,1/4/2017,3:21 PM,BASELINE RD btwn MARSON ST & FISHER AVE (__3ZA4JL),__3ZA4JL,01 - Non intersection,03 - P.D. only,03 - Rear end,03 - Snow,01 - Daylight,05 - Packed snow,10 - No control,,2,0,0,0,,0,,,,,365998.4533,5025922.095,45.37056935,-75.71870068,2813
17--1260,1/31/2017,7:48 AM,CENTENNIAL BLVD @ MAIN ST (0007246),7246,03 - At intersection,03 - P.D. only,02 - Angle,01 - Clear,03 - Dawn,01 - Dry,02 - Stop sign,01 - Functioning,2,0,0,0,,0,,,,,369480.4241,5029417.066,45.40170327,-75.6737941,2814
17--11978,11/19/2017,11:03 AM,BOOTH ST @ SIR JOHN A. MACDONALD PKWY/WELLINGTON ST (0012252),12252,03 - At intersection,02 - Non-fatal injury,02 - Angle,03 - Snow,01 - Daylight,02 - Wet,01 - Traffic signal,01 - Functioning,2,0,0,0,02 - Minor,1,,1,,,366263.2537,5031008.026,45.41630815,-75.71468681,2815
17--11979,11/19/2017,11:32 AM,ARBEATHA ST @ ARNOLD DR (0000880),880,02 - Intersection related,03 - P.D. only,07 - SMV other,02 - Rain,01 - Daylight,03 - Loose snow,03 - Yield sign,00 - Unknown,1,0,0,0,,0,,,,,357685.6535,5019639.138,45.31471155,-75.825491,2816
17--1198,1/30/2017,7:15 PM,WOODROFFE AVE btwn WOODROFFE AVE & NAVAHO DR (__3ZA2TY),__3ZA2TY,01 - Non intersection,03 - P.D. only,04 - Sideswipe,01 - Clear,07 - Dark,01 - Dry,10 - No control,,2,0,0,0,,0,,,,,362583.867,5023677.049,45.35065849,-75.76255226,2817
17--11980,11/19/2017,12:16 PM,FRANKTOWN RD btwn SILVER FOX WAY & SKEEL CRT (__3ZA3FC),__3ZA3FC,01 - Non intersection,03 - P.D. only,07 - SMV other,05 - Drifting Snow,01 - Daylight,04 - Slush,10 - No control,,1,0,0,0,,0,,,,,347580.0039,4997996.67,45.12065079,-75.95623234,2818