Anom_ID,Accident_Date,Accident_Time,Location,Geo_ID,Accident_Location,Classification_of_Accident,Initial_Impact_Type,Environment_Condition,Light,Road_Surface_Condition,Traffic_Control,Traffic_Control_Condition,No__of_Vehicles,No__of_Bicycles,No__of_Motorcycles,No__of_Pedestrians,Max_Injury,No__of_Injuries,No__of_Minimal,No__of_Minor,No__of_Major,No__of_Fatal,X,Y,Latitude,Longitude,ObjectId
17--12426,11/27/2017,4:15 PM,MITCH OWENS RD @ DOZOIS RD/LIMEBANK RD (0012469),12469,02 - Intersection related,03 - P.D. only,03 - Rear end,01 - Clear,05 - Dusk,01 - Dry,01 - Traffic signal,01 - Functioning,3,0,0,0,,0,,,,,371674.7842,5012117.69,45.24584223,-75.6481034,2819
17--11981,11/19/2017,12:26 AM,HIGHWAY 417 btwn HWY417 IC110 RAMP55 & HWY417 IC104 RAMP51 (__3ZA2W8),__3ZA2W8,01 - Non intersection,03 - P.D. only,07 - SMV other,04 - Freezing Rain,07 - Dark,06 - Ice,10 - No control,,1,0,0,0,,0,,,,,376782.238,5027323.328,45.38215228,-75.58084009,2820
17--12427,11/27/2017,4:25 PM,HERON RD @ KALADAR AVE (0006960),6960,02 - Intersection related,03 - P.D. only,05 - Turning movement,01 - Clear,05 - Dusk,01 - Dry,01 - Traffic signal,01 - Functioning,2,0,0,0,,0,,,,,369685.389,5026805.207,45.37818367,-75.67151965,2821
17--11982,11/19/2017,12:26 PM,KENT ST @ LAURIER AVE (0002222),2222,03 - At intersection,03 - P.D. only,02 - Angle,01 - Clear,01 - Daylight,02 - Wet,01 - Traffic signal,01 - Functioning,2,0,0,0,,0,,,,,367316.3646,5031162.582,45.4176055,-75.70121296,2822
17--12428,11/27/2017,4:30 PM,OTTAWA RIVER PKWY @ ISLAND PARK DR (0002127),2127,02 - Intersection related,03 - P.D. only,03 - Rear end,02 - Rain,05 - Dusk,02 - Wet,01 - Traffic signal,01 - Functioning,2,0,0,0,,0,,,,,363299.0298,5029454.901,45.40258753,-75.75274154,2823
17--11983,11/19/2017,12:27 AM,HIGHWAY 7 btwn HAZELDEAN IC RAMP 53 & HIGHWAY 7 (__7JQ7LK),__7JQ7LK,01 - Non intersection,03 - P.D. only,07 - SMV other,04 - Freezing Rain,07 - Dark,06 - Ice,10 - No control,,1,0,0,0,,0,,,,,342357.4523,5008448.355,45.21499858,-76.02182635,2824
17--12429,11/27/2017,4:30 PM,FRANK ST btwn ELGIN ST & CARTIER ST (__3ZA9TD),__3ZA9TD,01 - Non intersection,03 - P.D. only,07 - SMV other,01 - Clear,05 - Dusk,02 - Wet,10 - No control,,1,0,0,0,,0,,,,,368459.4832,5030950.049,45.41559013,-75.68663597,2825
17--11984,11/19/2017,2:01 PM,EAGLESON RD btwn ABBEYHILL DR & PALOMINO DR (__3ZA41M),__3ZA41M,01 - Non intersection,02 - Non-fatal injury,03 - Rear end,03 - Snow,01 - Daylight,03 - Loose snow,10 - No control,,2,0,0,0,02 - Minor,1,,1,,,353950.4308,5017723.266,45.29774354,-75.87331743,2826
17--1243,1/31/2017,4:27 PM,HOLLAND AVE/TUNNEY'S PASTURE @ SCOTT ST (0006494),6494,02 - Intersection related,03 - P.D. only,03 - Rear end,01 - Clear,01 - Daylight,01 - Dry,01 - Traffic signal,01 - Functioning,2,0,0,0,,0,,,,,364737.6705,5029595.562,45.40373147,-75.73434908,2827
17--11985,11/19/2017,2:30 AM,IRONSTONE CRT btwn END & END (__6REWNW),__6REWNW,01 - Non intersection,03 - P.D. only,07 - SMV other,03 - Snow,07 - Dark,06 - Ice,10 - No control,,1,0,0,0,,0,,,,,349780.8739,5010517.258,45.23318064,-75.92713029,2828
17--11986,11/19/2017,2:55 AM,HIGHWAY 417 btwn HWY417 IC122 RAMP51 & HWY417 IC122 RAMP15 (__3ZA2R0),__3ZA2R0,01 - Non intersection,03 - P.D. only,07 - SMV other,04 - Freezing Rain,07 - Dark,04 - Slush,10 - No control,,1,0,0,0,,0,,,,,365317.9251,5028863.206,45.39709197,-75.72702738,2829
17--11987,11/19/2017,2:56 AM,FRONTIER RD btwn DEVINE RD & BURTON RD (__3ZA6VZ),__3ZA6VZ,01 - Non intersection,03 - P.D. only,07 - SMV other,04 - Freezing Rain,07 - Dark,06 - Ice,10 - No control,,1,0,0,0,,0,,,,,389762.1569,5021652.129,45.32967431,-75.41609834,2830
17--11988,11/19/2017,2:57 AM,BLACKBURN BYPASS WB btwn NAVAN RD & INNES RD E (__3ZA3J9),__3ZA3J9,01 - Non intersection,03 - P.D. only,07 - SMV other,03 - Snow,07 - Dark,06 - Ice,10 - No control,,1,0,0,0,,0,,,,,379644.3945,5033304.344,45.43566548,-75.54338947,2831
17--11989,11/19/2017,3:15 PM,BASELINE RD @ CORDOVA ST (0003208),3208,02 - Intersection related,03 - P.D. only,03 - Rear end,03 - Snow,01 - Daylight,04 - Slush,01 - Traffic signal,01 - Functioning,2,0,0,0,,0,,,,,363594.0227,5024407.52,45.35714723,-75.74957471,2832
17--1199,1/30/2017,7:29 AM,HWY 416 WESTHUNT IC72R34 @ WEST HUNT CLUB RD (0005218),5218,02 - Intersection related,03 - P.D. only,03 - Rear end,01 - Clear,03 - Dawn,01 - Dry,01 - Traffic signal,00 - Unknown,2,0,0,0,,0,,,,,359370.2815,5019363.089,45.31209874,-75.80403706,2833
17--11990,11/19/2017,3:21 PM,HIGHWAY 417 btwn HWY417 IC129 RAMP76 & HWY417 IC129 RAMP26 (__3ZA2RG),__3ZA2RG,01 - Non intersection,03 - P.D. only,07 - SMV other,01 - Clear,01 - Daylight,06 - Ice,10 - No control,,1,0,0,0,,0,,,,,360392.3743,5023506.577,45.34930173,-75.79053744,2834
17--11991,11/19/2017,3:48 PM,ST. LAURENT BLVD btwn HWY417 IC115 RAMP35 & HWY417 IC115 RAMP26 (__3ZAZEA),__3ZAZEA,06 - Underpass or tunnel,03 - P.D. only,03 - Rear end,03 - Snow,01 - Daylight,06 - Ice,10 - No control,,3,0,0,0,,0,,,,,372490.5641,5031510.653,45.42025584,-75.6350604,2835
17--11992,11/19/2017,3:55 AM,HIGHWAY 417 btwn HWY417 IC163 RAMP51 & HWY417 IC163 RAMP15 (__34IVFY),__34IVFY,01 - Non intersection,03 - P.D. only,07 - SMV other,03 - Snow,07 - Dark,03 - Loose snow,10 - No control,,1,0,0,0,,0,,,,,331005.0494,5021521.374,45.33315163,-76.16566975,2836
17--11993,11/19/2017,4:20 AM,HIGHWAY 417 btwn HWY417 IC124 RAMP76 & HWY417 IC124 RAMP67 (__3ZA2R7),__3ZA2R7,01 - Non intersection,03 - P.D. only,04 - Sideswipe,04 - Freezing Rain,07 - Dark,04 - Slush,10 - No control,,2,0,0,0,,0,,,,,364456.0561,5027571.359,45.38554214,-75.7381909,2837
17--11994,11/19/2017,5:27 PM,ALBION RD @ BANK ST (0012409),12409,02 - Intersection related,03 - P.D. only,02 - Angle,01 - Clear,07 - Dark,01 - Dry,01 - Traffic signal,00 - Unknown,2,0,0,0,,0,,,,,371946.2769,5024128.823,45.3538895,-75.64301871,2838
17--11995,11/19/2017,6:00 AM,HIGHWAY 417 btwn HWY417 IC115 RAMP51 & HWY417 IC115 RAMP35 (__3ZAZEB),__3ZAZEB,01 - Non intersection,03 - P.D. only,04 - Sideswipe,03 - Snow,07 - Dark,03 - Loose snow,10 - No control,,2,0,0,0,,0,,,,,372328.061,5031480.11,45.41999673,-75.63714079,2839
17--11996,11/19/2017,6:03 AM,DONNELLY DR btwn Continuation of DONNELLY DR & MILL POND LANE (__3ZACJA),__3ZACJA,01 - Non intersection,03 - P.D. only,07 - SMV other,03 - Snow,07 - Dark,05 - Packed snow,10 - No control,,1,0,0,0,,0,,,,,358125.5196,4981311.787,44.9697946,-75.82396969,2840
17--11997,11/19/2017,6:10 AM,HIGHWAY 417 btwn Continuation of HIGHWAY 417 & HWY417 IC134 RAMP51 (__3ZA29B),__3ZA29B,01 - Non intersection,03 - P.D. only,04 - Sideswipe,04 - Freezing Rain,07 - Dark,03 - Loose snow,10 - No control,,2,0,0,0,,0,,,,,355709.0283,5021832.703,45.33459564,-75.8504739,2841
17--11998,11/19/2017,6:59 AM,RAMSAYVILLE RD btwn WHYTE SIDE RD & LEITRIM RD (__3ZA6GH),__3ZA6GH,01 - Non intersection,03 - P.D. only,07 - SMV other,03 - Snow,03 - Dawn,06 - Ice,10 - No control,,1,0,0,0,,0,,,,,378044.5546,5025519.526,45.36579185,-75.56499089,2842
17--11999,11/19/2017,6:59 AM,INNES RD @ STAR TOP RD/WINDMILL LANE (0008734),8734,02 - Intersection related,03 - P.D. only,03 - Rear end,03 - Snow,03 - Dawn,03 - Loose snow,01 - Traffic signal,01 - Functioning,2,0,0,0,,0,,,,,374147.3914,5030667.229,45.41250488,-75.61401092,2843
17--120,1/4/2017,3:00 PM,KIRKWOOD AVE @ RICHMOND RD (0002080),2080,02 - Intersection related,03 - P.D. only,03 - Rear end,03 - Snow,01 - Daylight,04 - Slush,01 - Traffic signal,01 - Functioning,3,0,0,0,,0,,,,,363780.4064,5028640.697,45.39522108,-75.7466904,2844
17--1200,1/30/2017,7:30 PM,ST. JOSEPH BLVD/OLD MONTREAL RD @ TRIM RD (0004118),4118,02 - Intersection related,03 - P.D. only,04 - Sideswipe,01 - Clear,07 - Dark,01 - Dry,11 - Roundabout,01 - Functioning,2,0,0,0,,0,,,,,384681.4104,5039285.461,45.4889207,-75.47804785,2845
17--12000,11/19/2017,7:03 AM,MITCH OWENS RD btwn LIMEBANK RD & DOWNEY RD (__3ZA3H4),__3ZA3H4,04 - At/near private drive,03 - P.D. only,07 - SMV other,03 - Snow,03 - Dawn,03 - Loose snow,10 - No control,,1,0,0,0,,0,,,,,372368.9117,5012551.564,45.24967986,-75.63920316,2846
17--12001,11/19/2017,7:07 AM,BANK ST @ VANCOUVER AVE (0011964),11964,03 - At intersection,02 - Non-fatal injury,07 - SMV other,03 - Snow,03 - Dawn,06 - Ice,02 - Stop sign,01 - Functioning,1,0,0,0,02 - Minor,2,,2,,,370440.902,5025683.759,45.36802287,-75.66202305,2847
17--12002,11/19/2017,7:15 AM,HIGHWAY 417 btwn HWY417 IC96 RAMP61 & HIGHWAY 417 (__3ZA271),__3ZA271,01 - Non intersection,03 - P.D. only,07 - SMV other,03 - Snow,01 - Daylight,04 - Slush,10 - No control,,1,0,0,0,,0,,,,,387550.4261,5023856.569,45.34977227,-75.44394086,2848
17--12003,11/19/2017,7:30 AM,HIGHWAY 417 btwn HWY417 IC120B RAMP36 & HWY417 IC119B RAMP76 (__3ZA2YU),__3ZA2YU,01 - Non intersection,03 - P.D. only,04 - Sideswipe,03 - Snow,01 - Daylight,03 - Loose snow,10 - No control,,3,0,0,0,,0,,,,,367924.5477,5030112.273,45.40810055,-75.69357734,2849
17--12004,11/19/2017,7:35 AM,HAWTHORNE RD btwn BLAIS RD & RIDEAU RD (__3ZA6GZ),__3ZA6GZ,01 - Non intersection,02 - Non-fatal injury,07 - SMV other,03 - Snow,01 - Daylight,06 - Ice,10 - No control,,1,0,0,0,01 - Minimal,1,1,,,,378505.3988,5019220.746,45.3090704,-75.56004692,2850
17--12005,11/19/2017,7:57 AM,INDUSTRIAL AVE/INNES RD @ ST. LAURENT BLVD (0002203),2203,02 - Intersection related,02 - Non-fatal injury,07 - SMV other,03 - Snow,01 - Daylight,04 - Slush,01 - Traffic signal,01 - Functioning,1,0,0,0,01 - Minimal,1,1,,,,373099.393,5030007.573,45.40667267,-75.62749007,2851
17--12006,11/19/2017,8:00 AM,HIGHWAY 417 btwn HWY417 IC163 RAMP51 & HWY417 IC163 RAMP15 (__34IVFY),__34IVFY,01 - Non intersection,03 - P.D. only,07 - SMV other,04 - Freezing Rain,01 - Daylight,06 - Ice,10 - No control,,1,0,0,0,,0,,,,,330994.1439,5021534.464,45.33326983,-76.16580819,2852
17--12007,11/19/2017,8:06 AM,BRONSON AVE @ FIFTH AVE/MADAWASKA DR (0006977),6977,02 - Intersection related,03 - P.D. only,03 - Rear end,03 - Snow,01 - Daylight,06 - Ice,01 - Traffic signal,01 - Functioning,2,0,0,0,,0,,,,,367614.0472,5028937.885,45.39756169,-75.69769321,2853
17--12008,11/19/2017,8:20 AM,BASELINE RD @ WOODROFFE AVE (0002225),2225,03 - At intersection,02 - Non-fatal injury,02 - Angle,04 - Freezing Rain,01 - Daylight,05 - Packed snow,01 - Traffic signal,01 - Functioning,2,0,0,0,01 - Minimal,2,2,,,,362551.3624,5023770.505,45.35150208,-75.76295614,2854
17--12009,11/19/2017,8:29 AM,WEST HUNT CLUB RD WB btwn CEDARVIEW RD & GREENBANK RD (__3ZA199),__3ZA199,01 - Non intersection,02 - Non-fatal injury,04 - Sideswipe,03 - Snow,01 - Daylight,03 - Loose snow,10 - No control,,2,0,0,0,02 - Minor,1,,1,,,359978.5436,5019707.655,45.31515164,-75.79624179,2855
17--1201,1/30/2017,7:34 PM,HERON RD btwn HUNTLEY AVE & CLEMENTINE BLVD (__3ZA36D),__3ZA36D,01 - Non intersection,03 - P.D. only,07 - SMV other,06 - Strong wind,07 - Dark,06 - Ice,10 - No control,,1,0,0,0,,0,,,,,369523.2851,5026784.153,45.37800922,-75.67359199,2856
17--12010,11/19/2017,8:30 AM,ST. JOSEPH BLVD @ 500 E OF HART RD (0009271),9271,03 - At intersection,03 - P.D. only,07 - SMV other,03 - Snow,01 - Daylight,03 - Loose snow,01 - Traffic signal,01 - Functioning,1,0,0,0,,0,,,,,378027.9478,5035851.24,45.45875186,-75.56366793,2857
17--12011,11/19/2017,8:35 AM,JOHNSTON RD btwn ALLANFORD AVE & CONROY RD (__3ZAZQD),__3ZAZQD,01 - Non intersection,03 - P.D. only,07 - SMV other,03 - Snow,01 - Daylight,05 - Packed snow,10 - No control,,1,0,0,0,,0,,,,,373243.6498,5026233.518,45.37270129,-75.62617088,2858
17--12012,11/19/2017,9:19 AM,CYRVILLE RD @ INNES RD (0009352),9352,02 - Intersection related,03 - P.D. only,03 - Rear end,03 - Snow,01 - Daylight,03 - Loose snow,01 - Traffic signal,01 - Functioning,2,0,0,0,,0,,,,,375049.3969,5031119.564,45.41648478,-75.60242375,2859
17--12013,11/19/2017,9:19 PM,MONTREAL RD btwn PALACE ST & VANIER PKWY (__3ZA3LL),__3ZA3LL,01 - Non intersection,02 - Non-fatal injury,07 - SMV other,03 - Snow,07 - Dark,03 - Loose snow,10 - No control,,1,0,0,1,02 - Minor,1,,1,,,370045.3476,5033049.386,45.43433305,-75.66609776,2860
17--12014,11/19/2017,9:23 AM,HIGHWAY 417 btwn HWY417 IC127 RAMP16 & HWY417 IC127 RAMP63 (__3ZA2UP),__3ZA2UP,01 - Non intersection,03 - P.D. only,03 - Rear end,03 - Snow,01 - Daylight,05 - Packed snow,10 - No control,,2,0,0,0,,0,,,,,361999.7213,5024752.439,45.36038266,-75.76988219,2861
17--12015,11/19/2017,9:23 AM,HIGHWAY 417 btwn HWY417 IC123 RAMP62 & HWY417 IC122 RAMP16 (__3ZA2R9),__3ZA2R9,01 - Non intersection,03 - P.D. only,07 - SMV other,03 - Snow,01 - Daylight,03 - Loose snow,10 - No control,,1,0,0,0,,0,,,,,365121.5992,5028695.691,45.39560165,-75.72955523,2862
17--12016,11/19/2017,9:32 AM,RUISSELLET RD @ RUSSELL RD (0004092),4092,02 - Intersection related,03 - P.D. only,07 - SMV other,02 - Rain,01 - Daylight,06 - Ice,02 - Stop sign,01 - Functioning,1,0,0,0,,0,,,,,398927.5524,5028952.796,45.39418667,-75.29780527,2863
17--12017,11/19/2017,9:35 AM,HIGHWAY 417 btwn HWY417 IC131 RAMP66 & HWY417 IC130 RAMP26 (__3ZA29A),__3ZA29A,01 - Non intersection,03 - P.D. only,07 - SMV other,03 - Snow,01 - Daylight,04 - Slush,10 - No control,,1,0,0,0,,0,,,,,359025.4812,5023057.515,45.34536808,-75.80802949,2864
17--12018,11/19/2017,9:39 AM,WOODROFFE AVE @ KNOXDALE RD/MEDHURST DR (0000519),519,02 - Intersection related,02 - Non-fatal injury,03 - Rear end,03 - Snow,01 - Daylight,06 - Ice,01 - Traffic signal,01 - Functioning,2,0,0,0,01 - Minimal,2,2,,,,363420.6932,5021826.487,45.33393784,-75.75209273,2865
17--12019,11/19/2017,9:40 PM,PORTOBELLO BLVD/SPRINGRIDGE DR S @ TRIM RD (0012338),12338,02 - Intersection related,03 - P.D. only,03 - Rear end,01 - Clear,07 - Dark,01 - Dry,01 - Traffic signal,01 - Functioning,2,0,0,0,,0,,,,,385690.4156,5038071.501,45.4778825,-75.46534135,2866
17--1202,1/30/2017,7:35 AM,CASTLEFRANK RD @ HAZELDEAN RD (0003608),3608,02 - Intersection related,02 - Non-fatal injury,03 - Rear end,01 - Clear,03 - Dawn,01 - Dry,01 - Traffic signal,01 - Functioning,2,0,0,0,01 - Minimal,1,1,,,,352677.8781,5017676.223,45.29740811,-75.88954646,2867
17--12020,11/20/2017,10:00 PM,HIGHWAY 416 btwn HWY416 IC72 RAMP62 & HWY416 IC72 RAMP24 (__3ZAZEQ),__3ZAZEQ,01 - Non intersection,03 - P.D. only,07 - SMV other,01 - Clear,07 - Dark,01 - Dry,10 - No control,,1,0,0,0,,0,,,,,359454.5873,5019664.893,45.31480784,-75.80292865,2868
17--12021,11/20/2017,11:05 AM,BASELINE RD @ WOODROFFE AVE (0002225),2225,02 - Intersection related,03 - P.D. only,03 - Rear end,01 - Clear,01 - Daylight,02 - Wet,01 - Traffic signal,01 - Functioning,2,0,0,0,,0,,,,,362548.6869,5023771.842,45.35151433,-75.76299013,2869
17--12022,11/20/2017,11:05 AM,AVATION PKWY/HEMLOCK PRIV NB ONRAMP btwn HEMLOCK PRIV & AVIATION PKWY (__3ZAYCU),__3ZAYCU,01 - Non intersection,03 - P.D. only,99 - Other,01 - Clear,01 - Daylight,01 - Dry,10 - No control,,2,0,0,0,,0,,,,,371588.9278,5034952.256,45.45130844,-75.64611315,2870
17--12023,11/20/2017,11:12 PM,MOODIE DR btwn BARNSDALE RD & BROPHY DR (__3ZA4KM),__3ZA4KM,01 - Non intersection,02 - Non-fatal injury,03 - Rear end,01 - Clear,07 - Dark,01 - Dry,10 - No control,,2,0,0,0,02 - Minor,2,,2,,,361979.2368,5008709.598,45.2160302,-75.77199266,2871
17--12024,11/20/2017,11:45 AM,MARKETPLACE AVE @ RIOCAN AVE (0010995),10995,03 - At intersection,03 - P.D. only,05 - Turning movement,01 - Clear,01 - Daylight,01 - Dry,02 - Stop sign,01 - Functioning,2,0,0,0,,0,,,,,364287.2114,5014761.595,45.27029531,-75.74188604,2872
17--12025,11/20/2017,Unknown,TRENTON AVE btwn PRINCE ST & SILVER ST (__3ZA0D9),__3ZA0D9,01 - Non intersection,03 - P.D. only,06 - SMV unattended vehicle,03 - Snow,00 - Unknown,03 - Loose snow,10 - No control,,1,0,0,0,,0,,,,,365214.1288,5026560.981,45.37638598,-75.72863481,2873
17--12026,11/20/2017,Unknown,RUSSELL AVE btwn LAURIER AVE E & OSGOODE ST (__3ZA8KN),__3ZA8KN,01 - Non intersection,03 - P.D. only,06 - SMV unattended vehicle,01 - Clear,00 - Unknown,06 - Ice,10 - No control,,1,0,0,0,,0,,,,,369066.9726,5032174.344,45.42655036,-75.6787153,2874
17--12027,11/20/2017,Unknown,WAYMARK CRES btwn BRIDGESTONE DR & BRIDGESTONE DR (__5QC4HL),__5QC4HL,01 - Non intersection,03 - P.D. only,06 - SMV unattended vehicle,01 - Clear,00 - Unknown,02 - Wet,10 - No control,,1,0,0,0,,0,,,,,355343.3015,5016055.236,45.28263546,-75.85572898,2875
17--12028,11/20/2017,12:26 PM,KING EDWARD AVE @ MURRAY ST (0002713),2713,02 - Intersection related,03 - P.D. only,03 - Rear end,01 - Clear,01 - Daylight,01 - Dry,01 - Traffic signal,01 - Functioning,2,0,0,0,,0,,,,,368292.0343,5032754.251,45.43183892,-75.68854267,2876
17--12029,11/20/2017,12:41 PM,VIEWMOUNT DR @ MERIVALE RD (0001528),1528,02 - Intersection related,03 - P.D. only,04 - Sideswipe,01 - Clear,01 - Daylight,01 - Dry,01 - Traffic signal,01 - Functioning,2,0,0,0,,0,,,,,365194.0316,5022948.495,45.34388314,-75.72933282,2877
17--1203,1/30/2017,7:38 AM,HWY 417 MAITLAND IC126R52 @ MAITLAND AVE (0002246),2246,02 - Intersection related,03 - P.D. only,03 - Rear end,01 - Clear,03 - Dawn,01 - Dry,03 - Yield sign,01 - Functioning,2,0,0,0,,0,,,,,363205.4162,5025832.773,45.37000398,-75.75436587,2878
17--12030,11/20/2017,12:47 PM,PRINCE OF WALES DR @ FAIRPARK DR (0010329),10329,03 - At intersection,02 - Non-fatal injury,02 - Angle,01 - Clear,01 - Daylight,01 - Dry,02 - Stop sign,01 - Functioning,3,0,0,0,02 - Minor,1,,1,,,367270.5213,5015413.945,45.27590643,-75.70378781,2879
17--12031,11/20/2017,12:50 PM,RITA AVE @ MERIVALE RD (0001750),1750,02 - Intersection related,03 - P.D. only,03 - Rear end,01 - Clear,01 - Daylight,02 - Wet,02 - Stop sign,01 - Functioning,2,0,0,0,,0,,,,,364614.6698,5024295.996,45.35605743,-75.7365622,2880
17--12032,11/20/2017,2:15 PM,PAMILLA ST @ PRESTON ST (0006134),6134,02 - Intersection related,02 - Non-fatal injury,07 - SMV other,01 - Clear,01 - Daylight,01 - Dry,01 - Traffic signal,01 - Functioning,1,0,0,1,03 - Major,1,,,1,,366749.1542,5029119.659,45.3992743,-75.70871636,2881
17--12033,11/20/2017,2:43 PM,BERRIGAN DR @ EDGEWARE DR (0009694),9694,02 - Intersection related,03 - P.D. only,03 - Rear end,01 - Clear,01 - Daylight,01 - Dry,02 - Stop sign,00 - Unknown,2,0,0,0,,0,,,,,363979.8632,5015388.846,45.27596525,-75.74572783,2882
17--12034,11/20/2017,3:01 PM,INNES RD @ JEANNE D'ARC BLVD/MER BLEUE RD (0012475),12475,03 - At intersection,03 - P.D. only,05 - Turning movement,01 - Clear,01 - Daylight,01 - Dry,01 - Traffic signal,01 - Functioning,2,0,0,0,,0,,,,,382636.7503,5035568.891,45.45571329,-75.50479066,2883
17--12035,11/20/2017,3:03 PM,PARKDALE AVE @ WELLINGTON ST (0002260),2260,02 - Intersection related,03 - P.D. only,04 - Sideswipe,01 - Clear,01 - Daylight,01 - Dry,01 - Traffic signal,00 - Unknown,2,0,0,0,,0,,,,,365149.3662,5029270.556,45.40077177,-75.72913028,2884
17--12036,11/20/2017,3:09 PM,CHAMPLAIN ST @ OR174 IC102 RAMP61 (0008676),8676,02 - Intersection related,03 - P.D. only,03 - Rear end,01 - Clear,01 - Daylight,01 - Dry,01 - Traffic signal,00 - Unknown,2,0,0,0,,0,,,,,381519.1473,5038373.444,45.48106991,-75.51864024,2885
17--12037,11/20/2017,3:13 PM,RICHMOND RD btwn HILSON AVE & PATRICIA AVE (__3ZA4PI),__3ZA4PI,01 - Non intersection,02 - Non-fatal injury,04 - Sideswipe,01 - Clear,01 - Daylight,01 - Dry,10 - No control,,2,1,0,0,02 - Minor,1,,1,,,363947.3316,5028748.874,45.39618036,-75.74454561,2886
17--12038,11/20/2017,3:31 PM,EAGLESON RD @ HAZELDEAN RD/ROBERTSON RD (0002715),2715,02 - Intersection related,03 - P.D. only,03 - Rear end,01 - Clear,01 - Daylight,01 - Dry,01 - Traffic signal,01 - Functioning,2,0,0,0,,0,,,,,353673.2905,5018423.122,45.30406033,-75.87678185,2887
17--12039,11/20/2017,3:38 PM,OGILVIE RD btwn MURDOCK GT & CUMMINGS AVE (__3ZBN9A),__3ZBN9A,04 - At/near private drive,03 - P.D. only,02 - Angle,01 - Clear,01 - Daylight,01 - Dry,10 - No control,,2,0,0,0,,0,,,,,372728.3189,5032159.636,45.42607203,-75.63193327,2888
17--1204,1/30/2017,7:40 PM,DALY AVE @ KING EDWARD AVE (0007755),7755,03 - At intersection,03 - P.D. only,02 - Angle,03 - Snow,07 - Dark,02 - Wet,02 - Stop sign,01 - Functioning,2,0,0,0,,0,,,,,368590.2067,5032274.711,45.42749706,-75.68479439,2889
17--12040,11/20/2017,3:52 PM,PRINCE OF WALES DR btwn FISHER AVE & NE/OT BOUNDARY (__3ZA2TZ),__3ZA2TZ,04 - At/near private drive,03 - P.D. only,05 - Turning movement,01 - Clear,01 - Daylight,01 - Dry,10 - No control,,2,0,0,0,,0,,,,,367161.3704,5023970.605,45.35290775,-75.7041018,2890
17--12041,11/20/2017,4:25 PM,ROCKDALE RD S @ HIGHWAY 417 (0004639),4639,02 - Intersection related,03 - P.D. only,04 - Sideswipe,01 - Clear,05 - Dusk,01 - Dry,02 - Stop sign,01 - Functioning,2,0,0,0,,0,,,,,395262.1285,5022266.208,45.33451175,-75.34583429,2891
17--12042,11/20/2017,4:27 PM,COLONEL BY DR @ COLONEL BY DR RAMP 35 (0002624),2624,03 - At intersection,03 - P.D. only,03 - Rear end,01 - Clear,05 - Dusk,01 - Dry,02 - Stop sign,01 - Functioning,2,0,0,0,,0,,,,,367689.0036,5028492.945,45.39355152,-75.69679262,2892
17--12043,11/20/2017,4:48 PM,AVIATION PKWY @ OGILVIE RD (0004114),4114,03 - At intersection,02 - Non-fatal injury,05 - Turning movement,01 - Clear,05 - Dusk,01 - Dry,01 - Traffic signal,01 - Functioning,2,0,0,0,02 - Minor,1,,1,,,373110.7141,5032376.586,45.4279868,-75.62701706,2893
17--12044,11/20/2017,5:18 PM,RIVERSIDE DR @ TREMBLAY RD/HWY417 IC117 RAMP52 (0010790),10790,02 - Intersection related,03 - P.D. only,03 - Rear end,01 - Clear,07 - Dark,01 - Dry,01 - Traffic signal,01 - Functioning,3,0,0,0,,0,,,,,370801.7437,5031017.246,45.41597773,-75.6567036,2894
17--12045,11/20/2017,6:06 PM,STRANDHERD DR @ LONGFIELDS DR (0010935),10935,02 - Intersection related,03 - P.D. only,03 - Rear end,01 - Clear,07 - Dark,01 - Dry,01 - Traffic signal,01 - Functioning,2,0,0,0,,0,,,,,364548.4761,5015173.325,45.27397791,-75.73850719,2895
17--12046,11/20/2017,6:11 PM,JOLIFFE ST btwn ST. LAURENT BLVD & MARTHA AVE (__3ZA74T),__3ZA74T,04 - At/near private drive,03 - P.D. only,02 - Angle,01 - Clear,07 - Dark,01 - Dry,10 - No control,,2,0,0,0,,0,,,,,373781.2813,5028428.667,45.39239955,-75.61900095,2896
17--12047,11/20/2017,6:17 PM,BAYSHORE DR @ WOODRIDGE CRES N (0001209),1209,02 - Intersection related,03 - P.D. only,02 - Angle,01 - Clear,07 - Dark,01 - Dry,01 - Traffic signal,00 - Unknown,2,0,0,0,,0,,,,,359073.2055,5023875.747,45.35272685,-75.80733073,2897
17--12048,11/20/2017,6:23 PM,CLAYMOR AVE btwn GREENBRIAR AVE & NORMANDY CRES (__3ZAAOI),__3ZAAOI,04 - At/near private drive,03 - P.D. only,06 - SMV unattended vehicle,01 - Clear,07 - Dark,06 - Ice,10 - No control,,1,0,0,0,,0,,,,,367023.5949,5025213.932,45.36410719,-75.7057035,2898
17--12049,11/20/2017,6:32 PM,CARLING AVE @ HINTON AVE (0006627),6627,02 - Intersection related,03 - P.D. only,03 - Rear end,01 - Clear,07 - Dark,01 - Dry,02 - Stop sign,01 - Functioning,2,0,0,0,,0,,,,,365488.693,5028089.558,45.39011608,-75.72494159,2899
17--1205,1/30/2017,7:42 AM,APPLEFORD ST @ CROWNHILL ST (0008641),8641,03 - At intersection,03 - P.D. only,02 - Angle,01 - Clear,03 - Dawn,06 - Ice,02 - Stop sign,01 - Functioning,2,0,0,0,,0,,,,,374698.0888,5033713.131,45.43985546,-75.60654376,2900