Anom_ID,Accident_Date,Accident_Time,Location,Geo_ID,Accident_Location,Classification_of_Accident,Initial_Impact_Type,Environment_Condition,Light,Road_Surface_Condition,Traffic_Control,Traffic_Control_Condition,No__of_Vehicles,No__of_Bicycles,No__of_Motorcycles,No__of_Pedestrians,Max_Injury,No__of_Injuries,No__of_Minimal,No__of_Minor,No__of_Major,No__of_Fatal,X,Y,Latitude,Longitude,ObjectId
17--12050,11/20/2017,6:39 PM,OLD ALMONTE RD btwn CORKERY RD & HOWIE RD (__3ZACBG),__3ZACBG,01 - Non intersection,03 - P.D. only,07 - SMV other,01 - Clear,07 - Dark,01 - Dry,10 - No control,,1,0,0,0,,0,,,,,339054.4059,5013188.47,45.25782125,-76.06355236,2901
17--12051,11/20/2017,7:35 AM,JOHN QUINN RD @ MITCH OWENS RD (0009274),9274,02 - Intersection related,02 - Non-fatal injury,03 - Rear end,01 - Clear,01 - Daylight,01 - Dry,02 - Stop sign,01 - Functioning,2,0,0,0,01 - Minimal,2,2,,,,380590.7795,5017702.807,45.29519085,-75.53368821,2902
17--12052,11/20/2017,8:01 AM,INNES RD @ PAGE RD (0012476),12476,02 - Intersection related,03 - P.D. only,03 - Rear end,04 - Freezing Rain,01 - Daylight,06 - Ice,01 - Traffic signal,01 - Functioning,3,0,0,0,,0,,,,,380887.4146,5034540.555,45.44665381,-75.5273132,2903
17--12053,11/20/2017,8:36 PM,LEGACY RD @ SWANSEA CRES (0006396),6396,02 - Intersection related,03 - P.D. only,03 - Rear end,01 - Clear,07 - Dark,01 - Dry,02 - Stop sign,01 - Functioning,2,0,0,0,,0,,,,,374580.7431,5027374.212,45.38283286,-75.60894089,2904
17--12054,11/20/2017,8:43 PM,ECHO DR btwn MAIN ST & CONCORD ST N (__3ZA4GL),__3ZA4GL,01 - Non intersection,02 - Non-fatal injury,01 - Approaching,01 - Clear,07 - Dark,05 - Packed snow,10 - No control,,2,1,0,0,02 - Minor,1,,1,,,368926.8595,5031062.156,45.41655615,-75.68065042,2905
17--12055,11/20/2017,8:55 PM,CUMBERLAND ST @ RIDEAU ST (0007759),7759,03 - At intersection,02 - Non-fatal injury,02 - Angle,01 - Clear,07 - Dark,01 - Dry,01 - Traffic signal,01 - Functioning,2,0,0,0,02 - Minor,1,,1,,,368374.1766,5032329.305,45.42800795,-75.68754782,2906
17--12056,11/20/2017,9:11 AM,CYRVILLE RD btwn STAR TOP RD & MEADOWBROOK RD (__3ZA3SN),__3ZA3SN,01 - Non intersection,03 - P.D. only,04 - Sideswipe,01 - Clear,01 - Daylight,01 - Dry,10 - No control,,2,0,0,0,,0,,,,,374603.3115,5031249.914,45.41770224,-75.60810422,2907
17--12057,11/20/2017,9:25 AM,ST. JOSEPH BLVD/OLD MONTREAL RD @ TRIM RD (0004118),4118,03 - At intersection,03 - P.D. only,04 - Sideswipe,01 - Clear,01 - Daylight,01 - Dry,11 - Roundabout,01 - Functioning,2,0,0,0,,0,,,,,384683.2115,5039285.692,45.48892257,-75.47802478,2908
17--12058,11/20/2017,9:49 PM,HUNT CLUB RD @ PAUL ANKA DR (0008224),8224,03 - At intersection,02 - Non-fatal injury,05 - Turning movement,01 - Clear,07 - Dark,01 - Dry,01 - Traffic signal,01 - Functioning,2,0,0,0,02 - Minor,3,,3,,,369777.3908,5022896.822,45.34300862,-75.67085889,2909
17--12059,11/20/2017,9:54 AM,BANTON ST @ WALKLEY RD (0006399),6399,02 - Intersection related,03 - P.D. only,03 - Rear end,01 - Clear,01 - Daylight,01 - Dry,01 - Traffic signal,01 - Functioning,2,0,0,0,,0,,,,,374249.4089,5028250.875,45.39075359,-75.61304796,2910
17--1206,1/30/2017,7:45 AM,BLAIR RD @ INNES RD (0004165),4165,02 - Intersection related,03 - P.D. only,03 - Rear end,01 - Clear,03 - Dawn,01 - Dry,01 - Traffic signal,00 - Unknown,2,0,0,0,,0,,,,,375579.2814,5031439.009,45.41930557,-75.59560838,2911
17--12430,11/27/2017,4:53 PM,JEANNE D'ARC BLVD  S btwn HENRI LAUZON ST & BOYER RD (__3ZA2BL),__3ZA2BL,01 - Non intersection,02 - Non-fatal injury,03 - Rear end,03 - Snow,05 - Dusk,03 - Loose snow,10 - No control,,5,0,0,0,01 - Minimal,1,1,,,,380645.9368,5036186.022,45.46148467,-75.530146,2912
17--12431,11/27/2017,4:58 PM,VANCES SIDE RD btwn DUNROBIN RD & GREENLAND RD (__3ZBOB7),__3ZBOB7,01 - Non intersection,03 - P.D. only,07 - SMV other,01 - Clear,07 - Dark,01 - Dry,10 - No control,,1,0,0,0,,0,,,,,340902.2796,5034308.825,45.44777777,-76.03846651,2913
17--12432,11/27/2017,5:10 PM,HUNT CLUB RD btwn PAUL ANKA DR & GIBFORD DR (__3ZAZYD),__3ZAZYD,01 - Non intersection,03 - P.D. only,03 - Rear end,01 - Clear,05 - Dusk,01 - Dry,10 - No control,,2,0,0,0,,0,,,,,369874.3807,5022954.347,45.34351722,-75.66961382,2914
17--12433,11/27/2017,5:15 PM,SNAKE ISLAND RD @ STAGECOACH RD (0001642),1642,03 - At intersection,03 - P.D. only,02 - Angle,01 - Clear,07 - Dark,04 - Slush,02 - Stop sign,01 - Functioning,2,0,0,0,,0,,,,,378063.7608,5006580.716,45.19538629,-75.56754139,2915
17--12434,11/27/2017,5:20 PM,HIGHWAY 417 btwn HWY417 IC119B RAMP76 & HWY417 IC119A RAMP67 (__3ZA2YT),__3ZA2YT,01 - Non intersection,03 - P.D. only,03 - Rear end,01 - Clear,07 - Dark,01 - Dry,10 - No control,,3,0,0,0,,0,,,,,368405.3947,5030426.431,45.41088371,-75.68739455,2916
17--12435,11/27/2017,5:23 PM,ROBERTSON RD btwn FITZGERALD RD & MOODIE DR (__3ZA411),__3ZA411,04 - At/near private drive,03 - P.D. only,02 - Angle,01 - Clear,07 - Dark,02 - Wet,10 - No control,,2,0,0,0,,0,,,,,356877.5355,5020341.473,45.32109165,-75.83572328,2917
17--12436,11/27/2017,5:25 PM,KATIMAVIK RD btwn PALLADIUM DR & DAVIS AVE (__3ZACYZ),__3ZACYZ,01 - Non intersection,03 - P.D. only,03 - Rear end,01 - Clear,07 - Dark,01 - Dry,10 - No control,,2,0,0,0,,0,,,,,351352.9956,5018315.554,45.30325002,-75.90637805,2918
17--12437,11/27/2017,5:29 PM,GLOUCESTER ST @ O'CONNOR ST (0006943),6943,03 - At intersection,02 - Non-fatal injury,07 - SMV other,02 - Rain,07 - Dark,02 - Wet,01 - Traffic signal,01 - Functioning,1,0,0,1,02 - Minor,1,,1,,,367678.375,5031293.25,45.41874877,-75.69657124,2919
17--12438,11/27/2017,5:31 PM,PRINCE OF WALES DR btwn MEADOWLANDS DR & NESBITT PL (__3ZA36V),__3ZA36V,01 - Non intersection,03 - P.D. only,03 - Rear end,01 - Clear,07 - Dark,06 - Ice,10 - No control,,4,0,0,0,,0,,,,,367375.5978,5025665.383,45.3681379,-75.70115338,2920
17--12439,11/27/2017,5:36 PM,MARCH RD btwn HALTON TERR/MAXWELL BRIDGE RD & MAXWELL RD (__3ZA2GD),__3ZA2GD,01 - Non intersection,02 - Non-fatal injury,07 - SMV other,01 - Clear,07 - Dark,02 - Wet,10 - No control,,1,0,0,0,01 - Minimal,1,1,,,,347995.6732,5025448.445,45.36764823,-75.94856438,2921
17--1244,1/31/2017,4:29 PM,ST. JOSEPH BLVD @ REGIONAL RD 174/TRANSITWAY (0012428),12428,03 - At intersection,03 - P.D. only,02 - Angle,01 - Clear,01 - Daylight,03 - Loose snow,01 - Traffic signal,01 - Functioning,2,0,0,0,,0,,,,,376556.3242,5035055.985,45.45174936,-75.58259848,2922
17--12440,11/27/2017,5:37 PM,HIGHWAY 417 btwn HWY417 IC126 RAMP25 & HWY417 IC124 RAMP57 (__3ZA2R5),__3ZA2R5,01 - Non intersection,03 - P.D. only,03 - Rear end,01 - Clear,07 - Dark,01 - Dry,10 - No control,,2,0,0,0,,0,,,,,363667.3857,5026498.26,45.37595328,-75.74838931,2923
17--12441,11/27/2017,5:38 PM,HWY417 IC117 RAMP35 btwn RIVERSIDE DR & HIGHWAY 417 (__3ZAYA3),__3ZAYA3,01 - Non intersection,03 - P.D. only,03 - Rear end,01 - Clear,07 - Dark,01 - Dry,10 - No control,,2,0,0,0,,0,,,,,370800.5137,5031101.12,45.41673251,-75.65670808,2924
17--12442,11/27/2017,5:55 PM,BEARBROOK RD @ WESTPARK DR N (0003621),3621,03 - At intersection,02 - Non-fatal injury,07 - SMV other,01 - Clear,07 - Dark,02 - Wet,01 - Traffic signal,01 - Functioning,1,0,0,1,02 - Minor,1,,1,,,377564.0769,5033795.235,45.44030177,-75.56990255,2925
17--12443,11/27/2017,6:01 PM,BRONSON AVE btwn BRONSON AVE SB ON RAMP 43 & SUNNYSIDE AVE/UNIVERSITY  (__3ZA3NU),__3ZA3NU,01 - Non intersection,03 - P.D. only,07 - SMV other,01 - Clear,07 - Dark,01 - Dry,10 - No control,,1,0,0,0,,0,,,,,367897.7737,5028136.536,45.39032587,-75.69417209,2926
17--12444,11/27/2017,6:10 PM,CARLING AVE/STATION RD @ MARCH RD (0002681),2681,03 - At intersection,03 - P.D. only,04 - Sideswipe,01 - Clear,07 - Dark,06 - Ice,01 - Traffic signal,01 - Functioning,2,0,0,0,,0,,,,,350909.289,5022246.508,45.33865096,-75.91166971,2927
17--12445,11/27/2017,6:14 PM,SMYTH RD @ RIVERSIDE HOSPITAL (0009069),9069,02 - Intersection related,03 - P.D. only,03 - Rear end,01 - Clear,07 - Dark,01 - Dry,01 - Traffic signal,01 - Functioning,2,0,0,0,,0,,,,,369987.5456,5029119.471,45.39897858,-75.66735632,2928
17--12446,11/27/2017,6:20 AM,HIGHWAY 417 btwn HWY417 IC112 RAMP66 & HWY417 IC113 RAMP65 (__3ZA284),__3ZA284,01 - Non intersection,03 - P.D. only,03 - Rear end,01 - Clear,07 - Dark,01 - Dry,10 - No control,,2,0,0,0,,0,,,,,374200.0355,5031328.714,45.41845136,-75.61324526,2929
17--12447,11/27/2017,6:25 PM,GRENFELL CRES @ WOODROFFE AVE (0001103),1103,03 - At intersection,03 - P.D. only,02 - Angle,01 - Clear,07 - Dark,01 - Dry,02 - Stop sign,01 - Functioning,2,0,0,0,,0,,,,,364544.6916,5019226.807,45.31045133,-75.73806718,2930
17--12448,11/27/2017,6:30 PM,OLD MONTREAL RD btwn KING ARTHUR ST & QUIGLEY HILL RD (__3ZA3M1),__3ZA3M1,01 - Non intersection,03 - P.D. only,07 - SMV other,01 - Clear,07 - Dark,01 - Dry,10 - No control,,1,0,0,0,,0,,,,,388585.7835,5041477.137,45.50818113,-75.42773214,2931
17--12449,11/27/2017,6:30 PM,HIGHWAY 417 btwn HWY417 IC129 RAMP25 & HWY417 IC129 RAMP35 (__3ZAYFR),__3ZAYFR,01 - Non intersection,03 - P.D. only,03 - Rear end,01 - Clear,07 - Dark,01 - Dry,10 - No control,,2,0,0,0,,0,,,,,360623.2501,5023645.314,45.35053174,-75.7875756,2932
17--1245,1/31/2017,4:30 PM,HWY 417 INNES IC112R57 @ INNES RD (0012298),12298,03 - At intersection,03 - P.D. only,02 - Angle,01 - Clear,01 - Daylight,01 - Dry,01 - Traffic signal,01 - Functioning,2,0,0,0,,0,,,,,374298.9964,5030755.042,45.41327993,-75.61206185,2933
17--12450,11/27/2017,6:47 PM,BELFAST RD btwn TRAINYARDS DR & ST. LAURENT BLVD (__3ZA79Z),__3ZA79Z,04 - At/near private drive,03 - P.D. only,05 - Turning movement,01 - Clear,07 - Dark,01 - Dry,10 - No control,,2,0,0,0,,0,,,,,372384.105,5030648.444,45.41250837,-75.63653881,2934
17--12451,11/27/2017,6:57 AM,RIVER RD @ SOUTH GOWER BOUNDARY RD (0012899),12899,03 - At intersection,03 - P.D. only,02 - Angle,01 - Clear,03 - Dawn,01 - Dry,02 - Stop sign,01 - Functioning,2,0,0,0,,0,,,,,374599.5675,4996515.729,45.10517392,-75.61303205,2935
17--12452,11/27/2017,7:15 AM,HAWKBIRCH ST @ MEADOWBREEZE DR (0017698),17698,02 - Intersection related,03 - P.D. only,07 - SMV other,03 - Snow,03 - Dawn,05 - Packed snow,10 - No control,,1,0,0,0,,0,,,,,356351.5594,5015325.912,45.27599964,-75.8429534,2936
17--12453,11/27/2017,7:16 PM,GREENBANK RD @ IRIS ST/HWY 417 IC129 RAMP51 (0009073),9073,02 - Intersection related,03 - P.D. only,03 - Rear end,01 - Clear,07 - Dark,01 - Dry,01 - Traffic signal,01 - Functioning,2,0,0,0,,0,,,,,360531.6435,5023311.156,45.34753228,-75.78878226,2937
17--12454,11/27/2017,7:18 AM,FLEWELLYN RD btwn RIDINGVIEW CRES & WEST HEALEY AVE (__3ZACSJ),__3ZACSJ,01 - Non intersection,01 - Fatal injury,07 - SMV other,01 - Clear,01 - Daylight,02 - Wet,10 - No control,,1,0,0,0,04 - Fatal,1,,,,1,350888.0141,5010284.394,45.23101365,-75.91305222,2938
17--12455,11/27/2017,7:18 AM,CARLING AVE EB btwn HOLLY ACRES RD & BAYSHORE DR (__3ZA4VH),__3ZA4VH,04 - At/near private drive,02 - Non-fatal injury,07 - SMV other,03 - Snow,01 - Daylight,03 - Loose snow,10 - No control,,1,0,0,0,02 - Minor,1,,1,,,358345.4347,5023563.017,45.34996885,-75.8166522,2939
17--12456,11/27/2017,7:20 AM,NAVAN RD btwn RENAUD RD & MER BLEUE RD (__3ZA3Y1),__3ZA3Y1,01 - Non intersection,03 - P.D. only,06 - SMV unattended vehicle,01 - Clear,01 - Daylight,01 - Dry,10 - No control,,1,0,0,0,,0,,,,,382100.4291,5032654.705,45.42955336,-75.51210471,2940
17--12457,11/27/2017,7:25 AM,HIGHWAY 417 btwn HWY 417 ANDERSON IC104R61 & HWY 417 BOUNDARY IC96R16 (__3ZA2W5),__3ZA2W5,01 - Non intersection,03 - P.D. only,03 - Rear end,01 - Clear,01 - Daylight,02 - Wet,10 - No control,,2,0,0,0,,0,,,,,384981.1504,5024992.64,45.3602922,-75.47654031,2941
17--12458,11/27/2017,7:33 PM,VANCES SIDE RD btwn DUNROBIN RD & GREENLAND RD (__3ZBOB7),__3ZBOB7,01 - Non intersection,03 - P.D. only,07 - SMV other,01 - Clear,07 - Dark,01 - Dry,10 - No control,,1,0,0,0,,0,,,,,340929.5883,5034325.433,45.4479258,-76.03811619,2942
17--12459,11/27/2017,7:44 AM,SNAKE ISLAND RD btwn SCRIVENS DR & BANK ST (__3ZA206),__3ZA206,01 - Non intersection,03 - P.D. only,07 - SMV other,01 - Clear,01 - Daylight,01 - Dry,10 - No control,,1,0,0,0,,0,,,,,383360.6487,5009911.306,45.22478307,-75.49961039,2943
17--1246,1/31/2017,4:38 PM,INNES RD btwn PAGE RD & 473 E OF PAGE RD/BUILDERS' WAREHOUSE SC (__3ZAYFDA),__3ZAYFDA,01 - Non intersection,03 - P.D. only,04 - Sideswipe,01 - Clear,01 - Daylight,01 - Dry,10 - No control,,2,0,0,0,,0,,,,,381215.9282,5034732.294,45.44834308,-75.52308438,2944
17--12460,11/27/2017,8:00 AM,DUNNING RD @ FRENCH HILL RD (0004692),4692,03 - At intersection,03 - P.D. only,02 - Angle,01 - Clear,01 - Daylight,01 - Dry,02 - Stop sign,01 - Functioning,2,0,0,0,,0,,,,,392364.1512,5037643.865,45.47323013,-75.38007049,2945
17--12461,11/27/2017,8:01 AM,GREENBANK RD btwn JOCKVALE RD & CAMBRIAN RD (__3ZA2WE),__3ZA2WE,01 - Non intersection,03 - P.D. only,03 - Rear end,01 - Clear,01 - Daylight,02 - Wet,10 - No control,,2,0,0,0,,0,,,,,364159.4804,5014243.457,45.26564389,-75.74357565,2946
17--12462,11/27/2017,8:02 AM,GREENBANK RD btwn JOCKVALE RD & CAMBRIAN RD (__3ZA2WE),__3ZA2WE,01 - Non intersection,03 - P.D. only,03 - Rear end,05 - Drifting Snow,01 - Daylight,06 - Ice,10 - No control,,2,0,0,0,,0,,,,,364254.4637,5014029.41,45.26370987,-75.74239099,2947
17--12463,11/27/2017,8:12 AM,ALBERT ST @ O'CONNOR ST (0002116),2116,03 - At intersection,03 - P.D. only,04 - Sideswipe,03 - Snow,01 - Daylight,03 - Loose snow,01 - Traffic signal,01 - Functioning,2,0,0,0,,0,,,,,367538.2515,5031520.348,45.4208047,-75.69833258,2948
17--12464,11/27/2017,8:15 AM,FINDLAY CREEK DR btwn DEVONWOOD CIRC & BANK ST (__45KVBB),__45KVBB,01 - Non intersection,03 - P.D. only,03 - Rear end,03 - Snow,01 - Daylight,06 - Ice,10 - No control,,2,0,0,0,,0,,,,,375734.7644,5020393.744,45.31990988,-75.59520792,2949
17--12465,11/27/2017,8:16 AM,SPRINGHILL RD @ YORKS CORNERS RD (0001711),1711,03 - At intersection,03 - P.D. only,02 - Angle,01 - Clear,01 - Daylight,05 - Packed snow,02 - Stop sign,01 - Functioning,2,0,0,0,,0,,,,,390383.4921,5009504.725,45.22030671,-75.41026712,2950
17--12466,11/27/2017,9:01 PM,HUNTMAR DR btwn CAMPEAU DR & RICHARDSON SIDE RD (__3ZBN0Y),__3ZBN0Y,01 - Non intersection,03 - P.D. only,07 - SMV other,01 - Clear,07 - Dark,01 - Dry,10 - No control,,1,0,0,0,,0,,,,,348309.4216,5018870.873,45.30844207,-75.94513764,2951
17--12467,11/27/2017,9:02 AM,CARLING AVE @ MOODIE DR/JAMES CUMMINGS AVE W (0000158),158,02 - Intersection related,03 - P.D. only,03 - Rear end,01 - Clear,01 - Daylight,01 - Dry,01 - Traffic signal,01 - Functioning,2,0,0,0,,0,,,,,356001.3205,5023937.511,45.35351363,-75.84652705,2952
17--12468,11/27/2017,9:22 AM,MARKLAND CRES btwn ROBLYN WAY & ROBLYN WAY (__3ZA6KS),__3ZA6KS,01 - Non intersection,03 - P.D. only,04 - Sideswipe,01 - Clear,01 - Daylight,06 - Ice,10 - No control,,2,0,0,0,,0,,,,,365823.3617,5016312.013,45.28411429,-75.7221203,2953
17--12469,11/27/2017,9:35 AM,HIGHWAY 417 btwn HWY417 IC138 RAMP61 & HWY417 IC134 RAMP36 (__3ZA20I),__3ZA20I,01 - Non intersection,03 - P.D. only,03 - Rear end,01 - Clear,01 - Daylight,01 - Dry,10 - No control,,2,0,0,0,,0,,,,,355697.5376,5021866.085,45.33489684,-75.85061706,2954
17--1247,1/31/2017,4:56 PM,ALPINE AVE @ CARLING AVE (0011382),11382,02 - Intersection related,03 - P.D. only,05 - Turning movement,01 - Clear,05 - Dusk,01 - Dry,01 - Traffic signal,01 - Functioning,2,0,0,0,,0,,,,,360497.1504,5024941.809,45.36220759,-75.7890387,2955
17--12470,11/27/2017,9:37 AM,FALLOWFIELD RD @ GREENBANK RD (0000549),549,02 - Intersection related,03 - P.D. only,03 - Rear end,01 - Clear,01 - Daylight,01 - Dry,01 - Traffic signal,01 - Functioning,2,0,0,0,,0,,,,,363079.6724,5016733.124,45.28813629,-75.75704229,2956
17--12471,11/27/2017,9:38 AM,WOODROFFE AVE @ GEORGINA DR/LENESTER AVE (0002351),2351,03 - At intersection,03 - P.D. only,02 - Angle,01 - Clear,01 - Daylight,02 - Wet,01 - Traffic signal,01 - Functioning,2,0,0,0,,0,,,,,361910.6899,5025370.519,45.36595136,-75.7709471,2957
17--12472,11/28/2017,1:17 PM,ST. JOSEPH BLVD btwn ORLEANS BLVD & COUSINEAU ST (__3ZA2B2),__3ZA2B2,01 - Non intersection,02 - Non-fatal injury,03 - Rear end,01 - Clear,01 - Daylight,01 - Dry,10 - No control,,2,0,0,0,02 - Minor,1,,1,,,380657.897,5036997.275,45.46878238,-75.52986789,2958
17--12473,11/28/2017,1:30 PM,HUNT CLUB RD btwn GIBFORD DR & UPLANDS DR (__3ZA36J),__3ZA36J,01 - Non intersection,03 - P.D. only,04 - Sideswipe,01 - Clear,01 - Daylight,01 - Dry,10 - No control,,2,0,0,0,,0,,,,,370147.6971,5023117.479,45.34495963,-75.66610497,2959
17--12474,11/28/2017,1:30 PM,CARLING AVE @ RICHMOND RD (0010847),10847,02 - Intersection related,03 - P.D. only,03 - Rear end,01 - Clear,01 - Daylight,03 - Loose snow,01 - Traffic signal,01 - Functioning,2,0,0,0,,0,,,,,360245.679,5024781.273,45.36078303,-75.79226644,2960
17--12475,11/28/2017,1:47 AM,OLMSTEAD ST btwn LEVIS AVE & JEANNE MANCE ST (__3ZA7C0),__3ZA7C0,01 - Non intersection,03 - P.D. only,07 - SMV other,01 - Clear,07 - Dark,06 - Ice,10 - No control,,1,0,0,0,,0,,,,,370460.9725,5032980.583,45.43367509,-75.6607954,2961
17--12476,11/28/2017,1:56 AM,FOUNTAIN PL @ RIDEAU ST (0002061),2061,03 - At intersection,03 - P.D. only,07 - SMV other,01 - Clear,07 - Dark,06 - Ice,02 - Stop sign,00 - Unknown,1,0,0,0,,0,,,,,369527.6092,5032964.385,45.43361636,-75.67272547,2962
17--12477,11/28/2017,10:03 PM,HALTON TERR/MAXWELL BRIDGE RD @ MARCH RD (0011852),11852,03 - At intersection,02 - Non-fatal injury,07 - SMV other,02 - Rain,07 - Dark,02 - Wet,01 - Traffic signal,01 - Functioning,1,0,0,1,02 - Minor,1,,1,,,348932.128,5024423.027,45.35836296,-75.93670176,2963
17--12478,11/28/2017,10:13 AM,KIRKWOOD AVE btwn LEPAGE AVE & MERIVALE RD (__3ZBOCD),__3ZBOCD,01 - Non intersection,03 - P.D. only,05 - Turning movement,01 - Clear,01 - Daylight,01 - Dry,10 - No control,,2,0,0,0,,0,,,,,364821.6706,5026651.26,45.37723202,-75.73363428,2964
17--12479,11/28/2017,11:07 AM,MARCH RD @ THOMAS ARGUE RD (0005762),5762,03 - At intersection,03 - P.D. only,02 - Angle,01 - Clear,01 - Daylight,01 - Dry,02 - Stop sign,00 - Unknown,2,0,0,0,,0,,,,,341132.697,5020807.89,45.32628012,-76.03651483,2965
17--1248,1/31/2017,5:10 PM,AYLMER AVE @ BANK ST (0007222),7222,02 - Intersection related,03 - P.D. only,03 - Rear end,01 - Clear,05 - Dusk,01 - Dry,01 - Traffic signal,00 - Unknown,2,0,0,0,,0,,,,,368673.5441,5028729.002,45.39558637,-75.68418896,2966
17--12480,11/28/2017,Unknown,BARNSDALE RD S @ TWIN ELM RD S (0000844),844,02 - Intersection related,03 - P.D. only,07 - SMV other,01 - Clear,00 - Unknown,01 - Dry,02 - Stop sign,01 - Functioning,1,0,0,0,,0,,,,,360231.5567,5007720.413,45.20726897,-75.79435252,2967
17--12481,11/28/2017,Unknown,CRESTHAVEN DR btwn VILLANDRY ST & BARNSTONE DR (__4N786J),__4N786J,01 - Non intersection,03 - P.D. only,06 - SMV unattended vehicle,01 - Clear,00 - Unknown,01 - Dry,10 - No control,,1,0,0,0,,0,,,,,366916.5818,5015136.432,45.27344074,-75.7083332,2968
17--12482,11/28/2017,12:10 PM,HERRIDGE ST btwn GLENORA ST & MAIN ST (__3ZA95G),__3ZA95G,04 - At/near private drive,03 - P.D. only,02 - Angle,01 - Clear,01 - Daylight,02 - Wet,10 - No control,,2,0,0,0,,0,,,,,369187.6215,5030034.727,45.40728776,-75.67745322,2969
17--12483,11/28/2017,12:19 PM,EQUESTRIAN DR btwn REDFOX PL & STIRRUP PL (__3ZABGX),__3ZABGX,01 - Non intersection,03 - P.D. only,07 - SMV other,01 - Clear,01 - Daylight,02 - Wet,10 - No control,,1,0,0,0,,0,,,,,354949.0301,5015878.433,45.28107278,-75.86077227,2970
17--12484,11/28/2017,2:11 PM,TENTH LINE RD @ LAKEPOINTE DR (0013369),13369,02 - Intersection related,03 - P.D. only,03 - Rear end,01 - Clear,01 - Daylight,01 - Dry,01 - Traffic signal,01 - Functioning,2,0,0,0,,0,,,,,384261.7937,5035420.69,45.45419701,-75.48404029,2971
17--12485,11/28/2017,2:25 PM,CARLING AVE @ RICHMOND RD (0010847),10847,02 - Intersection related,03 - P.D. only,03 - Rear end,01 - Clear,01 - Daylight,01 - Dry,01 - Traffic signal,01 - Functioning,2,0,0,0,,0,,,,,360246.6258,5024781.749,45.36078724,-75.7922543,2972
17--12486,11/28/2017,3:26 PM,INNES RD btwn BANTREE ST & STAR TOP RD (__3ZA2XP),__3ZA2XP,01 - Non intersection,03 - P.D. only,04 - Sideswipe,01 - Clear,01 - Daylight,01 - Dry,10 - No control,,2,0,0,0,,0,,,,,373804.3854,5030460.736,45.41068086,-75.61842158,2973
17--12487,11/28/2017,3:40 PM,BANK ST @ HUNT CLUB RD (0002119),2119,02 - Intersection related,03 - P.D. only,03 - Rear end,01 - Clear,01 - Daylight,01 - Dry,01 - Traffic signal,01 - Functioning,2,0,0,0,,0,,,,,371608.7365,5024096.732,45.353633,-75.64733056,2974
17--12488,11/28/2017,4:02 PM,HUNTMAR DR @ RICHARDSON SIDE RD (0011853),11853,02 - Intersection related,03 - P.D. only,07 - SMV other,01 - Clear,01 - Daylight,02 - Wet,02 - Stop sign,01 - Functioning,1,0,0,0,,0,,,,,348208.1119,5018981.752,45.30944606,-75.94641983,2975
17--12489,11/28/2017,4:23 PM,RENAUD RD @ RENAUD RD S (0004055),4055,02 - Intersection related,03 - P.D. only,07 - SMV other,01 - Clear,05 - Dusk,01 - Dry,10 - No control,00 - Unknown,1,0,0,0,,0,,,,,379960.7564,5031599.219,45.42029006,-75.53960674,2976
17--1249,1/31/2017,5:13 PM,WEST HUNT CLUB RD @ CLEOPATRA DR/LANCELOT DR (0000114),114,02 - Intersection related,03 - P.D. only,03 - Rear end,01 - Clear,05 - Dusk,01 - Dry,01 - Traffic signal,01 - Functioning,2,0,0,0,,0,,,,,365235.6016,5021732.748,45.33294042,-75.72895089,2977
17--12490,11/28/2017,4:30 PM,HIGHWAY 417 btwn HWY417 IC119A RAMP75 & HWY417 IC118 RAMP57 (__3ZA2R2),__3ZA2R2,01 - Non intersection,03 - P.D. only,03 - Rear end,01 - Clear,05 - Dusk,01 - Dry,10 - No control,,3,0,0,0,,0,,,,,368921.1221,5030681.34,45.41313023,-75.68077327,2978
17--12491,11/28/2017,4:37 PM,780 W OF TERRY FOX DR @ HAZELDEAN RD (0013520),13520,03 - At intersection,03 - P.D. only,05 - Turning movement,01 - Clear,05 - Dusk,01 - Dry,01 - Traffic signal,01 - Functioning,2,0,0,0,,0,,,,,351618.5658,5016697.734,45.28867479,-75.90314454,2979
17--12492,11/28/2017,4:40 PM,REGIONAL RD 174 @ TRIM RD (0012835),12835,02 - Intersection related,03 - P.D. only,03 - Rear end,01 - Clear,05 - Dusk,01 - Dry,01 - Traffic signal,01 - Functioning,2,0,0,0,,0,,,,,384352.8566,5039991.01,45.49530606,-75.48213614,2980
17--12493,11/28/2017,4:45 PM,BASELINE RD @ WOODROFFE AVE (0002225),2225,03 - At intersection,03 - P.D. only,05 - Turning movement,01 - Clear,05 - Dusk,01 - Dry,01 - Traffic signal,01 - Functioning,2,0,0,0,,0,,,,,362549.3558,5023771.842,45.35151427,-75.76298159,2981
17--12494,11/28/2017,4:48 PM,MONTREAL RD @ VANIER PKWY (0004630),4630,03 - At intersection,03 - P.D. only,05 - Turning movement,01 - Clear,05 - Dusk,01 - Dry,01 - Traffic signal,01 - Functioning,2,0,0,0,,0,,,,,370072.4731,5033064.882,45.43446994,-75.66574906,2982
17--12495,11/28/2017,5:07 PM,MARCH RD @ MORGAN'S GRANT WAY/SHIRLEY'S BROOK  (0002651),2651,03 - At intersection,03 - P.D. only,05 - Turning movement,01 - Clear,07 - Dark,01 - Dry,01 - Traffic signal,01 - Functioning,3,0,0,0,,0,,,,,349661.9437,5023616.841,45.3510624,-75.92746008,2983
17--12496,11/28/2017,5:13 PM,BASELINE RD @ 207 E OF CLYDE AVE (0008213),8213,02 - Intersection related,03 - P.D. only,03 - Rear end,01 - Clear,05 - Dusk,01 - Dry,01 - Traffic signal,01 - Functioning,3,0,0,0,,0,,,,,364535.8152,5025000.976,45.36240746,-75.73748336,2984