Anom_ID,Accident_Date,Accident_Time,Location,Geo_ID,Accident_Location,Classification_of_Accident,Initial_Impact_Type,Environment_Condition,Light,Road_Surface_Condition,Traffic_Control,Traffic_Control_Condition,No__of_Vehicles,No__of_Bicycles,No__of_Motorcycles,No__of_Pedestrians,Max_Injury,No__of_Injuries,No__of_Minimal,No__of_Minor,No__of_Major,No__of_Fatal,X,Y,Latitude,Longitude,ObjectId
17--12497,11/28/2017,5:15 PM,DUROCHER ST @ MONTREAL RD (0009800),9800,02 - Intersection related,03 - P.D. only,99 - Other,01 - Clear,07 - Dark,01 - Dry,02 - Stop sign,01 - Functioning,2,0,0,0,,0,,,,,370137.7118,5033102.923,45.43480613,-75.66491028,2985
17--12498,11/28/2017,5:21 PM,COPE DR @ TERRY FOX (0009143),9143,02 - Intersection related,03 - P.D. only,05 - Turning movement,02 - Rain,07 - Dark,02 - Wet,01 - Traffic signal,01 - Functioning,2,0,0,0,,0,,,,,353997.6046,5015345.308,45.27634282,-75.87295178,2986
17--12499,11/28/2017,5:21 PM,HIGHWAY 417 btwn RAMP & HWY417 IC129 RAMP76 (__3ZA2X8),__3ZA2X8,01 - Non intersection,03 - P.D. only,03 - Rear end,01 - Clear,07 - Dark,01 - Dry,10 - No control,,3,0,0,0,,0,,,,,359995.9676,5023222.615,45.34677795,-75.79562763,2987
17--125,1/4/2017,3:21 PM,BROOKFIELD RD btwn RIVERSIDE DR/HOG'S BACK RD & 200 W OF FLANNERY DR (__3ZA225A),__3ZA225A,04 - At/near private drive,02 - Non-fatal injury,03 - Rear end,03 - Snow,01 - Daylight,03 - Loose snow,10 - No control,,2,0,0,0,01 - Minimal,1,1,,,,368343.147,5026239.134,45.37321331,-75.68872897,2988
17--1250,1/31/2017,5:49 PM,MONTREAL RD btwn CENTER ST & BRITTANY DR (__3ZA3A1),__3ZA3A1,04 - At/near private drive,02 - Non-fatal injury,07 - SMV other,01 - Clear,07 - Dark,01 - Dry,10 - No control,,1,0,0,1,01 - Minimal,1,1,,,,371830.2332,5033956.083,45.44232226,-75.64316416,2989
17--12500,11/28/2017,5:28 PM,HIGHWAY 417 btwn HWY417 IC124 RAMP65 & HWY417 IC122 RAMP51 (__3ZA2R8),__3ZA2R8,01 - Non intersection,03 - P.D. only,03 - Rear end,01 - Clear,07 - Dark,01 - Dry,10 - No control,,5,0,0,0,,0,,,,,364961.0425,5028374.698,45.39272723,-75.73164486,2990
17--12501,11/28/2017,5:51 PM,ROBERTSON RD btwn HAZELDEAN RD & HAANEL DR (__3ZA41S),__3ZA41S,01 - Non intersection,03 - P.D. only,07 - SMV other,01 - Clear,07 - Dark,01 - Dry,10 - No control,,1,0,0,0,,0,,,,,354110.2682,5018675.135,45.30629746,-75.8711849,2991
17--12502,11/28/2017,5:54 PM,PRESTON ST @ SOMERSET ST (0002215),2215,02 - Intersection related,03 - P.D. only,07 - SMV other,01 - Clear,07 - Dark,01 - Dry,01 - Traffic signal,00 - Unknown,1,0,0,0,,0,,,,,366307.6986,5030127.568,45.40838213,-75.71422886,2992
17--12503,11/28/2017,5:58 AM,EAGLESON RD @ PERTH ST/RICHMOND RD (0009376),9376,02 - Intersection related,03 - P.D. only,03 - Rear end,01 - Clear,07 - Dark,01 - Dry,01 - Traffic signal,01 - Functioning,2,0,0,0,,0,,,,,358015.965,5007411.014,45.20465569,-75.82258818,2993
17--12504,11/28/2017,6:02 PM,MOODIE DR btwn MOODIE DR & 340 S OF CARLING AVE/NORTEL NORTH ENT (__3ZA4Z7A),__3ZA4Z7A,01 - Non intersection,03 - P.D. only,03 - Rear end,01 - Clear,07 - Dark,01 - Dry,10 - No control,,2,0,0,0,,0,,,,,355976.7564,5023693.26,45.35131763,-75.84686581,2994
17--12505,11/28/2017,6:08 PM,EARL ARMSTRONG RD btwn RIVER RD & SPRATT RD (__3ZAZR4),__3ZAZR4,01 - Non intersection,03 - P.D. only,03 - Rear end,01 - Clear,07 - Dark,01 - Dry,10 - No control,,2,0,0,0,,0,,,,,368180.6038,5014878.3,45.2710053,-75.69225797,2995
17--12506,11/28/2017,6:14 PM,WEST HUNT CLUB RD EB btwn KNOXDALE RD & WOODROFFE AVE (__3ZA17C),__3ZA17C,01 - Non intersection,03 - P.D. only,03 - Rear end,01 - Clear,07 - Dark,01 - Dry,10 - No control,,2,0,0,0,,0,,,,,361922.6739,5020568.422,45.32274134,-75.77134867,2996
17--12507,11/28/2017,6:15 AM,REGIONAL ROAD 174 btwn QUIGLEY HILL RD & REGIONAL ROAD 174 DIVIDED (__3ZA2Y5),__3ZA2Y5,01 - Non intersection,03 - P.D. only,07 - SMV other,01 - Clear,07 - Dark,01 - Dry,10 - No control,,1,0,0,0,,0,,,,,385861.4647,5041848.469,45.51184392,-75.46253,2997
17--12508,11/28/2017,6:30 PM,HIGHWAY 417 btwn HWY417 IC122 RAMP61 & HWY417 IC121B RAMP16 (__3ZA2Y4),__3ZA2Y4,01 - Non intersection,03 - P.D. only,03 - Rear end,01 - Clear,07 - Dark,01 - Dry,10 - No control,,2,0,0,0,,0,,,,,365931.3245,5029275.553,45.40074888,-75.71914228,2998
17--12509,11/28/2017,7:02 PM,REGIONAL RD 174 EB btwn REGIONAL RD 174 & TRIM RD (__3ZA1L6),__3ZA1L6,01 - Non intersection,03 - P.D. only,07 - SMV other,01 - Clear,07 - Dark,01 - Dry,10 - No control,,1,0,0,0,,0,,,,,384542.1543,5040105.391,45.49631354,-75.47969591,2999
17--1251,1/31/2017,6:00 PM,PICCADILLY AVE btwn BYRON AVE & IONA ST (__3ZA0KX),__3ZA0KX,04 - At/near private drive,03 - P.D. only,06 - SMV unattended vehicle,03 - Snow,07 - Dark,03 - Loose snow,10 - No control,,1,0,0,0,,0,,,,,364387.9543,5028521.515,45.39409726,-75.73894576,3000
17--12961,12/8/2017,5:00 PM,SIXTH ST btwn ST. BERNARD ST & BELLMANOR CRT (__3ZA5NV),__3ZA5NV,01 - Non intersection,03 - P.D. only,05 - Turning movement,01 - Clear,07 - Dark,01 - Dry,10 - No control,,2,0,0,0,,0,,,,,373505.5809,5023815.287,45.35091738,-75.62316335,3001
17--13230,12/12/2017,9:21 AM,ALBERT ST @ BOOTH ST (0002162),2162,02 - Intersection related,03 - P.D. only,03 - Rear end,03 - Snow,01 - Daylight,05 - Packed snow,01 - Traffic signal,01 - Functioning,2,0,0,0,,0,,,,,366428.6932,5030626.806,45.41286349,-75.71262087,3002
17--12962,12/8/2017,5:15 PM,TERRY FOX DR btwn HUNTSVILLE DR & OLD SECOND LINE RD (__8IAYIU),__8IAYIU,01 - Non intersection,03 - P.D. only,07 - SMV other,01 - Clear,07 - Dark,02 - Wet,10 - No control,,1,0,0,0,,0,,,,,347868.3739,5020968.188,45.32734154,-75.95057956,3003
17--12963,12/8/2017,5:25 PM,WOODROFFE AVE @ TECUMSEH ST (0005767),5767,02 - Intersection related,03 - P.D. only,03 - Rear end,01 - Clear,07 - Dark,01 - Dry,02 - Stop sign,01 - Functioning,3,0,0,0,,0,,,,,362368.6686,5024229.005,45.35564265,-75.76523417,3004
17--13231,12/12/2017,9:35 PM,DAVIDSON RD btwn CONROY RD & HAWTHORNE RD (__3ZA8PL),__3ZA8PL,01 - Non intersection,02 - Non-fatal injury,03 - Rear end,03 - Snow,07 - Dark,03 - Loose snow,10 - No control,,2,0,0,0,02 - Minor,1,,1,,,375419.9518,5024005.595,45.35243953,-75.59870752,3005
17--12964,12/8/2017,5:27 PM,STRANDHERD DR btwn LONGFIELDS DR & CLARIDGE DR (__4BRV9S),__4BRV9S,01 - Non intersection,03 - P.D. only,03 - Rear end,01 - Clear,07 - Dark,01 - Dry,10 - No control,,3,0,0,0,,0,,,,,364855.829,5015348.598,45.27552883,-75.73456914,3006
17--13232,12/12/2017,9:43 AM,GRENFELL CRES @ SLACK RD (0000254),254,02 - Intersection related,03 - P.D. only,02 - Angle,03 - Snow,01 - Daylight,03 - Loose snow,02 - Stop sign,01 - Functioning,4,0,0,0,,0,,,,,365825.6998,5020853.73,45.32498006,-75.72153136,3007
17--12965,12/8/2017,5:30 AM,HIGHWAY 417 btwn RAMP & HWY417 IC145 RAMP55 (__3ZA2Q1),__3ZA2Q1,01 - Non intersection,03 - P.D. only,07 - SMV other,01 - Clear,07 - Dark,01 - Dry,10 - No control,,1,0,0,0,,0,,,,,345858.1828,5014764.522,45.27163909,-75.97673606,3008
17--13233,12/12/2017,9:44 AM,INNES RD @ STAR TOP RD/WINDMILL LANE (0008734),8734,03 - At intersection,03 - P.D. only,05 - Turning movement,03 - Snow,01 - Daylight,05 - Packed snow,01 - Traffic signal,01 - Functioning,2,0,0,0,,0,,,,,374148.1992,5030666.797,45.41250091,-75.61400066,3009
17--13234,12/12/2017,9:50 AM,HIGHWAY 417 btwn HWY417 IC144 RAMP25 & HWY417 IC142 RAMP51 (__3ZA20J),__3ZA20J,01 - Non intersection,03 - P.D. only,04 - Sideswipe,03 - Snow,01 - Daylight,03 - Loose snow,10 - No control,,2,0,0,0,,0,,,,,348220.7033,5016566.215,45.28770947,-75.94647079,3010
17--13235,12/12/2017,9:52 AM,ST. LAURENT BLVD btwn CONNERY AVE & NERTA ST (__3ZA75S),__3ZA75S,01 - Non intersection,03 - P.D. only,06 - SMV unattended vehicle,03 - Snow,01 - Daylight,03 - Loose snow,10 - No control,,1,0,0,0,,0,,,,,373653.3133,5028658.793,45.39448271,-75.62060299,3011
17--13236,12/13/2017,1:03 PM,RICHMOND RD @ LYNHAR RD/STAFFORD RD (0000155),155,02 - Intersection related,03 - P.D. only,04 - Sideswipe,01 - Clear,01 - Daylight,01 - Dry,01 - Traffic signal,01 - Functioning,2,0,0,0,,0,,,,,358137.376,5021086.701,45.32770268,-75.8195742,3012
17--13237,12/13/2017,1:35 PM,STAR TOP RD btwn CYRVILLE RD & ALGOMA RD (__3ZA7XF),__3ZA7XF,04 - At/near private drive,02 - Non-fatal injury,05 - Turning movement,01 - Clear,01 - Daylight,02 - Wet,10 - No control,,2,0,0,0,02 - Minor,2,,2,,,373852.9237,5031405.663,45.41917805,-75.61766915,3013
17--13238,12/13/2017,10:02 AM,RIVER RD @ RYEBURN DR (0004198),4198,02 - Intersection related,03 - P.D. only,01 - Approaching,03 - Snow,01 - Daylight,06 - Ice,02 - Stop sign,00 - Unknown,2,0,0,0,,0,,,,,368049.7023,5016306.627,45.28386902,-75.69374405,3014
17--13239,12/13/2017,10:14 AM,DONALD B. MUNRO DR btwn FALLDOWN LANE & CARP RD (__3ZA5Z1),__3ZA5Z1,04 - At/near private drive,03 - P.D. only,07 - SMV other,03 - Snow,01 - Daylight,03 - Loose snow,10 - No control,,1,0,0,0,,0,,,,,340975.6715,5022902.418,45.34513563,-76.03836478,3015
17--1324,2/2/2017,11:46 AM,HUNT CLUB RD @ RIVERSIDE DR (0002237),2237,02 - Intersection related,03 - P.D. only,03 - Rear end,01 - Clear,01 - Daylight,01 - Dry,01 - Traffic signal,00 - Unknown,2,0,0,0,,0,,,,,368036.703,5021946.045,45.3346128,-75.69319013,3016
17--13240,12/13/2017,10:36 AM,BRONSON AVE @ CATHERINE ST/RAYMOND ST (0007198),7198,02 - Intersection related,02 - Non-fatal injury,02 - Angle,01 - Clear,01 - Daylight,02 - Wet,01 - Traffic signal,01 - Functioning,2,0,0,0,02 - Minor,2,1,1,,,367253.7118,5029795.229,45.40530806,-75.70218665,3017
17--13241,12/13/2017,10:41 AM,ALGOMA RD @ COMSTOCK RD (0008739),8739,03 - At intersection,03 - P.D. only,05 - Turning movement,01 - Clear,01 - Daylight,04 - Slush,02 - Stop sign,00 - Unknown,2,0,0,0,,0,,,,,373662.6734,5031108.273,45.41652104,-75.62014136,3018
17--13242,12/13/2017,11:28 AM,TERRY FOX DR @ HALKIRK AVE/WINCHESTER DR (0012574),12574,02 - Intersection related,03 - P.D. only,04 - Sideswipe,03 - Snow,01 - Daylight,03 - Loose snow,01 - Traffic signal,00 - Unknown,2,0,0,0,,0,,,,,352511.7546,5016870.364,45.29016809,-75.89174197,3019
17--13243,12/13/2017,11:36 AM,SOMERSET ST    W btwn BAY ST & LYON ST N (__3ZA3BB),__3ZA3BB,01 - Non intersection,03 - P.D. only,06 - SMV unattended vehicle,03 - Snow,01 - Daylight,05 - Packed snow,10 - No control,,1,0,0,0,,0,,,,,367267.4628,5030658.217,45.41307175,-75.70190166,3020
17--13244,12/13/2017,11:42 PM,GREENBANK RD btwn FALLOWFIELD RD & LARKIN DR (__3ZA3HF),__3ZA3HF,01 - Non intersection,03 - P.D. only,07 - SMV other,01 - Clear,07 - Dark,05 - Packed snow,10 - No control,,1,0,0,0,,0,,,,,363101.2253,5016688.728,45.28773502,-75.75677278,3021
17--13245,12/13/2017,Unknown,GILMOUR ST btwn SALISBURY PL & DRIVEWAY (THE) (__3ZA4FA),__3ZA4FA,01 - Non intersection,03 - P.D. only,06 - SMV unattended vehicle,01 - Clear,00 - Unknown,03 - Loose snow,10 - No control,,1,0,0,0,,0,,,,,368646.1383,5031292.375,45.41865325,-75.68420701,3022
17--13246,12/13/2017,12:00 PM,MERIVALE RD btwn 210 S OF MEADOWLANDS DR/MERIVALE PL SC & FAMILY BROWN (__3ZBPLPB),__3ZBPLPB,04 - At/near private drive,03 - P.D. only,04 - Sideswipe,01 - Clear,01 - Daylight,01 - Dry,10 - No control,,2,0,0,0,,0,,,,,364948.5672,5023516.611,45.34901607,-75.73239573,3023
17--13247,12/13/2017,12:15 AM,BANK ST btwn NOTTING HILL AVE & VANCOUVER AVE (__3ZA4TU),__3ZA4TU,01 - Non intersection,02 - Non-fatal injury,07 - SMV other,03 - Snow,07 - Dark,05 - Packed snow,10 - No control,,1,0,0,0,02 - Minor,1,,1,,,370436.2197,5025691.117,45.36808951,-75.66208184,3024
17--13248,12/13/2017,2:27 PM,LOCKHART AVE @ SAVILLE ROW (0002844),2844,02 - Intersection related,03 - P.D. only,05 - Turning movement,01 - Clear,01 - Daylight,03 - Loose snow,02 - Stop sign,00 - Unknown,2,0,0,0,,0,,,,,361931.1023,5026249.944,45.37386268,-75.77058483,3025
17--13249,12/13/2017,2:39 PM,CAMBRIAN RD/GOLFLINKS DR W @ LONGFIELDS DR (0009702),9702,03 - At intersection,03 - P.D. only,04 - Sideswipe,03 - Snow,01 - Daylight,02 - Wet,11 - Roundabout,01 - Functioning,2,0,0,0,,0,,,,,365381.5105,5013223.094,45.25635848,-75.72812901,3026
17--1325,2/2/2017,Unknown,BANNER RD @ GREENBANK RD (0000644),644,02 - Intersection related,03 - P.D. only,06 - SMV unattended vehicle,03 - Snow,00 - Unknown,05 - Packed snow,01 - Traffic signal,00 - Unknown,1,0,0,0,,0,,,,,361019.2035,5021570.196,45.33182825,-75.78275859,3027
17--13250,12/13/2017,2:50 PM,CLARINGTON AVE @ VISTAPARK DR (0013455),13455,02 - Intersection related,03 - P.D. only,02 - Angle,01 - Clear,01 - Daylight,04 - Slush,02 - Stop sign,01 - Functioning,2,0,0,0,,0,,,,,385171.6208,5035016.108,45.45045291,-75.47247567,3028
17--13251,12/13/2017,2:58 PM,HUNT CLUB RD @ LORRY GREENBERG DR/SABLE RIDGE  (0008203),8203,03 - At intersection,02 - Non-fatal injury,05 - Turning movement,03 - Snow,01 - Daylight,04 - Slush,01 - Traffic signal,01 - Functioning,2,0,0,0,02 - Minor,1,,1,,,372823.8543,5024807.72,45.35991338,-75.63172614,3029
17--13252,12/13/2017,3:00 PM,HIGHWAY 417 btwn HWY417 IC119B RAMP76 & HWY417 IC119A RAMP67 (__3ZA2YT),__3ZA2YT,01 - Non intersection,03 - P.D. only,03 - Rear end,01 - Clear,01 - Daylight,01 - Dry,10 - No control,,2,0,0,0,,0,,,,,368288.5132,5030355.377,45.410255,-75.6888968,3030
17--13253,12/13/2017,3:15 PM,TENTH LINE RD @ VANGUARD DR (0004632),4632,03 - At intersection,03 - P.D. only,04 - Sideswipe,01 - Clear,01 - Daylight,01 - Dry,01 - Traffic signal,01 - Functioning,2,0,0,0,,0,,,,,384073.1306,5035874.926,45.45830524,-75.48637885,3031
17--13254,12/13/2017,3:15 PM,SLATER ST btwn KENT ST & BANK ST (__3ZA349),__3ZA349,01 - Non intersection,03 - P.D. only,06 - SMV unattended vehicle,01 - Clear,01 - Daylight,01 - Dry,10 - No control,,1,0,0,0,,0,,,,,367408.1355,5031343.443,45.41922462,-75.70001751,3032
17--13255,12/13/2017,3:15 PM,HIGHWAY 417 btwn HWY417 IC117 RAMP25 & HWY417 IC115 RAMP51 (__3ZA2R3),__3ZA2R3,01 - Non intersection,03 - P.D. only,03 - Rear end,01 - Clear,01 - Daylight,01 - Dry,10 - No control,,2,0,0,0,,0,,,,,371481.3419,5031391.021,45.41927636,-75.64797083,3033
17--13256,12/13/2017,3:19 PM,AVIATION PKWY btwn LA CITE PRIV & AVIATION PKWY (2) (__3ZAZZL),__3ZAZZL,01 - Non intersection,02 - Non-fatal injury,07 - SMV other,01 - Clear,01 - Daylight,03 - Loose snow,10 - No control,,1,0,0,1,02 - Minor,1,,1,,,372507.2508,5033235.348,45.4357722,-75.6346101,3034
17--13257,12/13/2017,3:25 PM,HIGHWAY 417 btwn HWY417 IC119A RAMP75 & HWY417 IC118 RAMP57 (__3ZA2R2),__3ZA2R2,01 - Non intersection,03 - P.D. only,04 - Sideswipe,01 - Clear,01 - Daylight,02 - Wet,10 - No control,,2,0,0,0,,0,,,,,368932.0235,5030685.535,45.41316697,-75.68063346,3035
17--13258,12/13/2017,3:26 PM,HEMLOCK RD @ ST. LAURENT BLVD (0007183),7183,02 - Intersection related,03 - P.D. only,03 - Rear end,01 - Clear,01 - Daylight,02 - Wet,01 - Traffic signal,01 - Functioning,2,0,0,0,,0,,,,,371145.7089,5034782.274,45.44982124,-75.65180194,3036
17--13259,12/13/2017,3:30 PM,MACFARLANE RD @ DEAKIN ST (0000197),197,03 - At intersection,02 - Non-fatal injury,05 - Turning movement,01 - Clear,01 - Daylight,03 - Loose snow,02 - Stop sign,00 - Unknown,2,0,0,0,01 - Minimal,1,1,,,,367253.4093,5021558.589,45.33119669,-75.70323175,3037
17--1326,2/2/2017,12:50 PM,EAGLESON RD @ FALLOWFIELD RD (0000118),118,03 - At intersection,02 - Non-fatal injury,02 - Angle,01 - Clear,01 - Daylight,02 - Wet,01 - Traffic signal,01 - Functioning,2,0,0,0,02 - Minor,2,,2,,,355961.0877,5012595.499,45.25145929,-75.84821101,3038
17--13260,12/13/2017,3:31 PM,REGIONAL ROAD 174 btwn OR174 IC112 RAMP36 & OR174 IC112 RAMP26 (__3ZAZFK),__3ZAZFK,01 - Non intersection,03 - P.D. only,07 - SMV other,03 - Snow,01 - Daylight,06 - Ice,10 - No control,,1,0,0,0,,0,,,,,374746.1025,5032806.96,45.43169744,-75.60605886,3039
17--13261,12/13/2017,4:00 PM,BEARBROOK RD/ROCKCLIFFE PKWY @ ST. JOSEPH BLVD (0012382),12382,02 - Intersection related,03 - P.D. only,06 - SMV unattended vehicle,01 - Clear,05 - Dusk,02 - Wet,01 - Traffic signal,01 - Functioning,1,0,0,0,,0,,,,,377132.3905,5035243.153,45.45337399,-75.57520694,3040
17--13262,12/13/2017,4:01 PM,MARINOFF WAY btwn HANCOCK CRES & SABLON CRT (__3ZAZ1J),__3ZAZ1J,04 - At/near private drive,03 - P.D. only,99 - Other,01 - Clear,05 - Dusk,05 - Packed snow,10 - No control,,2,0,0,0,,0,,,,,384296.6905,5038225.426,45.47942744,-75.48314054,3041
17--13263,12/13/2017,4:02 PM,MCKENNA CASEY DR @ STRANDHERD DR (0009659),9659,02 - Intersection related,03 - P.D. only,03 - Rear end,03 - Snow,05 - Dusk,04 - Slush,02 - Stop sign,00 - Unknown,2,0,0,0,,0,,,,,361911.7982,5013611.107,45.26014005,-75.77228844,3042
17--13264,12/13/2017,4:07 PM,ROGER STEVENS DR btwn DWYER HILL RD & MALAKOFF RD (__3ZA4ZQ),__3ZA4ZQ,01 - Non intersection,03 - P.D. only,07 - SMV other,01 - Clear,05 - Dusk,01 - Dry,10 - No control,,1,0,0,0,,0,,,,,357006.0218,4991481.201,45.06138821,-75.8371061,3043
17--13265,12/13/2017,4:10 PM,HAWTHORNE AVE @ MAIN ST (0006919),6919,03 - At intersection,03 - P.D. only,05 - Turning movement,01 - Clear,05 - Dusk,04 - Slush,01 - Traffic signal,01 - Functioning,2,0,0,0,,0,,,,,368969.2895,5030631.857,45.41268058,-75.68016438,3044
17--13266,12/13/2017,4:12 PM,REGIONAL ROAD 174 EB btwn HWY417 IC113 RAMP65 & OR174 BLAIR IC112 RAMP51 (__3ZAZFJ),__3ZAZFJ,01 - Non intersection,03 - P.D. only,03 - Rear end,01 - Clear,05 - Dusk,01 - Dry,10 - No control,,4,0,0,0,,0,,,,,374685.482,5032735.119,45.43105711,-75.60684372,3045
17--13267,12/13/2017,4:20 PM,GREENBANK RD btwn HARRISON ST & BANNER RD (__3ZBOCZ),__3ZBOCZ,01 - Non intersection,03 - P.D. only,07 - SMV other,01 - Clear,05 - Dusk,02 - Wet,10 - No control,,1,0,0,0,,0,,,,,360858.0764,5021960.003,45.33534862,-75.78476992,3046
17--13268,12/13/2017,4:29 PM,BANK ST @ DALMENY RD/MARVELVILLE RD (0001081),1081,02 - Intersection related,03 - P.D. only,02 - Angle,01 - Clear,05 - Dusk,02 - Wet,02 - Stop sign,01 - Functioning,2,0,0,0,,0,,,,,385827.7775,5004368.352,45.17463114,-75.46910015,3047
17--13269,12/13/2017,4:35 PM,LEIKIN DR btwn HOLITZNER WAY & CRESTWAY DR (__3ZA40I),__3ZA40I,01 - Non intersection,03 - P.D. only,07 - SMV other,03 - Snow,05 - Dusk,03 - Loose snow,10 - No control,,1,0,0,0,,0,,,,,366777.0609,5017316.851,45.29307229,-75.70983889,3048
17--1327,2/2/2017,12:56 PM,MEADOWLANDS DR @ MERIVALE RD (0000625),625,02 - Intersection related,03 - P.D. only,04 - Sideswipe,01 - Clear,01 - Daylight,01 - Dry,01 - Traffic signal,01 - Functioning,2,0,0,0,,0,,,,,364858.6999,5023726.057,45.35090833,-75.73351706,3049
17--13270,12/13/2017,4:45 PM,NORMANDY CRES btwn APELDOORN AVE & PRINCE OF WALES DR (__3ZA9XK),__3ZA9XK,01 - Non intersection,03 - P.D. only,01 - Approaching,03 - Snow,05 - Dusk,05 - Packed snow,10 - No control,,2,0,0,0,,0,,,,,367370.8455,5024621.766,45.3587481,-75.70134618,3050
17--13271,12/13/2017,5:10 PM,HOLLAND AVE @ RUSKIN ST (0006676),6676,03 - At intersection,03 - P.D. only,02 - Angle,01 - Clear,07 - Dark,03 - Loose snow,02 - Stop sign,01 - Functioning,2,0,0,0,,0,,,,,365279.834,5028350.233,45.39247964,-75.72757674,3051
17--13272,12/13/2017,5:15 PM,HIGHWAY 417 btwn HWY417 IC134 RAMP36 & HWY417 IC134 RAMP26 (__3ZA29C),__3ZA29C,01 - Non intersection,03 - P.D. only,03 - Rear end,01 - Clear,07 - Dark,02 - Wet,10 - No control,,2,0,0,0,,0,,,,,356320.8453,5022240.23,45.33821795,-75.84262607,3052
17--13273,12/13/2017,5:20 PM,PRINCE OF WALES DR btwn JOCKVALE RD & MAPLEHILL WAY (__3ZA29X),__3ZA29X,01 - Non intersection,03 - P.D. only,05 - Turning movement,01 - Clear,07 - Dark,02 - Wet,10 - No control,,2,0,0,0,,0,,,,,366719.7328,5012279.029,45.24774731,-75.71119789,3053
17--13274,12/13/2017,5:30 PM,HWY417 IC131 RAMP66 btwn HWY417 IC130 RAMP36 & HWY417 IC131 RAMP63 (__3ZA1SX),__3ZA1SX,01 - Non intersection,03 - P.D. only,03 - Rear end,01 - Clear,07 - Dark,01 - Dry,10 - No control,,2,0,0,0,,0,,,,,358615.4013,5022950.602,45.34443766,-75.81327376,3054
17--13275,12/13/2017,5:32 PM,HIGHWAY 417 btwn HWY417 IC124 RAMP57 & HWY417 IC124 RAMP55 (__3ZA2Y1),__3ZA2Y1,01 - Non intersection,03 - P.D. only,03 - Rear end,01 - Clear,07 - Dark,02 - Wet,10 - No control,,3,0,0,0,,0,,,,,364121.7089,5027098.006,45.38131139,-75.74251703,3055
17--13276,12/13/2017,6:06 AM,CRESTHAVEN DR @ STRANDHERD DR (0010929),10929,03 - At intersection,03 - P.D. only,02 - Angle,03 - Snow,07 - Dark,03 - Loose snow,01 - Traffic signal,01 - Functioning,2,0,0,0,,0,,,,,366814.2407,5015027.402,45.27246873,-75.70965102,3056
17--13277,12/13/2017,6:08 PM,CARLING AVE WB btwn PARKDALE AVE & CIVIC HOSPITAL (__3ZA4UQA),__3ZA4UQA,04 - At/near private drive,03 - P.D. only,05 - Turning movement,01 - Clear,07 - Dark,02 - Wet,10 - No control,,2,0,0,0,,0,,,,,365689.5403,5028213.252,45.39121162,-75.72236153,3057
17--13278,12/13/2017,6:26 PM,WEST HUNT CLUB RD btwn MOODIE DR & HWY416 IC72 RAMP53 (__3ZA4YJ),__3ZA4YJ,04 - At/near private drive,03 - P.D. only,02 - Angle,01 - Clear,07 - Dark,02 - Wet,10 - No control,,2,0,0,0,,0,,,,,358622.6867,5018918.691,45.30815771,-75.8136191,3058
17--13279,12/13/2017,6:26 PM,BASELINE RD @ MERIVALE RD (0002342),2342,02 - Intersection related,03 - P.D. only,04 - Sideswipe,03 - Snow,07 - Dark,04 - Slush,01 - Traffic signal,01 - Functioning,2,0,0,0,,0,,,,,365054.2454,5025325.289,45.36528121,-75.73082674,3059
17--1328,2/2/2017,2:36 PM,LYON ST @ WELLINGTON ST (0002388),2388,02 - Intersection related,03 - P.D. only,04 - Sideswipe,01 - Clear,01 - Daylight,01 - Dry,01 - Traffic signal,01 - Functioning,2,0,0,0,,0,,,,,366936.5056,5031429.87,45.42004431,-75.70603233,3060
17--13280,12/13/2017,6:34 PM,WOODROFFE AVE @ KNOXDALE RD/MEDHURST DR (0000519),519,03 - At intersection,03 - P.D. only,05 - Turning movement,01 - Clear,07 - Dark,02 - Wet,01 - Traffic signal,01 - Functioning,2,0,0,0,,0,,,,,363418.2698,5021826.724,45.33394017,-75.75212362,3061
17--13281,12/13/2017,6:35 PM,DONALD ST @ ST. LAURENT BLVD (0008630),8630,03 - At intersection,02 - Non-fatal injury,03 - Rear end,03 - Snow,07 - Dark,05 - Packed snow,01 - Traffic signal,01 - Functioning,2,0,0,0,01 - Minimal,1,1,,,,372094.6597,5032472.348,45.42894692,-75.63998725,3062
17--13282,12/13/2017,6:45 PM,MADRID AVE btwn KENTON AVE & TALLGRASS LANE (__6N4HUK),__6N4HUK,04 - At/near private drive,03 - P.D. only,06 - SMV unattended vehicle,03 - Snow,07 - Dark,03 - Loose snow,10 - No control,,1,0,0,0,,0,,,,,363163.9536,5014107.846,45.26450697,-75.75627661,3063
17--13283,12/13/2017,6:51 PM,REGIONAL ROAD 174 btwn OR174 IC112 RAMP15 & TRANSIT (__3ZA2WA),__3ZA2WA,01 - Non intersection,03 - P.D. only,03 - Rear end,01 - Clear,07 - Dark,01 - Dry,10 - No control,,3,0,0,0,,0,,,,,375196.6248,5033123.409,45.43449946,-75.60025646,3064
17--13284,12/13/2017,6:53 AM,BOUNDARY RD btwn PANA RD & CARTWRIGHT RD (__3ZA3XE),__3ZA3XE,01 - Non intersection,03 - P.D. only,07 - SMV other,03 - Snow,03 - Dawn,03 - Loose snow,10 - No control,,1,0,0,0,,0,,,,,390724.8969,5015052.573,45.27018021,-75.40496214,3065
17--13285,12/13/2017,6:58 AM,BANK ST btwn TURN LANE & SPRINGHILL RD (__3ZA2LG),__3ZA2LG,01 - Non intersection,02 - Non-fatal injury,07 - SMV other,03 - Snow,03 - Dawn,03 - Loose snow,10 - No control,,1,0,0,0,02 - Minor,1,,1,,,385009.0065,5006644.833,45.19520733,-75.47914949,3066