Anom_ID,Accident_Date,Accident_Time,Location,Geo_ID,Accident_Location,Classification_of_Accident,Initial_Impact_Type,Environment_Condition,Light,Road_Surface_Condition,Traffic_Control,Traffic_Control_Condition,No__of_Vehicles,No__of_Bicycles,No__of_Motorcycles,No__of_Pedestrians,Max_Injury,No__of_Injuries,No__of_Minimal,No__of_Minor,No__of_Major,No__of_Fatal,X,Y,Latitude,Longitude,ObjectId
17--13286,12/13/2017,7:00 PM,HIGHWAY 417 btwn HWY417 IC131 RAMP66 & HWY417 IC130 RAMP26 (__3ZA29A),__3ZA29A,01 - Non intersection,03 - P.D. only,03 - Rear end,01 - Clear,07 - Dark,02 - Wet,10 - No control,,2,0,0,0,,0,,,,,359196.371,5023080.54,45.34556203,-75.80584639,3067
17--13287,12/13/2017,7:15 AM,HIGHWAY 417 btwn HWY417 IC96 RAMP61 & HWY417 IC88 RAMP16 (__3ZA27Z),__3ZA27Z,01 - Non intersection,03 - P.D. only,03 - Rear end,05 - Drifting Snow,03 - Dawn,03 - Loose snow,10 - No control,,2,0,0,0,,0,,,,,392400.5279,5022911.621,45.34068159,-75.38222282,3068
17--13288,12/13/2017,7:19 PM,ELGIN ST @ GILMOUR ST (0006953),6953,02 - Intersection related,02 - Non-fatal injury,03 - Rear end,03 - Snow,07 - Dark,03 - Loose snow,01 - Traffic signal,01 - Functioning,2,0,0,0,02 - Minor,1,,1,,,368252.71,5031054.815,45.41655156,-75.68926411,3069
17--13289,12/13/2017,7:20 AM,BLACKBURN BYPASS WB btwn NAVAN RD & INNES RD E (__3ZA3J9),__3ZA3J9,01 - Non intersection,02 - Non-fatal injury,03 - Rear end,03 - Snow,03 - Dawn,03 - Loose snow,10 - No control,,2,0,0,0,01 - Minimal,2,2,,,,379734.9645,5033542.401,45.43779765,-75.54219579,3070
17--1329,2/2/2017,3:18 PM,ST. LAURENT BLVD @ WALKLEY RD (0007653),7653,02 - Intersection related,02 - Non-fatal injury,03 - Rear end,01 - Clear,01 - Daylight,01 - Dry,01 - Traffic signal,01 - Functioning,2,0,0,0,02 - Minor,2,,2,,,373901.6572,5028047.402,45.38895723,-75.61751713,3071
17--13290,12/13/2017,7:29 PM,HIGHWAY 417 btwn HWY417 IC115 RAMP25 & REGIONAL ROAD 174 (__3ZA2RY),__3ZA2RY,01 - Non intersection,03 - P.D. only,07 - SMV other,01 - Clear,07 - Dark,02 - Wet,10 - No control,,1,0,0,0,,0,,,,,373202.721,5031664.004,45.42156635,-75.62594034,3072
17--13291,12/13/2017,7:30 AM,BAYCREST DR @ WALKLEY RD (0006958),6958,02 - Intersection related,03 - P.D. only,03 - Rear end,03 - Snow,03 - Dawn,06 - Ice,01 - Traffic signal,01 - Functioning,2,0,0,0,,0,,,,,371421.2572,5026589.107,45.37607637,-75.64938703,3073
17--13292,12/13/2017,7:34 AM,REGIONAL ROAD 174 btwn OR174 IC109 RAMP56 & OR174 IC109 RAMP86 (__3ZA28W),__3ZA28W,01 - Non intersection,03 - P.D. only,03 - Rear end,01 - Clear,03 - Dawn,03 - Loose snow,10 - No control,,2,0,0,0,,0,,,,,376402.988,5034883.006,45.45020873,-75.58458381,3074
17--13293,12/13/2017,7:35 AM,HIGHWAY 417 btwn HWY417 IC163 RAMP16 & HWY417 IC163 RAMP61 (__3ZAZNM),__3ZAZNM,01 - Non intersection,03 - P.D. only,07 - SMV other,03 - Snow,03 - Dawn,04 - Slush,10 - No control,,1,0,0,0,,0,,,,,331631.9999,5021408.354,45.33211092,-76.15767723,3075
17--13294,12/13/2017,7:42 AM,NAVAHO DR @ WOODROFFE AVE/TRANSITWAY N BASELIN (0010359),10359,03 - At intersection,02 - Non-fatal injury,07 - SMV other,03 - Snow,03 - Dawn,05 - Packed snow,01 - Traffic signal,01 - Functioning,1,0,0,1,01 - Minimal,1,1,,,,362705.2386,5023492.801,45.34899063,-75.761025,3076
17--13295,12/13/2017,8:02 PM,PARKGLEN DR @ WOODROFFE AVE (0001099),1099,03 - At intersection,03 - P.D. only,02 - Angle,01 - Clear,07 - Dark,04 - Slush,02 - Stop sign,01 - Functioning,2,0,0,0,,0,,,,,362889.1613,5023127.223,45.34568598,-75.75872095,3077
17--13296,12/13/2017,8:10 AM,ALTA VISTA DR @ DALE AVE (0007995),7995,02 - Intersection related,03 - P.D. only,03 - Rear end,01 - Clear,01 - Daylight,04 - Slush,02 - Stop sign,01 - Functioning,2,0,0,0,,0,,,,,370697.7179,5030197.361,45.40861053,-75.65814219,3078
17--13297,12/13/2017,8:45 AM,WEST HUNT CLUB RD WB btwn ANTARES DR/LASER ST & PRINCE OF WALES DR (__3ZA3KI),__3ZA3KI,01 - Non intersection,03 - P.D. only,03 - Rear end,01 - Clear,01 - Daylight,03 - Loose snow,10 - No control,,2,0,0,0,,0,,,,,367355.4578,5021913.884,45.33438448,-75.70188506,3079
17--13298,12/13/2017,8:52 AM,BROADWAY AVE @ RALPH ST (0002411),2411,03 - At intersection,03 - P.D. only,99 - Other,01 - Clear,01 - Daylight,05 - Packed snow,02 - Stop sign,01 - Functioning,2,0,0,0,,0,,,,,368312.0421,5028890.432,45.39707175,-75.68878491,3080
17--13299,12/13/2017,8:53 AM,MITCH OWENS RD btwn LIMEBANK RD & DOWNEY RD (__3ZA3H4),__3ZA3H4,01 - Non intersection,02 - Non-fatal injury,01 - Approaching,03 - Snow,01 - Daylight,05 - Packed snow,10 - No control,,2,0,0,0,02 - Minor,3,1,2,,,371845.5593,5012217.058,45.24672008,-75.6459148,3081
17--133,1/4/2017,4:10 PM,MARCH RD btwn 280 S OF CARLING AVE/STATION RD & RICHARDSON SIDE RD (__3ZA42DB),__3ZA42DB,04 - At/near private drive,02 - Non-fatal injury,02 - Angle,03 - Snow,01 - Daylight,03 - Loose snow,10 - No control,,2,0,0,0,01 - Minimal,1,1,,,,351294.2024,5021841.644,45.33498251,-75.90679672,3082
17--1330,2/2/2017,3:30 PM,CARLING AVE @ PINECREST  RD/GREENVIEW AVE (0001630),1630,02 - Intersection related,03 - P.D. only,03 - Rear end,01 - Clear,01 - Daylight,02 - Wet,01 - Traffic signal,01 - Functioning,2,0,0,0,,0,,,,,360006.6757,5024631.982,45.35945857,-75.79533363,3083
17--13300,12/13/2017,8:58 AM,OTTAWA ROAD 29 btwn GALETTA SIDE RD & GALETTA SIDE RD (__3ZA2RW),__3ZA2RW,01 - Non intersection,03 - P.D. only,07 - SMV other,03 - Snow,01 - Daylight,04 - Slush,10 - No control,,1,0,0,0,,0,,,,,319038.3727,5027233.159,45.38489462,-76.31817782,3084
17--13301,12/13/2017,9:00 AM,WOODROFFE AVE btwn MAJESTIC DR & TO BE DETERMINED (__3ZA247),__3ZA247,04 - At/near private drive,03 - P.D. only,05 - Turning movement,01 - Clear,01 - Daylight,01 - Dry,10 - No control,,2,0,0,0,,0,,,,,363550.8887,5021516.344,45.3311363,-75.7504686,3085
17--13302,12/13/2017,9:00 AM,CEDARVIEW RD btwn WEST HUNT CLUB RD & LYTLE AVE (__3ZA1XV),__3ZA1XV,01 - Non intersection,03 - P.D. only,03 - Rear end,03 - Snow,01 - Daylight,03 - Loose snow,10 - No control,,2,0,0,0,,0,,,,,359742.5723,5019510.989,45.31340053,-75.799273,3086
17--13303,12/13/2017,9:23 AM,PRINCE OF WALES DR @ STRANDHERD DR (0013339),13339,02 - Intersection related,03 - P.D. only,03 - Rear end,01 - Clear,01 - Daylight,01 - Dry,01 - Traffic signal,01 - Functioning,2,0,0,0,,0,,,,,367175.2898,5014824.664,45.27061258,-75.70507549,3087
17--13304,12/13/2017,9:29 AM,GREENBANK RD btwn WEST HUNT CLUB RD & FALLOWFIELD RD (__3ZA1NE),__3ZA1NE,01 - Non intersection,02 - Non-fatal injury,07 - SMV other,01 - Clear,01 - Daylight,06 - Ice,10 - No control,,1,0,0,0,01 - Minimal,1,1,,,,362689.5513,5017652.41,45.29644028,-75.76190791,3088
17--13305,12/13/2017,9:37 AM,CARLING AVE @ MAITLAND AVE/SHERBOURNE RD (0002641),2641,03 - At intersection,03 - P.D. only,02 - Angle,01 - Clear,01 - Daylight,04 - Slush,01 - Traffic signal,01 - Functioning,2,0,0,0,,0,,,,,362942.6979,5026489.237,45.37593261,-75.75764231,3089
17--13306,12/13/2017,9:45 AM,HERON RD WB btwn PRINCE OF WALES DR & HERON RD WB ON RAMP/VINCENT MASS (__3ZA37C),__3ZA37C,01 - Non intersection,03 - P.D. only,04 - Sideswipe,01 - Clear,01 - Daylight,02 - Wet,10 - No control,,2,0,0,0,,0,,,,,367465.6467,5026532.767,45.37593437,-75.69989387,3090
17--13307,12/13/2017,9:56 AM,REVELSTOKE DR @ RIVERSIDE DR (0006918),6918,03 - At intersection,02 - Non-fatal injury,05 - Turning movement,01 - Clear,01 - Daylight,03 - Loose snow,01 - Traffic signal,01 - Functioning,2,0,0,0,02 - Minor,1,,1,,,368216.709,5024423.518,45.35688831,-75.6905761,3091
17--13308,12/13/2017,9:58 AM,GREENBANK RD btwn WEST HUNT CLUB RD & FALLOWFIELD RD (__3ZA1NE),__3ZA1NE,01 - Non intersection,02 - Non-fatal injury,07 - SMV other,03 - Snow,01 - Daylight,05 - Packed snow,10 - No control,,1,0,0,0,02 - Minor,1,,1,,,363001.4115,5016918.408,45.28980996,-75.75801815,3092
17--13309,12/13/2017,9:58 PM,HIGHWAY 417 btwn HWY417 IC129 RAMP26 & HWY417 IC129 RAMP61 (__3ZA2UO),__3ZA2UO,01 - Non intersection,02 - Non-fatal injury,07 - SMV other,01 - Clear,07 - Dark,01 - Dry,10 - No control,,1,0,0,0,01 - Minimal,1,1,,,,360591.5746,5023662.201,45.35068621,-75.78797791,3093
17--1331,2/2/2017,3:57 PM,CLEMOW AVE @ BRONSON AVE (0007248),7248,03 - At intersection,03 - P.D. only,02 - Angle,01 - Clear,01 - Daylight,01 - Dry,02 - Stop sign,01 - Functioning,2,0,0,0,,0,,,,,367420.1675,5029397.829,45.4017175,-75.70011094,3094
17--13310,12/14/2017,1:27 AM,EMERALD MEADOWS DR @ GRASSY PLAINS DR (0003116),3116,03 - At intersection,03 - P.D. only,07 - SMV other,01 - Clear,07 - Dark,03 - Loose snow,10 - No control,00 - Unknown,1,0,0,0,,0,,,,,355427.5687,5015545.693,45.27804442,-75.85470688,3095
17--13311,12/14/2017,1:32 PM,WOODROFFE AVE/HWY 417 WOODROFF IC127R25 @ HWY  (0002348),2348,02 - Intersection related,03 - P.D. only,03 - Rear end,03 - Snow,01 - Daylight,03 - Loose snow,01 - Traffic signal,01 - Functioning,2,0,0,0,,0,,,,,362180.3894,5024694.438,45.35984601,-75.767583,3096
17--13312,12/14/2017,1:50 PM,ARLINGTON AVE @ BRONSON AVE (0006759),6759,02 - Intersection related,03 - P.D. only,02 - Angle,03 - Snow,01 - Daylight,04 - Slush,01 - Traffic signal,01 - Functioning,2,0,0,0,,0,,,,,367222.8756,5029868.212,45.40596749,-75.70257129,3097
17--13313,12/14/2017,1:52 PM,ST. LAURENT BLVD @ TAWNEY RD (0008367),8367,02 - Intersection related,02 - Non-fatal injury,02 - Angle,01 - Clear,01 - Daylight,02 - Wet,02 - Stop sign,01 - Functioning,2,1,0,0,01 - Minimal,1,1,,,,373574.7264,5028849.214,45.39620375,-75.62158004,3098
17--13314,12/14/2017,10:00 AM,KING EDWARD AVE SB btwn CATHCART ST & ST. ANDREW ST (__3ZA3LO),__3ZA3LO,01 - Non intersection,03 - P.D. only,04 - Sideswipe,01 - Clear,01 - Daylight,01 - Dry,10 - No control,,2,0,0,0,,0,,,,,368137.0241,5033006.816,45.43412547,-75.69049108,3099
17--13315,12/14/2017,10:01 AM,CARP RD btwn RICHARDSON SIDE RD & HWY417 IC144 RAMP62 (__3ZA3FS),__3ZA3FS,01 - Non intersection,03 - P.D. only,03 - Rear end,01 - Clear,01 - Daylight,01 - Dry,10 - No control,,2,0,0,0,,0,,,,,346608.2437,5016709.89,45.28910008,-75.96701349,3100
17--13316,12/14/2017,10:03 AM,BANK ST btwn BLAIS RD & RIDEAU RD (__3ZA29L),__3ZA29L,01 - Non intersection,02 - Non-fatal injury,03 - Rear end,01 - Clear,01 - Daylight,02 - Wet,10 - No control,,2,0,0,0,02 - Minor,1,,1,,,376838.7762,5018117.372,45.29931563,-75.58145867,3101
17--13317,12/14/2017,10:06 AM,CHAPEL ST @ RIDEAU ST (0011918),11918,02 - Intersection related,03 - P.D. only,05 - Turning movement,01 - Clear,01 - Daylight,04 - Slush,01 - Traffic signal,01 - Functioning,2,0,0,0,,0,,,,,368892.8817,5032644.455,45.43079621,-75.68087864,3102
17--13318,12/14/2017,10:17 AM,HIGHWAY 417 btwn RAMP & HWY417 IC129 RAMP76 (__3ZA2X8),__3ZA2X8,01 - Non intersection,03 - P.D. only,04 - Sideswipe,01 - Clear,01 - Daylight,01 - Dry,10 - No control,,2,0,0,0,,0,,,,,359828.7899,5023166.553,45.34628664,-75.79776712,3103
17--13319,12/14/2017,10:19 AM,BASELINE RD/HWY 416 RICHMOND IC75R53 @ RICHMON (0000148),148,02 - Intersection related,03 - P.D. only,04 - Sideswipe,01 - Clear,01 - Daylight,01 - Dry,01 - Traffic signal,00 - Unknown,2,0,0,0,,0,,,,,358636.0834,5021819.951,45.33426242,-75.81313289,3104
17--1332,2/2/2017,4:08 PM,KING EDWARD AVE SB btwn GUIGUES AVE & ST. PATRICK ST (__3ZA3XN),__3ZA3XN,01 - Non intersection,03 - P.D. only,04 - Sideswipe,01 - Clear,01 - Daylight,02 - Wet,10 - No control,,2,0,0,0,,0,,,,,368222.7231,5032866.758,45.43285751,-75.68941392,3105
17--13140,12/12/2017,10:24 AM,ABBEYHILL DR @ SURREY LANE (0003962),3962,02 - Intersection related,03 - P.D. only,03 - Rear end,03 - Snow,01 - Daylight,05 - Packed snow,02 - Stop sign,01 - Functioning,2,0,0,0,,0,,,,,353673.1068,5017965.464,45.29994224,-75.87682931,3106
17--13141,12/12/2017,10:47 PM,SLACK RD btwn GRENFELL CRES & MERIVALE RD (__3ZA5EN),__3ZA5EN,01 - Non intersection,03 - P.D. only,07 - SMV other,03 - Snow,07 - Dark,05 - Packed snow,10 - No control,,1,0,0,0,,0,,,,,365841.8865,5020861.045,45.32504447,-75.72132399,3107
17--12966,12/8/2017,5:35 PM,TENTH LINE RD @ CHARLEMAGNE BLVD N/TOMPKINS AV (0009222),9222,02 - Intersection related,03 - P.D. only,03 - Rear end,01 - Clear,07 - Dark,01 - Dry,01 - Traffic signal,01 - Functioning,2,0,0,0,,0,,,,,383184.4078,5037978.121,45.47732818,-75.49740525,3108
17--13142,12/12/2017,10:56 AM,ST. LAURENT BLVD btwn BELFAST RD & INDUSTRIAL AVE (__3ZA3R8),__3ZA3R8,01 - Non intersection,03 - P.D. only,04 - Sideswipe,03 - Snow,01 - Daylight,05 - Packed snow,10 - No control,,2,0,0,0,,0,,,,,372980.9156,5030292.943,45.40925184,-75.62896395,3109
17--12967,12/8/2017,5:36 AM,HIGHWAY 417 btwn HWY417 IC155 RAMP25 & RAMP (__3ZAZN1),__3ZAZN1,01 - Non intersection,03 - P.D. only,07 - SMV other,99 - Other,07 - Dark,02 - Wet,10 - No control,,1,0,0,0,,0,,,,,344305.0755,5015457.732,45.27796587,-75.99647362,3110
17--12968,12/8/2017,5:40 PM,REGIONAL ROAD 174 btwn OR174 IC112 RAMP15 & TRANSIT (__3ZA2WA),__3ZA2WA,01 - Non intersection,03 - P.D. only,03 - Rear end,01 - Clear,07 - Dark,01 - Dry,10 - No control,,2,0,0,0,,0,,,,,375196.2294,5033123.704,45.43450215,-75.60026147,3111
17--13143,12/12/2017,10:56 AM,COLONEL BY DR @ ROSEDALE AVE (0006905),6905,02 - Intersection related,03 - P.D. only,03 - Rear end,03 - Snow,01 - Daylight,03 - Loose snow,02 - Stop sign,00 - Unknown,2,0,0,0,,0,,,,,368295.1864,5028635.435,45.3947789,-75.689033,3112
17--12969,12/8/2017,5:53 PM,BESSERER ST @ NICHOLAS ST (0007614),7614,02 - Intersection related,03 - P.D. only,04 - Sideswipe,03 - Snow,07 - Dark,02 - Wet,01 - Traffic signal,00 - Unknown,2,0,0,0,,0,,,,,368186.6647,5032111.341,45.42606381,-75.68997195,3113
17--13144,12/12/2017,11:14 AM,HWY417 IC120B RAMP36 btwn HIGHWAY 417 & CATHERINE ST (__3ZAY9X),__3ZAY9X,01 - Non intersection,03 - P.D. only,03 - Rear end,03 - Snow,01 - Daylight,03 - Loose snow,10 - No control,,2,0,0,0,,0,,,,,367706.9519,5029981.719,45.40694546,-75.69637353,3114
17--1297,2/1/2017,4:53 AM,ROSEBERY AVE btwn BANK ST & END (__3ZA95A),__3ZA95A,01 - Non intersection,03 - P.D. only,07 - SMV other,03 - Snow,07 - Dark,03 - Loose snow,10 - No control,,1,0,0,0,,0,,,,,367977.6878,5029983.724,45.40693911,-75.69291501,3115
17--13145,12/12/2017,11:20 AM,WALKLEY RD btwn GLENHAVEN PRIV & BANK ST (__3ZA373),__3ZA373,01 - Non intersection,03 - P.D. only,07 - SMV other,03 - Snow,01 - Daylight,03 - Loose snow,10 - No control,,1,0,0,0,,0,,,,,370317.4507,5025935.695,45.37030126,-75.66356546,3116
17--12970,12/8/2017,5:55 PM,ORLEANS BLVD @ LONGLEAF DR N/SILVERBIRCH ST (0003694),3694,02 - Intersection related,03 - P.D. only,04 - Sideswipe,01 - Clear,07 - Dark,01 - Dry,02 - Stop sign,01 - Functioning,2,0,0,0,,0,,,,,380738.4832,5034033.615,45.44210895,-75.52929506,3117
17--13146,12/12/2017,11:23 AM,KING EDWARD AVE @ ST. PATRICK ST (0002714),2714,02 - Intersection related,03 - P.D. only,03 - Rear end,03 - Snow,01 - Daylight,04 - Slush,01 - Traffic signal,01 - Functioning,2,0,0,0,,0,,,,,368248.7013,5032823.352,45.4324646,-75.68908752,3118
17--12971,12/8/2017,5:58 PM,GREENBANK RD @ STRANDHERD DR (0005563),5563,02 - Intersection related,03 - P.D. only,03 - Rear end,01 - Clear,07 - Dark,01 - Dry,01 - Traffic signal,01 - Functioning,2,0,0,0,,0,,,,,363934.6307,5014783.707,45.27052401,-75.74637636,3119
17--13147,12/12/2017,11:30 AM,GLADSTONE AVE @ O'CONNOR ST (0002710),2710,02 - Intersection related,03 - P.D. only,03 - Rear end,03 - Snow,01 - Daylight,03 - Loose snow,01 - Traffic signal,01 - Functioning,2,0,0,0,,0,,,,,368075.658,5030658.806,45.41300443,-75.69157692,3120
17--13148,12/12/2017,11:32 PM,CUMBERLAND ST @ MURRAY ST (0008237),8237,02 - Intersection related,02 - Non-fatal injury,07 - SMV other,03 - Snow,07 - Dark,04 - Slush,01 - Traffic signal,01 - Functioning,1,0,0,1,02 - Minor,1,,1,,,368169.7411,5032679.346,45.43117605,-75.69011511,3121
17--13149,12/12/2017,Unknown,BANK ST @ CECIL AVE (0002601),2601,02 - Intersection related,03 - P.D. only,06 - SMV unattended vehicle,03 - Snow,00 - Unknown,03 - Loose snow,02 - Stop sign,01 - Functioning,1,0,0,0,,0,,,,,369944.4621,5026989.45,45.37981738,-75.66818775,3122
17--1315,2/1/2017,8:30 AM,HIGHWAY 417 btwn HWY417 IC117 RAMP61 & HWY417 IC115 RAMP36 (__3ZA2RZ),__3ZA2RZ,01 - Non intersection,03 - P.D. only,04 - Sideswipe,01 - Clear,01 - Daylight,02 - Wet,10 - No control,,2,0,0,0,,0,,,,,371631.568,5031427.022,45.41958595,-75.64604663,3123
17--13150,12/12/2017,12:00 PM,FISHER AVE @ MEADOWLANDS DR (0002120),2120,03 - At intersection,03 - P.D. only,02 - Angle,03 - Snow,01 - Daylight,03 - Loose snow,01 - Traffic signal,01 - Functioning,2,0,0,0,,0,,,,,366576.0207,5025045.685,45.36263292,-75.71143736,3124
17--13151,12/12/2017,12:13 PM,DANZIG TERR/GRONINGEN ST @ ROUNCEY RD (0015508),15508,03 - At intersection,03 - P.D. only,02 - Angle,03 - Snow,01 - Daylight,03 - Loose snow,02 - Stop sign,01 - Functioning,2,0,0,0,,0,,,,,353305.1189,5015423.868,45.27709784,-75.88176967,3125
17--13152,12/12/2017,12:16 PM,WEST HUNT CLUB RD @ WOODROFFE AVE (0000576),576,02 - Intersection related,03 - P.D. only,03 - Rear end,03 - Snow,01 - Daylight,03 - Loose snow,01 - Traffic signal,01 - Functioning,2,0,0,0,,0,,,,,363670.2176,5021245.779,45.32869178,-75.74897853,3126
17--13153,12/12/2017,12:19 PM,INDUSTRIAL AVE @ TRAINYARDS DR (0011906),11906,03 - At intersection,03 - P.D. only,05 - Turning movement,03 - Snow,01 - Daylight,05 - Packed snow,01 - Traffic signal,01 - Functioning,2,0,0,0,,0,,,,,371688.5026,5030538.46,45.41158561,-75.64543982,3127
17--13154,12/12/2017,12:53 PM,INNES RD btwn ANDERSON RD & INNES RD (__3ZA3J2),__3ZA3J2,01 - Non intersection,03 - P.D. only,07 - SMV other,03 - Snow,01 - Daylight,04 - Slush,10 - No control,,1,0,0,0,,0,,,,,376699.1358,5032086.38,45.42501604,-75.58120664,3128
17--13155,12/12/2017,2:01 PM,MEADOWLANDS DR/TALLWOOD DR @ WOODROFFE AVE (0000095),95,02 - Intersection related,03 - P.D. only,03 - Rear end,01 - Clear,01 - Daylight,01 - Dry,01 - Traffic signal,01 - Functioning,2,0,0,0,,0,,,,,363056.2162,5022729.311,45.34209174,-75.75663619,3129
17--13156,12/12/2017,2:03 PM,WEST HUNT CLUB RD EB btwn WOODROFFE AVE & 354 E OF WOODROFFE AVE/REC P (__3ZBOG1A),__3ZBOG1A,01 - Non intersection,03 - P.D. only,03 - Rear end,03 - Snow,01 - Daylight,03 - Loose snow,10 - No control,,2,0,0,0,,0,,,,,363748.7975,5021308.027,45.32924529,-75.74796875,3130
17--13157,12/12/2017,2:16 PM,WEST HUNT CLUB RD EB btwn WOODROFFE AVE & 354 E OF WOODROFFE AVE/REC P (__3ZBOG1A),__3ZBOG1A,01 - Non intersection,03 - P.D. only,03 - Rear end,03 - Snow,01 - Daylight,03 - Loose snow,10 - No control,,2,0,0,0,,0,,,,,363699.817,5021269.589,45.32890354,-75.74859813,3131
17--13158,12/12/2017,2:20 PM,MITCH OWENS RD btwn FARMERS WAY & YORKS CORNERS RD (__3ZA20U),__3ZA20U,04 - At/near private drive,02 - Non-fatal injury,07 - SMV other,03 - Snow,01 - Daylight,05 - Packed snow,10 - No control,,1,0,0,0,03 - Major,2,1,,1,,385202.5067,5020470.592,45.31958088,-75.47445013,3132
17--13159,12/12/2017,2:20 PM,HIGHWAY 417 btwn HWY417 IC121A RAMP61 & HWY417 IC120B RAMP36 (__3ZA2YV),__3ZA2YV,01 - Non intersection,03 - P.D. only,07 - SMV other,03 - Snow,01 - Daylight,03 - Loose snow,10 - No control,,1,0,0,0,,0,,,,,367546.7369,5029888.803,45.40612381,-75.69843187,3133
17--1316,2/1/2017,8:50 AM,CAHILL DR W @ KILLDEER BAY/YORKBERRY GT (0012050),12050,03 - At intersection,03 - P.D. only,02 - Angle,01 - Clear,01 - Daylight,01 - Dry,02 - Stop sign,01 - Functioning,2,0,0,0,,0,,,,,370264.7268,5023597.026,45.34926355,-75.66454825,3134
17--13160,12/12/2017,2:21 PM,HAWTHORNE RD @ HUNT CLUB RD (0007651),7651,03 - At intersection,03 - P.D. only,03 - Rear end,03 - Snow,01 - Daylight,04 - Slush,01 - Traffic signal,01 - Functioning,2,0,0,0,,0,,,,,375506.848,5026406.755,45.37403529,-75.59725508,3135
17--13161,12/12/2017,2:58 PM,MOODIE DR btwn MCKENNA CASEY DR & CAMBRIAN RD (__3ZA4YZ),__3ZA4YZ,01 - Non intersection,02 - Non-fatal injury,01 - Approaching,03 - Snow,01 - Daylight,03 - Loose snow,10 - No control,,2,0,0,0,02 - Minor,1,,1,,,360733.4759,5011763.642,45.24361099,-75.7875092,3136
17--13162,12/12/2017,2:59 PM,BAYCREST DR btwn SANDALWOOD DR & WALKLEY RD (__3ZA9YU),__3ZA9YU,04 - At/near private drive,03 - P.D. only,02 - Angle,01 - Clear,01 - Daylight,01 - Dry,10 - No control,,2,0,0,0,,0,,,,,371411.3533,5026611.991,45.37628321,-75.64951038,3137
17--13163,12/12/2017,3:01 PM,CARLING AVE @ MAITLAND AVE/SHERBOURNE RD (0002641),2641,02 - Intersection related,03 - P.D. only,03 - Rear end,03 - Snow,01 - Daylight,03 - Loose snow,01 - Traffic signal,00 - Unknown,2,0,0,0,,0,,,,,362943.1758,5026489.722,45.37593693,-75.75763615,3138
17--13164,12/12/2017,3:01 PM,INDUSTRIAL AVE/INNES RD @ ST. LAURENT BLVD (0002203),2203,02 - Intersection related,03 - P.D. only,03 - Rear end,03 - Snow,01 - Daylight,03 - Loose snow,01 - Traffic signal,02 - Not functioning,2,0,0,0,,0,,,,,373102.8744,5030004.08,45.4066409,-75.62744609,3139
17--13165,12/12/2017,3:04 PM,RICHMOND RD @ ROBERTSON RD (0000639),639,02 - Intersection related,02 - Non-fatal injury,03 - Rear end,03 - Snow,01 - Daylight,03 - Loose snow,01 - Traffic signal,00 - Unknown,2,0,0,0,01 - Minimal,1,1,,,,357578.133,5020749.72,45.32471277,-75.82674389,3140
17--13166,12/12/2017,3:09 PM,GREENBANK RD @ MARKETPLACE AVE (0010406),10406,02 - Intersection related,03 - P.D. only,03 - Rear end,03 - Snow,01 - Daylight,03 - Loose snow,01 - Traffic signal,01 - Functioning,3,0,0,0,,0,,,,,364007.4092,5014602.426,45.26888672,-75.74547055,3141
17--13167,12/12/2017,3:14 PM,CEDARVIEW RD @ WEST HUNT CLUB RD (0010267),10267,03 - At intersection,03 - P.D. only,03 - Rear end,03 - Snow,01 - Daylight,03 - Loose snow,01 - Traffic signal,01 - Functioning,2,0,0,0,,0,,,,,359718.6774,5019554.241,45.31379158,-75.79957293,3142
17--13168,12/12/2017,3:29 AM,PRINCE OF WALES DR btwn FOREST HILL AVE & BASELINE RD/HERON RD (__3ZA3G6),__3ZA3G6,01 - Non intersection,03 - P.D. only,07 - SMV other,03 - Snow,07 - Dark,03 - Loose snow,10 - No control,,1,0,0,0,,0,,,,,366847.4219,5026342.234,45.37427502,-75.70781045,3143
17--13169,12/12/2017,3:30 PM,CAMPEAU DR @ TERON RD/COLCHESTER SQ (0009033),9033,02 - Intersection related,03 - P.D. only,02 - Angle,03 - Snow,01 - Daylight,03 - Loose snow,01 - Traffic signal,01 - Functioning,2,0,0,0,,0,,,,,352563.7877,5020466.625,45.32252454,-75.89073209,3144
17--1317,2/1/2017,9:00 PM,D'ERABLE PL btwn DU BOIS AVE & END (__3ZA6BZ),__3ZA6BZ,01 - Non intersection,03 - P.D. only,06 - SMV unattended vehicle,01 - Clear,07 - Dark,01 - Dry,10 - No control,,1,0,0,0,,0,,,,,381259.3502,5038212.287,45.47964846,-75.52198806,3145
17--13170,12/12/2017,3:30 PM,HUNTMAR DR @ PALLADIUM DR S (0011818),11818,03 - At intersection,03 - P.D. only,02 - Angle,03 - Snow,01 - Daylight,03 - Loose snow,01 - Traffic signal,01 - Functioning,2,0,0,0,,0,,,,,349674.6508,5017365.675,45.29481194,-75.92786439,3146
17--13171,12/12/2017,3:30 PM,LOTTA AVE btwn PENDER ST & ST. HELEN'S PL (__3ZAAXB),__3ZAAXB,01 - Non intersection,02 - Non-fatal injury,07 - SMV other,03 - Snow,01 - Daylight,03 - Loose snow,10 - No control,,1,0,0,1,02 - Minor,2,1,1,,,364296.9321,5024378.034,45.35682263,-75.74060737,3147