Anom_ID,Accident_Date,Accident_Time,Location,Geo_ID,Accident_Location,Classification_of_Accident,Initial_Impact_Type,Environment_Condition,Light,Road_Surface_Condition,Traffic_Control,Traffic_Control_Condition,No__of_Vehicles,No__of_Bicycles,No__of_Motorcycles,No__of_Pedestrians,Max_Injury,No__of_Injuries,No__of_Minimal,No__of_Minor,No__of_Major,No__of_Fatal,X,Y,Latitude,Longitude,ObjectId
17--13172,12/12/2017,3:35 PM,GREENBANK RD @ LARKIN DR (0001101),1101,02 - Intersection related,03 - P.D. only,03 - Rear end,03 - Snow,01 - Daylight,03 - Loose snow,01 - Traffic signal,01 - Functioning,2,0,0,0,,0,,,,,363176.2045,5016505.27,45.28607804,-75.7558386,3148
17--13173,12/12/2017,3:39 PM,HIGHWAY 417 btwn HWY417 IC118 RAMP67 & HWY417 IC117 RAMP36 (__3ZA2YO),__3ZA2YO,01 - Non intersection,03 - P.D. only,07 - SMV other,03 - Snow,01 - Daylight,04 - Slush,10 - No control,,1,0,0,0,,0,,,,,370188.8713,5031114.991,45.41691474,-75.66452038,3149
17--13174,12/12/2017,3:55 PM,HWY416 IC49 RAMP34 btwn HIGHWAY 416 & ROGER STEVENS DR (__3ZAY4W),__3ZAY4W,01 - Non intersection,03 - P.D. only,07 - SMV other,03 - Snow,05 - Dusk,03 - Loose snow,10 - No control,,1,0,0,0,,0,,,,,369107.4642,5001295.331,45.14870195,-75.68220041,3150
17--13175,12/12/2017,4:30 PM,HUNT CLUB RD btwn NORTH BOWESVILLE RD & BILLY BISHOP PRIV (__5G43Y1),__5G43Y1,01 - Non intersection,03 - P.D. only,03 - Rear end,03 - Snow,05 - Dusk,05 - Packed snow,10 - No control,,2,0,0,0,,0,,,,,368753.7511,5022364.433,45.33831237,-75.68398848,3151
17--13176,12/12/2017,4:34 PM,GLADSTONE AVE @ SPADINA AVE (0006143),6143,03 - At intersection,03 - P.D. only,02 - Angle,03 - Snow,05 - Dusk,03 - Loose snow,02 - Stop sign,01 - Functioning,2,0,0,0,,0,,,,,365902.1732,5029436.798,45.40220227,-75.71949463,3152
17--13177,12/12/2017,5:02 PM,ROYDON PL btwn WOODFIELD DR & WEST HUNT CLUB RD (__3ZAYGP),__3ZAYGP,01 - Non intersection,03 - P.D. only,05 - Turning movement,03 - Snow,07 - Dark,03 - Loose snow,10 - No control,,2,0,0,0,,0,,,,,365814.4486,5022397.033,45.33886748,-75.72148463,3153
17--13178,12/12/2017,5:05 PM,CARP RD/HWY 417 CARP IC144R63 @ HWY 417 CARP I (0001100),1100,02 - Intersection related,03 - P.D. only,03 - Rear end,03 - Snow,07 - Dark,03 - Loose snow,01 - Traffic signal,00 - Unknown,2,0,0,0,,0,,,,,347301.0784,5015927.031,45.28201407,-75.95824843,3154
17--13179,12/12/2017,5:23 AM,RUSSELL RD btwn RUSSELL RD & BELGREEN DR (__3ZA2EI),__3ZA2EI,01 - Non intersection,02 - Non-fatal injury,07 - SMV other,03 - Snow,07 - Dark,03 - Loose snow,10 - No control,,1,0,0,0,01 - Minimal,1,1,,,,375853.4962,5027529.71,45.38410401,-75.59266823,3155
17--1318,2/1/2017,9:02 AM,DALY AVE btwn NICHOLAS ST & COURT HOUSE LANE (__3ZA8KV),__3ZA8KV,01 - Non intersection,03 - P.D. only,07 - SMV other,01 - Clear,01 - Daylight,01 - Dry,10 - No control,,1,0,0,0,,0,,,,,368273.834,5032076.696,45.42574418,-75.68886258,3156
17--13180,12/12/2017,5:25 PM,ISABELLA ST/HWY 417 O'CONN IC119BR57 @ O'CONNO (0001698),1698,02 - Intersection related,03 - P.D. only,03 - Rear end,03 - Snow,07 - Dark,05 - Packed snow,01 - Traffic signal,01 - Functioning,2,0,0,0,,0,,,,,368297.6259,5030309.809,45.40984417,-75.68878626,3157
17--13181,12/12/2017,5:28 PM,REGIONAL ROAD 174 btwn TRANSIT & OR174 IC109 RAMP56 (__3ZAZ6U),__3ZAZ6U,01 - Non intersection,03 - P.D. only,07 - SMV other,05 - Drifting Snow,07 - Dark,03 - Loose snow,10 - No control,,1,0,0,0,,0,,,,,376186.3534,5034396.801,45.44585632,-75.58742359,3158
17--13182,12/12/2017,5:30 AM,HIGHWAY 417 btwn HWY417 IC122 RAMP51 & HWY417 IC122 RAMP15 (__3ZA2R0),__3ZA2R0,01 - Non intersection,03 - P.D. only,04 - Sideswipe,03 - Snow,07 - Dark,03 - Loose snow,10 - No control,,3,0,0,0,,0,,,,,365341.2988,5028879.975,45.39724083,-75.72672681,3159
17--13183,12/12/2017,5:35 AM,HIGHWAY 417 btwn HWY417 IC121A RAMP51 & HWY417 IC120A RAMP52 (__3ZA2R6),__3ZA2R6,01 - Non intersection,03 - P.D. only,07 - SMV other,03 - Snow,07 - Dark,03 - Loose snow,10 - No control,,1,0,0,0,,0,,,,,367216.6692,5029715.531,45.40459427,-75.7026699,3160
17--13184,12/12/2017,6:00 PM,CANOTEK RD @ CANOTEK RD (0012323),12323,03 - At intersection,03 - P.D. only,02 - Angle,03 - Snow,07 - Dark,05 - Packed snow,02 - Stop sign,01 - Functioning,2,0,0,0,,0,,,,,376519.02,5035508.21,45.45582202,-75.58300941,3161
17--13185,12/12/2017,6:00 PM,TERRY FOX DR btwn 329 N OF CAMPEAU DR/SIGNATURE CENTRE & CAMPEAU DR (__49GU9G),__49GU9G,04 - At/near private drive,03 - P.D. only,02 - Angle,03 - Snow,07 - Dark,03 - Loose snow,10 - No control,,2,0,0,0,,0,,,,,350118.1431,5019032.41,45.30978124,-75.92205795,3162
17--13186,12/12/2017,6:06 PM,PLEASANT PARK RD @ ST. LAURENT BLVD (0008363),8363,02 - Intersection related,02 - Non-fatal injury,07 - SMV other,03 - Snow,07 - Dark,05 - Packed snow,01 - Traffic signal,01 - Functioning,1,0,0,1,03 - Major,1,,,1,,373598.6837,5028794.833,45.3957121,-75.62128167,3163
17--13187,12/12/2017,6:10 PM,ALBION RD @ HUNT CLUB RD (0006974),6974,02 - Intersection related,03 - P.D. only,03 - Rear end,03 - Snow,07 - Dark,03 - Loose snow,01 - Traffic signal,00 - Unknown,2,0,0,0,,0,,,,,371867.7337,5024319.808,45.35561544,-75.64399513,3164
17--13188,12/12/2017,6:11 AM,COVENTRY RD @ VANIER PKWY (0002139),2139,02 - Intersection related,02 - Non-fatal injury,03 - Rear end,03 - Snow,07 - Dark,05 - Packed snow,01 - Traffic signal,01 - Functioning,3,0,0,0,01 - Minimal,1,1,,,,370675.483,5031611.928,45.42134033,-75.65823713,3165
17--13189,12/12/2017,6:15 AM,DALMENY RD @ NIXON DR (0005742),5742,02 - Intersection related,03 - P.D. only,02 - Angle,03 - Snow,07 - Dark,06 - Ice,02 - Stop sign,01 - Functioning,2,0,0,0,,0,,,,,375591.2399,4997713.06,45.11584887,-75.6002628,3166
17--1319,2/1/2017,9:23 AM,HIGHWAY 417 btwn HWY417 IC129 RAMP51 & HWY417 IC129 RAMP35 (__3ZA2X9),__3ZA2X9,01 - Non intersection,03 - P.D. only,03 - Rear end,01 - Clear,01 - Daylight,02 - Wet,10 - No control,,2,0,0,0,,0,,,,,360300.6053,5023407.866,45.3484208,-75.79171957,3167
17--13190,12/12/2017,6:20 PM,LEITRIM RD btwn HIGH RD & ALBION RD (__4B2G24),__4B2G24,01 - Non intersection,02 - Non-fatal injury,07 - SMV other,03 - Snow,07 - Dark,06 - Ice,10 - No control,,1,0,0,0,03 - Major,1,,,1,,372347.2898,5019712.953,45.31411841,-75.63850387,3168
17--13191,12/12/2017,6:20 PM,HIGHWAY 417 btwn HWY417 IC126 RAMP51 & HWY417 IC126 RAMP25 (__3ZA2RD),__3ZA2RD,01 - Non intersection,03 - P.D. only,03 - Rear end,03 - Snow,07 - Dark,05 - Packed snow,10 - No control,,3,0,0,0,,0,,,,,363268.5217,5025958.357,45.3711287,-75.75354543,3169
17--13192,12/12/2017,6:20 PM,HIGHWAY 417 btwn HWY417 IC140 RAMP35 & HWY417 IC140 RAMP25 (__3ZA2QP),__3ZA2QP,01 - Non intersection,02 - Non-fatal injury,04 - Sideswipe,03 - Snow,07 - Dark,99 - Other,10 - No control,,2,0,0,0,01 - Minimal,1,1,,,,351329.1431,5018873.606,45.30827309,-75.9066298,3170
17--13193,12/12/2017,6:21 PM,MCKENNA CASEY DR @ STRANDHERD DR (0009659),9659,03 - At intersection,03 - P.D. only,05 - Turning movement,03 - Snow,07 - Dark,03 - Loose snow,02 - Stop sign,01 - Functioning,2,0,0,0,,0,,,,,361913.2183,5013611.581,45.2601442,-75.77227029,3171
17--13194,12/12/2017,6:30 PM,CANTERBURY AVE/SAUNDERSON DR @ HALIFAX DR (0008308),8308,02 - Intersection related,03 - P.D. only,01 - Approaching,03 - Snow,07 - Dark,05 - Packed snow,02 - Stop sign,00 - Unknown,2,0,0,0,,0,,,,,373236.163,5028123.212,45.38970468,-75.62600451,3172
17--13195,12/12/2017,6:34 PM,ANALDEA DR/ WHITE ALDER AVE @ BANK ST (0009265),9265,02 - Intersection related,03 - P.D. only,04 - Sideswipe,03 - Snow,07 - Dark,03 - Loose snow,01 - Traffic signal,01 - Functioning,2,0,0,0,,0,,,,,375697.272,5020812.772,45.32368391,-75.5956261,3173
17--13196,12/12/2017,6:38 AM,CARLING AVE EB btwn CARLING AVE EB OFF RAMP/OTTAWA RIVER PKWY & TRANSI (__3ZGKXW),__3ZGKXW,01 - Non intersection,02 - Non-fatal injury,03 - Rear end,03 - Snow,07 - Dark,03 - Loose snow,10 - No control,,2,0,0,0,01 - Minimal,1,1,,,,361123.6234,5025318.379,45.36554589,-75.78099963,3174
17--13197,12/12/2017,6:40 AM,HWY417 IC119A RAMP75 btwn METCALFE ST & HIGHWAY 417 (__3ZAY9U),__3ZAY9U,01 - Non intersection,03 - P.D. only,04 - Sideswipe,03 - Snow,07 - Dark,03 - Loose snow,10 - No control,,2,0,0,0,,0,,,,,368545.0566,5030472.77,45.41128794,-75.68560446,3175
17--13198,12/12/2017,6:43 PM,RICHARDSON SIDE RD btwn PENNYCROSS LANE & DAVID MANCHESTER RD (__3ZAC5S),__3ZAC5S,01 - Non intersection,03 - P.D. only,07 - SMV other,03 - Snow,07 - Dark,05 - Packed snow,10 - No control,,1,0,0,0,,0,,,,,344093.2221,5015208.197,45.27573231,-75.99919352,3176
17--13199,12/12/2017,6:55 AM,ALTA VISTA DR @ SMYTH RD (0011353),11353,03 - At intersection,03 - P.D. only,05 - Turning movement,03 - Snow,07 - Dark,03 - Loose snow,01 - Traffic signal,01 - Functioning,2,0,0,0,,0,,,,,370435.1,5029083.345,45.39861172,-75.66164511,3177
17--132,1/4/2017,3:46 PM,RIVERGATE WAY @ RIVERSIDE DR (0007177),7177,03 - At intersection,03 - P.D. only,05 - Turning movement,03 - Snow,01 - Daylight,04 - Slush,01 - Traffic signal,01 - Functioning,2,0,0,0,,0,,,,,368115.9612,5023241.388,45.34626088,-75.69201324,3178
17--1320,2/1/2017,9:33 AM,KENT ST @ SLATER ST (0002114),2114,02 - Intersection related,03 - P.D. only,04 - Sideswipe,01 - Clear,01 - Daylight,01 - Dry,01 - Traffic signal,00 - Unknown,2,0,0,0,,0,,,,,367262.7107,5031252.587,45.41842013,-75.70188703,3179
17--13200,12/12/2017,6:57 PM,ORMROD RD btwn WORLEY ST & FLEWELLYN RD (__3ZAC06),__3ZAC06,01 - Non intersection,03 - P.D. only,07 - SMV other,03 - Snow,07 - Dark,05 - Packed snow,10 - No control,,1,0,0,0,,0,,,,,341912.8106,5002312.406,45.15980704,-76.02794385,3180
17--13201,12/12/2017,7:01 PM,INNES RD @ PROVENCE AVE (0009244),9244,03 - At intersection,03 - P.D. only,02 - Angle,03 - Snow,07 - Dark,03 - Loose snow,01 - Traffic signal,01 - Functioning,2,0,0,0,,0,,,,,386110.9025,5037083.766,45.46894701,-75.46012731,3181
17--13202,12/12/2017,7:04 PM,TERRY FOX DR N @ FLAMBOROUGH WAY/INNOVATION DR (0011795),11795,02 - Intersection related,03 - P.D. only,03 - Rear end,03 - Snow,07 - Dark,04 - Slush,01 - Traffic signal,01 - Functioning,2,0,0,0,,0,,,,,349386.003,5022956.728,45.34514015,-75.93104105,3182
17--13203,12/12/2017,7:07 AM,MEADOWLANDS DR btwn MERIVALE RD & GRANT CARMAN DR (__3ZA4HY),__3ZA4HY,01 - Non intersection,02 - Non-fatal injury,07 - SMV other,03 - Snow,03 - Dawn,05 - Packed snow,10 - No control,,1,0,0,1,03 - Major,1,,,1,,365007.7237,5023839.608,45.35191727,-75.73160153,3183
17--13204,12/12/2017,7:08 AM,JOCKVALE RD/RIDEAU VALLEY DR @ PRINCE OF WALES (0004638),4638,02 - Intersection related,03 - P.D. only,03 - Rear end,03 - Snow,03 - Dawn,05 - Packed snow,01 - Traffic signal,01 - Functioning,2,0,0,0,,0,,,,,366710.656,5012197.684,45.24701617,-75.71132364,3184
17--13205,12/12/2017,7:10 PM,HIGHWAY 417 btwn HWY417 IC122 RAMP51 & HWY417 IC122 RAMP15 (__3ZA2R0),__3ZA2R0,01 - Non intersection,03 - P.D. only,04 - Sideswipe,03 - Snow,07 - Dark,03 - Loose snow,10 - No control,,2,0,0,0,,0,,,,,365273.6123,5028832.754,45.3968218,-75.72759705,3185
17--13206,12/12/2017,7:16 AM,HIGHWAY 416 btwn HWY416 IC66 RAMP62 & HWY416 IC72 RAMP24 (__3ZAZMZ),__3ZAZMZ,01 - Non intersection,02 - Non-fatal injury,03 - Rear end,03 - Snow,03 - Dawn,03 - Loose snow,10 - No control,,2,0,0,0,01 - Minimal,1,1,,,,360310.2014,5017867.447,45.29856721,-75.79221818,3186
17--13207,12/12/2017,7:16 AM,HIGHWAY 416 btwn HWY416 IC66 RAMP62 & HWY416 IC72 RAMP24 (__3ZAZMZ),__3ZAZMZ,01 - Non intersection,02 - Non-fatal injury,03 - Rear end,03 - Snow,03 - Dawn,05 - Packed snow,10 - No control,,2,0,0,0,03 - Major,1,,,1,,360284.8013,5017773.467,45.29772357,-75.79255254,3187
17--13208,12/12/2017,7:23 AM,RIDEAU ST btwn FRIEL ST & CHAPEL ST (__3ZA3WM),__3ZA3WM,01 - Non intersection,02 - Non-fatal injury,07 - SMV other,03 - Snow,03 - Dawn,03 - Loose snow,10 - No control,,1,0,0,1,02 - Minor,1,,1,,,368788.0904,5032579.28,45.43021939,-75.68222623,3188
17--13209,12/12/2017,7:26 AM,DEVINE RD @ FRONTIER RD (0004650),4650,02 - Intersection related,03 - P.D. only,07 - SMV other,03 - Snow,03 - Dawn,03 - Loose snow,02 - Stop sign,01 - Functioning,1,0,0,0,,0,,,,,389638.1725,5021966.139,45.33251449,-75.41762597,3189
17--1321,2/2/2017,1:30 PM,ST. JOSEPH BLVD btwn JEANNE D'ARC BLVD S & NOTRE DAME ST (__3ZA2BU),__3ZA2BU,04 - At/near private drive,02 - Non-fatal injury,03 - Rear end,01 - Clear,01 - Daylight,02 - Wet,10 - No control,,3,0,0,0,02 - Minor,2,,2,,,379902.4364,5036499.392,45.46438446,-75.53960404,3190
17--13210,12/12/2017,7:30 AM,LONGFIELDS DR btwn MOUNTSHANNON DR & WOODROFFE AVE (__3ZA5AN),__3ZA5AN,04 - At/near private drive,03 - P.D. only,05 - Turning movement,03 - Snow,03 - Dawn,04 - Slush,10 - No control,,2,0,0,0,,0,,,,,365336.9095,5017058.424,45.29087252,-75.72822959,3191
17--13211,12/12/2017,7:32 AM,WALKLEY EXTENSION RD btwn HWY417 IC110 RAMP66 & RAMSAYVILLE RD (__3ZA2LZ),__3ZA2LZ,01 - Non intersection,03 - P.D. only,07 - SMV other,03 - Snow,03 - Dawn,04 - Slush,10 - No control,,1,0,0,0,,0,,,,,376238.3232,5029314.196,45.40012072,-75.58749637,3192
17--13212,12/12/2017,7:36 PM,BASELINE RD/HERON RD @ PRINCE OF WALES DR (0002345),2345,02 - Intersection related,03 - P.D. only,05 - Turning movement,03 - Snow,07 - Dark,03 - Loose snow,01 - Traffic signal,01 - Functioning,2,0,0,0,,0,,,,,366874.4041,5026438.802,45.37514152,-75.70745386,3193
17--13213,12/12/2017,7:52 PM,BRONSON AVE @ COMMISSIONER ST/SLATER ST (0001679),1679,02 - Intersection related,03 - P.D. only,07 - SMV other,03 - Snow,07 - Dark,03 - Loose snow,01 - Traffic signal,01 - Functioning,1,0,0,0,,0,,,,,366768.8258,5030948.573,45.41572862,-75.70823523,3194
17--13214,12/12/2017,8:02 PM,CARLING AVE @ HOLLAND AVE (0002146),2146,02 - Intersection related,03 - P.D. only,07 - SMV other,03 - Snow,07 - Dark,03 - Loose snow,01 - Traffic signal,01 - Functioning,1,0,0,0,,0,,,,,365417.0332,5028039.885,45.38967534,-75.72586278,3195
17--13215,12/12/2017,8:12 AM,MERIVALE RD @ WEST HUNT CLUB RD (0000584),584,03 - At intersection,02 - Non-fatal injury,02 - Angle,03 - Snow,01 - Daylight,03 - Loose snow,01 - Traffic signal,00 - Unknown,2,0,0,0,02 - Minor,1,,1,,,365613.642,5021943.208,45.33480145,-75.72410236,3196
17--13216,12/12/2017,8:17 AM,HWY416 IC57 RAMP24 btwn BANKFIELD RD & HIGHWAY 416 (__3ZAY6G),__3ZAY6G,01 - Non intersection,03 - P.D. only,07 - SMV other,03 - Snow,01 - Daylight,03 - Loose snow,10 - No control,,1,0,0,0,,0,,,,,365052.285,5007542.212,45.20526987,-75.73301117,3197
17--13217,12/12/2017,8:18 PM,EAGLESON RD btwn FALLOWFIELD RD & AKINS RD (__3ZA418),__3ZA418,01 - Non intersection,03 - P.D. only,07 - SMV other,03 - Snow,07 - Dark,05 - Packed snow,10 - No control,,1,0,0,0,,0,,,,,356327.8166,5011668.912,45.24309488,-75.84363525,3198
17--13218,12/12/2017,8:23 PM,BANK ST btwn COUNCILLOR'S WAY & ST. BERNARD ST (__3ZA29K),__3ZA29K,04 - At/near private drive,03 - P.D. only,03 - Rear end,03 - Snow,07 - Dark,03 - Loose snow,10 - No control,,2,0,0,0,,0,,,,,372964.3188,5023740.995,45.35030175,-75.6300805,3199
17--13219,12/12/2017,8:24 PM,PRINCE OF WALES DR btwn JOCKVALE RD & MAPLEHILL WAY (__3ZA29X),__3ZA29X,01 - Non intersection,03 - P.D. only,07 - SMV other,03 - Snow,07 - Dark,03 - Loose snow,10 - No control,,1,0,0,0,,0,,,,,366722.9388,5012298.276,45.24792021,-75.71115465,3200
17--1322,2/2/2017,1:52 PM,MONTREAL RD btwn LAJOIE ST & L'ALLEMAND ST (__3ZA3L7),__3ZA3L7,01 - Non intersection,03 - P.D. only,04 - Sideswipe,01 - Clear,01 - Daylight,01 - Dry,10 - No control,,2,0,0,0,,0,,,,,370553.7155,5033337.923,45.43688156,-75.65956247,3201
17--13220,12/12/2017,8:26 AM,GREENBANK RD @ WEST HUNT CLUB RD (0005167),5167,02 - Intersection related,03 - P.D. only,07 - SMV other,03 - Snow,01 - Daylight,05 - Packed snow,01 - Traffic signal,00 - Unknown,1,0,0,0,,0,,,,,361479.677,5020501.762,45.32217745,-75.77700667,3202
17--13221,12/12/2017,8:33 AM,CARP RD @ STITTSVILLE MAIN ST (0005253),5253,03 - At intersection,03 - P.D. only,05 - Turning movement,03 - Snow,01 - Daylight,03 - Loose snow,01 - Traffic signal,01 - Functioning,2,0,0,0,,0,,,,,349525.7329,5014330.913,45.26751363,-75.93003644,3203
17--13222,12/12/2017,8:41 AM,BERRIGAN DR btwn CROXLEY WAY & CLARIDGE DR (__4O3JPX),__4O3JPX,01 - Non intersection,03 - P.D. only,04 - Sideswipe,01 - Clear,01 - Daylight,01 - Dry,10 - No control,,2,0,0,0,,0,,,,,364595.7494,5015813.149,45.27973102,-75.73782768,3204
17--13223,12/12/2017,8:49 AM,NAVAHO DR btwn WOODROFFE AVE & Continuation of NAVAHO DR (__5QC9PJ),__5QC9PJ,04 - At/near private drive,03 - P.D. only,05 - Turning movement,03 - Snow,01 - Daylight,03 - Loose snow,10 - No control,,2,0,0,0,,0,,,,,362793.8159,5023542.505,45.34943054,-75.75988886,3205
17--13224,12/12/2017,8:55 PM,HIGHWAY 417 btwn HWY417 IC115 RAMP36 & HWY417 IC115 RAMP26 (__3ZA2R4),__3ZA2R4,01 - Non intersection,03 - P.D. only,03 - Rear end,03 - Snow,07 - Dark,03 - Loose snow,10 - No control,,4,0,0,0,,0,,,,,372281.9943,5031499.378,45.42017454,-75.63772671,3206
17--13225,12/12/2017,8:58 PM,MERIVALE RD @ BASIL MACDONALD WAY/MERIVALE MAL (0010301),10301,03 - At intersection,03 - P.D. only,05 - Turning movement,03 - Snow,07 - Dark,03 - Loose snow,01 - Traffic signal,01 - Functioning,2,0,0,0,,0,,,,,365097.5567,5023172.698,45.34590879,-75.73053646,3207
17--13226,12/12/2017,9:07 PM,RIVER RD btwn LOWEN DR & BALMORAL DR (__3ZA38M),__3ZA38M,01 - Non intersection,03 - P.D. only,07 - SMV other,03 - Snow,07 - Dark,03 - Loose snow,10 - No control,,1,0,0,0,,0,,,,,367924.0438,5017676.635,45.29620748,-75.69517136,3208
17--13227,12/12/2017,9:11 AM,RIVERSIDE DR @ TREMBLAY RD/HWY417 IC117 RAMP52 (0010790),10790,03 - At intersection,03 - P.D. only,02 - Angle,05 - Drifting Snow,01 - Daylight,03 - Loose snow,01 - Traffic signal,01 - Functioning,3,0,0,0,,0,,,,,370801.6271,5031014.781,45.41595556,-75.65670542,3209
17--13228,12/12/2017,9:12 AM,REGIONAL ROAD 174 EB btwn OR174 IC109 RAMP55 & TRANSIT (__3ZA28V),__3ZA28V,01 - Non intersection,03 - P.D. only,07 - SMV other,03 - Snow,01 - Daylight,04 - Slush,10 - No control,,1,0,0,0,,0,,,,,376529.6223,5035117.379,45.45230448,-75.58293087,3210
17--13229,12/12/2017,9:15 AM,CARLING AVE @ MOODIE DR/JAMES CUMMINGS AVE W (0000158),158,02 - Intersection related,03 - P.D. only,03 - Rear end,03 - Snow,01 - Daylight,04 - Slush,01 - Traffic signal,01 - Functioning,2,0,0,0,,0,,,,,356002.1283,5023937.748,45.35351571,-75.84651671,3211
17--1323,2/2/2017,10:33 PM,REGIONAL ROAD 174 btwn CAMERON ST & WEST ST (__3ZA27V),__3ZA27V,01 - Non intersection,03 - P.D. only,07 - SMV other,03 - Snow,07 - Dark,02 - Wet,10 - No control,,1,0,0,0,,0,,,,,389869.2628,5042619,45.51829887,-75.41111136,3212
17--12972,12/8/2017,6:01 PM,JOCKVALE RD btwn WEYBRIDGE DR & TARTAN DR (__3ZAAA4),__3ZAAA4,01 - Non intersection,02 - Non-fatal injury,07 - SMV other,01 - Clear,07 - Dark,01 - Dry,10 - No control,,1,0,0,1,02 - Minor,1,,1,,,362920.8393,5014968.446,45.27227082,-75.7592736,3213
17--12973,12/8/2017,6:02 AM,CAMERON ST @ REGIONAL RD 174 (0012883),12883,02 - Intersection related,03 - P.D. only,07 - SMV other,01 - Clear,07 - Dark,01 - Dry,01 - Traffic signal,00 - Unknown,1,0,0,0,,0,,,,,389861.4512,5042618.404,45.51829446,-75.41121144,3214
17--12974,12/8/2017,6:22 PM,BANK ST @ SURREY AVE (0011314),11314,03 - At intersection,03 - P.D. only,02 - Angle,01 - Clear,07 - Dark,01 - Dry,02 - Stop sign,00 - Unknown,2,0,0,0,,0,,,,,370383.5611,5025810.455,45.36916821,-75.66273817,3215
17--12975,12/8/2017,6:52 AM,SMYTH RD @ GENERAL HOSPITAL E (0008855),8855,02 - Intersection related,03 - P.D. only,03 - Rear end,01 - Clear,03 - Dawn,01 - Dry,01 - Traffic signal,00 - Unknown,4,0,0,0,,0,,,,,371516.5745,5029182.554,45.39940214,-75.64781957,3216
17--12976,12/8/2017,7:04 AM,CATHERINE ST @ KENT ST (0002707),2707,03 - At intersection,03 - P.D. only,05 - Turning movement,01 - Clear,03 - Dawn,01 - Dry,01 - Traffic signal,01 - Functioning,2,0,0,0,,0,,,,,367908.7108,5030187.896,45.40878241,-75.69376995,3217
17--12977,12/8/2017,7:38 AM,CARLING AVE @ EDGEWORTH AVE (0002718),2718,03 - At intersection,02 - Non-fatal injury,07 - SMV other,01 - Clear,03 - Dawn,01 - Dry,01 - Traffic signal,01 - Functioning,1,0,0,1,02 - Minor,1,,1,,,361262.7811,5025424.509,45.36648965,-75.77921122,3218
17--12978,12/8/2017,7:38 PM,CARP RD btwn BAIRD SIDE RD & THOMAS A. DOLAN PKWY (__3ZBOB2),__3ZBOB2,01 - Non intersection,02 - Non-fatal injury,07 - SMV other,03 - Snow,07 - Dark,06 - Ice,10 - No control,,1,0,0,0,02 - Minor,1,,1,,,335176.8355,5027277.57,45.38478029,-76.11209248,3219
17--12979,12/8/2017,7:45 AM,MONTREAL RD btwn SINCLAIR ST & SHEFFORD RD (__3ZA2D0),__3ZA2D0,01 - Non intersection,03 - P.D. only,03 - Rear end,01 - Clear,03 - Dawn,01 - Dry,10 - No control,,2,0,0,0,,0,,,,,376043.6738,5034805.228,45.44954565,-75.58918818,3220
17--1298,2/1/2017,5:06 PM,CASTLEFRANK RD @ HAZELDEAN RD (0003608),3608,03 - At intersection,02 - Non-fatal injury,07 - SMV other,01 - Clear,01 - Daylight,02 - Wet,01 - Traffic signal,01 - Functioning,1,0,0,1,01 - Minimal,1,1,,,,352678.4208,5017675.955,45.29740566,-75.88953956,3221
17--12980,12/8/2017,8:11 AM,WOODROFFE AVE @ SPORTSPLEX N (0005568),5568,03 - At intersection,03 - P.D. only,05 - Turning movement,01 - Clear,01 - Daylight,01 - Dry,01 - Traffic signal,00 - Unknown,4,0,0,0,,0,,,,,363764.717,5021067.409,45.32707889,-75.74779433,3222
17--12981,12/8/2017,8:15 PM,HWY417 IC123 RAMP62 btwn ISLAND PARK DR & HIGHWAY 417 (__3ZAY95),__3ZAY95,01 - Non intersection,02 - Non-fatal injury,07 - SMV other,03 - Snow,07 - Dark,06 - Ice,10 - No control,,1,0,0,0,01 - Minimal,1,1,,,,364555.6424,5028047.848,45.38982101,-75.73686161,3223
17--12982,12/8/2017,8:20 PM,WOODROFFE AVE btwn 260 N OF FALLOWFIELD RD/TRANSITWAY & FALLOWFIELD RD (__3ZA3IOB),__3ZA3IOB,05 - At railway crossing,02 - Non-fatal injury,03 - Rear end,01 - Clear,07 - Dark,01 - Dry,10 - No control,,2,0,0,0,02 - Minor,2,,2,,,365048.7003,5017995.261,45.2993269,-75.73178975,3224
17--12983,12/8/2017,8:49 PM,MONTGOMERY ST @ MONTREAL RD (0009342),9342,03 - At intersection,02 - Non-fatal injury,07 - SMV other,01 - Clear,07 - Dark,01 - Dry,01 - Traffic signal,01 - Functioning,1,0,0,1,02 - Minor,1,,1,,,369814.6593,5032921.535,45.43320418,-75.66906277,3225
17--12984,12/8/2017,9:01 AM,LYNDA LANE @ SMYTH RD (0002250),2250,03 - At intersection,03 - P.D. only,05 - Turning movement,01 - Clear,01 - Daylight,01 - Dry,02 - Stop sign,00 - Unknown,2,0,0,0,,0,,,,,371611.7224,5029191.787,45.39947614,-75.64660312,3226
17--12985,12/8/2017,9:03 AM,PARKWAY RD @ SALE BARN RD (0005819),5819,03 - At intersection,03 - P.D. only,02 - Angle,01 - Clear,01 - Daylight,01 - Dry,02 - Stop sign,01 - Functioning,2,0,0,0,,0,,,,,379604.7642,5014728.203,45.26853242,-75.54670623,3227
17--12986,12/8/2017,9:10 AM,HWY 417 WOODROFF IC127R62 @ WOODROFFE AVE (0002349),2349,02 - Intersection related,03 - P.D. only,03 - Rear end,01 - Clear,01 - Daylight,01 - Dry,03 - Yield sign,01 - Functioning,2,0,0,0,,0,,,,,362051.2373,5025018.581,45.36277318,-75.76919385,3228