Anom_ID,Accident_Date,Accident_Time,Location,Geo_ID,Accident_Location,Classification_of_Accident,Initial_Impact_Type,Environment_Condition,Light,Road_Surface_Condition,Traffic_Control,Traffic_Control_Condition,No__of_Vehicles,No__of_Bicycles,No__of_Motorcycles,No__of_Pedestrians,Max_Injury,No__of_Injuries,No__of_Minimal,No__of_Minor,No__of_Major,No__of_Fatal,X,Y,Latitude,Longitude,ObjectId
17--12987,12/8/2017,9:12 AM,CATHERINE ST @ METCALFE ST (0011239),11239,03 - At intersection,03 - P.D. only,04 - Sideswipe,01 - Clear,01 - Daylight,01 - Dry,01 - Traffic signal,01 - Functioning,2,0,0,0,,0,,,,,368395.1404,5030487.28,45.41143214,-75.68751769,3229
17--12988,12/8/2017,9:15 PM,WEST HUNT CLUB RD @ WOODROFFE AVE (0000576),576,02 - Intersection related,03 - P.D. only,04 - Sideswipe,01 - Clear,07 - Dark,01 - Dry,01 - Traffic signal,00 - Unknown,2,0,0,0,,0,,,,,363671.6943,5021246.489,45.32869804,-75.74895961,3230
17--12989,12/8/2017,9:30 AM,WOODROFFE AVE @ KNOXDALE RD/MEDHURST DR (0000519),519,02 - Intersection related,03 - P.D. only,03 - Rear end,01 - Clear,01 - Daylight,01 - Dry,01 - Traffic signal,01 - Functioning,2,0,0,0,,0,,,,,363420.1633,5021826.25,45.33393575,-75.75209952,3231
17--1299,2/1/2017,6:10 AM,HIGHWAY 417 btwn HWY417 IC118 RAMP67 & HWY417 IC117 RAMP36 (__3ZA2YO),__3ZA2YO,01 - Non intersection,03 - P.D. only,04 - Sideswipe,03 - Snow,07 - Dark,04 - Slush,10 - No control,,2,0,0,0,,0,,,,,370171.1709,5031111.982,45.41688932,-75.66474692,3232
17--12990,12/8/2017,9:30 AM,WOODROFFE AVE btwn NAVAHO DR & Continuation of WOODROFFE AVE (__3ZBOCC),__3ZBOCC,04 - At/near private drive,03 - P.D. only,05 - Turning movement,01 - Clear,01 - Daylight,01 - Dry,10 - No control,,2,0,0,0,,0,,,,,362822.1527,5023273.48,45.34700753,-75.75955882,3233
17--12991,12/8/2017,9:50 AM,HIGHWAY 417 btwn HWY417 IC110 RAMP55 & HWY417 IC104 RAMP51 (__3ZA2W8),__3ZA2W8,01 - Non intersection,03 - P.D. only,04 - Sideswipe,01 - Clear,01 - Daylight,01 - Dry,10 - No control,,2,0,0,0,,0,,,,,377979.3622,5026361.873,45.37337762,-75.56569822,3234
17--12992,12/8/2017,9:51 PM,BELL ST @ ORANGEVILLE ST (0006472),6472,02 - Intersection related,03 - P.D. only,07 - SMV other,01 - Clear,07 - Dark,01 - Dry,10 - No control,00 - Unknown,1,0,0,0,,0,,,,,367092.9651,5029641.306,45.40393743,-75.70425935,3235
17--12993,12/8/2017,9:54 PM,SLACK RD btwn VAAN DR & GRENFELL CRES (__3ZA6N7),__3ZA6N7,01 - Non intersection,03 - P.D. only,04 - Sideswipe,01 - Clear,07 - Dark,01 - Dry,10 - No control,,2,0,0,0,,0,,,,,365210.254,5020515.633,45.32199113,-75.72942276,3236
17--12994,12/9/2017,1:30 PM,ALESTHER ST @ WOLFFDALE CRES S (0008533),8533,03 - At intersection,03 - P.D. only,04 - Sideswipe,01 - Clear,01 - Daylight,01 - Dry,10 - No control,,2,0,0,0,,0,,,,,372057.0431,5032294.919,45.42735412,-75.64049216,3237
17--12995,12/9/2017,10:08 PM,CUBA AVE @ SMYTH RD (0007728),7728,03 - At intersection,03 - P.D. only,02 - Angle,03 - Snow,07 - Dark,05 - Packed snow,02 - Stop sign,01 - Functioning,2,0,0,0,,0,,,,,373007.7339,5029347.314,45.40074089,-75.62875219,3238
17--12996,12/9/2017,10:15 PM,BREWER RD @ BRONSON AVE (0002240),2240,02 - Intersection related,03 - P.D. only,03 - Rear end,03 - Snow,07 - Dark,03 - Loose snow,01 - Traffic signal,01 - Functioning,2,0,0,0,,0,,,,,368109.3816,5027767.774,45.38698876,-75.6915172,3239
17--12997,12/9/2017,10:30 PM,FALLOWFIELD RD @ MERIVALE RD (0000587),587,02 - Intersection related,03 - P.D. only,07 - SMV other,03 - Snow,07 - Dark,03 - Loose snow,01 - Traffic signal,00 - Unknown,1,0,0,0,,0,,,,,366891.2392,5018844.233,45.30680543,-75.70819206,3240
17--12998,12/9/2017,10:58 AM,KANATA AVE btwn GOLDRIDGE DR & GOLDRIDGE DR (__3ZA477),__3ZA477,04 - At/near private drive,03 - P.D. only,02 - Angle,01 - Clear,01 - Daylight,01 - Dry,10 - No control,,2,0,0,0,,0,,,,,350282.2448,5019741.534,45.31615152,-75.91990017,3241
17--12999,12/9/2017,11:01 AM,CONROY RD @ JOHNSTON RD (0011908),11908,03 - At intersection,03 - P.D. only,03 - Rear end,01 - Clear,01 - Daylight,01 - Dry,01 - Traffic signal,01 - Functioning,2,0,0,0,,0,,,,,373399.7362,5026309.924,45.37337349,-75.62416772,3242
17--13,1/1/2017,8:58 AM,MERIVALE RD @ WOODFIELD DR/ROYDON PL (0009776),9776,02 - Intersection related,03 - P.D. only,03 - Rear end,03 - Snow,01 - Daylight,03 - Loose snow,01 - Traffic signal,01 - Functioning,2,0,0,0,,0,,,,,365462.7011,5022298.499,45.33801138,-75.72598443,3243
17--130,1/4/2017,3:41 PM,BANFF AVE @ KITCHENER AVE (0006621),6621,03 - At intersection,03 - P.D. only,02 - Angle,03 - Snow,01 - Daylight,06 - Ice,02 - Stop sign,01 - Functioning,2,0,0,0,,0,,,,,370724.688,5025605.136,45.36728881,-75.6584111,3244
17--1300,2/1/2017,6:12 PM,CARLING AVE @ CONNAUGHT AVE (0002143),2143,03 - At intersection,02 - Non-fatal injury,05 - Turning movement,01 - Clear,07 - Dark,02 - Wet,01 - Traffic signal,01 - Functioning,2,0,0,0,02 - Minor,1,,1,,,360770.7344,5025117.35,45.36376531,-75.78552685,3245
17--13000,12/9/2017,11:08 AM,CYRVILLE RD @ ST. LAURENT BLVD (0002647),2647,02 - Intersection related,03 - P.D. only,03 - Rear end,01 - Clear,01 - Daylight,01 - Dry,01 - Traffic signal,01 - Functioning,2,0,0,0,,0,,,,,372240.765,5032112.775,45.42569758,-75.6381695,3246
17--13001,12/9/2017,11:22 PM,HERON RD btwn SANDALWOOD DR & JEFFERSON ST (__3ZA3AG),__3ZA3AG,01 - Non intersection,03 - P.D. only,07 - SMV other,03 - Snow,07 - Dark,03 - Loose snow,10 - No control,,1,0,0,0,,0,,,,,371501.5578,5027015.442,45.37990474,-75.64830428,3247
17--13002,12/9/2017,Unknown,CANTERBURY AVE btwn KILBORN AVE & URBANDALE DR (__3ZA73M),__3ZA73M,01 - Non intersection,03 - P.D. only,06 - SMV unattended vehicle,01 - Clear,00 - Unknown,01 - Dry,10 - No control,,1,0,0,0,,0,,,,,372572.985,5028065.254,45.38924769,-75.63448091,3248
17--13003,12/9/2017,Unknown,BARRICK HILL RD btwn AKERSON RD & MOORPARK AVE (__7IFXNK),__7IFXNK,01 - Non intersection,03 - P.D. only,06 - SMV unattended vehicle,03 - Snow,00 - Unknown,03 - Loose snow,10 - No control,,1,0,0,0,,0,,,,,354187.195,5016098.736,45.28310906,-75.87046054,3249
17--13004,12/9/2017,Unknown,SEYTON DR btwn SONNET CRES & SONNET CRES (__3ZABEY),__3ZABEY,01 - Non intersection,03 - P.D. only,06 - SMV unattended vehicle,03 - Snow,00 - Unknown,03 - Loose snow,10 - No control,,1,0,0,0,,0,,,,,357248.3696,5019452.013,45.31306058,-75.83108759,3250
17--13005,12/9/2017,Unknown,PRESTON ST btwn SIDNEY ST & CARLING AVE (__3ZBODW),__3ZBODW,01 - Non intersection,03 - P.D. only,06 - SMV unattended vehicle,03 - Snow,00 - Unknown,02 - Wet,10 - No control,,1,0,0,0,,0,,,,,366818.1485,5028965.443,45.3978806,-75.70785456,3251
17--13006,12/9/2017,12:32 PM,FRIEL ST @ RIDEAU ST (0011917),11917,02 - Intersection related,03 - P.D. only,04 - Sideswipe,01 - Clear,01 - Daylight,01 - Dry,01 - Traffic signal,01 - Functioning,2,0,0,0,,0,,,,,368771.7024,5032570.348,45.43014052,-75.68243681,3252
17--13007,12/9/2017,2:10 PM,HERZBERG RD @ MARCH RD (0003170),3170,02 - Intersection related,03 - P.D. only,03 - Rear end,01 - Clear,01 - Daylight,02 - Wet,01 - Traffic signal,01 - Functioning,2,0,0,0,,0,,,,,352323.6222,5021528.252,45.33209358,-75.89369353,3253
17--13008,12/9/2017,2:45 PM,HUNT CLUB RD @ RIVERSIDE DR (0002237),2237,02 - Intersection related,03 - P.D. only,03 - Rear end,01 - Clear,01 - Daylight,01 - Dry,01 - Traffic signal,01 - Functioning,2,0,0,0,,0,,,,,368036.703,5021945.26,45.33460573,-75.69319023,3254
17--13009,12/9/2017,3:00 AM,THOMAS A. DOLAN PKWY btwn WOODKILTON RD & DUNROBIN RD (__3ZAC26),__3ZAC26,01 - Non intersection,03 - P.D. only,07 - SMV other,03 - Snow,07 - Dark,06 - Ice,10 - No control,,1,0,0,0,,0,,,,,342261.8572,5031411.543,45.42163583,-76.02130666,3255
17--1301,2/1/2017,6:15 AM,HWY417 IC88 RAMP16 btwn HIGHWAY 417 & ROCKDALE RD (__3ZAY6S),__3ZAY6S,01 - Non intersection,03 - P.D. only,07 - SMV other,01 - Clear,07 - Dark,06 - Ice,10 - No control,,1,0,0,0,,0,,,,,395434.6964,5022506.868,45.33665467,-75.34358895,3256
17--13010,12/9/2017,3:05 AM,HIGHWAY 416 btwn HWY416 IC42 RAMP42 & HWY416 IC42 RAMP24 (__3ZAZJ5),__3ZAZJ5,01 - Non intersection,03 - P.D. only,07 - SMV other,01 - Clear,07 - Dark,01 - Dry,10 - No control,,1,0,0,0,,0,,,,,371568.0296,4994980.957,45.09165658,-75.65175507,3257
17--13011,12/9/2017,3:26 AM,ISABELLA ST/HWY417 IC119AR75 @ METCALFE ST (0011380),11380,03 - At intersection,03 - P.D. only,04 - Sideswipe,01 - Clear,07 - Dark,01 - Dry,01 - Traffic signal,01 - Functioning,2,0,0,0,,0,,,,,368449.041,5030398.227,45.41062597,-75.68684064,3258
17--13012,12/9/2017,3:45 PM,INNES RD btwn BELCOURT BLVD & 260 E OF BELCOURT BLVD/WALMART SC (__3ZA3JWA),__3ZA3JWA,04 - At/near private drive,03 - P.D. only,05 - Turning movement,01 - Clear,01 - Daylight,01 - Dry,10 - No control,,2,0,0,0,,0,,,,,382205.4253,5035315.764,45.45348378,-75.51034453,3259
17--13013,12/9/2017,3:58 PM,BELFAST RD @ ST. LAURENT BLVD (0007658),7658,02 - Intersection related,03 - P.D. only,03 - Rear end,01 - Clear,01 - Daylight,01 - Dry,01 - Traffic signal,01 - Functioning,2,0,0,0,,0,,,,,372860.2507,5030578.799,45.41183559,-75.63046584,3260
17--13014,12/9/2017,4:15 PM,GREENBANK RD @ STRANDHERD DR (0005563),5563,02 - Intersection related,03 - P.D. only,03 - Rear end,01 - Clear,05 - Dusk,01 - Dry,01 - Traffic signal,01 - Functioning,2,0,0,0,,0,,,,,363933.6839,5014783.707,45.27052409,-75.74638842,3261
17--13015,12/9/2017,4:56 PM,CATHERINE ST/HWY 417 O'CONN IC119BR76 @ O'CONN (0001697),1697,02 - Intersection related,02 - Non-fatal injury,03 - Rear end,03 - Snow,07 - Dark,04 - Slush,01 - Traffic signal,01 - Functioning,2,0,0,0,01 - Minimal,1,1,,,,368244.0455,5030393.233,45.41059965,-75.68945997,3262
17--13016,12/9/2017,4:57 PM,RIVERSIDE DR NB btwn RIVERSIDE DR NB RAMP FROM EB TO WB & NEIL WAY (__3ZA3NS),__3ZA3NS,01 - Non intersection,03 - P.D. only,03 - Rear end,03 - Snow,05 - Dusk,02 - Wet,10 - No control,,4,0,0,0,,0,,,,,369369.2656,5028041.041,45.38933252,-75.67539395,3263
17--13017,12/9/2017,5:33 PM,BANK ST @ SLATER ST (0002223),2223,02 - Intersection related,03 - P.D. only,03 - Rear end,03 - Snow,07 - Dark,02 - Wet,01 - Traffic signal,01 - Functioning,2,0,0,0,,0,,,,,367424.4407,5031354.577,45.41932335,-75.69980777,3264
17--13018,12/9/2017,5:40 PM,DUNROBIN RD btwn BAIRD'S GRANT LANE & BUCKHAMS BAY RD (__3ZA4Q1),__3ZA4Q1,01 - Non intersection,03 - P.D. only,07 - SMV other,03 - Snow,07 - Dark,02 - Wet,10 - No control,,1,0,0,0,,0,,,,,334891.2419,5039148.052,45.49160713,-76.11501369,3265
17--13019,12/9/2017,6:00 PM,QUEENSGROVE RD btwn FAIRLAWN AVE & PARKHURST BLVD (__3ZA146),__3ZA146,01 - Non intersection,03 - P.D. only,06 - SMV unattended vehicle,01 - Clear,07 - Dark,01 - Dry,10 - No control,,1,0,0,0,,0,,,,,362285.0316,5025056.984,45.3630996,-75.76620526,3266
17--1302,2/1/2017,6:16 PM,ST. LAURENT BLVD @ COVENTRY RD/OGILVIE RD (0002151),2151,03 - At intersection,03 - P.D. only,02 - Angle,01 - Clear,07 - Dark,02 - Wet,01 - Traffic signal,02 - Not functioning,2,0,0,0,,0,,,,,372305.3851,5031950.906,45.42423492,-75.63736599,3267
17--13020,12/9/2017,6:15 AM,ST. JOSEPH BLVD btwn MARENGER ST & JEANNE D'ARC BLVD S (__3ZA2BS),__3ZA2BS,01 - Non intersection,03 - P.D. only,04 - Sideswipe,01 - Clear,07 - Dark,01 - Dry,10 - No control,,2,0,0,0,,0,,,,,379783.485,5036420.076,45.46368361,-75.54113705,3268
17--13021,12/9/2017,8:24 PM,REGIONAL ROAD 174 btwn OR174 IC112 RAMP15 & TRANSIT (__3ZA2WA),__3ZA2WA,01 - Non intersection,03 - P.D. only,07 - SMV other,03 - Snow,07 - Dark,05 - Packed snow,10 - No control,,1,0,0,0,,0,,,,,375196.6248,5033122.936,45.4344952,-75.60025653,3269
17--13022,12/9/2017,8:30 PM,GLADSTONE AVE @ METCALFE ST (0002709),2709,02 - Intersection related,03 - P.D. only,07 - SMV other,03 - Snow,07 - Dark,04 - Slush,01 - Traffic signal,01 - Functioning,1,0,0,0,,0,,,,,368231.1851,5030750.332,45.41381387,-75.6895783,3270
17--13023,12/9/2017,8:40 PM,HIGHWAY 417 btwn HWY417 IC122 RAMP16 & HWY417 IC122 RAMP61 (__3ZA2RA),__3ZA2RA,01 - Non intersection,03 - P.D. only,04 - Sideswipe,03 - Snow,07 - Dark,03 - Loose snow,10 - No control,,2,0,0,0,,0,,,,,365345.5322,5028893.557,45.39736268,-75.72667107,3271
17--13024,12/9/2017,8:46 PM,REGIONAL ROAD 174 btwn OR174 IC109 RAMP64 & OR174 IC105 RAMP16 (__3ZA2XD),__3ZA2XD,01 - Non intersection,03 - P.D. only,03 - Rear end,03 - Snow,07 - Dark,03 - Loose snow,10 - No control,,6,0,0,0,,0,,,,,377120.0014,5035732.764,45.45778046,-75.57529331,3272
17--13025,12/9/2017,8:50 PM,ELGIN ST @ SOMERSET ST (0006936),6936,02 - Intersection related,03 - P.D. only,03 - Rear end,03 - Snow,07 - Dark,03 - Loose snow,01 - Traffic signal,01 - Functioning,2,0,0,0,,0,,,,,368163.7619,5031198.335,45.41785097,-75.69038203,3273
17--13026,12/9/2017,8:55 PM,DUROCHER ST @ MONTREAL RD (0009800),9800,02 - Intersection related,03 - P.D. only,03 - Rear end,03 - Snow,07 - Dark,03 - Loose snow,02 - Stop sign,00 - Unknown,4,0,0,0,,0,,,,,370136.7354,5033101.53,45.43479369,-75.66492294,3274
17--13027,12/9/2017,9:03 PM,HOLLAND AVE @ KENILWORTH ST (0006299),6299,02 - Intersection related,03 - P.D. only,99 - Other,03 - Snow,07 - Dark,06 - Ice,01 - Traffic signal,01 - Functioning,2,0,0,0,,0,,,,,365214.6073,5028496.458,45.39380097,-75.72839181,3275
17--13028,12/9/2017,9:05 PM,HINCKS LANE @ RIVERSIDE DR (0011354),11354,03 - At intersection,03 - P.D. only,03 - Rear end,03 - Snow,07 - Dark,03 - Loose snow,01 - Traffic signal,01 - Functioning,2,0,0,0,,0,,,,,370166.2425,5030205.329,45.40873207,-75.66493012,3276
17--13029,12/9/2017,9:15 PM,KING EDWARD AVE @ LAURIER AVE (0002170),2170,03 - At intersection,03 - P.D. only,05 - Turning movement,03 - Snow,07 - Dark,03 - Loose snow,01 - Traffic signal,01 - Functioning,2,0,0,0,,0,,,,,368739.3728,5032034.583,45.42532286,-75.6829195,3277
17--1303,2/1/2017,6:30 AM,MONTREAL RD @ 46 E OF HILLSIDE DR/MONTREAL SQU (0008215),8215,02 - Intersection related,03 - P.D. only,03 - Rear end,03 - Snow,07 - Dark,03 - Loose snow,01 - Traffic signal,00 - Unknown,2,0,0,0,,0,,,,,371750.1359,5033915.808,45.44196756,-75.6441934,3278
17--13030,12/9/2017,9:20 PM,BLAKE BLVD @ LAFONTAINE AVE (0009882),9882,02 - Intersection related,03 - P.D. only,03 - Rear end,03 - Snow,07 - Dark,03 - Loose snow,02 - Stop sign,01 - Functioning,2,0,0,0,,0,,,,,370941.1831,5033036.873,45.4341363,-75.654651,3279
17--13031,12/9/2017,9:38 PM,REGIONAL ROAD 174 btwn OR174 IC109 RAMP54 & OR174 IC109 RAMP55 (__3ZA28X),__3ZA28X,01 - Non intersection,03 - P.D. only,07 - SMV other,03 - Snow,07 - Dark,06 - Ice,10 - No control,,1,0,0,0,,0,,,,,376422.9892,5034883.469,45.45021085,-75.58432806,3280
17--13032,12/9/2017,9:38 PM,FROBISHER LANE W @ RIVERSIDE DR (0011961),11961,02 - Intersection related,03 - P.D. only,02 - Angle,03 - Snow,07 - Dark,06 - Ice,01 - Traffic signal,01 - Functioning,2,0,0,0,,0,,,,,370119.6709,5029601.465,45.40330307,-75.66560502,3281
17--13033,12/9/2017,9:49 PM,FRIEL ST @ LAURIER AVE (0007753),7753,03 - At intersection,03 - P.D. only,02 - Angle,03 - Snow,07 - Dark,03 - Loose snow,02 - Stop sign,01 - Functioning,2,0,0,0,,0,,,,,368997.7064,5032191.578,45.42671178,-75.67959813,3282
17--13034,12/9/2017,9:54 PM,RIVERSIDE DR @ SMYTH RD SOUTH SIDE RAMP (0011480),11480,02 - Intersection related,03 - P.D. only,03 - Rear end,03 - Snow,07 - Dark,06 - Ice,01 - Traffic signal,01 - Functioning,2,0,0,0,,0,,,,,369789.0539,5028997.327,45.39789802,-75.66990749,3283
17--13035,12/10/2017,1:23 PM,CEDARVIEW RD @ WEST HUNT CLUB RD (0010267),10267,02 - Intersection related,02 - Non-fatal injury,03 - Rear end,01 - Clear,01 - Daylight,01 - Dry,01 - Traffic signal,01 - Functioning,2,0,0,0,02 - Minor,1,,1,,,359717.7216,5019554.239,45.31379164,-75.79958512,3284
17--13036,12/10/2017,1:28 AM,BASELINE RD @ CLYDE AVE (0002343),2343,02 - Intersection related,03 - P.D. only,04 - Sideswipe,03 - Snow,07 - Dark,04 - Slush,01 - Traffic signal,00 - Unknown,2,0,0,0,,0,,,,,364358.3689,5024891.182,45.36143465,-75.73976146,3285
17--13037,12/10/2017,1:58 AM,GREENFIELD AVE @ MAIN ST (0002695),2695,03 - At intersection,03 - P.D. only,05 - Turning movement,03 - Snow,07 - Dark,04 - Slush,01 - Traffic signal,01 - Functioning,2,0,0,0,,0,,,,,368892.05,5030816.575,45.41434969,-75.68112708,3286
17--13038,12/10/2017,10:40 AM,WOODROFFE AVE @ SPORTSPLEX N (0005568),5568,02 - Intersection related,03 - P.D. only,03 - Rear end,03 - Snow,01 - Daylight,03 - Loose snow,01 - Traffic signal,01 - Functioning,2,0,0,0,,0,,,,,363762.659,5021066.565,45.32707146,-75.74782068,3287
17--13039,12/10/2017,11:19 AM,BYRON AVE @ ISLAND PARK DR (0006365),6365,02 - Intersection related,03 - P.D. only,03 - Rear end,03 - Snow,01 - Daylight,02 - Wet,01 - Traffic signal,01 - Functioning,2,0,0,0,,0,,,,,364255.69,5028602.834,45.3948402,-75.74062508,3288
17--1304,2/1/2017,6:35 AM,MOODIE DR btwn MCKENNA CASEY DR & CAMBRIAN RD (__3ZA4YZ),__3ZA4YZ,01 - Non intersection,03 - P.D. only,01 - Approaching,03 - Snow,07 - Dark,03 - Loose snow,10 - No control,,2,0,0,0,,0,,,,,360509.2362,5012286.18,45.24833064,-75.79030684,3289
17--13040,12/10/2017,11:23 AM,KANATA AVE @ GOLDRIDGE DR/EVANSHEN PL (0011838),11838,03 - At intersection,03 - P.D. only,02 - Angle,01 - Clear,01 - Daylight,02 - Wet,02 - Stop sign,01 - Functioning,2,0,0,0,,0,,,,,350286.1416,5019729.05,45.31603893,-75.91985162,3290
17--13041,12/10/2017,Unknown,RUSSELL RD btwn SOUTHVALE CRES & TUPPER AVE (__3ZA2EQ),__3ZA2EQ,01 - Non intersection,03 - P.D. only,06 - SMV unattended vehicle,01 - Clear,00 - Unknown,03 - Loose snow,10 - No control,,1,0,0,0,,0,,,,,373959.4283,5028978.97,45.39733334,-75.61664886,3291
17--13042,12/10/2017,Unknown,SODERLIND ST btwn DEMPSEY AVE & IRIS ST (__3ZABKT),__3ZABKT,01 - Non intersection,03 - P.D. only,06 - SMV unattended vehicle,01 - Clear,00 - Unknown,03 - Loose snow,10 - No control,,1,0,0,0,,0,,,,,361093.396,5023716.544,45.35113509,-75.78156789,3292
17--13043,12/10/2017,Unknown,SPRINGCREEK CRES btwn STONEMEADOW DR & REDSTONE LANE (__3ZA4WX),__3ZA4WX,01 - Non intersection,03 - P.D. only,06 - SMV unattended vehicle,01 - Clear,00 - Unknown,01 - Dry,10 - No control,,1,0,0,0,,0,,,,,356161.9554,5016868.792,45.28989665,-75.84521013,3293
17--13044,12/10/2017,Unknown,SOMERSET ST    W btwn ELGIN ST & CARTIER ST (__3ZA9U2),__3ZA9U2,04 - At/near private drive,03 - P.D. only,06 - SMV unattended vehicle,01 - Clear,00 - Unknown,01 - Dry,10 - No control,,1,0,0,0,,0,,,,,368233.5258,5031239.432,45.41821442,-75.68948544,3294
17--13045,12/10/2017,12:05 AM,HIGHWAY 417 btwn HWY417 IC112 RAMP66 & HWY417 IC112 RAMP56 (__3ZA283),__3ZA283,01 - Non intersection,03 - P.D. only,04 - Sideswipe,03 - Snow,07 - Dark,03 - Loose snow,10 - No control,,2,0,0,0,,0,,,,,374351.9617,5030956.143,45.41508407,-75.61135686,3295
17--13046,12/10/2017,12:16 AM,EAGLESON RD @ MICHAEL COWPLAND DR/STONEHAVEN D (0003544),3544,02 - Intersection related,03 - P.D. only,99 - Other,03 - Snow,07 - Dark,03 - Loose snow,01 - Traffic signal,01 - Functioning,2,0,0,0,,0,,,,,354382.7899,5016623.158,45.28781416,-75.86791503,3296
17--13047,12/10/2017,12:21 PM,BANK ST @ WALKLEY RD (0011423),11423,03 - At intersection,03 - P.D. only,02 - Angle,01 - Clear,01 - Daylight,02 - Wet,01 - Traffic signal,01 - Functioning,2,0,0,0,,0,,,,,370338.1865,5025947.735,45.37040765,-75.66329916,3297
17--13048,12/10/2017,12:29 AM,BOOTH ST btwn MIDDLE ST & VIMY PLACE PRIV (__5VHJ3U),__5VHJ3U,01 - Non intersection,02 - Non-fatal injury,01 - Approaching,03 - Snow,07 - Dark,05 - Packed snow,10 - No control,,2,0,0,0,02 - Minor,1,,1,,,366141.7865,5031251.778,45.41851202,-75.7162083,3298
17--13049,12/10/2017,2:30 AM,COBOURG ST btwn THORBURN PRIV & RIDEAU ST (__3ZAZIR),__3ZAZIR,01 - Non intersection,03 - P.D. only,06 - SMV unattended vehicle,03 - Snow,07 - Dark,03 - Loose snow,10 - No control,,1,0,0,0,,0,,,,,369126.36,5032791.151,45.43209469,-75.67787588,3299
17--1305,2/1/2017,6:38 AM,RIVERSIDE DR @ SMYTH RD SOUTH SIDE RAMP (0011480),11480,02 - Intersection related,03 - P.D. only,07 - SMV other,03 - Snow,03 - Dawn,03 - Loose snow,01 - Traffic signal,01 - Functioning,1,0,0,0,,0,,,,,369788.1105,5028998.645,45.39790997,-75.66991936,3300
17--12691,12/2/2017,10:45 AM,ORCHARDVIEW AVE @ GARDENWAY DR (0012937),12937,03 - At intersection,03 - P.D. only,02 - Angle,01 - Clear,01 - Daylight,01 - Dry,02 - Stop sign,01 - Functioning,2,0,0,0,,0,,,,,384735.3631,5036806.834,45.46661422,-75.47776107,3301
17--12692,12/2/2017,11:00 AM,CHAMPLAIN BRIDGE/ISLAND PARK DR btwn BATE ISLAND & PROVINCIAL BOUNDARY (__3ZA2ZEA),__3ZA2ZEA,01 - Non intersection,03 - P.D. only,04 - Sideswipe,01 - Clear,01 - Daylight,01 - Dry,10 - No control,,2,0,0,0,,0,,,,,362756.3212,5030246.86,45.40975858,-75.75958035,3302
17--12693,12/2/2017,11:21 PM,REGIONAL ROAD 174 EB btwn HWY417 IC113 RAMP65 & OR174 BLAIR IC112 RAMP51 (__3ZAZFJ),__3ZAZFJ,01 - Non intersection,03 - P.D. only,04 - Sideswipe,01 - Clear,07 - Dark,01 - Dry,10 - No control,,2,0,0,0,,0,,,,,374746.1025,5032777.528,45.43143263,-75.60606304,3303
17--12694,12/2/2017,Unknown,WEST HUNT CLUB RD @ WOODROFFE AVE (0000576),576,02 - Intersection related,03 - P.D. only,04 - Sideswipe,01 - Clear,00 - Unknown,01 - Dry,01 - Traffic signal,01 - Functioning,2,0,0,0,,0,,,,,363671.6943,5021245.82,45.32869203,-75.74895969,3304
17--12695,12/2/2017,12:14 PM,WEST HUNT CLUB RD @ WOODROFFE AVE (0000576),576,02 - Intersection related,03 - P.D. only,03 - Rear end,01 - Clear,01 - Daylight,01 - Dry,01 - Traffic signal,00 - Unknown,2,0,0,0,,0,,,,,363671.0255,5021247.158,45.32870412,-75.74896806,3305
17--12696,12/2/2017,2:01 PM,KENT ST btwn MACLAREN ST & GILMOUR ST (__3ZBOE1),__3ZBOE1,01 - Non intersection,03 - P.D. only,06 - SMV unattended vehicle,01 - Clear,01 - Daylight,01 - Dry,10 - No control,,1,0,0,0,,0,,,,,367595.1183,5030707.116,45.4134824,-75.69770964,3306
17--12697,12/2/2017,2:20 AM,COLONEL BY DR @ LEONARD AVE (0006906),6906,02 - Intersection related,02 - Non-fatal injury,03 - Rear end,01 - Clear,07 - Dark,01 - Dry,02 - Stop sign,01 - Functioning,2,0,0,0,02 - Minor,1,,1,,,368226.7077,5028577.558,45.39426434,-75.68991497,3307
17--12698,12/2/2017,2:20 AM,BRASSEUR CRES btwn WINSOME TER & DESTINY PRIV (__6R2LAO),__6R2LAO,01 - Non intersection,03 - P.D. only,06 - SMV unattended vehicle,01 - Clear,07 - Dark,01 - Dry,10 - No control,,1,0,0,0,,0,,,,,386081.5418,5037532.958,45.47299181,-75.46042844,3308
17--12699,12/2/2017,2:44 PM,TERRY FOX DR @ PALLADIUM DR/KATIMAVIK RD (0011858),11858,02 - Intersection related,03 - P.D. only,03 - Rear end,01 - Clear,01 - Daylight,01 - Dry,01 - Traffic signal,01 - Functioning,2,0,0,0,,0,,,,,351269.718,5018182.492,45.3020582,-75.90745238,3309
17--127,1/4/2017,3:23 PM,WELLINGTON ST @ PINHEY ST (0006513),6513,02 - Intersection related,03 - P.D. only,06 - SMV unattended vehicle,01 - Clear,01 - Daylight,04 - Slush,02 - Stop sign,00 - Unknown,1,0,0,0,,0,,,,,365454.7245,5029546.677,45.40322985,-75.7251962,3310
17--1270,1/31/2017,8:44 AM,MERIVALE RD/LOTTA AVE @ CLYDE AVE (0001112),1112,02 - Intersection related,03 - P.D. only,03 - Rear end,01 - Clear,01 - Daylight,01 - Dry,01 - Traffic signal,01 - Functioning,3,0,0,0,,0,,,,,364521.6983,5024506.979,45.35796375,-75.73772323,3311