Anom_ID,Accident_Date,Accident_Time,Location,Geo_ID,Accident_Location,Classification_of_Accident,Initial_Impact_Type,Environment_Condition,Light,Road_Surface_Condition,Traffic_Control,Traffic_Control_Condition,No__of_Vehicles,No__of_Bicycles,No__of_Motorcycles,No__of_Pedestrians,Max_Injury,No__of_Injuries,No__of_Minimal,No__of_Minor,No__of_Major,No__of_Fatal,X,Y,Latitude,Longitude,ObjectId
17--12700,12/2/2017,3:30 PM,REGIONAL ROAD 174 btwn OR174 IC109 RAMP54 & OR174 IC109 RAMP55 (__3ZA28X),__3ZA28X,01 - Non intersection,03 - P.D. only,99 - Other,01 - Clear,01 - Daylight,01 - Dry,10 - No control,,2,0,0,0,,0,,,,,376425.7305,5034880.999,45.45018834,-75.58429338,3312
17--12701,12/2/2017,3:37 PM,CLARIDGE DR btwn TOTTERIDGE AVE & FAIRLOP WAY (__4O3JXF),__4O3JXF,04 - At/near private drive,03 - P.D. only,06 - SMV unattended vehicle,01 - Clear,01 - Daylight,01 - Dry,10 - No control,,1,0,0,0,,0,,,,,364577.7504,5016242.542,45.28359622,-75.73800536,3313
17--12702,12/2/2017,4:08 PM,BOOTH ST @ SIR JOHN A. MACDONALD PKWY/WELLINGTON ST (0012252),12252,02 - Intersection related,03 - P.D. only,03 - Rear end,01 - Clear,05 - Dusk,01 - Dry,01 - Traffic signal,01 - Functioning,2,0,0,0,,0,,,,,366264.5915,5031007.357,45.41630201,-75.7146698,3314
17--12703,12/2/2017,4:30 PM,PLACE D'ORLEANS DR W @ ST. JOSEPH BLVD (0008776),8776,02 - Intersection related,03 - P.D. only,03 - Rear end,01 - Clear,05 - Dusk,01 - Dry,01 - Traffic signal,01 - Functioning,2,0,0,0,,0,,,,,381600.9777,5037682.527,45.47484463,-75.51770168,3315
17--12704,12/2/2017,5:11 PM,FALLOWFIELD RD @ WOODROFFE AVE (0010372),10372,02 - Intersection related,03 - P.D. only,03 - Rear end,01 - Clear,07 - Dark,01 - Dry,01 - Traffic signal,01 - Functioning,2,0,0,0,,0,,,,,365085.4845,5017904.528,45.29850734,-75.7313318,3316
17--12705,12/2/2017,5:37 PM,INDUSTRIAL AVE btwn NEIGHBORHOOD WAY & TRAINYARDS DR (__6N4VKM),__6N4VKM,04 - At/near private drive,03 - P.D. only,02 - Angle,01 - Clear,07 - Dark,01 - Dry,10 - No control,,2,0,0,0,,0,,,,,371308.2905,5030543.912,45.4116709,-75.65029609,3317
17--12706,12/2/2017,6:13 PM,ST. JOSEPH BLVD @ TENTH LINE RD (0009163),9163,02 - Intersection related,03 - P.D. only,03 - Rear end,01 - Clear,07 - Dark,01 - Dry,01 - Traffic signal,01 - Functioning,2,0,0,0,,0,,,,,382890.0577,5038665.425,45.4835449,-75.50106035,3318
17--12707,12/2/2017,6:19 PM,MARCH RD @ TERRY FOX DR (0003173),3173,02 - Intersection related,03 - P.D. only,04 - Sideswipe,01 - Clear,07 - Dark,01 - Dry,01 - Traffic signal,01 - Functioning,2,0,0,0,,0,,,,,349864.6086,5023400.219,45.3491002,-75.92489349,3319
17--12708,12/2/2017,6:27 PM,RIDEAU ST btwn CUMBERLAND ST & KING EDWARD AVE (__3ZBOFX),__3ZBOFX,01 - Non intersection,03 - P.D. only,04 - Sideswipe,01 - Clear,07 - Dark,01 - Dry,10 - No control,,2,0,0,0,,0,,,,,368398.9257,5032344.021,45.42813811,-75.68722967,3320
17--12709,12/2/2017,6:40 PM,CASTLEFRANK RD @ WINCHESTER DR (0003918),3918,02 - Intersection related,03 - P.D. only,03 - Rear end,01 - Clear,07 - Dark,01 - Dry,02 - Stop sign,01 - Functioning,2,0,0,0,,0,,,,,352862.7724,5017418.893,45.29507997,-75.88721409,3321
17--1271,1/31/2017,8:50 PM,VARLEY DR btwn BEAVERBROOK RD & MILNE CRES (__3ZABAC),__3ZABAC,04 - At/near private drive,02 - Non-fatal injury,06 - SMV unattended vehicle,01 - Clear,07 - Dark,01 - Dry,10 - No control,,1,0,0,0,01 - Minimal,1,1,,,,351433.9757,5021087.461,45.32818693,-75.90508455,3322
17--12710,12/2/2017,7:13 PM,BANK ST @ CATHERINE ST (0002708),2708,03 - At intersection,03 - P.D. only,05 - Turning movement,01 - Clear,07 - Dark,01 - Dry,01 - Traffic signal,01 - Functioning,2,1,0,0,,0,,,,,368039.371,5030269.579,45.40950557,-75.69209042,3323
17--12711,12/2/2017,7:54 AM,HIGHWAY 417 btwn HWY417 IC104 RAMP16 & HWY417 IC104 RAMP61 (__3ZA2W6),__3ZA2W6,01 - Non intersection,03 - P.D. only,07 - SMV other,01 - Clear,01 - Daylight,01 - Dry,10 - No control,,1,0,0,0,,0,,,,,380162.6729,5025922.754,45.36919531,-75.53789415,3324
17--12712,12/2/2017,9:11 PM,CARLING AVE @ IROQUOIS RD (0003145),3145,03 - At intersection,03 - P.D. only,02 - Angle,01 - Clear,07 - Dark,01 - Dry,01 - Traffic signal,01 - Functioning,2,0,0,0,,0,,,,,362212.0138,5026026.199,45.37182649,-75.76702463,3325
17--12713,12/2/2017,9:48 AM,ALBION RD @ MITCH OWENS RD (0004212),4212,03 - At intersection,02 - Non-fatal injury,05 - Turning movement,01 - Clear,01 - Daylight,01 - Dry,01 - Traffic signal,01 - Functioning,2,0,0,0,01 - Minimal,1,1,,,,375907.232,5014805.166,45.26960846,-75.59380959,3326
17--12714,12/3/2017,1:05 PM,CASTLEFRANK RD @ TERRY FOX DR (0011757),11757,02 - Intersection related,03 - P.D. only,03 - Rear end,01 - Clear,01 - Daylight,01 - Dry,01 - Traffic signal,01 - Functioning,2,0,0,0,,0,,,,,352993.0057,5016305.477,45.28505225,-75.88566192,3327
17--12715,12/3/2017,1:14 AM,WOODROFFE AVE btwn NAVAHO DR & Continuation of WOODROFFE AVE (__3ZBOCC),__3ZBOCC,01 - Non intersection,03 - P.D. only,03 - Rear end,01 - Clear,07 - Dark,01 - Dry,10 - No control,,2,0,0,0,,0,,,,,362715.7094,5023474.103,45.34882152,-75.76089357,3328
17--12716,12/3/2017,1:52 PM,ALBERT ST btwn BRONSON AVE & BAY ST (__3ZA339),__3ZA339,01 - Non intersection,03 - P.D. only,04 - Sideswipe,01 - Clear,01 - Daylight,01 - Dry,10 - No control,,2,0,0,0,,0,,,,,366904.2339,5031117.5,45.41723657,-75.70648402,3329
17--12717,12/3/2017,11:15 AM,FRANK ST btwn ELGIN ST & CARTIER ST (__3ZA9TD),__3ZA9TD,01 - Non intersection,03 - P.D. only,06 - SMV unattended vehicle,01 - Clear,01 - Daylight,01 - Dry,10 - No control,,1,0,0,0,,0,,,,,368367.4101,5030893.923,45.4150935,-75.68781949,3330
17--12718,12/3/2017,11:52 AM,TERRY FOX DR btwn COPE DR & TRANS CANADA TRAIL (__355BDZB),__355BDZB,01 - Non intersection,03 - P.D. only,03 - Rear end,01 - Clear,01 - Daylight,01 - Dry,10 - No control,,4,0,0,0,,0,,,,,353430.1425,5015787.214,45.28035868,-75.88014065,3331
17--12719,12/3/2017,Unknown,LOIRE DR btwn BOYER RD & TOURS PL (__3ZA6EQ),__3ZA6EQ,01 - Non intersection,03 - P.D. only,06 - SMV unattended vehicle,01 - Clear,07 - Dark,01 - Dry,10 - No control,,1,0,0,0,,0,,,,,380696.2965,5036401.036,45.46341373,-75.52946894,3332
17--1272,1/31/2017,9:01 AM,HOLLAND AVE/TUNNEY'S PASTURE @ SCOTT ST (0006494),6494,02 - Intersection related,03 - P.D. only,07 - SMV other,01 - Clear,01 - Daylight,06 - Ice,01 - Traffic signal,01 - Functioning,1,0,0,0,,0,,,,,364737.9929,5029593.444,45.40371238,-75.73434522,3333
17--12720,12/3/2017,Unknown,ELGIN ST btwn MACLAREN ST & GILMOUR ST (__3ZA34X),__3ZA34X,01 - Non intersection,03 - P.D. only,06 - SMV unattended vehicle,01 - Clear,00 - Unknown,01 - Dry,10 - No control,,1,0,0,0,,0,,,,,368233.6465,5031085.347,45.416828,-75.68950373,3334
17--12721,12/3/2017,12:52 AM,"OLD MONTREAL RD btwn GRAND-CH-NE, COUR DU CRT & TED KELLY LANE (__3ZA24E)",__3ZA24E,01 - Non intersection,03 - P.D. only,07 - SMV other,03 - Snow,07 - Dark,02 - Wet,10 - No control,,1,0,0,0,,0,,,,,386333.2955,5040850.684,45.50281191,-75.45665812,3335
17--12722,12/3/2017,2:00 PM,ELGIN ST btwn COOPER ST & SOMERSET ST W (__3ZA346),__3ZA346,01 - Non intersection,03 - P.D. only,06 - SMV unattended vehicle,01 - Clear,01 - Daylight,01 - Dry,10 - No control,,1,0,0,0,,0,,,,,368139.8261,5031238.737,45.41821666,-75.69068264,3336
17--12723,12/3/2017,4:05 PM,HIGHWAY 417 btwn HWY417 IC138 RAMP26 & HWY417 IC138 RAMP61 (__3ZA20H),__3ZA20H,01 - Non intersection,03 - P.D. only,03 - Rear end,01 - Clear,05 - Dusk,01 - Dry,10 - No control,,2,0,0,0,,0,,,,,353117.228,5020349.454,45.32143234,-75.88368433,3337
17--12724,12/3/2017,4:31 AM,HUNT CLUB RD @ RIVERSIDE DR (0002237),2237,03 - At intersection,03 - P.D. only,02 - Angle,01 - Clear,07 - Dark,01 - Dry,01 - Traffic signal,01 - Functioning,2,0,0,0,,0,,,,,368037.6498,5021945.735,45.33460992,-75.69317809,3338
17--12725,12/3/2017,5:20 AM,LAURIER AVE @ NELSON ST (0008234),8234,02 - Intersection related,03 - P.D. only,03 - Rear end,01 - Clear,07 - Dark,01 - Dry,01 - Traffic signal,01 - Functioning,2,0,0,0,,0,,,,,368876.5783,5032118.872,45.42606871,-75.68115536,3339
17--12726,12/3/2017,5:25 PM,ELGIN ST @ QUEEN ST (0007144),7144,02 - Intersection related,03 - P.D. only,07 - SMV other,01 - Clear,07 - Dark,01 - Dry,01 - Traffic signal,01 - Functioning,1,0,0,0,,0,,,,,367804.3681,5031778.909,45.42310723,-75.69489942,3340
17--12727,12/3/2017,5:51 AM,HWY417 IC118 RAMP35 btwn HWY417 IC118 RAMP45 & MANN AVE OVERPASS (__3ZAYAW),__3ZAYAW,01 - Non intersection,03 - P.D. only,07 - SMV other,01 - Clear,07 - Dark,01 - Dry,10 - No control,,1,0,0,0,,0,,,,,369491.7125,5030914.517,45.41517575,-75.67345342,3341
17--12728,12/3/2017,6:05 PM,BANK ST @ JOHNSTON RD (0006967),6967,03 - At intersection,02 - Non-fatal injury,05 - Turning movement,01 - Clear,07 - Dark,01 - Dry,01 - Traffic signal,01 - Functioning,2,0,0,0,02 - Minor,2,,2,,,370852.1815,5024839.753,45.36039014,-75.65688601,3342
17--12729,12/3/2017,6:17 AM,SABLE RUN DR @ WEST RIDGE DR (0005562),5562,02 - Intersection related,03 - P.D. only,07 - SMV other,01 - Clear,07 - Dark,01 - Dry,02 - Stop sign,01 - Functioning,1,0,0,0,,0,,,,,349083.3773,5013219.203,45.25753804,-75.93577243,3343
17--1273,1/31/2017,9:15 AM,MOODIE DR @ ROBERTSON RD (0010545),10545,02 - Intersection related,02 - Non-fatal injury,03 - Rear end,01 - Clear,01 - Daylight,06 - Ice,01 - Traffic signal,01 - Functioning,2,0,0,0,01 - Minimal,1,1,,,,357066.6521,5020455.478,45.32210342,-75.83329913,3344
17--12730,12/3/2017,7:55 PM,HIGHWAY 417 btwn HWY 417 ANDERSON IC104R61 & HWY 417 BOUNDARY IC96R16 (__3ZA2W5),__3ZA2W5,01 - Non intersection,02 - Non-fatal injury,03 - Rear end,01 - Clear,07 - Dark,01 - Dry,10 - No control,,3,0,0,0,02 - Minor,2,1,1,,,384987.5669,5024979.672,45.36017479,-75.47646052,3345
17--12731,12/3/2017,8:27 AM,BANK ST @ RIVERSIDE DR N (0010778),10778,03 - At intersection,02 - Non-fatal injury,02 - Angle,01 - Clear,01 - Daylight,01 - Dry,01 - Traffic signal,01 - Functioning,2,0,0,0,02 - Minor,2,,2,,,369226.0504,5027983.546,45.38882838,-75.67723025,3346
17--12732,12/3/2017,9:41 AM,FISHER AVE @ MEADOWLANDS DR (0002120),2120,03 - At intersection,03 - P.D. only,05 - Turning movement,01 - Clear,01 - Daylight,01 - Dry,01 - Traffic signal,01 - Functioning,2,0,0,0,,0,,,,,366574.7305,5025046.784,45.36264292,-75.71145369,3347
17--12733,12/3/2017,9:50 PM,MARCH RD btwn JACOB'S GT & BEARHILL RD (__3ZA2Q0),__3ZA2Q0,01 - Non intersection,03 - P.D. only,07 - SMV other,01 - Clear,07 - Dark,01 - Dry,10 - No control,,1,0,0,0,,0,,,,,337777.5616,5017681.127,45.29830963,-76.07952216,3348
17--12734,12/4/2017,1:33 PM,STITTSVILLE MAIN ST @ HAZELDEAN RD (0000050),50,03 - At intersection,03 - P.D. only,02 - Angle,01 - Clear,01 - Daylight,01 - Dry,01 - Traffic signal,01 - Functioning,3,0,0,0,,0,,,,,349558.7326,5014878.717,45.27244086,-75.92956655,3349
17--12735,12/4/2017,1:40 PM,CONROY RD @ JOHNSTON RD (0011908),11908,03 - At intersection,03 - P.D. only,05 - Turning movement,01 - Clear,01 - Daylight,01 - Dry,01 - Traffic signal,01 - Functioning,2,0,0,0,,0,,,,,373397.1416,5026309.129,45.37336659,-75.62420096,3350
17--12736,12/4/2017,10:00 PM,HIGHWAY 416 btwn HWY416 IC42 RAMP43 & END (__3ZAZJE),__3ZAZJE,01 - Non intersection,03 - P.D. only,07 - SMV other,01 - Clear,07 - Dark,01 - Dry,10 - No control,,1,0,0,0,,0,,,,,372477.0804,4994045.79,45.08315552,-75.64033369,3351
17--12737,12/4/2017,10:24 AM,COLONEL BY DR/SUSSEX DR @ RIDEAU ST (0007647),7647,03 - At intersection,03 - P.D. only,04 - Sideswipe,01 - Clear,01 - Daylight,01 - Dry,01 - Traffic signal,01 - Functioning,2,0,0,0,,0,,,,,367922.0312,5032045.252,45.42549309,-75.69336188,3352
17--12738,12/4/2017,10:41 AM,BROWNLEE RD btwn SHEA RD & EAGLESON RD (__3ZACH7),__3ZACH7,01 - Non intersection,03 - P.D. only,07 - SMV other,01 - Clear,01 - Daylight,02 - Wet,10 - No control,,1,0,0,0,,0,,,,,355860.8763,5009017.939,45.21927471,-75.84985481,3353
17--12739,12/4/2017,11:56 AM,WOODROFFE AVE/HWY 417 WOODROFF IC127R25 @ HWY  (0002348),2348,02 - Intersection related,03 - P.D. only,03 - Rear end,01 - Clear,01 - Daylight,01 - Dry,01 - Traffic signal,00 - Unknown,2,0,0,0,,0,,,,,362180.2017,5024695.021,45.35985127,-75.76758533,3354
17--1274,1/31/2017,9:30 AM,GARFIELD AVE @ MAITLAND AVE (0002031),2031,02 - Intersection related,03 - P.D. only,03 - Rear end,01 - Clear,01 - Daylight,01 - Dry,01 - Traffic signal,00 - Unknown,2,0,0,0,,0,,,,,363342.6176,5025562.936,45.36756457,-75.75264641,3355
17--12740,12/4/2017,12:00 PM,WEST HUNT CLUB RD @ ROYDON PL/SUNDERLAND ST (0009775),9775,02 - Intersection related,03 - P.D. only,04 - Sideswipe,01 - Clear,01 - Daylight,01 - Dry,01 - Traffic signal,01 - Functioning,2,0,0,0,,0,,,,,365973.3732,5022170.159,45.33681226,-75.71948507,3356
17--12741,12/4/2017,12:07 PM,BASELINE RD @ NAVAHO DR (0003158),3158,02 - Intersection related,02 - Non-fatal injury,03 - Rear end,01 - Clear,01 - Daylight,01 - Dry,01 - Traffic signal,01 - Functioning,2,0,0,0,02 - Minor,1,,1,,,363086.1641,5024096.323,45.35438951,-75.75609297,3357
17--12742,12/4/2017,12:13 PM,BRONSON AVE @ BRONSON AVE NB ON RAMP 42 (0011234),11234,02 - Intersection related,03 - P.D. only,03 - Rear end,01 - Clear,01 - Daylight,01 - Dry,03 - Yield sign,01 - Functioning,2,0,0,0,,0,,,,,367753.3169,5028446.096,45.3931242,-75.69597729,3358
17--12743,12/4/2017,2:17 PM,FISHER AVE @ MEADOWLANDS DR (0002120),2120,02 - Intersection related,03 - P.D. only,03 - Rear end,03 - Snow,01 - Daylight,02 - Wet,01 - Traffic signal,01 - Functioning,2,0,0,0,,0,,,,,366575.3994,5025044.777,45.36262481,-75.7114454,3359
17--12744,12/4/2017,2:18 PM,QUEEN ST btwn LYON ST N & KENT ST (__3ZA2FS),__3ZA2FS,01 - Non intersection,02 - Non-fatal injury,07 - SMV other,01 - Clear,01 - Daylight,01 - Dry,10 - No control,,1,0,0,1,02 - Minor,1,,1,,,367104.7252,5031339.432,45.41921562,-75.7038945,3360
17--12745,12/4/2017,2:25 PM,HIGHWAY 417 btwn HWY417 IC139 RAMP15 & HWY417 IC138 RAMP51 (__3ZA2QR),__3ZA2QR,01 - Non intersection,02 - Non-fatal injury,03 - Rear end,01 - Clear,01 - Daylight,01 - Dry,10 - No control,,2,0,0,0,02 - Minor,1,,1,,,352227.1199,5019643.741,45.31514288,-75.89510513,3361
17--12746,12/4/2017,2:35 PM,HIGHWAY 417 btwn HWY417 IC139 RAMP15 & HWY417 IC138 RAMP51 (__3ZA2QR),__3ZA2QR,01 - Non intersection,03 - P.D. only,03 - Rear end,01 - Clear,01 - Daylight,01 - Dry,10 - No control,,2,0,0,0,,0,,,,,352158.3281,5019580.241,45.31457614,-75.89598854,3362
17--12747,12/4/2017,3:03 PM,BANK ST @ KINGSDALE AVE (0009261),9261,03 - At intersection,03 - P.D. only,02 - Angle,01 - Clear,01 - Daylight,01 - Dry,02 - Stop sign,01 - Functioning,3,0,0,0,,0,,,,,373270.4159,5023501.188,45.34811424,-75.62620772,3363
17--12748,12/4/2017,3:18 PM,ARNOT RD @ DYNES RD (0002904),2904,03 - At intersection,02 - Non-fatal injury,06 - SMV unattended vehicle,01 - Clear,01 - Daylight,01 - Dry,02 - Stop sign,01 - Functioning,1,0,0,1,03 - Major,2,1,,1,,366596.377,5025576.198,45.36740457,-75.71111119,3364
17--12749,12/4/2017,3:45 PM,CENTENNIAL BLVD @ MAIN ST (0007246),7246,03 - At intersection,03 - P.D. only,02 - Angle,01 - Clear,01 - Daylight,01 - Dry,02 - Stop sign,01 - Functioning,2,0,0,0,,0,,,,,369479.7164,5029414.553,45.40168072,-75.67380347,3365
17--1275,1/31/2017,9:45 PM,BASELINE RD @ NAVAHO DR (0003158),3158,02 - Intersection related,03 - P.D. only,99 - Other,01 - Clear,07 - Dark,01 - Dry,01 - Traffic signal,01 - Functioning,2,0,0,0,,0,,,,,363086.2334,5024096.149,45.35438794,-75.75609211,3366
17--12750,12/4/2017,4:28 PM,CARP RD btwn MARCH RD & JOHN CAVANAUGH DR (__3ZA3FZ),__3ZA3FZ,01 - Non intersection,03 - P.D. only,03 - Rear end,01 - Clear,05 - Dusk,01 - Dry,10 - No control,,2,0,0,0,,0,,,,,342712.1963,5021129.269,45.32908847,-76.01634173,3367
17--12751,12/4/2017,4:47 PM,BANK ST @ WALKLEY RD (0011423),11423,02 - Intersection related,02 - Non-fatal injury,07 - SMV other,01 - Clear,05 - Dusk,01 - Dry,01 - Traffic signal,01 - Functioning,1,0,0,1,03 - Major,1,,,1,,370338.8553,5025948.404,45.37041361,-75.66329054,3368
17--12752,12/4/2017,4:56 PM,ALBERT ST @ METCALFE ST (0002117),2117,03 - At intersection,02 - Non-fatal injury,07 - SMV other,01 - Clear,05 - Dusk,01 - Dry,01 - Traffic signal,01 - Functioning,1,0,0,1,02 - Minor,1,,1,,,367691.3661,5031613.582,45.42162984,-75.69636437,3369
17--12753,12/4/2017,5:07 PM,HIGHWAY 417 btwn HWY417 IC119A RAMP75 & HWY417 IC118 RAMP57 (__3ZA2R2),__3ZA2R2,01 - Non intersection,03 - P.D. only,03 - Rear end,01 - Clear,07 - Dark,01 - Dry,10 - No control,,2,0,0,0,,0,,,,,368647.7348,5030540.702,45.41188981,-75.68428399,3370
17--12754,12/4/2017,5:11 PM,CONROY RD @ THURSTON DR (0011389),11389,02 - Intersection related,02 - Non-fatal injury,03 - Rear end,01 - Clear,07 - Dark,01 - Dry,01 - Traffic signal,01 - Functioning,2,0,0,0,02 - Minor,1,,1,,,373205.5338,5026797.423,45.37777879,-75.62657935,3371
17--12755,12/4/2017,5:11 PM,SHEFFIELD RD @ WALKLEY RD (0005156),5156,02 - Intersection related,03 - P.D. only,03 - Rear end,01 - Clear,07 - Dark,01 - Dry,01 - Traffic signal,01 - Functioning,2,0,0,0,,0,,,,,375257.4007,5028783.201,45.3954425,-75.60010027,3372
17--12756,12/4/2017,5:15 PM,HIGHWAY 417 btwn HWY417 IC122 RAMP16 & HWY417 IC122 RAMP61 (__3ZA2RA),__3ZA2RA,01 - Non intersection,03 - P.D. only,03 - Rear end,01 - Clear,07 - Dark,01 - Dry,10 - No control,,3,0,0,0,,0,,,,,365261.4847,5028844.825,45.39693146,-75.72775046,3373
17--12757,12/4/2017,5:17 PM,FLEWELLYN RD btwn DWYER HILL RD & MUNSTER RD (__3ZAC6O),__3ZAC6O,01 - Non intersection,03 - P.D. only,07 - SMV other,01 - Clear,07 - Dark,02 - Wet,10 - No control,,1,0,0,0,,0,,,,,344583.9405,5004674.802,45.18091983,-75.99378143,3374
17--12758,12/4/2017,5:23 PM,MAITLAND AVE/GLENMOUNT AVE @ ERINDALE DR (0002724),2724,02 - Intersection related,02 - Non-fatal injury,03 - Rear end,01 - Clear,07 - Dark,01 - Dry,01 - Traffic signal,01 - Functioning,2,0,0,0,01 - Minimal,2,2,,,,363697.8916,5025212.486,45.3643815,-75.74815316,3375
17--12759,12/4/2017,5:25 PM,BANK ST btwn VANCOUVER AVE & FOXBAR AVE (__3ZA4TT),__3ZA4TT,04 - At/near private drive,03 - P.D. only,05 - Turning movement,01 - Clear,07 - Dark,01 - Dry,10 - No control,,2,0,0,0,,0,,,,,370459.3842,5025652.99,45.36774429,-75.66179122,3376
17--1276,2/1/2017,1:36 PM,MURRAY ST @ PARENT AVE (0008231),8231,03 - At intersection,02 - Non-fatal injury,07 - SMV other,01 - Clear,01 - Daylight,02 - Wet,01 - Traffic signal,01 - Functioning,1,0,0,1,02 - Minor,1,,1,,,367862.7047,5032489.411,45.42949483,-75.69406307,3377
17--12760,12/4/2017,5:35 AM,LOLA ST @ KING GEORGE ST (0007958),7958,03 - At intersection,03 - P.D. only,02 - Angle,01 - Clear,07 - Dark,01 - Dry,03 - Yield sign,01 - Functioning,2,0,0,0,,0,,,,,371122.7208,5032113.904,45.42581464,-75.65245533,3378
17--12761,12/4/2017,5:45 PM,HIGHWAY 417 btwn HWY417 IC121B RAMP51 & HWY417 IC121A RAMP51 (__3ZA2YW),__3ZA2YW,01 - Non intersection,03 - P.D. only,03 - Rear end,01 - Clear,07 - Dark,01 - Dry,10 - No control,,2,0,0,0,,0,,,,,367024.2483,5029647.467,45.40399898,-75.70513629,3379
17--12762,12/4/2017,6:15 PM,TERRY FOX DR btwn HUNTSVILLE DR & OLD SECOND LINE RD (__8IAYIU),__8IAYIU,01 - Non intersection,03 - P.D. only,07 - SMV other,01 - Clear,07 - Dark,01 - Dry,10 - No control,,1,0,0,0,,0,,,,,347941.192,5020431.128,45.32250444,-75.94969746,3380
17--12763,12/4/2017,6:21 PM,PRINCE OF WALES DR btwn FISHER AVE & NE/OT BOUNDARY (__3ZA2TZ),__3ZA2TZ,04 - At/near private drive,03 - P.D. only,04 - Sideswipe,01 - Clear,07 - Dark,01 - Dry,10 - No control,,2,0,0,0,,0,,,,,367163.377,5023994.016,45.35311822,-75.70407324,3381
17--12764,12/4/2017,6:52 AM,SMYTH RD @ RIVERSIDE HOSPITAL (0009069),9069,02 - Intersection related,03 - P.D. only,05 - Turning movement,01 - Clear,03 - Dawn,01 - Dry,01 - Traffic signal,01 - Functioning,2,0,0,0,,0,,,,,369988.2145,5029119.471,45.39897852,-75.66734778,3382
17--12765,12/4/2017,7:15 PM,QUEEN ELIZABETH DRWY btwn ARGYLE AVE & MCLEOD ST (__3ZA219),__3ZA219,04 - At/near private drive,03 - P.D. only,07 - SMV other,01 - Clear,07 - Dark,01 - Dry,10 - No control,,1,0,0,0,,0,,,,,368728.6169,5030857.633,45.41473406,-75.68320964,3383
17--12766,12/4/2017,7:27 PM,TERRY FOX DR btwn HUNTSVILLE DR & OLD SECOND LINE RD (__8IAYIU),__8IAYIU,01 - Non intersection,03 - P.D. only,03 - Rear end,01 - Clear,07 - Dark,01 - Dry,10 - No control,,2,0,0,0,,0,,,,,347882.937,5020747.441,45.3253543,-75.950413,3384
17--12767,12/4/2017,7:29 PM,MCARTHUR AVE @ VANIER PKWY (0004626),4626,02 - Intersection related,02 - Non-fatal injury,03 - Rear end,01 - Clear,07 - Dark,01 - Dry,01 - Traffic signal,01 - Functioning,2,0,0,0,02 - Minor,1,,1,,,370218.1955,5032691.605,45.43109774,-75.66393636,3385
17--12768,12/4/2017,8:10 AM,CARP RD @ THOMAS A. DOLAN PKWY (0002118),2118,03 - At intersection,02 - Non-fatal injury,02 - Angle,01 - Clear,01 - Daylight,02 - Wet,02 - Stop sign,01 - Functioning,2,0,0,0,01 - Minimal,1,1,,,,336459.8726,5025992.327,45.37315834,-76.09579111,3386
17--12769,12/4/2017,8:29 AM,GREENBANK RD @ IRIS ST/HWY 417 IC129 RAMP51 (0009073),9073,02 - Intersection related,03 - P.D. only,04 - Sideswipe,01 - Clear,01 - Daylight,01 - Dry,01 - Traffic signal,01 - Functioning,2,0,0,0,,0,,,,,360531.6435,5023313.163,45.34755034,-75.78878204,3387
17--1277,2/1/2017,1:36 PM,INNES RD @ PAGE RD (0012476),12476,02 - Intersection related,03 - P.D. only,03 - Rear end,01 - Clear,01 - Daylight,02 - Wet,01 - Traffic signal,01 - Functioning,2,0,0,0,,0,,,,,380888.2955,5034541.647,45.44666353,-75.52730177,3388
17--12770,12/4/2017,8:40 PM,WOODROFFE AVE @ SPORTSPLEX N (0005568),5568,02 - Intersection related,03 - P.D. only,02 - Angle,01 - Clear,07 - Dark,01 - Dry,01 - Traffic signal,00 - Unknown,2,0,0,0,,0,,,,,363763.9968,5021068.572,45.32708941,-75.74780338,3389
17--12771,12/4/2017,8:54 AM,WOODROFFE AVE btwn CARLING AVE & FOX CRES (__3ZA4NI),__3ZA4NI,01 - Non intersection,03 - P.D. only,03 - Rear end,01 - Clear,01 - Daylight,01 - Dry,10 - No control,,2,0,0,0,,0,,,,,361785.4094,5025678.691,45.36873446,-75.7725107,3390
17--12772,12/4/2017,9:25 AM,MAITLAND AVE/GLENMOUNT AVE @ ERINDALE DR (0002724),2724,02 - Intersection related,03 - P.D. only,03 - Rear end,01 - Clear,01 - Daylight,01 - Dry,01 - Traffic signal,01 - Functioning,2,0,0,0,,0,,,,,363698.6945,5025210.176,45.36436065,-75.74814318,3391
17--12773,12/4/2017,9:30 PM,CARLING AVE @ KIRKWOOD AVE S (0002209),2209,02 - Intersection related,03 - P.D. only,04 - Sideswipe,02 - Rain,07 - Dark,02 - Wet,01 - Traffic signal,00 - Unknown,2,0,0,0,,0,,,,,364351.7005,5027337.312,45.38344511,-75.73955165,3392
17--12774,12/5/2017,1:03 PM,HAZELDEAN RD btwn RAMP & RAMP (__7JQ7J3),__7JQ7J3,01 - Non intersection,03 - P.D. only,01 - Approaching,02 - Rain,01 - Daylight,02 - Wet,10 - No control,,2,0,0,0,,0,,,,,346868.3081,5012393.564,45.25024452,-75.96406389,3393
17--12775,12/5/2017,1:44 PM,DWYER HILL RD @ FLOOD RD (0003572),3572,02 - Intersection related,03 - P.D. only,07 - SMV other,01 - Clear,01 - Daylight,02 - Wet,02 - Stop sign,00 - Unknown,1,0,0,0,,0,,,,,356724.0459,4986389.009,45.01558649,-75.84121233,3394
17--12776,12/5/2017,1:47 PM,MAPLE GROVE RD @ TERRY FOX DR (0003177),3177,02 - Intersection related,03 - P.D. only,03 - Rear end,01 - Clear,01 - Daylight,02 - Wet,01 - Traffic signal,01 - Functioning,2,0,0,0,,0,,,,,351554.6119,5017863.796,45.29917159,-75.90384988,3395