Anom_ID,Accident_Date,Accident_Time,Location,Geo_ID,Accident_Location,Classification_of_Accident,Initial_Impact_Type,Environment_Condition,Light,Road_Surface_Condition,Traffic_Control,Traffic_Control_Condition,No__of_Vehicles,No__of_Bicycles,No__of_Motorcycles,No__of_Pedestrians,Max_Injury,No__of_Injuries,No__of_Minimal,No__of_Minor,No__of_Major,No__of_Fatal,X,Y,Latitude,Longitude,ObjectId
17--12777,12/5/2017,11:15 AM,CARLING AVE @ CROYDON AVE (0002642),2642,02 - Intersection related,03 - P.D. only,04 - Sideswipe,01 - Clear,01 - Daylight,01 - Dry,01 - Traffic signal,00 - Unknown,2,0,0,0,,0,,,,,360658.6835,5025042.567,45.36310136,-75.78696554,3396
17--12778,12/5/2017,11:37 AM,BLAIR RD @ REGIONAL RD 174 S/OR174 IC112 RAMP15 (0012435),12435,02 - Intersection related,03 - P.D. only,03 - Rear end,02 - Rain,01 - Daylight,02 - Wet,01 - Traffic signal,01 - Functioning,2,0,0,0,,0,,,,,374909.0443,5032660.631,45.43036454,-75.60399749,3397
17--12779,12/5/2017,11:38 AM,GREENBANK RD @ 207 S OF BELLMAN DR/GREENBANK S (0004604),4604,03 - At intersection,03 - P.D. only,05 - Turning movement,01 - Clear,01 - Daylight,02 - Wet,01 - Traffic signal,01 - Functioning,2,0,0,0,,0,,,,,361338.0141,5020827.48,45.32511968,-75.77877636,3398
17--1278,2/1/2017,10:15 PM,HIGHWAY 417 btwn HWY417 IC130 RAMP26 & HIGHWAY 417 (__3ZA2UV),__3ZA2UV,01 - Non intersection,03 - P.D. only,03 - Rear end,01 - Clear,07 - Dark,01 - Dry,10 - No control,,2,0,0,0,,0,,,,,359569.195,5023123.604,45.34592051,-75.80108436,3399
17--12780,12/5/2017,12:00 PM,HERZBERG RD @ MARCH RD (0003170),3170,03 - At intersection,03 - P.D. only,02 - Angle,01 - Clear,01 - Daylight,01 - Dry,01 - Traffic signal,01 - Functioning,2,0,0,0,,0,,,,,352322.6189,5021528.488,45.33209577,-75.89370631,3400
17--13320,12/14/2017,10:23 AM,WEST HUNT CLUB RD EB btwn 354 E OF WOODROFFE AVE/REC PATH & CLEOPATRA  (__3ZBOG1B),__3ZBOG1B,01 - Non intersection,03 - P.D. only,04 - Sideswipe,01 - Clear,01 - Daylight,01 - Dry,10 - No control,,2,0,0,0,,0,,,,,365179.5848,5021704.371,45.33268991,-75.72966896,3401
17--13500,12/15/2017,9:55 AM,HIGHWAY 417 btwn HWY417 IC122 RAMP61 & HWY417 IC121B RAMP16 (__3ZA2Y4),__3ZA2Y4,01 - Non intersection,02 - Non-fatal injury,03 - Rear end,01 - Clear,01 - Daylight,02 - Wet,10 - No control,,3,0,0,0,01 - Minimal,1,1,,,,366382.4596,5029474.3,45.40249762,-75.71335546,3402
17--13321,12/14/2017,10:43 AM,ST. JOSEPH BLVD/OLD MONTREAL RD @ TRIM RD (0004118),4118,03 - At intersection,03 - P.D. only,03 - Rear end,01 - Clear,01 - Daylight,02 - Wet,11 - Roundabout,01 - Functioning,2,0,0,0,,0,,,,,384679.1567,5039281.51,45.48888541,-75.47807732,3403
17--13501,12/16/2017,1:00 PM,BEECH ST @ ROCHESTER ST (0002025),2025,03 - At intersection,03 - P.D. only,02 - Angle,01 - Clear,01 - Daylight,05 - Packed snow,02 - Stop sign,01 - Functioning,2,0,0,0,,0,,,,,366857.033,5029342.563,45.40127038,-75.70731049,3404
17--13502,12/16/2017,1:12 AM,GOLDEN ASH LANE @ STAGECOACH RD (0005297),5297,02 - Intersection related,03 - P.D. only,02 - Angle,03 - Snow,07 - Dark,05 - Packed snow,02 - Stop sign,01 - Functioning,2,0,0,0,,0,,,,,375754.751,5013689.309,45.25958373,-75.59591196,3405
17--13503,12/16/2017,1:17 PM,TENTH LINE RD btwn OLD TENTH LINE RD & TOMPKINS AVE (__3ZBPKU),__3ZBPKU,01 - Non intersection,02 - Non-fatal injury,03 - Rear end,01 - Clear,01 - Daylight,02 - Wet,10 - No control,,3,0,0,0,01 - Minimal,2,2,,,,383156.6898,5038073.7,45.47819122,-75.49774448,3406
17--13504,12/16/2017,1:29 AM,CUMMINGS AVE btwn CUMMINGS AVE & THIBAULT ST (__4FNT76),__4FNT76,01 - Non intersection,03 - P.D. only,06 - SMV unattended vehicle,03 - Snow,07 - Dark,03 - Loose snow,10 - No control,,1,0,0,0,,0,,,,,372470.11,5032871.105,45.43249852,-75.63513481,3407
17--13505,12/16/2017,1:40 AM,KENT ST @ MCLEOD ST (0007253),7253,03 - At intersection,02 - Non-fatal injury,02 - Angle,01 - Clear,07 - Dark,02 - Wet,02 - Stop sign,01 - Functioning,2,0,0,0,02 - Minor,1,,1,,,367787.1213,5030390.338,45.41061487,-75.69529727,3408
17--13506,12/16/2017,1:56 AM,HAZELDEAN RD btwn GO/KA BOUNDARY & HUNTMAR DR/IBER RD (__3ZA3DJ),__3ZA3DJ,01 - Non intersection,03 - P.D. only,07 - SMV other,03 - Snow,07 - Dark,03 - Loose snow,10 - No control,,1,0,0,0,,0,,,,,351092.6768,5016215.708,45.28437221,-75.90989333,3409
17--13507,12/16/2017,10:11 PM,MITCH OWENS RD btwn SPRATT RD & LIMEBANK RD (__3ZA3H3),__3ZA3H3,01 - Non intersection,03 - P.D. only,07 - SMV other,01 - Clear,07 - Dark,01 - Dry,10 - No control,,1,0,0,0,,0,,,,,370821.9802,5011582.224,45.24110469,-75.65903691,3410
17--13508,12/16/2017,10:20 PM,REGIONAL ROAD 174 btwn QUIGLEY HILL RD & REGIONAL ROAD 174 DIVIDED (__3ZA2Y5),__3ZA2Y5,01 - Non intersection,01 - Fatal injury,01 - Approaching,01 - Clear,07 - Dark,01 - Dry,10 - No control,,3,0,0,0,04 - Fatal,4,1,1,1,1,384841.7505,5040839.596,45.50288488,-75.47574341,3411
17--13509,12/16/2017,10:25 AM,JOCKVALE RD btwn BREN-MAUR RD & RIVERSTONE DR (__33D305),__33D305,01 - Non intersection,03 - P.D. only,07 - SMV other,01 - Clear,01 - Daylight,02 - Wet,10 - No control,,1,0,0,0,,0,,,,,365045.9094,5013711.706,45.26078383,-75.73234529,3412
17--1351,2/2/2017,7:51 AM,PRINCE OF WALES DR btwn JAMES CRAIG ST & RUSSVERN DR (__3ZA4K0),__3ZA4K0,01 - Non intersection,03 - P.D. only,01 - Approaching,01 - Clear,01 - Daylight,01 - Dry,10 - No control,,2,0,0,0,,0,,,,,366511.3332,4999739.648,45.1349353,-75.71540433,3413
17--13510,12/16/2017,10:25 AM,REGIMENT AVE btwn TEMPLEFORD AVE & PEPPERVILLE CRES (__7IFXQI),__7IFXQI,01 - Non intersection,03 - P.D. only,06 - SMV unattended vehicle,01 - Clear,01 - Daylight,05 - Packed snow,10 - No control,,1,0,0,0,,0,,,,,354417.3627,5015546.289,45.2781218,-75.86758199,3414
17--13511,12/16/2017,10:29 AM,DUHAMEL ST @ FAIRMONT AVE (0006146),6146,03 - At intersection,03 - P.D. only,02 - Angle,01 - Clear,01 - Daylight,04 - Slush,02 - Stop sign,01 - Functioning,2,0,0,0,,0,,,,,365668.6501,5029499.374,45.40278566,-75.7224696,3415
17--13512,12/16/2017,10:30 AM,MIRAMICHI ST @ WOODROFFE AVE (0002702),2702,02 - Intersection related,03 - P.D. only,03 - Rear end,01 - Clear,01 - Daylight,03 - Loose snow,02 - Stop sign,00 - Unknown,2,0,0,0,,0,,,,,362332.165,5024318.747,45.35645314,-75.76568959,3416
17--13513,12/16/2017,10:45 PM,WILTON CRES btwn OAKLAND AVE & MONK ST (__3ZA5NE),__3ZA5NE,01 - Non intersection,03 - P.D. only,06 - SMV unattended vehicle,01 - Clear,07 - Dark,03 - Loose snow,10 - No control,,1,0,0,0,,0,,,,,368489.6527,5028914.813,45.39727499,-75.68651344,3417
17--13514,12/16/2017,10:45 PM,COLONEL BY DR/MACKENZIE AVE @ DALY AVE (0008541),8541,02 - Intersection related,03 - P.D. only,03 - Rear end,01 - Clear,07 - Dark,02 - Wet,01 - Traffic signal,01 - Functioning,2,0,0,0,,0,,,,,368002.691,5031903.784,45.42421293,-75.69234938,3418
17--13515,12/16/2017,10:58 AM,KEENAN AVE btwn GAINSBOROUGH AVE & WINDERMERE AVE (__3ZBOPK),__3ZBOPK,04 - At/near private drive,03 - P.D. only,02 - Angle,01 - Clear,01 - Daylight,05 - Packed snow,10 - No control,,2,0,0,0,,0,,,,,362428.9448,5027111.634,45.3815753,-75.76412864,3419
17--13516,12/16/2017,11:00 AM,BANK ST @ EVANS AVE (0011429),11429,03 - At intersection,02 - Non-fatal injury,02 - Angle,01 - Clear,01 - Daylight,02 - Wet,02 - Stop sign,01 - Functioning,2,0,0,0,02 - Minor,1,,1,,,369918.489,5027062.434,45.38047648,-75.66850973,3420
17--13517,12/16/2017,11:05 AM,BRIDGESTONE DR @ GRASSY PLAINS DR (0011813),11813,03 - At intersection,03 - P.D. only,02 - Angle,01 - Clear,01 - Daylight,01 - Dry,02 - Stop sign,01 - Functioning,2,0,0,0,,0,,,,,355319.6314,5015647.083,45.27896451,-75.85607223,3421
17--13518,12/16/2017,11:22 AM,PICKFORD DR btwn CLARKSON CRES & CLARKSON CRES (__3ZABCC),__3ZABCC,01 - Non intersection,03 - P.D. only,06 - SMV unattended vehicle,01 - Clear,01 - Daylight,04 - Slush,10 - No control,,1,0,0,0,,0,,,,,353481.9507,5018593.193,45.30560395,-75.87920491,3422
17--13519,12/16/2017,11:24 AM,INDUSTRIAL AVE/INNES RD @ ST. LAURENT BLVD (0002203),2203,02 - Intersection related,02 - Non-fatal injury,03 - Rear end,01 - Clear,01 - Daylight,01 - Dry,01 - Traffic signal,01 - Functioning,2,0,0,0,01 - Minimal,1,1,,,,373100.2053,5030004.611,45.40664594,-75.62748011,3423
17--1352,2/2/2017,7:58 AM,OTTAWA RIVER PKWY @ VIMY PLACE PRIV (0012251),12251,02 - Intersection related,03 - P.D. only,03 - Rear end,01 - Clear,01 - Daylight,02 - Wet,01 - Traffic signal,01 - Functioning,2,0,0,0,,0,,,,,365976.9947,5030795.715,45.41442292,-75.71837034,3424
17--13520,12/16/2017,11:28 AM,HIGHWAY 417 btwn HWY417 IC126 RAMP25 & HWY417 IC124 RAMP57 (__3ZA2R5),__3ZA2R5,01 - Non intersection,03 - P.D. only,03 - Rear end,01 - Clear,01 - Daylight,04 - Slush,10 - No control,,2,0,0,0,,0,,,,,363382.4486,5026113.064,45.37251122,-75.75207273,3425
17--13521,12/16/2017,Unknown,CARMEN AVE btwn MCARTHUR AVE & STEVENS AVE (__3ZA7AO),__3ZA7AO,01 - Non intersection,03 - P.D. only,06 - SMV unattended vehicle,01 - Clear,00 - Unknown,05 - Packed snow,10 - No control,,1,0,0,0,,0,,,,,370933.0549,5032616.077,45.43035093,-75.65481139,3426
17--13522,12/16/2017,12:42 PM,MAPLE GROVE RD @ TERRY FOX DR (0003177),3177,02 - Intersection related,02 - Non-fatal injury,03 - Rear end,01 - Clear,01 - Daylight,02 - Wet,01 - Traffic signal,01 - Functioning,4,0,0,0,01 - Minimal,2,2,,,,351552.6528,5017863.27,45.29916699,-75.9038749,3427
17--13523,12/16/2017,12:45 PM,HIGHWAY 417 btwn HWY417 IC113 RAMP85 & HWY417 IC112 RAMP54 (__3ZA287),__3ZA287,01 - Non intersection,02 - Non-fatal injury,03 - Rear end,01 - Clear,01 - Daylight,01 - Dry,10 - No control,,3,0,0,0,01 - Minimal,3,3,,,,374148.2073,5031326.001,45.41843209,-75.6139078,3428
17--13524,12/16/2017,12:53 PM,AVIATION PKWY @ OGILVIE RD (0004114),4114,02 - Intersection related,03 - P.D. only,03 - Rear end,03 - Snow,01 - Daylight,02 - Wet,01 - Traffic signal,01 - Functioning,3,0,0,0,,0,,,,,373111.8951,5032375.551,45.42797738,-75.62700211,3429
17--13525,12/16/2017,2:03 PM,DU GRAND BOIS AVE @ INNES RD (0004107),4107,02 - Intersection related,03 - P.D. only,03 - Rear end,01 - Clear,01 - Daylight,02 - Wet,02 - Stop sign,01 - Functioning,3,0,0,0,,0,,,,,383110.7022,5035761.852,45.45739643,-75.49870098,3430
17--13526,12/16/2017,2:40 PM,TERRY FOX DR S @ DIDSBURY RD/CENTRUM KANATA SC (0011820),11820,02 - Intersection related,03 - P.D. only,03 - Rear end,01 - Clear,01 - Daylight,04 - Slush,01 - Traffic signal,01 - Functioning,4,0,0,0,,0,,,,,350621.5584,5018915.729,45.30869865,-75.91564902,3431
17--13527,12/16/2017,2:42 PM,DU GRAND BOIS AVE @ INNES RD (0004107),4107,02 - Intersection related,03 - P.D. only,03 - Rear end,01 - Clear,01 - Daylight,02 - Wet,02 - Stop sign,01 - Functioning,2,0,0,0,,0,,,,,383110.7112,5035761.368,45.45739208,-75.49870095,3432
17--13528,12/16/2017,3:02 PM,MERIVALE RD btwn ROSSLAND AVE & EMERALD PLAZA SC (__3ZA4HZA),__3ZA4HZA,01 - Non intersection,03 - P.D. only,03 - Rear end,03 - Snow,01 - Daylight,03 - Loose snow,10 - No control,,2,0,0,0,,0,,,,,364708.0978,5024071.707,45.35403133,-75.73539703,3433
17--13529,12/16/2017,3:20 PM,KNOXDALE RD btwn SKIPTON RD & CREMONA CRES (__3ZA4YU),__3ZA4YU,04 - At/near private drive,03 - P.D. only,02 - Angle,01 - Clear,01 - Daylight,05 - Packed snow,10 - No control,,2,0,0,0,,0,,,,,362143.732,5021100.195,45.3275082,-75.76846752,3434
17--1353,2/2/2017,8:15 AM,HWY 417 VANIER IC117R63 @ VANIER PKWY (0002101),2101,02 - Intersection related,03 - P.D. only,03 - Rear end,01 - Clear,01 - Daylight,01 - Dry,01 - Traffic signal,00 - Unknown,2,0,0,0,,0,,,,,370800.3778,5031396.835,45.41939324,-75.6566702,3435
17--13530,12/16/2017,3:21 AM,VIEWMOUNT DR @ MERIVALE RD (0001528),1528,03 - At intersection,03 - P.D. only,02 - Angle,03 - Snow,07 - Dark,05 - Packed snow,01 - Traffic signal,01 - Functioning,2,0,0,0,,0,,,,,365193.3627,5022949.833,45.34389524,-75.72934119,3436
17--13531,12/16/2017,3:30 PM,MCARTHUR AVE @ VANIER PKWY (0004626),4626,03 - At intersection,03 - P.D. only,03 - Rear end,01 - Clear,01 - Daylight,04 - Slush,01 - Traffic signal,01 - Functioning,2,0,0,0,,0,,,,,370218.7048,5032690.588,45.43108854,-75.66392999,3437
17--13532,12/16/2017,3:30 PM,HIGHWAY 416 btwn HWY416 IC66 RAMP34 & HWY416 IC72 RAMP53 (__3ZAZM6),__3ZAZM6,01 - Non intersection,03 - P.D. only,03 - Rear end,01 - Clear,01 - Daylight,01 - Dry,10 - No control,,2,0,0,0,,0,,,,,359491.1079,5015642.74,45.2786133,-75.80290649,3438
17--13533,12/16/2017,3:32 PM,RIVERSIDE DR @ BROOKFIELD RD/HOG'S BACK RD (0001627),1627,02 - Intersection related,03 - P.D. only,04 - Sideswipe,01 - Clear,01 - Daylight,01 - Dry,01 - Traffic signal,01 - Functioning,2,0,0,0,,0,,,,,368167.3766,5026221.184,45.37306772,-75.69097515,3439
17--13534,12/16/2017,3:53 PM,REGIONAL ROAD 174 btwn OR174 IC112 RAMP51 & OR174 IC112 RAMP15 (__3ZA2XE),__3ZA2XE,01 - Non intersection,03 - P.D. only,04 - Sideswipe,01 - Clear,01 - Daylight,04 - Slush,10 - No control,,3,0,0,0,,0,,,,,375090.8331,5033046.155,45.43381502,-75.60161945,3440
17--13535,12/16/2017,3:57 AM,ST. JOSEPH BLVD @ TENTH LINE RD (0009163),9163,02 - Intersection related,03 - P.D. only,07 - SMV other,03 - Snow,07 - Dark,03 - Loose snow,01 - Traffic signal,01 - Functioning,1,0,0,0,,0,,,,,382891.2772,5038667.163,45.4835604,-75.50104447,3441
17--13536,12/16/2017,4:00 PM,HIGHWAY 417 btwn HWY417 IC127 RAMP25 & HWY417 IC126 RAMP51 (__3ZA2XA),__3ZA2XA,01 - Non intersection,03 - P.D. only,03 - Rear end,01 - Clear,05 - Dusk,02 - Wet,10 - No control,,3,0,0,0,,0,,,,,362977.847,5025563.1,45.36759642,-75.75730265,3442
17--13537,12/16/2017,4:24 PM,AIRPORT PKWY btwn RAMP & RAMP (4) (__3ZA22T),__3ZA22T,01 - Non intersection,02 - Non-fatal injury,05 - Turning movement,01 - Clear,05 - Dusk,01 - Dry,10 - No control,,2,0,0,0,02 - Minor,2,,2,,,371302.3481,5021629.81,45.33146551,-75.65157214,3443
17--13538,12/16/2017,4:40 PM,"EGLISE, RUE DE L @ MONTREAL RD (0011441)",11441,03 - At intersection,02 - Non-fatal injury,05 - Turning movement,01 - Clear,05 - Dusk,04 - Slush,01 - Traffic signal,01 - Functioning,2,0,0,0,01 - Minimal,1,1,,,,371158.3928,5033632.676,45.43947649,-75.65179484,3444
17--13539,12/16/2017,4:46 PM,HERON RD @ ALTA VISTA DR (0007188),7188,02 - Intersection related,03 - P.D. only,03 - Rear end,01 - Clear,05 - Dusk,02 - Wet,01 - Traffic signal,01 - Functioning,2,0,0,0,,0,,,,,370492.249,5026903.721,45.37899487,-75.66120536,3445
17--1354,2/2/2017,8:45 AM,LAURIER AVE @ NICHOLAS ST (0010711),10711,03 - At intersection,03 - P.D. only,04 - Sideswipe,01 - Clear,01 - Daylight,01 - Dry,01 - Traffic signal,01 - Functioning,2,0,0,0,,0,,,,,368373.637,5031798.27,45.42322994,-75.68762325,3446
17--13540,12/16/2017,4:52 PM,BANK ST @ FIFTH AVE (0007247),7247,02 - Intersection related,03 - P.D. only,06 - SMV unattended vehicle,01 - Clear,07 - Dark,02 - Wet,01 - Traffic signal,00 - Unknown,1,0,0,0,,0,,,,,368399.1868,5029400.795,45.40165593,-75.68760615,3447
17--13541,12/16/2017,5:12 PM,SOUTHMORE DR @ WALKLEY RD (0006644),6644,02 - Intersection related,02 - Non-fatal injury,03 - Rear end,01 - Clear,07 - Dark,03 - Loose snow,02 - Stop sign,00 - Unknown,2,0,0,0,02 - Minor,1,,1,,,369710.7241,5025573.819,45.36710167,-75.67135802,3448
17--13542,12/16/2017,5:17 PM,UPLANDS DR @ AIRPORT PKWY RAMP 35 (0009397),9397,02 - Intersection related,03 - P.D. only,03 - Rear end,01 - Clear,07 - Dark,01 - Dry,01 - Traffic signal,00 - Unknown,2,0,0,0,,0,,,,,371124.243,5021374.01,45.32918075,-75.6538784,3449
17--13543,12/16/2017,6:05 PM,FALLOWFIELD RD btwn CEDARVIEW RD & LARKIN DR (__3ZA1XU),__3ZA1XU,01 - Non intersection,03 - P.D. only,03 - Rear end,01 - Clear,07 - Dark,02 - Wet,10 - No control,,2,0,0,0,,0,,,,,361466.9749,5015766.927,45.27957427,-75.77770987,3450
17--13544,12/16/2017,6:23 PM,JEANNE D'ARC BLVD  N btwn DECARIE DR & BILBERRY DR (__3ZA7JD),__3ZA7JD,01 - Non intersection,02 - Non-fatal injury,06 - SMV unattended vehicle,01 - Clear,07 - Dark,02 - Wet,10 - No control,,1,0,0,0,02 - Minor,1,,1,,,380913.1221,5038513.087,45.48239263,-75.52636949,3451
17--13545,12/16/2017,6:31 PM,MERIVALE RD @ SHILLINGTON AVE (0011308),11308,02 - Intersection related,03 - P.D. only,07 - SMV other,01 - Clear,07 - Dark,02 - Wet,01 - Traffic signal,01 - Functioning,1,0,0,0,,0,,,,,364845.1439,5026809.793,45.37865647,-75.73331532,3452
17--13546,12/16/2017,6:43 PM,ELGIN ST @ MCLEOD ST (0007274),7274,03 - At intersection,02 - Non-fatal injury,07 - SMV other,03 - Snow,07 - Dark,05 - Packed snow,02 - Stop sign,01 - Functioning,1,0,0,1,02 - Minor,1,,1,,,368424.7121,5030778.444,45.41404925,-75.68710234,3453
17--13547,12/16/2017,7:15 PM,INNES RD @ TENTH LINE RD (0004633),4633,02 - Intersection related,03 - P.D. only,03 - Rear end,01 - Clear,07 - Dark,06 - Ice,01 - Traffic signal,01 - Functioning,2,0,0,0,,0,,,,,383951.7603,5036158.851,45.4608735,-75.48788479,3454
17--13548,12/16/2017,7:18 AM,JEANNE D'ARC BLVD  S btwn YOUVILLE DR & ST. JOSEPH BLVD (__3ZA2BT),__3ZA2BT,01 - Non intersection,03 - P.D. only,04 - Sideswipe,01 - Clear,03 - Dawn,06 - Ice,10 - No control,,2,0,0,0,,0,,,,,379755.9733,5036627.445,45.46555231,-75.54145719,3455
17--13549,12/16/2017,7:43 AM,BASELINE RD @ GUTHRIE ST (0002188),2188,02 - Intersection related,02 - Non-fatal injury,07 - SMV other,02 - Rain,03 - Dawn,03 - Loose snow,01 - Traffic signal,01 - Functioning,1,0,0,0,02 - Minor,1,,1,,,360243.15,5022371.736,45.33910225,-75.79256887,3456
17--1355,2/2/2017,8:49 AM,HAWTHORNE RD/RUSSELL RD @ WALKLEY RD (0002618),2618,02 - Intersection related,03 - P.D. only,03 - Rear end,01 - Clear,01 - Daylight,01 - Dry,01 - Traffic signal,01 - Functioning,2,0,0,0,,0,,,,,374675.2904,5028499.541,45.3929486,-75.6075744,3457
17--13550,12/16/2017,7:45 PM,MARINA DR @ RIDEAU VALLEY DR (0008145),8145,02 - Intersection related,03 - P.D. only,07 - SMV other,03 - Snow,07 - Dark,03 - Loose snow,10 - No control,00 - Unknown,1,0,0,0,,0,,,,,372353.5081,5003522.445,45.16843841,-75.64062373,3458
17--13551,12/16/2017,7:50 AM,CRESTHAVEN DR btwn STRANDHERD DR & BARNSTONE DR (__44Z9OK),__44Z9OK,01 - Non intersection,03 - P.D. only,07 - SMV other,03 - Snow,03 - Dawn,04 - Slush,10 - No control,,1,0,0,0,,0,,,,,366866.4146,5015064.86,45.27280117,-75.70898146,3459
17--13552,12/16/2017,7:50 PM,HIGHWAY 7 btwn HAZELDEAN IC RAMP 53 & HIGHWAY 7 (__7JQ7LK),__7JQ7LK,01 - Non intersection,03 - P.D. only,07 - SMV other,01 - Clear,07 - Dark,01 - Dry,10 - No control,,1,0,0,0,,0,,,,,342366.2702,5008437.447,45.21489995,-76.02171491,3460
17--13553,12/16/2017,7:56 AM,HWY 417 WALKLEY IC110R64 @ WALKLEY EXTENSION R (0004205),4205,02 - Intersection related,03 - P.D. only,04 - Sideswipe,03 - Snow,01 - Daylight,04 - Slush,02 - Stop sign,00 - Unknown,2,0,0,0,,0,,,,,375990.1917,5029175.491,45.398898,-75.59068545,3461
17--13554,12/16/2017,8:59 AM,FALLOWFIELD RD @ RICHMOND RD (0000634),634,02 - Intersection related,03 - P.D. only,03 - Rear end,03 - Snow,01 - Daylight,03 - Loose snow,01 - Traffic signal,01 - Functioning,2,0,0,0,,0,,,,,357721.6356,5013528.938,45.25972836,-75.82568387,3462
17--13555,12/16/2017,9:13 AM,CARP RD @ HAZELDEAN RD (0000086),86,03 - At intersection,02 - Non-fatal injury,02 - Angle,01 - Clear,01 - Daylight,06 - Ice,01 - Traffic signal,01 - Functioning,2,0,0,0,02 - Minor,1,,1,,,348804.2415,5014360.436,45.2678248,-75.93922772,3463
17--13556,12/16/2017,9:31 AM,CYRVILLE RD @ MEADOWBROOK RD (0012477),12477,03 - At intersection,03 - P.D. only,02 - Angle,03 - Snow,01 - Daylight,03 - Loose snow,01 - Traffic signal,01 - Functioning,2,0,0,0,,0,,,,,374630.7362,5031243.894,45.41764534,-75.6077547,3464
17--13557,12/16/2017,9:45 PM,ROCKDALE RD btwn COLONIAL RD & END (__3ZA1OP),__3ZA1OP,01 - Non intersection,03 - P.D. only,07 - SMV other,01 - Clear,07 - Dark,05 - Packed snow,10 - No control,,1,0,0,0,,0,,,,,391395.6377,5032722.767,45.42907662,-75.39332158,3465
17--13558,12/16/2017,9:56 PM,OLD MONTREAL RD btwn TO BE DETERMINED & BECKETT'S CREEK RD (__3ZA5F8),__3ZA5F8,01 - Non intersection,03 - P.D. only,03 - Rear end,03 - Snow,07 - Dark,03 - Loose snow,10 - No control,,2,0,0,0,,0,,,,,392727.0533,5042597.685,45.51775259,-75.37454239,3466
17--13559,12/17/2017,1:11 PM,LISGAR ST btwn METCALFE ST & ELGIN ST (__3ZA9U7),__3ZA9U7,01 - Non intersection,03 - P.D. only,07 - SMV other,01 - Clear,01 - Daylight,03 - Loose snow,10 - No control,,1,0,0,0,,0,,,,,368002.3356,5031302.238,45.41880045,-75.69243109,3467
17--1356,2/2/2017,8:55 PM,HIGHWAY 417 btwn HWY417 IC104 RAMP15 & HWY417 IC96 RAMP51 (__3ZA2W4),__3ZA2W4,01 - Non intersection,03 - P.D. only,07 - SMV other,01 - Clear,07 - Dark,01 - Dry,10 - No control,,1,0,0,0,,0,,,,,381412.2913,5025598.315,45.36614074,-75.52199372,3468
17--13560,12/17/2017,1:15 PM,HIGHWAY 417 btwn HWY417 IC117 RAMP25 & HWY417 IC115 RAMP51 (__3ZA2R3),__3ZA2R3,01 - Non intersection,03 - P.D. only,03 - Rear end,01 - Clear,01 - Daylight,01 - Dry,10 - No control,,2,0,0,0,,0,,,,,371526.1301,5031393.002,45.41928991,-75.64739834,3469
17--13561,12/17/2017,1:21 AM,BELCOURT BLVD @ ST. JOSEPH BLVD (0004138),4138,02 - Intersection related,03 - P.D. only,01 - Approaching,01 - Clear,07 - Dark,01 - Dry,01 - Traffic signal,01 - Functioning,2,0,0,0,,0,,,,,381205.5045,5037357.663,45.47196516,-75.52280963,3470
17--13562,12/17/2017,1:26 PM,VIEWMOUNT DR @ MERIVALE RD (0001528),1528,03 - At intersection,03 - P.D. only,03 - Rear end,03 - Snow,01 - Daylight,06 - Ice,01 - Traffic signal,01 - Functioning,2,0,0,0,,0,,,,,365193.2192,5022948.256,45.34388106,-75.72934321,3471
17--13563,12/17/2017,1:30 PM,HIGHWAY 417 btwn HWY417 IC117 RAMP51 & HWY417 IC117 RAMP35 (__3ZA2YN),__3ZA2YN,01 - Non intersection,03 - P.D. only,03 - Rear end,01 - Clear,01 - Daylight,01 - Dry,10 - No control,,3,0,0,0,,0,,,,,370846.6787,5031208.852,45.41769748,-75.65610385,3472
17--13564,12/17/2017,1:34 PM,CARP RD btwn THOMAS A. DOLAN PKWY & NORMA LANE (__3ZAZ54),__3ZAZ54,01 - Non intersection,03 - P.D. only,07 - SMV other,01 - Clear,01 - Daylight,05 - Packed snow,10 - No control,,1,0,0,0,,0,,,,,339739.5949,5024277.12,45.35756841,-76.05404064,3473
17--13565,12/17/2017,1:39 PM,CARP RD @ HAZELDEAN RD (0000086),86,02 - Intersection related,03 - P.D. only,03 - Rear end,01 - Clear,01 - Daylight,02 - Wet,01 - Traffic signal,01 - Functioning,2,0,0,0,,0,,,,,348804.5759,5014360.2,45.26782265,-75.93922348,3474
17--13566,12/17/2017,1:42 PM,HUNT CLUB RD @ BRIDLE PATH DR/DAZE ST (0008214),8214,03 - At intersection,02 - Non-fatal injury,03 - Rear end,01 - Clear,01 - Daylight,04 - Slush,01 - Traffic signal,01 - Functioning,2,0,0,0,02 - Minor,1,,1,,,371292.2068,5023865.221,45.35158002,-75.65140106,3475
17--13567,12/17/2017,10:10 AM,DRIVEWAY (THE) @ PRINCE OF WALES DR (0002128),2128,03 - At intersection,02 - Non-fatal injury,02 - Angle,01 - Clear,01 - Daylight,01 - Dry,11 - Roundabout,01 - Functioning,2,0,0,0,02 - Minor,3,,3,,,366883.7111,5028137.547,45.3904256,-75.7071214,3476
17--13568,12/17/2017,10:25 AM,ST. LAURENT BLVD @ COVENTRY RD/OGILVIE RD (0002151),2151,03 - At intersection,03 - P.D. only,04 - Sideswipe,01 - Clear,01 - Daylight,05 - Packed snow,01 - Traffic signal,01 - Functioning,2,0,0,0,,0,,,,,372305.8374,5031952.583,45.42424997,-75.63735998,3477