Anom_ID,Accident_Date,Accident_Time,Location,Geo_ID,Accident_Location,Classification_of_Accident,Initial_Impact_Type,Environment_Condition,Light,Road_Surface_Condition,Traffic_Control,Traffic_Control_Condition,No__of_Vehicles,No__of_Bicycles,No__of_Motorcycles,No__of_Pedestrians,Max_Injury,No__of_Injuries,No__of_Minimal,No__of_Minor,No__of_Major,No__of_Fatal,X,Y,Latitude,Longitude,ObjectId
17--13569,12/17/2017,10:29 PM,ELGIN ST @ LAURIER AVE (0002232),2232,03 - At intersection,03 - P.D. only,05 - Turning movement,01 - Clear,07 - Dark,02 - Wet,01 - Traffic signal,01 - Functioning,2,0,0,0,,0,,,,,367948.7099,5031550.759,45.4210414,-75.69308437,3478
17--1357,2/2/2017,9:10 AM,CAMPEAU DR/HWY 417 MARCH IC138R63 @ MARCH RD (0009710),9710,03 - At intersection,03 - P.D. only,03 - Rear end,01 - Clear,01 - Daylight,02 - Wet,01 - Traffic signal,01 - Functioning,3,0,0,0,,0,,,,,352841.0838,5020474.298,45.32257466,-75.8871944,3479
17--13570,12/17/2017,10:55 AM,ROBLYN WAY btwn MARKLAND CRES & MARKLAND CRES (__3ZA6KQ),__3ZA6KQ,01 - Non intersection,03 - P.D. only,01 - Approaching,03 - Snow,01 - Daylight,05 - Packed snow,10 - No control,,2,0,0,0,,0,,,,,365909.6571,5016280.324,45.28382166,-75.72102428,3480
17--13571,12/17/2017,10:58 AM,HIGHWAY 417 btwn HWY417 IC117 RAMP36 & HWY417 IC117 RAMP26 (__3ZAZE0),__3ZAZE0,01 - Non intersection,03 - P.D. only,04 - Sideswipe,01 - Clear,01 - Daylight,01 - Dry,10 - No control,,2,0,0,0,,0,,,,,370676.2867,5031176.043,45.41741834,-75.65828514,3481
17--13572,12/17/2017,10:59 AM,HWY 417 WOODROFF IC127R62 @ WOODROFFE AVE (0002349),2349,02 - Intersection related,02 - Non-fatal injury,03 - Rear end,01 - Clear,01 - Daylight,02 - Wet,03 - Yield sign,01 - Functioning,3,0,0,0,01 - Minimal,1,1,,,,362050.9709,5025019.281,45.3627795,-75.76919717,3482
17--13573,12/17/2017,11:00 AM,OLD CARP RD @ SECOND LINE RD (0012543),12543,03 - At intersection,03 - P.D. only,07 - SMV other,01 - Clear,01 - Daylight,02 - Wet,02 - Stop sign,01 - Functioning,1,0,0,0,,0,,,,,347766.5992,5023537.029,45.35046292,-75.95165476,3483
17--13574,12/17/2017,11:19 AM,MACDONALD-CARTIER BR/MACDONALDCARTIER BR RSB-2 (0011450),11450,02 - Intersection related,03 - P.D. only,04 - Sideswipe,01 - Clear,01 - Daylight,01 - Dry,10 - No control,00 - Unknown,2,0,0,0,,0,,,,,367508.8248,5033181.938,45.43575777,-75.69849698,3484
17--13575,12/17/2017,11:32 AM,RICHMOND RD @ WEST HUNT CLUB RD (0000598),598,03 - At intersection,03 - P.D. only,04 - Sideswipe,01 - Clear,01 - Daylight,03 - Loose snow,01 - Traffic signal,01 - Functioning,2,0,0,0,,0,,,,,357146.1252,5018152.223,45.30137253,-75.83252878,3485
17--13576,12/17/2017,Unknown,HUNTERSFIELD DR btwn LORRY GREENBERG DR & THORNHEDGE CRT (__3ZA8MX),__3ZA8MX,01 - Non intersection,03 - P.D. only,06 - SMV unattended vehicle,03 - Snow,00 - Unknown,06 - Ice,10 - No control,,1,0,0,0,,0,,,,,373448.0576,5025542.234,45.3664614,-75.62365754,3486
17--13577,12/17/2017,Unknown,HUNTERSFIELD DR btwn NEWPORT CRES & END (__3ZA457),__3ZA457,01 - Non intersection,03 - P.D. only,06 - SMV unattended vehicle,01 - Clear,00 - Unknown,05 - Packed snow,10 - No control,,1,0,0,0,,0,,,,,372916.2234,5025029.582,45.36190065,-75.63051667,3487
17--13578,12/17/2017,12:28 PM,BRONSON AVE @ CATHERINE ST/RAYMOND ST (0007198),7198,02 - Intersection related,03 - P.D. only,04 - Sideswipe,01 - Clear,01 - Daylight,02 - Wet,01 - Traffic signal,00 - Unknown,2,0,0,0,,0,,,,,367252.4733,5029796.584,45.40532036,-75.7022023,3488
17--13579,12/17/2017,12:52 PM,SERENITY AVE btwn BALLANTYNE DR & VENUS AVE (__30LOGL),__30LOGL,04 - At/near private drive,03 - P.D. only,02 - Angle,01 - Clear,01 - Daylight,05 - Packed snow,10 - No control,,2,0,0,0,,0,,,,,385766.8935,5037090.431,45.46904694,-75.46452497,3489
17--1358,2/2/2017,9:15 AM,RIVER RD @ TEWSLEY (0013247),13247,02 - Intersection related,03 - P.D. only,03 - Rear end,01 - Clear,01 - Daylight,01 - Dry,01 - Traffic signal,01 - Functioning,2,0,0,0,,0,,,,,367968.5947,5015645.952,45.27793164,-75.69486194,3490
17--13580,12/17/2017,2:25 PM,FISHER AVE @ VIEWMOUNT DR (0005076),5076,03 - At intersection,03 - P.D. only,02 - Angle,01 - Clear,01 - Daylight,01 - Dry,01 - Traffic signal,01 - Functioning,2,0,0,0,,0,,,,,366918.5041,5024209.39,45.35507784,-75.70717113,3491
17--13581,12/17/2017,2:36 PM,ROBERTSON RD btwn WESTCLIFFE RD & FITZGERALD RD (__3ZA41Z),__3ZA41Z,04 - At/near private drive,03 - P.D. only,02 - Angle,01 - Clear,01 - Daylight,01 - Dry,10 - No control,,2,0,0,0,,0,,,,,356726.3487,5020251.745,45.32029546,-75.83766103,3492
17--13582,12/17/2017,3:38 PM,BANK ST @ HOPEWELL AVE (0007218),7218,02 - Intersection related,03 - P.D. only,01 - Approaching,03 - Snow,01 - Daylight,05 - Packed snow,02 - Stop sign,01 - Functioning,2,0,0,0,,0,,,,,368769.1817,5028504.262,45.3935555,-75.68299671,3493
17--13583,12/17/2017,4:20 PM,NIXON DR btwn BUCKLES ST & DALMENY RD (__3ZA726),__3ZA726,01 - Non intersection,03 - P.D. only,07 - SMV other,01 - Clear,05 - Dusk,06 - Ice,10 - No control,,1,0,0,0,,0,,,,,374839.0878,4999446.198,45.13151846,-75.60957871,3494
17--13584,12/17/2017,5:20 PM,PARKDALE AVE @ TYNDALL ST (0006515),6515,02 - Intersection related,03 - P.D. only,03 - Rear end,01 - Clear,07 - Dark,04 - Slush,02 - Stop sign,01 - Functioning,2,0,0,0,,0,,,,,365265.1343,5029013.8,45.39845154,-75.72768314,3495
17--13585,12/17/2017,5:53 PM,HIGHWAY 417 btwn HWY417 IC122 RAMP61 & HWY417 IC121B RAMP16 (__3ZA2Y4),__3ZA2Y4,01 - Non intersection,03 - P.D. only,07 - SMV other,01 - Clear,07 - Dark,01 - Dry,10 - No control,,1,0,0,0,,0,,,,,366047.7624,5029330.73,45.40123518,-75.71764826,3496
17--13586,12/17/2017,6:00 PM,DWYER HILL RD btwn PADEN RD & DONNELLY DR (__3ZA4ZU),__3ZA4ZU,01 - Non intersection,03 - P.D. only,07 - SMV other,01 - Clear,07 - Dark,01 - Dry,10 - No control,,1,0,0,0,,0,,,,,359127.524,4983871.816,44.99275539,-75.81099189,3497
17--13587,12/17/2017,6:30 AM,HARTLEIGH AVE btwn LAWN AVE & CARLING AVE (__3ZABY6),__3ZABY6,04 - At/near private drive,03 - P.D. only,06 - SMV unattended vehicle,01 - Clear,07 - Dark,03 - Loose snow,10 - No control,,1,0,0,0,,0,,,,,361338.2702,5025651.947,45.36853003,-75.77822159,3498
17--13588,12/17/2017,6:42 PM,PAGE RD btwn INNES RD & BUTTONFIELD PL (__3ZA7MU),__3ZA7MU,01 - Non intersection,02 - Non-fatal injury,03 - Rear end,01 - Clear,07 - Dark,01 - Dry,10 - No control,,2,0,0,0,01 - Minimal,2,2,,,,380946.3736,5034404.14,45.44542003,-75.5265807,3499
17--13589,12/17/2017,7:18 PM,BANK ST @ SNAKE ISLAND RD/VICTORIA ST (0001080),1080,02 - Intersection related,03 - P.D. only,07 - SMV other,01 - Clear,07 - Dark,01 - Dry,01 - Traffic signal,01 - Functioning,1,0,0,0,,0,,,,,383696.3149,5010121.644,45.22663807,-75.49530335,3500
17--1359,2/2/2017,9:27 AM,ALBERT ST btwn KENT ST & BANK ST (__3ZA3CA),__3ZA3CA,01 - Non intersection,02 - Non-fatal injury,07 - SMV other,01 - Clear,01 - Daylight,02 - Wet,10 - No control,,1,0,0,1,01 - Minimal,1,1,,,,367315.1398,5031378.797,45.41955104,-75.70120117,3501
17--13590,12/17/2017,8:33 AM,CAMBRIAN RD @ CEDARVIEW RD (0001571),1571,02 - Intersection related,03 - P.D. only,07 - SMV other,01 - Clear,01 - Daylight,01 - Dry,02 - Stop sign,01 - Functioning,1,0,0,0,,0,,,,,363000.9992,5011832.396,45.24404581,-75.7586194,3502
17--12781,12/5/2017,12:04 PM,KENT ST @ SOMERSET ST (0008857),8857,02 - Intersection related,02 - Non-fatal injury,03 - Rear end,02 - Rain,01 - Daylight,02 - Wet,01 - Traffic signal,01 - Functioning,2,0,0,0,02 - Minor,1,,1,,,367526.3668,5030816.234,45.41447037,-75.69857405,3503
17--12782,12/5/2017,12:20 AM,KANATA AVE btwn CAMPEAU DR & EARL GREY DR (__3ZAZO5),__3ZAZO5,04 - At/near private drive,03 - P.D. only,07 - SMV other,01 - Clear,07 - Dark,01 - Dry,10 - No control,,1,0,0,0,,0,,,,,350770.7763,5019304.763,45.31218953,-75.91371009,3504
17--13410,12/14/2017,9:27 AM,RIDEAU ST @ WALLER ST (0011913),11913,03 - At intersection,03 - P.D. only,05 - Turning movement,01 - Clear,01 - Daylight,06 - Ice,01 - Traffic signal,01 - Functioning,2,0,0,0,,0,,,,,368283.6947,5032274.347,45.42752168,-75.68871111,3505
17--12783,12/5/2017,12:30 PM,NICHOLAS ST btwn DALY AVE & SB RAMP FROM WALLER/NICHOLAS/MACKENZIE KIN (__3ZA3VJ),__3ZA3VJ,06 - Underpass or tunnel,02 - Non-fatal injury,07 - SMV other,01 - Clear,01 - Daylight,01 - Dry,10 - No control,,1,0,0,1,01 - Minimal,1,1,,,,368291.5806,5031950.253,45.42460488,-75.68865212,3506
17--13322,12/14/2017,10:45 AM,ELGIN ST @ SOMERSET ST (0006936),6936,02 - Intersection related,03 - P.D. only,05 - Turning movement,01 - Clear,01 - Daylight,01 - Dry,01 - Traffic signal,01 - Functioning,2,0,0,0,,0,,,,,368165.1865,5031198.811,45.41785512,-75.69036377,3507
17--12784,12/5/2017,12:35 PM,ST. JOSEPH BLVD btwn DUSSERE ST & ST. JEAN ST (__3ZA2AN),__3ZA2AN,04 - At/near private drive,02 - Non-fatal injury,02 - Angle,02 - Rain,01 - Daylight,02 - Wet,10 - No control,,2,0,0,0,02 - Minor,3,,3,,,380885.7908,5037148.749,45.47012043,-75.52693037,3508
17--13323,12/14/2017,10:47 PM,HIGHWAY 417 btwn HWY417 IC127 RAMP35 & HWY417 IC127 RAMP25 (__3ZA2RE),__3ZA2RE,01 - Non intersection,03 - P.D. only,04 - Sideswipe,01 - Clear,07 - Dark,01 - Dry,10 - No control,,2,0,0,0,,0,,,,,362223.9738,5024900.418,45.36169583,-75.76700279,3509
17--12785,12/5/2017,12:57 PM,CAMPEAU DR/HWY 417 MARCH IC138R63 @ MARCH RD (0009710),9710,02 - Intersection related,03 - P.D. only,03 - Rear end,02 - Rain,01 - Daylight,02 - Wet,01 - Traffic signal,01 - Functioning,2,0,0,0,,0,,,,,352844.3982,5020478.682,45.32261389,-75.8871517,3510
17--13411,12/14/2017,9:27 PM,NEPEAN ST @ O'CONNOR ST (0006942),6942,03 - At intersection,03 - P.D. only,02 - Angle,01 - Clear,07 - Dark,02 - Wet,02 - Stop sign,01 - Functioning,2,0,0,0,,0,,,,,367721.0444,5031226.585,45.4181451,-75.6960346,3511
17--13324,12/14/2017,11:20 AM,CATHERINE ST @ KENT ST (0002707),2707,02 - Intersection related,03 - P.D. only,03 - Rear end,01 - Clear,01 - Daylight,06 - Ice,01 - Traffic signal,01 - Functioning,2,0,0,0,,0,,,,,367907.7075,5030189.281,45.40879496,-75.69378259,3512
17--12786,12/5/2017,2:42 PM,HIGHWAY 417 btwn HWY417 IC104 RAMP15 & HWY417 IC96 RAMP51 (__3ZA2W4),__3ZA2W4,01 - Non intersection,03 - P.D. only,03 - Rear end,01 - Clear,01 - Daylight,01 - Dry,10 - No control,,2,0,0,0,,0,,,,,381441.5161,5025602.081,45.36617143,-75.52162012,3513
17--13412,12/14/2017,9:30 AM,BARNSDALE RD E @ CEDARVIEW RD E (0001077),1077,02 - Intersection related,03 - P.D. only,02 - Angle,01 - Clear,01 - Daylight,02 - Wet,02 - Stop sign,01 - Functioning,2,0,0,0,,0,,,,,364037.7925,5010037.429,45.22780808,-75.74562732,3514
17--13325,12/14/2017,11:24 AM,ST. LAURENT BLVD btwn INDUSTRIAL AVE & BOURASSA ST (__3ZBOFB),__3ZBOFB,01 - Non intersection,02 - Non-fatal injury,05 - Turning movement,01 - Clear,01 - Daylight,01 - Dry,10 - No control,,2,0,0,0,02 - Minor,1,,1,,,373120.277,5029958.016,45.40622474,-75.62723018,3515
17--12787,12/5/2017,2:43 PM,BAY ST @ SLATER ST (0005127),5127,03 - At intersection,03 - P.D. only,02 - Angle,01 - Clear,01 - Daylight,02 - Wet,01 - Traffic signal,01 - Functioning,2,0,0,0,,0,,,,,366985.37,5031077.901,45.41687306,-75.70545243,3516
17--13413,12/14/2017,9:44 PM,ST. JOSEPH BLVD @ TENTH LINE RD (0009163),9163,02 - Intersection related,02 - Non-fatal injury,03 - Rear end,01 - Clear,07 - Dark,03 - Loose snow,01 - Traffic signal,01 - Functioning,2,0,0,0,01 - Minimal,1,1,,,,382888.3931,5038665.806,45.48354851,-75.50108158,3517
17--13326,12/14/2017,11:32 AM,ALTA VISTA DR @ KILBORN AVE (0008082),8082,03 - At intersection,03 - P.D. only,02 - Angle,01 - Clear,01 - Daylight,02 - Wet,01 - Traffic signal,01 - Functioning,2,0,0,0,,0,,,,,370366.0053,5027751.925,45.38663855,-75.66270448,3518
17--12788,12/5/2017,2:55 PM,HIGHWAY 417 btwn HWY417 IC104 RAMP15 & HWY417 IC96 RAMP51 (__3ZA2W4),__3ZA2W4,01 - Non intersection,03 - P.D. only,04 - Sideswipe,01 - Clear,01 - Daylight,01 - Dry,10 - No control,,2,0,0,0,,0,,,,,381386.9059,5025612.241,45.36626881,-75.52231558,3519
17--12789,12/5/2017,3:00 PM,ST. JOSEPH BLVD btwn MARENGER ST & JEANNE D'ARC BLVD S (__3ZA2BS),__3ZA2BS,01 - Non intersection,03 - P.D. only,01 - Approaching,01 - Clear,01 - Daylight,02 - Wet,10 - No control,,2,0,0,0,,0,,,,,379729.3732,5036386.99,45.46339173,-75.54183396,3520
17--1279,2/1/2017,10:21 PM,UPPER DWYER HILL RD btwn MARCH RD & OLD ALMONTE RD (__3ZA4QB),__3ZA4QB,01 - Non intersection,03 - P.D. only,07 - SMV other,01 - Clear,07 - Dark,01 - Dry,10 - No control,,1,0,0,0,,0,,,,,336101.1488,5012053.494,45.24774564,-76.10125139,3521
17--12790,12/5/2017,3:38 PM,SMYTH RD btwn ROGER GUINDON AVE & BOTSFORD ST (__3ZA3BW),__3ZA3BW,04 - At/near private drive,02 - Non-fatal injury,02 - Angle,01 - Clear,01 - Daylight,01 - Dry,10 - No control,,2,0,0,0,02 - Minor,1,,1,,,372208.796,5029256.694,45.40000292,-75.6389686,3522
17--12791,12/5/2017,4:11 PM,COLONNADE RD @ PRINCE OF WALES DR (0005249),5249,02 - Intersection related,03 - P.D. only,04 - Sideswipe,01 - Clear,05 - Dusk,02 - Wet,01 - Traffic signal,00 - Unknown,2,0,0,0,,0,,,,,367394.7115,5023266.516,45.34655171,-75.70121316,3523
17--12792,12/5/2017,4:12 AM,RICHMOND RD btwn NEW ORCHARD AVE & WOODROFFE AVE (__3ZA4L0),__3ZA4L0,01 - Non intersection,03 - P.D. only,07 - SMV other,01 - Clear,07 - Dark,01 - Dry,10 - No control,,1,0,0,0,,0,,,,,361545.3965,5026601.269,45.37705521,-75.77546853,3524
17--12793,12/5/2017,4:13 PM,BOOTH ST @ WILLOW ST (0005748),5748,03 - At intersection,03 - P.D. only,03 - Rear end,02 - Rain,05 - Dusk,02 - Wet,01 - Traffic signal,01 - Functioning,3,0,0,0,,0,,,,,366710.4283,5029982.711,45.40704323,-75.70910261,3525
17--12794,12/5/2017,4:30 PM,VIEWMOUNT DR btwn MERIVALE RD & GRANT CARMAN DR (__3ZA0AL),__3ZA0AL,04 - At/near private drive,03 - P.D. only,05 - Turning movement,02 - Rain,05 - Dusk,02 - Wet,10 - No control,,2,0,0,0,,0,,,,,365307.075,5023016.054,45.34448129,-75.72788218,3526
17--12795,12/5/2017,4:40 PM,BLAIR RD @ MONTREAL RD (0009277),9277,02 - Intersection related,03 - P.D. only,03 - Rear end,01 - Clear,05 - Dusk,02 - Wet,01 - Traffic signal,01 - Functioning,2,0,0,0,,0,,,,,374020.7235,5034438.916,45.44645307,-75.61509889,3527
17--12796,12/5/2017,4:50 PM,RICHMOND RD btwn HWY417 IC130 RAMP36 & TO BE DETERMINED (__3ZA4LR),__3ZA4LR,01 - Non intersection,02 - Non-fatal injury,03 - Rear end,02 - Rain,07 - Dark,02 - Wet,10 - No control,,2,0,0,0,02 - Minor,2,,2,,,359314.4094,5023284.282,45.34738614,-75.80431776,3528
17--12797,12/5/2017,4:54 PM,BLAIR RD @ MONTREAL RD (0009277),9277,02 - Intersection related,03 - P.D. only,03 - Rear end,01 - Clear,05 - Dusk,02 - Wet,01 - Traffic signal,01 - Functioning,2,0,0,0,,0,,,,,374020.0547,5034439.585,45.44645915,-75.61510735,3529
17--12798,12/5/2017,4:59 PM,DONALD ST @ VANIER PKWY (0007644),7644,03 - At intersection,03 - P.D. only,02 - Angle,01 - Clear,05 - Dusk,01 - Dry,01 - Traffic signal,01 - Functioning,2,0,0,0,,0,,,,,370311.3787,5032272.592,45.42731891,-75.66280132,3530
17--12799,12/5/2017,5:10 AM,HIGHWAY 417 btwn HWY417 IC126 RAMP61 & HWY417 IC124 RAMP76 (__3ZA2Y2),__3ZA2Y2,01 - Non intersection,03 - P.D. only,07 - SMV other,02 - Rain,07 - Dark,02 - Wet,10 - No control,,1,0,0,0,,0,,,,,363654.2669,5026512.876,45.3760859,-75.74855506,3531
17--128,1/4/2017,3:24 PM,MARITIME WAY btwn CANADIAN SHIELD AVE & GREAT LAKES AVE (__6REWQM),__6REWQM,01 - Non intersection,03 - P.D. only,06 - SMV unattended vehicle,03 - Snow,01 - Daylight,05 - Packed snow,10 - No control,,1,0,0,0,,0,,,,,351862.588,5019595.75,45.31473557,-75.89975875,3532
17--1280,2/1/2017,10:43 AM,TRIM RD @ MILLENNIUM BLVD (0013370),13370,02 - Intersection related,03 - P.D. only,04 - Sideswipe,01 - Clear,01 - Daylight,01 - Dry,11 - Roundabout,01 - Functioning,2,0,0,0,,0,,,,,386797.1792,5036713.566,45.4655361,-75.45141386,3533
17--12800,12/5/2017,5:10 PM,HIGHWAY 417 btwn HWY417 IC113 RAMP85 & HWY417 IC112 RAMP54 (__3ZA287),__3ZA287,01 - Non intersection,03 - P.D. only,04 - Sideswipe,01 - Clear,07 - Dark,02 - Wet,10 - No control,,2,0,0,0,,0,,,,,374126.4073,5031415.2,45.41923682,-75.61417376,3534
17--12801,12/5/2017,5:15 PM,FAIRLEA CRES btwn HEATHERINGTON RD & GORE PRIV (__3ZBORS),__3ZBORS,01 - Non intersection,03 - P.D. only,06 - SMV unattended vehicle,02 - Rain,07 - Dark,02 - Wet,10 - No control,,1,0,0,0,,0,,,,,371901.0277,5026739.35,45.37738242,-75.64324164,3535
17--12802,12/5/2017,5:18 PM,HIGHWAY 417 btwn HWY417 IC119A RAMP75 & HWY417 IC118 RAMP57 (__3ZA2R2),__3ZA2R2,01 - Non intersection,03 - P.D. only,03 - Rear end,01 - Clear,07 - Dark,01 - Dry,10 - No control,,2,0,0,0,,0,,,,,368928.181,5030688.653,45.41319538,-75.68068214,3536
17--12803,12/5/2017,5:24 PM,CARLING AVE btwn MOODIE DR & JAMES CUMMINGS AVE (__3ZA4ZC),__3ZA4ZC,01 - Non intersection,03 - P.D. only,07 - SMV other,01 - Clear,07 - Dark,01 - Dry,10 - No control,,1,0,0,0,,0,,,,,356102.8797,5023893.433,45.35310959,-75.84523552,3537
17--12804,12/5/2017,5:30 PM,INNES RD @ TENTH LINE RD (0004633),4633,02 - Intersection related,03 - P.D. only,99 - Other,01 - Clear,07 - Dark,01 - Dry,01 - Traffic signal,01 - Functioning,2,0,0,0,,0,,,,,383952.7636,5036158.892,45.46087375,-75.48787196,3538
17--12805,12/5/2017,5:48 PM,JOCKVALE RD/RIDEAU VALLEY DR @ PRINCE OF WALES (0004638),4638,03 - At intersection,03 - P.D. only,05 - Turning movement,02 - Rain,07 - Dark,02 - Wet,01 - Traffic signal,01 - Functioning,2,0,0,0,,0,,,,,366710.2533,5012194.146,45.24698437,-75.71132921,3539
17--12806,12/5/2017,5:57 PM,REGIONAL ROAD 174 EB btwn OR174 IC109 RAMP55 & TRANSIT (__3ZA28V),__3ZA28V,07 - Overpass or bridge,02 - Non-fatal injury,03 - Rear end,01 - Clear,07 - Dark,02 - Wet,10 - No control,,3,0,0,0,01 - Minimal,1,1,,,,376494.3521,5035031.102,45.45153184,-75.58339432,3540
17--12807,12/5/2017,6:08 PM,MERIVALE RD @ WEST HUNT CLUB RD (0000584),584,02 - Intersection related,03 - P.D. only,03 - Rear end,01 - Clear,07 - Dark,01 - Dry,01 - Traffic signal,01 - Functioning,2,0,0,0,,0,,,,,365613.642,5021942.262,45.33479294,-75.72410248,3541
17--12808,12/5/2017,6:09 PM,HOPE SIDE RD @ RICHMOND RD (0000581),581,03 - At intersection,03 - P.D. only,02 - Angle,02 - Rain,07 - Dark,02 - Wet,02 - Stop sign,01 - Functioning,2,0,0,0,,0,,,,,356954.3088,5015484.766,45.27738459,-75.83525493,3542
17--12809,12/5/2017,6:11 PM,PRINCE OF WALES DR @ FALAISE RD/KOCHAR DR N (0006962),6962,02 - Intersection related,02 - Non-fatal injury,03 - Rear end,02 - Rain,07 - Dark,02 - Wet,01 - Traffic signal,01 - Functioning,2,0,0,0,02 - Minor,1,,1,,,367460.7064,5024904.751,45.36128631,-75.70016343,3543
17--1281,2/1/2017,11:07 AM,RIVER RD btwn OSGOODE MAIN ST & DALMENY RD (__3ZA3TA),__3ZA3TA,01 - Non intersection,02 - Non-fatal injury,07 - SMV other,05 - Drifting Snow,01 - Daylight,03 - Loose snow,10 - No control,,1,0,0,0,02 - Minor,1,,1,,,373040.7629,4999545.443,45.13258741,-75.63242498,3544
17--12810,12/5/2017,6:15 AM,GREENBANK RD @ IRIS ST/HWY 417 IC129 RAMP51 (0009073),9073,02 - Intersection related,02 - Non-fatal injury,03 - Rear end,02 - Rain,07 - Dark,02 - Wet,01 - Traffic signal,01 - Functioning,2,1,0,0,02 - Minor,1,,1,,,360532.2648,5023313.689,45.34755503,-75.78877405,3545
17--12811,12/5/2017,6:28 PM,GLADSTONE AVE btwn PERCY ST & BAY ST (__3ZA3PR),__3ZA3PR,01 - Non intersection,03 - P.D. only,04 - Sideswipe,02 - Rain,07 - Dark,02 - Wet,10 - No control,,2,0,0,0,,0,,,,,367380.548,5030240.68,45.40930477,-75.70051001,3546
17--12812,12/5/2017,7:14 AM,SPRUCE ST @ BOOTH ST (0006351),6351,02 - Intersection related,03 - P.D. only,03 - Rear end,02 - Rain,03 - Dawn,02 - Wet,02 - Stop sign,01 - Functioning,2,0,0,0,,0,,,,,366561.2235,5030325.036,45.41013656,-75.71096561,3547
17--12813,12/5/2017,7:27 AM,CARLING AVE @ TAVISTOCK RD (0002144),2144,02 - Intersection related,03 - P.D. only,03 - Rear end,02 - Rain,03 - Dawn,02 - Wet,02 - Stop sign,00 - Unknown,3,0,0,0,,0,,,,,360701.2242,5025070.539,45.36334965,-75.78641939,3548
17--12814,12/5/2017,7:30 AM,HAWTHORNE AVE @ MAIN ST (0006919),6919,02 - Intersection related,03 - P.D. only,04 - Sideswipe,01 - Clear,03 - Dawn,01 - Dry,01 - Traffic signal,01 - Functioning,2,0,0,0,,0,,,,,368969.7063,5030633.236,45.41269295,-75.68015887,3549
17--12815,12/5/2017,7:30 AM,HIGHWAY 417 btwn HWY417 IC131 RAMP53 & HWY417 IC131 RAMP51 (__3ZA1MU),__3ZA1MU,01 - Non intersection,03 - P.D. only,04 - Sideswipe,02 - Rain,03 - Dawn,02 - Wet,10 - No control,,3,0,0,0,,0,,,,,357927.6138,5022732.714,45.34252952,-75.82207325,3550
17--12816,12/5/2017,7:32 AM,HUNT CLUB RD @ RIVERSIDE DR (0002237),2237,02 - Intersection related,03 - P.D. only,03 - Rear end,02 - Rain,03 - Dawn,02 - Wet,01 - Traffic signal,01 - Functioning,2,0,0,0,,0,,,,,368036.252,5021945.273,45.33460589,-75.69319598,3551
17--12817,12/5/2017,7:36 PM,HUNT CLUB RD @ RIVERSIDE DR (0002237),2237,02 - Intersection related,03 - P.D. only,04 - Sideswipe,02 - Rain,07 - Dark,02 - Wet,01 - Traffic signal,01 - Functioning,2,0,0,0,,0,,,,,368036.703,5021945.26,45.33460573,-75.69319023,3552
17--12818,12/5/2017,7:43 AM,RAMSAYVILLE RD @ RIDGE RD (0009270),9270,03 - At intersection,02 - Non-fatal injury,02 - Angle,02 - Rain,03 - Dawn,02 - Wet,02 - Stop sign,02 - Not functioning,2,0,0,0,02 - Minor,1,,1,,,376684.0803,5028862.199,45.39600828,-75.58186918,3553
17--12819,12/5/2017,7:48 AM,BLACKBURN BYPASS @ INNES RD E (0009245),9245,02 - Intersection related,03 - P.D. only,03 - Rear end,02 - Rain,03 - Dawn,02 - Wet,01 - Traffic signal,01 - Functioning,2,0,0,0,,0,,,,,379792.7512,5033780.896,45.43993726,-75.54142094,3554
17--1282,2/1/2017,11:30 AM,BLAIR RD @ MONTREAL RD (0009277),9277,03 - At intersection,03 - P.D. only,04 - Sideswipe,01 - Clear,01 - Daylight,01 - Dry,01 - Traffic signal,01 - Functioning,2,0,0,0,,0,,,,,374019.7202,5034439.856,45.44646162,-75.61511158,3555
17--12820,12/5/2017,7:52 AM,MISS OTTAWA ST @ MONTREAL RD (0012424),12424,02 - Intersection related,03 - P.D. only,03 - Rear end,02 - Rain,01 - Daylight,02 - Wet,01 - Traffic signal,01 - Functioning,2,0,0,0,,0,,,,,375798.7311,5034647.247,45.44814916,-75.59234204,3556
17--12821,12/5/2017,7:54 AM,BLAIR RD btwn MEADOWBROOK RD & LAURA PRIV (__5J9N74),__5J9N74,01 - Non intersection,03 - P.D. only,04 - Sideswipe,02 - Rain,01 - Daylight,02 - Wet,10 - No control,,2,0,0,0,,0,,,,,375238.9457,5032253.229,45.42666581,-75.5998401,3557
17--12822,12/5/2017,8:00 AM,CASTLEFRANK RD @ HAZELDEAN RD (0003608),3608,02 - Intersection related,03 - P.D. only,03 - Rear end,02 - Rain,01 - Daylight,02 - Wet,01 - Traffic signal,01 - Functioning,2,0,0,0,,0,,,,,352679.5503,5017676.769,45.29741291,-75.88952508,3558
17--12823,12/5/2017,8:02 AM,MERIVALE RD @ SLACK RD (0000110),110,02 - Intersection related,02 - Non-fatal injury,03 - Rear end,02 - Rain,01 - Daylight,02 - Wet,01 - Traffic signal,01 - Functioning,2,0,0,0,02 - Minor,1,,1,,,366019.7003,5020956.203,45.32588521,-75.71904417,3559
17--12824,12/5/2017,8:06 AM,PAUL ANKA DR @ UPLANDS DR (0007476),7476,03 - At intersection,03 - P.D. only,02 - Angle,02 - Rain,01 - Daylight,02 - Wet,02 - Stop sign,01 - Functioning,2,0,0,0,,0,,,,,369458.0579,5023574.847,45.34913882,-75.67484467,3560