Anom_ID,Accident_Date,Accident_Time,Location,Geo_ID,Accident_Location,Classification_of_Accident,Initial_Impact_Type,Environment_Condition,Light,Road_Surface_Condition,Traffic_Control,Traffic_Control_Condition,No__of_Vehicles,No__of_Bicycles,No__of_Motorcycles,No__of_Pedestrians,Max_Injury,No__of_Injuries,No__of_Minimal,No__of_Minor,No__of_Major,No__of_Fatal,X,Y,Latitude,Longitude,ObjectId
17--12825,12/5/2017,8:15 PM,BLAIR RD @ OGILVIE RD (0004120),4120,02 - Intersection related,03 - P.D. only,03 - Rear end,02 - Rain,07 - Dark,02 - Wet,01 - Traffic signal,01 - Functioning,2,0,0,0,,0,,,,,374506.29,5033199.292,45.43525137,-75.60906785,3561
17--12826,12/5/2017,8:27 AM,COVENTRY RD @ VANIER PKWY (0002139),2139,02 - Intersection related,03 - P.D. only,03 - Rear end,02 - Rain,01 - Daylight,02 - Wet,01 - Traffic signal,01 - Functioning,3,0,0,0,,0,,,,,370677.3317,5031612.886,45.42134878,-75.65821338,3562
17--12827,12/5/2017,8:45 PM,ST. LAURENT BLVD @ TREMBLAY RD (0002573),2573,03 - At intersection,03 - P.D. only,04 - Sideswipe,02 - Rain,07 - Dark,02 - Wet,01 - Traffic signal,01 - Functioning,3,0,0,0,,0,,,,,372595.7639,5031241.421,45.41782323,-75.63375337,3563
17--12828,12/5/2017,8:48 AM,RAMSAYVILLE RD @ MITCH OWENS RD (0003575),3575,02 - Intersection related,03 - P.D. only,03 - Rear end,02 - Rain,01 - Daylight,02 - Wet,02 - Stop sign,01 - Functioning,2,0,0,0,,0,,,,,381145.7472,5018037.754,45.29814445,-75.52656198,3564
17--12829,12/5/2017,8:49 PM,BELCOURT BLVD @ INNES RD (0004202),4202,03 - At intersection,02 - Non-fatal injury,05 - Turning movement,02 - Rain,07 - Dark,02 - Wet,01 - Traffic signal,01 - Functioning,2,0,0,0,01 - Minimal,1,1,,,,382123.4096,5035266.969,45.45305384,-75.51140064,3565
17--1283,2/1/2017,11:49 AM,MERIVALE RD btwn BURRIS LANE & OT/NE BOUNDARY (__3ZAZ7D),__3ZAZ7D,01 - Non intersection,03 - P.D. only,03 - Rear end,01 - Clear,01 - Daylight,01 - Dry,10 - No control,,2,0,0,0,,0,,,,,364928.1621,5025149.729,45.36371237,-75.73245747,3566
17--12830,12/5/2017,8:50 AM,ST. LAURENT BLVD @ COVENTRY RD/OGILVIE RD (0002151),2151,03 - At intersection,03 - P.D. only,05 - Turning movement,02 - Rain,01 - Daylight,02 - Wet,01 - Traffic signal,01 - Functioning,2,0,0,0,,0,,,,,372304.0473,5031951.575,45.42424107,-75.63738299,3567
17--12831,12/5/2017,8:50 AM,HIGHWAY 417 btwn HWY417 IC124 RAMP65 & HWY417 IC122 RAMP51 (__3ZA2R8),__3ZA2R8,01 - Non intersection,03 - P.D. only,03 - Rear end,02 - Rain,01 - Daylight,02 - Wet,10 - No control,,2,0,0,0,,0,,,,,364853.1493,5028174.04,45.39093101,-75.73304713,3568
17--12832,12/5/2017,9:34 AM,BASELINE RD btwn SOUTHWOOD DR & COBDEN RD (__3ZA4MP),__3ZA4MP,04 - At/near private drive,02 - Non-fatal injury,02 - Angle,02 - Rain,01 - Daylight,02 - Wet,10 - No control,,2,0,0,0,02 - Minor,3,2,1,,,361427.2298,5023080.151,45.34538197,-75.77738062,3569
17--12833,12/6/2017,1:50 PM,HWY 417 TERRYFO IC140R61 @ TERRY FOX DR (0011777),11777,03 - At intersection,03 - P.D. only,04 - Sideswipe,01 - Clear,01 - Daylight,01 - Dry,01 - Traffic signal,01 - Functioning,2,0,0,0,,0,,,,,350809.8733,5018709.647,45.30683196,-75.91326674,3570
17--12834,12/6/2017,10:31 PM,MACDONALD-CARTIER BR btwn RAMP & END (1) (__3ZA1QK),__3ZA1QK,07 - Overpass or bridge,03 - P.D. only,04 - Sideswipe,01 - Clear,07 - Dark,06 - Ice,10 - No control,,2,0,0,0,,0,,,,,367285.2072,5033273.367,45.43660044,-75.70134323,3571
17--12835,12/6/2017,10:43 AM,MERIVALE RD/LOTTA AVE @ CLYDE AVE (0001112),1112,02 - Intersection related,03 - P.D. only,04 - Sideswipe,01 - Clear,01 - Daylight,01 - Dry,01 - Traffic signal,01 - Functioning,2,0,0,0,,0,,,,,364521.6618,5024507.645,45.35796974,-75.73772362,3572
17--12836,12/6/2017,11:15 AM,ST. JOSEPH BLVD @ TENTH LINE RD (0009163),9163,02 - Intersection related,03 - P.D. only,03 - Rear end,01 - Clear,01 - Daylight,01 - Dry,01 - Traffic signal,01 - Functioning,2,0,0,0,,0,,,,,382893.1427,5038666.967,45.48355843,-75.50102065,3573
17--12837,12/6/2017,11:46 AM,BOOTH ST btwn LOUISA ST & ARLINGTON AVE (__3ZBODQ),__3ZBODQ,01 - Non intersection,03 - P.D. only,04 - Sideswipe,01 - Clear,01 - Daylight,01 - Dry,10 - No control,,2,0,0,0,,0,,,,,366808.4601,5029756.222,45.40499667,-75.70787887,3574
17--12838,12/6/2017,Unknown,LARKIN DR btwn OTTEN DR & RAFTUS SQ (__3ZAB8M),__3ZAB8M,01 - Non intersection,03 - P.D. only,06 - SMV unattended vehicle,01 - Clear,00 - Unknown,01 - Dry,10 - No control,,1,0,0,0,,0,,,,,361769.3631,5015828.855,45.28010706,-75.77384876,3575
17--12839,12/6/2017,12:30 PM,BEAUSEJOUR DR btwn DES FAISANS GT & ORLEANS BLVD (__3ZA63M),__3ZA63M,01 - Non intersection,03 - P.D. only,04 - Sideswipe,01 - Clear,01 - Daylight,01 - Dry,10 - No control,,2,0,0,0,,0,,,,,380548.3452,5035361.946,45.45408087,-75.53152069,3576
17--1284,2/1/2017,11:50 AM,THORNBURY CRES btwn REDDING WAY & REDDING WAY (__3ZBO79),__3ZBO79,04 - At/near private drive,03 - P.D. only,06 - SMV unattended vehicle,03 - Snow,01 - Daylight,03 - Loose snow,10 - No control,,1,0,0,0,,0,,,,,362041.2295,5023363.43,45.34788107,-75.76951323,3577
17--12840,12/6/2017,12:50 PM,ISABELLA ST/HWY417 IC119AR75 @ METCALFE ST (0011380),11380,03 - At intersection,03 - P.D. only,04 - Sideswipe,01 - Clear,01 - Daylight,01 - Dry,01 - Traffic signal,01 - Functioning,2,0,0,0,,0,,,,,368450.3787,5030399.565,45.41063789,-75.68682337,3578
17--12841,12/6/2017,2:17 PM,KING EDWARD AVE @ RIDEAU ST (0002121),2121,02 - Intersection related,03 - P.D. only,03 - Rear end,01 - Clear,01 - Daylight,01 - Dry,01 - Traffic signal,01 - Functioning,3,0,0,0,,0,,,,,368511.7072,5032413.815,45.42875583,-75.68577948,3579
17--12842,12/6/2017,2:33 PM,PRINCE OF WALES DR btwn NAVY PRIV & PRESTON ST (__3ZAZDX),__3ZAZDX,01 - Non intersection,03 - P.D. only,03 - Rear end,01 - Clear,01 - Daylight,01 - Dry,10 - No control,,2,0,0,0,,0,,,,,366848.2787,5028692.448,45.39542159,-75.70750409,3580
17--12843,12/6/2017,2:48 PM,GREENBANK RD btwn WEST HUNT CLUB RD & FALLOWFIELD RD (__3ZA1NE),__3ZA1NE,01 - Non intersection,03 - P.D. only,07 - SMV other,01 - Clear,01 - Daylight,01 - Dry,10 - No control,,1,0,0,0,,0,,,,,361519.4403,5020408.929,45.32133892,-75.77651013,3581
17--12844,12/6/2017,3:02 PM,ST. LAURENT BLVD btwn QUEEN MARY ST & CYRVILLE RD (__3ZBOFG),__3ZBOFG,04 - At/near private drive,03 - P.D. only,02 - Angle,01 - Clear,01 - Daylight,01 - Dry,10 - No control,,2,0,0,0,,0,,,,,372238.0419,5032124.289,45.42580144,-75.63820272,3582
17--12845,12/6/2017,3:15 PM,HIGHWAY 417 btwn HWY417 IC117 RAMP25 & HWY417 IC115 RAMP51 (__3ZA2R3),__3ZA2R3,01 - Non intersection,02 - Non-fatal injury,03 - Rear end,01 - Clear,01 - Daylight,01 - Dry,10 - No control,,2,0,0,0,01 - Minimal,1,1,,,,371381.0809,5031379.407,45.41918141,-75.64925336,3583
17--12846,12/6/2017,3:20 PM,MERIVALE RD/LOTTA AVE @ CLYDE AVE (0001112),1112,02 - Intersection related,03 - P.D. only,03 - Rear end,01 - Clear,01 - Daylight,01 - Dry,01 - Traffic signal,01 - Functioning,2,0,0,0,,0,,,,,364522.8361,5024507.899,45.35797193,-75.7377086,3584
17--12847,12/6/2017,3:35 PM,HAZELDEAN RD @ SWEETNAM DR (0005271),5271,03 - At intersection,02 - Non-fatal injury,02 - Angle,01 - Clear,01 - Daylight,01 - Dry,02 - Stop sign,01 - Functioning,2,0,0,0,02 - Minor,1,,1,,,350475.9208,5015655.773,45.27937409,-75.91780643,3585
17--12848,12/6/2017,3:50 PM,SUNNYSIDE AVE btwn BANK ST & WILLARD ST (__3ZA9JQ),__3ZA9JQ,04 - At/near private drive,03 - P.D. only,02 - Angle,01 - Clear,01 - Daylight,01 - Dry,10 - No control,,2,0,0,0,,0,,,,,368776.1854,5028604.076,45.39445296,-75.68289433,3586
17--12849,12/6/2017,3:53 PM,HWY 417 INNES IC112R57 @ INNES RD (0012298),12298,02 - Intersection related,02 - Non-fatal injury,03 - Rear end,01 - Clear,01 - Daylight,01 - Dry,01 - Traffic signal,01 - Functioning,3,0,0,0,03 - Major,1,,,1,,374299.0344,5030753.99,45.41327046,-75.61206152,3587
17--1285,2/1/2017,Unknown,ROGER GUINDON AVE btwn PETER MORAND CRES & PETER MORAND CRES (__3ZAZAJ),__3ZAZAJ,01 - Non intersection,03 - P.D. only,06 - SMV unattended vehicle,01 - Clear,00 - Unknown,01 - Dry,10 - No control,,1,0,0,0,,0,,,,,371905.364,5029628.362,45.40337618,-75.64279341,3588
17--12850,12/6/2017,4:20 PM,MACKENZIE KING BR/WALLER ST @ NICHOLAS ST/WALL (0011251),11251,03 - At intersection,02 - Non-fatal injury,07 - SMV other,01 - Clear,05 - Dusk,01 - Dry,01 - Traffic signal,01 - Functioning,1,0,0,1,01 - Minimal,1,1,,,,368372.1456,5031992.638,45.42497893,-75.68761723,3589
17--12851,12/6/2017,4:29 PM,BASELINE RD @ CLYDE AVE (0002343),2343,02 - Intersection related,03 - P.D. only,03 - Rear end,01 - Clear,05 - Dusk,01 - Dry,01 - Traffic signal,01 - Functioning,2,0,0,0,,0,,,,,364358.5462,5024890.625,45.36142962,-75.73975926,3590
17--12852,12/6/2017,4:36 AM,REGIONAL ROAD 174 btwn TRANSIT & OR174 IC105 RAMP51 (__3ZA28H),__3ZA28H,01 - Non intersection,03 - P.D. only,07 - SMV other,01 - Clear,07 - Dark,01 - Dry,10 - No control,,1,0,0,0,,0,,,,,378568.5293,5036528.451,45.46478805,-75.55665508,3591
17--12853,12/6/2017,4:38 PM,BASELINE RD btwn 207 E OF CLYDE AVE & LOBLAWS SC (__3ZA4ISB),__3ZA4ISB,04 - At/near private drive,02 - Non-fatal injury,05 - Turning movement,01 - Clear,05 - Dusk,01 - Dry,10 - No control,,2,0,0,0,02 - Minor,1,,1,,,364654.5613,5025074.892,45.36306241,-75.73595877,3592
17--12854,12/6/2017,4:41 PM,MACKAY ST @ VAUGHAN ST (0011558),11558,03 - At intersection,02 - Non-fatal injury,02 - Angle,01 - Clear,05 - Dusk,01 - Dry,02 - Stop sign,01 - Functioning,2,0,0,0,02 - Minor,1,,1,,,369064.7075,5033636.362,45.43970524,-75.67855341,3593
17--12855,12/6/2017,4:43 PM,BASELINE RD @ FISHER AVE (0002346),2346,02 - Intersection related,03 - P.D. only,03 - Rear end,01 - Clear,05 - Dusk,01 - Dry,01 - Traffic signal,01 - Functioning,2,0,0,0,,0,,,,,366167.0281,5026027.864,45.3715063,-75.71653561,3594
17--12856,12/6/2017,5:05 PM,CYRVILLE RD @ ST. LAURENT BLVD (0002647),2647,02 - Intersection related,03 - P.D. only,04 - Sideswipe,01 - Clear,07 - Dark,01 - Dry,01 - Traffic signal,00 - Unknown,2,0,0,0,,0,,,,,372242.1718,5032111.805,45.42568872,-75.63815166,3595
17--12857,12/6/2017,5:20 PM,HIGHWAY 417 btwn HWY417 IC119A RAMP75 & HWY417 IC118 RAMP57 (__3ZA2R2),__3ZA2R2,01 - Non intersection,03 - P.D. only,03 - Rear end,01 - Clear,07 - Dark,01 - Dry,10 - No control,,2,0,0,0,,0,,,,,368902.7767,5030671.169,45.41304039,-75.68100895,3596
17--12858,12/6/2017,5:30 PM,DWYER HILL RD btwn ROGER STEVENS DR & FLOOD RD (__3ZBOCI),__3ZBOCI,01 - Non intersection,03 - P.D. only,07 - SMV other,01 - Clear,07 - Dark,01 - Dry,10 - No control,,1,0,0,0,,0,,,,,356375.8278,4986644.438,45.0179104,-75.84560389,3597
17--12859,12/6/2017,5:33 PM,INNES RD btwn INDUSTRIAL AVE & BANTREE ST (__3ZA2XQ),__3ZA2XQ,01 - Non intersection,03 - P.D. only,04 - Sideswipe,01 - Clear,07 - Dark,01 - Dry,10 - No control,,3,0,0,0,,0,,,,,373577.8215,5030328.936,45.40951729,-75.62133414,3598
17--1286,2/1/2017,Unknown,PLAINRIDGE CRES btwn GRAPEFERN TER & END (1) (__5UW3Z9),__5UW3Z9,04 - At/near private drive,03 - P.D. only,06 - SMV unattended vehicle,03 - Snow,00 - Unknown,03 - Loose snow,10 - No control,,1,0,0,0,,0,,,,,386218.4107,5036275.876,45.4616659,-75.45888645,3599
17--12860,12/6/2017,5:40 PM,WOODROFFE AVE @ SPORTSPLEX S (0010592),10592,02 - Intersection related,03 - P.D. only,03 - Rear end,01 - Clear,07 - Dark,01 - Dry,01 - Traffic signal,01 - Functioning,2,0,0,0,,0,,,,,363830.304,5020899.879,45.32556595,-75.74697769,3600
17--12861,12/6/2017,6:07 PM,CARLING AVE @ KIRKWOOD AVE N (0002358),2358,03 - At intersection,03 - P.D. only,04 - Sideswipe,01 - Clear,07 - Dark,01 - Dry,01 - Traffic signal,01 - Functioning,2,0,0,0,,0,,,,,364275.5151,5027494.236,45.38486355,-75.74050551,3601
17--12862,12/6/2017,6:54 AM,LEITRIM RD btwn FENTON RD & BANK ST (__3ZA3SF),__3ZA3SF,04 - At/near private drive,03 - P.D. only,02 - Angle,01 - Clear,03 - Dawn,01 - Dry,10 - No control,,2,0,0,0,,0,,,,,375340.6973,5021608.126,45.3308761,-75.60006072,3602
17--12863,12/6/2017,7:05 PM,REGIONAL ROAD 174 EB btwn OR174 IC109 RAMP55 & TRANSIT (__3ZA28V),__3ZA28V,01 - Non intersection,03 - P.D. only,03 - Rear end,01 - Clear,07 - Dark,01 - Dry,10 - No control,,2,0,0,0,,0,,,,,376493.289,5035034.177,45.45155961,-75.58340746,3603
17--12864,12/6/2017,7:20 AM,MCARTHUR AVE @ CARMEN AVE (0009811),9811,02 - Intersection related,03 - P.D. only,07 - SMV other,01 - Clear,03 - Dawn,01 - Dry,02 - Stop sign,00 - Unknown,1,0,0,0,,0,,,,,370904.2361,5032767.283,45.43171414,-75.65515936,3604
17--12865,12/6/2017,7:22 PM,KINBURN SIDE RD btwn LOGGERS WAY & JOHN SHAW RD (__3ZA4R5),__3ZA4R5,01 - Non intersection,02 - Non-fatal injury,07 - SMV other,01 - Clear,07 - Dark,01 - Dry,10 - No control,,1,0,0,0,03 - Major,1,,,1,,329922.9739,5028681.404,45.39762078,-76.17911084,3605
17--12866,12/6/2017,7:24 PM,TENTH LINE RD @ CHARLEMAGNE BLVD N/TOMPKINS AV (0009222),9222,03 - At intersection,03 - P.D. only,05 - Turning movement,01 - Clear,07 - Dark,01 - Dry,01 - Traffic signal,01 - Functioning,2,0,0,0,,0,,,,,383182.577,5037977.656,45.4773242,-75.49742874,3606
17--12867,12/6/2017,7:32 PM,ANDERSON RD @ INNES RD (0004200),4200,02 - Intersection related,03 - P.D. only,03 - Rear end,01 - Clear,07 - Dark,01 - Dry,01 - Traffic signal,01 - Functioning,2,0,0,0,,0,,,,,376281.219,5031841.803,45.42285831,-75.58658198,3607
17--12868,12/6/2017,7:55 AM,HIGHWAY 417 btwn HWY417 IC130 RAMP35 & HWY417 IC130 RAMP25 (__3ZA298),__3ZA298,01 - Non intersection,03 - P.D. only,04 - Sideswipe,01 - Clear,01 - Daylight,01 - Dry,10 - No control,,2,0,0,0,,0,,,,,359283.7817,5023073.506,45.34549195,-75.8047318,3608
17--12869,12/6/2017,8:00 PM,MONTREAL RD @ NORTH RIVER RD (0009805),9805,03 - At intersection,03 - P.D. only,02 - Angle,01 - Clear,07 - Dark,01 - Dry,01 - Traffic signal,01 - Functioning,2,0,0,0,,0,,,,,369739.3743,5032888.254,45.43291173,-75.67002926,3609
17--1287,2/1/2017,12:23 PM,CYRVILLE RD @ INNES RD (0009352),9352,02 - Intersection related,03 - P.D. only,99 - Other,01 - Clear,01 - Daylight,02 - Wet,01 - Traffic signal,01 - Functioning,2,0,0,0,,0,,,,,375047.182,5031119.293,45.41648256,-75.60245208,3610
17--12870,12/6/2017,8:10 AM,BORRISOKANE RD btwn CAMBRIAN RD & STRANDHERD DR (__3ZA1CC),__3ZA1CC,01 - Non intersection,02 - Non-fatal injury,07 - SMV other,01 - Clear,01 - Daylight,01 - Dry,10 - No control,,1,0,0,0,02 - Minor,1,,1,,,362746.6687,5012158.543,45.24700149,-75.76182086,3611
17--12871,12/6/2017,8:15 AM,CONROY RD btwn CONROY RD & ROSEBELLA AVE (__3ZA3S2),__3ZA3S2,01 - Non intersection,03 - P.D. only,03 - Rear end,01 - Clear,01 - Daylight,01 - Dry,10 - No control,,2,0,0,0,,0,,,,,373840.9975,5025227.934,45.36359487,-75.61868589,3612
17--13050,12/10/2017,2:31 PM,BOTTRIELL WAY N @ CHARLEMAGNE BLVD (0004324),4324,03 - At intersection,03 - P.D. only,05 - Turning movement,01 - Clear,01 - Daylight,01 - Dry,01 - Traffic signal,01 - Functioning,2,0,0,0,,0,,,,,383695.2907,5037953.914,45.47705285,-75.49087558,3613
17--13414,12/14/2017,9:48 PM,DONNELLY DR btwn MERLYN WILSON RD & MCCORDICK RD (__3ZA30Q),__3ZA30Q,01 - Non intersection,03 - P.D. only,07 - SMV other,01 - Clear,07 - Dark,02 - Wet,10 - No control,,1,0,0,0,,0,,,,,370037.3658,4991531.893,45.06076411,-75.67164764,3614
17--13051,12/10/2017,2:48 PM,PRINCE OF WALES DR @ SANFORD AVE (0003133),3133,02 - Intersection related,03 - P.D. only,02 - Angle,03 - Snow,01 - Daylight,03 - Loose snow,02 - Stop sign,00 - Unknown,2,0,0,0,,0,,,,,366803.2756,5026129.249,45.37236253,-75.70840078,3615
17--13327,12/14/2017,Unknown,INGLEWOOD PL btwn HOLLAND AVE & HINTON AVE S (__3ZA0I1),__3ZA0I1,01 - Non intersection,03 - P.D. only,06 - SMV unattended vehicle,01 - Clear,00 - Unknown,02 - Wet,10 - No control,,1,0,0,0,,0,,,,,365410.4857,5028239.299,45.39147019,-75.72592189,3616
17--12872,12/6/2017,8:37 AM,PRINCE OF WALES DR @ WEST HUNT CLUB RD (0000567),567,02 - Intersection related,03 - P.D. only,03 - Rear end,01 - Clear,01 - Daylight,01 - Dry,01 - Traffic signal,01 - Functioning,2,0,0,0,,0,,,,,367459.7136,5021890.834,45.33416778,-75.70055796,3617
17--13415,12/14/2017,9:59 AM,BASELINE RD @ CENTREPOINTE DR E/HIGHGATE RD (0011468),11468,03 - At intersection,03 - P.D. only,03 - Rear end,01 - Clear,01 - Daylight,03 - Loose snow,01 - Traffic signal,00 - Unknown,2,0,0,0,,0,,,,,362061.7411,5023466.246,45.34880452,-75.76923958,3618
17--13052,12/10/2017,3:37 AM,BEECH ST btwn CHAMPAGNE AVE S & RAILWAY ST (__3ZA045),__3ZA045,01 - Non intersection,03 - P.D. only,06 - SMV unattended vehicle,03 - Snow,07 - Dark,03 - Loose snow,10 - No control,,1,0,0,0,,0,,,,,366470.1185,5029179.124,45.39983399,-75.71227274,3619
17--13328,12/14/2017,Unknown,ROTHBURY CRES btwn PROVENDER AVE & DRAYTON PRIV (__3ZA1KB),__3ZA1KB,01 - Non intersection,03 - P.D. only,06 - SMV unattended vehicle,03 - Snow,00 - Unknown,03 - Loose snow,10 - No control,,1,0,0,0,,0,,,,,372947.137,5034736.764,45.44923844,-75.6287805,3620
17--12873,12/6/2017,8:48 AM,ST. JOSEPH BLVD @ JEANNE D'ARC BLVD (0012421),12421,03 - At intersection,03 - P.D. only,04 - Sideswipe,01 - Clear,01 - Daylight,01 - Dry,11 - Roundabout,01 - Functioning,2,0,0,0,,0,,,,,379861.077,5036470.243,45.46412664,-75.54013731,3621
17--13416,12/15/2017,1:14 PM,OGILVIE RD btwn CUMMINGS AVE & BEAULIEU PL (__54PO0D),__54PO0D,01 - Non intersection,03 - P.D. only,03 - Rear end,03 - Snow,01 - Daylight,02 - Wet,10 - No control,,2,0,0,0,,0,,,,,372789.4354,5032193.164,45.42636777,-75.63114771,3622
17--13053,12/10/2017,3:55 PM,WOODROFFE AVE btwn HWY417 IC127 RAMP62 & HWY417 IC127 RAMP26 (__3ZA4ME),__3ZA4ME,01 - Non intersection,03 - P.D. only,03 - Rear end,01 - Clear,01 - Daylight,01 - Dry,10 - No control,,2,0,0,0,,0,,,,,362069.3058,5024971.298,45.36234626,-75.7689687,3623
17--13329,12/14/2017,12:39 PM,EAGLESON RD btwn EAGLESON BUSINESS CENTRE & MICHAEL COWPLAND DR/STONEH (__3ZA41JB),__3ZA41JB,04 - At/near private drive,03 - P.D. only,02 - Angle,01 - Clear,01 - Daylight,05 - Packed snow,10 - No control,,2,0,0,0,,0,,,,,354329.1512,5016758.327,45.28903422,-75.86858529,3624
17--12874,12/6/2017,9:06 AM,WELLINGTON ST btwn BANK ST & O'CONNOR ST (__3ZA3MF),__3ZA3MF,01 - Non intersection,03 - P.D. only,01 - Approaching,01 - Clear,01 - Daylight,01 - Dry,10 - No control,,2,0,0,0,,0,,,,,367387.6951,5031706.232,45.42249071,-75.70023258,3625
17--13417,12/15/2017,1:27 PM,LEES AVE @ KING EDWARD AVE/MANN AVE (0011413),11413,02 - Intersection related,03 - P.D. only,04 - Sideswipe,01 - Clear,01 - Daylight,01 - Dry,01 - Traffic signal,01 - Functioning,2,0,0,0,,0,,,,,369178.8669,5031335.146,45.41898927,-75.67739519,3626
17--13054,12/10/2017,4:30 PM,TENTH LINE RD btwn AMIENS ST & 275 N OF DES EPINETTES AVE/FALLINGBROOK (__3ZA3YNA),__3ZA3YNA,01 - Non intersection,03 - P.D. only,04 - Sideswipe,01 - Clear,05 - Dusk,02 - Wet,10 - No control,,2,0,0,0,,0,,,,,383376.4737,5037508.693,45.4730831,-75.49502404,3627
17--13055,12/10/2017,4:46 PM,AIRPORT PKWY btwn RAMP & RAMP (1) (__3ZA223),__3ZA223,01 - Non intersection,03 - P.D. only,04 - Sideswipe,01 - Clear,05 - Dusk,02 - Wet,10 - No control,,2,0,0,0,,0,,,,,369026.4626,5026155.151,45.37239536,-75.68001673,3628
17--13056,12/10/2017,5:15 PM,MANOTICK STATION RD btwn NICK ADAMS RD & HERBERTS CORNERS RD (__3ZAZG9),__3ZAZG9,01 - Non intersection,03 - P.D. only,07 - SMV other,01 - Clear,07 - Dark,01 - Dry,10 - No control,,1,0,0,0,,0,,,,,375926.4798,5007709.624,45.20576279,-75.5945789,3629
17--13057,12/10/2017,5:16 PM,LAURIER AVE   W btwn BANK ST & O'CONNOR ST (__3ZA34B),__3ZA34B,01 - Non intersection,03 - P.D. only,06 - SMV unattended vehicle,01 - Clear,07 - Dark,01 - Dry,10 - No control,,1,0,0,0,,0,,,,,367567.7041,5031316.413,45.41896712,-75.69798225,3630
17--13058,12/10/2017,5:40 AM,RIVERSIDE DR @ WALKLEY RD (0002158),2158,03 - At intersection,03 - P.D. only,07 - SMV other,03 - Snow,07 - Dark,03 - Loose snow,01 - Traffic signal,01 - Functioning,1,0,0,0,,0,,,,,368417.7772,5024854.239,45.36074562,-75.68795457,3631
17--13059,12/10/2017,5:49 PM,FALLOWFIELD RD @ HWY 416 FALLOWFI IC66R34 (0005504),5504,02 - Intersection related,02 - Non-fatal injury,03 - Rear end,01 - Clear,07 - Dark,01 - Dry,01 - Traffic signal,01 - Functioning,2,0,0,0,02 - Minor,1,,1,,,359823.0026,5014726.886,45.27034645,-75.79877798,3632
17--1306,2/1/2017,6:39 PM,DALEHURST DR @ WOODFIELD DR (0005119),5119,03 - At intersection,02 - Non-fatal injury,07 - SMV other,01 - Clear,07 - Dark,02 - Wet,02 - Stop sign,01 - Functioning,1,0,0,1,01 - Minimal,1,1,,,,363756.6123,5021821.311,45.33386312,-75.74780792,3633
17--13060,12/10/2017,6:17 PM,BRONSON AVE btwn POWELL AVE & CLEMOW AVE (__3ZA3OX),__3ZA3OX,01 - Non intersection,03 - P.D. only,02 - Angle,01 - Clear,07 - Dark,01 - Dry,10 - No control,,2,0,0,0,,0,,,,,367394.7102,5029457.528,45.40225693,-75.70042852,3634
17--13061,12/10/2017,6:45 AM,HIGHWAY 417 btwn HWY417 IC155 RAMP25 & RAMP (__3ZAZN1),__3ZAZN1,01 - Non intersection,03 - P.D. only,07 - SMV other,03 - Snow,07 - Dark,02 - Wet,10 - No control,,1,0,0,0,,0,,,,,344345.1531,5015406.285,45.27750067,-75.99596691,3635
17--13062,12/10/2017,6:50 PM,FALLOWFIELD RD @ MOODIE DR (0010412),10412,03 - At intersection,03 - P.D. only,05 - Turning movement,01 - Clear,07 - Dark,01 - Dry,01 - Traffic signal,01 - Functioning,2,0,0,0,,0,,,,,359501.1825,5014636.176,45.26955533,-75.80288899,3636
17--13063,12/10/2017,7:17 PM,GREENBANK RD @ IRIS ST/HWY 417 IC129 RAMP51 (0009073),9073,03 - At intersection,03 - P.D. only,05 - Turning movement,01 - Clear,07 - Dark,02 - Wet,01 - Traffic signal,01 - Functioning,2,0,0,0,,0,,,,,360531.4014,5023312.563,45.34754496,-75.78878519,3637
17--13064,12/10/2017,9:50 PM,HIGHWAY 417 btwn HWY417 IC155 RAMP61 & HWY417 IC145 RAMP56 (__3ZA2Q2),__3ZA2Q2,01 - Non intersection,03 - P.D. only,07 - SMV other,01 - Clear,07 - Dark,02 - Wet,10 - No control,,1,0,0,0,,0,,,,,344360.4018,5015437.852,45.27778387,-75.99577005,3638
17--13065,12/10/2017,9:52 AM,HIGHWAY 417 btwn HWY417 IC124 RAMP65 & HWY417 IC122 RAMP51 (__3ZA2R8),__3ZA2R8,01 - Non intersection,03 - P.D. only,04 - Sideswipe,01 - Clear,01 - Daylight,02 - Wet,10 - No control,,2,0,0,0,,0,,,,,365166.955,5028716.203,45.3957823,-75.72897348,3639
17--13066,12/11/2017,1:00 PM,HIGHWAY 417 btwn HWY417 IC122 RAMP61 & HWY417 IC121B RAMP16 (__3ZA2Y4),__3ZA2Y4,01 - Non intersection,03 - P.D. only,03 - Rear end,01 - Clear,01 - Daylight,01 - Dry,10 - No control,,2,0,0,0,,0,,,,,365810.0568,5029207.537,45.40014747,-75.72069956,3640
17--13067,12/11/2017,1:15 PM,CHAREST WAY @ LICHEN AVE W (0010098),10098,03 - At intersection,03 - P.D. only,02 - Angle,01 - Clear,01 - Daylight,06 - Ice,03 - Yield sign,01 - Functioning,2,0,0,0,,0,,,,,385327.6225,5036616.15,45.46483061,-75.47021954,3641
17--13068,12/11/2017,1:21 PM,HOLLAND AVE @ ISLAND PARK DR/N.C.C. DRIVEWAY (0010787),10787,02 - Intersection related,03 - P.D. only,02 - Angle,01 - Clear,01 - Daylight,01 - Dry,01 - Traffic signal,01 - Functioning,2,0,0,0,,0,,,,,365426.0321,5027916.866,45.38856766,-75.72576298,3642
17--13069,12/11/2017,10:03 AM,ALTA VISTA DR @ PALEN AVE (0007122),7122,02 - Intersection related,03 - P.D. only,03 - Rear end,01 - Clear,01 - Daylight,01 - Dry,02 - Stop sign,00 - Unknown,2,0,0,0,,0,,,,,370422.3868,5027284.484,45.3824274,-75.66204669,3643