Anom_ID,Accident_Date,Accident_Time,Location,Geo_ID,Accident_Location,Classification_of_Accident,Initial_Impact_Type,Environment_Condition,Light,Road_Surface_Condition,Traffic_Control,Traffic_Control_Condition,No__of_Vehicles,No__of_Bicycles,No__of_Motorcycles,No__of_Pedestrians,Max_Injury,No__of_Injuries,No__of_Minimal,No__of_Minor,No__of_Major,No__of_Fatal,X,Y,Latitude,Longitude,ObjectId
17--1307,2/1/2017,6:40 PM,HIGHWAY 417 btwn HWY417 IC138 RAMP61 & HWY417 IC134 RAMP36 (__3ZA20I),__3ZA20I,01 - Non intersection,03 - P.D. only,03 - Rear end,03 - Snow,07 - Dark,02 - Wet,10 - No control,,2,0,0,0,,0,,,,,353829.5243,5020772.23,45.32518717,-75.87455724,3644
17--13070,12/11/2017,10:10 AM,BYRON AVE @ ISLAND PARK DR (0006365),6365,02 - Intersection related,03 - P.D. only,03 - Rear end,01 - Clear,01 - Daylight,01 - Dry,01 - Traffic signal,01 - Functioning,2,0,0,0,,0,,,,,364255.6901,5028603.551,45.39484665,-75.74062499,3645
17--13071,12/11/2017,10:30 AM,WHITE ALDER AVE btwn FLAT SEDGE CRES & STALWART CRES W (__67PTMM),__67PTMM,01 - Non intersection,03 - P.D. only,06 - SMV unattended vehicle,01 - Clear,01 - Daylight,01 - Dry,10 - No control,,1,0,0,0,,0,,,,,375442.944,5020718.545,45.32286173,-75.59888338,3646
17--13072,12/11/2017,10:42 AM,HAWTHORNE AVE @ MAIN ST (0006919),6919,02 - Intersection related,03 - P.D. only,05 - Turning movement,01 - Clear,01 - Daylight,01 - Dry,01 - Traffic signal,01 - Functioning,2,0,0,0,,0,,,,,368970.7096,5030631.384,45.4126762,-75.6801463,3647
17--13073,12/11/2017,10:50 AM,WEST HUNT CLUB RD @ WOODROFFE AVE (0000576),576,02 - Intersection related,03 - P.D. only,03 - Rear end,01 - Clear,01 - Daylight,01 - Dry,01 - Traffic signal,01 - Functioning,2,0,0,0,,0,,,,,363670.3566,5021245.82,45.32869214,-75.74897676,3648
17--13074,12/11/2017,11:50 AM,BANK ST @ HERON RD (0002155),2155,02 - Intersection related,03 - P.D. only,03 - Rear end,01 - Clear,01 - Daylight,01 - Dry,01 - Traffic signal,01 - Functioning,2,0,0,0,,0,,,,,369997.1401,5026851.779,45.37857376,-75.66753337,3649
17--13075,12/11/2017,12:19 PM,GREENFIELD AVE @ MAIN ST (0002695),2695,03 - At intersection,03 - P.D. only,02 - Angle,01 - Clear,01 - Daylight,01 - Dry,01 - Traffic signal,01 - Functioning,2,0,0,0,,0,,,,,368890.7688,5030815.392,45.41433916,-75.6811436,3650
17--13076,12/11/2017,12:23 PM,BLAIR RD @ REGIONAL RD 174 S/OR174 IC112 RAMP15 (0012435),12435,03 - At intersection,03 - P.D. only,03 - Rear end,01 - Clear,01 - Daylight,01 - Dry,01 - Traffic signal,01 - Functioning,2,0,0,0,,0,,,,,374907.3195,5032660.254,45.43036132,-75.60401958,3651
17--13077,12/11/2017,12:33 PM,CASTLE HILL CRES @ GLENMOUNT AVE (0003377),3377,03 - At intersection,02 - Non-fatal injury,05 - Turning movement,03 - Snow,01 - Daylight,05 - Packed snow,03 - Yield sign,01 - Functioning,2,0,0,0,02 - Minor,1,,1,,,363759.3595,5025275.858,45.36494655,-75.74736101,3652
17--13078,12/11/2017,2:50 PM,NEW ORCHARD AVE @ RICHMOND RD (0011467),11467,02 - Intersection related,03 - P.D. only,03 - Rear end,01 - Clear,01 - Daylight,02 - Wet,01 - Traffic signal,01 - Functioning,3,0,0,0,,0,,,,,361294.6807,5026219.521,45.37364054,-75.77871311,3653
17--13079,12/11/2017,2:55 PM,PLEASANT PARK RD @ ALTA VISTA DR (0008005),8005,02 - Intersection related,02 - Non-fatal injury,03 - Rear end,01 - Clear,01 - Daylight,01 - Dry,01 - Traffic signal,01 - Functioning,3,0,0,0,02 - Minor,1,,1,,,370366.0576,5028467.548,45.39307747,-75.66260873,3654
17--1308,2/1/2017,6:45 PM,BRAEBURN PL btwn AUTUMN HILL CRES & ORIENT PARK DR (__3ZA7MO),__3ZA7MO,01 - Non intersection,03 - P.D. only,06 - SMV unattended vehicle,01 - Clear,07 - Dark,04 - Slush,10 - No control,,1,0,0,0,,0,,,,,378966.7273,5033326.026,45.43593277,-75.55204649,3655
17--13080,12/11/2017,3:06 PM,BASELINE RD @ CLYDE AVE (0002343),2343,02 - Intersection related,03 - P.D. only,03 - Rear end,01 - Clear,01 - Daylight,01 - Dry,01 - Traffic signal,01 - Functioning,2,0,0,0,,0,,,,,364357.7,5024890.513,45.36142868,-75.73977008,3656
17--13081,12/11/2017,3:20 PM,BOOTH ST @ PRIMROSE AVE (0006341),6341,02 - Intersection related,03 - P.D. only,03 - Rear end,01 - Clear,01 - Daylight,01 - Dry,01 - Traffic signal,00 - Unknown,2,0,0,0,,0,,,,,366497.7011,5030471.63,45.41146118,-75.71175872,3657
17--13082,12/11/2017,3:23 PM,INNES RD btwn BANTREE ST & STAR TOP RD (__3ZA2XP),__3ZA2XP,01 - Non intersection,03 - P.D. only,03 - Rear end,01 - Clear,01 - Daylight,01 - Dry,10 - No control,,2,0,0,0,,0,,,,,373887.8441,5030512.478,45.41113817,-75.61734822,3658
17--13083,12/11/2017,3:49 PM,REGIONAL RD 174 @ TRIM RD (0012835),12835,03 - At intersection,03 - P.D. only,03 - Rear end,01 - Clear,01 - Daylight,01 - Dry,01 - Traffic signal,01 - Functioning,2,0,0,0,,0,,,,,384352.3093,5039989.629,45.4952937,-75.48214337,3659
17--13084,12/11/2017,4:06 PM,COUSINEAU ST @ ST. JOSEPH BLVD (0012412),12412,02 - Intersection related,03 - P.D. only,02 - Angle,01 - Clear,05 - Dusk,01 - Dry,02 - Stop sign,01 - Functioning,2,0,0,0,,0,,,,,380707.4138,5037028.585,45.4690587,-75.52922988,3660
17--13085,12/11/2017,4:25 PM,INDUSTRIAL AVE btwn TRAINYARDS DR & RUSSELL RD (__3ZA3R9),__3ZA3R9,01 - Non intersection,03 - P.D. only,05 - Turning movement,01 - Clear,05 - Dusk,01 - Dry,10 - No control,,2,0,0,0,,0,,,,,372027.3305,5030456.277,45.4108137,-75.64112269,3661
17--13086,12/11/2017,4:40 PM,BANK ST @ ROTARY WAY (0013660),13660,02 - Intersection related,03 - P.D. only,03 - Rear end,01 - Clear,05 - Dusk,02 - Wet,01 - Traffic signal,01 - Functioning,3,0,0,0,,0,,,,,375523.5441,5021226.117,45.32742054,-75.59778288,3662
17--13087,12/11/2017,4:40 PM,BRONSON AVE @ CARLING AVE/GLEBE AVE (0002134),2134,02 - Intersection related,03 - P.D. only,03 - Rear end,01 - Clear,05 - Dusk,01 - Dry,01 - Traffic signal,01 - Functioning,2,0,0,0,,0,,,,,367448.1804,5029336.272,45.40116112,-75.69976097,3663
17--13088,12/11/2017,4:45 PM,HIGHWAY 417 btwn HWY417 IC117 RAMP25 & HWY417 IC115 RAMP51 (__3ZA2R3),__3ZA2R3,01 - Non intersection,03 - P.D. only,03 - Rear end,01 - Clear,05 - Dusk,01 - Dry,10 - No control,,3,0,0,0,,0,,,,,371396.6427,5031382.784,45.41921032,-75.64905408,3664
17--13089,12/11/2017,4:50 PM,HIGHWAY 417 btwn HWY417 IC124 RAMP65 & HWY417 IC122 RAMP51 (__3ZA2R8),__3ZA2R8,01 - Non intersection,03 - P.D. only,03 - Rear end,01 - Clear,07 - Dark,01 - Dry,10 - No control,,2,0,0,0,,0,,,,,365126.8801,5028667.391,45.39534656,-75.72949125,3665
17--1309,2/1/2017,6:49 AM,INNES RD btwn PAGE RD & 473 E OF PAGE RD/BUILDERS' WAREHOUSE SC (__3ZAYFDA),__3ZAYFDA,01 - Non intersection,03 - P.D. only,03 - Rear end,01 - Clear,03 - Dawn,03 - Loose snow,10 - No control,,2,0,0,0,,0,,,,,380975.7271,5034589.735,45.44708667,-75.52617678,3666
17--13090,12/11/2017,4:54 PM,WOODMOUNT CRES btwn CHESTERTON DR & CHESTERTON DR (__3ZAAV0),__3ZAAV0,04 - At/near private drive,03 - P.D. only,02 - Angle,01 - Clear,07 - Dark,06 - Ice,10 - No control,,2,0,0,0,,0,,,,,365570.7798,5023942.046,45.35279043,-75.72440362,3667
17--13091,12/11/2017,4:55 PM,FRIEL ST @ WILBROD ST (0007961),7961,02 - Intersection related,03 - P.D. only,03 - Rear end,03 - Snow,05 - Dusk,05 - Packed snow,02 - Stop sign,00 - Unknown,2,0,0,0,,0,,,,,368934.1938,5032297.817,45.42767351,-75.68039586,3668
17--13092,12/11/2017,4:59 PM,CARLING AVE @ EDGEWORTH AVE (0002718),2718,03 - At intersection,03 - P.D. only,02 - Angle,01 - Clear,07 - Dark,01 - Dry,01 - Traffic signal,01 - Functioning,2,0,0,0,,0,,,,,361262.665,5025424.524,45.36648979,-75.7792127,3669
17--13093,12/11/2017,5:08 PM,RIVERSIDE DR @ PLEASANT PARK RD (0007296),7296,02 - Intersection related,03 - P.D. only,03 - Rear end,03 - Snow,07 - Dark,03 - Loose snow,01 - Traffic signal,00 - Unknown,2,0,0,0,,0,,,,,369561.6842,5028415.389,45.39268301,-75.67288773,3670
17--13094,12/11/2017,5:11 PM,RUSSELL RD btwn SAND RD & FRANK KENNY RD (__3ZA2ZQ),__3ZA2ZQ,01 - Non intersection,02 - Non-fatal injury,03 - Rear end,01 - Clear,07 - Dark,06 - Ice,10 - No control,,3,0,0,0,02 - Minor,2,1,1,,,391129.7652,5025931.234,45.36800656,-75.39790738,3671
17--13095,12/11/2017,5:12 PM,MERIVALE RD btwn CLEOPATRA DR & SLACK RD (__3ZBOG3),__3ZBOG3,01 - Non intersection,03 - P.D. only,03 - Rear end,01 - Clear,07 - Dark,01 - Dry,10 - No control,,3,0,0,0,,0,,,,,365970.4546,5021075.596,45.32696378,-75.71965757,3672
17--13096,12/11/2017,5:14 PM,AIRPORT PKWY @ HUNT CLUB RD (0010856),10856,02 - Intersection related,03 - P.D. only,03 - Rear end,01 - Clear,07 - Dark,01 - Dry,01 - Traffic signal,01 - Functioning,2,0,0,0,,0,,,,,371019.5313,5023702.329,45.35014017,-75.65490249,3673
17--13097,12/11/2017,5:19 PM,BASELINE RD @ CLYDE AVE (0002343),2343,02 - Intersection related,03 - P.D. only,03 - Rear end,01 - Clear,07 - Dark,01 - Dry,01 - Traffic signal,00 - Unknown,2,0,0,0,,0,,,,,364357.7,5024889.844,45.36142266,-75.73977016,3674
17--13098,12/11/2017,5:23 PM,JUANITA AVE @ SEAGRAM HGTS (0013791),13791,03 - At intersection,03 - P.D. only,02 - Angle,01 - Clear,07 - Dark,05 - Packed snow,10 - No control,00 - Unknown,2,0,0,0,,0,,,,,341089.4321,5023655.749,45.35190852,-76.03685786,3675
17--13099,12/11/2017,5:30 PM,BASELINE RD @ FISHER AVE (0002346),2346,02 - Intersection related,03 - P.D. only,03 - Rear end,01 - Clear,07 - Dark,01 - Dry,01 - Traffic signal,01 - Functioning,3,0,0,0,,0,,,,,366166.6936,5026028.769,45.37151447,-75.71653977,3676
17--131,1/4/2017,3:45 PM,CLIFTON RD @ SCOTT ST (0005607),5607,03 - At intersection,03 - P.D. only,02 - Angle,03 - Snow,01 - Daylight,03 - Loose snow,02 - Stop sign,01 - Functioning,2,0,0,0,,0,,,,,363567.6895,5028881.434,45.39740507,-75.74937835,3677
17--1310,2/1/2017,7:00 AM,GRANT CARMAN DR @ MEADOWLANDS DR (0001111),1111,02 - Intersection related,03 - P.D. only,04 - Sideswipe,01 - Clear,03 - Dawn,03 - Loose snow,01 - Traffic signal,01 - Functioning,2,0,0,0,,0,,,,,365050.6908,5023903.514,45.3524886,-75.73104542,3678
17--13100,12/11/2017,5:38 PM,HIGHWAY 417 btwn HWY417 IC155 RAMP61 & HWY417 IC145 RAMP56 (__3ZA2Q2),__3ZA2Q2,01 - Non intersection,03 - P.D. only,07 - SMV other,01 - Clear,07 - Dark,01 - Dry,10 - No control,,1,0,0,0,,0,,,,,345942.5392,5014809.864,45.27204217,-75.97565728,3679
17--13101,12/11/2017,5:50 PM,STRANDHERD DR @ CLARIDGE DR (0010893),10893,03 - At intersection,03 - P.D. only,05 - Turning movement,01 - Clear,07 - Dark,01 - Dry,01 - Traffic signal,01 - Functioning,2,0,0,0,,0,,,,,364949.019,5015381.805,45.27581966,-75.73337748,3680
17--13102,12/11/2017,5:59 AM,ALBION RD @ MITCH OWENS RD (0004212),4212,03 - At intersection,03 - P.D. only,05 - Turning movement,01 - Clear,07 - Dark,01 - Dry,01 - Traffic signal,01 - Functioning,2,0,0,0,,0,,,,,375907.7099,5014804.688,45.26960411,-75.59380357,3681
17--13103,12/11/2017,6:03 PM,SLACK RD btwn TURN LANE & VAAN DR (__3ZA543),__3ZA543,01 - Non intersection,03 - P.D. only,03 - Rear end,01 - Clear,07 - Dark,01 - Dry,10 - No control,,3,0,0,0,,0,,,,,364558.8088,5020153.722,45.31879044,-75.73777535,3682
17--13104,12/11/2017,6:07 AM,CARLING AVE @ CONNAUGHT AVE (0002143),2143,02 - Intersection related,03 - P.D. only,04 - Sideswipe,01 - Clear,07 - Dark,02 - Wet,01 - Traffic signal,01 - Functioning,2,0,0,0,,0,,,,,360773.2237,5025119.553,45.36378494,-75.78549483,3683
17--13105,12/11/2017,6:18 PM,CAMPEAU DR @ TERON RD/COLCHESTER SQ (0009033),9033,02 - Intersection related,03 - P.D. only,02 - Angle,01 - Clear,07 - Dark,01 - Dry,01 - Traffic signal,01 - Functioning,4,0,0,0,,0,,,,,352564.4326,5020467.762,45.32253473,-75.89072376,3684
17--13106,12/11/2017,6:26 PM,FALLOWFIELD RD @ WOODROFFE AVE (0010372),10372,02 - Intersection related,03 - P.D. only,03 - Rear end,01 - Clear,07 - Dark,01 - Dry,01 - Traffic signal,01 - Functioning,2,0,0,0,,0,,,,,365085.15,5017902.953,45.29849319,-75.73133626,3685
17--13107,12/11/2017,6:30 PM,DU GRAND BOIS AVE @ INNES RD (0004107),4107,02 - Intersection related,03 - P.D. only,03 - Rear end,01 - Clear,07 - Dark,01 - Dry,02 - Stop sign,01 - Functioning,2,0,0,0,,0,,,,,383109.7554,5035763.746,45.45741358,-75.49871279,3686
17--13108,12/11/2017,6:39 AM,BANTREE ST @ INNES RD (0007684),7684,03 - At intersection,03 - P.D. only,05 - Turning movement,01 - Clear,07 - Dark,01 - Dry,01 - Traffic signal,01 - Functioning,2,0,0,0,,0,,,,,373706.1966,5030406.319,45.41020092,-75.61968347,3687
17--13109,12/11/2017,7:08 PM,HAZELDEAN RD @ HUNTMAR DR/IBER RD (0000075),75,03 - At intersection,03 - P.D. only,05 - Turning movement,01 - Clear,07 - Dark,01 - Dry,01 - Traffic signal,01 - Functioning,2,0,0,0,,0,,,,,350944.2701,5016080.101,45.28316174,-75.91179763,3688
17--1311,2/1/2017,7:00 AM,HIGHWAY 417 btwn HWY417 IC144 RAMP25 & HWY417 IC142 RAMP51 (__3ZA20J),__3ZA20J,01 - Non intersection,03 - P.D. only,04 - Sideswipe,03 - Snow,03 - Dawn,03 - Loose snow,10 - No control,,2,0,0,0,,0,,,,,348291.4613,5016604.187,45.28804678,-75.94556548,3689
17--13110,12/11/2017,7:16 PM,MARKETPLACE AVE @ RIOCAN AVE (0010995),10995,03 - At intersection,03 - P.D. only,02 - Angle,01 - Clear,07 - Dark,01 - Dry,02 - Stop sign,01 - Functioning,2,0,0,0,,0,,,,,364288.5491,5014762.264,45.27030122,-75.74186891,3690
17--13111,12/11/2017,7:24 AM,INNES RD @ TENTH LINE RD (0004633),4633,02 - Intersection related,02 - Non-fatal injury,03 - Rear end,01 - Clear,03 - Dawn,01 - Dry,01 - Traffic signal,01 - Functioning,2,0,0,0,02 - Minor,1,,1,,,383951.7603,5036159.322,45.46087774,-75.48788471,3691
17--13112,12/11/2017,7:58 AM,OTTAWA RIVER PKWY OFFR-EB @ PARKDALE AVE (0011241),11241,03 - At intersection,03 - P.D. only,03 - Rear end,01 - Clear,01 - Daylight,01 - Dry,03 - Yield sign,01 - Functioning,2,0,0,0,,0,,,,,364683.0986,5030331.644,45.41035924,-75.73495672,3692
17--13113,12/11/2017,8:09 AM,HWY 417 ST.LAURE IC115R51 @ ST. LAURENT BLVD (0002712),2712,02 - Intersection related,03 - P.D. only,03 - Rear end,01 - Clear,01 - Daylight,06 - Ice,01 - Traffic signal,01 - Functioning,2,0,0,0,,0,,,,,372530.4635,5031410.361,45.4193496,-75.63456442,3693
17--13114,12/11/2017,8:12 PM,TORBOLTON RIDGE RD btwn MACLARENS SIDE RD & GALETTA SIDE RD (__3ZACAM),__3ZACAM,01 - Non intersection,03 - P.D. only,07 - SMV other,05 - Drifting Snow,07 - Dark,05 - Packed snow,10 - No control,,1,0,0,0,,0,,,,,331895.1257,5038656.635,45.48730797,-76.15337227,3694
17--13115,12/11/2017,8:16 AM,CAHILL DR @ HUNT CLUB RD (0011394),11394,02 - Intersection related,03 - P.D. only,03 - Rear end,01 - Clear,01 - Daylight,01 - Dry,01 - Traffic signal,01 - Functioning,3,0,0,0,,0,,,,,372408.2081,5024542.746,45.35756945,-75.63706719,3695
17--13116,12/11/2017,8:20 AM,CUMORAH DR/RED WILLOW DR @ MAPLE RUN AVE (0003568),3568,03 - At intersection,03 - P.D. only,02 - Angle,03 - Snow,01 - Daylight,06 - Ice,02 - Stop sign,01 - Functioning,2,0,0,0,,0,,,,,380652.7461,5035116.809,45.451864,-75.53022387,3696
17--13117,12/11/2017,8:33 AM,MEADOWLANDS DR btwn INVERNESS AVE & DEER PARK RD (__3ZA4IM),__3ZA4IM,01 - Non intersection,03 - P.D. only,01 - Approaching,01 - Clear,01 - Daylight,01 - Dry,10 - No control,,2,0,0,0,,0,,,,,365819.2704,5024758.667,45.36011666,-75.72113171,3697
17--13118,12/11/2017,8:33 PM,BANK ST btwn GLOUCESTER ST & NEPEAN ST (__3ZA343),__3ZA343,01 - Non intersection,03 - P.D. only,06 - SMV unattended vehicle,01 - Clear,07 - Dark,01 - Dry,10 - No control,,1,0,0,0,,0,,,,,367536.0465,5031178.259,45.41772689,-75.69840431,3698
17--13119,12/11/2017,8:45 AM,HOLLAND AVE/TUNNEY'S PASTURE @ SCOTT ST (0006494),6494,03 - At intersection,03 - P.D. only,05 - Turning movement,01 - Clear,01 - Daylight,01 - Dry,01 - Traffic signal,01 - Functioning,2,0,0,0,,0,,,,,364738.4756,5029595.853,45.40373402,-75.73433876,3699
17--1312,2/1/2017,7:35 AM,REGIONAL ROAD 174 btwn OR174 IC105 RAMP35 & OR174 IC105 RAMP25 (__3ZA27E),__3ZA27E,01 - Non intersection,03 - P.D. only,03 - Rear end,03 - Snow,01 - Daylight,04 - Slush,10 - No control,,2,0,0,0,,0,,,,,379639.4529,5037131.894,45.47010345,-75.54287023,3700
17--13120,12/11/2017,8:49 AM,PERTH ST @ QUEEN CHARLOTTE ST/ROCHELLE DR (0009772),9772,02 - Intersection related,03 - P.D. only,04 - Sideswipe,01 - Clear,01 - Daylight,01 - Dry,02 - Stop sign,00 - Unknown,2,0,0,0,,0,,,,,356183.5533,5005740.161,45.18975677,-75.84608452,3701
17--13121,12/11/2017,8:58 AM,SCOUT ST @ STATEN WAY W (0011230),11230,03 - At intersection,03 - P.D. only,02 - Angle,01 - Clear,01 - Daylight,05 - Packed snow,10 - No control,00 - Unknown,2,0,0,0,,0,,,,,364229.4491,5025408.758,45.36610266,-75.74134468,3702
17--13122,12/11/2017,9:09 AM,BATHGATE DR @ RAINBOW CRES N (0009498),9498,02 - Intersection related,03 - P.D. only,03 - Rear end,01 - Clear,01 - Daylight,01 - Dry,02 - Stop sign,00 - Unknown,2,0,0,0,,0,,,,,373701.6885,5033233.772,45.43564135,-75.61934559,3703
17--13123,12/11/2017,9:17 AM,BEECHWOOD AVE @ CHARLEVOIX ST/MACKAY ST (0002248),2248,03 - At intersection,03 - P.D. only,02 - Angle,01 - Clear,01 - Daylight,01 - Dry,01 - Traffic signal,01 - Functioning,2,0,0,0,,0,,,,,369186.8743,5033591.682,45.43929199,-75.67699785,3704
17--13124,12/11/2017,9:22 AM,MONTREAL RD @ ST. LAURENT BLVD (0002604),2604,02 - Intersection related,03 - P.D. only,03 - Rear end,01 - Clear,01 - Daylight,06 - Ice,01 - Traffic signal,01 - Functioning,2,0,0,0,,0,,,,,371544.7471,5033818.312,45.44110998,-75.64683176,3705
17--13125,12/11/2017,9:25 AM,BANK ST @ HERON RD (0002155),2155,02 - Intersection related,03 - P.D. only,02 - Angle,01 - Clear,01 - Daylight,01 - Dry,01 - Traffic signal,01 - Functioning,2,0,0,0,,0,,,,,369994.7733,5026850.832,45.37856546,-75.66756371,3706
17--13126,12/11/2017,9:30 AM,BASELINE RD @ WOODROFFE AVE (0002225),2225,02 - Intersection related,03 - P.D. only,02 - Angle,01 - Clear,01 - Daylight,01 - Dry,01 - Traffic signal,01 - Functioning,2,0,0,0,,0,,,,,362548.018,5023770.505,45.35150235,-75.76299882,3707
17--13127,12/12/2017,1:00 PM,BASELINE RD @ MERIVALE RD (0002342),2342,02 - Intersection related,02 - Non-fatal injury,03 - Rear end,03 - Snow,01 - Daylight,04 - Slush,01 - Traffic signal,01 - Functioning,2,0,0,0,01 - Minimal,1,1,,,,365055.1698,5025326.225,45.36528955,-75.73081483,3708
17--13128,12/12/2017,1:00 PM,HIGHWAY 417 btwn HWY417 IC169 RAMP26 & HWY417 IC169 RAMP61 (__5SPOVI),__5SPOVI,01 - Non intersection,03 - P.D. only,07 - SMV other,03 - Snow,01 - Daylight,03 - Loose snow,10 - No control,,1,0,0,0,,0,,,,,325664.7244,5024742.08,45.36231252,-76.23366617,3709
17--13129,12/12/2017,1:17 PM,CAMBRIAN RD @ GREENBANK RD (0001095),1095,03 - At intersection,03 - P.D. only,02 - Angle,03 - Snow,01 - Daylight,04 - Slush,11 - Roundabout,01 - Functioning,2,0,0,0,,0,,,,,364765.02,5012873.76,45.25326797,-75.73602518,3710
17--1313,2/1/2017,8:24 PM,CATHERINE ST @ METCALFE ST (0011239),11239,03 - At intersection,02 - Non-fatal injury,02 - Angle,03 - Snow,07 - Dark,02 - Wet,01 - Traffic signal,01 - Functioning,2,0,0,0,01 - Minimal,1,1,,,,368393.709,5030486.568,45.41142586,-75.68753607,3711
17--13130,12/12/2017,1:17 PM,BASELINE RD @ CORDOVA ST (0003208),3208,02 - Intersection related,03 - P.D. only,03 - Rear end,03 - Snow,01 - Daylight,03 - Loose snow,01 - Traffic signal,01 - Functioning,2,0,0,0,,0,,,,,363595.1083,5024409.763,45.35716732,-75.74956059,3712
17--13131,12/12/2017,1:20 PM,LEITRIM RD btwn FENTON RD & ALBION RD (__3ZA3SE),__3ZA3SE,01 - Non intersection,03 - P.D. only,99 - Other,03 - Snow,01 - Daylight,05 - Packed snow,10 - No control,,2,0,0,0,,0,,,,,373654.8133,5020545.665,45.32148388,-75.62171396,3713
17--13132,12/12/2017,1:25 PM,INNES RD btwn STONEHENGE CRES & STONEHENGE CRES (__3ZA3RG),__3ZA3RG,01 - Non intersection,03 - P.D. only,05 - Turning movement,03 - Snow,01 - Daylight,06 - Ice,10 - No control,,2,0,0,0,,0,,,,,375317.3865,5031287.986,45.41797319,-75.59897597,3714
17--13133,12/12/2017,1:30 PM,HIGHWAY 417 btwn HWY417 IC126 RAMP51 & HWY417 IC126 RAMP25 (__3ZA2RD),__3ZA2RD,01 - Non intersection,03 - P.D. only,03 - Rear end,01 - Clear,01 - Daylight,01 - Dry,10 - No control,,2,0,0,0,,0,,,,,363270.0517,5025970.724,45.37123985,-75.75352444,3715
17--13134,12/12/2017,1:45 PM,BRONSON AVE @ FIRST AVE (0007719),7719,02 - Intersection related,03 - P.D. only,02 - Angle,03 - Snow,01 - Daylight,03 - Loose snow,02 - Stop sign,01 - Functioning,2,0,0,0,,0,,,,,367489.2295,5029236.801,45.40026244,-75.69924932,3716
17--13135,12/12/2017,1:45 PM,WEST HUNT CLUB RD btwn MOODIE DR & HWY416 IC72 RAMP53 (__3ZA4YJ),__3ZA4YJ,01 - Non intersection,03 - P.D. only,07 - SMV other,03 - Snow,01 - Daylight,03 - Loose snow,10 - No control,,1,0,0,0,,0,,,,,358045.1099,5018578.054,45.30513664,-75.82102079,3717
17--13136,12/12/2017,1:53 PM,BASELINE RD @ WOODROFFE AVE (0002225),2225,02 - Intersection related,03 - P.D. only,02 - Angle,03 - Snow,01 - Daylight,03 - Loose snow,01 - Traffic signal,01 - Functioning,2,0,0,0,,0,,,,,362550.1681,5023770.744,45.35150433,-75.76297135,3718
17--13137,12/12/2017,10:04 AM,ROBERTSON RD btwn FITZGERALD RD & MOODIE DR (__3ZA411),__3ZA411,04 - At/near private drive,03 - P.D. only,05 - Turning movement,03 - Snow,01 - Daylight,03 - Loose snow,10 - No control,,2,0,0,0,,0,,,,,356925.7156,5020372.226,45.32136479,-75.83510552,3719
17--13138,12/12/2017,10:17 AM,EAGLESON RD btwn AKINS RD & RUSHMORE RD (__3ZA42M),__3ZA42M,01 - Non intersection,03 - P.D. only,07 - SMV other,03 - Snow,01 - Daylight,03 - Loose snow,10 - No control,,1,0,0,0,,0,,,,,356705.4006,5010636.393,45.23377628,-75.83893362,3720
17--13139,12/12/2017,10:23 AM,BELFAST RD btwn TREMBLAY RD & TRAINYARDS DR (__3ZA80G),__3ZA80G,04 - At/near private drive,03 - P.D. only,02 - Angle,03 - Snow,01 - Daylight,05 - Packed snow,10 - No control,,2,0,0,0,,0,,,,,371796.0988,5030942.337,45.41520923,-75.64401044,3721
17--1314,2/1/2017,8:27 AM,WENTWORTH AVE btwn LAWN AVE & CARLING AVE (__3ZABY1),__3ZABY1,04 - At/near private drive,03 - P.D. only,99 - Other,01 - Clear,01 - Daylight,02 - Wet,10 - No control,,2,0,0,0,,0,,,,,361303.7129,5025532.721,45.36746003,-75.77867636,3722
17--1333,2/2/2017,4:18 PM,COLONNADE RD @ PRINCE OF WALES DR (0005249),5249,02 - Intersection related,03 - P.D. only,03 - Rear end,01 - Clear,01 - Daylight,01 - Dry,01 - Traffic signal,01 - Functioning,2,0,0,0,,0,,,,,367394.1652,5023267.063,45.34655668,-75.70122006,3723
17--13418,12/15/2017,10:05 AM,HUNTLEY RD btwn MANSFIELD RD & BROWNLEE RD (__3ZA42J),__3ZA42J,01 - Non intersection,03 - P.D. only,07 - SMV other,01 - Clear,01 - Daylight,05 - Packed snow,10 - No control,,1,0,0,0,,0,,,,,353703.6623,5008416.069,45.21401192,-75.87737951,3724
17--13330,12/14/2017,12:41 PM,BRONSON AVE @ MACLAREN ST (0006338),6338,03 - At intersection,03 - P.D. only,02 - Angle,01 - Clear,01 - Daylight,01 - Dry,02 - Stop sign,01 - Functioning,2,0,0,0,,0,,,,,366999.8657,5030399.568,45.41076833,-75.70535284,3725
17--12875,12/6/2017,9:42 AM,CARLING AVE @ ISLAND PARK DR (0010785),10785,03 - At intersection,02 - Non-fatal injury,02 - Angle,01 - Clear,01 - Daylight,01 - Dry,01 - Traffic signal,01 - Functioning,2,0,0,0,01 - Minimal,1,1,,,,365348.6825,5027997.505,45.38929992,-75.7267408,3726
17--13419,12/15/2017,10:15 AM,ELGIN ST @ FRANK ST (0007287),7287,03 - At intersection,02 - Non-fatal injury,07 - SMV other,03 - Snow,01 - Daylight,03 - Loose snow,02 - Stop sign,00 - Unknown,1,0,0,1,01 - Minimal,1,1,,,,368358.1845,5030887.388,45.41503553,-75.68793819,3727