Anom_ID,Accident_Date,Accident_Time,Location,Geo_ID,Accident_Location,Classification_of_Accident,Initial_Impact_Type,Environment_Condition,Light,Road_Surface_Condition,Traffic_Control,Traffic_Control_Condition,No__of_Vehicles,No__of_Bicycles,No__of_Motorcycles,No__of_Pedestrians,Max_Injury,No__of_Injuries,No__of_Minimal,No__of_Minor,No__of_Major,No__of_Fatal,X,Y,Latitude,Longitude,ObjectId
17--13331,12/14/2017,12:48 PM,DOMALATCHY PL @ WOODROFFE AVE (0005078),5078,03 - At intersection,03 - P.D. only,03 - Rear end,01 - Clear,01 - Daylight,04 - Slush,02 - Stop sign,01 - Functioning,3,0,0,0,,0,,,,,362404.6507,5024138.794,45.35482798,-75.76478547,3728
17--12876,12/7/2017,1:37 PM,KLONDIKE RD @ MARCH RD (0003096),3096,02 - Intersection related,03 - P.D. only,04 - Sideswipe,03 - Snow,01 - Daylight,03 - Loose snow,01 - Traffic signal,01 - Functioning,2,0,0,0,,0,,,,,349262.6366,5024061.621,45.35509006,-75.93251589,3729
17--1342,2/2/2017,6:22 PM,SELKIRK ST btwn NORTH RIVER RD & DUNDAS ST (__3ZA7B6),__3ZA7B6,04 - At/near private drive,03 - P.D. only,02 - Angle,01 - Clear,07 - Dark,01 - Dry,10 - No control,,2,0,0,0,,0,,,,,369860.3794,5032768.007,45.43181855,-75.66849878,3730
17--13332,12/14/2017,12:49 AM,AIRPORT PKWY btwn RAMP & AIRPORT PKWY (2) (__3ZA22Z),__3ZA22Z,01 - Non intersection,03 - P.D. only,07 - SMV other,01 - Clear,07 - Dark,01 - Dry,10 - No control,,1,0,0,0,,0,,,,,370981.2425,5023793.243,45.3509618,-75.65537891,3731
17--12877,12/7/2017,10:00 AM,JEANNE D'ARC BLVD @ ORLEANS BLVD S (0004154),4154,02 - Intersection related,03 - P.D. only,03 - Rear end,01 - Clear,01 - Daylight,01 - Dry,01 - Traffic signal,01 - Functioning,2,0,0,0,,0,,,,,380940.916,5036250.923,45.46203651,-75.52636455,3732
17--13420,12/15/2017,10:22 PM,DUNROBIN RD btwn VANCES SIDE RD & PORCUPINE TR (__3ZA3H0),__3ZA3H0,01 - Non intersection,03 - P.D. only,07 - SMV other,03 - Snow,07 - Dark,04 - Slush,10 - No control,,1,0,0,0,,0,,,,,340702.286,5033140.221,45.43727269,-76.04110841,3733
17--13333,12/14/2017,12:50 PM,BANK ST btwn ALTA VISTA DR & WALKLEY RD (__3ZA4TX),__3ZA4TX,01 - Non intersection,03 - P.D. only,04 - Sideswipe,01 - Clear,01 - Daylight,05 - Packed snow,10 - No control,,2,0,0,0,,0,,,,,370305.355,5026043.792,45.37127501,-75.66370553,3734
17--13334,12/14/2017,2:10 PM,DALMENY RD btwn OLD STAGECOACH RD & STAGECOACH RD (__3ZA2C6),__3ZA2C6,01 - Non intersection,03 - P.D. only,07 - SMV other,01 - Clear,01 - Daylight,01 - Dry,10 - No control,,1,0,0,0,,0,,,,,377784.9022,4999190.552,45.12892009,-75.57217009,3735
17--13335,12/14/2017,2:26 PM,BANK ST @ RIVERSIDE DR S (0002704),2704,02 - Intersection related,03 - P.D. only,04 - Sideswipe,01 - Clear,01 - Daylight,01 - Dry,01 - Traffic signal,01 - Functioning,2,0,0,0,,0,,,,,369305.7204,5027893.884,45.3880143,-75.67622463,3736
17--13336,12/14/2017,2:33 PM,WOODROFFE AVE @ CLARIDGE DR/STONEWAY DR N (0009791),9791,03 - At intersection,02 - Non-fatal injury,07 - SMV other,01 - Clear,01 - Daylight,01 - Dry,01 - Traffic signal,01 - Functioning,1,0,0,1,03 - Major,1,,,1,,365576.3652,5016708.112,45.28769977,-75.72522002,3737
17--13337,12/14/2017,2:37 PM,VANIER PKWY NB btwn PRESLAND RD & COVENTRY RD (__3ZA4TMB),__3ZA4TMB,01 - Non intersection,03 - P.D. only,03 - Rear end,01 - Clear,01 - Daylight,02 - Wet,10 - No control,,3,0,0,0,,0,,,,,370588.9297,5031662.121,45.42180009,-75.6593363,3738
17--13338,12/14/2017,2:40 AM,BLAIR RD @ OGILVIE RD (0004120),4120,02 - Intersection related,03 - P.D. only,04 - Sideswipe,01 - Clear,07 - Dark,01 - Dry,01 - Traffic signal,01 - Functioning,2,0,0,0,,0,,,,,374507.2494,5033197.866,45.43523844,-75.60905579,3739
17--13339,12/14/2017,2:58 PM,BLAIR RD @ INNES RD (0004165),4165,03 - At intersection,02 - Non-fatal injury,05 - Turning movement,01 - Clear,01 - Daylight,01 - Dry,01 - Traffic signal,01 - Functioning,3,0,0,0,01 - Minimal,1,1,,,,375578.2615,5031439.318,45.41930845,-75.59562136,3740
17--1334,2/2/2017,4:51 PM,KNOXDALE RD @ WEST HUNT CLUB RD (0005165),5165,03 - At intersection,03 - P.D. only,05 - Turning movement,01 - Clear,01 - Daylight,02 - Wet,01 - Traffic signal,01 - Functioning,2,0,0,0,,0,,,,,361863.143,5020585.834,45.32290286,-75.77210597,3741
17--13340,12/14/2017,3:00 PM,RICHMOND RD btwn EDGEWORTH AVE/MCEWEN AVE & REGINA LANE (__3ZA4L9),__3ZA4L9,01 - Non intersection,02 - Non-fatal injury,07 - SMV other,01 - Clear,01 - Daylight,02 - Wet,10 - No control,,1,0,0,1,02 - Minor,1,,1,,,360932.2388,5025737.146,45.36932929,-75.78339498,3742
17--13341,12/14/2017,3:00 PM,ABBOTT ST @ GRANITE RIDGE DR (0009728),9728,03 - At intersection,02 - Non-fatal injury,02 - Angle,01 - Clear,01 - Daylight,02 - Wet,02 - Stop sign,01 - Functioning,2,0,0,0,02 - Minor,1,,1,,,351484.7004,5014435.917,45.26833118,-75.90506374,3743
17--13342,12/14/2017,3:00 PM,CAESAR AVE btwn CLEOPATRA DR & CLEOPATRA DR (__3ZA5ES),__3ZA5ES,04 - At/near private drive,03 - P.D. only,99 - Other,03 - Snow,01 - Daylight,04 - Slush,10 - No control,,2,0,0,0,,0,,,,,365654.9464,5021076.616,45.32700039,-75.72368196,3744
17--13343,12/14/2017,3:09 PM,WELLINGTON ST    W btwn FAIRMONT AVE & IRVING AVE (__3ZA31T),__3ZA31T,01 - Non intersection,03 - P.D. only,04 - Sideswipe,01 - Clear,01 - Daylight,01 - Dry,10 - No control,,2,0,0,0,,0,,,,,365581.9124,5029734.679,45.40491041,-75.72354848,3745
17--13344,12/14/2017,3:10 PM,HIGHWAY 417 btwn HWY417 IC96 RAMP51 & HIGHWAY 417 (__3ZA2W3),__3ZA2W3,01 - Non intersection,02 - Non-fatal injury,07 - SMV other,01 - Clear,01 - Daylight,01 - Dry,10 - No control,,1,0,0,0,02 - Minor,1,,1,,,387266.1364,5023854.895,45.34979069,-75.44756862,3746
17--13345,12/14/2017,3:14 PM,BASELINE RD btwn CLYDE AVE & 207 E OF CLYDE AVE (__3ZA4ISA),__3ZA4ISA,01 - Non intersection,03 - P.D. only,03 - Rear end,01 - Clear,01 - Daylight,04 - Slush,10 - No control,,2,0,0,0,,0,,,,,364485.7893,5024971.582,45.36214724,-75.73812542,3747
17--13346,12/14/2017,3:15 PM,JEANNE D'ARC BLVD  S btwn SAPINIER ST & INNES RD (__3ZA3Y3),__3ZA3Y3,01 - Non intersection,03 - P.D. only,03 - Rear end,01 - Clear,01 - Daylight,01 - Dry,10 - No control,,2,0,0,0,,0,,,,,382600.9555,5035661.222,45.45654799,-75.50523365,3748
17--13347,12/14/2017,3:16 PM,IRIS ST @ WOODROFFE AVE (0002736),2736,03 - At intersection,02 - Non-fatal injury,07 - SMV other,01 - Clear,01 - Daylight,01 - Dry,01 - Traffic signal,01 - Functioning,1,0,0,1,03 - Major,1,,,1,,362284.2206,5024440.501,45.3575526,-75.76628732,3749
17--13348,12/14/2017,3:27 PM,HWY 417 CASTLEFR IC139R61 @ KANATA AVE (0012625),12625,03 - At intersection,03 - P.D. only,02 - Angle,01 - Clear,01 - Daylight,01 - Dry,01 - Traffic signal,01 - Functioning,2,0,0,0,,0,,,,,351617.0081,5019225.121,45.31141698,-75.90292575,3750
17--13349,12/14/2017,3:30 PM,ST. JOSEPH BLVD @ FOREST VALLEY DR/YOUVILLE DR (0004440),4440,03 - At intersection,03 - P.D. only,05 - Turning movement,01 - Clear,01 - Daylight,01 - Dry,01 - Traffic signal,01 - Functioning,2,0,0,0,,0,,,,,379167.2547,5036162.438,45.46143145,-75.54905507,3751
17--1335,2/2/2017,4:57 PM,BANK ST @ HERON RD (0002155),2155,02 - Intersection related,03 - P.D. only,03 - Rear end,01 - Clear,01 - Daylight,02 - Wet,01 - Traffic signal,01 - Functioning,2,0,0,0,,0,,,,,369996.4705,5026850.792,45.37856495,-75.66754205,3752
17--13350,12/14/2017,3:36 PM,INDUSTRIAL AVE @ ALTA VISTA DR/SANDFORD FLEMIN (0006979),6979,03 - At intersection,03 - P.D. only,03 - Rear end,01 - Clear,01 - Daylight,04 - Slush,01 - Traffic signal,01 - Functioning,2,0,0,0,,0,,,,,370884.7238,5030558.28,45.41184031,-75.65570502,3753
17--13351,12/14/2017,3:50 PM,CARLING AVE @ KIRKWOOD AVE N (0002358),2358,03 - At intersection,03 - P.D. only,04 - Sideswipe,03 - Snow,01 - Daylight,03 - Loose snow,01 - Traffic signal,01 - Functioning,2,0,0,0,,0,,,,,364275.0376,5027492.904,45.38485161,-75.74051176,3754
17--13352,12/14/2017,3:52 PM,EQUESTRIAN DR btwn FOXLEIGH CRES & TROTTING WAY (__3ZABGD),__3ZABGD,01 - Non intersection,03 - P.D. only,03 - Rear end,01 - Clear,01 - Daylight,04 - Slush,10 - No control,,2,0,0,0,,0,,,,,354614.7819,5016220.783,45.28417709,-75.86499816,3755
17--13353,12/14/2017,4:05 PM,PRINCE OF WALES DR @ WEST HUNT CLUB RD (0000567),567,02 - Intersection related,03 - P.D. only,04 - Sideswipe,01 - Clear,05 - Dusk,02 - Wet,01 - Traffic signal,01 - Functioning,2,0,0,0,,0,,,,,367457.707,5021892.172,45.33418,-75.70058338,3756
17--13354,12/14/2017,4:10 PM,RICHMOND RD btwn WAVELL AVE & WINDERMERE AVE (__3ZA4LH),__3ZA4LH,01 - Non intersection,03 - P.D. only,02 - Angle,01 - Clear,05 - Dusk,01 - Dry,10 - No control,,2,0,0,0,,0,,,,,362232.1646,5027455.231,45.38468311,-75.76660117,3757
17--13355,12/14/2017,4:14 PM,REGIONAL ROAD 174 btwn Continuation of REGIONAL ROAD 174 & OR174 IC112 (__3ZA2YI),__3ZA2YI,01 - Non intersection,02 - Non-fatal injury,03 - Rear end,01 - Clear,05 - Dusk,02 - Wet,10 - No control,,2,0,0,0,02 - Minor,1,,1,,,374282.0431,5032453.224,45.42856097,-75.61203893,3758
17--13356,12/14/2017,4:21 PM,QUEEN ST btwn LYON ST N & KENT ST (__3ZA2FS),__3ZA2FS,01 - Non intersection,03 - P.D. only,07 - SMV other,01 - Clear,05 - Dusk,03 - Loose snow,10 - No control,,1,0,0,0,,0,,,,,367095.7562,5031333.365,45.41916183,-75.70400986,3759
17--13357,12/14/2017,4:45 PM,FROBISHER LANE W @ RIVERSIDE DR (0011961),11961,02 - Intersection related,03 - P.D. only,03 - Rear end,01 - Clear,05 - Dusk,01 - Dry,01 - Traffic signal,01 - Functioning,2,0,0,0,,0,,,,,370119.6619,5029601.936,45.40330731,-75.66560507,3760
17--13358,12/14/2017,4:50 PM,HWY417 IC115 RAMP51 btwn HIGHWAY 417 & ST. LAURENT BLVD (__3ZAY8F),__3ZAY8F,01 - Non intersection,03 - P.D. only,04 - Sideswipe,01 - Clear,05 - Dusk,01 - Dry,10 - No control,,2,1,0,0,,0,,,,,372466.811,5031385.562,45.41913263,-75.63538106,3761
17--13359,12/14/2017,4:52 PM,RIVERSIDE DR RAMP 34 @ RIVERSIDE DR (0010857),10857,02 - Intersection related,03 - P.D. only,05 - Turning movement,01 - Clear,05 - Dusk,01 - Dry,03 - Yield sign,01 - Functioning,2,0,0,0,,0,,,,,368338.3063,5027180.42,45.38168318,-75.68866965,3762
17--1336,2/2/2017,5:08 PM,BLAIR RD @ OGILVIE RD (0004120),4120,02 - Intersection related,03 - P.D. only,03 - Rear end,01 - Clear,05 - Dusk,01 - Dry,01 - Traffic signal,01 - Functioning,2,0,0,0,,0,,,,,374507.9835,5033198.668,45.43524559,-75.6090463,3763
17--13360,12/14/2017,4:55 PM,HWY417 IC131 RAMP55 btwn HIGHWAY 417 & HWY416 IC75B RAMP25 (__3ZAYG7),__3ZAYG7,01 - Non intersection,03 - P.D. only,07 - SMV other,03 - Snow,07 - Dark,03 - Loose snow,10 - No control,,1,0,0,0,,0,,,,,358389.5948,5022765.885,45.34279285,-75.81617503,3764
17--13361,12/14/2017,5:00 PM,CARLING AVE btwn HERZBERG RD & BAYFIELD AVE (__3ZA42G),__3ZA42G,01 - Non intersection,03 - P.D. only,07 - SMV other,01 - Clear,07 - Dark,01 - Dry,10 - No control,,1,0,0,0,,0,,,,,352236.6167,5022337.951,45.33938529,-75.89472587,3765
17--13362,12/14/2017,5:09 PM,WOODROFFE AVE @ DEERFOX DR/STONEWAY DR (0004601),4601,03 - At intersection,03 - P.D. only,05 - Turning movement,05 - Drifting Snow,07 - Dark,04 - Slush,01 - Traffic signal,01 - Functioning,2,0,0,0,,0,,,,,365886.1715,5015940.439,45.28076543,-75.72136546,3766
17--13363,12/14/2017,5:10 PM,BARNSDALE RD S @ MOODIE DR (0010279),10279,02 - Intersection related,03 - P.D. only,07 - SMV other,03 - Snow,07 - Dark,06 - Ice,02 - Stop sign,00 - Unknown,1,0,0,0,,0,,,,,361949.5504,5008824.281,45.21706454,-75.77235743,3767
17--13364,12/14/2017,5:26 PM,RICHMOND RD btwn WOODROFFE AVE & LOCKHART AVE (__3ZBPOH),__3ZBPOH,04 - At/near private drive,03 - P.D. only,05 - Turning movement,01 - Clear,07 - Dark,05 - Packed snow,10 - No control,,2,0,0,0,,0,,,,,361640.92,5026737.384,45.37827222,-75.7742333,3768
17--13365,12/14/2017,5:28 PM,CYRVILLE RD @ INNES RD (0009352),9352,02 - Intersection related,03 - P.D. only,03 - Rear end,01 - Clear,07 - Dark,01 - Dry,01 - Traffic signal,01 - Functioning,2,0,0,0,,0,,,,,375047.7247,5031118.617,45.41647643,-75.60244525,3769
17--13366,12/14/2017,5:30 PM,HIGHWAY 417 btwn HWY417 IC117 RAMP51 & HWY417 IC117 RAMP35 (__3ZA2YN),__3ZA2YN,01 - Non intersection,03 - P.D. only,03 - Rear end,01 - Clear,07 - Dark,01 - Dry,10 - No control,,2,0,0,0,,0,,,,,370727.5594,5031174.926,45.41740346,-75.65763024,3770
17--13367,12/14/2017,5:33 PM,HIGHWAY 417 btwn HWY417 IC118 RAMP67 & HWY417 IC117 RAMP36 (__3ZA2YO),__3ZA2YO,01 - Non intersection,03 - P.D. only,03 - Rear end,01 - Clear,07 - Dark,02 - Wet,10 - No control,,3,0,0,0,,0,,,,,370139.1249,5031109.309,45.41686826,-75.66515668,3771
17--13368,12/14/2017,5:40 PM,HIGHWAY 417 btwn HWY417 IC118 RAMP35 & HWY417 IC117 RAMP51 (__3ZA2YP),__3ZA2YP,01 - Non intersection,03 - P.D. only,03 - Rear end,03 - Snow,07 - Dark,03 - Loose snow,10 - No control,,2,0,0,0,,0,,,,,370170.875,5031099.784,45.4167796,-75.66475231,3772
17--13369,12/14/2017,5:41 PM,HIGHWAY 417 btwn HWY417 IC134 RAMP25 & HWY417 IC131 RAMP53 (__3ZA2LE),__3ZA2LE,01 - Non intersection,03 - P.D. only,03 - Rear end,05 - Drifting Snow,07 - Dark,03 - Loose snow,10 - No control,,2,0,0,0,,0,,,,,357213.2507,5022572.828,45.34114459,-75.83120508,3773
17--1337,2/2/2017,5:35 PM,HIGHWAY 417 btwn HWY417 IC126 RAMP61 & HWY417 IC124 RAMP76 (__3ZA2Y2),__3ZA2Y2,01 - Non intersection,03 - P.D. only,03 - Rear end,01 - Clear,07 - Dark,01 - Dry,10 - No control,,3,0,0,0,,0,,,,,363671.4995,5026539.776,45.37632649,-75.74833185,3774
17--13370,12/14/2017,5:45 PM,HIGHWAY 417 btwn Continuation of HIGHWAY 417 & HWY417 IC134 RAMP51 (__3ZA29B),__3ZA29B,01 - Non intersection,03 - P.D. only,03 - Rear end,01 - Clear,07 - Dark,02 - Wet,10 - No control,,2,0,0,0,,0,,,,,355073.5046,5021446.292,45.33116448,-75.858621,3775
17--13371,12/14/2017,6:00 PM,HIGHWAY 417 btwn HWY417 IC122 RAMP61 & HWY417 IC121B RAMP16 (__3ZA2Y4),__3ZA2Y4,01 - Non intersection,03 - P.D. only,04 - Sideswipe,01 - Clear,07 - Dark,01 - Dry,10 - No control,,2,0,0,0,,0,,,,,366096.9255,5029350.144,45.40140555,-75.71701792,3776
17--13372,12/14/2017,6:05 PM,HIGHWAY 417 btwn HWY417 IC134 RAMP51 & HWY417 IC134 RAMP35 (__3ZAZET),__3ZAZET,01 - Non intersection,03 - P.D. only,03 - Rear end,03 - Snow,07 - Dark,06 - Ice,10 - No control,,2,0,0,0,,0,,,,,356241.5047,5022139.313,45.33731571,-75.84364884,3777
17--13373,12/14/2017,6:10 PM,RICHMOND RD @ STONEHAVEN DR (0010370),10370,03 - At intersection,03 - P.D. only,07 - SMV other,01 - Clear,07 - Dark,06 - Ice,01 - Traffic signal,01 - Functioning,1,0,0,0,,0,,,,,356782.1506,5015892.456,45.28106581,-75.83740636,3778
17--13374,12/14/2017,6:15 PM,BOOTH ST @ MIDDLE ST (0012187),12187,03 - At intersection,03 - P.D. only,05 - Turning movement,03 - Snow,07 - Dark,04 - Slush,02 - Stop sign,00 - Unknown,2,0,0,0,,0,,,,,366115.3029,5031291.629,45.41887291,-75.7165417,3779
17--13375,12/14/2017,6:16 AM,FRANK KENNY RD btwn HUISMANS RD & MCFADDEN RD (__3ZA1D7),__3ZA1D7,01 - Non intersection,03 - P.D. only,07 - SMV other,01 - Clear,07 - Dark,01 - Dry,10 - No control,,1,0,0,0,,0,,,,,391070.9929,5029878.579,45.40352786,-75.39796762,3780
17--13376,12/14/2017,6:20 AM,HIGHWAY 417 btwn HWY417 IC122 RAMP15 & HWY417 IC121B RAMP51 (__3ZA2RB),__3ZA2RB,01 - Non intersection,03 - P.D. only,04 - Sideswipe,01 - Clear,07 - Dark,02 - Wet,10 - No control,,2,0,0,0,,0,,,,,365798.4439,5029180.679,45.39990682,-75.7208512,3781
17--13377,12/14/2017,6:21 PM,MARCH RD btwn UPPER DWYER HILL RD & PETER ROBINSON RD (__3ZA2RI),__3ZA2RI,01 - Non intersection,03 - P.D. only,07 - SMV other,03 - Snow,07 - Dark,03 - Loose snow,10 - No control,,1,0,0,0,,0,,,,,334771.1782,5015025.734,45.27454957,-76.11801433,3782
17--13378,12/14/2017,6:26 AM,BANTREE ST @ INNES RD (0007684),7684,03 - At intersection,03 - P.D. only,05 - Turning movement,01 - Clear,07 - Dark,01 - Dry,01 - Traffic signal,01 - Functioning,3,0,0,0,,0,,,,,373705.7232,5030407.265,45.41020947,-75.61968939,3783
17--13379,12/14/2017,6:28 PM,HIGHWAY 417 btwn HWY417 IC126 RAMP16 & HWY417 IC126 RAMP61 (__3ZA2RC),__3ZA2RC,01 - Non intersection,03 - P.D. only,03 - Rear end,01 - Clear,07 - Dark,01 - Dry,10 - No control,,2,0,0,0,,0,,,,,363132.4468,5025818.699,45.36988342,-75.75529902,3784
17--1338,2/2/2017,5:47 PM,COOPER ST @ ELGIN ST (0006934),6934,03 - At intersection,03 - P.D. only,02 - Angle,01 - Clear,05 - Dusk,02 - Wet,01 - Traffic signal,01 - Functioning,2,0,0,0,,0,,,,,368118.6211,5031271.589,45.41851417,-75.69094934,3785
17--13380,12/14/2017,6:30 PM,HIGHWAY 417 btwn HWY417 IC121B RAMP16 & HWY417 IC121A RAMP16 (__3ZA2YX),__3ZA2YX,01 - Non intersection,03 - P.D. only,03 - Rear end,01 - Clear,07 - Dark,02 - Wet,10 - No control,,2,0,0,0,,0,,,,,366848.9681,5029614.214,45.40371533,-75.70737932,3786
17--13381,12/14/2017,6:35 PM,BARNSDALE RD @ RIDEAU VALLEY DR (0010400),10400,03 - At intersection,02 - Non-fatal injury,02 - Angle,01 - Clear,07 - Dark,06 - Ice,02 - Stop sign,01 - Functioning,3,0,0,0,01 - Minimal,1,1,,,,367139.3639,5011810.062,45.24349051,-75.70591147,3787
17--13382,12/14/2017,6:45 AM,BANK ST btwn PARKWAY RD & MEADOW DR (__3ZA28M),__3ZA28M,01 - Non intersection,03 - P.D. only,07 - SMV other,01 - Clear,07 - Dark,01 - Dry,10 - No control,,1,0,0,0,,0,,,,,378892.9197,5014129.85,45.26322404,-75.55586582,3788
17--13383,12/14/2017,6:45 PM,OR174 IC109 RAMP65 @ MONTREAL RD (0004119),4119,02 - Intersection related,03 - P.D. only,03 - Rear end,01 - Clear,07 - Dark,01 - Dry,01 - Traffic signal,00 - Unknown,2,0,0,0,,0,,,,,376403.2179,5034983.015,45.45110852,-75.58456631,3789
17--13384,12/14/2017,6:46 PM,REGIONAL ROAD 174 EB btwn OR174 IC109 RAMP55 & TRANSIT (__3ZA28V),__3ZA28V,01 - Non intersection,02 - Non-fatal injury,03 - Rear end,01 - Clear,07 - Dark,01 - Dry,10 - No control,,5,0,0,0,02 - Minor,1,,1,,,376532.8227,5035128.706,45.45240607,-75.5828883,3790
17--13385,12/14/2017,6:48 AM,MITCH OWENS RD btwn SALE BARN RD & HAWTHORNE RD (__3ZA2CT),__3ZA2CT,01 - Non intersection,03 - P.D. only,07 - SMV other,01 - Clear,07 - Dark,01 - Dry,10 - No control,,1,0,0,0,,0,,,,,378871.3596,5016655.955,45.28595512,-75.55576363,3791
17--13386,12/14/2017,7:00 AM,HUNT CLUB RD @ DOWNPATRICK RD/MCCARTHY RD (0006931),6931,03 - At intersection,02 - Non-fatal injury,07 - SMV other,01 - Clear,03 - Dawn,02 - Wet,01 - Traffic signal,01 - Functioning,1,0,0,1,02 - Minor,1,,1,,,370507.4,5023402.516,45.34749071,-75.66147746,3792
17--13387,12/14/2017,7:00 PM,TENTH LINE RD @ VANGUARD DR (0004632),4632,02 - Intersection related,02 - Non-fatal injury,99 - Other,01 - Clear,07 - Dark,01 - Dry,01 - Traffic signal,01 - Functioning,2,0,0,0,01 - Minimal,1,1,,,,384073.0977,5035875.901,45.45831402,-75.48637911,3793
17--13388,12/14/2017,7:10 AM,HIGHWAY 417 btwn HWY417 IC122 RAMP51 & HWY417 IC122 RAMP15 (__3ZA2R0),__3ZA2R0,01 - Non intersection,03 - P.D. only,03 - Rear end,01 - Clear,03 - Dawn,01 - Dry,10 - No control,,3,0,0,0,,0,,,,,365316.6896,5028864.872,45.39710707,-75.72704295,3794
17--13389,12/14/2017,7:19 AM,ALBION RD @ MITCH OWENS RD (0004212),4212,03 - At intersection,03 - P.D. only,05 - Turning movement,01 - Clear,03 - Dawn,01 - Dry,01 - Traffic signal,01 - Functioning,2,0,0,0,,0,,,,,375907.7099,5014804.21,45.26959981,-75.59380364,3795
17--1339,2/2/2017,6:03 PM,BANK ST btwn ARENA PL & WHITE ALDER AVE (__3ZA29N),__3ZA29N,04 - At/near private drive,03 - P.D. only,02 - Angle,01 - Clear,07 - Dark,01 - Dry,10 - No control,,2,0,0,0,,0,,,,,375668.4419,5020883.232,45.32432079,-75.59598373,3796
17--13390,12/14/2017,7:27 AM,HIGHWAY 417 btwn HWY417 IC124 RAMP65 & HWY417 IC122 RAMP51 (__3ZA2R8),__3ZA2R8,01 - Non intersection,03 - P.D. only,03 - Rear end,01 - Clear,03 - Dawn,01 - Dry,10 - No control,,3,0,0,0,,0,,,,,365131.2692,5028672.678,45.39539375,-75.72943455,3797
17--13391,12/14/2017,7:40 AM,HIGHWAY 417 btwn HWY417 IC123 RAMP62 & HWY417 IC122 RAMP16 (__3ZA2R9),__3ZA2R9,01 - Non intersection,03 - P.D. only,03 - Rear end,01 - Clear,03 - Dawn,01 - Dry,10 - No control,,2,0,0,0,,0,,,,,365018.6623,5028516.045,45.39399409,-75.73089178,3798
17--13392,12/14/2017,7:56 AM,HWY417 IC131 RAMP63 btwn HWY417 IC131 RAMP53 & HWY417 IC131 RAMP66 (__3ZAY4Q),__3ZAY4Q,01 - Non intersection,03 - P.D. only,07 - SMV other,01 - Clear,01 - Daylight,02 - Wet,10 - No control,,1,0,0,0,,0,,,,,358593.8077,5022898.524,45.34397071,-75.81355496,3799
17--13393,12/14/2017,8:01 AM,ALBION RD @ MITCH OWENS RD (0004212),4212,02 - Intersection related,02 - Non-fatal injury,03 - Rear end,01 - Clear,01 - Daylight,02 - Wet,01 - Traffic signal,01 - Functioning,2,0,0,0,01 - Minimal,1,1,,,,375907.7009,5014804.686,45.2696041,-75.59380369,3800
17--13394,12/14/2017,8:05 AM,HWY 417 TERRYFO IC140R53 @ TERRY FOX DR (0003179),3179,02 - Intersection related,03 - P.D. only,03 - Rear end,01 - Clear,01 - Daylight,02 - Wet,10 - No control,,2,0,0,0,,0,,,,,351081.718,5018401.645,45.30404261,-75.90982903,3801
17--13395,12/14/2017,8:10 AM,ALEXANDRA BR btwn MURRAY ST & END (__3ZA2TK),__3ZA2TK,07 - Overpass or bridge,03 - P.D. only,03 - Rear end,01 - Clear,01 - Daylight,01 - Dry,10 - No control,,2,0,0,0,,0,,,,,367140.5385,5032511.822,45.42976122,-75.70328856,3802
17--13396,12/14/2017,8:21 AM,BANK ST @ VANCOUVER AVE (0011964),11964,02 - Intersection related,03 - P.D. only,03 - Rear end,01 - Clear,01 - Daylight,06 - Ice,02 - Stop sign,01 - Functioning,2,0,0,0,,0,,,,,370442.1832,5025683.523,45.36802063,-75.66200673,3803
17--13397,12/14/2017,8:22 PM,HIGHWAY 417 btwn HWY417 IC115 RAMP25 & REGIONAL ROAD 174 (__3ZA2RY),__3ZA2RY,01 - Non intersection,02 - Non-fatal injury,07 - SMV other,01 - Clear,07 - Dark,01 - Dry,10 - No control,,1,0,0,0,02 - Minor,1,,1,,,373056.8838,5031601.374,45.42101708,-75.62781233,3804
17--13398,12/14/2017,8:40 AM,WOODROFFE AVE @ SPORTSPLEX N (0005568),5568,03 - At intersection,03 - P.D. only,05 - Turning movement,01 - Clear,01 - Daylight,02 - Wet,01 - Traffic signal,01 - Functioning,2,0,0,0,,0,,,,,363763.662,5021067.234,45.3270774,-75.74780781,3805
17--13399,12/14/2017,8:45 AM,BANK ST @ WILTON CRES (0007712),7712,02 - Intersection related,03 - P.D. only,02 - Angle,01 - Clear,01 - Daylight,01 - Dry,02 - Stop sign,01 - Functioning,2,0,0,0,,0,,,,,368577.8474,5028966.675,45.3977336,-75.68538037,3806
17--134,1/4/2017,4:30 AM,HIGHWAY 416 btwn HWY416 IC66 RAMP24 & HWY416 IC57 RAMP62 (__3ZA1OI),__3ZA1OI,01 - Non intersection,03 - P.D. only,07 - SMV other,03 - Snow,07 - Dark,04 - Slush,10 - No control,,1,0,0,0,,0,,,,,363810.4365,5009869.689,45.22631783,-75.74854226,3807
17--1340,2/2/2017,6:05 PM,HIGHWAY 417 btwn HWY417 IC115 RAMP25 & REGIONAL ROAD 174 (__3ZA2RY),__3ZA2RY,01 - Non intersection,02 - Non-fatal injury,04 - Sideswipe,01 - Clear,07 - Dark,01 - Dry,10 - No control,,3,0,0,0,02 - Minor,1,,1,,,373251.9076,5031692.21,45.42181532,-75.62530798,3808
17--13400,12/14/2017,8:46 PM,REGIONAL ROAD 174 EB btwn OR174 IC109 RAMP55 & TRANSIT (__3ZA28V),__3ZA28V,01 - Non intersection,03 - P.D. only,03 - Rear end,03 - Snow,07 - Dark,06 - Ice,10 - No control,,3,0,0,0,,0,,,,,376503.3285,5035053.973,45.4517367,-75.58327623,3809
17--13401,12/14/2017,9:00 AM,ST. LAURENT BLVD btwn CONROY RD & THURSTON DR (__3ZA49E),__3ZA49E,01 - Non intersection,03 - P.D. only,02 - Angle,01 - Clear,01 - Daylight,01 - Dry,10 - No control,,2,0,0,0,,0,,,,,373202.0385,5027234.568,45.38171238,-75.62656341,3810