Anom_ID,Accident_Date,Accident_Time,Location,Geo_ID,Accident_Location,Classification_of_Accident,Initial_Impact_Type,Environment_Condition,Light,Road_Surface_Condition,Traffic_Control,Traffic_Control_Condition,No__of_Vehicles,No__of_Bicycles,No__of_Motorcycles,No__of_Pedestrians,Max_Injury,No__of_Injuries,No__of_Minimal,No__of_Minor,No__of_Major,No__of_Fatal,X,Y,Latitude,Longitude,ObjectId
17--13402,12/14/2017,9:00 AM,BROADVIEW AVE @ TILLBURY AVE (0006728),6728,02 - Intersection related,03 - P.D. only,06 - SMV unattended vehicle,01 - Clear,01 - Daylight,01 - Dry,02 - Stop sign,01 - Functioning,1,0,0,0,,0,,,,,363070.3526,5026905.869,45.3796708,-75.7559634,3811
17--13403,12/14/2017,9:05 PM,MARCH RD btwn DUNROBIN RD & MURPHY CRT (__3ZA3DI),__3ZA3DI,01 - Non intersection,03 - P.D. only,07 - SMV other,01 - Clear,07 - Dark,02 - Wet,10 - No control,,1,0,0,0,,0,,,,,347534.0209,5025948.782,45.37217868,-75.95441428,3812
17--13404,12/14/2017,9:06 AM,REGIONAL ROAD 174 btwn TRANSIT & OR174 IC109 RAMP56 (__3ZAZ6U),__3ZAZ6U,01 - Non intersection,03 - P.D. only,03 - Rear end,01 - Clear,01 - Daylight,01 - Dry,10 - No control,,2,0,0,0,,0,,,,,375572.869,5033439.103,45.43730191,-75.59540288,3813
17--13405,12/14/2017,9:13 PM,MONTREAL RD btwn GRANVILLE ST & ALFRED ST (__3ZA3LG),__3ZA3LG,01 - Non intersection,03 - P.D. only,01 - Approaching,01 - Clear,07 - Dark,01 - Dry,10 - No control,,2,0,0,0,,0,,,,,370834.5638,5033476.927,45.43810579,-75.65595452,3814
17--13406,12/14/2017,9:14 AM,BANK ST @ FIRST AVE (0007233),7233,02 - Intersection related,03 - P.D. only,04 - Sideswipe,01 - Clear,01 - Daylight,02 - Wet,01 - Traffic signal,01 - Functioning,2,0,0,0,,0,,,,,368274.0447,5029703.568,45.40439154,-75.68916554,3815
17--13407,12/14/2017,9:17 AM,HIGHWAY 417 btwn HWY417 IC118 RAMP67 & HWY417 IC117 RAMP36 (__3ZA2YO),__3ZA2YO,01 - Non intersection,03 - P.D. only,03 - Rear end,01 - Clear,01 - Daylight,01 - Dry,10 - No control,,2,0,0,0,,0,,,,,370181.6389,5031114.229,45.41690856,-75.66461288,3816
17--13408,12/14/2017,9:20 AM,REGIONAL ROAD 174 btwn OR174 IC109 RAMP64 & OR174 IC105 RAMP16 (__3ZA2XD),__3ZA2XD,01 - Non intersection,03 - P.D. only,03 - Rear end,01 - Clear,01 - Daylight,01 - Dry,10 - No control,,2,0,0,0,,0,,,,,376773.8611,5035508.897,45.45580199,-75.57975136,3817
17--13409,12/14/2017,9:21 PM,RICHMOND RD btwn WEST HUNT CLUB RD & STONEHAVEN DR (__3ZA41H),__3ZA41H,01 - Non intersection,02 - Non-fatal injury,03 - Rear end,01 - Clear,07 - Dark,02 - Wet,10 - No control,,2,0,0,0,02 - Minor,2,,2,,,357040.508,5017660.492,45.29695573,-75.83392724,3818
17--1341,2/2/2017,6:20 PM,HIGHWAY 417 btwn HWY417 IC123 RAMP62 & HWY417 IC122 RAMP16 (__3ZA2R9),__3ZA2R9,01 - Non intersection,03 - P.D. only,07 - SMV other,01 - Clear,07 - Dark,02 - Wet,10 - No control,,1,0,0,0,,0,,,,,365136.856,5028710.879,45.39573699,-75.72935853,3819
17--13421,12/15/2017,10:33 AM,TENTH LINE RD @ LAKEPOINTE DR (0013369),13369,03 - At intersection,03 - P.D. only,03 - Rear end,01 - Clear,01 - Daylight,01 - Dry,01 - Traffic signal,01 - Functioning,2,0,0,0,,0,,,,,384262.4943,5035421.51,45.45420431,-75.48403121,3820
17--12878,12/7/2017,10:13 AM,KANATA AVE @ LORD BYNG WAY/MARITIME WAY (0009115),9115,03 - At intersection,02 - Non-fatal injury,02 - Angle,01 - Clear,01 - Daylight,01 - Dry,01 - Traffic signal,01 - Functioning,2,0,0,0,01 - Minimal,1,1,,,,351430.39,5019332.428,45.31239497,-75.90529553,3821
17--13422,12/15/2017,10:35 AM,COLONEL BY DR btwn CLEGG ST & ECHO DR N (__3ZA22H),__3ZA22H,01 - Non intersection,03 - P.D. only,99 - Other,01 - Clear,01 - Daylight,01 - Dry,10 - No control,,2,0,0,0,,0,,,,,368951.563,5029830.519,45.40547204,-75.68049511,3822
17--13423,12/15/2017,10:40 PM,HIGHWAY 416 btwn HWY416 IC42 RAMP34 & HWY416 IC42 RAMP43 (__3ZA1NA),__3ZA1NA,01 - Non intersection,03 - P.D. only,07 - SMV other,03 - Snow,07 - Dark,03 - Loose snow,10 - No control,,1,0,0,0,,0,,,,,371384.6288,4995306.612,45.09460414,-75.65404154,3823
17--12879,12/7/2017,11:15 PM,HOLLAND AVE @ WELLINGTON ST (0002364),2364,03 - At intersection,03 - P.D. only,04 - Sideswipe,01 - Clear,07 - Dark,01 - Dry,01 - Traffic signal,01 - Functioning,2,0,0,0,,0,,,,,364930.1748,5029152.844,45.39973148,-75.73194421,3824
17--13424,12/15/2017,11:45 PM,DAZE ST @ 200 W OF BANK ST/SOUTHKEYS SC (0012179),12179,02 - Intersection related,03 - P.D. only,03 - Rear end,03 - Snow,07 - Dark,03 - Loose snow,01 - Traffic signal,01 - Functioning,2,0,0,0,,0,,,,,371194.1932,5024142.753,45.35408645,-75.65261455,3825
17--1288,2/1/2017,12:40 PM,COVENTRY RD btwn LOLA ST & BELFAST RD (__3ZA3ME),__3ZA3ME,01 - Non intersection,03 - P.D. only,03 - Rear end,01 - Clear,01 - Daylight,02 - Wet,10 - No control,,3,0,0,0,,0,,,,,371294.3187,5031617.851,45.42133508,-75.65032967,3826
17--13425,12/15/2017,11:46 AM,BYRON AVE @ TWEEDSMUIR AVE (0006667),6667,03 - At intersection,03 - P.D. only,02 - Angle,01 - Clear,01 - Daylight,02 - Wet,02 - Stop sign,01 - Functioning,3,0,0,0,,0,,,,,363592.3557,5028303.884,45.39220631,-75.74913215,3827
17--12880,12/7/2017,11:20 AM,CARLING AVE @ RICHMOND RD (0010847),10847,02 - Intersection related,03 - P.D. only,03 - Rear end,01 - Clear,01 - Daylight,01 - Dry,01 - Traffic signal,01 - Functioning,2,0,0,0,,0,,,,,360246.6348,5024782.229,45.36079156,-75.79225413,3828
17--13426,12/15/2017,11:48 AM,WOODROFFE AVE btwn GEORGINA DR & HWY417 IC127 RAMP36 (__3ZA4L6),__3ZA4L6,01 - Non intersection,03 - P.D. only,03 - Rear end,04 - Freezing Rain,01 - Daylight,06 - Ice,10 - No control,,2,0,0,0,,0,,,,,361984.2386,5025183.422,45.36426188,-75.77002993,3829
17--12881,12/7/2017,Unknown,BURNSIDE AVE btwn PARKDALE AVE & FORWARD AVE (__3ZA0V8),__3ZA0V8,01 - Non intersection,03 - P.D. only,06 - SMV unattended vehicle,01 - Clear,00 - Unknown,01 - Dry,10 - No control,,1,0,0,0,,0,,,,,364798.6372,5030101.589,45.40827936,-75.73350878,3830
17--13427,12/15/2017,Unknown,BESSERER ST @ NICHOLAS ST (0007614),7614,02 - Intersection related,03 - P.D. only,06 - SMV unattended vehicle,03 - Snow,00 - Unknown,03 - Loose snow,01 - Traffic signal,01 - Functioning,1,0,0,0,,0,,,,,368185.7089,5032112.775,45.4260768,-75.68998398,3831
17--12882,12/7/2017,12:00 PM,LYON ST @ WELLINGTON ST (0002388),2388,02 - Intersection related,03 - P.D. only,04 - Sideswipe,01 - Clear,01 - Daylight,01 - Dry,01 - Traffic signal,01 - Functioning,2,0,0,0,,0,,,,,366935.6055,5031426.166,45.42001107,-75.7060443,3832
17--13428,12/15/2017,Unknown,FABLE ST btwn LARKIN DR & PHYLIS ST (__3ZAB8Y),__3ZAB8Y,01 - Non intersection,03 - P.D. only,06 - SMV unattended vehicle,03 - Snow,00 - Unknown,03 - Loose snow,10 - No control,,1,0,0,0,,0,,,,,362353.7449,5015796.334,45.27976684,-75.76640441,3833
17--13429,12/15/2017,12:15 PM,BESSERER ST btwn NICHOLAS ST & DALHOUSIE ST (__3ZBOX0),__3ZBOX0,01 - Non intersection,03 - P.D. only,06 - SMV unattended vehicle,01 - Clear,01 - Daylight,01 - Dry,10 - No control,,1,0,0,0,,0,,,,,368232.9693,5032144.865,45.42636125,-75.68937596,3834
17--1343,2/2/2017,6:45 AM,HWY417 IC131 RAMP55 btwn HIGHWAY 417 & HWY416 IC75B RAMP25 (__3ZAYG7),__3ZAYG7,01 - Non intersection,03 - P.D. only,03 - Rear end,01 - Clear,07 - Dark,01 - Dry,10 - No control,,2,0,0,0,,0,,,,,358423.6373,5022779.722,45.34291476,-75.81573917,3835
17--13430,12/15/2017,12:49 PM,PINECREST RD @ QUEENSVIEW DR (0002739),2739,03 - At intersection,03 - P.D. only,02 - Angle,01 - Clear,01 - Daylight,02 - Wet,01 - Traffic signal,01 - Functioning,2,0,0,0,,0,,,,,360346.3453,5023784.175,45.3518032,-75.79109363,3836
17--13431,12/15/2017,12:55 PM,SOMERSET ST    W btwn BRONSON AVE & PERCY ST (__3ZA33M),__3ZA33M,04 - At/near private drive,03 - P.D. only,02 - Angle,03 - Snow,01 - Daylight,05 - Packed snow,10 - No control,,2,0,0,0,,0,,,,,367036.631,5030519.229,45.41184174,-75.70486808,3837
17--13432,12/15/2017,12:57 PM,STRANDHERD DR @ LONGFIELDS DR (0010935),10935,03 - At intersection,03 - P.D. only,03 - Rear end,03 - Snow,01 - Daylight,06 - Ice,01 - Traffic signal,01 - Functioning,2,0,0,0,,0,,,,,364549.7573,5015173.561,45.27397992,-75.73849084,3838
17--13433,12/15/2017,2:04 PM,CAMPEAU DR @ KANATA AVE (0012003),12003,02 - Intersection related,03 - P.D. only,03 - Rear end,03 - Snow,01 - Daylight,04 - Slush,01 - Traffic signal,01 - Functioning,2,0,0,0,,0,,,,,350595.0748,5019402.289,45.31307857,-75.91594177,3839
17--13434,12/15/2017,2:05 PM,BANK ST btwn ST. PAUL AVE & KITCHENER AVE (__3ZA4TR),__3ZA4TR,04 - At/near private drive,03 - P.D. only,02 - Angle,03 - Snow,01 - Daylight,04 - Slush,10 - No control,,2,0,0,0,,0,,,,,370535.6192,5025509.291,45.36644419,-75.66083723,3840
17--13435,12/15/2017,2:06 PM,GLADSTONE AVE @ CAMBRIDGE ST (0006328),6328,02 - Intersection related,02 - Non-fatal injury,04 - Sideswipe,01 - Clear,01 - Daylight,01 - Dry,02 - Stop sign,01 - Functioning,2,0,0,0,02 - Minor,1,,1,,,367066.0575,5030035.442,45.40748615,-75.70455327,3841
17--13436,12/15/2017,2:08 PM,CLARENCE ST @ CUMBERLAND ST (0008412),8412,03 - At intersection,03 - P.D. only,02 - Angle,03 - Snow,01 - Daylight,03 - Loose snow,02 - Stop sign,01 - Functioning,2,0,0,0,,0,,,,,368212.363,5032606.25,45.43051449,-75.68957986,3842
17--13437,12/15/2017,2:09 PM,ALDERGROVE WAY @ OLD PRESCOTT RD (0005864),5864,03 - At intersection,02 - Non-fatal injury,02 - Angle,01 - Clear,01 - Daylight,05 - Packed snow,02 - Stop sign,01 - Functioning,2,0,0,0,02 - Minor,1,,1,,,377679.2349,5014171.199,45.26372287,-75.57132316,3843
17--13438,12/15/2017,2:30 AM,CUMBERLAND ST @ GEORGE ST (0008508),8508,02 - Intersection related,02 - Non-fatal injury,07 - SMV other,01 - Clear,07 - Dark,02 - Wet,01 - Traffic signal,01 - Functioning,1,0,0,0,02 - Minor,1,,1,,,368325.7076,5032415.913,45.42879162,-75.688156,3844
17--13439,12/15/2017,2:57 PM,IRIS ST @ WOODROFFE AVE (0002736),2736,02 - Intersection related,02 - Non-fatal injury,03 - Rear end,03 - Snow,01 - Daylight,04 - Slush,01 - Traffic signal,01 - Functioning,2,0,0,0,02 - Minor,1,,1,,,362282.2187,5024441.283,45.3575598,-75.76631278,3845
17--1344,2/2/2017,6:48 AM,RICHMOND RD @ HOLLY ACRES RD/NANAIMO DR (0001068),1068,02 - Intersection related,02 - Non-fatal injury,07 - SMV other,01 - Clear,03 - Dawn,03 - Loose snow,01 - Traffic signal,01 - Functioning,1,0,0,1,02 - Minor,1,,1,,,359059.2143,5022749.853,45.34259712,-75.8076328,3846
17--13440,12/15/2017,3:15 PM,INNES RD btwn HWY417 IC112 RAMP66 & CYRVILLE RD (__3ZA3RCB),__3ZA3RCB,01 - Non intersection,03 - P.D. only,04 - Sideswipe,01 - Clear,01 - Daylight,01 - Dry,10 - No control,,2,0,0,0,,0,,,,,374961.2253,5031059.11,45.41594969,-75.60355878,3847
17--13441,12/15/2017,3:16 PM,DALY AVE @ KING EDWARD AVE (0007755),7755,03 - At intersection,03 - P.D. only,02 - Angle,03 - Snow,01 - Daylight,03 - Loose snow,02 - Stop sign,01 - Functioning,2,0,0,0,,0,,,,,368591.3732,5032273.586,45.42748684,-75.68477963,3848
17--13442,12/15/2017,3:31 PM,RICHMOND RD btwn PERTH ST & CAMBRIAN RD (__3ZAB98),__3ZAB98,01 - Non intersection,02 - Non-fatal injury,01 - Approaching,01 - Clear,01 - Daylight,02 - Wet,10 - No control,,2,0,0,0,02 - Minor,3,,3,,,358812.225,5008001.204,45.2099058,-75.81238894,3849
17--13443,12/15/2017,3:39 PM,BELMEADE RD btwn 3RD LINE RD & 4TH LINE RD (__3ZA7IC),__3ZA7IC,01 - Non intersection,03 - P.D. only,07 - SMV other,03 - Snow,01 - Daylight,03 - Loose snow,10 - No control,,1,0,0,0,,0,,,,,380682.5188,4997178.982,45.11051528,-75.53564387,3850
17--13444,12/15/2017,3:50 PM,ANDERSON RD btwn INNES RD & DESJARDINS ST (__3ZBOG0),__3ZBOG0,01 - Non intersection,03 - P.D. only,07 - SMV other,03 - Snow,01 - Daylight,03 - Loose snow,10 - No control,,1,0,0,0,,0,,,,,376667.6282,5031603.844,45.4206777,-75.58167962,3851
17--13445,12/15/2017,3:57 PM,BEVAN AVE @ BYRON AVE (0006680),6680,02 - Intersection related,03 - P.D. only,03 - Rear end,03 - Snow,01 - Daylight,04 - Slush,02 - Stop sign,01 - Functioning,2,0,0,0,,0,,,,,363752.7049,5028380.018,45.39287787,-75.74707533,3852
17--13446,12/15/2017,4:05 PM,LOLA ST @ DONALD ST (0008513),8513,02 - Intersection related,03 - P.D. only,02 - Angle,03 - Snow,05 - Dusk,03 - Loose snow,01 - Traffic signal,01 - Functioning,2,0,0,0,,0,,,,,371094.726,5032358.389,45.42801706,-75.65278013,3853
17--13447,12/15/2017,4:19 PM,210 W OF MERIVALE RD @ WEST HUNT CLUB RD (0004688),4688,03 - At intersection,02 - Non-fatal injury,05 - Turning movement,03 - Snow,05 - Dusk,03 - Loose snow,01 - Traffic signal,01 - Functioning,2,0,0,0,02 - Minor,1,,1,,,365431.7028,5021829.496,45.33379403,-75.72643737,3854
17--13448,12/15/2017,4:30 PM,HOLLAND AVE @ KENILWORTH ST (0006299),6299,02 - Intersection related,03 - P.D. only,03 - Rear end,03 - Snow,05 - Dusk,04 - Slush,01 - Traffic signal,01 - Functioning,2,0,0,0,,0,,,,,365214.6973,5028496.314,45.39379967,-75.72839068,3855
17--13449,12/15/2017,4:39 PM,BANK ST @ CHAMBERLAIN AVE N/ISABELLA ST (0002132),2132,02 - Intersection related,03 - P.D. only,04 - Sideswipe,03 - Snow,05 - Dusk,02 - Wet,01 - Traffic signal,01 - Functioning,2,0,0,0,,0,,,,,368083.0466,5030167.231,45.40858073,-75.69154564,3856
17--1345,2/2/2017,6:48 PM,INDUSTRIAL AVE/INNES RD @ ST. LAURENT BLVD (0002203),2203,02 - Intersection related,03 - P.D. only,03 - Rear end,01 - Clear,07 - Dark,01 - Dry,01 - Traffic signal,01 - Functioning,2,0,0,0,,0,,,,,373099.7274,5030006.113,45.4066595,-75.627486,3857
17--13450,12/15/2017,4:50 PM,DUNROBIN RD @ MARCH RD (0003175),3175,03 - At intersection,03 - P.D. only,05 - Turning movement,03 - Snow,07 - Dark,03 - Loose snow,01 - Traffic signal,01 - Functioning,2,0,0,0,,0,,,,,347173.6541,5026066.72,45.37326179,-75.95900476,3858
17--13451,12/15/2017,4:57 PM,BASELINE RD btwn NAVAHO DR & COLLEGE SQUARE SC (__3ZAZDQB),__3ZAZDQB,01 - Non intersection,03 - P.D. only,03 - Rear end,01 - Clear,05 - Dusk,02 - Wet,10 - No control,,2,0,0,0,,0,,,,,362916.5151,5023993.564,45.35347898,-75.7582701,3859
17--13452,12/15/2017,5:00 PM,BANK ST @ QUEENSDALE AVE (0009260),9260,03 - At intersection,03 - P.D. only,02 - Angle,03 - Snow,07 - Dark,03 - Loose snow,01 - Traffic signal,01 - Functioning,2,0,0,0,,0,,,,,373337.2163,5023444.33,45.34759613,-75.62536322,3860
17--13453,12/15/2017,5:00 PM,LEMIEUX ST @ ST. LAURENT BLVD (0002021),2021,03 - At intersection,03 - P.D. only,05 - Turning movement,01 - Clear,07 - Dark,01 - Dry,01 - Traffic signal,01 - Functioning,2,0,0,0,,0,,,,,372392.1981,5031742.801,45.42235411,-75.63628531,3861
17--13454,12/15/2017,5:05 PM,CARP RD @ ROTHBOURNE RD (0002007),2007,02 - Intersection related,03 - P.D. only,02 - Angle,03 - Snow,07 - Dark,05 - Packed snow,02 - Stop sign,01 - Functioning,2,0,0,0,,0,,,,,348253.9057,5014875.259,45.27249159,-75.9461956,3862
17--13455,12/15/2017,5:12 PM,BANK ST @ QUEENSDALE AVE (0009260),9260,03 - At intersection,03 - P.D. only,05 - Turning movement,03 - Snow,07 - Dark,04 - Slush,01 - Traffic signal,00 - Unknown,2,0,0,0,,0,,,,,373337.0774,5023446.182,45.3476128,-75.62536473,3863
17--13456,12/15/2017,5:20 PM,WOODROFFE AVE btwn DAVID DR & TURN LANE (__3ZA33G),__3ZA33G,01 - Non intersection,03 - P.D. only,03 - Rear end,03 - Snow,07 - Dark,03 - Loose snow,10 - No control,,3,0,0,0,,0,,,,,363000.1654,5022861.718,45.34328778,-75.75733578,3864
17--13457,12/15/2017,5:21 PM,GRANT CARMAN DR @ VIEWMOUNT DR (0001527),1527,02 - Intersection related,03 - P.D. only,02 - Angle,03 - Snow,07 - Dark,03 - Loose snow,02 - Stop sign,01 - Functioning,2,0,0,0,,0,,,,,365436.3769,5023082.177,45.34506509,-75.72622423,3865
17--13458,12/15/2017,5:24 AM,FLEWELLYN RD btwn NO NAME & BLACK'S SIDE RD (__3ZACRE),__3ZACRE,01 - Non intersection,03 - P.D. only,07 - SMV other,01 - Clear,07 - Dark,01 - Dry,10 - No control,,1,0,0,0,,0,,,,,349887.3612,5009412.179,45.22322988,-75.92587427,3866
17--13459,12/15/2017,5:30 PM,EARL ARMSTRONG RD @ SPRATT RD (0013063),13063,02 - Intersection related,03 - P.D. only,03 - Rear end,03 - Snow,07 - Dark,03 - Loose snow,01 - Traffic signal,01 - Functioning,2,0,0,0,,0,,,,,368396.7091,5015012.146,45.27219012,-75.68948699,3867
17--1346,2/2/2017,6:50 AM,HIGHWAY 417 btwn HWY417 IC115 RAMP61 & REGIONAL ROAD 174 (__3ZA2XG),__3ZA2XG,01 - Non intersection,03 - P.D. only,03 - Rear end,01 - Clear,03 - Dawn,01 - Dry,10 - No control,,2,0,0,0,,0,,,,,373132.5951,5031660.85,45.42154483,-75.62683675,3868
17--13460,12/15/2017,5:33 AM,ROBERTSON RD btwn HAZELDEAN RD & HAANEL DR (__3ZA41S),__3ZA41S,01 - Non intersection,03 - P.D. only,07 - SMV other,01 - Clear,07 - Dark,06 - Ice,10 - No control,,1,0,0,0,,0,,,,,354542.3154,5018936.877,45.30862219,-75.86564941,3869
17--13461,12/15/2017,5:47 PM,MERIVALE RD @ CLEOPATRA DR (0000112),112,03 - At intersection,02 - Non-fatal injury,02 - Angle,03 - Snow,07 - Dark,04 - Slush,01 - Traffic signal,01 - Functioning,2,0,0,0,01 - Minimal,2,2,,,,365950.2496,5021122.068,45.32738369,-75.71990956,3870
17--13462,12/15/2017,6:12 AM,BANK ST @ DAVIDSON RD/LESTER RD (0008797),8797,02 - Intersection related,03 - P.D. only,03 - Rear end,01 - Clear,07 - Dark,05 - Packed snow,01 - Traffic signal,01 - Functioning,2,0,0,0,,0,,,,,373674.7393,5022919.488,45.34284074,-75.62112951,3871
17--13463,12/15/2017,6:15 PM,PARKGLEN DR @ WOODROFFE AVE (0001099),1099,03 - At intersection,03 - P.D. only,02 - Angle,01 - Clear,07 - Dark,04 - Slush,02 - Stop sign,01 - Functioning,2,0,0,0,,0,,,,,362888.21,5023125.796,45.34567322,-75.75873326,3872
17--13464,12/15/2017,6:19 PM,FIFTH AVE @ QUEEN ELIZABETH DRWY (0006908),6908,02 - Intersection related,03 - P.D. only,03 - Rear end,03 - Snow,07 - Dark,03 - Loose snow,01 - Traffic signal,01 - Functioning,2,0,0,0,,0,,,,,368836.6789,5029657.739,45.40392795,-75.68198498,3873
17--13465,12/15/2017,6:40 AM,OTTAWA RIVER PKWY @ ISLAND PARK DR (0002127),2127,02 - Intersection related,03 - P.D. only,05 - Turning movement,01 - Clear,07 - Dark,06 - Ice,01 - Traffic signal,01 - Functioning,2,0,0,0,,0,,,,,363298.6953,5029453.563,45.40257552,-75.75274598,3874
17--13466,12/15/2017,6:50 PM,CARLING AVE @ KIRKWOOD AVE S (0002209),2209,02 - Intersection related,02 - Non-fatal injury,03 - Rear end,03 - Snow,07 - Dark,03 - Loose snow,01 - Traffic signal,01 - Functioning,3,0,0,0,01 - Minimal,1,1,,,,364351.2271,5027337.312,45.38344515,-75.73955769,3875
17--13467,12/15/2017,6:50 PM,INNES RD btwn 260 E OF BELCOURT BLVD/WALMART SC & JEANNE D'ARC BLVD/ME (__3ZA3JWB),__3ZA3JWB,01 - Non intersection,02 - Non-fatal injury,03 - Rear end,03 - Snow,07 - Dark,03 - Loose snow,10 - No control,,2,0,0,0,01 - Minimal,1,1,,,,382594.4699,5035543.534,45.45548986,-75.50533518,3876
17--13468,12/15/2017,7:00 AM,MITCH OWENS RD btwn FARMERS WAY & YORKS CORNERS RD (__3ZA20U),__3ZA20U,01 - Non intersection,02 - Non-fatal injury,03 - Rear end,01 - Clear,03 - Dawn,01 - Dry,10 - No control,,2,0,0,0,01 - Minimal,2,2,,,,385330.6772,5020543.817,45.32022502,-75.47280365,3877
17--13469,12/15/2017,7:00 PM,RUSSELL RD btwn CARLSBAD LANE & MILTON RD (__3ZA3XY),__3ZA3XY,01 - Non intersection,03 - P.D. only,07 - SMV other,03 - Snow,07 - Dark,06 - Ice,10 - No control,,1,0,0,0,,0,,,,,389638.794,5025326.488,45.3627477,-75.41704162,3878
17--1347,2/2/2017,7:00 AM,HIGHWAY 417 btwn HWY417 IC124 RAMP76 & HWY417 IC124 RAMP67 (__3ZA2R7),__3ZA2R7,01 - Non intersection,03 - P.D. only,04 - Sideswipe,01 - Clear,03 - Dawn,01 - Dry,10 - No control,,2,0,0,0,,0,,,,,364259.0274,5027318.654,45.3832851,-75.74073718,3879
17--13470,12/15/2017,7:05 PM,UPLANDS DR @ AIRPORT PKWY RAMP 35 (0009397),9397,02 - Intersection related,03 - P.D. only,07 - SMV other,03 - Snow,07 - Dark,06 - Ice,01 - Traffic signal,00 - Unknown,1,0,0,0,,0,,,,,371123.2575,5021372.289,45.32916536,-75.6538912,3880
17--13471,12/15/2017,7:26 PM,GRANT CARMAN DR @ MEADOWLANDS DR (0001111),1111,02 - Intersection related,02 - Non-fatal injury,03 - Rear end,03 - Snow,07 - Dark,03 - Loose snow,01 - Traffic signal,01 - Functioning,2,0,0,0,02 - Minor,1,,1,,,365052.1675,5023900.797,45.35246402,-75.73102691,3881
17--13472,12/15/2017,7:27 AM,STONECREST RD btwn DUNHAVEN DR & THOMAS A. DOLAN PKWY (__3ZAC8O),__3ZAC8O,01 - Non intersection,03 - P.D. only,07 - SMV other,01 - Clear,03 - Dawn,06 - Ice,10 - No control,,1,0,0,0,,0,,,,,339101.7868,5028702.042,45.39741697,-76.06187382,3882
17--13473,12/15/2017,7:29 AM,MANN AVE @ RUSSELL AVE (0006976),6976,03 - At intersection,03 - P.D. only,02 - Angle,01 - Clear,03 - Dawn,06 - Ice,02 - Stop sign,01 - Functioning,2,0,0,0,,0,,,,,369470.7145,5031504.82,45.42048902,-75.67364421,3883
17--13474,12/15/2017,7:30 PM,ELGIN ST @ QUEEN ST (0007144),7144,02 - Intersection related,03 - P.D. only,03 - Rear end,03 - Snow,07 - Dark,05 - Packed snow,01 - Traffic signal,01 - Functioning,2,0,0,0,,0,,,,,367804.8708,5031779.58,45.42311323,-75.69489291,3884
17--13475,12/15/2017,7:30 PM,FISHER AVE @ TUNIS AVE (0006208),6208,02 - Intersection related,02 - Non-fatal injury,03 - Rear end,01 - Clear,07 - Dark,01 - Dry,02 - Stop sign,01 - Functioning,2,0,0,0,01 - Minimal,1,1,,,,365496.7955,5027596.707,45.38568081,-75.72489874,3885
17--13476,12/15/2017,7:30 PM,CATHERINE ST/HWY 417 O'CONN IC119BR76 @ O'CONN (0001697),1697,02 - Intersection related,03 - P.D. only,04 - Sideswipe,03 - Snow,07 - Dark,03 - Loose snow,01 - Traffic signal,01 - Functioning,2,0,0,0,,0,,,,,368243.2638,5030393.007,45.41059769,-75.68946998,3886
17--13477,12/15/2017,7:35 AM,ELGIN ST @ FRANK ST (0007287),7287,03 - At intersection,03 - P.D. only,99 - Other,01 - Clear,03 - Dawn,01 - Dry,02 - Stop sign,01 - Functioning,2,0,0,0,,0,,,,,368357.7111,5030889.755,45.41505688,-75.68794394,3887
17--13478,12/15/2017,7:35 PM,MONTREAL RD @ ST. LAURENT BLVD (0002604),2604,03 - At intersection,03 - P.D. only,05 - Turning movement,03 - Snow,07 - Dark,03 - Loose snow,01 - Traffic signal,01 - Functioning,2,0,0,0,,0,,,,,371546.2105,5033817.492,45.44110246,-75.64681317,3888
17--13479,12/15/2017,7:43 AM,RICHMOND RD @ WEST HUNT CLUB RD (0000598),598,02 - Intersection related,03 - P.D. only,03 - Rear end,03 - Snow,03 - Dawn,06 - Ice,01 - Traffic signal,01 - Functioning,2,0,0,0,,0,,,,,357146.6031,5018152.223,45.3013725,-75.83252269,3889
17--1348,2/2/2017,7:10 AM,BANK ST @ HUNT CLUB RD (0002119),2119,02 - Intersection related,03 - P.D. only,03 - Rear end,01 - Clear,03 - Dawn,01 - Dry,01 - Traffic signal,01 - Functioning,2,0,0,0,,0,,,,,371608.7365,5024097.053,45.35363589,-75.64733052,3890
17--13480,12/15/2017,7:44 PM,LONGFIELDS DR @ WOODROFFE AVE (0000096),96,03 - At intersection,03 - P.D. only,05 - Turning movement,01 - Clear,07 - Dark,01 - Dry,01 - Traffic signal,01 - Functioning,2,0,0,0,,0,,,,,365420.692,5017107.662,45.29130834,-75.72715554,3891
17--13481,12/15/2017,8:00 PM,BEECHWOOD AVE btwn CHAPLEAU AVE & PUTMAN AVE (__3ZA3AY),__3ZA3AY,04 - At/near private drive,03 - P.D. only,03 - Rear end,03 - Snow,07 - Dark,06 - Ice,10 - No control,,3,0,0,0,,0,,,,,369561.4968,5033877.455,45.44182865,-75.67217227,3892
17--13482,12/15/2017,8:03 PM,FISHER AVE @ PRINCE OF WALES DR (0000572),572,02 - Intersection related,03 - P.D. only,04 - Sideswipe,03 - Snow,07 - Dark,04 - Slush,01 - Traffic signal,01 - Functioning,2,0,0,0,,0,,,,,367161.7048,5023942.75,45.35265709,-75.70410105,3893