Anom_ID,Accident_Date,Accident_Time,Location,Geo_ID,Accident_Location,Classification_of_Accident,Initial_Impact_Type,Environment_Condition,Light,Road_Surface_Condition,Traffic_Control,Traffic_Control_Condition,No__of_Vehicles,No__of_Bicycles,No__of_Motorcycles,No__of_Pedestrians,Max_Injury,No__of_Injuries,No__of_Minimal,No__of_Minor,No__of_Major,No__of_Fatal,X,Y,Latitude,Longitude,ObjectId
17--13483,12/15/2017,8:18 AM,BANK ST @ HERON RD (0002155),2155,03 - At intersection,03 - P.D. only,02 - Angle,01 - Clear,01 - Daylight,02 - Wet,01 - Traffic signal,01 - Functioning,2,0,0,0,,0,,,,,369996.0545,5026853.549,45.37858979,-75.66754699,3894
17--13484,12/15/2017,8:32 AM,STRANDHERD DR @ WOODROFFE AVE (0009688),9688,03 - At intersection,03 - P.D. only,05 - Turning movement,01 - Clear,01 - Daylight,03 - Loose snow,01 - Traffic signal,01 - Functioning,2,0,0,0,,0,,,,,366106.6319,5015394.91,45.2758376,-75.71862301,3895
17--13485,12/15/2017,8:35 PM,PRINCE OF WALES DR @ WEST HUNT CLUB RD (0000567),567,02 - Intersection related,03 - P.D. only,03 - Rear end,03 - Snow,07 - Dark,03 - Loose snow,01 - Traffic signal,01 - Functioning,3,0,0,0,,0,,,,,367458.7104,5021891.504,45.3341739,-75.70057067,3896
17--13486,12/15/2017,8:43 AM,HIGHWAY 417 btwn HWY417 IC124 RAMP67 & HWY417 IC123 RAMP62 (__3ZA2YZ),__3ZA2YZ,01 - Non intersection,03 - P.D. only,03 - Rear end,01 - Clear,01 - Daylight,06 - Ice,10 - No control,,2,0,0,0,,0,,,,,364732.3029,5027980.354,45.38919862,-75.73461388,3897
17--13487,12/15/2017,8:45 PM,HIGHWAY 417 btwn HWY417 IC118 RAMP67 & HWY417 IC117 RAMP36 (__3ZA2YO),__3ZA2YO,01 - Non intersection,02 - Non-fatal injury,07 - SMV other,03 - Snow,07 - Dark,03 - Loose snow,10 - No control,,1,0,0,0,02 - Minor,1,,1,,,369767.0266,5031158.064,45.41734159,-75.66990408,3898
17--13488,12/15/2017,8:48 PM,CEDARVIEW RD @ HWY 416 WESTHUNT IC72R24 (0005514),5514,03 - At intersection,03 - P.D. only,05 - Turning movement,03 - Snow,07 - Dark,04 - Slush,02 - Stop sign,00 - Unknown,2,0,0,0,,0,,,,,359607.7752,5019743.874,45.31550657,-75.80096628,3899
17--13489,12/15/2017,8:50 AM,MACKENZIE KING BR btwn N.D.H.Q./RIDEAU CENTRE SC & MACKENZIE KING BR/N (__3ZAZP7B),__3ZAZP7B,07 - Overpass or bridge,02 - Non-fatal injury,07 - SMV other,01 - Clear,01 - Daylight,01 - Dry,10 - No control,,1,0,0,1,02 - Minor,1,,1,,,368246.0154,5031918.174,45.42432038,-75.68923846,3900
17--1349,2/2/2017,7:30 AM,BILLINGS AVE @ FAIRBANKS AVE (0007539),7539,02 - Intersection related,03 - P.D. only,03 - Rear end,01 - Clear,01 - Daylight,01 - Dry,02 - Stop sign,01 - Functioning,2,0,0,0,,0,,,,,370845.3936,5028667.558,45.39483204,-75.65646068,3901
17--13490,12/15/2017,8:53 AM,CRESTHAVEN DR btwn GROVEMONT DR & HARBOUR VIEW ST (__44Z9X1),__44Z9X1,01 - Non intersection,03 - P.D. only,04 - Sideswipe,01 - Clear,01 - Daylight,02 - Wet,10 - No control,,2,0,0,0,,0,,,,,366547.4086,5014867.618,45.27105448,-75.71307124,3902
17--13491,12/15/2017,8:53 PM,RICHMOND RD @ WOODROFFE AVE (0011466),11466,03 - At intersection,03 - P.D. only,05 - Turning movement,03 - Snow,07 - Dark,03 - Loose snow,01 - Traffic signal,01 - Functioning,2,0,0,0,,0,,,,,361585.1643,5026655.24,45.37753762,-75.7749546,3903
17--13492,12/15/2017,8:55 AM,HIGHWAY 417 btwn HWY417 IC124 RAMP65 & HWY417 IC122 RAMP51 (__3ZA2R8),__3ZA2R8,01 - Non intersection,02 - Non-fatal injury,03 - Rear end,01 - Clear,01 - Daylight,06 - Ice,10 - No control,,3,0,0,0,01 - Minimal,1,1,,,,365076.4736,5028591.225,45.39466557,-75.7301443,3904
17--13493,12/15/2017,9:00 AM,HIGHWAY 417 btwn HWY417 IC124 RAMP57 & HWY417 IC124 RAMP55 (__3ZA2Y1),__3ZA2Y1,01 - Non intersection,03 - P.D. only,03 - Rear end,01 - Clear,01 - Daylight,02 - Wet,10 - No control,,2,0,0,0,,0,,,,,364107.4617,5027091.352,45.38125272,-75.74269974,3905
17--13494,12/15/2017,9:00 AM,HIGHWAY 417 btwn HWY417 IC124 RAMP67 & HWY417 IC123 RAMP62 (__3ZA2YZ),__3ZA2YZ,01 - Non intersection,03 - P.D. only,07 - SMV other,01 - Clear,01 - Daylight,01 - Dry,10 - No control,,1,0,0,0,,0,,,,,364791.993,5028099.734,45.39026767,-75.73383714,3906
17--13495,12/15/2017,9:24 AM,BANK ST @ CATHERINE ST (0002708),2708,02 - Intersection related,02 - Non-fatal injury,03 - Rear end,01 - Clear,01 - Daylight,01 - Dry,01 - Traffic signal,01 - Functioning,2,0,0,0,01 - Minimal,1,1,,,,368040.6522,5030267.335,45.40948527,-75.69207435,3907
17--13496,12/15/2017,9:38 AM,LEGGET DR @ HERZBERG RD (0003479),3479,02 - Intersection related,03 - P.D. only,03 - Rear end,03 - Snow,01 - Daylight,06 - Ice,02 - Stop sign,01 - Functioning,2,0,0,0,,0,,,,,351866.4522,5022704.077,45.3427047,-75.89941395,3908
17--13497,12/15/2017,9:43 AM,PRINCE OF WALES DR btwn LODGE RD & STRANDHERD DR (__441HNW),__441HNW,01 - Non intersection,03 - P.D. only,04 - Sideswipe,03 - Snow,01 - Daylight,06 - Ice,10 - No control,,2,0,0,0,,0,,,,,367131.8012,5014732.913,45.26979086,-75.70564118,3909
17--13498,12/15/2017,9:45 PM,KING EDWARD AVE @ ST. PATRICK ST (0002714),2714,02 - Intersection related,03 - P.D. only,04 - Sideswipe,03 - Snow,07 - Dark,03 - Loose snow,01 - Traffic signal,01 - Functioning,2,0,0,0,,0,,,,,368248.3669,5032824.258,45.43247279,-75.68909168,3910
17--13499,12/15/2017,9:45 PM,ISLAND PARK DR @ SUNNYMEDE AVE (0006460),6460,02 - Intersection related,03 - P.D. only,03 - Rear end,03 - Snow,07 - Dark,04 - Slush,02 - Stop sign,01 - Functioning,2,0,0,0,,0,,,,,363664.6897,5029250.564,45.40071829,-75.74809545,3911
17--135,1/4/2017,4:36 PM,DONNELLY DR btwn FAIRMILE RD & FOURTH LINE RD (__3ZA30H),__3ZA30H,04 - At/near private drive,03 - P.D. only,04 - Sideswipe,03 - Snow,01 - Daylight,03 - Loose snow,10 - No control,,2,0,0,0,,0,,,,,371938.1128,4992841.458,45.07237014,-75.64734034,3912
17--1350,2/2/2017,7:45 AM,HIGHWAY 417 btwn HWY417 IC118 RAMP67 & HWY417 IC117 RAMP36 (__3ZA2YO),__3ZA2YO,01 - Non intersection,03 - P.D. only,03 - Rear end,01 - Clear,01 - Daylight,02 - Wet,10 - No control,,2,0,0,0,,0,,,,,370097.504,5031114.379,45.41691777,-75.66568775,3913
17--12883,12/7/2017,12:02 PM,LADOUCEUR ST btwn MERTON ST & GARLAND ST (__3ZAAJK),__3ZAAJK,04 - At/near private drive,03 - P.D. only,06 - SMV unattended vehicle,01 - Clear,01 - Daylight,01 - Dry,10 - No control,,1,0,0,0,,0,,,,,365484.2622,5029858.342,45.40603158,-75.72478056,3914
17--12884,12/7/2017,12:30 PM,BESSERER ST @ WALLER ST (0008859),8859,03 - At intersection,03 - P.D. only,04 - Sideswipe,01 - Clear,01 - Daylight,01 - Dry,01 - Traffic signal,01 - Functioning,2,0,0,0,,0,,,,,368316.4913,5032192.153,45.42677915,-75.68830263,3915
17--12885,12/7/2017,12:40 PM,MERIVALE RD @ WEST HUNT CLUB RD (0000584),584,02 - Intersection related,03 - P.D. only,04 - Sideswipe,01 - Clear,01 - Daylight,01 - Dry,01 - Traffic signal,01 - Functioning,2,0,0,0,,0,,,,,365614.3674,5021941.829,45.33478898,-75.72409328,3916
17--12886,12/7/2017,12:47 PM,COLONEL BY DR/SUSSEX DR @ RIDEAU ST (0007647),7647,02 - Intersection related,02 - Non-fatal injury,03 - Rear end,01 - Clear,01 - Daylight,01 - Dry,01 - Traffic signal,01 - Functioning,3,0,0,0,01 - Minimal,2,2,,,,367922.0609,5032044.08,45.42548254,-75.69336165,3917
17--12887,12/7/2017,2:30 PM,DONALD ST @ ST. LAURENT BLVD (0008630),8630,03 - At intersection,03 - P.D. only,05 - Turning movement,01 - Clear,01 - Daylight,01 - Dry,01 - Traffic signal,01 - Functioning,2,0,0,0,,0,,,,,372093.2619,5032473.261,45.42895527,-75.64000498,3918
17--12888,12/7/2017,2:43 PM,BRUYERE ST @ SUSSEX DR (0007744),7744,02 - Intersection related,03 - P.D. only,04 - Sideswipe,01 - Clear,01 - Daylight,01 - Dry,01 - Traffic signal,01 - Functioning,2,0,0,0,,0,,,,,367539.6584,5032669.764,45.43114664,-75.69816819,3919
17--12889,12/7/2017,3:10 PM,RIVERSIDE DR @ TREMBLAY RD/HWY417 IC117 RAMP52 (0010790),10790,03 - At intersection,03 - P.D. only,02 - Angle,01 - Clear,01 - Daylight,01 - Dry,01 - Traffic signal,01 - Functioning,2,0,0,0,,0,,,,,370802.0781,5031015.908,45.41596566,-75.6566995,3920
17--1289,2/1/2017,12:54 PM,FALLOWFIELD RD @ WOODROFFE AVE (0010372),10372,02 - Intersection related,03 - P.D. only,03 - Rear end,01 - Clear,01 - Daylight,02 - Wet,01 - Traffic signal,01 - Functioning,3,0,0,0,,0,,,,,365085.6965,5017902.097,45.29848544,-75.7313294,3921
17--12890,12/7/2017,3:38 PM,SOMERSET ST    W btwn BAYSWATER AVE & BREEZEHILL AVE N (__3ZA31E),__3ZA31E,04 - At/near private drive,03 - P.D. only,02 - Angle,01 - Clear,01 - Daylight,01 - Dry,10 - No control,,2,0,0,0,,0,,,,,365849.4422,5029927.191,45.40661931,-75.72010743,3922
17--12891,12/7/2017,3:40 PM,BANK ST @ RIVERSIDE DR N (0010778),10778,02 - Intersection related,03 - P.D. only,03 - Rear end,01 - Clear,01 - Daylight,01 - Dry,01 - Traffic signal,00 - Unknown,2,0,0,0,,0,,,,,369225.8641,5027983.203,45.38882531,-75.67723268,3923
17--12892,12/7/2017,4:21 PM,BASELINE RD @ CORDOVA ST (0003208),3208,02 - Intersection related,02 - Non-fatal injury,03 - Rear end,01 - Clear,05 - Dusk,01 - Dry,01 - Traffic signal,01 - Functioning,2,0,0,0,01 - Minimal,1,1,,,,363594.1661,5024409.287,45.35716312,-75.74957267,3924
17--12893,12/7/2017,4:30 PM,HIGHWAY 417 btwn HWY417 IC119A RAMP75 & HWY417 IC118 RAMP57 (__3ZA2R2),__3ZA2R2,01 - Non intersection,03 - P.D. only,03 - Rear end,01 - Clear,05 - Dusk,01 - Dry,10 - No control,,2,0,0,0,,0,,,,,368920.106,5030686.65,45.4131781,-75.68078556,3925
17--12894,12/7/2017,4:47 PM,INDUSTRIAL AVE @ ALTA VISTA DR/SANDFORD FLEMIN (0006979),6979,03 - At intersection,03 - P.D. only,05 - Turning movement,01 - Clear,05 - Dusk,01 - Dry,01 - Traffic signal,01 - Functioning,4,0,0,0,,0,,,,,370885.2017,5030557.331,45.41183172,-75.65569905,3926
17--12895,12/7/2017,4:50 PM,RIVERSIDE DR NB btwn RIVERSIDE DR SPLIT & DATA CENTRE RD (__5FDUZU),__5FDUZU,04 - At/near private drive,03 - P.D. only,02 - Angle,01 - Clear,07 - Dark,01 - Dry,10 - No control,,2,0,0,0,,0,,,,,368717.2817,5027502.493,45.38454663,-75.68378925,3927
17--12896,12/7/2017,4:52 PM,STONEHAVEN DR @ SAWYER WAY/SUMMITVIEW DR (0008287),8287,03 - At intersection,02 - Non-fatal injury,07 - SMV other,01 - Clear,07 - Dark,01 - Dry,02 - Stop sign,01 - Functioning,1,0,0,1,01 - Minimal,1,1,,,,356561.1884,5015861.29,45.28080167,-75.84022593,3928
17--12897,12/7/2017,4:56 PM,REGIONAL ROAD 174 EB btwn HWY417 IC113 RAMP65 & OR174 BLAIR IC112 RAMP51 (__3ZAZFJ),__3ZAZFJ,01 - Non intersection,02 - Non-fatal injury,03 - Rear end,01 - Clear,07 - Dark,01 - Dry,10 - No control,,3,0,0,0,01 - Minimal,1,1,,,,374727.2475,5032768.07,45.43134941,-75.60630533,3929
17--12898,12/7/2017,5:04 PM,GREENBANK RD @ JOCKVALE RD (0010360),10360,02 - Intersection related,02 - Non-fatal injury,03 - Rear end,01 - Clear,07 - Dark,01 - Dry,01 - Traffic signal,01 - Functioning,2,0,0,0,01 - Minimal,2,2,,,,364120.7411,5014330.177,45.26642747,-75.74405891,3930
17--12899,12/7/2017,5:09 PM,GREENBANK RD @ WEST HUNT CLUB RD (0005167),5167,02 - Intersection related,03 - P.D. only,03 - Rear end,01 - Clear,07 - Dark,01 - Dry,01 - Traffic signal,01 - Functioning,2,0,0,0,,0,,,,,361479.677,5020502.718,45.32218605,-75.77700656,3931
17--129,1/4/2017,3:24 PM,HUNT CLUB RD @ CANADAIR PRIV (0010852),10852,02 - Intersection related,03 - P.D. only,02 - Angle,03 - Snow,01 - Daylight,04 - Slush,01 - Traffic signal,01 - Functioning,2,0,0,0,,0,,,,,368663.3238,5022305.17,45.33778738,-75.68514981,3932
17--1290,2/1/2017,2:30 PM,INNES RD @ JEANNE D'ARC BLVD/MER BLEUE RD (0012475),12475,02 - Intersection related,03 - P.D. only,03 - Rear end,01 - Clear,01 - Daylight,02 - Wet,01 - Traffic signal,01 - Functioning,2,0,0,0,,0,,,,,382637.7536,5035567.007,45.45569623,-75.50477814,3933
17--12900,12/7/2017,5:22 PM,ELGIN ST @ WELLINGTON ST W (0002113),2113,03 - At intersection,02 - Non-fatal injury,05 - Turning movement,01 - Clear,07 - Dark,01 - Dry,01 - Traffic signal,01 - Functioning,2,0,0,0,02 - Minor,1,,1,,,367664.2304,5031877.341,45.4240055,-75.69667743,3934
17--12901,12/7/2017,5:30 PM,RICHMOND RD btwn JOHN SUTHERLAND DR & HOLLY ACRES RD (__3ZA2LS),__3ZA2LS,04 - At/near private drive,03 - P.D. only,02 - Angle,01 - Clear,07 - Dark,01 - Dry,10 - No control,,2,0,0,0,,0,,,,,358966.7816,5022541.478,45.3407293,-75.808835,3935
17--12902,12/7/2017,5:30 PM,FISHER AVE btwn BASELINE RD & MALIBU TER (__3ZA4JK),__3ZA4JK,01 - Non intersection,03 - P.D. only,02 - Angle,01 - Clear,07 - Dark,01 - Dry,10 - No control,,2,0,0,0,,0,,,,,366219.7114,5025899.539,45.37034704,-75.71587903,3936
17--12903,12/7/2017,5:45 PM,HIGHWAY 417 btwn HWY417 IC117 RAMP25 & HWY417 IC115 RAMP51 (__3ZA2R3),__3ZA2R3,01 - Non intersection,03 - P.D. only,03 - Rear end,01 - Clear,07 - Dark,01 - Dry,10 - No control,,2,0,0,0,,0,,,,,371519.3779,5031394.465,45.41930372,-75.64748441,3937
17--12904,12/7/2017,5:59 PM,BRIDLE PARK DR @ STONEHAVEN DR (0012661),12661,03 - At intersection,02 - Non-fatal injury,07 - SMV other,01 - Clear,07 - Dark,01 - Dry,01 - Traffic signal,01 - Functioning,1,0,0,1,03 - Major,1,,,1,,356107.4332,5016318.975,45.28495328,-75.84596202,3938
17--12905,12/7/2017,6:05 PM,EAGLESON RD @ HWY 417 EAGLESO IC138R51/PARK AN (0009698),9698,03 - At intersection,03 - P.D. only,07 - SMV other,01 - Clear,07 - Dark,03 - Loose snow,01 - Traffic signal,01 - Functioning,1,0,0,0,,0,,,,,353037.1008,5020013.121,45.31841146,-75.8847391,3939
17--12906,12/7/2017,6:06 PM,EAGLESON RD @ HWY 417 EAGLESO IC138R51/PARK AN (0009698),9698,03 - At intersection,03 - P.D. only,07 - SMV other,01 - Clear,07 - Dark,01 - Dry,01 - Traffic signal,01 - Functioning,1,0,0,0,,0,,,,,353036.2344,5020013.078,45.31841113,-75.88475015,3940
17--12907,12/7/2017,6:07 AM,OR174 IC109 RAMP65 @ MONTREAL RD (0004119),4119,02 - Intersection related,03 - P.D. only,07 - SMV other,01 - Clear,07 - Dark,01 - Dry,01 - Traffic signal,00 - Unknown,1,0,0,0,,0,,,,,376402.7601,5034983.078,45.45110914,-75.58457215,3941
17--12908,12/7/2017,6:30 AM,HIGHWAY 417 btwn HWY417 IC138 RAMP61 & HWY417 IC134 RAMP36 (__3ZA20I),__3ZA20I,01 - Non intersection,03 - P.D. only,03 - Rear end,03 - Snow,07 - Dark,06 - Ice,10 - No control,,2,0,0,0,,0,,,,,355725.2382,5021885.991,45.33507395,-75.85026161,3942
17--12909,12/7/2017,6:35 AM,HIGHWAY 416 btwn HWY416 IC75A RAMP26 & HWY416 IC72 RAMP62 (__3ZAZLF),__3ZAZLF,01 - Non intersection,03 - P.D. only,07 - SMV other,03 - Snow,07 - Dark,06 - Ice,10 - No control,,1,0,0,0,,0,,,,,358980.0268,5021441.638,45.33083187,-75.80878642,3943
17--1291,2/1/2017,2:38 PM,HIGHWAY 417 btwn HWY417 IC124 RAMP76 & HWY417 IC124 RAMP67 (__3ZA2R7),__3ZA2R7,01 - Non intersection,03 - P.D. only,03 - Rear end,01 - Clear,01 - Daylight,01 - Dry,10 - No control,,3,0,0,0,,0,,,,,364356.9087,5027438.346,45.38435375,-75.73947296,3944
17--12910,12/7/2017,6:50 AM,HIGHWAY 417 btwn HWY417 IC134 RAMP36 & HWY417 IC134 RAMP26 (__3ZA29C),__3ZA29C,01 - Non intersection,02 - Non-fatal injury,03 - Rear end,03 - Snow,07 - Dark,06 - Ice,10 - No control,,4,0,0,0,02 - Minor,1,,1,,,356296.0387,5022217.207,45.33801261,-75.84294497,3945
17--12911,12/7/2017,6:52 AM,HIGHWAY 417 btwn HWY417 IC131 RAMP66 & HWY417 IC130 RAMP26 (__3ZA29A),__3ZA29A,01 - Non intersection,03 - P.D. only,07 - SMV other,03 - Snow,07 - Dark,05 - Packed snow,10 - No control,,1,0,0,0,,0,,,,,359000.8266,5023051.387,45.34531485,-75.80834475,3946
17--12912,12/7/2017,6:55 PM,CELTIC RIDGE CRES/MARCONI AVE @ MAXWELL BRIDGE (0012744),12744,03 - At intersection,02 - Non-fatal injury,02 - Angle,03 - Snow,07 - Dark,03 - Loose snow,10 - No control,00 - Unknown,2,0,0,0,02 - Minor,1,,1,,,349386.6902,5024757.301,45.36134206,-75.9308699,3947
17--12913,12/7/2017,6:56 AM,FISHER AVE @ PRINCE OF WALES DR (0000572),572,02 - Intersection related,03 - P.D. only,04 - Sideswipe,01 - Clear,03 - Dawn,03 - Loose snow,01 - Traffic signal,01 - Functioning,2,0,0,0,,0,,,,,367160.749,5023942.75,45.35265717,-75.70411325,3948
17--12914,12/7/2017,7:00 AM,HIGHWAY 416 btwn HWY417 IC131 RAMP53 & HWY416 IC75A RAMP43 (__3ZAYG8),__3ZAYG8,01 - Non intersection,03 - P.D. only,07 - SMV other,03 - Snow,03 - Dawn,06 - Ice,10 - No control,,1,0,0,0,,0,,,,,358496.3181,5022325.686,45.33882376,-75.81486108,3949
17--12915,12/7/2017,7:08 AM,PRINCE OF WALES DR btwn WATERBEND LANE & TURN LANE (__3ZA1H4),__3ZA1H4,04 - At/near private drive,03 - P.D. only,05 - Turning movement,03 - Snow,03 - Dawn,06 - Ice,10 - No control,,2,0,0,0,,0,,,,,367432.928,5021723.045,45.33266044,-75.7009209,3950
17--12916,12/7/2017,7:10 AM,HIGHWAY 417 btwn HWY 417 ANDERSON IC104R61 & HWY 417 BOUNDARY IC96R16 (__3ZA2W5),__3ZA2W5,01 - Non intersection,03 - P.D. only,03 - Rear end,01 - Clear,03 - Dawn,02 - Wet,10 - No control,,3,0,0,0,,0,,,,,383493.7781,5025382.794,45.36397105,-75.49546055,3951
17--12917,12/7/2017,7:16 PM,NICHOLAS ST NB btwn HWY417 IC118 RAMP52 & WALLER ST/TRANSITWAY (__6KCFNL),__6KCFNL,01 - Non intersection,03 - P.D. only,04 - Sideswipe,01 - Clear,07 - Dark,01 - Dry,10 - No control,,2,0,0,0,,0,,,,,369045.4675,5031327.476,45.41893252,-75.67910053,3952
17--12918,12/7/2017,7:34 PM,POULIN AVE @ RICHMOND RD (0002748),2748,03 - At intersection,02 - Non-fatal injury,07 - SMV other,01 - Clear,07 - Dark,01 - Dry,01 - Traffic signal,01 - Functioning,1,0,0,0,02 - Minor,1,,1,,,360324.5321,5024899.62,45.36184167,-75.7912467,3953
17--12919,12/7/2017,7:35 AM,HWY416 IC75A RAMP26 btwn HIGHWAY 417 & HIGHWAY 416 (__3ZAY4Y),__3ZAY4Y,01 - Non intersection,03 - P.D. only,04 - Sideswipe,01 - Clear,03 - Dawn,05 - Packed snow,10 - No control,,2,0,0,0,,0,,,,,358021.932,5022783.46,45.34297898,-75.82086434,3954
17--1292,2/1/2017,3:04 PM,ST. LAURENT BLVD @ WALKLEY RD (0007653),7653,02 - Intersection related,03 - P.D. only,03 - Rear end,01 - Clear,01 - Daylight,01 - Dry,01 - Traffic signal,01 - Functioning,2,0,0,0,,0,,,,,373903.843,5028046.855,45.38895209,-75.6174893,3955
17--12920,12/7/2017,7:40 AM,HINES RD btwn INNOVATION DR & END (__34I3D9),__34I3D9,01 - Non intersection,03 - P.D. only,07 - SMV other,03 - Snow,03 - Dawn,06 - Ice,10 - No control,,1,0,0,0,,0,,,,,349865.9958,5023066.632,45.34609842,-75.92490619,3956
17--12921,12/7/2017,8:23 AM,BESSERER ST @ WALLER ST (0008859),8859,03 - At intersection,03 - P.D. only,04 - Sideswipe,01 - Clear,01 - Daylight,01 - Dry,01 - Traffic signal,01 - Functioning,2,0,0,0,,0,,,,,368315.4554,5032191.739,45.42677552,-75.68831592,3957
17--12922,12/7/2017,8:31 PM,BERKELEY AVE @ RICHMOND RD (0006933),6933,03 - At intersection,03 - P.D. only,03 - Rear end,01 - Clear,07 - Dark,01 - Dry,02 - Stop sign,00 - Unknown,3,0,0,0,,0,,,,,362910.7514,5028065.323,45.39011666,-75.75786463,3958
17--12923,12/7/2017,8:34 AM,ST. LAURENT BLVD btwn BELFAST RD & INDUSTRIAL AVE (__3ZA3R8),__3ZA3R8,01 - Non intersection,03 - P.D. only,04 - Sideswipe,01 - Clear,01 - Daylight,01 - Dry,10 - No control,,2,0,0,0,,0,,,,,373078.1003,5030055.467,45.40710567,-75.62775542,3959
17--12924,12/7/2017,8:39 AM,BANK ST @ SURREY AVE (0011314),11314,03 - At intersection,03 - P.D. only,02 - Angle,01 - Clear,01 - Daylight,01 - Dry,02 - Stop sign,01 - Functioning,2,0,0,0,,0,,,,,370383.4549,5025810.735,45.36917074,-75.66273949,3960
17--12925,12/7/2017,8:42 PM,MARCH RD btwn CARP RD & DONALD B. MUNRO DR (__3ZA3FJ),__3ZA3FJ,01 - Non intersection,03 - P.D. only,07 - SMV other,01 - Clear,07 - Dark,01 - Dry,10 - No control,,1,0,0,0,,0,,,,,342169.0198,5021736.494,45.33458165,-76.02322513,3961
17--12926,12/7/2017,8:43 AM,ELGIN ST @ LAURIER AVE (0002232),2232,03 - At intersection,02 - Non-fatal injury,05 - Turning movement,01 - Clear,01 - Daylight,01 - Dry,01 - Traffic signal,01 - Functioning,2,1,0,0,02 - Minor,1,,1,,,367947.7541,5031549.337,45.42102869,-75.69309677,3962
17--12927,12/7/2017,8:51 PM,ALBERT ST @ BOOTH ST (0002162),2162,02 - Intersection related,02 - Non-fatal injury,05 - Turning movement,01 - Clear,07 - Dark,01 - Dry,01 - Traffic signal,01 - Functioning,2,0,0,0,02 - Minor,1,,1,,,366429.1666,5030625.383,45.41285064,-75.712615,3963
17--12928,12/7/2017,9:00 AM,HIGHWAY 417 btwn HWY417 IC129 RAMP51 & HWY417 IC129 RAMP35 (__3ZA2X9),__3ZA2X9,01 - Non intersection,03 - P.D. only,03 - Rear end,03 - Snow,01 - Daylight,02 - Wet,10 - No control,,2,0,0,0,,0,,,,,360290.1565,5023391.791,45.34827698,-75.79185471,3964
17--12929,12/7/2017,9:45 AM,FISHER AVE @ MEADOWLANDS DR (0002120),2120,02 - Intersection related,03 - P.D. only,07 - SMV other,03 - Snow,01 - Daylight,06 - Ice,01 - Traffic signal,01 - Functioning,1,0,0,0,,0,,,,,366575.0649,5025045.683,45.36263299,-75.71144956,3965
17--1293,2/1/2017,3:14 PM,SHEFFIELD RD @ WALKLEY RD (0005156),5156,02 - Intersection related,03 - P.D. only,03 - Rear end,01 - Clear,01 - Daylight,01 - Dry,01 - Traffic signal,01 - Functioning,2,0,0,0,,0,,,,,375258.4856,5028784.914,45.39545781,-75.60008617,3966
17--12930,12/7/2017,9:55 AM,BAY ST @ WELLINGTON ST (0010737),10737,02 - Intersection related,03 - P.D. only,03 - Rear end,01 - Clear,01 - Daylight,01 - Dry,01 - Traffic signal,01 - Functioning,2,0,0,0,,0,,,,,366815.1759,5031350.372,45.41933978,-75.70759251,3967
17--12931,12/8/2017,1:22 AM,BORRISOKANE RD/TARTAN DR @ STRANDHERD DR (0010634),10634,03 - At intersection,03 - P.D. only,02 - Angle,01 - Clear,07 - Dark,01 - Dry,01 - Traffic signal,01 - Functioning,2,0,0,0,,0,,,,,362290.7009,5013545.764,45.25952123,-75.76746847,3968
17--12932,12/8/2017,1:58 PM,BASELINE RD @ CORDOVA ST (0003208),3208,02 - Intersection related,03 - P.D. only,03 - Rear end,01 - Clear,01 - Daylight,01 - Dry,01 - Traffic signal,01 - Functioning,2,0,0,0,,0,,,,,363594.5901,5024409.301,45.35716321,-75.74956726,3969
17--12933,12/8/2017,10:00 AM,POPLIN ST @ SPRATT RD (0015077),15077,02 - Intersection related,03 - P.D. only,99 - Other,01 - Clear,01 - Daylight,01 - Dry,02 - Stop sign,01 - Functioning,2,0,0,0,,0,,,,,368441.474,5014895.829,45.27113947,-75.68893144,3970
17--12934,12/8/2017,10:36 AM,KENT ST @ QUEEN ST (0003137),3137,03 - At intersection,01 - Fatal injury,07 - SMV other,01 - Clear,01 - Daylight,01 - Dry,01 - Traffic signal,01 - Functioning,1,0,0,1,04 - Fatal,1,,,,1,367179.6943,5031386.58,45.41963316,-75.7029307,3971
17--12935,12/8/2017,10:43 AM,OGILVIE RD btwn 240 W OF BLAIR RD & CITY PARK DR (__3ZA2DOB),__3ZA2DOB,01 - Non intersection,03 - P.D. only,07 - SMV other,01 - Clear,01 - Daylight,01 - Dry,10 - No control,,1,0,0,0,,0,,,,,374358.3979,5033112.402,45.43448431,-75.61097014,3972
17--12936,12/8/2017,10:48 AM,GREENBANK RD @ MALVERN DR/FOXFIELD DR (0009821),9821,03 - At intersection,02 - Non-fatal injury,02 - Angle,01 - Clear,01 - Daylight,01 - Dry,01 - Traffic signal,01 - Functioning,2,0,0,0,02 - Minor,1,,1,,,363311.2085,5016194.194,45.28326775,-75.75415444,3973
17--12937,12/8/2017,10:54 PM,JEANNE D'ARC BLVD @ ORLEANS BLVD S (0004154),4154,02 - Intersection related,03 - P.D. only,04 - Sideswipe,01 - Clear,07 - Dark,01 - Dry,01 - Traffic signal,01 - Functioning,2,0,0,0,,0,,,,,380941.2224,5036250.819,45.46203554,-75.52636065,3974
17--12938,12/8/2017,11:30 PM,PRESTON ST @ ST. ANTHONY ST (0002165),2165,03 - At intersection,03 - P.D. only,02 - Angle,01 - Clear,07 - Dark,01 - Dry,02 - Stop sign,01 - Functioning,2,0,0,0,,0,,,,,366555.7008,5029562.281,45.40327399,-75.7111317,3975
17--12939,12/8/2017,11:46 AM,BANK ST btwn HERON RD & ANOKA ST (__3ZA360),__3ZA360,01 - Non intersection,03 - P.D. only,03 - Rear end,01 - Clear,01 - Daylight,01 - Dry,10 - No control,,2,0,0,0,,0,,,,,370008.1453,5026816.656,45.37825672,-75.6673975,3976