Anom_ID,Accident_Date,Accident_Time,Location,Geo_ID,Accident_Location,Classification_of_Accident,Initial_Impact_Type,Environment_Condition,Light,Road_Surface_Condition,Traffic_Control,Traffic_Control_Condition,No__of_Vehicles,No__of_Bicycles,No__of_Motorcycles,No__of_Pedestrians,Max_Injury,No__of_Injuries,No__of_Minimal,No__of_Minor,No__of_Major,No__of_Fatal,X,Y,Latitude,Longitude,ObjectId
17--1294,2/1/2017,3:35 PM,HIGHWAY 417 btwn HWY417 IC117 RAMP61 & HWY417 IC115 RAMP36 (__3ZA2RZ),__3ZA2RZ,01 - Non intersection,03 - P.D. only,03 - Rear end,01 - Clear,01 - Daylight,01 - Dry,10 - No control,,3,0,0,0,,0,,,,,371357.0834,5031401.177,45.41937957,-75.64955701,3977
17--12940,12/8/2017,11:55 AM,HIGHWAY 417 btwn HWY417 IC122 RAMP61 & HWY417 IC121B RAMP16 (__3ZA2Y4),__3ZA2Y4,01 - Non intersection,03 - P.D. only,03 - Rear end,01 - Clear,01 - Daylight,01 - Dry,10 - No control,,2,0,0,0,,0,,,,,366450.7025,5029491.159,45.40264331,-75.71248171,3978
17--12941,12/8/2017,Unknown,L'ALLEMAND ST btwn PARK ST & MONTREAL RD (__3ZA8U8),__3ZA8U8,01 - Non intersection,03 - P.D. only,06 - SMV unattended vehicle,01 - Clear,00 - Unknown,01 - Dry,10 - No control,,1,0,0,0,,0,,,,,370481.931,5033437.19,45.43778147,-75.66046664,3979
17--12942,12/8/2017,12:00 PM,ST. JOSEPH BLVD/OLD MONTREAL RD @ TRIM RD (0004118),4118,02 - Intersection related,03 - P.D. only,03 - Rear end,01 - Clear,01 - Daylight,01 - Dry,11 - Roundabout,01 - Functioning,2,0,0,0,,0,,,,,384683.2285,5039291.689,45.48897652,-75.47802358,3980
17--12943,12/8/2017,12:04 PM,HWY 417 PALLADI IC142R36 @ PALLADIUM DR (0010683),10683,02 - Intersection related,03 - P.D. only,02 - Angle,01 - Clear,01 - Daylight,01 - Dry,01 - Traffic signal,01 - Functioning,2,0,0,0,,0,,,,,348774.1388,5017374.375,45.29494716,-75.93934426,3981
17--12944,12/8/2017,12:05 PM,CARLING AVE @ WOODROFFE AVE W (0011470),11470,02 - Intersection related,03 - P.D. only,03 - Rear end,01 - Clear,01 - Daylight,01 - Dry,01 - Traffic signal,01 - Functioning,4,0,0,0,,0,,,,,361768.6394,5025724.319,45.36914638,-75.77271952,3982
17--12945,12/8/2017,12:21 PM,BRONSON AVE @ GLADSTONE AVE (0002110),2110,02 - Intersection related,03 - P.D. only,03 - Rear end,01 - Clear,01 - Daylight,01 - Dry,01 - Traffic signal,01 - Functioning,2,0,0,0,,0,,,,,367133.2238,5030080.369,45.40788441,-75.70368963,3983
17--12946,12/8/2017,12:40 PM,WEST HUNT CLUB RD WB btwn ROYDON PL/SUNDERLAND ST & 545 E OF ROYDON PL (__3ZA3JSA),__3ZA3JSA,04 - At/near private drive,02 - Non-fatal injury,05 - Turning movement,01 - Clear,01 - Daylight,01 - Dry,10 - No control,,2,0,0,0,01 - Minimal,2,2,,,,366314.1671,5022385.659,45.3387215,-75.71511047,3984
17--12947,12/8/2017,12:46 PM,HWY 417 TERRYFO IC140R52 @ TERRY FOX DR (0003180),3180,02 - Intersection related,03 - P.D. only,03 - Rear end,01 - Clear,01 - Daylight,01 - Dry,01 - Traffic signal,00 - Unknown,2,0,0,0,,0,,,,,351052.4512,5018434.502,45.30434019,-75.91019915,3985
17--12948,12/8/2017,2:06 PM,EAGLESON RD btwn AKINS RD & RUSHMORE RD (__3ZA42M),__3ZA42M,01 - Non intersection,02 - Non-fatal injury,01 - Approaching,01 - Clear,01 - Daylight,01 - Dry,10 - No control,,2,0,0,0,02 - Minor,1,,1,,,356664.7922,5010728.349,45.23460671,-75.83944119,3986
17--12949,12/8/2017,2:08 PM,MCARTHUR AVE @ VANIER PKWY (0004626),4626,02 - Intersection related,03 - P.D. only,03 - Rear end,01 - Clear,01 - Daylight,01 - Dry,01 - Traffic signal,01 - Functioning,2,0,0,0,,0,,,,,370218.2271,5032690.347,45.43108641,-75.66393613,3987
17--1295,2/1/2017,3:54 PM,LANCASTER RD btwn GLADWIN CRES & SHELBOURN LANE (__3ZA5LE),__3ZA5LE,04 - At/near private drive,03 - P.D. only,02 - Angle,01 - Clear,01 - Daylight,01 - Dry,10 - No control,,2,0,0,0,,0,,,,,373698.5662,5029506.881,45.40210896,-75.61990663,3988
17--12950,12/8/2017,2:43 AM,REGIONAL ROAD 174 btwn OR174 IC109 RAMP64 & OR174 IC105 RAMP16 (__3ZA2XD),__3ZA2XD,01 - Non intersection,02 - Non-fatal injury,07 - SMV other,01 - Clear,07 - Dark,01 - Dry,10 - No control,,1,0,0,0,03 - Major,1,,,1,,376639.5251,5035362.193,45.45449587,-75.58149017,3989
17--12951,12/8/2017,2:54 PM,DONALD ST @ ST. LAURENT BLVD (0008630),8630,03 - At intersection,03 - P.D. only,05 - Turning movement,01 - Clear,01 - Daylight,01 - Dry,01 - Traffic signal,01 - Functioning,2,0,0,0,,0,,,,,372093.7129,5032472.359,45.42894711,-75.63999934,3990
17--12952,12/8/2017,3:00 PM,CEDARCROFT CRES btwn BIRCHMOUNT DR & EASTCLIFFE WAY (__3ZA7RJ),__3ZA7RJ,01 - Non intersection,03 - P.D. only,01 - Approaching,01 - Clear,01 - Daylight,01 - Dry,10 - No control,,2,0,0,0,,0,,,,,374132.9766,5031952.269,45.42406843,-75.61401425,3991
17--12953,12/8/2017,3:28 PM,BRONSON AVE @ SUNNYSIDE AVE/UNIVERSITY RD - CA (0007209),7209,02 - Intersection related,03 - P.D. only,03 - Rear end,01 - Clear,01 - Daylight,02 - Wet,01 - Traffic signal,01 - Functioning,2,0,0,0,,0,,,,,367922.7101,5028091.308,45.38991667,-75.69385944,3992
17--12954,12/8/2017,3:37 PM,SNAKE ISLAND RD btwn GREY'S CREEK RD & SCRIVENS DR (__3ZA205),__3ZA205,04 - At/near private drive,02 - Non-fatal injury,07 - SMV other,01 - Clear,01 - Daylight,01 - Dry,10 - No control,,1,0,0,0,02 - Minor,2,,2,,,382944.5326,5009662.691,45.22259244,-75.50494743,3993
17--12955,12/8/2017,3:37 PM,JEANNE D'ARC BLVD @ GREY NUNS DR/YOUVILLE DR (0003147),3147,03 - At intersection,03 - P.D. only,05 - Turning movement,01 - Clear,01 - Daylight,01 - Dry,01 - Traffic signal,01 - Functioning,2,0,0,0,,0,,,,,379668.3581,5036702.538,45.46623734,-75.54256602,3994
17--12956,12/8/2017,4:22 PM,DALY AVE @ WALLER ST (0008233),8233,03 - At intersection,02 - Non-fatal injury,07 - SMV other,01 - Clear,05 - Dusk,01 - Dry,01 - Traffic signal,01 - Functioning,1,0,0,1,01 - Minimal,1,1,,,,368340.729,5032120.674,45.4261338,-75.68800214,3995
17--12957,12/8/2017,4:25 PM,HWY417 IC124 RAMP67 btwn CARLING AVE & HIGHWAY 417 (__3ZAYA7),__3ZAYA7,01 - Non intersection,03 - P.D. only,03 - Rear end,01 - Clear,05 - Dusk,01 - Dry,10 - No control,,2,0,0,0,,0,,,,,364555.8587,5027717.812,45.38685139,-75.73689881,3996
17--12958,12/8/2017,4:27 PM,O'CONNOR ST @ WELLINGTON ST (0002234),2234,03 - At intersection,03 - P.D. only,03 - Rear end,01 - Clear,05 - Dusk,01 - Dry,01 - Traffic signal,01 - Functioning,2,0,0,0,,0,,,,,367414.1771,5031721.866,45.42262901,-75.69989223,3997
17--12959,12/8/2017,4:45 PM,MERIVALE RD @ ROSSLAND AVE (0001757),1757,03 - At intersection,03 - P.D. only,03 - Rear end,01 - Clear,05 - Dusk,01 - Dry,02 - Stop sign,01 - Functioning,2,0,0,0,,0,,,,,364674.6528,5024151.275,45.35475013,-75.73581421,3998
17--1296,2/1/2017,4:00 PM,HIGHWAY 417 btwn HIGHWAY 417 & HWY417 IC110 RAMP54 (__3ZA2UY),__3ZA2UY,01 - Non intersection,03 - P.D. only,99 - Other,01 - Clear,01 - Daylight,01 - Dry,10 - No control,,2,0,0,0,,0,,,,,375506.7743,5029786.496,45.40444449,-75.59677178,3999
17--12960,12/8/2017,4:49 PM,RIVERSIDE DR NB btwn INDUSTRIAL AVE & TREMBLAY RD (__3ZA4SE),__3ZA4SE,01 - Non intersection,03 - P.D. only,03 - Rear end,01 - Clear,05 - Dusk,01 - Dry,10 - No control,,2,0,0,0,,0,,,,,370700.9671,5030642.016,45.41261106,-75.65804124,4000
17--13591,12/17/2017,8:43 AM,HWY 417 TERRYFO IC140R61 @ TERRY FOX DR (0011777),11777,03 - At intersection,02 - Non-fatal injury,02 - Angle,01 - Clear,01 - Daylight,06 - Ice,01 - Traffic signal,01 - Functioning,2,0,0,0,02 - Minor,2,,2,,,350810.6116,5018708.74,45.30682375,-75.91325741,4001
17--13592,12/17/2017,8:45 PM,HIGHWAY 7 btwn HAZELDEAN IC RAMP 53 & HIGHWAY 7 (__7JQ7LK),__7JQ7LK,01 - Non intersection,03 - P.D. only,07 - SMV other,01 - Clear,07 - Dark,01 - Dry,10 - No control,,1,0,0,0,,0,,,,,342361.3261,5008429.959,45.21483283,-76.02177842,4002
17--13593,12/17/2017,9:33 PM,BEAUSOLEIL DR @ OLD ST. PATRICK ST (0008436),8436,03 - At intersection,02 - Non-fatal injury,07 - SMV other,01 - Clear,07 - Dark,01 - Dry,02 - Stop sign,01 - Functioning,1,0,0,1,02 - Minor,1,,1,,,368517.0372,5032987.688,45.43391884,-75.68563711,4003
17--13594,12/17/2017,9:43 AM,HARRIS PL @ ROWLEY AVE (0001958),1958,03 - At intersection,03 - P.D. only,04 - Sideswipe,01 - Clear,01 - Daylight,05 - Packed snow,02 - Stop sign,01 - Functioning,2,0,0,0,,0,,,,,364279.643,5023500.25,45.3489259,-75.74093362,4004
17--13595,12/18/2017,1:03 PM,SMYTH RD E/LANCASTER RD @ ST. LAURENT BLVD N/R (0002256),2256,02 - Intersection related,03 - P.D. only,03 - Rear end,03 - Snow,01 - Daylight,04 - Slush,01 - Traffic signal,01 - Functioning,2,0,0,0,,0,,,,,373365.6762,5029425.261,45.40140726,-75.62416973,4005
17--13596,12/18/2017,1:05 PM,MONTREAL RD btwn OR174 IC109 RAMP66 & OR174 IC109 RAMP65 (__3ZA2DA),__3ZA2DA,04 - At/near private drive,03 - P.D. only,05 - Turning movement,03 - Snow,01 - Daylight,03 - Loose snow,10 - No control,,3,0,0,0,,0,,,,,376340.3866,5034954.364,45.45085718,-75.58537366,4006
17--13597,12/18/2017,1:11 PM,FALLOWFIELD RD btwn SHEA RD & EAGLESON RD (__3ZA419),__3ZA419,01 - Non intersection,02 - Non-fatal injury,07 - SMV other,03 - Snow,01 - Daylight,03 - Loose snow,10 - No control,,1,0,0,0,01 - Minimal,1,1,,,,354775.6754,5011688.339,45.2433816,-75.86340333,4007
17--13598,12/18/2017,1:15 PM,GLENMANOR DR W @ VIEWMOUNT DR W (0001942),1942,02 - Intersection related,02 - Non-fatal injury,02 - Angle,03 - Snow,01 - Daylight,03 - Loose snow,02 - Stop sign,01 - Functioning,2,0,0,0,02 - Minor,2,,2,,,364748.2269,5022702.738,45.34171009,-75.73505084,4008
17--13599,12/18/2017,1:32 PM,HOPE SIDE RD @ FREEPORT DR (0012724),12724,02 - Intersection related,03 - P.D. only,02 - Angle,03 - Snow,01 - Daylight,05 - Packed snow,02 - Stop sign,01 - Functioning,2,0,0,0,,0,,,,,355435.6625,5014674.153,45.27020153,-75.85469261,4009
17--136,1/4/2017,4:38 PM,KILBORN AVE @ KILBORN PL/LAMIRA ST (0001586),1586,02 - Intersection related,03 - P.D. only,01 - Approaching,03 - Snow,05 - Dusk,06 - Ice,11 - Roundabout,01 - Functioning,2,0,0,0,,0,,,,,369744.7181,5027679.473,45.38604453,-75.67064718,4010
17--1360,2/2/2017,9:29 PM,VIEWMOUNT DR @ MERIVALE RD (0001528),1528,02 - Intersection related,03 - P.D. only,05 - Turning movement,01 - Clear,07 - Dark,02 - Wet,01 - Traffic signal,00 - Unknown,2,0,0,0,,0,,,,,365193.6971,5022949.73,45.34389428,-75.72933693,4011
17--13600,12/18/2017,1:36 AM,MONTREAL RD btwn GATESTONE PRIV & SINCLAIR ST (__3ZA2D9),__3ZA2D9,01 - Non intersection,02 - Non-fatal injury,07 - SMV other,01 - Clear,07 - Dark,01 - Dry,10 - No control,,1,0,0,0,01 - Minimal,1,1,,,,375959.9494,5034751.545,45.44907118,-75.59026618,4012
17--13601,12/18/2017,1:44 PM,ROGER STEVENS DR btwn MALAKOFF RD & MCCORDICK RD (__3ZA4KW),__3ZA4KW,01 - Non intersection,03 - P.D. only,07 - SMV other,03 - Snow,01 - Daylight,03 - Loose snow,10 - No control,,1,0,0,0,,0,,,,,362380.0923,4996265.38,45.10402153,-75.76832401,4013
17--13602,12/18/2017,1:48 PM,RIVERDALE AVE @ SUNNYSIDE AVE (0008017),8017,02 - Intersection related,03 - P.D. only,03 - Rear end,01 - Clear,01 - Daylight,04 - Slush,01 - Traffic signal,01 - Functioning,2,0,0,0,,0,,,,,369074.4612,5028787.776,45.39607852,-75.6790612,4014
17--13603,12/18/2017,10:05 PM,CEDARVIEW RD @ FALLOWFIELD RD (0001603),1603,02 - Intersection related,02 - Non-fatal injury,04 - Sideswipe,03 - Snow,07 - Dark,03 - Loose snow,01 - Traffic signal,00 - Unknown,2,0,0,0,01 - Minimal,1,1,,,,361294.1893,5015664.681,45.27866816,-75.77992369,4015
17--13604,12/18/2017,10:06 PM,AMBERWOOD CRES @ EDENBROOK CRT (0000698),698,02 - Intersection related,03 - P.D. only,01 - Approaching,03 - Snow,07 - Dark,03 - Loose snow,10 - No control,00 - Unknown,2,0,0,0,,0,,,,,367087.9488,5020460.452,45.32133053,-75.7054806,4016
17--13605,12/18/2017,10:15 AM,JOCKVALE RD @ LONGFIELDS DR (0013613),13613,02 - Intersection related,03 - P.D. only,02 - Angle,03 - Snow,01 - Daylight,04 - Slush,02 - Stop sign,01 - Functioning,2,0,0,0,,0,,,,,364829.2929,5014001.028,45.26340567,-75.73507021,4017
17--13606,12/18/2017,10:17 AM,PARKDALE AVE @ GLADSTONE AVE (0002362),2362,02 - Intersection related,02 - Non-fatal injury,03 - Rear end,03 - Snow,01 - Daylight,04 - Slush,01 - Traffic signal,01 - Functioning,2,0,0,0,01 - Minimal,1,1,,,,365217.1796,5029117.366,45.39938755,-75.72828292,4018
17--13607,12/18/2017,10:19 PM,KLONDIKE RD @ MARCH RD (0003096),3096,02 - Intersection related,03 - P.D. only,03 - Rear end,03 - Snow,07 - Dark,03 - Loose snow,01 - Traffic signal,01 - Functioning,2,0,0,0,,0,,,,,349262.971,5024061.86,45.35509219,-75.93251161,4019
17--13608,12/18/2017,10:35 AM,GEORGE ST @ PRESTON ST (0006190),6190,02 - Intersection related,03 - P.D. only,06 - SMV unattended vehicle,01 - Clear,01 - Daylight,04 - Slush,01 - Traffic signal,00 - Unknown,1,0,0,0,,0,,,,,366617.9913,5029416.323,45.4019552,-75.71035437,4020
17--13609,12/18/2017,10:45 AM,HWY 417 TERRYFO IC140R52 @ TERRY FOX DR (0003180),3180,02 - Intersection related,03 - P.D. only,03 - Rear end,03 - Snow,01 - Daylight,03 - Loose snow,01 - Traffic signal,01 - Functioning,2,0,0,0,,0,,,,,351053.6933,5018433.432,45.30433048,-75.91018341,4021
17--1361,2/3/2017,1:07 PM,PINETRAIL CRES btwn ROCKCRESS GDN & ROCKCRESS GDN (__3ZBOMN),__3ZBOMN,01 - Non intersection,03 - P.D. only,06 - SMV unattended vehicle,01 - Clear,01 - Daylight,05 - Packed snow,10 - No control,,1,0,0,0,,0,,,,,362911.0929,5022408.137,45.33921388,-75.75852557,4022
17--13610,12/18/2017,11:00 AM,ALTA VISTA DR @ BANK ST (0011318),11318,02 - Intersection related,03 - P.D. only,04 - Sideswipe,03 - Snow,01 - Daylight,03 - Loose snow,01 - Traffic signal,01 - Functioning,2,0,0,0,,0,,,,,370248.547,5026200.5,45.37269033,-75.66440994,4023
17--13611,12/18/2017,11:04 AM,HWY417 IC142 RAMP51 btwn HIGHWAY 417 & HWY417 IC142 RAMP52 (__3ZAY5G),__3ZAY5G,01 - Non intersection,03 - P.D. only,07 - SMV other,03 - Snow,01 - Daylight,03 - Loose snow,10 - No control,,1,0,0,0,,0,,,,,348883.2463,5016970.021,45.29130181,-75.93798919,4024
17--13612,12/18/2017,11:16 PM,FALLOWFIELD RD btwn HWY416 IC66 RAMP34 & HWY416 IC66 RAMP63 (__3ZAZM3),__3ZAZM3,01 - Non intersection,03 - P.D. only,07 - SMV other,01 - Clear,07 - Dark,04 - Slush,10 - No control,,1,0,0,0,,0,,,,,359853.303,5014734.922,45.27041638,-75.79839097,4025
17--13613,12/18/2017,11:24 PM,ALBION RD btwn LESTER RD & LEITRIM RD (__3ZA3SQ),__3ZA3SQ,01 - Non intersection,03 - P.D. only,07 - SMV other,01 - Clear,07 - Dark,04 - Slush,10 - No control,,1,0,0,0,,0,,,,,372772.1375,5022146.9,45.33597729,-75.63275189,4026
17--13614,12/18/2017,11:45 AM,HIGHWAY 416 btwn HWY416 IC66 RAMP62 & HWY416 IC72 RAMP24 (__3ZAZMZ),__3ZAZMZ,01 - Non intersection,03 - P.D. only,07 - SMV other,03 - Snow,01 - Daylight,03 - Loose snow,10 - No control,,1,0,0,0,,0,,,,,360080.8587,5017457.137,45.29489329,-75.79518793,4027
17--13615,12/18/2017,11:49 AM,MEADOWLANDS DR @ MERIVALE RD (0000625),625,02 - Intersection related,03 - P.D. only,03 - Rear end,03 - Snow,01 - Daylight,03 - Loose snow,01 - Traffic signal,01 - Functioning,2,0,0,0,,0,,,,,364860.1336,5023725.271,45.35090114,-75.73349886,4028
17--13616,12/18/2017,11:55 AM,TERMINAL AVE btwn SANDFORD FLEMING AVE & STEAMLINE ST (__6N4TCE),__6N4TCE,01 - Non intersection,03 - P.D. only,01 - Approaching,03 - Snow,01 - Daylight,03 - Loose snow,10 - No control,,2,0,0,0,,0,,,,,371007.3174,5030850.546,45.41445841,-75.65409969,4029
17--13617,12/18/2017,12:00 PM,GEORGE ST btwn DALHOUSIE ST & CUMBERLAND ST (__3ZA81O),__3ZA81O,01 - Non intersection,03 - P.D. only,04 - Sideswipe,03 - Snow,01 - Daylight,04 - Slush,10 - No control,,2,0,0,0,,0,,,,,368278.8737,5032388.155,45.42854612,-75.68875804,4030
17--13618,12/18/2017,12:05 PM,BASELINE RD @ WOODROFFE AVE (0002225),2225,02 - Intersection related,03 - P.D. only,03 - Rear end,03 - Snow,01 - Daylight,03 - Loose snow,01 - Traffic signal,01 - Functioning,2,0,0,0,,0,,,,,362550.1681,5023771.222,45.35150863,-75.7629713,4031
17--13619,12/18/2017,12:10 PM,LEMIEUX ST @ ST. LAURENT BLVD (0002021),2021,03 - At intersection,03 - P.D. only,05 - Turning movement,03 - Snow,01 - Daylight,04 - Slush,01 - Traffic signal,01 - Functioning,2,0,0,0,,0,,,,,372391.7247,5031742.328,45.4223499,-75.63629143,4032
17--1362,2/3/2017,1:08 PM,ST. LAURENT BLVD @ ST. LAURENT BLVD SERVICE (0008760),8760,02 - Intersection related,03 - P.D. only,02 - Angle,01 - Clear,01 - Daylight,01 - Dry,01 - Traffic signal,01 - Functioning,2,0,0,0,,0,,,,,373495.5107,5029150.079,45.39891857,-75.6225498,4033
17--13620,12/18/2017,12:11 PM,ROSSAN ST btwn BAYPOINTE CRES & DAYBREAK ST (__30LOHN),__30LOHN,04 - At/near private drive,03 - P.D. only,06 - SMV unattended vehicle,01 - Clear,01 - Daylight,05 - Packed snow,10 - No control,,1,0,0,0,,0,,,,,367101.4204,5016076.379,45.28188196,-75.70585971,4034
17--13621,12/18/2017,12:17 PM,JEANNE D'ARC BLVD @ OR174 IC105 RAMP36 (0004139),4139,02 - Intersection related,03 - P.D. only,03 - Rear end,03 - Snow,01 - Daylight,03 - Loose snow,10 - No control,00 - Unknown,2,0,0,0,,0,,,,,379271.092,5037283.01,45.47150245,-75.54755768,4035
17--13622,12/18/2017,12:20 PM,BASELINE RD/HWY 416 RICHMOND IC75R53 @ RICHMON (0000148),148,02 - Intersection related,03 - P.D. only,03 - Rear end,03 - Snow,01 - Daylight,06 - Ice,01 - Traffic signal,00 - Unknown,2,0,0,0,,0,,,,,358637.5946,5021822.197,45.33428252,-75.81311336,4036
17--13623,12/18/2017,12:30 PM,FALLOWFIELD RD @ HWY 416 FALLOWFI IC66R24 (0005506),5506,02 - Intersection related,03 - P.D. only,03 - Rear end,03 - Snow,01 - Daylight,04 - Slush,01 - Traffic signal,01 - Functioning,2,0,0,0,,0,,,,,360278.3918,5014851.355,45.27143066,-75.79296096,4037
17--13624,12/18/2017,12:48 PM,BYRON AVE @ WINDERMERE AVE (0006730),6730,02 - Intersection related,03 - P.D. only,02 - Angle,03 - Snow,01 - Daylight,05 - Packed snow,02 - Stop sign,01 - Functioning,2,0,0,0,,0,,,,,362317.7228,5027481.15,45.3849093,-75.76550568,4038
17--13625,12/18/2017,12:50 PM,KILBORN AVE @ NIAGARA DR (0008089),8089,03 - At intersection,03 - P.D. only,07 - SMV other,03 - Snow,01 - Daylight,03 - Loose snow,02 - Stop sign,01 - Functioning,1,0,0,0,,0,,,,,370077.9591,5027717.28,45.38635373,-75.6663871,4039
17--13626,12/18/2017,12:50 PM,HIGHWAY 417 btwn HWY417 IC119A RAMP75 & HWY417 IC118 RAMP57 (__3ZA2R2),__3ZA2R2,01 - Non intersection,03 - P.D. only,07 - SMV other,03 - Snow,01 - Daylight,04 - Slush,10 - No control,,1,0,0,0,,0,,,,,368919.9,5030678.658,45.41310621,-75.68078923,4040
17--13627,12/18/2017,12:51 PM,STRANDHERD DR @ CLARIDGE DR (0010893),10893,03 - At intersection,02 - Non-fatal injury,05 - Turning movement,03 - Snow,01 - Daylight,04 - Slush,01 - Traffic signal,01 - Functioning,2,0,0,0,01 - Minimal,1,1,,,,364949.019,5015379.911,45.27580262,-75.73337771,4041
17--13628,12/18/2017,2:00 PM,HIGHWAY 417 btwn HWY417 IC169 RAMP26 & HWY417 IC169 RAMP61 (__5SPOVI),__5SPOVI,01 - Non intersection,02 - Non-fatal injury,07 - SMV other,01 - Clear,01 - Daylight,04 - Slush,10 - No control,,1,0,0,0,01 - Minimal,1,1,,,,325706.6242,5024693.728,45.36187617,-76.23313338,4042
17--13629,12/18/2017,2:05 PM,BANK ST btwn ALTA VISTA DR & ERIE AVE (__3ZA36X),__3ZA36X,04 - At/near private drive,03 - P.D. only,02 - Angle,03 - Snow,01 - Daylight,03 - Loose snow,10 - No control,,2,0,0,0,,0,,,,,370181.3235,5026361.923,45.37414904,-75.66524673,4043
17--1363,2/3/2017,1:30 AM,BASELINE RD @ ZENA ST (0002730),2730,02 - Intersection related,03 - P.D. only,03 - Rear end,01 - Clear,07 - Dark,01 - Dry,02 - Stop sign,00 - Unknown,2,0,0,0,,0,,,,,365628.697,5025688.53,45.36849997,-75.72344956,4044
17--13630,12/18/2017,2:45 PM,BRIDGE ST @ ARTHUR CRES N (0008837),8837,02 - Intersection related,03 - P.D. only,03 - Rear end,03 - Snow,01 - Daylight,05 - Packed snow,02 - Stop sign,00 - Unknown,2,0,0,0,,0,,,,,369023.1427,5010281.163,45.22956423,-75.68211541,4045
17--13631,12/18/2017,2:57 PM,MARCH RD @ MARCHURST RD (0011898),11898,02 - Intersection related,02 - Non-fatal injury,05 - Turning movement,03 - Snow,01 - Daylight,03 - Loose snow,02 - Stop sign,00 - Unknown,2,0,0,0,02 - Minor,1,,1,,,345134.9991,5024451.984,45.35885225,-75.98516353,4046
17--13632,12/18/2017,3:00 PM,BLEEKS RD @ CONLEY RD (0005261),5261,02 - Intersection related,03 - P.D. only,07 - SMV other,03 - Snow,01 - Daylight,03 - Loose snow,02 - Stop sign,00 - Unknown,1,0,0,0,,0,,,,,351256.6536,5004809.358,45.18172276,-75.90886821,4047
17--13633,12/18/2017,3:29 PM,CARLING AVE @ WOODROFFE AVE W (0011470),11470,03 - At intersection,03 - P.D. only,03 - Rear end,01 - Clear,01 - Daylight,04 - Slush,01 - Traffic signal,01 - Functioning,2,0,0,0,,0,,,,,361767.2102,5025725.75,45.36915937,-75.77273759,4048
17--13634,12/18/2017,3:37 PM,ALTA VISTA DR @ DALE AVE (0007995),7995,03 - At intersection,03 - P.D. only,05 - Turning movement,03 - Snow,01 - Daylight,04 - Slush,02 - Stop sign,01 - Functioning,2,0,0,0,,0,,,,,370697.2445,5030197.845,45.40861493,-75.65814817,4049
17--13635,12/18/2017,3:59 AM,AIRPORT PKWY btwn AIRPORT PKWY/HUNT CLUB RAMP 42 & WALKLEY RD NB RAMP (__3ZAZP9),__3ZAZP9,01 - Non intersection,03 - P.D. only,07 - SMV other,01 - Clear,07 - Dark,01 - Dry,10 - No control,,1,0,0,0,,0,,,,,370459.6277,5024531.827,45.35765639,-75.66193708,4050
17--13636,12/18/2017,4:35 PM,"MCARTHUR AVE btwn MCARTHUR AVE & EGLISE, RUE DE L (__3ZA3WG)",__3ZA3WG,04 - At/near private drive,03 - P.D. only,06 - SMV unattended vehicle,03 - Snow,05 - Dusk,04 - Slush,10 - No control,,1,0,0,0,,0,,,,,371415.2669,5032820.966,45.43214867,-75.64862163,4051
17--13637,12/18/2017,5:07 PM,MERIVALE RD btwn CAPITAL DR & MACFARLANE RD (__4BBEAB),__4BBEAB,04 - At/near private drive,03 - P.D. only,07 - SMV other,03 - Snow,07 - Dark,03 - Loose snow,10 - No control,,1,0,0,0,,0,,,,,366108.3739,5020742.233,45.32395219,-75.71793959,4052
17--13638,12/18/2017,5:22 PM,MARCH RD btwn CARP RD & DONALD B. MUNRO DR (__3ZA3FJ),__3ZA3FJ,01 - Non intersection,03 - P.D. only,07 - SMV other,03 - Snow,07 - Dark,03 - Loose snow,10 - No control,,1,0,0,0,,0,,,,,342391.9295,5021935.03,45.33635624,-76.02036614,4053
17--13639,12/18/2017,5:38 PM,ST. JOSEPH BLVD @ TENTH LINE RD (0009163),9163,03 - At intersection,02 - Non-fatal injury,03 - Rear end,03 - Snow,07 - Dark,03 - Loose snow,01 - Traffic signal,01 - Functioning,2,0,0,0,01 - Minimal,1,1,,,,382891.7596,5038667.17,45.48356041,-75.5010383,4054
17--1364,2/3/2017,1:30 PM,COLONEL BY DR @ ECHO DR S (0011370),11370,02 - Intersection related,03 - P.D. only,03 - Rear end,01 - Clear,01 - Daylight,01 - Dry,10 - No control,,2,0,0,0,,0,,,,,368542.4396,5028770.958,45.39597583,-75.68585787,4055
17--13640,12/18/2017,5:40 PM,HAZELDEAN RD @ CARBROOKE ST/IRWIN GATE (0003187),3187,02 - Intersection related,02 - Non-fatal injury,05 - Turning movement,03 - Snow,07 - Dark,03 - Loose snow,01 - Traffic signal,01 - Functioning,2,0,0,0,01 - Minimal,2,2,,,,353417.5556,5018264.73,45.30265283,-75.88005825,4056
17--13641,12/18/2017,5:56 PM,HWY 417 MAITLAND IC126R26/62 @ MAITLAND AVE (0008228),8228,03 - At intersection,03 - P.D. only,01 - Approaching,03 - Snow,07 - Dark,05 - Packed snow,01 - Traffic signal,01 - Functioning,2,0,0,0,,0,,,,,363146.1717,5025983.928,45.37136899,-75.7551043,4057