Anom_ID,Accident_Date,Accident_Time,Location,Geo_ID,Accident_Location,Classification_of_Accident,Initial_Impact_Type,Environment_Condition,Light,Road_Surface_Condition,Traffic_Control,Traffic_Control_Condition,No__of_Vehicles,No__of_Bicycles,No__of_Motorcycles,No__of_Pedestrians,Max_Injury,No__of_Injuries,No__of_Minimal,No__of_Minor,No__of_Major,No__of_Fatal,X,Y,Latitude,Longitude,ObjectId
17--13642,12/18/2017,6:05 PM,GRANT CARMAN DR @ MEADOWLANDS DR (0001111),1111,02 - Intersection related,03 - P.D. only,03 - Rear end,03 - Snow,07 - Dark,03 - Loose snow,01 - Traffic signal,01 - Functioning,2,0,0,0,,0,,,,,365052.172,5023901.268,45.35246826,-75.7310268,4058
17--13643,12/18/2017,6:24 PM,RIDEAU VALLEY DR E @ ROGER STEVENS DR E (0003678),3678,02 - Intersection related,03 - P.D. only,03 - Rear end,03 - Snow,07 - Dark,03 - Loose snow,02 - Stop sign,01 - Functioning,2,0,0,0,,0,,,,,372213.1004,5002827.039,45.1621946,-75.6425036,4059
17--13644,12/18/2017,6:30 PM,BANKFIELD RD btwn HWY416 IC57 RAMP24 & HWY416 IC57 RAMP62 (__3ZA1XS),__3ZA1XS,01 - Non intersection,03 - P.D. only,07 - SMV other,02 - Rain,07 - Dark,03 - Loose snow,10 - No control,,1,0,0,0,,0,,,,,365042.6227,5008215.112,45.21132551,-75.73305279,4060
17--13645,12/18/2017,6:37 AM,HIGHWAY 417 btwn HWY417 IC115 RAMP61 & REGIONAL ROAD 174 (__3ZA2XG),__3ZA2XG,01 - Non intersection,03 - P.D. only,03 - Rear end,01 - Clear,07 - Dark,01 - Dry,10 - No control,,5,0,0,0,,0,,,,,373226.6931,5031706.872,45.42194971,-75.6256281,4061
17--13646,12/18/2017,6:40 AM,HIGHWAY 417 btwn TRANSIT & HWY417 IC127 RAMP35 (__3ZA2SK),__3ZA2SK,01 - Non intersection,03 - P.D. only,03 - Rear end,01 - Clear,07 - Dark,01 - Dry,10 - No control,,4,0,0,0,,0,,,,,361998.698,5024726.688,45.36015104,-75.76989823,4062
17--13647,12/18/2017,6:40 PM,LAURIER AVE   E btwn KING EDWARD AVE & HENDERSON AVE (__3ZA3VN),__3ZA3VN,04 - At/near private drive,03 - P.D. only,03 - Rear end,03 - Snow,07 - Dark,03 - Loose snow,10 - No control,,2,0,0,0,,0,,,,,368784.2042,5032060.855,45.42555515,-75.68234324,4063
17--13648,12/18/2017,6:48 PM,BESSERER ST btwn CUMBERLAND ST & KING EDWARD AVE (__3ZA8Z6),__3ZA8Z6,04 - At/near private drive,03 - P.D. only,05 - Turning movement,03 - Snow,07 - Dark,04 - Slush,10 - No control,,2,0,0,0,,0,,,,,368442.047,5032272.619,45.42749174,-75.68668787,4064
17--13649,12/18/2017,6:49 AM,GREENLAND RD @ ROCK FOREST RD (0006005),6005,02 - Intersection related,03 - P.D. only,07 - SMV other,03 - Snow,07 - Dark,03 - Loose snow,10 - No control,00 - Unknown,1,0,0,0,,0,,,,,340388.1185,5037979.462,45.48083329,-76.04477361,4065
17--1365,2/3/2017,1:31 PM,BARNSDALE RD @ PRINCE OF WALES DR (0001082),1082,03 - At intersection,02 - Non-fatal injury,02 - Angle,01 - Clear,01 - Daylight,01 - Dry,02 - Stop sign,01 - Functioning,2,0,0,0,02 - Minor,1,,1,,,366645.1953,5011533.539,45.24104595,-75.71224006,4066
17--13650,12/18/2017,6:53 PM,MELBOURNE AVE btwn KENWOOD AVE & PRINCETON AVE (__3ZA08D),__3ZA08D,01 - Non intersection,03 - P.D. only,06 - SMV unattended vehicle,01 - Clear,07 - Dark,05 - Packed snow,10 - No control,,1,0,0,0,,0,,,,,363273.0369,5027787.229,45.38758426,-75.75327121,4067
17--13651,12/18/2017,6:55 AM,BROOKFIELD RAMP 52A btwn AIRPORT PKWY & TO BE DETERMINED (__3ZAY0J),__3ZAY0J,01 - Non intersection,02 - Non-fatal injury,07 - SMV other,01 - Clear,07 - Dark,06 - Ice,10 - No control,,1,0,0,0,02 - Minor,1,,1,,,368768.3281,5026363.525,45.37429386,-75.68328502,4068
17--13652,12/18/2017,6:59 PM,ISABELLA ST/HWY 417 O'CONN IC119BR57 @ O'CONNO (0001698),1698,03 - At intersection,02 - Non-fatal injury,07 - SMV other,03 - Snow,07 - Dark,02 - Wet,01 - Traffic signal,01 - Functioning,1,0,0,1,01 - Minimal,1,1,,,,368297.5802,5030310.372,45.40984924,-75.68878677,4069
17--13653,12/18/2017,7:00 PM,MAIN ST btwn HARVEY ST & HAWTHORNE AVE (__3ZA3Q2),__3ZA3Q2,01 - Non intersection,03 - P.D. only,07 - SMV other,03 - Snow,07 - Dark,03 - Loose snow,10 - No control,,1,0,0,0,,0,,,,,368967.1768,5030639.713,45.41275146,-75.68019034,4070
17--13654,12/18/2017,7:07 PM,LAROSE AVE @ MERIVALE RD (0011410),11410,02 - Intersection related,02 - Non-fatal injury,02 - Angle,03 - Snow,07 - Dark,03 - Loose snow,02 - Stop sign,00 - Unknown,2,0,0,0,02 - Minor,2,,2,,,364846.2252,5026967.307,45.38007365,-75.73328236,4071
17--13655,12/18/2017,7:13 PM,PRINCE OF WALES DR btwn ORMOND RD & PHELAN RD W (__3ZA4KS),__3ZA4KS,01 - Non intersection,03 - P.D. only,07 - SMV other,03 - Snow,07 - Dark,03 - Loose snow,10 - No control,,1,0,0,0,,0,,,,,367069.8265,5002267.974,45.15763652,-75.70798935,4072
17--13656,12/18/2017,7:15 PM,HIGHWAY 417 btwn HWY417 IC119A RAMP75 & HWY417 IC118 RAMP57 (__3ZA2R2),__3ZA2R2,01 - Non intersection,03 - P.D. only,07 - SMV other,03 - Snow,07 - Dark,03 - Loose snow,10 - No control,,1,0,0,0,,0,,,,,368927.2378,5030681.48,45.41313093,-75.68069512,4073
17--13657,12/18/2017,7:20 PM,HWY417 IC118 RAMP67 btwn HWY417 IC118 RAMP64 & HIGHWAY 417 (__3ZAY9L),__3ZAY9L,01 - Non intersection,03 - P.D. only,04 - Sideswipe,03 - Snow,07 - Dark,03 - Loose snow,10 - No control,,2,0,0,0,,0,,,,,369713.7927,5031157.307,45.41733972,-75.67058429,4074
17--13658,12/18/2017,7:27 AM,HERZBERG RD @ MARCH RD (0003170),3170,03 - At intersection,03 - P.D. only,02 - Angle,01 - Clear,03 - Dawn,04 - Slush,01 - Traffic signal,01 - Functioning,2,0,0,0,,0,,,,,352324.569,5021529.672,45.33210629,-75.89368132,4075
17--13659,12/18/2017,7:27 PM,BAYSHORE DR @ WOODRIDGE CRES N (0001209),1209,02 - Intersection related,03 - P.D. only,03 - Rear end,03 - Snow,07 - Dark,04 - Slush,01 - Traffic signal,01 - Functioning,2,0,0,0,,0,,,,,359072.871,5023874.361,45.35271441,-75.80733515,4076
17--1366,2/3/2017,1:52 PM,DALY AVE @ NICHOLAS ST (0011451),11451,02 - Intersection related,03 - P.D. only,04 - Sideswipe,01 - Clear,01 - Daylight,01 - Dry,01 - Traffic signal,00 - Unknown,2,0,0,0,,0,,,,,368226.594,5032047.604,45.4254867,-75.68946995,4077
17--13660,12/18/2017,7:28 PM,REGIONAL ROAD 174 EB btwn OR174 IC109 RAMP55 & TRANSIT (__3ZA28V),__3ZA28V,01 - Non intersection,03 - P.D. only,04 - Sideswipe,03 - Snow,07 - Dark,03 - Loose snow,10 - No control,,2,0,0,0,,0,,,,,376483.4128,5035008.34,45.45132816,-75.58353747,4078
17--13661,12/18/2017,7:30 AM,HWY417 IC131 RAMP55 btwn HIGHWAY 417 & HWY416 IC75B RAMP25 (__3ZAYG7),__3ZAYG7,01 - Non intersection,02 - Non-fatal injury,03 - Rear end,01 - Clear,03 - Dawn,04 - Slush,10 - No control,,2,0,0,0,01 - Minimal,2,2,,,,358365.9489,5022760.724,45.34274822,-75.8164773,4079
17--13662,12/18/2017,7:33 AM,ST. JOSEPH BLVD @ JEANNE D'ARC BLVD (0012421),12421,03 - At intersection,03 - P.D. only,04 - Sideswipe,03 - Snow,03 - Dawn,03 - Loose snow,11 - Roundabout,01 - Functioning,2,0,0,0,,0,,,,,379863.2686,5036473.036,45.46415154,-75.54010886,4080
17--13663,12/18/2017,7:45 PM,RICHMOND RD btwn ROBERTSON RD & STINSON AVE (__3ZA4YR),__3ZA4YR,04 - At/near private drive,03 - P.D. only,05 - Turning movement,03 - Snow,07 - Dark,05 - Packed snow,10 - No control,,2,0,0,0,,0,,,,,357659.4564,5020798.835,45.32514859,-75.82570133,4081
17--13664,12/18/2017,8:02 AM,CYRVILLE RD @ ST. LAURENT BLVD (0002647),2647,03 - At intersection,03 - P.D. only,07 - SMV other,03 - Snow,01 - Daylight,03 - Loose snow,01 - Traffic signal,01 - Functioning,1,0,0,0,,0,,,,,372241.7208,5032112.297,45.42569319,-75.63815735,4082
17--13665,12/18/2017,8:11 AM,FALLOWFIELD RD @ WOODROFFE AVE (0010372),10372,02 - Intersection related,03 - P.D. only,03 - Rear end,03 - Snow,01 - Daylight,03 - Loose snow,01 - Traffic signal,01 - Functioning,2,0,0,0,,0,,,,,365084.6721,5017902.951,45.29849322,-75.73134235,4083
17--13666,12/18/2017,8:15 PM,HIGHWAY 417 btwn HWY417 IC118 RAMP67 & HWY417 IC117 RAMP36 (__3ZA2YO),__3ZA2YO,01 - Non intersection,03 - P.D. only,04 - Sideswipe,03 - Snow,07 - Dark,03 - Loose snow,10 - No control,,2,0,0,0,,0,,,,,369844.1796,5031153.074,45.41728952,-75.66891905,4084
17--13667,12/18/2017,8:15 PM,HIGHWAY 417 btwn HWY417 IC126 RAMP16 & HWY417 IC126 RAMP61 (__3ZA2RC),__3ZA2RC,01 - Non intersection,03 - P.D. only,07 - SMV other,03 - Snow,07 - Dark,03 - Loose snow,10 - No control,,1,0,0,0,,0,,,,,363124.9137,5025816.418,45.36986352,-75.75539545,4085
17--13668,12/18/2017,8:38 PM,DUNROBIN RD btwn KINBURN SIDE RD & VANCES SIDE RD (__3ZA3FG),__3ZA3FG,01 - Non intersection,03 - P.D. only,07 - SMV other,03 - Snow,07 - Dark,03 - Loose snow,10 - No control,,1,0,0,0,,0,,,,,339946.5788,5033893.143,45.44408607,-76.05071355,4086
17--13669,12/18/2017,8:40 AM,HIGHWAY 417 btwn HWY417 IC129 RAMP25 & HWY417 IC129 RAMP35 (__3ZAYFR),__3ZAYFR,01 - Non intersection,03 - P.D. only,03 - Rear end,03 - Snow,01 - Daylight,03 - Loose snow,10 - No control,,2,0,0,0,,0,,,,,360518.1798,5023570.139,45.34986368,-75.78892489,4087
17--1367,2/3/2017,1:54 PM,PRINCE OF WALES DR btwn DYNES RD & 187 N OF MEADOWLANDS DR (__3ZA36WB),__3ZA36WB,04 - At/near private drive,03 - P.D. only,05 - Turning movement,01 - Clear,01 - Daylight,01 - Dry,10 - No control,,2,0,0,0,,0,,,,,367243.3437,5025880.385,45.37008424,-75.70281441,4088
17--13670,12/18/2017,9:00 PM,PRINCE OF WALES DR btwn ORMOND RD & PHELAN RD W (__3ZA4KS),__3ZA4KS,01 - Non intersection,03 - P.D. only,07 - SMV other,03 - Snow,07 - Dark,03 - Loose snow,10 - No control,,1,0,0,0,,0,,,,,367061.9691,5002263.709,45.15759883,-75.70808981,4089
17--13671,12/18/2017,9:00 PM,HIGHWAY 417 btwn HWY417 IC112 RAMP66 & HWY417 IC113 RAMP65 (__3ZA284),__3ZA284,01 - Non intersection,03 - P.D. only,07 - SMV other,03 - Snow,07 - Dark,03 - Loose snow,10 - No control,,1,0,0,0,,0,,,,,374239.7007,5031141.665,45.41676445,-75.61276486,4090
17--13672,12/18/2017,9:24 AM,BANK ST @ SLATER ST (0002223),2223,03 - At intersection,02 - Non-fatal injury,03 - Rear end,03 - Snow,01 - Daylight,04 - Slush,01 - Traffic signal,01 - Functioning,2,0,0,0,01 - Minimal,1,1,,,,367423.7557,5031354.814,45.41932554,-75.6998165,4091
17--13673,12/18/2017,9:34 AM,CASTLEFRANK RD @ KATIMAVIK RD (0003228),3228,03 - At intersection,03 - P.D. only,03 - Rear end,03 - Snow,01 - Daylight,03 - Loose snow,01 - Traffic signal,01 - Functioning,4,0,0,0,,0,,,,,351950.3623,5018943.516,45.30886073,-75.89870139,4092
17--13674,12/18/2017,9:40 PM,HIGHWAY 417 btwn HWY417 IC134 RAMP51 & HWY417 IC134 RAMP35 (__3ZAZET),__3ZAZET,01 - Non intersection,03 - P.D. only,07 - SMV other,03 - Snow,07 - Dark,03 - Loose snow,10 - No control,,1,0,0,0,,0,,,,,356189.578,5022104.75,45.33700851,-75.84431492,4093
17--13675,12/18/2017,9:44 AM,RIVERSIDE DR @ WALKLEY RD (0002158),2158,02 - Intersection related,03 - P.D. only,03 - Rear end,03 - Snow,01 - Daylight,03 - Loose snow,01 - Traffic signal,01 - Functioning,2,0,0,0,,0,,,,,368419.2018,5024852.812,45.36073265,-75.68793657,4094
17--13676,12/18/2017,9:45 AM,INVERNESS AVE btwn GOODWIN AVE & NORMANDY CRES (__3ZAALI),__3ZAALI,04 - At/near private drive,03 - P.D. only,02 - Angle,01 - Clear,01 - Daylight,02 - Wet,10 - No control,,2,0,0,0,,0,,,,,366612.6417,5024714.075,45.35964593,-75.71101142,4095
17--13677,12/19/2017,1:22 PM,LAKEBREEZE CIR btwn BOISDALE WALK & LAKEBREEZE CIR (__7JQ60E),__7JQ60E,04 - At/near private drive,03 - P.D. only,06 - SMV unattended vehicle,01 - Clear,01 - Daylight,03 - Loose snow,10 - No control,,1,0,0,0,,0,,,,,385924.7299,5034723.547,45.44773372,-75.46289725,4096
17--13678,12/19/2017,1:46 PM,BUCHANAN CRES btwn HOLLYBROOK CRES & QUINCY AVE (2) (__3ZA7TJ),__3ZA7TJ,01 - Non intersection,03 - P.D. only,06 - SMV unattended vehicle,02 - Rain,01 - Daylight,04 - Slush,10 - No control,,1,0,0,0,,0,,,,,374616.5448,5036133.952,45.46164475,-75.60724236,4097
17--13679,12/19/2017,10:00 AM,MOODIE DR btwn MCKENNA CASEY DR & CAMBRIAN RD (__3ZA4YZ),__3ZA4YZ,01 - Non intersection,03 - P.D. only,07 - SMV other,03 - Snow,01 - Daylight,03 - Loose snow,10 - No control,,1,0,0,0,,0,,,,,360380.3704,5012591.29,45.25108626,-75.79191425,4098
17--1368,2/3/2017,10:55 AM,MARKETPLACE AVE btwn RIOCAN AVE & Continuation of MARKETPLACE AVE (__4LZBIC),__4LZBIC,04 - At/near private drive,03 - P.D. only,02 - Angle,01 - Clear,01 - Daylight,01 - Dry,10 - No control,,3,0,0,0,,0,,,,,364353.8336,5014801.103,45.27064517,-75.74103233,4099
17--13680,12/19/2017,10:01 AM,CARLING AVE @ MERIVALE RD (0002148),2148,03 - At intersection,02 - Non-fatal injury,02 - Angle,03 - Snow,01 - Daylight,04 - Slush,01 - Traffic signal,01 - Functioning,2,0,0,0,02 - Minor,1,,1,,,364894.7038,5027700.781,45.38666916,-75.73257411,4100
17--14220,12/28/2017,7:30 PM,HIGHWAY 417 btwn HWY417 IC144 RAMP61 & HWY417 IC142 RAMP16 (__3ZA20K),__3ZA20K,01 - Non intersection,03 - P.D. only,07 - SMV other,01 - Clear,07 - Dark,01 - Dry,10 - No control,,1,0,0,0,,0,,,,,348740.423,5017100.841,45.29248792,-75.93979834,4101
17--14221,12/28/2017,7:34 AM,CARLING AVE/STATION RD @ MARCH RD (0002681),2681,03 - At intersection,03 - P.D. only,02 - Angle,01 - Clear,03 - Dawn,06 - Ice,01 - Traffic signal,01 - Functioning,2,0,0,0,,0,,,,,350908.2538,5022246.139,45.33864771,-75.91168295,4102
17--14222,12/28/2017,7:41 AM,PORTAGE BRIDGE NB btwn PROVINCIAL BOUNDARY & WELLINGTON ST (__6TE2PA),__6TE2PA,01 - Non intersection,03 - P.D. only,07 - SMV other,00 - Unknown,03 - Dawn,06 - Ice,10 - No control,,1,0,0,0,,0,,,,,366496.033,5031372.185,45.41956426,-75.71166729,4103
17--14223,12/28/2017,7:43 PM,MAITLAND AVE/GLENMOUNT AVE @ ERINDALE DR (0002724),2724,02 - Intersection related,03 - P.D. only,03 - Rear end,01 - Clear,07 - Dark,02 - Wet,01 - Traffic signal,01 - Functioning,3,0,0,0,,0,,,,,363698.2572,5025212.555,45.36438209,-75.74814848,4104
17--14224,12/28/2017,7:43 PM,INDUSTRIAL AVE/INNES RD @ ST. LAURENT BLVD (0002203),2203,02 - Intersection related,03 - P.D. only,03 - Rear end,01 - Clear,07 - Dark,01 - Dry,01 - Traffic signal,01 - Functioning,2,0,0,0,,0,,,,,373099.7274,5030006.761,45.40666533,-75.62748591,4105
17--14225,12/28/2017,7:44 AM,CARLING AVE @ KIRKWOOD AVE S (0002209),2209,02 - Intersection related,03 - P.D. only,07 - SMV other,01 - Clear,03 - Dawn,01 - Dry,01 - Traffic signal,01 - Functioning,1,0,0,0,,0,,,,,364352.6473,5027337.786,45.38344929,-75.7395395,4106
17--13951,12/23/2017,12:15 PM,BASELINE RD @ FISHER AVE (0002346),2346,02 - Intersection related,03 - P.D. only,05 - Turning movement,03 - Snow,01 - Daylight,04 - Slush,01 - Traffic signal,01 - Functioning,2,0,0,0,,0,,,,,366167.1715,5026027.816,45.37150585,-75.71653379,4107
17--14226,12/28/2017,7:51 PM,HUNT CLUB RD btwn BILLY BISHOP PRIV & HUNT CLUB PL (__3ZA36H),__3ZA36H,01 - Non intersection,03 - P.D. only,03 - Rear end,01 - Clear,07 - Dark,06 - Ice,10 - No control,,3,0,0,0,,0,,,,,369280.6365,5022679.453,45.34109862,-75.67722538,4108
17--14227,12/28/2017,8:01 AM,MONTREAL RD @ CARSON'S RD/CODD'S RD (0010801),10801,02 - Intersection related,03 - P.D. only,03 - Rear end,01 - Clear,01 - Daylight,01 - Dry,01 - Traffic signal,01 - Functioning,2,0,0,0,,0,,,,,372771.6826,5034398.354,45.44621069,-75.63107007,4109
17--14228,12/28/2017,8:10 AM,BANK ST @ HUNT CLUB RD (0002119),2119,02 - Intersection related,03 - P.D. only,03 - Rear end,03 - Snow,01 - Daylight,03 - Loose snow,01 - Traffic signal,01 - Functioning,2,0,0,0,,0,,,,,371608.2586,5024096.267,45.35362886,-75.64733672,4110
17--13952,12/23/2017,12:15 PM,BELFAST RD @ COVENTRY RD (0002646),2646,02 - Intersection related,03 - P.D. only,03 - Rear end,03 - Snow,01 - Daylight,03 - Loose snow,01 - Traffic signal,01 - Functioning,2,0,0,0,,0,,,,,371524.199,5031641.326,45.42152441,-75.64738938,4111
17--14229,12/28/2017,8:20 PM,HIGHWAY 417 btwn HWY417 IC119B RAMP76 & HWY417 IC119A RAMP67 (__3ZA2YT),__3ZA2YT,01 - Non intersection,03 - P.D. only,03 - Rear end,01 - Clear,07 - Dark,01 - Dry,10 - No control,,3,0,0,0,,0,,,,,368571.8301,5030524.133,45.41174765,-75.68525579,4112
17--13953,12/23/2017,12:20 PM,BASELINE RD @ 207 E OF CLYDE AVE (0008213),8213,03 - At intersection,03 - P.D. only,05 - Turning movement,03 - Snow,01 - Daylight,03 - Loose snow,01 - Traffic signal,01 - Functioning,2,0,0,0,,0,,,,,364535.4073,5025001.051,45.36240817,-75.73748855,4113
17--1423,2/4/2017,3:41 PM,ANDERSON RD @ RIDGE RD (0003631),3631,02 - Intersection related,03 - P.D. only,03 - Rear end,01 - Clear,01 - Daylight,01 - Dry,02 - Stop sign,01 - Functioning,2,0,0,0,,0,,,,,379030.0919,5028507.863,45.39257541,-75.5519624,4114
17--13954,12/23/2017,12:27 PM,CARLING AVE EB btwn CARLING AVE EB ON RAMP/OTTAWA RIVER PKWY & CARLING (__3ZA4V7),__3ZA4V7,04 - At/near private drive,03 - P.D. only,03 - Rear end,03 - Snow,01 - Daylight,02 - Wet,10 - No control,,2,0,0,0,,0,,,,,360915.4351,5025191.442,45.36442042,-75.78367146,4115
17--14230,12/28/2017,8:24 AM,MEADOWBREEZE DR btwn FERNBROOK PL & WHEATLAND AVE (__3ZBO82),__3ZBO82,04 - At/near private drive,03 - P.D. only,06 - SMV unattended vehicle,01 - Clear,01 - Daylight,02 - Wet,10 - No control,,1,0,0,0,,0,,,,,355474.54,5015195.995,45.27489438,-75.85414392,4116
17--14231,12/28/2017,8:30 AM,BRIAN COBURN BLVD @ TENTH LINE RD (0013966),13966,03 - At intersection,03 - P.D. only,07 - SMV other,01 - Clear,01 - Daylight,06 - Ice,01 - Traffic signal,01 - Functioning,1,0,0,0,,0,,,,,384428.3389,5035022.308,45.45059377,-75.48197576,4117
17--14232,12/28/2017,8:30 AM,KING EDWARD AVE @ YORK ST (0008244),8244,02 - Intersection related,03 - P.D. only,03 - Rear end,01 - Clear,01 - Daylight,01 - Dry,01 - Traffic signal,01 - Functioning,2,0,0,0,,0,,,,,368396.5076,5032621.438,45.43063443,-75.68722474,4118
17--14233,12/28/2017,8:50 AM,TENTH LINE RD btwn DES EPINETTES AVE & INNES RD (__3ZA3Y8),__3ZA3Y8,01 - Non intersection,03 - P.D. only,07 - SMV other,01 - Clear,01 - Daylight,06 - Ice,10 - No control,,1,0,0,0,,0,,,,,383712.4544,5036728.385,45.46602472,-75.49085289,4119
17--14234,12/28/2017,8:55 AM,ALBERT ST btwn BAY ST & LYON ST N (__3ZA33B),__3ZA33B,01 - Non intersection,02 - Non-fatal injury,03 - Rear end,01 - Clear,01 - Daylight,06 - Ice,10 - No control,,2,0,0,0,01 - Minimal,1,1,,,,367000.0957,5031180.635,45.41779612,-75.70525133,4120
17--14235,12/28/2017,9:02 AM,TENTH LINE RD btwn DES EPINETTES AVE & INNES RD (__3ZA3Y8),__3ZA3Y8,04 - At/near private drive,02 - Non-fatal injury,03 - Rear end,01 - Clear,01 - Daylight,06 - Ice,10 - No control,,2,0,0,0,02 - Minor,1,,1,,,383720.9751,5036709.923,45.46585766,-75.49074691,4121
17--14236,12/28/2017,9:04 AM,HWY417 IC120B RAMP36 btwn HIGHWAY 417 & CATHERINE ST (__3ZAY9X),__3ZAY9X,01 - Non intersection,03 - P.D. only,07 - SMV other,01 - Clear,01 - Daylight,06 - Ice,10 - No control,,1,0,0,0,,0,,,,,367739.0048,5030008.279,45.40718155,-75.69596071,4122
17--14237,12/28/2017,9:11 AM,MARCH RD btwn UPPER DWYER HILL RD & PETER ROBINSON RD (__3ZA2RI),__3ZA2RI,04 - At/near private drive,03 - P.D. only,03 - Rear end,01 - Clear,01 - Daylight,06 - Ice,10 - No control,,2,0,0,0,,0,,,,,334188.8975,5014399.665,45.2689404,-76.12547245,4123
17--14238,12/28/2017,9:13 AM,RIVERSIDE DR @ SMYTH RD SOUTH SIDE RAMP (0011480),11480,03 - At intersection,02 - Non-fatal injury,03 - Rear end,01 - Clear,01 - Daylight,01 - Dry,01 - Traffic signal,01 - Functioning,2,0,0,0,02 - Minor,1,,1,,,369789.5368,5028998.72,45.39791051,-75.66990114,4124
17--14239,12/28/2017,9:16 AM,KING EDWARD AVE NB btwn UNION ST & MACDONALD-CARTIER BR RAMP NB-3 (__7TR607),__7TR607,07 - Overpass or bridge,03 - P.D. only,07 - SMV other,01 - Clear,01 - Daylight,06 - Ice,10 - No control,,1,0,0,0,,0,,,,,367896.2109,5033324.676,45.43700723,-75.69352786,4125
17--1424,2/4/2017,3:50 PM,BRONSON AVE @ FOURTH AVE (0007224),7224,03 - At intersection,03 - P.D. only,05 - Turning movement,01 - Clear,01 - Daylight,01 - Dry,02 - Stop sign,00 - Unknown,2,0,0,0,,0,,,,,367584.9481,5029010.795,45.39822032,-75.69805557,4126
17--14240,12/28/2017,9:24 AM,LANCASTER RD @ WALKLEY RD (0003130),3130,02 - Intersection related,02 - Non-fatal injury,03 - Rear end,01 - Clear,01 - Daylight,01 - Dry,01 - Traffic signal,01 - Functioning,3,0,0,0,02 - Minor,1,,1,,,374910.5193,5028604.214,45.39386689,-75.60455562,4127
17--14241,12/28/2017,9:30 AM,KING EDWARD AVE NB @ MACDONALD-CARTIER BR RAMP (0011750),11750,02 - Intersection related,03 - P.D. only,07 - SMV other,01 - Clear,01 - Daylight,01 - Dry,10 - No control,00 - Unknown,1,0,0,0,,0,,,,,368028.3148,5033248.728,45.43631195,-75.69184928,4128
17--14242,12/28/2017,9:30 AM,HIGHWAY 417 btwn HWY417 IC122 RAMP51 & HWY417 IC122 RAMP15 (__3ZA2R0),__3ZA2R0,01 - Non intersection,03 - P.D. only,04 - Sideswipe,01 - Clear,01 - Daylight,06 - Ice,10 - No control,,2,0,0,0,,0,,,,,365600.3205,5029058.953,45.39882879,-75.72339665,4129
17--14243,12/28/2017,9:37 PM,MACDONALD-CARTIER BR btwn RAMP & END (1) (__3ZA1QK),__3ZA1QK,07 - Overpass or bridge,02 - Non-fatal injury,03 - Rear end,01 - Clear,07 - Dark,06 - Ice,10 - No control,,5,0,0,0,02 - Minor,1,,1,,,367432.8241,5033221.28,45.43611857,-75.69946327,4130
17--14244,12/28/2017,9:38 AM,HOLLAND AVE @ SPENCER ST (0006192),6192,03 - At intersection,02 - Non-fatal injury,03 - Rear end,01 - Clear,01 - Daylight,06 - Ice,01 - Traffic signal,01 - Functioning,2,0,0,0,02 - Minor,1,,1,,,364833.648,5029371.846,45.4017103,-75.7331504,4131
17--14245,12/28/2017,9:43 PM,PARKSIDE CRES btwn VIEWMOUNT DR & VIEWMOUNT DR (__3ZBOLZ),__3ZBOLZ,01 - Non intersection,03 - P.D. only,06 - SMV unattended vehicle,01 - Clear,07 - Dark,06 - Ice,10 - No control,,1,0,0,0,,0,,,,,364494.2053,5022640.666,45.34117323,-75.7382994,4132
17--14246,12/29/2017,1:20 PM,RIVERSIDE DR @ TREMBLAY RD/HWY417 IC117 RAMP52 (0010790),10790,02 - Intersection related,03 - P.D. only,03 - Rear end,01 - Clear,01 - Daylight,02 - Wet,01 - Traffic signal,01 - Functioning,2,0,0,0,,0,,,,,370802.0782,5031015.908,45.41596566,-75.6566995,4133
17--14247,12/29/2017,1:58 PM,TERRY FOX DR @ EDGEWATER ST/WALTER BAKER PL (0002699),2699,02 - Intersection related,03 - P.D. only,02 - Angle,01 - Clear,01 - Daylight,01 - Dry,01 - Traffic signal,01 - Functioning,2,0,0,0,,0,,,,,351778.5101,5017613.676,45.29690601,-75.90101889,4134
17--14248,12/29/2017,10:10 PM,EAGLESON RD @ HAZELDEAN RD/ROBERTSON RD (0002715),2715,02 - Intersection related,03 - P.D. only,03 - Rear end,01 - Clear,07 - Dark,01 - Dry,01 - Traffic signal,01 - Functioning,2,0,0,0,,0,,,,,353673.6249,5018424.46,45.30407235,-75.87677745,4135
17--14249,12/29/2017,10:29 PM,BAYCREST DR btwn CEDARWOOD DR & SANDALWOOD DR (__3ZA9YY),__3ZA9YY,01 - Non intersection,02 - Non-fatal injury,07 - SMV other,01 - Clear,07 - Dark,06 - Ice,10 - No control,,1,0,0,0,02 - Minor,1,,1,,,371296.3642,5026744.078,45.37748261,-75.6509606,4136
17--1425,2/4/2017,5:07 PM,PARKDALE AVE @ WELLINGTON ST (0002260),2260,02 - Intersection related,03 - P.D. only,04 - Sideswipe,01 - Clear,01 - Daylight,01 - Dry,01 - Traffic signal,00 - Unknown,2,0,0,0,,0,,,,,365149.1542,5029268.916,45.40075703,-75.72913319,4137
17--14250,12/29/2017,10:36 PM,HIGHWAY 417 btwn HWY417 IC118 RAMP67 & HWY417 IC117 RAMP36 (__3ZA2YO),__3ZA2YO,01 - Non intersection,03 - P.D. only,07 - SMV other,01 - Clear,07 - Dark,06 - Ice,10 - No control,,1,0,0,0,,0,,,,,369844.3409,5031156.753,45.41732261,-75.6689165,4138
17--14251,12/29/2017,10:41 AM,OGILVIE RD @ BATHGATE DR/CITYPARK DR W (0012430),12430,02 - Intersection related,02 - Non-fatal injury,03 - Rear end,01 - Clear,01 - Daylight,01 - Dry,01 - Traffic signal,01 - Functioning,2,0,0,0,01 - Minimal,1,1,,,,373827.8202,5032799.9,45.43172516,-75.61779448,4139