Anom_ID,Accident_Date,Accident_Time,Location,Geo_ID,Accident_Location,Classification_of_Accident,Initial_Impact_Type,Environment_Condition,Light,Road_Surface_Condition,Traffic_Control,Traffic_Control_Condition,No__of_Vehicles,No__of_Bicycles,No__of_Motorcycles,No__of_Pedestrians,Max_Injury,No__of_Injuries,No__of_Minimal,No__of_Minor,No__of_Major,No__of_Fatal,X,Y,Latitude,Longitude,ObjectId
17--14252,12/29/2017,10:44 PM,LESTER RD btwn ALBION RD & UPLANDS DR (__3ZA2SC),__3ZA2SC,01 - Non intersection,02 - Non-fatal injury,01 - Approaching,01 - Clear,07 - Dark,06 - Ice,10 - No control,,2,0,0,0,02 - Minor,1,,1,,,371355.3929,5021359.563,45.32902888,-75.65093181,4140
17--14253,12/29/2017,10:47 PM,CONCORD ST @ GREENFIELD AVE (0011368),11368,03 - At intersection,03 - P.D. only,02 - Angle,01 - Clear,07 - Dark,04 - Slush,02 - Stop sign,01 - Functioning,2,0,0,0,,0,,,,,369033.7996,5031064.511,45.41656753,-75.67928388,4141
17--14254,12/29/2017,10:50 AM,DUMAURIER AVE @ PINECREST RD (0002743),2743,02 - Intersection related,03 - P.D. only,03 - Rear end,01 - Clear,01 - Daylight,06 - Ice,01 - Traffic signal,01 - Functioning,2,0,0,0,,0,,,,,360321.2056,5023835.694,45.35226876,-75.79140866,4142
17--14255,12/29/2017,10:53 PM,CHURCHILL AVE   N btwn KENWOOD AVE & PRINCETON AVE (__3ZA4NE),__3ZA4NE,04 - At/near private drive,03 - P.D. only,99 - Other,01 - Clear,07 - Dark,01 - Dry,10 - No control,,2,0,0,0,,0,,,,,363410.5143,5027867.778,45.38829754,-75.75150614,4143
17--14256,12/29/2017,11:00 PM,WATSON ST btwn FALLIS AVE & ST. STEPHEN'S ST (__3ZABUV),__3ZABUV,01 - Non intersection,03 - P.D. only,06 - SMV unattended vehicle,01 - Clear,07 - Dark,05 - Packed snow,10 - No control,,1,0,0,0,,0,,,,,360085.0827,5024191.051,45.35548491,-75.79438222,4144
17--14257,12/29/2017,11:12 AM,CASTLEFRANK RD @ TERRY FOX DR (0011757),11757,02 - Intersection related,03 - P.D. only,03 - Rear end,01 - Clear,01 - Daylight,06 - Ice,01 - Traffic signal,01 - Functioning,2,0,0,0,,0,,,,,352994.4824,5016305.045,45.28504826,-75.88564314,4145
17--14258,12/29/2017,11:38 AM,RIDEAU ST @ WURTEMBURG ST (0007118),7118,02 - Intersection related,03 - P.D. only,04 - Sideswipe,01 - Clear,01 - Daylight,04 - Slush,01 - Traffic signal,01 - Functioning,2,0,0,0,,0,,,,,369358.1263,5032926.299,45.43328934,-75.67489637,4146
17--14259,12/29/2017,11:52 AM,TENTH LINE RD btwn 275 N OF DES EPINETTES AVE/FALLINGBROOK SC & DES EP (__3ZA3YNB),__3ZA3YNB,01 - Non intersection,02 - Non-fatal injury,03 - Rear end,01 - Clear,01 - Daylight,02 - Wet,10 - No control,,2,0,0,0,01 - Minimal,1,1,,,,383592.2177,5037011.935,45.46858942,-75.49234481,4147
17--1426,2/4/2017,5:29 PM,BRONSON AVE @ COMMISSIONER ST/SLATER ST (0001679),1679,03 - At intersection,03 - P.D. only,05 - Turning movement,01 - Clear,07 - Dark,01 - Dry,01 - Traffic signal,01 - Functioning,2,0,0,0,,0,,,,,366768.2867,5030948.101,45.41572442,-75.70824218,4148
17--14260,12/29/2017,11:58 AM,FALLOWFIELD RD btwn MUNSTER RD & CONLEY RD (__3ZA3EQ),__3ZA3EQ,04 - At/near private drive,03 - P.D. only,07 - SMV other,03 - Snow,01 - Daylight,06 - Ice,10 - No control,,1,0,0,0,,0,,,,,347807.2005,5005596.126,45.18902124,-75.95269042,4149
17--14261,12/29/2017,11:58 PM,RIVER RD btwn EARL ARMSTRONG RD & NICOLLS ISLAND RD (__3ZA3H6),__3ZA3H6,01 - Non intersection,03 - P.D. only,07 - SMV other,01 - Clear,07 - Dark,06 - Ice,10 - No control,,1,0,0,0,,0,,,,,367570.23,5014676.837,45.2692473,-75.70006146,4150
17--14262,12/29/2017,12:19 PM,WEST HUNT CLUB RD WB btwn 545 E OF ROYDON PL/SUNDERLAND ST & ANTARES D (__3ZA3JSB),__3ZA3JSB,01 - Non intersection,03 - P.D. only,03 - Rear end,01 - Clear,01 - Daylight,05 - Packed snow,10 - No control,,3,0,0,0,,0,,,,,366373.9801,5022424.804,45.33906847,-75.71434249,4151
17--14263,12/29/2017,12:30 PM,CATHERINE ST @ KENT ST (0002707),2707,03 - At intersection,03 - P.D. only,05 - Turning movement,01 - Clear,01 - Daylight,01 - Dry,01 - Traffic signal,01 - Functioning,2,0,0,0,,0,,,,,367908.1809,5030188.801,45.4087906,-75.69377661,4152
17--14264,12/29/2017,12:58 PM,BELFAST RD @ ST. LAURENT BLVD (0007658),7658,03 - At intersection,03 - P.D. only,02 - Angle,01 - Clear,01 - Daylight,03 - Loose snow,01 - Traffic signal,01 - Functioning,2,0,0,0,,0,,,,,372860.2462,5030578.801,45.41183561,-75.6304659,4153
17--14265,12/29/2017,12:58 PM,ALTA VISTA DR @ SMYTH RD (0011353),11353,03 - At intersection,03 - P.D. only,05 - Turning movement,01 - Clear,01 - Daylight,01 - Dry,01 - Traffic signal,01 - Functioning,2,0,0,0,,0,,,,,370433.1753,5029081.7,45.3985971,-75.66166991,4154
17--14266,12/29/2017,2:00 PM,BASELINE RD/HWY 416 RICHMOND IC75R53 @ RICHMON (0000148),148,03 - At intersection,03 - P.D. only,03 - Rear end,01 - Clear,01 - Daylight,01 - Dry,01 - Traffic signal,01 - Functioning,2,0,0,0,,0,,,,,358637.879,5021817.16,45.33423717,-75.81311028,4155
17--14267,12/29/2017,2:22 PM,PLEASANT PARK RD @ ST. LAURENT BLVD (0008363),8363,02 - Intersection related,03 - P.D. only,99 - Other,01 - Clear,01 - Daylight,01 - Dry,01 - Traffic signal,01 - Functioning,2,0,0,0,,0,,,,,373597.7279,5028796.26,45.39572504,-75.62129367,4156
17--14268,12/29/2017,2:24 PM,CRESTWAY DR @ STRANDHERD DR (0010538),10538,02 - Intersection related,03 - P.D. only,04 - Sideswipe,01 - Clear,01 - Daylight,06 - Ice,01 - Traffic signal,01 - Functioning,2,0,0,0,,0,,,,,366347.3762,5015472.317,45.27651307,-75.71554532,4157
17--14269,12/29/2017,2:40 PM,HWY 417 PALLADI IC142R36 @ PALLADIUM DR (0010683),10683,02 - Intersection related,03 - P.D. only,04 - Sideswipe,01 - Clear,01 - Daylight,01 - Dry,01 - Traffic signal,00 - Unknown,2,0,0,0,,0,,,,,348773.2755,5017374.67,45.29494987,-75.93935524,4158
17--1427,2/4/2017,5:42 PM,DUNNING RD btwn REGIMBALD RD & GIROUX RD (__3ZBOGX),__3ZBOGX,01 - Non intersection,03 - P.D. only,07 - SMV other,01 - Clear,07 - Dark,06 - Ice,10 - No control,,1,0,0,0,,0,,,,,393296.4228,5035414.498,45.45305559,-75.36855056,4159
17--14270,12/29/2017,2:40 PM,BESSERER ST btwn WALLER ST & CUMBERLAND ST (__3ZAZPA),__3ZAZPA,01 - Non intersection,03 - P.D. only,06 - SMV unattended vehicle,01 - Clear,01 - Daylight,01 - Dry,10 - No control,,1,0,0,0,,0,,,,,368321.1101,5032194.498,45.42679983,-75.6882433,4160
17--14271,12/29/2017,2:40 PM,HIGHWAY 417 btwn HWY417 IC117 RAMP25 & HWY417 IC115 RAMP51 (__3ZA2R3),__3ZA2R3,01 - Non intersection,03 - P.D. only,03 - Rear end,01 - Clear,01 - Daylight,01 - Dry,10 - No control,,2,0,0,0,,0,,,,,371516.4792,5031393.715,45.41929725,-75.64752155,4161
17--14310,12/30/2017,1:40 PM,COLE AVE btwn KENWOOD AVE & PRINCETON AVE (__3ZA08S),__3ZA08S,04 - At/near private drive,03 - P.D. only,05 - Turning movement,01 - Clear,01 - Daylight,01 - Dry,10 - No control,,2,0,0,0,,0,,,,,363084.236,5027740.271,45.38717748,-75.75568763,4162
17--14272,12/29/2017,2:46 PM,CYR AVE @ MONTREAL RD (0009803),9803,03 - At intersection,03 - P.D. only,02 - Angle,01 - Clear,01 - Daylight,05 - Packed snow,02 - Stop sign,01 - Functioning,2,0,0,0,,0,,,,,370220.2315,5033148.351,45.43520715,-75.66384966,4163
17--14273,12/29/2017,2:48 PM,WOODROFFE AVE @ HWY 417 WOODROFF IC127R26/HWY4 (0002355),2355,02 - Intersection related,03 - P.D. only,01 - Approaching,01 - Clear,01 - Daylight,02 - Wet,01 - Traffic signal,00 - Unknown,2,0,0,0,,0,,,,,362083.5549,5024939.494,45.36205892,-75.76879052,4164
17--14274,12/29/2017,3:06 PM,BANK ST btwn ALTA VISTA DR & ERIE AVE (__3ZA36X),__3ZA36X,01 - Non intersection,03 - P.D. only,02 - Angle,01 - Clear,01 - Daylight,06 - Ice,10 - No control,,2,0,0,0,,0,,,,,370161.5697,5026411.731,45.37459904,-75.66549232,4165
17--14275,12/29/2017,3:25 PM,CRAIG HENRY DR @ IVYLEA ST/WOODVALE GR (0004600),4600,03 - At intersection,03 - P.D. only,06 - SMV unattended vehicle,01 - Clear,01 - Daylight,01 - Dry,02 - Stop sign,00 - Unknown,1,0,0,0,,0,,,,,363036.0813,5021802.493,45.33375397,-75.75700218,4166
17--14276,12/29/2017,4:07 PM,GREENBANK RD btwn HWY417 IC129 RAMP35 & HWY417 IC129 RAMP25 (__3ZA4MU),__3ZA4MU,01 - Non intersection,03 - P.D. only,03 - Rear end,01 - Clear,05 - Dusk,01 - Dry,10 - No control,,2,0,0,0,,0,,,,,360514.4629,5023360.645,45.34797895,-75.78899592,4167
17--14277,12/29/2017,4:16 PM,BLAIR RD @ REGIONAL RD 174 S/OR174 IC112 RAMP15 (0012435),12435,03 - At intersection,03 - P.D. only,05 - Turning movement,01 - Clear,05 - Dusk,02 - Wet,01 - Traffic signal,01 - Functioning,2,0,0,0,,0,,,,,374906.8462,5032661.201,45.43036988,-75.60402549,4168
17--14278,12/29/2017,4:44 PM,FERNBANK RD @ STITTSVILLE MAIN ST (0000084),84,03 - At intersection,03 - P.D. only,02 - Angle,01 - Clear,05 - Dusk,02 - Wet,01 - Traffic signal,01 - Functioning,2,0,0,0,,0,,,,,350934.5888,5012162.114,45.24790703,-75.91228494,4169
17--14279,12/29/2017,5:26 PM,HERZBERG RD @ MARCH RD (0003170),3170,02 - Intersection related,03 - P.D. only,07 - SMV other,01 - Clear,07 - Dark,06 - Ice,01 - Traffic signal,01 - Functioning,1,0,0,0,,0,,,,,352323.6222,5021528.488,45.3320957,-75.89369351,4170
17--1428,2/4/2017,5:56 PM,DECOEUR DR/SOUTHFIELD WAY @ TENTH LINE RD (0013515),13515,03 - At intersection,03 - P.D. only,02 - Angle,01 - Clear,05 - Dusk,01 - Dry,02 - Stop sign,01 - Functioning,2,0,0,0,,0,,,,,384551.517,5034726.576,45.447919,-75.48044916,4171
17--14280,12/29/2017,5:33 PM,HUNTMAR DR btwn PALLADIUM DR & MAPLE GROVE RD (__3ZA1EH),__3ZA1EH,01 - Non intersection,03 - P.D. only,03 - Rear end,01 - Clear,07 - Dark,06 - Ice,10 - No control,,2,0,0,0,,0,,,,,349877.2634,5017143.661,45.29280122,-75.92530146,4172
17--14281,12/29/2017,5:36 AM,ORLEANS BLVD btwn FORTUNE DR & LUMBERMAN WAY (__3ZA686),__3ZA686,01 - Non intersection,02 - Non-fatal injury,07 - SMV other,03 - Snow,07 - Dark,03 - Loose snow,10 - No control,,1,0,0,0,01 - Minimal,1,1,,,,380318.3272,5037538.337,45.47368722,-75.53412681,4173
17--14282,12/29/2017,6:00 PM,GROVE AVE @ SENECA ST (0007326),7326,02 - Intersection related,03 - P.D. only,07 - SMV other,01 - Clear,07 - Dark,02 - Wet,02 - Stop sign,01 - Functioning,1,0,0,0,,0,,,,,368346.03,5028070.681,45.3896928,-75.68845642,4174
17--14283,12/29/2017,6:00 PM,WOODPARK WAY btwn MASONBROOK ST & MULLCRAFT CRES (__3ZA5AS),__3ZA5AS,01 - Non intersection,03 - P.D. only,06 - SMV unattended vehicle,03 - Snow,07 - Dark,03 - Loose snow,10 - No control,,1,0,0,0,,0,,,,,365210.5897,5017189.159,45.29205974,-75.72982394,4175
17--14284,12/29/2017,6:14 PM,BLAIR RD @ REGIONAL RD 174 S/OR174 IC112 RAMP15 (0012435),12435,03 - At intersection,02 - Non-fatal injury,01 - Approaching,01 - Clear,07 - Dark,99 - Other,01 - Traffic signal,01 - Functioning,3,0,0,0,01 - Minimal,1,1,,,,374907.3195,5032661.201,45.43036984,-75.60401945,4176
17--14285,12/29/2017,6:49 AM,MERIVALE RD @ WEST HUNT CLUB RD (0000584),584,02 - Intersection related,03 - P.D. only,03 - Rear end,03 - Snow,07 - Dark,03 - Loose snow,01 - Traffic signal,01 - Functioning,2,0,0,0,,0,,,,,365612.2173,5021943.693,45.33480594,-75.72412048,4177
17--14286,12/29/2017,6:49 PM,SMYTH RD btwn RIVERSIDE HOSPITAL & ALTA VISTA DR (__3ZA1M4B),__3ZA1M4B,01 - Non intersection,03 - P.D. only,07 - SMV other,01 - Clear,07 - Dark,01 - Dry,10 - No control,,1,0,0,0,,0,,,,,370037.017,5029121.462,45.39899188,-75.66672422,4178
17--14287,12/29/2017,6:54 PM,WOODROFFE AVE @ KNOXDALE RD/MEDHURST DR (0000519),519,03 - At intersection,03 - P.D. only,03 - Rear end,01 - Clear,07 - Dark,06 - Ice,01 - Traffic signal,01 - Functioning,2,0,0,0,,0,,,,,363419.6899,5021827.204,45.33394437,-75.75210545,4179
17--14288,12/29/2017,6:54 PM,CEDARVIEW RD @ WEST HUNT CLUB RD (0010267),10267,03 - At intersection,03 - P.D. only,05 - Turning movement,01 - Clear,07 - Dark,05 - Packed snow,01 - Traffic signal,01 - Functioning,2,0,0,0,,0,,,,,359717.7216,5019554.717,45.31379594,-75.79958507,4180
17--14289,12/29/2017,6:59 PM,AVIATION PKWY @ MONTREAL RD (0008799),8799,02 - Intersection related,02 - Non-fatal injury,03 - Rear end,01 - Clear,07 - Dark,02 - Wet,01 - Traffic signal,01 - Functioning,2,0,0,0,01 - Minimal,1,1,,,,372147.1945,5034107.388,45.44365317,-75.63909225,4181
17--1429,2/4/2017,6:10 PM,BLAIR RD @ REGIONAL RD 174 N/OR174 IC112 RAMP61 (0003617),3617,02 - Intersection related,03 - P.D. only,04 - Sideswipe,01 - Clear,07 - Dark,01 - Dry,01 - Traffic signal,01 - Functioning,2,0,0,0,,0,,,,,374633.856,5032992.77,45.43338047,-75.60746689,4182
17--14290,12/29/2017,7:09 PM,BASELINE RD @ CENTREPOINTE DR W/COBDEN RD (0002108),2108,02 - Intersection related,03 - P.D. only,03 - Rear end,01 - Clear,07 - Dark,06 - Ice,01 - Traffic signal,01 - Functioning,2,0,0,0,,0,,,,,361632.7795,5023206.383,45.34650118,-75.77474331,4183
17--14291,12/29/2017,7:19 PM,HARVEST VALLEY AVE btwn SPARKMAN AVE & END (__6REWRP),__6REWRP,01 - Non intersection,03 - P.D. only,06 - SMV unattended vehicle,01 - Clear,07 - Dark,03 - Loose snow,10 - No control,,1,0,0,0,,0,,,,,384834.9821,5034452.024,45.44541643,-75.47687055,4184
17--14292,12/29/2017,7:40 AM,HUNT CLUB RD @ RIVERSIDE DR (0002237),2237,03 - At intersection,03 - P.D. only,03 - Rear end,01 - Clear,03 - Dawn,01 - Dry,01 - Traffic signal,00 - Unknown,2,0,0,0,,0,,,,,368036.2296,5021946.209,45.33461432,-75.69319615,4185
17--14293,12/29/2017,7:44 AM,TENTH LINE RD btwn OR174 IC101 RAMP36 & OR174 IC101 RAMP61 (__3ZA1TF),__3ZA1TF,07 - Overpass or bridge,02 - Non-fatal injury,03 - Rear end,01 - Clear,03 - Dawn,06 - Ice,10 - No control,,3,0,0,0,01 - Minimal,1,1,,,,382653.3866,5039165.362,45.48806931,-75.50400815,4186
17--14294,12/29/2017,7:45 AM,HIGHWAY 417 btwn TRANSIT & HWY417 IC127 RAMP35 (__3ZA2SK),__3ZA2SK,01 - Non intersection,03 - P.D. only,07 - SMV other,01 - Clear,03 - Dawn,06 - Ice,10 - No control,,1,0,0,0,,0,,,,,361994.5928,5024715.724,45.36005272,-75.7699519,4187
17--14295,12/29/2017,7:47 AM,ISABELLA ST/HWY417 IC119AR75 @ METCALFE ST (0011380),11380,02 - Intersection related,02 - Non-fatal injury,04 - Sideswipe,01 - Clear,03 - Dawn,04 - Slush,01 - Traffic signal,01 - Functioning,2,0,0,0,02 - Minor,1,,1,,,368449.1844,5030399.326,45.41063584,-75.68683866,4188
17--14296,12/29/2017,7:50 AM,CHAMPLAIN BRIDGE/ISLAND PARK DR btwn BATE ISLAND & OTTAWA RIVER PKWY (__3ZA2ZEB),__3ZA2ZEB,01 - Non intersection,03 - P.D. only,07 - SMV other,01 - Clear,03 - Dawn,06 - Ice,10 - No control,,1,0,0,0,,0,,,,,362977.7204,5030043.864,45.40791369,-75.75677607,4189
17--14297,12/29/2017,7:59 AM,BRONSON AVE RAMP 42 btwn BRONSON AVE RAMP 24A/42B & BRONSON AVE RAMP 2 (__3ZAYCM),__3ZAYCM,01 - Non intersection,03 - P.D. only,07 - SMV other,01 - Clear,01 - Daylight,06 - Ice,10 - No control,,1,0,0,0,,0,,,,,368572.341,5026991.256,45.37995988,-75.68570596,4190
17--14298,12/29/2017,8:20 AM,HWY416 IC75A RAMP26 btwn HIGHWAY 417 & HIGHWAY 416 (__3ZAY4Y),__3ZAY4Y,01 - Non intersection,03 - P.D. only,07 - SMV other,01 - Clear,01 - Daylight,01 - Dry,10 - No control,,1,0,0,0,,0,,,,,358536.3124,5022340.502,45.33895401,-75.8143492,4191
17--14299,12/29/2017,8:20 AM,HWY416 IC75A RAMP26 btwn HIGHWAY 417 & HIGHWAY 416 (__3ZAY4Y),__3ZAY4Y,01 - Non intersection,03 - P.D. only,07 - SMV other,01 - Clear,01 - Daylight,06 - Ice,10 - No control,,1,0,0,0,,0,,,,,358498.2123,5022424.322,45.33971115,-75.8148262,4192
17--143,1/4/2017,6:00 PM,INNES RD @ VISENEAU DR (0012442),12442,03 - At intersection,03 - P.D. only,05 - Turning movement,03 - Snow,07 - Dark,04 - Slush,01 - Traffic signal,01 - Functioning,2,0,0,0,,0,,,,,381797.6656,5035073.827,45.45135208,-75.51559498,4193
17--1430,2/4/2017,8:50 AM,ALBION RD @ CAHILL DR (0007499),7499,03 - At intersection,03 - P.D. only,02 - Angle,01 - Clear,01 - Daylight,01 - Dry,02 - Stop sign,01 - Functioning,2,0,0,0,,0,,,,,371726.2775,5024667.972,45.35876162,-75.64575323,4194
17--14300,12/29/2017,8:20 AM,HWY416 IC75A RAMP26 btwn HIGHWAY 417 & HIGHWAY 416 (__3ZAY4Y),__3ZAY4Y,01 - Non intersection,03 - P.D. only,07 - SMV other,01 - Clear,01 - Daylight,06 - Ice,10 - No control,,1,0,0,0,,0,,,,,358145.9983,5022768.069,45.34283107,-75.81928297,4195
17--14301,12/29/2017,8:30 AM,HWY416 IC75A RAMP26 btwn HIGHWAY 417 & HIGHWAY 416 (__3ZAY4Y),__3ZAY4Y,01 - Non intersection,03 - P.D. only,03 - Rear end,01 - Clear,01 - Daylight,06 - Ice,10 - No control,,2,0,0,0,,0,,,,,358531.2324,5022351.508,45.33905344,-75.81441281,4196
17--14302,12/29/2017,8:45 PM,HIGHWAY 417 btwn HWY417 IC121A RAMP16 & HWY417 IC121A RAMP61 (__3ZA2YY),__3ZA2YY,01 - Non intersection,03 - P.D. only,03 - Rear end,01 - Clear,07 - Dark,01 - Dry,10 - No control,,2,0,0,0,,0,,,,,367065.967,5029686.196,45.40434374,-75.70459853,4197
17--14303,12/29/2017,9:00 AM,FORESTBROOK ST btwn HUNTERBROOK ST N & STATEWOOD DR (__5GNZGT),__5GNZGT,01 - Non intersection,03 - P.D. only,01 - Approaching,01 - Clear,01 - Daylight,01 - Dry,10 - No control,,2,0,0,0,,0,,,,,348532.8228,5023053.293,45.34606278,-75.94191936,4198
17--14304,12/29/2017,9:19 PM,DONALD ST @ ST. LAURENT BLVD (0008630),8630,03 - At intersection,03 - P.D. only,07 - SMV other,01 - Clear,07 - Dark,01 - Dry,01 - Traffic signal,01 - Functioning,1,0,0,0,,0,,,,,372093.7129,5032471.908,45.42894305,-75.63999941,4199
17--14305,12/29/2017,9:30 AM,METCALFE ST @ SOMERSET ST (0002689),2689,03 - At intersection,03 - P.D. only,02 - Angle,01 - Clear,01 - Daylight,06 - Ice,01 - Traffic signal,01 - Functioning,2,0,0,0,,0,,,,,368011.1777,5031104.809,45.41702325,-75.69234345,4200
17--14306,12/29/2017,9:30 PM,AUDREY AVE btwn SUSAN ST & WALKLEY RD (__3ZA73S),__3ZA73S,01 - Non intersection,03 - P.D. only,06 - SMV unattended vehicle,99 - Other,07 - Dark,04 - Slush,10 - No control,,1,0,0,0,,0,,,,,373996.7676,5028236.167,45.39064626,-75.61627617,4201
17--14307,12/29/2017,9:31 PM,HIGHWAY 417 btwn HWY417 IC163 RAMP16 & HWY417 IC163 RAMP61 (__3ZAZNM),__3ZAZNM,01 - Non intersection,03 - P.D. only,07 - SMV other,01 - Clear,07 - Dark,01 - Dry,10 - No control,,1,0,0,0,,0,,,,,331691.2951,5021399.8,45.33203168,-76.15692122,4202
17--14308,12/29/2017,9:40 PM,MERIVALE RD btwn BURRIS LANE & OT/NE BOUNDARY (__3ZAZ7D),__3ZAZ7D,01 - Non intersection,03 - P.D. only,05 - Turning movement,01 - Clear,07 - Dark,05 - Packed snow,10 - No control,,2,0,0,0,,0,,,,,364924.1951,5025140.399,45.36362876,-75.73250924,4203
17--14309,12/30/2017,1:22 AM,COLONEL BY DR/SUSSEX DR @ RIDEAU ST (0007647),7647,03 - At intersection,02 - Non-fatal injury,02 - Angle,01 - Clear,07 - Dark,02 - Wet,01 - Traffic signal,01 - Functioning,2,0,0,0,02 - Minor,2,,2,,,367921.7973,5032044.707,45.42548821,-75.69336494,4204
17--1431,2/4/2017,9:30 PM,FIFTH LINE RD btwn GREENLAND RD & BERRY SIDE RD (__3ZAC25),__3ZAC25,01 - Non intersection,03 - P.D. only,07 - SMV other,01 - Clear,07 - Dark,05 - Packed snow,10 - No control,,1,0,0,0,,0,,,,,346730.7331,5030802.774,45.41590444,-75.96425687,4205
17--14130,12/27/2017,12:09 AM,AVIATION PKWY @ OGILVIE RD (0004114),4114,03 - At intersection,02 - Non-fatal injury,05 - Turning movement,01 - Clear,07 - Dark,01 - Dry,01 - Traffic signal,01 - Functioning,3,0,0,0,02 - Minor,1,,1,,,373109.6813,5032376.765,45.42798851,-75.62703023,4206
17--13771,12/20/2017,4:26 PM,HIGHWAY 417 btwn HWY417 IC124 RAMP67 & HWY417 IC123 RAMP62 (__3ZA2YZ),__3ZA2YZ,01 - Non intersection,03 - P.D. only,03 - Rear end,01 - Clear,05 - Dusk,01 - Dry,10 - No control,,2,0,0,0,,0,,,,,364611.0319,5027786.808,45.38746749,-75.73618593,4207
17--13955,12/23/2017,12:33 AM,FALLOWFIELD RD btwn MERIVALE RD & WOODROFFE AVE (__3ZA3IN),__3ZA3IN,01 - Non intersection,03 - P.D. only,07 - SMV other,01 - Clear,07 - Dark,02 - Wet,10 - No control,,1,0,0,0,,0,,,,,365741.8563,5018354.785,45.30250209,-75.72290818,4208
17--13772,12/20/2017,4:30 PM,HERRIDGE ST @ MAIN ST (0007201),7201,03 - At intersection,02 - Non-fatal injury,05 - Turning movement,01 - Clear,05 - Dusk,04 - Slush,02 - Stop sign,01 - Functioning,2,1,0,0,02 - Minor,1,,1,,,369219.1852,5030048.787,45.40741136,-75.6770482,4209
17--13956,12/23/2017,12:45 PM,ST. LAURENT BLVD btwn CONNERY AVE & NERTA ST (__3ZA75S),__3ZA75S,04 - At/near private drive,03 - P.D. only,02 - Angle,01 - Clear,01 - Daylight,05 - Packed snow,10 - No control,,2,0,0,0,,0,,,,,373655.9019,5028651.652,45.3944182,-75.62057093,4210
17--14311,12/30/2017,1:50 PM,PORTAGE AVE btwn DORVAL AVE & DAUPHIN RD (__3ZA77I),__3ZA77I,04 - At/near private drive,03 - P.D. only,99 - Other,01 - Clear,01 - Daylight,05 - Packed snow,10 - No control,,2,0,0,0,,0,,,,,372144.4684,5028933.826,45.39710408,-75.63983426,4211
17--13773,12/20/2017,4:30 PM,HIGHWAY 417 btwn HWY417 IC124 RAMP65 & HWY417 IC122 RAMP51 (__3ZA2R8),__3ZA2R8,01 - Non intersection,03 - P.D. only,04 - Sideswipe,01 - Clear,05 - Dusk,01 - Dry,10 - No control,,3,0,0,0,,0,,,,,365115.6462,5028645.329,45.39514902,-75.72963742,4212
17--13957,12/23/2017,12:50 PM,HIGHWAY 417 btwn HWY417 IC124 RAMP65 & HWY417 IC122 RAMP51 (__3ZA2R8),__3ZA2R8,01 - Non intersection,03 - P.D. only,04 - Sideswipe,03 - Snow,01 - Daylight,03 - Loose snow,10 - No control,,2,0,0,0,,0,,,,,364981.8508,5028407.558,45.39302111,-75.73137512,4213
17--14312,12/30/2017,10:45 AM,OTTAWA RIVER PKWY WB btwn TRANSIT & TURN LANE (__3ZA23O),__3ZA23O,01 - Non intersection,03 - P.D. only,07 - SMV other,03 - Snow,01 - Daylight,06 - Ice,10 - No control,,1,0,0,0,,0,,,,,362743.3158,5029157.506,45.39995783,-75.7598745,4214
17--13774,12/20/2017,4:43 PM,CARLING AVE @ HARTLEIGH AVE (0002771),2771,02 - Intersection related,03 - P.D. only,03 - Rear end,01 - Clear,05 - Dusk,02 - Wet,02 - Stop sign,01 - Functioning,2,0,0,0,,0,,,,,361400.2608,5025512.625,45.36727142,-75.77744623,4215
17--13958,12/23/2017,12:52 PM,BLACKBURN BYPASS @ NAVAN RD (0004201),4201,02 - Intersection related,03 - P.D. only,04 - Sideswipe,03 - Snow,01 - Daylight,03 - Loose snow,01 - Traffic signal,01 - Functioning,2,0,0,0,,0,,,,,379617.8283,5033274.471,45.43539955,-75.54373352,4216
17--14313,12/30/2017,10:50 PM,HUNTMAR DR @ PALLADIUM DR S (0011818),11818,02 - Intersection related,03 - P.D. only,04 - Sideswipe,01 - Clear,07 - Dark,06 - Ice,01 - Traffic signal,01 - Functioning,2,0,0,0,,0,,,,,349676.5624,5017364.72,45.29480322,-75.92784011,4217
17--13775,12/20/2017,4:53 PM,MERIVALE RD @ WEST HUNT CLUB RD (0000584),584,03 - At intersection,03 - P.D. only,05 - Turning movement,01 - Clear,07 - Dark,01 - Dry,01 - Traffic signal,01 - Functioning,2,0,0,0,,0,,,,,365612.6952,5021942.735,45.33479728,-75.7241145,4218
17--13959,12/23/2017,12:58 AM,HIGHWAY 416 btwn HWY416 IC66 RAMP34 & HWY416 IC66 RAMP63 (__3ZAZM2),__3ZAZM2,01 - Non intersection,03 - P.D. only,07 - SMV other,01 - Clear,07 - Dark,02 - Wet,10 - No control,,1,0,0,0,,0,,,,,359962.7706,5014907.622,45.27196178,-75.79697681,4219
17--14314,12/30/2017,10:55 AM,ORLEANS BLVD @ ST. JOSEPH BLVD (0004144),4144,02 - Intersection related,03 - P.D. only,03 - Rear end,01 - Clear,01 - Daylight,06 - Ice,01 - Traffic signal,01 - Functioning,2,0,0,0,,0,,,,,380632.2111,5036979.88,45.46862866,-75.53019902,4220
17--13776,12/20/2017,4:56 PM,780 W OF TERRY FOX DR @ HAZELDEAN RD (0013520),13520,02 - Intersection related,02 - Non-fatal injury,05 - Turning movement,01 - Clear,05 - Dusk,01 - Dry,01 - Traffic signal,01 - Functioning,3,0,0,0,03 - Major,2,,,2,,351618.5658,5016697.734,45.28867479,-75.90314454,4221