Anom_ID,Accident_Date,Accident_Time,Location,Geo_ID,Accident_Location,Classification_of_Accident,Initial_Impact_Type,Environment_Condition,Light,Road_Surface_Condition,Traffic_Control,Traffic_Control_Condition,No__of_Vehicles,No__of_Bicycles,No__of_Motorcycles,No__of_Pedestrians,Max_Injury,No__of_Injuries,No__of_Minimal,No__of_Minor,No__of_Major,No__of_Fatal,X,Y,Latitude,Longitude,ObjectId
17--13681,12/19/2017,10:11 AM,LAURIER AVE @ NICHOLAS ST (0010711),10711,03 - At intersection,03 - P.D. only,03 - Rear end,03 - Snow,01 - Daylight,04 - Slush,01 - Traffic signal,01 - Functioning,2,0,0,0,,0,,,,,368374.1149,5031798.509,45.42323204,-75.68761712,4222
17--1396,2/3/2017,7:30 AM,CARLING AVE @ FAIRLAWN AVE/WOODROFFE AVE E (0002393),2393,02 - Intersection related,03 - P.D. only,03 - Rear end,01 - Clear,01 - Daylight,01 - Dry,01 - Traffic signal,01 - Functioning,2,0,0,0,,0,,,,,361934.6841,5025830.528,45.37008852,-75.77058762,4223
17--14131,12/27/2017,12:22 PM,REGIONAL ROAD 174 btwn TRANSIT & OR174 IC109 RAMP56 (__3ZAZ6U),__3ZAZ6U,01 - Non intersection,03 - P.D. only,07 - SMV other,01 - Clear,01 - Daylight,06 - Ice,10 - No control,,1,0,0,0,,0,,,,,376081.841,5034161.743,45.44375208,-75.58879352,4224
17--14315,12/30/2017,11:05 PM,ELGIN ST @ MACLAREN ST (0006937),6937,03 - At intersection,03 - P.D. only,02 - Angle,03 - Snow,07 - Dark,05 - Packed snow,01 - Traffic signal,01 - Functioning,2,0,0,0,,0,,,,,368208.5701,5031126.369,45.41719938,-75.68981882,4225
17--13777,12/20/2017,4:58 PM,ST. LAURENT BLVD @ THURSTON DR (0008255),8255,02 - Intersection related,02 - Non-fatal injury,03 - Rear end,01 - Clear,07 - Dark,03 - Loose snow,02 - Stop sign,01 - Functioning,2,0,0,0,02 - Minor,1,,1,,,373686.9595,5027495.531,45.38401289,-75.62033569,4226
17--13682,12/19/2017,10:16 AM,KNOXDALE RD @ WEST HUNT CLUB RD (0005165),5165,02 - Intersection related,03 - P.D. only,03 - Rear end,03 - Snow,01 - Daylight,05 - Packed snow,01 - Traffic signal,01 - Functioning,2,0,0,0,,0,,,,,361863.2078,5020583.76,45.32288419,-75.77210539,4227
17--13960,12/23/2017,2:01 AM,HUNTMAR DR btwn TERRACE RIDGE DR & OLD CARP RD (__3ZAC35),__3ZAC35,01 - Non intersection,03 - P.D. only,07 - SMV other,03 - Snow,07 - Dark,03 - Loose snow,10 - No control,,1,0,0,0,,0,,,,,344823.8456,5022819.102,45.34417691,-75.98926711,4228
17--14132,12/27/2017,12:30 AM,CLOVER ST btwn HERON RD & GREGG ST (__3ZA0TC),__3ZA0TC,01 - Non intersection,03 - P.D. only,06 - SMV unattended vehicle,01 - Clear,07 - Dark,03 - Loose snow,10 - No control,,1,0,0,0,,0,,,,,369301.2364,5026680.52,45.37709724,-75.67644042,4229
17--13961,12/23/2017,2:08 PM,ALBERT ST @ BOOTH ST (0002162),2162,03 - At intersection,03 - P.D. only,03 - Rear end,03 - Snow,01 - Daylight,03 - Loose snow,01 - Traffic signal,01 - Functioning,2,0,0,0,,0,,,,,366429.1666,5030625.857,45.41285491,-75.71261494,4230
17--14316,12/30/2017,11:30 AM,CHAPEL CRES/CHAPEL ST @ MANN AVE (0006975),6975,03 - At intersection,02 - Non-fatal injury,02 - Angle,01 - Clear,01 - Daylight,01 - Dry,02 - Stop sign,01 - Functioning,2,0,0,0,01 - Minimal,1,1,,,,369551.7008,5031552.445,45.42091004,-75.67260322,4231
17--1442,2/5/2017,10:26 AM,HWY417 IC180 RAMP35 btwn HWY417 IC180 RAMP25 & HIGHWAY 417 (__5SO6FE),__5SO6FE,01 - Non intersection,03 - P.D. only,07 - SMV other,03 - Snow,01 - Daylight,03 - Loose snow,10 - No control,,1,0,0,0,,0,,,,,317950.1372,5030871.323,45.41765411,-76.33197737,4232
17--13778,12/20/2017,5:03 PM,HIGHWAY 417 btwn HWY417 IC118 RAMP67 & HWY417 IC117 RAMP36 (__3ZA2YO),__3ZA2YO,01 - Non intersection,03 - P.D. only,04 - Sideswipe,01 - Clear,07 - Dark,01 - Dry,10 - No control,,3,0,0,0,,0,,,,,369770.6288,5031159.934,45.41735808,-75.66985781,4233
17--1443,2/5/2017,10:30 PM,TIMM DR btwn HAANEL DR & MOODIE DR (__3ZABFM),__3ZABFM,01 - Non intersection,03 - P.D. only,07 - SMV other,05 - Drifting Snow,07 - Dark,03 - Loose snow,10 - No control,,1,0,0,0,,0,,,,,355136.6319,5020005.185,45.31819266,-75.85796219,4234
17--14133,12/27/2017,12:30 PM,GREENBANK RD @ IRIS ST/HWY 417 IC129 RAMP51 (0009073),9073,02 - Intersection related,03 - P.D. only,03 - Rear end,01 - Clear,01 - Daylight,06 - Ice,01 - Traffic signal,01 - Functioning,2,0,0,0,,0,,,,,360531.4317,5023312.42,45.34754367,-75.78878482,4235
17--13962,12/23/2017,2:10 PM,CARP RD/HWY 417 CARP IC144R63 @ HWY 417 CARP I (0001100),1100,02 - Intersection related,03 - P.D. only,03 - Rear end,03 - Snow,01 - Daylight,03 - Loose snow,01 - Traffic signal,01 - Functioning,2,0,0,0,,0,,,,,347301.0097,5015925.569,45.28200092,-75.95824943,4236
17--13683,12/19/2017,10:30 AM,GEORGE ST btwn SUSSEX DR & 26 W OF BYWARD MARKET/FREIMAN MALL (__3ZA40PA),__3ZA40PA,01 - Non intersection,03 - P.D. only,06 - SMV unattended vehicle,03 - Snow,01 - Daylight,03 - Loose snow,10 - No control,,1,0,0,0,,0,,,,,367915.6064,5032160.279,45.42652864,-75.69342923,4237
17--14317,12/30/2017,11:33 AM,CATHERINE ST @ KENT ST (0002707),2707,03 - At intersection,03 - P.D. only,02 - Angle,03 - Snow,01 - Daylight,06 - Ice,01 - Traffic signal,01 - Functioning,2,0,0,0,,0,,,,,367908.1809,5030188.801,45.4087906,-75.69377661,4238
17--13779,12/20/2017,5:14 PM,WALKLEY RD @ AIRPORT PKWY SB RAMP (0002091),2091,02 - Intersection related,03 - P.D. only,03 - Rear end,01 - Clear,07 - Dark,04 - Slush,03 - Yield sign,00 - Unknown,2,0,0,0,,0,,,,,369837.1905,5025651.29,45.367787,-75.66973354,4239
17--1444,2/5/2017,10:46 AM,RIDDELL AVE   N btwn LENESTER AVE & END (__3ZA0DU),__3ZA0DU,04 - At/near private drive,03 - P.D. only,07 - SMV other,01 - Clear,01 - Daylight,03 - Loose snow,10 - No control,,1,0,0,0,,0,,,,,362998.7485,5026076.443,45.37221368,-75.75697536,4240
17--14134,12/27/2017,12:30 PM,WEST HUNT CLUB RD @ WOODROFFE AVE (0000576),576,02 - Intersection related,03 - P.D. only,03 - Rear end,01 - Clear,01 - Daylight,01 - Dry,01 - Traffic signal,01 - Functioning,2,0,0,0,,0,,,,,363671.1644,5021246.252,45.32869596,-75.7489664,4241
17--13963,12/23/2017,2:10 PM,HIGHWAY 417 btwn Continuation of HIGHWAY 417 & HWY417 IC134 RAMP51 (__3ZA29B),__3ZA29B,01 - Non intersection,03 - P.D. only,07 - SMV other,03 - Snow,01 - Daylight,03 - Loose snow,10 - No control,,1,0,0,0,,0,,,,,355713.3723,5021832.094,45.33458984,-75.85041854,4242
17--13684,12/19/2017,10:54 AM,MAY ST @ MCARTHUR AVE (0008245),8245,03 - At intersection,02 - Non-fatal injury,07 - SMV other,03 - Snow,01 - Daylight,04 - Slush,01 - Traffic signal,01 - Functioning,1,0,0,0,02 - Minor,1,,1,,,371674.7995,5032851.023,45.43239434,-75.64530095,4243
17--14318,12/30/2017,11:34 PM,OTTAWA RIVER PKWY EB btwn TRANSIT & TURN LANE (2) (__3ZA24U),__3ZA24U,01 - Non intersection,03 - P.D. only,04 - Sideswipe,03 - Snow,07 - Dark,03 - Loose snow,10 - No control,,2,0,0,0,,0,,,,,360956.8002,5025746.749,45.36941372,-75.78308035,4244
17--1378,2/3/2017,3:58 PM,PARKIN CIRC btwn MAASS GT & STEDMAN ST (__45KTKE),__45KTKE,01 - Non intersection,03 - P.D. only,06 - SMV unattended vehicle,01 - Clear,01 - Daylight,01 - Dry,10 - No control,,1,0,0,0,,0,,,,,372544.4991,5022916.377,45.3429228,-75.63555061,4245
17--1445,2/5/2017,10:54 PM,TRIM RD @ WALL RD (0005000),5000,02 - Intersection related,03 - P.D. only,07 - SMV other,05 - Drifting Snow,07 - Dark,06 - Ice,02 - Stop sign,01 - Functioning,1,0,0,0,,0,,,,,387627.7834,5034669.527,45.44704796,-75.44113812,4246
17--14135,12/27/2017,12:32 PM,INDUSTRIAL AVE @ RIVERSIDE DR (0011905),11905,02 - Intersection related,03 - P.D. only,03 - Rear end,03 - Snow,01 - Daylight,06 - Ice,01 - Traffic signal,01 - Functioning,2,0,0,0,,0,,,,,370684.8349,5030592.305,45.4121653,-75.65825397,4247
17--13964,12/23/2017,2:16 PM,CARLING AVE @ BAYSHORE DR/BIRCHDALE AVE (0000021),21,02 - Intersection related,03 - P.D. only,04 - Sideswipe,03 - Snow,01 - Daylight,03 - Loose snow,01 - Traffic signal,00 - Unknown,2,0,0,0,,0,,,,,359005.5871,5023989.816,45.35375848,-75.80818115,4248
17--13685,12/19/2017,11:06 PM,HIGHWAY 416 btwn HWY416 IC72 RAMP63 & HWY416 IC72 RAMP53 (__3ZA1NF),__3ZA1NF,01 - Non intersection,02 - Non-fatal injury,07 - SMV other,02 - Rain,07 - Dark,02 - Wet,10 - No control,,1,0,0,0,02 - Minor,2,,2,,,359601.3269,5019345.264,45.31192036,-75.80109261,4249
17--13686,12/19/2017,11:11 AM,ANDERSON RD @ INNES RD (0004200),4200,03 - At intersection,03 - P.D. only,03 - Rear end,03 - Snow,01 - Daylight,03 - Loose snow,01 - Traffic signal,01 - Functioning,2,0,0,0,,0,,,,,376282.1748,5031841.803,45.42285821,-75.58656976,4250
17--13687,12/19/2017,11:15 PM,IRIS ST @ MINNETONKA RD (0002988),2988,03 - At intersection,03 - P.D. only,02 - Angle,01 - Clear,07 - Dark,04 - Slush,02 - Stop sign,01 - Functioning,2,0,0,0,,0,,,,,362208.3152,5024370.041,45.35692483,-75.76726426,4251
17--13688,12/19/2017,11:40 AM,GRASSY PLAINS DR btwn MEADOWBREEZE DR & FARMFIELD CRES (__3ZBPNL),__3ZBPNL,01 - Non intersection,03 - P.D. only,06 - SMV unattended vehicle,01 - Clear,01 - Daylight,04 - Slush,10 - No control,,1,0,0,0,,0,,,,,356070.3692,5015831.776,45.28057207,-75.8464848,4252
17--13689,12/19/2017,Unknown,SOMERSET ST    W btwn LEBRETON ST N & EMPRESS AVE (__3ZA32C),__3ZA32C,04 - At/near private drive,03 - P.D. only,06 - SMV unattended vehicle,03 - Snow,00 - Unknown,06 - Ice,10 - No control,,1,0,0,0,,0,,,,,366691.3082,5030324.671,45.41012179,-75.70930391,4253
17--1369,2/3/2017,11:20 AM,KANATA AVE btwn EARL GREY DR & MARITIME WAY (__3ZBPN5),__3ZBPN5,01 - Non intersection,03 - P.D. only,03 - Rear end,01 - Clear,01 - Daylight,01 - Dry,10 - No control,,2,0,0,0,,0,,,,,351401.3433,5019331.949,45.31239259,-75.905666,4254
17--13690,12/19/2017,Unknown,BOTTRIELL WAY btwn HOSKINS CRES & MERKLEY DR (__3ZA6X6),__3ZA6X6,04 - At/near private drive,03 - P.D. only,06 - SMV unattended vehicle,01 - Clear,00 - Unknown,02 - Wet,10 - No control,,1,0,0,0,,0,,,,,383719.5133,5037428.625,45.47232404,-75.49065019,4255
17--13691,12/19/2017,Unknown,PROVENDER AVE btwn ROTHBURY CRES & END (__3ZA5TG),__3ZA5TG,01 - Non intersection,03 - P.D. only,06 - SMV unattended vehicle,01 - Clear,00 - Unknown,05 - Packed snow,10 - No control,,1,0,0,0,,0,,,,,372902.8088,5034765.076,45.4494975,-75.62934322,4256
17--13692,12/19/2017,Unknown,CHAPMAN MILLS DR btwn LEAMINGTON WAY & TEMAGAMI DR (__61W6PK),__61W6PK,01 - Non intersection,03 - P.D. only,06 - SMV unattended vehicle,03 - Snow,00 - Unknown,03 - Loose snow,10 - No control,,1,0,0,0,,0,,,,,365282.2205,5014807.58,45.27062421,-75.72920104,4257
17--13693,12/19/2017,12:34 PM,BEAUSEJOUR DR N @ ORLEANS BLVD (0003637),3637,02 - Intersection related,03 - P.D. only,03 - Rear end,03 - Snow,01 - Daylight,04 - Slush,01 - Traffic signal,01 - Functioning,2,0,0,0,,0,,,,,381055.2774,5035895.822,45.45882913,-75.52495747,4258
17--13694,12/19/2017,12:47 PM,DECOEUR DR/SOUTHFIELD WAY @ TENTH LINE RD (0013515),13515,03 - At intersection,02 - Non-fatal injury,07 - SMV other,01 - Clear,01 - Daylight,03 - Loose snow,02 - Stop sign,01 - Functioning,1,0,0,0,01 - Minimal,1,1,,,,384551.517,5034726.576,45.447919,-75.48044916,4259
17--13695,12/19/2017,2:12 PM,AGINCOURT RD @ MAITLAND AVE (0003375),3375,02 - Intersection related,03 - P.D. only,02 - Angle,03 - Snow,01 - Daylight,04 - Slush,02 - Stop sign,01 - Functioning,2,0,0,0,,0,,,,,363447.16,5025450.764,45.36654652,-75.75132525,4260
17--13696,12/19/2017,3:42 PM,HUNT CLUB RD @ RIVERSIDE DR (0002237),2237,02 - Intersection related,03 - P.D. only,04 - Sideswipe,01 - Clear,01 - Daylight,02 - Wet,01 - Traffic signal,01 - Functioning,2,0,0,0,,0,,,,,368036.2296,5021945.735,45.33461005,-75.69319621,4261
17--13697,12/19/2017,4:04 PM,MONTREAL RD btwn ST. LAURENT BLVD & HILLSIDE DR (__3ZA1MC),__3ZA1MC,04 - At/near private drive,03 - P.D. only,05 - Turning movement,02 - Rain,05 - Dusk,04 - Slush,10 - No control,,2,0,0,0,,0,,,,,371599.194,5033842.683,45.44132406,-75.64613256,4262
17--13698,12/19/2017,4:06 PM,LAURIER AVE   W btwn KENT ST & BANK ST (__3ZA344),__3ZA344,04 - At/near private drive,03 - P.D. only,06 - SMV unattended vehicle,01 - Clear,05 - Dusk,02 - Wet,10 - No control,,1,0,0,0,,0,,,,,367407.8009,5031220.381,45.41811738,-75.70003742,4263
17--13699,12/19/2017,4:14 PM,KING EDWARD AVE @ RIDEAU ST (0002121),2121,02 - Intersection related,03 - P.D. only,04 - Sideswipe,02 - Rain,05 - Dusk,02 - Wet,01 - Traffic signal,01 - Functioning,2,0,0,0,,0,,,,,368511.7072,5032414.266,45.42875989,-75.68577942,4264
17--137,1/4/2017,4:50 PM,SANFORD FLEMING AVE @ TERMINAL AVE (0012264),12264,03 - At intersection,02 - Non-fatal injury,07 - SMV other,01 - Clear,05 - Dusk,06 - Ice,02 - Stop sign,03 - Obscured,1,0,0,1,02 - Minor,1,,1,,,370857.0131,5030832.099,45.41430664,-75.65602232,4265
17--1370,2/3/2017,11:24 PM,HIGHWAY 417 btwn HWY417 IC104 RAMP15 & HWY417 IC96 RAMP51 (__3ZA2W4),__3ZA2W4,01 - Non intersection,03 - P.D. only,07 - SMV other,01 - Clear,07 - Dark,01 - Dry,10 - No control,,1,0,0,0,,0,,,,,381413.7984,5025607.411,45.36622242,-75.52197308,4266
17--13700,12/19/2017,4:20 PM,VIEWMOUNT DR btwn MERIVALE RD & GRANT CARMAN DR (__3ZA0AL),__3ZA0AL,04 - At/near private drive,03 - P.D. only,05 - Turning movement,04 - Freezing Rain,05 - Dusk,04 - Slush,10 - No control,,2,0,0,0,,0,,,,,365286.0048,5023002.697,45.34436292,-75.72815266,4267
17--13701,12/19/2017,4:33 PM,ORCHARDVIEW AVE btwn NORTHAMPTON DR & GARDENWAY DR (__3ZA5SM),__3ZA5SM,04 - At/near private drive,02 - Non-fatal injury,99 - Other,01 - Clear,05 - Dusk,05 - Packed snow,10 - No control,,2,0,0,0,01 - Minimal,2,2,,,,384728.9313,5036821.069,45.46674303,-75.477841,4268
17--13702,12/19/2017,4:37 PM,HEPATICA WAY @ MASKINONGE CR E (0017584),17584,02 - Intersection related,03 - P.D. only,06 - SMV unattended vehicle,99 - Other,05 - Dusk,03 - Loose snow,10 - No control,00 - Unknown,1,0,0,0,,0,,,,,384077.3331,5034257.607,45.44375358,-75.48658577,4269
17--13703,12/19/2017,4:41 PM,RUSSELL RD btwn CLAYTON RD & RUISSELLET RD (__3ZA3KR),__3ZA3KR,01 - Non intersection,03 - P.D. only,03 - Rear end,03 - Snow,05 - Dusk,02 - Wet,10 - No control,,2,0,0,0,,0,,,,,397591.0363,5028588.282,45.39108563,-75.31494007,4270
17--13704,12/19/2017,4:55 PM,HERON RD @ KALADAR AVE (0006960),6960,02 - Intersection related,03 - P.D. only,03 - Rear end,01 - Clear,07 - Dark,01 - Dry,01 - Traffic signal,01 - Functioning,3,0,0,0,,0,,,,,369686.0946,5026803.583,45.37816899,-75.67151085,4271
17--13705,12/19/2017,5:07 PM,BLACKBURN BYPASS @ NAVAN RD (0004201),4201,03 - At intersection,03 - P.D. only,04 - Sideswipe,03 - Snow,07 - Dark,06 - Ice,01 - Traffic signal,01 - Functioning,2,0,0,0,,0,,,,,379617.7893,5033274.471,45.43539955,-75.54373402,4272
17--13706,12/19/2017,5:15 AM,WOODROFFE AVE @ DEERFOX DR/STONEWAY DR (0004601),4601,03 - At intersection,03 - P.D. only,05 - Turning movement,01 - Clear,07 - Dark,04 - Slush,01 - Traffic signal,01 - Functioning,2,0,0,0,,0,,,,,365886.1491,5015939.311,45.28075528,-75.72136589,4273
17--13707,12/19/2017,5:33 PM,HIGHWAY 417 btwn HWY417 IC131 RAMP66 & HWY417 IC130 RAMP26 (__3ZA29A),__3ZA29A,01 - Non intersection,03 - P.D. only,03 - Rear end,01 - Clear,07 - Dark,01 - Dry,10 - No control,,2,0,0,0,,0,,,,,359002.5913,5023051.837,45.34531876,-75.80832219,4274
17--13708,12/19/2017,5:35 PM,BASELINE RD @ WOODROFFE AVE (0002225),2225,02 - Intersection related,03 - P.D. only,03 - Rear end,03 - Snow,07 - Dark,03 - Loose snow,01 - Traffic signal,01 - Functioning,2,0,0,0,,0,,,,,362549.6902,5023770.279,45.35150018,-75.76297751,4275
17--13709,12/19/2017,5:36 PM,EAGLESON RD @ KATIMAVIK RD/TIMM DR (0011925),11925,02 - Intersection related,03 - P.D. only,03 - Rear end,03 - Snow,07 - Dark,03 - Loose snow,01 - Traffic signal,01 - Functioning,2,0,0,0,,0,,,,,353214.1507,5019565.233,45.31436909,-75.88252474,4276
17--1371,2/3/2017,11:30 PM,BRONSON AVE @ GLADSTONE AVE (0002110),2110,03 - At intersection,03 - P.D. only,02 - Angle,01 - Clear,07 - Dark,01 - Dry,01 - Traffic signal,01 - Functioning,2,0,0,0,,0,,,,,367134.7946,5030081.564,45.40789502,-75.70366941,4277
17--13710,12/19/2017,6:00 AM,OR174 IC109 RAMP65 @ MONTREAL RD (0004119),4119,02 - Intersection related,03 - P.D. only,03 - Rear end,01 - Clear,07 - Dark,03 - Loose snow,01 - Traffic signal,00 - Unknown,2,0,0,0,,0,,,,,376402.433,5034982.846,45.45110708,-75.58457637,4278
17--13711,12/19/2017,6:14 PM,HAZELDEAN RD @ TERRY FOX DR (0003682),3682,02 - Intersection related,03 - P.D. only,04 - Sideswipe,01 - Clear,07 - Dark,04 - Slush,01 - Traffic signal,00 - Unknown,2,0,0,0,,0,,,,,352207.1331,5017242.69,45.29353899,-75.89558967,4279
17--13712,12/19/2017,6:15 PM,MAPLE GROVE RD @ TERRY FOX DR (0003177),3177,03 - At intersection,03 - P.D. only,05 - Turning movement,01 - Clear,07 - Dark,01 - Dry,01 - Traffic signal,01 - Functioning,2,0,0,0,,0,,,,,351554.0865,5017863.748,45.29917119,-75.90385658,4280
17--13713,12/19/2017,6:38 AM,HIGHWAY 416 btwn HWY416 IC66 RAMP62 & HWY416 IC72 RAMP24 (__3ZAZMZ),__3ZAZMZ,01 - Non intersection,03 - P.D. only,07 - SMV other,01 - Clear,07 - Dark,03 - Loose snow,10 - No control,,1,0,0,0,,0,,,,,359679.6861,5015418.716,45.27658282,-75.80052782,4281
17--13714,12/19/2017,6:48 AM,RICHMOND RD @ LYNHAR RD/STAFFORD RD (0000155),155,02 - Intersection related,03 - P.D. only,07 - SMV other,03 - Snow,07 - Dark,03 - Loose snow,01 - Traffic signal,01 - Functioning,1,0,0,0,,0,,,,,358136.5805,5021085.808,45.3276947,-75.81958444,4282
17--13715,12/19/2017,6:50 AM,HIGHWAY 417 btwn HWY417 IC126 RAMP51 & HWY417 IC126 RAMP25 (__3ZA2RD),__3ZA2RD,01 - Non intersection,03 - P.D. only,04 - Sideswipe,03 - Snow,07 - Dark,03 - Loose snow,10 - No control,,2,0,0,0,,0,,,,,363260.8392,5025952.435,45.37107606,-75.75364421,4283
17--13716,12/19/2017,6:53 PM,INNES RD @ TENTH LINE RD (0004633),4633,02 - Intersection related,02 - Non-fatal injury,03 - Rear end,01 - Clear,07 - Dark,03 - Loose snow,01 - Traffic signal,01 - Functioning,2,0,0,0,01 - Minimal,1,1,,,,383952.2382,5036160.756,45.46089059,-75.48787837,4284
17--13717,12/19/2017,6:54 AM,HWY417 IC110 RAMP54 btwn HWY417 IC110 RAMP58 & HIGHWAY 417 (__3ZAYAO),__3ZAYAO,01 - Non intersection,03 - P.D. only,99 - Other,03 - Snow,07 - Dark,03 - Loose snow,10 - No control,,2,0,0,0,,0,,,,,375698.9266,5029333.287,45.40034732,-75.59438263,4285
17--13718,12/19/2017,6:55 AM,FALLOWFIELD RD @ MOODIE DR (0010412),10412,03 - At intersection,03 - P.D. only,05 - Turning movement,03 - Snow,07 - Dark,03 - Loose snow,01 - Traffic signal,01 - Functioning,2,0,0,0,,0,,,,,359502.1293,5014637.123,45.26956378,-75.80287683,4286
17--13719,12/19/2017,7:19 PM,CENTREPOINTE DR @ TALLWOOD DR (0004573),4573,02 - Intersection related,03 - P.D. only,03 - Rear end,03 - Snow,07 - Dark,06 - Ice,01 - Traffic signal,01 - Functioning,2,0,0,0,,0,,,,,362671.1709,5022575.783,45.34074218,-75.76156702,4287
17--1372,2/3/2017,12:19 PM,HURON AVE @ SPENCER ST (0006138),6138,03 - At intersection,03 - P.D. only,02 - Angle,01 - Clear,01 - Daylight,02 - Wet,02 - Stop sign,01 - Functioning,2,0,0,0,,0,,,,,364756.8918,5029338.617,45.40141789,-75.73413481,4288
17--13720,12/19/2017,7:21 AM,MCCORDICK RD btwn MCCORDICK RD & CENTURY RD W (__3ZAB0G),__3ZAB0G,01 - Non intersection,03 - P.D. only,01 - Approaching,03 - Snow,03 - Dawn,04 - Slush,10 - No control,,2,0,0,0,,0,,,,,360060.3336,5003593.586,45.1701482,-75.79698932,4289
17--13721,12/19/2017,7:24 PM,HAZELDEAN RD @ TERRY FOX DR (0003682),3682,02 - Intersection related,03 - P.D. only,03 - Rear end,03 - Snow,07 - Dark,02 - Wet,01 - Traffic signal,01 - Functioning,2,0,0,0,,0,,,,,352207.611,5017242.212,45.29353466,-75.89558362,4290
17--13722,12/19/2017,7:25 AM,OLD TENTH LINE RD @ TENTH LINE RD (0009223),9223,02 - Intersection related,03 - P.D. only,03 - Rear end,03 - Snow,03 - Dawn,03 - Loose snow,01 - Traffic signal,01 - Functioning,2,0,0,0,,0,,,,,383042.9619,5038358.742,45.48076852,-75.49915354,4291
17--13723,12/19/2017,7:26 PM,JASMINE CRES S @ OGILVIE RD (0009282),9282,03 - At intersection,03 - P.D. only,05 - Turning movement,01 - Clear,07 - Dark,04 - Slush,02 - Stop sign,01 - Functioning,2,0,0,0,,0,,,,,375355.6821,5033721.295,45.43986286,-75.5981381,4292
17--13724,12/19/2017,7:28 AM,MAISONNEUVE ST @ ST. JOSEPH BLVD (0004141),4141,03 - At intersection,03 - P.D. only,05 - Turning movement,03 - Snow,03 - Dawn,05 - Packed snow,02 - Stop sign,00 - Unknown,2,0,0,0,,0,,,,,381464.2108,5037579.781,45.47393524,-75.51946673,4293
17--13725,12/19/2017,7:32 AM,SCOTT ST @ STIRLING AVE (0006485),6485,02 - Intersection related,03 - P.D. only,02 - Angle,03 - Snow,03 - Dawn,03 - Loose snow,02 - Stop sign,01 - Functioning,2,0,0,0,,0,,,,,365212.5879,5029884.249,45.40628818,-75.72824761,4294
17--13726,12/19/2017,7:54 AM,STRANDHERD DR btwn ANDORA AVE & JOCKVALE RD (__3ZAZMN),__3ZAZMN,01 - Non intersection,03 - P.D. only,04 - Sideswipe,03 - Snow,01 - Daylight,05 - Packed snow,10 - No control,,2,0,0,0,,0,,,,,363429.0588,5014499.223,45.26800654,-75.7528525,4295
17--13727,12/19/2017,8:26 AM,INNES RD @ JEANNE D'ARC BLVD/MER BLEUE RD (0012475),12475,03 - At intersection,03 - P.D. only,02 - Angle,01 - Clear,01 - Daylight,03 - Loose snow,01 - Traffic signal,01 - Functioning,2,0,0,0,,0,,,,,382638.227,5035568.264,45.45570749,-75.50477188,4296
17--13728,12/19/2017,8:32 AM,MARCH RD @ TERRY FOX DR (0003173),3173,03 - At intersection,03 - P.D. only,07 - SMV other,01 - Clear,01 - Daylight,03 - Loose snow,01 - Traffic signal,01 - Functioning,1,0,0,0,,0,,,,,349864.6086,5023398.792,45.34908736,-75.92489362,4297
17--13729,12/19/2017,8:35 AM,CARLING AVE @ BROADVIEW AVE (0006707),6707,03 - At intersection,03 - P.D. only,05 - Turning movement,03 - Snow,01 - Daylight,03 - Loose snow,01 - Traffic signal,01 - Functioning,2,0,0,0,,0,,,,,363180.5256,5026638.566,45.37725647,-75.75458836,4298
17--1373,2/3/2017,12:36 PM,PALISADE ST btwn CONDIE ST & CENTREPOINTE DR (__3ZAA24),__3ZAA24,01 - Non intersection,03 - P.D. only,06 - SMV unattended vehicle,01 - Clear,01 - Daylight,01 - Dry,10 - No control,,1,0,0,0,,0,,,,,362143.3206,5022271.11,45.33804409,-75.76833711,4299
17--13730,12/19/2017,8:38 AM,MERIVALE RD btwn VIEWMOUNT DR & COLONNADE RD (__3ZA33F),__3ZA33F,01 - Non intersection,03 - P.D. only,05 - Turning movement,03 - Snow,01 - Daylight,03 - Loose snow,10 - No control,,2,0,0,0,,0,,,,,365195.5969,5022944,45.34384256,-75.72931339,4300
17--13731,12/19/2017,8:49 PM,MCARTHUR AVE btwn CARMEN AVE & LAFONTAINE AVE (__3ZA3W9),__3ZA3W9,04 - At/near private drive,03 - P.D. only,99 - Other,01 - Clear,07 - Dark,01 - Dry,10 - No control,,2,0,0,0,,0,,,,,370940.2448,5032769.68,45.43173231,-75.65469888,4301
17--13732,12/19/2017,8:51 AM,GREENBANK RD btwn WEST HUNT CLUB RD & FALLOWFIELD RD (__3ZA1NE),__3ZA1NE,01 - Non intersection,02 - Non-fatal injury,07 - SMV other,03 - Snow,01 - Daylight,03 - Loose snow,10 - No control,,1,0,0,0,01 - Minimal,1,1,,,,361679.2113,5020046.344,45.31806346,-75.77451396,4302
17--13733,12/19/2017,8:55 AM,CARLING AVE @ MAITLAND AVE/SHERBOURNE RD (0002641),2641,03 - At intersection,03 - P.D. only,03 - Rear end,01 - Clear,01 - Daylight,01 - Dry,01 - Traffic signal,01 - Functioning,2,0,0,0,,0,,,,,362942.22,5026488.766,45.37592841,-75.75764846,4303