Anom_ID,Accident_Date,Accident_Time,Location,Geo_ID,Accident_Location,Classification_of_Accident,Initial_Impact_Type,Environment_Condition,Light,Road_Surface_Condition,Traffic_Control,Traffic_Control_Condition,No__of_Vehicles,No__of_Bicycles,No__of_Motorcycles,No__of_Pedestrians,Max_Injury,No__of_Injuries,No__of_Minimal,No__of_Minor,No__of_Major,No__of_Fatal,X,Y,Latitude,Longitude,ObjectId
17--13734,12/19/2017,8:56 AM,CEDARVIEW RD @ WEST HUNT CLUB RD (0010267),10267,02 - Intersection related,03 - P.D. only,05 - Turning movement,03 - Snow,01 - Daylight,05 - Packed snow,01 - Traffic signal,00 - Unknown,2,0,0,0,,0,,,,,359718.204,5019554.714,45.31379587,-75.79957892,4304
17--13735,12/19/2017,9:00 AM,CENTENNIAL BLVD @ MAIN ST (0007246),7246,03 - At intersection,03 - P.D. only,04 - Sideswipe,03 - Snow,01 - Daylight,03 - Loose snow,02 - Stop sign,00 - Unknown,2,0,0,0,,0,,,,,369480.8173,5029416.557,45.40169865,-75.67378914,4305
17--13736,12/19/2017,9:25 AM,ESCARPMENT CRES N/TERRANE PL @ HUNTSVILLE DR (0015441),15441,03 - At intersection,03 - P.D. only,02 - Angle,01 - Clear,01 - Daylight,02 - Wet,02 - Stop sign,01 - Functioning,2,0,0,0,,0,,,,,348440.9581,5019993.782,45.31853818,-75.94336136,4306
17--13737,12/19/2017,9:34 AM,ELGIN ST @ QUEEN ST (0007144),7144,03 - At intersection,03 - P.D. only,05 - Turning movement,01 - Clear,01 - Daylight,04 - Slush,01 - Traffic signal,01 - Functioning,2,0,0,0,,0,,,,,367804.2291,5031779.815,45.4231154,-75.69490108,4307
17--13738,12/19/2017,9:45 AM,STONEHENGE CRES btwn WHITTAKER CRES & WHITTAKER CRES (__3ZBO9S),__3ZBO9S,01 - Non intersection,03 - P.D. only,06 - SMV unattended vehicle,03 - Snow,01 - Daylight,04 - Slush,10 - No control,,1,0,0,0,,0,,,,,375386.8306,5031483.339,45.41972387,-75.59806078,4308
17--13739,12/19/2017,9:48 AM,BOWESVILLE RD/HIGH RD @ LEITRIM RD (0012439),12439,02 - Intersection related,03 - P.D. only,03 - Rear end,03 - Snow,01 - Daylight,03 - Loose snow,02 - Stop sign,00 - Unknown,2,0,0,0,,0,,,,,371675.6781,5019286.762,45.31034794,-75.64712615,4309
17--1374,2/3/2017,12:38 PM,DALHOUSIE ST @ ST. PATRICK ST (0008242),8242,02 - Intersection related,03 - P.D. only,04 - Sideswipe,01 - Clear,01 - Daylight,01 - Dry,01 - Traffic signal,01 - Functioning,2,0,0,0,,0,,,,,367959.2291,5032641.6,45.43085547,-75.69281009,4310
17--13740,12/19/2017,9:54 PM,SHEFFIELD RD @ WALKLEY RD (0005156),5156,03 - At intersection,03 - P.D. only,05 - Turning movement,01 - Clear,07 - Dark,02 - Wet,01 - Traffic signal,02 - Not functioning,2,0,0,0,,0,,,,,375256.7793,5028784.778,45.39545676,-75.60010798,4311
17--13741,12/19/2017,9:59 AM,LEITRIM RD btwn HIGH RD & ALBION RD (__4B2G24),__4B2G24,01 - Non intersection,03 - P.D. only,03 - Rear end,04 - Freezing Rain,01 - Daylight,06 - Ice,10 - No control,,2,0,0,0,,0,,,,,372818.5099,5019990.488,45.3165701,-75.63245653,4312
17--13742,12/20/2017,1:06 PM,MORRISON DR @ BASELINE RD (0002570),2570,03 - At intersection,03 - P.D. only,02 - Angle,01 - Clear,01 - Daylight,01 - Dry,01 - Traffic signal,01 - Functioning,2,0,0,0,,0,,,,,360100.2171,5022309.73,45.3385556,-75.79439942,4313
17--13743,12/20/2017,1:35 PM,BEAVERPOND DR @ BLAIR RD (0004166),4166,02 - Intersection related,03 - P.D. only,03 - Rear end,01 - Clear,01 - Daylight,02 - Wet,01 - Traffic signal,01 - Functioning,3,0,0,0,,0,,,,,375399.7299,5031874.806,45.42324477,-75.59783988,4314
17--13744,12/20/2017,1:47 PM,BASELINE RD/HWY 416 RICHMOND IC75R53 @ RICHMON (0000148),148,02 - Intersection related,03 - P.D. only,03 - Rear end,01 - Clear,01 - Daylight,02 - Wet,01 - Traffic signal,01 - Functioning,2,0,0,0,,0,,,,,358635.7276,5021821.398,45.33427547,-75.81313727,4315
17--13745,12/20/2017,10:00 AM,CHURCHILL AVE   N btwn WHITBY AVE & MADISON AVE (__3ZA4O1),__3ZA4O1,01 - Non intersection,03 - P.D. only,06 - SMV unattended vehicle,03 - Snow,01 - Daylight,05 - Packed snow,10 - No control,,1,0,0,0,,0,,,,,363168.4551,5028429.154,45.39336893,-75.75453072,4316
17--13746,12/20/2017,10:20 AM,CARLING AVE @ WOODROFFE AVE W (0011470),11470,02 - Intersection related,03 - P.D. only,05 - Turning movement,01 - Clear,01 - Daylight,01 - Dry,01 - Traffic signal,01 - Functioning,2,0,0,0,,0,,,,,361767.2102,5025724.33,45.3691466,-75.77273776,4317
17--13747,12/20/2017,10:30 AM,HUNT CLUB RD @ BRIDLE PATH DR/DAZE ST (0008214),8214,02 - Intersection related,03 - P.D. only,05 - Turning movement,01 - Clear,01 - Daylight,01 - Dry,01 - Traffic signal,01 - Functioning,2,0,0,0,,0,,,,,371292.2068,5023863.309,45.35156282,-75.65140132,4318
17--13748,12/20/2017,10:38 AM,OTTAWA RIVER PKWY WB btwn TUNNEY'S PASTURE/REMIC RAPIDS ENT & PARKDALE (__3ZA24KA),__3ZA24KA,01 - Non intersection,03 - P.D. only,04 - Sideswipe,01 - Clear,01 - Daylight,02 - Wet,10 - No control,,2,0,0,0,,0,,,,,363367.7872,5029615.941,45.40403079,-75.7518442,4319
17--13749,12/20/2017,10:46 PM,MONTREAL RD @ VANIER PKWY (0004630),4630,02 - Intersection related,03 - P.D. only,03 - Rear end,03 - Snow,07 - Dark,03 - Loose snow,01 - Traffic signal,01 - Functioning,3,0,0,0,,0,,,,,370073.1832,5033065.119,45.43447201,-75.66573995,4320
17--1375,2/3/2017,3:38 AM,ROGER STEVENS DR btwn MONTAGUE BOUNDARY RD & MCKENNA RD (__3ZA427),__3ZA427,01 - Non intersection,03 - P.D. only,07 - SMV other,03 - Snow,07 - Dark,05 - Packed snow,10 - No control,,1,0,0,0,,0,,,,,352348.6865,4987564.152,45.02646796,-75.89661053,4321
17--13750,12/20/2017,11:33 AM,HIGHWAY 417 btwn HWY417 IC127 RAMP25 & HWY417 IC126 RAMP51 (__3ZA2XA),__3ZA2XA,01 - Non intersection,03 - P.D. only,04 - Sideswipe,01 - Clear,01 - Daylight,01 - Dry,10 - No control,,2,0,0,0,,0,,,,,363153.5805,5025805.601,45.3697638,-75.75503078,4322
17--13751,12/20/2017,11:55 AM,FINDLAY CREEK DR @ BANK ST (0012407),12407,03 - At intersection,02 - Non-fatal injury,03 - Rear end,03 - Snow,01 - Daylight,04 - Slush,01 - Traffic signal,01 - Functioning,2,0,0,0,01 - Minimal,1,1,,,,375847.3624,5020461.056,45.32050414,-75.59376223,4323
17--13752,12/20/2017,Unknown,AUGUSTA ST @ RIDEAU ST (0011916),11916,02 - Intersection related,03 - P.D. only,06 - SMV unattended vehicle,01 - Clear,00 - Unknown,04 - Slush,01 - Traffic signal,01 - Functioning,1,0,0,0,,0,,,,,369011.8532,5032716.542,45.43143391,-75.67934891,4324
17--13753,12/20/2017,12:06 PM,MURRAY ST @ SUSSEX DR (0011912),11912,02 - Intersection related,03 - P.D. only,04 - Sideswipe,01 - Clear,01 - Daylight,04 - Slush,01 - Traffic signal,00 - Unknown,2,0,0,0,,0,,,,,367708.9628,5032393.78,45.42864822,-75.6960399,4325
17--13754,12/20/2017,12:28 PM,CARTIER ST @ GLADSTONE AVE (0007920),7920,02 - Intersection related,03 - P.D. only,03 - Rear end,01 - Clear,01 - Daylight,03 - Loose snow,02 - Stop sign,01 - Functioning,2,0,0,0,,0,,,,,368536.7078,5030936.813,45.41546401,-75.6856511,4326
17--13755,12/20/2017,12:33 PM,ISLAND PARK DR btwn IONA ST & HELENA ST (__3ZA231),__3ZA231,01 - Non intersection,02 - Non-fatal injury,03 - Rear end,01 - Clear,01 - Daylight,02 - Wet,10 - No control,,2,0,0,0,02 - Minor,1,,1,,,364407.9701,5028252.611,45.39167601,-75.73872262,4327
17--13756,12/20/2017,2:19 PM,STIRLING AVE btwn ARMSTRONG ST & WELLINGTON ST W (__3ZA0GC),__3ZA0GC,01 - Non intersection,03 - P.D. only,06 - SMV unattended vehicle,01 - Clear,01 - Daylight,04 - Slush,10 - No control,,1,0,0,0,,0,,,,,365368.5936,5029528.476,45.40307354,-75.72629857,4328
17--13757,12/20/2017,2:55 PM,DOVERCOURT AVE btwn BROADVIEW AVE & HIGHLAND AVE (__3ZA0RR),__3ZA0RR,01 - Non intersection,03 - P.D. only,06 - SMV unattended vehicle,01 - Clear,01 - Daylight,02 - Wet,10 - No control,,1,0,0,0,,0,,,,,362999.6536,5027123.566,45.38163549,-75.7568404,4329
17--13758,12/20/2017,2:56 PM,CATHERINE ST @ LYON ST/HWY 417 LYON IC120BR36 (0002254),2254,03 - At intersection,03 - P.D. only,02 - Angle,01 - Clear,01 - Daylight,01 - Dry,01 - Traffic signal,01 - Functioning,2,0,0,0,,0,,,,,367747.7066,5030092.326,45.407937,-75.69583882,4330
17--13759,12/20/2017,2:59 PM,CLAPP LANE @ MANOTICK MAIN ST (0011895),11895,03 - At intersection,03 - P.D. only,02 - Angle,01 - Clear,01 - Daylight,01 - Dry,02 - Stop sign,01 - Functioning,2,0,0,0,,0,,,,,368759.6499,5009886.148,45.22603388,-75.68552142,4331
17--1376,2/3/2017,3:41 PM,ALBERT ST @ BOOTH ST (0002162),2162,02 - Intersection related,03 - P.D. only,03 - Rear end,01 - Clear,01 - Daylight,01 - Dry,01 - Traffic signal,01 - Functioning,2,0,0,0,,0,,,,,366429.4437,5030627.692,45.41287139,-75.71261117,4332
17--13760,12/20/2017,3:15 PM,HIGHWAY 417 btwn Continuation of HIGHWAY 417 & HWY417 IC155 RAMP26 (__3ZA1M3),__3ZA1M3,01 - Non intersection,03 - P.D. only,03 - Rear end,01 - Clear,01 - Daylight,01 - Dry,10 - No control,,2,0,0,0,,0,,,,,339404.533,5019376.531,45.31348743,-76.05865983,4333
17--13761,12/20/2017,3:24 PM,MERIVALE RD @ WOODFIELD DR/ROYDON PL (0009776),9776,02 - Intersection related,03 - P.D. only,03 - Rear end,01 - Clear,01 - Daylight,05 - Packed snow,01 - Traffic signal,02 - Not functioning,3,0,0,0,,0,,,,,365461.7992,5022297.372,45.33800132,-75.72599608,4334
17--13762,12/20/2017,3:30 PM,SPARKMAN AVE btwn MONTMORENCY WAY & HARVEST VALLEY AVE (__6REWRT),__6REWRT,04 - At/near private drive,03 - P.D. only,99 - Other,01 - Clear,01 - Daylight,05 - Packed snow,10 - No control,,2,0,0,0,,0,,,,,384841.6527,5034524.876,45.44607112,-75.47677344,4335
17--13763,12/20/2017,3:32 PM,SEDONA ST btwn WOODGATE WAY & ROYAL FIELD CRES (__3ZA557),__3ZA557,04 - At/near private drive,03 - P.D. only,06 - SMV unattended vehicle,03 - Snow,01 - Daylight,04 - Slush,10 - No control,,1,0,0,0,,0,,,,,365087.7657,5017720.379,45.29685018,-75.73132511,4336
17--13764,12/20/2017,3:40 PM,COOPER ST @ LYON ST (0010861),10861,03 - At intersection,03 - P.D. only,05 - Turning movement,01 - Clear,01 - Daylight,04 - Slush,02 - Stop sign,01 - Functioning,2,0,0,0,,0,,,,,367321.2323,5030792.563,45.41427575,-75.70119771,4337
17--13765,12/20/2017,3:48 AM,ST. JOSEPH BLVD/OLD MONTREAL RD @ TRIM RD (0004118),4118,03 - At intersection,03 - P.D. only,07 - SMV other,01 - Clear,07 - Dark,02 - Wet,11 - Roundabout,01 - Functioning,1,0,0,0,,0,,,,,384682.754,5039285.582,45.48892163,-75.47803065,4338
17--13766,12/20/2017,3:51 PM,MARCH RD @ SOLANDT RD (0003172),3172,03 - At intersection,03 - P.D. only,03 - Rear end,01 - Clear,01 - Daylight,01 - Dry,01 - Traffic signal,01 - Functioning,2,0,0,0,,0,,,,,350491.0508,5022711.105,45.34285887,-75.91696302,4339
17--13767,12/20/2017,4:04 PM,VIEWMOUNT DR @ MERIVALE RD (0001528),1528,02 - Intersection related,03 - P.D. only,05 - Turning movement,01 - Clear,05 - Dusk,01 - Dry,01 - Traffic signal,01 - Functioning,2,0,0,0,,0,,,,,365194.1705,5022949.205,45.34388952,-75.72933096,4340
17--13768,12/20/2017,4:05 PM,AGES DR @ HAWTHORNE RD (0006397),6397,03 - At intersection,03 - P.D. only,03 - Rear end,01 - Clear,05 - Dusk,01 - Dry,01 - Traffic signal,01 - Functioning,2,0,0,0,,0,,,,,374971.2678,5027718.719,45.38589355,-75.60390576,4341
17--13769,12/20/2017,4:08 PM,INDUSTRIAL AVE/INNES RD @ ST. LAURENT BLVD (0002203),2203,02 - Intersection related,03 - P.D. only,03 - Rear end,01 - Clear,05 - Dusk,01 - Dry,01 - Traffic signal,01 - Functioning,2,0,0,0,,0,,,,,373099.2495,5030005.328,45.40665248,-75.62749221,4342
17--1377,2/3/2017,3:47 AM,ROBERTSON RD btwn HAANEL DR & MILL HILL RD (__3ZA41V),__3ZA41V,01 - Non intersection,03 - P.D. only,07 - SMV other,01 - Clear,07 - Dark,01 - Dry,10 - No control,,1,0,0,0,,0,,,,,355034.8035,5019228.926,45.31121505,-75.85933962,4343
17--13770,12/20/2017,4:15 PM,WELLINGTON ST @ HAMILTON AVE (0006106),6106,02 - Intersection related,03 - P.D. only,99 - Other,01 - Clear,05 - Dusk,05 - Packed snow,02 - Stop sign,00 - Unknown,2,0,0,0,,0,,,,,365078.6396,5029231.325,45.40042487,-75.73003842,4344
17--14319,12/30/2017,11:35 AM,WOODROFFE AVE btwn HWY417 IC127 RAMP63 & HWY417 IC127 RAMP35 (__3ZA25N),__3ZA25N,07 - Overpass or bridge,03 - P.D. only,03 - Rear end,03 - Snow,01 - Daylight,03 - Loose snow,10 - No control,,2,0,0,0,,0,,,,,362132.9103,5024814.14,45.36092696,-75.7681751,4345
17--13780,12/20/2017,5:18 PM,ASH LANE @ DRIVEWAY (THE) (0010733),10733,02 - Intersection related,02 - Non-fatal injury,03 - Rear end,01 - Clear,07 - Dark,03 - Loose snow,02 - Stop sign,00 - Unknown,3,0,0,0,01 - Minimal,1,1,,,,365993.1915,5027598.584,45.3856545,-75.71856009,4346
17--1446,2/5/2017,11:00 AM,ROSETTA AVE btwn CORONET AVE & AMBIANCE DR (__3ATNZW),__3ATNZW,01 - Non intersection,03 - P.D. only,06 - SMV unattended vehicle,01 - Clear,01 - Daylight,05 - Packed snow,10 - No control,,1,0,0,0,,0,,,,,366914.7795,5016701.629,45.28752442,-75.70816028,4347
17--1432,2/5/2017,1:22 AM,YORK ST btwn DALHOUSIE ST & SPLIT (__3ZA82N),__3ZA82N,01 - Non intersection,03 - P.D. only,04 - Sideswipe,01 - Clear,07 - Dark,01 - Dry,10 - No control,,2,0,0,0,,0,,,,,368106.7506,5032425.61,45.42889873,-75.69095269,4348
17--13965,12/23/2017,2:16 PM,BLAIR RD @ OGILVIE RD (0004120),4120,02 - Intersection related,03 - P.D. only,03 - Rear end,03 - Snow,01 - Daylight,03 - Loose snow,01 - Traffic signal,01 - Functioning,2,0,0,0,,0,,,,,374508.6705,5033199.758,45.43525533,-75.60903736,4349
17--13781,12/20/2017,5:25 PM,MARCH RD @ HUNTMAR DR (0011897),11897,02 - Intersection related,03 - P.D. only,07 - SMV other,01 - Clear,07 - Dark,01 - Dry,02 - Stop sign,00 - Unknown,1,0,0,0,,0,,,,,344141.3335,5023548.213,45.3507763,-75.99791811,4350
17--13782,12/20/2017,5:38 PM,MERIVALE RD @ CLEOPATRA DR (0000112),112,02 - Intersection related,03 - P.D. only,05 - Turning movement,01 - Clear,07 - Dark,01 - Dry,01 - Traffic signal,00 - Unknown,2,0,0,0,,0,,,,,365951.0344,5021122.627,45.32738865,-75.71989948,4351
17--14136,12/27/2017,12:40 PM,ASTERVALE ST @ SWEETFERN CRES (0016470),16470,02 - Intersection related,03 - P.D. only,02 - Angle,01 - Clear,01 - Daylight,02 - Wet,02 - Stop sign,00 - Unknown,2,0,0,0,,0,,,,,384686.0318,5034232.316,45.44345674,-75.47881003,4352
17--14320,12/30/2017,11:35 PM,BERRIGAN DR @ LONGFIELDS DR (0010453),10453,03 - At intersection,03 - P.D. only,04 - Sideswipe,01 - Clear,07 - Dark,03 - Loose snow,11 - Roundabout,01 - Functioning,2,0,0,0,,0,,,,,364305.2986,5015645.999,45.27825165,-75.74154955,4353
17--13966,12/23/2017,2:21 PM,CATHERINE ST @ ELGIN ST (0002638),2638,03 - At intersection,02 - Non-fatal injury,02 - Angle,03 - Snow,01 - Daylight,03 - Loose snow,01 - Traffic signal,01 - Functioning,2,0,0,0,01 - Minimal,1,1,,,,368552.7096,5030577.335,45.41222809,-75.68549317,4354
17--1447,2/5/2017,11:20 AM,EAGLESON RD @ PALOMINO DR N (0003687),3687,02 - Intersection related,03 - P.D. only,07 - SMV other,03 - Snow,01 - Daylight,03 - Loose snow,01 - Traffic signal,00 - Unknown,1,0,0,0,,0,,,,,354009.6281,5017578.804,45.2964395,-75.87257703,4355
17--13783,12/20/2017,5:38 PM,PRINCE OF WALES DR @ WEST HUNT CLUB RD (0000567),567,02 - Intersection related,03 - P.D. only,03 - Rear end,01 - Clear,07 - Dark,01 - Dry,01 - Traffic signal,01 - Functioning,2,0,0,0,,0,,,,,367458.2324,5021892.698,45.33418468,-75.70057662,4356
17--14321,12/30/2017,11:43 PM,BASELINE RD @ MERIVALE RD (0002342),2342,02 - Intersection related,02 - Non-fatal injury,03 - Rear end,05 - Drifting Snow,07 - Dark,06 - Ice,01 - Traffic signal,01 - Functioning,2,0,0,0,02 - Minor,1,,1,,,365054.6964,5025326.232,45.36528965,-75.73082087,4357
17--14137,12/27/2017,12:41 PM,CORLEY PRIV @ FAIRLEA CRES (0006829),6829,02 - Intersection related,03 - P.D. only,99 - Other,01 - Clear,01 - Daylight,01 - Dry,10 - No control,00 - Unknown,2,0,0,0,,0,,,,,372003.9255,5026534.516,45.37552954,-75.64195584,4358
17--13967,12/23/2017,2:24 PM,KING EDWARD AVE @ ST. PATRICK ST (0002714),2714,02 - Intersection related,03 - P.D. only,03 - Rear end,03 - Snow,01 - Daylight,06 - Ice,01 - Traffic signal,01 - Functioning,2,0,0,0,,0,,,,,368249.1792,5032823.35,45.43246454,-75.68908142,4359
17--1448,2/5/2017,11:24 AM,GREGOIRE RD btwn VICTORIA ST & RAY WILSON RD (__3ZA3X0),__3ZA3X0,01 - Non intersection,03 - P.D. only,07 - SMV other,01 - Clear,01 - Daylight,03 - Loose snow,10 - No control,,1,0,0,0,,0,,,,,391575.3391,5012997.531,45.2515863,-75.39448494,4360
17--13784,12/20/2017,5:43 PM,INDUSTRIAL AVE @ RIVERSIDE DR (0011905),11905,02 - Intersection related,03 - P.D. only,03 - Rear end,01 - Clear,07 - Dark,02 - Wet,01 - Traffic signal,01 - Functioning,2,0,0,0,,0,,,,,370684.7167,5030592.554,45.41216755,-75.65825545,4361
17--14322,12/30/2017,Unknown,STEVENSON AVE btwn CARLING AVE & CRERAR AVE (__3ZA08X),__3ZA08X,01 - Non intersection,03 - P.D. only,06 - SMV unattended vehicle,01 - Clear,00 - Unknown,05 - Packed snow,10 - No control,,1,0,0,0,,0,,,,,365270.9113,5027918.776,45.38859825,-75.72774356,4362
17--14138,12/27/2017,12:50 PM,BERRIGAN DR btwn WESSEX RD & EDGEWARE DR (1) (__3ZAZKGA),__3ZAZKGA,01 - Non intersection,03 - P.D. only,05 - Turning movement,01 - Clear,01 - Daylight,01 - Dry,10 - No control,,2,0,0,0,,0,,,,,363771.4714,5015298.169,45.27516685,-75.74839441,4363
17--13968,12/23/2017,2:25 PM,CONROY RD @ WALKLEY RD (0002648),2648,02 - Intersection related,03 - P.D. only,03 - Rear end,03 - Snow,01 - Daylight,03 - Loose snow,01 - Traffic signal,01 - Functioning,2,0,0,0,,0,,,,,372905.1427,5027462.348,45.38379077,-75.63032265,4364
17--1449,2/5/2017,11:27 AM,FAUBERT ST @ REGIONAL RD 174 (0012886),12886,02 - Intersection related,02 - Non-fatal injury,03 - Rear end,03 - Snow,01 - Daylight,02 - Wet,02 - Stop sign,01 - Functioning,5,0,0,0,02 - Minor,1,,1,,,390281.776,5042683.696,45.51883048,-75.40582087,4365
17--13785,12/20/2017,5:45 PM,CENTRAL PARK DR N @ MERIVALE RD (0011433),11433,02 - Intersection related,03 - P.D. only,02 - Angle,01 - Clear,07 - Dark,02 - Wet,01 - Traffic signal,01 - Functioning,2,0,0,0,,0,,,,,364954.0643,5025874.704,45.37023336,-75.73203859,4366
17--14323,12/30/2017,12:02 AM,NORANDA AVE btwn ST. LAURENT BLVD & SLADEN AVE (__3ZA8WP),__3ZA8WP,04 - At/near private drive,03 - P.D. only,05 - Turning movement,01 - Clear,07 - Dark,06 - Ice,10 - No control,,2,0,0,0,,0,,,,,371745.4826,5033634.422,45.43943623,-75.64429115,4367
17--14139,12/27/2017,12:58 PM,HARVEST VALLEY AVE btwn SPARKMAN AVE & TENTH LINE RD (__6REWRQ),__6REWRQ,04 - At/near private drive,03 - P.D. only,02 - Angle,03 - Snow,01 - Daylight,05 - Packed snow,10 - No control,,2,0,0,0,,0,,,,,384774.2278,5034423.405,45.4451659,-75.47765174,4368
17--13969,12/23/2017,2:29 PM,RENAUD RD btwn Continuation of RENAUD RD & PERCIFOR WAY (__54PNN5),__54PNN5,01 - Non intersection,03 - P.D. only,07 - SMV other,03 - Snow,01 - Daylight,03 - Loose snow,10 - No control,,1,0,0,0,,0,,,,,379971.2514,5031598.694,45.42028421,-75.53947274,4369
17--145,1/4/2017,6:10 PM,CHARLEMAGNE BLVD @ ORCHARDVIEW AVE (0004812),4812,03 - At intersection,03 - P.D. only,05 - Turning movement,03 - Snow,07 - Dark,06 - Ice,02 - Stop sign,01 - Functioning,2,0,0,0,,0,,,,,384508.7211,5037242.857,45.47056305,-75.48058826,4370
17--13786,12/20/2017,5:45 PM,INNES RD @ JEANNE D'ARC BLVD/MER BLEUE RD (0012475),12475,02 - Intersection related,03 - P.D. only,03 - Rear end,01 - Clear,07 - Dark,02 - Wet,01 - Traffic signal,01 - Functioning,2,0,0,0,,0,,,,,382638.9143,5035566.712,45.45569345,-75.50476334,4371
17--13787,12/20/2017,6:10 PM,HIGHWAY 417 btwn HWY417 IC117 RAMP25 & HWY417 IC115 RAMP51 (__3ZA2R3),__3ZA2R3,01 - Non intersection,03 - P.D. only,04 - Sideswipe,01 - Clear,07 - Dark,01 - Dry,10 - No control,,2,0,0,0,,0,,,,,372017.6867,5031446.108,45.41972069,-75.64111087,4372
17--13788,12/20/2017,6:11 PM,HIGHWAY 417 btwn HWY417 IC115 RAMP61 & REGIONAL ROAD 174 (__3ZA2XG),__3ZA2XG,01 - Non intersection,03 - P.D. only,03 - Rear end,01 - Clear,07 - Dark,02 - Wet,10 - No control,,2,0,0,0,,0,,,,,373069.924,5031643.584,45.42139559,-75.62763987,4373
17--13789,12/20/2017,6:14 PM,GABRIEL ST @ ST. JOSEPH BLVD (0004100),4100,03 - At intersection,03 - P.D. only,02 - Angle,01 - Clear,07 - Dark,02 - Wet,02 - Stop sign,01 - Functioning,2,0,0,0,,0,,,,,381545.2093,5037640.884,45.4744761,-75.51842137,4374
17--1379,2/3/2017,4:33 PM,RENAUD RD @ MER BLEUE RD (0012893),12893,03 - At intersection,03 - P.D. only,02 - Angle,01 - Clear,01 - Daylight,01 - Dry,02 - Stop sign,01 - Functioning,2,0,0,0,,0,,,,,383449.8551,5033734.265,45.43911588,-75.49468931,4375
17--13790,12/20/2017,6:15 PM,HIGHWAY 417 btwn HWY417 IC117 RAMP61 & HWY417 IC115 RAMP36 (__3ZA2RZ),__3ZA2RZ,01 - Non intersection,03 - P.D. only,03 - Rear end,01 - Clear,07 - Dark,06 - Ice,10 - No control,,2,0,0,0,,0,,,,,371519.8457,5031422.401,45.41955503,-75.64747465,4376
17--13791,12/20/2017,6:17 AM,METCALFE ST @ SOMERSET ST (0002689),2689,02 - Intersection related,03 - P.D. only,07 - SMV other,03 - Snow,07 - Dark,04 - Slush,01 - Traffic signal,01 - Functioning,1,0,0,0,,0,,,,,368010.2533,5031103.896,45.41701512,-75.69235538,4377
17--13792,12/20/2017,6:21 AM,HIGHWAY 417 btwn HWY417 IC124 RAMP65 & HWY417 IC122 RAMP51 (__3ZA2R8),__3ZA2R8,01 - Non intersection,03 - P.D. only,07 - SMV other,03 - Snow,07 - Dark,06 - Ice,10 - No control,,1,0,0,0,,0,,,,,365125.6475,5028664.331,45.39531913,-75.72950737,4378
17--13793,12/20/2017,6:21 PM,GREENBANK RD @ HIGHBURY PARK DR (0005310),5310,03 - At intersection,03 - P.D. only,03 - Rear end,01 - Clear,07 - Dark,06 - Ice,01 - Traffic signal,01 - Functioning,2,0,0,0,,0,,,,,363614.492,5015524.243,45.27721422,-75.75036819,4379
17--13794,12/20/2017,7:15 AM,HIGHWAY 417 btwn HWY417 IC96 RAMP61 & HWY417 IC88 RAMP16 (__3ZA27Z),__3ZA27Z,01 - Non intersection,03 - P.D. only,04 - Sideswipe,01 - Clear,03 - Dawn,01 - Dry,10 - No control,,2,0,0,0,,0,,,,,392412.6817,5022897.269,45.34055094,-75.38207031,4380
17--13795,12/20/2017,7:29 AM,HIGHWAY 416 btwn HWY416 IC66 RAMP24 & HWY416 IC57 RAMP62 (__3ZA1OI),__3ZA1OI,01 - Non intersection,03 - P.D. only,07 - SMV other,01 - Clear,03 - Dawn,06 - Ice,10 - No control,,1,0,0,0,,0,,,,,363806.6863,5009889.566,45.226497,-75.74858765,4381
17--13796,12/20/2017,7:30 AM,LEITRIM RD @ LIMEBANK RD (0012318),12318,02 - Intersection related,03 - P.D. only,03 - Rear end,01 - Clear,03 - Dawn,02 - Wet,01 - Traffic signal,01 - Functioning,2,0,0,0,,0,,,,,369321.624,5017960.093,45.29863104,-75.67731722,4382
17--13797,12/20/2017,7:44 PM,FIRST AVE btwn O'CONNOR ST & QUEEN ELIZABETH DRWY (__3ZA95N),__3ZA95N,01 - Non intersection,03 - P.D. only,06 - SMV unattended vehicle,01 - Clear,07 - Dark,06 - Ice,10 - No control,,1,0,0,0,,0,,,,,368704.4794,5029958.952,45.40665024,-75.68363451,4383
17--13798,12/20/2017,7:47 AM,HIGHWAY 416 btwn HWY416 IC66 RAMP24 & HWY416 IC57 RAMP62 (__3ZA1OI),__3ZA1OI,01 - Non intersection,03 - P.D. only,07 - SMV other,01 - Clear,03 - Dawn,06 - Ice,10 - No control,,1,0,0,0,,0,,,,,361333.2294,5012299.015,45.24838043,-75.77980916,4384
17--13799,12/20/2017,7:47 PM,MERIVALE RD @ WOODFIELD DR/ROYDON PL (0009776),9776,03 - At intersection,03 - P.D. only,05 - Turning movement,01 - Clear,07 - Dark,01 - Dry,01 - Traffic signal,01 - Functioning,2,0,0,0,,0,,,,,365462.2277,5022299.682,45.33802207,-75.72599033,4385
17--138,1/4/2017,5:00 PM,BASELINE RD @ MERIVALE RD (0002342),2342,02 - Intersection related,03 - P.D. only,03 - Rear end,04 - Freezing Rain,05 - Dusk,06 - Ice,01 - Traffic signal,01 - Functioning,2,0,0,0,,0,,,,,365052.9797,5025324.657,45.36527563,-75.73084298,4386