Anom_ID,Accident_Date,Accident_Time,Location,Geo_ID,Accident_Location,Classification_of_Accident,Initial_Impact_Type,Environment_Condition,Light,Road_Surface_Condition,Traffic_Control,Traffic_Control_Condition,No__of_Vehicles,No__of_Bicycles,No__of_Motorcycles,No__of_Pedestrians,Max_Injury,No__of_Injuries,No__of_Minimal,No__of_Minor,No__of_Major,No__of_Fatal,X,Y,Latitude,Longitude,ObjectId
17--1380,2/3/2017,4:50 PM,JOHNSTON RD @ TAPIOLA CRES E (0012081),12081,02 - Intersection related,03 - P.D. only,03 - Rear end,01 - Clear,01 - Daylight,01 - Dry,02 - Stop sign,01 - Functioning,2,0,0,0,,0,,,,,372255.4789,5025674.143,45.36776406,-75.63886193,4387
17--13800,12/20/2017,7:58 AM,HIGHWAY 417 btwn HWY 417 ANDERSON IC104R61 & HWY 417 BOUNDARY IC96R16 (__3ZA2W5),__3ZA2W5,01 - Non intersection,03 - P.D. only,03 - Rear end,01 - Clear,01 - Daylight,02 - Wet,10 - No control,,3,0,0,0,,0,,,,,386908.2583,5023956.456,45.35074644,-75.45211822,4388
17--13801,12/20/2017,8:00 PM,LAURIER AVE   W btwn QUEEN ELIZABETH DRWY/LAURIER AVE EB OFF RAMP & LA (__3ZA354),__3ZA354,01 - Non intersection,03 - P.D. only,04 - Sideswipe,03 - Snow,07 - Dark,03 - Loose snow,10 - No control,,2,0,0,0,,0,,,,,368172.3658,5031677.891,45.42216507,-75.69021043,4389
17--13802,12/20/2017,8:30 AM,NEPEAN ST @ O'CONNOR ST (0006942),6942,02 - Intersection related,03 - P.D. only,04 - Sideswipe,01 - Clear,01 - Daylight,03 - Loose snow,02 - Stop sign,01 - Functioning,2,0,0,0,,0,,,,,367720.7099,5031225.401,45.41813448,-75.69603902,4390
17--13803,12/20/2017,8:41 PM,RIVER MIST RD btwn DAMSELFLY WAY & DES SOLDATS-RIENDEAU ST (e___2HKI),e___2HKI,04 - At/near private drive,03 - P.D. only,02 - Angle,03 - Snow,07 - Dark,04 - Slush,10 - No control,,2,0,0,0,,0,,,,,364911.71,5011575.095,45.24157003,-75.73431349,4391
17--13804,12/20/2017,8:59 AM,BAY ST @ SOMERSET ST (0007204),7204,03 - At intersection,03 - P.D. only,99 - Other,01 - Clear,01 - Daylight,04 - Slush,02 - Stop sign,00 - Unknown,2,0,0,0,,0,,,,,367244.6994,5030644.807,45.41295312,-75.70219416,4392
17--13805,12/20/2017,9:00 PM,INNES RD @ PROVENCE AVE (0009244),9244,02 - Intersection related,03 - P.D. only,07 - SMV other,01 - Clear,07 - Dark,01 - Dry,01 - Traffic signal,01 - Functioning,1,0,0,0,,0,,,,,386109.6995,5037085.57,45.46896338,-75.46014239,4393
17--13806,12/20/2017,9:15 AM,EAGLESON RD @ MICHAEL COWPLAND DR/STONEHAVEN D (0003544),3544,02 - Intersection related,03 - P.D. only,03 - Rear end,03 - Snow,01 - Daylight,06 - Ice,01 - Traffic signal,01 - Functioning,2,0,0,0,,0,,,,,354382.754,5016623.011,45.28781284,-75.8679155,4394
17--13807,12/20/2017,9:15 AM,EVANS BLVD @ BANK ST (0007206),7206,02 - Intersection related,03 - P.D. only,02 - Angle,01 - Clear,01 - Daylight,02 - Wet,02 - Stop sign,01 - Functioning,2,0,0,0,,0,,,,,369930.7712,5027031.492,45.38019694,-75.668357,4395
17--13808,12/20/2017,9:30 AM,MURRAY ST btwn CUMBERLAND ST & KING EDWARD AVE (__3ZA3W1),__3ZA3W1,01 - Non intersection,03 - P.D. only,04 - Sideswipe,01 - Clear,01 - Daylight,01 - Dry,10 - No control,,2,0,0,0,,0,,,,,368248.1495,5032727.31,45.4316005,-75.68910695,4396
17--13809,12/20/2017,9:32 AM,RIVERSIDE DR RAMP 34 @ RIVERSIDE DR (0010857),10857,02 - Intersection related,03 - P.D. only,07 - SMV other,01 - Clear,01 - Daylight,05 - Packed snow,03 - Yield sign,01 - Functioning,1,0,0,0,,0,,,,,368340.9654,5027183.705,45.3817125,-75.68863528,4397
17--1381,2/3/2017,5:12 PM,CARLING AVE @ KIRKWOOD AVE S (0002209),2209,02 - Intersection related,03 - P.D. only,03 - Rear end,01 - Clear,01 - Daylight,01 - Dry,01 - Traffic signal,01 - Functioning,2,0,0,0,,0,,,,,364351.7005,5027338.096,45.38345216,-75.73955155,4398
17--13810,12/20/2017,9:51 PM,WOODROFFE AVE btwn GEORGINA DR & HWY417 IC127 RAMP36 (__3ZA4L6),__3ZA4L6,01 - Non intersection,03 - P.D. only,04 - Sideswipe,01 - Clear,07 - Dark,01 - Dry,10 - No control,,2,0,0,0,,0,,,,,362001.4429,5025141.845,45.36388637,-75.76981515,4399
17--13811,12/21/2017,1:00 PM,BANK ST @ SNAKE ISLAND RD/VICTORIA ST (0001080),1080,03 - At intersection,02 - Non-fatal injury,05 - Turning movement,01 - Clear,01 - Daylight,01 - Dry,01 - Traffic signal,01 - Functioning,2,0,0,0,02 - Minor,2,,2,,,383696.6889,5010122.043,45.22664162,-75.49529852,4400
17--13812,12/21/2017,1:00 PM,CARLING AVE @ KIRKWOOD AVE S (0002209),2209,02 - Intersection related,03 - P.D. only,04 - Sideswipe,01 - Clear,01 - Daylight,01 - Dry,01 - Traffic signal,01 - Functioning,2,0,0,0,,0,,,,,364351.7005,5027336.422,45.3834371,-75.73955175,4401
17--13813,12/21/2017,1:49 PM,PARENT AVE @ ST. PATRICK ST (0008240),8240,02 - Intersection related,03 - P.D. only,06 - SMV unattended vehicle,01 - Clear,01 - Daylight,01 - Dry,01 - Traffic signal,01 - Functioning,1,0,0,0,,0,,,,,367821.9164,5032556.476,45.43010194,-75.6945757,4402
17--13814,12/21/2017,10:00 AM,RICHMOND RD btwn WOODROFFE AVE & LOCKHART AVE (__3ZBPOH),__3ZBPOH,04 - At/near private drive,03 - P.D. only,05 - Turning movement,01 - Clear,01 - Daylight,01 - Dry,10 - No control,,2,0,0,0,,0,,,,,361697.3491,5026819.257,45.37900433,-75.77350342,4403
17--13815,12/21/2017,10:15 AM,HIGHWAY 417 btwn HWY417 IC126 RAMP25 & HWY417 IC124 RAMP57 (__3ZA2R5),__3ZA2R5,01 - Non intersection,03 - P.D. only,03 - Rear end,01 - Clear,01 - Daylight,01 - Dry,10 - No control,,2,0,0,0,,0,,,,,363649.6353,5026486.688,45.37585065,-75.74861731,4404
17--13816,12/21/2017,10:29 AM,BANK ST @ JOHNSTON RD (0006967),6967,03 - At intersection,02 - Non-fatal injury,03 - Rear end,01 - Clear,01 - Daylight,01 - Dry,01 - Traffic signal,01 - Functioning,2,0,0,0,01 - Minimal,1,1,,,,370851.0117,5024838.411,45.36037818,-75.65690112,4405
17--13817,12/21/2017,10:30 AM,MARCH RD @ SOLANDT RD (0003172),3172,03 - At intersection,03 - P.D. only,02 - Angle,01 - Clear,01 - Daylight,01 - Dry,01 - Traffic signal,01 - Functioning,2,0,0,0,,0,,,,,350489.1351,5022710.266,45.34285145,-75.91698754,4406
17--13818,12/21/2017,11:13 AM,CHERRY DR @ FERNBANK RD (0000395),395,03 - At intersection,03 - P.D. only,02 - Angle,01 - Clear,01 - Daylight,01 - Dry,02 - Stop sign,01 - Functioning,2,0,0,0,,0,,,,,351146.5953,5012341.175,45.24950435,-75.90956761,4407
17--13819,12/21/2017,11:45 AM,HIGHWAY 417 btwn HWY417 IC129 RAMP25 & TRANSIT (__3ZA2SH),__3ZA2SH,01 - Non intersection,03 - P.D. only,03 - Rear end,01 - Clear,01 - Daylight,01 - Dry,10 - No control,,3,0,0,0,,0,,,,,361171.7478,5024075.237,45.3543563,-75.78052713,4408
17--1382,2/3/2017,5:15 PM,HAWTHORNE RD @ HUNT CLUB RD (0007651),7651,02 - Intersection related,03 - P.D. only,03 - Rear end,01 - Clear,05 - Dusk,01 - Dry,01 - Traffic signal,01 - Functioning,2,0,0,0,,0,,,,,375508.2964,5026407.076,45.37403803,-75.59723654,4409
17--13820,12/21/2017,11:48 AM,RIVERSIDE DR @ SMYTH RD SOUTH SIDE RAMP (0011480),11480,03 - At intersection,03 - P.D. only,05 - Turning movement,01 - Clear,01 - Daylight,01 - Dry,01 - Traffic signal,01 - Functioning,3,0,0,0,,0,,,,,369789.0747,5028998.993,45.39791301,-75.669907,4410
17--13821,12/21/2017,Unknown,SIROCCO CRES btwn BLACKBIRD LANE & WYTENBURG GT (__4VCKJT),__4VCKJT,01 - Non intersection,03 - P.D. only,06 - SMV unattended vehicle,01 - Clear,00 - Unknown,01 - Dry,10 - No control,,1,0,0,0,,0,,,,,348091.4429,5014546.804,45.26954605,-75.94829467,4411
17--13822,12/21/2017,Unknown,HELENIUM LANE @ WILLOW ASTER CIR (0017582),17582,02 - Intersection related,03 - P.D. only,06 - SMV unattended vehicle,01 - Clear,00 - Unknown,05 - Packed snow,10 - No control,,1,0,0,0,,0,,,,,383493.713,5033813.012,45.43981944,-75.49411621,4412
17--13823,12/21/2017,Unknown,GOSSAMER ST btwn JOSHUA ST & PRAIRIE ST (__67PTJW),__67PTJW,04 - At/near private drive,03 - P.D. only,06 - SMV unattended vehicle,01 - Clear,00 - Unknown,05 - Packed snow,10 - No control,,1,0,0,0,,0,,,,,381607.25,5032308.362,45.42649156,-75.51846059,4413
17--13824,12/21/2017,12:00 PM,HIGHWAY 417 btwn HWY417 IC129 RAMP25 & HWY417 IC129 RAMP35 (__3ZAYFR),__3ZAYFR,01 - Non intersection,02 - Non-fatal injury,03 - Rear end,01 - Clear,01 - Daylight,01 - Dry,10 - No control,,2,0,0,0,01 - Minimal,1,1,,,,360494.4131,5023556.653,45.34974422,-75.78922969,4414
17--13825,12/21/2017,12:04 PM,BANK ST @ OSSINGTON AVE (0007228),7228,03 - At intersection,03 - P.D. only,04 - Sideswipe,01 - Clear,01 - Daylight,02 - Wet,10 - No control,00 - Unknown,2,0,0,0,,0,,,,,368891.7412,5028321.829,45.39190282,-75.68145526,4415
17--13826,12/21/2017,12:04 PM,MERIVALE RD @ CAPILANO DR/WITHROW AVE (0009820),9820,03 - At intersection,02 - Non-fatal injury,07 - SMV other,01 - Clear,01 - Daylight,01 - Dry,01 - Traffic signal,01 - Functioning,1,0,0,1,01 - Minimal,1,1,,,,364641.9929,5024228.089,45.35544408,-75.73622171,4416
17--13827,12/21/2017,12:30 PM,HAWTHORNE RD @ HUNT CLUB RD (0007651),7651,03 - At intersection,03 - P.D. only,99 - Other,01 - Clear,01 - Daylight,01 - Dry,01 - Traffic signal,01 - Functioning,2,0,0,0,,0,,,,,375507.7495,5026406.529,45.37403317,-75.5972436,4417
17--13828,12/21/2017,12:30 PM,ASHWOOD CRES @ MEADOWLANDS DR (0001116),1116,02 - Intersection related,03 - P.D. only,03 - Rear end,01 - Clear,01 - Daylight,01 - Dry,02 - Stop sign,01 - Functioning,2,0,0,0,,0,,,,,364688.1774,5023631.791,45.35007472,-75.73570453,4418
17--13829,12/21/2017,12:40 PM,DES RAVINS PL btwn FOREST VALLEY DR & FOREST VALLEY DR (__3ZA62S),__3ZA62S,04 - At/near private drive,03 - P.D. only,06 - SMV unattended vehicle,01 - Clear,01 - Daylight,01 - Dry,10 - No control,,1,0,0,0,,0,,,,,380092.4028,5035146.866,45.45219502,-75.53738223,4419
17--1383,2/3/2017,5:30 PM,JOCKVALE RD @ STRANDHERD DR (0010541),10541,03 - At intersection,03 - P.D. only,05 - Turning movement,01 - Clear,07 - Dark,01 - Dry,01 - Traffic signal,01 - Functioning,2,0,0,0,,0,,,,,363559.9378,5014577.294,45.26869811,-75.75117553,4420
17--13830,12/21/2017,12:41 PM,CARLING AVE @ WOODROFFE AVE W (0011470),11470,02 - Intersection related,03 - P.D. only,03 - Rear end,01 - Clear,01 - Daylight,06 - Ice,01 - Traffic signal,01 - Functioning,2,0,0,0,,0,,,,,361768.6304,5025724.33,45.36914648,-75.77271963,4421
17--13831,12/21/2017,2:05 PM,ALTA VISTA DR btwn AYERS AVE & RIDGEMONT AVE (__3ZBORT),__3ZBORT,04 - At/near private drive,03 - P.D. only,03 - Rear end,01 - Clear,01 - Daylight,01 - Dry,10 - No control,,2,0,0,0,,0,,,,,370519.1078,5026482.648,45.37520368,-75.66091849,4422
17--13832,12/21/2017,2:14 AM,CATHERINE ST/HWY 417 O'CONN IC119BR76 @ O'CONN (0001697),1697,03 - At intersection,03 - P.D. only,02 - Angle,01 - Clear,07 - Dark,01 - Dry,01 - Traffic signal,01 - Functioning,3,0,0,0,,0,,,,,368243.7752,5030392.357,45.41059179,-75.68946354,4423
17--13833,12/21/2017,2:16 PM,BASELINE RD @ CENTREPOINTE DR W/COBDEN RD (0002108),2108,03 - At intersection,02 - Non-fatal injury,02 - Angle,01 - Clear,01 - Daylight,01 - Dry,01 - Traffic signal,01 - Functioning,2,0,0,0,01 - Minimal,1,1,,,,361633.7576,5023207.754,45.34651344,-75.77473067,4424
17--13834,12/21/2017,2:16 PM,PRETORIA AVE @ QUEEN ELIZABETH DRWY (0006444),6444,02 - Intersection related,03 - P.D. only,03 - Rear end,01 - Clear,01 - Daylight,02 - Wet,10 - No control,00 - Unknown,2,0,0,0,,0,,,,,368663.9649,5030430.449,45.41089631,-75.68409094,4425
17--13835,12/21/2017,2:22 PM,FALLOWFIELD RD @ SHEA RD (0000130),130,03 - At intersection,03 - P.D. only,02 - Angle,01 - Clear,01 - Daylight,01 - Dry,02 - Stop sign,01 - Functioning,2,0,0,0,,0,,,,,354022.2526,5011023.763,45.23745463,-75.87306572,4426
17--13836,12/21/2017,2:50 PM,BASELINE RD/HERON RD @ PRINCE OF WALES DR (0002345),2345,02 - Intersection related,03 - P.D. only,04 - Sideswipe,01 - Clear,01 - Daylight,01 - Dry,01 - Traffic signal,00 - Unknown,2,0,0,0,,0,,,,,366874.4196,5026438.34,45.37513737,-75.70745372,4427
17--13837,12/21/2017,3:04 PM,HWY417 IC117 RAMP36 btwn HIGHWAY 417 & VANIER PKWY (__3ZAYAX),__3ZAYAX,01 - Non intersection,03 - P.D. only,03 - Rear end,01 - Clear,01 - Daylight,01 - Dry,10 - No control,,2,0,0,0,,0,,,,,370759.6813,5031330.606,45.41880118,-75.65719902,4428
17--13838,12/21/2017,3:10 PM,RIVERSIDE DR @ TREMBLAY RD/HWY417 IC117 RAMP52 (0010790),10790,02 - Intersection related,03 - P.D. only,03 - Rear end,01 - Clear,01 - Daylight,01 - Dry,01 - Traffic signal,00 - Unknown,2,0,0,0,,0,,,,,370801.6047,5031015.671,45.41596357,-75.65670558,4429
17--13839,12/21/2017,3:12 PM,LEBOUTILLIER AVE btwn DEN HAAG DR & LEBOUTILLIER AVE/DANAC PRIV (__8O98ZL),__8O98ZL,04 - At/near private drive,03 - P.D. only,02 - Angle,01 - Clear,01 - Daylight,01 - Dry,10 - No control,,2,0,0,0,,0,,,,,372513.261,5034106.857,45.44361303,-75.63441339,4430
17--1384,2/3/2017,6:09 PM,RICHMOND RD @ ROBERTSON RD (0000639),639,02 - Intersection related,02 - Non-fatal injury,03 - Rear end,01 - Clear,07 - Dark,01 - Dry,01 - Traffic signal,01 - Functioning,2,0,0,0,02 - Minor,1,,1,,,357577.2954,5020749.815,45.32471369,-75.82675457,4431
17--13840,12/21/2017,3:27 PM,HERON RD @ ALTA VISTA DR (0007188),7188,02 - Intersection related,03 - P.D. only,03 - Rear end,01 - Clear,01 - Daylight,06 - Ice,01 - Traffic signal,01 - Functioning,2,0,0,0,,0,,,,,370492.7224,5026902.298,45.37898203,-75.6611995,4432
17--13841,12/21/2017,4:00 PM,HALF MOON BAY btwn ESPIN HTS & TUCANA WAY (__6E55NL),__6E55NL,01 - Non intersection,03 - P.D. only,01 - Approaching,01 - Clear,05 - Dusk,03 - Loose snow,10 - No control,,2,0,0,0,,0,,,,,364973.29,5013437.426,45.25832207,-75.73330374,4433
17--13842,12/21/2017,4:00 PM,COOPER ST @ DRIVEWAY (THE) (0006925),6925,03 - At intersection,03 - P.D. only,07 - SMV other,03 - Snow,05 - Dusk,06 - Ice,10 - No control,00 - Unknown,1,0,0,0,,0,,,,,368494.7496,5031494.819,45.42048857,-75.686115,4434
17--13843,12/21/2017,4:00 PM,PRESTON ST @ PRINCE OF WALES DR/QUEEN ELIZABET (0006904),6904,03 - At intersection,03 - P.D. only,03 - Rear end,01 - Clear,05 - Dusk,02 - Wet,01 - Traffic signal,01 - Functioning,2,0,0,0,,0,,,,,366900.2381,5028777.731,45.39618434,-75.70682978,4435
17--13844,12/21/2017,4:01 PM,BANK ST btwn WALKLEY RD & SURREY AVE (__3ZA4TW),__3ZA4TW,01 - Non intersection,03 - P.D. only,04 - Sideswipe,01 - Clear,05 - Dusk,02 - Wet,10 - No control,,2,0,0,0,,0,,,,,370341.639,5025938.978,45.37032854,-75.66325625,4436
17--13845,12/21/2017,4:26 PM,QUEEN MARY ST @ ISIDORE ST (0008560),8560,03 - At intersection,03 - P.D. only,02 - Angle,01 - Clear,05 - Dusk,02 - Wet,02 - Stop sign,01 - Functioning,2,0,0,0,,0,,,,,371674.6718,5032102.869,45.4256628,-75.64540418,4437
17--13846,12/21/2017,4:55 PM,ST. JOSEPH BLVD btwn ST. JOSEPH BLVD & PLACE D'ORLEANS DR (__3ZA2AV),__3ZA2AV,01 - Non intersection,03 - P.D. only,05 - Turning movement,01 - Clear,05 - Dusk,02 - Wet,10 - No control,,2,0,0,0,,0,,,,,381900.4151,5037917.332,45.47692421,-75.51383554,4438
17--13847,12/21/2017,5:15 PM,KENT ST @ SOMERSET ST (0008857),8857,03 - At intersection,02 - Non-fatal injury,07 - SMV other,01 - Clear,07 - Dark,04 - Slush,01 - Traffic signal,01 - Functioning,1,0,0,1,02 - Minor,1,,1,,,367525.7545,5030814.855,45.41445802,-75.69858205,4439
17--13848,12/21/2017,5:22 PM,CYRVILLE RD @ OGILVIE RD (0003554),3554,02 - Intersection related,03 - P.D. only,05 - Turning movement,01 - Clear,07 - Dark,01 - Dry,01 - Traffic signal,01 - Functioning,2,0,0,0,,0,,,,,372452.7633,5032006.287,45.42471898,-75.63547529,4440
17--13849,12/21/2017,5:30 PM,BRONSON AVE @ FIFTH AVE/MADAWASKA DR (0006977),6977,03 - At intersection,03 - P.D. only,05 - Turning movement,01 - Clear,07 - Dark,01 - Dry,01 - Traffic signal,01 - Functioning,2,0,0,0,,0,,,,,367613.7127,5028937.359,45.39755699,-75.69769755,4441
17--1385,2/3/2017,6:30 PM,BELVAL CRES btwn BELCOURT BLVD & BELCOURT BLVD (__3ZA6DY),__3ZA6DY,04 - At/near private drive,03 - P.D. only,06 - SMV unattended vehicle,01 - Clear,07 - Dark,06 - Ice,10 - No control,,1,0,0,0,,0,,,,,381826.0413,5036218.823,45.46165068,-75.51505291,4442
17--13850,12/21/2017,5:41 PM,8TH LINE RD btwn COOPER HILL RD & FOREST GREEN CRES (__3ZA202),__3ZA202,01 - Non intersection,03 - P.D. only,07 - SMV other,01 - Clear,07 - Dark,02 - Wet,10 - No control,,1,0,0,0,,0,,,,,384041.0431,5014811.55,45.2687965,-75.49016664,4443
17--13851,12/21/2017,6:04 PM,PRINCE OF WALES DR btwn WELLSMERE CRT & TURN LANE (__3ZA2Y6),__3ZA2Y6,01 - Non intersection,03 - P.D. only,03 - Rear end,01 - Clear,07 - Dark,01 - Dry,10 - No control,,2,0,0,0,,0,,,,,367450.1896,5022045.113,45.33555681,-75.70065992,4444
17--13852,12/21/2017,6:23 PM,INNES RD btwn BLAIR RD & ANDERSON RD (__3ZA3JZ),__3ZA3JZ,01 - Non intersection,03 - P.D. only,04 - Sideswipe,01 - Clear,07 - Dark,01 - Dry,10 - No control,,2,0,0,0,,0,,,,,375846.6587,5031613.178,45.42084554,-75.59216724,4445
17--13853,12/21/2017,6:30 PM,CARP RD @ STITTSVILLE MAIN ST (0005253),5253,03 - At intersection,03 - P.D. only,03 - Rear end,01 - Clear,07 - Dark,01 - Dry,01 - Traffic signal,01 - Functioning,2,0,0,0,,0,,,,,349524.5897,5014330.711,45.26751188,-75.93005102,4446
17--13854,12/21/2017,7:09 PM,CLEARVIEW AVE btwn OAK PARK PRIV & END (__3ZAZHE),__3ZAZHE,01 - Non intersection,03 - P.D. only,07 - SMV other,01 - Clear,07 - Dark,05 - Packed snow,10 - No control,,1,0,0,0,,0,,,,,363265.2125,5029130.567,45.39967205,-75.75321193,4447
17--13855,12/21/2017,7:21 PM,ST. LAURENT BLVD @ WALKLEY RD (0007653),7653,03 - At intersection,03 - P.D. only,05 - Turning movement,01 - Clear,07 - Dark,01 - Dry,01 - Traffic signal,01 - Functioning,2,0,0,0,,0,,,,,373903.2235,5028046.618,45.38895002,-75.61749724,4448
17--13856,12/21/2017,7:35 PM,GOLDEN AVE btwn RAVENHILL AVE & KENWOOD AVE (__3ZA09O),__3ZA09O,01 - Non intersection,03 - P.D. only,06 - SMV unattended vehicle,01 - Clear,07 - Dark,01 - Dry,10 - No control,,1,0,0,0,,0,,,,,362944.8875,5027845.184,45.38813305,-75.75745465,4449
17--13857,12/21/2017,8:00 PM,HIGHWAY 417 btwn HWY417 IC124 RAMP65 & HWY417 IC122 RAMP51 (__3ZA2R8),__3ZA2R8,01 - Non intersection,02 - Non-fatal injury,07 - SMV other,01 - Clear,07 - Dark,01 - Dry,10 - No control,,1,0,0,0,02 - Minor,1,,1,,,364721.045,5027923.14,45.38868478,-75.73476458,4450
17--13858,12/21/2017,8:04 AM,GREENBANK RD @ MEADOWBANK DR (0001123),1123,02 - Intersection related,03 - P.D. only,03 - Rear end,01 - Clear,01 - Daylight,06 - Ice,02 - Stop sign,00 - Unknown,2,0,0,0,,0,,,,,360766.4815,5022186.965,45.33739813,-75.7859128,4451
17--13859,12/21/2017,8:11 AM,PORTOBELLO BLVD/SPRINGRIDGE DR S @ TRIM RD (0012338),12338,02 - Intersection related,03 - P.D. only,07 - SMV other,01 - Clear,01 - Daylight,01 - Dry,01 - Traffic signal,00 - Unknown,1,0,0,0,,0,,,,,385689.6032,5038071.262,45.47788044,-75.46535178,4452
17--1386,2/3/2017,6:33 AM,ALBION RD @ MITCH OWENS RD (0004212),4212,03 - At intersection,03 - P.D. only,05 - Turning movement,01 - Clear,03 - Dawn,01 - Dry,01 - Traffic signal,01 - Functioning,2,0,0,0,,0,,,,,375906.2114,5014805.263,45.26960944,-75.59382258,4453
17--13860,12/21/2017,8:38 AM,AIRPORT PKWY @ HUNT CLUB RD (0010856),10856,02 - Intersection related,03 - P.D. only,03 - Rear end,01 - Clear,01 - Daylight,06 - Ice,01 - Traffic signal,01 - Functioning,2,0,0,0,,0,,,,,371019.0059,5023702.759,45.35014409,-75.65490913,4454
17--1414,2/4/2017,11:03 PM,FALLOWFIELD RD btwn EAGLESON RD & RICHMOND RD (__3ZA4Y2),__3ZA4Y2,01 - Non intersection,02 - Non-fatal injury,07 - SMV other,01 - Clear,07 - Dark,03 - Loose snow,10 - No control,,1,0,0,0,02 - Minor,1,,1,,,356419.7074,5012775.953,45.25304957,-75.84234987,4455
17--14324,12/30/2017,12:05 AM,HIGHWAY 417 btwn HWY417 IC124 RAMP57 & HWY417 IC124 RAMP55 (__3ZA2Y1),__3ZA2Y1,01 - Non intersection,02 - Non-fatal injury,07 - SMV other,01 - Clear,07 - Dark,06 - Ice,10 - No control,,1,0,0,0,01 - Minimal,1,1,,,,364111.9728,5027095.497,45.38128963,-75.74264164,4456
17--1397,2/3/2017,7:45 PM,ELGIN ST @ SOMERSET ST (0006936),6936,03 - At intersection,03 - P.D. only,04 - Sideswipe,01 - Clear,07 - Dark,01 - Dry,01 - Traffic signal,01 - Functioning,2,0,0,0,,0,,,,,368164.1659,5031198.301,45.41785062,-75.69037688,4457
17--1450,2/5/2017,11:43 AM,DECARIE DR btwn CHATEAU CRES & JEANNE D'ARC BLVD N (__3ZA7JC),__3ZA7JC,01 - Non intersection,03 - P.D. only,01 - Approaching,03 - Snow,01 - Daylight,03 - Loose snow,10 - No control,,2,0,0,0,,0,,,,,380846.5116,5038581.565,45.483016,-75.52721084,4458
17--14325,12/30/2017,12:05 PM,MAIN ST @ TORONTO ST (0007688),7688,02 - Intersection related,03 - P.D. only,03 - Rear end,03 - Snow,01 - Daylight,04 - Slush,02 - Stop sign,00 - Unknown,2,0,0,0,,0,,,,,369512.7654,5029341.802,45.40102308,-75.6733909,4459
17--14140,12/27/2017,12:59 PM,PRESLAND RD @ VANIER PKWY (0012076),12076,03 - At intersection,03 - P.D. only,03 - Rear end,01 - Clear,01 - Daylight,01 - Dry,01 - Traffic signal,01 - Functioning,2,0,0,0,,0,,,,,370432.1752,5031751.874,45.42262238,-75.66132716,4460
17--13970,12/23/2017,2:44 AM,KING EDWARD AVE @ MURRAY ST (0002713),2713,03 - At intersection,03 - P.D. only,07 - SMV other,03 - Snow,07 - Dark,05 - Packed snow,01 - Traffic signal,01 - Functioning,1,0,0,0,,0,,,,,368292.1777,5032752.865,45.43182644,-75.68854101,4461
17--14326,12/30/2017,12:20 PM,KENT ST @ MCLEOD ST (0007253),7253,02 - Intersection related,03 - P.D. only,05 - Turning movement,05 - Drifting Snow,01 - Daylight,06 - Ice,02 - Stop sign,01 - Functioning,2,0,0,0,,0,,,,,367786.2313,5030389.854,45.4106106,-75.6953087,4462
17--1451,2/5/2017,11:45 AM,BEATRICE DR @ STRANDHERD DR (0005447),5447,03 - At intersection,02 - Non-fatal injury,05 - Turning movement,01 - Clear,01 - Daylight,02 - Wet,01 - Traffic signal,01 - Functioning,3,0,0,0,02 - Minor,2,,2,,,365527.377,5015321.753,45.2752296,-75.72601411,4463
17--14141,12/27/2017,2:25 PM,BAYCREST DR @ WALKLEY RD (0006958),6958,02 - Intersection related,02 - Non-fatal injury,03 - Rear end,01 - Clear,01 - Daylight,01 - Dry,01 - Traffic signal,01 - Functioning,2,0,0,0,02 - Minor,1,,1,,,371421.7306,5026591.722,45.37609985,-75.64938063,4464
17--13971,12/23/2017,2:45 PM,TERMINAL AVE @ TRAINYARDS DR (0012245),12245,02 - Intersection related,03 - P.D. only,04 - Sideswipe,03 - Snow,01 - Daylight,03 - Loose snow,01 - Traffic signal,01 - Functioning,2,0,0,0,,0,,,,,371844.7893,5030815.575,45.41406402,-75.64340565,4465
17--14327,12/30/2017,12:40 PM,KING EDWARD AVE @ RIDEAU ST (0002121),2121,02 - Intersection related,03 - P.D. only,03 - Rear end,03 - Snow,01 - Daylight,06 - Ice,01 - Traffic signal,01 - Functioning,2,0,0,0,,0,,,,,368511.2338,5032413.826,45.42875597,-75.68578553,4466
17--1452,2/5/2017,11:45 PM,PAUL ANKA DR @ UPLANDS DR (0007476),7476,02 - Intersection related,03 - P.D. only,07 - SMV other,01 - Clear,07 - Dark,04 - Slush,02 - Stop sign,01 - Functioning,1,0,0,0,,0,,,,,369456.2225,5023575.141,45.34914164,-75.67486805,4467
17--14142,12/27/2017,2:55 PM,MARCH RD @ TERRY FOX DR (0003173),3173,02 - Intersection related,03 - P.D. only,07 - SMV other,01 - Clear,01 - Daylight,06 - Ice,01 - Traffic signal,01 - Functioning,1,0,0,0,,0,,,,,349865.0865,5023399.748,45.34909593,-75.92488744,4468
17--14328,12/30/2017,12:58 PM,ALBION RD btwn DEL ZOTTO AVE & HIGH RD (__3ZBOF9),__3ZBOF9,04 - At/near private drive,02 - Non-fatal injury,07 - SMV other,03 - Snow,01 - Daylight,03 - Loose snow,10 - No control,,1,0,0,0,02 - Minor,1,,1,,,373885.4385,5019496.124,45.31201781,-75.61891891,4469