Anom_ID,Accident_Date,Accident_Time,Location,Geo_ID,Accident_Location,Classification_of_Accident,Initial_Impact_Type,Environment_Condition,Light,Road_Surface_Condition,Traffic_Control,Traffic_Control_Condition,No__of_Vehicles,No__of_Bicycles,No__of_Motorcycles,No__of_Pedestrians,Max_Injury,No__of_Injuries,No__of_Minimal,No__of_Minor,No__of_Major,No__of_Fatal,X,Y,Latitude,Longitude,ObjectId
17--13972,12/23/2017,2:59 PM,CAHILL DR @ HUNT CLUB RD (0011394),11394,02 - Intersection related,03 - P.D. only,03 - Rear end,03 - Snow,01 - Daylight,05 - Packed snow,01 - Traffic signal,01 - Functioning,2,0,0,0,,0,,,,,372408.2081,5024541.799,45.35756093,-75.63706732,4470
17--1453,2/5/2017,12:05 PM,HIGHWAY 416 btwn HWY416 IC66 RAMP53 & HWY416 IC57 RAMP34 (__3ZAZLC),__3ZAZLC,01 - Non intersection,02 - Non-fatal injury,03 - Rear end,03 - Snow,01 - Daylight,02 - Wet,10 - No control,,2,0,0,0,03 - Major,2,1,,1,,360439.8348,5014126.658,45.264897,-75.79098482,4471
17--14143,12/27/2017,2:56 PM,PLACE D'ORLEANS DR W @ ST. JOSEPH BLVD (0008776),8776,03 - At intersection,03 - P.D. only,03 - Rear end,01 - Clear,01 - Daylight,01 - Dry,01 - Traffic signal,01 - Functioning,2,0,0,0,,0,,,,,381601.531,5037684.962,45.47486648,-75.51769422,4472
17--14144,12/27/2017,3:22 PM,CARLING AVE @ MCKELLAR AVE (0002765),2765,03 - At intersection,03 - P.D. only,07 - SMV other,01 - Clear,01 - Daylight,05 - Packed snow,02 - Stop sign,01 - Functioning,1,0,0,0,,0,,,,,362765.2379,5026376.85,45.37493606,-75.75992109,4473
17--14145,12/27/2017,3:24 PM,BANKFIELD RD @ PRINCE OF WALES DR (0003618),3618,02 - Intersection related,03 - P.D. only,03 - Rear end,01 - Clear,01 - Daylight,06 - Ice,01 - Traffic signal,01 - Functioning,3,0,0,0,,0,,,,,366381.11,5008974.676,45.21804441,-75.7159202,4474
17--14146,12/27/2017,3:30 PM,BRONSON AVE @ SOMERSET ST (0002218),2218,02 - Intersection related,03 - P.D. only,03 - Rear end,01 - Clear,01 - Daylight,03 - Loose snow,01 - Traffic signal,01 - Functioning,2,0,0,0,,0,,,,,366966.7403,5030476.811,45.41146629,-75.70576626,4475
17--14147,12/27/2017,3:34 PM,BYRON AVE @ LOCKHART AVE W (0011576),11576,03 - At intersection,03 - P.D. only,05 - Turning movement,01 - Clear,01 - Daylight,01 - Dry,02 - Stop sign,00 - Unknown,2,0,0,0,,0,,,,,361710.6389,5026777.744,45.37862972,-75.77333852,4476
17--14148,12/27/2017,3:43 PM,MERIVALE RD @ SUMMERVILLE AVE (0002728),2728,02 - Intersection related,02 - Non-fatal injury,03 - Rear end,01 - Clear,01 - Daylight,02 - Wet,01 - Traffic signal,00 - Unknown,4,0,0,0,01 - Minimal,1,1,,,,364875.1526,5026444.748,45.37536928,-75.7329766,4477
17--14149,12/27/2017,3:56 PM,BAYSHORE DR btwn WOODRIDGE CRES S & BAYSHORE CS (__3ZAA4OB),__3ZAA4OB,04 - At/near private drive,03 - P.D. only,02 - Angle,01 - Clear,05 - Dusk,01 - Dry,10 - No control,,2,0,0,0,,0,,,,,359197.2193,5023567.021,45.34993933,-75.80578206,4478
17--1415,2/4/2017,11:27 AM,MERIVALE RD @ FAMILY BROWN LANE (0010933),10933,02 - Intersection related,03 - P.D. only,02 - Angle,01 - Clear,01 - Daylight,01 - Dry,01 - Traffic signal,00 - Unknown,2,0,0,0,,0,,,,,365004.1172,5023386.178,45.34783768,-75.73170275,4479
17--14150,12/27/2017,4:03 PM,GREENBANK RD btwn GIBBARD AVE & WEST HUNT CLUB RD (__3ZA1Y7),__3ZA1Y7,01 - Non intersection,03 - P.D. only,04 - Sideswipe,01 - Clear,05 - Dusk,01 - Dry,10 - No control,,2,0,0,0,,0,,,,,361440.0115,5020593.519,45.32300628,-75.7775021,4480
17--14151,12/27/2017,4:10 PM,ORLEANS BLVD @ MAPLE RUN AVE/BEAUSEJOUR DR S (0003628),3628,03 - At intersection,03 - P.D. only,02 - Angle,01 - Clear,05 - Dusk,01 - Dry,01 - Traffic signal,01 - Functioning,2,0,0,0,,0,,,,,380572.4631,5035316.193,45.45366661,-75.53121942,4481
17--14152,12/27/2017,4:11 PM,MARCH RD btwn HWY417 IC155 RAMP36 & DIAMONDVIEW RD (__3ZA1M1),__3ZA1M1,04 - At/near private drive,03 - P.D. only,03 - Rear end,01 - Clear,05 - Dusk,02 - Wet,10 - No control,,2,0,0,0,,0,,,,,340098.6357,5019831.796,45.31754956,-76.0497752,4482
17--14153,12/27/2017,4:38 PM,HWY417 IC118 RAMP35 btwn HWY417 IC118 RAMP45 & MANN AVE OVERPASS (__3ZAYAW),__3ZAYAW,01 - Non intersection,03 - P.D. only,03 - Rear end,01 - Clear,05 - Dusk,06 - Ice,10 - No control,,3,0,0,0,,0,,,,,369418.1119,5031103.481,45.41688278,-75.67436892,4483
17--14154,12/27/2017,4:50 PM,HIGHWAY 417 btwn HWY417 IC117 RAMP25 & HWY417 IC115 RAMP51 (__3ZA2R3),__3ZA2R3,01 - Non intersection,03 - P.D. only,04 - Sideswipe,01 - Clear,07 - Dark,01 - Dry,10 - No control,,2,0,0,0,,0,,,,,371531.3961,5031396.852,45.41932405,-75.64733054,4484
17--14155,12/27/2017,4:56 PM,MANOTICK STATION RD btwn HERBERTS CORNERS RD & SNAKE ISLAND RD (__3ZA71F),__3ZA71F,01 - Non intersection,03 - P.D. only,07 - SMV other,01 - Clear,05 - Dusk,01 - Dry,10 - No control,,1,0,0,0,,0,,,,,376758.3878,5005724.791,45.1878193,-75.58427679,4485
17--14156,12/27/2017,5:05 PM,HIGHWAY 417 btwn HWY417 IC126 RAMP16 & HWY417 IC126 RAMP61 (__3ZA2RC),__3ZA2RC,01 - Non intersection,03 - P.D. only,03 - Rear end,01 - Clear,07 - Dark,01 - Dry,10 - No control,,2,0,0,0,,0,,,,,363132.3105,5025817.121,45.36986923,-75.75530094,4486
17--14157,12/27/2017,5:07 PM,MERIVALE RD @ WEST HUNT CLUB RD (0000584),584,03 - At intersection,02 - Non-fatal injury,07 - SMV other,01 - Clear,07 - Dark,01 - Dry,01 - Traffic signal,01 - Functioning,1,0,0,0,02 - Minor,1,,1,,,365611.9851,5021942.262,45.33479309,-75.72412362,4487
17--14158,12/27/2017,5:15 PM,ALBERT ST @ METCALFE ST (0002117),2117,03 - At intersection,02 - Non-fatal injury,05 - Turning movement,04 - Freezing Rain,07 - Dark,06 - Ice,01 - Traffic signal,01 - Functioning,2,0,0,0,02 - Minor,1,,1,,,367691.7005,5031612.865,45.42162336,-75.69636019,4488
17--14159,12/27/2017,5:20 PM,HIGHWAY 417 btwn HWY417 IC122 RAMP61 & HWY417 IC121B RAMP16 (__3ZA2Y4),__3ZA2Y4,01 - Non intersection,02 - Non-fatal injury,03 - Rear end,01 - Clear,07 - Dark,01 - Dry,10 - No control,,6,0,0,0,02 - Minor,1,,1,,,366078.7164,5029349.845,45.40140446,-75.71725053,4489
17--1416,2/4/2017,11:33 AM,FRANKTOWN RD @ DWYER HILL RD (0000087),87,02 - Intersection related,03 - P.D. only,04 - Sideswipe,01 - Clear,01 - Daylight,01 - Dry,02 - Stop sign,00 - Unknown,2,0,0,0,,0,,,,,348405.0706,4998729.801,45.12719754,-75.94568169,4490
17--14160,12/27/2017,5:34 PM,BOOTH ST btwn 148 N OF MIDDLE ST/E.B. EDDY S & MIDDLE ST (__3ZBPMPC),__3ZBPMPC,01 - Non intersection,03 - P.D. only,07 - SMV other,01 - Clear,07 - Dark,01 - Dry,10 - No control,,1,0,0,0,,0,,,,,366054.2678,5031376.234,45.41963951,-75.71731099,4491
17--14161,12/27/2017,5:40 PM,CARLING AVE @ KIRKWOOD AVE N (0002358),2358,02 - Intersection related,03 - P.D. only,03 - Rear end,01 - Clear,07 - Dark,02 - Wet,01 - Traffic signal,01 - Functioning,2,0,0,0,,0,,,,,364275.7148,5027492.627,45.38484906,-75.74050315,4492
17--14162,12/27/2017,5:48 PM,BLACKBURN BYPASS @ INNES RD E (0009245),9245,02 - Intersection related,03 - P.D. only,04 - Sideswipe,01 - Clear,07 - Dark,03 - Loose snow,01 - Traffic signal,00 - Unknown,2,0,0,0,,0,,,,,379792.6947,5033781.802,45.43994541,-75.54142153,4493
17--14163,12/27/2017,6:25 PM,HIGHWAY 417 btwn HWY417 IC124 RAMP67 & HWY417 IC123 RAMP62 (__3ZA2YZ),__3ZA2YZ,01 - Non intersection,03 - P.D. only,03 - Rear end,01 - Clear,07 - Dark,01 - Dry,10 - No control,,2,0,0,0,,0,,,,,364714.1692,5027950.232,45.38892914,-75.7348491,4494
17--14164,12/27/2017,6:36 PM,PARKDALE AVE @ RUSKIN ST (0006697),6697,02 - Intersection related,03 - P.D. only,06 - SMV unattended vehicle,01 - Clear,07 - Dark,05 - Packed snow,01 - Traffic signal,00 - Unknown,1,0,0,0,,0,,,,,365507.9391,5028452.74,45.39338224,-75.72465114,4495
17--14165,12/27/2017,7:00 PM,PRINCE OF WALES DR btwn WELLSMERE CRT & TURN LANE (__3ZA2Y6),__3ZA2Y6,01 - Non intersection,03 - P.D. only,04 - Sideswipe,01 - Clear,07 - Dark,01 - Dry,10 - No control,,3,0,0,0,,0,,,,,367450.2847,5022041.308,45.33552256,-75.70065919,4496
17--14166,12/27/2017,7:03 PM,WELLINGTON ST    W btwn FAIRMONT AVE & IRVING AVE (__3ZA31T),__3ZA31T,01 - Non intersection,03 - P.D. only,06 - SMV unattended vehicle,01 - Clear,07 - Dark,03 - Loose snow,10 - No control,,1,0,0,0,,0,,,,,365561.9739,5029706.875,45.40466197,-75.72380658,4497
17--14167,12/27/2017,7:14 PM,RIVERSIDE DR @ TREMBLAY RD/HWY417 IC117 RAMP52 (0010790),10790,02 - Intersection related,03 - P.D. only,04 - Sideswipe,01 - Clear,07 - Dark,02 - Wet,01 - Traffic signal,01 - Functioning,2,0,0,0,,0,,,,,370802.0788,5031014.299,45.41595118,-75.65669971,4498
17--14168,12/27/2017,7:40 PM,CARLING AVE @ KIRKWOOD AVE N (0002358),2358,03 - At intersection,03 - P.D. only,02 - Angle,01 - Clear,07 - Dark,02 - Wet,01 - Traffic signal,01 - Functioning,2,0,0,0,,0,,,,,364275.4886,5027493.355,45.38485563,-75.74050595,4499
17--14169,12/27/2017,7:59 AM,HUNT CLUB RD btwn NORTH BOWESVILLE RD & BILLY BISHOP PRIV (__5G43Y1),__5G43Y1,04 - At/near private drive,02 - Non-fatal injury,02 - Angle,01 - Clear,01 - Daylight,01 - Dry,10 - No control,,3,0,0,0,02 - Minor,1,,1,,,368768.0882,5022373.8,45.33839535,-75.68380435,4500
17--1417,2/4/2017,12:00 PM,ASHTON STATION RD btwn MALLOCH LANE & COPELAND RD (__3ZAC6S),__3ZAC6S,01 - Non intersection,03 - P.D. only,07 - SMV other,01 - Clear,01 - Daylight,06 - Ice,10 - No control,,1,0,0,0,,0,,,,,344722.4725,4998280.184,45.12336919,-75.99252972,4501
17--14170,12/27/2017,8:00 AM,HIGHWAY 417 btwn HWY417 IC119A RAMP67 & HWY417 IC118 RAMP76 (__3ZA2YS),__3ZA2YS,01 - Non intersection,03 - P.D. only,99 - Other,01 - Clear,01 - Daylight,06 - Ice,10 - No control,,2,0,0,0,,0,,,,,369181.2987,5030874.458,45.41484395,-75.67742431,4502
17--14171,12/27/2017,8:30 AM,HALIBURTON HGTS @ SHINNY AVE (0017462),17462,03 - At intersection,03 - P.D. only,02 - Angle,01 - Clear,01 - Daylight,06 - Ice,10 - No control,00 - Unknown,2,0,0,0,,0,,,,,352904.3108,5014335.486,45.26733181,-75.88698339,4503
17--14172,12/27/2017,9:15 AM,GLADSTONE AVE @ PRESTON ST (0002212),2212,03 - At intersection,03 - P.D. only,05 - Turning movement,03 - Snow,01 - Daylight,06 - Ice,01 - Traffic signal,01 - Functioning,2,0,0,0,,0,,,,,366489.9427,5029712.795,45.40463407,-75.71195278,4504
17--14173,12/28/2017,1:00 PM,JOCKVALE RD @ STRANDHERD DR (0010541),10541,03 - At intersection,03 - P.D. only,05 - Turning movement,01 - Clear,01 - Daylight,01 - Dry,01 - Traffic signal,01 - Functioning,2,0,0,0,,0,,,,,363559.5338,5014577.601,45.2687009,-75.75118064,4505
17--14174,12/28/2017,1:43 PM,STONEHAVEN DR btwn EAGLESON RD & BLUEMEADOW WAY (__3ZACLD),__3ZACLD,04 - At/near private drive,03 - P.D. only,03 - Rear end,01 - Clear,01 - Daylight,06 - Ice,10 - No control,,2,0,0,0,,0,,,,,354402.958,5016632.598,45.28789768,-75.867657,4506
17--14175,12/28/2017,1:45 PM,INDUSTRIAL AVE/INNES RD @ ST. LAURENT BLVD (0002203),2203,02 - Intersection related,03 - P.D. only,03 - Rear end,01 - Clear,01 - Daylight,01 - Dry,01 - Traffic signal,01 - Functioning,2,0,0,0,,0,,,,,373100.6742,5030005.803,45.40665662,-75.62747395,4507
17--14176,12/28/2017,1:51 PM,FISHER AVE @ SHILLINGTON AVE (0006792),6792,02 - Intersection related,03 - P.D. only,03 - Rear end,01 - Clear,01 - Daylight,01 - Dry,01 - Traffic signal,01 - Functioning,2,0,0,0,,0,,,,,365625.7459,5027296.309,45.3829667,-75.7232892,4508
17--14177,12/28/2017,10:00 AM,MACDONALD-CARTIER BR btwn RAMP & END (1) (__3ZA1QK),__3ZA1QK,07 - Overpass or bridge,03 - P.D. only,03 - Rear end,01 - Clear,01 - Daylight,06 - Ice,10 - No control,,2,0,0,0,,0,,,,,367425.1316,5033226.447,45.43616575,-75.69956092,4509
17--14178,12/28/2017,10:20 AM,ACACIA AVE @ MARIPOSA AVE (0005925),5925,03 - At intersection,03 - P.D. only,02 - Angle,01 - Clear,01 - Daylight,05 - Packed snow,02 - Stop sign,01 - Functioning,2,0,0,0,,0,,,,,369401.7251,5034679.627,45.44906105,-75.67410906,4510
17--14179,12/28/2017,10:30 AM,BASELINE RD @ COLLEGE SQUARE SC (0008826),8826,02 - Intersection related,03 - P.D. only,03 - Rear end,01 - Clear,01 - Daylight,02 - Wet,01 - Traffic signal,01 - Functioning,2,0,0,0,,0,,,,,362759.3858,5023898.351,45.35263526,-75.76028651,4511
17--1418,2/4/2017,12:13 AM,MEADOWGLEN DR @ ORLEANS BLVD (0004103),4103,03 - At intersection,03 - P.D. only,05 - Turning movement,01 - Clear,07 - Dark,01 - Dry,01 - Traffic signal,01 - Functioning,2,0,0,0,,0,,,,,380345.752,5034573.839,45.44701202,-75.5342316,4512
17--14180,12/28/2017,10:30 AM,ST. JOSEPH BLVD @ TENTH LINE RD (0009163),9163,02 - Intersection related,03 - P.D. only,03 - Rear end,01 - Clear,01 - Daylight,06 - Ice,01 - Traffic signal,01 - Functioning,2,0,0,0,,0,,,,,382892.9044,5038666.453,45.48355383,-75.50102378,4513
17--14181,12/28/2017,11:20 PM,RIDEAU ST btwn WURTEMBURG ST & RIDEAU PL (__3ZA1LA),__3ZA1LA,01 - Non intersection,02 - Non-fatal injury,01 - Approaching,03 - Snow,07 - Dark,06 - Ice,10 - No control,,3,0,0,0,02 - Minor,2,,2,,,369444.9653,5032969.868,45.43367334,-75.6737809,4514
17--14182,12/28/2017,11:27 AM,ST. JOSEPH BLVD @ TENTH LINE RD (0009163),9163,02 - Intersection related,03 - P.D. only,03 - Rear end,01 - Clear,01 - Daylight,06 - Ice,01 - Traffic signal,01 - Functioning,2,0,0,0,,0,,,,,382890.3304,5038666.689,45.48355624,-75.50105666,4515
17--14183,12/28/2017,11:27 PM,BANK ST @ RIVERSIDE DR N (0010778),10778,02 - Intersection related,03 - P.D. only,03 - Rear end,03 - Snow,07 - Dark,06 - Ice,01 - Traffic signal,01 - Functioning,2,0,0,0,,0,,,,,369225.238,5027983.785,45.38883061,-75.67724059,4516
17--14184,12/28/2017,11:54 AM,COBOURG ST @ ST. PATRICK ST (0011483),11483,02 - Intersection related,03 - P.D. only,03 - Rear end,01 - Clear,01 - Daylight,01 - Dry,01 - Traffic signal,01 - Functioning,2,0,0,0,,0,,,,,368800.935,5033234.709,45.43611552,-75.68197689,4517
17--14185,12/28/2017,11:56 AM,TENTH LINE RD btwn DES EPINETTES AVE & INNES RD (__3ZA3Y8),__3ZA3Y8,01 - Non intersection,03 - P.D. only,03 - Rear end,01 - Clear,01 - Daylight,01 - Dry,10 - No control,,3,0,0,0,,0,,,,,383892.1153,5036297.786,45.46213027,-75.488625,4518
17--14186,12/28/2017,12:05 PM,HAWTHORNE RD/RUSSELL RD @ WALKLEY RD (0002618),2618,02 - Intersection related,03 - P.D. only,03 - Rear end,01 - Clear,01 - Daylight,01 - Dry,01 - Traffic signal,01 - Functioning,2,0,0,0,,0,,,,,374674.1391,5028499.032,45.39294414,-75.60758917,4519
17--14187,12/28/2017,12:20 PM,FISHER AVE @ NORMANDY CRES S (0005079),5079,02 - Intersection related,03 - P.D. only,02 - Angle,01 - Clear,01 - Daylight,01 - Dry,02 - Stop sign,00 - Unknown,2,0,0,0,,0,,,,,366869.1814,5024339.336,45.35625144,-75.70778427,4520
17--14188,12/28/2017,12:23 PM,TENTH LINE RD btwn TOMPKINS AVE & CANOTIA PL (__3ZA1TD),__3ZA1TD,04 - At/near private drive,03 - P.D. only,03 - Rear end,01 - Clear,01 - Daylight,06 - Ice,10 - No control,,4,0,0,0,,0,,,,,383255.1813,5037791.862,45.47564444,-75.49652989,4521
17--14189,12/28/2017,12:32 PM,HOLLAND AVE @ ISLAND PARK DR/N.C.C. DRIVEWAY (0010787),10787,03 - At intersection,03 - P.D. only,02 - Angle,01 - Clear,01 - Daylight,01 - Dry,01 - Traffic signal,01 - Functioning,2,0,0,0,,0,,,,,365426.171,5027917.298,45.38857153,-75.72576115,4522
17--1419,2/4/2017,12:22 PM,HIGHWAY 417 btwn HWY417 IC121B RAMP51 & HWY417 IC121A RAMP51 (__3ZA2YW),__3ZA2YW,01 - Non intersection,03 - P.D. only,03 - Rear end,01 - Clear,01 - Daylight,01 - Dry,10 - No control,,2,0,0,0,,0,,,,,366864.8609,5029598.658,45.40357396,-75.70717828,4523
17--14190,12/28/2017,12:37 PM,HAZELDEAN RD @ CARBROOKE ST/IRWIN GATE (0003187),3187,03 - At intersection,03 - P.D. only,02 - Angle,01 - Clear,01 - Daylight,01 - Dry,01 - Traffic signal,01 - Functioning,2,0,0,0,,0,,,,,353417.6215,5018265.7,45.30266156,-75.88005731,4524
17--14191,12/28/2017,2:28 PM,TARA DR @ MAITLAND AVE (0003218),3218,02 - Intersection related,03 - P.D. only,03 - Rear end,01 - Clear,01 - Daylight,01 - Dry,02 - Stop sign,01 - Functioning,2,0,0,0,,0,,,,,363496.1678,5025386.814,45.365967,-75.75070728,4525
17--14192,12/28/2017,2:49 PM,ST. JOSEPH BLVD btwn ROCKCLIFFE PKWY & HART RD (__3ZA2AF),__3ZA2AF,01 - Non intersection,03 - P.D. only,04 - Sideswipe,01 - Clear,01 - Daylight,01 - Dry,10 - No control,,2,0,0,0,,0,,,,,377441.1818,5035485.741,45.4555246,-75.57122363,4526
17--14193,12/28/2017,2:51 AM,COLONNADE RD btwn MERIVALE RD & COLONNADE RD N (__3ZA000),__3ZA000,04 - At/near private drive,03 - P.D. only,07 - SMV other,01 - Clear,07 - Dark,01 - Dry,10 - No control,,1,0,0,0,,0,,,,,365828.6616,5022783.325,45.34234204,-75.72125565,4527
17--14194,12/28/2017,2:58 PM,MITCH OWENS RD btwn DOWNEY RD & MANOTICK STATION RD (__3ZA3TK),__3ZA3TK,01 - Non intersection,02 - Non-fatal injury,07 - SMV other,01 - Clear,01 - Daylight,03 - Loose snow,10 - No control,,1,0,0,0,02 - Minor,1,,1,,,373340.5253,5013159.709,45.25505786,-75.62674283,4528
17--14195,12/28/2017,3:00 PM,BRONSON AVE @ BRONSON AVE NB ON RAMP 42 (0011234),11234,02 - Intersection related,03 - P.D. only,03 - Rear end,01 - Clear,01 - Daylight,06 - Ice,03 - Yield sign,01 - Functioning,3,0,0,0,,0,,,,,367752.8955,5028447.298,45.39313506,-75.69598251,4529
17--14196,12/28/2017,3:08 PM,BELFAST RD btwn COVENTRY RD & TREMBLAY RD (__3ZA3CW),__3ZA3CW,01 - Non intersection,02 - Non-fatal injury,03 - Rear end,01 - Clear,01 - Daylight,04 - Slush,10 - No control,,2,0,0,0,02 - Minor,4,,4,,,371555.4659,5031344.952,45.41885478,-75.64703005,4530
17--14197,12/28/2017,3:45 PM,OTTAWA RIVER PKWY @ VIMY PLACE PRIV (0012251),12251,02 - Intersection related,02 - Non-fatal injury,03 - Rear end,01 - Clear,01 - Daylight,06 - Ice,01 - Traffic signal,01 - Functioning,2,0,0,0,02 - Minor,2,,2,,,365974.1886,5030798.493,45.41444816,-75.71840584,4531
17--14198,12/28/2017,3:53 PM,MEADOWLANDS DR/TALLWOOD DR @ WOODROFFE AVE (0000095),95,02 - Intersection related,03 - P.D. only,03 - Rear end,01 - Clear,01 - Daylight,05 - Packed snow,01 - Traffic signal,01 - Functioning,3,0,0,0,,0,,,,,363055.9488,5022730.886,45.34210594,-75.75663942,4532
17--14199,12/28/2017,4:05 PM,HALIFAX DR @ WALKLEY RD (0008803),8803,03 - At intersection,03 - P.D. only,02 - Angle,01 - Clear,05 - Dusk,01 - Dry,01 - Traffic signal,01 - Functioning,2,0,0,0,,0,,,,,373644.6838,5027899.307,45.38765005,-75.62081915,4533
17--142,1/4/2017,5:35 PM,BERRIGAN DR btwn EDGEWARE DR & COLINDALE AVE (__31ASDO),__31ASDO,01 - Non intersection,03 - P.D. only,01 - Approaching,03 - Snow,05 - Dusk,06 - Ice,10 - No control,,2,0,0,0,,0,,,,,363999.4608,5015400.004,45.276064,-75.74547674,4534
17--1420,2/4/2017,12:30 AM,ARGYLE AVE btwn ELGIN ST & CARTIER ST (__3ZA9TT),__3ZA9TT,01 - Non intersection,03 - P.D. only,06 - SMV unattended vehicle,01 - Clear,07 - Dark,01 - Dry,10 - No control,,1,0,0,0,,0,,,,,368515.0034,5030647.638,45.41286408,-75.68596577,4535
17--14200,12/28/2017,4:33 PM,MARCH RD @ SECOND LINE RD (0008850),8850,02 - Intersection related,03 - P.D. only,07 - SMV other,01 - Clear,05 - Dusk,01 - Dry,01 - Traffic signal,01 - Functioning,1,0,0,0,,0,,,,,346103.1162,5025326.815,45.36666786,-75.97273387,4536
17--14201,12/28/2017,4:46 PM,TERRY FOX DR btwn WALTER BAKER PL & 240 S OF EDGEWATER ST (__3ZA3DKA),__3ZA3DKA,04 - At/near private drive,03 - P.D. only,05 - Turning movement,01 - Clear,05 - Dusk,01 - Dry,10 - No control,,2,0,0,0,,0,,,,,351877.4899,5017533.687,45.29617962,-75.89976455,4537
17--14202,12/28/2017,4:48 AM,BESSERER ST @ DALHOUSIE ST (0011452),11452,03 - At intersection,03 - P.D. only,04 - Sideswipe,01 - Clear,07 - Dark,01 - Dry,01 - Traffic signal,01 - Functioning,2,0,0,0,,0,,,,,368253.1751,5032156.864,45.42646738,-75.68911623,4538
17--14203,12/28/2017,4:53 PM,BASELINE RD btwn TURN LANE & MERIVALE RD (__3ZA4IA),__3ZA4IA,01 - Non intersection,02 - Non-fatal injury,07 - SMV other,01 - Clear,05 - Dusk,06 - Ice,10 - No control,,1,0,0,0,02 - Minor,1,,1,,,365035.1026,5025314.284,45.36518383,-75.73107243,4539
17--14204,12/28/2017,5:00 PM,VANCES SIDE RD btwn DUNROBIN RD & GREENLAND RD (__3ZBOB7),__3ZBOB7,01 - Non intersection,03 - P.D. only,07 - SMV other,01 - Clear,07 - Dark,02 - Wet,10 - No control,,1,0,0,0,,0,,,,,341996.1678,5035250.233,45.45619139,-76.02441147,4540
17--14205,12/28/2017,5:08 AM,DALY AVE @ KING EDWARD AVE (0007755),7755,03 - At intersection,03 - P.D. only,02 - Angle,01 - Clear,07 - Dark,01 - Dry,02 - Stop sign,01 - Functioning,2,0,0,0,,0,,,,,368591.2566,5032272.909,45.42748076,-75.68478121,4541
17--14206,12/28/2017,5:16 PM,TENTH LINE RD @ CHARLEMAGNE BLVD N/TOMPKINS AV (0009222),9222,02 - Intersection related,03 - P.D. only,03 - Rear end,05 - Drifting Snow,07 - Dark,03 - Loose snow,01 - Traffic signal,01 - Functioning,2,0,0,0,,0,,,,,383184.3809,5037978.107,45.47732805,-75.49740559,4542
17--14207,12/28/2017,5:31 PM,HWY417 IC124 RAMP67 btwn CARLING AVE & HIGHWAY 417 (__3ZAYA7),__3ZAYA7,01 - Non intersection,03 - P.D. only,03 - Rear end,01 - Clear,07 - Dark,01 - Dry,10 - No control,,2,0,0,0,,0,,,,,364396.3581,5027563.736,45.38547863,-75.7389541,4543
17--14208,12/28/2017,5:45 PM,BLAIR RD @ REGIONAL RD 174 S/OR174 IC112 RAMP15 (0012435),12435,02 - Intersection related,03 - P.D. only,03 - Rear end,01 - Clear,07 - Dark,01 - Dry,01 - Traffic signal,01 - Functioning,2,0,0,0,,0,,,,,374908.5353,5032662.055,45.4303774,-75.60400379,4544
17--14209,12/28/2017,5:45 PM,HIGHWAY 417 btwn HWY417 IC117 RAMP36 & HWY417 IC117 RAMP26 (__3ZAZE0),__3ZAZE0,01 - Non intersection,03 - P.D. only,07 - SMV other,01 - Clear,07 - Dark,06 - Ice,10 - No control,,1,0,0,0,,0,,,,,370684.6699,5031181.233,45.41746425,-75.65817735,4545
17--1421,2/4/2017,2:20 PM,FALLOWFIELD RD btwn MERIVALE RD & WOODROFFE AVE (__3ZA3IN),__3ZA3IN,01 - Non intersection,03 - P.D. only,01 - Approaching,05 - Drifting Snow,01 - Daylight,03 - Loose snow,10 - No control,,2,0,0,0,,0,,,,,366799.9093,5018807.311,45.30648128,-75.70936124,4546
17--14210,12/28/2017,6:15 PM,WOODROFFE AVE SB btwn TO BE DETERMINED & WEST HUNT CLUB RD (__3ZA246),__3ZA246,01 - Non intersection,03 - P.D. only,03 - Rear end,01 - Clear,07 - Dark,01 - Dry,10 - No control,,2,0,0,0,,0,,,,,363639.6277,5021315.784,45.32932425,-75.74936042,4547
17--14211,12/28/2017,6:18 PM,VANIER PKWY NB btwn BEECHWOOD AVE/ ST. PATRICK ST/CRICHTON ST & DESCHA (__3ZA4SV),__3ZA4SV,01 - Non intersection,03 - P.D. only,03 - Rear end,01 - Clear,07 - Dark,01 - Dry,10 - No control,,3,0,0,0,,0,,,,,369221.1024,5033453.953,45.4380496,-75.67657842,4548
17--14212,12/28/2017,6:22 PM,SABLEWOOD PL btwn RANCHWOOD WAY E & SABLEWOOD PL (__3ZA19O),__3ZA19O,04 - At/near private drive,02 - Non-fatal injury,07 - SMV other,01 - Clear,07 - Dark,05 - Packed snow,10 - No control,,1,0,0,1,02 - Minor,1,,1,,,380604.0277,5034676.253,45.4479055,-75.53091453,4549
17--14213,12/28/2017,6:30 AM,RIVERSIDE DR NB btwn 82 E OF BILLINGS AVE/RIVERSIDE HOSPITAL ENT & TRA (__3ZA4S9A),__3ZA4S9A,01 - Non intersection,02 - Non-fatal injury,07 - SMV other,01 - Clear,07 - Dark,01 - Dry,10 - No control,,1,0,0,0,02 - Minor,1,,1,,,369762.6525,5028775.502,45.39590457,-75.67027389,4550
17--14214,12/28/2017,6:30 AM,MEADOWLANDS DR/TALLWOOD DR @ WOODROFFE AVE (0000095),95,02 - Intersection related,03 - P.D. only,03 - Rear end,01 - Clear,07 - Dark,02 - Wet,01 - Traffic signal,01 - Functioning,2,0,0,0,,0,,,,,363057.163,5022731.678,45.34211296,-75.75662384,4551