Anom_ID,Accident_Date,Accident_Time,Location,Geo_ID,Accident_Location,Classification_of_Accident,Initial_Impact_Type,Environment_Condition,Light,Road_Surface_Condition,Traffic_Control,Traffic_Control_Condition,No__of_Vehicles,No__of_Bicycles,No__of_Motorcycles,No__of_Pedestrians,Max_Injury,No__of_Injuries,No__of_Minimal,No__of_Minor,No__of_Major,No__of_Fatal,X,Y,Latitude,Longitude,ObjectId
17--14215,12/28/2017,6:48 AM,INNES RD btwn BANTREE ST & STAR TOP RD (__3ZA2XP),__3ZA2XP,01 - Non intersection,03 - P.D. only,04 - Sideswipe,01 - Clear,07 - Dark,01 - Dry,10 - No control,,2,0,0,0,,0,,,,,373835.2334,5030481.824,45.41086756,-75.61802457,4552
17--14216,12/28/2017,6:57 PM,BAYCREST DR @ WALKLEY RD (0006958),6958,02 - Intersection related,03 - P.D. only,03 - Rear end,01 - Clear,07 - Dark,05 - Packed snow,01 - Traffic signal,01 - Functioning,2,0,0,0,,0,,,,,371421.7306,5026591.244,45.37609555,-75.64938069,4553
17--14217,12/28/2017,7:00 AM,BLAIR RD @ REGIONAL RD 174 S/OR174 IC112 RAMP15 (0012435),12435,02 - Intersection related,03 - P.D. only,07 - SMV other,01 - Clear,03 - Dawn,06 - Ice,01 - Traffic signal,01 - Functioning,1,0,0,0,,0,,,,,374907.1842,5032662.165,45.43037852,-75.60402104,4554
17--14218,12/28/2017,7:02 AM,LEITRIM RD btwn LIMEBANK RD & HIGH RD (__3ZBOEL),__3ZBOEL,01 - Non intersection,03 - P.D. only,07 - SMV other,05 - Drifting Snow,03 - Dawn,06 - Ice,10 - No control,,1,0,0,0,,0,,,,,371416.2698,5019132.916,45.30898833,-75.65045473,4555
17--14219,12/28/2017,7:10 AM,HIGHWAY 417 btwn HWY417 IC123 RAMP62 & HWY417 IC122 RAMP16 (__3ZA2R9),__3ZA2R9,01 - Non intersection,03 - P.D. only,07 - SMV other,01 - Clear,03 - Dawn,06 - Ice,10 - No control,,1,0,0,0,,0,,,,,365133.9121,5028720.894,45.39582736,-75.7293949,4556
17--1422,2/4/2017,3:15 PM,TWIN ELM RD btwn CAMBRIAN RD & BARNSDALE RD (__3ZAB9C),__3ZAB9C,01 - Non intersection,03 - P.D. only,07 - SMV other,01 - Clear,01 - Daylight,05 - Packed snow,10 - No control,,1,0,0,0,,0,,,,,359926.8645,5008452.347,45.21387897,-75.79814998,4557
17--14329,12/30/2017,2:00 PM,HIGHWAY 417 btwn HWY417 IC126 RAMP61 & HWY417 IC124 RAMP76 (__3ZA2Y2),__3ZA2Y2,01 - Non intersection,03 - P.D. only,04 - Sideswipe,01 - Clear,01 - Daylight,02 - Wet,10 - No control,,3,0,0,0,,0,,,,,363676.7853,5026536.696,45.37629834,-75.74826473,4558
17--13973,12/23/2017,3:15 PM,HUNT CLUB RD @ RIVERSIDE DR (0002237),2237,02 - Intersection related,02 - Non-fatal injury,03 - Rear end,03 - Snow,01 - Daylight,03 - Loose snow,01 - Traffic signal,01 - Functioning,2,0,0,0,02 - Minor,1,,1,,,368036.7029,5021945.498,45.33460788,-75.6931902,4559
17--1433,2/5/2017,1:30 PM,FISHER AVE @ VIEWMOUNT DR (0005076),5076,03 - At intersection,03 - P.D. only,02 - Angle,03 - Snow,01 - Daylight,03 - Loose snow,01 - Traffic signal,01 - Functioning,2,0,0,0,,0,,,,,366919.7948,5024209.236,45.35507634,-75.70715467,4560
17--1454,2/5/2017,3:11 PM,BANFF AVE @ WALKLEY RD (0006813),6813,02 - Intersection related,03 - P.D. only,03 - Rear end,01 - Clear,01 - Daylight,02 - Wet,01 - Traffic signal,01 - Functioning,2,0,0,0,,0,,,,,370503.7257,5026043.909,45.3712575,-75.66117322,4561
17--13974,12/23/2017,3:20 PM,MAPLE GROVE RD @ TERRY FOX DR (0003177),3177,02 - Intersection related,03 - P.D. only,04 - Sideswipe,03 - Snow,01 - Daylight,03 - Loose snow,01 - Traffic signal,00 - Unknown,2,0,0,0,,0,,,,,351553.6086,5017864.228,45.29917554,-75.90386263,4562
17--14330,12/30/2017,2:05 PM,HIGHWAY 417 btwn HWY417 IC124 RAMP76 & HWY417 IC124 RAMP67 (__3ZA2R7),__3ZA2R7,01 - Non intersection,03 - P.D. only,03 - Rear end,01 - Clear,01 - Daylight,02 - Wet,10 - No control,,4,0,0,0,,0,,,,,364269.0827,5027336.533,45.38344512,-75.74060664,4563
17--13975,12/23/2017,3:30 PM,JEANNE D'ARC BLVD @ OR174 IC105 RAMP36 (0004139),4139,02 - Intersection related,02 - Non-fatal injury,03 - Rear end,03 - Snow,01 - Daylight,03 - Loose snow,10 - No control,00 - Unknown,2,0,0,0,01 - Minimal,1,1,,,,379271.7257,5037281.564,45.47148937,-75.5475498,4564
17--13976,12/23/2017,3:30 PM,JOCKVALE RD @ FABLE ST/WEYBRIDGE DR E (0000722),722,03 - At intersection,03 - P.D. only,02 - Angle,03 - Snow,01 - Daylight,03 - Loose snow,11 - Roundabout,01 - Functioning,2,0,0,0,,0,,,,,362513.2606,5015143.762,45.27388189,-75.76444722,4565
17--13977,12/23/2017,3:30 PM,MCRAE AVE @ RICHMOND RD (0006867),6867,02 - Intersection related,03 - P.D. only,03 - Rear end,03 - Snow,01 - Daylight,03 - Loose snow,01 - Traffic signal,01 - Functioning,2,0,0,0,,0,,,,,363608.7432,5028538.318,45.39431433,-75.74889493,4566
17--13978,12/23/2017,3:33 PM,ANTIGONISH AVE @ OLD MONTREAL RD (0013981),13981,03 - At intersection,03 - P.D. only,02 - Angle,03 - Snow,01 - Daylight,03 - Loose snow,02 - Stop sign,01 - Functioning,2,0,0,0,,0,,,,,384866.4789,5039358.577,45.48955732,-75.47566866,4567
17--13979,12/23/2017,3:34 PM,ANDERSON RD @ DOLMAN RIDGE RD (0004147),4147,02 - Intersection related,03 - P.D. only,01 - Approaching,03 - Snow,01 - Daylight,05 - Packed snow,02 - Stop sign,00 - Unknown,2,0,0,0,,0,,,,,378310.8028,5030274.779,45.40854891,-75.56088428,4568
17--1398,2/3/2017,8:10 PM,BELCOURT BLVD @ NOTRE DAME ST (0004356),4356,03 - At intersection,02 - Non-fatal injury,02 - Angle,01 - Clear,07 - Dark,01 - Dry,02 - Stop sign,01 - Functioning,2,0,0,0,02 - Minor,2,1,1,,,381315.2033,5037215.311,45.47067239,-75.52142901,4569
17--13980,12/23/2017,3:40 AM,HENNEPIN ST btwn KENNEVALE DR & SARRAZIN WAY (__3ZA58R),__3ZA58R,04 - At/near private drive,03 - P.D. only,06 - SMV unattended vehicle,03 - Snow,07 - Dark,04 - Slush,10 - No control,,1,0,0,0,,0,,,,,362321.1694,5014407.66,45.26727414,-75.76698047,4570
17--13981,12/23/2017,3:43 PM,REGIONAL ROAD 174 btwn OR174 IC109 RAMP64 & OR174 IC105 RAMP16 (__3ZA2XD),__3ZA2XD,01 - Non intersection,03 - P.D. only,04 - Sideswipe,03 - Snow,01 - Daylight,03 - Loose snow,10 - No control,,2,0,0,0,,0,,,,,377601.8106,5036006.61,45.4601943,-75.56909302,4571
17--13982,12/23/2017,3:52 PM,CAMPEAU DR/HWY 417 MARCH IC138R63 @ MARCH RD (0009710),9710,02 - Intersection related,03 - P.D. only,03 - Rear end,03 - Snow,01 - Daylight,06 - Ice,01 - Traffic signal,01 - Functioning,3,0,0,0,,0,,,,,352841.1515,5020477.65,45.32260482,-75.88719322,4572
17--13983,12/23/2017,3:55 PM,ST. JOSEPH BLVD @ TENTH LINE RD (0009163),9163,03 - At intersection,03 - P.D. only,03 - Rear end,03 - Snow,01 - Daylight,03 - Loose snow,01 - Traffic signal,01 - Functioning,2,0,0,0,,0,,,,,382892.2739,5038665.806,45.48354808,-75.50103194,4573
17--13984,12/23/2017,4:09 PM,ST. JOSEPH BLVD @ TENTH LINE RD (0009163),9163,03 - At intersection,03 - P.D. only,03 - Rear end,03 - Snow,05 - Dusk,03 - Loose snow,01 - Traffic signal,01 - Functioning,2,0,0,0,,0,,,,,382893.2733,5038664.997,45.48354069,-75.50101929,4574
17--13985,12/23/2017,4:20 PM,PLEASANT PARK RD btwn FAIRBANKS AVE & LYNDA LANE (__3ZA9IY),__3ZA9IY,01 - Non intersection,03 - P.D. only,06 - SMV unattended vehicle,03 - Snow,05 - Dusk,05 - Packed snow,10 - No control,,1,0,0,0,,0,,,,,371280.5491,5028566.641,45.39388285,-75.65091703,4575
17--13986,12/23/2017,4:22 PM,LAURIER AVE @ NICHOLAS ST (0010711),10711,02 - Intersection related,03 - P.D. only,04 - Sideswipe,03 - Snow,05 - Dusk,04 - Slush,01 - Traffic signal,01 - Functioning,2,0,0,0,,0,,,,,368374.5928,5031798.987,45.4232363,-75.68761095,4576
17--13987,12/23/2017,4:22 PM,ISABELLA ST/HWY417 IC119AR75 @ METCALFE ST (0011380),11380,02 - Intersection related,03 - P.D. only,04 - Sideswipe,03 - Snow,05 - Dusk,03 - Loose snow,01 - Traffic signal,00 - Unknown,2,0,0,0,,0,,,,,368449.4515,5030400.212,45.41064379,-75.68683513,4577
17--13988,12/23/2017,4:30 PM,INNES RD @ JEANNE D'ARC BLVD/MER BLEUE RD (0012475),12475,03 - At intersection,03 - P.D. only,05 - Turning movement,03 - Snow,05 - Dusk,03 - Loose snow,01 - Traffic signal,01 - Functioning,2,0,0,0,,0,,,,,382638.1185,5035569.38,45.45571754,-75.5047731,4578
17--13989,12/23/2017,4:30 PM,MONTREAL RD @ ST. LAURENT BLVD (0002604),2604,02 - Intersection related,03 - P.D. only,03 - Rear end,03 - Snow,05 - Dusk,06 - Ice,01 - Traffic signal,01 - Functioning,2,0,0,0,,0,,,,,371545.7029,5033816.878,45.44109699,-75.64681974,4579
17--1399,2/3/2017,8:23 PM,RIDDELL DR btwn MARCH VALLEY RD & SIXTH LINE RD (__3ZA42B),__3ZA42B,01 - Non intersection,03 - P.D. only,07 - SMV other,01 - Clear,07 - Dark,01 - Dry,10 - No control,,1,0,0,0,,0,,,,,350083.7195,5029001.576,45.39948807,-75.92158379,4580
17--13990,12/23/2017,4:32 PM,KING EDWARD AVE @ ST. ANDREW ST (0011434),11434,02 - Intersection related,03 - P.D. only,03 - Rear end,03 - Snow,05 - Dusk,03 - Loose snow,01 - Traffic signal,01 - Functioning,2,0,0,0,,0,,,,,368161.345,5032967.822,45.43377241,-75.69018528,4581
17--13991,12/23/2017,4:51 PM,HAZEL ST @ MAIN ST (0007202),7202,02 - Intersection related,03 - P.D. only,03 - Rear end,01 - Clear,05 - Dusk,03 - Loose snow,01 - Traffic signal,01 - Functioning,3,0,0,0,,0,,,,,369166.7983,5030173.86,45.40854155,-75.67770104,4582
17--13992,12/23/2017,5:00 PM,OTTAWA RIVER PKWY @ REMIC RAPIDS ENT/TUNNEY'S  (0011322),11322,02 - Intersection related,03 - P.D. only,05 - Turning movement,03 - Snow,07 - Dark,04 - Slush,01 - Traffic signal,01 - Functioning,2,0,0,0,,0,,,,,364263.271,5030245.247,45.40961766,-75.74033023,4583
17--13993,12/23/2017,5:23 PM,LEOPOLDS DR @ RIVERSIDE DR (0007181),7181,02 - Intersection related,03 - P.D. only,03 - Rear end,03 - Snow,07 - Dark,03 - Loose snow,02 - Stop sign,00 - Unknown,2,0,0,0,,0,,,,,368044.2528,5024049.737,45.35354069,-75.69282485,4584
17--13994,12/23/2017,5:28 PM,KITCHENER AVE @ BANK ST (0011963),11963,03 - At intersection,03 - P.D. only,05 - Turning movement,03 - Snow,07 - Dark,03 - Loose snow,01 - Traffic signal,01 - Functioning,2,0,0,0,,0,,,,,370541.984,5025499.345,45.3663541,-75.66075731,4585
17--13995,12/23/2017,5:30 PM,RAMSAYVILLE RD @ WALKLEY EXTENSION RD (0004172),4172,03 - At intersection,03 - P.D. only,02 - Angle,03 - Snow,07 - Dark,03 - Loose snow,10 - No control,00 - Unknown,2,0,0,0,,0,,,,,376463.504,5029425.818,45.40110202,-75.58460421,4586
17--13996,12/23/2017,6:00 PM,MERIVALE RD btwn BENTLEY AVE & JAMIE AVE (__3ZBOG2),__3ZBOG2,01 - Non intersection,03 - P.D. only,04 - Sideswipe,03 - Snow,07 - Dark,04 - Slush,10 - No control,,2,0,0,0,,0,,,,,365688.9072,5021760.537,45.33315128,-75.72316465,4587
17--13997,12/23/2017,6:22 PM,TENTH LINE RD @ VANGUARD DR (0004632),4632,03 - At intersection,03 - P.D. only,05 - Turning movement,03 - Snow,07 - Dark,03 - Loose snow,01 - Traffic signal,01 - Functioning,2,0,0,0,,0,,,,,384073.4574,5035874.565,45.45830196,-75.48637473,4588
17--13998,12/23/2017,6:31 PM,KANATA AVE @ TERRY FOX DR (0012691),12691,03 - At intersection,02 - Non-fatal injury,05 - Turning movement,03 - Snow,07 - Dark,05 - Packed snow,01 - Traffic signal,00 - Unknown,2,0,0,0,02 - Minor,1,,1,,,349305.8675,5019211.821,45.31144758,-75.93240026,4589
17--13999,12/23/2017,6:31 PM,RIVERSIDE DR @ SAN REMO PRIV (0011379),11379,02 - Intersection related,03 - P.D. only,03 - Rear end,03 - Snow,07 - Dark,03 - Loose snow,01 - Traffic signal,01 - Functioning,4,0,0,0,,0,,,,,370385.9206,5030402.181,45.41048271,-75.66209779,4590
17--14,1/1/2017,9:40 PM,BASELINE RD @ ERINDALE DR (0003209),3209,03 - At intersection,03 - P.D. only,07 - SMV other,01 - Clear,07 - Dark,02 - Wet,02 - Stop sign,01 - Functioning,1,0,0,0,,0,,,,,363856.8337,5024574.664,45.35862909,-75.74620061,4591
17--140,1/4/2017,5:28 AM,RICHMOND RD btwn WEST HUNT CLUB RD & SEYTON DR (__3ZA41P),__3ZA41P,01 - Non intersection,03 - P.D. only,07 - SMV other,01 - Clear,07 - Dark,01 - Dry,10 - No control,,1,0,0,0,,0,,,,,357302.073,5018913.001,45.30820647,-75.83045983,4592
17--1400,2/3/2017,8:47 AM,ST. PATRICK ST WB btwn FORSEY ST & ISLAND LODGE RD (__3ZA1LB),__3ZA1LB,04 - At/near private drive,03 - P.D. only,03 - Rear end,01 - Clear,01 - Daylight,01 - Dry,10 - No control,,2,0,0,0,,0,,,,,368708.4552,5033244.827,45.43621501,-75.68315748,4593
17--14000,12/23/2017,7:02 PM,HWY417 IC129 RAMP25 btwn GREENBANK RD & HIGHWAY 417 (__3ZAY5J),__3ZAY5J,01 - Non intersection,03 - P.D. only,03 - Rear end,03 - Snow,07 - Dark,03 - Loose snow,10 - No control,,3,0,0,0,,0,,,,,360545.097,5023560.78,45.34977733,-75.78858245,4594
17--14001,12/23/2017,7:16 PM,ORCHARDVIEW AVE btwn NORTHAMPTON DR & GARDENWAY DR (__3ZA5SM),__3ZA5SM,01 - Non intersection,03 - P.D. only,06 - SMV unattended vehicle,01 - Clear,07 - Dark,02 - Wet,10 - No control,,1,0,0,0,,0,,,,,384687.0595,5036933.949,45.46776341,-75.47835803,4595
17--14002,12/23/2017,7:16 PM,WEST HUNT CLUB RD EB btwn CEDARVIEW RD & GREENBANK RD (__3ZA198),__3ZA198,01 - Non intersection,03 - P.D. only,07 - SMV other,01 - Clear,07 - Dark,03 - Loose snow,10 - No control,,1,0,0,0,,0,,,,,360156.2226,5019793.172,45.31590714,-75.79396625,4596
17--14003,12/23/2017,7:17 PM,DONALD ST btwn BARNABY PRIV & TELFORD AVE (__3ZAYF3),__3ZAYF3,01 - Non intersection,03 - P.D. only,03 - Rear end,03 - Snow,07 - Dark,06 - Ice,10 - No control,,2,0,0,0,,0,,,,,371687.7907,5032426.253,45.42857121,-75.64519263,4597
17--14004,12/23/2017,8:20 AM,GEORGE ST @ DALHOUSIE ST (0008516),8516,03 - At intersection,03 - P.D. only,02 - Angle,01 - Clear,01 - Daylight,02 - Wet,01 - Traffic signal,01 - Functioning,2,0,0,0,,0,,,,,368157.6976,5032314.406,45.42789354,-75.69031597,4598
17--14005,12/23/2017,9:06 PM,BRONSON AVE btwn UNIVERSITY RD & BREWER WAY (__3ZA3BT),__3ZA3BT,01 - Non intersection,03 - P.D. only,07 - SMV other,01 - Clear,07 - Dark,03 - Loose snow,10 - No control,,1,0,0,0,,0,,,,,368023.0651,5027917.583,45.38834449,-75.69260019,4599
17--14006,12/23/2017,9:27 AM,HIGHWAY 7 btwn RAMP & DWYER HILL RD (__7JQ7LW),__7JQ7LW,01 - Non intersection,03 - P.D. only,07 - SMV other,03 - Snow,01 - Daylight,03 - Loose snow,10 - No control,,1,0,0,0,,0,,,,,340933.0173,5007133.125,45.20323783,-76.04005676,4600
17--14007,12/24/2017,1:16 PM,BANK ST btwn ARENA PL & WHITE ALDER AVE (__3ZA29N),__3ZA29N,01 - Non intersection,03 - P.D. only,03 - Rear end,01 - Clear,01 - Daylight,02 - Wet,10 - No control,,3,0,0,0,,0,,,,,375620.1168,5020996.448,45.32534434,-75.59658391,4601
17--14008,12/24/2017,1:24 AM,ECHO DR N @ MAIN ST (0002242),2242,02 - Intersection related,03 - P.D. only,03 - Rear end,03 - Snow,07 - Dark,05 - Packed snow,10 - No control,00 - Unknown,2,0,0,0,,0,,,,,368861.7262,5030890.442,45.4150171,-75.68150487,4602
17--14009,12/24/2017,1:24 AM,GLADSTONE AVE @ KENT ST (0002251),2251,03 - At intersection,03 - P.D. only,02 - Angle,01 - Clear,07 - Dark,02 - Wet,01 - Traffic signal,01 - Functioning,2,0,0,0,,0,,,,,367745.1552,5030458.443,45.41123144,-75.69582467,4603
17--1401,2/3/2017,8:47 PM,YORK ST WB btwn BYWARD MARKE SQ & SUSSEX DR (__3ZA1B0),__3ZA1B0,01 - Non intersection,03 - P.D. only,02 - Angle,01 - Clear,07 - Dark,01 - Dry,10 - No control,,2,0,0,0,,0,,,,,367882.1108,5032311.689,45.427894,-75.69383785,4604
17--14010,12/24/2017,1:58 PM,BANK ST @ RIVERSIDE DR N (0010778),10778,02 - Intersection related,02 - Non-fatal injury,07 - SMV other,01 - Clear,01 - Daylight,01 - Dry,01 - Traffic signal,01 - Functioning,1,0,0,1,01 - Minimal,1,1,,,,369226.2504,5027982.715,45.38882089,-75.67722781,4605
17--14011,12/24/2017,10:27 PM,DELTA ST @ STINSON AVE (0000897),897,03 - At intersection,03 - P.D. only,02 - Angle,01 - Clear,07 - Dark,03 - Loose snow,03 - Yield sign,01 - Functioning,2,0,0,0,,0,,,,,358164.6611,5020640.257,45.32368347,-75.81927426,4606
17--14012,12/24/2017,10:57 AM,WARDEN AVE btwn REYNOLDS DR & PRESTWICK DR (__3ZA6B3),__3ZA6B3,04 - At/near private drive,03 - P.D. only,02 - Angle,01 - Clear,01 - Daylight,05 - Packed snow,10 - No control,,2,0,0,0,,0,,,,,382992.8877,5037416.767,45.47229909,-75.4999439,4607
17--14013,12/24/2017,11:11 AM,BANK ST @ WALKLEY RD (0011423),11423,02 - Intersection related,03 - P.D. only,03 - Rear end,01 - Clear,01 - Daylight,01 - Dry,01 - Traffic signal,01 - Functioning,2,0,0,0,,0,,,,,370338.3254,5025947.498,45.37040551,-75.66329742,4608
17--14014,12/24/2017,11:55 AM,KING EDWARD AVE @ SOMERSET ST/MARIE CURIE PRIV (0001696),1696,03 - At intersection,02 - Non-fatal injury,07 - SMV other,01 - Clear,01 - Daylight,01 - Dry,01 - Traffic signal,01 - Functioning,1,0,0,1,02 - Minor,1,,1,,,368957.5875,5031673.844,45.42205708,-75.6801782,4609
17--14015,12/24/2017,12:05 PM,UPLANDS DR btwn GILLESPIE CRES & COUNTRY CLUB DR (__3ZA9ZX),__3ZA9ZX,04 - At/near private drive,03 - P.D. only,99 - Other,01 - Clear,01 - Daylight,01 - Dry,10 - No control,,2,0,0,0,,0,,,,,368511.701,5022950.412,45.34360691,-75.68700112,4610
17--14016,12/24/2017,12:07 PM,NEPEAN ST @ BANK ST (0006938),6938,02 - Intersection related,03 - P.D. only,02 - Angle,03 - Snow,01 - Daylight,03 - Loose snow,02 - Stop sign,01 - Functioning,2,0,0,0,,0,,,,,367562.7051,5031132.866,45.41731607,-75.6980695,4611
17--14017,12/24/2017,12:33 PM,CHEVRIER ST @ TRENT ST (0006717),6717,02 - Intersection related,03 - P.D. only,07 - SMV other,03 - Snow,01 - Daylight,05 - Packed snow,03 - Yield sign,00 - Unknown,1,0,0,0,,0,,,,,365643.7007,5026845.303,45.37890708,-75.72311553,4612
17--14018,12/24/2017,2:00 PM,RIVERSIDE DR @ SMYTH RD NORTH SIDE RAMP (0011479),11479,02 - Intersection related,03 - P.D. only,04 - Sideswipe,01 - Clear,01 - Daylight,01 - Dry,01 - Traffic signal,01 - Functioning,2,0,0,0,,0,,,,,369937.4808,5029315.98,45.40075136,-75.66796978,4613
17--14019,12/24/2017,2:04 PM,DALEHURST DR btwn CRESTLEA CRES & LAVONNE CRT (__3ZA53T),__3ZA53T,01 - Non intersection,03 - P.D. only,06 - SMV unattended vehicle,01 - Clear,01 - Daylight,05 - Packed snow,10 - No control,,1,0,0,0,,0,,,,,363610.4789,5021762.035,45.33334202,-75.74967923,4614
17--1402,2/3/2017,8:53 AM,NORICE ST @ WOODROFFE AVE (0001542),1542,02 - Intersection related,03 - P.D. only,03 - Rear end,01 - Clear,01 - Daylight,02 - Wet,01 - Traffic signal,01 - Functioning,2,0,0,0,,0,,,,,363195.7769,5022398.039,45.33909938,-75.75489462,4615
17--14020,12/24/2017,2:47 PM,CARLING AVE @ OTTAWA RIVER PKWY WB (0002142),2142,03 - At intersection,03 - P.D. only,03 - Rear end,01 - Clear,01 - Daylight,02 - Wet,03 - Yield sign,01 - Functioning,2,0,0,0,,0,,,,,360857.6283,5025170.757,45.36423892,-75.78441167,4616
17--14021,12/24/2017,2:48 AM,MCARTHUR AVE @ NORTH RIVER RD (0009202),9202,02 - Intersection related,03 - P.D. only,04 - Sideswipe,01 - Clear,07 - Dark,02 - Wet,01 - Traffic signal,01 - Functioning,2,0,0,0,,0,,,,,369821.1582,5032646.356,45.43072763,-75.66901605,4617
17--14040,12/25/2017,10:40 PM,BOOTH ST @ ORANGEVILLE ST (0006511),6511,03 - At intersection,03 - P.D. only,02 - Angle,01 - Clear,07 - Dark,01 - Dry,02 - Stop sign,01 - Functioning,2,0,0,0,,0,,,,,366891.6961,5029571.565,45.4033278,-75.70683893,4618
17--14022,12/24/2017,3:00 PM,BEECHWOOD AVE @ CORONA AVE (0005755),5755,03 - At intersection,03 - P.D. only,02 - Angle,01 - Clear,01 - Daylight,03 - Loose snow,02 - Stop sign,01 - Functioning,2,0,0,0,,0,,,,,369698.6187,5034149.563,45.44426425,-75.67038378,4619
17--14023,12/24/2017,3:19 AM,LAURENTIDE RD btwn ASHFORD DR & ELMSLEY CRES (__3ZBNFF),__3ZBNFF,04 - At/near private drive,03 - P.D. only,99 - Other,03 - Snow,07 - Dark,04 - Slush,10 - No control,,2,0,0,0,,0,,,,,358171.5195,5019908.61,45.31709952,-75.81926562,4620
17--14024,12/24/2017,4:10 PM,TENTH LINE RD btwn DES EPINETTES AVE & INNES RD (__3ZA3Y8),__3ZA3Y8,01 - Non intersection,02 - Non-fatal injury,03 - Rear end,01 - Clear,05 - Dusk,04 - Slush,10 - No control,,3,0,0,0,02 - Minor,2,1,1,,,383873.6538,5036344.176,45.46254973,-75.48885357,4621
17--14025,12/24/2017,4:31 PM,PRINCE OF WALES DR btwn WATERBRIDGE DR & CRESTWAY DR (__3ZA294),__3ZA294,01 - Non intersection,03 - P.D. only,07 - SMV other,03 - Snow,05 - Dusk,03 - Loose snow,10 - No control,,1,0,0,0,,0,,,,,367361.5319,5016477.974,45.28547237,-75.70249383,4622
17--14026,12/24/2017,4:33 PM,HENRY FARM DR @ MAITLAND AVE (0003213),3213,02 - Intersection related,03 - P.D. only,07 - SMV other,01 - Clear,05 - Dusk,01 - Dry,02 - Stop sign,01 - Functioning,1,0,0,0,,0,,,,,363849.1666,5025152.282,45.36382707,-75.74622945,4623
17--14027,12/24/2017,4:40 AM,MARCH RD btwn BEARHILL RD & ROB LYTLE'S LANE (__3ZA2QA),__3ZA2QA,01 - Non intersection,03 - P.D. only,07 - SMV other,03 - Snow,07 - Dark,03 - Loose snow,10 - No control,,1,0,0,0,,0,,,,,338872.8379,5018682.915,45.30727194,-76.06548847,4624
17--14028,12/24/2017,5:10 PM,BANK ST @ PORTLAND AVE (0006964),6964,03 - At intersection,03 - P.D. only,02 - Angle,01 - Clear,07 - Dark,05 - Packed snow,02 - Stop sign,01 - Functioning,2,0,0,0,,0,,,,,370106.4088,5026552.26,45.37586861,-75.66617793,4625
17--14029,12/24/2017,5:37 PM,UPPER DWYER HILL RD btwn HAMILTON SIDE RD & MCARTON RD (__3ZA4E9),__3ZA4E9,01 - Non intersection,03 - P.D. only,07 - SMV other,01 - Clear,07 - Dark,06 - Ice,10 - No control,,1,0,0,0,,0,,,,,338276.7437,5009614.462,45.22569764,-76.07370114,4626
17--1403,2/3/2017,8:55 AM,SAUNDERSON DR @ SMYTH RD (0007729),7729,03 - At intersection,03 - P.D. only,05 - Turning movement,01 - Clear,01 - Daylight,01 - Dry,01 - Traffic signal,01 - Functioning,2,0,0,0,,0,,,,,372793.7313,5029324.365,45.40055523,-75.63148858,4627
17--14030,12/24/2017,5:55 PM,BASELINE RD btwn MERIVALE RD & FARLANE BLVD (__3ZA4ID),__3ZA4ID,01 - Non intersection,02 - Non-fatal injury,99 - Other,01 - Clear,07 - Dark,02 - Wet,10 - No control,,3,0,0,1,03 - Major,1,,,1,,365159.5138,5025390.731,45.36586099,-75.72947507,4628
17--14031,12/24/2017,6:00 PM,ROCHELLE DR btwn MIRA CRT & TARRYN TER (__3EWGF5),__3EWGF5,04 - At/near private drive,03 - P.D. only,06 - SMV unattended vehicle,03 - Snow,07 - Dark,03 - Loose snow,10 - No control,,1,0,0,0,,0,,,,,356221.7368,5005960.42,45.19173595,-75.8455759,4629
17--14032,12/24/2017,6:55 PM,HWY 417 MAITLAND IC126R26/62 @ MAITLAND AVE (0008228),8228,03 - At intersection,03 - P.D. only,02 - Angle,03 - Snow,07 - Dark,03 - Loose snow,01 - Traffic signal,01 - Functioning,2,0,0,0,,0,,,,,363145.7309,5025983.589,45.37136597,-75.75510996,4630
17--14033,12/24/2017,7:43 AM,ELGIN ST @ WELLINGTON ST W (0002113),2113,02 - Intersection related,03 - P.D. only,04 - Sideswipe,01 - Clear,03 - Dawn,03 - Loose snow,01 - Traffic signal,01 - Functioning,2,0,0,0,,0,,,,,367664.2528,5031876.901,45.42400154,-75.6966772,4631
17--14034,12/24/2017,9:24 AM,MERIVALE RD @ SHILLINGTON AVE (0011308),11308,02 - Intersection related,03 - P.D. only,07 - SMV other,03 - Snow,01 - Daylight,04 - Slush,01 - Traffic signal,01 - Functioning,1,0,0,0,,0,,,,,364844.6646,5026809.026,45.3786496,-75.73332153,4632
17--14035,12/25/2017,1:30 PM,LONGFIELDS DR @ WOODROFFE AVE (0000096),96,03 - At intersection,03 - P.D. only,07 - SMV other,03 - Snow,01 - Daylight,05 - Packed snow,01 - Traffic signal,01 - Functioning,1,0,0,0,,0,,,,,365420.6965,5017106.708,45.29129976,-75.7271556,4633
17--14036,12/25/2017,1:55 PM,COVENTRY RD @ VANIER PKWY (0002139),2139,03 - At intersection,03 - P.D. only,03 - Rear end,03 - Snow,01 - Daylight,03 - Loose snow,01 - Traffic signal,01 - Functioning,2,0,0,0,,0,,,,,370676.3785,5031611.686,45.42133807,-75.65822572,4634
17--14037,12/25/2017,10:15 PM,HOLLINGTON ST @ SHILLINGTON AVE (0006745),6745,02 - Intersection related,03 - P.D. only,99 - Other,01 - Clear,07 - Dark,03 - Loose snow,02 - Stop sign,00 - Unknown,2,0,0,0,,0,,,,,365207.2249,5027033.823,45.38064112,-75.72866511,4635