Anom_ID,Accident_Date,Accident_Time,Location,Geo_ID,Accident_Location,Classification_of_Accident,Initial_Impact_Type,Environment_Condition,Light,Road_Surface_Condition,Traffic_Control,Traffic_Control_Condition,No__of_Vehicles,No__of_Bicycles,No__of_Motorcycles,No__of_Pedestrians,Max_Injury,No__of_Injuries,No__of_Minimal,No__of_Minor,No__of_Major,No__of_Fatal,X,Y,Latitude,Longitude,ObjectId
17--14038,12/25/2017,10:30 AM,BEATRICE DR @ STRANDHERD DR (0005447),5447,02 - Intersection related,03 - P.D. only,05 - Turning movement,01 - Clear,01 - Daylight,03 - Loose snow,01 - Traffic signal,01 - Functioning,2,0,0,0,,0,,,,,365526.6669,5015322.665,45.27523787,-75.72602304,4636
17--14039,12/25/2017,10:30 PM,HIGHWAY 417 btwn HWY417 IC155 RAMP61 & HWY417 IC145 RAMP56 (__3ZA2Q2),__3ZA2Q2,01 - Non intersection,03 - P.D. only,07 - SMV other,01 - Clear,07 - Dark,01 - Dry,10 - No control,,1,0,0,0,,0,,,,,344365.9359,5015440.473,45.27780714,-75.9956993,4637
17--1404,2/3/2017,8:57 PM,EAGLESON RD @ 146 N OF ABBEYHILL DR/HAZELDEAN  (0011577),11577,03 - At intersection,02 - Non-fatal injury,05 - Turning movement,01 - Clear,07 - Dark,01 - Dry,01 - Traffic signal,01 - Functioning,3,0,0,0,02 - Minor,1,,1,,,353773.2915,5018172.055,45.30179421,-75.87553154,4638
17--14331,12/30/2017,2:13 PM,HIGHWAY 417 btwn HWY417 IC124 RAMP67 & HWY417 IC123 RAMP62 (__3ZA2YZ),__3ZA2YZ,01 - Non intersection,03 - P.D. only,03 - Rear end,01 - Clear,01 - Daylight,02 - Wet,10 - No control,,3,0,0,0,,0,,,,,364738.5074,5027994.659,45.3893268,-75.73453291,4639
17--1455,2/5/2017,3:29 PM,HAWTHORNE RD/RUSSELL RD @ WALKLEY RD (0002618),2618,02 - Intersection related,03 - P.D. only,03 - Rear end,05 - Drifting Snow,01 - Daylight,05 - Packed snow,01 - Traffic signal,01 - Functioning,2,0,0,0,,0,,,,,374675.1841,5028503.585,45.392985,-75.60757518,4640
17--14041,12/25/2017,10:40 PM,BEECHFERN DR btwn OAKFERN CRES & CARBERY DR (__3ZA5IS),__3ZA5IS,01 - Non intersection,03 - P.D. only,06 - SMV unattended vehicle,03 - Snow,07 - Dark,05 - Packed snow,10 - No control,,1,0,0,0,,0,,,,,350466.0411,5013882.308,45.2634165,-75.91809545,4641
17--14332,12/30/2017,2:15 PM,HIGHWAY 417 btwn HWY417 IC126 RAMP61 & HWY417 IC124 RAMP76 (__3ZA2Y2),__3ZA2Y2,01 - Non intersection,03 - P.D. only,03 - Rear end,01 - Clear,01 - Daylight,01 - Dry,10 - No control,,2,0,0,0,,0,,,,,364076.4127,5027083.644,45.38118599,-75.7430971,4642
17--14333,12/30/2017,2:30 PM,MAITLAND AVE/HWY 417 MAITLAND IC126R53 @ HWY 4 (0008229),8229,02 - Intersection related,03 - P.D. only,03 - Rear end,01 - Clear,01 - Daylight,06 - Ice,01 - Traffic signal,00 - Unknown,3,0,0,0,,0,,,,,363229.2681,5025772.948,45.36946369,-75.75406846,4643
17--14334,12/30/2017,2:35 PM,WOODROFFE AVE @ DEERFOX DR/STONEWAY DR (0004601),4601,02 - Intersection related,03 - P.D. only,05 - Turning movement,03 - Snow,01 - Daylight,05 - Packed snow,01 - Traffic signal,01 - Functioning,2,0,0,0,,0,,,,,365885.5587,5015940.445,45.28076554,-75.72137327,4644
17--14335,12/30/2017,2:36 PM,CRESTHAVEN DR btwn GROVEMONT DR & HARBOUR VIEW ST (__44Z9X1),__44Z9X1,04 - At/near private drive,03 - P.D. only,06 - SMV unattended vehicle,03 - Snow,01 - Daylight,04 - Slush,10 - No control,,1,0,0,0,,0,,,,,366564.9744,5014877.888,45.27114535,-75.71284612,4645
17--14336,12/30/2017,3:17 AM,COLONEL BY DR btwn BRONSON PL & SENECA ST (__3ZA21L),__3ZA21L,01 - Non intersection,03 - P.D. only,07 - SMV other,01 - Clear,07 - Dark,01 - Dry,10 - No control,,1,0,0,0,,0,,,,,367854.7249,5028518.467,45.39376625,-75.69467301,4646
17--14337,12/30/2017,4:01 PM,MAITLAND AVE @ WOODWARD DR (0003185),3185,02 - Intersection related,02 - Non-fatal injury,02 - Angle,01 - Clear,05 - Dusk,02 - Wet,01 - Traffic signal,01 - Functioning,2,0,0,0,01 - Minimal,1,1,,,,363275.3409,5025662.527,45.36846629,-75.7534934,4647
17--14338,12/30/2017,4:29 PM,JOCKVALE RD @ STRANDHERD DR (0010541),10541,03 - At intersection,03 - P.D. only,03 - Rear end,01 - Clear,05 - Dusk,03 - Loose snow,01 - Traffic signal,01 - Functioning,2,0,0,0,,0,,,,,363559.5247,5014578.076,45.26870518,-75.7511807,4648
17--14339,12/30/2017,4:59 PM,BY WARD MARKET SQ btwn CLARENCE ST & YORK ST (__3ZA81U),__3ZA81U,01 - Non intersection,03 - P.D. only,06 - SMV unattended vehicle,01 - Clear,07 - Dark,02 - Wet,10 - No control,,1,0,0,0,,0,,,,,367907.927,5032375.715,45.42846776,-75.69349976,4649
17--1434,2/5/2017,1:31 PM,MONTREAL RD @ GRANVILLE ST/LAFONTAINE AVE (0009348),9348,03 - At intersection,02 - Non-fatal injury,07 - SMV other,01 - Clear,01 - Daylight,02 - Wet,01 - Traffic signal,01 - Functioning,1,0,0,1,01 - Minimal,1,1,,,,370827.4639,5033474.216,45.43808207,-75.65604562,4650
17--14340,12/30/2017,5:03 PM,BANK ST @ WALKLEY RD (0011423),11423,02 - Intersection related,03 - P.D. only,03 - Rear end,01 - Clear,07 - Dark,01 - Dry,01 - Traffic signal,00 - Unknown,3,0,0,0,,0,,,,,370338.303,5025948.411,45.37041373,-75.66329759,4651
17--14341,12/30/2017,5:08 PM,THIRD AVE btwn BANK ST & O'CONNOR ST (__3ZA92G),__3ZA92G,04 - At/near private drive,03 - P.D. only,06 - SMV unattended vehicle,01 - Clear,07 - Dark,05 - Packed snow,10 - No control,,1,0,0,0,,0,,,,,368567.7055,5029689.862,45.40424153,-75.68541639,4652
17--14342,12/30/2017,5:27 PM,BREWER RD @ BRONSON AVE (0002240),2240,03 - At intersection,02 - Non-fatal injury,05 - Turning movement,01 - Clear,07 - Dark,03 - Loose snow,01 - Traffic signal,01 - Functioning,3,0,0,0,03 - Major,4,,3,1,,368108.1452,5027765.309,45.38696669,-75.69153331,4653
17--14343,12/30/2017,5:30 PM,GRANT CARMAN DR @ MEADOWLANDS DR (0001111),1111,03 - At intersection,03 - P.D. only,05 - Turning movement,01 - Clear,07 - Dark,05 - Packed snow,01 - Traffic signal,01 - Functioning,2,0,0,0,,0,,,,,365052.172,5023901.268,45.35246826,-75.7310268,4654
17--14344,12/30/2017,5:47 PM,CARLING AVE @ BAYSHORE DR/BIRCHDALE AVE (0000021),21,03 - At intersection,03 - P.D. only,05 - Turning movement,01 - Clear,07 - Dark,02 - Wet,01 - Traffic signal,01 - Functioning,2,0,0,0,,0,,,,,359004.3976,5023989.902,45.35375934,-75.80819632,4655
17--14345,12/30/2017,6:04 PM,OTTAWA RIVER PKWY @ ISLAND PARK DR (0002127),2127,03 - At intersection,03 - P.D. only,03 - Rear end,03 - Snow,07 - Dark,06 - Ice,01 - Traffic signal,01 - Functioning,2,0,0,0,,0,,,,,363299.2635,5029454.538,45.40258424,-75.7527386,4656
17--14346,12/30/2017,6:07 PM,HWY 417 TERRYFO IC140R52 @ TERRY FOX DR (0003180),3180,02 - Intersection related,03 - P.D. only,03 - Rear end,01 - Clear,07 - Dark,06 - Ice,01 - Traffic signal,00 - Unknown,2,0,0,0,,0,,,,,351052.8314,5018433.08,45.30432737,-75.91019443,4657
17--14347,12/30/2017,6:12 PM,JEANNE D'ARC BLVD @ OR174 IC105 RAMP36 (0004139),4139,02 - Intersection related,03 - P.D. only,03 - Rear end,01 - Clear,07 - Dark,04 - Slush,03 - Yield sign,00 - Unknown,2,0,0,0,,0,,,,,379271.3508,5037282.559,45.47149836,-75.54755444,4658
17--14348,12/30/2017,7:36 PM,DEVINE RD @ FRANK KENNY RD (0012908),12908,02 - Intersection related,03 - P.D. only,07 - SMV other,01 - Clear,07 - Dark,06 - Ice,02 - Stop sign,00 - Unknown,1,0,0,0,,0,,,,,393676.1748,5023504.278,45.34585323,-75.36584236,4659
17--14349,12/30/2017,7:48 PM,BRONSON AVE @ SOMERSET ST (0002218),2218,03 - At intersection,03 - P.D. only,05 - Turning movement,06 - Strong wind,07 - Dark,06 - Ice,01 - Traffic signal,01 - Functioning,2,0,0,0,,0,,,,,366967.6961,5030477.767,45.4114748,-75.70575393,4660
17--1435,2/5/2017,1:46 PM,CARLING AVE @ MAITLAND AVE/SHERBOURNE RD (0002641),2641,02 - Intersection related,03 - P.D. only,03 - Rear end,03 - Snow,01 - Daylight,03 - Loose snow,01 - Traffic signal,00 - Unknown,2,0,0,0,,0,,,,,362942.6979,5026488.527,45.37592622,-75.75764239,4661
17--14350,12/30/2017,7:55 PM,QUEEN MARY ST @ VANIER PKWY (0007648),7648,03 - At intersection,03 - P.D. only,05 - Turning movement,01 - Clear,07 - Dark,01 - Dry,01 - Traffic signal,01 - Functioning,2,0,0,0,,0,,,,,370362.7547,5031958.78,45.42449054,-75.66218661,4662
17--14351,12/30/2017,7:55 PM,OTTAWA RIVER PKWY @ ISLAND PARK DR (0002127),2127,02 - Intersection related,03 - P.D. only,03 - Rear end,01 - Clear,07 - Dark,04 - Slush,01 - Traffic signal,01 - Functioning,2,0,0,0,,0,,,,,363298.6953,5029453.563,45.40257552,-75.75274598,4663
17--14352,12/30/2017,8:00 PM,CONIFER CREEK CIR S btwn CONIFER CREEK CIR & END (e___2HRG),e___2HRG,04 - At/near private drive,03 - P.D. only,06 - SMV unattended vehicle,03 - Snow,07 - Dark,05 - Packed snow,10 - No control,,1,0,0,0,,0,,,,,356858.882,5015467.134,45.27723301,-75.83647298,4664
17--14353,12/30/2017,8:25 PM,SUMMERGAZE ST btwn FOXLIGHT CIR & SOLARIS DR/CONIFER CREEK CIR (e___2HRA),e___2HRA,01 - Non intersection,03 - P.D. only,06 - SMV unattended vehicle,01 - Clear,07 - Dark,03 - Loose snow,10 - No control,,1,0,0,0,,0,,,,,356744.56,5015553.628,45.27801975,-75.83792094,4665
17--14354,12/30/2017,8:30 PM,HIGHWAY 417 btwn HWY417 IC129 RAMP26 & HWY417 IC129 RAMP61 (__3ZA2UO),__3ZA2UO,01 - Non intersection,03 - P.D. only,07 - SMV other,01 - Clear,07 - Dark,01 - Dry,10 - No control,,1,0,0,0,,0,,,,,360566.9773,5023639.073,45.35048007,-75.78829441,4666
17--14355,12/30/2017,9:29 AM,MERIVALE RD @ CAPILANO DR/WITHROW AVE (0009820),9820,02 - Intersection related,03 - P.D. only,03 - Rear end,03 - Snow,01 - Daylight,05 - Packed snow,01 - Traffic signal,01 - Functioning,2,0,0,0,,0,,,,,364641.4823,5024228.479,45.35544763,-75.73622818,4667
17--14356,12/31/2017,1:23 PM,STRANDHERD DR btwn CEDARVIEW RD & MADRID AVE (__6O5O8S),__6O5O8S,01 - Non intersection,02 - Non-fatal injury,03 - Rear end,01 - Clear,01 - Daylight,02 - Wet,10 - No control,,2,0,0,0,02 - Minor,2,,2,,,363029.5164,5014079.506,45.2642631,-75.7579929,4668
17--14357,12/31/2017,1:50 AM,WEST HUNT CLUB RD btwn PRINCE OF WALES DR & HUNT CLUB RD (__3ZA2T4),__3ZA2T4,01 - Non intersection,02 - Non-fatal injury,99 - Other,01 - Clear,07 - Dark,02 - Wet,10 - No control,,2,0,0,0,03 - Major,6,,5,1,,367624.9524,5021883.912,45.33409072,-75.69845085,4669
17--14358,12/31/2017,10:26 AM,CRAIG HENRY DR btwn ALDRIDGE WAY & JACK AARON DR (__3ZAAYZ),__3ZAAYZ,04 - At/near private drive,03 - P.D. only,06 - SMV unattended vehicle,01 - Clear,01 - Daylight,05 - Packed snow,10 - No control,,1,0,0,0,,0,,,,,362409.5804,5021887.515,45.33457071,-75.76498475,4670
17--14359,12/31/2017,10:33 AM,BELFAST RD @ TREMBLAY RD (0002698),2698,02 - Intersection related,03 - P.D. only,05 - Turning movement,01 - Clear,01 - Daylight,02 - Wet,01 - Traffic signal,00 - Unknown,2,0,0,0,,0,,,,,371558.2453,5031321.274,45.41864147,-75.64699775,4671
17--1436,2/5/2017,10:00 AM,HIGHWAY 417 btwn HWY417 IC117 RAMP51 & HWY417 IC117 RAMP35 (__3ZA2YN),__3ZA2YN,01 - Non intersection,03 - P.D. only,03 - Rear end,03 - Snow,01 - Daylight,04 - Slush,10 - No control,,2,0,0,0,,0,,,,,370488.3771,5031143.633,45.4171444,-75.66069016,4672
17--14360,12/31/2017,10:37 AM,INDUSTRIAL AVE/INNES RD @ ST. LAURENT BLVD (0002203),2203,03 - At intersection,03 - P.D. only,03 - Rear end,01 - Clear,01 - Daylight,06 - Ice,01 - Traffic signal,01 - Functioning,2,0,0,0,,0,,,,,373100.2008,5030004.857,45.40664815,-75.62748013,4673
17--14361,12/31/2017,11:06 AM,BELCOURT BLVD @ INNES RD (0004202),4202,02 - Intersection related,03 - P.D. only,02 - Angle,01 - Clear,01 - Daylight,01 - Dry,01 - Traffic signal,01 - Functioning,3,0,0,0,,0,,,,,382122.1117,5035267.953,45.45306284,-75.51141708,4674
17--14362,12/31/2017,Unknown,AVE. DU PERE CHARLEBOIS AVE btwn AVE. MONSEIGNEUR LEMIEUX AVE & AVE. V (__3ZA2J2),__3ZA2J2,01 - Non intersection,03 - P.D. only,06 - SMV unattended vehicle,03 - Snow,00 - Unknown,05 - Packed snow,10 - No control,,1,0,0,0,,0,,,,,371195.6529,5032218.102,45.42674525,-75.65150938,4675
17--14363,12/31/2017,12:21 AM,HAWTHORNE AVE/ISABELLA ST @ QUEEN ELIZABETH DR (0002105),2105,03 - At intersection,03 - P.D. only,02 - Angle,01 - Clear,07 - Dark,06 - Ice,01 - Traffic signal,01 - Functioning,2,0,0,0,,0,,,,,368665.2336,5030476.811,45.41131335,-75.68406873,4676
17--14364,12/31/2017,12:30 PM,HIGHWAY 417 btwn HWY417 IC123 RAMP62 & HWY417 IC122 RAMP16 (__3ZA2R9),__3ZA2R9,01 - Non intersection,03 - P.D. only,07 - SMV other,01 - Clear,01 - Daylight,01 - Dry,10 - No control,,1,0,0,0,,0,,,,,365114.4684,5028680.242,45.39546326,-75.72964819,4677
17--14365,12/31/2017,12:38 AM,HWY417 IC140 RAMP36 btwn TERRY FOX DR & HIGHWAY 417 (__3ZAYB4),__3ZAYB4,01 - Non intersection,03 - P.D. only,07 - SMV other,01 - Clear,07 - Dark,06 - Ice,10 - No control,,1,0,0,0,,0,,,,,350718.0321,5018485.638,45.30482227,-75.91445862,4678
17--14366,12/31/2017,12:39 AM,ST. LAURENT BLVD btwn INDUSTRIAL AVE & BOURASSA ST (__3ZBOFB),__3ZBOFB,07 - Overpass or bridge,03 - P.D. only,03 - Rear end,99 - Other,07 - Dark,06 - Ice,10 - No control,,2,0,0,0,,0,,,,,373140.9108,5029915.389,45.40583918,-75.62697253,4679
17--14367,12/31/2017,12:59 PM,BLAIR RD @ OGILVIE RD (0004120),4120,03 - At intersection,03 - P.D. only,03 - Rear end,01 - Clear,01 - Daylight,01 - Dry,01 - Traffic signal,01 - Functioning,2,0,0,0,,0,,,,,374507.2503,5033198.338,45.43524269,-75.60905571,4680
17--14368,12/31/2017,2:15 PM,INNES RD btwn STONEHENGE CRES & STONEHENGE CRES (__3ZA3RG),__3ZA3RG,01 - Non intersection,03 - P.D. only,04 - Sideswipe,03 - Snow,01 - Daylight,05 - Packed snow,10 - No control,,2,0,0,0,,0,,,,,375289.6684,5031271.259,45.41782548,-75.59933248,4681
17--14369,12/31/2017,2:52 PM,BASSANO ST @ CHIPPEWA AVE (0001907),1907,03 - At intersection,03 - P.D. only,02 - Angle,01 - Clear,01 - Daylight,01 - Dry,02 - Stop sign,01 - Functioning,2,0,0,0,,0,,,,,363850.5932,5024378.749,45.35686679,-75.74630366,4682
17--1437,2/5/2017,10:08 PM,GREENBANK RD @ PRINCE OF WALES DR (0001083),1083,03 - At intersection,03 - P.D. only,02 - Angle,03 - Snow,07 - Dark,05 - Packed snow,02 - Stop sign,00 - Unknown,2,0,0,0,,0,,,,,366201.6912,5009544.507,45.22318743,-75.71813416,4683
17--14370,12/31/2017,3:22 PM,BORGA CRES btwn BRANDO CRES & BRANDO CRES (__3ZBOYF),__3ZBOYF,04 - At/near private drive,03 - P.D. only,06 - SMV unattended vehicle,01 - Clear,01 - Daylight,02 - Wet,10 - No control,,1,0,0,0,,0,,,,,372310.1081,5025428.414,45.36554782,-75.63819818,4684
17--14371,12/31/2017,3:33 PM,CATHCART ST @ KING EDWARD AVE NB (0013340),13340,02 - Intersection related,03 - P.D. only,07 - SMV other,03 - Snow,01 - Daylight,06 - Ice,02 - Stop sign,00 - Unknown,1,0,0,0,,0,,,,,368094.0023,5033120.082,45.43514849,-75.69102632,4685
17--14372,12/31/2017,3:47 PM,CYRVILLE RD @ ST. LAURENT BLVD (0002647),2647,02 - Intersection related,03 - P.D. only,03 - Rear end,01 - Clear,01 - Daylight,01 - Dry,01 - Traffic signal,00 - Unknown,2,0,0,0,,0,,,,,372242.1942,5032111.817,45.42568882,-75.63815137,4686
17--14373,12/31/2017,3:56 PM,DATA CENTRE RD @ HERON RD (0007176),7176,02 - Intersection related,03 - P.D. only,04 - Sideswipe,01 - Clear,01 - Daylight,01 - Dry,02 - Stop sign,01 - Functioning,2,0,0,0,,0,,,,,368942.6269,5026731.864,45.37759214,-75.68101205,4687
17--14374,12/31/2017,4:16 PM,FITZGERALD RD @ ROBERTSON RD (0005301),5301,02 - Intersection related,03 - P.D. only,03 - Rear end,01 - Clear,05 - Dusk,06 - Ice,01 - Traffic signal,01 - Functioning,2,0,0,0,,0,,,,,356789.0977,5020289.06,45.32062658,-75.83685678,4688
17--14375,12/31/2017,4:34 AM,HIGHWAY 417 btwn HWY417 IC126 RAMP16 & HWY417 IC126 RAMP61 (__3ZA2RC),__3ZA2RC,01 - Non intersection,03 - P.D. only,07 - SMV other,01 - Clear,07 - Dark,06 - Ice,10 - No control,,1,0,0,0,,0,,,,,363124.0181,5025810.784,45.3698129,-75.75540755,4689
17--14376,12/31/2017,5:15 PM,TERRY FOX DR @ WESTPHALIAN AVE (0014366),14366,02 - Intersection related,03 - P.D. only,03 - Rear end,01 - Clear,07 - Dark,02 - Wet,01 - Traffic signal,01 - Functioning,2,0,0,0,,0,,,,,353455.2261,5015759.789,45.28011017,-75.87982363,4690
17--14377,12/31/2017,5:21 PM,MONTREAL RD @ OLMSTEAD ST (0009345),9345,03 - At intersection,02 - Non-fatal injury,07 - SMV other,01 - Clear,07 - Dark,02 - Wet,01 - Traffic signal,01 - Functioning,1,0,0,1,01 - Minimal,1,1,,,,370333.2522,5033212.115,45.43577029,-75.66239678,4691
17--14378,12/31/2017,5:45 PM,GREENLAND RD btwn PINE VALLEY CRT & VANCES SIDE RD (__3ZAC2F),__3ZAC2F,01 - Non intersection,03 - P.D. only,07 - SMV other,01 - Clear,07 - Dark,02 - Wet,10 - No control,,1,0,0,0,,0,,,,,341700.0358,5036412.491,45.46666531,-76.02811043,4692
17--14379,12/31/2017,5:48 PM,CARLING AVE @ BROADVIEW AVE (0006707),6707,02 - Intersection related,03 - P.D. only,03 - Rear end,01 - Clear,07 - Dark,06 - Ice,01 - Traffic signal,01 - Functioning,2,0,0,0,,0,,,,,363181.6424,5026638.303,45.37725401,-75.75457413,4693
17--1438,2/5/2017,10:09 AM,DUNROBIN RD btwn WAYBURN AVE & RIDDELL DR (__3ZA3EE),__3ZA3EE,01 - Non intersection,03 - P.D. only,03 - Rear end,03 - Snow,01 - Daylight,03 - Loose snow,10 - No control,,2,0,0,0,,0,,,,,347107.378,5026393.754,45.37620853,-75.95982287,4694
17--14380,12/31/2017,6:00 AM,WELLINGTON ST btwn KENT ST & BANK ST (__3ZA15A),__3ZA15A,01 - Non intersection,02 - Non-fatal injury,03 - Rear end,01 - Clear,07 - Dark,04 - Slush,10 - No control,,2,0,0,0,01 - Minimal,2,2,,,,367114.8342,5031537.847,45.421,-75.70374025,4695
17--14381,12/31/2017,6:33 PM,HERON RD @ BRIAR HILL DR/SANDALWOOD DR (0007190),7190,03 - At intersection,03 - P.D. only,03 - Rear end,01 - Clear,07 - Dark,02 - Wet,01 - Traffic signal,01 - Functioning,2,0,0,0,,0,,,,,371455.2351,5027013.263,45.37988954,-75.64889599,4696
17--14382,12/31/2017,6:44 AM,HIGHWAY 417 btwn HWY417 IC124 RAMP57 & HWY417 IC124 RAMP55 (__3ZA2Y1),__3ZA2Y1,01 - Non intersection,03 - P.D. only,07 - SMV other,01 - Clear,07 - Dark,06 - Ice,10 - No control,,1,0,0,0,,0,,,,,364101.2533,5027073.749,45.38109486,-75.74278112,4697
17--14383,12/31/2017,6:45 AM,HIGHWAY 417 btwn HWY417 IC124 RAMP65 & HWY417 IC122 RAMP51 (__3ZA2R8),__3ZA2R8,01 - Non intersection,03 - P.D. only,07 - SMV other,01 - Clear,07 - Dark,06 - Ice,10 - No control,,1,0,0,0,,0,,,,,365125.3833,5028664.723,45.39532268,-75.72951069,4698
17--14384,12/31/2017,6:47 AM,SAUNDERSON DR @ SMYTH RD (0007729),7729,02 - Intersection related,02 - Non-fatal injury,05 - Turning movement,01 - Clear,07 - Dark,02 - Wet,01 - Traffic signal,00 - Unknown,2,0,0,0,02 - Minor,2,,2,,,372794.4414,5029324.734,45.40055848,-75.63147946,4699
17--14385,12/31/2017,7:28 AM,HWY417 IC126 RAMP25 btwn HWY417 IC126 RAMP55 & HIGHWAY 417 (__3ZAYAC),__3ZAYAC,01 - Non intersection,03 - P.D. only,07 - SMV other,01 - Clear,03 - Dawn,06 - Ice,10 - No control,,1,0,0,0,,0,,,,,363311.735,5025984.933,45.37136422,-75.75299064,4700
17--14386,12/31/2017,7:30 PM,ANDERSON RD btwn DESJARDINS ST & WEIR RD (__3ZA2GS),__3ZA2GS,01 - Non intersection,03 - P.D. only,07 - SMV other,03 - Snow,07 - Dark,03 - Loose snow,10 - No control,,1,0,0,0,,0,,,,,377745.2002,5031508.747,45.41971056,-75.56792637,4701
17--14387,12/31/2017,7:34 AM,HIGHWAY 417 btwn HWY417 IC122 RAMP61 & HWY417 IC121B RAMP16 (__3ZA2Y4),__3ZA2Y4,01 - Non intersection,03 - P.D. only,03 - Rear end,04 - Freezing Rain,03 - Dawn,06 - Ice,10 - No control,,2,0,0,0,,0,,,,,366026.8946,5029328.25,45.40121469,-75.7179151,4702
17--14388,12/31/2017,7:45 AM,INNES RD btwn 173 W OF ORIENT PARK DR & ORIENT PARK DR (__3ZA2AZB),__3ZA2AZB,04 - At/near private drive,03 - P.D. only,02 - Angle,03 - Snow,03 - Dawn,03 - Loose snow,10 - No control,,2,0,0,0,,0,,,,,378181.394,5032952.917,45.43265864,-75.56213839,4703
17--14389,12/31/2017,7:46 PM,UPPER DWYER HILL RD btwn HAMILTON SIDE RD & MCARTON RD (__3ZA4E9),__3ZA4E9,01 - Non intersection,03 - P.D. only,07 - SMV other,01 - Clear,07 - Dark,01 - Dry,10 - No control,,1,0,0,0,,0,,,,,339823.892,5007873.092,45.2099525,-76.05412255,4704
17--1439,2/5/2017,10:13 PM,PRINCE OF WALES DR btwn FALLOWFIELD RD & AMBERWOOD CRES (__3ZA27I),__3ZA27I,01 - Non intersection,03 - P.D. only,06 - SMV unattended vehicle,05 - Drifting Snow,07 - Dark,06 - Ice,10 - No control,,1,0,0,0,,0,,,,,367367.9791,5019461.272,45.31231515,-75.7020352,4705
17--14390,12/31/2017,8:00 AM,HWY417 IC126 RAMP25 btwn HWY417 IC126 RAMP55 & HIGHWAY 417 (__3ZAYAC),__3ZAYAC,01 - Non intersection,02 - Non-fatal injury,03 - Rear end,01 - Clear,01 - Daylight,06 - Ice,10 - No control,,2,0,0,0,01 - Minimal,1,1,,,,363317.4501,5025960.204,45.37114124,-75.75292061,4706
17--14391,12/31/2017,8:30 PM,KINGHORN CRES btwn MARCONI AVE & MARCONI AVE (__5I62ZA),__5I62ZA,01 - Non intersection,03 - P.D. only,06 - SMV unattended vehicle,03 - Snow,07 - Dark,03 - Loose snow,10 - No control,,1,0,0,0,,0,,,,,349866.2517,5024193.766,45.3562406,-75.92480019,4707
17--14392,12/31/2017,8:37 AM,CARLING AVE EB btwn KIRKWOOD AVE & HWY417 IC124 RAMP55 (__3ZA4NS),__3ZA4NS,01 - Non intersection,02 - Non-fatal injury,03 - Rear end,01 - Clear,01 - Daylight,01 - Dry,10 - No control,,4,0,0,0,02 - Minor,1,,1,,,364363.17,5027353.081,45.38358602,-75.7394033,4708
17--14393,12/31/2017,8:58 PM,ST. LAURENT BLVD @ TREMBLAY RD (0002573),2573,02 - Intersection related,03 - P.D. only,03 - Rear end,01 - Clear,07 - Dark,04 - Slush,01 - Traffic signal,01 - Functioning,2,0,0,0,,0,,,,,372595.8117,5031241.339,45.41782249,-75.63375277,4709
17--14394,12/31/2017,9:00 AM,BOTTRIELL WAY @ MERKLEY DR (0005042),5042,02 - Intersection related,03 - P.D. only,06 - SMV unattended vehicle,01 - Clear,01 - Daylight,06 - Ice,02 - Stop sign,01 - Functioning,1,0,0,0,,0,,,,,383752.9038,5037378.637,45.47187052,-75.49023123,4710
17--14395,12/31/2017,9:00 AM,HIGHWAY 417 btwn HWY417 IC122 RAMP61 & HWY417 IC121B RAMP16 (__3ZA2Y4),__3ZA2Y4,01 - Non intersection,03 - P.D. only,07 - SMV other,01 - Clear,01 - Daylight,06 - Ice,10 - No control,,1,0,0,0,,0,,,,,366032.398,5029323.223,45.40116897,-75.71784543,4711
17--14396,12/31/2017,9:00 PM,MCARTHUR AVE @ VANIER PKWY (0004626),4626,02 - Intersection related,03 - P.D. only,03 - Rear end,03 - Snow,07 - Dark,06 - Ice,01 - Traffic signal,01 - Functioning,2,0,0,0,,0,,,,,370218.705,5032690.825,45.43109067,-75.66392996,4712
17--14397,12/31/2017,9:23 AM,EAGLESON RD @ HAZELDEAN RD/ROBERTSON RD (0002715),2715,02 - Intersection related,03 - P.D. only,07 - SMV other,01 - Clear,01 - Daylight,05 - Packed snow,01 - Traffic signal,01 - Functioning,1,0,0,0,,0,,,,,353674.5807,5018423.743,45.30406583,-75.87676534,4713
17--14398,12/31/2017,9:27 AM,GLADSTONE AVE @ LEBRETON ST (0005746),5746,03 - At intersection,03 - P.D. only,02 - Angle,01 - Clear,01 - Daylight,01 - Dry,02 - Stop sign,01 - Functioning,2,0,0,0,,0,,,,,366856.1783,5029923.286,45.40649564,-75.70724833,4714
17--144,1/4/2017,6:09 PM,BANK ST @ RIVERSIDE DR S (0002704),2704,02 - Intersection related,03 - P.D. only,07 - SMV other,03 - Snow,07 - Dark,06 - Ice,01 - Traffic signal,01 - Functioning,1,0,0,0,,0,,,,,369303.0449,5027893.884,45.38801455,-75.67625879,4715
17--1440,2/5/2017,10:20 PM,COLONIAL RD btwn LAFLEUR RD & BIRCHGROVE RD (__3ZA3KP),__3ZA3KP,01 - Non intersection,03 - P.D. only,07 - SMV other,03 - Snow,07 - Dark,05 - Packed snow,10 - No control,,1,0,0,0,,0,,,,,396638.1998,5034724.772,45.44641922,-75.32596271,4716