Anom_ID,Accident_Date,Accident_Time,Location,Geo_ID,Accident_Location,Classification_of_Accident,Initial_Impact_Type,Environment_Condition,Light,Road_Surface_Condition,Traffic_Control,Traffic_Control_Condition,No__of_Vehicles,No__of_Bicycles,No__of_Motorcycles,No__of_Pedestrians,Max_Injury,No__of_Injuries,No__of_Minimal,No__of_Minor,No__of_Major,No__of_Fatal,X,Y,Latitude,Longitude,ObjectId
17--1441,2/5/2017,10:25 PM,HWY417 IC110 RAMP55 btwn WALKLEY EXTENSION RD & HIGHWAY 417 (__3ZAYAN),__3ZAYAN,01 - Non intersection,03 - P.D. only,07 - SMV other,05 - Drifting Snow,07 - Dark,05 - Packed snow,10 - No control,,1,0,0,0,,0,,,,,375710.7612,5028953.935,45.39693291,-75.59428602,4717
17--1456,2/5/2017,3:40 PM,BANNON WAY @ QUEENSDALE AVE (0009391),9391,02 - Intersection related,03 - P.D. only,99 - Other,01 - Clear,01 - Daylight,02 - Wet,10 - No control,,2,0,0,0,,0,,,,,373051.6164,5023278.739,45.34613405,-75.62903032,4718
17--1457,2/5/2017,4:00 PM,STRANDHERD DR @ MADRID AVE (0011163),11163,02 - Intersection related,03 - P.D. only,03 - Rear end,03 - Snow,01 - Daylight,03 - Loose snow,02 - Stop sign,01 - Functioning,2,0,0,0,,0,,,,,363045.3611,5014097.609,45.26442468,-75.75778889,4719
17--14042,12/25/2017,10:42 AM,RENAUD RD btwn IDA ST & Continuation of RENAUD RD (__3ZA6FE),__3ZA6FE,01 - Non intersection,03 - P.D. only,01 - Approaching,03 - Snow,01 - Daylight,03 - Loose snow,10 - No control,,2,0,0,0,,0,,,,,379734.5344,5032022.366,45.4241215,-75.5424326,4720
17--1458,2/5/2017,5:29 PM,BOYER RD @ ORLEANS BLVD (0004135),4135,03 - At intersection,03 - P.D. only,02 - Angle,01 - Clear,05 - Dusk,01 - Dry,02 - Stop sign,01 - Functioning,2,0,0,0,,0,,,,,380978.4969,5035508.943,45.45535668,-75.52599902,4721
17--14043,12/25/2017,10:57 PM,BANK ST @ RIDEAU RD (0009263),9263,02 - Intersection related,03 - P.D. only,07 - SMV other,03 - Snow,07 - Dark,05 - Packed snow,01 - Traffic signal,01 - Functioning,1,0,0,0,,0,,,,,376954.7525,5017845.189,45.29685473,-75.58001969,4722
17--1459,2/5/2017,6:00 PM,WESTVALLEY PRIV btwn SOUTHCREST PRIV & GLENHAVEN PRIV (2) (__4QVZ9W),__4QVZ9W,04 - At/near private drive,03 - P.D. only,06 - SMV unattended vehicle,03 - Snow,07 - Dark,02 - Wet,10 - No control,,1,0,0,0,,0,,,,,370125.8897,5026006.223,45.37095373,-75.66600145,4723
17--14044,12/25/2017,11:00 AM,FALLOWFIELD RD btwn STEEPLE HILL CRES & MOODIE DR (__3ZA4Y5),__3ZA4Y5,04 - At/near private drive,03 - P.D. only,07 - SMV other,01 - Clear,01 - Daylight,02 - Wet,10 - No control,,1,0,0,0,,0,,,,,358626.4892,5014152.277,45.26526862,-75.81408771,4724
17--146,1/4/2017,6:15 PM,SHERMAN DR btwn NAVAHO DR & CLINE CRES (__3ZAANN),__3ZAANN,01 - Non intersection,03 - P.D. only,06 - SMV unattended vehicle,03 - Snow,07 - Dark,03 - Loose snow,10 - No control,,1,0,0,0,,0,,,,,363027.597,5024898.619,45.36161336,-75.75674589,4725
17--14045,12/25/2017,11:14 PM,RICHER DR btwn LEGAULT ST & LEBLANC DR (__3ZA6FH),__3ZA6FH,04 - At/near private drive,03 - P.D. only,06 - SMV unattended vehicle,03 - Snow,07 - Dark,02 - Wet,10 - No control,,1,0,0,0,,0,,,,,380972.1606,5036803.734,45.46700685,-75.52587941,4726
17--1460,2/5/2017,6:45 AM,RUSSELL RD btwn HERBERT DR & FORCED RD (__3ZA3KB),__3ZA3KB,01 - Non intersection,03 - P.D. only,07 - SMV other,03 - Snow,03 - Dawn,03 - Loose snow,10 - No control,,1,0,0,0,,0,,,,,395707.6289,5027735.348,45.38365899,-75.33914567,4727
17--14046,12/25/2017,11:41 AM,CASTLEFRANK RD @ TERRY FOX DR (0011757),11757,02 - Intersection related,03 - P.D. only,07 - SMV other,01 - Clear,01 - Daylight,01 - Dry,01 - Traffic signal,00 - Unknown,1,0,0,0,,0,,,,,352994.4869,5016303.613,45.28503538,-75.88564322,4728
17--1461,2/5/2017,7:00 PM,HIGHWAY 417 btwn HWY417 IC144 RAMP35 & HWY417 IC144 RAMP25 (__3ZA2QT),__3ZA2QT,01 - Non intersection,03 - P.D. only,07 - SMV other,03 - Snow,07 - Dark,03 - Loose snow,10 - No control,,1,0,0,0,,0,,,,,347496.3923,5015897.253,45.28173428,-75.95576149,4729
17--14047,12/25/2017,11:57 AM,KILBIRNIE DR btwn BREAKSTONE RD & GREENBANK RD (e___2ITL),e___2ITL,01 - Non intersection,03 - P.D. only,06 - SMV unattended vehicle,03 - Snow,01 - Daylight,03 - Loose snow,10 - No control,,1,0,0,0,,0,,,,,365228.4456,5011629.429,45.24203181,-75.73027276,4730
17--1462,2/5/2017,7:37 PM,SUNNYSIDE AVE btwn CARRAWAY PRIV & SENECA ST (__3ZA888),__3ZA888,01 - Non intersection,03 - P.D. only,06 - SMV unattended vehicle,03 - Snow,07 - Dark,02 - Wet,10 - No control,,1,0,0,0,,0,,,,,368216.107,5028268.699,45.39148628,-75.69009005,4731
17--14048,12/25/2017,12:43 PM,FAIRMONT AVE btwn KENILWORTH ST & LAURENTIAN PL (__3ZA0ZR),__3ZA0ZR,01 - Non intersection,03 - P.D. only,06 - SMV unattended vehicle,01 - Clear,01 - Daylight,03 - Loose snow,10 - No control,,1,0,0,0,,0,,,,,365994.1996,5028759.649,45.39610141,-75.71840323,4732
17--1463,2/5/2017,7:55 PM,DALY AVE @ WALLER ST (0008233),8233,03 - At intersection,03 - P.D. only,07 - SMV other,06 - Strong wind,07 - Dark,02 - Wet,01 - Traffic signal,01 - Functioning,1,0,0,0,,0,,,,,368340.0945,5032120.178,45.4261294,-75.68801031,4733
17--1464,2/5/2017,8:55 AM,LAURIER AVE @ O'CONNOR ST (0002224),2224,03 - At intersection,02 - Non-fatal injury,02 - Angle,03 - Snow,01 - Daylight,04 - Slush,01 - Traffic signal,01 - Functioning,2,0,0,0,02 - Minor,3,,3,,,367637.704,5031358.577,45.41934021,-75.69708253,4734
17--1465,2/5/2017,8:56 PM,RICHMOND RD btwn JOHN SUTHERLAND DR & HOLLY ACRES RD (__3ZA2LS),__3ZA2LS,04 - At/near private drive,03 - P.D. only,99 - Other,03 - Snow,07 - Dark,04 - Slush,10 - No control,,2,0,0,0,,0,,,,,359018.0203,5022656.295,45.34175847,-75.80816866,4735
17--1466,2/5/2017,9:00 PM,CRYSTAL BEACH DR btwn STILL WATER DR & CORKSTOWN RD (__3ZABA3),__3ZABA3,01 - Non intersection,03 - P.D. only,06 - SMV unattended vehicle,03 - Snow,07 - Dark,03 - Loose snow,10 - No control,,1,0,0,0,,0,,,,,357252.9257,5022920.603,45.34427093,-75.83066198,4736
17--1467,2/5/2017,9:14 PM,BYRON AVE btwn ALLISON AVE & ANCASTER AVE (__3ZAADH),__3ZAADH,04 - At/near private drive,03 - P.D. only,06 - SMV unattended vehicle,01 - Clear,07 - Dark,03 - Loose snow,10 - No control,,1,0,0,0,,0,,,,,361461.3769,5026421.047,45.37544039,-75.77656189,4737
17--1468,2/5/2017,9:15 PM,CONROY RD @ ST. LAURENT BLVD (0011390),11390,02 - Intersection related,03 - P.D. only,04 - Sideswipe,03 - Snow,07 - Dark,03 - Loose snow,01 - Traffic signal,01 - Functioning,2,0,0,0,,0,,,,,373069.6331,5027158.633,45.38104206,-75.62826442,4738
17--1469,2/5/2017,9:19 AM,STONEHENGE CRES btwn SAXONY CRES & SAXONY CRES (__3ZA7YN),__3ZA7YN,01 - Non intersection,03 - P.D. only,01 - Approaching,03 - Snow,01 - Daylight,03 - Loose snow,10 - No control,,2,0,0,0,,0,,,,,375060.1509,5031362.403,45.41866863,-75.60225174,4739
17--147,1/4/2017,6:23 PM,BERRIGAN DR @ LONGFIELDS DR (0010453),10453,02 - Intersection related,03 - P.D. only,03 - Rear end,03 - Snow,07 - Dark,06 - Ice,11 - Roundabout,01 - Functioning,2,0,0,0,,0,,,,,364306.9544,5015646.35,45.27825467,-75.74152841,4740
17--1470,2/5/2017,9:22 AM,BROADWAY AVE btwn TORRINGTON PL & CRAIG ST (__3ZA9KO),__3ZA9KO,01 - Non intersection,03 - P.D. only,06 - SMV unattended vehicle,01 - Clear,01 - Daylight,03 - Loose snow,10 - No control,,1,0,0,0,,0,,,,,367995.6478,5028713.192,45.39550563,-75.6928484,4741
17--1471,2/5/2017,9:50 PM,ROCKDALE RD btwn HWY417 IC88 RAMP61 & HIGHWAY LANE (__3ZA2EC),__3ZA2EC,01 - Non intersection,03 - P.D. only,07 - SMV other,05 - Drifting Snow,07 - Dark,05 - Packed snow,10 - No control,,1,0,0,0,,0,,,,,395369.4148,5022782.639,45.33914417,-75.34437124,4742
17--1472,2/6/2017,1:08 PM,HWY 417 WOODROFF IC127R62 @ WOODROFFE AVE (0002349),2349,02 - Intersection related,03 - P.D. only,07 - SMV other,01 - Clear,01 - Daylight,01 - Dry,03 - Yield sign,00 - Unknown,1,0,0,0,,0,,,,,362050.8623,5025018.342,45.36277106,-75.76919866,4743
17--1473,2/6/2017,1:53 PM,CARLING AVE @ RICHMOND RD (0010847),10847,02 - Intersection related,03 - P.D. only,99 - Other,01 - Clear,01 - Daylight,02 - Wet,01 - Traffic signal,01 - Functioning,2,0,0,0,,0,,,,,360246.6823,5024782.181,45.36079112,-75.79225353,4744
17--1474,2/6/2017,10:04 PM,DUNNING RD btwn WILHAVEN DR & INNES RD (__3ZA3MY),__3ZA3MY,01 - Non intersection,03 - P.D. only,07 - SMV other,03 - Snow,07 - Dark,03 - Loose snow,10 - No control,,1,0,0,0,,0,,,,,391626.6269,5039410.493,45.48921617,-75.38918918,4745
17--1475,2/6/2017,10:43 AM,SHEFFIELD RD btwn INNES PARK WAY & BANTREE ST (__3ZA79N),__3ZA79N,04 - At/near private drive,03 - P.D. only,05 - Turning movement,01 - Clear,01 - Daylight,01 - Dry,10 - No control,,2,0,0,0,,0,,,,,374197.4685,5030479.934,45.41081473,-75.61339758,4746
17--1476,2/6/2017,11:09 AM,COLONNADE RD @ MERIVALE RD (0004569),4569,02 - Intersection related,03 - P.D. only,03 - Rear end,01 - Clear,01 - Daylight,02 - Wet,01 - Traffic signal,01 - Functioning,2,0,0,0,,0,,,,,365362.9445,5022544.872,45.34023683,-75.72722699,4747
17--1477,2/6/2017,11:11 AM,DES EPINETTES AVE @ JEANNE D'ARC BLVD (0004221),4221,02 - Intersection related,03 - P.D. only,03 - Rear end,01 - Clear,01 - Daylight,01 - Dry,01 - Traffic signal,01 - Functioning,3,0,0,0,,0,,,,,382227.2946,5035958.571,45.45926479,-75.50996376,4748
17--1478,2/6/2017,11:19 AM,BASELINE RD @ MERIVALE RD (0002342),2342,02 - Intersection related,03 - P.D. only,03 - Rear end,01 - Clear,01 - Daylight,01 - Dry,01 - Traffic signal,01 - Functioning,2,0,0,0,,0,,,,,365054.15,5025326.608,45.36529308,-75.7308278,4749
17--1479,2/6/2017,Unknown,VALLEY STREAM DR btwn SHADOW CRT & SANDCASTLE DR (__3ZBOIO),__3ZBOIO,01 - Non intersection,03 - P.D. only,06 - SMV unattended vehicle,03 - Snow,07 - Dark,03 - Loose snow,10 - No control,,1,0,0,0,,0,,,,,359657.7339,5021691.312,45.3330258,-75.8001134,4750
17--148,1/4/2017,6:30 AM,HWY417 IC134 RAMP51 btwn HIGHWAY 417 & HWY417 IC134 RAMP53 (__3ZAYBU),__3ZAYBU,01 - Non intersection,03 - P.D. only,07 - SMV other,03 - Snow,07 - Dark,06 - Ice,10 - No control,,1,0,0,0,,0,,,,,356139.0285,5022052.189,45.33653926,-75.8449653,4751
17--1480,2/6/2017,12:10 PM,HIGHWAY 417 btwn HWY 417 ANDERSON IC104R61 & HWY 417 BOUNDARY IC96R16 (__3ZA2W5),__3ZA2W5,01 - Non intersection,03 - P.D. only,07 - SMV other,01 - Clear,01 - Daylight,01 - Dry,10 - No control,,1,0,0,0,,0,,,,,381541.2018,5025618.274,45.36630622,-75.52034524,4752
17--1481,2/6/2017,2:25 PM,ST. JOSEPH BLVD @ JEANNE D'ARC BLVD (0012421),12421,03 - At intersection,03 - P.D. only,04 - Sideswipe,01 - Clear,01 - Daylight,02 - Wet,11 - Roundabout,01 - Functioning,2,0,0,0,,0,,,,,379860.7425,5036471.034,45.46413379,-75.54014146,4753
17--1482,2/6/2017,2:31 PM,EAGLESON RD @ HOPE SIDE RD/TERRY FOX DR (0000509),509,02 - Intersection related,03 - P.D. only,03 - Rear end,01 - Clear,01 - Daylight,01 - Dry,01 - Traffic signal,01 - Functioning,2,0,0,0,,0,,,,,355188.1529,5014617.098,45.26970591,-75.8578525,4754
17--1483,2/6/2017,3:18 PM,CARLING AVE @ IRVING PL/MAPLE DR (0006872),6872,02 - Intersection related,03 - P.D. only,03 - Rear end,03 - Snow,01 - Daylight,03 - Loose snow,01 - Traffic signal,01 - Functioning,2,0,0,0,,0,,,,,366186.6776,5028527.552,45.39399621,-75.71597394,4755
17--1484,2/6/2017,3:33 PM,RIDDELL DR btwn MARCH VALLEY RD & SIXTH LINE RD (__3ZA42B),__3ZA42B,01 - Non intersection,03 - P.D. only,07 - SMV other,03 - Snow,01 - Daylight,03 - Loose snow,10 - No control,,1,0,0,0,,0,,,,,349803.6699,5028748.617,45.39722997,-75.9251838,4756
17--1485,2/6/2017,3:34 PM,INNES RD @ TENTH LINE RD (0004633),4633,02 - Intersection related,02 - Non-fatal injury,03 - Rear end,01 - Clear,01 - Daylight,03 - Loose snow,01 - Traffic signal,01 - Functioning,2,0,0,0,01 - Minimal,1,1,,,,383952.5108,5036161.437,45.46089668,-75.48787478,4757
17--1486,2/6/2017,3:36 PM,CUMMINGS AVE @ MONTREAL RD (0007748),7748,02 - Intersection related,03 - P.D. only,03 - Rear end,01 - Clear,01 - Daylight,05 - Packed snow,01 - Traffic signal,01 - Functioning,2,0,0,0,,0,,,,,372007.7077,5034038.947,45.44305079,-75.64088448,4758
17--1487,2/6/2017,4:10 PM,STIRLING AVE btwn LADOUCEUR ST & ARMSTRONG ST (__3ZAAHS),__3ZAAHS,01 - Non intersection,03 - P.D. only,06 - SMV unattended vehicle,03 - Snow,01 - Daylight,05 - Packed snow,10 - No control,,1,0,0,0,,0,,,,,365312.1875,5029658.905,45.40425199,-75.72700303,4759
17--1488,2/6/2017,4:54 PM,HWY 417 VANIER IC117R63 @ VANIER PKWY (0002101),2101,02 - Intersection related,03 - P.D. only,03 - Rear end,03 - Snow,01 - Daylight,03 - Loose snow,01 - Traffic signal,01 - Functioning,2,0,0,0,,0,,,,,370801.0684,5031398.396,45.41940722,-75.65666117,4760
17--1489,2/6/2017,5:00 PM,WEST HUNT CLUB RD @ ROYDON PL/SUNDERLAND ST (0009775),9775,02 - Intersection related,03 - P.D. only,03 - Rear end,03 - Snow,05 - Dusk,02 - Wet,01 - Traffic signal,01 - Functioning,2,0,0,0,,0,,,,,365972.0683,5022170.583,45.33681619,-75.71950166,4761
17--149,1/4/2017,6:34 PM,KITCHENER AVE @ BANK ST (0011963),11963,03 - At intersection,03 - P.D. only,07 - SMV other,03 - Snow,07 - Dark,03 - Loose snow,01 - Traffic signal,01 - Functioning,1,0,0,0,,0,,,,,370541.9471,5025500.775,45.36636697,-75.66075759,4762
17--1490,2/6/2017,5:36 PM,CAMERON AVE btwn SENECA ST & LEONARD AVE (__3ZA88S),__3ZA88S,01 - Non intersection,03 - P.D. only,06 - SMV unattended vehicle,01 - Clear,07 - Dark,01 - Dry,10 - No control,,1,0,0,0,,0,,,,,368486.8728,5027995.379,45.38900246,-75.68666762,4763
17--1491,2/6/2017,5:55 PM,HIGHWAY 417 btwn HWY417 IC144 RAMP35 & HWY417 IC144 RAMP25 (__3ZA2QT),__3ZA2QT,01 - Non intersection,03 - P.D. only,07 - SMV other,03 - Snow,07 - Dark,03 - Loose snow,10 - No control,,1,0,0,0,,0,,,,,347505.1866,5015897.436,45.28173539,-75.95564938,4764
17--1492,2/6/2017,6:04 PM,RIVERSIDE DR btwn FROBISHER LANE & HINCKS LANE (__3ZA242),__3ZA242,01 - Non intersection,03 - P.D. only,99 - Other,03 - Snow,07 - Dark,05 - Packed snow,10 - No control,,2,0,0,0,,0,,,,,370183.773,5029609.608,45.40337035,-75.66478519,4765
17--1493,2/6/2017,6:07 PM,VIEWMOUNT DR @ MERIVALE RD (0001528),1528,02 - Intersection related,03 - P.D. only,99 - Other,03 - Snow,07 - Dark,06 - Ice,01 - Traffic signal,01 - Functioning,2,0,0,0,,0,,,,,365192.1962,5022947.37,45.34387318,-75.72935637,4766
17--1494,2/6/2017,7:00 AM,HIGHWAY 417 btwn HWY417 IC121A RAMP61 & HWY417 IC120B RAMP36 (__3ZA2YV),__3ZA2YV,01 - Non intersection,03 - P.D. only,07 - SMV other,01 - Clear,03 - Dawn,01 - Dry,10 - No control,,1,0,0,0,,0,,,,,367543.6571,5029888.657,45.40612277,-75.69847123,4767
17--1495,2/6/2017,7:00 PM,MONET CRT btwn SIEVERIGHT AVE & MONET CRT (__4T18MD),__4T18MD,01 - Non intersection,03 - P.D. only,06 - SMV unattended vehicle,03 - Snow,07 - Dark,04 - Slush,10 - No control,,1,0,0,0,,0,,,,,372475.0832,5024444.621,45.35668011,-75.63622714,4768
17--1496,2/6/2017,7:15 PM,MERIVALE RD/LOTTA AVE @ CLYDE AVE (0001112),1112,02 - Intersection related,03 - P.D. only,03 - Rear end,03 - Snow,07 - Dark,03 - Loose snow,01 - Traffic signal,01 - Functioning,2,0,0,0,,0,,,,,364522.8642,5024508.247,45.35797506,-75.7377082,4769
17--1497,2/6/2017,7:20 AM,HIGHWAY 417 btwn HWY417 IC113 RAMP85 & HWY417 IC112 RAMP54 (__3ZA287),__3ZA287,01 - Non intersection,03 - P.D. only,07 - SMV other,01 - Clear,01 - Daylight,02 - Wet,10 - No control,,1,0,0,0,,0,,,,,374135.8169,5031388.53,45.41899592,-75.6140573,4770
17--1498,2/6/2017,7:20 PM,HIGHWAY 416 btwn HWY416 IC75A RAMP43 & HWY416 IC72 RAMP34 (__3ZAZLD),__3ZAZLD,01 - Non intersection,03 - P.D. only,04 - Sideswipe,03 - Snow,07 - Dark,03 - Loose snow,10 - No control,,2,0,0,0,,0,,,,,358812.1733,5021716.996,45.3333225,-75.81089764,4771
17--1499,2/6/2017,7:42 AM,RIVERSIDE DR @ 175 S OF HUNT CLUB  RD/RUNWAY C (0011890),11890,02 - Intersection related,03 - P.D. only,03 - Rear end,01 - Clear,01 - Daylight,01 - Dry,01 - Traffic signal,01 - Functioning,2,0,0,0,,0,,,,,368028.1656,5021766.3,45.33299626,-75.69332201,4772
17--15,1/2/2017,1:01 AM,ST. LAURENT BLVD/DUNBARTON CRT @ BRITTANY DR (0007139),7139,02 - Intersection related,03 - P.D. only,07 - SMV other,01 - Clear,07 - Dark,01 - Dry,01 - Traffic signal,01 - Functioning,1,0,0,0,,0,,,,,371331.3519,5034337.309,45.44580001,-75.64948902,4773
17--150,1/4/2017,6:41 PM,LIMEBANK RD btwn RIDEAU RD & MITCH OWENS RD (__3ZA6LY),__3ZA6LY,01 - Non intersection,02 - Non-fatal injury,07 - SMV other,05 - Drifting Snow,07 - Dark,06 - Ice,10 - No control,,1,0,0,0,01 - Minimal,1,1,,,,371628.6758,5012201.182,45.24659786,-75.64867948,4774
17--1500,2/6/2017,7:45 AM,HIGHWAY 417 btwn HIGHWAY 417 & HIGHWAY 417 (2) (__3ZA2UZ),__3ZA2UZ,01 - Non intersection,03 - P.D. only,03 - Rear end,01 - Clear,01 - Daylight,01 - Dry,10 - No control,,2,0,0,0,,0,,,,,375216.5891,5030552.869,45.41136916,-75.60036876,4775
17--1501,2/6/2017,8:11 PM,BORRISOKANE RD btwn CAMBRIAN RD & STRANDHERD DR (__3ZA1CC),__3ZA1CC,01 - Non intersection,03 - P.D. only,07 - SMV other,03 - Snow,07 - Dark,03 - Loose snow,10 - No control,,1,0,0,0,,0,,,,,362746.726,5012142.751,45.24685939,-75.76182197,4776
17--1502,2/6/2017,8:30 AM,MARCH RD @ TERON RD (0011926),11926,02 - Intersection related,03 - P.D. only,03 - Rear end,01 - Clear,01 - Daylight,06 - Ice,01 - Traffic signal,01 - Functioning,2,0,0,0,,0,,,,,351416.1453,5021780.532,45.33442452,-75.90524673,4777
17--1503,2/6/2017,8:58 PM,QUEEN MARY ST @ VANIER PKWY (0007648),7648,03 - At intersection,02 - Non-fatal injury,07 - SMV other,03 - Snow,07 - Dark,04 - Slush,01 - Traffic signal,01 - Functioning,1,0,0,0,02 - Minor,1,,1,,,370364.2532,5031958.399,45.42448697,-75.66216751,4778
17--1504,2/6/2017,9:11 AM,BAYCREST DR btwn CEDARWOOD DR & SANDALWOOD DR (__3ZA9YY),__3ZA9YY,01 - Non intersection,03 - P.D. only,05 - Turning movement,01 - Clear,01 - Daylight,02 - Wet,10 - No control,,2,0,0,0,,0,,,,,371311.5434,5026737.418,45.37742124,-75.65076771,4779
17--1505,2/6/2017,9:25 PM,BANKFIELD RD btwn HWY416 IC57 RAMP62 & KILREEN LANE (__3ZAZXF),__3ZAZXF,01 - Non intersection,03 - P.D. only,01 - Approaching,03 - Snow,07 - Dark,03 - Loose snow,10 - No control,,2,0,0,0,,0,,,,,365502.8997,5008481.202,45.21368031,-75.72716112,4780
17--1506,2/7/2017,1:20 AM,HAIG DR @ SMYTH RD (0007736),7736,02 - Intersection related,02 - Non-fatal injury,05 - Turning movement,03 - Snow,07 - Dark,05 - Packed snow,01 - Traffic signal,01 - Functioning,2,0,0,0,01 - Minimal,1,1,,,,372565.8336,5029298.708,45.40034647,-75.6344028,4781
17--1507,2/7/2017,1:24 PM,GREENBANK RD btwn WEST HUNT CLUB RD & FALLOWFIELD RD (__3ZA1NE),__3ZA1NE,01 - Non intersection,02 - Non-fatal injury,01 - Approaching,05 - Drifting Snow,01 - Daylight,03 - Loose snow,10 - No control,,4,0,0,0,02 - Minor,2,,2,,,362690.3207,5017648.265,45.29640292,-75.76189858,4782
17--1508,2/7/2017,1:26 AM,ALBION RD @ SOUTHGATE RD/ROYAL OAK CRT (0006985),6985,03 - At intersection,03 - P.D. only,07 - SMV other,03 - Snow,07 - Dark,03 - Loose snow,02 - Stop sign,00 - Unknown,1,0,0,0,,0,,,,,371818.0759,5024441.904,45.35671876,-75.6446123,4783
17--1509,2/7/2017,1:35 PM,BANK ST @ CATHERINE ST (0002708),2708,02 - Intersection related,03 - P.D. only,02 - Angle,01 - Clear,01 - Daylight,01 - Dry,01 - Traffic signal,01 - Functioning,2,0,0,0,,0,,,,,368042.1745,5030266.337,45.40947615,-75.69205503,4784
17--151,1/4/2017,6:54 PM,GLADSTONE AVE @ PERCY ST (0007203),7203,02 - Intersection related,02 - Non-fatal injury,03 - Rear end,03 - Snow,07 - Dark,06 - Ice,01 - Traffic signal,01 - Functioning,2,0,0,0,01 - Minimal,2,2,,,,367328.7085,5030205.708,45.40899474,-75.70117665,4785
17--1510,2/7/2017,1:59 PM,NAVAHO DR @ WOODROFFE AVE/TRANSITWAY N BASELIN (0010359),10359,03 - At intersection,03 - P.D. only,05 - Turning movement,03 - Snow,01 - Daylight,04 - Slush,01 - Traffic signal,01 - Functioning,2,0,0,0,,0,,,,,362707.7428,5023494.677,45.3490073,-75.76099282,4786
17--1511,2/7/2017,10:38 PM,REGIONAL ROAD 174 btwn TRANSIT & OR174 IC109 RAMP56 (__3ZAZ6U),__3ZAZ6U,01 - Non intersection,02 - Non-fatal injury,07 - SMV other,04 - Freezing Rain,07 - Dark,04 - Slush,10 - No control,,1,0,0,0,02 - Minor,1,,1,,,375591.9624,5033453.906,45.43743317,-75.59515673,4787
17--1512,2/7/2017,10:38 PM,BRIAN COBURN BLVD @ MER BLEUE RD (0014363),14363,02 - Intersection related,03 - P.D. only,07 - SMV other,03 - Snow,07 - Dark,03 - Loose snow,11 - Roundabout,01 - Functioning,1,0,0,0,,0,,,,,383150.8189,5034441.164,45.44550953,-75.49839849,4788
17--1513,2/7/2017,10:51 PM,REGIONAL ROAD 174 btwn TRANSIT & OR174 IC109 RAMP56 (__3ZAZ6U),__3ZAZ6U,01 - Non intersection,02 - Non-fatal injury,03 - Rear end,03 - Snow,07 - Dark,05 - Packed snow,10 - No control,,2,0,0,0,02 - Minor,2,,2,,,375888.0999,5033793.943,45.44046257,-75.59132295,4789
17--1514,2/7/2017,10:54 PM,HIGHWAY 417 btwn HWY417 IC121B RAMP16 & HWY417 IC121A RAMP16 (__3ZA2YX),__3ZA2YX,01 - Non intersection,03 - P.D. only,07 - SMV other,04 - Freezing Rain,07 - Dark,04 - Slush,10 - No control,,1,0,0,0,,0,,,,,366663.0132,5029555.889,45.403207,-75.70976182,4790
17--1515,2/7/2017,11:12 AM,INNES RD @ LANTHIER DR/PRESTWICK DR (0004251),4251,02 - Intersection related,03 - P.D. only,03 - Rear end,01 - Clear,01 - Daylight,02 - Wet,01 - Traffic signal,01 - Functioning,2,0,0,0,,0,,,,,383540.3496,5035989.71,45.45939821,-75.49317177,4791
17--1516,2/7/2017,11:20 PM,HIGHWAY 417 btwn HWY417 IC117 RAMP61 & HWY417 IC115 RAMP36 (__3ZA2RZ),__3ZA2RZ,01 - Non intersection,03 - P.D. only,03 - Rear end,04 - Freezing Rain,07 - Dark,03 - Loose snow,10 - No control,,2,0,0,0,,0,,,,,371501.7229,5031416.443,45.41950315,-75.647707,4792
17--1517,2/7/2017,11:58 PM,HIGHWAY 417 btwn HWY417 IC126 RAMP16 & HWY417 IC126 RAMP61 (__3ZA2RC),__3ZA2RC,01 - Non intersection,03 - P.D. only,07 - SMV other,02 - Rain,07 - Dark,03 - Loose snow,10 - No control,,1,0,0,0,,0,,,,,363114.1169,5025793.646,45.36965952,-75.75553596,4793
17--1518,2/7/2017,Unknown,LEWIS ST btwn BANK ST & DERBY PL (__3ZA4GI),__3ZA4GI,01 - Non intersection,03 - P.D. only,06 - SMV unattended vehicle,01 - Clear,00 - Unknown,01 - Dry,10 - No control,,1,0,0,0,,0,,,,,367848.5418,5030759.012,45.41392655,-75.6944655,4794
17--1519,2/7/2017,12:01 PM,SAUNDERSON DR @ SMYTH RD (0007729),7729,03 - At intersection,03 - P.D. only,05 - Turning movement,01 - Clear,01 - Daylight,02 - Wet,01 - Traffic signal,01 - Functioning,2,0,0,0,,0,,,,,372793.1886,5029324.908,45.40056016,-75.63149544,4795
17--152,1/4/2017,7:00 AM,BRONSON PL @ COLONEL BY DR (0006903),6903,02 - Intersection related,03 - P.D. only,03 - Rear end,01 - Clear,03 - Dawn,06 - Ice,02 - Stop sign,01 - Functioning,2,0,0,0,,0,,,,,367807.7689,5028519.371,45.39377861,-75.69527255,4796
17--1520,2/7/2017,12:06 AM,FALLOWFIELD RD @ TRANSITWAY/VIARAIL (0012845),12845,03 - At intersection,03 - P.D. only,02 - Angle,03 - Snow,07 - Dark,03 - Loose snow,01 - Traffic signal,01 - Functioning,2,0,0,0,,0,,,,,364468.7499,5017549.752,45.29536772,-75.73923745,4797
17--1521,2/7/2017,12:26 PM,KENT ST @ SLATER ST (0002114),2114,02 - Intersection related,03 - P.D. only,05 - Turning movement,01 - Clear,01 - Daylight,02 - Wet,01 - Traffic signal,01 - Functioning,2,0,0,0,,0,,,,,367262.2501,5031251.23,45.41840796,-75.70189309,4798
17--1522,2/7/2017,12:50 AM,HIGHWAY 417 btwn HWY417 IC144 RAMP25 & HWY417 IC142 RAMP51 (__3ZA20J),__3ZA20J,01 - Non intersection,03 - P.D. only,07 - SMV other,03 - Snow,07 - Dark,03 - Loose snow,10 - No control,,1,0,0,0,,0,,,,,348408.5242,5016716.784,45.28905272,-75.94406332,4799