Anom_ID,Accident_Date,Accident_Time,Location,Geo_ID,Accident_Location,Classification_of_Accident,Initial_Impact_Type,Environment_Condition,Light,Road_Surface_Condition,Traffic_Control,Traffic_Control_Condition,No__of_Vehicles,No__of_Bicycles,No__of_Motorcycles,No__of_Pedestrians,Max_Injury,No__of_Injuries,No__of_Minimal,No__of_Minor,No__of_Major,No__of_Fatal,X,Y,Latitude,Longitude,ObjectId
17--1523,2/7/2017,2:12 PM,ISABELLA ST/HWY417 IC119AR75 @ METCALFE ST (0011380),11380,03 - At intersection,03 - P.D. only,02 - Angle,01 - Clear,01 - Daylight,02 - Wet,01 - Traffic signal,01 - Functioning,2,0,0,0,,0,,,,,368449.1392,5030400.243,45.4106441,-75.68683912,4800
17--1524,2/7/2017,2:20 PM,HWY417 IC127 RAMP63 btwn HIGHWAY 417 & WOODROFFE AVE (__3ZAY81),__3ZAY81,01 - Non intersection,03 - P.D. only,07 - SMV other,01 - Clear,01 - Daylight,02 - Wet,10 - No control,,1,0,0,0,,0,,,,,361968.2371,5024817.933,45.36097454,-75.77027646,4801
17--1525,2/7/2017,2:41 PM,FALLOWFIELD RD btwn SHEA RD & EAGLESON RD (__3ZA419),__3ZA419,01 - Non intersection,03 - P.D. only,07 - SMV other,06 - Strong wind,01 - Daylight,03 - Loose snow,10 - No control,,1,0,0,0,,0,,,,,355553.5274,5012353.387,45.24931022,-75.85342769,4802
17--1526,2/7/2017,2:45 PM,HAWTHORNE AVE/ISABELLA ST @ QUEEN ELIZABETH DR (0002105),2105,02 - Intersection related,03 - P.D. only,03 - Rear end,01 - Clear,01 - Daylight,02 - Wet,01 - Traffic signal,01 - Functioning,2,0,0,0,,0,,,,,368664.9849,5030477.753,45.41132184,-75.68407178,4803
17--1527,2/7/2017,3:21 PM,SLATER ST btwn BANK ST & O'CONNOR ST (__3ZA35K),__3ZA35K,01 - Non intersection,03 - P.D. only,04 - Sideswipe,01 - Clear,01 - Daylight,02 - Wet,10 - No control,,2,0,0,0,,0,,,,,367440.1616,5031364.023,45.41940693,-75.69960572,4804
17--1528,2/7/2017,4:08 PM,SHEFFIELD RD btwn BANTREE ST & LEEDS AVE (__3ZA787),__3ZA787,01 - Non intersection,03 - P.D. only,99 - Other,04 - Freezing Rain,01 - Daylight,06 - Ice,10 - No control,,2,0,0,0,,0,,,,,374707.1295,5029907.367,45.40561234,-75.60696827,4805
17--1529,2/7/2017,4:37 PM,JEANNE D'ARC BLVD @ FORTUNE DR/VINEYARD DR (0004393),4393,03 - At intersection,02 - Non-fatal injury,07 - SMV other,01 - Clear,01 - Daylight,01 - Dry,01 - Traffic signal,01 - Functioning,1,0,0,1,01 - Minimal,1,1,,,,379239.2713,5037374.784,45.47233155,-75.54795069,4806
17--153,1/4/2017,7:05 PM,GREENBANK RD @ STRANDHERD DR (0005563),5563,02 - Intersection related,02 - Non-fatal injury,03 - Rear end,03 - Snow,07 - Dark,03 - Loose snow,01 - Traffic signal,01 - Functioning,2,0,0,0,01 - Minimal,1,1,,,,363934.1573,5014784.181,45.27052832,-75.74638233,4807
17--1530,2/7/2017,4:42 PM,LONGFIELDS DR @ WOODROFFE AVE (0000096),96,02 - Intersection related,02 - Non-fatal injury,07 - SMV other,04 - Freezing Rain,05 - Dusk,06 - Ice,01 - Traffic signal,00 - Unknown,1,0,0,0,02 - Minor,2,,2,,,365421.1699,5017107.32,45.29130522,-75.72714949,4808
17--1531,2/7/2017,5:15 PM,IRWIN MILLER ST btwn MILLCRAFT CRES & MILLCRAFT CRES (__3ZBOXS),__3ZBOXS,04 - At/near private drive,03 - P.D. only,06 - SMV unattended vehicle,03 - Snow,07 - Dark,05 - Packed snow,10 - No control,,1,0,0,0,,0,,,,,371097.7452,5032627.292,45.43043625,-75.65270535,4809
17--14049,12/25/2017,12:44 PM,FERIAND ST btwn JOLLIET AVE & END (__3ZBOVA),__3ZBOVA,01 - Non intersection,03 - P.D. only,06 - SMV unattended vehicle,03 - Snow,01 - Daylight,03 - Loose snow,10 - No control,,1,0,0,0,,0,,,,,369845.9388,5034076.484,45.44359302,-75.66851041,4810
17--1405,2/3/2017,9:01 AM,CRESTWAY DR @ PRINCE OF WALES DR (0010323),10323,03 - At intersection,02 - Non-fatal injury,02 - Angle,01 - Clear,01 - Daylight,01 - Dry,01 - Traffic signal,01 - Functioning,3,0,0,0,02 - Minor,2,1,1,,,367370.3876,5016577.348,45.28636574,-75.70236842,4811
17--14050,12/25/2017,3:09 PM,CRAIG HENRY DR @ IVYLEA ST/WOODVALE GR (0004600),4600,03 - At intersection,03 - P.D. only,05 - Turning movement,01 - Clear,01 - Daylight,03 - Loose snow,02 - Stop sign,01 - Functioning,2,0,0,0,,0,,,,,363034.3365,5021801.367,45.33374398,-75.75702457,4812
17--14051,12/25/2017,3:11 AM,HIGHWAY 417 btwn HWY417 IC126 RAMP16 & HWY417 IC126 RAMP61 (__3ZA2RC),__3ZA2RC,01 - Non intersection,03 - P.D. only,07 - SMV other,03 - Snow,07 - Dark,03 - Loose snow,10 - No control,,1,0,0,0,,0,,,,,363115.5777,5025804.548,45.36975749,-75.75551603,4813
17--14052,12/25/2017,3:36 PM,ENTERPRISE AVE @ MERIVALE RD (0000589),589,02 - Intersection related,03 - P.D. only,07 - SMV other,01 - Clear,01 - Daylight,01 - Dry,01 - Traffic signal,01 - Functioning,1,0,0,0,,0,,,,,365829.2223,5021418.249,45.33005923,-75.72141684,4814
17--14053,12/25/2017,4:03 PM,PRINCE OF WALES DR @ SANFORD AVE (0003133),3133,03 - At intersection,03 - P.D. only,07 - SMV other,03 - Snow,05 - Dusk,06 - Ice,02 - Stop sign,00 - Unknown,1,0,0,0,,0,,,,,366804.8189,5026128.765,45.37235804,-75.70838113,4815
17--14054,12/25/2017,4:29 PM,HERZBERG RD @ CARLING AVE (0003193),3193,02 - Intersection related,03 - P.D. only,07 - SMV other,01 - Clear,05 - Dusk,02 - Wet,01 - Traffic signal,00 - Unknown,1,0,0,0,,0,,,,,352037.62,5022300.254,45.33905952,-75.89726846,4816
17--14055,12/25/2017,4:50 PM,CARLING AVE @ SCRIVENS ST (0002720),2720,03 - At intersection,03 - P.D. only,05 - Turning movement,01 - Clear,05 - Dusk,04 - Slush,01 - Traffic signal,01 - Functioning,2,0,0,0,,0,,,,,359423.7243,5024258.572,45.3561443,-75.80281522,4817
17--14056,12/25/2017,5:25 PM,GRACEWOOD CRES btwn CREEKVIEW WAY W & FINDLAY CREEK W (__727TGL),__727TGL,01 - Non intersection,03 - P.D. only,06 - SMV unattended vehicle,01 - Clear,07 - Dark,05 - Packed snow,10 - No control,,1,0,0,0,,0,,,,,374329.523,5019572.955,45.31266528,-75.61324518,4818
17--14057,12/25/2017,5:39 PM,GALETTA SIDE RD btwn CANON SMITH DR & NEWTOWN RD (__3ZA4QF),__3ZA4QF,01 - Non intersection,03 - P.D. only,07 - SMV other,02 - Rain,07 - Dark,02 - Wet,10 - No control,,1,0,0,0,,0,,,,,329241.7969,5036320.072,45.46638075,-76.18743201,4819
17--14058,12/25/2017,6:00 PM,HUNTER'S GLEN CRES btwn LORRY GREENBERG DR & STREAMWOOD LANE (__3ZAZOX),__3ZAZOX,01 - Non intersection,03 - P.D. only,06 - SMV unattended vehicle,01 - Clear,07 - Dark,03 - Loose snow,10 - No control,,1,0,0,0,,0,,,,,372591.265,5025079.821,45.36238418,-75.6346573,4820
17--14059,12/25/2017,6:30 AM,HIGHWAY 417 btwn HWY417 IC126 RAMP61 & HWY417 IC124 RAMP76 (__3ZA2Y2),__3ZA2Y2,01 - Non intersection,03 - P.D. only,07 - SMV other,03 - Snow,07 - Dark,03 - Loose snow,10 - No control,,1,0,0,0,,0,,,,,364104.7192,5027121.498,45.3815242,-75.74273113,4821
17--1406,2/3/2017,9:05 AM,HENDERSON AVE btwn LAURIER AVE E & OSGOODE ST (__3ZA8JP),__3ZA8JP,01 - Non intersection,03 - P.D. only,06 - SMV unattended vehicle,01 - Clear,01 - Daylight,01 - Dry,10 - No control,,1,0,0,0,,0,,,,,368912.1363,5031909.07,45.42417773,-75.68072832,4822
17--14060,12/25/2017,6:43 AM,REGIONAL ROAD 174 btwn EAST ST & EAST SHORE RD (__3ZA27Y),__3ZA27Y,01 - Non intersection,03 - P.D. only,07 - SMV other,03 - Snow,07 - Dark,03 - Loose snow,10 - No control,,1,0,0,0,,0,,,,,391071.661,5042799.782,45.51977758,-75.39569168,4823
17--14061,12/25/2017,7:17 AM,TREMBLAY RD @ TRAIN STATION (0011360),11360,02 - Intersection related,03 - P.D. only,07 - SMV other,03 - Snow,03 - Dawn,03 - Loose snow,01 - Traffic signal,01 - Functioning,1,0,0,0,,0,,,,,371168.4519,5031284.459,45.41834731,-75.65198273,4824
17--14062,12/25/2017,8:01 PM,NOBLE CRES btwn DICKINSON AVE & SOUTHMORE DR W (__3ZA9DD),__3ZA9DD,01 - Non intersection,03 - P.D. only,06 - SMV unattended vehicle,03 - Snow,07 - Dark,05 - Packed snow,10 - No control,,1,0,0,0,,0,,,,,368726.3816,5024460.472,45.35717453,-75.68406673,4825
17--14063,12/25/2017,8:13 PM,NATIONAL CAPITAL COMM DRWY btwn HOLLAND AVE & TUNIS AVE (__3ZA23S),__3ZA23S,01 - Non intersection,03 - P.D. only,07 - SMV other,01 - Clear,07 - Dark,06 - Ice,10 - No control,,1,0,0,0,,0,,,,,365530.7502,5027649.303,45.38615111,-75.7244587,4826
17--14064,12/25/2017,8:25 PM,HIGHWAY 417 btwn HWY417 IC88 RAMP16 & HWY417 IC88 RAMP61 (__3ZAZE2),__3ZAZE2,01 - Non intersection,03 - P.D. only,07 - SMV other,01 - Clear,07 - Dark,02 - Wet,10 - No control,,1,0,0,0,,0,,,,,395596.8875,5022497.419,45.33654869,-75.34152171,4827
17--14065,12/25/2017,8:30 PM,BURMA RD btwn PROVENDER AVE & MONTREAL RD (__3ZBPK2),__3ZBPK2,01 - Non intersection,03 - P.D. only,06 - SMV unattended vehicle,01 - Clear,07 - Dark,04 - Slush,10 - No control,,1,0,0,0,,0,,,,,373206.466,5034652.162,45.4484519,-75.62547729,4828
17--14066,12/25/2017,9:03 PM,RIVERSIDE DR @ UPLANDS DR/KIMBERWICK CRES N (0006890),6890,03 - At intersection,03 - P.D. only,03 - Rear end,03 - Snow,07 - Dark,04 - Slush,01 - Traffic signal,01 - Functioning,2,0,0,0,,0,,,,,368194.716,5022793.275,45.34222174,-75.69106577,4829
17--14067,12/26/2017,1:15 PM,BANK ST @ HERON RD (0002155),2155,03 - At intersection,03 - P.D. only,04 - Sideswipe,01 - Clear,01 - Daylight,02 - Wet,01 - Traffic signal,01 - Functioning,2,0,0,0,,0,,,,,369995.72,5026850.359,45.37856112,-75.66755168,4830
17--14068,12/26/2017,1:37 PM,INNES RD @ JEANNE D'ARC BLVD/MER BLEUE RD (0012475),12475,02 - Intersection related,03 - P.D. only,03 - Rear end,01 - Clear,01 - Daylight,01 - Dry,01 - Traffic signal,01 - Functioning,2,0,0,0,,0,,,,,382637.4071,5035567.271,45.45569864,-75.50478252,4831
17--14069,12/26/2017,1:39 PM,MERIVALE RD/LOTTA AVE @ CLYDE AVE (0001112),1112,03 - At intersection,03 - P.D. only,04 - Sideswipe,01 - Clear,01 - Daylight,01 - Dry,01 - Traffic signal,01 - Functioning,2,0,0,0,,0,,,,,364522.6712,5024506.757,45.35796167,-75.73771084,4832
17--1407,2/3/2017,9:30 AM,MERIVALE RD @ WOODFIELD DR/ROYDON PL (0009776),9776,03 - At intersection,03 - P.D. only,03 - Rear end,01 - Clear,01 - Daylight,01 - Dry,01 - Traffic signal,01 - Functioning,3,0,0,0,,0,,,,,365464.0181,5022297.809,45.33800506,-75.72596771,4833
17--14070,12/26/2017,10:38 PM,GOLFLINKS DR E @ JOCKVALE RD (0010401),10401,02 - Intersection related,03 - P.D. only,03 - Rear end,01 - Clear,07 - Dark,03 - Loose snow,02 - Stop sign,00 - Unknown,2,0,0,0,,0,,,,,366030.4783,5012610.525,45.25079041,-75.71993672,4834
17--14071,12/26/2017,10:41 PM,RIVERSIDE DR @ TREMBLAY RD/HWY417 IC117 RAMP52 (0010790),10790,02 - Intersection related,03 - P.D. only,03 - Rear end,01 - Clear,07 - Dark,01 - Dry,01 - Traffic signal,01 - Functioning,2,0,0,0,,0,,,,,370801.2338,5031014.928,45.41595692,-75.65671042,4835
17--14072,12/26/2017,10:42 AM,HIGHWAY 417 btwn HWY417 IC144 RAMP16 & HWY417 IC144 RAMP61 (__3ZA2QU),__3ZA2QU,01 - Non intersection,03 - P.D. only,03 - Rear end,01 - Clear,01 - Daylight,01 - Dry,10 - No control,,4,0,0,0,,0,,,,,347560.9871,5016006.81,45.28271619,-75.95492871,4836
17--14073,12/26/2017,10:42 AM,HIGHWAY 417 btwn HWY417 IC144 RAMP16 & HWY417 IC144 RAMP61 (__3ZA2QU),__3ZA2QU,01 - Non intersection,02 - Non-fatal injury,03 - Rear end,01 - Clear,01 - Daylight,01 - Dry,10 - No control,,3,0,0,0,02 - Minor,2,1,1,,,347513.9124,5015970.962,45.28239648,-75.95553183,4837
17--14074,12/26/2017,10:56 AM,BIRCHVIEW RD btwn ANDOVER PL & ANDOVER PL (__3ZAAS8),__3ZAAS8,04 - At/near private drive,03 - P.D. only,06 - SMV unattended vehicle,01 - Clear,01 - Daylight,05 - Packed snow,10 - No control,,1,0,0,0,,0,,,,,363060.8322,5023042.679,45.34491102,-75.75654039,4838
17--14075,12/26/2017,11:00 AM,WOODROFFE AVE @ DEERFOX DR/STONEWAY DR (0004601),4601,03 - At intersection,03 - P.D. only,02 - Angle,01 - Clear,01 - Daylight,05 - Packed snow,01 - Traffic signal,01 - Functioning,2,0,0,0,,0,,,,,365885.4313,5015940.262,45.2807639,-75.72137492,4839
17--14076,12/26/2017,11:10 AM,HIGHWAY 417 btwn HWY417 IC115 RAMP51 & HWY417 IC115 RAMP35 (__3ZAZEB),__3ZAZEB,01 - Non intersection,03 - P.D. only,07 - SMV other,01 - Clear,01 - Daylight,04 - Slush,10 - No control,,1,0,0,0,,0,,,,,372364.2638,5031483.831,45.42002672,-75.63667774,4840
17--14077,12/26/2017,11:25 AM,BANK ST @ DAVIDSON RD/LESTER RD (0008797),8797,03 - At intersection,02 - Non-fatal injury,02 - Angle,01 - Clear,01 - Daylight,04 - Slush,01 - Traffic signal,01 - Functioning,2,0,0,0,01 - Minimal,1,1,,,,373674.5678,5022922.388,45.34286685,-75.62113129,4841
17--14078,12/26/2017,11:34 AM,RICHMOND RD @ HOLLY ACRES RD/NANAIMO DR (0001068),1068,02 - Intersection related,03 - P.D. only,03 - Rear end,01 - Clear,01 - Daylight,03 - Loose snow,01 - Traffic signal,01 - Functioning,4,0,0,0,,0,,,,,359058.1937,5022747.779,45.34257854,-75.80764605,4842
17--14079,12/26/2017,11:52 AM,TENTH LINE RD btwn 275 N OF DES EPINETTES AVE/FALLINGBROOK SC & DES EP (__3ZA3YNB),__3ZA3YNB,04 - At/near private drive,03 - P.D. only,02 - Angle,01 - Clear,01 - Daylight,01 - Dry,10 - No control,,2,0,0,0,,0,,,,,383579.1938,5037041.831,45.46885987,-75.49250655,4843
17--1408,2/3/2017,9:31 PM,BLACKBURN BYPASS @ INNES RD E (0009245),9245,03 - At intersection,02 - Non-fatal injury,05 - Turning movement,01 - Clear,07 - Dark,02 - Wet,01 - Traffic signal,01 - Functioning,2,0,0,0,02 - Minor,2,,2,,,379792.2906,5033782.922,45.43995553,-75.54142652,4844
17--14080,12/26/2017,12:03 PM,HWY 417 VANIER IC117R63 @ VANIER PKWY (0002101),2101,02 - Intersection related,03 - P.D. only,03 - Rear end,01 - Clear,01 - Daylight,02 - Wet,01 - Traffic signal,01 - Functioning,2,0,0,0,,0,,,,,370800.238,5031397.64,45.4194005,-75.65667188,4845
17--14081,12/26/2017,12:24 PM,MERIVALE RD/LOTTA AVE @ CLYDE AVE (0001112),1112,02 - Intersection related,03 - P.D. only,04 - Sideswipe,01 - Clear,01 - Daylight,04 - Slush,01 - Traffic signal,00 - Unknown,2,0,0,0,,0,,,,,364522.1493,5024507.751,45.35797065,-75.73771738,4846
17--14082,12/26/2017,12:25 PM,TENTH LINE RD @ CHARLEMAGNE BLVD S/DES EPINETT (0003686),3686,02 - Intersection related,02 - Non-fatal injury,03 - Rear end,01 - Clear,01 - Daylight,03 - Loose snow,01 - Traffic signal,01 - Functioning,3,0,0,0,01 - Minimal,1,1,,,,383640.9751,5036900.456,45.46758093,-75.49173924,4847
17--13861,12/21/2017,8:39 AM,HUNTER'S RUN DR @ JEANNE D'ARC BLVD (0012419),12419,02 - Intersection related,03 - P.D. only,03 - Rear end,01 - Clear,01 - Daylight,02 - Wet,01 - Traffic signal,01 - Functioning,2,0,0,0,,0,,,,,380567.3158,5036174.552,45.46139001,-75.53115297,4848
17--14083,12/26/2017,12:56 PM,INDUSTRIAL AVE @ RIVERSIDE DR (0011905),11905,03 - At intersection,03 - P.D. only,02 - Angle,01 - Clear,01 - Daylight,01 - Dry,01 - Traffic signal,01 - Functioning,2,0,0,0,,0,,,,,370685.192,5030592.317,45.41216537,-75.65824941,4849
17--14084,12/26/2017,2:18 PM,HAZELDEAN RD @ EDGEWATER ST (0003176),3176,02 - Intersection related,03 - P.D. only,03 - Rear end,01 - Clear,01 - Daylight,04 - Slush,01 - Traffic signal,01 - Functioning,2,0,0,0,,0,,,,,352323.6057,5017350.735,45.29450334,-75.89409445,4850
17--14085,12/26/2017,2:27 PM,PARENT AVE @ ST. ANDREW ST (0008413),8413,03 - At intersection,03 - P.D. only,02 - Angle,01 - Clear,01 - Daylight,02 - Wet,02 - Stop sign,01 - Functioning,2,0,0,0,,0,,,,,367732.6947,5032696.296,45.43136802,-75.69569798,4851
17--14086,12/26/2017,2:33 PM,MARCH RD @ MORGAN'S GRANT WAY/SHIRLEY'S BROOK  (0002651),2651,03 - At intersection,03 - P.D. only,03 - Rear end,01 - Clear,01 - Daylight,01 - Dry,01 - Traffic signal,01 - Functioning,2,0,0,0,,0,,,,,349661.1358,5023616.8,45.35106209,-75.9274704,4852
17--14087,12/26/2017,2:49 PM,ISLAND PARK DR btwn BYRON AVE & IONA ST (__3ZA233),__3ZA233,01 - Non intersection,03 - P.D. only,03 - Rear end,01 - Clear,01 - Daylight,01 - Dry,10 - No control,,3,0,0,0,,0,,,,,364345.214,5028395.944,45.39297104,-75.73950674,4853
17--14088,12/26/2017,3:17 PM,INNES RD @ JEANNE D'ARC BLVD/MER BLEUE RD (0012475),12475,03 - At intersection,03 - P.D. only,04 - Sideswipe,01 - Clear,01 - Daylight,01 - Dry,01 - Traffic signal,01 - Functioning,2,0,0,0,,0,,,,,382639.1737,5035567.79,45.45570312,-75.50475986,4854
17--14089,12/26/2017,3:25 PM,FURNESS WAY @ VERSILIA DR (0013986),13986,03 - At intersection,03 - P.D. only,02 - Angle,01 - Clear,01 - Daylight,05 - Packed snow,02 - Stop sign,01 - Functioning,2,0,0,0,,0,,,,,367084.4849,5016332.675,45.28418959,-75.7060434,4855
17--1409,2/3/2017,9:47 AM,GREEN VALLEY CRES btwn PRINCE OF WALES DR & END (__3ZA0EO),__3ZA0EO,01 - Non intersection,03 - P.D. only,04 - Sideswipe,01 - Clear,01 - Daylight,01 - Dry,10 - No control,,2,0,0,0,,0,,,,,367124.7802,5026646.237,45.37698575,-75.70423126,4856
17--14090,12/26/2017,3:33 PM,HIGHWAY 417 btwn HWY417 IC126 RAMP61 & HWY417 IC124 RAMP76 (__3ZA2Y2),__3ZA2Y2,01 - Non intersection,03 - P.D. only,04 - Sideswipe,01 - Clear,01 - Daylight,01 - Dry,10 - No control,,2,0,0,0,,0,,,,,364103.1089,5027116.266,45.38147726,-75.74275232,4857
17--14091,12/26/2017,3:36 PM,MAITLAND AVE btwn LENESTER AVE & HWY417 IC126 RAMP36 (__3ZA3G3),__3ZA3G3,04 - At/near private drive,03 - P.D. only,02 - Angle,01 - Clear,01 - Daylight,01 - Dry,10 - No control,,2,0,0,0,,0,,,,,363090.4691,5026116.707,45.37256835,-75.75579971,4858
17--14092,12/26/2017,3:50 PM,SOMERSET ST @ EMPRESS AVE (0006352),6352,02 - Intersection related,02 - Non-fatal injury,03 - Rear end,01 - Clear,05 - Dusk,04 - Slush,01 - Traffic signal,01 - Functioning,2,0,0,0,01 - Minimal,3,3,,,,366739.1133,5030348.142,45.41032874,-75.70869028,4859
17--14093,12/26/2017,4:20 PM,CATHERINE ST @ LYON ST/HWY 417 LYON IC120BR36 (0002254),2254,03 - At intersection,03 - P.D. only,02 - Angle,01 - Clear,05 - Dusk,01 - Dry,01 - Traffic signal,01 - Functioning,2,0,0,0,,0,,,,,367748.18,5030092.328,45.40793698,-75.69583277,4860
17--14094,12/26/2017,4:30 PM,HIGHWAY 417 btwn HWY417 IC131 RAMP66 & HWY417 IC130 RAMP26 (__3ZA29A),__3ZA29A,01 - Non intersection,03 - P.D. only,03 - Rear end,01 - Clear,05 - Dusk,01 - Dry,10 - No control,,3,0,0,0,,0,,,,,359182.6957,5023078.081,45.34554096,-75.80602116,4861
17--14095,12/26/2017,4:44 PM,KING EDWARD AVE @ SOMERSET ST/MARIE CURIE PRIV (0001696),1696,02 - Intersection related,03 - P.D. only,99 - Other,01 - Clear,05 - Dusk,02 - Wet,01 - Traffic signal,01 - Functioning,2,0,0,0,,0,,,,,368957.7103,5031673.339,45.42205253,-75.6801767,4862
17--14096,12/26/2017,4:46 PM,CASTLEFRANK RD @ HAZELDEAN RD (0003608),3608,03 - At intersection,02 - Non-fatal injury,05 - Turning movement,01 - Clear,05 - Dusk,01 - Dry,01 - Traffic signal,01 - Functioning,2,0,0,0,01 - Minimal,1,1,,,,352677.3425,5017676.87,45.29741397,-75.88955322,4863
17--14097,12/26/2017,5:01 PM,BRIAN CRES btwn HOBBS AVE & NANAIMO DR (__3ZABIM),__3ZABIM,01 - Non intersection,03 - P.D. only,06 - SMV unattended vehicle,01 - Clear,07 - Dark,05 - Packed snow,10 - No control,,1,0,0,0,,0,,,,,359551.9157,5022798.928,45.34300042,-75.80134079,4864
17--14098,12/26/2017,5:03 PM,RICHMOND RD @ HOLLY ACRES RD/NANAIMO DR (0001068),1068,03 - At intersection,03 - P.D. only,05 - Turning movement,01 - Clear,07 - Dark,02 - Wet,01 - Traffic signal,00 - Unknown,2,0,0,0,,0,,,,,359058.2206,5022747.82,45.34257891,-75.8076457,4865
17--14099,12/26/2017,5:12 PM,KITCHENER AVE @ BANK ST (0011963),11963,02 - Intersection related,03 - P.D. only,03 - Rear end,01 - Clear,07 - Dark,01 - Dry,01 - Traffic signal,01 - Functioning,2,0,0,0,,0,,,,,370540.8761,5025500.689,45.36636629,-75.66077127,4866
17--141,1/4/2017,5:35 AM,HIGHWAY 417 btwn HWY417 IC115 RAMP36 & HWY417 IC115 RAMP26 (__3ZA2R4),__3ZA2R4,01 - Non intersection,03 - P.D. only,07 - SMV other,01 - Clear,07 - Dark,04 - Slush,10 - No control,,1,0,0,0,,0,,,,,372396.4368,5031512.649,45.4202829,-75.63626273,4867
17--1410,2/3/2017,9:57 AM,ST. LAURENT BLVD @ TREMBLAY RD (0002573),2573,02 - Intersection related,03 - P.D. only,03 - Rear end,01 - Clear,01 - Daylight,01 - Dry,01 - Traffic signal,01 - Functioning,2,0,0,0,,0,,,,,372596.2604,5031241.576,45.41782458,-75.63374701,4868
17--14100,12/26/2017,5:44 PM,BANK ST btwn WALKLEY RD & SURREY AVE (__3ZA4TW),__3ZA4TW,01 - Non intersection,03 - P.D. only,04 - Sideswipe,01 - Clear,07 - Dark,02 - Wet,10 - No control,,2,0,0,0,,0,,,,,370368.4374,5025851.917,45.36954268,-75.66292572,4869
17--14101,12/26/2017,6:05 PM,ISLAND PARK DR btwn RICHMOND RD & BASSETT LANE (__3ZA235),__3ZA235,01 - Non intersection,03 - P.D. only,07 - SMV other,03 - Snow,07 - Dark,03 - Loose snow,10 - No control,,1,0,0,0,,0,,,,,364208.7776,5028708.02,45.39579063,-75.74121153,4870
17--14102,12/26/2017,6:27 PM,PARKDALE AVE btwn BULLMAN ST & OXFORD ST (__3ZA31J),__3ZA31J,01 - Non intersection,03 - P.D. only,07 - SMV other,01 - Clear,07 - Dark,01 - Dry,10 - No control,,1,0,0,0,,0,,,,,365039.9105,5029521.12,45.40303571,-75.73049768,4871
17--14103,12/26/2017,6:41 PM,KING EDWARD AVE SB btwn GEORGE ST & RIDEAU ST (__3ZA3WH),__3ZA3WH,01 - Non intersection,03 - P.D. only,07 - SMV other,01 - Clear,07 - Dark,02 - Wet,10 - No control,,1,0,0,0,,0,,,,,368482.0776,5032453.494,45.42911554,-75.68615297,4872
17--14104,12/26/2017,6:45 PM,ST. JOSEPH BLVD @ TENTH LINE RD (0009163),9163,03 - At intersection,02 - Non-fatal injury,05 - Turning movement,01 - Clear,07 - Dark,01 - Dry,01 - Traffic signal,01 - Functioning,2,0,0,0,02 - Minor,1,,1,,,382893.244,5038668.717,45.48357416,-75.50101907,4873
17--14105,12/26/2017,6:57 PM,BLAIR RD @ INNES RD (0004165),4165,02 - Intersection related,03 - P.D. only,04 - Sideswipe,01 - Clear,07 - Dark,01 - Dry,01 - Traffic signal,01 - Functioning,2,0,0,0,,0,,,,,375578.7349,5031439.794,45.41931268,-75.59561525,4874
17--14106,12/26/2017,7:10 PM,SULLIVAN AVE btwn WHITEHILL AVE & PARKER AVE (__3ZA0FB),__3ZA0FB,01 - Non intersection,03 - P.D. only,06 - SMV unattended vehicle,01 - Clear,07 - Dark,02 - Wet,10 - No control,,1,0,0,0,,0,,,,,363671.7471,5022455.066,45.33957272,-75.74881518,4875
17--14107,12/26/2017,7:35 PM,EAGLESON RD @ COPE DR/CADENCE GT (0011923),11923,03 - At intersection,02 - Non-fatal injury,05 - Turning movement,01 - Clear,07 - Dark,01 - Dry,01 - Traffic signal,01 - Functioning,2,0,0,0,01 - Minimal,2,2,,,,354620.855,5016027.496,45.28243742,-75.86494016,4876
17--14108,12/26/2017,8:58 AM,INNES RD @ JEANNE D'ARC BLVD/MER BLEUE RD (0012475),12475,02 - Intersection related,03 - P.D. only,03 - Rear end,05 - Drifting Snow,01 - Daylight,05 - Packed snow,01 - Traffic signal,01 - Functioning,2,0,0,0,,0,,,,,382638.7004,5035566.37,45.45569039,-75.50476613,4877
17--14109,12/26/2017,9:36 AM,MACKENZIE AVE @ RIDEAU ST (0002136),2136,02 - Intersection related,03 - P.D. only,04 - Sideswipe,01 - Clear,01 - Daylight,01 - Dry,01 - Traffic signal,01 - Functioning,2,0,0,0,,0,,,,,367870.1726,5032010.29,45.42518319,-75.69402899,4878
17--1411,2/3/2017,9:58 AM,PLEASANT PARK RD @ ALTA VISTA DR (0008005),8005,03 - At intersection,02 - Non-fatal injury,02 - Angle,01 - Clear,01 - Daylight,01 - Dry,01 - Traffic signal,01 - Functioning,2,0,0,0,02 - Minor,1,,1,,,370365.1767,5028468.095,45.39308247,-75.66261991,4879
17--14110,12/26/2017,9:41 AM,MERIVALE RD @ 170 N OF HUNTCLUB RD/COSTCO/CANA (0004681),4681,02 - Intersection related,03 - P.D. only,02 - Angle,01 - Clear,01 - Daylight,04 - Slush,01 - Traffic signal,00 - Unknown,2,0,0,0,,0,,,,,365549.736,5022100.077,45.33621848,-75.72489838,4880
17--14111,12/27/2017,1:15 PM,BLAIR RD @ REGIONAL RD 174 S/OR174 IC112 RAMP15 (0012435),12435,02 - Intersection related,03 - P.D. only,03 - Rear end,01 - Clear,01 - Daylight,01 - Dry,01 - Traffic signal,00 - Unknown,2,0,0,0,,0,,,,,374907.6575,5032661.218,45.43036996,-75.60401512,4881