Anom_ID,Accident_Date,Accident_Time,Location,Geo_ID,Accident_Location,Classification_of_Accident,Initial_Impact_Type,Environment_Condition,Light,Road_Surface_Condition,Traffic_Control,Traffic_Control_Condition,No__of_Vehicles,No__of_Bicycles,No__of_Motorcycles,No__of_Pedestrians,Max_Injury,No__of_Injuries,No__of_Minimal,No__of_Minor,No__of_Major,No__of_Fatal,X,Y,Latitude,Longitude,ObjectId
17--14112,12/27/2017,1:20 PM,BASELINE RD @ CLYDE AVE (0002343),2343,03 - At intersection,02 - Non-fatal injury,02 - Angle,01 - Clear,01 - Daylight,01 - Dry,01 - Traffic signal,01 - Functioning,2,0,0,0,02 - Minor,2,,2,,,364357.7475,5024890.274,45.36142653,-75.7397695,4882
17--14113,12/27/2017,1:54 PM,FLETCHER CIRC btwn Continuation of FLETCHER CIRC & Continuation of FLE (__54M2QT),__54M2QT,01 - Non intersection,03 - P.D. only,04 - Sideswipe,01 - Clear,01 - Daylight,05 - Packed snow,10 - No control,,2,0,0,0,,0,,,,,349360.066,5019993.143,45.3184747,-75.93163881,4883
17--14114,12/27/2017,10:24 AM,HAWTHORNE RD @ HUNT CLUB RD (0007651),7651,03 - At intersection,03 - P.D. only,05 - Turning movement,01 - Clear,01 - Daylight,02 - Wet,01 - Traffic signal,01 - Functioning,2,0,0,0,,0,,,,,375506.3162,5026406.768,45.37403546,-75.59726186,4884
17--14115,12/27/2017,10:25 PM,HIGHWAY 417 btwn HWY417 IC117 RAMP61 & HWY417 IC115 RAMP36 (__3ZA2RZ),__3ZA2RZ,01 - Non intersection,02 - Non-fatal injury,07 - SMV other,01 - Clear,07 - Dark,06 - Ice,10 - No control,,1,0,0,0,02 - Minor,1,,1,,,371561.1198,5031420.443,45.41953348,-75.64694759,4885
17--14116,12/27/2017,10:32 AM,JEANNE D'ARC BLVD @ ORLEANS BLVD S (0004154),4154,03 - At intersection,03 - P.D. only,05 - Turning movement,01 - Clear,01 - Daylight,02 - Wet,01 - Traffic signal,01 - Functioning,2,0,0,0,,0,,,,,380942.2599,5036249.306,45.46202182,-75.52634762,4886
17--14117,12/27/2017,10:42 AM,JOCKVALE RD @ FABLE ST/WEYBRIDGE DR E (0000722),722,03 - At intersection,03 - P.D. only,01 - Approaching,01 - Clear,01 - Daylight,06 - Ice,11 - Roundabout,01 - Functioning,2,0,0,0,,0,,,,,362513.1579,5015143.671,45.27388108,-75.76444853,4887
17--14118,12/27/2017,10:50 AM,WEST HUNT CLUB RD EB btwn WOODROFFE AVE & 354 E OF WOODROFFE AVE/REC P (__3ZBOG1A),__3ZBOG1A,01 - Non intersection,03 - P.D. only,07 - SMV other,01 - Clear,01 - Daylight,03 - Loose snow,10 - No control,,1,0,0,0,,0,,,,,363927.7324,5021397.732,45.33003739,-75.74567549,4888
17--14119,12/27/2017,10:52 PM,HIGHWAY 417 btwn HWY417 IC118 RAMP67 & HWY417 IC117 RAMP36 (__3ZA2YO),__3ZA2YO,01 - Non intersection,03 - P.D. only,03 - Rear end,01 - Clear,07 - Dark,06 - Ice,10 - No control,,2,0,0,0,,0,,,,,369844.923,5031155.012,45.41730689,-75.66890929,4889
17--1412,2/4/2017,1:54 PM,CLEARBROOK DR/MARKETPLACE AVE @ LONGFIELDS DR (0011162),11162,03 - At intersection,03 - P.D. only,05 - Turning movement,01 - Clear,01 - Daylight,01 - Dry,01 - Traffic signal,01 - Functioning,2,0,0,0,,0,,,,,364632.4329,5014954.793,45.27200442,-75.7374636,4890
17--14120,12/27/2017,10:53 AM,TERMINAL AVE @ TRAINYARDS DR (0012245),12245,03 - At intersection,03 - P.D. only,02 - Angle,01 - Clear,01 - Daylight,01 - Dry,01 - Traffic signal,01 - Functioning,2,0,0,0,,0,,,,,371845.8074,5030815.688,45.41406494,-75.64339263,4891
17--14121,12/27/2017,11:03 AM,MERIVALE RD/LOTTA AVE @ CLYDE AVE (0001112),1112,03 - At intersection,02 - Non-fatal injury,05 - Turning movement,01 - Clear,01 - Daylight,01 - Dry,01 - Traffic signal,01 - Functioning,2,0,0,0,02 - Minor,1,,1,,,364522.799,5024507.866,45.35797163,-75.73770908,4892
17--14122,12/27/2017,11:04 AM,BAYSWATER AVE @ SOMERSET ST (0006486),6486,03 - At intersection,03 - P.D. only,05 - Turning movement,01 - Clear,01 - Daylight,06 - Ice,01 - Traffic signal,01 - Functioning,2,0,0,0,,0,,,,,365813.1739,5029912.278,45.40648829,-75.72057255,4893
17--14123,12/27/2017,11:05 AM,QUEEN MARY ST @ VANIER PKWY (0007648),7648,03 - At intersection,03 - P.D. only,05 - Turning movement,01 - Clear,01 - Daylight,01 - Dry,01 - Traffic signal,01 - Functioning,2,0,0,0,,0,,,,,370364.1839,5031958.295,45.42448604,-75.66216841,4894
17--14124,12/27/2017,11:20 AM,WEST HUNT CLUB RD EB btwn WOODROFFE AVE & 354 E OF WOODROFFE AVE/REC P (__3ZBOG1A),__3ZBOG1A,01 - Non intersection,03 - P.D. only,03 - Rear end,01 - Clear,01 - Daylight,06 - Ice,10 - No control,,2,0,0,0,,0,,,,,363926.7857,5021395.838,45.33002043,-75.74568779,4895
17--14125,12/27/2017,11:30 AM,SHELDRAKE DR btwn LAURIE CRT & CASTLEFRANK RD (__3ZACHO),__3ZACHO,01 - Non intersection,03 - P.D. only,06 - SMV unattended vehicle,01 - Clear,01 - Daylight,04 - Slush,10 - No control,,1,0,0,0,,0,,,,,353224.0779,5016500.301,45.28678945,-75.8826975,4896
17--14126,12/27/2017,11:30 PM,RENAUD RD btwn IDA ST & Continuation of RENAUD RD (__3ZA6FE),__3ZA6FE,01 - Non intersection,03 - P.D. only,07 - SMV other,01 - Clear,07 - Dark,06 - Ice,10 - No control,,1,0,0,0,,0,,,,,378607.0603,5031727.9,45.42159196,-75.55688242,4897
17--14127,12/27/2017,11:59 AM,WEST HUNT CLUB RD EB btwn WOODROFFE AVE & 354 E OF WOODROFFE AVE/REC P (__3ZBOG1A),__3ZBOG1A,01 - Non intersection,03 - P.D. only,03 - Rear end,01 - Clear,01 - Daylight,03 - Loose snow,10 - No control,,2,0,0,0,,0,,,,,363928.2058,5021396.311,45.33002457,-75.74566962,4898
17--14128,12/27/2017,Unknown,SPRINGLAND DR btwn RIDGEWOOD AVE & HOBSON RD (__3ZBOQV),__3ZBOQV,01 - Non intersection,03 - P.D. only,06 - SMV unattended vehicle,01 - Clear,00 - Unknown,01 - Dry,10 - No control,,1,0,0,0,,0,,,,,368575.8736,5025760.824,45.36888847,-75.68581975,4899
17--14129,12/27/2017,12:01 AM,COUNTRY GLEN WAY btwn CALVINGTON AVE & CAMPEAU DR (__8A9OOZ),__8A9OOZ,04 - At/near private drive,03 - P.D. only,06 - SMV unattended vehicle,01 - Clear,07 - Dark,05 - Packed snow,10 - No control,,1,0,0,0,,0,,,,,349174.733,5018389.771,45.30405882,-75.93414619,4900
17--1413,2/4/2017,10:21 PM,DONALD B. MUNRO DR btwn CARRYS SIDE RD & GRANTS SIDE RD (__3ZACBL),__3ZACBL,01 - Non intersection,03 - P.D. only,07 - SMV other,01 - Clear,07 - Dark,03 - Loose snow,10 - No control,,1,0,0,0,,0,,,,,330958.5405,5026098.146,45.37433751,-76.16602095,4901
17--13862,12/21/2017,8:46 AM,MONTREAL RD @ SHEFFORD RD (0012423),12423,03 - At intersection,02 - Non-fatal injury,05 - Turning movement,01 - Clear,01 - Daylight,01 - Dry,01 - Traffic signal,01 - Functioning,3,0,0,0,01 - Minimal,2,2,,,,376127.1642,5034853.336,45.44996998,-75.58811396,4902
17--13863,12/21/2017,8:48 AM,WELLINGTON ST btwn KENT ST & BANK ST (__3ZA15A),__3ZA15A,01 - Non intersection,03 - P.D. only,04 - Sideswipe,01 - Clear,01 - Daylight,01 - Dry,10 - No control,,2,0,0,0,,0,,,,,367235.2673,5031614.277,45.42167695,-75.70219182,4903
17--13864,12/21/2017,8:49 AM,BILLINGS BRIDGESC RAMP SB @ RIVERSIDE DR EB (0010763),10763,03 - At intersection,03 - P.D. only,02 - Angle,01 - Clear,01 - Daylight,01 - Dry,02 - Stop sign,01 - Functioning,2,0,0,0,,0,,,,,369177.9262,5027785.458,45.38705047,-75.67787061,4904
17--13865,12/21/2017,8:51 AM,CASTLEFRANK RD @ HAZELDEAN RD (0003608),3608,02 - Intersection related,03 - P.D. only,05 - Turning movement,01 - Clear,01 - Daylight,01 - Dry,01 - Traffic signal,00 - Unknown,2,0,0,0,,0,,,,,352677.264,5017675.716,45.29740359,-75.88955434,4905
17--13866,12/21/2017,8:52 AM,CYRVILLE RD @ INNES RD (0009352),9352,03 - At intersection,03 - P.D. only,03 - Rear end,01 - Clear,01 - Daylight,01 - Dry,01 - Traffic signal,01 - Functioning,2,0,0,0,,0,,,,,375047.1534,5031119.087,45.41648071,-75.60245248,4906
17--13867,12/21/2017,9:20 AM,EAGLESON RD @ HAZELDEAN RD/ROBERTSON RD (0002715),2715,02 - Intersection related,03 - P.D. only,03 - Rear end,01 - Clear,01 - Daylight,01 - Dry,01 - Traffic signal,01 - Functioning,2,0,0,0,,0,,,,,353672.2048,5018425.17,45.30407884,-75.87679549,4907
17--13868,12/21/2017,9:20 PM,OLD ST. PATRICK ST btwn BEAUSOLEIL DR & END (__3ZA7DO),__3ZA7DO,01 - Non intersection,03 - P.D. only,06 - SMV unattended vehicle,01 - Clear,07 - Dark,06 - Ice,10 - No control,,1,0,0,0,,0,,,,,368496.128,5032972.258,45.43378191,-75.68590632,4908
17--13869,12/21/2017,9:21 PM,HIGHWAY 417 btwn RAMP & HWY417 IC145 RAMP55 (__3ZA2Q1),__3ZA2Q1,01 - Non intersection,03 - P.D. only,07 - SMV other,01 - Clear,07 - Dark,01 - Dry,10 - No control,,1,0,0,0,,0,,,,,345897.6318,5014758.858,45.27158582,-75.9762338,4909
17--1387,2/3/2017,6:42 PM,CARRUTHERS AVE @ SCOTT ST (0006480),6480,02 - Intersection related,03 - P.D. only,04 - Sideswipe,01 - Clear,07 - Dark,01 - Dry,01 - Traffic signal,01 - Functioning,2,0,0,0,,0,,,,,365152.7815,5029849.801,45.40598339,-75.72901577,4910
17--13870,12/21/2017,9:25 AM,BAYSHORE DR @ WOODRIDGE CRES S (0000360),360,03 - At intersection,02 - Non-fatal injury,02 - Angle,01 - Clear,01 - Daylight,06 - Ice,01 - Traffic signal,01 - Functioning,2,0,0,0,02 - Minor,1,,1,,,359234.12,5023508.379,45.3494088,-75.80531762,4911
17--13871,12/21/2017,9:30 PM,MONTREAL RD @ SINCLAIR ST (0008675),8675,03 - At intersection,02 - Non-fatal injury,07 - SMV other,01 - Clear,07 - Dark,01 - Dry,01 - Traffic signal,01 - Functioning,1,0,0,0,01 - Minimal,1,1,,,,375969.3088,5034756.587,45.44911559,-75.59014581,4912
17--13872,12/21/2017,9:55 AM,HIGHWAY 417 btwn HWY417 IC110 RAMP64 & HWY417 IC104 RAMP16 (__3ZA2W9),__3ZA2W9,01 - Non intersection,03 - P.D. only,04 - Sideswipe,01 - Clear,01 - Daylight,01 - Dry,10 - No control,,2,0,0,0,,0,,,,,376761.2474,5027406.593,45.38290361,-75.58109596,4913
17--13873,12/21/2017,9:57 PM,RODNEY CRES btwn NORWOOD AVE & WESTLANE RD (__3ZA9J9),__3ZA9J9,04 - At/near private drive,03 - P.D. only,06 - SMV unattended vehicle,01 - Clear,07 - Dark,01 - Dry,10 - No control,,1,0,0,0,,0,,,,,370151.0632,5028678.06,45.39499168,-75.6653264,4914
17--13874,12/22/2017,1:00 PM,CENTREPOINTE DR @ GEMINI WAY (0010344),10344,02 - Intersection related,03 - P.D. only,01 - Approaching,03 - Snow,01 - Daylight,06 - Ice,02 - Stop sign,00 - Unknown,2,0,0,0,,0,,,,,362113.2124,5023380.994,45.34803323,-75.76859265,4915
17--13875,12/22/2017,1:00 PM,CENTURY RD W @ WILLIAM MCEWEN DR (0012116),12116,02 - Intersection related,03 - P.D. only,01 - Approaching,03 - Snow,01 - Daylight,03 - Loose snow,02 - Stop sign,00 - Unknown,2,0,0,0,,0,,,,,365624.14,5006094.328,45.19219257,-75.72590901,4916
17--13876,12/22/2017,1:08 PM,PRINCESS AVE btwn SUSSEX DR & ROCKCLIFFE PKWY (__3ZA2FH),__3ZA2FH,01 - Non intersection,03 - P.D. only,07 - SMV other,03 - Snow,01 - Daylight,04 - Slush,10 - No control,,1,0,0,0,,0,,,,,368160.0573,5034231.609,45.44514362,-75.69003905,4917
17--13877,12/22/2017,1:26 PM,RIVERSIDE DR @ QUESNEL DR (0006966),6966,02 - Intersection related,03 - P.D. only,07 - SMV other,03 - Snow,01 - Daylight,03 - Loose snow,02 - Stop sign,01 - Functioning,1,0,0,0,,0,,,,,368062.1119,5024098.669,45.35397936,-75.69259068,4918
17--13878,12/22/2017,1:45 PM,CARLING AVE @ RICHMOND RD (0010847),10847,03 - At intersection,03 - P.D. only,05 - Turning movement,03 - Snow,01 - Daylight,03 - Loose snow,01 - Traffic signal,01 - Functioning,2,0,0,0,,0,,,,,360244.0025,5024782.577,45.3607949,-75.79228769,4919
17--13879,12/22/2017,10:09 PM,HAWTHORNE RD btwn BLAIS RD & RIDEAU RD (__3ZA6GZ),__3ZA6GZ,01 - Non intersection,03 - P.D. only,07 - SMV other,01 - Clear,07 - Dark,03 - Loose snow,10 - No control,,1,0,0,0,,0,,,,,378544.6437,5019128.974,45.30824056,-75.55956016,4920
17--1388,2/3/2017,6:44 PM,BANK ST @ HOPEWELL AVE (0007218),7218,03 - At intersection,02 - Non-fatal injury,01 - Approaching,01 - Clear,07 - Dark,01 - Dry,02 - Stop sign,00 - Unknown,2,0,0,0,02 - Minor,2,,2,,,368769.2548,5028503.005,45.39354419,-75.68299594,4921
17--13880,12/22/2017,10:12 AM,FAIRMONT AVE @ WELLINGTON ST (0006497),6497,02 - Intersection related,03 - P.D. only,04 - Sideswipe,03 - Snow,01 - Daylight,02 - Wet,01 - Traffic signal,00 - Unknown,2,0,0,0,,0,,,,,365554.5443,5029698.6,45.40458816,-75.7239025,4922
17--13881,12/22/2017,10:13 AM,RUSSELL RD btwn HAIG DR & CUBA AVE (__3ZA786),__3ZA786,04 - At/near private drive,03 - P.D. only,03 - Rear end,01 - Clear,01 - Daylight,02 - Wet,10 - No control,,2,0,0,0,,0,,,,,372905.1611,5029536.134,45.4024498,-75.63003617,4923
17--13882,12/22/2017,10:58 AM,GREENBANK RD @ LARKIN DR (0001101),1101,03 - At intersection,02 - Non-fatal injury,05 - Turning movement,03 - Snow,01 - Daylight,03 - Loose snow,01 - Traffic signal,01 - Functioning,2,0,0,0,02 - Minor,1,,1,,,363176.6779,5016506.217,45.28608653,-75.75583246,4924
17--13883,12/22/2017,11:18 AM,CARLING AVE btwn DEFENSE  RESEARCH COMPLEX & RIFLE RD (__3ZA4Z6B),__3ZA4Z6B,04 - At/near private drive,03 - P.D. only,03 - Rear end,03 - Snow,01 - Daylight,06 - Ice,10 - No control,,2,0,0,0,,0,,,,,353370.1058,5022986.811,45.34514628,-75.8802001,4925
17--13884,12/22/2017,11:39 PM,RIVER RD btwn ROGER STEVENS DR & DOYLE RD (__3ZA3TW),__3ZA3TW,04 - At/near private drive,03 - P.D. only,06 - SMV unattended vehicle,01 - Clear,07 - Dark,03 - Loose snow,10 - No control,,1,0,0,0,,0,,,,,373413.9262,5003125.879,45.16476784,-75.62718977,4926
17--13885,12/22/2017,Unknown,BRACEWOOD WAY btwn SILVERTHORN CRT & GOLFLINKS DR (__33D6P3),__33D6P3,01 - Non intersection,03 - P.D. only,06 - SMV unattended vehicle,01 - Clear,00 - Unknown,02 - Wet,10 - No control,,1,0,0,0,,0,,,,,365723.0863,5013548.781,45.25925951,-75.72373745,4927
17--13886,12/22/2017,12:00 PM,OSGOODE MAIN ST btwn OLD GEORGE ST & ROBERT DOWD ST (__3ZA3UI),__3ZA3UI,04 - At/near private drive,03 - P.D. only,03 - Rear end,03 - Snow,01 - Daylight,03 - Loose snow,10 - No control,,2,0,0,0,,0,,,,,374839.2554,5000908.13,45.14467278,-75.60937181,4928
17--13887,12/22/2017,12:08 PM,MANOTICK STATION RD btwn DEERMEADOW DR & NICK ADAMS RD (__3ZA6LN),__3ZA6LN,04 - At/near private drive,03 - P.D. only,03 - Rear end,03 - Snow,01 - Daylight,03 - Loose snow,10 - No control,,2,0,0,0,,0,,,,,374880.2051,5010215.913,45.22841866,-75.60754335,4929
17--13888,12/22/2017,12:10 PM,MANOTICK STATION RD @ SNAKE ISLAND RD (0001643),1643,02 - Intersection related,02 - Non-fatal injury,07 - SMV other,03 - Snow,01 - Daylight,03 - Loose snow,02 - Stop sign,00 - Unknown,1,0,0,0,01 - Minimal,1,1,,,,376814.2846,5005703.373,45.18762088,-75.58356864,4930
17--13889,12/22/2017,12:34 PM,GREENBANK RD @ HALF MOON BAY (0014465),14465,03 - At intersection,03 - P.D. only,07 - SMV other,03 - Snow,01 - Daylight,03 - Loose snow,02 - Stop sign,01 - Functioning,1,0,0,0,,0,,,,,364651.5955,5013125.004,45.25553833,-75.73743986,4931
17--1389,2/3/2017,6:48 PM,MITCH OWENS RD btwn TURN LANE & SALE BARN RD (__3ZA2CS),__3ZA2CS,01 - Non intersection,03 - P.D. only,07 - SMV other,01 - Clear,07 - Dark,01 - Dry,10 - No control,,1,0,0,0,,0,,,,,378610.5776,5016494.954,45.28453393,-75.55911149,4932
17--13890,12/22/2017,12:35 PM,GREENBANK RD @ STRANDHERD DR (0005563),5563,02 - Intersection related,03 - P.D. only,04 - Sideswipe,03 - Snow,01 - Daylight,03 - Loose snow,01 - Traffic signal,01 - Functioning,2,0,0,0,,0,,,,,363935.0983,5014784.206,45.27052846,-75.74637034,4933
17--13891,12/22/2017,12:39 PM,HOLLAND AVE @ TYNDALL ST (0006087),6087,03 - At intersection,03 - P.D. only,07 - SMV other,03 - Snow,01 - Daylight,03 - Loose snow,01 - Traffic signal,01 - Functioning,1,0,0,0,,0,,,,,365031.2191,5028917.795,45.39760787,-75.73068237,4934
17--13892,12/22/2017,12:53 PM,CARLING AVE @ PINECREST  RD/GREENVIEW AVE (0001630),1630,02 - Intersection related,03 - P.D. only,03 - Rear end,03 - Snow,01 - Daylight,04 - Slush,01 - Traffic signal,01 - Functioning,3,0,0,0,,0,,,,,360007.7892,5024631.978,45.35945845,-75.79531942,4935
17--13893,12/22/2017,2:00 PM,ROBERTSON RD btwn FITZGERALD RD & MOODIE DR (__3ZA411),__3ZA411,01 - Non intersection,03 - P.D. only,05 - Turning movement,04 - Freezing Rain,01 - Daylight,03 - Loose snow,10 - No control,,2,0,0,0,,0,,,,,356976.7113,5020404.591,45.32165222,-75.83445168,4936
17--13894,12/22/2017,2:06 PM,DONNELLY DR btwn WEEDMARK RD & REDDICK LANE (__3ZA4KB),__3ZA4KB,01 - Non intersection,02 - Non-fatal injury,01 - Approaching,03 - Snow,01 - Daylight,03 - Loose snow,10 - No control,,2,0,0,0,02 - Minor,2,,2,,,363085.6258,4985409.367,45.00627714,-75.76061942,4937
17--13895,12/22/2017,2:07 PM,ASHTON STATION RD @ HIGHWAY 7 (0000066),66,02 - Intersection related,03 - P.D. only,99 - Other,01 - Clear,01 - Daylight,05 - Packed snow,02 - Stop sign,00 - Unknown,2,0,0,0,,0,,,,,339964.5451,5003788.022,45.17318539,-76.05262009,4938
17--13896,12/22/2017,2:16 PM,PRINCE OF WALES DR @ MEADOWLANDS DR/HOG'S BACK (0001629),1629,02 - Intersection related,03 - P.D. only,04 - Sideswipe,01 - Clear,01 - Daylight,04 - Slush,01 - Traffic signal,00 - Unknown,2,0,0,0,,0,,,,,367372.4785,5025692.297,45.36838035,-75.70118979,4939
17--13897,12/22/2017,2:17 PM,MERIVALE RD btwn WESTGATE SC & CARLING AVE (__3ZA26UB),__3ZA26UB,01 - Non intersection,03 - P.D. only,03 - Rear end,03 - Snow,01 - Daylight,03 - Loose snow,10 - No control,,2,0,0,0,,0,,,,,364840.2659,5027787.171,45.38745115,-75.73325872,4940
17--13898,12/22/2017,2:42 PM,BAYVIEW RD @ SCOTT ST/ALBERT ST (0005646),5646,03 - At intersection,03 - P.D. only,05 - Turning movement,01 - Clear,01 - Daylight,03 - Loose snow,01 - Traffic signal,01 - Functioning,2,0,0,0,,0,,,,,365518.5636,5030071.327,45.40794499,-75.72431619,4941
17--13899,12/22/2017,2:49 PM,TALLWOOD DR @ AVENSHIRE GT/MERIDIAN PL (0009774),9774,02 - Intersection related,03 - P.D. only,02 - Angle,01 - Clear,01 - Daylight,01 - Dry,02 - Stop sign,00 - Unknown,2,0,0,0,,0,,,,,362814.9835,5022617.246,45.34110338,-75.75972727,4942
17--139,1/4/2017,5:00 PM,HIGHGATE RD @ IRIS ST (0002972),2972,02 - Intersection related,03 - P.D. only,07 - SMV other,03 - Snow,05 - Dusk,06 - Ice,02 - Stop sign,01 - Functioning,1,0,0,0,,0,,,,,361634.1397,5023935.751,45.35306389,-75.77464213,4943
17--1390,2/3/2017,6:50 PM,HIGHWAY 417 btwn HWY417 IC121B RAMP16 & HWY417 IC121A RAMP16 (__3ZA2YX),__3ZA2YX,01 - Non intersection,03 - P.D. only,03 - Rear end,01 - Clear,07 - Dark,01 - Dry,10 - No control,,2,0,0,0,,0,,,,,366903.1727,5029631.117,45.40386262,-75.70668484,4944
17--13900,12/22/2017,2:56 PM,COVENTRY RD @ VANIER PKWY (0002139),2139,02 - Intersection related,03 - P.D. only,03 - Rear end,01 - Clear,01 - Daylight,02 - Wet,01 - Traffic signal,01 - Functioning,2,0,0,0,,0,,,,,370676.7882,5031611.558,45.42133688,-75.65822051,4945
17--13901,12/22/2017,3:00 PM,RUSSELL AVE @ LAURIER AVE (0007752),7752,03 - At intersection,03 - P.D. only,02 - Angle,01 - Clear,01 - Daylight,04 - Slush,02 - Stop sign,01 - Functioning,2,0,0,0,,0,,,,,369038.1952,5032215.814,45.42692613,-75.6790776,4946
17--13902,12/22/2017,3:03 PM,CARLING AVE @ SCRIVENS ST (0002720),2720,02 - Intersection related,03 - P.D. only,07 - SMV other,03 - Snow,01 - Daylight,03 - Loose snow,01 - Traffic signal,01 - Functioning,1,0,0,0,,0,,,,,359423.6244,5024258.513,45.35614377,-75.8028165,4947
17--13903,12/22/2017,3:14 PM,BAYSHORE DR btwn WOODRIDGE CRES N & BAYSHORE CS (__3ZAA4OA),__3ZAA4OA,04 - At/near private drive,03 - P.D. only,05 - Turning movement,01 - Clear,01 - Daylight,02 - Wet,10 - No control,,2,0,0,0,,0,,,,,359098.3815,5023832.618,45.35233683,-75.80701417,4948
17--13904,12/22/2017,3:20 PM,CONROY RD btwn HUNT CLUB RD & CONROY RD (__3ZA2TB),__3ZA2TB,01 - Non intersection,03 - P.D. only,07 - SMV other,03 - Snow,01 - Daylight,03 - Loose snow,10 - No control,,1,0,0,0,,0,,,,,373805.3171,5025312.289,45.36435737,-75.61912952,4949
17--13905,12/22/2017,3:20 PM,PRINCE OF WALES DR btwn ORMOND RD & PHELAN RD W (__3ZA4KS),__3ZA4KS,01 - Non intersection,03 - P.D. only,07 - SMV other,03 - Snow,01 - Daylight,03 - Loose snow,10 - No control,,1,0,0,0,,0,,,,,367056.9209,5002362.029,45.15848397,-75.70814176,4950
17--13906,12/22/2017,3:25 PM,CARLING AVE EB btwn HOLLAND AVE & PARKDALE AVE (__3ZA26K),__3ZA26K,01 - Non intersection,03 - P.D. only,03 - Rear end,03 - Snow,01 - Daylight,02 - Wet,10 - No control,,2,0,0,0,,0,,,,,365440.9468,5028021.133,45.38950454,-75.72555971,4951
17--13907,12/22/2017,3:29 PM,DONALD ST btwn GL/OT BOUNDARY & 110 E OF ST. LAURENT BLVD (__3ZA7RWA),__3ZA7RWA,04 - At/near private drive,03 - P.D. only,02 - Angle,01 - Clear,01 - Daylight,01 - Dry,10 - No control,,3,0,0,0,,0,,,,,372147.204,5032478.975,45.42900149,-75.63931491,4952
17--13908,12/22/2017,3:44 PM,WEST HUNT CLUB RD WB btwn CEDARVIEW RD & GREENBANK RD (__3ZA199),__3ZA199,01 - Non intersection,01 - Fatal injury,01 - Approaching,01 - Clear,01 - Daylight,05 - Packed snow,10 - No control,,3,0,0,0,04 - Fatal,2,,1,,1,361391.266,5020454.451,45.32175887,-75.77813974,4953
17--13909,12/22/2017,3:52 PM,FOUR SEASONS DR btwn SHADETREE CRES & SHADETREE CRES (__3ZA0BJ),__3ZA0BJ,04 - At/near private drive,03 - P.D. only,06 - SMV unattended vehicle,03 - Snow,01 - Daylight,03 - Loose snow,10 - No control,,1,0,0,0,,0,,,,,366570.9742,5023979.801,45.35304275,-75.71163497,4954
17--1391,2/3/2017,7:00 PM,GILMOUR ST btwn METCALFE ST & ELGIN ST (__3ZA9TG),__3ZA9TG,01 - Non intersection,03 - P.D. only,06 - SMV unattended vehicle,01 - Clear,07 - Dark,01 - Dry,10 - No control,,1,0,0,0,,0,,,,,368242.7692,5031049.608,45.41650561,-75.68939178,4955
17--13910,12/22/2017,4:20 PM,MCBEAN ST @ PERTH ST (0000124),124,03 - At intersection,03 - P.D. only,05 - Turning movement,03 - Snow,05 - Dusk,03 - Loose snow,01 - Traffic signal,01 - Functioning,2,0,0,0,,0,,,,,356744.364,5006255.712,45.19435478,-75.83889431,4956
17--13911,12/22/2017,4:50 PM,STRANDHERD DR btwn CEDARVIEW RD & MCKENNA CASEY DR (__30IZPQ),__30IZPQ,04 - At/near private drive,03 - P.D. only,04 - Sideswipe,01 - Clear,05 - Dusk,01 - Dry,10 - No control,,2,0,0,0,,0,,,,,362171.882,5013550.704,45.25957538,-75.76898173,4957
17--13912,12/22/2017,4:50 PM,HIGHWAY 417 btwn HWY417 IC127 RAMP63 & HWY417 IC127 RAMP67 (__3ZA2RF),__3ZA2RF,01 - Non intersection,03 - P.D. only,03 - Rear end,01 - Clear,07 - Dark,02 - Wet,10 - No control,,3,0,0,0,,0,,,,,362170.7318,5024888.801,45.36159566,-75.7676837,4958
17--13913,12/22/2017,4:57 PM,INNES RD @ TENTH LINE RD (0004633),4633,02 - Intersection related,03 - P.D. only,03 - Rear end,03 - Snow,05 - Dusk,04 - Slush,01 - Traffic signal,01 - Functioning,4,0,0,0,,0,,,,,383953.4466,5036160.229,45.46088571,-75.48786301,4959
17--13914,12/22/2017,5:30 PM,CRAIG HENRY DR @ KNOXDALE RD (0000590),590,02 - Intersection related,03 - P.D. only,03 - Rear end,03 - Snow,07 - Dark,04 - Slush,01 - Traffic signal,01 - Functioning,4,0,0,0,,0,,,,,363117.1613,5021654.78,45.33241812,-75.75598522,4960
17--13915,12/22/2017,5:30 PM,MERIVALE RD @ WEST HUNT CLUB RD (0000584),584,02 - Intersection related,03 - P.D. only,07 - SMV other,03 - Snow,07 - Dark,04 - Slush,01 - Traffic signal,01 - Functioning,1,0,0,0,,0,,,,,365613.642,5021942.262,45.33479294,-75.72410248,4961
17--13916,12/22/2017,6:28 PM,HAZELDEAN RD @ CARBROOKE ST/IRWIN GATE (0003187),3187,03 - At intersection,02 - Non-fatal injury,05 - Turning movement,03 - Snow,07 - Dark,02 - Wet,01 - Traffic signal,01 - Functioning,2,0,0,0,02 - Minor,2,,2,,,353418.6491,5018265.823,45.30266259,-75.8800442,4962