Anom_ID,Accident_Date,Accident_Time,Location,Geo_ID,Accident_Location,Classification_of_Accident,Initial_Impact_Type,Environment_Condition,Light,Road_Surface_Condition,Traffic_Control,Traffic_Control_Condition,No__of_Vehicles,No__of_Bicycles,No__of_Motorcycles,No__of_Pedestrians,Max_Injury,No__of_Injuries,No__of_Minimal,No__of_Minor,No__of_Major,No__of_Fatal,X,Y,Latitude,Longitude,ObjectId
17--13917,12/22/2017,6:30 AM,HIGHWAY 417 btwn HWY417 IC134 RAMP51 & HWY417 IC134 RAMP35 (__3ZAZET),__3ZAZET,01 - Non intersection,03 - P.D. only,07 - SMV other,01 - Clear,07 - Dark,01 - Dry,10 - No control,,1,0,0,0,,0,,,,,356183.9116,5022095.981,45.33693002,-75.84438813,4963
17--13918,12/22/2017,6:39 PM,DONALD ST @ VANIER PKWY (0007644),7644,02 - Intersection related,03 - P.D. only,03 - Rear end,01 - Clear,07 - Dark,01 - Dry,01 - Traffic signal,01 - Functioning,2,0,0,0,,0,,,,,370312.6689,5032271.78,45.42731148,-75.66278495,4964
17--13919,12/22/2017,6:51 PM,DONALD ST @ ST. LAURENT BLVD (0008630),8630,03 - At intersection,02 - Non-fatal injury,05 - Turning movement,01 - Clear,07 - Dark,04 - Slush,01 - Traffic signal,01 - Functioning,2,0,0,0,01 - Minimal,1,1,,,,372094.1863,5032471.875,45.42894271,-75.63999336,4965
17--1392,2/3/2017,7:06 PM,ST. LAURENT BLVD @ WALKLEY RD (0007653),7653,02 - Intersection related,03 - P.D. only,03 - Rear end,01 - Clear,07 - Dark,01 - Dry,01 - Traffic signal,01 - Functioning,2,0,0,0,,0,,,,,373904.251,5028047.23,45.38895543,-75.61748403,4966
17--13920,12/22/2017,6:55 AM,HIGHWAY 417 btwn HWY417 IC163 RAMP16 & HWY417 IC163 RAMP61 (__3ZAZNM),__3ZAZNM,01 - Non intersection,03 - P.D. only,07 - SMV other,03 - Snow,07 - Dark,02 - Wet,10 - No control,,1,0,0,0,,0,,,,,331556.7631,5021433.145,45.33233688,-76.15863574,4967
17--13921,12/22/2017,6:57 PM,HUNTMAR DR @ PALLADIUM DR S (0011818),11818,02 - Intersection related,03 - P.D. only,03 - Rear end,03 - Snow,07 - Dark,03 - Loose snow,01 - Traffic signal,00 - Unknown,2,0,0,0,,0,,,,,349676.08,5017366.146,45.29481609,-75.92784613,4968
17--13922,12/22/2017,7:47 PM,FALLOWFIELD RD @ WOODROFFE AVE (0010372),10372,02 - Intersection related,03 - P.D. only,03 - Rear end,03 - Snow,07 - Dark,03 - Loose snow,01 - Traffic signal,01 - Functioning,2,0,0,0,,0,,,,,365085.6234,5017903.427,45.29849742,-75.73133017,4969
17--13923,12/22/2017,7:48 PM,BANK ST @ RIVERDALE AVE (0007210),7210,02 - Intersection related,03 - P.D. only,02 - Angle,03 - Snow,07 - Dark,03 - Loose snow,01 - Traffic signal,01 - Functioning,2,0,0,0,,0,,,,,369077.382,5028118.881,45.39005974,-75.67911104,4970
17--13924,12/22/2017,7:52 PM,PLAYFAIR DR btwn BEATTIE AVE & DELMAR DR (__3ZA84N),__3ZA84N,04 - At/near private drive,03 - P.D. only,06 - SMV unattended vehicle,03 - Snow,07 - Dark,06 - Ice,10 - No control,,1,0,0,0,,0,,,,,371970.6492,5028246.491,45.39093641,-75.64214771,4971
17--13925,12/22/2017,7:54 PM,BERRIGAN DR btwn PLUMAS GT & WANSTEAD GT (__4O3JOK),__4O3JOK,04 - At/near private drive,03 - P.D. only,05 - Turning movement,03 - Snow,07 - Dark,03 - Loose snow,10 - No control,,2,0,0,0,,0,,,,,364857.2853,5015891.778,45.28041623,-75.73448486,4972
17--13926,12/22/2017,7:59 PM,HERZBERG RD @ MARCH RD (0003170),3170,03 - At intersection,03 - P.D. only,02 - Angle,03 - Snow,07 - Dark,06 - Ice,01 - Traffic signal,01 - Functioning,2,0,0,0,,0,,,,,352323.6222,5021529.683,45.33210646,-75.8936934,4973
17--13927,12/22/2017,8:00 AM,TENTH LINE RD @ CHARLEMAGNE BLVD N/TOMPKINS AV (0009222),9222,02 - Intersection related,03 - P.D. only,03 - Rear end,01 - Clear,01 - Daylight,01 - Dry,01 - Traffic signal,00 - Unknown,2,0,0,0,,0,,,,,383183.9299,5037978.599,45.47733253,-75.49741128,4974
17--13928,12/22/2017,8:37 AM,GRASSY PLAINS DR @ STONEHAVEN DR (0008886),8886,02 - Intersection related,03 - P.D. only,03 - Rear end,03 - Snow,01 - Daylight,06 - Ice,01 - Traffic signal,01 - Functioning,2,0,0,0,,0,,,,,356205.1112,5015964.194,45.28175375,-75.84475371,4975
17--13929,12/22/2017,9:00 AM,BRONSON PL @ COLONEL BY DR (0006903),6903,02 - Intersection related,03 - P.D. only,03 - Rear end,03 - Snow,01 - Daylight,01 - Dry,02 - Stop sign,02 - Not functioning,2,0,0,0,,0,,,,,367809.3307,5028522.379,45.39380554,-75.69525222,4976
17--1393,2/3/2017,7:07 AM,VANIER PKWY NB btwn DESCHAMPS AVE & MONTREAL RD (__3ZA4SU),__3ZA4SU,01 - Non intersection,03 - P.D. only,03 - Rear end,01 - Clear,03 - Dawn,01 - Dry,10 - No control,,3,0,0,0,,0,,,,,370002.218,5033139.363,45.43514665,-75.66663703,4977
17--13930,12/22/2017,9:38 AM,CYRVILLE RD @ INNES RD (0009352),9352,02 - Intersection related,03 - P.D. only,04 - Sideswipe,01 - Clear,01 - Daylight,02 - Wet,01 - Traffic signal,01 - Functioning,2,0,0,0,,0,,,,,375047.7247,5031120.748,45.4164956,-75.60244494,4978
17--13931,12/22/2017,9:49 PM,ALBION RD @ GOTH AVE (0009555),9555,03 - At intersection,03 - P.D. only,02 - Angle,01 - Clear,07 - Dark,05 - Packed snow,02 - Stop sign,01 - Functioning,2,0,0,0,,0,,,,,372332.8177,5023198.98,45.34548598,-75.63821287,4979
17--13932,12/23/2017,1:10 PM,MCLEOD ST @ LYON ST (0007470),7470,03 - At intersection,03 - P.D. only,02 - Angle,03 - Snow,01 - Daylight,03 - Loose snow,02 - Stop sign,01 - Functioning,2,0,0,0,,0,,,,,367625.2406,5030292.801,45.40975182,-75.69737763,4980
17--13933,12/23/2017,1:28 PM,BRONSON AVE @ CARLING AVE/GLEBE AVE (0002134),2134,02 - Intersection related,03 - P.D. only,03 - Rear end,03 - Snow,01 - Daylight,05 - Packed snow,01 - Traffic signal,01 - Functioning,2,0,0,0,,0,,,,,367447.707,5029336.272,45.40116116,-75.69976702,4981
17--13934,12/23/2017,1:33 AM,LIMEBANK RD btwn EARL ARMSTRONG RD & RIDEAU RD (__3ZA6L5),__3ZA6L5,01 - Non intersection,03 - P.D. only,07 - SMV other,03 - Snow,07 - Dark,05 - Packed snow,10 - No control,,1,0,0,0,,0,,,,,370850.284,5014116.203,45.26390241,-75.6583397,4982
17--13935,12/23/2017,1:34 PM,RUSSELL RD btwn MILTON RD & SAND RD (__3ZA3XZ),__3ZA3XZ,01 - Non intersection,02 - Non-fatal injury,07 - SMV other,03 - Snow,01 - Daylight,03 - Loose snow,10 - No control,,1,0,0,0,02 - Minor,2,,2,,,390877.4883,5025819.799,45.36703501,-75.40114678,4983
17--13936,12/23/2017,1:39 PM,EAGLESON RD @ RUSHMORE RD (0000131),131,02 - Intersection related,03 - P.D. only,07 - SMV other,03 - Snow,01 - Daylight,03 - Loose snow,02 - Stop sign,00 - Unknown,1,0,0,0,,0,,,,,356744.1058,5010543.688,45.23293924,-75.83845039,4984
17--13937,12/23/2017,1:52 PM,DUNROBIN RD @ VANCES SIDE RD (0005757),5757,02 - Intersection related,02 - Non-fatal injury,01 - Approaching,03 - Snow,01 - Daylight,03 - Loose snow,02 - Stop sign,00 - Unknown,2,0,0,0,01 - Minimal,1,1,,,,340158.0725,5033679.848,45.44215612,-76.04802539,4985
17--13938,12/23/2017,1:56 PM,CARLING AVE @ KIRKWOOD AVE S (0002209),2209,03 - At intersection,03 - P.D. only,05 - Turning movement,03 - Snow,01 - Daylight,02 - Wet,01 - Traffic signal,01 - Functioning,2,0,0,0,,0,,,,,364351.7005,5027336.873,45.38344116,-75.7395517,4986
17--13939,12/23/2017,10:03 PM,JOCKVALE RD @ STRANDHERD DR (0010541),10541,02 - Intersection related,02 - Non-fatal injury,03 - Rear end,"07 - Fog, mist, smoke, dust",07 - Dark,03 - Loose snow,01 - Traffic signal,01 - Functioning,3,0,0,0,02 - Minor,1,,1,,,363560.9539,5014578.074,45.26870504,-75.75116249,4987
17--1394,2/3/2017,7:23 PM,HIGHWAY 417 btwn HWY417 IC122 RAMP61 & HWY417 IC121B RAMP16 (__3ZA2Y4),__3ZA2Y4,01 - Non intersection,03 - P.D. only,04 - Sideswipe,01 - Clear,07 - Dark,01 - Dry,10 - No control,,2,0,0,0,,0,,,,,365727.6795,5029157.385,45.39970339,-75.72175789,4988
17--13940,12/23/2017,10:08 AM,DOVERCOURT AVE @ WINDERMERE AVE (0006766),6766,03 - At intersection,03 - P.D. only,02 - Angle,01 - Clear,01 - Daylight,04 - Slush,02 - Stop sign,01 - Functioning,2,0,0,0,,0,,,,,362536.1662,5026936.304,45.37998888,-75.76278014,4989
17--13941,12/23/2017,10:24 PM,BASELINE RD @ CLYDE AVE (0002343),2343,03 - At intersection,02 - Non-fatal injury,05 - Turning movement,03 - Snow,07 - Dark,05 - Packed snow,01 - Traffic signal,01 - Functioning,2,0,0,0,01 - Minimal,2,2,,,,364359.1767,5024890.276,45.36142643,-75.73975126,4990
17--13942,12/23/2017,10:28 PM,ST. LAURENT BLVD @ WALKLEY RD (0007653),7653,03 - At intersection,02 - Non-fatal injury,02 - Angle,01 - Clear,07 - Dark,04 - Slush,01 - Traffic signal,01 - Functioning,2,0,0,0,02 - Minor,1,,1,,,373902.2767,5028047.092,45.38895438,-75.61750926,4991
17--13943,12/23/2017,10:30 AM,MONTREAL RD @ STE. ANNE ST (0009798),9798,03 - At intersection,03 - P.D. only,05 - Turning movement,03 - Snow,01 - Daylight,04 - Slush,02 - Stop sign,00 - Unknown,2,0,0,0,,0,,,,,370707.9187,5033416.779,45.43757656,-75.65758116,4992
17--13944,12/23/2017,11:15 AM,VERMILLION DR E @ BRITO ST (0013225),13225,02 - Intersection related,03 - P.D. only,07 - SMV other,03 - Snow,01 - Daylight,03 - Loose snow,03 - Yield sign,01 - Functioning,1,0,0,0,,0,,,,,368815.155,5016515.945,45.28568315,-75.68396067,4993
17--13945,12/23/2017,11:51 AM,HOLLAND AVE @ WELLINGTON ST (0002364),2364,02 - Intersection related,03 - P.D. only,03 - Rear end,03 - Snow,01 - Daylight,04 - Slush,01 - Traffic signal,01 - Functioning,2,0,0,0,,0,,,,,364929.7014,5029152.844,45.39973152,-75.73195026,4994
17--13946,12/23/2017,11:59 AM,BLAIR RD @ REGIONAL RD 174 S/OR174 IC112 RAMP15 (0012435),12435,03 - At intersection,02 - Non-fatal injury,05 - Turning movement,03 - Snow,01 - Daylight,03 - Loose snow,01 - Traffic signal,01 - Functioning,2,0,0,0,02 - Minor,1,,1,,,374908.1934,5032662.123,45.43037804,-75.60400815,4995
17--13947,12/23/2017,Unknown,SMOKETREE CRES btwn KITTIWAKE DR & DEW GT (__4TYFFS),__4TYFFS,01 - Non intersection,03 - P.D. only,06 - SMV unattended vehicle,01 - Clear,00 - Unknown,05 - Packed snow,10 - No control,,1,0,0,0,,0,,,,,348150.2804,5014060.739,45.26516862,-75.9475873,4996
17--13948,12/23/2017,12:00 PM,HERZBERG RD @ MARCH RD (0003170),3170,03 - At intersection,03 - P.D. only,07 - SMV other,03 - Snow,01 - Daylight,08 - Loose sand or gravel,01 - Traffic signal,01 - Functioning,1,0,0,0,,0,,,,,352323.6222,5021527.361,45.33208556,-75.89369362,4997
17--13949,12/23/2017,12:05 PM,DOVERCOURT AVE @ SHERBOURNE RD (0002798),2798,03 - At intersection,03 - P.D. only,02 - Angle,03 - Snow,01 - Daylight,05 - Packed snow,02 - Stop sign,01 - Functioning,2,0,0,0,,0,,,,,362153.1428,5026789.266,45.37869731,-75.76768755,4998
17--1395,2/3/2017,7:26 PM,HIGHWAY 417 btwn HWY417 IC122 RAMP61 & HWY417 IC121B RAMP16 (__3ZA2Y4),__3ZA2Y4,01 - Non intersection,03 - P.D. only,04 - Sideswipe,01 - Clear,07 - Dark,01 - Dry,10 - No control,,2,0,0,0,,0,,,,,365824.5172,5029212.652,45.40019223,-75.72051424,4999
17--13950,12/23/2017,12:11 PM,ALBERT ST @ COMMISSIONER ST (0002171),2171,03 - At intersection,03 - P.D. only,04 - Sideswipe,03 - Snow,01 - Daylight,03 - Loose snow,02 - Stop sign,00 - Unknown,2,0,0,0,,0,,,,,366714.6441,5030972.753,45.41595098,-75.7089244,5000
17--1532,2/7/2017,5:22 PM,CARLING AVE @ HOLLAND AVE (0002146),2146,02 - Intersection related,03 - P.D. only,03 - Rear end,01 - Clear,07 - Dark,02 - Wet,01 - Traffic signal,01 - Functioning,2,0,0,0,,0,,,,,365417.702,5028037.878,45.38965722,-75.72585448,5001
17--1533,2/7/2017,6:05 PM,BASELINE RD @ CENTREPOINTE DR W/COBDEN RD (0002108),2108,02 - Intersection related,02 - Non-fatal injury,03 - Rear end,03 - Snow,07 - Dark,03 - Loose snow,01 - Traffic signal,01 - Functioning,2,0,0,0,01 - Minimal,1,1,,,,361634.4172,5023208.748,45.34652233,-75.77472214,5002
17--1534,2/7/2017,6:09 PM,INNES RD @ JEANNE D'ARC BLVD/MER BLEUE RD (0012475),12475,03 - At intersection,03 - P.D. only,05 - Turning movement,04 - Freezing Rain,07 - Dark,06 - Ice,01 - Traffic signal,01 - Functioning,2,0,0,0,,0,,,,,382640.8259,5035567.15,45.45569717,-75.50473884,5003
17--1535,2/7/2017,6:27 PM,ROBERTSON RD btwn HAZELDEAN RD & HAANEL DR (__3ZA41S),__3ZA41S,01 - Non intersection,03 - P.D. only,07 - SMV other,04 - Freezing Rain,07 - Dark,06 - Ice,10 - No control,,1,0,0,0,,0,,,,,354530.477,5018927.85,45.30854181,-75.86580128,5004
17--1536,2/7/2017,6:30 AM,FORESTBROOK ST btwn STATEWOOD DR & BRADY AVE (__5GNZG0),__5GNZG0,04 - At/near private drive,03 - P.D. only,06 - SMV unattended vehicle,03 - Snow,03 - Dawn,04 - Slush,10 - No control,,1,0,0,0,,0,,,,,348701.4088,5022951.115,45.34513283,-75.93977718,5005
17--1537,2/7/2017,6:35 PM,DUROCHER ST @ MONTREAL RD (0009800),9800,02 - Intersection related,03 - P.D. only,02 - Angle,01 - Clear,07 - Dark,01 - Dry,02 - Stop sign,00 - Unknown,2,0,0,0,,0,,,,,370136.7085,5033099.116,45.43477197,-75.6649236,5006
17--1538,2/7/2017,6:55 AM,SHEFFIELD RD @ WALKLEY RD (0005156),5156,02 - Intersection related,03 - P.D. only,03 - Rear end,01 - Clear,03 - Dawn,03 - Loose snow,01 - Traffic signal,01 - Functioning,2,0,0,0,,0,,,,,375257.7351,5028782.899,45.39543975,-75.60009605,5007
17--1539,2/7/2017,7:18 AM,ORLEANS BLVD @ NAVAN RD (0012474),12474,03 - At intersection,03 - P.D. only,02 - Angle,01 - Clear,01 - Daylight,04 - Slush,02 - Stop sign,01 - Functioning,2,0,0,0,,0,,,,,380597.0608,5033091.476,45.43364764,-75.53124765,5008
17--154,1/4/2017,7:12 AM,HOPE SIDE RD btwn CROWNRIDGE DR & RICHMOND RD (__3ZA2TR),__3ZA2TR,01 - Non intersection,03 - P.D. only,05 - Turning movement,02 - Rain,03 - Dawn,04 - Slush,10 - No control,,2,0,0,0,,0,,,,,356322.839,5015124.422,45.2741887,-75.84334034,5009
17--1540,2/7/2017,7:27 PM,BLACKBURN BYPASS @ NAVAN RD (0004201),4201,02 - Intersection related,03 - P.D. only,03 - Rear end,04 - Freezing Rain,07 - Dark,04 - Slush,01 - Traffic signal,01 - Functioning,2,0,0,0,,0,,,,,379619.1608,5033275.42,45.43540795,-75.54371635,5010
17--1541,2/7/2017,7:29 AM,BANK ST btwn LESTER RD & PARK LANE (__3ZA28G),__3ZA28G,01 - Non intersection,02 - Non-fatal injury,01 - Approaching,01 - Clear,01 - Daylight,04 - Slush,10 - No control,,3,0,0,0,02 - Minor,2,1,1,,,373914.7087,5022738.693,45.34119041,-75.61809302,5011
17--1542,2/7/2017,7:30 PM,NAVAHO DR btwn WOODROFFE AVE & Continuation of NAVAHO DR (__5QC9PJ),__5QC9PJ,04 - At/near private drive,03 - P.D. only,02 - Angle,03 - Snow,07 - Dark,03 - Loose snow,10 - No control,,2,0,0,0,,0,,,,,362796.2085,5023545.187,45.34945448,-75.75985801,5012
17--1543,2/7/2017,7:35 AM,MOSS GROVE ST @ SORENTO ST S (0011098),11098,03 - At intersection,03 - P.D. only,02 - Angle,03 - Snow,01 - Daylight,05 - Packed snow,02 - Stop sign,01 - Functioning,2,0,0,0,,0,,,,,366224.4157,5014893.215,45.27131309,-75.71718401,5013
17--1544,2/7/2017,7:35 PM,WALKLEY RD btwn TURN LANE & RYDER ST (__3ZA2DF),__3ZA2DF,01 - Non intersection,03 - P.D. only,01 - Approaching,03 - Snow,07 - Dark,04 - Slush,10 - No control,,2,0,0,0,,0,,,,,372368.287,5027145.889,45.38099539,-75.63722063,5014
17--1545,2/7/2017,7:36 PM,RIVERSIDE DR btwn RIVERSIDE DR & RIVER RD (__7IFXUL),__7IFXUL,04 - At/near private drive,03 - P.D. only,02 - Angle,03 - Snow,07 - Dark,04 - Slush,10 - No control,,2,0,0,0,,0,,,,,368370.398,5020639.169,45.32282363,-75.6891009,5015
17--1546,2/7/2017,8:05 PM,CLARENCE ST @ COBOURG ST (0007621),7621,03 - At intersection,02 - Non-fatal injury,07 - SMV other,03 - Snow,07 - Dark,03 - Loose snow,02 - Stop sign,01 - Functioning,1,0,0,1,02 - Minor,1,,1,,,368951.2103,5033056.216,45.43449573,-75.68007962,5016
17--1547,2/7/2017,8:10 AM,HIGHWAY 416 btwn HWY416 IC57 RAMP53 & HWY416 IC49 RAMP34 (__3ZAZJC),__3ZAZJC,01 - Non intersection,03 - P.D. only,07 - SMV other,01 - Clear,01 - Daylight,02 - Wet,10 - No control,,1,0,0,0,,0,,,,,366163.1597,5005579.074,45.18750957,-75.71911311,5017
17--1548,2/7/2017,8:12 AM,MCCLINTOCK WAY btwn MCCLURE CRES & MCCLURE CRES (__3ZBNCL),__3ZBNCL,01 - Non intersection,03 - P.D. only,99 - Other,03 - Snow,01 - Daylight,03 - Loose snow,10 - No control,,2,0,0,0,,0,,,,,352178.5904,5018853.719,45.30803735,-75.89579959,5018
17--1549,2/7/2017,8:17 AM,HAWTHORNE RD btwn HAWTHORNE RD & WHYTE SIDE RD (__3ZA2PE),__3ZA2PE,01 - Non intersection,03 - P.D. only,01 - Approaching,05 - Drifting Snow,01 - Daylight,01 - Dry,10 - No control,,2,0,0,0,,0,,,,,376243.9169,5024603.231,45.35773331,-75.58810657,5019
17--155,1/4/2017,7:30 AM,OTTAWA RIVER PKWY @ ISLAND PARK DR (0002127),2127,02 - Intersection related,03 - P.D. only,03 - Rear end,04 - Freezing Rain,03 - Dawn,03 - Loose snow,01 - Traffic signal,01 - Functioning,2,0,0,0,,0,,,,,363298.7724,5029454.335,45.40258246,-75.7527449,5020
17--1550,2/7/2017,8:34 AM,PAUL ANKA DR @ UPLANDS DR (0007476),7476,02 - Intersection related,03 - P.D. only,03 - Rear end,03 - Snow,01 - Daylight,04 - Slush,02 - Stop sign,01 - Functioning,2,0,0,0,,0,,,,,369459.2243,5023574.39,45.3491346,-75.67482984,5021
17--1551,2/7/2017,8:39 AM,GREENBANK RD btwn WEST HUNT CLUB RD & FALLOWFIELD RD (__3ZA1NE),__3ZA1NE,01 - Non intersection,02 - Non-fatal injury,01 - Approaching,03 - Snow,01 - Daylight,03 - Loose snow,10 - No control,,2,0,0,0,03 - Major,2,,1,1,,362680.1296,5017649.213,45.29641229,-75.7620284,5022
17--1552,2/7/2017,8:49 AM,INDUSTRIAL AVE btwn TRAINYARDS DR & RUSSELL RD (__3ZA3R9),__3ZA3R9,01 - Non intersection,03 - P.D. only,03 - Rear end,01 - Clear,01 - Daylight,02 - Wet,10 - No control,,2,0,0,0,,0,,,,,372341.1384,5030341.848,45.4097539,-75.6371297,5023
17--1553,2/7/2017,8:50 AM,HIGHWAY 416 btwn HWY416 IC42 RAMP24 & END (__3ZAZJ6),__3ZAZJ6,07 - Overpass or bridge,03 - P.D. only,07 - SMV other,01 - Clear,01 - Daylight,01 - Dry,10 - No control,,1,0,0,0,,0,,,,,372414.7472,4994114.02,45.08377542,-75.64111618,5024
17--1554,2/7/2017,8:55 PM,CONROY RD @ DAVIDSON RD N (0009364),9364,02 - Intersection related,03 - P.D. only,03 - Rear end,03 - Snow,07 - Dark,06 - Ice,02 - Stop sign,01 - Functioning,2,0,0,0,,0,,,,,374573.7515,5023514.384,45.34810452,-75.6095752,5025
17--1555,2/8/2017,1:12 PM,RICHMOND RD btwn HIGH ST & PINECREST RD (__3ZA4M8),__3ZA4M8,01 - Non intersection,03 - P.D. only,04 - Sideswipe,01 - Clear,01 - Daylight,01 - Dry,10 - No control,,2,0,0,0,,0,,,,,360035.8121,5024408.974,45.35744966,-75.79498668,5026
17--1556,2/8/2017,1:19 PM,RIVERSIDE DR @ BROOKFIELD RD/HOG'S BACK RD (0001627),1627,02 - Intersection related,03 - P.D. only,03 - Rear end,04 - Freezing Rain,01 - Daylight,06 - Ice,01 - Traffic signal,01 - Functioning,2,0,0,0,,0,,,,,368169.9624,5026222.897,45.3730829,-75.69094192,5027
17--1557,2/8/2017,1:49 PM,ARLINGTON AVE @ KENT ST (0007259),7259,03 - At intersection,03 - P.D. only,02 - Angle,01 - Clear,01 - Daylight,01 - Dry,01 - Traffic signal,01 - Functioning,2,0,0,0,,0,,,,,367868.3751,5030258.24,45.40941898,-75.6942762,5028
17--1558,2/8/2017,10:09 AM,MCARTHUR AVE @ VANIER PKWY (0004626),4626,02 - Intersection related,03 - P.D. only,03 - Rear end,03 - Snow,01 - Daylight,02 - Wet,01 - Traffic signal,01 - Functioning,2,0,0,0,,0,,,,,370219.0395,5032689.917,45.43108247,-75.6639258,5029
17--1559,2/8/2017,10:22 AM,ADMIRAL AVE @ ANNA AVE (0006794),6794,02 - Intersection related,03 - P.D. only,06 - SMV unattended vehicle,01 - Clear,01 - Daylight,02 - Wet,02 - Stop sign,01 - Functioning,1,0,0,0,,0,,,,,365153.9484,5027266.147,45.38273612,-75.72931693,5030
17--156,1/4/2017,7:31 AM,BUCKINGHAM PRIV @ UPLANDS DR (0007093),7093,02 - Intersection related,03 - P.D. only,05 - Turning movement,03 - Snow,03 - Dawn,04 - Slush,02 - Stop sign,00 - Unknown,2,0,0,0,,0,,,,,368348.265,5022808.231,45.34234242,-75.68910471,5031
17--1560,2/8/2017,11:18 AM,AIRPORT PKWY/WALKLEY RD NB OFF RAMP @ WALKLEY RD (0011348),11348,02 - Intersection related,03 - P.D. only,03 - Rear end,01 - Clear,01 - Daylight,06 - Ice,01 - Traffic signal,00 - Unknown,2,0,0,0,,0,,,,,370078.2472,5025791.417,45.36902541,-75.66663801,5032
17--1561,2/8/2017,11:20 AM,ADELINE ST @ PRESTON ST (0006113),6113,02 - Intersection related,03 - P.D. only,06 - SMV unattended vehicle,01 - Clear,01 - Daylight,04 - Slush,02 - Stop sign,00 - Unknown,1,0,0,0,,0,,,,,366779.7004,5029051.789,45.39866092,-75.70833475,5033
17--1562,2/8/2017,11:31 AM,ST. LAURENT BLVD btwn SHORE ST & BELFAST RD (__3ZA2GU),__3ZA2GU,01 - Non intersection,03 - P.D. only,04 - Sideswipe,01 - Clear,01 - Daylight,01 - Dry,10 - No control,,2,0,0,0,,0,,,,,372828.2826,5030660.836,45.41257683,-75.6308629,5034
17--1563,2/8/2017,Unknown,WHITMORE AVE btwn CLINE CRES & CLINE CRES (__3ZAAMA),__3ZAAMA,01 - Non intersection,03 - P.D. only,06 - SMV unattended vehicle,04 - Freezing Rain,00 - Unknown,06 - Ice,10 - No control,,1,0,0,0,,0,,,,,362884.8847,5024802.312,45.36075864,-75.75857873,5035
17--1564,2/8/2017,Unknown,KINGBROOK DR btwn BRIDGESTONE DR & FOXHALL WAY (__54Y8GS),__54Y8GS,01 - Non intersection,03 - P.D. only,06 - SMV unattended vehicle,01 - Clear,00 - Unknown,01 - Dry,10 - No control,,1,0,0,0,,0,,,,,355376.9532,5016416.804,45.2858865,-75.8552632,5036
17--1565,2/8/2017,Unknown,KING GEORGE ST btwn VERA ST & QUILL ST (__3ZA4AH),__3ZA4AH,01 - Non intersection,03 - P.D. only,06 - SMV unattended vehicle,01 - Clear,00 - Unknown,05 - Packed snow,10 - No control,,1,0,0,0,,0,,,,,370686.2248,5032063.726,45.42540441,-75.65803946,5037
17--1566,2/8/2017,12:17 AM,LEITRIM RD btwn HIGH RD & ALBION RD (__4B2G24),__4B2G24,01 - Non intersection,03 - P.D. only,07 - SMV other,04 - Freezing Rain,07 - Dark,06 - Ice,10 - No control,,1,0,0,0,,0,,,,,372729.7707,5019933.632,45.31606712,-75.63359602,5038
17--1567,2/8/2017,12:17 PM,PORTAGE AVE btwn DORVAL AVE & END (__3ZA89L),__3ZA89L,04 - At/near private drive,03 - P.D. only,06 - SMV unattended vehicle,01 - Clear,01 - Daylight,05 - Packed snow,10 - No control,,1,0,0,0,,0,,,,,372047.119,5028923.184,45.39701768,-75.64107898,5039
17--1568,2/8/2017,12:27 PM,MAY ST @ MCARTHUR AVE (0008245),8245,02 - Intersection related,03 - P.D. only,04 - Sideswipe,01 - Clear,01 - Daylight,04 - Slush,01 - Traffic signal,00 - Unknown,2,0,0,0,,0,,,,,371678.4268,5032851.816,45.43240112,-75.64525449,5040
17--1569,2/8/2017,12:36 PM,RIVERSIDE DR @ TREMBLAY RD/HWY417 IC117 RAMP52 (0010790),10790,02 - Intersection related,03 - P.D. only,04 - Sideswipe,01 - Clear,01 - Daylight,02 - Wet,01 - Traffic signal,01 - Functioning,2,0,0,0,,0,,,,,370803.2339,5031014.885,45.41595634,-75.65668487,5041
17--157,1/4/2017,7:36 PM,AQUAVIEW DR @ ESPRIT DR (0012798),12798,03 - At intersection,03 - P.D. only,02 - Angle,03 - Snow,07 - Dark,03 - Loose snow,02 - Stop sign,01 - Functioning,2,0,0,0,,0,,,,,384967.9388,5035746.361,45.45704644,-75.47496023,5042
17--1570,2/8/2017,12:40 AM,HIGHWAY 417 btwn HWY417 IC117 RAMP61 & HWY417 IC115 RAMP36 (__3ZA2RZ),__3ZA2RZ,01 - Non intersection,03 - P.D. only,04 - Sideswipe,04 - Freezing Rain,07 - Dark,05 - Packed snow,10 - No control,,2,0,0,0,,0,,,,,371497.4895,5031414.326,45.41948451,-75.64776137,5043
17--1571,2/8/2017,2:15 PM,PLACE D'ORLEANS DR btwn OR174 IC102 RAMP51 & ST. JOSEPH BLVD (1) (__3ZA1V5A),__3ZA1V5A,04 - At/near private drive,03 - P.D. only,05 - Turning movement,01 - Clear,01 - Daylight,01 - Dry,10 - No control,,2,0,0,0,,0,,,,,381404.6024,5037969.05,45.4774441,-75.52016831,5044
17--1572,2/8/2017,2:30 PM,HIGHWAY 417 btwn HWY417 IC124 RAMP76 & HWY417 IC124 RAMP67 (__3ZA2R7),__3ZA2R7,01 - Non intersection,03 - P.D. only,03 - Rear end,01 - Clear,01 - Daylight,01 - Dry,10 - No control,,2,0,0,0,,0,,,,,364192.5431,5027216.693,45.38237331,-75.74159835,5045
17--1573,2/8/2017,2:59 PM,RICHMOND RD btwn WOODROFFE AVE & LOCKHART AVE (__3ZBPOH),__3ZBPOH,04 - At/near private drive,03 - P.D. only,02 - Angle,01 - Clear,01 - Daylight,02 - Wet,10 - No control,,2,0,0,0,,0,,,,,361640.0458,5026738.586,45.37828311,-75.77424432,5046