Anom_ID,Accident_Date,Accident_Time,Location,Geo_ID,Accident_Location,Classification_of_Accident,Initial_Impact_Type,Environment_Condition,Light,Road_Surface_Condition,Traffic_Control,Traffic_Control_Condition,No__of_Vehicles,No__of_Bicycles,No__of_Motorcycles,No__of_Pedestrians,Max_Injury,No__of_Injuries,No__of_Minimal,No__of_Minor,No__of_Major,No__of_Fatal,X,Y,Latitude,Longitude,ObjectId
17--1574,2/8/2017,3:06 PM,CELTIC CRT btwn Continuation of CELTIC CRT & Continuation of CELTIC CR (__3ZA9GN),__3ZA9GN,01 - Non intersection,03 - P.D. only,99 - Other,01 - Clear,01 - Daylight,05 - Packed snow,10 - No control,,2,0,0,0,,0,,,,,371759.427,5025140.45,45.36300964,-75.64526615,5047
17--1575,2/8/2017,3:40 PM,RICHMOND RD btwn WESTMINSTER AVE & WESTMINSTER AVE (__3ZA302),__3ZA302,01 - Non intersection,03 - P.D. only,03 - Rear end,01 - Clear,01 - Daylight,02 - Wet,10 - No control,,2,0,0,0,,0,,,,,362363.6636,5027575.098,45.38575086,-75.76490811,5048
17--1576,2/8/2017,3:48 PM,ST. LAURENT BLVD @ COVENTRY RD/OGILVIE RD (0002151),2151,02 - Intersection related,03 - P.D. only,03 - Rear end,01 - Clear,01 - Daylight,01 - Dry,01 - Traffic signal,01 - Functioning,2,0,0,0,,0,,,,,372306.47,5031951.199,45.42423746,-75.63735209,5049
17--1577,2/8/2017,3:50 PM,PARKDALE AVE btwn KENILWORTH ST & HUTCHISON AVE (__3ZA4O0),__3ZA4O0,01 - Non intersection,03 - P.D. only,01 - Approaching,01 - Clear,01 - Daylight,01 - Dry,10 - No control,,2,0,0,0,,0,,,,,365464.4615,5028551.273,45.39427259,-75.72519426,5050
17--1578,2/8/2017,4:02 PM,ORLEANS BLVD @ ST. JOSEPH BLVD (0004144),4144,03 - At intersection,02 - Non-fatal injury,07 - SMV other,01 - Clear,01 - Daylight,02 - Wet,01 - Traffic signal,01 - Functioning,1,0,0,1,02 - Minor,1,,1,,,380631.7377,5036980.215,45.46863173,-75.53020502,5051
17--1579,2/8/2017,4:07 AM,REGIONAL ROAD 174 btwn OR174 IC105 RAMP26 & OR174 IC105 RAMP63 (__3ZA2XB),__3ZA2XB,01 - Non intersection,02 - Non-fatal injury,07 - SMV other,04 - Freezing Rain,07 - Dark,06 - Ice,10 - No control,,1,0,0,0,02 - Minor,1,,1,,,379579.2533,5037131.008,45.47010192,-75.54364016,5052
17--158,1/4/2017,7:38 AM,RIVERSIDE DR @ WALKLEY RD (0002158),2158,02 - Intersection related,03 - P.D. only,03 - Rear end,04 - Freezing Rain,03 - Dawn,06 - Ice,01 - Traffic signal,01 - Functioning,2,0,0,0,,0,,,,,368417.8655,5024853.529,45.36073922,-75.68795353,5053
17--1580,2/8/2017,4:10 PM,SOMERSET ST    W btwn RADSTOCK PRIV & KENT ST (__3ZAZZU),__3ZAZZU,01 - Non intersection,03 - P.D. only,06 - SMV unattended vehicle,01 - Clear,01 - Daylight,03 - Loose snow,10 - No control,,1,0,0,0,,0,,,,,367509.4404,5030803.182,45.41435445,-75.69879195,5054
17--1581,2/8/2017,4:20 PM,CUMMINGS AVE @ OGILVIE RD (0009923),9923,02 - Intersection related,03 - P.D. only,03 - Rear end,01 - Clear,01 - Daylight,03 - Loose snow,01 - Traffic signal,01 - Functioning,3,0,0,0,,0,,,,,372748.7202,5032171.711,45.4261787,-75.63167092,5055
17--1582,2/8/2017,4:26 PM,INNES RD @ JEANNE D'ARC BLVD/MER BLEUE RD (0012475),12475,02 - Intersection related,03 - P.D. only,02 - Angle,01 - Clear,01 - Daylight,02 - Wet,01 - Traffic signal,01 - Functioning,2,0,0,0,,0,,,,,382638.1576,5035568.287,45.4557077,-75.50477277,5056
17--1583,2/8/2017,4:35 AM,MARCH RD btwn HALTON TERR/MAXWELL BRIDGE RD & MAXWELL RD (__3ZA2GD),__3ZA2GD,04 - At/near private drive,03 - P.D. only,07 - SMV other,04 - Freezing Rain,07 - Dark,04 - Slush,10 - No control,,1,0,0,0,,0,,,,,348905.8492,5024452.063,45.35862588,-75.93703457,5057
17--1584,2/8/2017,5:00 AM,HIGHWAY 417 btwn HWY417 IC138 RAMP61 & HWY417 IC134 RAMP36 (__3ZA20I),__3ZA20I,01 - Non intersection,03 - P.D. only,07 - SMV other,04 - Freezing Rain,07 - Dark,03 - Loose snow,10 - No control,,1,0,0,0,,0,,,,,355543.0826,5021779.24,45.33412659,-75.85259647,5058
17--1585,2/8/2017,5:35 PM,REGIONAL ROAD 174 btwn OR174 IC102 RAMP51 & REGIONAL ROAD 174 (__3ZA1I7),__3ZA1I7,01 - Non intersection,03 - P.D. only,99 - Other,01 - Clear,07 - Dark,02 - Wet,10 - No control,,2,0,0,0,,0,,,,,381449.4072,5038153.909,45.47910238,-75.51956646,5059
17--1586,2/8/2017,5:50 AM,HIGHWAY 417 btwn HWY417 IC144 RAMP25 & HWY417 IC142 RAMP51 (__3ZA20J),__3ZA20J,01 - Non intersection,03 - P.D. only,03 - Rear end,01 - Clear,07 - Dark,06 - Ice,10 - No control,,2,0,0,0,,0,,,,,348142.1428,5016480.155,45.28693993,-75.94747976,5060
17--1587,2/8/2017,6:10 AM,HIGHWAY 417 btwn HWY417 IC117 RAMP61 & HWY417 IC115 RAMP36 (__3ZA2RZ),__3ZA2RZ,01 - Non intersection,03 - P.D. only,07 - SMV other,01 - Clear,07 - Dark,04 - Slush,10 - No control,,1,0,0,0,,0,,,,,371972.1698,5031467.756,45.41991984,-75.64168946,5061
17--1588,2/8/2017,6:15 PM,BOOTH ST @ WELLINGTON ST S (0011393),11393,02 - Intersection related,03 - P.D. only,04 - Sideswipe,01 - Clear,05 - Dusk,01 - Dry,02 - Stop sign,01 - Functioning,2,0,0,0,,0,,,,,366402.6668,5030676.472,45.41331266,-75.71294715,5062
17--1589,2/8/2017,6:30 AM,RIDEAU ST btwn CUMBERLAND ST & KING EDWARD AVE (__3ZBOFX),__3ZBOFX,04 - At/near private drive,03 - P.D. only,05 - Turning movement,04 - Freezing Rain,03 - Dawn,03 - Loose snow,10 - No control,,2,0,0,0,,0,,,,,368393.8193,5032341.802,45.42811861,-75.6872952,5063
17--159,1/4/2017,7:38 PM,RICHMOND RD btwn WINSTON AVE & CHURCHILL AVE N (__3ZA4OS),__3ZA4OS,04 - At/near private drive,03 - P.D. only,05 - Turning movement,01 - Clear,07 - Dark,02 - Wet,10 - No control,,2,0,0,0,,0,,,,,363053.4689,5028171.918,45.39106393,-75.75602955,5064
17--1590,2/8/2017,7:00 PM,PRINCE OF WALES DR @ RIDEAU SHORE CRT (0000583),583,02 - Intersection related,03 - P.D. only,07 - SMV other,01 - Clear,07 - Dark,03 - Loose snow,02 - Stop sign,00 - Unknown,1,0,0,0,,0,,,,,367236.4592,5023622.135,45.3497656,-75.70318756,5065
17--1591,2/8/2017,7:00 PM,BASELINE RD @ WOODROFFE AVE (0002225),2225,02 - Intersection related,02 - Non-fatal injury,03 - Rear end,01 - Clear,07 - Dark,02 - Wet,01 - Traffic signal,01 - Functioning,2,0,0,0,01 - Minimal,1,1,,,,362549.6902,5023770.129,45.35149883,-75.76297752,5066
17--1592,2/8/2017,7:06 AM,BOYER RD @ ORLEANS BLVD (0004135),4135,02 - Intersection related,03 - P.D. only,05 - Turning movement,04 - Freezing Rain,03 - Dawn,06 - Ice,02 - Stop sign,01 - Functioning,2,0,0,0,,0,,,,,380978.4969,5035508.193,45.45534993,-75.52599914,5067
17--1593,2/8/2017,7:08 PM,BEGIN ST @ MONTREAL RD (0009347),9347,03 - At intersection,02 - Non-fatal injury,05 - Turning movement,01 - Clear,07 - Dark,01 - Dry,02 - Stop sign,01 - Functioning,2,0,0,0,02 - Minor,1,,1,,,370466.7073,5033287.819,45.43643892,-75.66068113,5068
17--1594,2/8/2017,7:30 PM,INVERKIP AVE btwn ZAIDAN DR & PENNARD WAY (__4LVMIQ),__4LVMIQ,01 - Non intersection,03 - P.D. only,06 - SMV unattended vehicle,03 - Snow,07 - Dark,03 - Loose snow,10 - No control,,1,0,0,0,,0,,,,,372693.2525,5025589.686,45.36696188,-75.63328555,5069
17--1595,2/8/2017,7:35 AM,HUNT CLUB RD @ LORRY GREENBERG DR/SABLE RIDGE  (0008203),8203,03 - At intersection,03 - P.D. only,07 - SMV other,04 - Freezing Rain,01 - Daylight,04 - Slush,01 - Traffic signal,01 - Functioning,1,0,0,0,,0,,,,,372823.3833,5024808.316,45.35991879,-75.63173207,5070
17--1596,2/8/2017,7:41 AM,OGILVIE RD @ ELMLEA GT/SHOPPERS CITY EAST SC (0008800),8800,03 - At intersection,03 - P.D. only,04 - Sideswipe,01 - Clear,01 - Daylight,04 - Slush,01 - Traffic signal,01 - Functioning,2,0,0,0,,0,,,,,374987.9822,5033486.208,45.43778469,-75.60287108,5071
17--1597,2/8/2017,7:45 AM,WOODROFFE AVE @ KNOXDALE RD/MEDHURST DR (0000519),519,02 - Intersection related,02 - Non-fatal injury,03 - Rear end,01 - Clear,01 - Daylight,02 - Wet,01 - Traffic signal,00 - Unknown,2,0,0,0,01 - Minimal,1,1,,,,363419.7386,5021825.98,45.33393336,-75.75210497,5072
17--1598,2/8/2017,7:45 PM,MACLAREN ST btwn BRONSON AVE & PERCY ST (__3ZA0W6),__3ZA0W6,01 - Non intersection,03 - P.D. only,06 - SMV unattended vehicle,01 - Clear,07 - Dark,04 - Slush,10 - No control,,1,0,0,0,,0,,,,,367080.8842,5030449.816,45.41121324,-75.70431153,5073
17--1599,2/8/2017,8:30 AM,INNES RD @ TRIM RD (0012870),12870,02 - Intersection related,03 - P.D. only,04 - Sideswipe,01 - Clear,01 - Daylight,04 - Slush,01 - Traffic signal,01 - Functioning,2,0,0,0,,0,,,,,386567.5226,5037273.931,45.47060462,-75.454257,5074
17--16,1/2/2017,1:07 PM,NEPEAN ST btwn LYON ST N & KENT ST (__3ZA8AQ),__3ZA8AQ,01 - Non intersection,02 - Non-fatal injury,07 - SMV other,01 - Clear,01 - Daylight,03 - Loose snow,10 - No control,,1,0,0,1,01 - Minimal,1,1,,,,367293.4316,5030968.076,45.41585744,-75.70153061,5075
17--160,1/4/2017,7:47 PM,REVELSTOKE DR @ RIVERSIDE DR (0006918),6918,02 - Intersection related,02 - Non-fatal injury,03 - Rear end,05 - Drifting Snow,07 - Dark,06 - Ice,01 - Traffic signal,01 - Functioning,2,0,0,0,01 - Minimal,1,1,,,,368218.7281,5024424.94,45.35690092,-75.69055015,5076
17--1600,2/8/2017,8:32 AM,CYRVILLE RD btwn LABRIE AVE & STAR TOP RD (__3ZA3SO),__3ZA3SO,04 - At/near private drive,03 - P.D. only,02 - Angle,01 - Clear,01 - Daylight,04 - Slush,10 - No control,,2,0,0,0,,0,,,,,373772.0889,5031539.222,45.42038772,-75.6186832,5077
17--1601,2/8/2017,8:53 AM,ANDERSON RD @ LEITRIM RD (0004148),4148,02 - Intersection related,02 - Non-fatal injury,07 - SMV other,01 - Clear,01 - Daylight,02 - Wet,02 - Stop sign,01 - Functioning,1,0,0,0,02 - Minor,1,,1,,,380472.2732,5024908.129,45.360033,-75.53409763,5078
17--1602,2/8/2017,8:55 AM,BREANNA CARDILL ST btwn Continuation of BREANNA CARDILL ST & CURLY LAN (__4FP99R),__4FP99R,04 - At/near private drive,03 - P.D. only,99 - Other,01 - Clear,01 - Daylight,03 - Loose snow,10 - No control,,2,0,0,0,,0,,,,,378325.9965,5012329.584,45.24708542,-75.56335524,5079
17--1603,2/8/2017,9:03 AM,HUNT CLUB RD @ LORRY GREENBERG DR/SABLE RIDGE  (0008203),8203,03 - At intersection,03 - P.D. only,05 - Turning movement,03 - Snow,01 - Daylight,04 - Slush,01 - Traffic signal,01 - Functioning,2,0,0,0,,0,,,,,372822.9882,5024805.629,45.35989465,-75.63173748,5080
17--1604,2/8/2017,9:08 AM,ACACIA AVE @ ROCKCLIFFE PKWY (0002628),2628,02 - Intersection related,03 - P.D. only,01 - Approaching,03 - Snow,01 - Daylight,06 - Ice,02 - Stop sign,01 - Functioning,2,0,0,0,,0,,,,,368704.3948,5035533.268,45.45680587,-75.68291214,5081
17--1605,2/8/2017,9:15 AM,HIGHWAY 417 btwn HWY417 IC117 RAMP36 & HWY417 IC117 RAMP26 (__3ZAZE0),__3ZAZE0,01 - Non intersection,03 - P.D. only,99 - Other,01 - Clear,01 - Daylight,02 - Wet,10 - No control,,2,0,0,0,,0,,,,,370523.5058,5031156.347,45.41725549,-75.66023967,5082
17--1606,2/8/2017,9:15 PM,ELGIN ST @ MCLEOD ST (0007274),7274,02 - Intersection related,03 - P.D. only,04 - Sideswipe,03 - Snow,07 - Dark,04 - Slush,02 - Stop sign,00 - Unknown,2,0,0,0,,0,,,,,368426.213,5030779.947,45.41406263,-75.68708297,5083
17--1607,2/8/2017,9:30 AM,ALBERT ST @ METCALFE ST (0002117),2117,03 - At intersection,03 - P.D. only,04 - Sideswipe,01 - Clear,01 - Daylight,04 - Slush,01 - Traffic signal,01 - Functioning,2,0,0,0,,0,,,,,367687.9968,5031614.816,45.42164125,-75.69640727,5084
17--1608,2/8/2017,9:31 AM,CONCORD ST @ EVELYN AVE (0007313),7313,02 - Intersection related,03 - P.D. only,99 - Other,03 - Snow,01 - Daylight,03 - Loose snow,02 - Stop sign,01 - Functioning,2,0,0,0,,0,,,,,369283.7018,5030620.639,45.41255075,-75.67614929,5085
17--1609,2/8/2017,9:45 AM,OTTAWA RIVER PKWY EB btwn TRANSIT & TURN LANE (1) (__3ZA232),__3ZA232,01 - Non intersection,03 - P.D. only,02 - Angle,01 - Clear,01 - Daylight,04 - Slush,10 - No control,,2,0,0,0,,0,,,,,362676.3685,5028380.124,45.39296861,-75.76082077,5086
17--161,1/4/2017,7:57 PM,RICHMOND RD btwn CAMBRIAN RD & CAMBRIAN RD (__3ZAB9A),__3ZAB9A,01 - Non intersection,03 - P.D. only,07 - SMV other,03 - Snow,07 - Dark,06 - Ice,10 - No control,,1,0,0,0,,0,,,,,359111.4931,5009518.285,45.22353383,-75.80841388,5087
17--1610,2/9/2017,1:11 PM,HUNT CLUB RD @ BRIDLE PATH DR/DAZE ST (0008214),8214,02 - Intersection related,02 - Non-fatal injury,03 - Rear end,01 - Clear,01 - Daylight,01 - Dry,01 - Traffic signal,01 - Functioning,3,0,0,0,02 - Minor,2,1,1,,,371292.351,5023864.391,45.35157254,-75.65139934,5088
17--1611,2/9/2017,1:17 PM,HOLLY ACRES RD @ TRANSITWAY - BAYSHORE/278 N O (0009787),9787,02 - Intersection related,03 - P.D. only,07 - SMV other,01 - Clear,01 - Daylight,01 - Dry,01 - Traffic signal,00 - Unknown,1,0,0,0,,0,,,,,358495.4664,5022987.04,45.34477472,-75.81480016,5089
17--1612,2/9/2017,1:18 PM,TERRY FOX DR @ WESTPHALIAN AVE (0014366),14366,02 - Intersection related,02 - Non-fatal injury,03 - Rear end,01 - Clear,01 - Daylight,01 - Dry,01 - Traffic signal,01 - Functioning,2,0,0,0,02 - Minor,1,,1,,,353455.2261,5015759.789,45.28011017,-75.87982363,5090
17--1613,2/9/2017,1:41 PM,BASELINE RD @ JOHN SUTHERLAND DR/VALLEY STREAM (0000011),11,03 - At intersection,03 - P.D. only,05 - Turning movement,01 - Clear,01 - Daylight,01 - Dry,01 - Traffic signal,01 - Functioning,2,0,0,0,,0,,,,,359310.7222,5021789.701,45.33393815,-75.80452948,5091
17--1614,2/9/2017,10:00 AM,HWY417 IC127 RAMP62 btwn WOODROFFE AVE & HWY417 IC127 RAMP68 (__3ZAY80),__3ZAY80,01 - Non intersection,03 - P.D. only,03 - Rear end,01 - Clear,01 - Daylight,01 - Dry,10 - No control,,2,0,0,0,,0,,,,,362123.6031,5024954.818,45.36219354,-75.76827758,5092
17--1615,2/9/2017,10:10 PM,CONROY RD @ JOHNSTON RD (0011908),11908,03 - At intersection,03 - P.D. only,02 - Angle,01 - Clear,07 - Dark,01 - Dry,01 - Traffic signal,01 - Functioning,2,0,0,0,,0,,,,,373397.5576,5026307.334,45.3733504,-75.6241959,5093
17--1616,2/9/2017,10:12 PM,MACDONALD-CARTIER BR RAMP NB-3 btwn MACDONALD-CARTIER BR RAMP NB-1/NB- (__7TTQA0),__7TTQA0,07 - Overpass or bridge,03 - P.D. only,07 - SMV other,01 - Clear,07 - Dark,01 - Dry,10 - No control,,1,0,0,0,,0,,,,,367960.7913,5033293.519,45.43672106,-75.6927065,5094
17--1617,2/9/2017,10:18 AM,MONTREAL RD @ STE. ANNE ST (0009798),9798,03 - At intersection,03 - P.D. only,02 - Angle,01 - Clear,01 - Daylight,02 - Wet,02 - Stop sign,01 - Functioning,2,0,0,0,,0,,,,,370707.0431,5033416.596,45.43757499,-75.65759237,5095
17--1618,2/9/2017,10:23 AM,RICHMOND RD btwn NEW ORCHARD AVE & WOODROFFE AVE (__3ZA4L0),__3ZA4L0,04 - At/near private drive,02 - Non-fatal injury,07 - SMV other,01 - Clear,01 - Daylight,01 - Dry,10 - No control,,1,0,0,1,01 - Minimal,1,1,,,,361443.2547,5026456.323,45.37575927,-75.7767892,5096
17--1619,2/9/2017,10:23 AM,BRONSON AVE/BRONSON/HERON RAMP 35 @ HERON RD (0002386),2386,02 - Intersection related,03 - P.D. only,03 - Rear end,01 - Clear,01 - Daylight,03 - Loose snow,01 - Traffic signal,01 - Functioning,2,0,0,0,,0,,,,,368642.2187,5026698.696,45.37732114,-75.68485163,5097
17--162,1/4/2017,8:00 PM,CARP RD @ HAZELDEAN RD (0000086),86,03 - At intersection,03 - P.D. only,02 - Angle,04 - Freezing Rain,07 - Dark,06 - Ice,01 - Traffic signal,01 - Functioning,2,0,0,0,,0,,,,,348804.5759,5014360.811,45.26782815,-75.93922343,5098
17--1620,2/9/2017,10:40 PM,BLACKBURN BYPASS WB btwn NAVAN RD & 1700 W OF NAVAN RD (__3ZA3J5B),__3ZA3J5B,01 - Non intersection,03 - P.D. only,07 - SMV other,01 - Clear,07 - Dark,01 - Dry,10 - No control,,1,0,0,0,,0,,,,,378569.9863,5032633.183,45.42974101,-75.55722051,5099
17--1621,2/9/2017,Unknown,MADELEINE MEILLEUR PRIV @ VANIER PKWY (0013514),13514,03 - At intersection,03 - P.D. only,02 - Angle,01 - Clear,00 - Unknown,01 - Dry,01 - Traffic signal,01 - Functioning,2,0,0,0,,0,,,,,369654.8152,5033359.306,45.43715791,-75.67104781,5100
17--2253,2/18/2017,5:39 PM,GLADSTONE AVE @ O'CONNOR ST (0002710),2710,02 - Intersection related,03 - P.D. only,03 - Rear end,01 - Clear,07 - Dark,03 - Loose snow,01 - Traffic signal,01 - Functioning,2,0,0,0,,0,,,,,368073.7079,5030657.901,45.41299647,-75.69160195,5101
17--2254,2/18/2017,6:18 PM,CANON SMITH DR btwn FITZROY ST & GALETTA SIDE RD (__3ZAC0J),__3ZAC0J,01 - Non intersection,02 - Non-fatal injury,07 - SMV other,01 - Clear,07 - Dark,01 - Dry,10 - No control,,1,0,0,0,02 - Minor,1,,1,,,328840.6749,5036639.02,45.46926468,-76.19254599,5102
17--2255,2/18/2017,6:52 PM,ASTORIA CRES @ STONEWAY DR (0005150),5150,02 - Intersection related,03 - P.D. only,04 - Sideswipe,01 - Clear,07 - Dark,01 - Dry,02 - Stop sign,00 - Unknown,2,0,0,0,,0,,,,,366342.6962,5016245.979,45.28347484,-75.71550903,5103
17--2256,2/18/2017,7:40 PM,MACKENZIE KING BRIDGE @ N.D.H.Q./RIDEAU CENTRE SC (0008974),8974,02 - Intersection related,03 - P.D. only,03 - Rear end,01 - Clear,07 - Dark,02 - Wet,01 - Traffic signal,01 - Functioning,2,0,0,0,,0,,,,,368164.8441,5031867.761,45.42387413,-75.69028211,5104
17--2257,2/18/2017,7:46 AM,FRASER FIELDS WAY @ STRANDHERD DR (0013567),13567,03 - At intersection,03 - P.D. only,02 - Angle,01 - Clear,01 - Daylight,01 - Dry,02 - Stop sign,01 - Functioning,2,0,0,0,,0,,,,,362949.5871,5013991.964,45.26348201,-75.75902158,5105
17--2258,2/18/2017,7:50 AM,HWY417 IC126 RAMP51 btwn HIGHWAY 417 & HWY417 IC126 RAMP52 (__3ZAYAE),__3ZAYAE,01 - Non intersection,03 - P.D. only,07 - SMV other,01 - Clear,01 - Daylight,02 - Wet,10 - No control,,1,0,0,0,,0,,,,,363270.6085,5025930.197,45.37087515,-75.75352213,5106
17--2259,2/18/2017,7:50 PM,HIGHWAY 417 btwn HIGHWAY 417 & HWY417 IC140 RAMP36 (__3ZA20M),__3ZA20M,01 - Non intersection,03 - P.D. only,03 - Rear end,01 - Clear,07 - Dark,01 - Dry,10 - No control,,3,0,0,0,,0,,,,,350135.3087,5018160.414,45.30193366,-75.9219188,5107
17--226,1/5/2017,6:45 AM,ROCKDALE RD btwn HWY417 IC88 RAMP15 & HWY417 IC88 RAMP16 (__3ZA2E0),__3ZA2E0,01 - Non intersection,03 - P.D. only,03 - Rear end,05 - Drifting Snow,07 - Dark,06 - Ice,10 - No control,,3,0,0,0,,0,,,,,395337.7949,5022629.667,45.33777198,-75.3448026,5108
17--2260,2/18/2017,8:00 PM,BRONSON AVE @ IMPERIAL AVE/PLYMOUTH ST (0010859),10859,03 - At intersection,03 - P.D. only,05 - Turning movement,01 - Clear,07 - Dark,02 - Wet,10 - No control,00 - Unknown,2,0,0,0,,0,,,,,367319.7066,5029642.883,45.4039314,-75.701363,5109
17--2261,2/18/2017,8:39 AM,KING EDWARD AVE @ OSGOODE ST/THOMAS MORE PRIV (0007750),7750,03 - At intersection,03 - P.D. only,02 - Angle,01 - Clear,01 - Daylight,02 - Wet,01 - Traffic signal,01 - Functioning,2,0,0,0,,0,,,,,368849.6232,5031851.739,45.42366761,-75.68153453,5110
17--2262,2/18/2017,8:43 AM,DATA CENTRE RD @ RIVERSIDE DR (0010863),10863,02 - Intersection related,02 - Non-fatal injury,03 - Rear end,01 - Clear,01 - Daylight,01 - Dry,01 - Traffic signal,01 - Functioning,2,0,0,0,02 - Minor,1,,1,,,368897.1982,5027671.907,45.38605452,-75.68146999,5111
17--2263,2/18/2017,9:10 PM,LAURIER AVE @ NICHOLAS ST (0010711),10711,03 - At intersection,03 - P.D. only,03 - Rear end,01 - Clear,07 - Dark,02 - Wet,01 - Traffic signal,01 - Functioning,2,0,0,0,,0,,,,,368374.6403,5031798.939,45.42323586,-75.68761035,5112
17--2264,2/18/2017,9:32 AM,INNES RD @ STONEHENGE CRES W (0009354),9354,02 - Intersection related,03 - P.D. only,03 - Rear end,01 - Clear,01 - Daylight,01 - Dry,01 - Traffic signal,01 - Functioning,2,0,0,0,,0,,,,,375200.7445,5031215.895,45.4173363,-75.60047646,5113
17--2265,2/18/2017,9:58 AM,PRINCE OF WALES DR btwn FOREST HILL AVE & BASELINE RD/HERON RD (__3ZA3G6),__3ZA3G6,04 - At/near private drive,03 - P.D. only,02 - Angle,01 - Clear,01 - Daylight,01 - Dry,10 - No control,,2,0,0,0,,0,,,,,366843.3864,5026333.37,45.37419562,-75.70786309,5114
17--2266,2/19/2017,1:24 PM,MCARTHUR AVE @ CARMEN AVE (0009811),9811,02 - Intersection related,03 - P.D. only,06 - SMV unattended vehicle,01 - Clear,01 - Daylight,05 - Packed snow,02 - Stop sign,00 - Unknown,1,0,0,0,,0,,,,,370907.6819,5032766.584,45.43170753,-75.65511542,5115
17--2267,2/19/2017,11:48 AM,DALHOUSIE ST @ YORK ST (0008500),8500,03 - At intersection,02 - Non-fatal injury,07 - SMV other,01 - Clear,01 - Daylight,01 - Dry,01 - Traffic signal,01 - Functioning,1,0,0,1,02 - Minor,1,,1,,,368093.3727,5032418.921,45.42883975,-75.6911245,5116
17--2268,2/19/2017,Unknown,WILLOW ST btwn PRESTON ST & ROCHESTER ST (__3ZAAJ7),__3ZAAJ7,01 - Non intersection,03 - P.D. only,06 - SMV unattended vehicle,01 - Clear,07 - Dark,05 - Packed snow,10 - No control,,1,0,0,0,,0,,,,,366500.1015,5029892.834,45.40625312,-75.71180049,5117
17--2269,2/19/2017,12:05 PM,TENTH LINE RD @ CHARLEMAGNE BLVD S/DES EPINETT (0003686),3686,02 - Intersection related,03 - P.D. only,04 - Sideswipe,01 - Clear,01 - Daylight,03 - Loose snow,01 - Traffic signal,01 - Functioning,2,0,0,0,,0,,,,,383640.9751,5036900.456,45.46758093,-75.49173924,5118
17--227,1/5/2017,7:10 PM,HERON RD @ BAYCREST DR (0007191),7191,02 - Intersection related,03 - P.D. only,03 - Rear end,01 - Clear,07 - Dark,06 - Ice,01 - Traffic signal,01 - Functioning,2,0,0,0,,0,,,,,371142.8709,5026977.828,45.37960036,-75.65288881,5119
17--2270,2/19/2017,12:15 PM,COPE DR @ TERRY FOX (0009143),9143,03 - At intersection,02 - Non-fatal injury,05 - Turning movement,01 - Clear,01 - Daylight,02 - Wet,01 - Traffic signal,01 - Functioning,2,0,0,0,02 - Minor,3,2,1,,,353997.6046,5015345.977,45.27634884,-75.87295172,5120
17--2271,2/19/2017,12:44 AM,BYRON AVE @ TWEEDSMUIR AVE (0006667),6667,03 - At intersection,03 - P.D. only,02 - Angle,01 - Clear,07 - Dark,02 - Wet,02 - Stop sign,01 - Functioning,2,0,0,0,,0,,,,,363594.3623,5028304.553,45.39221216,-75.74910644,5121
17--2272,2/19/2017,12:55 PM,SCALA AVE btwn ESPRIT DR & MARSHFIELD ST (__4O3KFD),__4O3KFD,01 - Non intersection,03 - P.D. only,06 - SMV unattended vehicle,01 - Clear,01 - Daylight,03 - Loose snow,10 - No control,,1,0,0,0,,0,,,,,384893.5037,5036397.462,45.46291297,-75.47580575,5122
17--2273,2/19/2017,2:20 PM,RIOCAN AVE @ STRANDHERD DR (0010997),10997,02 - Intersection related,03 - P.D. only,03 - Rear end,01 - Clear,01 - Daylight,01 - Dry,01 - Traffic signal,01 - Functioning,2,0,0,0,,0,,,,,364173.2121,5014945.91,45.27196341,-75.7433167,5123
17--2274,2/19/2017,3:00 PM,HIGHWAY 417 btwn HWY417 IC122 RAMP61 & HWY417 IC121B RAMP16 (__3ZA2Y4),__3ZA2Y4,01 - Non intersection,03 - P.D. only,04 - Sideswipe,01 - Clear,01 - Daylight,01 - Dry,10 - No control,,2,0,0,0,,0,,,,,366459.4133,5029498.086,45.40270487,-75.71236958,5124
17--2275,2/19/2017,3:03 PM,PRINCE OF WALES DR @ FALLOWFIELD RD (0000566),566,02 - Intersection related,02 - Non-fatal injury,03 - Rear end,01 - Clear,01 - Daylight,01 - Dry,01 - Traffic signal,00 - Unknown,2,0,0,0,01 - Minimal,1,1,,,,367398.9595,5019167.596,45.30966994,-75.70167723,5125
17--2276,2/19/2017,3:15 PM,HIGHWAY 417 btwn HWY417 IC120B RAMP36 & HWY417 IC119B RAMP76 (__3ZA2YU),__3ZA2YU,01 - Non intersection,02 - Non-fatal injury,03 - Rear end,01 - Clear,01 - Daylight,01 - Dry,10 - No control,,2,0,0,0,01 - Minimal,1,1,,,,367957.1696,5030129.701,45.40825442,-75.6931584,5126
17--2277,2/19/2017,3:17 AM,GREENBANK RD btwn BANNER RD & CANFIELD RD (__3ZA4YY),__3ZA4YY,01 - Non intersection,02 - Non-fatal injury,07 - SMV other,01 - Clear,07 - Dark,02 - Wet,10 - No control,,1,0,0,0,02 - Minor,2,1,1,,,361076.245,5021436.733,45.33062277,-75.78204608,5127
17--2278,2/19/2017,3:19 PM,FALLOWFIELD RD btwn MOODIE DR & HWY416 IC66 RAMP53 (__3ZA4Y6),__3ZA4Y6,01 - Non intersection,03 - P.D. only,04 - Sideswipe,01 - Clear,01 - Daylight,01 - Dry,10 - No control,,2,0,0,0,,0,,,,,359587.6091,5014661.831,45.26977945,-75.80178483,5128