Anom_ID,Accident_Date,Accident_Time,Location,Geo_ID,Accident_Location,Classification_of_Accident,Initial_Impact_Type,Environment_Condition,Light,Road_Surface_Condition,Traffic_Control,Traffic_Control_Condition,No__of_Vehicles,No__of_Bicycles,No__of_Motorcycles,No__of_Pedestrians,Max_Injury,No__of_Injuries,No__of_Minimal,No__of_Minor,No__of_Major,No__of_Fatal,X,Y,Latitude,Longitude,ObjectId
17--2279,2/19/2017,4:47 AM,INNES RD btwn 298 E OF WILDFLOWER DR & LANTHIER DR/PRESTWICK DR (__3ZA3Y4B),__3ZA3Y4B,01 - Non intersection,03 - P.D. only,03 - Rear end,01 - Clear,07 - Dark,04 - Slush,10 - No control,,2,0,0,0,,0,,,,,383360.9635,5035901.361,45.45862352,-75.49547929,5129
17--228,1/5/2017,7:13 PM,BEECHWOOD AVE btwn OAKHILL RD & HEMLOCK RD (__3ZA1HQ),__3ZA1HQ,01 - Non intersection,03 - P.D. only,01 - Approaching,01 - Clear,07 - Dark,04 - Slush,10 - No control,,2,0,0,0,,0,,,,,369766.4584,5034308.593,45.44568883,-75.66949566,5130
17--2280,2/19/2017,5:42 PM,CUMBERLAND ST btwn YORK ST & GEORGE ST (__3ZA82I),__3ZA82I,04 - At/near private drive,02 - Non-fatal injury,07 - SMV other,01 - Clear,07 - Dark,02 - Wet,10 - No control,,1,0,0,1,03 - Major,1,,,1,,368286.5569,5032483.195,45.42940056,-75.68864761,5131
17--2281,2/19/2017,6:00 PM,DWYER HILL RD btwn PADEN RD & DONNELLY DR (__3ZA4ZU),__3ZA4ZU,01 - Non intersection,03 - P.D. only,07 - SMV other,01 - Clear,07 - Dark,01 - Dry,10 - No control,,1,0,0,0,,0,,,,,359022.8766,4983983.652,44.99376976,-75.81230694,5132
17--2282,2/19/2017,6:10 PM,ST. LAURENT BLVD @ COVENTRY RD/OGILVIE RD (0002151),2151,02 - Intersection related,02 - Non-fatal injury,03 - Rear end,01 - Clear,07 - Dark,02 - Wet,01 - Traffic signal,01 - Functioning,2,0,0,0,02 - Minor,1,,1,,,372304.4323,5031951.75,45.42424261,-75.63737805,5133
17--2283,2/19/2017,6:33 AM,CUMMINGS AVE btwn QUEBEC ST & BURN ST (__3ZA7VR),__3ZA7VR,01 - Non intersection,03 - P.D. only,06 - SMV unattended vehicle,01 - Clear,03 - Dawn,02 - Wet,10 - No control,,1,0,0,0,,0,,,,,372260.7608,5033401.149,45.43728783,-75.63773749,5134
17--2284,2/19/2017,6:45 AM,RAMSAYVILLE RD btwn GENERATION CRT & RUSSELL RD (__3ZA6GL),__3ZA6GL,01 - Non intersection,03 - P.D. only,07 - SMV other,01 - Clear,07 - Dark,02 - Wet,10 - No control,,1,0,0,0,,0,,,,,377890.4551,5025887.764,45.36912113,-75.56690332,5135
17--2285,2/19/2017,7:10 AM,KLONDIKE RD @ MARCONI AVE (0012144),12144,03 - At intersection,03 - P.D. only,02 - Angle,01 - Clear,03 - Dawn,01 - Dry,02 - Stop sign,01 - Functioning,2,0,0,0,,0,,,,,349695.6257,5024461.844,45.35866377,-75.92695351,5136
17--2286,2/19/2017,7:40 AM,PALLADIUM DR btwn SILVER SEVEN RD & TERRY FOX DR (__3ZA2I4),__3ZA2I4,01 - Non intersection,03 - P.D. only,04 - Sideswipe,01 - Clear,01 - Daylight,01 - Dry,10 - No control,,2,0,0,0,,0,,,,,351261.3568,5018173.08,45.30197406,-75.90755987,5137
17--2287,2/19/2017,7:47 PM,SOMERSET ST @ PERCY ST (0006762),6762,03 - At intersection,02 - Non-fatal injury,02 - Angle,01 - Clear,07 - Dark,01 - Dry,01 - Traffic signal,01 - Functioning,2,0,0,0,01 - Minimal,1,1,,,,367116.7072,5030569.909,45.41229062,-75.70383872,5138
17--2288,2/19/2017,8:12 PM,EAGLESON RD @ 300 N OF MICHAEL COWPLAND/EAGLES (0012143),12143,02 - Intersection related,03 - P.D. only,03 - Rear end,01 - Clear,07 - Dark,02 - Wet,01 - Traffic signal,01 - Functioning,2,0,0,0,,0,,,,,354273.555,5016903.492,45.29034436,-75.86927952,5139
17--2289,2/19/2017,8:35 AM,HIGHWAY 417 btwn HWY417 IC96 RAMP61 & HWY417 IC88 RAMP16 (__3ZA27Z),__3ZA27Z,01 - Non intersection,03 - P.D. only,07 - SMV other,01 - Clear,01 - Daylight,01 - Dry,10 - No control,,1,0,0,0,,0,,,,,392414.7515,5022896.465,45.34054345,-75.38204405,5140
17--229,1/5/2017,7:20 PM,BANFF AVE @ KITCHENER AVE (0006621),6621,02 - Intersection related,03 - P.D. only,03 - Rear end,01 - Clear,07 - Dark,06 - Ice,02 - Stop sign,01 - Functioning,2,0,0,0,,0,,,,,370725.4416,5025604.674,45.36728458,-75.65840154,5141
17--2290,2/19/2017,8:37 AM,HWY 417 ST.LAURE IC115R35 @ ST. LAURENT BLVD (0002095),2095,02 - Intersection related,03 - P.D. only,07 - SMV other,03 - Snow,01 - Daylight,03 - Loose snow,10 - No control,00 - Unknown,1,0,0,0,,0,,,,,372481.7146,5031534.042,45.42046714,-75.63517025,5142
17--2291,2/19/2017,8:51 PM,MAJESTIC DR @ WOODROFFE AVE (0000562),562,03 - At intersection,02 - Non-fatal injury,07 - SMV other,01 - Clear,07 - Dark,01 - Dry,01 - Traffic signal,01 - Functioning,1,0,0,1,02 - Minor,1,,1,,,363528.0279,5021570.824,45.33162843,-75.75075376,5143
17--2292,2/20/2017,1:15 PM,CATHERINE ST @ ELGIN ST (0002638),2638,02 - Intersection related,03 - P.D. only,04 - Sideswipe,01 - Clear,01 - Daylight,01 - Dry,01 - Traffic signal,01 - Functioning,2,0,0,0,,0,,,,,368553.0441,5030578.91,45.41224223,-75.68548869,5144
17--2293,2/20/2017,1:15 PM,KING EDWARD AVE @ YORK ST (0008244),8244,02 - Intersection related,03 - P.D. only,03 - Rear end,01 - Clear,01 - Daylight,01 - Dry,01 - Traffic signal,01 - Functioning,2,0,0,0,,0,,,,,368397.7124,5032621.589,45.43063568,-75.68720932,5145
17--2294,2/20/2017,1:41 PM,BRONSON AVE @ CATHERINE ST/RAYMOND ST (0007198),7198,03 - At intersection,03 - P.D. only,05 - Turning movement,01 - Clear,01 - Daylight,01 - Dry,01 - Traffic signal,01 - Functioning,2,0,0,0,,0,,,,,367253.043,5029796.567,45.40532016,-75.70219503,5146
17--2295,2/20/2017,1:50 PM,MONTREAL RD @ ST. LAURENT BLVD (0002604),2604,02 - Intersection related,03 - P.D. only,04 - Sideswipe,01 - Clear,01 - Daylight,01 - Dry,01 - Traffic signal,01 - Functioning,2,0,0,0,,0,,,,,371546.0374,5033818.264,45.44110942,-75.64681527,5147
17--2296,2/20/2017,1:58 AM,PERTH ST @ QUEEN CHARLOTTE ST/ROCHELLE DR (0009772),9772,02 - Intersection related,02 - Non-fatal injury,07 - SMV other,01 - Clear,07 - Dark,06 - Ice,02 - Stop sign,00 - Unknown,1,0,0,0,02 - Minor,1,,1,,,356182.83,5005742.24,45.18977553,-75.84609351,5148
17--2297,2/20/2017,10:33 PM,NELSON ST @ SOMERSET ST (0007312),7312,03 - At intersection,03 - P.D. only,02 - Angle,01 - Clear,07 - Dark,01 - Dry,02 - Stop sign,01 - Functioning,2,0,0,0,,0,,,,,369095.7099,5031760.238,45.42282174,-75.67840215,5149
17--2298,2/20/2017,11:00 AM,ROCKCLIFFE PKWY btwn GL/OT BOUNDARY & ST. JOSEPH BLVD (__3ZA21V),__3ZA21V,01 - Non intersection,03 - P.D. only,99 - Other,01 - Clear,01 - Daylight,06 - Ice,10 - No control,,2,0,0,0,,0,,,,,377553.9778,5036522.126,45.46483754,-75.56962827,5150
17--2299,2/20/2017,Unknown,SHAUGHNESSY CRES btwn KNUDSON DR & WINDEYER CRES (2) (__3ZA5JC),__3ZA5JC,01 - Non intersection,03 - P.D. only,06 - SMV unattended vehicle,01 - Clear,00 - Unknown,01 - Dry,10 - No control,,1,0,0,0,,0,,,,,350638.1708,5020397.685,45.32203259,-75.91530005,5151
17--23,1/2/2017,10:53 AM,CARP RD @ HAZELDEAN RD (0000086),86,02 - Intersection related,03 - P.D. only,03 - Rear end,01 - Clear,01 - Daylight,01 - Dry,01 - Traffic signal,01 - Functioning,2,0,0,0,,0,,,,,348802.0008,5014362.153,45.26784039,-75.93925612,5152
17--230,1/5/2017,7:32 AM,FALLOWFIELD RD btwn EAGLESON RD & RICHMOND RD (__3ZA4Y2),__3ZA4Y2,01 - Non intersection,03 - P.D. only,07 - SMV other,01 - Clear,03 - Dawn,06 - Ice,10 - No control,,1,0,0,0,,0,,,,,356245.7543,5012674.234,45.25214702,-75.84457647,5153
17--2300,2/20/2017,12:00 PM,SOMERSET ST    W btwn BAY ST & LYON ST N (__3ZA3BB),__3ZA3BB,04 - At/near private drive,03 - P.D. only,02 - Angle,01 - Clear,01 - Daylight,01 - Dry,10 - No control,,2,0,0,0,,0,,,,,367296.2679,5030674.545,45.41321609,-75.7015316,5154
17--2301,2/20/2017,12:30 PM,PALMERSTON DR btwn PEREZ CRES & HALMONT DR (__3ZA13L),__3ZA13L,01 - Non intersection,03 - P.D. only,01 - Approaching,01 - Clear,01 - Daylight,01 - Dry,10 - No control,,2,0,0,0,,0,,,,,373443.819,5032364.801,45.42784816,-75.62276226,5155
17--2302,2/20/2017,2:14 PM,HUNT CLUB RD btwn CAHILL DR & LORRY GREENBERG DR (__3ZA3S4),__3ZA3S4,01 - Non intersection,03 - P.D. only,04 - Sideswipe,01 - Clear,01 - Daylight,01 - Dry,10 - No control,,2,0,0,0,,0,,,,,372441.514,5024565.921,45.35777476,-75.63663896,5156
17--2303,2/20/2017,2:44 PM,PRINCE OF WALES DR @ MEADOWLANDS DR/HOG'S BACK (0001629),1629,03 - At intersection,02 - Non-fatal injury,02 - Angle,01 - Clear,01 - Daylight,01 - Dry,01 - Traffic signal,01 - Functioning,3,0,0,0,02 - Minor,5,3,2,,,367372.2534,5025693.477,45.36839099,-75.70119251,5157
17--2304,2/20/2017,3:01 PM,MONTEREY DR btwn COSTELLO AVE & ABINGDON DR (__3ZAAF9),__3ZAAF9,01 - Non intersection,03 - P.D. only,06 - SMV unattended vehicle,01 - Clear,01 - Daylight,01 - Dry,10 - No control,,1,0,0,0,,0,,,,,360187.85,5022185.971,45.3374351,-75.79329521,5158
17--2305,2/20/2017,4:29 PM,LEWIS ST @ METCALFE ST (0007288),7288,02 - Intersection related,03 - P.D. only,05 - Turning movement,01 - Clear,01 - Daylight,01 - Dry,02 - Stop sign,00 - Unknown,2,0,0,0,,0,,,,,368121.0466,5030921.569,45.41536458,-75.69096333,5159
17--2306,2/20/2017,4:29 PM,INDUSTRIAL AVE btwn SANDFORD FLEMING AVE & NEIGHBORHOOD WAY (__3ZA3PC),__3ZA3PC,01 - Non intersection,03 - P.D. only,04 - Sideswipe,01 - Clear,01 - Daylight,01 - Dry,10 - No control,,2,0,0,0,,0,,,,,370925.8609,5030551.55,45.41177587,-75.65518042,5160
17--2307,2/20/2017,4:30 PM,GEORGETON PRIV btwn JARDIN PRIV & LONDON TER (__3GGOE3),__3GGOE3,01 - Non intersection,03 - P.D. only,06 - SMV unattended vehicle,01 - Clear,01 - Daylight,05 - Packed snow,10 - No control,,1,0,0,0,,0,,,,,371266.5998,5035050.105,45.45221957,-75.65022039,5161
17--2308,2/20/2017,4:30 PM,HIGHWAY 417 btwn HWY417 IC122 RAMP16 & HWY417 IC122 RAMP61 (__3ZA2RA),__3ZA2RA,01 - Non intersection,02 - Non-fatal injury,03 - Rear end,01 - Clear,01 - Daylight,01 - Dry,10 - No control,,2,0,0,0,01 - Minimal,1,1,,,,365336.9427,5028898.857,45.39741111,-75.72678012,5162
17--2309,2/20/2017,4:40 PM,GLADSTONE AVE @ KENT ST (0002251),2251,03 - At intersection,03 - P.D. only,02 - Angle,01 - Clear,01 - Daylight,01 - Dry,01 - Traffic signal,01 - Functioning,2,0,0,0,,0,,,,,367744.3698,5030458.233,45.41122962,-75.69583472,5163
17--231,1/5/2017,7:34 AM,CAMBRIAN RD @ RIVER MIST RD (0014647),14647,03 - At intersection,03 - P.D. only,02 - Angle,01 - Clear,03 - Dawn,06 - Ice,02 - Stop sign,01 - Functioning,2,0,0,0,,0,,,,,364357.1859,5012611.708,45.25094465,-75.74125207,5164
17--2310,2/20/2017,5:31 AM,HIGHWAY 417 btwn HWY 417 ANDERSON IC104R61 & HWY 417 BOUNDARY IC96R16 (__3ZA2W5),__3ZA2W5,01 - Non intersection,03 - P.D. only,07 - SMV other,01 - Clear,07 - Dark,01 - Dry,10 - No control,,1,0,0,0,,0,,,,,381534.7668,5025626.695,45.36638269,-75.52042606,5165
17--2311,2/20/2017,6:00 PM,VANIER PKWY/CRICHTON ST @ BEECHWOOD AVE/ST. PA (0001604),1604,02 - Intersection related,02 - Non-fatal injury,07 - SMV other,01 - Clear,07 - Dark,01 - Dry,01 - Traffic signal,01 - Functioning,1,0,0,1,02 - Minor,1,,1,,,369127.8699,5033486.862,45.43835429,-75.67776568,5166
17--2312,2/20/2017,6:09 PM,LAURIER AVE   W btwn METCALFE ST & ELGIN ST (__3ZA35P),__3ZA35P,01 - Non intersection,03 - P.D. only,06 - SMV unattended vehicle,01 - Clear,07 - Dark,01 - Dry,10 - No control,,1,0,0,0,,0,,,,,367843.2208,5031481.056,45.42042375,-75.6944411,5167
17--2313,2/20/2017,6:30 PM,TANDALEE CRES btwn Continuation of TANDALEE CRES & Continuation of TAN (__5WX08G),__5WX08G,04 - At/near private drive,03 - P.D. only,06 - SMV unattended vehicle,01 - Clear,07 - Dark,05 - Packed snow,10 - No control,,1,0,0,0,,0,,,,,355948.5062,5016015.59,45.28223494,-75.84801908,5168
17--2314,2/20/2017,6:40 PM,ROCHESTER ST @ SOMERSET ST (0006321),6321,03 - At intersection,03 - P.D. only,05 - Turning movement,01 - Clear,07 - Dark,01 - Dry,01 - Traffic signal,01 - Functioning,2,0,0,0,,0,,,,,366483.3773,5030203.235,45.4090475,-75.71197528,5169
17--2315,2/20/2017,7:33 PM,PRINCE OF WALES DR @ WEST HUNT CLUB RD (0000567),567,02 - Intersection related,03 - P.D. only,04 - Sideswipe,01 - Clear,07 - Dark,01 - Dry,01 - Traffic signal,01 - Functioning,2,0,0,0,,0,,,,,367458.3759,5021890.834,45.3341679,-75.70057502,5170
17--2316,2/20/2017,8:05 AM,BOOTH ST @ SIR JOHN A. MACDONALD PKWY/WELLINGTON ST (0012252),12252,02 - Intersection related,03 - P.D. only,04 - Sideswipe,01 - Clear,01 - Daylight,02 - Wet,01 - Traffic signal,01 - Functioning,2,0,0,0,,0,,,,,366262.5689,5031006.675,45.41629606,-75.71469573,5171
17--2317,2/20/2017,8:05 PM,HIGHWAY 417 btwn HWY417 IC180 RAMP26 & HWY417 IC180 RAMP61 (__5SO7L5),__5SO7L5,01 - Non intersection,02 - Non-fatal injury,07 - SMV other,01 - Clear,07 - Dark,01 - Dry,10 - No control,,1,0,0,0,01 - Minimal,1,1,,,,318467.9223,5031002.263,45.41882245,-76.3253579,5172
17--2318,2/20/2017,8:11 AM,CAHILL DR @ MCCARTHY RD (0007022),7022,03 - At intersection,03 - P.D. only,02 - Angle,01 - Clear,01 - Daylight,01 - Dry,02 - Stop sign,01 - Functioning,2,0,0,0,,0,,,,,370272.068,5023734.843,45.3505029,-75.66443633,5173
17--2319,2/20/2017,8:47 PM,EAGLESON RD @ HAZELDEAN RD/ROBERTSON RD (0002715),2715,02 - Intersection related,02 - Non-fatal injury,03 - Rear end,01 - Clear,07 - Dark,02 - Wet,01 - Traffic signal,01 - Functioning,2,0,0,0,02 - Minor,1,,1,,,353675.1258,5018424.085,45.30406887,-75.87675835,5174
17--232,1/5/2017,7:40 AM,CRESTWAY DR @ LEIKIN DR (0009767),9767,02 - Intersection related,03 - P.D. only,03 - Rear end,03 - Snow,03 - Dawn,06 - Ice,02 - Stop sign,01 - Functioning,2,0,0,0,,0,,,,,366939.4043,5016517.139,45.28586222,-75.7078695,5175
17--2320,2/20/2017,9:00 AM,WENTWORTH AVE btwn LAWN AVE & CARLING AVE (__3ZABY1),__3ZABY1,01 - Non intersection,03 - P.D. only,06 - SMV unattended vehicle,01 - Clear,01 - Daylight,04 - Slush,10 - No control,,1,0,0,0,,0,,,,,361289.1969,5025567.894,45.36777769,-75.77885763,5176
17--2321,2/20/2017,9:47 AM,LAMPLIGHTERS DR btwn COBBLE HILL DR & FOSTERBROOK WAY (__6NDG4Z),__6NDG4Z,01 - Non intersection,03 - P.D. only,06 - SMV unattended vehicle,01 - Clear,01 - Daylight,02 - Wet,10 - No control,,1,0,0,0,,0,,,,,361503.3534,5014625.895,45.26930424,-75.77737654,5177
17--2322,2/21/2017,1:18 PM,CARLING AVE EB btwn KIRKWOOD AVE & HWY417 IC124 RAMP55 (__3ZA4NS),__3ZA4NS,01 - Non intersection,03 - P.D. only,04 - Sideswipe,01 - Clear,01 - Daylight,02 - Wet,10 - No control,,2,0,0,0,,0,,,,,364371.4329,5027363.636,45.38368029,-75.73929652,5178
17--2323,2/21/2017,1:20 PM,PATTERSON AVE @ QUEEN ELIZABETH DRWY (0006459),6459,03 - At intersection,03 - P.D. only,05 - Turning movement,01 - Clear,01 - Daylight,01 - Dry,02 - Stop sign,00 - Unknown,2,0,0,0,,0,,,,,368727.2687,5030323.007,45.40992381,-75.68329621,5179
17--2324,2/21/2017,1:28 PM,FALLOWFIELD RD @ WOLFGANG DR (0000107),107,03 - At intersection,02 - Non-fatal injury,02 - Angle,01 - Clear,01 - Daylight,01 - Dry,02 - Stop sign,01 - Functioning,2,0,0,0,01 - Minimal,1,1,,,,363407.6938,5016944.793,45.29001361,-75.75283598,5180
17--2325,2/21/2017,1:30 PM,ST. LAURENT BLVD btwn CONROY RD & THURSTON DR (__3ZA49E),__3ZA49E,04 - At/near private drive,03 - P.D. only,02 - Angle,01 - Clear,01 - Daylight,01 - Dry,10 - No control,,2,0,0,0,,0,,,,,373417.177,5027347.798,45.38271013,-75.62380085,5181
17--2326,2/21/2017,10:15 PM,ALTA VISTA DR btwn BANK ST & EDGE HILL PL (__3ZA0TQ),__3ZA0TQ,04 - At/near private drive,03 - P.D. only,02 - Angle,01 - Clear,07 - Dark,01 - Dry,10 - No control,,2,0,0,0,,0,,,,,370313.8976,5026238.223,45.37302364,-75.66357069,5182
17--2327,2/21/2017,10:51 AM,BASIL MACDONALD WAY @ GRANT CARMAN DR (0010302),10302,03 - At intersection,03 - P.D. only,07 - SMV other,01 - Clear,01 - Daylight,01 - Dry,02 - Stop sign,01 - Functioning,1,0,0,1,,0,,,,,365354.3147,5023326.402,45.34726968,-75.72724142,5183
17--2328,2/21/2017,11:00 AM,WEST HUNT CLUB RD @ WOODROFFE AVE (0000576),576,02 - Intersection related,03 - P.D. only,03 - Rear end,01 - Clear,01 - Daylight,01 - Dry,01 - Traffic signal,01 - Functioning,2,0,0,0,,0,,,,,363671.0255,5021246.489,45.3286981,-75.74896814,5184
17--2329,2/21/2017,11:24 PM,BLACKWELL ST @ LEEDS AVE (0011519),11519,03 - At intersection,03 - P.D. only,03 - Rear end,01 - Clear,07 - Dark,01 - Dry,02 - Stop sign,01 - Functioning,2,0,0,0,,0,,,,,374658.4593,5029476.1,45.40173687,-75.60765103,5185
17--233,1/5/2017,7:56 AM,CARLING AVE @ ROCKY POINT RD (0000646),646,03 - At intersection,03 - P.D. only,02 - Angle,03 - Snow,01 - Daylight,04 - Slush,02 - Stop sign,01 - Functioning,2,0,0,0,,0,,,,,357034.8944,5023786.741,45.35208077,-75.83335255,5186
17--2330,2/21/2017,11:50 AM,ISABELLA ST/HWY417 IC119AR75 @ METCALFE ST (0011380),11380,02 - Intersection related,03 - P.D. only,04 - Sideswipe,01 - Clear,01 - Daylight,01 - Dry,01 - Traffic signal,01 - Functioning,2,0,0,0,,0,,,,,368448.4591,5030400.196,45.41064374,-75.68684781,5187
17--2331,2/21/2017,11:51 AM,PRESTON ST btwn BALSAM ST & GLADSTONE AVE (__3ZA31R),__3ZA31R,01 - Non intersection,03 - P.D. only,03 - Rear end,01 - Clear,01 - Daylight,01 - Dry,10 - No control,,2,0,0,0,,0,,,,,366472.8533,5029752.202,45.40499015,-75.71216614,5188
17--2332,2/21/2017,11:52 AM,BEAVERPOND DR btwn APPLETON DR & BLAIR RD (__3ZA5B4),__3ZA5B4,04 - At/near private drive,03 - P.D. only,02 - Angle,01 - Clear,01 - Daylight,01 - Dry,10 - No control,,2,0,0,0,,0,,,,,375318.4617,5031844.908,45.42298396,-75.59888252,5189
17--2333,2/21/2017,11:58 AM,MARCH RD btwn HALTON TERR/MAXWELL BRIDGE RD & MAXWELL RD (__3ZA2GD),__3ZA2GD,01 - Non intersection,02 - Non-fatal injury,04 - Sideswipe,01 - Clear,01 - Daylight,01 - Dry,10 - No control,,2,0,0,0,02 - Minor,1,,1,,,348890.4866,5024457.518,45.35867593,-75.93723016,5190
17--2334,2/21/2017,Unknown,CREMONA CRES btwn CREMONA PL & KNOXDALE RD (__3ZABSM),__3ZABSM,01 - Non intersection,03 - P.D. only,06 - SMV unattended vehicle,03 - Snow,00 - Unknown,03 - Loose snow,10 - No control,,1,0,0,0,,0,,,,,362311.4448,5021250.618,45.32884798,-75.76631072,5191
17--2335,2/21/2017,Unknown,ACKLAM TER btwn AYTON LANE & AYTON LANE (__3ZACVW),__3ZACVW,01 - Non intersection,03 - P.D. only,06 - SMV unattended vehicle,01 - Clear,00 - Unknown,01 - Dry,10 - No control,,1,0,0,0,,0,,,,,349725.9782,5023305.103,45.34825322,-75.92667122,5192
17--2336,2/21/2017,12:12 PM,HIGHWAY 417 btwn HWY417 IC118 RAMP35 & HWY417 IC117 RAMP51 (__3ZA2YP),__3ZA2YP,01 - Non intersection,02 - Non-fatal injury,03 - Rear end,01 - Clear,01 - Daylight,01 - Dry,10 - No control,,2,0,0,0,01 - Minimal,1,1,,,,370246.907,5031105.594,45.41682476,-75.66378018,5193
17--2337,2/21/2017,12:20 PM,PRINCE OF WALES DR btwn MELFA CRES & NORMANDY CRES (__3ZA36S),__3ZA36S,01 - Non intersection,03 - P.D. only,07 - SMV other,01 - Clear,01 - Daylight,01 - Dry,10 - No control,,1,0,0,0,,0,,,,,367415.6053,5025326.401,45.36508425,-75.70068565,5194
17--2338,2/21/2017,12:50 PM,GREENBANK RD @ STRANDHERD DR (0005563),5563,02 - Intersection related,03 - P.D. only,03 - Rear end,01 - Clear,01 - Daylight,01 - Dry,01 - Traffic signal,01 - Functioning,2,0,0,0,,0,,,,,363932.6806,5014784.417,45.27053056,-75.74640112,5195
17--2339,2/21/2017,2:41 PM,BRIDLEWOOD CRES @ AINTREE PL W/FILION CRES N (0003168),3168,03 - At intersection,02 - Non-fatal injury,02 - Angle,01 - Clear,01 - Daylight,01 - Dry,02 - Stop sign,01 - Functioning,2,0,0,0,02 - Minor,1,,1,,,354658.4597,5017395.3,45.29474255,-75.86432338,5196
17--234,1/5/2017,8:00 AM,EVEREST PRIV @ RUSSELL RD (0014424),14424,03 - At intersection,03 - P.D. only,02 - Angle,01 - Clear,01 - Daylight,06 - Ice,02 - Stop sign,01 - Functioning,2,0,0,0,,0,,,,,372691.4938,5029716.211,45.4040908,-75.63274041,5197
17--2340,2/21/2017,3:18 PM,WEST HUNT CLUB RD @ ANTARES DR/LASER ST (0000116),116,02 - Intersection related,02 - Non-fatal injury,03 - Rear end,03 - Snow,01 - Daylight,03 - Loose snow,01 - Traffic signal,01 - Functioning,2,0,0,0,01 - Minimal,1,1,,,,367108.0458,5022082.171,45.33592071,-75.70502017,5198
17--2341,2/21/2017,3:19 PM,FRANK KENNY RD E @ INNES RD (0004625),4625,03 - At intersection,03 - P.D. only,05 - Turning movement,01 - Clear,01 - Daylight,01 - Dry,02 - Stop sign,00 - Unknown,2,0,0,0,,0,,,,,387873.5084,5037728.816,45.47454306,-75.43748042,5199
17--2342,2/21/2017,3:38 PM,DONALD ST @ VANIER PKWY (0007644),7644,02 - Intersection related,03 - P.D. only,03 - Rear end,01 - Clear,01 - Daylight,02 - Wet,01 - Traffic signal,01 - Functioning,3,0,0,0,,0,,,,,370311.3787,5032269.917,45.42729484,-75.66280168,5200
17--1983,2/14/2017,9:10 PM,HWY 417 ST.LAURE IC115R51 @ ST. LAURENT BLVD (0002712),2712,03 - At intersection,03 - P.D. only,02 - Angle,03 - Snow,07 - Dark,03 - Loose snow,01 - Traffic signal,01 - Functioning,3,0,0,0,,0,,,,,372533.6825,5031412.098,45.41936491,-75.63452305,5201
17--1984,2/14/2017,9:11 AM,GLADSTONE AVE @ O'CONNOR ST (0002710),2710,02 - Intersection related,03 - P.D. only,05 - Turning movement,02 - Rain,01 - Daylight,04 - Slush,01 - Traffic signal,01 - Functioning,2,0,0,0,,0,,,,,368076.9626,5030658.194,45.41299881,-75.69156034,5202
17--1985,2/14/2017,9:12 AM,BANNER RD @ GREENBANK RD (0000644),644,03 - At intersection,03 - P.D. only,05 - Turning movement,01 - Clear,01 - Daylight,02 - Wet,01 - Traffic signal,01 - Functioning,2,0,0,0,,0,,,,,361020.6693,5021567.83,45.33180684,-75.78274016,5203
17--1986,2/14/2017,9:27 PM,GEORGE ST @ PRESTON ST (0006190),6190,02 - Intersection related,03 - P.D. only,06 - SMV unattended vehicle,03 - Snow,07 - Dark,05 - Packed snow,01 - Traffic signal,01 - Functioning,1,0,0,0,,0,,,,,366620.2023,5029415.434,45.401947,-75.71032624,5204
17--1987,2/14/2017,9:28 AM,HENRY FARM DR @ TERREBONNE DR (0003365),3365,03 - At intersection,03 - P.D. only,02 - Angle,03 - Snow,01 - Daylight,03 - Loose snow,02 - Stop sign,01 - Functioning,2,0,0,0,,0,,,,,363885.021,5024897.176,45.36152863,-75.74580231,5205
17--1988,2/15/2017,1:10 PM,COLONEL BY DR @ MAIN ST (0002626),2626,02 - Intersection related,03 - P.D. only,05 - Turning movement,01 - Clear,01 - Daylight,03 - Loose snow,02 - Stop sign,01 - Functioning,2,0,0,0,,0,,,,,368857.4548,5030913.278,45.41522296,-75.68155647,5206
17--1712,2/10/2017,6:05 AM,HIGHWAY 417 btwn HWY417 IC124 RAMP57 & HWY417 IC124 RAMP55 (__3ZA2Y1),__3ZA2Y1,01 - Non intersection,03 - P.D. only,03 - Rear end,01 - Clear,07 - Dark,01 - Dry,10 - No control,,4,0,0,0,,0,,,,,364143.4364,5027125.676,45.38155852,-75.74223629,5207
17--1989,2/15/2017,1:23 PM,GREENBANK RD @ MALVERN DR/FOXFIELD DR (0009821),9821,03 - At intersection,02 - Non-fatal injury,05 - Turning movement,01 - Clear,01 - Daylight,02 - Wet,01 - Traffic signal,01 - Functioning,2,0,0,0,02 - Minor,1,,1,,,363311.352,5016195.102,45.28327591,-75.75415251,5208
17--199,1/5/2017,12:35 PM,HERON RD @ KALADAR AVE (0006960),6960,02 - Intersection related,03 - P.D. only,03 - Rear end,01 - Clear,01 - Daylight,06 - Ice,01 - Traffic signal,01 - Functioning,3,0,0,0,,0,,,,,369685.7231,5026804.539,45.37817762,-75.67151547,5209
17--1990,2/15/2017,10:00 AM,HWY417 IC117 RAMP36 btwn HIGHWAY 417 & VANIER PKWY (__3ZAYAX),__3ZAYAX,01 - Non intersection,03 - P.D. only,03 - Rear end,03 - Snow,01 - Daylight,03 - Loose snow,10 - No control,,2,0,0,0,,0,,,,,370756.7165,5031323.519,45.41873769,-75.65723785,5210
17--1991,2/15/2017,10:07 AM,WOODROFFE AVE @ KNOXDALE RD/MEDHURST DR (0000519),519,03 - At intersection,03 - P.D. only,07 - SMV other,03 - Snow,01 - Daylight,03 - Loose snow,01 - Traffic signal,01 - Functioning,1,0,0,0,,0,,,,,363418.9394,5021826.112,45.33393461,-75.75211515,5211