Anom_ID,Accident_Date,Accident_Time,Location,Geo_ID,Accident_Location,Classification_of_Accident,Initial_Impact_Type,Environment_Condition,Light,Road_Surface_Condition,Traffic_Control,Traffic_Control_Condition,No__of_Vehicles,No__of_Bicycles,No__of_Motorcycles,No__of_Pedestrians,Max_Injury,No__of_Injuries,No__of_Minimal,No__of_Minor,No__of_Major,No__of_Fatal,X,Y,Latitude,Longitude,ObjectId
17--1992,2/15/2017,10:15 AM,CONROY RD @ THURSTON DR (0011389),11389,02 - Intersection related,03 - P.D. only,03 - Rear end,03 - Snow,01 - Daylight,04 - Slush,01 - Traffic signal,01 - Functioning,2,0,0,0,,0,,,,,373203.4861,5026791.83,45.37772867,-75.62660626,5212
17--1993,2/15/2017,10:15 AM,BAYSWATER AVE @ SOMERSET ST (0006486),6486,02 - Intersection related,03 - P.D. only,03 - Rear end,03 - Snow,01 - Daylight,03 - Loose snow,01 - Traffic signal,01 - Functioning,2,0,0,0,,0,,,,,365812.7005,5029911.192,45.40647855,-75.72057873,5213
17--1994,2/15/2017,10:19 PM,MAIN ST btwn HERRIDGE ST & CLEGG ST (__3ZA3B6),__3ZA3B6,01 - Non intersection,03 - P.D. only,06 - SMV unattended vehicle,03 - Snow,07 - Dark,05 - Packed snow,10 - No control,,1,0,0,0,,0,,,,,369265.3528,5029937.622,45.40640689,-75.67647301,5214
17--1995,2/15/2017,10:35 AM,GREENBANK RD @ MALVERN DR/FOXFIELD DR (0009821),9821,02 - Intersection related,03 - P.D. only,07 - SMV other,03 - Snow,01 - Daylight,05 - Packed snow,01 - Traffic signal,01 - Functioning,1,0,0,0,,0,,,,,363311.5269,5016194.257,45.28326829,-75.75415038,5215
17--1996,2/15/2017,10:45 AM,SLACK RD @ VAAN DR (0000203),203,02 - Intersection related,03 - P.D. only,04 - Sideswipe,03 - Snow,01 - Daylight,03 - Loose snow,02 - Stop sign,00 - Unknown,2,0,0,0,,0,,,,,364945.5461,5020367.982,45.32068531,-75.73281693,5216
17--1997,2/15/2017,10:48 AM,BASELINE RD @ FISHER AVE (0002346),2346,02 - Intersection related,02 - Non-fatal injury,07 - SMV other,03 - Snow,01 - Daylight,03 - Loose snow,01 - Traffic signal,01 - Functioning,1,0,0,1,02 - Minor,1,,1,,,366166.3592,5026028.533,45.37151237,-75.71654407,5217
17--1998,2/15/2017,10:51 AM,BASELINE RD @ GREENBANK RD (0002357),2357,02 - Intersection related,03 - P.D. only,03 - Rear end,03 - Snow,01 - Daylight,03 - Loose snow,01 - Traffic signal,01 - Functioning,2,0,0,0,,0,,,,,360598.4348,5022583.375,45.34097841,-75.78801207,5218
17--1999,2/15/2017,10:54 AM,ALBERT ST @ BOOTH ST (0002162),2162,02 - Intersection related,03 - P.D. only,03 - Rear end,01 - Clear,01 - Daylight,01 - Dry,01 - Traffic signal,01 - Functioning,2,0,0,0,,0,,,,,366427.6899,5030627.236,45.41286745,-75.71263363,5219
17--20,1/2/2017,10:12 PM,LIMEBANK RD btwn RIDEAU RD & MITCH OWENS RD (__3ZA6LY),__3ZA6LY,01 - Non intersection,03 - P.D. only,07 - SMV other,01 - Clear,07 - Dark,01 - Dry,10 - No control,,1,0,0,0,,0,,,,,371290.5281,5012990.112,45.25372856,-75.65288109,5220
17--200,1/5/2017,12:42 PM,BRIDLE PATH DR btwn PIMLICO CRES & PIMLICO CRES (__3ZA9W7),__3ZA9W7,01 - Non intersection,03 - P.D. only,03 - Rear end,01 - Clear,01 - Daylight,06 - Ice,10 - No control,,3,0,0,0,,0,,,,,371337.3776,5023774.779,45.35076197,-75.65083681,5221
17--2000,2/15/2017,11:03 PM,BASELINE RD @ WOODROFFE AVE (0002225),2225,03 - At intersection,02 - Non-fatal injury,02 - Angle,01 - Clear,07 - Dark,05 - Packed snow,01 - Traffic signal,01 - Functioning,4,0,0,0,02 - Minor,1,,1,,,362550.0247,5023771.174,45.35150821,-75.76297313,5222
17--2001,2/15/2017,11:23 AM,ROTHBOURNE RD @ MOONSTONE RD (0005993),5993,03 - At intersection,02 - Non-fatal injury,99 - Other,01 - Clear,01 - Daylight,03 - Loose snow,02 - Stop sign,01 - Functioning,2,0,0,0,02 - Minor,1,,1,,,347246.5574,5013967.104,45.26438117,-75.95911093,5223
17--2002,2/15/2017,11:28 AM,INNES RD @ TRIM RD (0012870),12870,02 - Intersection related,03 - P.D. only,03 - Rear end,03 - Snow,01 - Daylight,04 - Slush,01 - Traffic signal,01 - Functioning,2,0,0,0,,0,,,,,386566.7721,5037272.43,45.4705912,-75.45426685,5224
17--2003,2/15/2017,11:50 PM,BRONSON AVE btwn PLYMOUTH ST & RENFREW AVE (__3ZA3B1),__3ZA3B1,04 - At/near private drive,03 - P.D. only,05 - Turning movement,01 - Clear,07 - Dark,04 - Slush,10 - No control,,2,0,0,0,,0,,,,,367328.4023,5029619.471,45.40371997,-75.7012549,5225
17--2004,2/15/2017,Unknown,CATHCART ST btwn CATHCART SQ & RAMP (__3ZBN7O),__3ZBN7O,01 - Non intersection,03 - P.D. only,06 - SMV unattended vehicle,03 - Snow,00 - Unknown,03 - Loose snow,10 - No control,,1,0,0,0,,0,,,,,368033.9875,5033085.041,45.43483864,-75.69179781,5226
17--2005,2/15/2017,Unknown,DUMAURIER AVE btwn SPLINTER CRES & ALENMEDE CRES (__3ZAZR5),__3ZAZR5,01 - Non intersection,03 - P.D. only,06 - SMV unattended vehicle,03 - Snow,00 - Unknown,03 - Loose snow,10 - No control,,1,0,0,0,,0,,,,,359840.0121,5023418.713,45.3485547,-75.79759586,5227
17--2006,2/15/2017,Unknown,GRAVELLE CRES btwn INNES RD & INNES RD (__3ZA7LY),__3ZA7LY,01 - Non intersection,03 - P.D. only,06 - SMV unattended vehicle,03 - Snow,00 - Unknown,03 - Loose snow,10 - No control,,1,0,0,0,,0,,,,,377681.8414,5032697.753,45.43041508,-75.56855991,5228
17--2007,2/15/2017,Unknown,AYLMER AVE btwn ROSEDALE AVE & GROSVENOR AVE (__3ZA9ID),__3ZA9ID,01 - Non intersection,03 - P.D. only,06 - SMV unattended vehicle,03 - Snow,00 - Unknown,03 - Loose snow,10 - No control,,1,0,0,0,,0,,,,,368396.1627,5028560.311,45.39409379,-75.68775314,5229
17--2008,2/15/2017,Unknown,"MCARTHUR AVE @ EGLISE, RUE DE L/MOORVALE ST (0007763)",7763,02 - Intersection related,03 - P.D. only,06 - SMV unattended vehicle,03 - Snow,00 - Unknown,02 - Wet,01 - Traffic signal,00 - Unknown,1,0,0,0,,0,,,,,371446.4672,5032824.954,45.43218158,-75.64822237,5230
17--2009,2/15/2017,Unknown,KINNEAR ST btwn REID AVE & FAIRMONT AVE (__3ZA03V),__3ZA03V,01 - Non intersection,03 - P.D. only,06 - SMV unattended vehicle,03 - Snow,00 - Unknown,05 - Packed snow,10 - No control,,1,0,0,0,,0,,,,,365752.7471,5029046.198,45.39870077,-75.72145146,5231
17--201,1/5/2017,12:45 PM,CARP RD btwn WESTBROOK RD & LLOYDALEX CRES (__3ZA3DZ),__3ZA3DZ,01 - Non intersection,03 - P.D. only,03 - Rear end,01 - Clear,01 - Daylight,02 - Wet,10 - No control,,3,0,0,0,,0,,,,,347771.8749,5015408.468,45.27731923,-75.95229247,5232
17--2010,2/15/2017,Unknown,ABERDEEN ST @ PRESTON ST (0005695),5695,02 - Intersection related,03 - P.D. only,06 - SMV unattended vehicle,03 - Snow,00 - Unknown,03 - Loose snow,02 - Stop sign,00 - Unknown,1,0,0,0,,0,,,,,366651.6947,5029340.328,45.40126844,-75.70993342,5233
17--2011,2/15/2017,12:04 AM,ALADDIN LANE @ ALBION RD (0009560),9560,03 - At intersection,03 - P.D. only,02 - Angle,03 - Snow,07 - Dark,03 - Loose snow,02 - Stop sign,00 - Unknown,2,0,0,0,,0,,,,,372584.7354,5022591.876,45.33999917,-75.6350817,5234
17--2012,2/15/2017,12:30 PM,ROYDON PL btwn WOODFIELD DR & WEST HUNT CLUB RD (__3ZAYGP),__3ZAYGP,04 - At/near private drive,03 - P.D. only,02 - Angle,01 - Clear,01 - Daylight,02 - Wet,10 - No control,,2,0,0,0,,0,,,,,365754.9948,5022393.04,45.33883672,-75.72224366,5235
17--2013,2/15/2017,12:34 PM,WOODROFFE AVE @ KNOXDALE RD/MEDHURST DR (0000519),519,03 - At intersection,03 - P.D. only,02 - Angle,03 - Snow,01 - Daylight,03 - Loose snow,01 - Traffic signal,01 - Functioning,2,0,0,0,,0,,,,,363419.6899,5021827.722,45.33394903,-75.75210538,5236
17--2014,2/15/2017,2:19 PM,FOUR SEASONS DR btwn SHADETREE CRES & SHADETREE CRES (__3ZA0BJ),__3ZA0BJ,01 - Non intersection,03 - P.D. only,01 - Approaching,01 - Clear,01 - Daylight,03 - Loose snow,10 - No control,,2,0,0,0,,0,,,,,366539.1555,5024012.456,45.35333937,-75.71203695,5237
17--2015,2/15/2017,2:44 PM,DUNNING RD @ WILHAVEN DR (0004714),4714,03 - At intersection,03 - P.D. only,02 - Angle,03 - Snow,01 - Daylight,02 - Wet,02 - Stop sign,01 - Functioning,2,0,0,0,,0,,,,,391044.2922,5040825.685,45.50202052,-75.39638914,5238
17--2016,2/15/2017,2:47 PM,CARLING AVE @ BAYSHORE DR/BIRCHDALE AVE (0000021),21,03 - At intersection,03 - P.D. only,05 - Turning movement,01 - Clear,01 - Daylight,02 - Wet,01 - Traffic signal,01 - Functioning,2,0,0,0,,0,,,,,359005.8743,5023990.612,45.35376562,-75.80817739,5239
17--2017,2/15/2017,3:21 PM,HENRY FARM DR btwn TERREBONNE DR & BASELINE RD (__3ZBOKR),__3ZBOKR,01 - Non intersection,03 - P.D. only,06 - SMV unattended vehicle,03 - Snow,01 - Daylight,03 - Loose snow,10 - No control,,1,0,0,0,,0,,,,,363953.0121,5024756.447,45.36025664,-75.74495135,5240
17--2018,2/15/2017,3:30 PM,ALBION RD @ FINDLAY CREEK DR (0013587),13587,02 - Intersection related,03 - P.D. only,04 - Sideswipe,01 - Clear,01 - Daylight,01 - Dry,01 - Traffic signal,01 - Functioning,2,0,0,0,,0,,,,,374010.0249,5019208.054,45.30941359,-75.61737042,5241
17--2019,2/15/2017,4:15 PM,PLYMOUTH ST btwn LEBRETON ST S & BELL ST S (__3ZAAHO),__3ZAAHO,01 - Non intersection,03 - P.D. only,06 - SMV unattended vehicle,03 - Snow,01 - Daylight,03 - Loose snow,10 - No control,,1,0,0,0,,0,,,,,367077.1517,5029573.332,45.40332723,-75.70446992,5242
17--202,1/5/2017,12:51 PM,RICHMOND RD @ STONEHAVEN DR (0010370),10370,02 - Intersection related,03 - P.D. only,05 - Turning movement,03 - Snow,01 - Daylight,03 - Loose snow,01 - Traffic signal,01 - Functioning,2,0,0,0,,0,,,,,356781.0984,5015891.708,45.28105916,-75.83741985,5243
17--2020,2/15/2017,4:17 PM,ELGIN ST @ SLATER ST (0002228),2228,02 - Intersection related,03 - P.D. only,04 - Sideswipe,03 - Snow,01 - Daylight,03 - Loose snow,01 - Traffic signal,01 - Functioning,2,0,0,0,,0,,,,,367890.7077,5031649.044,45.42193097,-75.69381287,5244
17--2021,2/15/2017,4:25 PM,MORISSET AVE btwn CALDWELL AVE & MERIVALE RD (__3ZAA59),__3ZAA59,01 - Non intersection,03 - P.D. only,99 - Other,03 - Snow,01 - Daylight,03 - Loose snow,10 - No control,,2,0,0,0,,0,,,,,364612.7431,5026338.345,45.37443434,-75.73633956,5245
17--2022,2/15/2017,4:32 AM,RIVERSIDE DR @ WALKLEY RD (0002158),2158,02 - Intersection related,03 - P.D. only,07 - SMV other,03 - Snow,07 - Dark,05 - Packed snow,01 - Traffic signal,00 - Unknown,1,0,0,0,,0,,,,,368419.4744,5024853.154,45.3607357,-75.68793305,5246
17--2023,2/15/2017,4:34 PM,ELDERBERRY TER @ LAVEROCK BAY (0004507),4507,03 - At intersection,03 - P.D. only,02 - Angle,03 - Snow,01 - Daylight,02 - Wet,10 - No control,00 - Unknown,2,0,0,0,,0,,,,,382050.0737,5038621.582,45.48324389,-75.51181083,5247
17--2024,2/15/2017,4:40 AM,HIGHWAY 417 btwn HWY417 IC120A RAMP52 & HWY417 IC119B RAMP57 (__3ZA2R1),__3ZA2R1,01 - Non intersection,03 - P.D. only,04 - Sideswipe,03 - Snow,07 - Dark,03 - Loose snow,10 - No control,,2,0,0,0,,0,,,,,367765.8813,5029984.403,45.40696431,-75.69562045,5248
17--2025,2/15/2017,4:57 PM,"MONTREAL RD btwn EGLISE, RUE DE L & ST. LAURENT BLVD (__3ZA3ML)",__3ZA3ML,04 - At/near private drive,02 - Non-fatal injury,02 - Angle,03 - Snow,05 - Dusk,04 - Slush,10 - No control,,2,0,0,0,01 - Minimal,1,1,,,,371441.8475,5033768.452,45.44067118,-75.64815368,5249
17--2026,2/15/2017,5:00 PM,VALOUR DR btwn ALTA VISTA DR & REMEMBRANCE CRES (__4O00Q7),__4O00Q7,04 - At/near private drive,03 - P.D. only,02 - Angle,03 - Snow,07 - Dark,03 - Loose snow,10 - No control,,2,0,0,0,,0,,,,,370698.692,5029267.881,45.40024734,-75.65825396,5250
17--2027,2/15/2017,5:12 PM,STEVENS AVE @ BEAUDRY ST (0009879),9879,03 - At intersection,03 - P.D. only,02 - Angle,03 - Snow,01 - Daylight,04 - Slush,02 - Stop sign,01 - Functioning,2,0,0,0,,0,,,,,370815.5732,5032556.314,45.42982431,-75.65632067,5251
17--2028,2/15/2017,5:19 PM,RIVER RD btwn OLD MILL WAY & BRIDGE ST (__3ZA38E),__3ZA38E,04 - At/near private drive,03 - P.D. only,02 - Angle,03 - Snow,07 - Dark,03 - Loose snow,10 - No control,,2,0,0,0,,0,,,,,369466.147,5010786.589,45.23407148,-75.67640863,5252
17--2029,2/15/2017,5:20 PM,MONTREAL RD btwn ELWOOD ST & BECKENHAM LANE (__3ZA2DY),__3ZA2DY,01 - Non intersection,02 - Non-fatal injury,07 - SMV other,03 - Snow,07 - Dark,03 - Loose snow,10 - No control,,1,0,0,1,01 - Minimal,1,1,,,,374455.1447,5034388.934,45.4459602,-75.6095531,5253
17--203,1/5/2017,2:06 PM,BRONSON AVE @ CARLING AVE/GLEBE AVE (0002134),2134,02 - Intersection related,03 - P.D. only,04 - Sideswipe,01 - Clear,01 - Daylight,02 - Wet,01 - Traffic signal,01 - Functioning,2,0,0,0,,0,,,,,367448.7103,5029336.231,45.40116071,-75.69975421,5254
17--2030,2/15/2017,5:56 PM,BYRON AVE @ SHERBOURNE RD (0011572),11572,03 - At intersection,03 - P.D. only,02 - Angle,03 - Snow,05 - Dusk,04 - Slush,02 - Stop sign,01 - Functioning,2,0,0,0,,0,,,,,361905.0144,5027045.862,45.3810264,-75.77082584,5255
17--2031,2/15/2017,5:57 PM,BANK ST @ RIVERSIDE DR N (0010778),10778,02 - Intersection related,03 - P.D. only,03 - Rear end,03 - Snow,07 - Dark,03 - Loose snow,01 - Traffic signal,01 - Functioning,2,0,0,0,,0,,,,,369225.3815,5027985.553,45.3888465,-75.67723853,5256
17--2032,2/15/2017,5:58 PM,MERIVALE RD @ WEST HUNT CLUB RD (0000584),584,02 - Intersection related,03 - P.D. only,04 - Sideswipe,03 - Snow,07 - Dark,03 - Loose snow,01 - Traffic signal,01 - Functioning,2,0,0,0,,0,,,,,365613.0297,5021943.167,45.33480114,-75.72411018,5257
17--2033,2/15/2017,5:59 PM,WOODROFFE AVE @ KNOXDALE RD/MEDHURST DR (0000519),519,03 - At intersection,02 - Non-fatal injury,05 - Turning movement,03 - Snow,07 - Dark,03 - Loose snow,01 - Traffic signal,01 - Functioning,2,0,0,0,02 - Minor,1,,1,,,363420.6932,5021827.156,45.33394386,-75.75209265,5258
17--2034,2/15/2017,6:05 PM,HERON RD @ BRIAR HILL DR/SANDALWOOD DR (0007190),7190,02 - Intersection related,03 - P.D. only,03 - Rear end,03 - Snow,07 - Dark,04 - Slush,01 - Traffic signal,01 - Functioning,2,0,0,0,,0,,,,,371453.0623,5027011.2,45.37987118,-75.64892401,5259
17--2035,2/15/2017,6:05 PM,BASELINE RD btwn FERGUSON ST & CORDOVA ST (__3ZA4HA),__3ZA4HA,01 - Non intersection,03 - P.D. only,04 - Sideswipe,03 - Snow,07 - Dark,03 - Loose snow,10 - No control,,2,0,0,0,,0,,,,,363573.9558,5024398.155,45.35706465,-75.74983193,5260
17--2036,2/15/2017,6:06 PM,BEARBROOK RD/ROCKCLIFFE PKWY @ ST. JOSEPH BLVD (0012382),12382,02 - Intersection related,03 - P.D. only,99 - Other,03 - Snow,07 - Dark,04 - Slush,01 - Traffic signal,01 - Functioning,2,0,0,0,,0,,,,,377129.1541,5035240.831,45.45335343,-75.57524865,5261
17--2037,2/15/2017,6:06 PM,ST. LAURENT BLVD @ WALKLEY RD (0007653),7653,03 - At intersection,03 - P.D. only,05 - Turning movement,03 - Snow,07 - Dark,03 - Loose snow,01 - Traffic signal,01 - Functioning,2,0,0,0,,0,,,,,373903.7534,5028044.848,45.38893404,-75.61749072,5262
17--2038,2/15/2017,6:11 PM,CEDARVIEW RD @ FALLOWFIELD RD (0001603),1603,03 - At intersection,03 - P.D. only,02 - Angle,03 - Snow,07 - Dark,03 - Loose snow,01 - Traffic signal,01 - Functioning,2,0,0,0,,0,,,,,361296.3394,5015665.111,45.27867185,-75.77989624,5263
17--2039,2/15/2017,6:24 PM,DONALD ST @ QUILL ST (0007960),7960,02 - Intersection related,03 - P.D. only,03 - Rear end,02 - Rain,07 - Dark,03 - Loose snow,01 - Traffic signal,01 - Functioning,2,0,0,0,,0,,,,,370700.9404,5032316.049,45.42767332,-75.65781767,5264
17--204,1/5/2017,2:17 PM,HAWTHORNE RD/RUSSELL RD @ WALKLEY RD (0002618),2618,02 - Intersection related,03 - P.D. only,03 - Rear end,01 - Clear,01 - Daylight,03 - Loose snow,01 - Traffic signal,01 - Functioning,2,0,0,0,,0,,,,,374676.1225,5028500.395,45.3929562,-75.60756365,5265
17--2040,2/15/2017,6:28 PM,BATHGATE DR @ MATHESON RD (0009316),9316,02 - Intersection related,03 - P.D. only,03 - Rear end,03 - Snow,07 - Dark,04 - Slush,02 - Stop sign,01 - Functioning,2,0,0,0,,0,,,,,373641.7162,5033372.207,45.43689282,-75.62009267,5266
17--2041,2/15/2017,6:31 PM,GREENBANK RD @ JOCKVALE RD (0010360),10360,02 - Intersection related,03 - P.D. only,03 - Rear end,03 - Snow,07 - Dark,05 - Packed snow,01 - Traffic signal,00 - Unknown,2,0,0,0,,0,,,,,364123.1887,5014332.289,45.26644626,-75.74402747,5267
17--2042,2/15/2017,6:35 PM,TERRY FOX DR btwn MARCH VALLEY RD & HERZBERG RD (__30XHE4),__30XHE4,04 - At/near private drive,03 - P.D. only,02 - Angle,03 - Snow,07 - Dark,02 - Wet,10 - No control,,2,0,0,0,,0,,,,,351148.6884,5023563.751,45.350488,-75.90849183,5268
17--2043,2/15/2017,6:40 PM,GREENBANK RD @ WEST HUNT CLUB RD (0005167),5167,02 - Intersection related,03 - P.D. only,04 - Sideswipe,03 - Snow,07 - Dark,04 - Slush,01 - Traffic signal,01 - Functioning,2,0,0,0,,0,,,,,361481.0984,5020501.978,45.32217927,-75.77698852,5269
17--2044,2/15/2017,6:44 PM,BASELINE RD @ NAVAHO DR (0003158),3158,03 - At intersection,03 - P.D. only,05 - Turning movement,03 - Snow,07 - Dark,03 - Loose snow,01 - Traffic signal,01 - Functioning,2,0,0,0,,0,,,,,363085.3563,5024097.506,45.35440022,-75.75610314,5270
17--2045,2/15/2017,6:45 PM,COLONIAL RD/SMITH RD @ TRIM RD (0004204),4204,03 - At intersection,03 - P.D. only,02 - Angle,01 - Clear,07 - Dark,03 - Loose snow,02 - Stop sign,01 - Functioning,2,0,0,0,,0,,,,,388795.7971,5031788.502,45.42098812,-75.42670048,5271
17--2046,2/15/2017,6:49 PM,CARLING AVE WB btwn ANCASTER AVE & WOODROFFE AVE (__3ZA4VG),__3ZA4VG,01 - Non intersection,02 - Non-fatal injury,04 - Sideswipe,03 - Snow,07 - Dark,04 - Slush,10 - No control,,2,0,0,0,01 - Minimal,1,1,,,,361899.5619,5025827.189,45.37006134,-75.77103636,5272
17--2047,2/15/2017,6:51 AM,BOUNDARY RD btwn HWY417 IC96 RAMP16 & HWY417 IC96 RAMP15 (__3ZA3XX),__3ZA3XX,07 - Overpass or bridge,03 - P.D. only,03 - Rear end,03 - Snow,07 - Dark,06 - Ice,10 - No control,,3,0,0,0,,0,,,,,387407.5765,5023858.264,45.34980436,-75.44576331,5273
17--2048,2/15/2017,6:57 PM,GREENBANK RD @ STRANDHERD DR (0005563),5563,03 - At intersection,02 - Non-fatal injury,05 - Turning movement,03 - Snow,07 - Dark,04 - Slush,01 - Traffic signal,01 - Functioning,3,0,0,0,02 - Minor,1,,1,,,363934.0184,5014784.417,45.27053045,-75.74638407,5274
17--2049,2/15/2017,7:11 PM,CATHERINE ST @ ELGIN ST (0002638),2638,02 - Intersection related,03 - P.D. only,04 - Sideswipe,03 - Snow,07 - Dark,03 - Loose snow,01 - Traffic signal,01 - Functioning,2,0,0,0,,0,,,,,368554.3818,5030576.903,45.41222405,-75.68547186,5275
17--205,1/5/2017,2:22 PM,CAMPEAU DR btwn DIDSBURY RD & TERRY FOX DR (__3ZA2I3),__3ZA2I3,04 - At/near private drive,03 - P.D. only,02 - Angle,03 - Snow,01 - Daylight,06 - Ice,10 - No control,,2,0,0,0,,0,,,,,350328.0265,5018797.374,45.30765275,-75.91940303,5276
17--2050,2/15/2017,7:12 PM,MEADOWLANDS DR btwn VIEWMOUNT DR & INDIAN RD (__3ZA4HJ),__3ZA4HJ,04 - At/near private drive,03 - P.D. only,03 - Rear end,03 - Snow,07 - Dark,05 - Packed snow,10 - No control,,2,0,0,0,,0,,,,,363879.977,5023182.171,45.34609764,-75.74607162,5277
17--2051,2/15/2017,7:14 PM,FERNBANK RD @ SHEA RD (0000399),399,03 - At intersection,03 - P.D. only,02 - Angle,03 - Snow,07 - Dark,03 - Loose snow,11 - Roundabout,01 - Functioning,2,0,0,0,,0,,,,,352116.9672,5013182.31,45.25700858,-75.89712616,5278
17--2052,2/15/2017,7:15 PM,HIGHWAY 416 btwn HWY416 IC66 RAMP62 & HWY416 IC72 RAMP24 (__3ZAZMZ),__3ZAZMZ,01 - Non intersection,03 - P.D. only,07 - SMV other,03 - Snow,07 - Dark,04 - Slush,10 - No control,,1,0,0,0,,0,,,,,360321.3557,5017980.216,45.29958103,-75.79206335,5279
17--2053,2/15/2017,7:31 PM,TENTH LINE RD @ CHARLEMAGNE BLVD S/DES EPINETT (0003686),3686,03 - At intersection,02 - Non-fatal injury,05 - Turning movement,03 - Snow,07 - Dark,03 - Loose snow,01 - Traffic signal,01 - Functioning,2,0,0,0,01 - Minimal,1,1,,,,383640.9751,5036900.456,45.46758093,-75.49173924,5280
17--2054,2/15/2017,7:32 AM,HIGHWAY 417 btwn HWY417 IC110 RAMP55 & HWY417 IC104 RAMP51 (__3ZA2W8),__3ZA2W8,01 - Non intersection,03 - P.D. only,07 - SMV other,05 - Drifting Snow,01 - Daylight,03 - Loose snow,10 - No control,,1,0,0,0,,0,,,,,377822.4493,5026393.383,45.3736775,-75.56769664,5281
17--2055,2/15/2017,7:40 PM,CARLING AVE @ KIRKWOOD AVE S (0002209),2209,02 - Intersection related,03 - P.D. only,04 - Sideswipe,03 - Snow,07 - Dark,03 - Loose snow,01 - Traffic signal,01 - Functioning,2,0,0,0,,0,,,,,364352.035,5027338.218,45.38345323,-75.73954727,5282
17--2056,2/15/2017,7:45 AM,HIGHWAY 417 btwn HWY417 IC96 RAMP61 & HWY417 IC88 RAMP16 (__3ZA27Z),__3ZA27Z,01 - Non intersection,03 - P.D. only,07 - SMV other,03 - Snow,01 - Daylight,03 - Loose snow,10 - No control,,1,0,0,0,,0,,,,,392427.4785,5022898.23,45.34055774,-75.38188137,5283
17--2057,2/15/2017,7:57 PM,CAMEO DR @ MAITLAND AVE (0003215),3215,02 - Intersection related,03 - P.D. only,02 - Angle,03 - Snow,07 - Dark,03 - Loose snow,02 - Stop sign,01 - Functioning,2,0,0,0,,0,,,,,364153.5434,5025146.811,45.36375213,-75.74234504,5284
17--2058,2/15/2017,8:00 PM,HWY417 IC131 RAMP66 btwn HWY417 IC130 RAMP36 & HWY417 IC131 RAMP63 (__3ZA1SX),__3ZA1SX,01 - Non intersection,03 - P.D. only,07 - SMV other,03 - Snow,07 - Dark,03 - Loose snow,10 - No control,,1,0,0,0,,0,,,,,358537.1291,5022914.726,45.34412084,-75.8142764,5285
17--2059,2/15/2017,8:05 AM,HIGHWAY 417 btwn Continuation of HIGHWAY 417 & HWY417 IC134 RAMP51 (__3ZA29B),__3ZA29B,01 - Non intersection,03 - P.D. only,03 - Rear end,03 - Snow,01 - Daylight,03 - Loose snow,10 - No control,,2,0,0,0,,0,,,,,355784.3774,5021859.121,45.33482788,-75.84950989,5286
17--206,1/5/2017,2:22 PM,AIRPORT PKWY @ HUNT CLUB RD (0010856),10856,02 - Intersection related,03 - P.D. only,04 - Sideswipe,01 - Clear,01 - Daylight,06 - Ice,01 - Traffic signal,01 - Functioning,2,0,0,0,,0,,,,,371018.528,5023702.452,45.35014137,-75.65491527,5287
17--2060,2/15/2017,8:17 AM,CUMMINGS AVE @ OGILVIE RD (0009923),9923,02 - Intersection related,03 - P.D. only,05 - Turning movement,03 - Snow,01 - Daylight,03 - Loose snow,01 - Traffic signal,01 - Functioning,2,0,0,0,,0,,,,,372749.9548,5032173.055,45.42619067,-75.63165496,5288
17--2061,2/15/2017,8:17 AM,LEMIEUX ST @ ST. LAURENT BLVD (0002021),2021,03 - At intersection,03 - P.D. only,02 - Angle,03 - Snow,01 - Daylight,05 - Packed snow,01 - Traffic signal,01 - Functioning,2,0,0,0,,0,,,,,372390.9742,5031743.69,45.42236223,-75.63630083,5289
17--2062,2/15/2017,8:20 AM,CATHERINE ST @ ELGIN ST (0002638),2638,03 - At intersection,03 - P.D. only,04 - Sideswipe,03 - Snow,01 - Daylight,03 - Loose snow,01 - Traffic signal,01 - Functioning,2,0,0,0,,0,,,,,368552.7096,5030577.197,45.41222685,-75.68549319,5290
17--2063,2/15/2017,8:24 AM,HALIFAX DR @ WALKLEY RD (0008803),8803,02 - Intersection related,03 - P.D. only,05 - Turning movement,03 - Snow,01 - Daylight,04 - Slush,01 - Traffic signal,00 - Unknown,2,0,0,0,,0,,,,,373642.9865,5027899.168,45.38764896,-75.62084085,5291
17--2064,2/15/2017,8:26 AM,BANK ST btwn WILTON CRES & ECHO DR (__3ZA3NA),__3ZA3NA,01 - Non intersection,03 - P.D. only,04 - Sideswipe,03 - Snow,01 - Daylight,03 - Loose snow,10 - No control,,2,0,0,0,,0,,,,,368634.582,5028821.851,45.39642535,-75.68467453,5292
17--2065,2/15/2017,8:30 AM,MONTREAL RD btwn OR174 IC109 RAMP66 & OR174 IC109 RAMP65 (__3ZA2DA),__3ZA2DA,01 - Non intersection,03 - P.D. only,04 - Sideswipe,03 - Snow,01 - Daylight,03 - Loose snow,10 - No control,,2,0,0,0,,0,,,,,376390.3631,5034977.05,45.45105617,-75.5847315,5293
17--2066,2/15/2017,8:35 AM,CRESTHAVEN DR btwn WATERBRIDGE DR & DAYBREAK ST (__30LNG7),__30LNG7,04 - At/near private drive,02 - Non-fatal injury,02 - Angle,03 - Snow,01 - Daylight,03 - Loose snow,10 - No control,,2,0,0,0,02 - Minor,1,,1,,,366940.6663,5016012.309,45.28131969,-75.70791663,5294