Anom_ID,Accident_Date,Accident_Time,Location,Geo_ID,Accident_Location,Classification_of_Accident,Initial_Impact_Type,Environment_Condition,Light,Road_Surface_Condition,Traffic_Control,Traffic_Control_Condition,No__of_Vehicles,No__of_Bicycles,No__of_Motorcycles,No__of_Pedestrians,Max_Injury,No__of_Injuries,No__of_Minimal,No__of_Minor,No__of_Major,No__of_Fatal,X,Y,Latitude,Longitude,ObjectId
17--2067,2/15/2017,8:35 AM,JOCKVALE RD/RIDEAU VALLEY DR @ PRINCE OF WALES (0004638),4638,02 - Intersection related,03 - P.D. only,03 - Rear end,03 - Snow,01 - Daylight,03 - Loose snow,01 - Traffic signal,01 - Functioning,2,0,0,0,,0,,,,,366709.5201,5012194.899,45.24699121,-75.71133845,5295
17--2068,2/15/2017,8:37 AM,WALKLEY RD btwn HARDING RD & HALIFAX DR (__3ZA2EK),__3ZA2EK,04 - At/near private drive,03 - P.D. only,05 - Turning movement,03 - Snow,01 - Daylight,05 - Packed snow,10 - No control,,2,0,0,0,,0,,,,,373596.9626,5027872.892,45.38741706,-75.62143219,5296
17--2069,2/15/2017,8:40 AM,BRONSON AVE @ COMMISSIONER ST/SLATER ST (0001679),1679,03 - At intersection,03 - P.D. only,02 - Angle,03 - Snow,01 - Daylight,03 - Loose snow,01 - Traffic signal,01 - Functioning,2,0,0,0,,0,,,,,366769.7087,5030948.568,45.41572849,-75.70822395,5297
17--207,1/5/2017,2:42 PM,AIRPORT PKWY @ HUNT CLUB RD (0010856),10856,02 - Intersection related,03 - P.D. only,07 - SMV other,01 - Clear,01 - Daylight,06 - Ice,01 - Traffic signal,00 - Unknown,1,0,0,0,,0,,,,,371018.528,5023705.573,45.35016946,-75.65491485,5298
17--2070,2/15/2017,8:45 AM,KING EDWARD AVE @ SOMERSET ST/MARIE CURIE PRIV (0001696),1696,02 - Intersection related,03 - P.D. only,03 - Rear end,03 - Snow,01 - Daylight,03 - Loose snow,01 - Traffic signal,01 - Functioning,2,0,0,0,,0,,,,,368957.9087,5031673.382,45.4220529,-75.68017416,5299
17--2071,2/15/2017,8:56 AM,VANIER PKWY/CRICHTON ST @ BEECHWOOD AVE/ST. PA (0001604),1604,02 - Intersection related,02 - Non-fatal injury,03 - Rear end,03 - Snow,01 - Daylight,03 - Loose snow,01 - Traffic signal,01 - Functioning,2,0,0,0,02 - Minor,1,,1,,,369128.0101,5033486.971,45.43835526,-75.67776387,5300
17--2072,2/15/2017,8:58 AM,ALBERT ST btwn BRONSON AVE & BAY ST (__3ZA339),__3ZA339,01 - Non intersection,02 - Non-fatal injury,03 - Rear end,03 - Snow,01 - Daylight,03 - Loose snow,10 - No control,,2,0,0,0,02 - Minor,1,,1,,,366916.6185,5031127.62,45.41732653,-75.70632452,5301
17--2073,2/15/2017,9:00 AM,OR174 IC109 RAMP65 @ MONTREAL RD (0004119),4119,03 - At intersection,02 - Non-fatal injury,02 - Angle,03 - Snow,01 - Daylight,03 - Loose snow,01 - Traffic signal,01 - Functioning,2,0,0,0,01 - Minimal,1,1,,,,376403.6569,5034983.341,45.45111141,-75.58456065,5302
17--2163,2/16/2017,8:50 AM,HWY 417 WOODROFF IC127R35 @ WOODROFFE AVE (0002137),2137,02 - Intersection related,03 - P.D. only,03 - Rear end,01 - Clear,01 - Daylight,06 - Ice,10 - No control,,2,0,0,0,,0,,,,,362149.911,5024770.956,45.36053701,-75.76796313,5303
17--1802,2/12/2017,11:06 PM,BOOTH ST btwn ECCLES ST & ANDERSON ST (__3ZA32X),__3ZA32X,01 - Non intersection,03 - P.D. only,06 - SMV unattended vehicle,03 - Snow,07 - Dark,05 - Packed snow,10 - No control,,1,0,0,0,,0,,,,,366635.1437,5030160.08,45.40864581,-75.71004202,5304
17--2074,2/15/2017,9:00 AM,ORLEANS BLVD @ PINEGLADE CRES/CRESTMONT PL (0003612),3612,03 - At intersection,03 - P.D. only,05 - Turning movement,03 - Snow,01 - Daylight,03 - Loose snow,02 - Stop sign,01 - Functioning,2,0,0,0,,0,,,,,380610.0035,5034138.432,45.44306595,-75.53092101,5305
17--2164,2/16/2017,8:51 AM,STEWART ST btwn CUMBERLAND ST & KING EDWARD AVE (__3ZA3VU),__3ZA3VU,01 - Non intersection,03 - P.D. only,06 - SMV unattended vehicle,03 - Snow,01 - Daylight,05 - Packed snow,10 - No control,,1,0,0,0,,0,,,,,368516.2624,5032133.21,45.42623063,-75.68575757,5306
17--1803,2/12/2017,11:18 AM,TERRY FOX DR btwn HUNTSVILLE DR & OLD SECOND LINE RD (__8IAYIU),__8IAYIU,01 - Non intersection,03 - P.D. only,05 - Turning movement,03 - Snow,01 - Daylight,03 - Loose snow,10 - No control,,2,0,0,0,,0,,,,,348328.973,5022031.168,45.33687811,-75.94461053,5307
17--2165,2/16/2017,8:52 AM,WEST HUNT CLUB RD @ WOODROFFE AVE (0000576),576,02 - Intersection related,03 - P.D. only,03 - Rear end,04 - Freezing Rain,01 - Daylight,06 - Ice,01 - Traffic signal,01 - Functioning,2,0,0,0,,0,,,,,363671.0255,5021245.151,45.32868606,-75.7489683,5308
17--1713,2/10/2017,6:41 PM,MARCH RD btwn HWY417 IC138 RAMP26 & EAGLESON RD (__3ZA413),__3ZA413,01 - Non intersection,03 - P.D. only,99 - Other,01 - Clear,07 - Dark,01 - Dry,10 - No control,,2,0,0,0,,0,,,,,352929.9168,5020269.191,45.32072299,-75.88608126,5309
17--2075,2/15/2017,9:00 AM,INNES RD @ ORLEANS BLVD (0003611),3611,02 - Intersection related,03 - P.D. only,03 - Rear end,03 - Snow,01 - Daylight,03 - Loose snow,01 - Traffic signal,01 - Functioning,2,0,0,0,,0,,,,,380460.4607,5034297.741,45.4445155,-75.53280785,5310
17--1804,2/12/2017,Unknown,LA VERENDRYE DR btwn GATINEAU VIEW CRES & OGILVIE RD (__3ZA7AJ),__3ZA7AJ,01 - Non intersection,03 - P.D. only,06 - SMV unattended vehicle,03 - Snow,00 - Unknown,03 - Loose snow,10 - No control,,1,0,0,0,,0,,,,,375394.1744,5035182.149,45.45300287,-75.59743654,5311
17--2166,2/16/2017,8:54 AM,MAITLAND AVE/HWY 417 MAITLAND IC126R53 @ HWY 4 (0008229),8229,02 - Intersection related,03 - P.D. only,04 - Sideswipe,01 - Clear,01 - Daylight,06 - Ice,01 - Traffic signal,00 - Unknown,2,0,0,0,,0,,,,,363230.0559,5025774.642,45.36947887,-75.75405821,5312
17--1714,2/10/2017,6:45 AM,CARLING AVE @ MAITLAND AVE/SHERBOURNE RD (0002641),2641,03 - At intersection,03 - P.D. only,03 - Rear end,01 - Clear,03 - Dawn,06 - Ice,01 - Traffic signal,01 - Functioning,2,0,0,0,,0,,,,,362942.6692,5026489.737,45.37593711,-75.75764261,5313
17--2076,2/15/2017,9:00 PM,MERIVALE RD/LOTTA AVE @ CLYDE AVE (0001112),1112,03 - At intersection,03 - P.D. only,05 - Turning movement,03 - Snow,07 - Dark,03 - Loose snow,01 - Traffic signal,01 - Functioning,2,0,0,0,,0,,,,,364522.1138,5024508.247,45.35797512,-75.73771778,5314
17--1622,2/9/2017,Unknown,FOXLIGHT CIR btwn FOXLIGHT CIR & FOXLIGHT CIR (e___2HRE),e___2HRE,01 - Non intersection,03 - P.D. only,06 - SMV unattended vehicle,01 - Clear,00 - Unknown,04 - Slush,10 - No control,,1,0,0,0,,0,,,,,356787.843,5015728.753,45.27959236,-75.83735096,5315
17--1715,2/10/2017,6:50 PM,VANIER PKWY NB btwn MCARTHUR AVE & VANIER PKWY (__3ZA4SQ),__3ZA4SQ,01 - Non intersection,03 - P.D. only,03 - Rear end,03 - Snow,07 - Dark,03 - Loose snow,10 - No control,,2,0,0,0,,0,,,,,370233.7144,5032622.668,45.43047602,-75.66374721,5316
17--1805,2/12/2017,Unknown,FIFTH AVE btwn ADELAIDE ST & O'CONNOR ST (__3ZA92F),__3ZA92F,01 - Non intersection,03 - P.D. only,06 - SMV unattended vehicle,03 - Snow,00 - Unknown,03 - Loose snow,10 - No control,,1,0,0,0,,0,,,,,368668.3792,5029561.669,45.40307892,-75.6841471,5317
17--1623,2/9/2017,Unknown,RIVERSIDE DR btwn FROBISHER LANE & END (__3ZA241),__3ZA241,01 - Non intersection,03 - P.D. only,06 - SMV unattended vehicle,01 - Clear,00 - Unknown,01 - Dry,10 - No control,,1,0,0,0,,0,,,,,370080.3028,5029396.261,45.40146039,-75.66613502,5318
17--1716,2/10/2017,6:50 PM,REGIONAL ROAD 174 btwn OR174 IC112 RAMP36 & OR174 IC112 RAMP26 (__3ZAZFK),__3ZAZFK,01 - Non intersection,03 - P.D. only,99 - Other,01 - Clear,07 - Dark,01 - Dry,10 - No control,,2,0,0,0,,0,,,,,374612.1973,5032703.856,45.43078314,-75.60778464,5319
17--2167,2/16/2017,8:54 AM,CARLING AVE @ BEDALE DR (0000512),512,02 - Intersection related,03 - P.D. only,03 - Rear end,01 - Clear,01 - Daylight,01 - Dry,01 - Traffic signal,01 - Functioning,2,0,0,0,,0,,,,,357223.6599,5023712.384,45.35139761,-75.83095148,5320
17--2077,2/15/2017,9:02 PM,HAZELDEAN RD @ HUNTMAR DR/IBER RD (0000075),75,02 - Intersection related,03 - P.D. only,03 - Rear end,03 - Snow,07 - Dark,02 - Wet,01 - Traffic signal,01 - Functioning,2,0,0,0,,0,,,,,350941.8474,5016079.057,45.2831525,-75.9118286,5321
17--1624,2/9/2017,Unknown,ALTA VISTA DR btwn CRESTVIEW RD & ROGER RD (__3ZBOSG),__3ZBOSG,01 - Non intersection,03 - P.D. only,06 - SMV unattended vehicle,01 - Clear,00 - Unknown,01 - Dry,10 - No control,,1,0,0,0,,0,,,,,370395.4396,5028847.367,45.39649219,-75.66218301,5322
17--1717,2/10/2017,7:06 PM,UPPER DWYER HILL RD btwn MARCH RD & OLD ALMONTE RD (__3ZA4QB),__3ZA4QB,01 - Non intersection,03 - P.D. only,07 - SMV other,03 - Snow,07 - Dark,03 - Loose snow,10 - No control,,1,0,0,0,,0,,,,,335979.8251,5012180.077,45.2488901,-76.10278897,5323
17--1806,2/12/2017,12:00 PM,RAYMOND ST/HWY 417 ROCHEST IC121BR16 @ ROCHEST (0006495),6495,02 - Intersection related,03 - P.D. only,03 - Rear end,03 - Snow,01 - Daylight,05 - Packed snow,01 - Traffic signal,01 - Functioning,3,0,0,0,,0,,,,,366737.7196,5029618.313,45.40376207,-75.70879977,5324
17--2168,2/16/2017,8:55 AM,SMYTH RD @ BOTSFORD ST/DAUPHIN RD (0007211),7211,03 - At intersection,03 - P.D. only,02 - Angle,01 - Clear,01 - Daylight,03 - Loose snow,01 - Traffic signal,01 - Functioning,2,0,0,0,,0,,,,,372243.3562,5029262.524,45.40005204,-75.6385264,5325
17--2078,2/15/2017,9:06 AM,MOHRS RD btwn KINBURN SIDE RD & CARRYS SIDE RD (__3ZACAG),__3ZACAG,01 - Non intersection,03 - P.D. only,07 - SMV other,03 - Snow,01 - Daylight,03 - Loose snow,10 - No control,,1,0,0,0,,0,,,,,328181.0015,5027066.199,45.38314672,-76.20143681,5326
17--1625,2/9/2017,12:09 PM,ALBION RD @ RIDEAU RD (0009356),9356,03 - At intersection,02 - Non-fatal injury,02 - Angle,01 - Clear,01 - Daylight,01 - Dry,01 - Traffic signal,01 - Functioning,2,0,0,0,02 - Minor,2,1,1,,,375093.5027,5016674.835,45.28651296,-75.60391371,5327
17--1718,2/10/2017,7:29 AM,ANDERSON RD @ INNES RD (0004200),4200,02 - Intersection related,03 - P.D. only,03 - Rear end,01 - Clear,01 - Daylight,06 - Ice,01 - Traffic signal,00 - Unknown,2,0,0,0,,0,,,,,376280.7411,5031841.189,45.42285283,-75.58658817,5328
17--1807,2/12/2017,12:03 AM,AIRPORT PKWY @ HUNT CLUB RD (0010856),10856,02 - Intersection related,03 - P.D. only,99 - Other,03 - Snow,07 - Dark,05 - Packed snow,01 - Traffic signal,01 - Functioning,2,0,0,0,,0,,,,,371018.5286,5023702.999,45.3501463,-75.65491519,5329
17--2169,2/16/2017,9:00 AM,CLYDE AVE btwn DOHENY ST & DOBBIE ST (__3ZA0EK),__3ZA0EK,01 - Non intersection,02 - Non-fatal injury,03 - Rear end,01 - Clear,01 - Daylight,01 - Dry,10 - No control,,2,0,0,0,02 - Minor,1,,1,,,363603.6981,5026670.993,45.37751286,-75.74918183,5330
17--217,1/5/2017,5:11 PM,DUMAURIER AVE @ PINECREST RD (0002743),2743,02 - Intersection related,03 - P.D. only,03 - Rear end,01 - Clear,05 - Dusk,06 - Ice,01 - Traffic signal,01 - Functioning,2,0,0,0,,0,,,,,360321.0101,5023835.849,45.35227017,-75.79141114,5331
17--2170,2/16/2017,9:00 AM,LADOUCEUR ST btwn PINHEY ST & MERTON ST (__3ZAAID),__3ZAAID,01 - Non intersection,03 - P.D. only,06 - SMV unattended vehicle,01 - Clear,01 - Daylight,01 - Dry,10 - No control,,1,0,0,0,,0,,,,,365404.1394,5029751.74,45.40507934,-75.72581711,5332
17--2171,2/16/2017,9:22 AM,WOODROFFE AVE @ GEORGINA DR/LENESTER AVE (0002351),2351,02 - Intersection related,02 - Non-fatal injury,01 - Approaching,05 - Drifting Snow,01 - Daylight,04 - Slush,01 - Traffic signal,00 - Unknown,2,0,0,0,02 - Minor,1,,1,,,361908.1857,5025370.144,45.36594819,-75.77097911,5333
17--2172,2/16/2017,9:23 AM,FALLOWFIELD RD @ GREENBANK RD (0000549),549,02 - Intersection related,02 - Non-fatal injury,03 - Rear end,03 - Snow,01 - Daylight,04 - Slush,01 - Traffic signal,01 - Functioning,2,0,0,0,02 - Minor,1,,1,,,363080.3413,5016733.793,45.28814225,-75.75703369,5334
17--2173,2/16/2017,9:30 AM,ST. LAURENT BLVD @ MCARTHUR AVE (0008246),8246,02 - Intersection related,03 - P.D. only,03 - Rear end,03 - Snow,01 - Daylight,04 - Slush,01 - Traffic signal,00 - Unknown,2,0,0,0,,0,,,,,371922.9136,5032888.673,45.43270932,-75.64212513,5335
17--2174,2/16/2017,9:32 AM,FALLOWFIELD RD @ GREENBANK RD (0000549),549,02 - Intersection related,02 - Non-fatal injury,03 - Rear end,01 - Clear,01 - Daylight,04 - Slush,01 - Traffic signal,01 - Functioning,2,0,0,0,01 - Minimal,1,1,,,,363081.4262,5016734.331,45.288147,-75.7570198,5336
17--2175,2/16/2017,9:36 AM,GREENBANK RD @ BERRIGAN DR/WESSEX RD (0004726),4726,02 - Intersection related,03 - P.D. only,05 - Turning movement,03 - Snow,01 - Daylight,03 - Loose snow,01 - Traffic signal,01 - Functioning,2,0,0,0,,0,,,,,363724.0162,5015275.756,45.27496916,-75.74900184,5337
17--2176,2/16/2017,9:38 AM,BASELINE RD @ CENTREPOINTE DR W/COBDEN RD (0002108),2108,02 - Intersection related,03 - P.D. only,03 - Rear end,01 - Clear,01 - Daylight,06 - Ice,01 - Traffic signal,01 - Functioning,3,0,0,0,,0,,,,,361633.6814,5023208.745,45.34652236,-75.77473153,5338
17--2177,2/16/2017,9:57 AM,SMYTH RD btwn CUBA AVE & RUSSELL RD (__3ZA3R2),__3ZA3R2,04 - At/near private drive,02 - Non-fatal injury,02 - Angle,01 - Clear,01 - Daylight,02 - Wet,10 - No control,,2,0,0,0,02 - Minor,1,,1,,,373192.0164,5029367.166,45.40090153,-75.62639579,5339
17--2178,2/17/2017,1:28 PM,LENESTER AVE @ MAITLAND AVE (0010867),10867,03 - At intersection,03 - P.D. only,02 - Angle,01 - Clear,01 - Daylight,01 - Dry,02 - Stop sign,01 - Functioning,2,0,0,0,,0,,,,,363079.5601,5026146.653,45.37283871,-75.75593544,5340
17--2179,2/17/2017,1:33 AM,WILSON ST btwn CUMMINGS AVE & RAINSFORD AVE (__3ZA1LJ),__3ZA1LJ,01 - Non intersection,03 - P.D. only,06 - SMV unattended vehicle,01 - Clear,07 - Dark,05 - Packed snow,10 - No control,,1,0,0,0,,0,,,,,372159.8911,5033834.859,45.44119986,-75.63896727,5341
17--218,1/5/2017,5:15 PM,FALLOWFIELD RD @ MERIVALE RD (0000587),587,02 - Intersection related,03 - P.D. only,03 - Rear end,01 - Clear,05 - Dusk,04 - Slush,01 - Traffic signal,01 - Functioning,2,0,0,0,,0,,,,,366892.571,5018843.611,45.30679972,-75.70817516,5342
17--2180,2/17/2017,1:42 PM,MERIVALE RD @ WEST HUNT CLUB RD (0000584),584,02 - Intersection related,03 - P.D. only,04 - Sideswipe,01 - Clear,01 - Daylight,01 - Dry,01 - Traffic signal,01 - Functioning,2,0,0,0,,0,,,,,365613.0297,5021941.16,45.33478308,-75.72411043,5343
17--2181,2/17/2017,1:47 PM,CYRVILLE RD @ INNES RD (0009352),9352,02 - Intersection related,03 - P.D. only,04 - Sideswipe,01 - Clear,01 - Daylight,03 - Loose snow,01 - Traffic signal,01 - Functioning,2,0,0,0,,0,,,,,375046.7214,5031118.895,45.41647903,-75.60245802,5344
17--2182,2/17/2017,1:47 PM,INNES RD @ TENTH LINE RD (0004633),4633,03 - At intersection,03 - P.D. only,05 - Turning movement,01 - Clear,01 - Daylight,01 - Dry,01 - Traffic signal,01 - Functioning,2,0,0,0,,0,,,,,383952.7636,5036158.892,45.46087375,-75.48787196,5345
17--2183,2/17/2017,10:05 AM,VANIER PKWY NB btwn MCARTHUR AVE & VANIER PKWY (__3ZA4SQ),__3ZA4SQ,01 - Non intersection,03 - P.D. only,03 - Rear end,01 - Clear,01 - Daylight,01 - Dry,10 - No control,,2,0,0,0,,0,,,,,370250.9752,5032543.869,45.4297654,-75.66353711,5346
17--2184,2/17/2017,10:22 PM,HIGHWAY 417 btwn HWY417 IC121A RAMP16 & HWY417 IC121A RAMP61 (__3ZA2YY),__3ZA2YY,01 - Non intersection,03 - P.D. only,03 - Rear end,01 - Clear,07 - Dark,01 - Dry,10 - No control,,3,0,0,0,,0,,,,,367290.1665,5029770.367,45.40508111,-75.70172416,5347
17--2185,2/17/2017,10:30 PM,HIGHWAY 417 btwn HWY417 IC117 RAMP26 & HWY417 IC117 RAMP61 (__3ZA2YM),__3ZA2YM,01 - Non intersection,03 - P.D. only,04 - Sideswipe,01 - Clear,07 - Dark,01 - Dry,10 - No control,,2,0,0,0,,0,,,,,370904.7551,5031253.051,45.41808968,-75.65535594,5348
17--2186,2/17/2017,10:33 AM,INDUSTRIAL AVE @ RIVERSIDE DR (0011905),11905,02 - Intersection related,03 - P.D. only,03 - Rear end,01 - Clear,01 - Daylight,02 - Wet,01 - Traffic signal,01 - Functioning,2,0,0,0,,0,,,,,370685.4691,5030590.677,45.41215059,-75.65824609,5349
17--2187,2/17/2017,11:12 PM,BRONSON AVE @ HWY 417 BRONSON IC121AR51 (0002693),2693,03 - At intersection,03 - P.D. only,04 - Sideswipe,01 - Clear,07 - Dark,01 - Dry,01 - Traffic signal,01 - Functioning,2,0,0,0,,0,,,,,367289.7157,5029711.227,45.40454902,-75.70173741,5350
17--2188,2/17/2017,11:29 AM,LONGFIELDS DR @ WOODROFFE AVE (0000096),96,02 - Intersection related,03 - P.D. only,03 - Rear end,01 - Clear,01 - Daylight,01 - Dry,01 - Traffic signal,00 - Unknown,2,0,0,0,,0,,,,,365420.4194,5017106.57,45.29129854,-75.72715915,5351
17--2189,2/17/2017,Unknown,ROSLYN AVE btwn AYLMER AVE & WOODBINE PL (__3ZA9HO),__3ZA9HO,01 - Non intersection,03 - P.D. only,06 - SMV unattended vehicle,01 - Clear,00 - Unknown,05 - Packed snow,10 - No control,,1,0,0,0,,0,,,,,368247.0454,5028366.849,45.3923666,-75.68968234,5352
17--219,1/5/2017,5:23 PM,HERON RD @ ALTA VISTA DR (0007188),7188,02 - Intersection related,03 - P.D. only,03 - Rear end,03 - Snow,05 - Dusk,06 - Ice,01 - Traffic signal,01 - Functioning,2,0,0,0,,0,,,,,370491.0057,5026900.82,45.37896889,-75.66122162,5353
17--2190,2/17/2017,Unknown,WURTEMBURG ST btwn HENEY ST & BRIGADIER PRIV (__3ZA1Z7),__3ZA1Z7,01 - Non intersection,03 - P.D. only,06 - SMV unattended vehicle,01 - Clear,00 - Unknown,05 - Packed snow,10 - No control,,1,0,0,0,,0,,,,,369274.2596,5033062.448,45.4345221,-75.67595032,5354
17--2191,2/17/2017,Unknown,LAURIER AVE   W btwn O'CONNOR ST & METCALFE ST (__3ZBOER),__3ZBOER,01 - Non intersection,03 - P.D. only,06 - SMV unattended vehicle,01 - Clear,00 - Unknown,01 - Dry,10 - No control,,1,0,0,0,,0,,,,,367710.4633,5031402.548,45.41972931,-75.69614732,5355
17--2192,2/17/2017,Unknown,SOMERSET ST    W btwn PERCY ST & BAY ST (__3ZA3BA),__3ZA3BA,01 - Non intersection,03 - P.D. only,06 - SMV unattended vehicle,01 - Clear,00 - Unknown,01 - Dry,10 - No control,,1,0,0,0,,0,,,,,367145.799,5030586.179,45.41243442,-75.70346502,5356
17--2193,2/17/2017,Unknown,LYNDA LANE @ SMYTH RD (0002250),2250,02 - Intersection related,03 - P.D. only,06 - SMV unattended vehicle,01 - Clear,00 - Unknown,05 - Packed snow,02 - Stop sign,00 - Unknown,1,0,0,0,,0,,,,,371614.1915,5029194.017,45.39949597,-75.64657128,5357
17--2194,2/17/2017,12:03 PM,ST. LAURENT BLVD @ JOLIFFE ST (0008914),8914,02 - Intersection related,03 - P.D. only,03 - Rear end,01 - Clear,01 - Daylight,01 - Dry,01 - Traffic signal,01 - Functioning,2,0,0,0,,0,,,,,373750.9818,5028418.669,45.39231257,-75.61938927,5358
17--2195,2/17/2017,12:15 AM,CLARENCE ST btwn WILLIAM ST & DALHOUSIE ST (__3ZA82W),__3ZA82W,01 - Non intersection,03 - P.D. only,06 - SMV unattended vehicle,01 - Clear,07 - Dark,01 - Dry,10 - No control,,1,0,0,0,,0,,,,,368001.191,5032478.629,45.42938532,-75.69229478,5359
17--2196,2/17/2017,12:15 PM,COLONNADE RD @ PRINCE OF WALES DR (0005249),5249,02 - Intersection related,03 - P.D. only,03 - Rear end,01 - Clear,01 - Daylight,02 - Wet,01 - Traffic signal,01 - Functioning,2,0,0,0,,0,,,,,367395.0461,5023267.854,45.34656372,-75.70120872,5360
17--2197,2/17/2017,12:18 PM,MAPLE GROVE RD @ SANTOLINA ST (0015413),15413,03 - At intersection,03 - P.D. only,02 - Angle,01 - Clear,01 - Daylight,02 - Wet,02 - Stop sign,01 - Functioning,2,0,0,0,,0,,,,,349722.7444,5016214.028,45.28444598,-75.92735553,5361
17--2198,2/17/2017,12:53 PM,MONTREAL RD @ SHEFFORD RD (0012423),12423,03 - At intersection,03 - P.D. only,02 - Angle,05 - Drifting Snow,01 - Daylight,02 - Wet,01 - Traffic signal,01 - Functioning,2,0,0,0,,0,,,,,376125.3961,5034852.906,45.44996629,-75.58813662,5362
17--2199,2/17/2017,2:00 PM,MORRISON DR @ GREENBANK RD (0002755),2755,02 - Intersection related,03 - P.D. only,03 - Rear end,01 - Clear,01 - Daylight,04 - Slush,02 - Stop sign,00 - Unknown,2,0,0,0,,0,,,,,360553.3391,5023128.926,45.34589086,-75.78852596,5363
17--22,1/2/2017,10:35 AM,TRAINYARDS DR btwn INDUSTRIAL AVE & Continuation of TRAINYARDS DR (__6N4UKO),__6N4UKO,04 - At/near private drive,03 - P.D. only,04 - Sideswipe,01 - Clear,01 - Daylight,02 - Wet,10 - No control,,2,0,0,0,,0,,,,,371701.4057,5030636.475,45.41246628,-75.64526169,5364
17--220,1/5/2017,5:26 PM,EARL MULLIGAN DR @ WOODROFFE AVE (0000591),591,02 - Intersection related,02 - Non-fatal injury,03 - Rear end,01 - Clear,05 - Dusk,06 - Ice,01 - Traffic signal,01 - Functioning,2,0,0,0,01 - Minimal,1,1,,,,365250.8669,5017506.636,45.29491292,-75.72927179,5365
17--2200,2/17/2017,2:04 PM,BANK ST btwn ALBION RD & SIEVERIGHT AVE (__3ZA29S),__3ZA29S,04 - At/near private drive,03 - P.D. only,05 - Turning movement,01 - Clear,01 - Daylight,01 - Dry,10 - No control,,2,0,0,0,,0,,,,,372067.614,5024140.616,45.35398398,-75.64146866,5366
17--2201,2/17/2017,2:08 PM,MOODIE DR btwn WEST HUNT CLUB RD & ALTI PL (__3ZBOCW),__3ZBOCW,04 - At/near private drive,03 - P.D. only,05 - Turning movement,01 - Clear,01 - Daylight,02 - Wet,10 - No control,,2,0,0,0,,0,,,,,358462.8948,5016968.012,45.29061751,-75.81586784,5367
17--2202,2/17/2017,2:30 PM,LYON ST @ SOMERSET ST (0010860),10860,03 - At intersection,02 - Non-fatal injury,02 - Angle,01 - Clear,01 - Daylight,02 - Wet,01 - Traffic signal,01 - Functioning,2,0,0,0,01 - Minimal,1,1,,,,367366.9511,5030717.234,45.41359387,-75.7006232,5368
17--2203,2/17/2017,3:02 PM,SANSONNET ST btwn WINDFLOWER WAY & WINDFLOWER WAY (__3ZA61Y),__3ZA61Y,04 - At/near private drive,03 - P.D. only,02 - Angle,01 - Clear,01 - Daylight,04 - Slush,10 - No control,,2,0,0,0,,0,,,,,379828.7856,5034518.754,45.44657209,-75.54084791,5369
17--2204,2/17/2017,3:14 PM,CARLING AVE @ VISCOUNT AVE (0006241),6241,02 - Intersection related,03 - P.D. only,04 - Sideswipe,01 - Clear,01 - Daylight,02 - Wet,01 - Traffic signal,00 - Unknown,2,0,0,0,,0,,,,,365131.0392,5027850.217,45.38799344,-75.72953805,5370
17--2205,2/17/2017,3:18 AM,FRANK KENNY RD btwn HUISMANS RD & MCFADDEN RD (__3ZA1D7),__3ZA1D7,01 - Non intersection,03 - P.D. only,07 - SMV other,01 - Clear,07 - Dark,01 - Dry,10 - No control,,1,0,0,0,,0,,,,,390938.2586,5030215.737,45.40657759,-75.39960396,5371
17--2206,2/17/2017,3:20 PM,REGIONAL ROAD 174 btwn HWY417 IC113 RAMP67 & Continuation of REGIONAL  (__3ZA28A),__3ZA28A,01 - Non intersection,03 - P.D. only,03 - Rear end,01 - Clear,01 - Daylight,01 - Dry,10 - No control,,3,0,0,0,,0,,,,,373796.3854,5032092.398,45.42536252,-75.61829531,5372
17--2207,2/17/2017,3:23 PM,MCEWEN AVE btwn AMBLESIDE DR & END (__3ZAZ44),__3ZAZ44,01 - Non intersection,03 - P.D. only,06 - SMV unattended vehicle,01 - Clear,01 - Daylight,02 - Wet,10 - No control,,1,0,0,0,,0,,,,,360927.3276,5026126.148,45.37282989,-75.78341347,5373
17--2208,2/17/2017,4:25 PM,COLONEL BY DR @ MAIN ST (0002626),2626,02 - Intersection related,03 - P.D. only,03 - Rear end,01 - Clear,01 - Daylight,02 - Wet,02 - Stop sign,01 - Functioning,3,0,0,0,,0,,,,,368858.9532,5030913.449,45.41522436,-75.6815373,5374
17--2209,2/17/2017,4:30 AM,HAZELDEAN RD @ TERRY FOX DR (0003682),3682,02 - Intersection related,03 - P.D. only,03 - Rear end,01 - Clear,07 - Dark,06 - Ice,01 - Traffic signal,01 - Functioning,2,0,0,0,,0,,,,,352208.9114,5017243.517,45.29354631,-75.89556692,5375
17--221,1/5/2017,5:41 PM,FROBISHER LANE W @ RIVERSIDE DR (0011961),11961,02 - Intersection related,03 - P.D. only,03 - Rear end,01 - Clear,07 - Dark,06 - Ice,01 - Traffic signal,01 - Functioning,3,0,0,0,,0,,,,,370117.9644,5029599.697,45.40328732,-75.66562705,5376