Anom_ID,Accident_Date,Accident_Time,Location,Geo_ID,Accident_Location,Classification_of_Accident,Initial_Impact_Type,Environment_Condition,Light,Road_Surface_Condition,Traffic_Control,Traffic_Control_Condition,No__of_Vehicles,No__of_Bicycles,No__of_Motorcycles,No__of_Pedestrians,Max_Injury,No__of_Injuries,No__of_Minimal,No__of_Minor,No__of_Major,No__of_Fatal,X,Y,Latitude,Longitude,ObjectId
17--2210,2/17/2017,4:30 PM,HIGHWAY 417 btwn HWY417 IC124 RAMP67 & HWY417 IC123 RAMP62 (__3ZA2YZ),__3ZA2YZ,01 - Non intersection,03 - P.D. only,03 - Rear end,01 - Clear,01 - Daylight,01 - Dry,10 - No control,,2,0,0,0,,0,,,,,364737.2899,5027991.017,45.38929413,-75.7345489,5377
17--2211,2/17/2017,4:31 PM,AIRPORT PARKWAY PRIV @ AIR CARGO PRIV (0012331),12331,03 - At intersection,03 - P.D. only,05 - Turning movement,01 - Clear,01 - Daylight,02 - Wet,02 - Stop sign,01 - Functioning,3,0,0,0,,0,,,,,370592.944,5020832.433,45.32435779,-75.6607276,5378
17--2212,2/17/2017,4:40 PM,LEITRIM RD @ ALBION RD (0012479),12479,03 - At intersection,03 - P.D. only,05 - Turning movement,01 - Clear,01 - Daylight,01 - Dry,01 - Traffic signal,01 - Functioning,2,0,0,0,,0,,,,,373501.7906,5020421.363,45.32038045,-75.62368287,5379
17--2213,2/17/2017,4:43 PM,CARLING AVE @ MOODIE DR/JAMES CUMMINGS AVE W (0000158),158,03 - At intersection,03 - P.D. only,02 - Angle,01 - Clear,01 - Daylight,01 - Dry,01 - Traffic signal,01 - Functioning,2,0,0,0,,0,,,,,356001.3205,5023936.842,45.35350761,-75.84652711,5380
17--2214,2/17/2017,5:00 PM,CYRVILLE RD @ INNES RD (0009352),9352,02 - Intersection related,03 - P.D. only,03 - Rear end,01 - Clear,05 - Dusk,01 - Dry,01 - Traffic signal,00 - Unknown,2,0,0,0,,0,,,,,375048.4752,5031119.189,45.4164815,-75.60243558,5381
17--2215,2/17/2017,5:20 PM,COOPER ST @ BANK ST (0006951),6951,03 - At intersection,03 - P.D. only,02 - Angle,01 - Clear,07 - Dark,01 - Dry,02 - Stop sign,01 - Functioning,2,0,0,0,,0,,,,,367649.7136,5030991.241,45.41603396,-75.69697595,5382
17--2216,2/17/2017,5:49 PM,RICHMOND RD @ STONEHAVEN DR (0010370),10370,03 - At intersection,03 - P.D. only,05 - Turning movement,01 - Clear,05 - Dusk,01 - Dry,01 - Traffic signal,01 - Functioning,2,0,0,0,,0,,,,,356781.3067,5015891.437,45.2810567,-75.83741723,5383
17--2217,2/17/2017,5:54 PM,BANK ST @ SIEVERIGHT AVE (0012408),12408,02 - Intersection related,03 - P.D. only,02 - Angle,01 - Clear,07 - Dark,01 - Dry,02 - Stop sign,00 - Unknown,2,0,0,0,,0,,,,,372194.8733,5024132.46,45.35389838,-75.63984576,5384
17--2218,2/17/2017,6:20 AM,RAMP btwn Continuation of RAMP & END (2) (__7JQ7IZ),__7JQ7IZ,01 - Non intersection,02 - Non-fatal injury,07 - SMV other,01 - Clear,03 - Dawn,06 - Ice,10 - No control,,1,0,0,0,02 - Minor,1,,1,,,346376.1351,5015174.863,45.27530108,-75.97010097,5385
17--2219,2/17/2017,6:38 PM,CYRVILLE RD @ INNES RD (0009352),9352,02 - Intersection related,03 - P.D. only,03 - Rear end,01 - Clear,07 - Dark,01 - Dry,01 - Traffic signal,01 - Functioning,2,0,0,0,,0,,,,,375048.728,5031120.233,45.41649086,-75.6024322,5386
17--222,1/5/2017,6:14 AM,INNES RD @ STAR TOP RD/WINDMILL LANE (0008734),8734,03 - At intersection,03 - P.D. only,05 - Turning movement,01 - Clear,07 - Dark,02 - Wet,01 - Traffic signal,01 - Functioning,2,0,0,0,,0,,,,,374146.0091,5030665.702,45.41249127,-75.61402879,5387
17--2220,2/17/2017,6:50 PM,WOODWARD DR btwn COURTWOOD CRES & COURTWOOD CRES (__3ZAA4E),__3ZAA4E,01 - Non intersection,03 - P.D. only,07 - SMV other,01 - Clear,07 - Dark,05 - Packed snow,10 - No control,,1,0,0,0,,0,,,,,363421.2814,5025963.365,45.371161,-75.75159476,5388
17--2221,2/17/2017,6:51 PM,OGILVIE RD @ CITY PARK DR E/CSIS HQ ACCESS (0003696),3696,03 - At intersection,03 - P.D. only,05 - Turning movement,01 - Clear,07 - Dark,01 - Dry,01 - Traffic signal,01 - Functioning,2,0,0,0,,0,,,,,374187.7249,5033009.239,45.43357306,-75.6131658,5389
17--2222,2/17/2017,7:19 AM,ST. LAURENT BLVD btwn HWY417 IC115 RAMP51 & HWY417 IC115 RAMP25 (__3ZA3SL),__3ZA3SL,01 - Non intersection,03 - P.D. only,04 - Sideswipe,01 - Clear,01 - Daylight,01 - Dry,10 - No control,,2,0,0,0,,0,,,,,372539.599,5031377.368,45.41905186,-75.63445224,5390
17--2223,2/17/2017,7:38 AM,MOODIE DR @ WEST HUNT CLUB RD (0010414),10414,02 - Intersection related,03 - P.D. only,03 - Rear end,01 - Clear,01 - Daylight,01 - Dry,01 - Traffic signal,00 - Unknown,2,0,0,0,,0,,,,,357917.4032,5018551.295,45.30490553,-75.82265206,5391
17--2224,2/17/2017,8:15 AM,GLANDRIEL CRES btwn TIMBERTRAIL TER & CLENDENAN CRES (__4BPE3Z),__4BPE3Z,01 - Non intersection,03 - P.D. only,01 - Approaching,01 - Clear,01 - Daylight,01 - Dry,10 - No control,,2,0,0,0,,0,,,,,386987.5924,5037888.239,45.47608222,-75.44878278,5392
17--2225,2/17/2017,8:27 PM,VALIN ST @ INNES RD (0013100),13100,03 - At intersection,03 - P.D. only,02 - Angle,01 - Clear,07 - Dark,01 - Dry,02 - Stop sign,01 - Functioning,2,0,0,0,,0,,,,,387068.7291,5037473.082,45.47233751,-75.4478147,5393
17--2226,2/17/2017,9:32 AM,VIEWMOUNT DR @ MERIVALE RD (0001528),1528,03 - At intersection,03 - P.D. only,02 - Angle,01 - Clear,01 - Daylight,02 - Wet,01 - Traffic signal,01 - Functioning,2,0,0,0,,0,,,,,365193.3627,5022949.833,45.34389524,-75.72934119,5394
17--2227,2/18/2017,1:04 PM,RICHMOND RD @ WOODROFFE AVE (0011466),11466,02 - Intersection related,03 - P.D. only,03 - Rear end,01 - Clear,01 - Daylight,06 - Ice,01 - Traffic signal,01 - Functioning,2,0,0,0,,0,,,,,361585.0209,5026654.523,45.37753118,-75.77495651,5395
17--2228,2/18/2017,1:35 PM,ST. PATRICK ST WB btwn ISLAND LODGE RD & CRICHTON ST (__3ZA1YE),__3ZA1YE,01 - Non intersection,03 - P.D. only,03 - Rear end,01 - Clear,01 - Daylight,02 - Wet,10 - No control,,4,0,0,0,,0,,,,,368900.7793,5033259.294,45.43632758,-75.68069767,5396
17--2229,2/18/2017,1:35 PM,ROCKCLIFFE PKWY btwn Continuation of ROCKCLIFFE PKWY & GL/OT BOUNDARY (__3ZA13Y),__3ZA13Y,01 - Non intersection,03 - P.D. only,03 - Rear end,01 - Clear,01 - Daylight,01 - Dry,10 - No control,,2,0,0,0,,0,,,,,373024.606,5035899.899,45.45969614,-75.62762887,5397
17--223,1/5/2017,6:28 AM,FALLOWFIELD RD btwn EAGLESON RD & RICHMOND RD (__3ZA4Y2),__3ZA4Y2,01 - Non intersection,03 - P.D. only,01 - Approaching,01 - Clear,07 - Dark,06 - Ice,10 - No control,,2,0,0,0,,0,,,,,356047.1802,5012601.82,45.25150991,-75.84711362,5398
17--2230,2/18/2017,1:44 PM,HIGHWAY 417 btwn HWY417 IC126 RAMP25 & HWY417 IC124 RAMP57 (__3ZA2R5),__3ZA2R5,01 - Non intersection,03 - P.D. only,03 - Rear end,01 - Clear,01 - Daylight,01 - Dry,10 - No control,,4,0,0,0,,0,,,,,363349.4545,5026071.485,45.37213986,-75.75249886,5399
17--2231,2/18/2017,1:47 PM,SLACK RD @ WOODROFFE AVE (0000102),102,02 - Intersection related,03 - P.D. only,03 - Rear end,01 - Clear,01 - Daylight,01 - Dry,01 - Traffic signal,01 - Functioning,2,0,0,0,,0,,,,,364233.3491,5019974.478,45.31720525,-75.74194774,5400
17--2232,2/18/2017,11:57 AM,SMYTH RD E/LANCASTER RD @ ST. LAURENT BLVD N/R (0002256),2256,02 - Intersection related,03 - P.D. only,04 - Sideswipe,01 - Clear,01 - Daylight,02 - Wet,01 - Traffic signal,01 - Functioning,2,0,0,0,,0,,,,,373363.8968,5029425.338,45.40140813,-75.62419244,5401
17--2233,2/18/2017,Unknown,FIFTH AVE @ O'CONNOR ST (0007420),7420,02 - Intersection related,03 - P.D. only,06 - SMV unattended vehicle,01 - Clear,00 - Unknown,05 - Packed snow,02 - Stop sign,00 - Unknown,1,0,0,0,,0,,,,,368718.7065,5029590.567,45.40333434,-75.68350054,5402
17--2234,2/18/2017,Unknown,SPARTAN AVE btwn EVE ST & LOLA ST (__3ZA82Z),__3ZA82Z,01 - Non intersection,03 - P.D. only,06 - SMV unattended vehicle,01 - Clear,00 - Unknown,02 - Wet,10 - No control,,1,0,0,0,,0,,,,,371026.5039,5032523.575,45.4295098,-75.65362967,5403
17--2235,2/18/2017,Unknown,ELM ST btwn PRESTON ST & ROCHESTER ST (__3ZA0WY),__3ZA0WY,01 - Non intersection,03 - P.D. only,06 - SMV unattended vehicle,03 - Snow,00 - Unknown,04 - Slush,10 - No control,,1,0,0,0,,0,,,,,366271.9577,5030282.921,45.40978309,-75.71466604,5404
17--2236,2/18/2017,12:10 PM,OGILVIE RD @ BATHGATE DR/CITYPARK DR W (0012430),12430,03 - At intersection,02 - Non-fatal injury,02 - Angle,01 - Clear,01 - Daylight,02 - Wet,01 - Traffic signal,01 - Functioning,2,0,0,0,02 - Minor,2,,2,,,373829.0566,5032801.245,45.43173714,-75.6177785,5405
17--2237,2/18/2017,12:15 PM,HIGHWAY 417 btwn HWY417 IC126 RAMP25 & HWY417 IC124 RAMP57 (__3ZA2R5),__3ZA2R5,01 - Non intersection,03 - P.D. only,03 - Rear end,01 - Clear,01 - Daylight,01 - Dry,10 - No control,,2,0,0,0,,0,,,,,363469.5755,5026231.822,45.3735725,-75.75094636,5406
17--2238,2/18/2017,12:46 PM,ADELINE ST @ PRESTON ST (0006113),6113,03 - At intersection,03 - P.D. only,06 - SMV unattended vehicle,01 - Clear,01 - Daylight,04 - Slush,02 - Stop sign,01 - Functioning,1,0,0,0,,0,,,,,366778.6971,5029049.886,45.39864389,-75.7083478,5407
17--2239,2/18/2017,2:21 PM,COLONEL BY DR @ MAIN ST (0002626),2626,02 - Intersection related,03 - P.D. only,03 - Rear end,01 - Clear,01 - Daylight,02 - Wet,02 - Stop sign,01 - Functioning,3,0,0,0,,0,,,,,368859.9577,5030913.092,45.41522105,-75.68152452,5408
17--224,1/5/2017,6:30 PM,FALCON AVE @ HERON RD (0006862),6862,02 - Intersection related,03 - P.D. only,07 - SMV other,01 - Clear,07 - Dark,04 - Slush,02 - Stop sign,00 - Unknown,1,0,0,0,,0,,,,,369606.6482,5026793.733,45.37808771,-75.67252644,5409
17--2240,2/18/2017,2:30 PM,WEST HUNT CLUB RD @ WOODROFFE AVE (0000576),576,02 - Intersection related,03 - P.D. only,03 - Rear end,01 - Clear,01 - Daylight,02 - Wet,01 - Traffic signal,01 - Functioning,2,0,0,0,,0,,,,,363670.3566,5021245.82,45.32869214,-75.74897676,5410
17--2241,2/18/2017,2:40 PM,TERRY FOX DR btwn CASTLEFRANK RD & TRANS CANADA TRAIL (__355BDZA),__355BDZA,01 - Non intersection,03 - P.D. only,03 - Rear end,01 - Clear,01 - Daylight,01 - Dry,10 - No control,,3,0,0,0,,0,,,,,353068.748,5016209.36,45.28418217,-75.8847058,5411
17--2242,2/18/2017,2:46 AM,BOUNDARY RD btwn HWY417 IC96 RAMP16 & HWY417 IC96 RAMP15 (__3ZA3XX),__3ZA3XX,01 - Non intersection,02 - Non-fatal injury,03 - Rear end,01 - Clear,07 - Dark,01 - Dry,10 - No control,,2,0,0,0,02 - Minor,4,,4,,,387322.6856,5024074.128,45.35175651,-75.44681048,5412
17--2243,2/18/2017,3:04 PM,INNES RD @ TENTH LINE RD (0004633),4633,02 - Intersection related,03 - P.D. only,03 - Rear end,01 - Clear,01 - Daylight,01 - Dry,01 - Traffic signal,01 - Functioning,2,0,0,0,,0,,,,,383950.2594,5036158.435,45.46086993,-75.48790405,5413
17--2244,2/18/2017,3:30 PM,HIGHWAY 417 btwn HWY417 IC119A RAMP75 & HWY417 IC118 RAMP57 (__3ZA2R2),__3ZA2R2,01 - Non intersection,03 - P.D. only,03 - Rear end,01 - Clear,01 - Daylight,01 - Dry,10 - No control,,2,0,0,0,,0,,,,,368927.6231,5030684.345,45.41315667,-75.68068983,5414
17--2245,2/18/2017,3:55 PM,MERIVALE RD/LOTTA AVE @ CLYDE AVE (0001112),1112,03 - At intersection,03 - P.D. only,05 - Turning movement,01 - Clear,01 - Daylight,01 - Dry,01 - Traffic signal,01 - Functioning,2,0,0,0,,0,,,,,364522.4488,5024506.4,45.35795847,-75.73771372,5415
17--2246,2/18/2017,4:10 PM,GREENBANK RD @ IRIS ST/HWY 417 IC129 RAMP51 (0009073),9073,02 - Intersection related,03 - P.D. only,04 - Sideswipe,01 - Clear,01 - Daylight,01 - Dry,01 - Traffic signal,01 - Functioning,2,0,0,0,,0,,,,,360531.6435,5023313.163,45.34755034,-75.78878204,5416
17--2247,2/18/2017,4:15 PM,JEANNE D'ARC BLVD  N btwn ORLEANS BLVD & MILLWOOD CRT (__3ZA6BS),__3ZA6BS,01 - Non intersection,03 - P.D. only,03 - Rear end,01 - Clear,01 - Daylight,01 - Dry,10 - No control,,2,0,0,0,,0,,,,,380062.8813,5038117.299,45.47892383,-75.53730477,5417
17--2248,2/18/2017,4:30 PM,MANN AVE btwn TURN LANE & RUSSELL AVE (__3ZBOFH),__3ZBOFH,01 - Non intersection,03 - P.D. only,01 - Approaching,01 - Clear,01 - Daylight,01 - Dry,10 - No control,,2,0,0,0,,0,,,,,369262.4572,5031381.222,45.41939615,-75.67632119,5418
17--2249,2/18/2017,4:37 PM,BY WARD MARKET SQ btwn YORK ST & GEORGE ST (__3ZBOX6),__3ZBOX6,01 - Non intersection,03 - P.D. only,06 - SMV unattended vehicle,01 - Clear,01 - Daylight,05 - Packed snow,10 - No control,,1,0,0,0,,0,,,,,367971.674,5032286.97,45.42766351,-75.69269655,5419
17--225,1/5/2017,6:32 PM,FALLOWFIELD RD @ MERIVALE RD (0000587),587,03 - At intersection,03 - P.D. only,05 - Turning movement,04 - Freezing Rain,07 - Dark,06 - Ice,01 - Traffic signal,01 - Functioning,2,0,0,0,,0,,,,,366891.1699,5018845.283,45.30681488,-75.70819281,5420
17--2250,2/18/2017,4:40 PM,PINECREST RD btwn FALLIS AVE & HARWOOD AVE (__3ZA4M5),__3ZA4M5,01 - Non intersection,03 - P.D. only,03 - Rear end,01 - Clear,01 - Daylight,01 - Dry,10 - No control,,2,0,0,0,,0,,,,,360158.8561,5024240.525,45.35592425,-75.79343516,5421
17--2251,2/18/2017,5:01 PM,ELGIN ST btwn LISGAR ST & COOPER ST (__3ZA340),__3ZA340,01 - Non intersection,03 - P.D. only,04 - Sideswipe,01 - Clear,01 - Daylight,02 - Wet,10 - No control,,2,0,0,0,,0,,,,,368083.7413,5031333.536,45.4190747,-75.69138701,5422
17--2252,2/18/2017,5:08 PM,TERRY FOX DR btwn CAMPEAU DR & DIDSBURY RD (__3ZA1EJ),__3ZA1EJ,04 - At/near private drive,03 - P.D. only,02 - Angle,01 - Clear,05 - Dusk,01 - Dry,10 - No control,,2,0,0,0,,0,,,,,350556.3011,5018966.056,45.30915576,-75.91647654,5423
17--2343,2/21/2017,4:20 PM,POWELL AVE btwn LYON ST S & BANK ST (__3ZA946),__3ZA946,01 - Non intersection,03 - P.D. only,02 - Angle,01 - Clear,01 - Daylight,01 - Dry,10 - No control,,2,0,0,0,,0,,,,,368097.984,5029903.124,45.40620303,-75.69138874,5424
17--1893,2/13/2017,5:28 PM,CAESAR AVE btwn CLEOPATRA DR & CLEOPATRA DR (__3ZA5ES),__3ZA5ES,04 - At/near private drive,03 - P.D. only,02 - Angle,01 - Clear,07 - Dark,04 - Slush,10 - No control,,2,0,0,0,,0,,,,,365777.9365,5021062.749,45.32686494,-75.72211485,5425
17--2079,2/15/2017,9:06 AM,CEDARVIEW RD @ WEST HUNT CLUB RD (0010267),10267,02 - Intersection related,03 - P.D. only,03 - Rear end,01 - Clear,01 - Daylight,02 - Wet,01 - Traffic signal,00 - Unknown,2,0,0,0,,0,,,,,359720.4564,5019555.033,45.31379857,-75.79955016,5426
17--2344,2/21/2017,4:23 PM,RIVERSIDE DR RAMP 42A @ RIVERSIDE DR RAMP 42B (0002522),2522,02 - Intersection related,02 - Non-fatal injury,03 - Rear end,01 - Clear,01 - Daylight,01 - Dry,03 - Yield sign,01 - Functioning,2,0,0,0,01 - Minimal,2,2,,,,368479.9566,5027091.457,45.38086986,-75.68687256,5427
17--1894,2/13/2017,5:50 AM,BRONSON AVE @ CATHERINE ST/RAYMOND ST (0007198),7198,02 - Intersection related,03 - P.D. only,03 - Rear end,03 - Snow,07 - Dark,06 - Ice,01 - Traffic signal,01 - Functioning,2,0,0,0,,0,,,,,367252.5647,5029797.006,45.40532415,-75.70220108,5428
17--1719,2/10/2017,7:33 AM,VIEWMOUNT DR @ MERIVALE RD (0001528),1528,02 - Intersection related,03 - P.D. only,03 - Rear end,01 - Clear,01 - Daylight,01 - Dry,01 - Traffic signal,01 - Functioning,2,0,0,0,,0,,,,,365194.0316,5022949.164,45.34388916,-75.72933273,5429
17--1808,2/12/2017,12:11 PM,BASELINE RD/HERON RD @ PRINCE OF WALES DR (0002345),2345,02 - Intersection related,03 - P.D. only,03 - Rear end,03 - Snow,01 - Daylight,03 - Loose snow,01 - Traffic signal,01 - Functioning,2,0,0,0,,0,,,,,366873.284,5026439.028,45.37514366,-75.70746813,5430
17--1809,2/12/2017,12:13 PM,ROGER STEVENS DR @ SECOND LINE RD (0011798),11798,02 - Intersection related,03 - P.D. only,07 - SMV other,03 - Snow,01 - Daylight,05 - Packed snow,02 - Stop sign,00 - Unknown,1,0,0,0,,0,,,,,369960.3897,5001498.846,45.15045501,-75.67132833,5431
17--1626,2/9/2017,12:11 PM,GLADSTONE AVE @ KENT ST (0002251),2251,03 - At intersection,03 - P.D. only,02 - Angle,01 - Clear,01 - Daylight,02 - Wet,01 - Traffic signal,01 - Functioning,2,0,0,0,,0,,,,,367746.3764,5030459.571,45.41124148,-75.69580892,5432
17--1895,2/13/2017,6:01 AM,CARLING AVE EB btwn EDGEWORTH AVE & FOX CRES (__3ZA4V0),__3ZA4V0,04 - At/near private drive,03 - P.D. only,03 - Rear end,03 - Snow,07 - Dark,06 - Ice,10 - No control,,2,0,0,0,,0,,,,,361440.3341,5025523.837,45.36736907,-75.77693342,5433
17--172,1/4/2017,8:50 PM,CAHILL DR @ SOUTHGATE RD (0007024),7024,03 - At intersection,03 - P.D. only,02 - Angle,03 - Snow,07 - Dark,05 - Packed snow,02 - Stop sign,01 - Functioning,2,0,0,0,,0,,,,,371432.199,5024423.517,45.3565901,-75.64953939,5434
17--2345,2/21/2017,4:28 PM,QUEENSDALE AVE btwn BANNON WAY & BANK ST (__3ZA8OA),__3ZA8OA,04 - At/near private drive,03 - P.D. only,02 - Angle,01 - Clear,01 - Daylight,01 - Dry,10 - No control,,2,0,0,0,,0,,,,,373198.2642,5023365.518,45.34690057,-75.62714714,5435
17--208,1/5/2017,3:13 PM,PAR-LA-VILLE CIRC btwn AQUILO CRES & AQUILO CRES (__683KOV),__683KOV,01 - Non intersection,03 - P.D. only,06 - SMV unattended vehicle,01 - Clear,01 - Daylight,05 - Packed snow,10 - No control,,1,0,0,0,,0,,,,,349966.4186,5016657.224,45.28841838,-75.92420915,5436
17--181,1/5/2017,1:50 PM,LEIKIN DR btwn BECKSTEAD RD & BILL LEATHEM DR (__3ZA105),__3ZA105,01 - Non intersection,03 - P.D. only,03 - Rear end,04 - Freezing Rain,01 - Daylight,06 - Ice,10 - No control,,2,0,0,0,,0,,,,,367049.7892,5017688,45.29638774,-75.70631555,5437
17--1627,2/9/2017,12:12 PM,BASELINE RD @ MERIVALE RD (0002342),2342,02 - Intersection related,03 - P.D. only,03 - Rear end,01 - Clear,01 - Daylight,01 - Dry,01 - Traffic signal,01 - Functioning,3,0,0,0,,0,,,,,365053.9459,5025325.89,45.36528664,-75.73083049,5438
17--1896,2/13/2017,6:31 PM,NERTA ST @ ST. LAURENT BLVD (0008327),8327,02 - Intersection related,03 - P.D. only,03 - Rear end,01 - Clear,07 - Dark,03 - Loose snow,02 - Stop sign,01 - Functioning,2,0,0,0,,0,,,,,373676.5272,5028602.679,45.39397554,-75.62031437,5439
17--1720,2/10/2017,7:40 AM,BRITTANY DR btwn KRISTIN WAY & MONTREAL RD (__3ZA8IX),__3ZA8IX,01 - Non intersection,03 - P.D. only,04 - Sideswipe,01 - Clear,01 - Daylight,01 - Dry,10 - No control,,2,0,0,0,,0,,,,,371893.1996,5034040.736,45.44307789,-75.64234782,5440
17--1721,2/10/2017,7:44 AM,CARLING AVE @ IROQUOIS RD (0003145),3145,03 - At intersection,03 - P.D. only,05 - Turning movement,01 - Clear,01 - Daylight,01 - Dry,01 - Traffic signal,01 - Functioning,2,0,0,0,,0,,,,,362214.0028,5026027.087,45.37183432,-75.76699913,5441
17--1722,2/10/2017,7:52 AM,FISHER AVE @ SHILLINGTON AVE (0006792),6792,03 - At intersection,03 - P.D. only,05 - Turning movement,03 - Snow,01 - Daylight,02 - Wet,01 - Traffic signal,01 - Functioning,3,0,0,0,,0,,,,,365626.6926,5027297.671,45.38297888,-75.72327694,5442
17--1723,2/10/2017,7:55 PM,BLOHM DR @ HUNT CLUB RD (0011392),11392,03 - At intersection,03 - P.D. only,05 - Turning movement,03 - Snow,07 - Dark,03 - Loose snow,01 - Traffic signal,01 - Functioning,2,0,0,0,,0,,,,,375129.7449,5026189.526,45.37211872,-75.60210005,5443
17--1724,2/10/2017,8:00 AM,NAVAHO DR @ WOODROFFE AVE/TRANSITWAY N BASELIN (0010359),10359,03 - At intersection,03 - P.D. only,05 - Turning movement,01 - Clear,01 - Daylight,02 - Wet,01 - Traffic signal,01 - Functioning,2,0,0,0,,0,,,,,362706.2419,5023490.925,45.34897367,-75.76101242,5444
17--1725,2/10/2017,8:06 AM,AVIATION PKWY @ MONTREAL RD (0008799),8799,03 - At intersection,03 - P.D. only,02 - Angle,01 - Clear,01 - Daylight,01 - Dry,01 - Traffic signal,01 - Functioning,2,0,0,0,,0,,,,,372147.2478,5034108.26,45.44366101,-75.63909145,5445
17--1726,2/10/2017,8:15 PM,MONTREAL RD @ VANIER PKWY (0004630),4630,02 - Intersection related,03 - P.D. only,04 - Sideswipe,03 - Snow,07 - Dark,02 - Wet,01 - Traffic signal,01 - Functioning,2,0,0,0,,0,,,,,370072.7098,5033065.217,45.43447294,-75.66574599,5446
17--1727,2/10/2017,8:20 AM,GRENON AVE @ RICHMOND RD (0002741),2741,02 - Intersection related,02 - Non-fatal injury,03 - Rear end,01 - Clear,01 - Daylight,02 - Wet,01 - Traffic signal,01 - Functioning,3,0,0,0,02 - Minor,1,,1,,,359806.6705,5024034.636,45.35409938,-75.7979528,5447
17--1728,2/10/2017,8:26 PM,HUNT CLUB RD @ MALAK ST (0007737),7737,02 - Intersection related,03 - P.D. only,07 - SMV other,03 - Snow,07 - Dark,03 - Loose snow,02 - Stop sign,01 - Functioning,1,0,0,0,,0,,,,,374193.735,5025651.64,45.36737236,-75.6141242,5448
17--1729,2/10/2017,8:35 PM,RAMP btwn Continuation of RAMP & END (2) (__7JQ7IZ),__7JQ7IZ,01 - Non intersection,03 - P.D. only,07 - SMV other,03 - Snow,07 - Dark,03 - Loose snow,10 - No control,,1,0,0,0,,0,,,,,346743.6607,5015305.127,45.27645142,-75.96540595,5449
17--173,1/4/2017,8:50 PM,MAJESTIC DR @ WOODROFFE AVE (0000562),562,03 - At intersection,03 - P.D. only,03 - Rear end,03 - Snow,07 - Dark,06 - Ice,01 - Traffic signal,01 - Functioning,4,0,0,0,,0,,,,,363527.6934,5021573.209,45.33164991,-75.75075775,5450
17--1730,2/10/2017,8:43 AM,DESCHAMPS AVE @ VANIER PKWY (0009243),9243,03 - At intersection,03 - P.D. only,02 - Angle,01 - Clear,01 - Daylight,01 - Dry,01 - Traffic signal,01 - Functioning,2,0,0,0,,0,,,,,369851.7445,5033267.601,45.43631449,-75.66854311,5451
17--1731,2/10/2017,8:45 AM,MEADOWLANDS DR @ ROWLEY AVE (0001755),1755,03 - At intersection,03 - P.D. only,04 - Sideswipe,01 - Clear,01 - Daylight,01 - Dry,02 - Stop sign,00 - Unknown,2,0,0,0,,0,,,,,364325.7133,5023430.384,45.34829335,-75.74035414,5452
17--1732,2/10/2017,8:49 AM,INNES RD btwn ORCHARDVIEW AVE & PORTOBELLO BLVD (__3ZA1VW),__3ZA1VW,04 - At/near private drive,03 - P.D. only,04 - Sideswipe,01 - Clear,01 - Daylight,01 - Dry,10 - No control,,2,0,0,0,,0,,,,,385607.8607,5036881.637,45.46718684,-75.46659281,5453
17--1733,2/10/2017,8:50 AM,SOUTHFIELD WAY btwn BRANTHAVEN ST & ST. ALEXI WALK (__5Z1RMX),__5Z1RMX,04 - At/near private drive,03 - P.D. only,03 - Rear end,01 - Clear,01 - Daylight,01 - Dry,10 - No control,,2,0,0,0,,0,,,,,384657.6737,5034784.998,45.44843251,-75.47908277,5454
17--1734,2/10/2017,8:51 AM,BASELINE RD @ CLYDE AVE (0002343),2343,02 - Intersection related,03 - P.D. only,03 - Rear end,01 - Clear,01 - Daylight,06 - Ice,01 - Traffic signal,01 - Functioning,2,0,0,0,,0,,,,,364358.7033,5024889.387,45.36141847,-75.73975741,5455
17--1735,2/10/2017,9:01 AM,BANK ST btwn 112 N OF ALBION RD & OT/GL BOUNDARY (__3ZA2UM),__3ZA2UM,04 - At/near private drive,03 - P.D. only,05 - Turning movement,01 - Clear,01 - Daylight,01 - Dry,10 - No control,,3,0,0,0,,0,,,,,371838.5717,5024119.926,45.35381976,-75.64439439,5456
17--1736,2/10/2017,9:06 AM,MACKENZIE AVE @ RIDEAU ST (0002136),2136,03 - At intersection,03 - P.D. only,02 - Angle,01 - Clear,01 - Daylight,01 - Dry,01 - Traffic signal,01 - Functioning,2,0,0,0,,0,,,,,367870.4497,5032009.955,45.42518015,-75.69402549,5457
17--1737,2/10/2017,9:10 AM,STRANDHERD DR @ LONGFIELDS DR (0010935),10935,02 - Intersection related,02 - Non-fatal injury,03 - Rear end,01 - Clear,01 - Daylight,01 - Dry,01 - Traffic signal,01 - Functioning,2,0,0,0,01 - Minimal,1,1,,,,364550.3114,5015173.7,45.27398113,-75.73848376,5458
17--1738,2/10/2017,9:15 AM,KIRKWOOD AVE btwn MACY BLVD & DOVERCOURT AVE (__3ZBOD4),__3ZBOD4,04 - At/near private drive,03 - P.D. only,04 - Sideswipe,01 - Clear,01 - Daylight,01 - Dry,10 - No control,,2,0,0,0,,0,,,,,364180.065,5027710.225,45.38681508,-75.7416983,5459
17--1739,2/10/2017,9:15 AM,CARLING AVE @ WOODROFFE AVE W (0011470),11470,02 - Intersection related,03 - P.D. only,03 - Rear end,03 - Snow,01 - Daylight,04 - Slush,01 - Traffic signal,01 - Functioning,2,0,0,0,,0,,,,,361766.1827,5025725.138,45.36915395,-75.77275078,5460