Anom_ID,Accident_Date,Accident_Time,Location,Geo_ID,Accident_Location,Classification_of_Accident,Initial_Impact_Type,Environment_Condition,Light,Road_Surface_Condition,Traffic_Control,Traffic_Control_Condition,No__of_Vehicles,No__of_Bicycles,No__of_Motorcycles,No__of_Pedestrians,Max_Injury,No__of_Injuries,No__of_Minimal,No__of_Minor,No__of_Major,No__of_Fatal,X,Y,Latitude,Longitude,ObjectId
17--174,1/4/2017,9:00 PM,BANK ST @ BILLINGS TRANSIT (0008854),8854,02 - Intersection related,02 - Non-fatal injury,03 - Rear end,03 - Snow,07 - Dark,06 - Ice,01 - Traffic signal,01 - Functioning,2,0,0,0,01 - Minimal,1,1,,,,369445.4896,5027740.905,45.38662496,-75.67445992,5461
17--1740,2/10/2017,9:25 PM,DUNROBIN RD btwn HARWOOD LANE & KERWIN RD (__3ZA3FH),__3ZA3FH,01 - Non intersection,03 - P.D. only,07 - SMV other,03 - Snow,07 - Dark,05 - Packed snow,10 - No control,,1,0,0,0,,0,,,,,346276.3448,5027190.303,45.38342575,-75.97036606,5462
17--1741,2/10/2017,9:29 PM,ARCH ST btwn FLEMING AVE & CANTERBURY AVE (__3ZA73L),__3ZA73L,04 - At/near private drive,03 - P.D. only,05 - Turning movement,03 - Snow,07 - Dark,03 - Loose snow,10 - No control,,2,0,0,0,,0,,,,,372865.1992,5028178.153,45.39023517,-75.63073394,5463
17--1742,2/10/2017,9:36 PM,BASELINE RD btwn MORLEY BLVD & PRINCE OF WALES DR (__3ZA4JU),__3ZA4JU,01 - Non intersection,02 - Non-fatal injury,07 - SMV other,03 - Snow,07 - Dark,03 - Loose snow,10 - No control,,1,0,0,0,02 - Minor,1,,1,,,366694.5661,5026355.682,45.37440954,-75.70976017,5464
17--1743,2/10/2017,9:40 AM,HIGHWAY 417 btwn HWY417 IC121B RAMP16 & HWY417 IC121A RAMP16 (__3ZA2YX),__3ZA2YX,01 - Non intersection,02 - Non-fatal injury,03 - Rear end,01 - Clear,01 - Daylight,01 - Dry,10 - No control,,2,0,0,0,02 - Minor,1,,1,,,366859.1251,5029614.458,45.40371663,-75.70724956,5465
17--1744,2/10/2017,9:44 AM,REGIONAL ROAD 174 btwn QUIGLEY HILL RD & CAMERON ST (__3ZA27U),__3ZA27U,01 - Non intersection,02 - Non-fatal injury,03 - Rear end,01 - Clear,01 - Daylight,01 - Dry,10 - No control,,2,0,0,0,02 - Minor,2,,2,,,389661.8666,5042586.499,45.51803174,-75.41377119,5466
17--1745,2/10/2017,9:48 AM,HOLLAND AVE/TUNNEY'S PASTURE @ SCOTT ST (0006494),6494,02 - Intersection related,03 - P.D. only,03 - Rear end,01 - Clear,01 - Daylight,06 - Ice,01 - Traffic signal,01 - Functioning,2,0,0,0,,0,,,,,364737.9184,5029596.157,45.4037368,-75.73434584,5467
17--1746,2/10/2017,9:50 AM,ALBION RD @ MITCH OWENS RD (0004212),4212,02 - Intersection related,03 - P.D. only,03 - Rear end,01 - Clear,01 - Daylight,01 - Dry,01 - Traffic signal,01 - Functioning,2,0,0,0,,0,,,,,375905.5195,5014803.215,45.26959108,-75.59383169,5468
17--1747,2/10/2017,9:50 PM,HWY417 IC110 RAMP55 btwn WALKLEY EXTENSION RD & HIGHWAY 417 (__3ZAYAN),__3ZAYAN,01 - Non intersection,03 - P.D. only,07 - SMV other,03 - Snow,07 - Dark,03 - Loose snow,10 - No control,,1,0,0,0,,0,,,,,375779.0938,5028824.304,45.39575964,-75.593432,5469
17--1748,2/10/2017,9:52 AM,CARLING AVE @ CHURCHILL AVE (0002149),2149,02 - Intersection related,03 - P.D. only,03 - Rear end,01 - Clear,01 - Daylight,01 - Dry,01 - Traffic signal,01 - Functioning,2,0,0,0,,0,,,,,363774.6923,5027013.538,45.38058065,-75.74695781,5470
17--1749,2/10/2017,9:57 PM,SHORELINE DR @ TOTEM DR/COVEHEAD CRES E (0008749),8749,02 - Intersection related,03 - P.D. only,07 - SMV other,03 - Snow,07 - Dark,03 - Loose snow,02 - Stop sign,01 - Functioning,1,0,0,0,,0,,,,,368237.4506,5015640.755,45.27786067,-75.69143614,5471
17--175,1/4/2017,9:00 PM,FALLOWFIELD RD btwn WOODROFFE AVE & VIA PARK PL/275 W OF WOODROFFE AVE (__3ZA3IKD),__3ZA3IKD,04 - At/near private drive,02 - Non-fatal injury,02 - Angle,03 - Snow,07 - Dark,05 - Packed snow,10 - No control,,2,0,0,0,02 - Minor,1,,1,,,365004.9031,5017855.042,45.29806897,-75.73236517,5472
17--1750,2/11/2017,1:20 PM,HWY417 IC129 RAMP51 btwn HIGHWAY 417 & ASHLEY ST (__3ZAYBJ),__3ZAYBJ,01 - Non intersection,03 - P.D. only,99 - Other,01 - Clear,01 - Daylight,01 - Dry,10 - No control,,2,0,0,0,,0,,,,,360193.9578,5023294.81,45.34741195,-75.79309313,5473
17--1751,2/11/2017,1:37 PM,BAYSHORE DR @ RICHMOND RD (0010407),10407,02 - Intersection related,03 - P.D. only,03 - Rear end,03 - Snow,01 - Daylight,03 - Loose snow,01 - Traffic signal,01 - Functioning,2,0,0,0,,0,,,,,359370.4338,5023367.4,45.34812968,-75.80359369,5474
17--1752,2/11/2017,1:43 AM,CARTIER ST @ FRANK ST (0007346),7346,03 - At intersection,02 - Non-fatal injury,07 - SMV other,03 - Snow,07 - Dark,05 - Packed snow,02 - Stop sign,01 - Functioning,1,0,0,1,01 - Minimal,1,1,,,,368508.4577,5030979.946,45.41585467,-75.68600643,5475
17--1753,2/11/2017,10:04 AM,MOORE ST btwn DR. NEELIN DR & MARY HILL CRES (__4QEX5Z),__4QEX5Z,01 - Non intersection,03 - P.D. only,01 - Approaching,03 - Snow,01 - Daylight,03 - Loose snow,10 - No control,,2,0,0,0,,0,,,,,356857.6658,5007085.157,45.20181002,-75.83736577,5476
17--1754,2/11/2017,10:10 PM,CEDARHILL DR N @ CEDARVIEW RD (0001128),1128,03 - At intersection,02 - Non-fatal injury,05 - Turning movement,03 - Snow,07 - Dark,03 - Loose snow,02 - Stop sign,01 - Functioning,2,0,0,0,02 - Minor,1,,1,,,360635.1731,5017192.825,45.29247116,-75.78815091,5477
17--1755,2/11/2017,10:15 AM,HWY417 IC115 RAMP26 btwn ST. LAURENT BLVD & Continuation of HWY417 IC1 (__3ZAY6Z),__3ZAY6Z,01 - Non intersection,02 - Non-fatal injury,07 - SMV other,03 - Snow,01 - Daylight,03 - Loose snow,10 - No control,,1,0,0,0,01 - Minimal,1,1,,,,372487.6882,5031585.493,45.42092949,-75.63508686,5478
17--1756,2/11/2017,10:35 AM,HIGHWAY 416 btwn HWY416 IC66 RAMP62 & HWY416 IC72 RAMP24 (__3ZAZMZ),__3ZAZMZ,01 - Non intersection,03 - P.D. only,07 - SMV other,01 - Clear,01 - Daylight,01 - Dry,10 - No control,,1,0,0,0,,0,,,,,360316.513,5017943.619,45.29925211,-75.79212919,5479
17--1757,2/11/2017,11:19 AM,JAMIE AVE @ SUNDERLAND ST (0004576),4576,03 - At intersection,02 - Non-fatal injury,02 - Angle,01 - Clear,01 - Daylight,05 - Packed snow,02 - Stop sign,01 - Functioning,2,0,0,0,02 - Minor,2,1,1,,,366066.8744,5022020.054,45.33545348,-75.71831077,5480
17--1758,2/11/2017,11:30 AM,OR174 IC109 RAMP65 @ MONTREAL RD (0004119),4119,02 - Intersection related,03 - P.D. only,99 - Other,03 - Snow,01 - Daylight,02 - Wet,01 - Traffic signal,00 - Unknown,2,0,0,0,,0,,,,,376403.4815,5034983.174,45.45110993,-75.58456292,5481
17--1759,2/11/2017,11:51 AM,BLAIR RD @ REGIONAL RD 174 S/OR174 IC112 RAMP15 (0012435),12435,02 - Intersection related,03 - P.D. only,99 - Other,01 - Clear,01 - Daylight,02 - Wet,01 - Traffic signal,00 - Unknown,2,0,0,0,,0,,,,,374906.4011,5032661.744,45.43037481,-75.6040311,5482
17--176,1/4/2017,9:11 PM,GREENBANK RD btwn WEST HUNT CLUB RD & FALLOWFIELD RD (__3ZA1NE),__3ZA1NE,01 - Non intersection,03 - P.D. only,07 - SMV other,03 - Snow,07 - Dark,06 - Ice,10 - No control,,1,0,0,0,,0,,,,,362981.9633,5016966.79,45.29024691,-75.75826039,5483
17--1760,2/11/2017,Unknown,NANTES ST btwn BRIAN COBURN BLVD & IVANY WAY (__7UT0S4),__7UT0S4,01 - Non intersection,03 - P.D. only,06 - SMV unattended vehicle,01 - Clear,00 - Unknown,04 - Slush,10 - No control,,1,0,0,0,,0,,,,,386090.103,5035721.847,45.45669624,-75.46061847,5484
17--1761,2/11/2017,Unknown,MEADOWLANDS DR btwn NESS ST & NE/OT BOUNDARY (__3ZA2TV),__3ZA2TV,01 - Non intersection,03 - P.D. only,06 - SMV unattended vehicle,01 - Clear,00 - Unknown,02 - Wet,10 - No control,,1,0,0,0,,0,,,,,366478.2651,5024984.173,45.36208806,-75.71269276,5485
17--1762,2/11/2017,Unknown,FOUNTAINHEAD DR btwn STARCROSS ST & WINTERHAVEN DR (__7NHFJG),__7NHFJG,01 - Non intersection,03 - P.D. only,06 - SMV unattended vehicle,03 - Snow,00 - Unknown,03 - Loose snow,10 - No control,,1,0,0,0,,0,,,,,381995.3924,5032101.67,45.42458918,-75.51353355,5486
17--1763,2/11/2017,12:08 PM,EAGLESON RD btwn EAGLESON RD & FLEWELLYN RD (__3ZA41C),__3ZA41C,01 - Non intersection,02 - Non-fatal injury,03 - Rear end,01 - Clear,01 - Daylight,02 - Wet,10 - No control,,3,0,0,0,01 - Minimal,2,2,,,,355311.8599,5014300.333,45.26684671,-75.85630829,5487
17--1764,2/11/2017,12:17 PM,MAGWOOD AVE @ RICHMOND RD (0005154),5154,03 - At intersection,03 - P.D. only,02 - Angle,03 - Snow,01 - Daylight,02 - Wet,02 - Stop sign,01 - Functioning,2,0,0,0,,0,,,,,359425.4166,5023437.868,45.34875947,-75.80288429,5488
17--1765,2/11/2017,12:34 PM,COVENTRY RD @ VANIER PKWY (0002139),2139,02 - Intersection related,02 - Non-fatal injury,03 - Rear end,03 - Snow,01 - Daylight,02 - Wet,01 - Traffic signal,01 - Functioning,2,0,0,0,02 - Minor,2,,2,,,370677.1354,5031611.328,45.42133478,-75.6582161,5489
17--1766,2/11/2017,12:45 PM,PRESTON ST btwn CARLING AVE & PRINCE OF WALES DR (__3ZA309),__3ZA309,01 - Non intersection,03 - P.D. only,04 - Sideswipe,03 - Snow,01 - Daylight,04 - Slush,10 - No control,,2,0,0,0,,0,,,,,366888.0894,5028794.855,45.39633949,-75.70698277,5490
17--1767,2/11/2017,12:45 PM,HWY417 IC140 RAMP36 btwn TERRY FOX DR & HIGHWAY 417 (__3ZAYB4),__3ZAYB4,01 - Non intersection,03 - P.D. only,04 - Sideswipe,03 - Snow,01 - Daylight,03 - Loose snow,10 - No control,,2,0,0,0,,0,,,,,350767.6838,5018527.986,45.30520008,-75.91382157,5491
17--1768,2/11/2017,2:17 PM,LEITRIM RD @ ALBION RD (0012479),12479,03 - At intersection,03 - P.D. only,02 - Angle,01 - Clear,01 - Daylight,02 - Wet,01 - Traffic signal,01 - Functioning,3,0,0,0,,0,,,,,373496.0842,5020418.886,45.32035872,-75.62375599,5492
17--1769,2/11/2017,2:30 PM,BASELINE RD @ CLYDE AVE (0002343),2343,02 - Intersection related,03 - P.D. only,03 - Rear end,01 - Clear,01 - Daylight,05 - Packed snow,01 - Traffic signal,01 - Functioning,2,0,0,0,,0,,,,,364359.325,5024890.186,45.3614256,-75.73974937,5493
17--177,1/4/2017,9:33 AM,RIVERSIDE DR RAMP 42A @ RIVERSIDE DR (0010862),10862,02 - Intersection related,03 - P.D. only,07 - SMV other,03 - Snow,01 - Daylight,04 - Slush,03 - Yield sign,00 - Unknown,1,0,0,0,,0,,,,,368441.3191,5027267.569,45.38245798,-75.68734316,5494
17--1770,2/11/2017,2:37 AM,BRIDLE PATH DR @ PIMLICO CRES N (0012450),12450,02 - Intersection related,03 - P.D. only,07 - SMV other,03 - Snow,07 - Dark,06 - Ice,02 - Stop sign,01 - Functioning,1,0,0,0,,0,,,,,371329.7299,5023792.512,45.35092225,-75.65093202,5495
17--1771,2/11/2017,2:51 AM,BRONSON AVE RAMP 26 btwn BRONSON AVE RAMP 24B/24C & HERON RD WB (__5FD6R3),__5FD6R3,01 - Non intersection,03 - P.D. only,04 - Sideswipe,05 - Drifting Snow,07 - Dark,06 - Ice,10 - No control,,2,0,0,0,,0,,,,,368739.1693,5026862.706,45.37878801,-75.68359264,5496
17--1772,2/11/2017,3:17 PM,KENT ST @ MCLEOD ST (0007253),7253,03 - At intersection,03 - P.D. only,02 - Angle,03 - Snow,01 - Daylight,03 - Loose snow,02 - Stop sign,01 - Functioning,2,0,0,0,,0,,,,,367785.9542,5030392.44,45.41063389,-75.69531191,5497
17--1773,2/11/2017,3:35 PM,CATHERINE ST/HWY 417 O'CONN IC119BR76 @ O'CONN (0001697),1697,03 - At intersection,03 - P.D. only,02 - Angle,01 - Clear,01 - Daylight,02 - Wet,01 - Traffic signal,01 - Functioning,2,0,0,0,,0,,,,,368244.0796,5030391.944,45.41058805,-75.6894597,5498
17--1774,2/11/2017,3:42 PM,HUNT CLUB RD btwn BLOHM DR & HAWTHORNE RD (__3ZA2F2),__3ZA2F2,01 - Non intersection,03 - P.D. only,03 - Rear end,03 - Snow,01 - Daylight,04 - Slush,10 - No control,,2,0,0,0,,0,,,,,375453.615,5026375.452,45.37375901,-75.59793912,5499
17--1775,2/11/2017,3:50 AM,HWY417 IC121B RAMP51 btwn HIGHWAY 417 & ROCHESTER ST (__3ZAY9Z),__3ZAY9Z,01 - Non intersection,02 - Non-fatal injury,99 - Other,03 - Snow,07 - Dark,03 - Loose snow,10 - No control,,2,0,0,0,01 - Minimal,1,1,,,,366627.0498,5029515.248,45.4028445,-75.71022627,5500
17--1776,2/11/2017,3:50 PM,SOMERSET ST @ SPADINA AVE (0006484),6484,02 - Intersection related,03 - P.D. only,99 - Other,01 - Clear,01 - Daylight,03 - Loose snow,02 - Stop sign,00 - Unknown,2,0,0,0,,0,,,,,365712.7168,5029866.649,45.40608648,-75.72186138,5501
17--1777,2/11/2017,4:13 AM,RICHMOND RD @ HOLLY ACRES RD/NANAIMO DR (0001068),1068,02 - Intersection related,03 - P.D. only,07 - SMV other,03 - Snow,07 - Dark,03 - Loose snow,01 - Traffic signal,01 - Functioning,1,0,0,0,,0,,,,,359059.4221,5022747.37,45.34257476,-75.80763042,5502
17--1778,2/11/2017,4:30 PM,WOODRIDGE CRES btwn BAYSHORE DR & BAYSHORE PS (__6KE4J1A),__6KE4J1A,04 - At/near private drive,03 - P.D. only,05 - Turning movement,01 - Clear,01 - Daylight,03 - Loose snow,10 - No control,,2,0,0,0,,0,,,,,358988.8426,5023822.762,45.35225662,-75.80841315,5503
17--1779,2/11/2017,4:33 PM,QUEEN MARY ST @ VANIER PKWY (0007648),7648,02 - Intersection related,03 - P.D. only,07 - SMV other,01 - Clear,01 - Daylight,01 - Dry,01 - Traffic signal,01 - Functioning,1,0,0,0,,0,,,,,370364.7138,5031958.254,45.42448563,-75.66216165,5504
17--178,1/5/2017,1:09 PM,BLOHM DR @ FORESTGLADE CRES S/PICASSO DR (0008252),8252,02 - Intersection related,03 - P.D. only,03 - Rear end,01 - Clear,01 - Daylight,06 - Ice,02 - Stop sign,01 - Functioning,2,0,0,0,,0,,,,,375067.7429,5026322.521,45.37332156,-75.60287261,5505
17--1780,2/11/2017,5:00 AM,ARGYLE AVE S @ ELGIN ST (0007284),7284,03 - At intersection,03 - P.D. only,02 - Angle,03 - Snow,07 - Dark,05 - Packed snow,02 - Stop sign,01 - Functioning,2,0,0,0,,0,,,,,368509.0524,5030646.259,45.41285222,-75.68604197,5506
17--1781,2/11/2017,5:05 PM,HOLLAND AVE @ ISLAND PARK DR/N.C.C. DRIVEWAY (0010787),10787,03 - At intersection,03 - P.D. only,05 - Turning movement,01 - Clear,07 - Dark,04 - Slush,01 - Traffic signal,01 - Functioning,2,0,0,0,,0,,,,,365427.949,5027917.16,45.38857014,-75.72573846,5507
17--1782,2/11/2017,6:14 AM,WALKLEY RD @ GLENHAVEN PRIV (0011424),11424,02 - Intersection related,03 - P.D. only,07 - SMV other,01 - Clear,03 - Dawn,04 - Slush,01 - Traffic signal,01 - Functioning,1,0,0,0,,0,,,,,370211.7025,5025874.684,45.36976218,-75.66492344,5508
17--1783,2/11/2017,6:34 PM,BOOTH ST @ POPLAR ST (0006506),6506,03 - At intersection,03 - P.D. only,03 - Rear end,03 - Snow,07 - Dark,03 - Loose snow,02 - Stop sign,01 - Functioning,2,0,0,0,,0,,,,,366679.703,5030058.092,45.40772421,-75.70948562,5509
17--1784,2/11/2017,6:40 AM,LEITRIM RD W @ RUSSELL RD (0012483),12483,02 - Intersection related,03 - P.D. only,07 - SMV other,03 - Snow,03 - Dawn,03 - Loose snow,02 - Stop sign,00 - Unknown,1,0,0,0,,0,,,,,382610.7275,5026166.195,45.37111811,-75.50660775,5510
17--1785,2/11/2017,6:47 PM,GREENBANK RD @ CANFIELD RD/CRAIG HENRY DR (0000154),154,02 - Intersection related,02 - Non-fatal injury,03 - Rear end,01 - Clear,07 - Dark,02 - Wet,01 - Traffic signal,01 - Functioning,2,0,0,0,01 - Minimal,1,1,,,,361107.6823,5021363.933,45.3299652,-75.78165333,5511
17--1786,2/11/2017,7:30 AM,CAMPEAU DR @ TERRY FOX DR (0008211),8211,03 - At intersection,03 - P.D. only,05 - Turning movement,01 - Clear,01 - Daylight,02 - Wet,01 - Traffic signal,01 - Functioning,2,0,0,0,,0,,,,,350457.1016,5019010.83,45.3095651,-75.91773742,5512
17--1787,2/11/2017,8:05 PM,RAMSAYVILLE RD btwn WHYTE SIDE RD & LEITRIM RD (__3ZA6GH),__3ZA6GH,01 - Non intersection,03 - P.D. only,07 - SMV other,01 - Clear,07 - Dark,05 - Packed snow,10 - No control,,1,0,0,0,,0,,,,,378654.6184,5024059.671,45.35259288,-75.55742226,5513
17--1788,2/11/2017,8:21 AM,MARCOUX DR S @ ST. GEORGES ST (0004968),4968,03 - At intersection,03 - P.D. only,02 - Angle,03 - Snow,01 - Daylight,05 - Packed snow,02 - Stop sign,01 - Functioning,2,0,0,0,,0,,,,,382762.2458,5036568.195,45.46469017,-75.50302788,5514
17--1789,2/11/2017,8:55 AM,BYRON AVE @ ROOSEVELT AVE (0002307),2307,02 - Intersection related,03 - P.D. only,99 - Other,01 - Clear,01 - Daylight,05 - Packed snow,01 - Traffic signal,00 - Unknown,2,0,0,0,,0,,,,,363035.6894,5028061.924,45.3900757,-75.75626958,5515
17--179,1/5/2017,1:21 PM,KIRKWOOD AVE btwn LEPAGE AVE & MERIVALE RD (__3ZBOCD),__3ZBOCD,01 - Non intersection,03 - P.D. only,03 - Rear end,01 - Clear,01 - Daylight,02 - Wet,10 - No control,,2,0,0,0,,0,,,,,364843.7164,5026647.628,45.37719746,-75.73335326,5516
17--1790,2/11/2017,8:57 AM,BUFFLEHEAD WAY btwn SPARTINA ST & FINDLAY CREEK DR (__67PTO8),__67PTO8,04 - At/near private drive,03 - P.D. only,02 - Angle,03 - Snow,01 - Daylight,04 - Slush,10 - No control,,2,0,0,0,,0,,,,,374729.2501,5019842.943,45.31505485,-75.60810971,5517
17--1791,2/11/2017,9:08 AM,EARL ARMSTRONG RD @ SHORELINE DR (0013041),13041,02 - Intersection related,03 - P.D. only,07 - SMV other,01 - Clear,01 - Daylight,04 - Slush,01 - Traffic signal,01 - Functioning,1,0,0,0,,0,,,,,368840.7903,5015288.591,45.27463724,-75.68379228,5518
17--1792,2/11/2017,9:25 AM,ANDERSON ST @ PRESTON ST (0006505),6505,02 - Intersection related,03 - P.D. only,05 - Turning movement,01 - Clear,01 - Daylight,01 - Dry,02 - Stop sign,00 - Unknown,2,0,0,0,,0,,,,,366360.3679,5030006.577,45.40728885,-75.71357118,5519
17--1793,2/12/2017,1:30 PM,HIGHWAY 417 btwn HWY417 IC112 RAMP66 & HWY417 IC113 RAMP65 (__3ZA284),__3ZA284,01 - Non intersection,03 - P.D. only,04 - Sideswipe,03 - Snow,01 - Daylight,03 - Loose snow,10 - No control,,2,0,0,0,,0,,,,,374164.409,5031508.446,45.42007203,-75.61367512,5520
17--1794,2/12/2017,1:32 PM,LEITRIM RD @ RIVER RD (0004194),4194,02 - Intersection related,02 - Non-fatal injury,03 - Rear end,03 - Snow,01 - Daylight,03 - Loose snow,02 - Stop sign,00 - Unknown,2,0,0,0,01 - Minimal,1,1,,,,368019.7032,5017177.833,45.29171073,-75.69401541,5521
17--1795,2/12/2017,1:32 PM,CARTIER ST @ MACLAREN ST (0007074),7074,03 - At intersection,03 - P.D. only,02 - Angle,03 - Snow,01 - Daylight,03 - Loose snow,02 - Stop sign,01 - Functioning,2,0,0,0,,0,,,,,368362.4008,5031217.739,45.41800754,-75.68784172,5522
17--1796,2/12/2017,1:35 PM,GREENBANK RD btwn BATEMAN DR/BELLMAN DR & GREENBANK SQUARE SC (__3ZA4YOA),__3ZA4YOA,04 - At/near private drive,03 - P.D. only,03 - Rear end,03 - Snow,01 - Daylight,03 - Loose snow,10 - No control,,2,0,0,0,,0,,,,,361278.4391,5020969.834,45.32640538,-75.77952003,5523
17--1797,2/12/2017,1:35 PM,BRONSON AVE @ HOLMWOOD AVE (0007215),7215,02 - Intersection related,03 - P.D. only,03 - Rear end,03 - Snow,01 - Daylight,04 - Slush,01 - Traffic signal,01 - Functioning,3,0,0,0,,0,,,,,367699.7044,5028729.544,45.39567941,-75.6966258,5524
17--1798,2/12/2017,1:39 PM,BAYSWATER AVE @ GLADSTONE AVE (0006164),6164,03 - At intersection,03 - P.D. only,02 - Angle,03 - Snow,01 - Daylight,03 - Loose snow,01 - Traffic signal,01 - Functioning,2,0,0,0,,0,,,,,366002.2053,5029479.191,45.40257497,-75.7182117,5525
17--1799,2/12/2017,1:49 PM,TENTH LINE RD @ CHARLEMAGNE BLVD N/TOMPKINS AV (0009222),9222,02 - Intersection related,03 - P.D. only,03 - Rear end,03 - Snow,01 - Daylight,05 - Packed snow,01 - Traffic signal,01 - Functioning,2,0,0,0,,0,,,,,383183.3891,5037979.115,45.47733723,-75.49741812,5526
17--18,1/2/2017,1:39 PM,MERIVALE RD btwn DORCHESTER AVE & KIRKWOOD AVE (__3ZA3G8),__3ZA3G8,01 - Non intersection,03 - P.D. only,04 - Sideswipe,01 - Clear,01 - Daylight,02 - Wet,10 - No control,,2,0,0,0,,0,,,,,364855.1005,5026613.837,45.37689243,-75.73321203,5527
17--180,1/5/2017,1:48 PM,OGILVIE RD btwn CUMMINGS AVE & BEAULIEU PL (__54PO0D),__54PO0D,04 - At/near private drive,03 - P.D. only,02 - Angle,01 - Clear,01 - Daylight,02 - Wet,10 - No control,,2,0,0,0,,0,,,,,372795.9387,5032195.28,45.42638617,-75.63106432,5528
17--1800,2/12/2017,10:13 AM,COTE DE NEIGES RD btwn CORDOVA ST & END (__3ZAAVD),__3ZAAVD,01 - Non intersection,03 - P.D. only,06 - SMV unattended vehicle,01 - Clear,01 - Daylight,05 - Packed snow,10 - No control,,1,0,0,0,,0,,,,,363640.8821,5023886.062,45.35245128,-75.74903873,5529
17--1801,2/12/2017,10:42 PM,HIGHWAY 417 btwn HWY417 IC113 RAMP62 & HWY417 IC113 RAMP65 (__3ZA288),__3ZA288,01 - Non intersection,03 - P.D. only,04 - Sideswipe,03 - Snow,07 - Dark,03 - Loose snow,10 - No control,,2,0,0,0,,0,,,,,374033.6912,5031713.467,45.42192965,-75.6153164,5530
17--2080,2/15/2017,9:07 PM,HUNT CLUB RD @ RIVERSIDE DR (0002237),2237,02 - Intersection related,03 - P.D. only,03 - Rear end,03 - Snow,07 - Dark,06 - Ice,01 - Traffic signal,01 - Functioning,2,0,0,0,,0,,,,,368037.4535,5021945.123,45.33460443,-75.69318067,5531
17--1628,2/9/2017,12:15 PM,GLADSTONE AVE @ ROCHESTER ST (0006496),6496,03 - At intersection,03 - P.D. only,02 - Angle,01 - Clear,01 - Daylight,01 - Dry,01 - Traffic signal,01 - Functioning,2,0,0,0,,0,,,,,366661.9475,5029789.442,45.40530854,-75.70974613,5532
17--1897,2/13/2017,6:40 AM,HIGHWAY 416 btwn HWY416 IC66 RAMP62 & HWY416 IC72 RAMP24 (__3ZAZMZ),__3ZAZMZ,01 - Non intersection,03 - P.D. only,07 - SMV other,01 - Clear,03 - Dawn,04 - Slush,10 - No control,,1,0,0,0,,0,,,,,360314.6652,5017890.547,45.29877471,-75.79215869,5533
17--1810,2/12/2017,12:19 PM,CARLING AVE @ IROQUOIS RD (0003145),3145,03 - At intersection,03 - P.D. only,02 - Angle,03 - Snow,01 - Daylight,04 - Slush,01 - Traffic signal,01 - Functioning,2,0,0,0,,0,,,,,362213.3516,5026024.192,45.37180832,-75.76700778,5534
17--2346,2/21/2017,4:41 PM,MONTREAL RD @ VANIER PKWY (0004630),4630,02 - Intersection related,03 - P.D. only,04 - Sideswipe,02 - Rain,01 - Daylight,02 - Wet,01 - Traffic signal,00 - Unknown,2,0,0,0,,0,,,,,370072.3754,5033064.923,45.43447032,-75.6657503,5535
17--1629,2/9/2017,12:42 PM,MARIER AVE btwn BARRETTE ST & LAVAL ST (__3ZA8AY),__3ZA8AY,01 - Non intersection,03 - P.D. only,06 - SMV unattended vehicle,01 - Clear,01 - Daylight,01 - Dry,10 - No control,,1,0,0,0,,0,,,,,369659.4437,5033875.55,45.44180243,-75.67092063,5536
17--2081,2/15/2017,9:09 AM,SPRATT RD btwn CANYON WALK DR & HOLLOW TRAIL GT (__3EX1TF),__3EX1TF,04 - At/near private drive,03 - P.D. only,02 - Angle,03 - Snow,01 - Daylight,05 - Packed snow,10 - No control,,2,0,0,0,,0,,,,,368702.4951,5016198.957,45.28284118,-75.68543749,5537
17--1898,2/13/2017,6:57 PM,EAGLESON RD @ MICHAEL COWPLAND DR/STONEHAVEN D (0003544),3544,02 - Intersection related,03 - P.D. only,99 - Other,01 - Clear,07 - Dark,02 - Wet,01 - Traffic signal,01 - Functioning,2,0,0,0,,0,,,,,354381.6227,5016623.444,45.28781681,-75.86792988,5538
17--1811,2/12/2017,12:32 PM,JOHN QUINN RD btwn STONE SCHOOL RD & BANK ST (__3ZA645),__3ZA645,01 - Non intersection,03 - P.D. only,07 - SMV other,03 - Snow,01 - Daylight,03 - Loose snow,10 - No control,,1,0,0,0,,0,,,,,383459.3737,5010744.75,45.23227096,-75.4982217,5539
17--163,1/4/2017,8:02 PM,PRINCE OF WALES DR btwn HARTWELL LOCKS/548 N OF RIDEAUVIEW TER & FAIRC (__3ZA30ZB),__3ZA30ZB,01 - Non intersection,02 - Non-fatal injury,01 - Approaching,03 - Snow,07 - Dark,06 - Ice,10 - No control,,2,0,0,0,02 - Minor,1,,1,,,367091.8659,5026881.421,45.37910481,-75.70462181,5540
17--2347,2/21/2017,5:09 PM,COBBLE HILL DR @ MARAVISTA DR (0013653),13653,03 - At intersection,03 - P.D. only,02 - Angle,01 - Clear,07 - Dark,01 - Dry,02 - Stop sign,01 - Functioning,2,0,0,0,,0,,,,,361396.5871,5014648.178,45.26951335,-75.77873451,5541
17--2082,2/15/2017,9:10 AM,PRESTON ST @ PRIMROSE AVE (0005108),5108,02 - Intersection related,03 - P.D. only,03 - Rear end,03 - Snow,01 - Daylight,03 - Loose snow,02 - Stop sign,00 - Unknown,2,0,0,0,,0,,,,,366210.811,5030349.408,45.41038669,-75.71543887,5542
17--1899,2/13/2017,6:59 PM,REGIONAL ROAD 174 btwn OR174 IC105 RAMP63 & OR174 IC102 RAMP36 (__3ZA27F),__3ZA27F,01 - Non intersection,03 - P.D. only,99 - Other,01 - Clear,07 - Dark,04 - Slush,10 - No control,,2,0,0,0,,0,,,,,380300.0304,5037538.564,45.47369124,-75.53436075,5543