Anom_ID,Accident_Date,Accident_Time,Location,Geo_ID,Accident_Location,Classification_of_Accident,Initial_Impact_Type,Environment_Condition,Light,Road_Surface_Condition,Traffic_Control,Traffic_Control_Condition,No__of_Vehicles,No__of_Bicycles,No__of_Motorcycles,No__of_Pedestrians,Max_Injury,No__of_Injuries,No__of_Minimal,No__of_Minor,No__of_Major,No__of_Fatal,X,Y,Latitude,Longitude,ObjectId
17--1812,2/12/2017,12:35 PM,MONTREAL RD btwn BETHAMY LANE & OGILVIE RD (__3ZA2DX),__3ZA2DX,04 - At/near private drive,03 - P.D. only,02 - Angle,03 - Snow,01 - Daylight,03 - Loose snow,10 - No control,,2,0,0,0,,0,,,,,375594.5745,5034520.021,45.44702517,-75.59496999,5544
17--1630,2/9/2017,2:00 PM,ROBERTSON RD btwn FITZGERALD RD & MOODIE DR (__3ZA411),__3ZA411,04 - At/near private drive,03 - P.D. only,99 - Other,01 - Clear,01 - Daylight,01 - Dry,10 - No control,,2,0,0,0,,0,,,,,356928.0946,5020372.923,45.32137088,-75.83507511,5545
17--2348,2/21/2017,5:15 PM,VALOUR DR @ REMEMBRANCE CRES (0012185),12185,03 - At intersection,03 - P.D. only,02 - Angle,02 - Rain,01 - Daylight,02 - Wet,02 - Stop sign,01 - Functioning,2,0,0,0,,0,,,,,370674.4316,5029152.272,45.39920942,-75.65857926,5546
17--2083,2/15/2017,9:11 AM,CENTREPOINTE DR @ DALECROFT CRT W (0000679),679,03 - At intersection,03 - P.D. only,02 - Angle,03 - Snow,01 - Daylight,03 - Loose snow,02 - Stop sign,01 - Functioning,2,0,0,0,,0,,,,,362244.9381,5022242.716,45.33778029,-75.76704394,5547
17--19,1/2/2017,1:43 PM,INNES RD @ ORLEANS BLVD (0003611),3611,02 - Intersection related,03 - P.D. only,03 - Rear end,01 - Clear,01 - Daylight,01 - Dry,01 - Traffic signal,01 - Functioning,2,0,0,0,,0,,,,,380461.6535,5034297.261,45.44451105,-75.53279267,5548
17--190,1/5/2017,11:09 AM,BRONSON AVE @ FIFTH AVE/MADAWASKA DR (0006977),6977,02 - Intersection related,03 - P.D. only,04 - Sideswipe,01 - Clear,01 - Daylight,03 - Loose snow,01 - Traffic signal,01 - Functioning,2,0,0,0,,0,,,,,367613.9746,5028936.513,45.39754935,-75.69769431,5549
17--1900,2/13/2017,7:00 AM,LAKERIDGE DR btwn GOLDENBROOK WAY & TO BE DETERMINED (__5Z1RR7),__5Z1RR7,01 - Non intersection,03 - P.D. only,06 - SMV unattended vehicle,01 - Clear,03 - Dawn,03 - Loose snow,10 - No control,,1,0,0,0,,0,,,,,385023.1631,5034632.084,45.44701488,-75.47443597,5550
17--1901,2/13/2017,7:00 AM,HIGHWAY 417 btwn HWY417 IC117 RAMP51 & HWY417 IC117 RAMP35 (__3ZA2YN),__3ZA2YN,01 - Non intersection,02 - Non-fatal injury,03 - Rear end,03 - Snow,03 - Dawn,06 - Ice,10 - No control,,3,0,0,0,01 - Minimal,1,1,,,,370611.5282,5031157.735,45.41725971,-75.65911493,5551
17--1902,2/13/2017,7:00 AM,HIGHWAY 417 btwn HWY417 IC122 RAMP61 & HWY417 IC121B RAMP16 (__3ZA2Y4),__3ZA2Y4,01 - Non intersection,02 - Non-fatal injury,03 - Rear end,05 - Drifting Snow,03 - Dawn,06 - Ice,10 - No control,,3,0,0,0,01 - Minimal,1,1,,,,366389.1931,5029470.536,45.40246316,-75.71326993,5552
17--1903,2/13/2017,7:03 AM,CRESTHAVEN DR btwn WOODROFFE AVE & SERENA WAY (__7N38U6),__7N38U6,01 - Non intersection,03 - P.D. only,06 - SMV unattended vehicle,01 - Clear,03 - Dawn,03 - Loose snow,10 - No control,,1,0,0,0,,0,,,,,366372.3708,5014862.481,45.27102361,-75.71530241,5553
17--1904,2/13/2017,7:20 PM,KANATA AVE @ ROBSON CRT (0011837),11837,02 - Intersection related,02 - Non-fatal injury,03 - Rear end,01 - Clear,07 - Dark,06 - Ice,02 - Stop sign,01 - Functioning,2,0,0,0,01 - Minimal,2,2,,,,350385.1026,5019565.094,45.3145572,-75.91860458,5554
17--1905,2/13/2017,7:40 AM,HIGHWAY 417 btwn HWY417 IC122 RAMP15 & HWY417 IC121B RAMP51 (__3ZA2RB),__3ZA2RB,01 - Non intersection,03 - P.D. only,03 - Rear end,01 - Clear,01 - Daylight,06 - Ice,10 - No control,,2,0,0,0,,0,,,,,365915.2759,5029238.065,45.40041298,-75.71935191,5555
17--1906,2/13/2017,7:45 AM,BRONSON AVE @ SOMERSET ST (0002218),2218,02 - Intersection related,03 - P.D. only,04 - Sideswipe,01 - Clear,01 - Daylight,05 - Packed snow,01 - Traffic signal,01 - Functioning,2,0,0,0,,0,,,,,366968.9307,5030475.338,45.41145284,-75.70573847,5556
17--1907,2/13/2017,7:45 AM,HIGHWAY 417 btwn HWY417 IC122 RAMP15 & HWY417 IC121B RAMP51 (__3ZA2RB),__3ZA2RB,01 - Non intersection,02 - Non-fatal injury,03 - Rear end,01 - Clear,01 - Daylight,06 - Ice,10 - No control,,4,0,0,0,01 - Minimal,1,1,,,,365872.3075,5029222.19,45.40027389,-75.71990267,5557
17--1908,2/13/2017,7:51 AM,AIRPORT PKWY btwn RAMP & RAMP (4) (__3ZA22T),__3ZA22T,01 - Non intersection,03 - P.D. only,01 - Approaching,01 - Clear,01 - Daylight,04 - Slush,10 - No control,,2,0,0,0,,0,,,,,371289.5733,5022111.541,45.3358012,-75.65167038,5558
17--1909,2/13/2017,7:58 AM,HIGHWAY 417 btwn HWY417 IC118 RAMP35 & HWY417 IC117 RAMP51 (__3ZA2YP),__3ZA2YP,01 - Non intersection,03 - P.D. only,03 - Rear end,03 - Snow,01 - Daylight,06 - Ice,10 - No control,,2,0,0,0,,0,,,,,370172.5361,5031097.56,45.41675943,-75.66473139,5559
17--191,1/5/2017,11:15 AM,HIGHWAY 417 btwn HWY417 IC144 RAMP61 & HWY417 IC142 RAMP16 (__3ZA20K),__3ZA20K,01 - Non intersection,03 - P.D. only,03 - Rear end,01 - Clear,01 - Daylight,01 - Dry,10 - No control,,2,0,0,0,,0,,,,,348380.0044,5016757.354,45.28941955,-75.94442332,5560
17--1910,2/13/2017,8:30 AM,HIGHWAY 417 btwn Continuation of HIGHWAY 417 & HWY417 IC134 RAMP51 (__3ZA29B),__3ZA29B,01 - Non intersection,03 - P.D. only,07 - SMV other,01 - Clear,01 - Daylight,06 - Ice,10 - No control,,1,0,0,0,,0,,,,,355529.1951,5021707.373,45.33348093,-75.85278101,5561
17--1911,2/13/2017,8:40 AM,MOODIE DR @ ROBERTSON RD (0010545),10545,02 - Intersection related,02 - Non-fatal injury,03 - Rear end,01 - Clear,01 - Daylight,04 - Slush,01 - Traffic signal,00 - Unknown,3,0,0,0,01 - Minimal,1,1,,,,357067.6554,5020456.147,45.32210937,-75.83328626,5562
17--1912,2/13/2017,8:44 PM,BASELINE RD @ CLYDE AVE (0002343),2343,02 - Intersection related,02 - Non-fatal injury,03 - Rear end,01 - Clear,07 - Dark,02 - Wet,01 - Traffic signal,01 - Functioning,2,0,0,0,01 - Minimal,1,1,,,,364359.4538,5024889.387,45.3614184,-75.73974783,5563
17--1913,2/13/2017,8:45 AM,OWL DR @ PIGEON TER (0007016),7016,03 - At intersection,02 - Non-fatal injury,07 - SMV other,01 - Clear,01 - Daylight,04 - Slush,03 - Yield sign,01 - Functioning,1,0,0,1,02 - Minor,1,,1,,,370223.2254,5024078.88,45.35360301,-75.66501407,5564
17--1914,2/13/2017,8:45 PM,QUEEN MARY ST @ VANIER PKWY (0007648),7648,02 - Intersection related,02 - Non-fatal injury,03 - Rear end,01 - Clear,07 - Dark,00 - Unknown,01 - Traffic signal,01 - Functioning,2,0,0,0,01 - Minimal,1,1,,,,370364.7138,5031958.923,45.42449165,-75.66216156,5565
17--1915,2/13/2017,8:50 AM,HIGHWAY 417 btwn HWY417 IC124 RAMP67 & HWY417 IC123 RAMP62 (__3ZA2YZ),__3ZA2YZ,01 - Non intersection,03 - P.D. only,04 - Sideswipe,03 - Snow,01 - Daylight,05 - Packed snow,10 - No control,,3,0,0,0,,0,,,,,364623.4716,5027806.56,45.38764416,-75.73602469,5566
17--1916,2/13/2017,9:00 AM,IONA ST btwn CLARENDON AVE & HARMER AVE N (__3ZBON8),__3ZBON8,01 - Non intersection,03 - P.D. only,04 - Sideswipe,03 - Snow,01 - Daylight,03 - Loose snow,10 - No control,,2,0,0,0,,0,,,,,364952.4445,5028648.928,45.39519544,-75.73172123,5567
17--1917,2/13/2017,9:10 AM,HIGHWAY 417 btwn HWY417 IC119A RAMP75 & HWY417 IC118 RAMP57 (__3ZA2R2),__3ZA2R2,01 - Non intersection,02 - Non-fatal injury,99 - Other,01 - Clear,01 - Daylight,02 - Wet,10 - No control,,3,0,0,0,01 - Minimal,1,1,,,,368811.7283,5030625.119,45.41263439,-75.68217807,5568
17--1918,2/13/2017,9:17 AM,"MCARTHUR AVE @ EGLISE, RUE DE L/MOORVALE ST (0007763)",7763,03 - At intersection,03 - P.D. only,02 - Angle,01 - Clear,01 - Daylight,03 - Loose snow,01 - Traffic signal,01 - Functioning,2,0,0,0,,0,,,,,371447.2176,5032824.954,45.43218151,-75.64821278,5569
17--1919,2/13/2017,9:22 AM,CONROY RD btwn CONROY RD & ROSEBELLA AVE (__3ZA3S2),__3ZA3S2,01 - Non intersection,03 - P.D. only,07 - SMV other,03 - Snow,01 - Daylight,03 - Loose snow,10 - No control,,1,0,0,0,,0,,,,,374170.0182,5024467.428,45.35671967,-75.61459316,5570
17--192,1/5/2017,11:25 AM,HAZELDEAN RD @ HUNTMAR DR/IBER RD (0000075),75,02 - Intersection related,03 - P.D. only,03 - Rear end,01 - Clear,01 - Daylight,02 - Wet,01 - Traffic signal,01 - Functioning,2,0,0,0,,0,,,,,350940.8812,5016077.715,45.28314049,-75.91184104,5571
17--1920,2/13/2017,9:35 AM,HIGHWAY 417 btwn HWY417 IC122 RAMP61 & HWY417 IC121B RAMP16 (__3ZA2Y4),__3ZA2Y4,01 - Non intersection,03 - P.D. only,03 - Rear end,01 - Clear,01 - Daylight,06 - Ice,10 - No control,,2,0,0,0,,0,,,,,365744.0372,5029168.956,45.39980608,-75.72154754,5572
17--1921,2/13/2017,9:40 AM,ARMSTRONG ST btwn MERTON ST & GARLAND ST (__3ZAAIU),__3ZAAIU,04 - At/near private drive,03 - P.D. only,99 - Other,01 - Clear,01 - Daylight,01 - Dry,10 - No control,,2,0,0,0,,0,,,,,365545.9472,5029819.169,45.40567376,-75.72399746,5573
17--1922,2/13/2017,9:54 PM,MONTFORT ST btwn BRADLEY AVE & STE. ANNE ST (__3ZA8WO),__3ZA8WO,04 - At/near private drive,03 - P.D. only,02 - Angle,01 - Clear,07 - Dark,03 - Loose snow,10 - No control,,2,0,0,0,,0,,,,,370517.6201,5033567.621,45.43895168,-75.65999311,5574
17--1923,2/14/2017,1:22 PM,LAURIER AVE @ QUEEN ELIZABETH DRWY/LAURIER AVE (0011416),11416,03 - At intersection,03 - P.D. only,07 - SMV other,01 - Clear,01 - Daylight,02 - Wet,01 - Traffic signal,01 - Functioning,1,0,0,1,,0,,,,,368076.2489,5031624.786,45.42169595,-75.69144533,5575
17--1924,2/14/2017,1:39 PM,MARIE ST btwn BRITANNIA RD & POULIN AVE (__3ZBNG2),__3ZBNG2,01 - Non intersection,03 - P.D. only,04 - Sideswipe,01 - Clear,01 - Daylight,01 - Dry,10 - No control,,2,0,0,0,,0,,,,,360191.0191,5024929.844,45.36212419,-75.79294744,5576
17--1925,2/14/2017,1:43 PM,BRITTANY DR @ MONTREAL RD (0007685),7685,02 - Intersection related,03 - P.D. only,04 - Sideswipe,01 - Clear,01 - Daylight,01 - Dry,01 - Traffic signal,01 - Functioning,2,0,0,0,,0,,,,,371913.4623,5033995.708,45.4426708,-75.64209498,5577
17--1926,2/14/2017,10:17 AM,RIVERSIDE DR btwn HOG'S BACK RD & RIDGEWOOD AVE (__3ZA372),__3ZA372,01 - Non intersection,03 - P.D. only,04 - Sideswipe,01 - Clear,01 - Daylight,01 - Dry,10 - No control,,2,0,0,0,,0,,,,,368271.4797,5025657.772,45.36798886,-75.68971857,5578
17--1927,2/14/2017,10:27 PM,GREENBANK RD @ BERRIGAN DR/WESSEX RD (0004726),4726,03 - At intersection,03 - P.D. only,02 - Angle,03 - Snow,07 - Dark,03 - Loose snow,01 - Traffic signal,01 - Functioning,2,0,0,0,,0,,,,,363724.685,5015276.425,45.27497512,-75.74899324,5579
17--1928,2/14/2017,10:32 AM,PALLADIUM DR btwn SILVER SEVEN RD & TERRY FOX DR (__3ZA2I4),__3ZA2I4,04 - At/near private drive,02 - Non-fatal injury,02 - Angle,01 - Clear,01 - Daylight,02 - Wet,10 - No control,,2,0,0,0,02 - Minor,2,,2,,,351142.1906,5017956.013,45.30002871,-75.9090996,5580
17--1929,2/14/2017,10:35 AM,COLONIAL RD btwn BIRCHGROVE RD & CANAAN RD (__3ZA2UL),__3ZA2UL,01 - Non intersection,01 - Fatal injury,01 - Approaching,01 - Clear,01 - Daylight,01 - Dry,10 - No control,,2,0,0,0,04 - Fatal,2,,,,2,398428.9073,5035550.908,45.45361403,-75.30291848,5581
17--193,1/5/2017,11:44 AM,PRINCE OF WALES DR @ FALLOWFIELD RD (0000566),566,02 - Intersection related,03 - P.D. only,03 - Rear end,03 - Snow,01 - Daylight,06 - Ice,01 - Traffic signal,01 - Functioning,2,0,0,0,,0,,,,,367402.2851,5019166.47,45.30965951,-75.70163497,5582
17--1930,2/14/2017,10:38 AM,BANNER RD @ GREENBANK RD (0000644),644,02 - Intersection related,02 - Non-fatal injury,03 - Rear end,01 - Clear,01 - Daylight,02 - Wet,01 - Traffic signal,01 - Functioning,2,0,0,0,02 - Minor,1,,1,,,361021.6726,5021564.616,45.33177784,-75.78272772,5583
17--1931,2/14/2017,10:42 PM,FROBISHER LANE @ OLD RIVERSIDE DR (0011374),11374,02 - Intersection related,03 - P.D. only,01 - Approaching,03 - Snow,07 - Dark,05 - Packed snow,02 - Stop sign,01 - Functioning,2,0,0,0,,0,,,,,370170.4975,5029577.586,45.40308347,-75.66495899,5584
17--1932,2/14/2017,10:46 PM,ANTOCHI LANE @ MANOTICK MAIN ST (0009650),9650,02 - Intersection related,03 - P.D. only,07 - SMV other,03 - Snow,07 - Dark,03 - Loose snow,02 - Stop sign,01 - Functioning,1,0,0,0,,0,,,,,369646.6804,5009135.392,45.21919752,-75.67432471,5585
17--1933,2/14/2017,10:57 AM,MOODIE DR @ RICHMOND RD N (0001487),1487,03 - At intersection,02 - Non-fatal injury,02 - Angle,01 - Clear,01 - Daylight,01 - Dry,02 - Stop sign,01 - Functioning,2,0,0,0,02 - Minor,2,1,1,,,357393.7128,5019688.744,45.31517984,-75.82920892,5586
17--1934,2/14/2017,10:57 PM,CEDARVIEW RD btwn BRUIN RD & HWY416 IC72 RAMP62 (__3ZAZO7),__3ZAZO7,01 - Non intersection,03 - P.D. only,07 - SMV other,03 - Snow,07 - Dark,03 - Loose snow,10 - No control,,1,0,0,0,,0,,,,,359285.0405,5020743.051,45.32452234,-75.80497231,5587
17--1935,2/14/2017,11:00 PM,GREENBANK RD @ STRANDHERD DR (0005563),5563,03 - At intersection,02 - Non-fatal injury,05 - Turning movement,03 - Snow,07 - Dark,03 - Loose snow,01 - Traffic signal,01 - Functioning,2,0,0,0,02 - Minor,2,,2,,,363932.9334,5014784.792,45.27053392,-75.74639786,5588
17--1936,2/14/2017,11:36 PM,LONGFIELDS DR @ WOODROFFE AVE (0000096),96,02 - Intersection related,03 - P.D. only,07 - SMV other,03 - Snow,07 - Dark,03 - Loose snow,01 - Traffic signal,01 - Functioning,1,0,0,0,,0,,,,,365421.1699,5017107.17,45.29130387,-75.72714951,5589
17--1937,2/14/2017,11:43 PM,ROCHESTER ST @ SOMERSET ST (0006321),6321,02 - Intersection related,03 - P.D. only,03 - Rear end,03 - Snow,07 - Dark,05 - Packed snow,01 - Traffic signal,01 - Functioning,2,0,0,0,,0,,,,,366481.7051,5030202.19,45.40903824,-75.71199678,5590
17--1938,2/14/2017,11:55 AM,MARCH RD btwn TERRY FOX DR & SOLANDT RD (__3ZA3CE),__3ZA3CE,01 - Non intersection,02 - Non-fatal injury,03 - Rear end,03 - Snow,01 - Daylight,02 - Wet,10 - No control,,2,0,0,0,02 - Minor,1,,1,,,350482.4044,5022718.013,45.34292159,-75.91707271,5591
17--1939,2/14/2017,Unknown,MANN AVE btwn TURN LANE & RUSSELL AVE (__3ZBOFH),__3ZBOFH,01 - Non intersection,03 - P.D. only,06 - SMV unattended vehicle,01 - Clear,00 - Unknown,04 - Slush,10 - No control,,1,0,0,0,,0,,,,,369398.0976,5031461.958,45.42011007,-75.67457762,5592
17--194,1/5/2017,11:50 AM,IONA ST @ ISLAND PARK DR (0006683),6683,03 - At intersection,02 - Non-fatal injury,02 - Angle,01 - Clear,01 - Daylight,02 - Wet,01 - Traffic signal,01 - Functioning,2,0,0,0,02 - Minor,1,,1,,,364349.3834,5028386.168,45.39288272,-75.73945467,5593
17--1940,2/14/2017,Unknown,ELGIN ST @ GLOUCESTER ST (0006956),6956,02 - Intersection related,03 - P.D. only,06 - SMV unattended vehicle,03 - Snow,00 - Unknown,03 - Loose snow,10 - No control,,1,0,0,0,,0,,,,,367987.7877,5031478.69,45.42038942,-75.69259433,5594
17--1941,2/14/2017,Unknown,KERR AVE btwn BROADVIEW AVE & NADOLNY SACHS PRIV (__4IHRZT),__4IHRZT,01 - Non intersection,03 - P.D. only,06 - SMV unattended vehicle,01 - Clear,00 - Unknown,02 - Wet,10 - No control,,1,0,0,0,,0,,,,,363275.8785,5026558.58,45.37652882,-75.75338045,5595
17--1942,2/14/2017,Unknown,ST. ANDREW ST btwn KING EDWARD AVE & ROSE ST (__3ZBOWC),__3ZBOWC,01 - Non intersection,03 - P.D. only,06 - SMV unattended vehicle,01 - Clear,00 - Unknown,02 - Wet,10 - No control,,1,0,0,0,,0,,,,,368196.6053,5032978.3,45.43386349,-75.68973332,5596
17--1943,2/14/2017,Unknown,HOLLAND AVE btwn RUSKIN ST & INGLEWOOD PL (__3ZA4OT),__3ZA4OT,01 - Non intersection,03 - P.D. only,06 - SMV unattended vehicle,03 - Snow,00 - Unknown,03 - Loose snow,10 - No control,,1,0,0,0,,0,,,,,365296.6771,5028314.542,45.39215705,-75.72736603,5597
17--1944,2/14/2017,Unknown,SOLARIS DR btwn SOLARIS DR & SOLARIS DR (e___2HSS),e___2HSS,01 - Non intersection,03 - P.D. only,06 - SMV unattended vehicle,03 - Snow,00 - Unknown,03 - Loose snow,10 - No control,,1,0,0,0,,0,,,,,356784.1545,5015804.148,45.28027105,-75.83739007,5598
17--1945,2/14/2017,12:08 AM,BANK ST @ HUNT CLUB RD (0002119),2119,03 - At intersection,03 - P.D. only,07 - SMV other,01 - Clear,07 - Dark,01 - Dry,01 - Traffic signal,01 - Functioning,1,0,0,0,,0,,,,,371608.7365,5024097.632,45.3536411,-75.64733044,5599
17--1946,2/14/2017,12:09 PM,OGILVIE RD btwn MURDOCK GT & CUMMINGS AVE (__3ZBN9A),__3ZBN9A,04 - At/near private drive,03 - P.D. only,05 - Turning movement,03 - Snow,01 - Daylight,02 - Wet,10 - No control,,2,0,0,0,,0,,,,,372737.4632,5032164.957,45.42611902,-75.63181569,5600
17--1947,2/14/2017,12:11 PM,RICHMOND RD btwn JOHN SUTHERLAND DR & HOLLY ACRES RD (__3ZA2LS),__3ZA2LS,01 - Non intersection,02 - Non-fatal injury,04 - Sideswipe,03 - Snow,01 - Daylight,02 - Wet,10 - No control,,2,0,0,0,01 - Minimal,1,1,,,,359017.3958,5022657.314,45.34176769,-75.80817652,5601
17--1948,2/14/2017,2:17 PM,BANK ST @ CATHERINE ST (0002708),2708,03 - At intersection,03 - P.D. only,02 - Angle,01 - Clear,01 - Daylight,02 - Wet,01 - Traffic signal,01 - Functioning,2,0,0,0,,0,,,,,368040.4559,5030266.446,45.40947729,-75.69207697,5602
17--1949,2/14/2017,2:18 PM,NAIRN ST btwn HALKIRK AVE & KINCARDINE DR (__3ZAZ84),__3ZAZ84,01 - Non intersection,03 - P.D. only,06 - SMV unattended vehicle,03 - Snow,01 - Daylight,03 - Loose snow,10 - No control,,1,0,0,0,,0,,,,,352324.2798,5016846.911,45.28996975,-75.89413413,5603
17--195,1/5/2017,11:50 AM,HIGHWAY 417 btwn HWY417 IC122 RAMP51 & HWY417 IC122 RAMP15 (__3ZA2R0),__3ZA2R0,01 - Non intersection,03 - P.D. only,07 - SMV other,01 - Clear,01 - Daylight,02 - Wet,10 - No control,,1,0,0,0,,0,,,,,365308.6549,5028855.336,45.39702196,-75.72714674,5604
17--1950,2/14/2017,2:44 PM,BLAIR RD @ INNES RD (0004165),4165,02 - Intersection related,03 - P.D. only,03 - Rear end,03 - Snow,01 - Daylight,06 - Ice,01 - Traffic signal,01 - Functioning,2,0,0,0,,0,,,,,375577.9844,5031439.93,45.41931398,-75.59562481,5605
17--1951,2/14/2017,2:48 PM,CARP RD @ HWY 417 CARP IC144R51 (0001683),1683,03 - At intersection,03 - P.D. only,04 - Sideswipe,01 - Clear,01 - Daylight,02 - Wet,02 - Stop sign,01 - Functioning,2,0,0,0,,0,,,,,347518.3164,5015683.953,45.2798136,-75.9555004,5606
17--1952,2/14/2017,3:15 PM,RIVER RD btwn OSGOODE MAIN ST & DALMENY RD (__3ZA3TA),__3ZA3TA,01 - Non intersection,03 - P.D. only,07 - SMV other,01 - Clear,01 - Daylight,01 - Dry,10 - No control,,1,0,0,0,,0,,,,,374083.0679,4998066.218,45.11917597,-75.61938008,5607
17--1953,2/14/2017,3:20 PM,INNES RD @ TENTH LINE RD (0004633),4633,02 - Intersection related,03 - P.D. only,99 - Other,01 - Clear,01 - Daylight,02 - Wet,01 - Traffic signal,01 - Functioning,2,0,0,0,,0,,,,,383951.7603,5036160.311,45.46088664,-75.48788455,5608
17--1954,2/14/2017,3:25 PM,CONROY RD @ LORRY GREENBERG DR (0011446),11446,03 - At intersection,03 - P.D. only,05 - Turning movement,01 - Clear,01 - Daylight,02 - Wet,01 - Traffic signal,01 - Functioning,2,0,0,0,,0,,,,,373570.4374,5025878.558,45.36947551,-75.62204865,5609
17--1955,2/14/2017,3:42 PM,BRIAN GOOD AVE @ SUMMERHILL ST (0015035),15035,03 - At intersection,03 - P.D. only,02 - Angle,03 - Snow,01 - Daylight,05 - Packed snow,02 - Stop sign,01 - Functioning,2,0,0,0,,0,,,,,368156.6841,5014392.546,45.26663669,-75.69262475,5610
17--1956,2/14/2017,3:58 PM,FLORA ST @ KENT ST (0007260),7260,02 - Intersection related,03 - P.D. only,05 - Turning movement,01 - Clear,01 - Daylight,02 - Wet,02 - Stop sign,01 - Functioning,2,0,0,0,,0,,,,,367828.7134,5030323.567,45.41001034,-75.69477449,5611
17--1957,2/14/2017,4:40 AM,BANK ST @ JOHN QUINN RD (0001633),1633,02 - Intersection related,03 - P.D. only,07 - SMV other,01 - Clear,07 - Dark,01 - Dry,02 - Stop sign,00 - Unknown,1,0,0,0,,0,,,,,383418.6037,5010702.307,45.23189363,-75.49874756,5612
17--1958,2/14/2017,4:42 AM,HIGHWAY 417 btwn HWY417 IC121B RAMP16 & HWY417 IC121A RAMP16 (__3ZA2YX),__3ZA2YX,01 - Non intersection,03 - P.D. only,04 - Sideswipe,01 - Clear,07 - Dark,01 - Dry,10 - No control,,2,0,0,0,,0,,,,,366924.5046,5029634.094,45.40388751,-75.706412,5613
17--1959,2/14/2017,4:45 PM,HIGHWAY 417 btwn HWY417 IC119B RAMP76 & HWY417 IC119A RAMP67 (__3ZA2YT),__3ZA2YT,01 - Non intersection,03 - P.D. only,03 - Rear end,03 - Snow,01 - Daylight,03 - Loose snow,10 - No control,,2,0,0,0,,0,,,,,368161.6987,5030274.387,45.40953777,-75.69052717,5614
17--196,1/5/2017,11:53 AM,INNES RD @ LANTHIER DR/PRESTWICK DR (0004251),4251,03 - At intersection,03 - P.D. only,02 - Angle,01 - Clear,01 - Daylight,04 - Slush,01 - Traffic signal,01 - Functioning,2,0,0,0,,0,,,,,383543.5372,5035988.563,45.45938753,-75.49313121,5615
17--1960,2/14/2017,4:55 PM,MARCH RD @ MAXWELL RD (0003149),3149,02 - Intersection related,03 - P.D. only,03 - Rear end,03 - Snow,05 - Dusk,03 - Loose snow,02 - Stop sign,01 - Functioning,2,0,0,0,,0,,,,,347978.861,5025470.144,45.36784452,-75.9487771,5616
17--1961,2/14/2017,5:18 PM,JEANNE D'ARC BLVD @ GREY NUNS DR/YOUVILLE DR (0003147),3147,03 - At intersection,03 - P.D. only,05 - Turning movement,03 - Snow,05 - Dusk,03 - Loose snow,01 - Traffic signal,01 - Functioning,2,0,0,0,,0,,,,,379664.4585,5036710.662,45.46631085,-75.54261465,5617
17--1962,2/14/2017,5:21 PM,GREENBANK RD @ IRIS ST/HWY 417 IC129 RAMP51 (0009073),9073,03 - At intersection,03 - P.D. only,02 - Angle,01 - Clear,05 - Dusk,01 - Dry,01 - Traffic signal,01 - Functioning,2,0,0,0,,0,,,,,360531.4448,5023312.452,45.34754396,-75.78878465,5618
17--1963,2/14/2017,5:34 PM,HEMLOCK RD @ LANSDOWNE RD (0010754),10754,02 - Intersection related,03 - P.D. only,01 - Approaching,04 - Freezing Rain,07 - Dark,03 - Loose snow,02 - Stop sign,00 - Unknown,2,0,0,0,,0,,,,,369848.2922,5034512.806,45.44751864,-75.66842265,5619
17--1964,2/14/2017,6:00 PM,ROCHESTER ST btwn Continuation of ROCHESTER ST & PRIMROSE AVE (__3ZA0W8),__3ZA0W8,01 - Non intersection,03 - P.D. only,06 - SMV unattended vehicle,03 - Snow,05 - Dusk,05 - Packed snow,10 - No control,,1,0,0,0,,0,,,,,366359.4074,5030482.716,45.41157311,-75.71352399,5620
17--1965,2/14/2017,6:03 PM,BANK ST @ KILBORN AVE/BELANGER AVE (0007208),7208,03 - At intersection,03 - P.D. only,05 - Turning movement,03 - Snow,07 - Dark,03 - Loose snow,01 - Traffic signal,01 - Functioning,2,0,0,0,,0,,,,,369655.9713,5027427.923,45.38378939,-75.67181342,5621
17--1966,2/14/2017,6:15 AM,O'CONNOR ST @ WELLINGTON ST (0002234),2234,03 - At intersection,03 - P.D. only,05 - Turning movement,03 - Snow,03 - Dawn,03 - Loose snow,01 - Traffic signal,01 - Functioning,2,0,0,0,,0,,,,,367414.4497,5031722.207,45.42263206,-75.6998887,5622
17--1967,2/14/2017,6:23 PM,DONALD ST btwn LOLA ST & AVE. DU PERE CHARLEBOIS AVE (__3ZA81M),__3ZA81M,01 - Non intersection,02 - Non-fatal injury,04 - Sideswipe,03 - Snow,07 - Dark,03 - Loose snow,10 - No control,,2,0,0,0,02 - Minor,2,1,1,,,371120.0448,5032361.223,45.42804016,-75.65245622,5623
17--1968,2/14/2017,6:30 PM,VANIER PKWY NB btwn PRESLAND RD & COVENTRY RD (__3ZA4TMB),__3ZA4TMB,01 - Non intersection,03 - P.D. only,03 - Rear end,03 - Snow,07 - Dark,05 - Packed snow,10 - No control,,2,0,0,0,,0,,,,,370663.4931,5031619.163,45.42140656,-75.65838936,5624
17--1969,2/14/2017,6:32 PM,ARLINGTON AVE @ KENT ST (0007259),7259,02 - Intersection related,03 - P.D. only,04 - Sideswipe,01 - Clear,07 - Dark,03 - Loose snow,01 - Traffic signal,00 - Unknown,2,0,0,0,,0,,,,,367871.1786,5030255.102,45.40939049,-75.69424079,5625