Anom_ID,Accident_Date,Accident_Time,Location,Geo_ID,Accident_Location,Classification_of_Accident,Initial_Impact_Type,Environment_Condition,Light,Road_Surface_Condition,Traffic_Control,Traffic_Control_Condition,No__of_Vehicles,No__of_Bicycles,No__of_Motorcycles,No__of_Pedestrians,Max_Injury,No__of_Injuries,No__of_Minimal,No__of_Minor,No__of_Major,No__of_Fatal,X,Y,Latitude,Longitude,ObjectId
17--197,1/5/2017,Unknown,IRIS ST @ SOUTHWOOD DR (0011578),11578,02 - Intersection related,03 - P.D. only,06 - SMV unattended vehicle,01 - Clear,00 - Unknown,03 - Loose snow,02 - Stop sign,00 - Unknown,1,0,0,0,,0,,,,,360847.0151,5023441.818,45.34868285,-75.78474316,5626
17--1970,2/14/2017,7:09 PM,PINECREST RD/HWY 417 PINECRE IC129R63 @ TRANSI (0008264),8264,02 - Intersection related,02 - Non-fatal injury,07 - SMV other,03 - Snow,07 - Dark,02 - Wet,01 - Traffic signal,01 - Functioning,1,0,0,1,01 - Minimal,1,1,,,,360388.0867,5023677.836,45.35084306,-75.7905729,5627
17--1971,2/14/2017,7:09 PM,HERRIDGE ST @ MAIN ST (0007201),7201,02 - Intersection related,03 - P.D. only,03 - Rear end,03 - Snow,07 - Dark,05 - Packed snow,02 - Stop sign,01 - Functioning,2,0,0,0,,0,,,,,369218.7118,5030048.926,45.40741266,-75.67705423,5628
17--1972,2/14/2017,7:10 AM,RICHMOND RD btwn STINSON AVE & STAFFORD RD (__3ZBOCU),__3ZBOCU,04 - At/near private drive,03 - P.D. only,02 - Angle,01 - Clear,03 - Dawn,01 - Dry,10 - No control,,2,0,0,0,,0,,,,,358098.8296,5021063.827,45.32749978,-75.82006836,5629
17--1973,2/14/2017,7:30 PM,CARP RD @ MARCH RD (0001689),1689,02 - Intersection related,03 - P.D. only,07 - SMV other,03 - Snow,07 - Dark,03 - Loose snow,01 - Traffic signal,00 - Unknown,1,0,0,0,,0,,,,,342164.5553,5021732.883,45.33454939,-76.02328236,5630
17--1974,2/14/2017,7:45 PM,HIGHWAY 417 btwn HWY417 IC115 RAMP61 & REGIONAL ROAD 174 (__3ZA2XG),__3ZA2XG,01 - Non intersection,03 - P.D. only,04 - Sideswipe,03 - Snow,07 - Dark,03 - Loose snow,10 - No control,,2,0,0,0,,0,,,,,373223.7172,5031706.315,45.42194499,-75.6256662,5631
17--1975,2/14/2017,7:59 PM,BAYSHORE DR btwn WOODRIDGE CRES S & BAYSHORE CS (__3ZAA4OB),__3ZAA4OB,01 - Non intersection,03 - P.D. only,04 - Sideswipe,03 - Snow,07 - Dark,03 - Loose snow,10 - No control,,2,0,0,0,,0,,,,,359209.8501,5023546.573,45.34975435,-75.80562313,5632
17--1976,2/14/2017,8:01 AM,CARLING AVE @ WOODROFFE AVE W (0011470),11470,02 - Intersection related,02 - Non-fatal injury,03 - Rear end,01 - Clear,01 - Daylight,02 - Wet,01 - Traffic signal,00 - Unknown,2,0,0,0,01 - Minimal,1,1,,,,361766.9331,5025723.637,45.36914038,-75.77274138,5633
17--1977,2/14/2017,8:05 PM,TERON RD btwn BEAVERBROOK LANE & BEAVERBROOK RD (__3ZA131),__3ZA131,04 - At/near private drive,03 - P.D. only,02 - Angle,03 - Snow,07 - Dark,05 - Packed snow,10 - No control,,2,0,0,0,,0,,,,,351777.2014,5021325.069,45.33030209,-75.90068367,5634
17--1978,2/14/2017,8:39 AM,ALBION RD @ BANK ST (0012409),12409,02 - Intersection related,03 - P.D. only,03 - Rear end,01 - Clear,01 - Daylight,04 - Slush,01 - Traffic signal,01 - Functioning,2,0,0,0,,0,,,,,371945.9774,5024129.124,45.35389224,-75.64302249,5635
17--1979,2/14/2017,8:42 PM,EARL ARMSTRONG RD @ RIVER RD (0012470),12470,03 - At intersection,02 - Non-fatal injury,05 - Turning movement,03 - Snow,07 - Dark,03 - Loose snow,01 - Traffic signal,01 - Functioning,3,0,0,0,02 - Minor,2,,2,,,367574.3907,5014684.398,45.26931496,-75.70000748,5636
17--198,1/5/2017,12:15 PM,HUNT CLUB RD btwn CAHILL DR & LORRY GREENBERG DR (__3ZA3S4),__3ZA3S4,01 - Non intersection,03 - P.D. only,04 - Sideswipe,01 - Clear,01 - Daylight,06 - Ice,10 - No control,,2,0,0,0,,0,,,,,372539.1778,5024621.211,45.35826281,-75.63538497,5637
17--1980,2/14/2017,8:50 AM,REGIONAL ROAD 174 EB btwn HWY417 IC113 RAMP65 & OR174 BLAIR IC112 RAMP51 (__3ZAZFJ),__3ZAZFJ,01 - Non intersection,03 - P.D. only,03 - Rear end,01 - Clear,01 - Daylight,01 - Dry,10 - No control,,2,0,0,0,,0,,,,,374782.8026,5032804.788,45.43167422,-75.60559019,5638
17--1981,2/14/2017,8:57 PM,GREENBANK RD btwn WEST HUNT CLUB RD & FALLOWFIELD RD (__3ZA1NE),__3ZA1NE,01 - Non intersection,02 - Non-fatal injury,01 - Approaching,03 - Snow,07 - Dark,03 - Loose snow,10 - No control,,2,0,0,0,01 - Minimal,2,2,,,,361870.6298,5019591.499,45.31395523,-75.77212505,5639
17--1982,2/14/2017,9:01 AM,ESPRIT DR btwn VISTAPARK DR & Continuation of ESPRIT DR (__5Z1RZ5),__5Z1RZ5,04 - At/near private drive,03 - P.D. only,03 - Rear end,03 - Snow,01 - Daylight,04 - Slush,10 - No control,,2,0,0,0,,0,,,,,385423.2794,5035125.157,45.45140504,-75.46924095,5640
17--2349,2/21/2017,5:44 PM,ALBERT ST btwn LORNE AVE & PERKINS ST (__3ZA33S),__3ZA33S,01 - Non intersection,03 - P.D. only,04 - Sideswipe,02 - Rain,05 - Dusk,02 - Wet,10 - No control,,2,0,0,0,,0,,,,,366519.3287,5030686.767,45.41339501,-75.71145549,5641
17--1631,2/9/2017,2:17 AM,ALBERT ST @ KENT ST (OTTAWA) (0003136),3136,02 - Intersection related,02 - Non-fatal injury,03 - Rear end,01 - Clear,07 - Dark,02 - Wet,01 - Traffic signal,01 - Functioning,2,0,0,0,02 - Minor,2,,2,,,367220.0226,5031320.242,45.41903268,-75.70242385,5642
17--235,1/5/2017,8:01 PM,FALLOWFIELD RD @ MERIVALE RD (0000587),587,02 - Intersection related,03 - P.D. only,03 - Rear end,04 - Freezing Rain,07 - Dark,06 - Ice,01 - Traffic signal,01 - Functioning,3,0,0,0,,0,,,,,366893.4293,5018846.186,45.30682281,-75.70816389,5643
17--1813,2/12/2017,12:49 PM,BASELINE RD @ MERIVALE RD (0002342),2342,02 - Intersection related,03 - P.D. only,03 - Rear end,03 - Snow,01 - Daylight,03 - Loose snow,01 - Traffic signal,01 - Functioning,2,0,0,0,,0,,,,,365055.0309,5025326.184,45.36528919,-75.73081661,5644
17--1814,2/12/2017,12:57 PM,CAMPEAU DR @ KANATA AVE (0012003),12003,02 - Intersection related,03 - P.D. only,01 - Approaching,03 - Snow,01 - Daylight,03 - Loose snow,01 - Traffic signal,01 - Functioning,3,0,0,0,,0,,,,,350596.5393,5019401.944,45.31307537,-75.91592312,5645
17--2084,2/15/2017,9:12 AM,AIRPORT PKWY @ HUNT CLUB RD (0010856),10856,03 - At intersection,02 - Non-fatal injury,03 - Rear end,03 - Snow,01 - Daylight,03 - Loose snow,01 - Traffic signal,01 - Functioning,2,0,0,0,02 - Minor,1,,1,,,371018.5342,5023702.983,45.35014615,-75.65491512,5646
17--1632,2/9/2017,2:27 PM,MADELEINE MEILLEUR PRIV @ VANIER PKWY (0013514),13514,02 - Intersection related,03 - P.D. only,03 - Rear end,01 - Clear,01 - Daylight,02 - Wet,01 - Traffic signal,01 - Functioning,2,0,0,0,,0,,,,,369654.8152,5033359.306,45.43715791,-75.67104781,5647
17--2350,2/21/2017,5:45 PM,ASSALY RD @ RICHMOND RD (0002682),2682,02 - Intersection related,03 - P.D. only,06 - SMV unattended vehicle,02 - Rain,07 - Dark,02 - Wet,01 - Traffic signal,00 - Unknown,1,0,0,0,,0,,,,,360729.6739,5025529.769,45.36747951,-75.78600427,5648
17--1815,2/12/2017,2:00 PM,HWY417 IC104 RAMP61 btwn ANDERSON RD & HIGHWAY 417 (__3ZAY0E),__3ZAY0E,01 - Non intersection,03 - P.D. only,07 - SMV other,03 - Snow,01 - Daylight,03 - Loose snow,10 - No control,,1,0,0,0,,0,,,,,380230.5233,5026038.545,45.37022982,-75.53701039,5649
17--2085,2/15/2017,9:20 PM,WOODROFFE AVE btwn GRENFELL CRES & 260 N OF FALLOWFIELD RD/TRANSITWAY  (__3ZA3IO),__3ZA3IO,01 - Non intersection,03 - P.D. only,07 - SMV other,03 - Snow,07 - Dark,03 - Loose snow,10 - No control,,1,0,0,0,,0,,,,,364564.6942,5019194.312,45.31015724,-75.73781602,5650
17--1633,2/9/2017,2:28 PM,GIBBARD AVE @ GREENBANK RD (0000557),557,03 - At intersection,03 - P.D. only,05 - Turning movement,01 - Clear,01 - Daylight,02 - Wet,02 - Stop sign,00 - Unknown,2,0,0,0,,0,,,,,361428.9334,5020618.356,45.32323065,-75.77764056,5651
17--2351,2/21/2017,6:00 PM,ROBERGE CRES btwn HEARST WAY & HEARST WAY (__3ZAZUL),__3ZAZUL,01 - Non intersection,03 - P.D. only,06 - SMV unattended vehicle,01 - Clear,07 - Dark,01 - Dry,10 - No control,,1,0,0,0,,0,,,,,352421.8256,5019557.115,45.31435022,-75.89263028,5652
17--1816,2/12/2017,2:10 PM,HIGHWAY 417 btwn HWY417 IC138 RAMP51 & HWY417 IC138 RAMP35 (__3ZA29E),__3ZA29E,01 - Non intersection,03 - P.D. only,07 - SMV other,03 - Snow,01 - Daylight,03 - Loose snow,10 - No control,,1,0,0,0,,0,,,,,352707.3499,5020048.705,45.31875423,-75.88894137,5653
17--2086,2/15/2017,9:24 AM,OR174 IC109 RAMP65 @ MONTREAL RD (0004119),4119,02 - Intersection related,02 - Non-fatal injury,03 - Rear end,03 - Snow,01 - Daylight,04 - Slush,01 - Traffic signal,00 - Unknown,2,0,0,0,01 - Minimal,1,1,,,,376403.2702,5034982.496,45.45110385,-75.58456572,5654
17--1634,2/9/2017,3:01 PM,KENT ST @ WELLINGTON ST (0002040),2040,02 - Intersection related,03 - P.D. only,03 - Rear end,01 - Clear,01 - Daylight,01 - Dry,01 - Traffic signal,01 - Functioning,2,0,0,0,,0,,,,,367096.9473,5031525.448,45.42089003,-75.70397035,5655
17--1635,2/9/2017,3:14 PM,SNAKE ISLAND RD @ STAGECOACH RD (0001642),1642,03 - At intersection,02 - Non-fatal injury,02 - Angle,01 - Clear,01 - Daylight,01 - Dry,02 - Stop sign,01 - Functioning,2,0,0,0,03 - Major,1,,,1,,378063.092,5006581.385,45.19539237,-75.5675498,5656
17--1636,2/9/2017,3:52 PM,BANK ST/PRETORIA AVE @ CHAMBERLAIN AVE S (0006980),6980,03 - At intersection,03 - P.D. only,02 - Angle,01 - Clear,01 - Daylight,01 - Dry,02 - Stop sign,01 - Functioning,2,0,0,0,,0,,,,,368108.7486,5030104.345,45.40801258,-75.6912254,5657
17--1637,2/9/2017,4:00 PM,SMYTH RD @ BOTSFORD ST/DAUPHIN RD (0007211),7211,02 - Intersection related,03 - P.D. only,03 - Rear end,01 - Clear,01 - Daylight,01 - Dry,01 - Traffic signal,01 - Functioning,2,0,0,0,,0,,,,,372245.2343,5029262.671,45.40005318,-75.63850239,5658
17--1638,2/9/2017,4:08 PM,MONTREAL RD @ DEN HAAG DR/LANG'S RD (0010798),10798,02 - Intersection related,02 - Non-fatal injury,03 - Rear end,01 - Clear,01 - Daylight,01 - Dry,01 - Traffic signal,01 - Functioning,2,0,0,0,02 - Minor,1,,1,,,372387.0525,5034220.915,45.44465148,-75.63601088,5659
17--1639,2/9/2017,4:12 PM,BEAUSOLEIL DR @ CLARENCE ST (0008932),8932,02 - Intersection related,03 - P.D. only,99 - Other,01 - Clear,01 - Daylight,05 - Packed snow,02 - Stop sign,00 - Unknown,2,0,0,0,,0,,,,,368601.2486,5032846.121,45.4326374,-75.68457926,5660
17--164,1/4/2017,8:05 AM,NELSON ST btwn WILBROD ST & LAURIER AVE E (__3ZA8KB),__3ZA8KB,04 - At/near private drive,03 - P.D. only,06 - SMV unattended vehicle,03 - Snow,01 - Daylight,03 - Loose snow,10 - No control,,1,0,0,0,,0,,,,,368851.7797,5032161.401,45.42645364,-75.6814667,5661
17--1640,2/9/2017,4:16 PM,TENTH LINE RD btwn BLACKBURN BYPS & SOUTHFIELD WAY (__7N415I),__7N415I,01 - Non intersection,03 - P.D. only,01 - Approaching,01 - Clear,01 - Daylight,01 - Dry,10 - No control,,2,0,0,0,,0,,,,,384535.7214,5034763.357,45.44825173,-75.4806451,5662
17--1641,2/9/2017,4:20 PM,RICHMOND RD btwn POULIN AVE & 140 E OF POULIN AVE (__3ZA4MDA),__3ZA4MDA,04 - At/near private drive,03 - P.D. only,04 - Sideswipe,01 - Clear,01 - Daylight,02 - Wet,10 - No control,,2,0,0,0,,0,,,,,360391.0563,5025006.062,45.36279416,-75.79038564,5663
17--1642,2/9/2017,4:26 PM,MELFORT ST @ WALKLEY RD (0008805),8805,03 - At intersection,03 - P.D. only,03 - Rear end,01 - Clear,01 - Daylight,01 - Dry,01 - Traffic signal,01 - Functioning,3,0,0,0,,0,,,,,374446.4881,5028373.164,45.39183431,-75.61051407,5664
17--1643,2/9/2017,4:33 PM,CHAPEL ST @ STEWART ST (0008494),8494,03 - At intersection,03 - P.D. only,07 - SMV other,01 - Clear,01 - Daylight,01 - Dry,02 - Stop sign,01 - Functioning,1,0,0,1,,0,,,,,369012.7048,5032439.261,45.42893896,-75.67937419,5665
17--1644,2/9/2017,4:41 PM,ENFIELD AVE @ MCARTHUR AVE (0009218),9218,02 - Intersection related,03 - P.D. only,03 - Rear end,01 - Clear,01 - Daylight,03 - Loose snow,02 - Stop sign,01 - Functioning,2,0,0,0,,0,,,,,370341.4647,5032704.462,45.43120188,-75.66235941,5666
17--1645,2/9/2017,4:55 PM,BANK ST @ HERON RD (0002155),2155,03 - At intersection,03 - P.D. only,05 - Turning movement,01 - Clear,01 - Daylight,01 - Dry,01 - Traffic signal,01 - Functioning,4,0,0,0,,0,,,,,369995.3856,5026851.542,45.3785718,-75.6675558,5667
17--1646,2/9/2017,4:58 PM,CYRVILLE RD @ OGILVIE RD (0003554),3554,02 - Intersection related,03 - P.D. only,03 - Rear end,01 - Clear,01 - Daylight,01 - Dry,01 - Traffic signal,01 - Functioning,2,0,0,0,,0,,,,,372453.7191,5032005.945,45.42471581,-75.63546313,5668
17--1647,2/9/2017,4:58 PM,BRIAN COBURN BLVD @ STRASBOURG ST (0013501),13501,02 - Intersection related,03 - P.D. only,03 - Rear end,01 - Clear,05 - Dusk,06 - Ice,02 - Stop sign,01 - Functioning,2,0,0,0,,0,,,,,384046.5521,5034850.028,45.44908715,-75.48688377,5669
17--1648,2/9/2017,5:39 PM,BANK ST @ DAVIDSON RD/LESTER RD (0008797),8797,03 - At intersection,03 - P.D. only,05 - Turning movement,01 - Clear,05 - Dusk,01 - Dry,01 - Traffic signal,01 - Functioning,2,0,0,0,,0,,,,,373686.3892,5022936.625,45.34299378,-75.62097848,5670
17--1649,2/9/2017,5:43 PM,ALTA VISTA DR @ SMYTH RD (0011353),11353,03 - At intersection,03 - P.D. only,05 - Turning movement,01 - Clear,05 - Dusk,01 - Dry,01 - Traffic signal,01 - Functioning,2,0,0,0,,0,,,,,370431.9654,5029081.558,45.39859593,-75.66168538,5671
17--165,1/4/2017,8:24 AM,EAGLESON RD btwn OTTAWA ST & BROPHY DR (__3ZA4ZN),__3ZA4ZN,01 - Non intersection,02 - Non-fatal injury,01 - Approaching,03 - Snow,01 - Daylight,06 - Ice,10 - No control,,2,0,0,0,02 - Minor,2,,2,,,358634.7572,5005877.099,45.19080612,-75.8148775,5672
17--1650,2/9/2017,5:47 PM,ASPER TRAIL CIR btwn ASPER TRAIL CIR & RIVERTREE ST (e___2HSV),e___2HSV,01 - Non intersection,03 - P.D. only,06 - SMV unattended vehicle,05 - Drifting Snow,05 - Dusk,02 - Wet,10 - No control,,1,0,0,0,,0,,,,,356098.5784,5015425.972,45.27691851,-75.8461672,5673
17--1651,2/9/2017,6:00 PM,CEDAR CREEK DR @ HILLMAN MARSH WAY/OLD CROW WA (0012610),12610,02 - Intersection related,03 - P.D. only,06 - SMV unattended vehicle,01 - Clear,07 - Dark,01 - Dry,02 - Stop sign,00 - Unknown,1,0,0,0,,0,,,,,375548.2491,5020080.274,45.31710822,-75.59763145,5674
17--1652,2/9/2017,6:00 PM,LEVIS AVE btwn OLMSTEAD ST & DUPUIS ST (__3ZA8RG),__3ZA8RG,01 - Non intersection,03 - P.D. only,06 - SMV unattended vehicle,01 - Clear,07 - Dark,02 - Wet,10 - No control,,1,0,0,0,,0,,,,,370456.3012,5033139.998,45.43510987,-75.66083384,5675
17--1653,2/9/2017,6:03 AM,RIVERGATE WAY @ RIVERSIDE DR (0007177),7177,03 - At intersection,03 - P.D. only,07 - SMV other,01 - Clear,07 - Dark,01 - Dry,01 - Traffic signal,01 - Functioning,1,0,0,0,,0,,,,,368116.7117,5023242.139,45.34626757,-75.69200357,5676
17--1654,2/9/2017,6:15 PM,SMYTH RD btwn LYNDA LANE & ROGER GUINDON AVE (__3ZAZAL),__3ZAZAL,01 - Non intersection,03 - P.D. only,03 - Rear end,01 - Clear,07 - Dark,01 - Dry,10 - No control,,2,0,0,0,,0,,,,,371640.2402,5029195.676,45.39950841,-75.64623837,5677
17--1655,2/9/2017,6:20 PM,HIGHWAY 417 btwn HWY417 IC129 RAMP61 & TRANSIT (__3ZA2SI),__3ZA2SI,01 - Non intersection,02 - Non-fatal injury,04 - Sideswipe,01 - Clear,07 - Dark,01 - Dry,10 - No control,,2,0,0,0,01 - Minimal,1,1,,,,361334.9316,5024241.077,45.35583538,-75.77842561,5678
17--1656,2/9/2017,6:26 PM,FERNBANK RD btwn LUCAS LANE & JINKINSON RD (__3ZAC5A),__3ZAC5A,01 - Non intersection,03 - P.D. only,07 - SMV other,01 - Clear,07 - Dark,01 - Dry,10 - No control,,1,0,0,0,,0,,,,,345476.23,5007291.525,45.20441567,-75.98221475,5679
17--1657,2/9/2017,6:41 PM,CEDAROW CRT @ HAZELDEAN RD (0000074),74,03 - At intersection,03 - P.D. only,02 - Angle,01 - Clear,07 - Dark,01 - Dry,02 - Stop sign,01 - Functioning,2,0,0,0,,0,,,,,350593.6033,5015763.066,45.28033189,-75.91629661,5680
17--1658,2/9/2017,6:45 AM,HIGHWAY 417 btwn HWY417 IC119B RAMP76 & HWY417 IC119A RAMP67 (__3ZA2YT),__3ZA2YT,01 - Non intersection,03 - P.D. only,03 - Rear end,01 - Clear,03 - Dawn,01 - Dry,10 - No control,,2,0,0,0,,0,,,,,368538.1743,5030507.481,45.41160089,-75.68568789,5681
17--1659,2/9/2017,6:45 PM,DECOEUR DR/SOUTHFIELD WAY @ TENTH LINE RD (0013515),13515,03 - At intersection,03 - P.D. only,05 - Turning movement,01 - Clear,07 - Dark,01 - Dry,02 - Stop sign,00 - Unknown,2,0,0,0,,0,,,,,384551.517,5034726.576,45.447919,-75.48044916,5682
17--166,1/4/2017,8:29 AM,OTTAWA RIVER PKWY @ WOODROFFE AVE (0002637),2637,02 - Intersection related,03 - P.D. only,03 - Rear end,03 - Snow,01 - Daylight,03 - Loose snow,02 - Stop sign,01 - Functioning,2,0,0,0,,0,,,,,361427.54,5027003.395,45.38068304,-75.77692709,5683
17--1660,2/9/2017,7:08 PM,BRIAN COBURN BLVD @ TENTH LINE RD (0013966),13966,02 - Intersection related,03 - P.D. only,03 - Rear end,01 - Clear,07 - Dark,01 - Dry,01 - Traffic signal,01 - Functioning,2,0,0,0,,0,,,,,384428.3389,5035022.308,45.45059377,-75.48197576,5684
17--1661,2/9/2017,7:08 PM,ST. JOSEPH BLVD @ JEANNE D'ARC BLVD (0012421),12421,03 - At intersection,03 - P.D. only,02 - Angle,01 - Clear,07 - Dark,01 - Dry,11 - Roundabout,01 - Functioning,2,0,0,0,,0,,,,,379860.7425,5036472.707,45.46414885,-75.54014121,5685
17--1662,2/9/2017,7:10 PM,MERIVALE RD @ SLACK RD (0000110),110,02 - Intersection related,03 - P.D. only,04 - Sideswipe,01 - Clear,07 - Dark,02 - Wet,01 - Traffic signal,00 - Unknown,2,0,0,0,,0,,,,,366021.2012,5020957.369,45.32589557,-75.71902488,5686
17--1663,2/9/2017,7:20 PM,HWY417 IC115 RAMP36 btwn HIGHWAY 417 & TRANSIT (__3ZAY67),__3ZAY67,01 - Non intersection,03 - P.D. only,03 - Rear end,01 - Clear,07 - Dark,01 - Dry,10 - No control,,2,0,0,0,,0,,,,,372419.7254,5031552.482,45.42063905,-75.63595972,5687
17--1664,2/9/2017,7:47 AM,ROGER STEVENS DR btwn DWYER HILL RD & MALAKOFF RD (__3ZA4ZQ),__3ZA4ZQ,01 - Non intersection,03 - P.D. only,07 - SMV other,01 - Clear,01 - Daylight,01 - Dry,10 - No control,,1,0,0,0,,0,,,,,355153.6652,4990088.514,45.0489901,-75.86076483,5688
17--1665,2/9/2017,8:00 AM,WILLOW ST btwn PRESTON ST & ROCHESTER ST (__3ZAAJ7),__3ZAAJ7,04 - At/near private drive,03 - P.D. only,06 - SMV unattended vehicle,01 - Clear,01 - Daylight,01 - Dry,10 - No control,,1,0,0,0,,0,,,,,366504.7213,5029894.196,45.40626497,-75.71174131,5689
17--1666,2/9/2017,8:25 AM,JEANNE D'ARC BLVD @ OR174 IC105 RAMP52 (0012417),12417,02 - Intersection related,03 - P.D. only,03 - Rear end,01 - Clear,01 - Daylight,06 - Ice,01 - Traffic signal,00 - Unknown,2,0,0,0,,0,,,,,379456.4409,5036917.989,45.46819848,-75.54524296,5690
17--1667,2/9/2017,8:40 AM,OGILVIE WALK CRES btwn AMBASSADOR AVE & AMBASSADOR AVE (__3ZAZRH),__3ZAZRH,04 - At/near private drive,03 - P.D. only,06 - SMV unattended vehicle,01 - Clear,01 - Daylight,05 - Packed snow,10 - No control,,1,0,0,0,,0,,,,,374048.0402,5032652.343,45.43037575,-75.61500106,5691
17--1668,2/9/2017,8:54 AM,ST. LAURENT BLVD @ COVENTRY RD/OGILVIE RD (0002151),2151,02 - Intersection related,03 - P.D. only,03 - Rear end,01 - Clear,01 - Daylight,01 - Dry,01 - Traffic signal,01 - Functioning,2,0,0,0,,0,,,,,372306.47,5031950.449,45.42423071,-75.63735219,5692
17--1669,2/9/2017,8:54 AM,CARLING AVE @ KIRKWOOD AVE S (0002209),2209,02 - Intersection related,03 - P.D. only,03 - Rear end,01 - Clear,01 - Daylight,02 - Wet,01 - Traffic signal,01 - Functioning,2,0,0,0,,0,,,,,364353.2014,5027336.423,45.38343698,-75.73953259,5693
17--167,1/4/2017,8:30 AM,OTTAWA RIVER PKWY EB btwn TURN LANE & TRANSIT (__3ZA23J),__3ZA23J,01 - Non intersection,03 - P.D. only,03 - Rear end,03 - Snow,01 - Daylight,03 - Loose snow,10 - No control,,2,0,0,0,,0,,,,,361438.6838,5027040.545,45.38101641,-75.77678055,5694
17--1670,2/9/2017,9:01 AM,RIVERSIDE DR RAMP 42A @ RIVERSIDE DR (0010862),10862,02 - Intersection related,03 - P.D. only,03 - Rear end,01 - Clear,01 - Daylight,01 - Dry,03 - Yield sign,01 - Functioning,2,0,0,0,,0,,,,,368443.1331,5027269.051,45.38247115,-75.68731981,5695
17--1671,2/9/2017,9:05 AM,HWY417 IC127 RAMP25 btwn WOODROFFE AVE & HIGHWAY 417 (__3ZAY8A),__3ZAY8A,01 - Non intersection,02 - Non-fatal injury,03 - Rear end,01 - Clear,01 - Daylight,01 - Dry,10 - No control,,2,0,0,0,02 - Minor,1,,1,,,362175.6733,5024789.718,45.36070372,-75.76763213,5696
17--1672,2/9/2017,9:10 AM,ALBERT ST @ BOOTH ST (0002162),2162,02 - Intersection related,03 - P.D. only,03 - Rear end,01 - Clear,01 - Daylight,01 - Dry,01 - Traffic signal,00 - Unknown,2,0,0,0,,0,,,,,366429.4437,5030625.441,45.41285114,-75.71261145,5697
17--1673,2/9/2017,9:16 AM,MURRAY ST @ SUSSEX DR (0011912),11912,02 - Intersection related,03 - P.D. only,03 - Rear end,01 - Clear,01 - Daylight,04 - Slush,01 - Traffic signal,01 - Functioning,2,0,0,0,,0,,,,,367708.2796,5032392.621,45.42863786,-75.69604878,5698
17--1674,2/9/2017,9:19 AM,LACROIX AVE btwn TO BE DETERMINED & DUFORD DR (1) (__3ZA6W4),__3ZA6W4,01 - Non intersection,03 - P.D. only,06 - SMV unattended vehicle,01 - Clear,01 - Daylight,01 - Dry,10 - No control,,1,0,0,0,,0,,,,,382083.1642,5037109.996,45.4696403,-75.5116254,5699
17--1675,2/9/2017,9:30 PM,HIGHWAY 417 btwn HWY417 IC104 RAMP15 & HWY417 IC96 RAMP51 (__3ZA2W4),__3ZA2W4,01 - Non intersection,03 - P.D. only,07 - SMV other,01 - Clear,07 - Dark,01 - Dry,10 - No control,,1,0,0,0,,0,,,,,381432.5101,5025605.271,45.36620112,-75.52173457,5700
17--1676,2/9/2017,9:50 AM,MONTGOMERY ST @ MONTREAL RD (0009342),9342,02 - Intersection related,03 - P.D. only,03 - Rear end,01 - Clear,01 - Daylight,01 - Dry,01 - Traffic signal,00 - Unknown,2,0,0,0,,0,,,,,369812.7543,5032921.243,45.43320173,-75.66908715,5701
17--1677,2/9/2017,9:52 AM,RIVERSIDE DR @ BROOKFIELD RD/HOG'S BACK RD (0001627),1627,02 - Intersection related,03 - P.D. only,03 - Rear end,01 - Clear,01 - Daylight,01 - Dry,01 - Traffic signal,01 - Functioning,2,0,0,0,,0,,,,,368169.7892,5026223.834,45.37309135,-75.69094402,5702
17--1678,2/10/2017,1:22 PM,CARLING AVE @ SCRIVENS ST (0002720),2720,02 - Intersection related,03 - P.D. only,03 - Rear end,01 - Clear,01 - Daylight,01 - Dry,01 - Traffic signal,01 - Functioning,2,0,0,0,,0,,,,,359422.7632,5024257.352,45.35613339,-75.80282762,5703
17--1679,2/10/2017,1:45 PM,CARLING AVE @ PRESTON ST (0002161),2161,02 - Intersection related,03 - P.D. only,03 - Rear end,01 - Clear,01 - Daylight,01 - Dry,01 - Traffic signal,01 - Functioning,2,0,0,0,,0,,,,,366829.71,5028935.779,45.39761266,-75.70771063,5704
17--168,1/4/2017,8:30 AM,HIGHWAY 417 btwn HWY417 IC124 RAMP67 & HWY417 IC123 RAMP62 (__3ZA2YZ),__3ZA2YZ,01 - Non intersection,03 - P.D. only,03 - Rear end,01 - Clear,01 - Daylight,01 - Dry,10 - No control,,2,0,0,0,,0,,,,,364724.0904,5027973.593,45.38913849,-75.73471957,5705
17--1680,2/10/2017,10:00 AM,HIGHWAY 417 btwn HWY417 IC124 RAMP76 & HWY417 IC124 RAMP67 (__3ZA2R7),__3ZA2R7,01 - Non intersection,03 - P.D. only,04 - Sideswipe,01 - Clear,01 - Daylight,01 - Dry,10 - No control,,2,0,0,0,,0,,,,,364496.9204,5027622.67,45.38600035,-75.73766291,5706
17--1681,2/10/2017,10:30 AM,FARM GATE CRES E @ VIEWMOUNT DR E (0004593),4593,02 - Intersection related,03 - P.D. only,07 - SMV other,03 - Snow,01 - Daylight,03 - Loose snow,02 - Stop sign,00 - Unknown,1,0,0,0,,0,,,,,366870.457,5024181.64,45.35483241,-75.70778779,5707
17--1682,2/10/2017,10:32 PM,HWY416 IC72 RAMP62 btwn HIGHWAY 416 & CEDARVIEW RD (__3ZAY4G),__3ZAY4G,01 - Non intersection,03 - P.D. only,07 - SMV other,03 - Snow,07 - Dark,03 - Loose snow,10 - No control,,1,0,0,0,,0,,,,,359423.8423,5019742.41,45.31550773,-75.8033122,5708