Anom_ID,Accident_Date,Accident_Time,Location,Geo_ID,Accident_Location,Classification_of_Accident,Initial_Impact_Type,Environment_Condition,Light,Road_Surface_Condition,Traffic_Control,Traffic_Control_Condition,No__of_Vehicles,No__of_Bicycles,No__of_Motorcycles,No__of_Pedestrians,Max_Injury,No__of_Injuries,No__of_Minimal,No__of_Minor,No__of_Major,No__of_Fatal,X,Y,Latitude,Longitude,ObjectId
17--1683,2/10/2017,10:33 AM,ST. JOSEPH BLVD @ TENTH LINE RD (0009163),9163,02 - Intersection related,03 - P.D. only,04 - Sideswipe,01 - Clear,01 - Daylight,01 - Dry,01 - Traffic signal,01 - Functioning,2,0,0,0,,0,,,,,382892.6405,5038666.954,45.48355837,-75.50102707,5709
17--1684,2/10/2017,10:39 PM,BORRISOKANE RD btwn CAMBRIAN RD & STRANDHERD DR (__3ZA1CC),__3ZA1CC,01 - Non intersection,03 - P.D. only,07 - SMV other,04 - Freezing Rain,07 - Dark,06 - Ice,10 - No control,,1,0,0,0,,0,,,,,362297.8589,5013339.308,45.25766293,-75.76740116,5710
17--1685,2/10/2017,10:40 AM,BASELINE RD @ ROCKWAY CRES (0002187),2187,03 - At intersection,03 - P.D. only,02 - Angle,01 - Clear,01 - Daylight,01 - Dry,02 - Stop sign,00 - Unknown,2,0,0,0,,0,,,,,361185.0104,5022930.497,45.34405491,-75.78048839,5711
17--1686,2/10/2017,10:40 PM,HIGHWAY 417 btwn HWY417 IC138 RAMP61 & HWY417 IC134 RAMP36 (__3ZA20I),__3ZA20I,01 - Non intersection,03 - P.D. only,07 - SMV other,03 - Snow,07 - Dark,03 - Loose snow,10 - No control,,1,0,0,0,,0,,,,,355575.3113,5021799.18,45.33430368,-75.85218326,5712
17--1687,2/10/2017,11:05 PM,HIGHWAY 417 btwn HWY417 IC122 RAMP61 & HWY417 IC121B RAMP16 (__3ZA2Y4),__3ZA2Y4,01 - Non intersection,03 - P.D. only,99 - Other,03 - Snow,07 - Dark,03 - Loose snow,10 - No control,,2,0,0,0,,0,,,,,365787.1548,5029195.207,45.40003852,-75.72099359,5713
17--1688,2/10/2017,11:17 AM,GREENBANK RD @ LISA AVE (0002753),2753,02 - Intersection related,02 - Non-fatal injury,03 - Rear end,01 - Clear,01 - Daylight,01 - Dry,01 - Traffic signal,01 - Functioning,4,0,0,0,02 - Minor,2,1,1,,,360553.1742,5022893.867,45.34377581,-75.78855456,5714
17--1689,2/10/2017,11:55 PM,CAMBRIAN RD/GOLFLINKS DR W @ LONGFIELDS DR (0009702),9702,03 - At intersection,03 - P.D. only,07 - SMV other,03 - Snow,07 - Dark,03 - Loose snow,11 - Roundabout,01 - Functioning,1,0,0,0,,0,,,,,365383.0253,5013222.748,45.25635523,-75.72810976,5715
17--169,1/4/2017,8:33 PM,INDUSTRIAL AVE @ ALTA VISTA DR/SANDFORD FLEMIN (0006979),6979,02 - Intersection related,03 - P.D. only,03 - Rear end,01 - Clear,07 - Dark,04 - Slush,01 - Traffic signal,01 - Functioning,2,0,0,0,,0,,,,,370885.5213,5030556.259,45.41182205,-75.65569511,5716
17--1690,2/10/2017,Unknown,CHURCHILL AVE @ SCOTT ST (0005132),5132,02 - Intersection related,03 - P.D. only,06 - SMV unattended vehicle,01 - Clear,00 - Unknown,01 - Dry,02 - Stop sign,00 - Unknown,1,0,0,0,,0,,,,,363097.1587,5028584.55,45.3947731,-75.75542287,5717
17--1691,2/10/2017,Unknown,CARLING AVE @ FAIRMONT AVE (0006303),6303,02 - Intersection related,03 - P.D. only,06 - SMV unattended vehicle,03 - Snow,00 - Unknown,04 - Slush,02 - Stop sign,00 - Unknown,1,0,0,0,,0,,,,,366115.7019,5028486.552,45.39363352,-75.71688544,5718
17--1692,2/10/2017,12:23 PM,BOURASSA ST @ ST. LAURENT BLVD (0007731),7731,03 - At intersection,03 - P.D. only,05 - Turning movement,01 - Clear,01 - Daylight,01 - Dry,01 - Traffic signal,01 - Functioning,2,0,0,0,,0,,,,,373235.9815,5029695.433,45.40385083,-75.62578871,5719
17--1693,2/10/2017,12:25 PM,ARMSTRONG ST @ GARLAND ST (0006570),6570,02 - Intersection related,03 - P.D. only,07 - SMV other,01 - Clear,01 - Daylight,06 - Ice,02 - Stop sign,00 - Unknown,1,0,0,0,,0,,,,,365582.9436,5029876.439,45.40618585,-75.72351783,5720
17--1694,2/10/2017,12:40 PM,BANK ST @ HUNT CLUB RD (0002119),2119,02 - Intersection related,03 - P.D. only,03 - Rear end,01 - Clear,01 - Daylight,01 - Dry,01 - Traffic signal,01 - Functioning,3,0,0,0,,0,,,,,371608.7365,5024096.131,45.35362759,-75.64733064,5721
17--1695,2/10/2017,2:18 PM,ST. LAURENT BLVD @ COVENTRY RD/OGILVIE RD (0002151),2151,02 - Intersection related,03 - P.D. only,04 - Sideswipe,01 - Clear,01 - Daylight,01 - Dry,01 - Traffic signal,01 - Functioning,2,0,0,0,,0,,,,,372303.9092,5031951.887,45.42424389,-75.63738472,5722
17--1696,2/10/2017,2:26 PM,AIRPORT PKWY @ HUNT CLUB RD (0010856),10856,02 - Intersection related,03 - P.D. only,03 - Rear end,01 - Clear,01 - Daylight,01 - Dry,01 - Traffic signal,01 - Functioning,2,0,0,0,,0,,,,,371019.7626,5023706.702,45.3501795,-75.65489895,5723
17--1697,2/10/2017,2:28 PM,HIGHWAY 417 btwn HWY417 IC117 RAMP51 & HWY417 IC117 RAMP35 (__3ZA2YN),__3ZA2YN,01 - Non intersection,03 - P.D. only,04 - Sideswipe,01 - Clear,01 - Daylight,01 - Dry,10 - No control,,2,0,0,0,,0,,,,,370603.5159,5031155.394,45.4172394,-75.65921761,5724
17--1698,2/10/2017,2:38 PM,HUNT CLUB RD @ LINDBERGH PRIV (0011417),11417,02 - Intersection related,03 - P.D. only,02 - Angle,01 - Clear,01 - Daylight,01 - Dry,02 - Stop sign,01 - Functioning,2,0,0,0,,0,,,,,368361.3983,5022133.561,45.33627069,-75.68902381,5725
17--1699,2/10/2017,2:40 PM,JOCKVALE RD/RIDEAU VALLEY DR @ PRINCE OF WALES (0004638),4638,03 - At intersection,03 - P.D. only,05 - Turning movement,03 - Snow,01 - Daylight,06 - Ice,01 - Traffic signal,01 - Functioning,2,0,0,0,,0,,,,,366708.5611,5012196.853,45.24700887,-75.71135042,5726
17--17,1/2/2017,1:30 PM,HWY417 IC117 RAMP36 btwn HIGHWAY 417 & VANIER PKWY (__3ZAYAX),__3ZAYAX,01 - Non intersection,03 - P.D. only,03 - Rear end,01 - Clear,01 - Daylight,01 - Dry,10 - No control,,2,0,0,0,,0,,,,,370769.4233,5031428.117,45.41967762,-75.6570615,5727
17--170,1/4/2017,8:41 PM,JEANNE D'ARC BLVD  N btwn DECARIE DR & BILBERRY DR (__3ZA7JD),__3ZA7JD,01 - Non intersection,03 - P.D. only,07 - SMV other,04 - Freezing Rain,07 - Dark,06 - Ice,10 - No control,,1,0,0,0,,0,,,,,381102.9982,5038591.017,45.48307306,-75.52392886,5728
17--1700,2/10/2017,3:03 PM,HIGHWAY 417 btwn HWY417 IC122 RAMP15 & HWY417 IC121B RAMP51 (__3ZA2RB),__3ZA2RB,01 - Non intersection,03 - P.D. only,03 - Rear end,01 - Clear,01 - Daylight,01 - Dry,10 - No control,,6,0,0,0,,0,,,,,366556.4412,5029503.121,45.40274162,-75.71112965,5729
17--1701,2/10/2017,4:00 PM,BRIGADE AVE @ STITTSVILLE MAIN ST (0000078),78,02 - Intersection related,03 - P.D. only,03 - Rear end,01 - Clear,01 - Daylight,02 - Wet,02 - Stop sign,01 - Functioning,2,0,0,0,,0,,,,,350950.5905,5012494.53,45.25089717,-75.91205024,5730
17--1702,2/10/2017,4:01 PM,CATHERINE ST @ KENT ST (0002707),2707,03 - At intersection,03 - P.D. only,05 - Turning movement,01 - Clear,01 - Daylight,01 - Dry,01 - Traffic signal,01 - Functioning,2,0,0,0,,0,,,,,367906.4729,5030189.799,45.40879973,-75.6937983,5731
17--1703,2/10/2017,4:15 PM,RIDEAU ST btwn WELLINGTON ST & MACKENZIE AVE (__3ZA25K),__3ZA25K,01 - Non intersection,03 - P.D. only,03 - Rear end,01 - Clear,01 - Daylight,01 - Dry,10 - No control,,2,0,0,0,,0,,,,,367835.1882,5031986.63,45.42497346,-75.69447904,5732
17--1704,2/10/2017,4:35 PM,HIGHWAY 417 btwn HWY417 IC122 RAMP15 & HWY417 IC121B RAMP51 (__3ZA2RB),__3ZA2RB,01 - Non intersection,03 - P.D. only,03 - Rear end,01 - Clear,01 - Daylight,01 - Dry,10 - No control,,4,0,0,0,,0,,,,,366557.7112,5029506.931,45.40277579,-75.71111295,5733
17--1705,2/10/2017,5:02 PM,FALLOWFIELD RD @ WOODROFFE AVE (0010372),10372,03 - At intersection,03 - P.D. only,03 - Rear end,01 - Clear,01 - Daylight,01 - Dry,01 - Traffic signal,01 - Functioning,2,0,0,0,,0,,,,,365086.1533,5017904.528,45.29850728,-75.73132328,5734
17--1706,2/10/2017,5:20 AM,PRINCE OF WALES DR btwn FALLOWFIELD RD & AMBERWOOD CRES (__3ZA27I),__3ZA27I,01 - Non intersection,02 - Non-fatal injury,01 - Approaching,01 - Clear,07 - Dark,01 - Dry,10 - No control,,2,0,0,0,02 - Minor,1,,1,,,367487.322,5020156.934,45.31856397,-75.70042528,5735
17--1707,2/10/2017,5:30 PM,CARLING AVE @ FAIRLAWN AVE/WOODROFFE AVE E (0002393),2393,02 - Intersection related,02 - Non-fatal injury,03 - Rear end,01 - Clear,05 - Dusk,01 - Dry,01 - Traffic signal,01 - Functioning,2,0,0,0,01 - Minimal,1,1,,,,361934.6841,5025830.528,45.37008852,-75.77058762,5736
17--1708,2/10/2017,5:50 AM,HIGHWAY 417 btwn HWY417 IC124 RAMP57 & HWY417 IC124 RAMP55 (__3ZA2Y1),__3ZA2Y1,01 - Non intersection,01 - Fatal injury,99 - Other,01 - Clear,07 - Dark,01 - Dry,10 - No control,,2,0,0,0,04 - Fatal,1,,,,1,364331.9993,5027383.876,45.38386576,-75.73979758,5737
17--1709,2/10/2017,5:58 PM,ALTA VISTA DR @ SMYTH RD (0011353),11353,03 - At intersection,03 - P.D. only,05 - Turning movement,01 - Clear,07 - Dark,01 - Dry,01 - Traffic signal,01 - Functioning,3,0,0,0,,0,,,,,370433.0504,5029080.889,45.39858981,-75.66167161,5738
17--171,1/4/2017,8:44 PM,CEDAR CREEK DR/DEVONWOOD CIRC @ FINDLAY CREEK  (0012609),12609,02 - Intersection related,03 - P.D. only,03 - Rear end,04 - Freezing Rain,07 - Dark,06 - Ice,02 - Stop sign,01 - Functioning,2,0,0,0,,0,,,,,375592.2677,5020307.547,45.31914869,-75.5970376,5739
17--1710,2/10/2017,6:00 PM,SCHNEIDER RD btwn LEGGET DR & CARLING AVE (__3ZACUG),__3ZACUG,04 - At/near private drive,03 - P.D. only,06 - SMV unattended vehicle,01 - Clear,05 - Dusk,01 - Dry,10 - No control,,1,0,0,0,,0,,,,,351615.8982,5022303.902,45.33912061,-75.9026488,5740
17--1711,2/10/2017,6:01 PM,OTTAWA RIVER PKWY btwn WOODROFFE AVE & TURN LANE (__3ZA24X),__3ZA24X,01 - Non intersection,02 - Non-fatal injury,03 - Rear end,03 - Snow,05 - Dusk,03 - Loose snow,10 - No control,,3,0,0,0,02 - Minor,1,,1,,,361429.7357,5027011.551,45.38075625,-75.77689812,5741
17--1817,2/12/2017,2:18 PM,ST. LAURENT BLVD @ WALKLEY RD (0007653),7653,02 - Intersection related,03 - P.D. only,03 - Rear end,03 - Snow,01 - Daylight,03 - Loose snow,01 - Traffic signal,01 - Functioning,2,0,0,0,,0,,,,,373901.2492,5028046.48,45.38894898,-75.61752247,5742
17--2352,2/21/2017,8:05 PM,BOTTRIELL WAY btwn MARSALA CRES & CANTEVAL TER (__3ZA6W9),__3ZA6W9,01 - Non intersection,03 - P.D. only,06 - SMV unattended vehicle,04 - Freezing Rain,07 - Dark,06 - Ice,10 - No control,,1,0,0,0,,0,,,,,383893.1362,5037242.903,45.47063345,-75.48845986,5743
17--2353,2/21/2017,8:11 AM,CARLING AVE @ BROADVIEW AVE (0006707),6707,02 - Intersection related,03 - P.D. only,04 - Sideswipe,01 - Clear,01 - Daylight,01 - Dry,01 - Traffic signal,01 - Functioning,2,0,0,0,,0,,,,,363182.1875,5026637.416,45.37724599,-75.75456728,5744
17--2087,2/15/2017,9:24 AM,CHAPMAN MILLS DR @ LONGFIELDS DR (0013784),13784,03 - At intersection,03 - P.D. only,02 - Angle,03 - Snow,01 - Daylight,03 - Loose snow,02 - Stop sign,01 - Functioning,2,0,0,0,,0,,,,,364841.826,5014582.921,45.26864047,-75.73484018,5745
17--1818,2/12/2017,2:19 PM,BANK ST btwn HERON RD & ANOKA ST (__3ZA360),__3ZA360,04 - At/near private drive,03 - P.D. only,02 - Angle,03 - Snow,01 - Daylight,04 - Slush,10 - No control,,2,0,0,0,,0,,,,,370003.0173,5026826.951,45.37834982,-75.66746161,5746
17--2354,2/21/2017,8:58 AM,DALHOUSIE ST @ RIDEAU ST (0007646),7646,03 - At intersection,02 - Non-fatal injury,07 - SMV other,01 - Clear,01 - Daylight,02 - Wet,01 - Traffic signal,01 - Functioning,1,0,0,1,02 - Minor,1,,1,,,368207.0997,5032227.581,45.42710784,-75.68969587,5747
17--2088,2/15/2017,9:30 AM,JEANNE D'ARC BLVD @ OR174 IC105 RAMP52 (0012417),12417,02 - Intersection related,03 - P.D. only,03 - Rear end,02 - Rain,01 - Daylight,03 - Loose snow,01 - Traffic signal,01 - Functioning,2,0,0,0,,0,,,,,379455.5425,5036917.887,45.46819766,-75.54525447,5748
17--1819,2/12/2017,2:25 PM,CARLING AVE @ RICHMOND RD (0010847),10847,02 - Intersection related,03 - P.D. only,03 - Rear end,01 - Clear,01 - Daylight,06 - Ice,01 - Traffic signal,01 - Functioning,2,0,0,0,,0,,,,,360245.679,5024780.387,45.36077506,-75.79226654,5749
17--2089,2/15/2017,9:31 PM,WOODROFFE AVE btwn 260 N OF FALLOWFIELD RD/TRANSITWAY & FALLOWFIELD RD (__3ZA3IOB),__3ZA3IOB,01 - Non intersection,03 - P.D. only,04 - Sideswipe,03 - Snow,07 - Dark,03 - Loose snow,10 - No control,,2,0,0,0,,0,,,,,365009.8992,5018093.825,45.3002171,-75.73227248,5750
17--2355,2/21/2017,9:24 PM,ELGIN ST @ LAURIER AVE (0002232),2232,02 - Intersection related,03 - P.D. only,04 - Sideswipe,01 - Clear,07 - Dark,01 - Dry,01 - Traffic signal,01 - Functioning,2,0,0,0,,0,,,,,367949.0444,5031549.576,45.42103073,-75.69308025,5751
17--182,1/5/2017,1:53 PM,EAGLESON RD btwn FLEWELLYN RD & FAULKNER TR (__3ZA41A),__3ZA41A,01 - Non intersection,03 - P.D. only,03 - Rear end,01 - Clear,01 - Daylight,03 - Loose snow,10 - No control,,2,0,0,0,,0,,,,,355406.2086,5014043.865,45.26453217,-75.85513218,5752
17--209,1/5/2017,3:17 PM,WALKLEY RD btwn BAYCREST DR & HEATHERINGTON RD (__3ZA361),__3ZA361,04 - At/near private drive,03 - P.D. only,02 - Angle,01 - Clear,01 - Daylight,02 - Wet,10 - No control,,2,0,0,0,,0,,,,,371741.2089,5026779.893,45.3777625,-75.64527651,5753
17--2356,2/21/2017,9:27 PM,STRANDHERD DR @ LONGFIELDS DR (0010935),10935,02 - Intersection related,03 - P.D. only,04 - Sideswipe,02 - Rain,07 - Dark,02 - Wet,01 - Traffic signal,01 - Functioning,2,0,0,0,,0,,,,,364547.8975,5015174.509,45.27398861,-75.73851442,5754
17--1820,2/12/2017,2:30 PM,HIGHWAY 417 btwn HWY417 IC126 RAMP51 & HWY417 IC126 RAMP25 (__3ZA2RD),__3ZA2RD,01 - Non intersection,02 - Non-fatal injury,04 - Sideswipe,03 - Snow,01 - Daylight,03 - Loose snow,10 - No control,,2,0,0,0,02 - Minor,1,,1,,,363263.0819,5025964.377,45.37118332,-75.75361416,5755
17--1821,2/12/2017,2:45 AM,BLAIR RD @ REGIONAL RD 174 S/OR174 IC112 RAMP15 (0012435),12435,02 - Intersection related,03 - P.D. only,03 - Rear end,03 - Snow,07 - Dark,03 - Loose snow,01 - Traffic signal,00 - Unknown,2,0,0,0,,0,,,,,374908.1309,5032662.95,45.43038549,-75.60400883,5756
17--1822,2/12/2017,2:56 AM,REGIONAL ROAD 174 EB btwn HWY417 IC113 RAMP65 & OR174 BLAIR IC112 RAMP51 (__3ZAZFJ),__3ZAZFJ,01 - Non intersection,03 - P.D. only,07 - SMV other,03 - Snow,07 - Dark,04 - Slush,10 - No control,,1,0,0,0,,0,,,,,374754.8064,5032785.196,45.43150075,-75.60595073,5757
17--1823,2/12/2017,3:00 PM,MARKETPLACE AVE btwn GREENBANK RD & TRANSITWAY SOUTHWEST (__4LZBJR),__4LZBJR,01 - Non intersection,03 - P.D. only,07 - SMV other,03 - Snow,01 - Daylight,03 - Loose snow,10 - No control,,1,0,0,0,,0,,,,,364096.3913,5014651.123,45.2693174,-75.74433086,5758
17--1824,2/12/2017,3:10 PM,WOODROFFE AVE @ KNOXDALE RD/MEDHURST DR (0000519),519,03 - At intersection,02 - Non-fatal injury,02 - Angle,03 - Snow,01 - Daylight,03 - Loose snow,01 - Traffic signal,01 - Functioning,2,0,0,0,02 - Minor,1,,1,,,363420.5465,5021827.777,45.33394946,-75.75209445,5759
17--1825,2/12/2017,3:21 PM,KILSPINDIE RIDGE btwn FERGUSLEA LANE & KILSPINDIE RIDGE (e___1G33),e___1G33,04 - At/near private drive,03 - P.D. only,06 - SMV unattended vehicle,03 - Snow,01 - Daylight,03 - Loose snow,10 - No control,,1,0,0,0,,0,,,,,366272.989,5012620.924,45.25086284,-75.71684619,5760
17--1826,2/12/2017,3:30 PM,NAVAN RD @ TRIM RD (0004075),4075,02 - Intersection related,03 - P.D. only,01 - Approaching,03 - Snow,01 - Daylight,05 - Packed snow,02 - Stop sign,01 - Functioning,2,0,0,0,,0,,,,,388560.5497,5032375.15,45.42629439,-75.4296062,5761
17--1827,2/12/2017,3:30 PM,HWY417 IC115 RAMP36 btwn HIGHWAY 417 & TRANSIT (__3ZAY67),__3ZAY67,01 - Non intersection,03 - P.D. only,03 - Rear end,03 - Snow,01 - Daylight,03 - Loose snow,10 - No control,,2,0,0,0,,0,,,,,372329.8417,5031524.448,45.42039549,-75.63711196,5762
17--1828,2/12/2017,3:30 PM,HWY417 IC138 RAMP61 btwn HWY417 IC138 RAMP62 & HIGHWAY 417 (__3ZAYB2),__3ZAYB2,01 - Non intersection,03 - P.D. only,07 - SMV other,03 - Snow,01 - Daylight,03 - Loose snow,10 - No control,,1,0,0,0,,0,,,,,353203.1801,5020496.381,45.3227485,-75.88257366,5763
17--1829,2/12/2017,3:35 PM,RIVERSIDE DR RAMP 42A @ RIVERSIDE DR RAMP 42B (0002522),2522,02 - Intersection related,03 - P.D. only,04 - Sideswipe,02 - Rain,01 - Daylight,03 - Loose snow,03 - Yield sign,01 - Functioning,2,0,0,0,,0,,,,,368480.7096,5027090.545,45.38086159,-75.68686306,5764
17--183,1/5/2017,10:18 AM,ALGOMA RD @ STAR TOP RD (0009433),9433,02 - Intersection related,03 - P.D. only,03 - Rear end,01 - Clear,01 - Daylight,06 - Ice,02 - Stop sign,01 - Functioning,2,0,0,0,,0,,,,,373932.5843,5031218.022,45.41748189,-75.61667773,5765
17--1830,2/12/2017,3:56 AM,TIVERTON DR btwn KILMORY CRES & BELIVEAU ST (__3ZAAYL),__3ZAAYL,04 - At/near private drive,03 - P.D. only,99 - Other,03 - Snow,07 - Dark,03 - Loose snow,10 - No control,,2,0,0,0,,0,,,,,365598.3405,5024424.359,45.35712781,-75.72399259,5766
17--1831,2/12/2017,4:19 PM,COLONEL BY DR btwn HAWTHORNE AVE & MAIN ST (__3ZA218),__3ZA218,01 - Non intersection,03 - P.D. only,01 - Approaching,03 - Snow,01 - Daylight,03 - Loose snow,10 - No control,,2,0,0,0,,0,,,,,368766.6411,5030697.531,45.41329005,-75.68274465,5767
17--1832,2/12/2017,4:23 PM,OLD TENTH LINE RD/OR174 IC101 RAMP63 @ ST. JOS (0009233),9233,03 - At intersection,03 - P.D. only,02 - Angle,03 - Snow,01 - Daylight,04 - Slush,01 - Traffic signal,01 - Functioning,2,0,0,0,,0,,,,,383121.283,5038784.022,45.48458602,-75.49808402,5768
17--1833,2/12/2017,4:25 PM,HWY 417 INNES IC112R68 @ INNES RD (0012300),12300,03 - At intersection,03 - P.D. only,04 - Sideswipe,03 - Snow,01 - Daylight,05 - Packed snow,01 - Traffic signal,01 - Functioning,2,0,0,0,,0,,,,,374640.823,5030921.514,45.41474373,-75.60767152,5769
17--1834,2/12/2017,4:54 PM,EAGLESON RD btwn Continuation of EAGLESON RD & FERNBANK RD (__3ZA1ZX),__3ZA1ZX,01 - Non intersection,02 - Non-fatal injury,01 - Approaching,03 - Snow,05 - Dusk,03 - Loose snow,10 - No control,,2,0,0,0,01 - Minimal,1,1,,,,354758.83,5015686.421,45.27935856,-75.86321585,5770
17--1835,2/12/2017,4:56 PM,WOODROFFE AVE NB btwn WEST HUNT CLUB RD & SPORTSPLEX N (__3ZA245A),__3ZA245A,01 - Non intersection,03 - P.D. only,04 - Sideswipe,03 - Snow,01 - Daylight,03 - Loose snow,10 - No control,,2,0,0,0,,0,,,,,363714.3579,5021174.298,45.3280449,-75.74842398,5771
17--1836,2/12/2017,4:57 PM,CEDARVIEW RD @ HWY 416 WESTHUNT IC72R24 (0005514),5514,02 - Intersection related,03 - P.D. only,03 - Rear end,03 - Snow,01 - Daylight,05 - Packed snow,02 - Stop sign,00 - Unknown,2,0,0,0,,0,,,,,359608.6365,5019744.151,45.315509,-75.80095527,5772
17--1837,2/12/2017,5:10 PM,HIGHWAY 417 btwn HWY417 IC127 RAMP25 & HWY417 IC126 RAMP51 (__3ZA2XA),__3ZA2XA,01 - Non intersection,03 - P.D. only,03 - Rear end,05 - Drifting Snow,07 - Dark,03 - Loose snow,10 - No control,,2,0,0,0,,0,,,,,362401.1735,5025038.545,45.36292415,-75.76472499,5773
17--1838,2/12/2017,5:19 PM,ST. JOSEPH BLVD/OLD MONTREAL RD @ TRIM RD (0004118),4118,03 - At intersection,03 - P.D. only,07 - SMV other,03 - Snow,05 - Dusk,05 - Packed snow,11 - Roundabout,01 - Functioning,1,0,0,0,,0,,,,,384683.1902,5039284.753,45.48891412,-75.4780252,5774
17--1839,2/12/2017,6:02 PM,BYRON AVE @ ISLAND PARK DR (0006365),6365,02 - Intersection related,03 - P.D. only,05 - Turning movement,03 - Snow,07 - Dark,03 - Loose snow,01 - Traffic signal,00 - Unknown,2,0,0,0,,0,,,,,364255.4088,5028603.658,45.39484764,-75.74062857,5775
17--184,1/5/2017,10:26 AM,CRESTWAY DR @ STRANDHERD DR (0010538),10538,02 - Intersection related,03 - P.D. only,03 - Rear end,01 - Clear,01 - Daylight,06 - Ice,01 - Traffic signal,01 - Functioning,2,0,0,0,,0,,,,,366346.9028,5015471.37,45.27650459,-75.71555147,5776
17--1840,2/12/2017,6:15 PM,DONALD ST @ EVE ST (0008512),8512,03 - At intersection,02 - Non-fatal injury,05 - Turning movement,03 - Snow,07 - Dark,03 - Loose snow,02 - Stop sign,01 - Functioning,2,0,0,0,01 - Minimal,1,1,,,,370914.2201,5032338.207,45.42785256,-75.65508938,5777
17--1841,2/12/2017,6:20 PM,FERNBANK RD @ JINKINSON RD (0005435),5435,02 - Intersection related,03 - P.D. only,07 - SMV other,03 - Snow,07 - Dark,04 - Slush,02 - Stop sign,00 - Unknown,1,0,0,0,,0,,,,,345887.6171,5007695.059,45.20802302,-75.97694497,5778
17--1842,2/12/2017,6:40 PM,ADELINE ST @ PRESTON ST (0006113),6113,03 - At intersection,03 - P.D. only,02 - Angle,03 - Snow,07 - Dark,03 - Loose snow,02 - Stop sign,00 - Unknown,2,0,0,0,,0,,,,,366780.0349,5029049.217,45.39863775,-75.7083308,5779
17--1843,2/12/2017,7:00 PM,HIGHWAY 417 btwn HWY417 IC134 RAMP51 & HWY417 IC134 RAMP35 (__3ZAZET),__3ZAZET,01 - Non intersection,03 - P.D. only,07 - SMV other,03 - Snow,07 - Dark,03 - Loose snow,10 - No control,,1,0,0,0,,0,,,,,356233.1945,5022136.589,45.33729181,-75.84375514,5780
17--1844,2/12/2017,7:01 PM,BANK ST @ MARCO ST (0005711),5711,03 - At intersection,02 - Non-fatal injury,02 - Angle,03 - Snow,07 - Dark,03 - Loose snow,02 - Stop sign,01 - Functioning,2,0,0,0,02 - Minor,1,,1,,,377859.1028,5015733.469,45.27776091,-75.56880161,5781
17--1845,2/12/2017,7:45 PM,HIGHWAY 417 btwn HWY417 IC112 RAMP56 & HWY417 IC112 RAMP64 (__3ZAZE7),__3ZAZE7,01 - Non intersection,03 - P.D. only,03 - Rear end,03 - Snow,07 - Dark,03 - Loose snow,10 - No control,,2,0,0,0,,0,,,,,374660.2258,5030765.198,45.41333534,-75.60744581,5782
17--1846,2/12/2017,7:50 PM,HIGHWAY 417 btwn HWY417 IC112 RAMP66 & HWY417 IC113 RAMP65 (__3ZA284),__3ZA284,01 - Non intersection,03 - P.D. only,07 - SMV other,05 - Drifting Snow,07 - Dark,03 - Loose snow,10 - No control,,1,0,0,0,,0,,,,,374156.4581,5031535.666,45.42031773,-75.61377287,5783
17--1847,2/12/2017,8:42 PM,JOCKVALE RD/RIDEAU VALLEY DR @ PRINCE OF WALES (0004638),4638,02 - Intersection related,03 - P.D. only,03 - Rear end,03 - Snow,07 - Dark,05 - Packed snow,01 - Traffic signal,01 - Functioning,2,0,0,0,,0,,,,,366708.6188,5012191.596,45.24696157,-75.71135034,5784
17--1848,2/12/2017,8:50 PM,RIVERSIDE DR @ BROOKFIELD RD/HOG'S BACK RD (0001627),1627,02 - Intersection related,03 - P.D. only,03 - Rear end,03 - Snow,07 - Dark,05 - Packed snow,01 - Traffic signal,01 - Functioning,2,0,0,0,,0,,,,,368168.4615,5026223.647,45.37308978,-75.69096099,5785
17--1849,2/12/2017,9:30 PM,HIGHWAY 417 btwn HWY417 IC115 RAMP61 & REGIONAL ROAD 174 (__3ZA2XG),__3ZA2XG,01 - Non intersection,03 - P.D. only,07 - SMV other,03 - Snow,07 - Dark,03 - Loose snow,10 - No control,,1,0,0,0,,0,,,,,373232.7727,5031706.981,45.4219501,-75.62555041,5786
17--185,1/5/2017,10:29 PM,BANK ST @ HUNT CLUB RD (0002119),2119,02 - Intersection related,03 - P.D. only,03 - Rear end,02 - Rain,07 - Dark,06 - Ice,01 - Traffic signal,01 - Functioning,2,0,0,0,,0,,,,,371609.2099,5024095.323,45.35362028,-75.64732471,5787
17--1850,2/12/2017,9:30 PM,HIGHWAY 417 btwn HWY417 IC113 RAMP62 & HWY417 IC113 RAMP65 (__3ZA288),__3ZA288,01 - Non intersection,03 - P.D. only,04 - Sideswipe,03 - Snow,07 - Dark,03 - Loose snow,10 - No control,,2,0,0,0,,0,,,,,373995.5911,5031751.567,45.42227622,-75.61579784,5788
17--1851,2/12/2017,9:44 PM,BRONSON AVE @ SUNNYSIDE AVE/UNIVERSITY RD - CA (0007209),7209,02 - Intersection related,03 - P.D. only,99 - Other,01 - Clear,07 - Dark,03 - Loose snow,01 - Traffic signal,01 - Functioning,2,0,0,0,,0,,,,,367922.7101,5028094.016,45.38994104,-75.6938591,5789
17--1852,2/12/2017,9:53 PM,HERZBERG RD @ CARLING AVE (0003193),3193,03 - At intersection,03 - P.D. only,07 - SMV other,03 - Snow,07 - Dark,05 - Packed snow,01 - Traffic signal,01 - Functioning,1,0,0,0,,0,,,,,352036.1191,5022299.367,45.33905164,-75.89728769,5790
17--1853,2/12/2017,9:56 PM,OLD TENTH LINE RD @ TENTH LINE RD (0009223),9223,03 - At intersection,03 - P.D. only,02 - Angle,03 - Snow,07 - Dark,06 - Ice,01 - Traffic signal,01 - Functioning,2,0,0,0,,0,,,,,383042.7656,5038357.853,45.48076055,-75.49915619,5791