Anom_ID,Accident_Date,Accident_Time,Location,Geo_ID,Accident_Location,Classification_of_Accident,Initial_Impact_Type,Environment_Condition,Light,Road_Surface_Condition,Traffic_Control,Traffic_Control_Condition,No__of_Vehicles,No__of_Bicycles,No__of_Motorcycles,No__of_Pedestrians,Max_Injury,No__of_Injuries,No__of_Minimal,No__of_Minor,No__of_Major,No__of_Fatal,X,Y,Latitude,Longitude,ObjectId
17--1854,2/13/2017,1:04 PM,HAWTHORNE RD @ HUNT CLUB RD (0007651),7651,02 - Intersection related,03 - P.D. only,03 - Rear end,01 - Clear,01 - Daylight,04 - Slush,01 - Traffic signal,01 - Functioning,2,0,0,0,,0,,,,,375508.5004,5026405.404,45.37402297,-75.59723417,5792
17--1855,2/13/2017,1:05 PM,CAHILL DR @ HUNT CLUB RD (0011394),11394,03 - At intersection,03 - P.D. only,02 - Angle,01 - Clear,01 - Daylight,02 - Wet,01 - Traffic signal,01 - Functioning,2,0,0,0,,0,,,,,372408.4852,5024541.384,45.35755717,-75.63706384,5793
17--1856,2/13/2017,1:15 AM,DONALD ST @ ST. LAURENT BLVD (0008630),8630,02 - Intersection related,03 - P.D. only,04 - Sideswipe,03 - Snow,07 - Dark,04 - Slush,01 - Traffic signal,01 - Functioning,2,0,0,0,,0,,,,,372092.9624,5032472.96,45.42895259,-75.64000885,5794
17--1857,2/13/2017,1:25 PM,EAGLESON RD btwn HWY417 IC138 RAMP51 & KATIMAVIK RD (__3ZA41W),__3ZA41W,01 - Non intersection,03 - P.D. only,04 - Sideswipe,01 - Clear,01 - Daylight,02 - Wet,10 - No control,,3,0,0,0,,0,,,,,353161.8196,5019706.878,45.31564724,-75.88317831,5795
17--1858,2/13/2017,1:49 PM,MCWATTERS RD btwn LISA AVE & STANTON RD (__3ZA161),__3ZA161,04 - At/near private drive,03 - P.D. only,99 - Other,01 - Clear,01 - Daylight,05 - Packed snow,10 - No control,,2,0,0,0,,0,,,,,360617.3708,5023101.991,45.3456434,-75.78771195,5796
17--1859,2/13/2017,1:49 PM,CARLING AVE @ KIRKWOOD AVE S (0002209),2209,02 - Intersection related,03 - P.D. only,04 - Sideswipe,01 - Clear,01 - Daylight,01 - Dry,01 - Traffic signal,01 - Functioning,2,0,0,0,,0,,,,,364353.2014,5027336.423,45.38343698,-75.73953259,5797
17--186,1/5/2017,10:47 AM,BASELINE RD @ FISHER AVE (0002346),2346,02 - Intersection related,02 - Non-fatal injury,03 - Rear end,01 - Clear,01 - Daylight,05 - Packed snow,01 - Traffic signal,01 - Functioning,3,0,0,0,01 - Minimal,1,1,,,,366164.1185,5026030.249,45.37152801,-75.71657246,5798
17--1860,2/13/2017,10:00 PM,WILLARD ST btwn SCOTIA PL & BELLWOOD AVE (__3ZA9HJ),__3ZA9HJ,01 - Non intersection,03 - P.D. only,06 - SMV unattended vehicle,03 - Snow,07 - Dark,04 - Slush,10 - No control,,1,0,0,0,,0,,,,,368975.509,5028343.978,45.39209444,-75.68038265,5799
17--1861,2/13/2017,10:10 AM,HERON RD WB btwn TURN LANE & DATA CENTRE RD (__5FEO7D),__5FEO7D,01 - Non intersection,03 - P.D. only,04 - Sideswipe,03 - Snow,01 - Daylight,04 - Slush,10 - No control,,2,0,0,0,,0,,,,,368986.0027,5026741.922,45.37767867,-75.68045697,5800
17--1862,2/13/2017,10:18 AM,AVIATION PKWY @ MONTREAL RD (0008799),8799,02 - Intersection related,03 - P.D. only,03 - Rear end,03 - Snow,01 - Daylight,03 - Loose snow,01 - Traffic signal,01 - Functioning,2,0,0,0,,0,,,,,372145.2157,5034110.459,45.44368099,-75.63911713,5801
17--1863,2/13/2017,10:28 AM,RAINSFORD AVE btwn WILSON ST & CLARKE AVE (__3ZA7RG),__3ZA7RG,04 - At/near private drive,03 - P.D. only,99 - Other,01 - Clear,01 - Daylight,03 - Loose snow,10 - No control,,2,0,0,0,,0,,,,,372201.9852,5033807.702,45.44095146,-75.63843298,5802
17--1864,2/13/2017,10:40 PM,HIGHWAY 417 btwn HWY 417 ANDERSON IC104R61 & HWY 417 BOUNDARY IC96R16 (__3ZA2W5),__3ZA2W5,01 - Non intersection,03 - P.D. only,07 - SMV other,01 - Clear,07 - Dark,01 - Dry,10 - No control,,1,0,0,0,,0,,,,,383892.7968,5025310.794,45.36327834,-75.49037932,5803
17--1865,2/13/2017,10:42 AM,KLONDIKE RD @ MARCH RD (0003096),3096,03 - At intersection,03 - P.D. only,02 - Angle,03 - Snow,01 - Daylight,04 - Slush,01 - Traffic signal,01 - Functioning,2,0,0,0,,0,,,,,349263.7215,5024061.246,45.35508662,-75.93250208,5804
17--1866,2/13/2017,10:50 AM,HWY 417 VANIER IC117R63 @ VANIER PKWY (0002101),2101,03 - At intersection,03 - P.D. only,04 - Sideswipe,03 - Snow,01 - Daylight,05 - Packed snow,01 - Traffic signal,01 - Functioning,2,0,0,0,,0,,,,,370798.859,5031396.434,45.41938978,-75.65668966,5805
17--1867,2/13/2017,11:34 AM,HEMMINGWOOD WAY @ NORTHGATE ST (0001135),1135,02 - Intersection related,03 - P.D. only,04 - Sideswipe,01 - Clear,01 - Daylight,02 - Wet,02 - Stop sign,00 - Unknown,2,0,0,0,,0,,,,,362062.6764,5023090.623,45.34542461,-75.76927114,5806
17--1868,2/13/2017,Unknown,GENTLE GATE CRES btwn TAPIOLA CRES & TAPIOLA CRES (__3ZA9GL),__3ZA9GL,01 - Non intersection,03 - P.D. only,06 - SMV unattended vehicle,03 - Snow,00 - Unknown,05 - Packed snow,10 - No control,,1,0,0,0,,0,,,,,371680.8987,5025167.304,45.36325876,-75.64626481,5807
17--1869,2/13/2017,Unknown,KING GEORGE ST btwn VERA ST & QUILL ST (__3ZA4AH),__3ZA4AH,01 - Non intersection,03 - P.D. only,06 - SMV unattended vehicle,03 - Snow,00 - Unknown,03 - Loose snow,10 - No control,,1,0,0,0,,0,,,,,370635.9366,5032055.929,45.42533899,-75.65868307,5808
17--187,1/5/2017,10:48 AM,ROGER STEVENS DR @ THIRD LINE RD (0011801),11801,03 - At intersection,03 - P.D. only,03 - Rear end,03 - Snow,01 - Daylight,04 - Slush,02 - Stop sign,00 - Unknown,2,0,0,0,,0,,,,,368211.6746,5000397.288,45.14070227,-75.69370497,5809
17--1870,2/13/2017,Unknown,CONCORD ST @ MONTCALM ST (0012026),12026,02 - Intersection related,03 - P.D. only,06 - SMV unattended vehicle,01 - Clear,00 - Unknown,01 - Dry,02 - Stop sign,00 - Unknown,1,0,0,0,,0,,,,,369076.7556,5031013.217,45.41610206,-75.67874178,5810
17--1871,2/13/2017,Unknown,GARLAND ST @ SOMERSET ST W/WELLINGTON ST (0006483),6483,02 - Intersection related,03 - P.D. only,06 - SMV unattended vehicle,03 - Snow,00 - Unknown,04 - Slush,01 - Traffic signal,00 - Unknown,1,0,0,0,,0,,,,,365654.1706,5029846.796,45.40591294,-75.72261167,5811
17--1872,2/13/2017,Unknown,JAMES ST btwn BAY ST & LYON ST N (__3ZA8F0),__3ZA8F0,01 - Non intersection,03 - P.D. only,06 - SMV unattended vehicle,03 - Snow,00 - Unknown,03 - Loose snow,10 - No control,,1,0,0,0,,0,,,,,367388.0797,5030436.594,45.41106687,-75.70038892,5812
17--1873,2/13/2017,12:02 AM,WOODROFFE AVE @ CLARIDGE DR/STONEWAY DR N (0009791),9791,02 - Intersection related,03 - P.D. only,07 - SMV other,03 - Snow,07 - Dark,05 - Packed snow,01 - Traffic signal,01 - Functioning,1,0,0,0,,0,,,,,365577.0535,5016708.143,45.28769999,-75.72521124,5813
17--1874,2/13/2017,12:20 PM,HIGHWAY 417 btwn HWY417 IC139 RAMP15 & HWY417 IC138 RAMP51 (__3ZA2QR),__3ZA2QR,01 - Non intersection,02 - Non-fatal injury,07 - SMV other,01 - Clear,01 - Daylight,02 - Wet,10 - No control,,1,0,0,0,01 - Minimal,1,1,,,,352218.9335,5019650.816,45.3152071,-75.89520886,5814
17--1875,2/13/2017,12:34 PM,TROJAN AVE btwn PAUL AVE & CLARKE AVE (__3ZA1MD),__3ZA1MD,04 - At/near private drive,03 - P.D. only,06 - SMV unattended vehicle,01 - Clear,01 - Daylight,03 - Loose snow,10 - No control,,1,0,0,0,,0,,,,,372020.2574,5033583.074,45.43894786,-75.64078634,5815
17--1876,2/13/2017,12:50 AM,HIGHWAY 416 btwn HWY416 IC72 RAMP62 & HWY416 IC72 RAMP24 (__3ZAZEQ),__3ZAZEQ,01 - Non intersection,03 - P.D. only,07 - SMV other,01 - Clear,07 - Dark,03 - Loose snow,10 - No control,,1,0,0,0,,0,,,,,359457.4134,5019657.968,45.31474531,-75.80289337,5816
17--1877,2/13/2017,12:53 PM,BELL ST    N btwn CHRISTIE ST & WILLOW ST (__3ZA0VR),__3ZA0VR,04 - At/near private drive,03 - P.D. only,05 - Turning movement,01 - Clear,01 - Daylight,03 - Loose snow,10 - No control,,2,0,0,0,,0,,,,,366896.3542,5030081.793,45.40791828,-75.70671518,5817
17--1878,2/13/2017,2:15 PM,LERNER WAY @ MISS OTTAWA ST (0008673),8673,03 - At intersection,03 - P.D. only,02 - Angle,01 - Clear,01 - Daylight,05 - Packed snow,02 - Stop sign,01 - Functioning,2,0,0,0,,0,,,,,375847.2959,5034516.633,45.44696904,-75.59174012,5818
17--1879,2/13/2017,2:20 PM,BANK ST @ 80 S OF HUNT CLUB RD/TOWNGATE PLAZA  (0008230),8230,03 - At intersection,03 - P.D. only,02 - Angle,01 - Clear,01 - Daylight,02 - Wet,01 - Traffic signal,00 - Unknown,2,0,0,0,,0,,,,,371688.3124,5024096.287,45.35362141,-75.64631512,5819
17--188,1/5/2017,11:01 AM,HAWTHORNE RD btwn LEITRIM RD & LOUISEIZE RD (__3ZBO24),__3ZBO24,01 - Non intersection,03 - P.D. only,03 - Rear end,01 - Clear,01 - Daylight,06 - Ice,10 - No control,,5,0,0,0,,0,,,,,377078.2467,5022615.94,45.33976714,-75.5777492,5820
17--1880,2/13/2017,2:30 PM,FALLOWFIELD RD btwn RICHMOND RD & STEEPLE HILL CRES (__3ZA4Y4),__3ZA4Y4,01 - Non intersection,03 - P.D. only,99 - Other,01 - Clear,01 - Daylight,01 - Dry,10 - No control,,2,0,0,0,,0,,,,,357875.1473,5013617.71,45.26051559,-75.82371852,5821
17--1881,2/13/2017,2:36 PM,ST. JOSEPH BLVD/OLD MONTREAL RD @ TRIM RD (0004118),4118,03 - At intersection,03 - P.D. only,04 - Sideswipe,01 - Clear,01 - Daylight,03 - Loose snow,11 - Roundabout,01 - Functioning,2,0,0,0,,0,,,,,384683.0337,5039290.91,45.48896953,-75.4780262,5822
17--1882,2/13/2017,3:13 PM,BRONSON AVE @ GLADSTONE AVE (0002110),2110,02 - Intersection related,03 - P.D. only,05 - Turning movement,03 - Snow,01 - Daylight,03 - Loose snow,01 - Traffic signal,01 - Functioning,2,0,0,0,,0,,,,,367133.7041,5030081.565,45.40789513,-75.70368334,5823
17--1883,2/13/2017,3:15 PM,QUEEN MARY ST @ VANIER PKWY (0007648),7648,02 - Intersection related,03 - P.D. only,03 - Rear end,01 - Clear,01 - Daylight,03 - Loose snow,01 - Traffic signal,00 - Unknown,2,0,0,0,,0,,,,,370364.1227,5031957.997,45.42448337,-75.66216923,5824
17--1884,2/13/2017,3:32 PM,BRONSON AVE btwn GILMOUR ST & CHRISTIE ST (__3ZA30C),__3ZA30C,04 - At/near private drive,02 - Non-fatal injury,02 - Angle,01 - Clear,01 - Daylight,02 - Wet,10 - No control,,2,0,0,0,01 - Minimal,2,2,,,,367045.3501,5030289.844,45.40977702,-75.70478566,5825
17--1885,2/13/2017,3:36 PM,HERON RD @ BAYCREST DR (0007191),7191,02 - Intersection related,03 - P.D. only,03 - Rear end,03 - Snow,01 - Daylight,06 - Ice,01 - Traffic signal,01 - Functioning,2,0,0,0,,0,,,,,371146.0874,5026979.179,45.37961221,-75.65284757,5826
17--1886,2/13/2017,3:44 PM,BOUNDARY RD @ THUNDER RD (0004215),4215,02 - Intersection related,03 - P.D. only,05 - Turning movement,03 - Snow,01 - Daylight,03 - Loose snow,02 - Stop sign,01 - Functioning,2,0,0,0,,0,,,,,387598.82,5023364.994,45.34534379,-75.44340566,5827
17--1887,2/13/2017,3:47 PM,ST. LAURENT BLVD @ TREMBLAY RD (0002573),2573,03 - At intersection,03 - P.D. only,05 - Turning movement,01 - Clear,01 - Daylight,02 - Wet,01 - Traffic signal,01 - Functioning,2,0,0,0,,0,,,,,372595.7139,5031244.045,45.41784684,-75.63375365,5828
17--1888,2/13/2017,4:00 PM,EAGLESON RD btwn SHATNER GT & HAZELDEAN RD (__3ZA41R),__3ZA41R,01 - Non intersection,03 - P.D. only,03 - Rear end,01 - Clear,01 - Daylight,02 - Wet,10 - No control,,2,0,0,0,,0,,,,,353613.2162,5018572.405,45.30540779,-75.87753315,5829
17--1889,2/13/2017,4:00 PM,BASELINE RD @ GREENBANK RD (0002357),2357,02 - Intersection related,03 - P.D. only,99 - Other,01 - Clear,01 - Daylight,02 - Wet,01 - Traffic signal,01 - Functioning,2,0,0,0,,0,,,,,360597.6843,5022585.626,45.34099872,-75.78802139,5830
17--189,1/5/2017,11:06 AM,MICHAEL ST @ BELFAST RD (0007616),7616,02 - Intersection related,03 - P.D. only,03 - Rear end,01 - Clear,01 - Daylight,06 - Ice,02 - Stop sign,01 - Functioning,2,0,0,0,,0,,,,,373126.5426,5030676.811,45.41269151,-75.62705052,5831
17--1890,2/13/2017,5:02 PM,BATHGATE DR btwn GULF PL & THE ROCKERY PRIV (__3ZA5BV),__3ZA5BV,01 - Non intersection,02 - Non-fatal injury,07 - SMV other,01 - Clear,01 - Daylight,05 - Packed snow,10 - No control,,1,0,0,1,02 - Minor,1,,1,,,373235.516,5034418.108,45.44634316,-75.62513851,5832
17--1891,2/13/2017,5:05 PM,BEARBROOK RD @ CENTREPARK DR N (0003624),3624,02 - Intersection related,03 - P.D. only,03 - Rear end,01 - Clear,01 - Daylight,04 - Slush,02 - Stop sign,00 - Unknown,2,0,0,0,,0,,,,,377787.4945,5033366.695,45.43642276,-75.56711067,5833
17--1892,2/13/2017,5:10 PM,CEDAROCK DR @ STONEHAVEN DR (0003166),3166,03 - At intersection,03 - P.D. only,02 - Angle,01 - Clear,01 - Daylight,01 - Dry,02 - Stop sign,01 - Functioning,2,0,0,0,,0,,,,,354727.123,5016853.96,45.28986658,-75.86350249,5834
17--2357,2/21/2017,9:31 AM,MERIVALE RD @ 210 S OF MEADOWLANDS DR (0005419),5419,02 - Intersection related,03 - P.D. only,07 - SMV other,01 - Clear,01 - Daylight,01 - Dry,01 - Traffic signal,00 - Unknown,1,0,0,0,,0,,,,,364943.346,5023530.535,45.3491418,-75.73246066,5835
17--2090,2/15/2017,9:37 AM,OGILVIE RD btwn BATHGATE DR & CITY PARK DR (1) (__3ZA2G8A),__3ZA2G8A,01 - Non intersection,02 - Non-fatal injury,03 - Rear end,03 - Snow,01 - Daylight,05 - Packed snow,10 - No control,,2,0,0,0,01 - Minimal,1,1,,,,373841.7663,5032808.187,45.43179834,-75.61761511,5836
17--2358,2/22/2017,1:09 PM,VIEWMOUNT DR btwn GLENMANOR DR & MERIVALE RD (__3ZAASQ),__3ZAASQ,01 - Non intersection,03 - P.D. only,04 - Sideswipe,01 - Clear,01 - Daylight,01 - Dry,10 - No control,,2,0,0,0,,0,,,,,365173.9647,5022937.124,45.34378255,-75.72959025,5837
17--2359,2/22/2017,1:32 PM,GREENBANK RD btwn CANFIELD RD & BELLMAN DR (__3ZA4YT),__3ZA4YT,04 - At/near private drive,03 - P.D. only,02 - Angle,01 - Clear,01 - Daylight,02 - Wet,10 - No control,,2,0,0,0,,0,,,,,361200.9977,5021146.193,45.32799848,-75.78048776,5838
17--2091,2/15/2017,9:37 AM,WEST HUNT CLUB RD WB btwn ANTARES DR/LASER ST & PRINCE OF WALES DR (__3ZA3KI),__3ZA3KI,01 - Non intersection,03 - P.D. only,03 - Rear end,03 - Snow,01 - Daylight,04 - Slush,10 - No control,,4,0,0,0,,0,,,,,367360.5378,5021913.207,45.33437794,-75.70182034,5839
17--236,1/5/2017,8:05 AM,BANK ST @ CAHILL DR/DAZE ST (0012178),12178,02 - Intersection related,03 - P.D. only,03 - Rear end,01 - Clear,01 - Daylight,06 - Ice,01 - Traffic signal,01 - Functioning,2,0,0,0,,0,,,,,371307.6734,5024317.586,45.35564879,-75.65114284,5840
17--2092,2/15/2017,9:38 PM,CARLING AVE @ WOODROFFE AVE W (0011470),11470,02 - Intersection related,03 - P.D. only,04 - Sideswipe,01 - Clear,07 - Dark,05 - Packed snow,01 - Traffic signal,01 - Functioning,2,0,0,0,,0,,,,,361767.7672,5025726.015,45.36916171,-75.77273045,5841
17--2360,2/22/2017,1:34 PM,EMPRESS AVE @ PRIMROSE AVE (0010735),10735,02 - Intersection related,03 - P.D. only,06 - SMV unattended vehicle,01 - Clear,01 - Daylight,01 - Dry,10 - No control,00 - Unknown,1,0,0,0,,0,,,,,366657.4219,5030537.23,45.41203733,-75.70971011,5842
17--2093,2/15/2017,9:45 AM,HWY417 IC140 RAMP25 btwn TERRY FOX DR & HIGHWAY 417 (__3ZAYB5),__3ZAYB5,01 - Non intersection,03 - P.D. only,07 - SMV other,01 - Clear,01 - Daylight,03 - Loose snow,10 - No control,,1,0,0,0,,0,,,,,351093.8145,5018623.756,45.30604043,-75.90965404,5843
17--2361,2/22/2017,11:51 PM,HIGHWAY 417 btwn HWY417 IC112 RAMP55 & HIGHWAY 417 (__3ZAZPP),__3ZAZPP,01 - Non intersection,03 - P.D. only,07 - SMV other,01 - Clear,07 - Dark,06 - Ice,10 - No control,,1,0,0,0,,0,,,,,375008.2391,5030634.824,45.41212748,-75.60301861,5844
17--2094,2/15/2017,9:45 AM,HIGHWAY 417 btwn HWY417 IC140 RAMP36 & HWY417 IC140 RAMP16 (__3ZA20N),__3ZA20N,01 - Non intersection,03 - P.D. only,04 - Sideswipe,03 - Snow,01 - Daylight,03 - Loose snow,10 - No control,,2,0,0,0,,0,,,,,350587.7387,5018386.616,45.30393975,-75.91612917,5845
17--2095,2/15/2017,9:46 AM,CRESTWAY DR @ STRANDHERD DR (0010538),10538,03 - At intersection,03 - P.D. only,04 - Sideswipe,03 - Snow,01 - Daylight,03 - Loose snow,01 - Traffic signal,01 - Functioning,2,0,0,0,,0,,,,,366345.4019,5015470.758,45.27649921,-75.71557067,5846
17--2096,2/15/2017,9:48 AM,ST. LAURENT BLVD @ TRANSITWAY (0009137),9137,02 - Intersection related,02 - Non-fatal injury,03 - Rear end,03 - Snow,01 - Daylight,03 - Loose snow,01 - Traffic signal,00 - Unknown,3,0,0,0,01 - Minimal,1,1,,,,372444.3475,5031616.363,45.42121144,-75.63563637,5847
17--2097,2/15/2017,9:50 AM,SECOND AVE btwn O'CONNOR ST & QUEEN ELIZABETH DRWY (__3ZAZDC),__3ZAZDC,01 - Non intersection,03 - P.D. only,01 - Approaching,03 - Snow,01 - Daylight,03 - Loose snow,10 - No control,,2,0,0,0,,0,,,,,368638.8572,5029828.115,45.405479,-75.68448968,5848
17--2098,2/15/2017,9:51 AM,ESCALLONIA CRT btwn ESCALLONIA CRT & ESCALLONIA CRT (e___1G9F),e___1G9F,01 - Non intersection,03 - P.D. only,01 - Approaching,03 - Snow,01 - Daylight,03 - Loose snow,10 - No control,,2,0,0,0,,0,,,,,349760.304,5015963.189,45.28218645,-75.9268995,5849
17--2099,2/15/2017,9:54 AM,BAY ST @ WELLINGTON ST (0010737),10737,03 - At intersection,03 - P.D. only,02 - Angle,03 - Snow,01 - Daylight,03 - Loose snow,01 - Traffic signal,01 - Functioning,2,0,0,0,,0,,,,,366815.7931,5031351.322,45.41934827,-75.70758451,5850
17--21,1/2/2017,10:29 AM,ALBION RD @ RIDEAU RD (0009356),9356,03 - At intersection,03 - P.D. only,02 - Angle,01 - Clear,01 - Daylight,01 - Dry,01 - Traffic signal,01 - Functioning,2,0,0,0,,0,,,,,375085.303,5016667.346,45.28644639,-75.60401929,5851
17--210,1/5/2017,3:18 PM,BANK ST btwn CAHILL DR & TURN LANE (2) (__5AFHMD),__5AFHMD,01 - Non intersection,03 - P.D. only,01 - Approaching,01 - Clear,01 - Daylight,02 - Wet,10 - No control,,2,0,0,0,,0,,,,,371536.1626,5024134.918,45.3539835,-75.64825155,5852
17--2100,2/15/2017,9:56 AM,BANK ST btwn WALKLEY RD & SURREY AVE (__3ZA4TW),__3ZA4TW,01 - Non intersection,03 - P.D. only,03 - Rear end,03 - Snow,01 - Daylight,03 - Loose snow,10 - No control,,2,0,0,0,,0,,,,,370369.182,5025851.665,45.36954035,-75.66291625,5853
17--2101,2/16/2017,1:36 PM,BYRON AVE btwn GOLDEN AVE & ROOSEVELT AVE (__3ZA5W6),__3ZA5W6,01 - Non intersection,03 - P.D. only,06 - SMV unattended vehicle,03 - Snow,01 - Daylight,03 - Loose snow,10 - No control,,1,0,0,0,,0,,,,,362918.0207,5027995.835,45.38949082,-75.75777998,5854
17--2102,2/16/2017,10:03 AM,EPWORTH AVE btwn BASSANO ST & PENDER ST (__3ZA15H),__3ZA15H,01 - Non intersection,03 - P.D. only,01 - Approaching,01 - Clear,01 - Daylight,03 - Loose snow,10 - No control,,2,0,0,0,,0,,,,,364293.445,5023823.295,45.35183145,-75.74071863,5855
17--2103,2/16/2017,10:20 AM,BANK ST btwn BELMONT AVE & GROVE AVE (__3ZA3N1),__3ZA3N1,04 - At/near private drive,03 - P.D. only,02 - Angle,01 - Clear,01 - Daylight,02 - Wet,10 - No control,,2,0,0,0,,0,,,,,368837.181,5028387.081,45.39249493,-75.68214353,5856
17--2104,2/16/2017,10:25 AM,CARLING AVE @ PINECREST  RD/GREENVIEW AVE (0001630),1630,03 - At intersection,03 - P.D. only,04 - Sideswipe,01 - Clear,01 - Daylight,01 - Dry,01 - Traffic signal,01 - Functioning,2,0,0,0,,0,,,,,360007.0102,5024634.535,45.35948152,-75.79532907,5857
17--2105,2/16/2017,10:33 AM,CENTRAL PARK DR btwn CRYSTAL PARK CRES & MERIVALE RD (__3ZAZ7C),__3ZAZ7C,04 - At/near private drive,03 - P.D. only,03 - Rear end,01 - Clear,01 - Daylight,05 - Packed snow,10 - No control,,2,0,0,0,,0,,,,,364924.4758,5025868.906,45.37018373,-75.73241701,5858
17--2106,2/16/2017,10:50 AM,GLEBE AVE btwn BRONSON AVE & PERCY ST (__3ZA4AR),__3ZA4AR,04 - At/near private drive,03 - P.D. only,99 - Other,03 - Snow,01 - Daylight,05 - Packed snow,10 - No control,,2,0,0,0,,0,,,,,367678.5677,5029447.218,45.40213873,-75.69680425,5859
17--2107,2/16/2017,10:58 AM,EARL ARMSTRONG RD @ RIVER RD (0012470),12470,02 - Intersection related,02 - Non-fatal injury,03 - Rear end,03 - Snow,01 - Daylight,02 - Wet,01 - Traffic signal,01 - Functioning,2,0,0,0,01 - Minimal,1,1,,,,367572.3841,5014685.066,45.26932115,-75.70003297,5860
17--2108,2/16/2017,11:13 AM,DORCHESTER AVE btwn HOLLINGTON ST & CHEVRIER ST (__3ZA0OT),__3ZA0OT,01 - Non intersection,03 - P.D. only,06 - SMV unattended vehicle,01 - Clear,01 - Daylight,03 - Loose snow,10 - No control,,1,0,0,0,,0,,,,,365496.3082,5026951.807,45.37987817,-75.72498425,5861
17--2109,2/16/2017,11:45 AM,MACKENZIE AVE @ RIDEAU ST (0002136),2136,02 - Intersection related,02 - Non-fatal injury,03 - Rear end,01 - Clear,01 - Daylight,02 - Wet,01 - Traffic signal,01 - Functioning,2,0,0,0,01 - Minimal,2,2,,,,367870.0337,5032010.249,45.42518284,-75.69403077,5862
17--211,1/5/2017,3:55 PM,EARL ARMSTRONG RD @ SPRATT RD (0013063),13063,03 - At intersection,02 - Non-fatal injury,05 - Turning movement,01 - Clear,01 - Daylight,02 - Wet,01 - Traffic signal,01 - Functioning,2,0,0,0,02 - Minor,2,1,1,,,368395.9586,5015010.303,45.27217361,-75.68949679,5863
17--2110,2/16/2017,11:46 AM,BESSERER ST @ WALLER ST (0008859),8859,03 - At intersection,03 - P.D. only,04 - Sideswipe,01 - Clear,01 - Daylight,02 - Wet,01 - Traffic signal,01 - Functioning,2,0,0,0,,0,,,,,368316.2678,5032191.978,45.42677759,-75.6883055,5864
17--2111,2/16/2017,11:57 AM,BLACKBURN BYPASS @ NAVAN RD (0004201),4201,02 - Intersection related,02 - Non-fatal injury,03 - Rear end,03 - Snow,01 - Daylight,05 - Packed snow,01 - Traffic signal,01 - Functioning,2,0,0,0,01 - Minimal,1,1,,,,379617.6607,5033274.525,45.43540005,-75.54373565,5865
17--2112,2/16/2017,Unknown,THORNDALE DR btwn PROVOST DR & STANSTEAD RD (__3ZA9G5),__3ZA9G5,01 - Non intersection,03 - P.D. only,06 - SMV unattended vehicle,03 - Snow,00 - Unknown,03 - Loose snow,10 - No control,,1,0,0,0,,0,,,,,369524.8979,5025281.164,45.36448563,-75.67376834,5866
17--2113,2/16/2017,Unknown,RAINROCK CRES btwn COMPASS ST & DRAGONFLY WALK (e___2HP7),e___2HP7,01 - Non intersection,03 - P.D. only,06 - SMV unattended vehicle,01 - Clear,00 - Unknown,03 - Loose snow,10 - No control,,1,0,0,0,,0,,,,,382149.8324,5033483.204,45.43700206,-75.51134327,5867
17--2114,2/16/2017,Unknown,ERINDALE DR btwn FORLAN DR & AINSLEY DR (__3ZBOKS),__3ZBOKS,01 - Non intersection,03 - P.D. only,06 - SMV unattended vehicle,03 - Snow,00 - Unknown,03 - Loose snow,10 - No control,,1,0,0,0,,0,,,,,363776.5538,5024729.085,45.3600253,-75.74720679,5868
17--2115,2/16/2017,Unknown,STIRLING AVE @ WELLINGTON ST (0006277),6277,02 - Intersection related,03 - P.D. only,06 - SMV unattended vehicle,01 - Clear,00 - Unknown,02 - Wet,10 - No control,00 - Unknown,1,0,0,0,,0,,,,,365394.3521,5029471.308,45.40255692,-75.72597659,5869
17--2116,2/16/2017,Unknown,BY WARD MARKET SQ btwn YORK ST & GEORGE ST (__3ZBOX6),__3ZBOX6,01 - Non intersection,03 - P.D. only,06 - SMV unattended vehicle,01 - Clear,00 - Unknown,03 - Loose snow,10 - No control,,1,0,0,0,,0,,,,,367968.2162,5032294.121,45.42772816,-75.69273982,5870
17--2117,2/16/2017,12:00 PM,METCALFE ST @ LAURIER AVE (0002231),2231,02 - Intersection related,03 - P.D. only,06 - SMV unattended vehicle,01 - Clear,01 - Daylight,04 - Slush,01 - Traffic signal,00 - Unknown,1,0,0,0,,0,,,,,367790.2403,5031451.576,45.42016327,-75.69512178,5871
17--2118,2/16/2017,12:26 PM,ASSINIBOINE DR btwn REDPINE DR & CHESTERTON DR (__3ZA0AZ),__3ZA0AZ,01 - Non intersection,03 - P.D. only,01 - Approaching,01 - Clear,01 - Daylight,05 - Packed snow,10 - No control,,2,0,0,0,,0,,,,,365631.2737,5023532.073,45.34909631,-75.72368206,5872
17--2119,2/16/2017,12:45 PM,WOODROFFE AVE btwn GEORGINA DR & HWY417 IC127 RAMP36 (__3ZA4L6),__3ZA4L6,01 - Non intersection,02 - Non-fatal injury,03 - Rear end,01 - Clear,01 - Daylight,02 - Wet,10 - No control,,2,0,0,0,02 - Minor,1,,1,,,362019.5408,5025096.247,45.3634746,-75.76958942,5873