Anom_ID,Accident_Date,Accident_Time,Location,Geo_ID,Accident_Location,Classification_of_Accident,Initial_Impact_Type,Environment_Condition,Light,Road_Surface_Condition,Traffic_Control,Traffic_Control_Condition,No__of_Vehicles,No__of_Bicycles,No__of_Motorcycles,No__of_Pedestrians,Max_Injury,No__of_Injuries,No__of_Minimal,No__of_Minor,No__of_Major,No__of_Fatal,X,Y,Latitude,Longitude,ObjectId
17--212,1/5/2017,4:15 PM,GREENBANK RD btwn GREENBANK SQUARE SC & GIBBARD AVE (__3ZA4YOB),__3ZA4YOB,04 - At/near private drive,03 - P.D. only,02 - Angle,01 - Clear,05 - Dusk,04 - Slush,10 - No control,,2,0,0,0,,0,,,,,361412.5165,5020655.107,45.32356266,-75.77784576,5874
17--2120,2/16/2017,12:59 AM,BESSERER ST @ WALLER ST (0008859),8859,02 - Intersection related,02 - Non-fatal injury,03 - Rear end,01 - Clear,07 - Dark,01 - Dry,01 - Traffic signal,01 - Functioning,2,0,0,0,02 - Minor,2,1,1,,,368316.2678,5032191.978,45.42677759,-75.6883055,5875
17--2121,2/16/2017,2:26 PM,RIVER RD btwn OSGOODE MAIN ST & DALMENY RD (__3ZA3TA),__3ZA3TA,01 - Non intersection,03 - P.D. only,07 - SMV other,01 - Clear,01 - Daylight,02 - Wet,10 - No control,,1,0,0,0,,0,,,,,373923.8803,4998531.334,45.12337666,-75.62133895,5876
17--2122,2/16/2017,2:32 PM,PEPPERVILLE CRES btwn TEMPLEFORD AVE & TABARET ST (__7IFXP5),__7IFXP5,01 - Non intersection,03 - P.D. only,02 - Angle,01 - Clear,01 - Daylight,05 - Packed snow,10 - No control,,2,0,0,0,,0,,,,,354528.1742,5015417.041,45.27695097,-75.86618264,5877
17--2123,2/16/2017,2:52 PM,RIDGEWOOD AVE @ RIVERSIDE DR (0007180),7180,02 - Intersection related,03 - P.D. only,03 - Rear end,01 - Clear,01 - Daylight,03 - Loose snow,01 - Traffic signal,01 - Functioning,2,0,0,0,,0,,,,,368281.0392,5025608.195,45.36754192,-75.68960292,5878
17--2124,2/16/2017,3:17 PM,LEES AVE btwn CHESTNUT ST & HWY417 IC118 RAMP45 (__3ZAZD2),__3ZAZD2,04 - At/near private drive,03 - P.D. only,05 - Turning movement,01 - Clear,01 - Daylight,02 - Wet,10 - No control,,2,0,0,0,,0,,,,,369442.1179,5030822.696,45.41435417,-75.67409906,5879
17--2125,2/16/2017,3:40 PM,SOUTHMORE DR @ WALKLEY RD (0006644),6644,03 - At intersection,02 - Non-fatal injury,02 - Angle,01 - Clear,01 - Daylight,02 - Wet,02 - Stop sign,01 - Functioning,2,0,0,0,02 - Minor,3,1,2,,,369710.3897,5025575.198,45.36711411,-75.67136211,5880
17--2126,2/16/2017,4:00 PM,HUNT CLUB RD btwn MCCARTHY RD & RAMP (__3ZA36L),__3ZA36L,01 - Non intersection,03 - P.D. only,04 - Sideswipe,01 - Clear,01 - Daylight,02 - Wet,10 - No control,,2,0,0,0,,0,,,,,370610.1443,5023462.668,45.34802231,-75.66015843,5881
17--2127,2/16/2017,4:07 PM,HINCHEY AVE btwn LADOUCEUR ST & OXFORD ST (__3ZAAHQ),__3ZAAHQ,01 - Non intersection,03 - P.D. only,99 - Other,01 - Clear,01 - Daylight,05 - Packed snow,10 - No control,,2,0,0,0,,0,,,,,365173.9093,5029616.314,45.4038807,-75.72877448,5882
17--2128,2/16/2017,4:17 PM,RICHMOND RD btwn WOODROFFE AVE & LOCKHART AVE (__3ZBPOH),__3ZBPOH,04 - At/near private drive,03 - P.D. only,02 - Angle,01 - Clear,01 - Daylight,01 - Dry,10 - No control,,2,0,0,0,,0,,,,,361640.7903,5026738.318,45.37828064,-75.77423485,5883
17--2129,2/16/2017,4:20 PM,CARP RD @ WESTBROOK RD (0001681),1681,02 - Intersection related,03 - P.D. only,03 - Rear end,01 - Clear,01 - Daylight,03 - Loose snow,01 - Traffic signal,00 - Unknown,2,0,0,0,,0,,,,,347738.3156,5015442.065,45.2776236,-75.95271728,5884
17--213,1/5/2017,4:20 PM,HAWTHORNE RD @ HUNT CLUB RD (0007651),7651,02 - Intersection related,02 - Non-fatal injury,03 - Rear end,01 - Clear,05 - Dusk,06 - Ice,01 - Traffic signal,01 - Functioning,2,0,0,0,02 - Minor,1,,1,,,375508.6083,5026407.388,45.37404081,-75.59723251,5885
17--2130,2/16/2017,4:25 PM,HIGHWAY 417 btwn HWY417 IC104 RAMP15 & HWY417 IC96 RAMP51 (__3ZA2W4),__3ZA2W4,01 - Non intersection,02 - Non-fatal injury,03 - Rear end,01 - Clear,01 - Daylight,01 - Dry,10 - No control,,2,0,0,0,02 - Minor,1,,1,,,381516.5551,5025591.891,45.36607154,-75.52066392,5886
17--2131,2/16/2017,4:30 PM,ALEUTIAN RD btwn CHINOOK CRES & CHINOOK CRES (__3ZAAGH),__3ZAAGH,01 - Non intersection,02 - Non-fatal injury,07 - SMV other,01 - Clear,01 - Daylight,02 - Wet,10 - No control,,1,0,0,1,02 - Minor,1,,1,,,359389.5499,5022218.822,45.33779326,-75.8034765,5887
17--2132,2/16/2017,4:30 PM,COUNTY RD 29 @ HWY 417 CTYRD 29 IC180R51 (0011706),11706,02 - Intersection related,03 - P.D. only,03 - Rear end,01 - Clear,01 - Daylight,01 - Dry,02 - Stop sign,01 - Functioning,2,0,0,0,,0,,,,,318041.3201,5030776.606,45.41680008,-76.33081485,5888
17--2133,2/16/2017,4:49 PM,BASELINE RD @ CLYDE AVE (0002343),2343,02 - Intersection related,02 - Non-fatal injury,03 - Rear end,01 - Clear,01 - Daylight,05 - Packed snow,01 - Traffic signal,01 - Functioning,2,0,0,0,01 - Minimal,1,1,,,,364356.2342,5024890.513,45.36142881,-75.73978878,5889
17--2134,2/16/2017,5:04 PM,INNES RD btwn JEANNE D'ARC BLVD S & WILDFLOWER DR (__3ZA1ZE),__3ZA1ZE,01 - Non intersection,02 - Non-fatal injury,03 - Rear end,01 - Clear,01 - Daylight,01 - Dry,10 - No control,,2,0,0,0,02 - Minor,1,,1,,,382822.369,5035645.227,45.4563794,-75.50240562,5890
17--2135,2/16/2017,5:05 PM,BASELINE RD btwn COBDEN RD & BARBARA ANN PRIV (__3ZA1RV),__3ZA1RV,01 - Non intersection,02 - Non-fatal injury,03 - Rear end,01 - Clear,01 - Daylight,02 - Wet,10 - No control,,2,0,0,0,02 - Minor,1,,1,,,361642.1228,5023212.6,45.34655636,-75.77462337,5891
17--2136,2/16/2017,5:22 AM,OGILVIE RD btwn 125 E OF ELMLEA GT/EARL ARMSTRONG ARENA & ELMLEA GT (__3ZA2DRB),__3ZA2DRB,04 - At/near private drive,03 - P.D. only,02 - Angle,01 - Clear,07 - Dark,03 - Loose snow,10 - No control,,2,0,0,0,,0,,,,,375170.322,5033598.454,45.43877629,-75.60052469,5892
17--2137,2/16/2017,5:22 PM,BELFAST RD @ ST. LAURENT BLVD (0007658),7658,03 - At intersection,03 - P.D. only,05 - Turning movement,01 - Clear,05 - Dusk,03 - Loose snow,01 - Traffic signal,01 - Functioning,2,0,0,0,,0,,,,,372861.7274,5030579.231,45.41183933,-75.63044692,5893
17--2138,2/16/2017,5:43 PM,CARLING AVE @ PARKDALE AVE (0008792),8792,02 - Intersection related,03 - P.D. only,06 - SMV unattended vehicle,03 - Snow,05 - Dusk,04 - Slush,01 - Traffic signal,00 - Unknown,1,0,0,0,,0,,,,,365627.2146,5028172.87,45.39085368,-75.72316242,5894
17--2139,2/16/2017,6:00 PM,WARWICK PL btwn SHERWOOD DR & END (__3ZBOBK),__3ZBOBK,01 - Non intersection,03 - P.D. only,06 - SMV unattended vehicle,03 - Snow,05 - Dusk,03 - Loose snow,10 - No control,,1,0,0,0,,0,,,,,365413.5043,5028868.814,45.39713416,-75.72580601,5895
17--214,1/5/2017,4:30 PM,BANK ST @ JOHNSTON RD (0006967),6967,02 - Intersection related,03 - P.D. only,03 - Rear end,01 - Clear,01 - Daylight,06 - Ice,01 - Traffic signal,01 - Functioning,2,0,0,0,,0,,,,,370853.4472,5024842.103,45.36041117,-75.65686954,5896
17--2140,2/16/2017,6:17 PM,TERRY FOX DR btwn MARCH VALLEY RD & HERZBERG RD (__30XHE4),__30XHE4,04 - At/near private drive,03 - P.D. only,02 - Angle,01 - Clear,07 - Dark,01 - Dry,10 - No control,,2,0,0,0,,0,,,,,351330.4414,5023460.3,45.3495451,-75.90618214,5897
17--2141,2/16/2017,7:00 AM,BASELINE RD @ CLYDE AVE (0002343),2343,02 - Intersection related,03 - P.D. only,04 - Sideswipe,03 - Snow,03 - Dawn,05 - Packed snow,01 - Traffic signal,01 - Functioning,2,0,0,0,,0,,,,,364357.7,5024890.513,45.36142868,-75.73977008,5898
17--2142,2/16/2017,7:00 PM,HIGHWAY 417 btwn HWY417 IC121B RAMP51 & HWY417 IC121A RAMP51 (__3ZA2YW),__3ZA2YW,01 - Non intersection,02 - Non-fatal injury,03 - Rear end,01 - Clear,07 - Dark,02 - Wet,10 - No control,,2,0,0,0,02 - Minor,1,,1,,,367036.5629,5029653.024,45.40404788,-75.7049783,5899
17--2143,2/16/2017,7:02 AM,GREENBANK RD @ WEST HUNT CLUB RD (0005167),5167,03 - At intersection,03 - P.D. only,02 - Angle,03 - Snow,03 - Dawn,06 - Ice,01 - Traffic signal,01 - Functioning,2,0,0,0,,0,,,,,361479.3426,5020502.479,45.32218392,-75.77701086,5900
17--2144,2/16/2017,7:10 AM,FISHER AVE btwn EMPEROR AVE & TRENT ST (__3ZA3AH),__3ZA3AH,01 - Non intersection,03 - P.D. only,01 - Approaching,03 - Snow,03 - Dawn,06 - Ice,10 - No control,,2,0,0,0,,0,,,,,365727.8879,5027056.134,45.38079678,-75.72201467,5901
17--2145,2/16/2017,7:15 AM,LEITRIM RD btwn 810 W OF HAWTHORNE & HAWTHORNE RD (__3ZA3SPB),__3ZA3SPB,04 - At/near private drive,03 - P.D. only,03 - Rear end,03 - Snow,01 - Daylight,05 - Packed snow,10 - No control,,2,0,0,0,,0,,,,,376797.737,5022456.814,45.33836424,-75.58135112,5902
17--2146,2/16/2017,7:15 PM,MARCH RD @ SOLANDT RD (0003172),3172,03 - At intersection,03 - P.D. only,05 - Turning movement,01 - Clear,07 - Dark,01 - Dry,01 - Traffic signal,01 - Functioning,2,0,0,0,,0,,,,,350489.2741,5022710.502,45.34285356,-75.91698575,5903
17--2147,2/16/2017,7:23 AM,BASELINE RD btwn MCWATTERS RD & ROCKWAY CRES (__3ZA2LT),__3ZA2LT,01 - Non intersection,03 - P.D. only,03 - Rear end,03 - Snow,01 - Daylight,06 - Ice,10 - No control,,2,0,0,0,,0,,,,,360800.6943,5022706.908,45.34207384,-75.78541746,5904
17--2148,2/16/2017,7:30 PM,CARLING AVE @ KIRKWOOD AVE S (0002209),2209,03 - At intersection,03 - P.D. only,04 - Sideswipe,01 - Clear,07 - Dark,02 - Wet,01 - Traffic signal,01 - Functioning,2,0,0,0,,0,,,,,364352.035,5027337.549,45.38344721,-75.73954735,5905
17--2149,2/16/2017,7:31 AM,GREENBANK RD @ LISA AVE (0002753),2753,02 - Intersection related,03 - P.D. only,03 - Rear end,03 - Snow,01 - Daylight,03 - Loose snow,01 - Traffic signal,01 - Functioning,2,0,0,0,,0,,,,,360555.6784,5022892.154,45.3437602,-75.7885228,5906
17--215,1/5/2017,4:50 PM,BANK ST @ WALKLEY RD (0011423),11423,03 - At intersection,03 - P.D. only,02 - Angle,01 - Clear,05 - Dusk,06 - Ice,01 - Traffic signal,01 - Functioning,2,0,0,0,,0,,,,,370337.8521,5025947.735,45.37040769,-75.66330343,5907
17--2150,2/16/2017,7:36 AM,RICHMOND RD btwn POULIN AVE & 140 E OF POULIN AVE (__3ZA4MDA),__3ZA4MDA,01 - Non intersection,03 - P.D. only,99 - Other,03 - Snow,01 - Daylight,06 - Ice,10 - No control,,2,0,0,0,,0,,,,,360384.4094,5024992.423,45.36267196,-75.79047201,5908
17--2151,2/16/2017,7:44 AM,GREENBANK RD @ WEST HUNT CLUB RD (0005167),5167,02 - Intersection related,03 - P.D. only,03 - Rear end,03 - Snow,01 - Daylight,06 - Ice,01 - Traffic signal,01 - Functioning,2,0,0,0,,0,,,,,361479.3426,5020501.81,45.3221779,-75.77701093,5909
17--2152,2/16/2017,7:50 AM,FALLOWFIELD RD @ GREENBANK RD (0000549),549,02 - Intersection related,03 - P.D. only,03 - Rear end,03 - Snow,01 - Daylight,03 - Loose snow,01 - Traffic signal,01 - Functioning,2,0,0,0,,0,,,,,363081.0102,5016731.118,45.28811813,-75.75702548,5910
17--2153,2/16/2017,7:57 AM,WEST HUNT CLUB RD WB btwn GREENBANK RD & KNOXDALE RD (__3ZA17B),__3ZA17B,01 - Non intersection,03 - P.D. only,07 - SMV other,01 - Clear,01 - Daylight,06 - Ice,10 - No control,,1,0,0,0,,0,,,,,361559.6101,5020543.951,45.3225506,-75.77598231,5911
17--2154,2/16/2017,8:04 AM,JEANNE D'ARC BLVD  S btwn HENRI LAUZON ST & BOYER RD (__3ZA2BL),__3ZA2BL,01 - Non intersection,02 - Non-fatal injury,03 - Rear end,01 - Clear,01 - Daylight,04 - Slush,10 - No control,,2,0,0,0,01 - Minimal,1,1,,,,380620.9191,5036181.018,45.46144237,-75.53046663,5912
17--2155,2/16/2017,8:11 AM,CONSTELLATION CRES @ BASELINE RD (0011415),11415,02 - Intersection related,03 - P.D. only,03 - Rear end,03 - Snow,01 - Daylight,05 - Packed snow,01 - Traffic signal,01 - Functioning,2,0,0,0,,0,,,,,362273.388,5023598.194,45.34997447,-75.76652349,5913
17--2156,2/16/2017,8:15 AM,CEDARVIEW RD @ HWY 416 WESTHUNT IC72R42 (0005515),5515,02 - Intersection related,03 - P.D. only,04 - Sideswipe,03 - Snow,01 - Daylight,05 - Packed snow,10 - No control,,2,0,0,0,,0,,,,,359598.187,5019763.174,45.31568099,-75.80108643,5914
17--2157,2/16/2017,8:25 AM,GLOUCESTER ST btwn KENT ST & BANK ST (__3ZBOR0),__3ZBOR0,01 - Non intersection,03 - P.D. only,06 - SMV unattended vehicle,01 - Clear,01 - Daylight,03 - Loose snow,10 - No control,,1,0,0,0,,0,,,,,367379.4404,5031109.275,45.41712022,-75.70041387,5915
17--2158,2/16/2017,8:27 AM,WEST HUNT CLUB RD @ WOODROFFE AVE (0000576),576,02 - Intersection related,03 - P.D. only,03 - Rear end,03 - Snow,01 - Daylight,06 - Ice,01 - Traffic signal,01 - Functioning,2,0,0,0,,0,,,,,363669.6877,5021246.489,45.32869821,-75.74898521,5916
17--2159,2/16/2017,8:30 AM,BASELINE RD @ CLYDE AVE (0002343),2343,02 - Intersection related,03 - P.D. only,03 - Rear end,03 - Snow,01 - Daylight,06 - Ice,01 - Traffic signal,01 - Functioning,3,0,0,0,,0,,,,,364359.9379,5024888.044,45.36140628,-75.73974181,5917
17--216,1/5/2017,5:05 PM,APPLE HILL DR @ SIEVERIGHT AVE (0010125),10125,02 - Intersection related,03 - P.D. only,03 - Rear end,01 - Clear,05 - Dusk,06 - Ice,02 - Stop sign,01 - Functioning,2,0,0,0,,0,,,,,372436.717,5024313.089,45.35550033,-75.63673477,5918
17--2160,2/16/2017,8:45 AM,BASELINE RD @ CLYDE AVE (0002343),2343,02 - Intersection related,03 - P.D. only,03 - Rear end,01 - Clear,01 - Daylight,04 - Slush,01 - Traffic signal,01 - Functioning,2,0,0,0,,0,,,,,364358.7033,5024890.888,45.36143197,-75.73975723,5919
17--2161,2/16/2017,8:48 AM,BASELINE RD btwn CORDOVA ST & BASSANO ST (__3ZBOCA),__3ZBOCA,01 - Non intersection,03 - P.D. only,99 - Other,03 - Snow,01 - Daylight,06 - Ice,10 - No control,,5,0,0,0,,0,,,,,363616.7651,5024422.904,45.35728375,-75.74928263,5920
17--2162,2/16/2017,8:48 AM,WOODROFFE AVE btwn MEADOWLANDS DR/TALLWOOD DR & NORICE ST (__3ZBOCG),__3ZBOCG,04 - At/near private drive,03 - P.D. only,05 - Turning movement,03 - Snow,01 - Daylight,05 - Packed snow,10 - No control,,3,0,0,0,,0,,,,,363078.4287,5022677.651,45.34162506,-75.75635887,5921
17--2362,2/22/2017,12:06 PM,BELCOURT BLVD @ ST. JOSEPH BLVD (0004138),4138,03 - At intersection,03 - P.D. only,05 - Turning movement,01 - Clear,01 - Daylight,01 - Dry,01 - Traffic signal,01 - Functioning,2,0,0,0,,0,,,,,381204.4058,5037357.928,45.47196767,-75.52282364,5922
17--2363,2/22/2017,12:24 PM,OGILVIE RD @ MATHESON RD/PALMERSTON DR (0012348),12348,02 - Intersection related,02 - Non-fatal injury,03 - Rear end,02 - Rain,01 - Daylight,02 - Wet,01 - Traffic signal,01 - Functioning,2,0,0,0,02 - Minor,1,,1,,,373381.6959,5032537.387,45.42940709,-75.62353203,5923
17--2364,2/22/2017,12:26 PM,LAURIER AVE   W btwn BANK ST & O'CONNOR ST (__3ZA34B),__3ZA34B,01 - Non intersection,03 - P.D. only,04 - Sideswipe,01 - Clear,01 - Daylight,01 - Dry,10 - No control,,2,0,0,0,,0,,,,,367614.8266,5031344.78,45.41921813,-75.69737658,5924
17--2365,2/22/2017,2:24 PM,HWY417 IC104 RAMP51 btwn HIGHWAY 417 & ANDERSON RD (__3ZAY0C),__3ZAY0C,01 - Non intersection,03 - P.D. only,07 - SMV other,01 - Clear,01 - Daylight,01 - Dry,10 - No control,,1,0,0,0,,0,,,,,380057.2401,5025632.443,45.3665946,-75.53928418,5925
17--2366,2/22/2017,2:35 PM,BANK ST @ ECHO DR (0007711),7711,03 - At intersection,03 - P.D. only,02 - Angle,01 - Clear,01 - Daylight,01 - Dry,02 - Stop sign,01 - Functioning,2,0,0,0,,0,,,,,368662.0456,5028758.878,45.39585624,-75.68433194,5926
17--2367,2/22/2017,2:50 PM,SMYTH RD E/LANCASTER RD @ ST. LAURENT BLVD N/R (0002256),2256,02 - Intersection related,03 - P.D. only,03 - Rear end,01 - Clear,01 - Daylight,01 - Dry,01 - Traffic signal,01 - Functioning,2,0,0,0,,0,,,,,373365.1541,5029424.648,45.4014018,-75.62417648,5927
17--2368,2/22/2017,3:05 AM,BANK ST @ HERON RD (0002155),2155,02 - Intersection related,03 - P.D. only,07 - SMV other,01 - Clear,07 - Dark,02 - Wet,01 - Traffic signal,01 - Functioning,1,0,0,0,,0,,,,,369996.9546,5026849.073,45.37854943,-75.66753609,5928
17--2369,2/22/2017,3:14 PM,ANDERSON RD/WEIR RD @ RENAUD RD (0003583),3583,02 - Intersection related,03 - P.D. only,03 - Rear end,01 - Clear,01 - Daylight,01 - Dry,11 - Roundabout,01 - Functioning,2,0,0,0,,0,,,,,377768.4986,5031503.937,45.41966485,-75.56762942,5929
17--237,1/5/2017,8:07 AM,FALLOWFIELD RD @ MOODIE DR (0010412),10412,02 - Intersection related,03 - P.D. only,03 - Rear end,01 - Clear,03 - Dawn,06 - Ice,01 - Traffic signal,00 - Unknown,2,0,0,0,,0,,,,,359499.9392,5014637.271,45.26956528,-75.80290472,5930
17--2370,2/22/2017,3:21 PM,BREWER RD @ BRONSON AVE (0002240),2240,03 - At intersection,03 - P.D. only,03 - Rear end,01 - Clear,01 - Daylight,02 - Wet,01 - Traffic signal,01 - Functioning,2,0,0,0,,0,,,,,368107.5462,5027766.061,45.38697351,-75.69154086,5931
17--2371,2/22/2017,3:34 PM,RIVER RD btwn OLD MILL WAY & BRIDGE ST (__3ZA38E),__3ZA38E,04 - At/near private drive,03 - P.D. only,02 - Angle,01 - Clear,01 - Daylight,01 - Dry,10 - No control,,2,0,0,0,,0,,,,,369426.3779,5010806.719,45.23425626,-75.67691246,5932
17--2372,2/22/2017,4:13 PM,ISABELLA ST btwn O'CONNOR ST & METCALFE ST (__3ZA3PW),__3ZA3PW,01 - Non intersection,03 - P.D. only,03 - Rear end,01 - Clear,01 - Daylight,01 - Dry,10 - No control,,2,0,0,0,,0,,,,,368386.5289,5030361.142,45.41029797,-75.68764397,5933
17--2373,2/22/2017,4:15 PM,HIGHWAY 417 btwn HWY417 IC127 RAMP67 & HWY417 IC126 RAMP16 (__3ZA2X0),__3ZA2X0,01 - Non intersection,03 - P.D. only,03 - Rear end,01 - Clear,01 - Daylight,02 - Wet,10 - No control,,2,0,0,0,,0,,,,,362881.9374,5025478.773,45.36684561,-75.75853684,5934
17--2374,2/22/2017,4:27 PM,CEDARVIEW RD @ HWY 416 WESTHUNT IC72R42 (0005515),5515,02 - Intersection related,03 - P.D. only,03 - Rear end,02 - Rain,01 - Daylight,02 - Wet,10 - No control,,3,0,0,0,,0,,,,,359598.8559,5019763.174,45.31568093,-75.8010779,5935
17--2375,2/22/2017,5:15 AM,CARLING AVE @ MOODIE DR/JAMES CUMMINGS AVE W (0000158),158,02 - Intersection related,03 - P.D. only,07 - SMV other,01 - Clear,07 - Dark,02 - Wet,01 - Traffic signal,00 - Unknown,1,0,0,0,,0,,,,,356003.3271,5023938.849,45.35352553,-75.8465013,5936
17--2376,2/22/2017,6:00 PM,HUNT CLUB RD @ RIVERSIDE DR (0002237),2237,02 - Intersection related,03 - P.D. only,03 - Rear end,01 - Clear,07 - Dark,01 - Dry,01 - Traffic signal,01 - Functioning,4,0,0,0,,0,,,,,368036.0826,5021947.502,45.33462596,-75.69319786,5937
17--2377,2/22/2017,6:44 PM,GREENBANK RD @ STRANDHERD DR (0005563),5563,03 - At intersection,03 - P.D. only,05 - Turning movement,01 - Clear,07 - Dark,01 - Dry,01 - Traffic signal,01 - Functioning,2,0,0,0,,0,,,,,363934.0184,5014785.086,45.27053647,-75.74638399,5938
17--2378,2/22/2017,6:49 PM,BOOTH ST btwn FLEET ST & END (__3ZBODJ),__3ZBODJ,01 - Non intersection,03 - P.D. only,04 - Sideswipe,01 - Clear,07 - Dark,01 - Dry,10 - No control,,2,0,0,0,,0,,,,,366345.7488,5030822.538,45.41463193,-75.71365604,5939
17--2379,2/22/2017,6:57 PM,MEADOWLANDS DR/PETER ST @ PERRY ST (0001114),1114,03 - At intersection,02 - Non-fatal injury,03 - Rear end,01 - Clear,07 - Dark,01 - Dry,01 - Traffic signal,01 - Functioning,2,0,0,0,02 - Minor,1,,1,,,364438.1485,5023493.343,45.34885029,-75.73891182,5940
17--238,1/5/2017,8:15 AM,PRINCE OF WALES DR btwn NATIONAL CAPITAL COMM DRWY & HARTWELL LOCKS/54 (__3ZA30ZA),__3ZA30ZA,01 - Non intersection,02 - Non-fatal injury,01 - Approaching,01 - Clear,01 - Daylight,06 - Ice,10 - No control,,3,0,0,0,02 - Minor,1,,1,,,366992.2494,5027347.368,45.38330613,-75.70583495,5941
17--2380,2/22/2017,7:00 AM,CLARENCE ST @ KING EDWARD AVE (0008243),8243,02 - Intersection related,03 - P.D. only,04 - Sideswipe,01 - Clear,03 - Dawn,02 - Wet,02 - Stop sign,00 - Unknown,2,0,0,0,,0,,,,,368336.1997,5032681.96,45.43118447,-75.6879876,5942
17--2381,2/22/2017,7:00 PM,CLEARBROOK DR/MARKETPLACE AVE @ LONGFIELDS DR (0011162),11162,03 - At intersection,03 - P.D. only,02 - Angle,01 - Clear,07 - Dark,01 - Dry,01 - Traffic signal,01 - Functioning,2,0,0,0,,0,,,,,364631.3709,5014952.077,45.27198007,-75.73747746,5943
17--2382,2/22/2017,7:32 AM,THIRD (3RD) ST @ WEST ST (0004914),4914,02 - Intersection related,02 - Non-fatal injury,07 - SMV other,01 - Clear,01 - Daylight,06 - Ice,10 - No control,,1,0,0,0,01 - Minimal,1,1,,,,389950.7098,5042758.345,45.51954259,-75.41004482,5944
17--2383,2/22/2017,7:56 AM,EDGEWORTH AVE btwn LAWN AVE & CARLING AVE (__3ZABYW),__3ZABYW,01 - Non intersection,03 - P.D. only,04 - Sideswipe,01 - Clear,01 - Daylight,05 - Packed snow,10 - No control,,2,0,0,0,,0,,,,,361229.1139,5025502.411,45.36719332,-75.77963207,5945
17--2384,2/22/2017,8:02 AM,AUTOPARK PRIV btwn HUNTMAR DR & END (__54OG56),__54OG56,04 - At/near private drive,03 - P.D. only,02 - Angle,01 - Clear,01 - Daylight,02 - Wet,10 - No control,,2,0,0,0,,0,,,,,349420.9007,5017465.234,45.29572396,-75.93109049,5946
17--2385,2/22/2017,8:34 AM,FARMERS WAY @ LEITRIM RD W (0004151),4151,03 - At intersection,02 - Non-fatal injury,02 - Angle,01 - Clear,01 - Daylight,01 - Dry,02 - Stop sign,01 - Functioning,2,0,0,0,01 - Minimal,1,1,,,,381293.4464,5025418.183,45.36453301,-75.52353852,5947
17--2386,2/22/2017,8:40 PM,BERRIGAN DR @ COLINDALE AVE/OAKWELL DR (0004564),4564,03 - At intersection,02 - Non-fatal injury,02 - Angle,01 - Clear,07 - Dark,01 - Dry,02 - Stop sign,01 - Functioning,2,0,0,0,02 - Minor,1,,1,,,364154.7756,5015568.783,45.27756958,-75.74347717,5948
17--2387,2/22/2017,8:48 AM,TENTH LINE RD btwn ST. JOSEPH BLVD & OLD TENTH LINE RD (__3ZA1TE),__3ZA1TE,01 - Non intersection,03 - P.D. only,03 - Rear end,04 - Freezing Rain,01 - Daylight,06 - Ice,10 - No control,,3,0,0,0,,0,,,,,383018.0001,5038405.883,45.48119545,-75.49946528,5949
17--2388,2/22/2017,8:55 AM,ALTA VISTA DR @ SMYTH RD (0011353),11353,03 - At intersection,03 - P.D. only,05 - Turning movement,01 - Clear,01 - Daylight,01 - Dry,01 - Traffic signal,01 - Functioning,2,0,0,0,,0,,,,,370433.7192,5029083.564,45.39861382,-75.66166271,5950
17--2389,2/22/2017,9:30 AM,CITY CENTRE AVE btwn SPRUCE ST & END (__3ZAZEG),__3ZAZEG,04 - At/near private drive,03 - P.D. only,06 - SMV unattended vehicle,01 - Clear,01 - Daylight,02 - Wet,10 - No control,,1,0,0,0,,0,,,,,366065.9647,5030090.894,45.40807334,-75.71732132,5951
17--239,1/5/2017,8:20 AM,AIRPORT PKWY @ HUNT CLUB RD (0010856),10856,02 - Intersection related,03 - P.D. only,04 - Sideswipe,01 - Clear,01 - Daylight,06 - Ice,01 - Traffic signal,01 - Functioning,2,0,0,0,,0,,,,,371019.3864,5023701.281,45.35013076,-75.65490447,5952
17--2390,2/22/2017,9:50 AM,CEDARVIEW RD @ WEST HUNT CLUB RD (0010267),10267,03 - At intersection,03 - P.D. only,05 - Turning movement,01 - Clear,01 - Daylight,02 - Wet,01 - Traffic signal,01 - Functioning,2,0,0,0,,0,,,,,359720.2059,5019557.535,45.3138211,-75.79955307,5953
17--2391,2/23/2017,1:05 PM,TERRY FOX DR btwn HWY417 IC140 RAMP16 & HWY417 IC140 RAMP35 (__3ZA3DR),__3ZA3DR,01 - Non intersection,03 - P.D. only,03 - Rear end,01 - Clear,01 - Daylight,01 - Dry,10 - No control,,3,0,0,0,,0,,,,,350912.2198,5018592.961,45.30577527,-75.91197251,5954
17--2392,2/23/2017,1:15 PM,CRESTWAY DR @ HATHAWAY DR (0010166),10166,02 - Intersection related,03 - P.D. only,03 - Rear end,01 - Clear,01 - Daylight,01 - Dry,02 - Stop sign,01 - Functioning,2,0,0,0,,0,,,,,366392.4794,5015842.828,45.27984296,-75.71492453,5955
17--2393,2/23/2017,1:27 PM,AVIATION PKWY @ OGILVIE RD (0004114),4114,02 - Intersection related,03 - P.D. only,03 - Rear end,01 - Clear,01 - Daylight,02 - Wet,01 - Traffic signal,01 - Functioning,2,0,0,0,,0,,,,,373110.3798,5032377.255,45.42799285,-75.62702124,5956
17--2394,2/23/2017,1:45 PM,THURSTON DR btwn CONROY RD & THOMAS SPRATT PL (__3ZBPM1),__3ZBPM1,01 - Non intersection,03 - P.D. only,06 - SMV unattended vehicle,01 - Clear,01 - Daylight,01 - Dry,10 - No control,,1,0,0,0,,0,,,,,373582.2018,5026990.747,45.37948136,-75.62174358,5957