Anom_ID,Accident_Date,Accident_Time,Location,Geo_ID,Accident_Location,Classification_of_Accident,Initial_Impact_Type,Environment_Condition,Light,Road_Surface_Condition,Traffic_Control,Traffic_Control_Condition,No__of_Vehicles,No__of_Bicycles,No__of_Motorcycles,No__of_Pedestrians,Max_Injury,No__of_Injuries,No__of_Minimal,No__of_Minor,No__of_Major,No__of_Fatal,X,Y,Latitude,Longitude,ObjectId
17--2395,2/23/2017,10:16 PM,BEECH ST @ ROCHESTER ST (0002025),2025,03 - At intersection,03 - P.D. only,02 - Angle,01 - Clear,07 - Dark,02 - Wet,02 - Stop sign,01 - Functioning,2,0,0,0,,0,,,,,366857.033,5029343.9,45.40128241,-75.70731032,5958
17--2396,2/23/2017,10:18 PM,HIGHWAY 417 btwn HWY417 IC127 RAMP67 & HWY417 IC126 RAMP16 (__3ZA2X0),__3ZA2X0,01 - Non intersection,02 - Non-fatal injury,03 - Rear end,01 - Clear,07 - Dark,01 - Dry,10 - No control,,3,0,0,0,02 - Minor,6,5,1,,,362712.5338,5025313.544,45.36537291,-75.7607186,5959
17--2397,2/23/2017,10:20 PM,HIGHWAY 417 btwn HWY417 IC129 RAMP61 & TRANSIT (__3ZA2SI),__3ZA2SI,01 - Non intersection,03 - P.D. only,03 - Rear end,01 - Clear,07 - Dark,01 - Dry,10 - No control,,2,0,0,0,,0,,,,,361442.5313,5024326.117,45.35659188,-75.77704265,5960
17--2398,2/23/2017,10:34 PM,MONTREAL RD @ NORTH RIVER RD (0009805),9805,02 - Intersection related,03 - P.D. only,03 - Rear end,01 - Clear,07 - Dark,01 - Dry,01 - Traffic signal,01 - Functioning,2,0,0,0,,0,,,,,369738.2078,5032887.21,45.43290244,-75.6700443,5961
17--2399,2/23/2017,11:04 AM,LABELLE ST/RAMP @ LEMIEUX ST/HWY417 IC115 RAMP (0012538),12538,03 - At intersection,03 - P.D. only,02 - Angle,01 - Clear,01 - Daylight,01 - Dry,02 - Stop sign,01 - Functioning,2,0,0,0,,0,,,,,372542.0855,5031689.839,45.42186308,-75.63437751,5962
17--24,1/2/2017,12:20 PM,NOEL ST @ TAYLOR LANE (0002406),2406,03 - At intersection,03 - P.D. only,06 - SMV unattended vehicle,01 - Clear,01 - Daylight,05 - Packed snow,10 - No control,,1,0,0,0,,0,,,,,368859.0551,5033756.426,45.4408044,-75.68116621,5963
17--240,1/5/2017,8:22 AM,BIRCH AVE EXT./ROCKCLIFFE PKWY @ ROCKCLIFFE PK (0008782),8782,02 - Intersection related,03 - P.D. only,03 - Rear end,01 - Clear,01 - Daylight,06 - Ice,02 - Stop sign,00 - Unknown,2,0,0,0,,0,,,,,370128.9899,5035711.939,45.45828173,-75.66467532,5964
17--2400,2/23/2017,11:53 PM,HALIFAX DR @ WALKLEY RD (0008803),8803,02 - Intersection related,02 - Non-fatal injury,03 - Rear end,01 - Clear,07 - Dark,01 - Dry,01 - Traffic signal,01 - Functioning,2,0,0,0,01 - Minimal,1,1,,,,373642.9865,5027899.919,45.38765572,-75.62084074,5965
17--2401,2/23/2017,Unknown,ANDALUSIAN CRES btwn DANZIG TERR & WESTPHALIAN AVE (e___1GEZ),e___1GEZ,01 - Non intersection,03 - P.D. only,06 - SMV unattended vehicle,01 - Clear,00 - Unknown,01 - Dry,10 - No control,,1,0,0,0,,0,,,,,353352.6789,5015619.489,45.27885481,-75.88114438,5966
17--2402,2/23/2017,Unknown,MAITLAND AVE @ TERREBONNE DR (0003212),3212,02 - Intersection related,03 - P.D. only,06 - SMV unattended vehicle,01 - Clear,00 - Unknown,01 - Dry,02 - Stop sign,00 - Unknown,1,0,0,0,,0,,,,,364011.046,5025134.741,45.36365558,-75.74416532,5967
17--2403,2/23/2017,12:15 PM,HIGHWAY 417 btwn HWY417 IC113 RAMP85 & HWY417 IC112 RAMP54 (__3ZA287),__3ZA287,01 - Non intersection,03 - P.D. only,04 - Sideswipe,01 - Clear,01 - Daylight,01 - Dry,10 - No control,,2,0,0,0,,0,,,,,374152.4169,5031331.742,45.41848333,-75.61385321,5968
17--2404,2/23/2017,12:27 PM,HIGHWAY 417 btwn HWY417 IC117 RAMP25 & HWY417 IC115 RAMP51 (__3ZA2R3),__3ZA2R3,01 - Non intersection,03 - P.D. only,04 - Sideswipe,01 - Clear,01 - Daylight,01 - Dry,10 - No control,,2,0,0,0,,0,,,,,371298.7734,5031373.543,45.41913648,-75.65030572,5969
17--2405,2/23/2017,12:39 PM,HIGHWAY 416 btwn HWY416 IC75A RAMP43 & HWY416 IC72 RAMP34 (__3ZAZLD),__3ZAZLD,01 - Non intersection,03 - P.D. only,07 - SMV other,01 - Clear,01 - Daylight,01 - Dry,10 - No control,,1,0,0,0,,0,,,,,359163.8822,5020904.404,45.3259836,-75.80650001,5970
17--2406,2/23/2017,2:12 PM,LANCASTER RD @ WALKLEY RD (0003130),3130,02 - Intersection related,03 - P.D. only,04 - Sideswipe,01 - Clear,01 - Daylight,01 - Dry,01 - Traffic signal,01 - Functioning,2,0,0,0,,0,,,,,374909.25,5028600.503,45.39383362,-75.60457236,5971
17--2407,2/23/2017,3:34 PM,HIGHWAY 417 btwn HWY417 IC118 RAMP57 & HWY417 IC118 RAMP35 (__3ZA2YQ),__3ZA2YQ,01 - Non intersection,03 - P.D. only,04 - Sideswipe,01 - Clear,01 - Daylight,01 - Dry,10 - No control,,3,0,0,0,,0,,,,,369598.8596,5031103.37,45.41686507,-75.67205975,5972
17--2408,2/23/2017,3:53 PM,CARLING AVE @ MAITLAND AVE/SHERBOURNE RD (0002641),2641,02 - Intersection related,03 - P.D. only,04 - Sideswipe,01 - Clear,01 - Daylight,01 - Dry,01 - Traffic signal,01 - Functioning,2,0,0,0,,0,,,,,362942.3635,5026490.534,45.3759443,-75.75764642,5973
17--2409,2/23/2017,4:15 PM,PRINCE OF WALES DR btwn FALLOWFIELD RD & AMBERWOOD CRES (__3ZA27I),__3ZA27I,01 - Non intersection,03 - P.D. only,03 - Rear end,01 - Clear,01 - Daylight,01 - Dry,10 - No control,,2,0,0,0,,0,,,,,367393.5834,5019281.605,45.31069625,-75.70173138,5974
17--241,1/5/2017,8:24 AM,SARSFIELD RD btwn DUNNING RD & MAGLADRY RD (__3ZA6HZ),__3ZA6HZ,01 - Non intersection,03 - P.D. only,01 - Approaching,01 - Clear,01 - Daylight,05 - Packed snow,10 - No control,,2,0,0,0,,0,,,,,396897.8969,5029669.078,45.40090072,-75.32358869,5975
17--2410,2/23/2017,4:23 PM,ST. LAURENT BLVD btwn HEMLOCK RD & MEADOW PARK PL (__3ZA3UG),__3ZA3UG,04 - At/near private drive,03 - P.D. only,05 - Turning movement,01 - Clear,01 - Daylight,02 - Wet,10 - No control,,2,0,0,0,,0,,,,,371176.2405,5034710.978,45.44917686,-75.65142127,5976
17--2411,2/23/2017,6:13 PM,PRESTON ST @ PRINCE OF WALES DR/QUEEN ELIZABET (0006904),6904,02 - Intersection related,03 - P.D. only,03 - Rear end,01 - Clear,05 - Dusk,02 - Wet,01 - Traffic signal,01 - Functioning,2,0,0,0,,0,,,,,366900.3771,5028777.217,45.3961797,-75.70682807,5977
17--2412,2/23/2017,6:17 PM,QUARRY RD @ BRITTANY DR (0011352),11352,02 - Intersection related,02 - Non-fatal injury,03 - Rear end,01 - Clear,07 - Dark,02 - Wet,02 - Stop sign,00 - Unknown,2,0,0,0,02 - Minor,2,1,1,,,371787.8713,5034284.579,45.44528197,-75.64366089,5978
17--2413,2/23/2017,6:30 PM,MERIVALE RD @ 170 N OF HUNTCLUB RD/COSTCO/CANA (0004681),4681,03 - At intersection,02 - Non-fatal injury,02 - Angle,01 - Clear,07 - Dark,02 - Wet,01 - Traffic signal,01 - Functioning,2,0,0,0,01 - Minimal,1,1,,,,365548.861,5022098.756,45.33620667,-75.72490971,5979
17--2414,2/23/2017,6:46 AM,GALETTA SIDE RD btwn HOMESTEADERS RD & CARP RD (__3ZA4RU),__3ZA4RU,01 - Non intersection,03 - P.D. only,07 - SMV other,01 - Clear,03 - Dawn,02 - Wet,10 - No control,,1,0,0,0,,0,,,,,327339.2123,5034629.123,45.45122892,-76.21183995,5980
17--2415,2/23/2017,7:54 PM,KING EDWARD AVE @ GEORGE ST (0008239),8239,02 - Intersection related,03 - P.D. only,05 - Turning movement,01 - Clear,07 - Dark,02 - Wet,02 - Stop sign,00 - Unknown,2,0,0,0,,0,,,,,368463.4184,5032481.186,45.4293664,-75.68638783,5981
17--2416,2/23/2017,8:15 PM,COLONEL BY DR @ HOG'S BACK RD (0002635),2635,03 - At intersection,03 - P.D. only,05 - Turning movement,01 - Clear,07 - Dark,02 - Wet,01 - Traffic signal,00 - Unknown,2,0,0,0,,0,,,,,367611.0716,5025882.697,45.37007218,-75.69811996,5982
17--2417,2/23/2017,8:30 AM,ARDMORE ST btwn EARNSCLIFFE GROVE & GUERNSEY PL (__86L63U),__86L63U,01 - Non intersection,03 - P.D. only,06 - SMV unattended vehicle,01 - Clear,01 - Daylight,02 - Wet,10 - No control,,1,0,0,0,,0,,,,,367939.3541,5014186.178,45.26479935,-75.69542021,5983
17--2418,2/23/2017,8:31 AM,ST. LAURENT BLVD btwn INDUSTRIAL AVE & BOURASSA ST (__3ZBOFB),__3ZBOFB,04 - At/near private drive,03 - P.D. only,02 - Angle,01 - Clear,01 - Daylight,01 - Dry,10 - No control,,2,0,0,0,,0,,,,,373159.6201,5029863.643,45.40537177,-75.62674073,5984
17--2419,2/23/2017,8:48 PM,CARLING AVE @ EDGEWORTH AVE (0002718),2718,02 - Intersection related,03 - P.D. only,05 - Turning movement,01 - Clear,07 - Dark,01 - Dry,01 - Traffic signal,01 - Functioning,2,0,0,0,,0,,,,,361262.6802,5025422.648,45.36647291,-75.77921272,5985
17--242,1/5/2017,8:30 AM,CEDAR CREEK DR/DEVONWOOD CIRC @ FINDLAY CREEK  (0012609),12609,02 - Intersection related,03 - P.D. only,03 - Rear end,01 - Clear,01 - Daylight,06 - Ice,02 - Stop sign,01 - Functioning,2,0,0,0,,0,,,,,375593.1866,5020306.482,45.31913902,-75.59702603,5986
17--2420,2/23/2017,9:07 PM,INNES RD @ TRIM RD (0012870),12870,03 - At intersection,03 - P.D. only,05 - Turning movement,01 - Clear,07 - Dark,01 - Dry,01 - Traffic signal,01 - Functioning,2,0,0,0,,0,,,,,386567.7754,5037273.556,45.47060121,-75.45425383,5987
17--2421,2/24/2017,10:15 PM,CUMMINGS AVE @ MONTREAL RD (0007748),7748,02 - Intersection related,03 - P.D. only,04 - Sideswipe,02 - Rain,07 - Dark,02 - Wet,01 - Traffic signal,01 - Functioning,2,0,0,0,,0,,,,,372007.3733,5034041.255,45.44307159,-75.64088844,5988
17--2422,2/24/2017,10:20 AM,CAMPEAU DR @ TERRY FOX DR (0008211),8211,02 - Intersection related,03 - P.D. only,03 - Rear end,01 - Clear,01 - Daylight,01 - Dry,01 - Traffic signal,01 - Functioning,2,0,0,0,,0,,,,,350455.6007,5019010.08,45.30955845,-75.91775663,5989
17--2423,2/24/2017,10:29 PM,GLOUCESTER ST @ LYON ST (0006765),6765,03 - At intersection,03 - P.D. only,04 - Sideswipe,01 - Clear,07 - Dark,02 - Wet,01 - Traffic signal,01 - Functioning,2,0,0,0,,0,,,,,367193.6948,5031000.235,45.4161557,-75.70280074,5990
17--2424,2/24/2017,10:45 PM,KING EDWARD AVE @ ST. PATRICK ST (0002714),2714,03 - At intersection,03 - P.D. only,02 - Angle,02 - Rain,07 - Dark,02 - Wet,01 - Traffic signal,01 - Functioning,2,0,0,0,,0,,,,,368248.3669,5032824.258,45.43247279,-75.68909168,5991
17--2425,2/24/2017,11:11 PM,CHAPEL CRES @ LEES AVE (0002241),2241,02 - Intersection related,02 - Non-fatal injury,07 - SMV other,02 - Rain,07 - Dark,02 - Wet,02 - Stop sign,01 - Functioning,1,0,0,0,01 - Minimal,2,2,,,,369691.3773,5031285.233,45.41849283,-75.67085382,5992
17--2426,2/24/2017,11:28 PM,LAURIER AVE @ NICHOLAS ST (0010711),10711,02 - Intersection related,03 - P.D. only,99 - Other,01 - Clear,07 - Dark,02 - Wet,01 - Traffic signal,01 - Functioning,2,0,0,0,,0,,,,,368372.6337,5031798.27,45.42323003,-75.68763607,5993
17--2427,2/24/2017,Unknown,SHEPPARD'S GLEN AVE btwn CROWNRIDGE DR & GRASSY PLAINS DR (__3ZA55W),__3ZA55W,01 - Non intersection,03 - P.D. only,06 - SMV unattended vehicle,01 - Clear,07 - Dark,01 - Dry,10 - No control,,1,0,0,0,,0,,,,,355976.0661,5015445.046,45.27709907,-75.84772662,5994
17--2428,2/24/2017,12:00 PM,HIGHWAY 417 btwn HWY417 IC126 RAMP16 & HWY417 IC126 RAMP61 (__3ZA2RC),__3ZA2RC,01 - Non intersection,03 - P.D. only,07 - SMV other,01 - Clear,01 - Daylight,01 - Dry,10 - No control,,1,0,0,0,,0,,,,,363125.2847,5025813.078,45.36983344,-75.75539111,5995
17--2429,2/24/2017,12:07 PM,BASELINE RD @ CLYDE AVE (0002343),2343,02 - Intersection related,03 - P.D. only,03 - Rear end,01 - Clear,01 - Daylight,01 - Dry,01 - Traffic signal,01 - Functioning,2,0,0,0,,0,,,,,364358.7033,5024891.639,45.36143873,-75.73975713,5996
17--243,1/5/2017,8:42 AM,GREENBANK RD @ HALF MOON BAY (0014465),14465,03 - At intersection,03 - P.D. only,02 - Angle,04 - Freezing Rain,01 - Daylight,06 - Ice,02 - Stop sign,01 - Functioning,2,0,0,0,,0,,,,,364651.5955,5013125.004,45.25553833,-75.73743986,5997
17--2430,2/24/2017,12:37 PM,CORONATION AVE @ CHOMLEY CRES (0007820),7820,03 - At intersection,03 - P.D. only,02 - Angle,02 - Rain,01 - Daylight,02 - Wet,02 - Stop sign,01 - Functioning,2,0,0,0,,0,,,,,371632.5153,5030425.118,45.41057116,-75.6461704,5998
17--2431,2/24/2017,2:22 PM,BRIAN COBURN BLVD @ STRASBOURG ST (0013501),13501,03 - At intersection,02 - Non-fatal injury,02 - Angle,01 - Clear,01 - Daylight,02 - Wet,02 - Stop sign,01 - Functioning,2,0,0,0,01 - Minimal,1,1,,,,384046.5521,5034850.028,45.44908715,-75.48688377,5999
17--2432,2/24/2017,2:31 PM,HWY417 IC129 RAMP61 btwn HWY417 IC129 RAMP63 & HIGHWAY 417 (__3ZAY5C),__3ZAY5C,01 - Non intersection,03 - P.D. only,07 - SMV other,03 - Snow,01 - Daylight,02 - Wet,10 - No control,,1,0,0,0,,0,,,,,360618.9911,5023715.458,45.35116324,-75.78762203,6000
17--3244,3/18/2017,11:41 AM,KING EDWARD AVE SB btwn GEORGE ST & RIDEAU ST (__3ZA3WH),__3ZA3WH,01 - Non intersection,03 - P.D. only,04 - Sideswipe,01 - Clear,01 - Daylight,01 - Dry,10 - No control,,2,0,0,0,,0,,,,,368485.9547,5032447.034,45.42905707,-75.68610426,6001
17--3245,3/18/2017,Unknown,OAKBROOK CIRC btwn SANDY OAKS DR & SHAKEWOOD ST (__3ZAZ68),__3ZAZ68,01 - Non intersection,03 - P.D. only,06 - SMV unattended vehicle,01 - Clear,00 - Unknown,01 - Dry,10 - No control,,1,0,0,0,,0,,,,,380692.4681,5033927.866,45.44116249,-75.52989949,6002
17--3246,3/18/2017,Unknown,LISGAR ST btwn BRONSON AVE & PERCY ST (__3ZA0XH),__3ZA0XH,01 - Non intersection,03 - P.D. only,06 - SMV unattended vehicle,01 - Clear,00 - Unknown,01 - Dry,10 - No control,,1,0,0,0,,0,,,,,366979.2381,5030687.521,45.41336108,-75.70558003,6003
17--3247,3/18/2017,Unknown,QUEENSBURY DR btwn GRENADIER WAY & DOULTON GT (__3ZA6K8),__3ZA6K8,01 - Non intersection,03 - P.D. only,06 - SMV unattended vehicle,01 - Clear,00 - Unknown,01 - Dry,10 - No control,,1,0,0,0,,0,,,,,365462.7755,5016227.496,45.28338502,-75.72672669,6004
17--3248,3/18/2017,12:13 PM,MAITLAND AVE @ WOODWARD DR (0003185),3185,02 - Intersection related,02 - Non-fatal injury,03 - Rear end,01 - Clear,01 - Daylight,01 - Dry,01 - Traffic signal,01 - Functioning,2,0,0,0,02 - Minor,1,,1,,,363274.0291,5025661.859,45.36846039,-75.75351022,6005
17--3249,3/18/2017,2:10 PM,BLACKBURN BYPASS @ INNES RD E (0009245),9245,02 - Intersection related,03 - P.D. only,07 - SMV other,01 - Clear,01 - Daylight,01 - Dry,01 - Traffic signal,01 - Functioning,1,0,0,0,,0,,,,,379792.7512,5033781.565,45.43994327,-75.54142084,6006
17--325,1/7/2017,12:34 PM,EAGLESON RD @ PERTH ST/RICHMOND RD (0009376),9376,02 - Intersection related,03 - P.D. only,05 - Turning movement,01 - Clear,01 - Daylight,01 - Dry,01 - Traffic signal,01 - Functioning,2,0,0,0,,0,,,,,358014.7721,5007409.487,45.20464204,-75.82260353,6007
17--3250,3/18/2017,2:40 PM,ST. LAURENT BLVD btwn CONROY RD & THURSTON DR (__3ZA49E),__3ZA49E,04 - At/near private drive,02 - Non-fatal injury,03 - Rear end,01 - Clear,01 - Daylight,01 - Dry,10 - No control,,2,0,0,0,01 - Minimal,1,1,,,,373621.4682,5027465.292,45.38374725,-75.62117611,6008
17--3251,3/18/2017,2:41 AM,LISGAR ST btwn O'CONNOR ST & METCALFE ST (__3ZA9UX),__3ZA9UX,01 - Non intersection,03 - P.D. only,04 - Sideswipe,01 - Clear,07 - Dark,01 - Dry,10 - No control,,2,0,0,0,,0,,,,,367846.5112,5031207.59,45.4179629,-75.69443405,6009
17--3252,3/18/2017,3:54 PM,BURNABY DR btwn ROSEHILL AVE & ETESIAN ST (__67PTQY),__67PTQY,04 - At/near private drive,03 - P.D. only,02 - Angle,01 - Clear,01 - Daylight,01 - Dry,10 - No control,,2,0,0,0,,0,,,,,350250.2362,5016323.447,45.28539666,-75.92062175,6010
17--3253,3/18/2017,4:08 PM,CUMBERLAND ST @ YORK ST (0008416),8416,03 - At intersection,03 - P.D. only,03 - Rear end,01 - Clear,01 - Daylight,01 - Dry,01 - Traffic signal,01 - Functioning,2,0,0,0,,0,,,,,368263.0332,5032522.269,45.42975427,-75.68894318,6011
17--3254,3/18/2017,4:10 PM,NAVAN RD btwn MER BLEUE RD & NAVAN RD (__3ZA2UI),__3ZA2UI,04 - At/near private drive,03 - P.D. only,02 - Angle,01 - Clear,01 - Daylight,01 - Dry,10 - No control,,2,0,0,0,,0,,,,,384056.524,5032226.441,45.42548127,-75.48717872,6012
17--3255,3/18/2017,4:13 PM,ANALDEA DR/ WHITE ALDER AVE @ BANK ST (0009265),9265,03 - At intersection,03 - P.D. only,07 - SMV other,01 - Clear,01 - Daylight,01 - Dry,01 - Traffic signal,01 - Functioning,1,0,0,0,,0,,,,,375698.0844,5020812.82,45.32368426,-75.59561573,6013
17--3256,3/18/2017,5:10 PM,HWY 417 TERRYFO IC140R52 @ TERRY FOX DR (0003180),3180,02 - Intersection related,03 - P.D. only,03 - Rear end,01 - Clear,01 - Daylight,01 - Dry,01 - Traffic signal,00 - Unknown,2,0,0,0,,0,,,,,351052.3368,5018433.042,45.30432706,-75.91020074,6014
17--3257,3/18/2017,5:24 PM,ALBION RD @ HUNT CLUB RD (0006974),6974,03 - At intersection,03 - P.D. only,05 - Turning movement,01 - Clear,01 - Daylight,01 - Dry,01 - Traffic signal,01 - Functioning,2,0,0,0,,0,,,,,371866.7304,5024319.849,45.3556159,-75.64400792,6015
17--3258,3/18/2017,5:31 PM,PALLADIUM DR/HWY 417 PALLADIU IC142R52 @ HWY 4 (0010686),10686,02 - Intersection related,03 - P.D. only,03 - Rear end,01 - Clear,05 - Dusk,01 - Dry,02 - Stop sign,00 - Unknown,2,0,0,0,,0,,,,,349053.2766,5017058.251,45.29208505,-75.93581373,6016
17--3259,3/18/2017,5:43 PM,LYON ST @ SPARKS ST (0006076),6076,02 - Intersection related,03 - P.D. only,04 - Sideswipe,01 - Clear,01 - Daylight,01 - Dry,01 - Traffic signal,01 - Functioning,2,0,0,0,,0,,,,,366975.0228,5031353.577,45.41935443,-75.70554984,6017
17--326,1/7/2017,12:36 AM,MERIVALE RD/LOTTA AVE @ CLYDE AVE (0001112),1112,02 - Intersection related,03 - P.D. only,04 - Sideswipe,01 - Clear,07 - Dark,01 - Dry,01 - Traffic signal,01 - Functioning,2,0,0,0,,0,,,,,364523.3012,5024507.49,45.35796821,-75.73770271,6018
17--3260,3/18/2017,6:07 AM,HOPE SIDE RD btwn Continuation of HOPE SIDE RD & CROWNRIDGE DR (__5RG5H2),__5RG5H2,01 - Non intersection,02 - Non-fatal injury,07 - SMV other,01 - Clear,03 - Dawn,01 - Dry,10 - No control,,1,0,0,0,01 - Minimal,1,1,,,,356020.8276,5014949.947,45.2726408,-75.84720723,6019
17--3261,3/18/2017,6:41 PM,MCCARTHY RD @ SOUTHMORE DR (0007491),7491,03 - At intersection,02 - Non-fatal injury,07 - SMV other,01 - Clear,05 - Dusk,01 - Dry,02 - Stop sign,01 - Functioning,1,0,0,1,02 - Minor,1,,1,,,369450.057,5024836.859,45.3604948,-75.67478173,6020
17--3262,3/18/2017,6:52 PM,PAGE RD btwn MEADOWGLEN DR & INNES RD (__3ZA612),__3ZA612,04 - At/near private drive,03 - P.D. only,02 - Angle,01 - Clear,07 - Dark,01 - Dry,10 - No control,,2,0,0,0,,0,,,,,380881.3945,5034559.952,45.44682898,-75.52738715,6021
17--3263,3/18/2017,8:15 PM,KENT ST @ SLATER ST (0002114),2114,03 - At intersection,03 - P.D. only,04 - Sideswipe,01 - Clear,07 - Dark,01 - Dry,01 - Traffic signal,01 - Functioning,2,0,0,0,,0,,,,,367262.0419,5031253.256,45.41842621,-75.70189549,6022
17--3264,3/18/2017,8:18 AM,ROLLING MEADOW CRES btwn ESTERBROOK DR S & KNOTRIDGE ST (__67PTLL),__67PTLL,01 - Non intersection,03 - P.D. only,06 - SMV unattended vehicle,01 - Clear,01 - Daylight,01 - Dry,10 - No control,,1,0,0,0,,0,,,,,381842.4387,5032492.699,45.42812422,-75.51542666,6023
17--3265,3/18/2017,9:00 AM,FOXFIELD DR btwn HENFIELD AVE & KNOLLSBROOK DR (__3ZBN50),__3ZBN50,04 - At/near private drive,03 - P.D. only,06 - SMV unattended vehicle,01 - Clear,01 - Daylight,01 - Dry,10 - No control,,1,0,0,0,,0,,,,,363598.1284,5016333.666,45.28449878,-75.75048085,6024
17--3266,3/18/2017,9:05 PM,ST. LAURENT BLVD @ WALKLEY RD (0007653),7653,02 - Intersection related,03 - P.D. only,04 - Sideswipe,01 - Clear,07 - Dark,01 - Dry,01 - Traffic signal,01 - Functioning,2,0,0,0,,0,,,,,373903.7534,5028047.524,45.38895812,-75.61749035,6025
17--3267,3/18/2017,9:31 PM,CARLING AVE @ KIRKWOOD AVE N (0002358),2358,03 - At intersection,02 - Non-fatal injury,05 - Turning movement,01 - Clear,07 - Dark,01 - Dry,01 - Traffic signal,01 - Functioning,2,0,0,0,02 - Minor,1,,1,,,364276.0267,5027494.203,45.38486321,-75.74049898,6026
17--3268,3/18/2017,9:47 PM,BLAIR RD @ REGIONAL RD 174 N/OR174 IC112 RAMP61 (0003617),3617,02 - Intersection related,03 - P.D. only,05 - Turning movement,01 - Clear,07 - Dark,01 - Dry,01 - Traffic signal,01 - Functioning,2,0,0,0,,0,,,,,374635.2408,5032993.613,45.43338792,-75.60744908,6027
17--3269,3/19/2017,1:01 PM,INNES RD @ TRIM RD (0012870),12870,03 - At intersection,02 - Non-fatal injury,05 - Turning movement,01 - Clear,01 - Daylight,01 - Dry,01 - Traffic signal,01 - Functioning,2,0,0,0,01 - Minimal,1,1,,,,386567.1066,5037271.549,45.47058324,-75.45426272,6028
17--327,1/7/2017,2:00 PM,PINNACLE ST @ TRIM RD (0013575),13575,02 - Intersection related,03 - P.D. only,03 - Rear end,01 - Clear,01 - Daylight,06 - Ice,02 - Stop sign,01 - Functioning,2,0,0,0,,0,,,,,387033.3981,5036135.421,45.46030678,-75.44849029,6029
17--3270,3/19/2017,1:18 AM,CARP RD @ RICHARDSON SIDE RD (0005759),5759,02 - Intersection related,03 - P.D. only,07 - SMV other,01 - Clear,07 - Dark,01 - Dry,01 - Traffic signal,01 - Functioning,1,0,0,0,,0,,,,,346209.2213,5017160.457,45.29317808,-75.97206254,6030
17--3271,3/19/2017,1:55 AM,CRAIG HENRY DR btwn BERTONA ST & SOVEREIGN AVE (__3ZAAYX),__3ZAAYX,01 - Non intersection,03 - P.D. only,06 - SMV unattended vehicle,01 - Clear,07 - Dark,01 - Dry,10 - No control,,1,0,0,0,,0,,,,,362769.2357,5021942.709,45.33503772,-75.76038998,6031
17--3272,3/19/2017,10:37 AM,WOODROFFE AVE @ HWY 417 WOODROFF IC127R26/HWY4 (0002355),2355,02 - Intersection related,03 - P.D. only,03 - Rear end,01 - Clear,01 - Daylight,01 - Dry,01 - Traffic signal,01 - Functioning,4,0,0,0,,0,,,,,362082.3525,5024939.518,45.36205924,-75.76880586,6032
17--3273,3/19/2017,11:00 AM,DALHOUSIE ST @ RIDEAU ST (0007646),7646,02 - Intersection related,03 - P.D. only,03 - Rear end,01 - Clear,01 - Daylight,01 - Dry,01 - Traffic signal,01 - Functioning,2,0,0,0,,0,,,,,368207.4596,5032227.206,45.42710443,-75.68969132,6033
17--3274,3/19/2017,11:00 AM,MERIVALE RD btwn CLEOPATRA DR & SLACK RD (__3ZBOG3),__3ZBOG3,04 - At/near private drive,03 - P.D. only,05 - Turning movement,01 - Clear,01 - Daylight,01 - Dry,10 - No control,,2,0,0,0,,0,,,,,365995.9545,5021017.031,45.3264346,-75.71933954,6034
17--3275,3/19/2017,11:16 AM,CENTER ST btwn MONTREAL RD & PAUL AVE (__3ZA8W2),__3ZA8W2,01 - Non intersection,03 - P.D. only,01 - Approaching,01 - Clear,01 - Daylight,01 - Dry,10 - No control,,2,0,0,0,,0,,,,,371864.4594,5033846.806,45.44133576,-75.6427416,6035
17--3276,3/19/2017,11:32 PM,FALLOWFIELD RD btwn MERIVALE RD & WOODROFFE AVE (__3ZA3IN),__3ZA3IN,01 - Non intersection,02 - Non-fatal injury,07 - SMV other,01 - Clear,07 - Dark,01 - Dry,10 - No control,,1,0,0,0,01 - Minimal,1,1,,,,366859.94,5018830.422,45.30668393,-75.70859289,6036
17--3277,3/19/2017,Unknown,LAVERGNE ST btwn DES PERES BLANCS AVE & PERRIER AVE (__3ZA8A4),__3ZA8A4,01 - Non intersection,03 - P.D. only,06 - SMV unattended vehicle,01 - Clear,00 - Unknown,01 - Dry,10 - No control,,1,0,0,0,,0,,,,,370399.0575,5033912.992,45.44207031,-75.66146238,6037
17--3278,3/19/2017,3:15 PM,ST. LAURENT BLVD @ QUEEN MARY ST (0008798),8798,02 - Intersection related,03 - P.D. only,99 - Other,01 - Clear,01 - Daylight,01 - Dry,02 - Stop sign,01 - Functioning,2,0,0,0,,0,,,,,372214.9264,5032177.458,45.42628206,-75.6384908,6038
17--3279,3/19/2017,3:46 PM,EAGLESON RD @ KATIMAVIK RD/TIMM DR (0011925),11925,02 - Intersection related,03 - P.D. only,03 - Rear end,01 - Clear,01 - Daylight,01 - Dry,01 - Traffic signal,00 - Unknown,2,0,0,0,,0,,,,,353214.2897,5019566.139,45.31437723,-75.88252288,6039
17--328,1/7/2017,2:21 PM,CROYDON AVE @ RICHMOND RD (0002652),2652,03 - At intersection,03 - P.D. only,02 - Angle,01 - Clear,01 - Daylight,01 - Dry,01 - Traffic signal,01 - Functioning,2,0,0,0,,0,,,,,360547.1877,5025273.645,45.36518946,-75.7883626,6040