Anom_ID,Accident_Date,Accident_Time,Location,Geo_ID,Accident_Location,Classification_of_Accident,Initial_Impact_Type,Environment_Condition,Light,Road_Surface_Condition,Traffic_Control,Traffic_Control_Condition,No__of_Vehicles,No__of_Bicycles,No__of_Motorcycles,No__of_Pedestrians,Max_Injury,No__of_Injuries,No__of_Minimal,No__of_Minor,No__of_Major,No__of_Fatal,X,Y,Latitude,Longitude,ObjectId
17--3280,3/19/2017,4:00 PM,CHURCHILL AVE @ WORKMAN AVE (0010738),10738,03 - At intersection,03 - P.D. only,02 - Angle,01 - Clear,01 - Daylight,01 - Dry,02 - Stop sign,00 - Unknown,2,0,0,0,,0,,,,,363064.6965,5028628.056,45.39516726,-75.7558323,6041
17--3281,3/19/2017,4:20 PM,FISHER AVE @ MEADOWLANDS DR (0002120),2120,02 - Intersection related,03 - P.D. only,03 - Rear end,01 - Clear,01 - Daylight,01 - Dry,01 - Traffic signal,01 - Functioning,2,0,0,0,,0,,,,,366574.0616,5025046.115,45.36263696,-75.71146231,6042
17--3282,3/19/2017,4:20 PM,SUSSEX DR/PRINCESS AVE @ RIDEAU GATE (0007141),7141,03 - At intersection,03 - P.D. only,03 - Rear end,01 - Clear,01 - Daylight,01 - Dry,11 - Roundabout,01 - Functioning,2,0,0,0,,0,,,,,367956.6989,5034163.603,45.44455013,-75.69264715,6043
17--3283,3/19/2017,5:20 PM,LYON ST @ WELLINGTON ST (0002388),2388,02 - Intersection related,03 - P.D. only,05 - Turning movement,01 - Clear,01 - Daylight,01 - Dry,01 - Traffic signal,01 - Functioning,2,0,0,0,,0,,,,,366934.9366,5031424.828,45.41999909,-75.70605301,6044
17--3284,3/19/2017,5:27 PM,BRONSON AVE @ SUNNYSIDE AVE/UNIVERSITY RD - CA (0007209),7209,03 - At intersection,03 - P.D. only,05 - Turning movement,01 - Clear,01 - Daylight,01 - Dry,01 - Traffic signal,01 - Functioning,2,0,0,0,,0,,,,,367922.3757,5028090.878,45.38991283,-75.69386377,6045
17--3285,3/19/2017,5:36 PM,LAURIER AVE @ NICHOLAS ST (0010711),10711,02 - Intersection related,03 - P.D. only,03 - Rear end,01 - Clear,01 - Daylight,01 - Dry,01 - Traffic signal,01 - Functioning,3,0,0,0,,0,,,,,368372.6337,5031797.601,45.42322401,-75.68763616,6046
17--3286,3/19/2017,5:41 PM,BAYCREST DR @ WALKLEY RD (0006958),6958,02 - Intersection related,03 - P.D. only,03 - Rear end,01 - Clear,05 - Dusk,01 - Dry,01 - Traffic signal,01 - Functioning,2,0,0,0,,0,,,,,371421.2678,5026590.693,45.37609064,-75.64938668,6047
17--3287,3/19/2017,5:45 PM,HWY417 IC118 RAMP76 btwn HIGHWAY 417 & HWY417 IC118 RAMP43 (__3ZAY9N),__3ZAY9N,01 - Non intersection,03 - P.D. only,07 - SMV other,01 - Clear,01 - Daylight,01 - Dry,10 - No control,,1,0,0,0,,0,,,,,369388.6807,5031078.353,45.41665941,-75.67474822,6048
17--3288,3/20/2017,10:17 AM,INNES RD @ VISENEAU DR (0012442),12442,03 - At intersection,03 - P.D. only,05 - Turning movement,01 - Clear,01 - Daylight,01 - Dry,01 - Traffic signal,01 - Functioning,2,0,0,0,,0,,,,,381799.7544,5035074.894,45.45136145,-75.51556811,6049
17--3289,3/20/2017,10:30 AM,ST. LAURENT BLVD @ MCARTHUR AVE (0008246),8246,02 - Intersection related,03 - P.D. only,03 - Rear end,01 - Clear,01 - Daylight,01 - Dry,01 - Traffic signal,01 - Functioning,2,0,0,0,,0,,,,,371920.9685,5032887.95,45.432703,-75.64215009,6050
17--329,1/7/2017,2:22 PM,EAGLESON RD @ HAZELDEAN RD/ROBERTSON RD (0002715),2715,02 - Intersection related,03 - P.D. only,03 - Rear end,01 - Clear,01 - Daylight,01 - Dry,01 - Traffic signal,01 - Functioning,2,0,0,0,,0,,,,,353674.4833,5018421.885,45.30404912,-75.87676676,6051
17--3290,3/20/2017,11:02 AM,CARLING AVE @ KIRKWOOD AVE N (0002358),2358,03 - At intersection,03 - P.D. only,04 - Sideswipe,01 - Clear,01 - Daylight,01 - Dry,01 - Traffic signal,01 - Functioning,2,0,0,0,,0,,,,,364276.6955,5027492.196,45.3848451,-75.74049068,6052
17--3291,3/20/2017,11:11 PM,RUSSELL RD @ SOUTHVALE CRES S (0002649),2649,03 - At intersection,02 - Non-fatal injury,02 - Angle,01 - Clear,07 - Dark,01 - Dry,01 - Traffic signal,01 - Functioning,2,0,0,0,02 - Minor,1,,1,,,374457.9761,5028632.405,45.3941657,-75.61033077,6053
17--3292,3/20/2017,11:16 AM,BEATRICE DR @ STRANDHERD DR (0005447),5447,03 - At intersection,02 - Non-fatal injury,02 - Angle,01 - Clear,01 - Daylight,01 - Dry,01 - Traffic signal,01 - Functioning,2,0,0,0,02 - Minor,1,,1,,,365525.7048,5015322.151,45.27523333,-75.72603537,6054
17--3293,3/20/2017,11:23 PM,BESSERER ST @ KING EDWARD AVE (0007758),7758,02 - Intersection related,03 - P.D. only,03 - Rear end,01 - Clear,07 - Dark,01 - Dry,01 - Traffic signal,01 - Functioning,2,0,0,0,,0,,,,,368550.3708,5032341.251,45.4280994,-75.68529481,6055
17--3294,3/20/2017,12:15 PM,WALKLEY RD btwn COLLISTON CRES & CEDARWOOD DR (__3ZA370),__3ZA370,04 - At/near private drive,02 - Non-fatal injury,03 - Rear end,01 - Clear,01 - Daylight,01 - Dry,10 - No control,,3,0,0,0,02 - Minor,3,,3,,,371080.5592,5026382.764,45.37425208,-75.65376424,6056
17--3295,3/20/2017,2:02 PM,CARLING AVE @ BAYSHORE DR/BIRCHDALE AVE (0000021),21,02 - Intersection related,02 - Non-fatal injury,03 - Rear end,01 - Clear,01 - Daylight,01 - Dry,01 - Traffic signal,01 - Functioning,2,0,0,0,01 - Minimal,1,1,,,,359005.8743,5023989.943,45.3537596,-75.80817747,6057
17--3296,3/20/2017,2:20 PM,HIGHWAY 417 btwn HWY417 IC110 RAMP64 & HWY417 IC104 RAMP16 (__3ZA2W9),__3ZA2W9,01 - Non intersection,03 - P.D. only,04 - Sideswipe,01 - Clear,01 - Daylight,01 - Dry,10 - No control,,2,0,0,0,,0,,,,,378034.4822,5026420.929,45.37390322,-75.56498582,6058
17--3297,3/20/2017,3:13 PM,ALBERT ST btwn BANK ST & O'CONNOR ST (__3ZA35O),__3ZA35O,01 - Non intersection,03 - P.D. only,04 - Sideswipe,01 - Clear,01 - Daylight,01 - Dry,10 - No control,,2,0,0,0,,0,,,,,367526.9968,5031511.208,45.42072347,-75.69847754,6059
17--3298,3/20/2017,4:03 PM,BASELINE RD/HERON RD @ PRINCE OF WALES DR (0002345),2345,02 - Intersection related,03 - P.D. only,03 - Rear end,01 - Clear,01 - Daylight,01 - Dry,01 - Traffic signal,01 - Functioning,2,0,0,0,,0,,,,,366873.284,5026439.028,45.37514366,-75.70746813,6060
17--3299,3/20/2017,4:28 PM,SUSSEX DR btwn ST. ANDREW ST & GUIGUES AVE (__3ZA3U5),__3ZA3U5,01 - Non intersection,03 - P.D. only,04 - Sideswipe,01 - Clear,01 - Daylight,01 - Dry,10 - No control,,2,0,0,0,,0,,,,,367597.6327,5032566.048,45.43020824,-75.69744056,6061
17--33,1/2/2017,4:51 PM,WELLINGTON ST    W btwn MERTON ST & FAIRMONT AVE (__3ZA31M),__3ZA31M,01 - Non intersection,03 - P.D. only,04 - Sideswipe,01 - Clear,05 - Dusk,01 - Dry,10 - No control,,2,0,0,0,,0,,,,,365505.7551,5029623.988,45.40392105,-75.72453488,6062
17--330,1/7/2017,2:51 PM,HIGHWAY 417 btwn HWY417 IC138 RAMP61 & HWY417 IC134 RAMP36 (__3ZA20I),__3ZA20I,01 - Non intersection,03 - P.D. only,04 - Sideswipe,01 - Clear,01 - Daylight,01 - Dry,10 - No control,,2,0,0,0,,0,,,,,355552.9893,5021785.761,45.33418455,-75.85246942,6063
17--3300,3/20/2017,4:32 PM,WALSH AVE btwn RICHARDSON AVE & WOODLAND AVE (__3ZABYC),__3ZABYC,04 - At/near private drive,03 - P.D. only,06 - SMV unattended vehicle,01 - Clear,01 - Daylight,01 - Dry,10 - No control,,1,0,0,0,,0,,,,,361470.6325,5025679.317,45.36876562,-75.77652883,6064
17--3301,3/20/2017,5:00 PM,CYRVILLE RD @ INNES RD (0009352),9352,02 - Intersection related,03 - P.D. only,03 - Rear end,01 - Clear,01 - Daylight,01 - Dry,01 - Traffic signal,01 - Functioning,2,0,0,0,,0,,,,,375046.7214,5031119.564,45.41648505,-75.60245793,6065
17--3302,3/20/2017,5:06 PM,CANDLEWOOD ST/CHERINGTON CRES E @ CAPREOL ST E (0013119),13119,03 - At intersection,03 - P.D. only,02 - Angle,01 - Clear,01 - Daylight,01 - Dry,02 - Stop sign,01 - Functioning,2,0,0,0,,0,,,,,385632.1611,5035617.267,45.45580845,-75.46648998,6066
17--3303,3/20/2017,5:09 PM,GREENBANK RD btwn LARKIN DR & MALVERN DR (__3ZA4KJ),__3ZA4KJ,01 - Non intersection,03 - P.D. only,03 - Rear end,01 - Clear,01 - Daylight,01 - Dry,10 - No control,,4,0,0,0,,0,,,,,363269.2115,5016294.099,45.28417019,-75.75467796,6067
17--3304,3/20/2017,5:24 PM,FRANKTOWN RD btwn GREEN'S RD & CONLEY RD (__3ZA42O),__3ZA42O,04 - At/near private drive,03 - P.D. only,05 - Turning movement,01 - Clear,01 - Daylight,02 - Wet,10 - No control,,2,0,0,0,,0,,,,,352377.8735,5002221.303,45.15835953,-75.89484885,6068
17--3305,3/20/2017,5:32 PM,BELISLE ST btwn MCARTHUR AVE & END (__3ZA7B7),__3ZA7B7,01 - Non intersection,03 - P.D. only,06 - SMV unattended vehicle,01 - Clear,01 - Daylight,01 - Dry,10 - No control,,1,0,0,0,,0,,,,,371297.144,5032924.424,45.43309078,-75.65011716,6069
17--3306,3/20/2017,5:33 PM,ALERT RD/AIRPORT PKWY/UPLANDS DR RAMP 62 @ LES (0003652),3652,02 - Intersection related,03 - P.D. only,04 - Sideswipe,01 - Clear,01 - Daylight,01 - Dry,01 - Traffic signal,01 - Functioning,2,0,0,0,,0,,,,,371305.0356,5021354.45,45.32898764,-75.65157485,6070
17--3307,3/20/2017,5:37 PM,NICHOLAS ST NB btwn HWY417 IC118 RAMP52 & WALLER ST/TRANSITWAY (__6KCFNL),__6KCFNL,01 - Non intersection,03 - P.D. only,03 - Rear end,01 - Clear,01 - Daylight,01 - Dry,10 - No control,,3,0,0,0,,0,,,,,368947.9115,5031376.624,45.41938369,-75.68034053,6071
17--3308,3/20/2017,6:01 PM,DONNELLY DR btwn BURRITTS AVE & JOE DREW LANE (__3ZA4ZT),__3ZA4ZT,01 - Non intersection,03 - P.D. only,07 - SMV other,01 - Clear,05 - Dusk,01 - Dry,10 - No control,,1,0,0,0,,0,,,,,361539.8731,4983442.762,44.98870587,-75.78044798,6072
17--3309,3/20/2017,6:40 AM,HIGHWAY 417 btwn Continuation of HIGHWAY 417 & HWY417 IC134 RAMP51 (__3ZA29B),__3ZA29B,01 - Non intersection,03 - P.D. only,07 - SMV other,01 - Clear,01 - Daylight,01 - Dry,10 - No control,,1,0,0,0,,0,,,,,355754.0657,5021863.426,45.33486882,-75.84989616,6073
17--331,1/7/2017,3:06 AM,GRANVILLE ST btwn MONTFORT ST & MONTREAL RD (__3ZA8VT),__3ZA8VT,04 - At/near private drive,03 - P.D. only,07 - SMV other,01 - Clear,07 - Dark,01 - Dry,10 - No control,,1,0,0,0,,0,,,,,370819.2932,5033493.941,45.43826032,-75.6561474,6074
17--3310,3/20/2017,6:41 PM,MONTREAL RD btwn CODY AVE & OLMSTEAD ST (__3ZA3LX),__3ZA3LX,04 - At/near private drive,03 - P.D. only,04 - Sideswipe,01 - Clear,05 - Dusk,01 - Dry,10 - No control,,2,0,0,0,,0,,,,,370277.0634,5033180.682,45.43549274,-75.66311906,6075
17--3311,3/20/2017,6:54 PM,OLD ALMONTE RD btwn UPPER DWYER HILL RD & CORKERY RD (__3ZBNAS),__3ZBNAS,01 - Non intersection,03 - P.D. only,07 - SMV other,01 - Clear,05 - Dusk,04 - Slush,10 - No control,,1,0,0,0,,0,,,,,337942.0923,5012089.241,45.24798303,-76.07779765,6076
17--3312,3/20/2017,7:29 PM,AVIATION PKWY NB @ LA CITE PRIV (0009078),9078,02 - Intersection related,03 - P.D. only,02 - Angle,01 - Clear,07 - Dark,01 - Dry,02 - Stop sign,01 - Functioning,2,0,0,0,,0,,,,,372501.1672,5033246.482,45.43587297,-75.63468631,6077
17--3313,3/20/2017,7:33 PM,STAGECOACH RD btwn DALMENY RD & FAWN LANE (__3ZAZ9V),__3ZAZ9V,01 - Non intersection,03 - P.D. only,07 - SMV other,01 - Clear,07 - Dark,01 - Dry,10 - No control,,1,0,0,0,,0,,,,,378110.7639,4998678.665,45.12428049,-75.56810308,6078
17--3314,3/20/2017,7:38 AM,MCNAUGHTON AVE @ MAIN ST (0007234),7234,03 - At intersection,03 - P.D. only,03 - Rear end,01 - Clear,01 - Daylight,01 - Dry,02 - Stop sign,01 - Functioning,2,0,0,0,,0,,,,,369299.6621,5029855.121,45.40566141,-75.67604555,6079
17--3315,3/20/2017,8:00 AM,GEORGINA DR @ PARKHAVEN AVE (0006446),6446,02 - Intersection related,02 - Non-fatal injury,03 - Rear end,01 - Clear,01 - Daylight,01 - Dry,02 - Stop sign,01 - Functioning,3,0,0,0,01 - Minimal,1,1,,,,361450.3498,5025203.844,45.36448898,-75.77684226,6080
17--3316,3/20/2017,8:14 AM,HIGHWAY 417 btwn HWY417 IC124 RAMP76 & HWY417 IC124 RAMP67 (__3ZA2R7),__3ZA2R7,01 - Non intersection,03 - P.D. only,03 - Rear end,01 - Clear,01 - Daylight,01 - Dry,10 - No control,,2,0,0,0,,0,,,,,364286.1544,5027340.524,45.38347958,-75.74038818,6081
17--3317,3/20/2017,8:15 AM,BAYVIEW DR btwn HUNTER CRES & DUNSTER ST (__3ZAC7L),__3ZAC7L,01 - Non intersection,03 - P.D. only,07 - SMV other,01 - Clear,01 - Daylight,01 - Dry,10 - No control,,1,0,0,0,,0,,,,,337974.9958,5039036.496,45.49046354,-76.07556883,6082
17--3318,3/20/2017,8:35 AM,HIGHWAY 417 btwn HWY417 IC117 RAMP36 & HWY417 IC117 RAMP26 (__3ZAZE0),__3ZAZE0,01 - Non intersection,03 - P.D. only,03 - Rear end,01 - Clear,01 - Daylight,01 - Dry,10 - No control,,2,0,0,0,,0,,,,,370586.51,5031165.136,45.41732865,-75.65943357,6083
17--3319,3/20/2017,8:40 AM,EAGLESON RD @ MICHAEL COWPLAND DR/STONEHAVEN D (0003544),3544,02 - Intersection related,03 - P.D. only,03 - Rear end,01 - Clear,01 - Daylight,01 - Dry,01 - Traffic signal,01 - Functioning,2,0,0,0,,0,,,,,354382.9605,5016624.113,45.28782274,-75.86791276,6084
17--332,1/7/2017,3:35 PM,RICHMOND RD @ HOLLY ACRES RD/NANAIMO DR (0001068),1068,02 - Intersection related,03 - P.D. only,03 - Rear end,01 - Clear,01 - Daylight,01 - Dry,01 - Traffic signal,01 - Functioning,2,0,0,0,,0,,,,,359060.3883,5022748.496,45.34258482,-75.80761797,6085
17--3320,3/20/2017,8:45 AM,HWY417 IC129 RAMP51 btwn HIGHWAY 417 & ASHLEY ST (__3ZAYBJ),__3ZAYBJ,01 - Non intersection,03 - P.D. only,03 - Rear end,01 - Clear,01 - Daylight,01 - Dry,10 - No control,,2,0,0,0,,0,,,,,360198.3092,5023300.392,45.34746184,-75.79303698,6086
17--3321,3/20/2017,9:00 AM,HIGHWAY 417 btwn HWY417 IC117 RAMP61 & HWY417 IC115 RAMP36 (__3ZA2RZ),__3ZA2RZ,01 - Non intersection,03 - P.D. only,04 - Sideswipe,01 - Clear,01 - Daylight,01 - Dry,10 - No control,,2,0,0,0,,0,,,,,371566.952,5031421.677,45.41954403,-75.64687291,6087
17--3322,3/20/2017,9:03 AM,MARIER AVE @ MONTREAL RD (0009346),9346,02 - Intersection related,03 - P.D. only,03 - Rear end,01 - Clear,01 - Daylight,01 - Dry,01 - Traffic signal,00 - Unknown,2,0,0,0,,0,,,,,370420.7005,5033261.152,45.43620331,-75.66127266,6088
17--3323,3/20/2017,9:09 AM,APPLETON DR @ MEADOWBROOK RD (0013073),13073,03 - At intersection,03 - P.D. only,05 - Turning movement,01 - Clear,01 - Daylight,01 - Dry,02 - Stop sign,01 - Functioning,2,0,0,0,,0,,,,,374929.0689,5032231.899,45.42650503,-75.60380265,6089
17--3324,3/20/2017,9:26 AM,HINES RD @ INNOVATION DR (0011774),11774,02 - Intersection related,03 - P.D. only,03 - Rear end,01 - Clear,01 - Daylight,01 - Dry,02 - Stop sign,01 - Functioning,2,0,0,0,,0,,,,,350051.3082,5022869.904,45.34431628,-75.92255951,6090
17--3325,3/20/2017,9:38 PM,BASELINE RD @ CEDARVIEW RD (0010259),10259,03 - At intersection,03 - P.D. only,04 - Sideswipe,01 - Clear,07 - Dark,01 - Dry,01 - Traffic signal,01 - Functioning,2,0,0,0,,0,,,,,358966.1364,5021674.49,45.33292816,-75.80893814,6091
17--3326,3/20/2017,9:58 AM,BASELINE RD @ GREENBANK RD (0002357),2357,02 - Intersection related,03 - P.D. only,03 - Rear end,01 - Clear,01 - Daylight,01 - Dry,01 - Traffic signal,01 - Functioning,2,0,0,0,,0,,,,,360598.6876,5022583.831,45.34098249,-75.78800879,6092
17--3327,3/21/2017,1:16 PM,BANK ST btwn LANSDOWNE PARK & WILTON CRES (__3ZA3NFB),__3ZA3NFB,01 - Non intersection,03 - P.D. only,06 - SMV unattended vehicle,01 - Clear,01 - Daylight,01 - Dry,10 - No control,,1,0,0,0,,0,,,,,368539.0613,5029066.19,45.39863254,-75.68586287,6093
17--3328,3/21/2017,10:00 PM,BANK ST btwn EVANS BLVD & CECIL AVE (__3ZA3BH),__3ZA3BH,04 - At/near private drive,03 - P.D. only,03 - Rear end,01 - Clear,07 - Dark,01 - Dry,10 - No control,,2,0,0,0,,0,,,,,369938.0361,5027010.537,45.38000772,-75.66826701,6094
17--3329,3/21/2017,11:14 AM,CARLING AVE EB @ SAIGON CRT (0008796),8796,03 - At intersection,03 - P.D. only,05 - Turning movement,01 - Clear,01 - Daylight,01 - Dry,02 - Stop sign,01 - Functioning,3,0,0,0,,0,,,,,364067.033,5027113.94,45.38145938,-75.74321322,6095
17--333,1/7/2017,3:40 PM,INDUSTRIAL AVE/INNES RD @ ST. LAURENT BLVD (0002203),2203,02 - Intersection related,03 - P.D. only,03 - Rear end,01 - Clear,01 - Daylight,06 - Ice,01 - Traffic signal,01 - Functioning,2,0,0,0,,0,,,,,373100.5858,5030005.567,45.4066545,-75.62747511,6096
17--3330,3/21/2017,11:28 AM,KIRKWOOD AVE @ LAPERRIERE AVE (0006742),6742,02 - Intersection related,03 - P.D. only,03 - Rear end,02 - Rain,01 - Daylight,02 - Wet,01 - Traffic signal,00 - Unknown,2,0,0,0,,0,,,,,364520.4445,5026958.167,45.38001926,-75.73744292,6097
17--3331,3/21/2017,12:15 PM,LOLA ST btwn QUEEN MARY ST & PRINCE ALBERT ST (__3ZA8JY),__3ZA8JY,04 - At/near private drive,03 - P.D. only,02 - Angle,01 - Clear,01 - Daylight,01 - Dry,10 - No control,,2,0,0,0,,0,,,,,371131.7688,5032029.187,45.42505154,-75.65235113,6098
17--3332,3/21/2017,12:23 AM,HIGHWAY 417 btwn HIGHWAY 417 & HIGHWAY 417 (1) (__3ZA2UX),__3ZA2UX,01 - Non intersection,02 - Non-fatal injury,03 - Rear end,02 - Rain,07 - Dark,02 - Wet,10 - No control,,2,0,0,0,02 - Minor,1,,1,,,375335.7269,5030288.087,45.40897479,-75.59888475,6099
17--3333,3/21/2017,12:42 PM,WOODROFFE AVE @ SPORTSPLEX S (0010592),10592,02 - Intersection related,03 - P.D. only,03 - Rear end,01 - Clear,01 - Daylight,01 - Dry,01 - Traffic signal,01 - Functioning,2,0,0,0,,0,,,,,363831.7984,5020898.111,45.32554992,-75.74695884,6100
17--2523,2/28/2017,10:47 AM,HUNT CLUB RD @ RIVERSIDE DR (0002237),2237,03 - At intersection,03 - P.D. only,03 - Rear end,01 - Clear,01 - Daylight,01 - Dry,01 - Traffic signal,01 - Functioning,2,0,0,0,,0,,,,,368035.9525,5021945.874,45.33461133,-75.69319973,6101
17--3064,3/14/2017,6:11 PM,ROGER STEVENS DR btwn HWY416 IC49 RAMP24 & SECOND LINE RD S (__3ZAZFF),__3ZAZFF,01 - Non intersection,03 - P.D. only,07 - SMV other,03 - Snow,05 - Dusk,03 - Loose snow,10 - No control,,1,0,0,0,,0,,,,,369940.298,5001481.248,45.15029852,-75.67158611,6102
17--2524,2/28/2017,11:10 AM,HAZELDEAN RD @ TERRY FOX DR (0003682),3682,02 - Intersection related,03 - P.D. only,03 - Rear end,01 - Clear,01 - Daylight,01 - Dry,01 - Traffic signal,01 - Functioning,2,0,0,0,,0,,,,,352207.611,5017242.076,45.29353343,-75.89558363,6103
17--3065,3/14/2017,6:17 PM,ALBERT ST @ O'CONNOR ST (0002116),2116,02 - Intersection related,03 - P.D. only,03 - Rear end,03 - Snow,05 - Dusk,03 - Loose snow,01 - Traffic signal,00 - Unknown,2,0,0,0,,0,,,,,367538.7025,5031522.449,45.42082357,-75.69832655,6104
17--2525,2/28/2017,11:24 PM,BOOTH ST @ GLADSTONE AVE (0002211),2211,02 - Intersection related,03 - P.D. only,99 - Other,02 - Rain,07 - Dark,02 - Wet,01 - Traffic signal,01 - Functioning,2,0,0,0,,0,,,,,366769.0399,5029850.562,45.40584901,-75.70837053,6105
17--3066,3/14/2017,6:18 PM,WALKLEY RD @ DON REID DR/RYDER ST (0008218),8218,02 - Intersection related,03 - P.D. only,07 - SMV other,03 - Snow,05 - Dusk,03 - Loose snow,01 - Traffic signal,01 - Functioning,1,0,0,0,,0,,,,,372602.7302,5027283.875,45.38221428,-75.63420842,6106
17--2526,2/28/2017,11:37 AM,BASELINE RD btwn MERIVALE RD & FARLANE BLVD (__3ZA4ID),__3ZA4ID,04 - At/near private drive,03 - P.D. only,02 - Angle,01 - Clear,01 - Daylight,01 - Dry,10 - No control,,2,0,0,0,,0,,,,,365207.0616,5025420.557,45.36612526,-75.7288645,6107
17--3067,3/14/2017,6:24 PM,PRINCE OF WALES DR @ WEST HUNT CLUB RD (0000567),567,02 - Intersection related,03 - P.D. only,03 - Rear end,03 - Snow,05 - Dusk,03 - Loose snow,01 - Traffic signal,01 - Functioning,2,0,0,0,,0,,,,,367458.7103,5021890.378,45.33416377,-75.70057081,6108
17--2527,2/28/2017,12:47 PM,ST. LAURENT BLVD @ COVENTRY RD/OGILVIE RD (0002151),2151,02 - Intersection related,02 - Non-fatal injury,03 - Rear end,01 - Clear,01 - Daylight,01 - Dry,01 - Traffic signal,01 - Functioning,2,0,0,0,01 - Minimal,2,2,,,,372306.054,5031952.244,45.4242469,-75.63735726,6109
17--2794,3/7/2017,4:00 PM,LEES AVE @ KING EDWARD AVE/MANN AVE (0011413),11413,02 - Intersection related,03 - P.D. only,99 - Other,01 - Clear,01 - Daylight,01 - Dry,01 - Traffic signal,01 - Functioning,2,0,0,0,,0,,,,,369178.8109,5031334.842,45.41898654,-75.67739594,6110
17--3068,3/14/2017,6:37 AM,ALBION RD @ MITCH OWENS RD (0004212),4212,03 - At intersection,02 - Non-fatal injury,05 - Turning movement,03 - Snow,03 - Dawn,02 - Wet,01 - Traffic signal,01 - Functioning,2,0,0,0,03 - Major,2,1,,1,,375906.4197,5014805.787,45.26961413,-75.59381985,6111
17--2528,2/28/2017,2:53 PM,PRINCE OF WALES DR btwn FISHER AVE & NE/OT BOUNDARY (__3ZA2TZ),__3ZA2TZ,04 - At/near private drive,02 - Non-fatal injury,05 - Turning movement,01 - Clear,01 - Daylight,01 - Dry,10 - No control,,2,0,0,0,01 - Minimal,1,1,,,,367163.8431,5024003.946,45.35320752,-75.70406604,6112
17--2795,3/7/2017,5:06 PM,HIGHWAY 416 btwn HWY416 IC49 RAMP43 & HWY416 IC42 RAMP34 (__3ZAZJ7),__3ZAZJ7,01 - Non intersection,03 - P.D. only,07 - SMV other,01 - Clear,01 - Daylight,02 - Wet,10 - No control,,1,0,0,0,,0,,,,,369663.207,4998858.3,45.12672254,-75.67544986,6113
17--3069,3/14/2017,7:20 PM,PORTAGE BRIDGE NB btwn PROVINCIAL BOUNDARY & WELLINGTON ST (__6TE2PA),__6TE2PA,01 - Non intersection,02 - Non-fatal injury,07 - SMV other,03 - Snow,07 - Dark,03 - Loose snow,10 - No control,,1,0,0,0,02 - Minor,2,,2,,,366354.722,5031660.319,45.42216926,-75.71343674,6114
17--2529,2/28/2017,3:18 PM,PETER MORAND CRES btwn ROGER GUINDON AVE & ROGER GUINDON AVE (__3ZAZAK),__3ZAZAK,04 - At/near private drive,03 - P.D. only,02 - Angle,01 - Clear,01 - Daylight,01 - Dry,10 - No control,,2,0,0,0,,0,,,,,372140.7947,5029633.908,45.40340347,-75.63978559,6115
17--2796,3/7/2017,5:31 PM,MEADOWLANDS DR btwn NE/OT BOUNDARY & FISHER AVE (__3ZA4IT),__3ZA4IT,04 - At/near private drive,03 - P.D. only,02 - Angle,02 - Rain,05 - Dusk,02 - Wet,10 - No control,,2,0,0,0,,0,,,,,366559.3458,5025034.744,45.36253595,-75.71165156,6116
17--2797,3/7/2017,5:40 PM,HAZELDEAN RD btwn CASTLEFRANK RD & 246 E OF CASTLEFRANK RD (__3ZA41NA),__3ZA41NA,01 - Non intersection,02 - Non-fatal injury,03 - Rear end,02 - Rain,01 - Daylight,02 - Wet,10 - No control,,2,0,0,0,02 - Minor,1,,1,,,352692.9283,5017688.809,45.29752034,-75.88935336,6117
17--2798,3/7/2017,6:10 PM,HIGHWAY 417 btwn HWY417 IC122 RAMP61 & HWY417 IC121B RAMP16 (__3ZA2Y4),__3ZA2Y4,01 - Non intersection,03 - P.D. only,04 - Sideswipe,02 - Rain,05 - Dusk,02 - Wet,10 - No control,,2,0,0,0,,0,,,,,366074.8148,5029342.594,45.40133956,-75.71730126,6118
17--2799,3/7/2017,6:15 PM,BRIAN COBURN BLVD @ ESPRIT DR (0013113),13113,02 - Intersection related,03 - P.D. only,03 - Rear end,02 - Rain,05 - Dusk,02 - Wet,02 - Stop sign,01 - Functioning,2,0,0,0,,0,,,,,385141.9148,5035343.552,45.45340236,-75.47280191,6119
17--28,1/2/2017,3:05 PM,IONA ST @ ISLAND PARK DR (0006683),6683,02 - Intersection related,03 - P.D. only,03 - Rear end,03 - Snow,01 - Daylight,01 - Dry,01 - Traffic signal,01 - Functioning,3,0,0,0,,0,,,,,364349.9884,5028385.269,45.39287458,-75.73944706,6120
17--280,1/6/2017,3:30 PM,BERRIGAN DR @ LONGFIELDS DR (0010453),10453,02 - Intersection related,03 - P.D. only,03 - Rear end,01 - Clear,01 - Daylight,06 - Ice,11 - Roundabout,01 - Functioning,2,0,0,0,,0,,,,,364306.9544,5015645.492,45.27824695,-75.74152851,6121
17--2800,3/7/2017,6:57 PM,RICHARDSON SIDE RD btwn OAK CREEK RD & HUNTMAR DR (__3ZACYD),__3ZACYD,04 - At/near private drive,03 - P.D. only,05 - Turning movement,03 - Snow,07 - Dark,05 - Packed snow,10 - No control,,2,0,0,0,,0,,,,,347444.3555,5018306.861,45.30341995,-75.95621758,6122
17--2801,3/7/2017,7:09 AM,BOWESVILLE RD btwn HIGH RD & EARL ARMSTRONG RD (__3ZA7ZY),__3ZA7ZY,01 - Non intersection,03 - P.D. only,07 - SMV other,04 - Freezing Rain,01 - Daylight,06 - Ice,10 - No control,,1,0,0,0,,0,,,,,372430.728,5017717.472,45.2961556,-75.63771209,6123