Anom_ID,Accident_Date,Accident_Time,Location,Geo_ID,Accident_Location,Classification_of_Accident,Initial_Impact_Type,Environment_Condition,Light,Road_Surface_Condition,Traffic_Control,Traffic_Control_Condition,No__of_Vehicles,No__of_Bicycles,No__of_Motorcycles,No__of_Pedestrians,Max_Injury,No__of_Injuries,No__of_Minimal,No__of_Minor,No__of_Major,No__of_Fatal,X,Y,Latitude,Longitude,ObjectId
17--2802,3/7/2017,7:25 AM,IPSWICH TER btwn BEACON WAY & BEACON WAY (__3ZA585),__3ZA585,01 - Non intersection,02 - Non-fatal injury,01 - Approaching,02 - Rain,01 - Daylight,06 - Ice,10 - No control,,2,0,0,0,01 - Minimal,2,2,,,,349069.5606,5023029.461,45.34581466,-75.93507244,6124
17--2803,3/7/2017,8:07 AM,PEACOCK CRES btwn FLANDERS ST & FLANDERS ST (__3ZAB56),__3ZAB56,01 - Non intersection,03 - P.D. only,06 - SMV unattended vehicle,04 - Freezing Rain,01 - Daylight,06 - Ice,10 - No control,,1,0,0,0,,0,,,,,361975.3968,5014534.571,45.26844428,-75.77137185,6125
17--2804,3/7/2017,8:15 AM,FOUR SEASONS DR btwn SCHOLARS CRT & SHADETREE CRES (__3ZA0BL),__3ZA0BL,01 - Non intersection,03 - P.D. only,01 - Approaching,04 - Freezing Rain,01 - Daylight,06 - Ice,10 - No control,,2,0,0,0,,0,,,,,366410.7274,5024019.145,45.35341086,-75.71367506,6126
17--2805,3/7/2017,8:24 AM,ASTURCON ST @ LIVERY ST (0014904),14904,03 - At intersection,03 - P.D. only,02 - Angle,04 - Freezing Rain,01 - Daylight,06 - Ice,02 - Stop sign,01 - Functioning,2,0,0,0,,0,,,,,352651.3981,5015239.662,45.2754851,-75.89011906,6127
17--2806,3/7/2017,8:29 AM,HIGHWAY 416 btwn HIGHWAY 416 & HWY416 IC57 RAMP52 (__3ZAZEK),__3ZAZEK,01 - Non intersection,03 - P.D. only,04 - Sideswipe,04 - Freezing Rain,01 - Daylight,02 - Wet,10 - No control,,2,0,0,0,,0,,,,,364587.4302,5008324.899,45.21235215,-75.73883414,6128
17--2807,3/7/2017,8:33 AM,BERRY GLEN ST @ ROCKY HILL DR (0010918),10918,03 - At intersection,03 - P.D. only,07 - SMV other,04 - Freezing Rain,01 - Daylight,06 - Ice,02 - Stop sign,01 - Functioning,1,0,0,0,,0,,,,,366634.7826,5014444.704,45.26724145,-75.71201048,6129
17--2808,3/7/2017,8:36 AM,ASTURCON ST @ LIVERY ST (0014904),14904,03 - At intersection,03 - P.D. only,02 - Angle,04 - Freezing Rain,01 - Daylight,06 - Ice,02 - Stop sign,01 - Functioning,2,0,0,0,,0,,,,,352651.3981,5015239.662,45.2754851,-75.89011906,6130
17--2809,3/7/2017,8:52 AM,COTTER'S CRES btwn DOWNPATRICK RD & DOWNPATRICK RD (__3ZBORO),__3ZBORO,01 - Non intersection,03 - P.D. only,06 - SMV unattended vehicle,01 - Clear,01 - Daylight,01 - Dry,10 - No control,,1,0,0,0,,0,,,,,370373.527,5022991.408,45.34380421,-75.6632402,6131
17--281,1/6/2017,3:43 PM,ROBERTSON RD btwn MOODIE DR & VANIER RD (__3ZBOCN),__3ZBOCN,01 - Non intersection,03 - P.D. only,03 - Rear end,01 - Clear,01 - Daylight,01 - Dry,10 - No control,,3,0,0,0,,0,,,,,357159.5926,5020503.604,45.32252954,-75.8321086,6132
17--2810,3/7/2017,8:59 AM,FAIRLEA CRES btwn HEATHERINGTON RD & GORE PRIV (__3ZBORS),__3ZBORS,01 - Non intersection,03 - P.D. only,01 - Approaching,04 - Freezing Rain,01 - Daylight,06 - Ice,10 - No control,,2,0,0,0,,0,,,,,371839.7252,5026707.125,45.37709834,-75.64402865,6133
17--2811,3/7/2017,9:11 AM,WOODFORD WAY btwn WOODPARK WAY & ARMAGH WAY (__3ZA5AP),__3ZA5AP,01 - Non intersection,03 - P.D. only,06 - SMV unattended vehicle,04 - Freezing Rain,01 - Daylight,06 - Ice,10 - No control,,1,0,0,0,,0,,,,,364960.0981,5017025.398,45.29060771,-75.73303703,6134
17--2812,3/7/2017,9:14 PM,BLACKBURN BYPASS EB btwn 1700 W OF NAVAN RD & NAVAN RD (__3ZA3J6B),__3ZA3J6B,01 - Non intersection,03 - P.D. only,07 - SMV other,02 - Rain,07 - Dark,02 - Wet,10 - No control,,1,0,0,0,,0,,,,,378878.571,5032783.699,45.43106263,-75.5532547,6135
17--2813,3/7/2017,9:17 AM,COLLISTON CRES btwn WALKLEY RD & WALKLEY RD (__4CZOMV),__4CZOMV,01 - Non intersection,03 - P.D. only,01 - Approaching,04 - Freezing Rain,01 - Daylight,06 - Ice,10 - No control,,2,0,0,0,,0,,,,,370925.9154,5026461.927,45.37497897,-75.65572783,6136
17--2814,3/7/2017,9:20 AM,KIMBERWICK CRES btwn CHANCELLOR CRT & RIVERSIDE DR (__3ZA9YG),__3ZA9YG,01 - Non intersection,03 - P.D. only,04 - Sideswipe,04 - Freezing Rain,01 - Daylight,06 - Ice,10 - No control,,2,0,0,0,,0,,,,,367990.4847,5022464.352,45.33928058,-75.69371356,6137
17--2815,3/7/2017,9:23 AM,WILLOWDALE AVE btwn EVANS BLVD & RENFIELD RD (__3ZA9PU),__3ZA9PU,01 - Non intersection,03 - P.D. only,06 - SMV unattended vehicle,04 - Freezing Rain,01 - Daylight,06 - Ice,10 - No control,,1,0,0,0,,0,,,,,370175.0888,5027083.534,45.38064244,-75.66523079,6138
17--2816,3/8/2017,1:30 PM,BLAIR RD @ MONTREAL RD (0009277),9277,02 - Intersection related,03 - P.D. only,02 - Angle,01 - Clear,01 - Daylight,01 - Dry,01 - Traffic signal,01 - Functioning,2,0,0,0,,0,,,,,374020.0547,5034440.254,45.44646517,-75.61510725,6139
17--2817,3/8/2017,10:00 AM,ERIC CZAPNIK WAY btwn Continuation of ERIC CZAPNIK WAY & ST. JOSEPH ST (__7YK17E),__7YK17E,01 - Non intersection,03 - P.D. only,06 - SMV unattended vehicle,01 - Clear,01 - Daylight,02 - Wet,10 - No control,,1,0,0,0,,0,,,,,382999.6524,5038788.029,45.48463571,-75.49963909,6140
17--2818,3/8/2017,10:29 AM,BEAUSEJOUR DR N @ ORLEANS BLVD (0003637),3637,02 - Intersection related,03 - P.D. only,01 - Approaching,01 - Clear,01 - Daylight,06 - Ice,01 - Traffic signal,01 - Functioning,2,0,0,0,,0,,,,,381056.7541,5035896.254,45.45883285,-75.52493852,6141
17--2819,3/8/2017,10:45 AM,CUMMINGS AVE @ OGILVIE RD (0009923),9923,02 - Intersection related,02 - Non-fatal injury,03 - Rear end,01 - Clear,01 - Daylight,01 - Dry,01 - Traffic signal,01 - Functioning,2,0,0,0,02 - Minor,1,,1,,,372749.7235,5032170.586,45.42616848,-75.63165825,6142
17--282,1/6/2017,3:53 PM,FLOWER AVE @ WOODROFFE AVE (0002757),2757,02 - Intersection related,03 - P.D. only,03 - Rear end,01 - Clear,01 - Daylight,06 - Ice,02 - Stop sign,01 - Functioning,2,0,0,0,,0,,,,,361812.5385,5026115.531,45.3726629,-75.77211398,6143
17--2820,3/8/2017,10:59 AM,ST. JOSEPH BLVD @ JEANNE D'ARC BLVD (0012421),12421,03 - At intersection,03 - P.D. only,02 - Angle,01 - Clear,01 - Daylight,01 - Dry,11 - Roundabout,01 - Functioning,2,0,0,0,,0,,,,,379861.077,5036471.581,45.46413868,-75.5401371,6144
17--2821,3/8/2017,11:01 AM,WOODROFFE AVE @ GEORGINA DR/LENESTER AVE (0002351),2351,02 - Intersection related,03 - P.D. only,03 - Rear end,01 - Clear,01 - Daylight,01 - Dry,01 - Traffic signal,01 - Functioning,2,0,0,0,,0,,,,,361910.0211,5025371.188,45.36595743,-75.77095556,6145
17--2822,3/8/2017,11:44 AM,GEORGE ST btwn 26 W OF BYWARD MARKET/FREIMAN MALL & BY WARD MARKET SQ (__3ZA40PB),__3ZA40PB,04 - At/near private drive,03 - P.D. only,02 - Angle,01 - Clear,01 - Daylight,01 - Dry,10 - No control,,2,0,0,0,,0,,,,,368010.4214,5032204.463,45.42691763,-75.69221202,6146
17--2823,3/8/2017,12:23 PM,AIRPORT PKWY btwn AIRPORT PKWY/WALKLEY RD SOUTHBOUND ON RAMP           (__3ZA1KS),__3ZA1KS,01 - Non intersection,03 - P.D. only,03 - Rear end,02 - Rain,01 - Daylight,02 - Wet,10 - No control,,2,0,0,0,,0,,,,,370185.0384,5025343.307,45.3649835,-75.66533413,6147
17--2824,3/8/2017,12:25 PM,ELGIN ST btwn WAVERLEY ST & FRANK ST (__3ZA3RQ),__3ZA3RQ,01 - Non intersection,03 - P.D. only,06 - SMV unattended vehicle,01 - Clear,01 - Daylight,01 - Dry,10 - No control,,1,0,0,0,,0,,,,,368330.2311,5030931.609,45.41543596,-75.68828961,6148
17--2825,3/8/2017,2:00 PM,CLOVER ST btwn HERON RD & GREGG ST (__3ZA0TC),__3ZA0TC,01 - Non intersection,03 - P.D. only,06 - SMV unattended vehicle,01 - Clear,01 - Daylight,01 - Dry,10 - No control,,1,0,0,0,,0,,,,,369309.1119,5026598.652,45.37635989,-75.67635057,6149
17--2826,3/8/2017,2:14 PM,JEANNE D'ARC BLVD  S btwn SAPINIER ST & INNES RD (__3ZA3Y3),__3ZA3Y3,04 - At/near private drive,03 - P.D. only,03 - Rear end,01 - Clear,01 - Daylight,01 - Dry,10 - No control,,2,0,0,0,,0,,,,,382630.0613,5035592.303,45.45592468,-75.50487247,6150
17--2827,3/8/2017,2:17 PM,DALY AVE @ NICHOLAS ST (0011451),11451,03 - At intersection,03 - P.D. only,03 - Rear end,01 - Clear,01 - Daylight,02 - Wet,01 - Traffic signal,01 - Functioning,2,0,0,0,,0,,,,,368227.7009,5032046.574,45.42547734,-75.68945594,6151
17--2828,3/8/2017,2:38 PM,NORICE ST @ PERRY ST (0001059),1059,03 - At intersection,02 - Non-fatal injury,07 - SMV other,01 - Clear,01 - Daylight,01 - Dry,02 - Stop sign,01 - Functioning,1,0,0,1,02 - Minor,1,,1,,,364560.1951,5023221.531,45.34639417,-75.73738727,6152
17--2829,3/8/2017,2:43 PM,ALTA VISTA DR @ SMYTH RD (0011353),11353,03 - At intersection,02 - Non-fatal injury,02 - Angle,01 - Clear,01 - Daylight,01 - Dry,01 - Traffic signal,01 - Functioning,2,0,0,0,01 - Minimal,2,2,,,,370431.7126,5029082.226,45.39860197,-75.66168852,6153
17--283,1/6/2017,3:55 PM,HIGHWAY 417 btwn HWY417 IC121A RAMP51 & HWY417 IC120A RAMP52 (__3ZA2R6),__3ZA2R6,01 - Non intersection,03 - P.D. only,04 - Sideswipe,01 - Clear,01 - Daylight,01 - Dry,10 - No control,,2,0,0,0,,0,,,,,367691.4619,5029933.991,45.40651741,-75.69657748,6154
17--2830,3/8/2017,3:01 PM,BANK ST btwn CAHILL DR & TURN LANE (1) (__3ZA3HV),__3ZA3HV,04 - At/near private drive,03 - P.D. only,02 - Angle,01 - Clear,01 - Daylight,01 - Dry,10 - No control,,2,0,0,0,,0,,,,,371414.2707,5024208.45,45.3546567,-75.64979717,6155
17--2831,3/8/2017,3:14 PM,HIGHWAY 417 btwn HWY417 IC121B RAMP16 & HWY417 IC121A RAMP16 (__3ZA2YX),__3ZA2YX,01 - Non intersection,03 - P.D. only,03 - Rear end,01 - Clear,01 - Daylight,01 - Dry,10 - No control,,2,0,0,0,,0,,,,,366881.4834,5029619.532,45.4037603,-75.70696334,6156
17--2832,3/8/2017,3:18 PM,BLAIR RD @ REGIONAL RD 174 S/OR174 IC112 RAMP15 (0012435),12435,02 - Intersection related,03 - P.D. only,03 - Rear end,01 - Clear,01 - Daylight,01 - Dry,01 - Traffic signal,01 - Functioning,2,0,0,0,,0,,,,,374906.5117,5032661.047,45.43036853,-75.60402979,6157
17--2833,3/8/2017,3:22 PM,DES PERES BLANCS AVE btwn JOLLIET AVE & LAVERGNE ST (__3ZA8AU),__3ZA8AU,04 - At/near private drive,03 - P.D. only,99 - Other,01 - Clear,01 - Daylight,01 - Dry,10 - No control,,2,0,0,0,,0,,,,,370268.9632,5033886.176,45.44184123,-75.66312874,6158
17--2834,3/8/2017,3:28 PM,CARLING AVE @ CROYDON AVE (0002642),2642,03 - At intersection,03 - P.D. only,02 - Angle,01 - Clear,01 - Daylight,01 - Dry,01 - Traffic signal,01 - Functioning,2,0,0,0,,0,,,,,360659.6839,5025043.186,45.36310685,-75.7869527,6159
17--2835,3/8/2017,3:41 PM,STONEHAVEN DR @ HARNESS LANE/BLUEMEADOW WAY (0004046),4046,02 - Intersection related,02 - Non-fatal injury,04 - Sideswipe,01 - Clear,01 - Daylight,02 - Wet,01 - Traffic signal,01 - Functioning,2,0,0,0,02 - Minor,1,,1,,,354573.4341,5016744.979,45.28889685,-75.86547261,6160
17--2836,3/8/2017,3:46 AM,BANK ST btwn RIDEAU RD & TURN LANE (__3ZBPH9),__3ZBPH9,01 - Non intersection,03 - P.D. only,07 - SMV other,01 - Clear,07 - Dark,02 - Wet,10 - No control,,1,0,0,0,,0,,,,,377626.6587,5016235.085,45.28229836,-75.57169031,6161
17--2837,3/8/2017,4:00 AM,HERON RD @ ALTA VISTA DR (0007188),7188,03 - At intersection,02 - Non-fatal injury,07 - SMV other,02 - Rain,07 - Dark,02 - Wet,01 - Traffic signal,01 - Functioning,1,0,0,0,02 - Minor,1,,1,,,370493.7257,5026903.875,45.37899612,-75.66118649,6162
17--2838,3/8/2017,4:03 PM,BANK ST btwn ARENA PL & WHITE ALDER AVE (__3ZA29N),__3ZA29N,01 - Non intersection,03 - P.D. only,03 - Rear end,02 - Rain,01 - Daylight,02 - Wet,10 - No control,,2,0,0,0,,0,,,,,375536.8567,5021212.536,45.327297,-75.59761501,6163
17--2839,3/8/2017,4:10 PM,HAZELDEAN RD @ HUNTMAR DR/IBER RD (0000075),75,02 - Intersection related,03 - P.D. only,03 - Rear end,01 - Clear,01 - Daylight,01 - Dry,01 - Traffic signal,01 - Functioning,2,0,0,0,,0,,,,,350942.2635,5016078.763,45.28314983,-75.91182333,6164
17--284,1/6/2017,4:03 PM,RIVERSIDE DR @ 175 S OF HUNT CLUB  RD/RUNWAY C (0011890),11890,02 - Intersection related,03 - P.D. only,02 - Angle,01 - Clear,01 - Daylight,02 - Wet,01 - Traffic signal,01 - Functioning,2,0,0,0,,0,,,,,368027.9867,5021765.265,45.33298696,-75.69332442,6165
17--2840,3/8/2017,4:50 PM,MONTREAL RD @ CARSON'S RD/CODD'S RD (0010801),10801,02 - Intersection related,03 - P.D. only,04 - Sideswipe,01 - Clear,01 - Daylight,01 - Dry,01 - Traffic signal,00 - Unknown,2,0,0,0,,0,,,,,372771.7217,5034397.912,45.44620671,-75.63106963,6166
17--2841,3/8/2017,5:17 PM,MONTREAL RD @ PALACE ST (0004699),4699,03 - At intersection,03 - P.D. only,05 - Turning movement,01 - Clear,01 - Daylight,01 - Dry,10 - No control,,2,0,0,0,,0,,,,,369956.7189,5032999.255,45.43389025,-75.66723704,6167
17--2842,3/8/2017,5:21 PM,STEWART ST @ WALLER ST (0011915),11915,02 - Intersection related,03 - P.D. only,05 - Turning movement,01 - Clear,05 - Dusk,01 - Dry,02 - Stop sign,00 - Unknown,2,0,0,0,,0,,,,,368372.6293,5032041.086,45.4254148,-75.68760479,6168
17--2843,3/8/2017,5:27 PM,BASELINE RD @ CENTREPOINTE DR E/HIGHGATE RD (0011468),11468,03 - At intersection,02 - Non-fatal injury,05 - Turning movement,01 - Clear,05 - Dusk,01 - Dry,01 - Traffic signal,01 - Functioning,2,0,0,0,02 - Minor,2,,2,,,362062.0211,5023465.505,45.34879783,-75.7692361,6169
17--2844,3/8/2017,5:47 PM,CHESTERTON DR @ MEADOWLANDS DR (0001110),1110,02 - Intersection related,03 - P.D. only,03 - Rear end,01 - Clear,01 - Daylight,01 - Dry,01 - Traffic signal,01 - Functioning,2,0,0,0,,0,,,,,365103.3758,5024010.846,45.35344983,-75.73036,6170
17--2845,3/8/2017,5:51 AM,RAMSAYVILLE RD @ RIDGE RD (0009270),9270,02 - Intersection related,03 - P.D. only,07 - SMV other,01 - Clear,03 - Dawn,06 - Ice,02 - Stop sign,01 - Functioning,1,0,0,0,,0,,,,,376683.4114,5028864.205,45.39602639,-75.58187743,6171
17--2846,3/8/2017,5:57 AM,DUNROBIN RD @ GALETTA SIDE RD (0002366),2366,02 - Intersection related,03 - P.D. only,07 - SMV other,01 - Clear,07 - Dark,06 - Ice,02 - Stop sign,01 - Functioning,1,0,0,0,,0,,,,,333687.6064,5040340.353,45.50238661,-76.13034244,6172
17--2847,3/8/2017,5:58 PM,CARP RD @ STITTSVILLE MAIN ST (0005253),5253,02 - Intersection related,03 - P.D. only,03 - Rear end,01 - Clear,01 - Daylight,01 - Dry,01 - Traffic signal,01 - Functioning,2,0,0,0,,0,,,,,349525.1206,5014331.541,45.26751932,-75.93004418,6173
17--2848,3/8/2017,6:29 AM,HARBOUR ST btwn LEARMONTH AVE & TO BE DETERMINED (__3ZA3HA),__3ZA3HA,01 - Non intersection,02 - Non-fatal injury,07 - SMV other,01 - Clear,01 - Daylight,06 - Ice,10 - No control,,1,0,0,0,01 - Minimal,1,1,,,,328047.6151,5035483.123,45.45889034,-76.20274289,6174
17--2849,3/8/2017,6:37 PM,VANIER PKWY NB btwn RIVERSIDE DR & HWY417 IC117 RAMP26 (__3ZA4TH),__3ZA4TH,01 - Non intersection,03 - P.D. only,03 - Rear end,01 - Clear,05 - Dusk,01 - Dry,10 - No control,,2,0,0,0,,0,,,,,370805.0551,5031326.079,45.41875617,-75.65661992,6175
17--285,1/6/2017,4:23 PM,MITCH OWENS RD @ OLD PRESCOTT RD (0009275),9275,02 - Intersection related,03 - P.D. only,04 - Sideswipe,01 - Clear,01 - Daylight,02 - Wet,01 - Traffic signal,00 - Unknown,2,0,0,0,,0,,,,,377087.7117,5015549.612,45.27618637,-75.57865912,6176
17--2850,3/8/2017,6:45 AM,BANFF AVE @ WALKLEY RD (0006813),6813,02 - Intersection related,02 - Non-fatal injury,05 - Turning movement,03 - Snow,01 - Daylight,05 - Packed snow,01 - Traffic signal,01 - Functioning,2,0,0,0,01 - Minimal,1,1,,,,370505.3979,5026043.534,45.37125397,-75.66115193,6177
17--2851,3/8/2017,6:49 AM,DAVIDSON RD btwn BANK ST & CONROY RD (__3ZA8OR),__3ZA8OR,01 - Non intersection,03 - P.D. only,07 - SMV other,01 - Clear,01 - Daylight,06 - Ice,10 - No control,,1,0,0,0,,0,,,,,373728.3459,5022955.904,45.34316313,-75.62044047,6178
17--2852,3/8/2017,6:53 AM,WOODROFFE AVE btwn PINELAND AVE & SLACK RD (__3ZA3IC),__3ZA3IC,01 - Non intersection,02 - Non-fatal injury,07 - SMV other,01 - Clear,03 - Dawn,06 - Ice,10 - No control,,1,0,0,0,02 - Minor,1,,1,,,364212.7939,5020028.485,45.31769294,-75.74220341,6179
17--2853,3/8/2017,6:54 PM,DONALD ST @ VANIER PKWY (0007644),7644,03 - At intersection,03 - P.D. only,05 - Turning movement,01 - Clear,05 - Dusk,01 - Dry,01 - Traffic signal,01 - Functioning,2,0,0,0,,0,,,,,370312.0476,5032271.923,45.42731283,-75.66279287,6180
17--2854,3/8/2017,7:01 PM,RIVERSIDE DR @ BROOKFIELD RD/HOG'S BACK RD (0001627),1627,02 - Intersection related,03 - P.D. only,03 - Rear end,01 - Clear,07 - Dark,01 - Dry,01 - Traffic signal,01 - Functioning,2,0,0,0,,0,,,,,368168.7143,5026221.184,45.3730676,-75.69095808,6181
17--2855,3/8/2017,7:05 PM,BOOTH ST @ WELLINGTON ST S (0011393),11393,02 - Intersection related,03 - P.D. only,03 - Rear end,01 - Clear,07 - Dark,02 - Wet,02 - Stop sign,01 - Functioning,2,0,0,0,,0,,,,,366402.7027,5030675.571,45.41330455,-75.7129468,6182
17--2856,3/8/2017,7:06 AM,STANLEY AVE @ SUSSEX DR (0007143),7143,02 - Intersection related,03 - P.D. only,02 - Angle,01 - Clear,01 - Daylight,01 - Dry,01 - Traffic signal,01 - Functioning,2,0,0,0,,0,,,,,367831.0926,5033873.264,45.4419491,-75.69428984,6183
17--2857,3/8/2017,7:12 AM,HAZELDEAN RD @ HUNTMAR DR/IBER RD (0000075),75,02 - Intersection related,02 - Non-fatal injury,03 - Rear end,01 - Clear,01 - Daylight,02 - Wet,01 - Traffic signal,00 - Unknown,2,0,0,0,01 - Minimal,2,2,,,,350943.6012,5016079.432,45.28315576,-75.91180621,6184
17--2858,3/8/2017,7:20 AM,SOMERSET ST @ PERCY ST (0006762),6762,02 - Intersection related,03 - P.D. only,04 - Sideswipe,01 - Clear,01 - Daylight,06 - Ice,01 - Traffic signal,01 - Functioning,2,0,0,0,,0,,,,,367116.7072,5030568.571,45.41227858,-75.70383889,6185
17--2859,3/8/2017,7:20 AM,BRIAN COBURN BLVD @ MER BLEUE RD (0014363),14363,02 - Intersection related,03 - P.D. only,07 - SMV other,04 - Freezing Rain,01 - Daylight,06 - Ice,11 - Roundabout,00 - Unknown,1,0,0,0,,0,,,,,383150.8189,5034441.164,45.44550953,-75.49839849,6186
17--286,1/6/2017,4:30 PM,KELLY AVE @ MONCTON RD (0002584),2584,02 - Intersection related,03 - P.D. only,02 - Angle,01 - Clear,01 - Daylight,06 - Ice,02 - Stop sign,00 - Unknown,2,0,0,0,,0,,,,,360355.174,5023982.584,45.35358778,-75.79095867,6187
17--2860,3/8/2017,7:20 AM,SECOND LINE RD btwn WILD ACRE LANE & SHARNE LANE (__3ZBNBH),__3ZBNBH,01 - Non intersection,02 - Non-fatal injury,01 - Approaching,01 - Clear,01 - Daylight,06 - Ice,10 - No control,,2,0,0,0,02 - Minor,2,,2,,,346789.2025,5024600.256,45.36008933,-75.96403757,6188
17--2861,3/8/2017,7:22 PM,SEYTON DR btwn LOVELL LANE & TYRRELL PL (__3ZABEF),__3ZABEF,01 - Non intersection,03 - P.D. only,03 - Rear end,01 - Clear,07 - Dark,01 - Dry,10 - No control,,2,0,0,0,,0,,,,,357121.2506,5019770.265,45.31593373,-75.83267511,6189
17--2862,3/8/2017,7:26 AM,BELFAST RD @ TRIOLE ST (0008405),8405,03 - At intersection,03 - P.D. only,07 - SMV other,04 - Freezing Rain,01 - Daylight,06 - Ice,02 - Stop sign,00 - Unknown,1,0,0,0,,0,,,,,372979.0567,5030624.894,45.41223877,-75.62894179,6190
17--2863,3/8/2017,7:29 AM,FEATHERSTON DR @ RYDER ST (0008872),8872,02 - Intersection related,02 - Non-fatal injury,03 - Rear end,01 - Clear,01 - Daylight,06 - Ice,02 - Stop sign,01 - Functioning,2,0,0,0,01 - Minimal,1,1,,,,372406.7314,5027551.209,45.38463859,-75.63667428,6191
17--2864,3/8/2017,7:32 AM,HEMLOCK RD @ LANSDOWNE RD (0010754),10754,02 - Intersection related,03 - P.D. only,03 - Rear end,04 - Freezing Rain,01 - Daylight,06 - Ice,02 - Stop sign,01 - Functioning,2,0,0,0,,0,,,,,369848.5235,5034511.572,45.44750752,-75.66841985,6192
17--2865,3/8/2017,7:38 AM,SNAKE ISLAND RD btwn MCGUIRE RD & BLANCHFIELD RD (__3ZA3T4),__3ZA3T4,01 - Non intersection,03 - P.D. only,07 - SMV other,01 - Clear,01 - Daylight,06 - Ice,10 - No control,,1,0,0,0,,0,,,,,376773.0422,5005482.383,45.18563667,-75.5841253,6193
17--2866,3/8/2017,7:39 AM,INNES RD btwn ANDERSON RD & INNES RD (__3ZA3J2),__3ZA3J2,01 - Non intersection,03 - P.D. only,04 - Sideswipe,01 - Clear,01 - Daylight,06 - Ice,10 - No control,,2,0,0,0,,0,,,,,376457.6642,5031939.892,45.4237228,-75.5843133,6194
17--2867,3/8/2017,7:39 AM,CAMBRIAN RD btwn TWIN ELM RD & MOODIE DR (__3ZBNE4),__3ZBNE4,01 - Non intersection,02 - Non-fatal injury,01 - Approaching,01 - Clear,01 - Daylight,06 - Ice,10 - No control,,2,0,0,0,02 - Minor,2,,2,,,360949.7553,5010705.049,45.2340684,-75.78487391,6195
17--2868,3/8/2017,7:43 AM,DELAMERE DR @ WEST RIDGE DR (0009297),9297,02 - Intersection related,03 - P.D. only,03 - Rear end,01 - Clear,01 - Daylight,06 - Ice,02 - Stop sign,00 - Unknown,2,0,0,0,,0,,,,,348643.1773,5013722.735,45.26209658,-75.94133645,6196
17--2869,3/8/2017,7:43 AM,HWY417 IC155 RAMP51 btwn HIGHWAY 417 & MARCH RD (__3ZAY4B),__3ZAY4B,01 - Non intersection,03 - P.D. only,07 - SMV other,01 - Clear,01 - Daylight,06 - Ice,10 - No control,,1,0,0,0,,0,,,,,339189.6654,5019324.362,45.31302855,-76.06140375,6197
17--287,1/6/2017,4:38 PM,MACLAREN ST @ METCALFE ST (0006950),6950,03 - At intersection,03 - P.D. only,05 - Turning movement,01 - Clear,05 - Dusk,06 - Ice,01 - Traffic signal,01 - Functioning,2,0,0,0,,0,,,,,368052.5651,5031031.717,45.41636185,-75.69182407,6198
17--2870,3/8/2017,7:45 AM,ORLEANS BLVD btwn BOYER RD & BEAUSEJOUR DR (__3ZBOGM),__3ZBOGM,04 - At/near private drive,03 - P.D. only,04 - Sideswipe,01 - Clear,01 - Daylight,02 - Wet,10 - No control,,2,0,0,0,,0,,,,,381103.3462,5035721.488,45.45725536,-75.52436998,6199
17--2871,3/8/2017,7:45 PM,INNES RD @ JEANNE D'ARC BLVD/MER BLEUE RD (0012475),12475,02 - Intersection related,03 - P.D. only,03 - Rear end,01 - Clear,07 - Dark,01 - Dry,01 - Traffic signal,01 - Functioning,2,0,0,0,,0,,,,,382639.4258,5035567.554,45.45570096,-75.50475667,6200
17--2872,3/8/2017,7:46 AM,MAIN ST @ RIVERDALE AVE (0007229),7229,02 - Intersection related,03 - P.D. only,03 - Rear end,01 - Clear,01 - Daylight,06 - Ice,01 - Traffic signal,01 - Functioning,2,0,0,0,,0,,,,,369432.7444,5029531.825,45.40274023,-75.67438804,6201
17--2873,3/8/2017,7:48 AM,MERIVALE RD @ WEST HUNT CLUB RD (0000584),584,03 - At intersection,03 - P.D. only,05 - Turning movement,01 - Clear,01 - Daylight,01 - Dry,01 - Traffic signal,01 - Functioning,2,0,0,0,,0,,,,,365614.3674,5021943.167,45.33480102,-75.72409312,6202
17--2874,3/8/2017,7:55 AM,HEMLOCK RD @ LANSDOWNE RD (0010754),10754,02 - Intersection related,03 - P.D. only,03 - Rear end,04 - Freezing Rain,01 - Daylight,06 - Ice,02 - Stop sign,01 - Functioning,2,0,0,0,,0,,,,,369851.0277,5034509.696,45.44749041,-75.66838809,6203
17--2433,2/24/2017,2:35 PM,STRANDHERD DR @ WOODROFFE AVE (0009688),9688,02 - Intersection related,03 - P.D. only,03 - Rear end,01 - Clear,01 - Daylight,01 - Dry,01 - Traffic signal,01 - Functioning,2,0,0,0,,0,,,,,366106.9045,5015393.273,45.27582284,-75.71861973,6204
17--2875,3/8/2017,8:00 AM,MUNSTER RD btwn DOGWOOD DR & COPELAND RD (__3ZA3EW),__3ZA3EW,01 - Non intersection,03 - P.D. only,07 - SMV other,03 - Snow,01 - Daylight,06 - Ice,10 - No control,,1,0,0,0,,0,,,,,349560.4763,5002083.936,45.15730768,-75.93069429,6205
17--2876,3/8/2017,8:01 AM,BYRON AVE @ ISLAND PARK DR (0006365),6365,03 - At intersection,03 - P.D. only,05 - Turning movement,01 - Clear,01 - Daylight,02 - Wet,01 - Traffic signal,01 - Functioning,2,0,0,0,,0,,,,,364255.1805,5028601.513,45.39482836,-75.74063175,6206
17--2877,3/8/2017,8:11 AM,VANGUARD DR @ VANTAGE DR (0009246),9246,02 - Intersection related,03 - P.D. only,03 - Rear end,01 - Clear,01 - Daylight,06 - Ice,02 - Stop sign,01 - Functioning,2,0,0,0,,0,,,,,383940.3832,5035826.28,45.45788262,-75.48808378,6207