Anom_ID,Accident_Date,Accident_Time,Location,Geo_ID,Accident_Location,Classification_of_Accident,Initial_Impact_Type,Environment_Condition,Light,Road_Surface_Condition,Traffic_Control,Traffic_Control_Condition,No__of_Vehicles,No__of_Bicycles,No__of_Motorcycles,No__of_Pedestrians,Max_Injury,No__of_Injuries,No__of_Minimal,No__of_Minor,No__of_Major,No__of_Fatal,X,Y,Latitude,Longitude,ObjectId
17--2878,3/8/2017,8:13 AM,MCARTHUR AVE @ VANIER PKWY (0004626),4626,02 - Intersection related,03 - P.D. only,03 - Rear end,04 - Freezing Rain,01 - Daylight,06 - Ice,01 - Traffic signal,00 - Unknown,2,0,0,0,,0,,,,,370218.3706,5032689.917,45.43108253,-75.66393435,6208
17--2879,3/8/2017,8:33 PM,780 W OF TERRY FOX DR @ HAZELDEAN RD (0013520),13520,02 - Intersection related,02 - Non-fatal injury,03 - Rear end,01 - Clear,07 - Dark,01 - Dry,01 - Traffic signal,01 - Functioning,2,0,0,0,01 - Minimal,1,1,,,,351618.5658,5016697.734,45.28867479,-75.90314454,6209
17--288,1/6/2017,5:16 PM,INDUSTRIAL AVE @ RUSSELL RD (0007732),7732,02 - Intersection related,03 - P.D. only,03 - Rear end,01 - Clear,05 - Dusk,06 - Ice,01 - Traffic signal,01 - Functioning,2,0,0,0,,0,,,,,372467.0633,5030279.726,45.40918279,-75.63552966,6210
17--2880,3/8/2017,8:40 AM,PRINCE OF WALES DR btwn RIDEAU GLEN DR & FALLOWFIELD RD (__3ZA2X1),__3ZA2X1,01 - Non intersection,02 - Non-fatal injury,07 - SMV other,01 - Clear,01 - Daylight,06 - Ice,10 - No control,,1,0,0,0,02 - Minor,1,,1,,,367440.1782,5018965.132,45.30784452,-75.70117721,6211
17--2881,3/8/2017,9:03 AM,SPRATT RD btwn SHORELINE DR & CANYON WALK DR (__3ZAZTU),__3ZAZTU,01 - Non intersection,03 - P.D. only,03 - Rear end,01 - Clear,01 - Daylight,02 - Wet,10 - No control,,2,0,0,0,,0,,,,,368638.3156,5016086.193,45.28183238,-75.68627,6212
17--2882,3/8/2017,9:04 AM,BASELINE RD @ CENTREPOINTE DR E/HIGHGATE RD (0011468),11468,02 - Intersection related,03 - P.D. only,03 - Rear end,01 - Clear,01 - Daylight,02 - Wet,01 - Traffic signal,01 - Functioning,2,0,0,0,,0,,,,,362062.0211,5023467.512,45.34881589,-75.76923587,6213
17--2883,3/8/2017,9:06 AM,CHARLEMAGNE BLVD btwn ORCHARDVIEW AVE & BOTTRIELL WAY (__3ZA5SO),__3ZA5SO,01 - Non intersection,03 - P.D. only,03 - Rear end,01 - Clear,01 - Daylight,06 - Ice,10 - No control,,2,0,0,0,,0,,,,,384458.2617,5037202.442,45.47020519,-75.48124005,6214
17--2974,3/12/2017,1:14 PM,RIOCAN AVE @ STRANDHERD DR (0010997),10997,02 - Intersection related,03 - P.D. only,04 - Sideswipe,01 - Clear,01 - Daylight,01 - Dry,01 - Traffic signal,01 - Functioning,2,0,0,0,,0,,,,,364173.2121,5014944.573,45.27195138,-75.74331686,6215
17--3154,3/16/2017,11:25 PM,CYCLONE TAYLOR BLVD btwn FRANK FINNIGAN WAY & PALLADIUM DR (__3ZA56X),__3ZA56X,04 - At/near private drive,03 - P.D. only,02 - Angle,01 - Clear,07 - Dark,02 - Wet,10 - No control,,2,0,0,0,,0,,,,,350128.1397,5017724.631,45.29801282,-75.92205005,6216
17--2703,3/5/2017,10:33 AM,COPE DR @ TERRY FOX (0009143),9143,03 - At intersection,02 - Non-fatal injury,05 - Turning movement,01 - Clear,01 - Daylight,01 - Dry,01 - Traffic signal,01 - Functioning,2,0,0,0,02 - Minor,4,,4,,,353996.2668,5015345.308,45.27634292,-75.87296883,6217
17--253,1/5/2017,9:44 AM,INNES RD EB btwn ORLEANS BLVD & INNES RD (__3ZA3KL),__3ZA3KL,01 - Non intersection,03 - P.D. only,04 - Sideswipe,01 - Clear,01 - Daylight,02 - Wet,10 - No control,,2,0,0,0,,0,,,,,380471.8594,5034285.19,45.44440134,-75.53266408,6218
17--3155,3/16/2017,Unknown,SLATER ST btwn BAY ST & LYON ST N (__3ZA33A),__3ZA33A,01 - Non intersection,03 - P.D. only,06 - SMV unattended vehicle,01 - Clear,00 - Unknown,01 - Dry,10 - No control,,1,0,0,0,,0,,,,,367092.4055,5031145.503,45.4174718,-75.70407642,6219
17--2975,3/12/2017,1:14 PM,HUNT CLUB RD btwn BILLY BISHOP PRIV & HUNT CLUB PL (__3ZA36H),__3ZA36H,01 - Non intersection,03 - P.D. only,03 - Rear end,01 - Clear,01 - Daylight,01 - Dry,10 - No control,,2,0,0,0,,0,,,,,369586.0864,5022791.136,45.34207538,-75.67331361,6220
17--2704,3/5/2017,11:51 AM,INNES RD btwn PRESTWICK DR & TENTH LINE RD (__3ZA3Y7),__3ZA3Y7,04 - At/near private drive,03 - P.D. only,02 - Angle,01 - Clear,01 - Daylight,01 - Dry,10 - No control,,2,0,0,0,,0,,,,,383910.6232,5036141.501,45.46072206,-75.48841352,6221
17--2434,2/24/2017,3:00 PM,OTTAWA RIVER PKWY WB btwn RAMP & RAMP (__3ZA24R),__3ZA24R,01 - Non intersection,02 - Non-fatal injury,03 - Rear end,00 - Unknown,01 - Daylight,00 - Unknown,10 - No control,,2,0,0,0,02 - Minor,1,,1,,,364717.6469,5030452.332,45.41144221,-75.73450072,6222
17--307,1/6/2017,9:13 PM,WOODROFFE AVE btwn FIRESTATION & BASELINE RD (__3ZA34KB),__3ZA34KB,01 - Non intersection,03 - P.D. only,07 - SMV other,01 - Clear,07 - Dark,03 - Loose snow,10 - No control,,1,0,0,0,,0,,,,,362530.8061,5023818.573,45.35193628,-75.76321285,6223
17--2976,3/12/2017,10:15 AM,RICHMOND RD btwn STINSON AVE & STAFFORD RD (__3ZBOCU),__3ZBOCU,04 - At/near private drive,03 - P.D. only,07 - SMV other,01 - Clear,01 - Daylight,01 - Dry,10 - No control,,1,0,0,0,,0,,,,,357886.6943,5020936.897,45.32637373,-75.82278798,6224
17--2530,2/28/2017,3:30 PM,WALKLEY RD btwn HERON RD & HOLLY LANE (__3ZA1V8),__3ZA1V8,04 - At/near private drive,03 - P.D. only,05 - Turning movement,01 - Clear,01 - Daylight,01 - Dry,10 - No control,,2,0,0,0,,0,,,,,372196.7809,5027044.7,45.38010145,-75.63942416,6225
17--2435,2/24/2017,3:07 PM,INDUSTRIAL AVE/INNES RD @ ST. LAURENT BLVD (0002203),2203,02 - Intersection related,02 - Non-fatal injury,03 - Rear end,01 - Clear,01 - Daylight,02 - Wet,01 - Traffic signal,01 - Functioning,2,0,0,0,02 - Minor,1,,1,,,373098.9769,5030004.441,45.40664453,-75.62749582,6226
17--2705,3/5/2017,Unknown,BINSCARTH CRES btwn SHELDRAKE DR & SHELDRAKE DR (__3ZACMX),__3ZACMX,01 - Non intersection,03 - P.D. only,06 - SMV unattended vehicle,01 - Clear,00 - Unknown,01 - Dry,10 - No control,,1,0,0,0,,0,,,,,353355.5535,5016905.943,45.29043044,-75.88098186,6227
17--3070,3/14/2017,7:30 PM,BRONSON AVE RAMP 42B btwn BRONSON AVE RAMP 42A-2/42A-3 & BRONSON AVE R (__3ZAYCN),__3ZAYCN,01 - Non intersection,03 - P.D. only,01 - Approaching,03 - Snow,07 - Dark,03 - Loose snow,10 - No control,,2,0,0,0,,0,,,,,368494.6595,5027071.299,45.38068715,-75.68668743,6228
17--2977,3/12/2017,11:33 AM,COLONEL BY DR @ HOG'S BACK RD (0002635),2635,03 - At intersection,03 - P.D. only,05 - Turning movement,01 - Clear,01 - Daylight,01 - Dry,01 - Traffic signal,01 - Functioning,2,0,0,0,,0,,,,,367603.0439,5025874.207,45.36999651,-75.69822351,6229
17--2531,2/28/2017,3:40 PM,HIGHWAY 417 btwn HWY417 IC121A RAMP16 & HWY417 IC121A RAMP61 (__3ZA2YY),__3ZA2YY,01 - Non intersection,03 - P.D. only,03 - Rear end,01 - Clear,01 - Daylight,01 - Dry,10 - No control,,2,0,0,0,,0,,,,,367283.9292,5029765.58,45.40503859,-75.70180444,6230
17--2436,2/24/2017,3:26 PM,LEITRIM RD btwn HIGH RD & ALBION RD (__4B2G24),__4B2G24,04 - At/near private drive,02 - Non-fatal injury,02 - Angle,04 - Freezing Rain,01 - Daylight,06 - Ice,10 - No control,,2,0,0,0,02 - Minor,1,,1,,,373416.2588,5020355.978,45.3198005,-75.62478279,6231
17--2706,3/5/2017,12:38 PM,EVELYN AVE btwn MAIN ST & ROSEMERE AVE (__3ZA8FD),__3ZA8FD,01 - Non intersection,03 - P.D. only,06 - SMV unattended vehicle,01 - Clear,01 - Daylight,01 - Dry,10 - No control,,1,0,0,0,,0,,,,,369184.9608,5030560.235,45.41201634,-75.67741857,6232
17--3071,3/14/2017,7:40 AM,WILHAVEN DR btwn EMMETT RD & BECKETT'S CREEK RD (__3ZA1RC),__3ZA1RC,01 - Non intersection,03 - P.D. only,07 - SMV other,03 - Snow,01 - Daylight,03 - Loose snow,10 - No control,,1,0,0,0,,0,,,,,394678.3529,5041209.734,45.50501696,-75.34982536,6233
17--2978,3/12/2017,11:37 AM,CAMPEAU DR @ TERRY FOX DR (0008211),8211,02 - Intersection related,03 - P.D. only,03 - Rear end,01 - Clear,01 - Daylight,01 - Dry,01 - Traffic signal,01 - Functioning,2,0,0,0,,0,,,,,350457.2729,5019009.786,45.3095557,-75.91773533,6234
17--2979,3/12/2017,11:48 AM,CEDARWOOD DR @ WALKLEY RD (0002235),2235,02 - Intersection related,03 - P.D. only,03 - Rear end,01 - Clear,01 - Daylight,01 - Dry,01 - Traffic signal,01 - Functioning,2,0,0,0,,0,,,,,371193.2277,5026456.65,45.37490621,-75.65231597,6235
17--2437,2/24/2017,4:10 PM,QUEENSDALE AVE @ SIXTH ST (0009576),9576,03 - At intersection,03 - P.D. only,02 - Angle,02 - Rain,01 - Daylight,02 - Wet,02 - Stop sign,01 - Functioning,2,0,0,0,,0,,,,,373623.0713,5023613.841,45.34909333,-75.62169212,6236
17--3156,3/16/2017,2:07 PM,LYON ST @ SPARKS ST (0006076),6076,02 - Intersection related,03 - P.D. only,04 - Sideswipe,01 - Clear,01 - Daylight,01 - Dry,01 - Traffic signal,00 - Unknown,2,0,0,0,,0,,,,,366976.1251,5031353.217,45.41935109,-75.7055358,6237
17--3072,3/14/2017,7:57 PM,BANKFIELD RD btwn KILREEN LANE & PRINCE OF WALES DR (__3ZA4KO),__3ZA4KO,01 - Non intersection,02 - Non-fatal injury,01 - Approaching,03 - Snow,07 - Dark,03 - Loose snow,10 - No control,,2,0,0,0,02 - Minor,2,,2,,,366200.7601,5008878.396,45.21719382,-75.71822816,6238
17--2707,3/5/2017,2:07 AM,KILBORN AVE btwn ASTER ST & VIRGINIA DR (__3ZA9S7),__3ZA9S7,01 - Non intersection,03 - P.D. only,06 - SMV unattended vehicle,01 - Clear,07 - Dark,01 - Dry,10 - No control,,1,0,0,0,,0,,,,,371653.6036,5027894.545,45.38780008,-75.646244,6239
17--298,1/6/2017,7:45 AM,CARLING AVE btwn MARCH RD & SCHNEIDER RD (__3ZA42E),__3ZA42E,04 - At/near private drive,03 - P.D. only,04 - Sideswipe,01 - Clear,03 - Dawn,01 - Dry,10 - No control,,2,0,0,0,,0,,,,,351264.4634,5022184.853,45.33807274,-75.9071439,6240
17--2532,2/28/2017,3:52 PM,CAMERON ST @ REGIONAL RD 174 (0012883),12883,02 - Intersection related,02 - Non-fatal injury,03 - Rear end,01 - Clear,01 - Daylight,01 - Dry,01 - Traffic signal,01 - Functioning,3,0,0,0,01 - Minimal,1,1,,,,389860.7593,5042617.573,45.51828707,-75.41122044,6241
17--2438,2/24/2017,4:12 PM,GLADSTONE AVE @ METCALFE ST (0002709),2709,03 - At intersection,03 - P.D. only,02 - Angle,01 - Clear,01 - Daylight,02 - Wet,01 - Traffic signal,01 - Functioning,2,0,0,0,,0,,,,,368229.7084,5030750.569,45.41381614,-75.68959713,6242
17--3157,3/16/2017,3:17 PM,HIGHWAY 417 btwn HWY417 IC118 RAMP35 & HWY417 IC117 RAMP51 (__3ZA2YP),__3ZA2YP,01 - Non intersection,03 - P.D. only,03 - Rear end,01 - Clear,01 - Daylight,01 - Dry,10 - No control,,2,0,0,0,,0,,,,,370114.2272,5031094.866,45.41674064,-75.66547668,6243
17--2980,3/12/2017,11:54 AM,NICHOLAS ST SB btwn Continuation of WALLER ST & HWY417 IC118 RAMP35 (__6KCDVW),__6KCDVW,01 - Non intersection,03 - P.D. only,03 - Rear end,01 - Clear,01 - Daylight,01 - Dry,10 - No control,,3,0,0,0,,0,,,,,369007.633,5031335.159,45.41900513,-75.67958291,6244
17--2533,2/28/2017,3:56 PM,CARLING AVE @ PINECREST  RD/GREENVIEW AVE (0001630),1630,02 - Intersection related,03 - P.D. only,03 - Rear end,01 - Clear,01 - Daylight,01 - Dry,01 - Traffic signal,01 - Functioning,3,0,0,0,,0,,,,,360007.0102,5024631.19,45.35945142,-75.79532945,6245
17--2708,3/5/2017,3:40 AM,ISLAND PARK DR @ MAILES AVE (0005629),5629,02 - Intersection related,03 - P.D. only,07 - SMV other,01 - Clear,07 - Dark,01 - Dry,02 - Stop sign,00 - Unknown,1,0,0,0,,0,,,,,364028.6963,5028921.552,45.3977272,-75.74348575,6246
17--2439,2/24/2017,4:56 PM,CARLING AVE @ FAIRLAWN AVE/WOODROFFE AVE E (0002393),2393,02 - Intersection related,03 - P.D. only,04 - Sideswipe,02 - Rain,01 - Daylight,02 - Wet,01 - Traffic signal,01 - Functioning,2,0,0,0,,0,,,,,361934.6841,5025830.528,45.37008852,-75.77058762,6247
17--2981,3/12/2017,Unknown,CARLSEN AVE btwn HERON RD & GREGG ST (__3ZA0TE),__3ZA0TE,01 - Non intersection,03 - P.D. only,06 - SMV unattended vehicle,01 - Clear,00 - Unknown,01 - Dry,10 - No control,,1,0,0,0,,0,,,,,369369.2581,5026747.158,45.37769056,-75.67556329,6248
17--2534,2/28/2017,4:05 PM,CARLING AVE btwn MOODIE DR & JAMES CUMMINGS AVE (__3ZA4ZC),__3ZA4ZC,01 - Non intersection,03 - P.D. only,07 - SMV other,01 - Clear,01 - Daylight,01 - Dry,10 - No control,,1,0,0,0,,0,,,,,356134.4308,5023880.655,45.35299231,-75.8448342,6249
17--2535,2/28/2017,4:34 PM,DONALD ST btwn FINDON GT & BELGATE WAY (__3ZBO2T),__3ZBO2T,04 - At/near private drive,03 - P.D. only,02 - Angle,01 - Clear,01 - Daylight,01 - Dry,10 - No control,,2,0,0,0,,0,,,,,372479.15,5032427.633,45.4285075,-75.63508024,6250
17--2536,2/28/2017,4:40 PM,MAYFIELD ST @ MCARTHUR AVE (0009190),9190,02 - Intersection related,03 - P.D. only,99 - Other,01 - Clear,01 - Daylight,01 - Dry,02 - Stop sign,01 - Functioning,2,0,0,0,,0,,,,,370066.0415,5032673.247,45.43094677,-75.66588316,6251
17--2537,2/28/2017,4:44 PM,EARL ARMSTRONG RD @ BOWESVILLE RD (0009411),9411,03 - At intersection,02 - Non-fatal injury,02 - Angle,01 - Clear,01 - Daylight,01 - Dry,02 - Stop sign,01 - Functioning,2,0,0,0,01 - Minimal,1,1,,,,372560.9845,5017440.615,45.29365196,-75.63608934,6252
17--2538,2/28/2017,6:00 PM,BILLINGS BRIDGESC RAMP NB @ RIVERSIDE DR EB (0008853),8853,03 - At intersection,03 - P.D. only,02 - Angle,01 - Clear,07 - Dark,01 - Dry,02 - Stop sign,01 - Functioning,2,0,0,0,,0,,,,,369081.4982,5027761.893,45.3868473,-75.67910497,6253
17--2539,2/28/2017,6:15 AM,HIGHWAY 417 btwn HWY 417 ANDERSON IC104R61 & HWY 417 BOUNDARY IC96R16 (__3ZA2W5),__3ZA2W5,01 - Non intersection,03 - P.D. only,03 - Rear end,01 - Clear,03 - Dawn,01 - Dry,10 - No control,,2,0,0,0,,0,,,,,386370.5433,5024054.379,45.35169022,-75.45896335,6254
17--254,1/5/2017,9:53 AM,DUNDONALD DR btwn LAMPREY ST & RIVER MIST RD (__8A9ON2),__8A9ON2,01 - Non intersection,03 - P.D. only,06 - SMV unattended vehicle,01 - Clear,01 - Daylight,06 - Ice,10 - No control,,1,0,0,0,,0,,,,,364650.9751,5011867.229,45.24422088,-75.7375992,6255
17--2540,2/28/2017,6:15 PM,WALKLEY RD btwn HERON RD & HOLLY LANE (__3ZA1V8),__3ZA1V8,04 - At/near private drive,03 - P.D. only,03 - Rear end,01 - Clear,07 - Dark,01 - Dry,10 - No control,,2,0,0,0,,0,,,,,372196.5371,5027044.7,45.38010148,-75.63942727,6256
17--2541,2/28/2017,6:15 PM,BILLINGS BRIDGESC RAMP NB @ RIVERSIDE DR EB (0008853),8853,02 - Intersection related,03 - P.D. only,02 - Angle,01 - Clear,05 - Dusk,01 - Dry,02 - Stop sign,01 - Functioning,2,0,0,0,,0,,,,,369083.9422,5027762.605,45.38685348,-75.67907367,6257
17--2542,2/28/2017,6:29 PM,BANK ST btwn ALBION RD & SIEVERIGHT AVE (__3ZA29S),__3ZA29S,04 - At/near private drive,03 - P.D. only,02 - Angle,01 - Clear,07 - Dark,01 - Dry,10 - No control,,2,0,0,0,,0,,,,,372110.2731,5024142.208,45.35399421,-75.64092405,6258
17--2543,2/28/2017,7:12 PM,CARLING AVE @ WOODROFFE AVE W (0011470),11470,03 - At intersection,03 - P.D. only,05 - Turning movement,01 - Clear,07 - Dark,02 - Wet,01 - Traffic signal,01 - Functioning,2,0,0,0,,0,,,,,361766.0114,5025724.845,45.36915133,-75.772753,6259
17--2544,2/28/2017,7:20 AM,HILLMAN MARSH WAY btwn CEDAR CREEK DR & OLD CROW WAY (__49HQF2),__49HQF2,04 - At/near private drive,02 - Non-fatal injury,02 - Angle,01 - Clear,01 - Daylight,01 - Dry,10 - No control,,2,0,0,0,02 - Minor,1,,1,,,375605.3807,5020114.524,45.31741063,-75.59689795,6260
17--2545,2/28/2017,7:55 AM,DONALD ST @ ST. LAURENT BLVD (0008630),8630,02 - Intersection related,03 - P.D. only,03 - Rear end,01 - Clear,01 - Daylight,01 - Dry,01 - Traffic signal,01 - Functioning,2,0,0,0,,0,,,,,372094.7162,5032473.923,45.42896109,-75.63998631,6261
17--2546,2/28/2017,7:58 AM,JEANNE D'ARC BLVD N/OR174 IC105 RAMP63 @ TRANS (0012413),12413,02 - Intersection related,03 - P.D. only,03 - Rear end,01 - Clear,01 - Daylight,01 - Dry,01 - Traffic signal,00 - Unknown,2,0,0,0,,0,,,,,379342.5355,5037117.738,45.47000784,-75.54666916,6262
17--2547,2/28/2017,8:07 PM,ISABELLA ST/HWY417 IC119AR75 @ METCALFE ST (0011380),11380,02 - Intersection related,02 - Non-fatal injury,03 - Rear end,01 - Clear,07 - Dark,01 - Dry,01 - Traffic signal,01 - Functioning,3,0,0,0,02 - Minor,1,,1,,,368448.3721,5030398.227,45.41062603,-75.68684918,6263
17--3158,3/16/2017,3:30 PM,HIGHWAY 417 btwn HWY417 IC122 RAMP61 & HWY417 IC121B RAMP16 (__3ZA2Y4),__3ZA2Y4,01 - Non intersection,03 - P.D. only,03 - Rear end,01 - Clear,01 - Daylight,01 - Dry,10 - No control,,2,0,0,0,,0,,,,,366377.8798,5029469.686,45.40245651,-75.71341453,6264
17--3073,3/14/2017,8:11 PM,GREENBANK RD @ WEST HUNT CLUB RD (0005167),5167,02 - Intersection related,02 - Non-fatal injury,07 - SMV other,03 - Snow,07 - Dark,03 - Loose snow,01 - Traffic signal,01 - Functioning,1,0,0,0,02 - Minor,1,,1,,,361480.0115,5020502.479,45.32218387,-75.77700233,6265
17--2548,2/28/2017,8:30 AM,BUNCHBERRY WAY btwn CREEKVIEW WAY & ROCKROSE WAY (__8A9OPM),__8A9OPM,04 - At/near private drive,03 - P.D. only,02 - Angle,01 - Clear,01 - Daylight,01 - Dry,10 - No control,,2,0,0,0,,0,,,,,374145.7257,5019799.083,45.31471808,-75.61555733,6266
17--2549,2/28/2017,8:52 AM,OLD PRESCOTT RD @ PARKWAY RD (0005817),5817,03 - At intersection,03 - P.D. only,02 - Angle,01 - Clear,01 - Daylight,01 - Dry,01 - Traffic signal,01 - Functioning,2,0,0,0,,0,,,,,377888.8903,5013684.222,45.25931949,-75.56872358,6267
17--255,1/5/2017,9:57 PM,GREENBANK RD @ BERRIGAN DR/WESSEX RD (0004726),4726,03 - At intersection,03 - P.D. only,05 - Turning movement,01 - Clear,07 - Dark,02 - Wet,01 - Traffic signal,01 - Functioning,2,0,0,0,,0,,,,,363723.4666,5015276.535,45.27497621,-75.74900876,6268
17--2550,2/28/2017,8:53 PM,BANK ST @ ROSEBELLA AVE (0009238),9238,02 - Intersection related,02 - Non-fatal injury,03 - Rear end,01 - Clear,07 - Dark,01 - Dry,01 - Traffic signal,01 - Functioning,2,0,0,0,02 - Minor,2,,2,,,373205.2316,5023550.534,45.3485646,-75.62703265,6269
17--2551,2/28/2017,8:57 PM,GEORGE ST @ DALHOUSIE ST (0008516),8516,03 - At intersection,02 - Non-fatal injury,07 - SMV other,01 - Clear,07 - Dark,01 - Dry,01 - Traffic signal,01 - Functioning,1,0,0,1,01 - Minimal,1,1,,,,368156.6347,5032315.733,45.42790557,-75.69032938,6270
17--2552,2/28/2017,9:04 PM,BANK ST @ RIVERSIDE DR N (0010778),10778,03 - At intersection,03 - P.D. only,05 - Turning movement,01 - Clear,07 - Dark,01 - Dry,01 - Traffic signal,01 - Functioning,2,0,0,0,,0,,,,,369226.7192,5027984.215,45.38883434,-75.67722162,6271
17--2553,2/28/2017,9:32 AM,BOOTH ST @ LOUISA ST (0006503),6503,02 - Intersection related,02 - Non-fatal injury,03 - Rear end,01 - Clear,01 - Daylight,01 - Dry,02 - Stop sign,00 - Unknown,2,0,0,0,03 - Major,2,1,,1,,366802.705,5029769.438,45.4051161,-75.70795072,6272
17--2554,2/28/2017,9:44 AM,HERZBERG RD/MARCH VALLEY RD @ SANDHILL RD (0012142),12142,02 - Intersection related,03 - P.D. only,03 - Rear end,01 - Clear,01 - Daylight,01 - Dry,02 - Stop sign,01 - Functioning,2,0,0,0,,0,,,,,351526.7611,5023530.718,45.35016568,-75.9036702,6273
17--2555,3/1/2017,1:27 PM,RIOCAN AVE btwn MARKETPLACE AVE & END (__4LZBNN),__4LZBNN,04 - At/near private drive,03 - P.D. only,01 - Approaching,01 - Clear,01 - Daylight,01 - Dry,10 - No control,,2,0,0,0,,0,,,,,364375.4789,5014606.324,45.26889071,-75.74077987,6274
17--2556,3/1/2017,11:19 AM,CARP RD @ WESTBROOK RD (0001681),1681,02 - Intersection related,03 - P.D. only,03 - Rear end,01 - Clear,01 - Daylight,01 - Dry,01 - Traffic signal,01 - Functioning,2,0,0,0,,0,,,,,347737.2307,5015443.11,45.27763307,-75.95273102,6275
17--2557,3/1/2017,11:30 AM,GILMOUR ST @ O'CONNOR ST (0007286),7286,03 - At intersection,02 - Non-fatal injury,07 - SMV other,02 - Rain,01 - Daylight,02 - Wet,01 - Traffic signal,01 - Functioning,1,0,0,1,01 - Minimal,1,1,,,,367944.0459,5030868.57,45.41490371,-75.69323139,6276
17--2558,3/1/2017,11:50 AM,CARP RD @ DONALD B. MUNRO DR (0001595),1595,03 - At intersection,02 - Non-fatal injury,02 - Angle,02 - Rain,01 - Daylight,02 - Wet,02 - Stop sign,01 - Functioning,2,0,0,0,02 - Minor,1,,1,,,341193.5437,5022821.523,45.34439644,-76.03559057,6277
17--2559,3/1/2017,11:55 AM,BANK ST btwn CHAMBERLAIN AVE S & PRETORIA AVE (__3ZA3PL),__3ZA3PL,01 - Non intersection,03 - P.D. only,04 - Sideswipe,02 - Rain,01 - Daylight,02 - Wet,10 - No control,,2,0,0,0,,0,,,,,368103.1134,5030121.077,45.40816364,-75.69129524,6278
17--256,1/6/2017,1:04 PM,BOOTH ST @ WELLINGTON ST S (0011393),11393,02 - Intersection related,03 - P.D. only,03 - Rear end,01 - Clear,01 - Daylight,02 - Wet,01 - Traffic signal,01 - Functioning,2,0,0,0,,0,,,,,366402.4522,5030675.361,45.41330268,-75.71295003,6279
17--2560,3/1/2017,12:00 PM,ALBERT ST @ EMPRESS AVE (0010851),10851,02 - Intersection related,03 - P.D. only,03 - Rear end,02 - Rain,01 - Daylight,02 - Wet,01 - Traffic signal,01 - Functioning,3,0,0,0,,0,,,,,366577.4515,5030720.941,45.41369737,-75.71070869,6280
17--2561,3/1/2017,2:30 PM,HUNT CLUB RD @ PAUL ANKA DR (0008224),8224,02 - Intersection related,03 - P.D. only,03 - Rear end,02 - Rain,01 - Daylight,02 - Wet,01 - Traffic signal,01 - Functioning,2,0,0,0,,0,,,,,369777.3908,5022897.49,45.34301463,-75.6708588,6281
17--2562,3/1/2017,4:00 PM,ORLEANS BLVD btwn LUMBERMAN WAY & ST. JOSEPH BLVD (__3ZA66D),__3ZA66D,04 - At/near private drive,03 - P.D. only,02 - Angle,02 - Rain,01 - Daylight,02 - Wet,10 - No control,,2,0,0,0,,0,,,,,380628.167,5036985.091,45.46867599,-75.53024993,6282
17--2563,3/1/2017,4:10 PM,TRIM RD btwn WALL RD & NAVAN RD (__3ZA1D8),__3ZA1D8,01 - Non intersection,03 - P.D. only,03 - Rear end,"07 - Fog, mist, smoke, dust",01 - Daylight,02 - Wet,10 - No control,,2,0,0,0,,0,,,,,387938.9302,5033994.372,45.44093667,-75.4372752,6283
17--2564,3/1/2017,4:25 PM,OTTAWA RIVER PKWY @ WOODROFFE AVE (0002637),2637,02 - Intersection related,03 - P.D. only,03 - Rear end,02 - Rain,01 - Daylight,02 - Wet,02 - Stop sign,00 - Unknown,2,0,0,0,,0,,,,,361427.4482,5027002.253,45.38067277,-75.77692839,6284
17--2565,3/1/2017,4:30 PM,BASELINE RD/HERON RD @ PRINCE OF WALES DR (0002345),2345,02 - Intersection related,02 - Non-fatal injury,04 - Sideswipe,02 - Rain,01 - Daylight,02 - Wet,01 - Traffic signal,01 - Functioning,2,1,0,0,01 - Minimal,1,1,,,,366874.8163,5026440.232,45.37515435,-75.70744841,6285
17--2566,3/1/2017,5:14 PM,CARP RD btwn KITTIWAKE DR & HAZELDEAN RD (__3ZA3DY),__3ZA3DY,04 - At/near private drive,03 - P.D. only,02 - Angle,02 - Rain,01 - Daylight,02 - Wet,10 - No control,,2,0,0,0,,0,,,,,348632.4028,5014526.587,45.26933062,-75.94140279,6286
17--2567,3/1/2017,5:25 PM,HOPE SIDE RD @ RICHMOND RD (0000581),581,03 - At intersection,03 - P.D. only,02 - Angle,02 - Rain,05 - Dusk,02 - Wet,02 - Stop sign,01 - Functioning,2,0,0,0,,0,,,,,356954.1651,5015484.416,45.27738145,-75.83525679,6287
17--2568,3/1/2017,5:36 PM,ARMAGH WAY @ WOODFORD WAY (0000247),247,03 - At intersection,03 - P.D. only,02 - Angle,02 - Rain,01 - Daylight,02 - Wet,03 - Yield sign,01 - Functioning,2,0,0,0,,0,,,,,365039.3666,5017137.454,45.2916092,-75.73201295,6288
17--2569,3/1/2017,5:52 PM,EARL ARMSTRONG RD @ RIVER RD (0012470),12470,02 - Intersection related,03 - P.D. only,03 - Rear end,01 - Clear,05 - Dusk,02 - Wet,01 - Traffic signal,00 - Unknown,2,0,0,0,,0,,,,,367573.7218,5014686.404,45.26933307,-75.70001575,6289
17--257,1/6/2017,1:23 PM,DOVERCOURT AVE @ HIGHLAND AVE (0006786),6786,03 - At intersection,03 - P.D. only,02 - Angle,01 - Clear,01 - Daylight,05 - Packed snow,02 - Stop sign,01 - Functioning,2,0,0,0,,0,,,,,363065.7721,5027162.889,45.38198381,-75.75599155,6290