Anom_ID,Accident_Date,Accident_Time,Location,Geo_ID,Accident_Location,Classification_of_Accident,Initial_Impact_Type,Environment_Condition,Light,Road_Surface_Condition,Traffic_Control,Traffic_Control_Condition,No__of_Vehicles,No__of_Bicycles,No__of_Motorcycles,No__of_Pedestrians,Max_Injury,No__of_Injuries,No__of_Minimal,No__of_Minor,No__of_Major,No__of_Fatal,X,Y,Latitude,Longitude,ObjectId
17--2570,3/1/2017,5:57 PM,MERIVALE RD btwn MERIVALE RD & MERIVALE RD (__3ZBOD6),__3ZBOD6,04 - At/near private drive,02 - Non-fatal injury,05 - Turning movement,02 - Rain,05 - Dusk,02 - Wet,10 - No control,,2,0,0,0,02 - Minor,1,,1,,,364922.2921,5027582.537,45.38560285,-75.73223623,6291
17--2571,3/1/2017,6:22 PM,ALBION RD/COLLISTON CRES E @ WALKLEY RD (0011422),11422,03 - At intersection,03 - P.D. only,05 - Turning movement,02 - Rain,07 - Dark,02 - Wet,01 - Traffic signal,01 - Functioning,2,0,0,0,,0,,,,,371034.3133,5026355.314,45.37400947,-75.6543583,6292
17--2572,3/1/2017,6:30 PM,PRETORIA AVE @ QUEEN ELIZABETH DRWY (0006444),6444,02 - Intersection related,03 - P.D. only,03 - Rear end,01 - Clear,07 - Dark,02 - Wet,10 - No control,,2,0,0,0,,0,,,,,368664.1499,5030431.309,45.41090403,-75.68408847,6293
17--2573,3/1/2017,6:35 PM,BROPHY DR @ MOODIE DR (0003715),3715,02 - Intersection related,03 - P.D. only,07 - SMV other,"07 - Fog, mist, smoke, dust",07 - Dark,02 - Wet,02 - Stop sign,01 - Functioning,1,0,0,0,,0,,,,,362745.6568,5006862.005,45.19934266,-75.76245027,6294
17--2574,3/1/2017,7:15 PM,TENTH LINE RD @ CHARLEMAGNE BLVD N/TOMPKINS AV (0009222),9222,03 - At intersection,02 - Non-fatal injury,07 - SMV other,02 - Rain,07 - Dark,02 - Wet,01 - Traffic signal,01 - Functioning,1,0,0,1,01 - Minimal,1,1,,,,383182.9266,5037978.551,45.47733221,-75.49742412,6295
17--2575,3/1/2017,7:45 AM,INNES RD @ PROVENCE AVE (0009244),9244,02 - Intersection related,03 - P.D. only,03 - Rear end,02 - Rain,01 - Daylight,02 - Wet,01 - Traffic signal,01 - Functioning,2,0,0,0,,0,,,,,386111.192,5037083.96,45.46894873,-75.46012358,6296
17--2576,3/1/2017,7:46 AM,RIVERSIDE DR btwn KIMBERWICK CRES & MALHOTRA CRT (__3ZA1KW),__3ZA1KW,01 - Non intersection,02 - Non-fatal injury,03 - Rear end,02 - Rain,01 - Daylight,02 - Wet,10 - No control,,2,0,0,0,02 - Minor,1,,1,,,368193.0438,5022969.42,45.34380681,-75.69106453,6297
17--2577,3/1/2017,8:06 AM,KLONDIKE RD @ MARCH VALLEY RD (0012141),12141,02 - Intersection related,03 - P.D. only,02 - Angle,02 - Rain,01 - Daylight,02 - Wet,02 - Stop sign,01 - Functioning,2,0,0,0,,0,,,,,350279.6198,5024993.192,45.3634073,-75.91945091,6298
17--2578,3/1/2017,8:11 PM,THORNCLIFF PL @ NORTHSIDE RD (0010480),10480,03 - At intersection,03 - P.D. only,02 - Angle,02 - Rain,07 - Dark,02 - Wet,02 - Stop sign,01 - Functioning,2,0,0,0,,0,,,,,358364.3727,5021186.303,45.32858161,-75.81666783,6299
17--2579,3/1/2017,8:30 AM,HIGHWAY 417 btwn HIGHWAY 417 & HWY417 IC129 RAMP51 (__3ZA290),__3ZA290,01 - Non intersection,03 - P.D. only,04 - Sideswipe,02 - Rain,01 - Daylight,02 - Wet,10 - No control,,2,0,0,0,,0,,,,,360027.9813,5023214.06,45.34669845,-75.79522008,6300
17--258,1/6/2017,10:00 AM,BLOHM DR @ FORESTGLADE CRES S/PICASSO DR (0008252),8252,02 - Intersection related,03 - P.D. only,03 - Rear end,01 - Clear,01 - Daylight,06 - Ice,02 - Stop sign,01 - Functioning,2,0,0,0,,0,,,,,375067.3133,5026322.901,45.37332502,-75.60287804,6301
17--2580,3/1/2017,8:36 AM,BANK ST @ KILBORN AVE/BELANGER AVE (0007208),7208,03 - At intersection,02 - Non-fatal injury,05 - Turning movement,02 - Rain,01 - Daylight,02 - Wet,01 - Traffic signal,01 - Functioning,2,0,0,1,02 - Minor,1,,1,,,369654.7232,5027426.879,45.38378011,-75.67182949,6302
17--2581,3/1/2017,8:37 PM,DES EPINETTES AVE @ JEANNE D'ARC BLVD (0004221),4221,03 - At intersection,02 - Non-fatal injury,05 - Turning movement,02 - Rain,07 - Dark,02 - Wet,01 - Traffic signal,01 - Functioning,3,0,0,0,02 - Minor,1,,1,,,382226.5002,5035958.878,45.45926764,-75.50997387,6303
17--2582,3/1/2017,9:12 AM,TERRY FOX DR btwn COPE DR & TRANS CANADA TRAIL (__355BDZB),__355BDZB,01 - Non intersection,03 - P.D. only,03 - Rear end,02 - Rain,01 - Daylight,02 - Wet,10 - No control,,2,0,0,0,,0,,,,,353528.8144,5015662.973,45.2792339,-75.87889521,6304
17--2583,3/2/2017,1:25 PM,BANK ST @ RIDEAU RD (0009263),9263,03 - At intersection,03 - P.D. only,05 - Turning movement,01 - Clear,01 - Daylight,01 - Dry,01 - Traffic signal,01 - Functioning,2,0,0,0,,0,,,,,376956.4247,5017845.142,45.29685414,-75.57999838,6305
17--2584,3/2/2017,1:40 PM,FALLOWFIELD RD @ WOODROFFE AVE (0010372),10372,02 - Intersection related,03 - P.D. only,03 - Rear end,01 - Clear,01 - Daylight,01 - Dry,01 - Traffic signal,01 - Functioning,2,0,0,0,,0,,,,,365084.8156,5017903.859,45.29850137,-75.73134041,6306
17--2585,3/2/2017,1:58 PM,BASELINE RD @ CORDOVA ST (0003208),3208,02 - Intersection related,03 - P.D. only,03 - Rear end,01 - Clear,01 - Daylight,01 - Dry,01 - Traffic signal,01 - Functioning,2,0,0,0,,0,,,,,363592.9377,5024409.902,45.35716875,-75.74958828,6307
17--2586,3/2/2017,10:03 PM,REGIONAL ROAD 174 btwn OR174 IC105 RAMP63 & OR174 IC102 RAMP36 (__3ZA27F),__3ZA27F,01 - Non intersection,03 - P.D. only,07 - SMV other,01 - Clear,07 - Dark,01 - Dry,10 - No control,,1,0,0,0,,0,,,,,379824.6102,5037258.925,45.47122651,-75.54048318,6308
17--2587,3/2/2017,10:04 AM,ISABELLA ST/HWY 417 O'CONN IC119BR57 @ O'CONNO (0001698),1698,02 - Intersection related,03 - P.D. only,04 - Sideswipe,02 - Rain,01 - Daylight,02 - Wet,01 - Traffic signal,01 - Functioning,2,0,0,0,,0,,,,,368297.719,5030310.034,45.40984618,-75.68878504,6309
17--2588,3/2/2017,10:26 PM,PANMURE RD btwn MISSISSIPPI MILLS TWP & UPPER DWYER HILL RD (__3ZAZUA),__3ZAZUA,01 - Non intersection,01 - Fatal injury,07 - SMV other,01 - Clear,07 - Dark,01 - Dry,10 - No control,,1,0,0,0,04 - Fatal,1,,,,1,328977.8908,5019483.155,45.31488332,-76.19163185,6310
17--2589,3/2/2017,10:39 AM,GOUGH RD btwn DOZOIS RD & QUEENSCOURT CRES (__3ZBO85),__3ZBO85,01 - Non intersection,03 - P.D. only,06 - SMV unattended vehicle,03 - Snow,01 - Daylight,06 - Ice,10 - No control,,1,0,0,0,,0,,,,,372550.1286,5010168.451,45.2282196,-75.63721941,6311
17--259,1/6/2017,10:12 PM,HIGHWAY 417 btwn HWY417 IC118 RAMP67 & HWY417 IC117 RAMP36 (__3ZA2YO),__3ZA2YO,01 - Non intersection,02 - Non-fatal injury,07 - SMV other,01 - Clear,07 - Dark,01 - Dry,10 - No control,,1,0,0,0,01 - Minimal,1,1,,,,369842.8462,5031154.217,45.41729993,-75.66893593,6312
17--2590,3/2/2017,10:46 PM,PRINCE OF WALES DR btwn RIDEAU GLEN DR & FALLOWFIELD RD (__3ZA2X1),__3ZA2X1,01 - Non intersection,03 - P.D. only,03 - Rear end,01 - Clear,07 - Dark,01 - Dry,10 - No control,,2,0,0,0,,0,,,,,367413.4224,5019090.885,45.30897841,-75.7015025,6313
17--2591,3/2/2017,10:51 AM,PERTH ST btwn GAMBLE DR & SHEA RD (__3ZA42H),__3ZA42H,04 - At/near private drive,02 - Non-fatal injury,05 - Turning movement,01 - Clear,01 - Daylight,01 - Dry,10 - No control,,2,0,0,0,02 - Minor,1,,1,,,357493.9018,5006939.022,45.20044779,-75.82928322,6314
17--2592,3/2/2017,12:02 PM,FALLOWFIELD RD btwn WOLFGANG DR & HOLITMAN DR (__3ZA3IJ),__3ZA3IJ,01 - Non intersection,03 - P.D. only,04 - Sideswipe,05 - Drifting Snow,01 - Daylight,03 - Loose snow,10 - No control,,2,0,0,0,,0,,,,,363565.9438,5017032.844,45.29079268,-75.75080826,6315
17--2593,3/2/2017,12:08 PM,GREENBANK RD @ STRANDHERD DR (0005563),5563,02 - Intersection related,03 - P.D. only,03 - Rear end,01 - Clear,01 - Daylight,01 - Dry,01 - Traffic signal,01 - Functioning,2,0,0,0,,0,,,,,363932.6806,5014784.417,45.27053056,-75.74640112,6316
17--2594,3/2/2017,12:18 PM,KING EDWARD AVE @ MURRAY ST (0002713),2713,02 - Intersection related,03 - P.D. only,04 - Sideswipe,01 - Clear,01 - Daylight,01 - Dry,01 - Traffic signal,01 - Functioning,3,0,0,0,,0,,,,,368292.0343,5032752.913,45.43182689,-75.68854284,6317
17--2595,3/2/2017,2:09 PM,CUMBERLAND ST btwn CLARENCE ST & YORK ST (__3ZA7AT),__3ZA7AT,01 - Non intersection,03 - P.D. only,03 - Rear end,01 - Clear,01 - Daylight,01 - Dry,10 - No control,,2,0,0,0,,0,,,,,368236.7841,5032567.952,45.43016769,-75.68927272,6318
17--2596,3/2/2017,2:41 PM,MITCH OWENS RD btwn RIVER RD & SPRATT RD (__3ZA38F),__3ZA38F,04 - At/near private drive,03 - P.D. only,02 - Angle,01 - Clear,01 - Daylight,01 - Dry,10 - No control,,2,0,0,0,,0,,,,,369542.3733,5010794.751,45.23413792,-75.67543684,6319
17--2597,3/2/2017,2:49 PM,ALTA VISTA DR @ RANDALL AVE (0008072),8072,02 - Intersection related,03 - P.D. only,03 - Rear end,01 - Clear,01 - Daylight,01 - Dry,01 - Traffic signal,01 - Functioning,2,0,0,0,,0,,,,,370408.3872,5027366.542,45.38316704,-75.66221453,6320
17--2598,3/2/2017,2:53 PM,ARLINGTON AVE @ BANK ST (0007261),7261,02 - Intersection related,03 - P.D. only,03 - Rear end,01 - Clear,01 - Daylight,01 - Dry,02 - Stop sign,01 - Functioning,2,0,0,0,,0,,,,,368005.7005,5030344.232,45.41018032,-75.69251096,6321
17--2599,3/2/2017,3:06 PM,ORLEANS BLVD btwn LUMBERMAN WAY & ST. JOSEPH BLVD (__3ZA66D),__3ZA66D,04 - At/near private drive,03 - P.D. only,05 - Turning movement,01 - Clear,01 - Daylight,01 - Dry,10 - No control,,2,0,0,0,,0,,,,,380575.1292,5037061.331,45.46936769,-75.53091636,6322
17--26,1/2/2017,2:51 PM,BAYSHORE DR SB btwn WOODRIDGE CRES & BAYSHORE DR SB RAMPS TO RICHMOND  (__3ZAA3G),__3ZAA3G,04 - At/near private drive,03 - P.D. only,02 - Angle,01 - Clear,01 - Daylight,02 - Wet,10 - No control,,2,0,0,0,,0,,,,,359259.4201,5023485.472,45.34920072,-75.80499729,6323
17--260,1/6/2017,10:16 AM,COOPER ST btwn ELGIN ST & CARTIER ST (__3ZA9U8),__3ZA9U8,01 - Non intersection,03 - P.D. only,01 - Approaching,01 - Clear,01 - Daylight,01 - Dry,10 - No control,,2,0,0,0,,0,,,,,368123.8876,5031274.327,45.41853833,-75.6908817,6324
17--2600,3/2/2017,3:14 PM,MEADOWLANDS DR btwn CLAYMOR AVE & DEBRA AVE (__3ZA3GTA),__3ZA3GTA,04 - At/near private drive,03 - P.D. only,02 - Angle,01 - Clear,01 - Daylight,01 - Dry,10 - No control,,2,0,0,0,,0,,,,,367152.3879,5025542.818,45.36705499,-75.70401809,6325
17--2601,3/2/2017,3:28 PM,CUMMINGS AVE @ OGILVIE RD (0009923),9923,03 - At intersection,03 - P.D. only,03 - Rear end,01 - Clear,01 - Daylight,01 - Dry,01 - Traffic signal,01 - Functioning,2,0,0,0,,0,,,,,372750.2211,5032170.961,45.4261718,-75.63165184,6326
17--2602,3/2/2017,3:38 PM,CHAPMAN MILLS DR btwn BEATRICE DR & MEADGATE GT (__4FP83C),__4FP83C,04 - At/near private drive,03 - P.D. only,02 - Angle,01 - Clear,01 - Daylight,01 - Dry,10 - No control,,2,0,0,0,,0,,,,,365675.4629,5014978.369,45.27212704,-75.72416899,6327
17--2603,3/2/2017,3:41 PM,CORKSTOWN RD btwn MOODIE DR & CRYSTAL BEACH DR (__3ZABA2),__3ZABA2,01 - Non intersection,03 - P.D. only,01 - Approaching,01 - Clear,01 - Daylight,03 - Loose snow,10 - No control,,2,0,0,0,,0,,,,,356388.6985,5022757.541,45.34286778,-75.84170643,6328
17--2604,3/2/2017,3:55 PM,ST. JOSEPH BLVD @ JEANNE D'ARC BLVD (0012421),12421,03 - At intersection,03 - P.D. only,04 - Sideswipe,01 - Clear,01 - Daylight,01 - Dry,11 - Roundabout,01 - Functioning,2,0,0,0,,0,,,,,379861.077,5036472.919,45.46415072,-75.5401369,6329
17--2605,3/2/2017,4:06 PM,RENAUD RD @ MER BLEUE RD (0012893),12893,03 - At intersection,03 - P.D. only,03 - Rear end,01 - Clear,01 - Daylight,01 - Dry,02 - Stop sign,01 - Functioning,2,0,0,0,,0,,,,,383444.5859,5033736.041,45.43913245,-75.49475636,6330
17--2606,3/2/2017,4:09 PM,BLAIR RD @ REGIONAL RD 174 S/OR174 IC112 RAMP15 (0012435),12435,02 - Intersection related,03 - P.D. only,03 - Rear end,01 - Clear,01 - Daylight,01 - Dry,01 - Traffic signal,01 - Functioning,2,0,0,0,,0,,,,,374908.2663,5032662.148,45.43037826,-75.60400721,6331
17--2607,3/2/2017,5:05 PM,ST. LAURENT BLVD btwn HWY417 IC115 RAMP36 & TRANSIT (__3ZA1KA),__3ZA1KA,01 - Non intersection,03 - P.D. only,03 - Rear end,01 - Clear,01 - Daylight,01 - Dry,10 - No control,,2,0,0,0,,0,,,,,372410.5763,5031698.747,45.42195596,-75.63605654,6332
17--2608,3/2/2017,5:10 PM,COVENTRY RD @ VANIER PKWY (0002139),2139,02 - Intersection related,03 - P.D. only,03 - Rear end,01 - Clear,01 - Daylight,01 - Dry,01 - Traffic signal,01 - Functioning,2,0,0,0,,0,,,,,370677.3882,5031612.372,45.42134415,-75.65821273,6333
17--2609,3/2/2017,5:50 PM,PLACE D'ORLEANS DR W @ ST. JOSEPH BLVD (0008776),8776,03 - At intersection,03 - P.D. only,05 - Turning movement,01 - Clear,01 - Daylight,01 - Dry,01 - Traffic signal,01 - Functioning,2,0,0,0,,0,,,,,381602.9063,5037683.461,45.47485283,-75.51767687,6334
17--261,1/6/2017,10:26 AM,CENTRAL PARK DR S @ MERIVALE RD (0009113),9113,02 - Intersection related,03 - P.D. only,03 - Rear end,01 - Clear,01 - Daylight,06 - Ice,01 - Traffic signal,01 - Functioning,3,0,0,0,,0,,,,,364987.0571,5025598.042,45.36774116,-75.73165113,6335
17--2610,3/2/2017,6:05 AM,HIGHWAY 417 btwn HWY417 IC138 RAMP61 & HWY417 IC134 RAMP36 (__3ZA20I),__3ZA20I,01 - Non intersection,03 - P.D. only,03 - Rear end,03 - Snow,03 - Dawn,02 - Wet,10 - No control,,2,0,0,0,,0,,,,,355704.8927,5021866.164,45.33489702,-75.85052322,6336
17--2611,3/2/2017,6:21 PM,CARLING AVE @ WOODROFFE AVE W (0011470),11470,02 - Intersection related,02 - Non-fatal injury,07 - SMV other,01 - Clear,05 - Dusk,01 - Dry,01 - Traffic signal,01 - Functioning,1,0,0,1,02 - Minor,1,,1,,,361768.0181,5025725.514,45.36915718,-75.77272731,6337
17--2612,3/2/2017,6:22 AM,GREENBANK RD @ IRIS ST/HWY 417 IC129 RAMP51 (0009073),9073,03 - At intersection,03 - P.D. only,02 - Angle,05 - Drifting Snow,03 - Dawn,06 - Ice,01 - Traffic signal,01 - Functioning,2,0,0,0,,0,,,,,360531.6435,5023313.163,45.34755034,-75.78878204,6338
17--2884,3/8/2017,9:19 AM,CUMMINGS AVE btwn WELDON DR & OGILVIE RD (__3ZA7UQ),__3ZA7UQ,01 - Non intersection,03 - P.D. only,03 - Rear end,01 - Clear,01 - Daylight,02 - Wet,10 - No control,,3,0,0,0,,0,,,,,372739.6901,5032185.97,45.42630787,-75.63178434,6339
17--2709,3/5/2017,3:40 PM,MCARTHUR AVE btwn MAY ST & ST. LAURENT BLVD (__3ZA3XL),__3ZA3XL,01 - Non intersection,03 - P.D. only,04 - Sideswipe,01 - Clear,01 - Daylight,01 - Dry,10 - No control,,2,0,0,0,,0,,,,,371831.2579,5032869.827,45.43254855,-75.64329898,6340
17--2885,3/8/2017,9:22 AM,CENTRAL PARK DR N @ MERIVALE RD (0011433),11433,02 - Intersection related,03 - P.D. only,04 - Sideswipe,01 - Clear,01 - Daylight,01 - Dry,01 - Traffic signal,01 - Functioning,2,0,0,0,,0,,,,,364953.9072,5025872.25,45.37021129,-75.7320409,6341
17--244,1/5/2017,8:47 PM,WEST HUNT CLUB RD WB btwn MERIVALE RD & ROYDON PL (__3ZA3JR),__3ZA3JR,04 - At/near private drive,03 - P.D. only,02 - Angle,01 - Clear,07 - Dark,02 - Wet,10 - No control,,2,0,0,0,,0,,,,,365772.2072,5022042.698,45.33568289,-75.72206722,6342
17--2982,3/12/2017,2:00 PM,OGILVIE RD @ BATHGATE DR/CITYPARK DR W (0012430),12430,02 - Intersection related,03 - P.D. only,03 - Rear end,01 - Clear,01 - Daylight,01 - Dry,01 - Traffic signal,01 - Functioning,2,0,0,0,,0,,,,,373829.0566,5032801.245,45.43173714,-75.6177785,6343
17--3074,3/14/2017,8:20 PM,SLACK RD @ WOODROFFE AVE (0000102),102,03 - At intersection,03 - P.D. only,07 - SMV other,03 - Snow,07 - Dark,03 - Loose snow,01 - Traffic signal,01 - Functioning,1,0,0,0,,0,,,,,364233.174,5019974.478,45.31720526,-75.74194997,6344
17--271,1/6/2017,12:00 PM,REGIONAL ROAD 174 btwn Continuation of REGIONAL ROAD 174 & OR174 IC112 (__3ZA2YI),__3ZA2YI,01 - Non intersection,03 - P.D. only,99 - Other,01 - Clear,01 - Daylight,01 - Dry,10 - No control,,2,0,0,0,,0,,,,,374362.7932,5032519.067,45.42914536,-75.61099779,6345
17--2710,3/5/2017,3:55 PM,REGIONAL ROAD 174 btwn OR174 IC109 RAMP64 & OR174 IC105 RAMP16 (__3ZA2XD),__3ZA2XD,01 - Non intersection,03 - P.D. only,07 - SMV other,01 - Clear,01 - Daylight,01 - Dry,10 - No control,,1,0,0,0,,0,,,,,376690.6134,5035425.481,45.45506004,-75.58082781,6346
17--2711,3/5/2017,4:20 PM,HURON AVE @ SPENCER ST (0006138),6138,03 - At intersection,03 - P.D. only,02 - Angle,01 - Clear,01 - Daylight,01 - Dry,02 - Stop sign,01 - Functioning,2,0,0,0,,0,,,,,364756.7893,5029337.84,45.4014109,-75.73413621,6347
17--2712,3/5/2017,5:04 PM,BRONSON AVE @ IMPERIAL AVE/PLYMOUTH ST (0010859),10859,03 - At intersection,02 - Non-fatal injury,05 - Turning movement,01 - Clear,01 - Daylight,01 - Dry,10 - No control,,2,0,0,0,01 - Minimal,1,1,,,,367319.0378,5029645.558,45.40395553,-75.70137121,6348
17--2713,3/5/2017,5:32 PM,ROCKINGHAM AVE btwn BRULE AVE & CLEMENTINE BLVD (__3ZA87Z),__3ZA87Z,04 - At/near private drive,03 - P.D. only,06 - SMV unattended vehicle,01 - Clear,01 - Daylight,05 - Packed snow,10 - No control,,1,0,0,0,,0,,,,,369445.0184,5027280.407,45.38248159,-75.67452625,6349
17--2714,3/5/2017,5:52 PM,CATHERINE ST btwn BRONSON AVE & HWY417 IC121A RAMP61 (__3ZA3B4),__3ZA3B4,04 - At/near private drive,03 - P.D. only,03 - Rear end,01 - Clear,01 - Daylight,01 - Dry,10 - No control,,2,0,0,0,,0,,,,,367316.3016,5029830.766,45.40562223,-75.70138267,6350
17--2715,3/5/2017,6:52 AM,RICHMOND RD btwn WOODROFFE AVE & LOCKHART AVE (__3ZBPOH),__3ZBPOH,01 - Non intersection,03 - P.D. only,05 - Turning movement,01 - Clear,01 - Daylight,01 - Dry,10 - No control,,2,0,0,0,,0,,,,,361639.8704,5026736.797,45.37826702,-75.77424677,6351
17--2716,3/5/2017,6:53 PM,BREEZEWOOD ST/RUSTIC HILLS CRES @ VALIN ST (0013091),13091,03 - At intersection,03 - P.D. only,05 - Turning movement,01 - Clear,07 - Dark,01 - Dry,02 - Stop sign,01 - Functioning,2,0,0,0,,0,,,,,386508.3981,5037632.063,45.47383364,-75.45495348,6352
17--2717,3/5/2017,8:45 AM,FOXHOUND WAY btwn BURRITTS RAPIDS PL & PRENTISS WAY (__61W6TY),__61W6TY,04 - At/near private drive,03 - P.D. only,06 - SMV unattended vehicle,01 - Clear,01 - Daylight,01 - Dry,10 - No control,,1,0,0,0,,0,,,,,364026.0617,5012597.962,45.25084891,-75.7454718,6353
17--2718,3/5/2017,9:38 AM,BASELINE RD @ FISHER AVE (0002346),2346,02 - Intersection related,03 - P.D. only,03 - Rear end,01 - Clear,01 - Daylight,01 - Dry,01 - Traffic signal,01 - Functioning,2,0,0,0,,0,,,,,366166.3592,5026029.87,45.3715244,-75.7165439,6354
17--2613,3/2/2017,6:30 AM,HIGHWAY 417 btwn HWY 417 ANDERSON IC104R61 & HWY 417 BOUNDARY IC96R16 (__3ZA2W5),__3ZA2W5,01 - Non intersection,03 - P.D. only,03 - Rear end,03 - Snow,01 - Daylight,02 - Wet,10 - No control,,2,0,0,0,,0,,,,,384906.0611,5025054.576,45.36085803,-75.47748858,6355
17--2719,3/6/2017,1:00 PM,MILTON RD @ NAVAN RD (0004709),4709,03 - At intersection,01 - Fatal injury,02 - Angle,01 - Clear,01 - Daylight,01 - Dry,02 - Stop sign,01 - Functioning,2,0,0,0,04 - Fatal,1,,,,1,387268.7882,5031812.522,45.4213859,-75.44620525,6356
17--272,1/6/2017,12:05 PM,WOODROFFE AVE @ QUEENSBURY DR/RIDEAUCREST DR (0000043),43,03 - At intersection,03 - P.D. only,02 - Angle,01 - Clear,01 - Daylight,02 - Wet,01 - Traffic signal,01 - Functioning,2,0,0,0,,0,,,,,365730.8552,5016329.662,45.28428112,-75.72329723,6357
17--2720,3/6/2017,1:51 PM,LAURIER AVE   W btwn LYON ST N & KENT ST (__3ZA3CQ),__3ZA3CQ,01 - Non intersection,03 - P.D. only,04 - Sideswipe,01 - Clear,01 - Daylight,01 - Dry,10 - No control,,2,0,0,0,,0,,,,,367202.1915,5031097.788,45.4170327,-75.70267984,6358
17--2721,3/6/2017,10:00 PM,DUMAURIER AVE btwn ALENMEDE CRES & RAMSEY CRES (__3ZBOIH),__3ZBOIH,01 - Non intersection,03 - P.D. only,06 - SMV unattended vehicle,04 - Freezing Rain,99 - Other,06 - Ice,10 - No control,,1,0,0,0,,0,,,,,359939.4493,5023271.249,45.34722001,-75.7963434,6359
17--2722,3/6/2017,10:25 PM,EAGLESON RD btwn KATIMAVIK RD & KAKULU RD (__3ZA41U),__3ZA41U,01 - Non intersection,03 - P.D. only,07 - SMV other,04 - Freezing Rain,07 - Dark,06 - Ice,10 - No control,,1,0,0,0,,0,,,,,353327.2241,5019287.282,45.31186022,-75.88110991,6360
17--3159,3/16/2017,3:41 PM,BEECHWOOD AVE btwn MARQUETTE AVE & BLACK MAPLE PRIV (__6KFK1J),__6KFK1J,01 - Non intersection,03 - P.D. only,06 - SMV unattended vehicle,01 - Clear,01 - Daylight,01 - Dry,10 - No control,,1,0,0,0,,0,,,,,369688.7782,5034073.398,45.44357986,-75.67051961,6361
17--2723,3/6/2017,10:30 AM,CARLING AVE @ FAIRLAWN AVE/WOODROFFE AVE E (0002393),2393,02 - Intersection related,03 - P.D. only,04 - Sideswipe,01 - Clear,01 - Daylight,01 - Dry,01 - Traffic signal,01 - Functioning,2,0,0,0,,0,,,,,361934.6841,5025830.528,45.37008852,-75.77058762,6362
17--2724,3/6/2017,10:30 PM,RICHARDSON SIDE RD btwn CARP RD & OAK CREEK RD (__3ZAC40),__3ZAC40,01 - Non intersection,03 - P.D. only,07 - SMV other,04 - Freezing Rain,07 - Dark,06 - Ice,10 - No control,,1,0,0,0,,0,,,,,346434.3231,5017366.131,45.29501551,-75.96917551,6363
17--2725,3/6/2017,10:55 PM,PRINCE OF WALES DR @ MERIVALE RD (0000564),564,03 - At intersection,03 - P.D. only,07 - SMV other,04 - Freezing Rain,07 - Dark,06 - Ice,01 - Traffic signal,01 - Functioning,1,0,0,0,,0,,,,,367451.3835,5017616.461,45.29570835,-75.70120477,6364
17--2726,3/6/2017,11:50 PM,HIGHWAY 417 btwn HWY417 IC110 RAMP66 & HWY417 IC110 RAMP56 (__3ZA2XR),__3ZA2XR,01 - Non intersection,03 - P.D. only,03 - Rear end,04 - Freezing Rain,07 - Dark,02 - Wet,10 - No control,,2,0,0,0,,0,,,,,375823.0298,5029231.582,45.39941965,-75.59281226,6365
17--2727,3/6/2017,Unknown,CONNAUGHT AVE btwn CARLING AVE & SACKVILLE ST (__3ZA4BS),__3ZA4BS,04 - At/near private drive,03 - P.D. only,06 - SMV unattended vehicle,01 - Clear,07 - Dark,01 - Dry,10 - No control,,1,0,0,0,,0,,,,,360807.3988,5025009.403,45.36279108,-75.7850711,6366
17--2728,3/6/2017,Unknown,SMYTH RD btwn LYNDA LANE & ROGER GUINDON AVE (__3ZAZAL),__3ZAZAL,01 - Non intersection,03 - P.D. only,06 - SMV unattended vehicle,02 - Rain,07 - Dark,04 - Slush,10 - No control,,1,0,0,0,,0,,,,,371778.6498,5029209.915,45.3996233,-75.64446871,6367
17--2729,3/6/2017,12:08 PM,CARP RD @ HAZELDEAN RD (0000086),86,02 - Intersection related,03 - P.D. only,03 - Rear end,01 - Clear,01 - Daylight,01 - Dry,01 - Traffic signal,01 - Functioning,2,0,0,0,,0,,,,,348804.9104,5014361.105,45.26783078,-75.93921914,6368
17--273,1/6/2017,12:10 PM,BRONSON AVE @ HWY 417 BRONSON IC121AR51 (0002693),2693,02 - Intersection related,03 - P.D. only,02 - Angle,01 - Clear,01 - Daylight,02 - Wet,01 - Traffic signal,00 - Unknown,2,0,0,0,,0,,,,,367287.9619,5029710.183,45.40453979,-75.70175995,6369
17--2730,3/6/2017,12:10 PM,COLONEL BY DR/SUSSEX DR @ RIDEAU ST (0007647),7647,03 - At intersection,03 - P.D. only,03 - Rear end,01 - Clear,01 - Daylight,01 - Dry,01 - Traffic signal,01 - Functioning,2,0,0,0,,0,,,,,367921.1442,5032044.755,45.4254887,-75.69337328,6370
17--2731,3/6/2017,12:22 PM,MCARTHUR AVE @ VANIER PKWY (0004626),4626,02 - Intersection related,03 - P.D. only,03 - Rear end,01 - Clear,01 - Daylight,01 - Dry,01 - Traffic signal,01 - Functioning,2,0,0,0,,0,,,,,370219.0395,5032690.586,45.43108849,-75.66392571,6371
17--2732,3/6/2017,12:23 AM,EAGLESON RD @ KAKULU RD (0003188),3188,03 - At intersection,03 - P.D. only,03 - Rear end,01 - Clear,07 - Dark,01 - Dry,01 - Traffic signal,01 - Functioning,2,0,0,0,,0,,,,,353383.1461,5019152.488,45.31064345,-75.88040997,6372
17--2733,3/6/2017,2:03 PM,KING EDWARD AVE btwn DALY AVE & STEWART ST (__3ZA3V2),__3ZA3V2,04 - At/near private drive,03 - P.D. only,02 - Angle,01 - Clear,01 - Daylight,01 - Dry,10 - No control,,2,0,0,0,,0,,,,,368615.6509,5032237.017,45.42715559,-75.68447415,6373