Anom_ID,Accident_Date,Accident_Time,Location,Geo_ID,Accident_Location,Classification_of_Accident,Initial_Impact_Type,Environment_Condition,Light,Road_Surface_Condition,Traffic_Control,Traffic_Control_Condition,No__of_Vehicles,No__of_Bicycles,No__of_Motorcycles,No__of_Pedestrians,Max_Injury,No__of_Injuries,No__of_Minimal,No__of_Minor,No__of_Major,No__of_Fatal,X,Y,Latitude,Longitude,ObjectId
17--2734,3/6/2017,2:15 PM,CYRVILLE RD @ ST. LAURENT BLVD (0002647),2647,02 - Intersection related,03 - P.D. only,03 - Rear end,01 - Clear,01 - Daylight,01 - Dry,01 - Traffic signal,01 - Functioning,2,0,0,0,,0,,,,,372242.2303,5032110.561,45.42567752,-75.63815108,6374
17--2735,3/6/2017,3:36 PM,ALBION RD btwn KILLYMOON WAY & MITCH OWENS RD (__3ZA3TS),__3ZA3TS,04 - At/near private drive,03 - P.D. only,05 - Turning movement,01 - Clear,01 - Daylight,01 - Dry,10 - No control,,2,0,0,0,,0,,,,,375888.1004,5014855.198,45.27006057,-75.59404621,6375
17--2736,3/6/2017,4:28 PM,CYRVILLE RD @ INNES RD (0009352),9352,03 - At intersection,03 - P.D. only,02 - Angle,02 - Rain,01 - Daylight,02 - Wet,01 - Traffic signal,01 - Functioning,2,0,0,0,,0,,,,,375047.3903,5031119.564,45.41648498,-75.60244938,6376
17--2737,3/6/2017,4:32 PM,INNES RD btwn HWY417 IC112 RAMP57 & HWY417 IC112 RAMP65 (__3ZAZE9),__3ZAZE9,01 - Non intersection,03 - P.D. only,03 - Rear end,04 - Freezing Rain,01 - Daylight,06 - Ice,10 - No control,,3,0,0,0,,0,,,,,374386.9059,5030805.675,45.41372677,-75.61093168,6377
17--2738,3/6/2017,4:38 PM,INNES RD @ ORLEANS BLVD (0003611),3611,03 - At intersection,02 - Non-fatal injury,05 - Turning movement,04 - Freezing Rain,01 - Daylight,02 - Wet,01 - Traffic signal,01 - Functioning,2,0,0,0,01 - Minimal,1,1,,,,380460.4607,5034295.734,45.44449744,-75.53280815,6378
17--2739,3/6/2017,4:45 PM,DES EPINETTES AVE @ JEANNE D'ARC BLVD (0004221),4221,02 - Intersection related,03 - P.D. only,04 - Sideswipe,04 - Freezing Rain,01 - Daylight,02 - Wet,01 - Traffic signal,01 - Functioning,2,0,0,0,,0,,,,,382227.7514,5035957.903,45.45925873,-75.50995802,6379
17--274,1/6/2017,12:45 PM,ST. LAURENT BLVD btwn BELFAST RD & INDUSTRIAL AVE (__3ZA3R8),__3ZA3R8,01 - Non intersection,03 - P.D. only,03 - Rear end,01 - Clear,01 - Daylight,01 - Dry,10 - No control,,2,0,0,0,,0,,,,,372864.7891,5030569.107,45.41174794,-75.63040921,6380
17--2740,3/6/2017,4:53 PM,CARLING AVE @ PRESTON ST (0002161),2161,02 - Intersection related,03 - P.D. only,02 - Angle,03 - Snow,01 - Daylight,06 - Ice,01 - Traffic signal,00 - Unknown,2,0,0,0,,0,,,,,366830.0445,5028934.885,45.39760459,-75.70770647,6381
17--2741,3/6/2017,4:54 PM,ALTA VISTA DR btwn KILBORN AVE & CAVENDISH RD (__3ZA9SL),__3ZA9SL,01 - Non intersection,03 - P.D. only,03 - Rear end,02 - Rain,01 - Daylight,06 - Ice,10 - No control,,3,0,0,0,,0,,,,,370354.6863,5027861.238,45.38762317,-75.66283449,6382
17--2742,3/6/2017,5:23 PM,HIGHWAY 417 btwn HWY417 IC126 RAMP61 & HWY417 IC124 RAMP76 (__3ZA2Y2),__3ZA2Y2,01 - Non intersection,03 - P.D. only,03 - Rear end,02 - Rain,01 - Daylight,02 - Wet,10 - No control,,2,0,0,0,,0,,,,,363575.7466,5026401.736,45.37509247,-75.74957074,6383
17--2743,3/6/2017,5:33 PM,HIGHWAY 417 btwn HWY417 IC110 RAMP64 & HWY417 IC104 RAMP16 (__3ZA2W9),__3ZA2W9,01 - Non intersection,03 - P.D. only,07 - SMV other,04 - Freezing Rain,01 - Daylight,06 - Ice,10 - No control,,1,0,0,0,,0,,,,,378030.9155,5026427.136,45.37395944,-75.56503043,6384
17--2744,3/6/2017,5:40 PM,CASTLEFRANK RD @ HAZELDEAN RD (0003608),3608,02 - Intersection related,03 - P.D. only,04 - Sideswipe,02 - Rain,05 - Dusk,02 - Wet,01 - Traffic signal,01 - Functioning,2,0,0,0,,0,,,,,352678.8814,5017675.431,45.29740091,-75.88953374,6385
17--2745,3/6/2017,5:40 PM,MARCH RD btwn HWY417 IC138 RAMP36 & HWY417 IC138 RAMP26 (__3ZAZEW),__3ZAZEW,01 - Non intersection,03 - P.D. only,03 - Rear end,01 - Clear,05 - Dusk,02 - Wet,10 - No control,,2,0,0,0,,0,,,,,352912.502,5020299.751,45.32099916,-75.88630041,6386
17--2746,3/6/2017,6:09 PM,ALLENBY RD/IPSWICH TER @ FLAMBOROUGH WAY (0002782),2782,02 - Intersection related,03 - P.D. only,02 - Angle,04 - Freezing Rain,05 - Dusk,02 - Wet,02 - Stop sign,00 - Unknown,2,0,0,0,,0,,,,,349321.1987,5023067.502,45.34614104,-75.931858,6387
17--2747,3/6/2017,6:16 PM,BANK ST @ JOHNSTON RD (0006967),6967,03 - At intersection,02 - Non-fatal injury,05 - Turning movement,04 - Freezing Rain,05 - Dusk,06 - Ice,01 - Traffic signal,01 - Functioning,2,0,0,0,01 - Minimal,1,1,,,,370852.065,5024839.528,45.36038813,-75.65688753,6388
17--2748,3/6/2017,6:16 PM,RUSSELL RD @ SAUMURE RD/LANGLADE RD (0004091),4091,02 - Intersection related,03 - P.D. only,07 - SMV other,04 - Freezing Rain,05 - Dusk,04 - Slush,02 - Stop sign,00 - Unknown,1,0,0,0,,0,,,,,399946.8954,5029465.822,45.39866439,-75.28469023,6389
17--2749,3/6/2017,6:30 PM,HIGHWAY 417 btwn HWY417 IC140 RAMP36 & HWY417 IC140 RAMP16 (__3ZA20N),__3ZA20N,01 - Non intersection,03 - P.D. only,03 - Rear end,04 - Freezing Rain,07 - Dark,06 - Ice,10 - No control,,2,0,0,0,,0,,,,,350491.3298,5018335.503,45.3034861,-75.91736319,6390
17--275,1/6/2017,12:56 PM,BOOTH ST btwn PROVINCIAL BOUNDARY & 208 N OF MIDDLE ST/E.B. EDDY N (__3ZBPMPA),__3ZBPMPA,01 - Non intersection,03 - P.D. only,03 - Rear end,03 - Snow,01 - Daylight,06 - Ice,10 - No control,,3,0,0,0,,0,,,,,365999.6747,5031495.156,45.42071432,-75.71799373,6391
17--2750,3/6/2017,6:41 PM,BRONSON AVE @ LAURIER AVE (0006342),6342,03 - At intersection,02 - Non-fatal injury,07 - SMV other,04 - Freezing Rain,07 - Dark,04 - Slush,01 - Traffic signal,01 - Functioning,1,0,0,1,02 - Minor,1,,1,,,366805.0355,5030860.232,45.41493054,-75.70778375,6392
17--2751,3/6/2017,6:42 AM,JEANNE D'ARC BLVD @ GREY NUNS DR/YOUVILLE DR (0003147),3147,03 - At intersection,02 - Non-fatal injury,02 - Angle,01 - Clear,01 - Daylight,01 - Dry,01 - Traffic signal,01 - Functioning,2,0,0,0,01 - Minimal,1,1,,,,379673.2565,5036700.971,45.46622271,-75.54250363,6393
17--2752,3/6/2017,6:50 PM,HIGHWAY 417 btwn HWY417 IC88 RAMP16 & HWY417 IC88 RAMP61 (__3ZAZE2),__3ZAZE2,01 - Non intersection,03 - P.D. only,07 - SMV other,04 - Freezing Rain,07 - Dark,06 - Ice,10 - No control,,1,0,0,0,,0,,,,,395601.1844,5022502.858,45.33659706,-75.3414659,6394
17--2753,3/6/2017,6:56 PM,ARGYLE AVE W @ METCALFE ST (0007722),7722,03 - At intersection,03 - P.D. only,04 - Sideswipe,04 - Freezing Rain,07 - Dark,06 - Ice,01 - Traffic signal,01 - Functioning,2,0,0,0,,0,,,,,368336.7138,5030579.91,45.4122709,-75.68825213,6395
17--2754,3/6/2017,7:13 PM,KANATA AVE @ TERRY FOX DR (0012691),12691,03 - At intersection,02 - Non-fatal injury,05 - Turning movement,04 - Freezing Rain,07 - Dark,06 - Ice,01 - Traffic signal,01 - Functioning,2,0,0,0,02 - Minor,2,1,1,,,349305.5331,5019210.247,45.31143344,-75.93240467,6396
17--2755,3/6/2017,7:30 PM,HIGHWAY 417 btwn HWY417 IC155 RAMP25 & RAMP (__3ZAZN1),__3ZAZN1,01 - Non intersection,02 - Non-fatal injury,07 - SMV other,04 - Freezing Rain,07 - Dark,06 - Ice,10 - No control,,1,0,0,0,02 - Minor,1,,1,,,344347.622,5015407.653,45.27751284,-75.99593534,6397
17--2756,3/6/2017,7:35 PM,IRIS ST @ WOODROFFE AVE (0002736),2736,03 - At intersection,03 - P.D. only,05 - Turning movement,04 - Freezing Rain,07 - Dark,06 - Ice,01 - Traffic signal,01 - Functioning,2,0,0,0,,0,,,,,362282.3577,5024442.188,45.35756793,-75.7663109,6398
17--2757,3/6/2017,7:40 PM,LEITRIM RD @ ALBION RD (0012479),12479,02 - Intersection related,03 - P.D. only,03 - Rear end,04 - Freezing Rain,07 - Dark,06 - Ice,01 - Traffic signal,01 - Functioning,2,0,0,0,,0,,,,,373493.895,5020422.942,45.32039543,-75.62378335,6399
17--2758,3/6/2017,7:49 PM,VANIER PKWY/CRICHTON ST @ BEECHWOOD AVE/ST. PA (0001604),1604,03 - At intersection,03 - P.D. only,05 - Turning movement,03 - Snow,07 - Dark,02 - Wet,01 - Traffic signal,01 - Functioning,3,0,0,0,,0,,,,,369128.0058,5033487.631,45.4383612,-75.67776384,6400
17--2759,3/6/2017,7:55 AM,PRINCE OF WALES DR @ FALLOWFIELD RD (0000566),566,02 - Intersection related,03 - P.D. only,03 - Rear end,01 - Clear,01 - Daylight,01 - Dry,01 - Traffic signal,01 - Functioning,2,0,0,0,,0,,,,,367399.3756,5019165.801,45.30965375,-75.70167215,6401
17--276,1/6/2017,2:39 PM,LACASSE AVE btwn MONTREAL RD & PATTON ST (__3ZBOW2),__3ZBOW2,01 - Non intersection,03 - P.D. only,06 - SMV unattended vehicle,01 - Clear,01 - Daylight,06 - Ice,10 - No control,,1,0,0,0,,0,,,,,370726.2205,5033324.678,45.43674615,-75.65735959,6402
17--2760,3/6/2017,8:04 PM,ELGIN ST @ LAURIER AVE (0002232),2232,03 - At intersection,03 - P.D. only,05 - Turning movement,01 - Clear,07 - Dark,02 - Wet,01 - Traffic signal,01 - Functioning,2,0,0,0,,0,,,,,367949.0444,5031550.245,45.42103675,-75.69308017,6403
17--2761,3/6/2017,8:04 PM,KATIMAVIK RD @ CURRAN ST/DAVIS AVE (0003528),3528,02 - Intersection related,03 - P.D. only,03 - Rear end,04 - Freezing Rain,07 - Dark,06 - Ice,02 - Stop sign,01 - Functioning,2,0,0,0,,0,,,,,351461.2416,5018494.696,45.3048548,-75.90498096,6404
17--2762,3/6/2017,8:13 AM,CHAMPLAIN BRIDGE/ISLAND PARK DR btwn BATE ISLAND & OTTAWA RIVER PKWY (__3ZA2ZEB),__3ZA2ZEB,01 - Non intersection,03 - P.D. only,04 - Sideswipe,01 - Clear,01 - Daylight,01 - Dry,10 - No control,,2,0,0,0,,0,,,,,363136.5663,5029606.306,45.4039634,-75.75479874,6405
17--2763,3/6/2017,8:35 PM,HIGHWAY 417 btwn HWY417 IC142 RAMP51 & HWY417 IC142 RAMP35 (__3ZAZE1),__3ZAZE1,01 - Non intersection,03 - P.D. only,07 - SMV other,04 - Freezing Rain,07 - Dark,06 - Ice,10 - No control,,1,0,0,0,,0,,,,,348715.0196,5017009.621,45.29166868,-75.94013027,6406
17--2764,3/6/2017,8:52 AM,RIVERSIDE DR @ SMYTH RD NORTH SIDE RAMP (0011479),11479,02 - Intersection related,03 - P.D. only,04 - Sideswipe,01 - Clear,01 - Daylight,02 - Wet,01 - Traffic signal,01 - Functioning,2,0,0,0,,0,,,,,369938.5693,5029318.083,45.40077018,-75.6679556,6407
17--2765,3/6/2017,9:04 PM,ST. PATRICK ST btwn PARENT AVE & DALHOUSIE ST (__3ZA3WN),__3ZA3WN,04 - At/near private drive,03 - P.D. only,05 - Turning movement,04 - Freezing Rain,07 - Dark,06 - Ice,10 - No control,,2,0,0,0,,0,,,,,367907.6692,5032608.505,45.43056234,-75.69347322,6408
17--2766,3/6/2017,9:05 AM,ROGER STEVENS DR btwn DORACK DR & FIRST LINE RD (__3ZA39X),__3ZA39X,01 - Non intersection,03 - P.D. only,07 - SMV other,01 - Clear,01 - Daylight,01 - Dry,10 - No control,,1,0,0,0,,0,,,,,371238.0239,5002260.607,45.1571903,-75.65498058,6409
17--2767,3/6/2017,9:25 AM,MAITLAND AVE/GLENMOUNT AVE @ ERINDALE DR (0002724),2724,03 - At intersection,02 - Non-fatal injury,03 - Rear end,01 - Clear,01 - Daylight,01 - Dry,01 - Traffic signal,01 - Functioning,2,0,0,0,02 - Minor,1,,1,,,363698.6945,5025213.521,45.36439075,-75.74814278,6410
17--2768,3/6/2017,9:26 PM,HIGHWAY 417 btwn HWY417 IC117 RAMP25 & HWY417 IC115 RAMP51 (__3ZA2R3),__3ZA2R3,01 - Non intersection,03 - P.D. only,04 - Sideswipe,02 - Rain,07 - Dark,04 - Slush,10 - No control,,2,0,0,0,,0,,,,,371526.8052,5031397.395,45.41932938,-75.64738912,6411
17--2769,3/6/2017,9:31 AM,HOLLAND AVE @ WELLINGTON ST (0002364),2364,03 - At intersection,03 - P.D. only,05 - Turning movement,01 - Clear,01 - Daylight,01 - Dry,01 - Traffic signal,01 - Functioning,2,0,0,0,,0,,,,,364929.367,5029154.892,45.39974998,-75.73195428,6412
17--277,1/6/2017,2:40 PM,BLAIR RD @ REGIONAL RD 174 N/OR174 IC112 RAMP61 (0003617),3617,03 - At intersection,03 - P.D. only,05 - Turning movement,01 - Clear,01 - Daylight,02 - Wet,01 - Traffic signal,01 - Functioning,2,0,0,0,,0,,,,,374635.3268,5032992.848,45.43338103,-75.60744808,6413
17--2770,3/6/2017,9:40 PM,HIGHWAY 417 btwn HWY417 IC163 RAMP15 & HWY417 IC155 RAMP51 (__3ZAZNS),__3ZAZNS,01 - Non intersection,03 - P.D. only,07 - SMV other,04 - Freezing Rain,07 - Dark,06 - Ice,10 - No control,,1,0,0,0,,0,,,,,335938.7411,5020234.919,45.32137388,-76.10280684,6414
17--2771,3/6/2017,9:50 PM,HIGHWAY 417 btwn HWY417 IC134 RAMP61 & HWY417 IC131 RAMP66 (__3ZA297),__3ZA297,01 - Non intersection,03 - P.D. only,07 - SMV other,04 - Freezing Rain,07 - Dark,06 - Ice,10 - No control,,1,0,0,0,,0,,,,,357310.3439,5022652.58,45.34185494,-75.82995778,6415
17--2772,3/6/2017,9:57 PM,REGIONAL ROAD 174 btwn OR174 IC109 RAMP64 & OR174 IC105 RAMP16 (__3ZA2XD),__3ZA2XD,01 - Non intersection,03 - P.D. only,07 - SMV other,02 - Rain,07 - Dark,04 - Slush,10 - No control,,1,0,0,0,,0,,,,,378742.6579,5036656.461,45.46592137,-75.55440939,6416
17--2773,3/6/2017,9:59 PM,HIGHWAY 417 btwn HWY417 IC140 RAMP51 & HWY417 IC140 RAMP35 (__3ZAZEY),__3ZAZEY,01 - Non intersection,03 - P.D. only,07 - SMV other,04 - Freezing Rain,07 - Dark,06 - Ice,10 - No control,,1,0,0,0,,0,,,,,350765.5974,5018436.172,45.30437405,-75.91385669,6417
17--2774,3/7/2017,1:09 AM,HARWOOD AVE @ PINECREST RD (0002747),2747,03 - At intersection,03 - P.D. only,02 - Angle,01 - Clear,07 - Dark,06 - Ice,02 - Stop sign,01 - Functioning,2,0,0,0,,0,,,,,360209.3407,5024121.177,45.35484638,-75.79280424,6418
17--2775,3/7/2017,10:00 AM,ODESSA WAY btwn COBBLE HILL DR & NEWBURGH PL (e___1G0A),e___1G0A,01 - Non intersection,03 - P.D. only,06 - SMV unattended vehicle,04 - Freezing Rain,01 - Daylight,06 - Ice,10 - No control,,1,0,0,0,,0,,,,,360934.641,5015220.785,45.27470274,-75.78455634,6419
17--2776,3/7/2017,10:00 AM,KILMORY CRES btwn BOWMOOR AVE & INVERNESS AVE (__3ZA0B9),__3ZA0B9,01 - Non intersection,03 - P.D. only,07 - SMV other,04 - Freezing Rain,01 - Daylight,06 - Ice,10 - No control,,1,0,0,0,,0,,,,,365841.1089,5024387.55,45.35677552,-75.72089881,6420
17--2777,3/7/2017,10:05 AM,CANFIELD RD btwn KEPPLER CRES & VALLEYVIEW RD (__3ZABS6),__3ZABS6,01 - Non intersection,03 - P.D. only,01 - Approaching,04 - Freezing Rain,01 - Daylight,06 - Ice,10 - No control,,2,0,0,0,,0,,,,,360723.1329,5021275.663,45.32920169,-75.78656882,6421
17--2778,3/7/2017,10:14 PM,RAMSAYVILLE RD @ WALKLEY EXTENSION RD (0004172),4172,02 - Intersection related,03 - P.D. only,07 - SMV other,02 - Rain,07 - Dark,06 - Ice,10 - No control,,1,0,0,0,,0,,,,,376464.4102,5029419.881,45.40104851,-75.5845935,6422
17--2779,3/7/2017,10:15 AM,KINGSMERE AVE @ CARLING AVE (0003223),3223,02 - Intersection related,03 - P.D. only,07 - SMV other,04 - Freezing Rain,01 - Daylight,06 - Ice,02 - Stop sign,01 - Functioning,1,0,0,0,,0,,,,,362297.3532,5026060.198,45.37212541,-75.76593124,6423
17--278,1/6/2017,2:57 PM,INNES RD btwn VISENEAU DR & BELCOURT BLVD (__3ZA3JX),__3ZA3JX,01 - Non intersection,02 - Non-fatal injury,03 - Rear end,01 - Clear,01 - Daylight,01 - Dry,10 - No control,,3,0,0,0,01 - Minimal,1,1,,,,382076.0043,5035240.08,45.45281716,-75.51201087,6424
17--2780,3/7/2017,10:16 AM,EARL ARMSTRONG RD btwn LIMEBANK RD & BOWESVILLE RD (__3ZA6LB),__3ZA6LB,01 - Non intersection,03 - P.D. only,07 - SMV other,02 - Rain,01 - Daylight,02 - Wet,10 - No control,,1,0,0,0,,0,,,,,371816.7312,5016947.279,45.28928442,-75.6456437,6425
17--2781,3/7/2017,10:21 AM,SHANDON AVE btwn GRANDFIELD LANE & EARL MULLIGAN DR (__3ZA6KW),__3ZA6KW,01 - Non intersection,03 - P.D. only,07 - SMV other,04 - Freezing Rain,01 - Daylight,06 - Ice,10 - No control,,1,0,0,0,,0,,,,,364860.2599,5017572.616,45.2955401,-75.73424346,6426
17--2782,3/7/2017,10:31 AM,TWYFORD ST btwn MCCARTHY RD & CAHILL DR W (__3ZA9B2),__3ZA9B2,01 - Non intersection,03 - P.D. only,04 - Sideswipe,04 - Freezing Rain,01 - Daylight,05 - Packed snow,10 - No control,,2,0,0,0,,0,,,,,370102.1276,5023487.943,45.34829721,-75.6666375,6427
17--2783,3/7/2017,11:16 AM,SANFORD AVE btwn LEXINGTON ST & MORLEY BLVD (__3ZAA5P),__3ZAA5P,04 - At/near private drive,03 - P.D. only,06 - SMV unattended vehicle,04 - Freezing Rain,01 - Daylight,06 - Ice,10 - No control,,1,0,0,0,,0,,,,,366661.3343,5026131.649,45.37239667,-75.71021247,6428
17--2784,3/7/2017,11:23 AM,MERNER AVE @ TIBER GT (0005242),5242,02 - Intersection related,03 - P.D. only,07 - SMV other,04 - Freezing Rain,01 - Daylight,06 - Ice,02 - Stop sign,00 - Unknown,1,0,0,0,,0,,,,,362140.3382,5014144.425,45.2649203,-75.76931509,6429
17--2785,3/7/2017,11:32 AM,REGATTA AVE btwn BRAMBLING WAY & EGRET WAY (__8JUTDG),__8JUTDG,01 - Non intersection,03 - P.D. only,06 - SMV unattended vehicle,04 - Freezing Rain,01 - Daylight,06 - Ice,10 - No control,,1,0,0,0,,0,,,,,364702.2661,5012424.315,45.2492292,-75.73687878,6430
17--2786,3/7/2017,11:41 AM,FOUR SEASONS DR btwn SCHOLARS CRT & SHADETREE CRES (__3ZA0BL),__3ZA0BL,01 - Non intersection,03 - P.D. only,06 - SMV unattended vehicle,04 - Freezing Rain,01 - Daylight,06 - Ice,10 - No control,,1,0,0,0,,0,,,,,366388.0578,5024010.612,45.35333607,-75.71396542,6431
17--2787,3/7/2017,Unknown,GREY SEAL CIRC btwn BOOKTON PL & NORTH BLUFF DR (__4CPJNK),__4CPJNK,01 - Non intersection,03 - P.D. only,06 - SMV unattended vehicle,04 - Freezing Rain,07 - Dark,06 - Ice,10 - No control,,1,0,0,0,,0,,,,,369429.824,5016366.081,45.28427844,-75.67614545,6432
17--2788,3/7/2017,12:00 PM,HUNTLEY RD @ FALLOWFIELD RD (0000089),89,03 - At intersection,03 - P.D. only,02 - Angle,02 - Rain,01 - Daylight,02 - Wet,02 - Stop sign,01 - Functioning,2,0,0,0,,0,,,,,352403.9242,5009614.719,45.22488683,-75.89381168,6433
17--2789,3/7/2017,12:51 AM,GRADY CRES btwn JANSEN RD & JANSEN RD (__3ZABRB),__3ZABRB,01 - Non intersection,03 - P.D. only,07 - SMV other,01 - Clear,07 - Dark,06 - Ice,10 - No control,,1,0,0,0,,0,,,,,360068.2998,5021149.519,45.32811852,-75.7949362,6434
17--279,1/6/2017,3:05 PM,BLAIR RD @ OGILVIE RD (0004120),4120,02 - Intersection related,03 - P.D. only,04 - Sideswipe,01 - Clear,01 - Daylight,03 - Loose snow,01 - Traffic signal,01 - Functioning,2,0,0,0,,0,,,,,374507.2607,5033197.69,45.43523686,-75.60905567,6435
17--2790,3/7/2017,2:25 AM,RIDEAU RD btwn BOWESVILLE RD & ALBION RD (__3ZBOY3),__3ZBOY3,01 - Non intersection,03 - P.D. only,07 - SMV other,04 - Freezing Rain,07 - Dark,06 - Ice,10 - No control,,1,0,0,0,,0,,,,,374291.5348,5016112.827,45.28153593,-75.61421449,6436
17--2791,3/7/2017,3:44 PM,MONTREAL RD btwn ST. LAURENT BLVD & HILLSIDE DR (__3ZA1MC),__3ZA1MC,01 - Non intersection,03 - P.D. only,04 - Sideswipe,02 - Rain,01 - Daylight,02 - Wet,10 - No control,,2,0,0,0,,0,,,,,371558.0775,5033821.608,45.44113836,-75.64666093,6437
17--2792,3/7/2017,3:45 PM,MONTREAL RD btwn ST. LAURENT BLVD & HILLSIDE DR (__3ZA1MC),__3ZA1MC,01 - Non intersection,03 - P.D. only,04 - Sideswipe,04 - Freezing Rain,01 - Daylight,06 - Ice,10 - No control,,2,0,0,0,,0,,,,,371683.1611,5033882.478,45.44167409,-75.64505395,6438
17--2793,3/7/2017,3:48 AM,RICHMOND RD btwn MCEWEN AVE & HARTLEIGH AVE (__3ZA4NL),__3ZA4NL,01 - Non intersection,03 - P.D. only,07 - SMV other,04 - Freezing Rain,07 - Dark,06 - Ice,10 - No control,,1,0,0,0,,0,,,,,361134.6615,5025969.932,45.37140764,-75.78078443,6439
17--2886,3/8/2017,9:51 AM,BANK ST @ FIRST AVE (0007233),7233,02 - Intersection related,03 - P.D. only,04 - Sideswipe,01 - Clear,01 - Daylight,01 - Dry,01 - Traffic signal,00 - Unknown,2,0,0,0,,0,,,,,368274.0447,5029705.574,45.40440959,-75.68916528,6440
17--2614,3/2/2017,6:44 PM,RICHMOND RD @ EDGEWORTH AVE/MCEWEN AVE (0002352),2352,03 - At intersection,02 - Non-fatal injury,07 - SMV other,01 - Clear,05 - Dusk,01 - Dry,01 - Traffic signal,01 - Functioning,1,0,0,1,02 - Minor,1,,1,,,361076.7461,5025883.34,45.37063314,-75.78153364,6441
17--2983,3/12/2017,2:29 PM,HUNT CLUB RD btwn HUNT CLUB PL & PAUL ANKA DR (__3ZA36I),__3ZA36I,01 - Non intersection,02 - Non-fatal injury,03 - Rear end,01 - Clear,01 - Daylight,01 - Dry,10 - No control,,4,0,0,0,01 - Minimal,1,1,,,,369761.0879,5022887.874,45.34292962,-75.67106808,6442
17--2440,2/24/2017,6:00 PM,HIGHWAY 417 btwn HWY417 IC124 RAMP67 & HWY417 IC123 RAMP62 (__3ZA2YZ),__3ZA2YZ,01 - Non intersection,03 - P.D. only,03 - Rear end,02 - Rain,07 - Dark,02 - Wet,10 - No control,,2,0,0,0,,0,,,,,364773.113,5028060.983,45.38992061,-75.73408295,6443
17--2887,3/9/2017,1:25 PM,MEADOWLANDS DR btwn PERRY ST & PETER ST (__3ZA4HN),__3ZA4HN,01 - Non intersection,02 - Non-fatal injury,01 - Approaching,01 - Clear,01 - Daylight,01 - Dry,10 - No control,,2,0,0,0,01 - Minimal,1,1,,,,364444.4649,5023496.259,45.34887599,-75.73883087,6444
17--2615,3/2/2017,7:00 AM,NAVAN RD @ PAGE RD (0004199),4199,03 - At intersection,03 - P.D. only,02 - Angle,04 - Freezing Rain,03 - Dawn,06 - Ice,02 - Stop sign,01 - Functioning,2,0,0,0,,0,,,,,381660.7633,5032771.219,45.43065011,-75.51770459,6445
17--3075,3/14/2017,8:29 PM,CHARLEMAGNE BLVD @ GARDENWAY DR/BOTTRIELL WAY  (0003748),3748,02 - Intersection related,02 - Non-fatal injury,07 - SMV other,03 - Snow,07 - Dark,03 - Loose snow,01 - Traffic signal,01 - Functioning,1,0,0,0,02 - Minor,1,,1,,,384050.3595,5037034.402,45.46873973,-75.48648304,6446
17--2984,3/12/2017,2:52 PM,BANK ST btwn ALTA VISTA DR & ERIE AVE (__3ZA36X),__3ZA36X,01 - Non intersection,03 - P.D. only,04 - Sideswipe,01 - Clear,01 - Daylight,01 - Dry,10 - No control,,2,0,0,0,,0,,,,,370243.0524,5026214.117,45.37281336,-75.66447828,6447
17--316,1/7/2017,11:06 PM,ST. LAURENT BLVD btwn TREMBLAY RD & SHORE ST (__3ZA2GT),__3ZA2GT,01 - Non intersection,03 - P.D. only,07 - SMV other,01 - Clear,07 - Dark,03 - Loose snow,10 - No control,,1,0,0,0,,0,,,,,372789.0823,5030761.194,45.41348361,-75.63134982,6448
17--3076,3/14/2017,8:45 PM,TERRY FOX DR @ WESTPHALIAN AVE (0014366),14366,02 - Intersection related,03 - P.D. only,07 - SMV other,03 - Snow,07 - Dark,05 - Packed snow,01 - Traffic signal,01 - Functioning,1,0,0,0,,0,,,,,353455.2261,5015759.789,45.28011017,-75.87982363,6449
17--2441,2/24/2017,6:11 PM,BRONSON AVE @ POWELL AVE (0007212),7212,03 - At intersection,02 - Non-fatal injury,05 - Turning movement,01 - Clear,05 - Dusk,02 - Wet,01 - Traffic signal,01 - Functioning,2,0,0,0,02 - Minor,1,,1,,,367388.2134,5029476.545,45.40242862,-75.70050908,6450
17--2985,3/12/2017,3:12 PM,GREENBANK RD @ STRANDHERD DR (0005563),5563,02 - Intersection related,03 - P.D. only,04 - Sideswipe,01 - Clear,01 - Daylight,01 - Dry,01 - Traffic signal,00 - Unknown,2,0,0,0,,0,,,,,363934.0184,5014783.079,45.27051841,-75.74638423,6451
17--2888,3/9/2017,1:27 PM,LETT ST btwn Continuation of LETT ST & END (__6UQV14),__6UQV14,01 - Non intersection,03 - P.D. only,06 - SMV unattended vehicle,01 - Clear,01 - Daylight,01 - Dry,10 - No control,,1,0,0,0,,0,,,,,366403.6394,5031070.081,45.41685416,-75.71288552,6452
17--2616,3/2/2017,7:01 AM,COLONNADE RD    N btwn CORINTH PRIV & CITIPLACE DR (__6XF9SX),__6XF9SX,01 - Non intersection,03 - P.D. only,01 - Approaching,01 - Clear,01 - Daylight,05 - Packed snow,10 - No control,,2,0,0,0,,0,,,,,366777.5924,5023360.612,45.34745317,-75.70907582,6453
17--3160,3/16/2017,3:53 PM,HAWTHORNE RD @ HUNT CLUB RD (0007651),7651,02 - Intersection related,02 - Non-fatal injury,03 - Rear end,01 - Clear,01 - Daylight,01 - Dry,01 - Traffic signal,01 - Functioning,2,0,0,0,02 - Minor,1,,1,,,375507.4155,5026405.86,45.37402718,-75.59724796,6454
17--3077,3/14/2017,8:52 AM,CARLING AVE @ KIRKWOOD AVE N (0002358),2358,02 - Intersection related,03 - P.D. only,04 - Sideswipe,01 - Clear,01 - Daylight,01 - Dry,01 - Traffic signal,01 - Functioning,2,0,0,0,,0,,,,,364275.3578,5027492.196,45.38484521,-75.74050776,6455
17--2442,2/24/2017,6:35 PM,CATHERINE ST @ LYON ST/HWY 417 LYON IC120BR36 (0002254),2254,02 - Intersection related,02 - Non-fatal injury,03 - Rear end,02 - Rain,07 - Dark,02 - Wet,01 - Traffic signal,01 - Functioning,2,0,0,0,01 - Minimal,2,2,,,,367749.2075,5030092.19,45.40793564,-75.69581967,6456