Anom_ID,Accident_Date,Accident_Time,Location,Geo_ID,Accident_Location,Classification_of_Accident,Initial_Impact_Type,Environment_Condition,Light,Road_Surface_Condition,Traffic_Control,Traffic_Control_Condition,No__of_Vehicles,No__of_Bicycles,No__of_Motorcycles,No__of_Pedestrians,Max_Injury,No__of_Injuries,No__of_Minimal,No__of_Minor,No__of_Major,No__of_Fatal,X,Y,Latitude,Longitude,ObjectId
17--2986,3/12/2017,5:12 PM,WOODROFFE AVE btwn HWY417 IC127 RAMP53 & IRIS ST (__3ZA4L2),__3ZA4L2,01 - Non intersection,03 - P.D. only,03 - Rear end,01 - Clear,01 - Daylight,01 - Dry,10 - No control,,3,0,0,0,,0,,,,,362278.3443,5024452.222,45.35765855,-75.76636095,6457
17--2987,3/12/2017,6:28 AM,BRONSON AVE @ SOMERSET ST (0002218),2218,02 - Intersection related,03 - P.D. only,07 - SMV other,01 - Clear,03 - Dawn,01 - Dry,01 - Traffic signal,01 - Functioning,1,0,0,0,,0,,,,,366967.6965,5030476.572,45.41146405,-75.70575408,6458
17--2988,3/12/2017,7:36 PM,COLONNADE RD @ PRINCE OF WALES DR (0005249),5249,02 - Intersection related,03 - P.D. only,03 - Rear end,01 - Clear,07 - Dark,01 - Dry,01 - Traffic signal,01 - Functioning,4,0,0,0,,0,,,,,367396.3838,5023267.185,45.34655758,-75.70119173,6459
17--2989,3/12/2017,9:43 AM,ST. JOSEPH BLVD/OLD MONTREAL RD @ TRIM RD (0004118),4118,03 - At intersection,03 - P.D. only,04 - Sideswipe,01 - Clear,01 - Daylight,01 - Dry,11 - Roundabout,01 - Functioning,2,0,0,0,,0,,,,,384683.7573,5039287.589,45.48893957,-75.47801749,6460
17--299,1/6/2017,7:49 PM,OLD MONTREAL RD E @ REGIONAL RD 174 (0012877),12877,03 - At intersection,03 - P.D. only,02 - Angle,01 - Clear,07 - Dark,02 - Wet,02 - Stop sign,01 - Functioning,2,0,0,0,,0,,,,,394617.5626,5043035.93,45.52145434,-75.3502686,6461
17--2990,3/12/2017,9:49 PM,KING EDWARD AVE @ OSGOODE ST/THOMAS MORE PRIV (0007750),7750,02 - Intersection related,03 - P.D. only,05 - Turning movement,01 - Clear,07 - Dark,01 - Dry,01 - Traffic signal,01 - Functioning,2,0,0,0,,0,,,,,368851.2353,5031852.575,45.42367499,-75.68151382,6462
17--2991,3/13/2017,10:10 PM,INNES RD @ LANTHIER DR/PRESTWICK DR (0004251),4251,02 - Intersection related,03 - P.D. only,03 - Rear end,01 - Clear,07 - Dark,01 - Dry,01 - Traffic signal,01 - Functioning,2,0,0,0,,0,,,,,383541.0976,5035989.233,45.45939383,-75.49316229,6463
17--2992,3/13/2017,10:27 AM,MONTREAL RD @ ST. LAURENT BLVD (0002604),2604,02 - Intersection related,03 - P.D. only,04 - Sideswipe,01 - Clear,01 - Daylight,01 - Dry,01 - Traffic signal,00 - Unknown,2,0,0,0,,0,,,,,371544.6996,5033818.264,45.44110955,-75.64683237,6464
17--2993,3/13/2017,10:51 AM,CUMBERLAND ST @ RIDEAU ST (0007759),7759,02 - Intersection related,02 - Non-fatal injury,03 - Rear end,01 - Clear,01 - Daylight,01 - Dry,01 - Traffic signal,01 - Functioning,2,0,0,0,02 - Minor,2,,2,,,368374.8455,5032328.636,45.42800187,-75.68753936,6465
17--2994,3/13/2017,12:13 AM,HIGHWAY 417 btwn HWY417 IC119B RAMP76 & HWY417 IC119A RAMP67 (__3ZA2YT),__3ZA2YT,01 - Non intersection,03 - P.D. only,03 - Rear end,01 - Clear,07 - Dark,01 - Dry,10 - No control,,2,0,0,0,,0,,,,,368292.7314,5030358.448,45.41028225,-75.68884252,6466
17--2995,3/13/2017,3:02 PM,BASELINE RD @ WOODROFFE AVE (0002225),2225,02 - Intersection related,03 - P.D. only,03 - Rear end,01 - Clear,01 - Daylight,01 - Dry,01 - Traffic signal,01 - Functioning,2,0,0,0,,0,,,,,362550.6935,5023771.174,45.35150815,-75.7629646,6467
17--2996,3/13/2017,3:20 PM,MARAVISTA DR @ STRANDHERD DR (0013565),13565,02 - Intersection related,03 - P.D. only,03 - Rear end,01 - Clear,01 - Daylight,01 - Dry,01 - Traffic signal,01 - Functioning,2,0,0,0,,0,,,,,361288.4381,5014584.958,45.26895318,-75.78011984,6468
17--2997,3/13/2017,3:37 PM,BRONSON AVE @ HOLMWOOD AVE (0007215),7215,02 - Intersection related,03 - P.D. only,03 - Rear end,01 - Clear,01 - Daylight,01 - Dry,01 - Traffic signal,00 - Unknown,2,0,0,0,,0,,,,,367700.3733,5028728.875,45.39567333,-75.69661735,6469
17--2998,3/13/2017,3:47 PM,BRONSON AVE btwn FOURTH AVE & MADAWASKA DR (__3ZA3NE),__3ZA3NE,01 - Non intersection,03 - P.D. only,04 - Sideswipe,01 - Clear,01 - Daylight,01 - Dry,10 - No control,,2,0,0,0,,0,,,,,367600.0003,5028973.336,45.39788193,-75.69786809,6470
17--2999,3/13/2017,3:55 PM,OTTAWA RIVER PKWY @ ISLAND PARK DR (0002127),2127,03 - At intersection,03 - P.D. only,04 - Sideswipe,01 - Clear,01 - Daylight,01 - Dry,01 - Traffic signal,01 - Functioning,2,0,0,0,,0,,,,,363298.7823,5029453.322,45.40257334,-75.75274489,6471
17--30,1/2/2017,3:54 PM,SPUR AVE btwn BRIDGESTONE DR & EQUESTRIAN DR (__3ZA1CM),__3ZA1CM,04 - At/near private drive,03 - P.D. only,05 - Turning movement,01 - Clear,01 - Daylight,04 - Slush,10 - No control,,2,0,0,0,,0,,,,,355307.4611,5015892.374,45.28117257,-75.85620238,6472
17--300,1/6/2017,7:55 AM,BANK ST @ LEITRIM RD (0004125),4125,03 - At intersection,02 - Non-fatal injury,05 - Turning movement,01 - Clear,01 - Daylight,02 - Wet,01 - Traffic signal,01 - Functioning,4,0,0,0,02 - Minor,1,,1,,,375357.2115,5021618.683,45.33096943,-75.59984856,6473
17--3000,3/13/2017,6:02 PM,PARKDALE AVE @ HWY 417 PARKDAL IC122R15/HWY 41 (0002363),2363,02 - Intersection related,03 - P.D. only,03 - Rear end,01 - Clear,05 - Dusk,01 - Dry,01 - Traffic signal,00 - Unknown,2,0,0,0,,0,,,,,365338.9496,5028844.429,45.3969212,-75.72676117,6474
17--3001,3/13/2017,6:30 AM,CONROY RD @ HUNT CLUB RD (0002257),2257,03 - At intersection,02 - Non-fatal injury,05 - Turning movement,01 - Clear,03 - Dawn,01 - Dry,01 - Traffic signal,01 - Functioning,2,0,0,0,01 - Minimal,1,1,,,,373764.7433,5025403.854,45.36518523,-75.61963461,6475
17--3002,3/13/2017,7:20 AM,GREENBANK RD @ WEST HUNT CLUB RD (0005167),5167,02 - Intersection related,03 - P.D. only,03 - Rear end,01 - Clear,01 - Daylight,01 - Dry,01 - Traffic signal,01 - Functioning,2,0,0,0,,0,,,,,361480.0115,5020501.81,45.32217785,-75.7770024,6476
17--3003,3/13/2017,7:54 AM,BASELINE RD/HERON RD @ PRINCE OF WALES DR (0002345),2345,02 - Intersection related,03 - P.D. only,03 - Rear end,01 - Clear,01 - Daylight,01 - Dry,01 - Traffic signal,01 - Functioning,2,0,0,0,,0,,,,,366873.3721,5026438.532,45.37513919,-75.70746706,6477
17--3004,3/13/2017,8:00 PM,HIGHWAY 417 btwn HWY417 IC124 RAMP67 & HWY417 IC123 RAMP62 (__3ZA2YZ),__3ZA2YZ,01 - Non intersection,03 - P.D. only,04 - Sideswipe,01 - Clear,07 - Dark,01 - Dry,10 - No control,,3,0,0,0,,0,,,,,364709.2076,5027943.538,45.38886933,-75.73491327,6478
17--3005,3/13/2017,8:20 PM,BESSERER ST @ DALHOUSIE ST (0011452),11452,02 - Intersection related,03 - P.D. only,06 - SMV unattended vehicle,01 - Clear,07 - Dark,01 - Dry,01 - Traffic signal,01 - Functioning,1,0,0,0,,0,,,,,368253.705,5032156.906,45.42646771,-75.68910945,6479
17--3006,3/13/2017,9:31 AM,ALBERT ST @ EMPRESS AVE (0010851),10851,03 - At intersection,03 - P.D. only,04 - Sideswipe,01 - Clear,01 - Daylight,01 - Dry,01 - Traffic signal,01 - Functioning,2,0,0,0,,0,,,,,366577.0355,5030721.235,45.41370005,-75.71071397,6480
17--3007,3/14/2017,1:01 PM,MAITLAND AVE btwn HWY417 IC126 RAMP63 & HWY417 IC126 RAMP52 (__3ZA3GY),__3ZA3GY,01 - Non intersection,03 - P.D. only,03 - Rear end,03 - Snow,01 - Daylight,03 - Loose snow,10 - No control,,2,0,0,0,,0,,,,,363186.3651,5025882.102,45.37044942,-75.75460323,6481
17--3008,3/14/2017,1:08 PM,FALLOWFIELD RD @ MERIVALE RD (0000587),587,02 - Intersection related,03 - P.D. only,03 - Rear end,03 - Snow,01 - Daylight,06 - Ice,01 - Traffic signal,01 - Functioning,2,0,0,0,,0,,,,,366892.0471,5018845.138,45.3068135,-75.70818165,6482
17--3009,3/14/2017,1:15 PM,MILTON RD btwn CANARY ST & SMITH RD (__3ZA3M8),__3ZA3M8,01 - Non intersection,03 - P.D. only,04 - Sideswipe,03 - Snow,01 - Daylight,03 - Loose snow,10 - No control,,2,0,0,0,,0,,,,,387362.0998,5031582.421,45.41930466,-75.44505167,6483
17--301,1/6/2017,8:00 PM,CATHERINE ST @ METCALFE ST (0011239),11239,02 - Intersection related,03 - P.D. only,04 - Sideswipe,01 - Clear,07 - Dark,02 - Wet,01 - Traffic signal,01 - Functioning,2,0,0,0,,0,,,,,368393.0378,5030485.225,45.41141384,-75.68754482,6484
17--3010,3/14/2017,1:21 PM,KENASTON ST btwn ALGOMA RD & LABRIE AVE (__3ZAZJF),__3ZAZJF,04 - At/near private drive,03 - P.D. only,02 - Angle,03 - Snow,01 - Daylight,03 - Loose snow,10 - No control,,2,0,0,0,,0,,,,,373387.4845,5031391.93,45.41910027,-75.62361756,6485
17--3011,3/14/2017,1:30 PM,CYRVILLE RD @ OGILVIE RD (0003554),3554,02 - Intersection related,03 - P.D. only,03 - Rear end,03 - Snow,01 - Daylight,04 - Slush,01 - Traffic signal,01 - Functioning,2,0,0,0,,0,,,,,372454.0536,5032006.239,45.42471842,-75.63545881,6486
17--3012,3/14/2017,1:45 PM,ALBERT ST @ BOOTH ST (0002162),2162,03 - At intersection,03 - P.D. only,05 - Turning movement,03 - Snow,01 - Daylight,03 - Loose snow,01 - Traffic signal,01 - Functioning,2,0,0,0,,0,,,,,366428.3588,5030627.904,45.4128734,-75.712625,6487
17--3013,3/14/2017,10:24 PM,KING EDWARD AVE btwn RAMP & BOLTON ST (__7TR60Q),__7TR60Q,07 - Overpass or bridge,03 - P.D. only,07 - SMV other,03 - Snow,07 - Dark,03 - Loose snow,10 - No control,,1,0,0,0,,0,,,,,367992.772,5033241.039,45.43624598,-75.69230451,6488
17--3014,3/14/2017,10:25 PM,HIGHWAY 417 btwn HWY417 IC110 RAMP55 & HWY417 IC104 RAMP51 (__3ZA2W8),__3ZA2W8,01 - Non intersection,03 - P.D. only,07 - SMV other,03 - Snow,07 - Dark,02 - Wet,10 - No control,,1,0,0,0,,0,,,,,377881.046,5026381.662,45.37356593,-75.56695035,6489
17--3015,3/14/2017,11:06 PM,HIGHWAY 417 btwn HWY417 IC96 RAMP51 & HIGHWAY 417 (__3ZA2W3),__3ZA2W3,01 - Non intersection,03 - P.D. only,03 - Rear end,03 - Snow,07 - Dark,03 - Loose snow,10 - No control,,2,0,0,0,,0,,,,,387288.6251,5023850.089,45.34974481,-75.44728247,6490
17--3016,3/14/2017,11:20 AM,KITCHENER AVE @ BANK ST (0011963),11963,02 - Intersection related,02 - Non-fatal injury,07 - SMV other,03 - Snow,01 - Daylight,03 - Loose snow,01 - Traffic signal,01 - Functioning,1,0,0,0,01 - Minimal,1,1,,,,370541.2106,5025500.641,45.36636583,-75.66076701,6491
17--3017,3/14/2017,11:30 AM,HOLMWOOD AVE btwn TORRINGTON PL & CRAIG ST (__3ZA9LO),__3ZA9LO,04 - At/near private drive,03 - P.D. only,06 - SMV unattended vehicle,01 - Clear,01 - Daylight,01 - Dry,10 - No control,,1,0,0,0,,0,,,,,367979.2617,5028898.555,45.39717495,-75.69303392,6492
17--3018,3/14/2017,11:30 PM,LEITRIM RD btwn RIVER RD & LIMEBANK RD (__3ZA38L),__3ZA38L,01 - Non intersection,03 - P.D. only,07 - SMV other,03 - Snow,07 - Dark,03 - Loose snow,10 - No control,,1,0,0,0,,0,,,,,368969.2043,5017735.723,45.29664448,-75.68183932,6493
17--3019,3/14/2017,11:43 PM,BRONSON AVE @ COMMISSIONER ST/SLATER ST (0001679),1679,02 - Intersection related,03 - P.D. only,03 - Rear end,03 - Snow,07 - Dark,05 - Packed snow,01 - Traffic signal,01 - Functioning,2,0,0,0,,0,,,,,366769.7087,5030949.237,45.41573451,-75.70822387,6494
17--302,1/6/2017,8:12 AM,REGIONAL ROAD 174 btwn MORIN RD & OLD MONTREAL RD (__3ZA27P),__3ZA27P,01 - Non intersection,03 - P.D. only,01 - Approaching,01 - Clear,01 - Daylight,00 - Unknown,10 - No control,,2,0,0,0,,0,,,,,392365.6251,5042756.006,45.51922244,-75.37913946,6495
17--3020,3/14/2017,11:59 AM,GLOUCESTER ST @ LYON ST (0006765),6765,03 - At intersection,03 - P.D. only,04 - Sideswipe,03 - Snow,01 - Daylight,04 - Slush,01 - Traffic signal,01 - Functioning,2,0,0,0,,0,,,,,367195.0326,5031001.573,45.41616762,-75.70278348,6496
17--3021,3/14/2017,12:00 PM,HIGHWAY 417 btwn HWY417 IC163 RAMP16 & HWY417 IC169 RAMP61 (__5SPO79),__5SPO79,01 - Non intersection,02 - Non-fatal injury,07 - SMV other,03 - Snow,01 - Daylight,03 - Loose snow,10 - No control,,1,0,0,0,02 - Minor,1,,1,,,330986.4597,5021587.546,45.33374777,-76.16590341,6497
17--3022,3/14/2017,12:23 PM,TRIM RD btwn ST. JOSEPH BLVD & WATTERS RD (__3ZA2GC),__3ZA2GC,01 - Non intersection,03 - P.D. only,07 - SMV other,03 - Snow,01 - Daylight,02 - Wet,10 - No control,,1,0,0,0,,0,,,,,384904.117,5038808.546,45.48460436,-75.47527695,6498
17--3023,3/14/2017,12:25 PM,ARCH ST @ CHAPMAN BLVD (0008359),8359,03 - At intersection,02 - Non-fatal injury,02 - Angle,03 - Snow,01 - Daylight,02 - Wet,02 - Stop sign,01 - Functioning,2,0,0,0,02 - Minor,1,,1,,,372782.7333,5028923.542,45.39694986,-75.63168429,6499
17--3024,3/14/2017,12:25 PM,HIGHWAY 417 btwn HWY417 IC163 RAMP15 & HWY417 IC155 RAMP51 (__3ZAZNS),__3ZAZNS,01 - Non intersection,02 - Non-fatal injury,07 - SMV other,03 - Snow,01 - Daylight,03 - Loose snow,10 - No control,,1,0,0,0,01 - Minimal,1,1,,,,335936.2946,5020241.343,45.3214318,-76.10283765,6500
17--3025,3/14/2017,12:36 PM,BANK ST @ LEITRIM RD (0004125),4125,02 - Intersection related,03 - P.D. only,04 - Sideswipe,03 - Snow,01 - Daylight,03 - Loose snow,01 - Traffic signal,01 - Functioning,2,0,0,0,,0,,,,,375357.4198,5021617.49,45.33095868,-75.59984607,6501
17--3026,3/14/2017,12:39 PM,CARLING AVE @ MERIVALE RD (0002148),2148,02 - Intersection related,03 - P.D. only,03 - Rear end,03 - Snow,01 - Daylight,03 - Loose snow,01 - Traffic signal,01 - Functioning,2,0,0,0,,0,,,,,364894.3694,5027699.206,45.38665502,-75.73257857,6502
17--3027,3/14/2017,12:42 PM,BANK ST @ SUNNYSIDE AVE (0007219),7219,03 - At intersection,03 - P.D. only,05 - Turning movement,01 - Clear,01 - Daylight,03 - Loose snow,01 - Traffic signal,01 - Functioning,2,0,0,0,,0,,,,,368735.712,5028580.211,45.39424192,-75.68341429,6503
17--3028,3/14/2017,2:09 PM,BAYSHORE DR @ WOODRIDGE CRES S (0000360),360,02 - Intersection related,03 - P.D. only,03 - Rear end,01 - Clear,01 - Daylight,01 - Dry,01 - Traffic signal,01 - Functioning,2,0,0,0,,0,,,,,359234.8749,5023509.294,45.34941698,-75.80530789,6504
17--3029,3/14/2017,2:15 PM,OLD TENTH LINE RD @ TENTH LINE RD (0009223),9223,02 - Intersection related,03 - P.D. only,03 - Rear end,03 - Snow,01 - Daylight,03 - Loose snow,01 - Traffic signal,01 - Functioning,2,0,0,0,,0,,,,,383042.3496,5038358.979,45.48077072,-75.49916133,6505
17--303,1/6/2017,8:28 AM,FRANK KENNY RD btwn RUSSELL RD & DEVINE RD (__3ZA6HE),__3ZA6HE,01 - Non intersection,02 - Non-fatal injury,07 - SMV other,01 - Clear,01 - Daylight,06 - Ice,10 - No control,,1,0,0,0,02 - Minor,2,,2,,,393671.2373,5023526.961,45.34605793,-75.36590128,6506
17--3030,3/14/2017,2:40 PM,HIGHWAY 417 btwn HWY417 IC180 RAMP61 & HWY417 IC169 RAMP36 (__5DVYB1),__5DVYB1,01 - Non intersection,03 - P.D. only,04 - Sideswipe,03 - Snow,01 - Daylight,03 - Loose snow,10 - No control,,2,0,0,0,,0,,,,,324867.524,5025573.138,45.36981411,-76.24380841,6507
17--3031,3/14/2017,2:49 PM,PRINCE ALBERT ST btwn LOLA ST & NAUGHTON ST (__3ZA8JZ),__3ZA8JZ,04 - At/near private drive,02 - Non-fatal injury,02 - Angle,03 - Snow,01 - Daylight,03 - Loose snow,10 - No control,,2,0,0,0,02 - Minor,1,,1,,,371302.9657,5031992.189,45.42470239,-75.65016865,6508
17--3032,3/14/2017,2:50 PM,HIGHWAY 416 btwn HWY416 IC66 RAMP62 & HWY416 IC72 RAMP24 (__3ZAZMZ),__3ZAZMZ,01 - Non intersection,03 - P.D. only,04 - Sideswipe,03 - Snow,01 - Daylight,03 - Loose snow,10 - No control,,2,0,0,0,,0,,,,,359628.0156,5015493.65,45.27726111,-75.80117807,6509
17--3033,3/14/2017,2:51 PM,MAIN ST btwn HAZEL ST & HERRIDGE ST (__3ZA3B7),__3ZA3B7,01 - Non intersection,03 - P.D. only,99 - Other,03 - Snow,01 - Daylight,03 - Loose snow,10 - No control,,2,0,0,0,,0,,,,,369208.578,5030072.986,45.40763008,-75.67718053,6510
17--3034,3/14/2017,3:04 PM,GLADSTONE AVE @ ROCHESTER ST (0006496),6496,02 - Intersection related,03 - P.D. only,03 - Rear end,03 - Snow,01 - Daylight,03 - Loose snow,01 - Traffic signal,01 - Functioning,2,0,0,0,,0,,,,,366662.3636,5029788.903,45.40530365,-75.70974088,6511
17--3035,3/14/2017,3:20 PM,CARLING AVE @ WOODROFFE AVE W (0011470),11470,02 - Intersection related,03 - P.D. only,04 - Sideswipe,03 - Snow,01 - Daylight,03 - Loose snow,01 - Traffic signal,01 - Functioning,2,0,0,0,,0,,,,,361768.6869,5025726.182,45.36916314,-75.77271869,6512
17--3036,3/14/2017,3:28 PM,ELMRIDGE DR btwn APPLEGROVE CRT & BURFIELD AVE (__3ZA7W3),__3ZA7W3,01 - Non intersection,03 - P.D. only,99 - Other,03 - Snow,01 - Daylight,05 - Packed snow,10 - No control,,2,0,0,0,,0,,,,,374915.4323,5033909.715,45.44160245,-75.60373795,6513
17--3037,3/14/2017,3:28 PM,MARKETPLACE AVE @ RIOCAN AVE (0010995),10995,03 - At intersection,03 - P.D. only,02 - Angle,03 - Snow,01 - Daylight,02 - Wet,02 - Stop sign,01 - Functioning,2,0,0,0,,0,,,,,364287.8802,5014762.933,45.27030729,-75.74187736,6514
17--3038,3/14/2017,3:45 PM,HAWTHORNE RD/RUSSELL RD @ WALKLEY RD (0002618),2618,02 - Intersection related,03 - P.D. only,04 - Sideswipe,01 - Clear,01 - Daylight,01 - Dry,01 - Traffic signal,01 - Functioning,2,0,0,0,,0,,,,,374675.0784,5028499.541,45.39294862,-75.6075771,6515
17--3039,3/14/2017,3:46 PM,MEADOWLANDS DR btwn EAGLE LANE & BELIVEAU ST (__3ZA4HB),__3ZA4HB,04 - At/near private drive,02 - Non-fatal injury,07 - SMV other,03 - Snow,01 - Daylight,03 - Loose snow,10 - No control,,1,0,0,0,01 - Minimal,1,1,,,,365474.3726,5024543.737,45.35821269,-75.72556007,6516
17--304,1/6/2017,8:35 PM,INNES RD @ JEANNE D'ARC BLVD/MER BLEUE RD (0012475),12475,03 - At intersection,03 - P.D. only,05 - Turning movement,01 - Clear,07 - Dark,06 - Ice,01 - Traffic signal,01 - Functioning,3,0,0,0,,0,,,,,382653.8994,5035567.218,45.45569633,-75.5045717,6517
17--3040,3/14/2017,3:53 PM,METCALFE ST @ SLATER ST (0002233),2233,03 - At intersection,02 - Non-fatal injury,07 - SMV other,03 - Snow,01 - Daylight,03 - Loose snow,01 - Traffic signal,01 - Functioning,1,0,0,1,01 - Minimal,1,1,,,,367732.6999,5031550.245,45.42105624,-75.69584435,6518
17--3041,3/14/2017,4:10 PM,DATA CENTRE RD @ RIVERSIDE DR (0010863),10863,02 - Intersection related,03 - P.D. only,03 - Rear end,03 - Snow,01 - Daylight,03 - Loose snow,01 - Traffic signal,01 - Functioning,2,0,0,0,,0,,,,,368898.4523,5027672.576,45.38606043,-75.68145389,6519
17--3042,3/14/2017,4:20 PM,BASELINE RD @ CENTREPOINTE DR E/HIGHGATE RD (0011468),11468,02 - Intersection related,03 - P.D. only,03 - Rear end,03 - Snow,01 - Daylight,05 - Packed snow,01 - Traffic signal,01 - Functioning,2,0,0,0,,0,,,,,362062.0211,5023465.505,45.34879783,-75.7692361,6520
17--3043,3/14/2017,4:27 PM,ALBION RD btwn LESTER RD & LEITRIM RD (__3ZA3SQ),__3ZA3SQ,01 - Non intersection,03 - P.D. only,03 - Rear end,03 - Snow,01 - Daylight,03 - Loose snow,10 - No control,,2,0,0,0,,0,,,,,372773.3385,5022149.887,45.33600405,-75.63273615,6521
17--3044,3/14/2017,4:28 PM,WOODROFFE AVE/HWY 417 WOODROFF IC127R25 @ HWY  (0002348),2348,02 - Intersection related,03 - P.D. only,07 - SMV other,03 - Snow,01 - Daylight,05 - Packed snow,01 - Traffic signal,01 - Functioning,1,0,0,0,,0,,,,,362179.3424,5024694.702,45.35984847,-75.76759633,6522
17--3045,3/14/2017,4:30 PM,ELGIN ST @ LAURIER AVE (0002232),2232,03 - At intersection,03 - P.D. only,05 - Turning movement,01 - Clear,01 - Daylight,03 - Loose snow,01 - Traffic signal,01 - Functioning,2,0,0,0,,0,,,,,367949.7132,5031550.245,45.42103669,-75.69307162,6523
17--3046,3/14/2017,4:30 PM,HIGHWAY 417 btwn Continuation of HIGHWAY 417 & HWY417 IC134 RAMP51 (__3ZA29B),__3ZA29B,01 - Non intersection,03 - P.D. only,07 - SMV other,03 - Snow,01 - Daylight,03 - Loose snow,10 - No control,,1,0,0,0,,0,,,,,355694.5205,5021805.927,45.33435575,-75.85066174,6524
17--3047,3/14/2017,4:35 PM,BANKFIELD RD btwn PRINCE OF WALES DR & FIRST LINE RD (__3ZA2XY),__3ZA2XY,01 - Non intersection,03 - P.D. only,01 - Approaching,03 - Snow,01 - Daylight,03 - Loose snow,10 - No control,,2,0,0,0,,0,,,,,366396.0779,5008984.751,45.21813375,-75.7157284,6525
17--3048,3/14/2017,4:40 PM,EAGLESON RD btwn EMERALD MEADOWS DR & TERRY FOX DR (__6LLAVL),__6LLAVL,01 - Non intersection,03 - P.D. only,99 - Other,03 - Snow,01 - Daylight,03 - Loose snow,10 - No control,,3,0,0,0,,0,,,,,355036.6479,5015005.748,45.27321391,-75.85974384,6526
17--3049,3/14/2017,4:45 PM,RIVER RD btwn KILBY LANE & WATERFRONT CRT (__3ZA38T),__3ZA38T,01 - Non intersection,03 - P.D. only,07 - SMV other,05 - Drifting Snow,01 - Daylight,03 - Loose snow,10 - No control,,1,0,0,0,,0,,,,,371876.5798,5007913.686,45.20799597,-75.64609965,6527
17--305,1/6/2017,8:45 AM,AVIATION PKWY @ MONTREAL RD (0008799),8799,02 - Intersection related,03 - P.D. only,04 - Sideswipe,01 - Clear,01 - Daylight,01 - Dry,01 - Traffic signal,00 - Unknown,2,0,0,0,,0,,,,,372147.0511,5034108.583,45.44366393,-75.63909392,6528
17--3050,3/14/2017,4:45 PM,STRANDHERD DR @ 215 W OF GREENBANK RD/BARRHAVE (0005413),5413,02 - Intersection related,03 - P.D. only,07 - SMV other,03 - Snow,01 - Daylight,03 - Loose snow,01 - Traffic signal,01 - Functioning,1,0,0,0,,0,,,,,363745.5279,5014681.361,45.26961897,-75.74879826,6529
17--3051,3/14/2017,4:54 PM,TERRY FOX DR btwn HUNTSVILLE DR & OLD SECOND LINE RD (__8IAYIU),__8IAYIU,01 - Non intersection,02 - Non-fatal injury,07 - SMV other,03 - Snow,01 - Daylight,03 - Loose snow,10 - No control,,1,0,0,0,01 - Minimal,1,1,,,,347956.935,5020084.847,45.31938753,-75.94952683,6530
17--3052,3/14/2017,5:00 PM,DALHOUSIE ST @ MURRAY ST (0008241),8241,03 - At intersection,03 - P.D. only,05 - Turning movement,03 - Snow,01 - Daylight,03 - Loose snow,01 - Traffic signal,01 - Functioning,2,0,0,0,,0,,,,,367999.6958,5032573.595,45.43023993,-75.6923017,6531
17--3053,3/14/2017,5:05 PM,OTTAWA ROAD 29 btwn GALETTA SIDE RD & WALTER BRADLEY RD (__3ZAZ58),__3ZAZ58,01 - Non intersection,03 - P.D. only,07 - SMV other,05 - Drifting Snow,01 - Daylight,05 - Packed snow,10 - No control,,1,0,0,0,,0,,,,,320676.8184,5025002.474,45.36478641,-76.29732691,6532
17--3054,3/14/2017,5:10 PM,HIGHWAY 417 btwn HWY417 IC96 RAMP61 & HIGHWAY 417 (__3ZA271),__3ZA271,01 - Non intersection,03 - P.D. only,07 - SMV other,03 - Snow,01 - Daylight,03 - Loose snow,10 - No control,,1,0,0,0,,0,,,,,387518.8659,5023862.207,45.34982672,-75.44434262,6533
17--3055,3/14/2017,5:10 PM,HIGHWAY 417 btwn HWY417 IC118 RAMP35 & HWY417 IC117 RAMP51 (__3ZA2YP),__3ZA2YP,01 - Non intersection,03 - P.D. only,04 - Sideswipe,03 - Snow,01 - Daylight,03 - Loose snow,10 - No control,,2,0,0,0,,0,,,,,369810.1798,5031135.705,45.4171364,-75.66935571,6534
17--3056,3/14/2017,5:15 PM,SLATER ST btwn COMMISSIONER ST & BAY ST (__3ZA336),__3ZA336,01 - Non intersection,03 - P.D. only,03 - Rear end,03 - Snow,01 - Daylight,03 - Loose snow,10 - No control,,2,0,0,0,,0,,,,,366960.6209,5031064.523,45.41675489,-75.70577031,6535
17--3057,3/14/2017,5:15 PM,BLACKBURN BYPASS @ INNES RD E (0009245),9245,02 - Intersection related,02 - Non-fatal injury,05 - Turning movement,03 - Snow,01 - Daylight,02 - Wet,01 - Traffic signal,01 - Functioning,3,0,0,0,01 - Minimal,1,1,,,,379790.7446,5033781.565,45.43994349,-75.54144649,6536
17--3058,3/14/2017,5:21 PM,ST. LAURENT BLVD btwn CONNERY AVE & NERTA ST (__3ZA75S),__3ZA75S,01 - Non intersection,02 - Non-fatal injury,03 - Rear end,03 - Snow,01 - Daylight,03 - Loose snow,10 - No control,,2,0,0,0,01 - Minimal,1,1,,,,373661.469,5028641.813,45.39432913,-75.62050121,6537
17--3059,3/14/2017,5:23 PM,RIVERSIDE DR @ BROOKFIELD RD/HOG'S BACK RD (0001627),1627,02 - Intersection related,03 - P.D. only,03 - Rear end,03 - Snow,01 - Daylight,03 - Loose snow,01 - Traffic signal,01 - Functioning,2,0,0,0,,0,,,,,368168.9488,5026223.16,45.37308536,-75.69095483,6538