Anom_ID,Accident_Date,Accident_Time,Location,Geo_ID,Accident_Location,Classification_of_Accident,Initial_Impact_Type,Environment_Condition,Light,Road_Surface_Condition,Traffic_Control,Traffic_Control_Condition,No__of_Vehicles,No__of_Bicycles,No__of_Motorcycles,No__of_Pedestrians,Max_Injury,No__of_Injuries,No__of_Minimal,No__of_Minor,No__of_Major,No__of_Fatal,X,Y,Latitude,Longitude,ObjectId
17--306,1/6/2017,8:53 AM,TENTH LINE RD btwn OLD TENTH LINE RD & TOMPKINS AVE (__3ZBPKU),__3ZBPKU,01 - Non intersection,02 - Non-fatal injury,03 - Rear end,01 - Clear,01 - Daylight,06 - Ice,10 - No control,,2,0,0,0,01 - Minimal,1,1,,,,383180.6875,5037988.889,45.47742548,-75.49745111,6539
17--3060,3/14/2017,5:30 PM,CEDARVIEW RD @ WEST HUNT CLUB RD (0010267),10267,02 - Intersection related,03 - P.D. only,03 - Rear end,03 - Snow,01 - Daylight,03 - Loose snow,01 - Traffic signal,01 - Functioning,2,0,0,0,,0,,,,,359718.343,5019554.478,45.31379374,-75.79957717,6540
17--3061,3/14/2017,5:35 PM,DUNNING RD btwn FRENCH HILL RD & INNES RD (__3ZBOGY),__3ZBOGY,01 - Non intersection,03 - P.D. only,01 - Approaching,03 - Snow,05 - Dusk,06 - Ice,10 - No control,,2,0,0,0,,0,,,,,391818.2495,5038969.791,45.48522741,-75.38681624,6541
17--3062,3/14/2017,5:58 PM,DUNROBIN RD btwn CONSTANCE BAY RD & KINBURN SIDE RD (__3ZA3FF),__3ZA3FF,01 - Non intersection,03 - P.D. only,07 - SMV other,03 - Snow,05 - Dusk,03 - Loose snow,10 - No control,,1,0,0,0,,0,,,,,336835.5427,5037151.761,45.47355749,-76.09026922,6542
17--3063,3/14/2017,6:01 PM,FIRST ST @ ST. JOSEPH BLVD (0004058),4058,03 - At intersection,03 - P.D. only,07 - SMV other,03 - Snow,05 - Dusk,03 - Loose snow,02 - Stop sign,01 - Functioning,1,0,0,0,,0,,,,,383646.0239,5039063.36,45.48704017,-75.49132752,6543
17--2443,2/24/2017,7:29 PM,PERTH ST btwn SHEA RD & EAGLESON RD (__3ZA4YB),__3ZA4YB,04 - At/near private drive,03 - P.D. only,03 - Rear end,02 - Rain,07 - Dark,02 - Wet,10 - No control,,2,0,0,0,,0,,,,,357620.068,5007056.616,45.20149649,-75.82766496,6544
17--2617,3/2/2017,7:04 PM,TERRY FOX DR @ PALLADIUM DR/KATIMAVIK RD (0011858),11858,02 - Intersection related,03 - P.D. only,03 - Rear end,01 - Clear,07 - Dark,01 - Dry,01 - Traffic signal,01 - Functioning,2,0,0,0,,0,,,,,351269.3836,5018180.437,45.30203973,-75.90745684,6545
17--2889,3/9/2017,1:49 PM,BARRETTE ST @ ST. CHARLES ST (0010059),10059,03 - At intersection,02 - Non-fatal injury,02 - Angle,01 - Clear,01 - Daylight,01 - Dry,02 - Stop sign,01 - Functioning,2,0,0,0,02 - Minor,2,1,1,,,369470.3801,5033731.944,45.44052784,-75.67335599,6546
17--2444,2/24/2017,7:30 AM,ST. LAURENT BLVD btwn MCARTHUR AVE & DONALD ST (__3ZBOF4),__3ZBOF4,04 - At/near private drive,03 - P.D. only,02 - Angle,01 - Clear,01 - Daylight,01 - Dry,10 - No control,,2,0,0,0,,0,,,,,372006.6768,5032678,45.43080574,-75.64108346,6547
17--3161,3/16/2017,3:55 PM,EAGLESON RD btwn FALLOWFIELD RD & AKINS RD (__3ZA418),__3ZA418,01 - Non intersection,03 - P.D. only,07 - SMV other,01 - Clear,01 - Daylight,06 - Ice,10 - No control,,1,0,0,0,,0,,,,,355986.7177,5012538.887,45.25094802,-75.84789034,6548
17--3078,3/14/2017,9:05 AM,MCCLURE CRES btwn MCCLINTOCK WAY & CHIMO DR (2) (__3ZBNCK),__3ZBNCK,04 - At/near private drive,03 - P.D. only,06 - SMV unattended vehicle,03 - Snow,01 - Daylight,03 - Loose snow,10 - No control,,1,0,0,0,,0,,,,,352185.0597,5019077.204,45.31004789,-75.89569573,6549
17--2618,3/2/2017,7:11 AM,MACDONALD-CARTIER BR btwn RAMP & END (2) (__3ZA3UC),__3ZA3UC,07 - Overpass or bridge,03 - P.D. only,03 - Rear end,03 - Snow,01 - Daylight,06 - Ice,10 - No control,,2,0,0,0,,0,,,,,367421.1446,5033210.156,45.43601953,-75.69961395,6550
17--2619,3/2/2017,7:25 AM,HIGHWAY 7 btwn TO BE DETERMINED & RAMP (__7JQ7L1),__7JQ7L1,01 - Non intersection,03 - P.D. only,04 - Sideswipe,03 - Snow,01 - Daylight,05 - Packed snow,10 - No control,,2,0,0,0,,0,,,,,346152.3986,5011692.86,45.2439817,-75.97324223,6551
17--262,1/6/2017,10:31 AM,KIRKWOOD AVE @ MERIVALE RD (0002243),2243,02 - Intersection related,03 - P.D. only,04 - Sideswipe,01 - Clear,01 - Daylight,05 - Packed snow,01 - Traffic signal,01 - Functioning,2,0,0,0,,0,,,,,364854.0608,5026646.281,45.37718445,-75.73322136,6552
17--2620,3/2/2017,7:32 PM,REGIONAL ROAD 174 EB btwn OR174 IC109 RAMP55 & TRANSIT (__3ZA28V),__3ZA28V,01 - Non intersection,03 - P.D. only,03 - Rear end,02 - Rain,07 - Dark,02 - Wet,10 - No control,,2,0,0,0,,0,,,,,376512.4426,5035066.547,45.45184889,-75.58315789,6553
17--2621,3/2/2017,7:57 AM,BOWESVILLE RD @ RIDEAU RD (0009410),9410,03 - At intersection,03 - P.D. only,02 - Angle,03 - Snow,01 - Daylight,06 - Ice,02 - Stop sign,01 - Functioning,2,0,0,0,,0,,,,,373362.7386,5015566.453,45.276711,-75.62612763,6554
17--2622,3/2/2017,8:33 AM,STRANDHERD DR btwn KENNEVALE DR & Continuation of STRANDHERD DR (__3ZAZYY),__3ZAZYY,01 - Non intersection,02 - Non-fatal injury,03 - Rear end,03 - Snow,01 - Daylight,03 - Loose snow,10 - No control,,2,0,0,0,02 - Minor,1,,1,,,361523.0831,5014036.92,45.264003,-75.77719239,6555
17--2623,3/2/2017,8:34 AM,AVIATION PKWY btwn AVIATION PKWY & TO BE DETERMINED (__3ZA2SQ),__3ZA2SQ,01 - Non intersection,03 - P.D. only,07 - SMV other,06 - Strong wind,01 - Daylight,02 - Wet,10 - No control,,1,0,0,0,,0,,,,,372662.0163,5032900,45.43273991,-75.63267844,6556
17--2624,3/2/2017,8:37 AM,HIGHWAY 417 btwn HWY417 IC180 RAMP35 & HWY417 IC169 RAMP51 (__5SO6CL),__5SO6CL,01 - Non intersection,03 - P.D. only,07 - SMV other,03 - Snow,01 - Daylight,05 - Packed snow,10 - No control,,1,0,0,0,,0,,,,,318293.3054,5030972.636,45.41855924,-76.32758987,6557
17--2625,3/2/2017,9:07 AM,MEADOWLANDS DR/TALLWOOD DR @ WOODROFFE AVE (0000095),95,02 - Intersection related,03 - P.D. only,03 - Rear end,03 - Snow,01 - Daylight,05 - Packed snow,01 - Traffic signal,01 - Functioning,2,0,0,0,,0,,,,,363057.0241,5022729.825,45.3420963,-75.75662583,6558
17--2626,3/2/2017,9:10 AM,ROGER STEVENS DR btwn HWY416 IC49 RAMP24 & SECOND LINE RD S (__3ZAZFF),__3ZAZFF,01 - Non intersection,03 - P.D. only,07 - SMV other,03 - Snow,01 - Daylight,06 - Ice,10 - No control,,1,0,0,0,,0,,,,,369464.4934,5001124.866,45.1471355,-75.67768258,6559
17--2627,3/2/2017,9:15 AM,TERRY FOX DR @ EDGEWATER ST/WALTER BAKER PL (0002699),2699,02 - Intersection related,03 - P.D. only,03 - Rear end,03 - Snow,01 - Daylight,06 - Ice,01 - Traffic signal,01 - Functioning,2,0,0,0,,0,,,,,351776.2178,5017609.991,45.296873,-75.90104846,6560
17--2628,3/2/2017,9:30 AM,RICHMOND RD btwn CROYDON AVE & ASSALY RD (__3ZA2XS),__3ZA2XS,01 - Non intersection,03 - P.D. only,03 - Rear end,03 - Snow,01 - Daylight,02 - Wet,10 - No control,,2,0,0,0,,0,,,,,360689.2057,5025488.401,45.36711051,-75.78652553,6561
17--2629,3/2/2017,9:31 AM,REGIONAL RD 174 WB btwn REGIONAL RD 174 & TRIM RD (__3ZA11L),__3ZA11L,01 - Non intersection,03 - P.D. only,03 - Rear end,01 - Clear,01 - Daylight,06 - Ice,10 - No control,,2,0,0,0,,0,,,,,384436.4687,5040047.866,45.49580806,-75.48105728,6562
17--263,1/6/2017,10:39 AM,CARLING AVE @ SCHNEIDER RD (0003192),3192,02 - Intersection related,03 - P.D. only,03 - Rear end,01 - Clear,01 - Daylight,02 - Wet,02 - Stop sign,00 - Unknown,2,0,0,0,,0,,,,,351622.0516,5022239.072,45.33853685,-75.90257643,6563
17--2630,3/2/2017,9:37 AM,SPARKLING LAKE WAY btwn OLD PRESCOTT RD & Continuation of SPARKLING LA (__5RGNXH),__5RGNXH,01 - Non intersection,03 - P.D. only,02 - Angle,05 - Drifting Snow,01 - Daylight,05 - Packed snow,10 - No control,,2,0,0,0,,0,,,,,377427.0466,5014659.735,45.26814462,-75.57446486,6564
17--2631,3/2/2017,9:41 PM,WOODROFFE AVE btwn GRENFELL CRES & 260 N OF FALLOWFIELD RD/TRANSITWAY  (__3ZA3IO),__3ZA3IO,01 - Non intersection,03 - P.D. only,03 - Rear end,01 - Clear,07 - Dark,01 - Dry,10 - No control,,2,0,0,0,,0,,,,,364973.4509,5018187.321,45.3010615,-75.73272583,6565
17--2632,3/3/2017,1:05 PM,CRICHTON ST btwn VAUGHAN ST & ST. PATRICK ST (__3ZA8V4),__3ZA8V4,04 - At/near private drive,03 - P.D. only,02 - Angle,01 - Clear,01 - Daylight,01 - Dry,10 - No control,,2,0,0,0,,0,,,,,369110.4605,5033503.781,45.43850812,-75.67798597,6566
17--2633,3/3/2017,1:40 PM,HIGHWAY 7 btwn OVERPASS RD & RAMP (__7JQ7LY),__7JQ7LY,01 - Non intersection,03 - P.D. only,07 - SMV other,01 - Clear,01 - Daylight,01 - Dry,10 - No control,,1,0,0,0,,0,,,,,340506.6023,5005518.134,45.18872685,-76.04560017,6567
17--2634,3/3/2017,1:41 PM,ALPINE AVE @ CARLING AVE (0011382),11382,03 - At intersection,03 - P.D. only,02 - Angle,01 - Clear,01 - Daylight,01 - Dry,01 - Traffic signal,01 - Functioning,2,0,0,0,,0,,,,,360497.6803,5024941.85,45.36220792,-75.78903193,6568
17--2635,3/3/2017,10:15 AM,VANIER PKWY/CRICHTON ST @ BEECHWOOD AVE/ST. PA (0001604),1604,02 - Intersection related,03 - P.D. only,99 - Other,01 - Clear,01 - Daylight,01 - Dry,01 - Traffic signal,01 - Functioning,2,0,0,0,,0,,,,,369128.4011,5033487.179,45.43835709,-75.67775885,6569
17--2636,3/3/2017,11:42 AM,BAYSHORE DR btwn WOODRIDGE CRES S & BAYSHORE CS (__3ZAA4OB),__3ZAA4OB,01 - Non intersection,03 - P.D. only,05 - Turning movement,01 - Clear,01 - Daylight,01 - Dry,10 - No control,,2,0,0,0,,0,,,,,359178.4851,5023615.861,45.35038024,-75.80601576,6570
17--2637,3/3/2017,11:48 AM,CUMMINGS AVE btwn CLARKE AVE & QUEBEC ST (__3ZA7RC),__3ZA7RC,01 - Non intersection,03 - P.D. only,03 - Rear end,01 - Clear,01 - Daylight,01 - Dry,10 - No control,,2,0,0,0,,0,,,,,372210.5936,5033529.577,45.4384482,-75.63836105,6571
17--2638,3/3/2017,12:06 AM,BYRON AVE @ HOLLAND AVE (0005636),5636,02 - Intersection related,03 - P.D. only,07 - SMV other,01 - Clear,07 - Dark,01 - Dry,02 - Stop sign,00 - Unknown,1,0,0,0,,0,,,,,365015.7036,5028960.562,45.39799402,-75.73087531,6572
17--2639,3/3/2017,12:11 AM,HIGHWAY 417 btwn HWY417 IC134 RAMP25 & HWY417 IC131 RAMP53 (__3ZA2LE),__3ZA2LE,01 - Non intersection,03 - P.D. only,07 - SMV other,01 - Clear,07 - Dark,01 - Dry,10 - No control,,1,0,0,0,,0,,,,,357436.0537,5022633.641,45.34167511,-75.82835583,6573
17--264,1/6/2017,10:50 PM,HIGHWAY 417 btwn HWY417 IC118 RAMP76 & HWY417 IC118 RAMP67 (__3ZA2YR),__3ZA2YR,01 - Non intersection,03 - P.D. only,03 - Rear end,01 - Clear,07 - Dark,01 - Dry,10 - No control,,3,0,0,0,,0,,,,,369429.8837,5031041.116,45.41632056,-75.67422671,6574
17--2640,3/3/2017,12:18 PM,DORION AVE btwn ALTA VISTA DR & BLAIR ST (__3ZA96S),__3ZA96S,04 - At/near private drive,03 - P.D. only,02 - Angle,01 - Clear,01 - Daylight,01 - Dry,10 - No control,,2,0,0,0,,0,,,,,370761.4402,5030107.511,45.4077961,-75.65734023,6575
17--2641,3/3/2017,12:18 PM,TENTH LINE RD @ CHARLEMAGNE BLVD N/TOMPKINS AV (0009222),9222,02 - Intersection related,03 - P.D. only,04 - Sideswipe,01 - Clear,01 - Daylight,01 - Dry,01 - Traffic signal,01 - Functioning,2,0,0,0,,0,,,,,383184.9332,5037979.889,45.47734402,-75.49739825,6576
17--2642,3/3/2017,2:10 AM,PRINCE OF WALES DR @ STRANDHERD DR (0013339),13339,02 - Intersection related,03 - P.D. only,07 - SMV other,01 - Clear,07 - Dark,01 - Dry,01 - Traffic signal,01 - Functioning,1,0,0,0,,0,,,,,367174.7758,5014824.057,45.27060716,-75.70508211,6577
17--2643,3/3/2017,2:30 PM,MERIVALE RD btwn CLYDE AVE & RITA AVE (__3ZA4H7),__3ZA4H7,01 - Non intersection,03 - P.D. only,04 - Sideswipe,01 - Clear,01 - Daylight,01 - Dry,10 - No control,,2,0,0,0,,0,,,,,364547.5212,5024452.567,45.35747195,-75.73740024,6578
17--2644,3/3/2017,2:32 PM,EARL ARMSTRONG RD @ BOWESVILLE RD (0009411),9411,03 - At intersection,03 - P.D. only,02 - Angle,01 - Clear,01 - Daylight,01 - Dry,02 - Stop sign,01 - Functioning,2,0,0,0,,0,,,,,372561.2505,5017440.464,45.29365058,-75.63608597,6579
17--2645,3/3/2017,2:42 PM,MANN AVE btwn TURN LANE & RUSSELL AVE (__3ZBOFH),__3ZBOFH,01 - Non intersection,03 - P.D. only,04 - Sideswipe,01 - Clear,01 - Daylight,01 - Dry,10 - No control,,2,0,0,0,,0,,,,,369446.2998,5031487.859,45.42033867,-75.67395837,6580
17--2646,3/3/2017,3:55 PM,FISHER AVE @ DEER PARK RD/DYNES RD (0002341),2341,02 - Intersection related,03 - P.D. only,04 - Sideswipe,01 - Clear,01 - Daylight,01 - Dry,01 - Traffic signal,01 - Functioning,2,0,0,0,,0,,,,,366407.2,5025457.565,45.36635379,-75.71354078,6581
17--2647,3/3/2017,4:25 PM,LAURIER AVE @ NICHOLAS ST (0010711),10711,03 - At intersection,03 - P.D. only,02 - Angle,01 - Clear,01 - Daylight,02 - Wet,01 - Traffic signal,01 - Functioning,2,0,0,0,,0,,,,,368374.6403,5031798.27,45.42322984,-75.68761043,6582
17--2648,3/3/2017,4:33 PM,BRONSON AVE @ COMMISSIONER ST/SLATER ST (0001679),1679,03 - At intersection,03 - P.D. only,04 - Sideswipe,01 - Clear,01 - Daylight,01 - Dry,01 - Traffic signal,01 - Functioning,2,0,0,0,,0,,,,,366769.7087,5030947.899,45.41572248,-75.70822404,6583
17--2649,3/3/2017,4:44 PM,SHEFFIELD RD @ WALKLEY RD (0005156),5156,02 - Intersection related,03 - P.D. only,03 - Rear end,01 - Clear,01 - Daylight,01 - Dry,01 - Traffic signal,01 - Functioning,3,0,0,0,,0,,,,,375257.4007,5028785.877,45.39546658,-75.60009989,6584
17--265,1/6/2017,11:02 AM,BURNSIDE AVE btwn HINCHEY AVE & CARRUTHERS AVE (__3ZA0WM),__3ZA0WM,01 - Non intersection,03 - P.D. only,99 - Other,03 - Snow,01 - Daylight,02 - Wet,10 - No control,,2,0,0,0,,0,,,,,365008.4356,5030191.145,45.40906715,-75.73081788,6585
17--2650,3/3/2017,4:58 PM,HWY417 IC138 RAMP25 btwn EAGLESON RD & EAGLESON RD (__3ZAY5H),__3ZAY5H,01 - Non intersection,03 - P.D. only,03 - Rear end,01 - Clear,01 - Daylight,01 - Dry,10 - No control,,3,0,0,0,,0,,,,,353034.1711,5020032.517,45.31858619,-75.88477458,6586
17--2651,3/3/2017,5:10 PM,HIGHWAY 417 btwn HWY417 IC138 RAMP61 & HWY417 IC134 RAMP36 (__3ZA20I),__3ZA20I,07 - Overpass or bridge,03 - P.D. only,03 - Rear end,01 - Clear,01 - Daylight,01 - Dry,10 - No control,,2,0,0,0,,0,,,,,354791.4594,5021319.65,45.33004508,-75.86223184,6587
17--2652,3/3/2017,5:15 PM,HERZBERG RD @ MARCH RD (0003170),3170,02 - Intersection related,02 - Non-fatal injury,03 - Rear end,01 - Clear,01 - Daylight,01 - Dry,01 - Traffic signal,01 - Functioning,2,0,0,0,02 - Minor,1,,1,,,352323.9567,5021527.151,45.33208365,-75.89368937,6588
17--2653,3/3/2017,5:19 PM,HAWTHORNE RD btwn HUNT CLUB RD & HAWTHORNE RD (__3ZA8MK),__3ZA8MK,01 - Non intersection,03 - P.D. only,05 - Turning movement,01 - Clear,01 - Daylight,01 - Dry,10 - No control,,2,0,0,0,,0,,,,,375518.7867,5026381.78,45.37380937,-75.59710624,6589
17--2654,3/3/2017,5:30 PM,HERZBERG RD @ CARLING AVE (0003193),3193,02 - Intersection related,03 - P.D. only,03 - Rear end,01 - Clear,01 - Daylight,01 - Dry,01 - Traffic signal,01 - Functioning,2,0,0,0,,0,,,,,352037.9545,5022300.493,45.33906164,-75.89726417,6590
17--2655,3/3/2017,5:31 AM,MARCH RD btwn HWY417 IC155 RAMP36 & DIAMONDVIEW RD (__3ZA1M1),__3ZA1M1,01 - Non intersection,03 - P.D. only,07 - SMV other,03 - Snow,07 - Dark,05 - Packed snow,10 - No control,,1,0,0,0,,0,,,,,340000.3285,5019728.46,45.31662463,-76.05103638,6591
17--2656,3/3/2017,5:37 PM,HUNT CLUB RD/AIRPORT PKWY/HUNT CLUB RD RAMP 53 (0010853),10853,02 - Intersection related,02 - Non-fatal injury,07 - SMV other,01 - Clear,01 - Daylight,01 - Dry,02 - Stop sign,01 - Functioning,1,0,0,1,01 - Minimal,1,1,,,,370949.2972,5023662.864,45.34979171,-75.655804,6592
17--2657,3/3/2017,5:44 PM,MARCH RD btwn HERZBERG RD & CORKSTOWN RD (__3ZA2XV),__3ZA2XV,01 - Non intersection,02 - Non-fatal injury,03 - Rear end,01 - Clear,05 - Dusk,01 - Dry,10 - No control,,3,0,0,0,02 - Minor,1,,1,,,352610.4559,5020991.847,45.32724742,-75.89008612,6593
17--2658,3/3/2017,6:15 PM,HUNT CLUB RD @ RIVERSIDE DR (0002237),2237,02 - Intersection related,03 - P.D. only,03 - Rear end,01 - Clear,05 - Dusk,02 - Wet,01 - Traffic signal,01 - Functioning,2,0,0,0,,0,,,,,368037.7063,5021945.499,45.33460779,-75.6931774,6594
17--2659,3/3/2017,6:30 PM,DALY AVE @ NICHOLAS ST (0011451),11451,03 - At intersection,03 - P.D. only,05 - Turning movement,01 - Clear,07 - Dark,04 - Slush,01 - Traffic signal,01 - Functioning,2,0,0,0,,0,,,,,368228.0355,5032046.574,45.42547731,-75.68945166,6595
17--266,1/6/2017,11:04 AM,BANK ST @ HUNT CLUB RD (0002119),2119,02 - Intersection related,03 - P.D. only,03 - Rear end,01 - Clear,01 - Daylight,06 - Ice,01 - Traffic signal,01 - Functioning,2,0,0,0,,0,,,,,371607.0198,5024094.789,45.35361568,-75.64735273,6596
17--2660,3/3/2017,7:00 PM,FLORA ST btwn KENT ST & BANK ST (__3ZA97D),__3ZA97D,01 - Non intersection,03 - P.D. only,06 - SMV unattended vehicle,01 - Clear,05 - Dusk,01 - Dry,10 - No control,,1,0,0,0,,0,,,,,367915.6226,5030378.353,45.41049546,-75.69365728,6597
17--2661,3/3/2017,7:06 AM,AXIS WAY btwn COMPASS ST & LYNN VALLEY TERR (e___2JZC),e___2JZC,04 - At/near private drive,03 - P.D. only,06 - SMV unattended vehicle,01 - Clear,03 - Dawn,01 - Dry,10 - No control,,1,0,0,0,,0,,,,,382138.6414,5033613.723,45.43817761,-75.51146579,6598
17--2662,3/3/2017,7:08 PM,DILWORTH RD btwn FOURTH LINE RD & HWY416 IC42 RAMP34 (__3ZAZJA),__3ZAZJA,01 - Non intersection,03 - P.D. only,07 - SMV other,01 - Clear,07 - Dark,01 - Dry,10 - No control,,1,0,0,0,,0,,,,,371045.0278,4994896.146,45.0909426,-75.65840995,6599
17--2663,3/3/2017,7:14 PM,BANK ST @ WALKLEY RD (0011423),11423,02 - Intersection related,03 - P.D. only,03 - Rear end,01 - Clear,07 - Dark,01 - Dry,01 - Traffic signal,01 - Functioning,2,0,0,0,,0,,,,,370338.8553,5025947.066,45.37040157,-75.66329072,6600
17--2664,3/3/2017,7:15 PM,CYRVILLE RD @ OGILVIE RD (0003554),3554,03 - At intersection,02 - Non-fatal injury,07 - SMV other,01 - Clear,07 - Dark,01 - Dry,01 - Traffic signal,01 - Functioning,1,0,0,1,02 - Minor,1,,1,,,372453.3847,5032007.576,45.42473052,-75.63546718,6601
17--2665,3/3/2017,7:30 AM,JOCKVALE RD btwn GOLFLINKS DR & PRINCE OF WALES DR (__3ZA4J7),__3ZA4J7,01 - Non intersection,03 - P.D. only,01 - Approaching,01 - Clear,01 - Daylight,01 - Dry,10 - No control,,2,0,0,0,,0,,,,,366107.7619,5012579.248,45.25050225,-75.7189561,6602
17--2666,3/3/2017,7:34 AM,ROGER STEVENS DR btwn DWYER HILL RD & MALAKOFF RD (__3ZA4ZQ),__3ZA4ZQ,01 - Non intersection,03 - P.D. only,07 - SMV other,01 - Clear,01 - Daylight,01 - Dry,10 - No control,,1,0,0,0,,0,,,,,355609.4035,4990433.433,45.05206135,-75.85494475,6603
17--2667,3/3/2017,8:16 PM,MERIVALE RD btwn SUMMERVILLE AVE & MAYVIEW AVE (__3ZBOC6),__3ZBOC6,01 - Non intersection,03 - P.D. only,03 - Rear end,01 - Clear,07 - Dark,01 - Dry,10 - No control,,2,0,0,0,,0,,,,,364876.3738,5026432.483,45.37525882,-75.7329625,6604
17--2668,3/3/2017,8:45 AM,MERIVALE RD btwn 170 N OF WEST HUNT CLUB RD/COSTCO SC & WEST HUNT CLUB (__3ZA33DB),__3ZA33DB,01 - Non intersection,03 - P.D. only,04 - Sideswipe,03 - Snow,01 - Daylight,03 - Loose snow,10 - No control,,2,0,0,0,,0,,,,,365600.7057,5021972.294,45.33506429,-75.72426383,6605
17--2669,3/3/2017,9:31 AM,HWY 417 RIVERSID IC117R53 @ RIVERSIDE DR (0010789),10789,02 - Intersection related,02 - Non-fatal injury,03 - Rear end,01 - Clear,01 - Daylight,01 - Dry,03 - Yield sign,01 - Functioning,2,0,0,0,01 - Minimal,1,1,,,,370770.3055,5030914.236,45.41505385,-75.65711902,6606
17--267,1/6/2017,11:15 AM,MERIVALE RD btwn CLEOPATRA DR & SLACK RD (__3ZBOG3),__3ZBOG3,04 - At/near private drive,03 - P.D. only,05 - Turning movement,01 - Clear,01 - Daylight,02 - Wet,10 - No control,,2,0,0,0,,0,,,,,365966.9853,5021083.14,45.32703196,-75.71970089,6607
17--2670,3/3/2017,9:51 AM,LAURIER AVE   W btwn KENT ST & BANK ST (__3ZA344),__3ZA344,04 - At/near private drive,03 - P.D. only,05 - Turning movement,01 - Clear,01 - Daylight,01 - Dry,10 - No control,,2,0,0,0,,0,,,,,367439.5632,5031241.508,45.41830463,-75.69962894,6608
17--2671,3/3/2017,9:55 PM,HARVEST VALLEY AVE/SWEETVALLEY DR @ TENTH LINE RD (0013489),13489,03 - At intersection,03 - P.D. only,02 - Angle,01 - Clear,07 - Dark,01 - Dry,02 - Stop sign,01 - Functioning,2,0,0,0,,0,,,,,384697.1996,5034388.902,45.44486428,-75.47864187,6609
17--2672,3/4/2017,10:41 PM,TAMBLYN CRES btwn DRESSLER DR & DRESSLER DR (__3ZAB34),__3ZAB34,01 - Non intersection,03 - P.D. only,07 - SMV other,01 - Clear,07 - Dark,01 - Dry,10 - No control,,1,0,0,0,,0,,,,,352456.8986,5018257.631,45.30265478,-75.89230795,6610
17--2673,3/4/2017,10:42 AM,BRIDGE ST/MAPLE AVE @ MANOTICK MAIN ST (0008225),8225,02 - Intersection related,03 - P.D. only,03 - Rear end,01 - Clear,01 - Daylight,01 - Dry,01 - Traffic signal,01 - Functioning,2,0,0,0,,0,,,,,368701.3751,5009932.389,45.22645525,-75.6862575,6611
17--2674,3/4/2017,10:48 PM,HAWTHORNE RD @ HUNT CLUB RD (0007651),7651,02 - Intersection related,02 - Non-fatal injury,03 - Rear end,01 - Clear,07 - Dark,01 - Dry,01 - Traffic signal,01 - Functioning,2,0,0,0,01 - Minimal,2,2,,,,375507.2404,5026408.567,45.37405155,-75.59724981,6612
17--2675,3/4/2017,Unknown,WHITBURN CRES btwn HEXHAM RD & MARSDEN PL (2) (__3ZAA38),__3ZAA38,01 - Non intersection,03 - P.D. only,06 - SMV unattended vehicle,01 - Clear,00 - Unknown,01 - Dry,10 - No control,,1,0,0,0,,0,,,,,357326.6804,5023458.64,45.3491067,-75.82966374,6613
17--2676,3/4/2017,12:05 PM,FOURTH LINE RD btwn COMMUNITY WAY & WILLISBROOK DR (__3ZA4KY),__3ZA4KY,04 - At/near private drive,03 - P.D. only,05 - Turning movement,01 - Clear,01 - Daylight,01 - Dry,10 - No control,,2,0,0,0,,0,,,,,366765.5191,4999011.404,45.12836019,-75.71226314,6614
17--2677,3/4/2017,12:22 PM,MONTREAL RD @ FOXVIEW PL/DESLOGES PRIV (0008207),8207,02 - Intersection related,03 - P.D. only,03 - Rear end,01 - Clear,01 - Daylight,01 - Dry,02 - Stop sign,01 - Functioning,2,0,0,0,,0,,,,,372909.1578,5034447.409,45.44663868,-75.62930604,6615
17--2678,3/4/2017,12:24 PM,GREY'S CREEK RD @ SNAKE ISLAND RD (0005705),5705,02 - Intersection related,03 - P.D. only,07 - SMV other,01 - Clear,01 - Daylight,01 - Dry,02 - Stop sign,01 - Functioning,1,0,0,0,,0,,,,,381964.118,5009057.414,45.21725451,-75.51752348,6616
17--2679,3/4/2017,12:30 AM,OGILVIE RD @ BATHGATE DR/CITYPARK DR W (0012430),12430,03 - At intersection,03 - P.D. only,07 - SMV other,03 - Snow,07 - Dark,06 - Ice,01 - Traffic signal,01 - Functioning,1,0,0,0,,0,,,,,373829.0566,5032799.908,45.43172511,-75.61777868,6617
17--268,1/6/2017,11:18 AM,MACKENZIE AVE @ MURRAY ST (0011914),11914,03 - At intersection,03 - P.D. only,02 - Angle,01 - Clear,01 - Daylight,02 - Wet,01 - Traffic signal,01 - Functioning,2,0,0,0,,0,,,,,367639.7031,5032383.586,45.42856273,-75.69692623,6618
17--2680,3/4/2017,12:39 AM,PALLADIUM DR btwn CYCLONE TAYLOR BLVD & SILVER SEVEN RD (__3ZA561),__3ZA561,01 - Non intersection,03 - P.D. only,03 - Rear end,01 - Clear,07 - Dark,01 - Dry,10 - No control,,2,0,0,0,,0,,,,,350246.4507,5017580.818,45.29671111,-75.9205548,6619
17--2681,3/4/2017,12:42 PM,COLONEL BY DR @ UNIVERSITY RD - CARLETON (0007131),7131,02 - Intersection related,02 - Non-fatal injury,03 - Rear end,01 - Clear,01 - Daylight,01 - Dry,01 - Traffic signal,01 - Functioning,2,0,0,0,02 - Minor,1,,1,,,367327.6909,5026864.713,45.37893346,-75.70161307,6620
17--2682,3/4/2017,12:48 PM,RIVERSIDE DR NB btwn INDUSTRIAL AVE & TREMBLAY RD (__3ZA4SE),__3ZA4SE,01 - Non intersection,02 - Non-fatal injury,03 - Rear end,01 - Clear,01 - Daylight,01 - Dry,10 - No control,,2,0,0,0,01 - Minimal,2,2,,,,370772.9811,5030873.433,45.41468647,-75.6570903,6621