Anom_ID,Accident_Date,Accident_Time,Location,Geo_ID,Accident_Location,Classification_of_Accident,Initial_Impact_Type,Environment_Condition,Light,Road_Surface_Condition,Traffic_Control,Traffic_Control_Condition,No__of_Vehicles,No__of_Bicycles,No__of_Motorcycles,No__of_Pedestrians,Max_Injury,No__of_Injuries,No__of_Minimal,No__of_Minor,No__of_Major,No__of_Fatal,X,Y,Latitude,Longitude,ObjectId
17--2683,3/4/2017,12:58 PM,LAURIER AVE   W btwn BRONSON AVE & PERCY ST (__3ZA33Z),__3ZA33Z,01 - Non intersection,03 - P.D. only,07 - SMV other,01 - Clear,01 - Daylight,01 - Dry,10 - No control,,1,0,0,0,,0,,,,,366889.0385,5030910.574,45.41537606,-75.70670423,6622
17--2684,3/4/2017,2:34 PM,HUNT CLUB RD @ UPLANDS DR (0010844),10844,02 - Intersection related,03 - P.D. only,03 - Rear end,01 - Clear,01 - Daylight,01 - Dry,01 - Traffic signal,01 - Functioning,3,0,0,0,,0,,,,,370157.0617,5023120.823,45.34498885,-75.66598504,6623
17--2685,3/4/2017,2:45 PM,WEST HUNT CLUB RD @ WOODROFFE AVE (0000576),576,02 - Intersection related,02 - Non-fatal injury,03 - Rear end,01 - Clear,01 - Daylight,01 - Dry,01 - Traffic signal,01 - Functioning,3,0,0,0,02 - Minor,1,,1,,,363671.6943,5021247.158,45.32870406,-75.74895953,6624
17--2686,3/4/2017,3:00 PM,BLOHM DR @ HUNT CLUB RD (0011392),11392,02 - Intersection related,02 - Non-fatal injury,03 - Rear end,01 - Clear,01 - Daylight,01 - Dry,01 - Traffic signal,01 - Functioning,4,0,0,0,02 - Minor,1,,1,,,375130.7493,5026188.849,45.37211252,-75.60208732,6625
17--2687,3/4/2017,3:40 AM,BRIAN COBURN BLVD @ TENTH LINE RD (0013966),13966,02 - Intersection related,03 - P.D. only,07 - SMV other,04 - Freezing Rain,07 - Dark,02 - Wet,01 - Traffic signal,01 - Functioning,1,0,0,0,,0,,,,,384428.3389,5035022.308,45.45059377,-75.48197576,6626
17--2688,3/4/2017,4:20 AM,HWY417 IC104 RAMP16 btwn ANDERSON RD & HIGHWAY 417 (__3ZAY0F),__3ZAY0F,01 - Non intersection,03 - P.D. only,07 - SMV other,01 - Clear,07 - Dark,01 - Dry,10 - No control,,1,0,0,0,,0,,,,,380187.5153,5026066.21,45.37048336,-75.53755516,6627
17--2689,3/4/2017,4:23 PM,DONALD ST @ ST. LAURENT BLVD (0008630),8630,02 - Intersection related,03 - P.D. only,04 - Sideswipe,01 - Clear,01 - Daylight,01 - Dry,01 - Traffic signal,00 - Unknown,2,0,0,0,,0,,,,,372093.2395,5032473.768,45.42895983,-75.6400052,6628
17--269,1/6/2017,11:39 AM,GREENBANK RD @ MARKETPLACE AVE (0010406),10406,02 - Intersection related,02 - Non-fatal injury,03 - Rear end,01 - Clear,01 - Daylight,01 - Dry,01 - Traffic signal,01 - Functioning,2,0,0,0,01 - Minimal,1,1,,,,364009.2143,5014600.473,45.26886899,-75.74544778,6629
17--2690,3/4/2017,4:25 PM,MEADOWLANDS DR/TALLWOOD DR @ WOODROFFE AVE (0000095),95,02 - Intersection related,03 - P.D. only,03 - Rear end,01 - Clear,01 - Daylight,01 - Dry,01 - Traffic signal,01 - Functioning,2,0,0,0,,0,,,,,363056.3552,5022729.825,45.34209636,-75.75663436,6630
17--2691,3/4/2017,5:06 PM,MARKETPLACE AVE @ RIOCAN AVE (0010995),10995,02 - Intersection related,03 - P.D. only,04 - Sideswipe,01 - Clear,01 - Daylight,01 - Dry,02 - Stop sign,01 - Functioning,2,0,0,0,,0,,,,,364287.2114,5014761.595,45.27029531,-75.74188604,6631
17--2692,3/4/2017,5:12 PM,DALY AVE @ FRIEL ST (0008521),8521,03 - At intersection,03 - P.D. only,02 - Angle,01 - Clear,01 - Daylight,01 - Dry,02 - Stop sign,03 - Obscured,2,0,0,0,,0,,,,,368852.377,5032431.253,45.42888161,-75.68142398,6632
17--2693,3/4/2017,5:22 PM,BILBERRY DR btwn DU BOIS AVE S & JEANNE D'ARC BLVD N (__3ZA6AD),__3ZA6AD,01 - Non intersection,02 - Non-fatal injury,06 - SMV unattended vehicle,01 - Clear,01 - Daylight,01 - Dry,10 - No control,,1,0,0,0,02 - Minor,1,,1,,,380842.1699,5037995.947,45.47774757,-75.52735704,6633
17--2694,3/4/2017,5:24 AM,FALLOWFIELD RD @ TRANSITWAY/VIARAIL (0012845),12845,02 - Intersection related,03 - P.D. only,07 - SMV other,01 - Clear,07 - Dark,01 - Dry,01 - Traffic signal,01 - Functioning,1,0,0,0,,0,,,,,364466.3009,5017548.63,45.29535784,-75.7392688,6634
17--2695,3/4/2017,5:35 PM,KENT ST btwn GLOUCESTER ST & NEPEAN ST (__3ZA3CP),__3ZA3CP,01 - Non intersection,02 - Non-fatal injury,07 - SMV other,01 - Clear,01 - Daylight,01 - Dry,10 - No control,,1,0,0,1,01 - Minimal,1,1,,,,367395.0248,5031040.278,45.41649801,-75.70022353,6635
17--2696,3/4/2017,5:45 AM,DES SOLDATS-RIENDEAU ST btwn ANDRE AUDET AVE & WHIMBREL WAY (__8A9OLG),__8A9OLG,01 - Non intersection,03 - P.D. only,06 - SMV unattended vehicle,01 - Clear,07 - Dark,01 - Dry,10 - No control,,1,0,0,0,,0,,,,,364883.164,5011750.429,45.24315013,-75.73465588,6636
17--2697,3/4/2017,6:39 PM,PARKDALE AVE @ SCOTT ST (0002213),2213,02 - Intersection related,03 - P.D. only,03 - Rear end,01 - Clear,05 - Dusk,01 - Dry,01 - Traffic signal,01 - Functioning,2,0,0,0,,0,,,,,364950.0381,5029725.891,45.40488592,-75.73162062,6637
17--2698,3/4/2017,6:46 AM,BANTREE ST btwn EDINBURGH PL & BLACKWELL ST (__3ZA78E),__3ZA78E,01 - Non intersection,03 - P.D. only,03 - Rear end,01 - Clear,01 - Daylight,01 - Dry,10 - No control,,2,0,0,0,,0,,,,,374312.6007,5029902.69,45.40560955,-75.61200825,6638
17--2699,3/4/2017,8:41 AM,HIGHWAY 417 btwn HWY417 IC119A RAMP75 & HWY417 IC118 RAMP57 (__3ZA2R2),__3ZA2R2,01 - Non intersection,03 - P.D. only,03 - Rear end,01 - Clear,01 - Daylight,01 - Dry,10 - No control,,2,0,0,0,,0,,,,,368862.7671,5030649.895,45.41285264,-75.68152284,6639
17--27,1/2/2017,3:00 PM,BLAIR RD @ INNES RD (0004165),4165,03 - At intersection,03 - P.D. only,04 - Sideswipe,01 - Clear,01 - Daylight,01 - Dry,01 - Traffic signal,01 - Functioning,2,0,0,0,,0,,,,,375578.7349,5031441.272,45.41932598,-75.59561503,6640
17--270,1/6/2017,Unknown,WINONA AVE btwn WHITBY AVE & PICTON AVE (__3ZA0K3),__3ZA0K3,01 - Non intersection,03 - P.D. only,06 - SMV unattended vehicle,01 - Clear,00 - Unknown,05 - Packed snow,10 - No control,,1,0,0,0,,0,,,,,363241.6243,5028462.428,45.39366222,-75.75359236,6641
17--2700,3/4/2017,8:41 AM,HIGHWAY 417 btwn HWY417 IC119A RAMP75 & HWY417 IC118 RAMP57 (__3ZA2R2),__3ZA2R2,01 - Non intersection,02 - Non-fatal injury,07 - SMV other,01 - Clear,01 - Daylight,01 - Dry,10 - No control,,1,0,0,0,02 - Minor,2,1,1,,,368928.0502,5030688.543,45.4131944,-75.68068383,6642
17--2701,3/5/2017,1:39 PM,MARKETPLACE AVE btwn GREENBANK RD & TRANSITWAY SOUTHWEST (__4LZBJR),__4LZBJR,04 - At/near private drive,03 - P.D. only,02 - Angle,01 - Clear,01 - Daylight,01 - Dry,10 - No control,,2,0,0,0,,0,,,,,364116.6428,5014663.936,45.26943098,-75.74407127,6643
17--2702,3/5/2017,1:44 PM,MERIVALE RD @ WOODFIELD DR/ROYDON PL (0009776),9776,02 - Intersection related,03 - P.D. only,03 - Rear end,01 - Clear,01 - Daylight,01 - Dry,01 - Traffic signal,01 - Functioning,2,0,0,0,,0,,,,,365463.0356,5022298.499,45.33801135,-75.72598016,6644
17--3162,3/16/2017,4:13 PM,SMYTH RD btwn HAIG DR & SAUNDERSON DR (__3ZA3RZ),__3ZA3RZ,01 - Non intersection,03 - P.D. only,04 - Sideswipe,01 - Clear,01 - Daylight,01 - Dry,10 - No control,,2,0,0,0,,0,,,,,372636.6207,5029305.019,45.4003964,-75.63349785,6645
17--289,1/6/2017,5:30 PM,BRANT ST @ MCARTHUR AVE (0004649),4649,03 - At intersection,03 - P.D. only,03 - Rear end,01 - Clear,05 - Dusk,03 - Loose snow,01 - Traffic signal,01 - Functioning,2,0,0,0,,0,,,,,371262.7195,5032806.435,45.43203244,-75.65057301,6646
17--3079,3/14/2017,9:30 AM,RAMP btwn HIGHWAY 417 & HWY417 IC96 RAMP16 (__3ZAY07),__3ZAY07,01 - Non intersection,03 - P.D. only,07 - SMV other,03 - Snow,01 - Daylight,03 - Loose snow,10 - No control,,1,0,0,0,,0,,,,,387339.3828,5023906.623,45.35024748,-75.44662537,6647
17--2890,3/9/2017,10:13 AM,ST. JEAN ST @ ST. JOSEPH BLVD (0004137),4137,02 - Intersection related,03 - P.D. only,03 - Rear end,01 - Clear,01 - Daylight,01 - Dry,01 - Traffic signal,00 - Unknown,2,0,0,0,,0,,,,,380970.0718,5037200.923,45.47058066,-75.52584456,6648
17--2445,2/24/2017,7:36 AM,TRIM RD btwn WATTERS RD & SPRINGRIDGE DR (__4BQFJ9),__4BQFJ9,01 - Non intersection,03 - P.D. only,04 - Sideswipe,01 - Clear,01 - Daylight,02 - Wet,10 - No control,,2,0,0,0,,0,,,,,385308.6274,5038422.648,45.4810859,-75.4701664,6649
17--3163,3/16/2017,4:30 PM,HIGHWAY 417 btwn HWY417 IC124 RAMP65 & HWY417 IC122 RAMP51 (__3ZA2R8),__3ZA2R8,01 - Non intersection,02 - Non-fatal injury,03 - Rear end,01 - Clear,01 - Daylight,01 - Dry,10 - No control,,3,0,0,0,02 - Minor,1,,1,,,364793.7056,5028057.652,45.38988887,-75.73382039,6650
17--308,1/6/2017,9:31 AM,CANON SMITH DR @ GALETTA SIDE RD (0002371),2371,02 - Intersection related,03 - P.D. only,07 - SMV other,01 - Clear,01 - Daylight,01 - Dry,02 - Stop sign,01 - Functioning,1,0,0,0,,0,,,,,329165.5839,5036250.856,45.46576058,-76.18841006,6651
17--2446,2/24/2017,7:37 AM,HUNT CLUB RD @ RIVERSIDE DR (0002237),2237,02 - Intersection related,03 - P.D. only,04 - Sideswipe,01 - Clear,01 - Daylight,01 - Dry,01 - Traffic signal,01 - Functioning,2,0,0,0,,0,,,,,368037.0375,5021945.499,45.33460785,-75.69318593,6652
17--2891,3/9/2017,10:40 AM,O'CONNOR ST @ QUEEN ST (0003139),3139,03 - At intersection,02 - Non-fatal injury,07 - SMV other,01 - Clear,01 - Daylight,01 - Dry,01 - Traffic signal,01 - Functioning,1,0,0,1,03 - Major,1,,,1,,367499.3723,5031586.917,45.42140716,-75.69882085,6653
17--3164,3/16/2017,4:56 PM,NAVAHO DR @ 265 E OF WOODROFFE AVE  (0010846),10846,03 - At intersection,03 - P.D. only,05 - Turning movement,01 - Clear,01 - Daylight,01 - Dry,01 - Traffic signal,01 - Functioning,2,0,0,0,,0,,,,,362922.0446,5023625.912,45.35017042,-75.75824275,6654
17--3080,3/14/2017,9:52 AM,MERIVALE RD @ BONGARD AVE (0000588),588,03 - At intersection,02 - Non-fatal injury,02 - Angle,03 - Snow,01 - Daylight,02 - Wet,02 - Stop sign,01 - Functioning,2,0,0,0,02 - Minor,1,,1,,,365870.5263,5021316.808,45.32914288,-75.72090247,6655
17--2447,2/24/2017,7:45 AM,HUNTER'S RUN DR @ JEANNE D'ARC BLVD (0012419),12419,02 - Intersection related,03 - P.D. only,03 - Rear end,01 - Clear,01 - Daylight,06 - Ice,01 - Traffic signal,01 - Functioning,3,0,0,0,,0,,,,,380568.7505,5036173.235,45.461378,-75.53113483,6656
17--2892,3/9/2017,10:40 AM,VANIER PKWY SB btwn MONTREAL RD & MCARTHUR AVE (__3ZA4SR),__3ZA4SR,01 - Non intersection,03 - P.D. only,04 - Sideswipe,01 - Clear,01 - Daylight,01 - Dry,10 - No control,,2,0,0,0,,0,,,,,370200.3104,5032732.726,45.4314694,-75.66415946,6657
17--3165,3/16/2017,5:03 PM,SMYTH RD E/LANCASTER RD @ ST. LAURENT BLVD N/R (0002256),2256,02 - Intersection related,03 - P.D. only,04 - Sideswipe,01 - Clear,01 - Daylight,01 - Dry,01 - Traffic signal,01 - Functioning,2,0,0,0,,0,,,,,373365.0639,5029423.882,45.40139491,-75.62417774,6658
17--3166,3/16/2017,5:15 PM,HIGHWAY 417 btwn HWY417 IC124 RAMP55 & HWY417 IC124 RAMP65 (__3ZAZPV),__3ZAZPV,01 - Non intersection,03 - P.D. only,03 - Rear end,01 - Clear,01 - Daylight,01 - Dry,10 - No control,,3,0,0,0,,0,,,,,364504.1451,5027597.064,45.38576933,-75.73757375,6659
17--3167,3/16/2017,5:18 PM,DALMENY RD @ RIVER RD (0012900),12900,03 - At intersection,03 - P.D. only,07 - SMV other,01 - Clear,01 - Daylight,01 - Dry,02 - Stop sign,01 - Functioning,1,0,0,0,,0,,,,,374386.7074,4996966.939,45.10925487,-75.61567393,6660
17--3168,3/16/2017,5:30 PM,CONROY RD @ HUNT CLUB RD (0002257),2257,02 - Intersection related,03 - P.D. only,03 - Rear end,01 - Clear,01 - Daylight,01 - Dry,01 - Traffic signal,01 - Functioning,2,0,0,0,,0,,,,,373764.0745,5025403.854,45.3651853,-75.61964315,6661
17--3169,3/16/2017,5:30 PM,HUNT CLUB RD @ UPLANDS DR (0010844),10844,02 - Intersection related,03 - P.D. only,03 - Rear end,01 - Clear,01 - Daylight,06 - Ice,01 - Traffic signal,01 - Functioning,2,0,0,0,,0,,,,,370156.3928,5023122.83,45.34500697,-75.66599331,6662
17--317,1/7/2017,11:15 PM,PORTAGE BRIDGE SB btwn PROVINCIAL BOUNDARY & WELLINGTON ST (__6TE1GY),__6TE1GY,07 - Overpass or bridge,02 - Non-fatal injury,07 - SMV other,01 - Clear,07 - Dark,06 - Ice,10 - No control,,1,0,0,0,02 - Minor,1,,1,,,366339.577,5031669.43,45.42225257,-75.71362911,6663
17--3170,3/16/2017,5:35 PM,BOYER RD @ ST. JOSEPH BLVD (0003643),3643,03 - At intersection,03 - P.D. only,05 - Turning movement,01 - Clear,01 - Daylight,01 - Dry,02 - Stop sign,01 - Functioning,3,0,0,0,,0,,,,,380405.4076,5036832.917,45.46733099,-75.53312175,6664
17--3171,3/16/2017,5:43 PM,FALLOWFIELD RD btwn MUNSTER RD & CONLEY RD (__3ZA3EQ),__3ZA3EQ,01 - Non intersection,03 - P.D. only,07 - SMV other,05 - Drifting Snow,01 - Daylight,05 - Packed snow,10 - No control,,1,0,0,0,,0,,,,,349000.9313,5006639.181,45.19833335,-75.93740725,6665
17--3172,3/16/2017,5:56 PM,ARROWGRASS WAY btwn MONTMERE AVE & LINARIA WALK (__5UW33B),__5UW33B,04 - At/near private drive,03 - P.D. only,06 - SMV unattended vehicle,01 - Clear,01 - Daylight,05 - Packed snow,10 - No control,,1,0,0,0,,0,,,,,386567.5692,5036419.912,45.46292102,-75.45439848,6666
17--3173,3/16/2017,6:11 PM,BESSERER ST @ WALLER ST (0008859),8859,02 - Intersection related,03 - P.D. only,04 - Sideswipe,01 - Clear,05 - Dusk,01 - Dry,01 - Traffic signal,01 - Functioning,2,0,0,0,,0,,,,,368315.5989,5032193.984,45.4267957,-75.68831379,6667
17--3174,3/16/2017,6:28 PM,REGIONAL RD 174 @ TRIM RD (0012835),12835,03 - At intersection,03 - P.D. only,05 - Turning movement,01 - Clear,05 - Dusk,01 - Dry,01 - Traffic signal,01 - Functioning,2,0,0,0,,0,,,,,384353.3818,5039992.379,45.49531832,-75.4821292,6668
17--3175,3/16/2017,6:52 PM,HWY 417 MAITLAND IC126R26/62 @ MAITLAND AVE (0008228),8228,03 - At intersection,03 - P.D. only,05 - Turning movement,05 - Drifting Snow,07 - Dark,06 - Ice,01 - Traffic signal,01 - Functioning,2,0,0,0,,0,,,,,363146.4538,5025983.258,45.37136293,-75.75510077,6669
17--3176,3/16/2017,7:00 PM,HAZELDEAN RD @ TERRY FOX DR (0003682),3682,02 - Intersection related,03 - P.D. only,03 - Rear end,01 - Clear,07 - Dark,01 - Dry,01 - Traffic signal,01 - Functioning,2,0,0,0,,0,,,,,352207.6109,5017242.451,45.29353681,-75.8955836,6670
17--3177,3/16/2017,7:25 PM,KING EDWARD AVE btwn MANN AVE & TEMPLETON ST (__3ZA3CB),__3ZA3CB,01 - Non intersection,02 - Non-fatal injury,07 - SMV other,01 - Clear,07 - Dark,01 - Dry,10 - No control,,1,0,0,1,02 - Minor,1,,1,,,369138.6631,5031378.836,45.41938608,-75.67790314,6671
17--3178,3/16/2017,7:25 PM,WEST HUNT CLUB RD @ WOODROFFE AVE (0000576),576,02 - Intersection related,02 - Non-fatal injury,03 - Rear end,01 - Clear,07 - Dark,01 - Dry,01 - Traffic signal,01 - Functioning,2,0,0,0,01 - Minimal,1,1,,,,363671.0255,5021246.489,45.3286981,-75.74896814,6672
17--3179,3/16/2017,7:29 PM,MERIVALE RD @ PINEGLEN CRES (0000053),53,02 - Intersection related,03 - P.D. only,03 - Rear end,01 - Clear,07 - Dark,01 - Dry,02 - Stop sign,00 - Unknown,2,0,0,0,,0,,,,,366242.3757,5020411.812,45.32096739,-75.7162714,6673
17--318,1/7/2017,11:30 PM,HIGHWAY 417 btwn HWY417 IC112 RAMP66 & HWY417 IC113 RAMP65 (__3ZA284),__3ZA284,01 - Non intersection,03 - P.D. only,07 - SMV other,01 - Clear,07 - Dark,01 - Dry,10 - No control,,1,0,0,0,,0,,,,,374196.9847,5031324.005,45.41840929,-75.6132849,6674
17--3180,3/16/2017,7:31 PM,GREENBANK RD @ CANFIELD RD/CRAIG HENRY DR (0000154),154,02 - Intersection related,03 - P.D. only,03 - Rear end,01 - Clear,07 - Dark,03 - Loose snow,01 - Traffic signal,01 - Functioning,2,0,0,0,,0,,,,,361107.0143,5021365.83,45.32998232,-75.78166164,6675
17--3181,3/16/2017,7:42 PM,ST. LAURENT BLVD btwn DONALD ST & 125 N OF QUEEN MARY ST (__3ZA2CFA),__3ZA2CFA,01 - Non intersection,03 - P.D. only,04 - Sideswipe,01 - Clear,07 - Dark,02 - Wet,10 - No control,,2,0,0,0,,0,,,,,372125.758,5032396.61,45.42826247,-75.63960022,6676
17--3182,3/16/2017,7:50 AM,LAURIER AVE   E btwn RUSSELL AVE & CHAPEL ST (__3ZA3V3),__3ZA3V3,01 - Non intersection,03 - P.D. only,06 - SMV unattended vehicle,01 - Clear,01 - Daylight,05 - Packed snow,10 - No control,,1,0,0,0,,0,,,,,369101.6523,5032253.214,45.42725681,-75.67826186,6677
17--3183,3/16/2017,7:52 AM,MEDHURST DR btwn WOODROFFE AVE & BROCKINGTON CRES (__3ZA0EC),__3ZA0EC,04 - At/near private drive,03 - P.D. only,03 - Rear end,01 - Clear,01 - Daylight,02 - Wet,10 - No control,,2,0,0,0,,0,,,,,363466.1782,5021845.216,45.33410256,-75.75151024,6678
17--3184,3/16/2017,7:55 AM,EAGLESON RD @ MICHAEL COWPLAND DR/STONEHAVEN D (0003544),3544,02 - Intersection related,03 - P.D. only,03 - Rear end,01 - Clear,01 - Daylight,04 - Slush,01 - Traffic signal,01 - Functioning,2,0,0,0,,0,,,,,354383.6293,5016622.775,45.28781065,-75.86790437,6679
17--3185,3/16/2017,8:23 AM,SECOND LINE RD    S btwn CENTURY RD E & CARSONBY RD E (__3ZBPI3),__3ZBPI3,04 - At/near private drive,03 - P.D. only,02 - Angle,01 - Clear,01 - Daylight,05 - Packed snow,10 - No control,,2,0,0,0,,0,,,,,366365.5156,5005493.434,45.18672133,-75.71654881,6680
17--3186,3/16/2017,8:49 AM,BASELINE RD/HWY 416 RICHMOND IC75R53 @ RICHMON (0000148),148,02 - Intersection related,03 - P.D. only,03 - Rear end,01 - Clear,01 - Daylight,01 - Dry,01 - Traffic signal,01 - Functioning,2,0,0,0,,0,,,,,358635.6009,5021821.891,45.33427992,-75.81313883,6681
17--3187,3/17/2017,1:01 PM,ST. JOSEPH BLVD/OLD MONTREAL RD @ TRIM RD (0004118),4118,03 - At intersection,03 - P.D. only,04 - Sideswipe,01 - Clear,01 - Daylight,01 - Dry,11 - Roundabout,01 - Functioning,2,0,0,0,,0,,,,,384683.0885,5039285.582,45.48892159,-75.47802637,6682
17--3188,3/17/2017,1:48 PM,NICHOLAS ST btwn DALY AVE & SB RAMP FROM WALLER/NICHOLAS/MACKENZIE KIN (__3ZA3VJ),__3ZA3VJ,04 - At/near private drive,03 - P.D. only,99 - Other,01 - Clear,01 - Daylight,01 - Dry,10 - No control,,2,0,0,0,,0,,,,,368270.2965,5031983.967,45.42491016,-75.68891973,6683
17--3189,3/17/2017,10:21 AM,RICHMOND RD @ WEST HUNT CLUB RD (0000598),598,03 - At intersection,02 - Non-fatal injury,03 - Rear end,01 - Clear,01 - Daylight,01 - Dry,01 - Traffic signal,01 - Functioning,2,0,0,0,02 - Minor,2,1,1,,,357145.3129,5018152.462,45.30137474,-75.83253911,6684
17--319,1/7/2017,11:38 AM,MELGUND AVE @ MONK ST (0007597),7597,02 - Intersection related,03 - P.D. only,06 - SMV unattended vehicle,01 - Clear,01 - Daylight,03 - Loose snow,02 - Stop sign,01 - Functioning,1,0,0,0,,0,,,,,368399.4321,5029227.845,45.40009976,-75.68762532,6685
17--3190,3/17/2017,10:36 AM,MERIVALE RD @ WEST HUNT CLUB RD (0000584),584,02 - Intersection related,03 - P.D. only,03 - Rear end,01 - Clear,01 - Daylight,01 - Dry,01 - Traffic signal,01 - Functioning,2,0,0,0,,0,,,,,365613.0297,5021943.836,45.33480716,-75.7241101,6686
17--3191,3/17/2017,10:55 PM,HIGHWAY 417 btwn HWY417 IC127 RAMP63 & HWY417 IC127 RAMP67 (__3ZA2RF),__3ZA2RF,01 - Non intersection,03 - P.D. only,07 - SMV other,01 - Clear,07 - Dark,01 - Dry,10 - No control,,1,0,0,0,,0,,,,,362182.4746,5024894.922,45.36164978,-75.76753311,6687
17--3192,3/17/2017,11:15 AM,DONALD ST @ VANIER PKWY (0007644),7644,03 - At intersection,02 - Non-fatal injury,02 - Angle,01 - Clear,01 - Daylight,01 - Dry,01 - Traffic signal,01 - Functioning,2,0,0,0,02 - Minor,1,,1,,,370311.3787,5032269.917,45.42729484,-75.66280168,6688
17--3193,3/17/2017,11:18 AM,MANOTICK STATION RD @ MITCH OWENS RD (0005775),5775,03 - At intersection,03 - P.D. only,02 - Angle,01 - Clear,01 - Daylight,01 - Dry,02 - Stop sign,01 - Functioning,2,0,0,0,,0,,,,,373509.0796,5013268.431,45.25601968,-75.62458054,6689
17--3194,3/17/2017,11:45 AM,CATHERINE ST @ KENT ST (0002707),2707,03 - At intersection,03 - P.D. only,04 - Sideswipe,01 - Clear,01 - Daylight,01 - Dry,01 - Traffic signal,01 - Functioning,2,0,0,0,,0,,,,,367908.042,5030188.564,45.40878848,-75.69377841,6690
17--3195,3/17/2017,11:50 PM,HIGHWAY 417 btwn HWY417 IC120A RAMP52 & HWY417 IC119B RAMP57 (__3ZA2R1),__3ZA2R1,01 - Non intersection,03 - P.D. only,04 - Sideswipe,01 - Clear,07 - Dark,01 - Dry,10 - No control,,2,0,0,0,,0,,,,,367901.296,5030071.876,45.40773917,-75.69387952,6691
17--3196,3/17/2017,Unknown,SPRUCE MEADOWS DR btwn BRIDLEWOOD DR & TAMARA WAY (__3ZA4WS),__3ZA4WS,01 - Non intersection,03 - P.D. only,06 - SMV unattended vehicle,01 - Clear,00 - Unknown,01 - Dry,10 - No control,,1,0,0,0,,0,,,,,354972.8038,5017221.866,45.29315958,-75.8603334,6692
17--3197,3/17/2017,Unknown,WELLINGTON ST    W btwn HOLLAND AVE & HINTON AVE N (__3ZA4QR),__3ZA4QR,01 - Non intersection,03 - P.D. only,06 - SMV unattended vehicle,01 - Clear,00 - Unknown,01 - Dry,10 - No control,,1,0,0,0,,0,,,,,364970.5313,5029175.534,45.39993217,-75.73142601,6693
17--3198,3/17/2017,12:13 PM,BRONSON AVE btwn POWELL AVE & CLEMOW AVE (__3ZA3OX),__3ZA3OX,01 - Non intersection,03 - P.D. only,04 - Sideswipe,01 - Clear,01 - Daylight,01 - Dry,10 - No control,,2,0,0,0,,0,,,,,367402.9291,5029443.769,45.4021324,-75.70032529,6694
17--3199,3/17/2017,12:17 PM,BANK ST @ HOLMWOOD AVE (0007225),7225,03 - At intersection,03 - P.D. only,05 - Turning movement,01 - Clear,01 - Daylight,01 - Dry,01 - Traffic signal,01 - Functioning,2,0,0,0,,0,,,,,368480.7047,5029196.89,45.39981385,-75.6865913,6695
17--32,1/2/2017,4:50 PM,BANK ST @ WALKLEY RD (0011423),11423,02 - Intersection related,03 - P.D. only,04 - Sideswipe,01 - Clear,05 - Dusk,01 - Dry,01 - Traffic signal,01 - Functioning,2,0,0,0,,0,,,,,370337.7796,5025947.427,45.37040492,-75.6633044,6696
17--320,1/7/2017,11:40 PM,HIGHWAY 417 btwn HWY417 IC122 RAMP61 & HWY417 IC121B RAMP16 (__3ZA2Y4),__3ZA2Y4,01 - Non intersection,03 - P.D. only,99 - Other,01 - Clear,07 - Dark,01 - Dry,10 - No control,,2,0,0,0,,0,,,,,366547.7786,5029525.806,45.40294649,-75.71123745,6697
17--3200,3/17/2017,12:26 PM,MERIVALE RD @ 170 N OF HUNTCLUB RD/COSTCO/CANA (0004681),4681,03 - At intersection,02 - Non-fatal injury,07 - SMV other,01 - Clear,01 - Daylight,01 - Dry,01 - Traffic signal,01 - Functioning,1,0,0,1,02 - Minor,1,,1,,,365548.1921,5022100.763,45.33622478,-75.724918,6698
17--3201,3/17/2017,12:49 PM,INDUSTRIAL AVE @ RIVERSIDE DR (0011905),11905,03 - At intersection,03 - P.D. only,04 - Sideswipe,01 - Clear,01 - Daylight,01 - Dry,01 - Traffic signal,01 - Functioning,2,0,0,0,,0,,,,,370685.7219,5030592.553,45.41216745,-75.65824261,6699
17--3202,3/17/2017,2:15 PM,HIGHWAY 417 btwn HWY417 IC120A RAMP52 & HWY417 IC119B RAMP57 (__3ZA2R1),__3ZA2R1,01 - Non intersection,03 - P.D. only,04 - Sideswipe,01 - Clear,01 - Daylight,01 - Dry,10 - No control,,2,0,0,0,,0,,,,,368036.4455,5030159.083,45.40851163,-75.69214197,6700
17--3203,3/17/2017,2:18 PM,ST. JOSEPH BLVD @ TENTH LINE RD (0009163),9163,02 - Intersection related,03 - P.D. only,03 - Rear end,01 - Clear,01 - Daylight,01 - Dry,01 - Traffic signal,01 - Functioning,3,0,0,0,,0,,,,,382890.4694,5038667.122,45.48356012,-75.50105481,6701
17--3204,3/17/2017,2:50 PM,HIGHWAY 417 btwn HWY417 IC129 RAMP25 & TRANSIT (__3ZA2SH),__3ZA2SH,01 - Non intersection,03 - P.D. only,04 - Sideswipe,01 - Clear,01 - Daylight,01 - Dry,10 - No control,,2,0,0,0,,0,,,,,361198.7518,5024103.71,45.35461033,-75.78017925,6702
17--3205,3/17/2017,3:00 PM,BEECH ST btwn BAYSWATER AVE & BREEZEHILL AVE S (__3ZA035),__3ZA035,01 - Non intersection,03 - P.D. only,06 - SMV unattended vehicle,01 - Clear,01 - Daylight,01 - Dry,10 - No control,,1,0,0,0,,0,,,,,366256.2854,5029088.212,45.39903479,-75.71501515,6703
17--3206,3/17/2017,3:11 PM,BERRIGAN DR btwn CROXLEY WAY & CLARIDGE DR (__4O3JPX),__4O3JPX,04 - At/near private drive,03 - P.D. only,99 - Other,01 - Clear,01 - Daylight,01 - Dry,10 - No control,,2,0,0,0,,0,,,,,364551.3383,5015787,45.27949951,-75.73839685,6704