Anom_ID,Accident_Date,Accident_Time,Location,Geo_ID,Accident_Location,Classification_of_Accident,Initial_Impact_Type,Environment_Condition,Light,Road_Surface_Condition,Traffic_Control,Traffic_Control_Condition,No__of_Vehicles,No__of_Bicycles,No__of_Motorcycles,No__of_Pedestrians,Max_Injury,No__of_Injuries,No__of_Minimal,No__of_Minor,No__of_Major,No__of_Fatal,X,Y,Latitude,Longitude,ObjectId
17--3207,3/17/2017,3:30 PM,CARLING AVE btwn BEDALE DR & NAUTICA PRIV (__30GWVN),__30GWVN,01 - Non intersection,03 - P.D. only,07 - SMV other,01 - Clear,01 - Daylight,02 - Wet,10 - No control,,1,0,0,0,,0,,,,,357357.1603,5023659.718,45.35091373,-75.82925342,6705
17--3208,3/17/2017,3:32 AM,REGINA ST btwn LINCOLN HEIGHTS RD & END (__5UF4Q1),__5UF4Q1,01 - Non intersection,02 - Non-fatal injury,07 - SMV other,03 - Snow,07 - Dark,02 - Wet,10 - No control,,1,0,0,0,02 - Minor,2,1,1,,,360734.8578,5025692.474,45.36894311,-75.78591968,6706
17--3209,3/17/2017,3:39 PM,IVANHOE AVE btwn CARLING AVE & ELMHURST ST (__3ZABWP),__3ZABWP,04 - At/near private drive,03 - P.D. only,06 - SMV unattended vehicle,01 - Clear,01 - Daylight,01 - Dry,10 - No control,,1,0,0,0,,0,,,,,360475.7918,5024765.364,45.36062164,-75.7893312,6707
17--321,1/7/2017,Unknown,MONTREAL RD @ OLMSTEAD ST (0009345),9345,02 - Intersection related,03 - P.D. only,06 - SMV unattended vehicle,01 - Clear,00 - Unknown,01 - Dry,01 - Traffic signal,01 - Functioning,1,0,0,0,,0,,,,,370332.9577,5033213.161,45.43577973,-75.66240041,6708
17--3210,3/17/2017,3:45 PM,WEST HUNT CLUB RD @ WOODROFFE AVE (0000576),576,02 - Intersection related,03 - P.D. only,03 - Rear end,01 - Clear,01 - Daylight,02 - Wet,01 - Traffic signal,01 - Functioning,2,0,0,0,,0,,,,,363670.3566,5021247.158,45.32870418,-75.7489766,6709
17--3211,3/17/2017,5:10 PM,PRINCE OF WALES DR @ STRANDHERD DR (0013339),13339,02 - Intersection related,03 - P.D. only,04 - Sideswipe,01 - Clear,01 - Daylight,01 - Dry,01 - Traffic signal,01 - Functioning,2,0,0,0,,0,,,,,367175.6243,5014825.529,45.27062033,-75.70507112,6710
17--3212,3/17/2017,5:29 PM,MARCH RD btwn SOLANDT RD & STATION RD (__3ZA3CD),__3ZA3CD,01 - Non intersection,03 - P.D. only,03 - Rear end,01 - Clear,01 - Daylight,01 - Dry,10 - No control,,2,0,0,0,,0,,,,,350885.9943,5022268.861,45.33885363,-75.91196484,6711
17--3213,3/17/2017,5:40 PM,GLADSTONE AVE @ LEBRETON ST (0005746),5746,03 - At intersection,03 - P.D. only,02 - Angle,01 - Clear,01 - Daylight,01 - Dry,02 - Stop sign,01 - Functioning,2,0,0,0,,0,,,,,366856.7037,5029922.569,45.40648914,-75.70724171,6712
17--3214,3/17/2017,5:43 PM,EAGLESON RD @ COPE DR/CADENCE GT (0011923),11923,03 - At intersection,02 - Non-fatal injury,05 - Turning movement,01 - Clear,01 - Daylight,01 - Dry,01 - Traffic signal,01 - Functioning,2,0,0,0,02 - Minor,1,,1,,,354621.6256,5016026.758,45.28243073,-75.86493041,6713
17--3215,3/17/2017,5:50 PM,FISHER AVE btwn FOREST PARK AVE & MEADOWLANDS DR (__3ZA4IU),__3ZA4IU,01 - Non intersection,03 - P.D. only,03 - Rear end,01 - Clear,01 - Daylight,01 - Dry,10 - No control,,2,0,0,0,,0,,,,,366568.4414,5025065.826,45.36281481,-75.71153158,6714
17--3216,3/17/2017,6:00 PM,CARLING AVE @ CARLING RMP 56 (0002392),2392,02 - Intersection related,03 - P.D. only,03 - Rear end,01 - Clear,01 - Daylight,01 - Dry,10 - No control,,2,0,0,0,,0,,,,,360874.8166,5025163.054,45.36416824,-75.78419315,6715
17--3217,3/17/2017,6:08 PM,BASELINE RD @ GREENBANK RD (0002357),2357,02 - Intersection related,03 - P.D. only,03 - Rear end,01 - Clear,05 - Dusk,01 - Dry,01 - Traffic signal,01 - Functioning,3,0,0,0,,0,,,,,360598.6876,5022584.5,45.34098851,-75.78800872,6716
17--3218,3/17/2017,6:18 PM,EAGLESON RD @ KAKULU RD (0003188),3188,02 - Intersection related,02 - Non-fatal injury,03 - Rear end,01 - Clear,05 - Dusk,01 - Dry,01 - Traffic signal,00 - Unknown,2,0,0,0,01 - Minimal,1,1,,,,353381.2832,5019151.469,45.31063441,-75.88043383,6717
17--3219,3/17/2017,6:32 PM,MACKENZIE KING BR/WALLER ST @ NICHOLAS ST/WALL (0011251),11251,02 - Intersection related,03 - P.D. only,07 - SMV other,01 - Clear,05 - Dusk,01 - Dry,01 - Traffic signal,01 - Functioning,1,0,0,0,,0,,,,,368370.7883,5031992.798,45.42498049,-75.68763455,6718
17--322,1/7/2017,12:03 PM,ST. JOSEPH BLVD @ REGIONAL RD 174/TRANSITWAY (0012428),12428,02 - Intersection related,03 - P.D. only,07 - SMV other,01 - Clear,01 - Daylight,01 - Dry,01 - Traffic signal,00 - Unknown,1,0,0,0,,0,,,,,376557.6544,5035057.35,45.4517615,-75.58258128,6719
17--3220,3/17/2017,6:35 AM,CONROY RD @ HUNT CLUB RD (0002257),2257,02 - Intersection related,03 - P.D. only,03 - Rear end,01 - Clear,01 - Daylight,01 - Dry,01 - Traffic signal,01 - Functioning,2,0,0,0,,0,,,,,373763.4056,5025404.523,45.36519138,-75.6196516,6720
17--3221,3/17/2017,6:36 AM,DONALD ST @ VANIER PKWY (0007644),7644,02 - Intersection related,03 - P.D. only,03 - Rear end,01 - Clear,01 - Daylight,01 - Dry,01 - Traffic signal,01 - Functioning,2,0,0,0,,0,,,,,370312.7164,5032272.592,45.42731878,-75.66278423,6721
17--3222,3/17/2017,7:15 AM,HERON RD WB btwn HERON RD WB OFF RAMP/VINCENT MASSEY PARK & RIVERSIDE  (__3ZAZKM),__3ZAZKM,01 - Non intersection,02 - Non-fatal injury,04 - Sideswipe,01 - Clear,01 - Daylight,06 - Ice,10 - No control,,2,0,0,0,01 - Minimal,2,2,,,,368028.6118,5026638.121,45.37683174,-75.69269324,6722
17--3223,3/17/2017,7:30 AM,HAZELDEAN RD @ TERRY FOX DR (0003682),3682,03 - At intersection,02 - Non-fatal injury,02 - Angle,01 - Clear,01 - Daylight,01 - Dry,01 - Traffic signal,01 - Functioning,2,0,0,0,02 - Minor,1,,1,,,352208.6143,5017243.789,45.29354878,-75.89557068,6723
17--3224,3/17/2017,7:50 AM,SMYTH RD E/LANCASTER RD @ ST. LAURENT BLVD N/R (0002256),2256,03 - At intersection,03 - P.D. only,02 - Angle,01 - Clear,01 - Daylight,01 - Dry,01 - Traffic signal,01 - Functioning,2,0,0,0,,0,,,,,373364.5933,5029424.615,45.40140155,-75.62418365,6724
17--3225,3/17/2017,8:04 PM,MERIVALE RD btwn CLYDE AVE & GILBEY DR (__3ZA4HD),__3ZA4HD,04 - At/near private drive,03 - P.D. only,05 - Turning movement,01 - Clear,07 - Dark,01 - Dry,10 - No control,,2,0,0,0,,0,,,,,364555.4324,5024523.116,45.35810607,-75.73729074,6725
17--3226,3/17/2017,8:14 PM,HIGHWAY 7 btwn RAMP & DWYER HILL RD (__7JQ7LW),__7JQ7LW,01 - Non intersection,02 - Non-fatal injury,07 - SMV other,01 - Clear,07 - Dark,01 - Dry,10 - No control,,1,0,0,0,01 - Minimal,1,1,,,,340846.9611,5007002.703,45.20206862,-76.04116158,6726
17--3227,3/17/2017,8:34 AM,ALTA VISTA DR btwn SMYTH RD & VALOUR DR (__4O00NK),__4O00NK,01 - Non intersection,03 - P.D. only,03 - Rear end,01 - Clear,01 - Daylight,01 - Dry,10 - No control,,3,0,0,0,,0,,,,,370419.0035,5029161.156,45.39931334,-75.66184033,6727
17--3228,3/17/2017,9:14 AM,CARLING AVE/STATION RD @ MARCH RD (0002681),2681,02 - Intersection related,03 - P.D. only,03 - Rear end,01 - Clear,01 - Daylight,01 - Dry,01 - Traffic signal,00 - Unknown,2,0,0,0,,0,,,,,350909.289,5022246.508,45.33865096,-75.91166971,6728
17--3229,3/17/2017,9:15 PM,HWY 417 CASTLEFR IC139R61 @ KANATA AVE (0012625),12625,02 - Intersection related,03 - P.D. only,04 - Sideswipe,01 - Clear,07 - Dark,01 - Dry,01 - Traffic signal,01 - Functioning,2,0,0,0,,0,,,,,351619.2285,5019224.361,45.31140999,-75.9028975,6729
17--323,1/7/2017,12:15 PM,GRAND CANAL ST @ FOXHOUND WAY (0011143),11143,03 - At intersection,03 - P.D. only,02 - Angle,01 - Clear,01 - Daylight,06 - Ice,02 - Stop sign,01 - Functioning,2,0,0,0,,0,,,,,364107.8014,5012645.065,45.25126586,-75.74442492,6730
17--3230,3/17/2017,9:33 AM,BRONSON AVE @ POWELL AVE (0007212),7212,02 - Intersection related,03 - P.D. only,03 - Rear end,01 - Clear,01 - Daylight,01 - Dry,01 - Traffic signal,01 - Functioning,3,0,0,0,,0,,,,,367388.2134,5029479.221,45.4024527,-75.70050874,6731
17--3231,3/17/2017,9:41 AM,O'CONNOR ST @ PRETORIA AVE (0007293),7293,03 - At intersection,03 - P.D. only,02 - Angle,01 - Clear,01 - Daylight,01 - Dry,02 - Stop sign,01 - Functioning,2,0,0,0,,0,,,,,368337.7141,5030238.9,45.40920251,-75.6882833,6732
17--3232,3/18/2017,1:00 PM,CARLING AVE WB btwn BRITANNIA RD & RICHMOND RD (__3ZA4VX),__3ZA4VX,01 - Non intersection,03 - P.D. only,04 - Sideswipe,01 - Clear,01 - Daylight,01 - Dry,10 - No control,,2,0,0,0,,0,,,,,360219.2576,5024763.452,45.36062477,-75.79260567,6733
17--3233,3/18/2017,1:01 AM,CHARDONNAY DR btwn VALDOR WAY & ASSOMPTION ST (__30LQ12),__30LQ12,04 - At/near private drive,03 - P.D. only,06 - SMV unattended vehicle,01 - Clear,07 - Dark,01 - Dry,10 - No control,,1,0,0,0,,0,,,,,384786.6387,5036061.382,45.45990148,-75.47722674,6734
17--3234,3/18/2017,1:08 PM,ATHLONE AVE btwn RICHMOND RD & BYRON AVE (__3ZA0JU),__3ZA0JU,01 - Non intersection,03 - P.D. only,06 - SMV unattended vehicle,01 - Clear,01 - Daylight,01 - Dry,10 - No control,,1,0,0,0,,0,,,,,363469.4086,5028408.78,45.39316046,-75.75068976,6735
17--3235,3/18/2017,1:30 AM,FIFTH AVE btwn BANK ST & HOWICK PL (__3ZA92S),__3ZA92S,01 - Non intersection,03 - P.D. only,04 - Sideswipe,01 - Clear,07 - Dark,01 - Dry,10 - No control,,2,0,0,0,,0,,,,,368436.506,5029419.956,45.40182494,-75.68712702,6736
17--3236,3/18/2017,10:00 AM,BLAIR RD @ REGIONAL RD 174 N/OR174 IC112 RAMP61 (0003617),3617,02 - Intersection related,02 - Non-fatal injury,03 - Rear end,01 - Clear,01 - Daylight,01 - Dry,01 - Traffic signal,01 - Functioning,2,0,0,0,01 - Minimal,1,1,,,,374636.1314,5032992.269,45.43337574,-75.60743788,6737
17--3237,3/18/2017,10:22 AM,FISHER AVE btwn TRENT ST & 220 S OF TRENT ST (__3ZA30SA),__3ZA30SA,04 - At/near private drive,03 - P.D. only,03 - Rear end,01 - Clear,01 - Daylight,01 - Dry,10 - No control,,2,0,0,0,,0,,,,,365828.014,5026826.652,45.37872324,-75.72076464,6738
17--3238,3/18/2017,10:26 AM,NELSON ST @ SOMERSET ST (0007312),7312,03 - At intersection,03 - P.D. only,02 - Angle,01 - Clear,01 - Daylight,01 - Dry,02 - Stop sign,00 - Unknown,2,0,0,0,,0,,,,,369095.7099,5031762.245,45.4228398,-75.67840188,6739
17--3239,3/18/2017,10:30 AM,WELLINGTON ST    W btwn SHERBROOKE AVE & PINHEY ST (__3ZA3ZC),__3ZA3ZC,01 - Non intersection,03 - P.D. only,06 - SMV unattended vehicle,01 - Clear,01 - Daylight,01 - Dry,10 - No control,,1,0,0,0,,0,,,,,365438.6784,5029525.299,45.40303888,-75.72540378,6740
17--324,1/7/2017,12:27 PM,FAIRLEA CRES @ HEATHERINGTON RD N (0007086),7086,02 - Intersection related,03 - P.D. only,03 - Rear end,01 - Clear,01 - Daylight,06 - Ice,03 - Yield sign,01 - Functioning,2,0,0,0,,0,,,,,371808.0066,5026693.385,45.37697774,-75.64443545,6741
17--3240,3/18/2017,10:31 AM,ANALDEA DR/ WHITE ALDER AVE @ BANK ST (0009265),9265,02 - Intersection related,02 - Non-fatal injury,03 - Rear end,01 - Clear,01 - Daylight,01 - Dry,01 - Traffic signal,01 - Functioning,2,0,0,0,02 - Minor,1,,1,,,375696.0777,5020814.158,45.3236965,-75.59564113,6742
17--3241,3/18/2017,10:41 AM,DUNROBIN RD @ KINBURN SIDE RD (0001688),1688,03 - At intersection,03 - P.D. only,02 - Angle,01 - Clear,01 - Daylight,01 - Dry,02 - Stop sign,01 - Functioning,2,0,0,0,,0,,,,,338029.2644,5035928.96,45.46249866,-76.07508476,6743
17--3242,3/18/2017,11:12 PM,RENAUD RD @ RENAUD RD S (0004055),4055,02 - Intersection related,03 - P.D. only,07 - SMV other,01 - Clear,07 - Dark,01 - Dry,10 - No control,00 - Unknown,1,0,0,0,,0,,,,,379962.0942,5031599.888,45.42029593,-75.53958955,6744
17--3243,3/18/2017,11:24 PM,EAGLESON RD btwn PALOMINO DR & ROTHESAY DR (__3ZA41K),__3ZA41K,01 - Non intersection,03 - P.D. only,07 - SMV other,01 - Clear,07 - Dark,01 - Dry,10 - No control,,1,0,0,0,,0,,,,,354085.504,5017386.108,45.29470026,-75.87162882,6745
17--2448,2/24/2017,8:13 PM,RIVERSIDE DR @ HERON RD (0002236),2236,03 - At intersection,03 - P.D. only,05 - Turning movement,01 - Clear,07 - Dark,02 - Wet,01 - Traffic signal,01 - Functioning,2,0,0,0,,0,,,,,368119.4327,5026647.221,45.37690542,-75.69153258,6746
17--3081,3/14/2017,9:56 PM,DOWNPATRICK RD btwn MCCARTHY RD & DOWNPATRICK RD (__3ZA2PY),__3ZA2PY,01 - Non intersection,03 - P.D. only,01 - Approaching,05 - Drifting Snow,07 - Dark,03 - Loose snow,10 - No control,,2,0,0,0,,0,,,,,370513.8597,5023386.075,45.34734217,-75.66139722,6747
17--2893,3/9/2017,10:48 AM,PARKDALE AVE btwn BULLMAN ST & OXFORD ST (__3ZA31J),__3ZA31J,01 - Non intersection,03 - P.D. only,03 - Rear end,01 - Clear,01 - Daylight,01 - Dry,10 - No control,,3,0,0,0,,0,,,,,365059.1427,5029475.661,45.40262503,-75.73025758,6748
17--2449,2/24/2017,8:45 PM,TENTH LINE RD btwn ST. JOSEPH BLVD & OLD TENTH LINE RD (__3ZA1TE),__3ZA1TE,01 - Non intersection,03 - P.D. only,03 - Rear end,02 - Rain,07 - Dark,02 - Wet,10 - No control,,2,0,0,0,,0,,,,,382934.2213,5038579.087,45.48276317,-75.50050923,6749
17--3082,3/15/2017,1:00 PM,LAURIER AVE @ O'CONNOR ST (0002224),2224,02 - Intersection related,03 - P.D. only,03 - Rear end,03 - Snow,01 - Daylight,03 - Loose snow,01 - Traffic signal,01 - Functioning,2,0,0,0,,0,,,,,367636.3663,5031358.577,45.41934033,-75.69709962,6750
17--3083,3/15/2017,1:38 PM,DALEHURST DR btwn CRESTLEA CRES & LAVONNE CRT (__3ZA53T),__3ZA53T,01 - Non intersection,03 - P.D. only,01 - Approaching,03 - Snow,01 - Daylight,03 - Loose snow,10 - No control,,2,0,0,0,,0,,,,,363592.9285,5021719.578,45.33296147,-75.74990817,6751
17--3084,3/15/2017,1:50 PM,HAZELDEAN RD @ SPRINGBROOK DR (0005279),5279,02 - Intersection related,03 - P.D. only,04 - Sideswipe,03 - Snow,01 - Daylight,05 - Packed snow,01 - Traffic signal,01 - Functioning,2,0,0,0,,0,,,,,349869.5853,5015110.439,45.27450612,-75.92558401,6752
17--3085,3/15/2017,10:00 AM,BRONSON AVE @ SUNNYSIDE AVE/UNIVERSITY RD - CA (0007209),7209,02 - Intersection related,03 - P.D. only,03 - Rear end,03 - Snow,01 - Daylight,03 - Loose snow,01 - Traffic signal,01 - Functioning,2,0,0,0,,0,,,,,367922.3757,5028091.547,45.38991885,-75.69386368,6753
17--3086,3/15/2017,10:05 AM,ST. LAURENT BLVD btwn THURSTON DR & WALKLEY RD (__3ZA7QN),__3ZA7QN,01 - Non intersection,03 - P.D. only,03 - Rear end,03 - Snow,01 - Daylight,03 - Loose snow,10 - No control,,2,0,0,0,,0,,,,,373923.0128,5028006.719,45.38858908,-75.61725013,6754
17--3087,3/15/2017,10:29 AM,YORK ST EB btwn CUMBERLAND ST & SPLIT (__3ZA82Y),__3ZA82Y,04 - At/near private drive,03 - P.D. only,06 - SMV unattended vehicle,03 - Snow,01 - Daylight,03 - Loose snow,10 - No control,,1,0,0,0,,0,,,,,368216.7985,5032493.067,45.42949571,-75.68953776,6755
17--3088,3/15/2017,10:40 AM,PARKWAY RD btwn BANK ST & SALE BARN RD (__3ZA7IL),__3ZA7IL,04 - At/near private drive,03 - P.D. only,05 - Turning movement,03 - Snow,01 - Daylight,03 - Loose snow,10 - No control,,2,0,0,0,,0,,,,,378802.3015,5014239.031,45.26421595,-75.55700411,6756
17--3089,3/15/2017,11:11 AM,BOOTH ST btwn LOUISA ST & ARLINGTON AVE (__3ZBODQ),__3ZBODQ,01 - Non intersection,03 - P.D. only,06 - SMV unattended vehicle,03 - Snow,01 - Daylight,03 - Loose snow,10 - No control,,1,0,0,0,,0,,,,,366820.5606,5029732.693,45.40478389,-75.70772727,6757
17--309,1/6/2017,9:31 AM,MONTREAL RD @ SHEFFORD RD (0012423),12423,02 - Intersection related,02 - Non-fatal injury,04 - Sideswipe,01 - Clear,01 - Daylight,01 - Dry,01 - Traffic signal,01 - Functioning,2,0,0,0,01 - Minimal,1,1,,,,376122.6077,5034857.388,45.45000691,-75.58817161,6758
17--3090,3/15/2017,11:20 AM,HIGHWAY 7 btwn HWY 7 HAZELDEAN RD IC RAMP 34 & HAZELDEAN RD IC RAMP 63 (__7JQ7KU),__7JQ7KU,01 - Non intersection,03 - P.D. only,07 - SMV other,03 - Snow,01 - Daylight,03 - Loose snow,10 - No control,,1,0,0,0,,0,,,,,346372.2706,5012462.976,45.25089859,-75.97037717,6759
17--3091,3/15/2017,11:28 AM,EAGLESON RD @ FALLOWFIELD RD (0000118),118,02 - Intersection related,03 - P.D. only,03 - Rear end,03 - Snow,01 - Daylight,03 - Loose snow,01 - Traffic signal,01 - Functioning,2,0,0,0,,0,,,,,355961.9686,5012595.075,45.25145541,-75.84819983,6760
17--3092,3/15/2017,11:31 AM,HAZELDEAN RD btwn JINKINSON RD/HAZELDEAN IC RAMP 62 & KITTIWAKE DR (__7JQ7JL),__7JQ7JL,01 - Non intersection,03 - P.D. only,07 - SMV other,03 - Snow,01 - Daylight,03 - Loose snow,10 - No control,,1,0,0,0,,0,,,,,346943.2519,5012454.059,45.25078439,-75.96310405,6761
17--3093,3/15/2017,11:40 AM,MCLEOD ST btwn METCALFE ST & METCALFE ST (__3ZA3Q6),__3ZA3Q6,04 - At/near private drive,03 - P.D. only,05 - Turning movement,03 - Snow,01 - Daylight,03 - Loose snow,10 - No control,,2,0,0,0,,0,,,,,368331.0789,5030721.798,45.41354807,-75.68830582,6762
17--3094,3/15/2017,Unknown,O'CONNOR ST btwn GLOUCESTER ST & NEPEAN ST (__3ZA348),__3ZA348,01 - Non intersection,03 - P.D. only,06 - SMV unattended vehicle,03 - Snow,00 - Unknown,05 - Packed snow,10 - No control,,1,0,0,0,,0,,,,,367695.235,5031266.86,45.4185098,-75.6963592,6763
17--3095,3/15/2017,Unknown,LEPAGE AVE btwn CAVAN ST & KIRKWOOD AVE (__3ZAA6T),__3ZAA6T,01 - Non intersection,03 - P.D. only,06 - SMV unattended vehicle,03 - Snow,00 - Unknown,05 - Packed snow,10 - No control,,1,0,0,0,,0,,,,,364668.6266,5026561.923,45.37644128,-75.73559902,6764
17--3096,3/15/2017,Unknown,FOXLIGHT CIR btwn FOXLIGHT CIR & FOXLIGHT CIR (e___2HRE),e___2HRE,01 - Non intersection,03 - P.D. only,06 - SMV unattended vehicle,03 - Snow,00 - Unknown,03 - Loose snow,10 - No control,,1,0,0,0,,0,,,,,356791.006,5015682.058,45.27917195,-75.83731553,6765
17--3097,3/15/2017,Unknown,COOKSHIRE CRES btwn BEAUREGARD CRES & MONTCREST DR (__3ZAZ32),__3ZAZ32,01 - Non intersection,03 - P.D. only,06 - SMV unattended vehicle,03 - Snow,00 - Unknown,03 - Loose snow,10 - No control,,1,0,0,0,,0,,,,,384835.3726,5038702.328,45.4836566,-75.47617353,6766
17--3098,3/15/2017,12:00 PM,RIDEAU RD btwn LIMEBANK RD & DOWNEY RD (__3ZA6L6),__3ZA6L6,01 - Non intersection,03 - P.D. only,07 - SMV other,03 - Snow,01 - Daylight,03 - Loose snow,10 - No control,,1,0,0,0,,0,,,,,371693.9555,5014482.7,45.26712035,-75.64754086,6767
17--3099,3/15/2017,12:20 PM,EARL ARMSTRONG RD @ BOWESVILLE RD (0009411),9411,02 - Intersection related,02 - Non-fatal injury,07 - SMV other,05 - Drifting Snow,01 - Daylight,06 - Ice,02 - Stop sign,01 - Functioning,1,0,0,0,02 - Minor,1,,1,,,372568.4297,5017446.231,45.29370178,-75.63599367,6768
17--31,1/2/2017,4:50 PM,STRANDHERD DR @ CLARIDGE DR (0010893),10893,02 - Intersection related,03 - P.D. only,03 - Rear end,01 - Clear,05 - Dusk,02 - Wet,01 - Traffic signal,01 - Functioning,2,0,0,0,,0,,,,,364949.019,5015382.812,45.27582872,-75.73337736,6769
17--310,1/7/2017,1:05 PM,OAKSIDE CRES btwn GOWARD DR & GOWARD DR (__5DCWPE),__5DCWPE,04 - At/near private drive,03 - P.D. only,06 - SMV unattended vehicle,01 - Clear,01 - Daylight,02 - Wet,10 - No control,,1,0,0,0,,0,,,,,348021.7714,5023630.187,45.3512855,-75.94839023,6770
17--3100,3/15/2017,12:20 PM,BELMONT AVE btwn BANK ST & WILLARD ST (__3ZA9IL),__3ZA9IL,04 - At/near private drive,03 - P.D. only,02 - Angle,03 - Snow,01 - Daylight,05 - Packed snow,10 - No control,,2,0,0,0,,0,,,,,368819.7603,5028434.062,45.39291924,-75.6823599,6771
17--3101,3/15/2017,2:05 AM,BANK ST btwn RIDEAU RD & TURN LANE (__3ZBPH9),__3ZBPH9,01 - Non intersection,02 - Non-fatal injury,01 - Approaching,03 - Snow,07 - Dark,03 - Loose snow,10 - No control,,2,0,0,0,02 - Minor,1,,1,,,376988.8891,5017752.762,45.29601961,-75.57959796,6772
17--3102,3/15/2017,2:38 PM,BELFAST RD @ ST. LAURENT BLVD (0007658),7658,03 - At intersection,03 - P.D. only,05 - Turning movement,03 - Snow,01 - Daylight,02 - Wet,01 - Traffic signal,01 - Functioning,2,0,0,0,,0,,,,,372860.3897,5030579.231,45.41183946,-75.63046401,6773
17--3103,3/15/2017,3:00 PM,BOUNDARY RD btwn MITCH OWENS RD & DEVINE RD (__3ZA3X6),__3ZA3X6,01 - Non intersection,03 - P.D. only,07 - SMV other,03 - Snow,01 - Daylight,03 - Loose snow,10 - No control,,1,0,0,0,,0,,,,,388342.4387,5021501.625,45.32849064,-75.43423257,6774
17--3104,3/15/2017,3:00 PM,HIGHWAY 417 btwn HWY417 IC96 RAMP61 & HWY417 IC88 RAMP16 (__3ZA27Z),__3ZA27Z,01 - Non intersection,03 - P.D. only,99 - Other,01 - Clear,01 - Daylight,01 - Dry,10 - No control,,2,0,0,0,,0,,,,,392606.6951,5022856.417,45.34015914,-75.37960244,6775
17--3105,3/15/2017,3:20 AM,MERIVALE RD @ WOODFIELD DR/ROYDON PL (0009776),9776,03 - At intersection,03 - P.D. only,07 - SMV other,03 - Snow,07 - Dark,05 - Packed snow,01 - Traffic signal,01 - Functioning,1,0,0,0,,0,,,,,365463.7044,5022298.499,45.3380113,-75.72597163,6776
17--3106,3/15/2017,4:10 PM,CARP RD @ RIVINGTON ST (0010751),10751,03 - At intersection,03 - P.D. only,02 - Angle,03 - Snow,01 - Daylight,03 - Loose snow,02 - Stop sign,01 - Functioning,2,0,0,0,,0,,,,,341348.882,5022642.876,45.34278083,-76.0336216,6777
17--3107,3/15/2017,4:20 PM,BANK ST @ RIDEAU RD (0009263),9263,02 - Intersection related,02 - Non-fatal injury,03 - Rear end,03 - Snow,01 - Daylight,06 - Ice,01 - Traffic signal,01 - Functioning,2,0,0,0,02 - Minor,1,,1,,,376955.7558,5017843.804,45.29684217,-75.5800071,6778
17--3108,3/15/2017,4:24 PM,BANK ST btwn ALTA VISTA DR & ERIE AVE (__3ZA36X),__3ZA36X,04 - At/near private drive,03 - P.D. only,02 - Angle,03 - Snow,01 - Daylight,03 - Loose snow,10 - No control,,2,0,0,0,,0,,,,,370229.0056,5026251.576,45.37315172,-75.66465264,6779
17--3109,3/15/2017,4:41 PM,WEST HUNT CLUB RD EB btwn CEDARVIEW RD & GREENBANK RD (__3ZA198),__3ZA198,01 - Non intersection,02 - Non-fatal injury,99 - Other,03 - Snow,01 - Daylight,04 - Slush,10 - No control,,2,0,0,0,03 - Major,2,,,2,,359900.2828,5019648.123,45.31462211,-75.79724649,6780
17--311,1/7/2017,1:26 PM,MOODIE DR @ ROBERTSON RD (0010545),10545,02 - Intersection related,03 - P.D. only,03 - Rear end,01 - Clear,01 - Daylight,01 - Dry,01 - Traffic signal,01 - Functioning,2,0,0,0,,0,,,,,357065.9016,5020454.352,45.32209334,-75.83330882,6781
17--3110,3/15/2017,5:17 PM,ST. JOSEPH BLVD @ TENTH LINE RD (0009163),9163,03 - At intersection,02 - Non-fatal injury,02 - Angle,01 - Clear,01 - Daylight,02 - Wet,01 - Traffic signal,01 - Functioning,2,0,0,0,02 - Minor,1,,1,,,382891.1383,5038666.453,45.48355403,-75.50104636,6782
17--3111,3/15/2017,5:34 PM,MOODIE DR @ 200 N OF ROBERTSON RD (0010382),10382,02 - Intersection related,03 - P.D. only,04 - Sideswipe,01 - Clear,01 - Daylight,01 - Dry,01 - Traffic signal,01 - Functioning,2,0,0,0,,0,,,,,356987.3141,5020642.154,45.32378905,-75.8342914,6783
17--3112,3/15/2017,5:36 PM,MERIVALE RD @ EMERALD PLAZA SC (0005311),5311,02 - Intersection related,03 - P.D. only,03 - Rear end,03 - Snow,01 - Daylight,03 - Loose snow,01 - Traffic signal,01 - Functioning,2,0,0,0,,0,,,,,364736.1317,5024006.119,45.35343878,-75.73504721,6784
17--3113,3/15/2017,5:42 PM,CARLING AVE @ CROYDON AVE (0002642),2642,03 - At intersection,02 - Non-fatal injury,05 - Turning movement,03 - Snow,01 - Daylight,03 - Loose snow,01 - Traffic signal,01 - Functioning,2,0,0,0,01 - Minimal,1,1,,,,360659.1901,5025043.537,45.36311004,-75.78695896,6785
17--3114,3/15/2017,5:44 AM,WEST HUNT CLUB RD @ CLEOPATRA DR/LANCELOT DR (0000114),114,03 - At intersection,02 - Non-fatal injury,02 - Angle,03 - Snow,03 - Dawn,03 - Loose snow,01 - Traffic signal,01 - Functioning,2,0,0,0,01 - Minimal,1,1,,,,365234.6967,5021731.156,45.33292618,-75.72896263,6786
17--3115,3/15/2017,5:57 PM,EAGLESON RD @ MICHAEL COWPLAND DR/STONEHAVEN D (0003544),3544,02 - Intersection related,03 - P.D. only,03 - Rear end,03 - Snow,01 - Daylight,03 - Loose snow,01 - Traffic signal,01 - Functioning,2,0,0,0,,0,,,,,354382.2916,5016622.106,45.28780472,-75.86792149,6787