Anom_ID,Accident_Date,Accident_Time,Location,Geo_ID,Accident_Location,Classification_of_Accident,Initial_Impact_Type,Environment_Condition,Light,Road_Surface_Condition,Traffic_Control,Traffic_Control_Condition,No__of_Vehicles,No__of_Bicycles,No__of_Motorcycles,No__of_Pedestrians,Max_Injury,No__of_Injuries,No__of_Minimal,No__of_Minor,No__of_Major,No__of_Fatal,X,Y,Latitude,Longitude,ObjectId
17--3116,3/15/2017,6:00 AM,INNES RD @ STAR TOP RD/WINDMILL LANE (0008734),8734,02 - Intersection related,03 - P.D. only,03 - Rear end,03 - Snow,07 - Dark,05 - Packed snow,01 - Traffic signal,01 - Functioning,2,0,0,0,,0,,,,,374146.7225,5030667.229,45.41250494,-75.61401947,6788
17--3117,3/15/2017,6:20 AM,HOLLAND AVE/TUNNEY'S PASTURE @ SCOTT ST (0006494),6494,03 - At intersection,03 - P.D. only,05 - Turning movement,03 - Snow,01 - Daylight,05 - Packed snow,01 - Traffic signal,01 - Functioning,2,0,0,0,,0,,,,,364736.6937,5029594.888,45.40372549,-75.73436164,6789
17--3118,3/15/2017,6:20 PM,SAUNDERSON DR @ SMYTH RD (0007729),7729,02 - Intersection related,02 - Non-fatal injury,07 - SMV other,01 - Clear,07 - Dark,05 - Packed snow,01 - Traffic signal,01 - Functioning,1,0,0,1,01 - Minimal,1,1,,,,372794.7346,5029324.22,45.40055382,-75.63147579,6790
17--3119,3/15/2017,6:30 AM,HIGHWAY 417 btwn HWY417 IC144 RAMP35 & HWY417 IC144 RAMP25 (__3ZA2QT),__3ZA2QT,01 - Non intersection,03 - P.D. only,07 - SMV other,05 - Drifting Snow,03 - Dawn,03 - Loose snow,10 - No control,,1,0,0,0,,0,,,,,347494.2385,5015889.275,45.28166262,-75.95578963,6791
17--312,1/7/2017,1:27 PM,MCLEOD ST @ O'CONNOR ST (0007282),7282,02 - Intersection related,03 - P.D. only,04 - Sideswipe,01 - Clear,01 - Daylight,01 - Dry,01 - Traffic signal,01 - Functioning,2,0,0,0,,0,,,,,368117.5714,5030594.166,45.41241903,-75.69104979,6792
17--3120,3/15/2017,6:44 AM,BOUNDARY RD btwn DEVINE RD & PARKWAY RD (__3ZA3X5),__3ZA3X5,01 - Non intersection,02 - Non-fatal injury,01 - Approaching,03 - Snow,01 - Daylight,03 - Loose snow,10 - No control,,2,0,0,0,02 - Minor,1,,1,,,388367.1878,5021436.742,45.32790393,-75.43392784,6793
17--3121,3/15/2017,6:45 AM,ROGER STEVENS DR btwn RIDEAU VALLEY DR N & ROGER STEVENS DR (__3ZAZ5U),__3ZAZ5U,01 - Non intersection,03 - P.D. only,01 - Approaching,03 - Snow,03 - Dawn,03 - Loose snow,10 - No control,,2,0,0,0,,0,,,,,372300.6631,5002862.791,45.16250793,-75.6413851,6794
17--3122,3/15/2017,7:00 AM,TENTH LINE RD btwn TOMPKINS AVE & CANOTIA PL (__3ZA1TD),__3ZA1TD,01 - Non intersection,03 - P.D. only,04 - Sideswipe,03 - Snow,03 - Dawn,03 - Loose snow,10 - No control,,2,0,0,0,,0,,,,,383190.2844,5037958.484,45.47715084,-75.49733323,6795
17--3123,3/15/2017,7:00 AM,HIGHWAY 417 btwn HWY417 IC138 RAMP61 & HWY417 IC134 RAMP36 (__3ZA20I),__3ZA20I,01 - Non intersection,03 - P.D. only,04 - Sideswipe,05 - Drifting Snow,01 - Daylight,03 - Loose snow,10 - No control,,2,0,0,0,,0,,,,,355621.0059,5021822.318,45.33450857,-75.85159793,6796
17--3124,3/15/2017,7:00 AM,HIGHWAY 417 btwn HWY417 IC112 RAMP55 & HIGHWAY 417 (__3ZAZPP),__3ZAZPP,01 - Non intersection,03 - P.D. only,04 - Sideswipe,03 - Snow,01 - Daylight,06 - Ice,10 - No control,,2,0,0,0,,0,,,,,375048.7427,5030630.936,45.41208843,-75.60250175,6797
17--3125,3/15/2017,7:05 AM,HUNTER'S RUN DR @ JEANNE D'ARC BLVD (0012419),12419,03 - At intersection,03 - P.D. only,07 - SMV other,03 - Snow,01 - Daylight,03 - Loose snow,01 - Traffic signal,01 - Functioning,1,0,0,0,,0,,,,,380568.0817,5036173.903,45.46138408,-75.53114327,6798
17--3126,3/15/2017,7:09 AM,MACDONALD-CARTIER BR btwn RAMP & END (2) (__3ZA3UC),__3ZA3UC,07 - Overpass or bridge,03 - P.D. only,03 - Rear end,03 - Snow,01 - Daylight,03 - Loose snow,10 - No control,,2,0,0,0,,0,,,,,367301.0572,5033249.863,45.43638754,-75.70114364,6799
17--3127,3/15/2017,7:16 PM,BANK ST btwn BOYD RD & KENNEDY RD (__3ZA27D),__3ZA27D,01 - Non intersection,03 - P.D. only,07 - SMV other,03 - Snow,07 - Dark,06 - Ice,10 - No control,,1,0,0,0,,0,,,,,387307.2337,5001938.671,45.15259876,-75.4506819,6800
17--3128,3/15/2017,7:20 AM,HIGHWAY 417 btwn HWY417 IC140 RAMP51 & HWY417 IC140 RAMP35 (__3ZAZEY),__3ZAZEY,01 - Non intersection,03 - P.D. only,07 - SMV other,03 - Snow,01 - Daylight,03 - Loose snow,10 - No control,,1,0,0,0,,0,,,,,350785.7311,5018442.519,45.30442985,-75.91359938,6801
17--3129,3/15/2017,7:49 AM,LEITRIM RD S @ RAMSAYVILLE RD (0013708),13708,02 - Intersection related,03 - P.D. only,03 - Rear end,03 - Snow,01 - Daylight,03 - Loose snow,02 - Stop sign,00 - Unknown,2,0,0,0,,0,,,,,378785.7671,5023729.505,45.3496084,-75.55579808,6802
17--313,1/7/2017,10:05 AM,LEES AVE @  TRANSITWAY/HWY 417 NICHOLAS IC118R (0012210),12210,02 - Intersection related,03 - P.D. only,03 - Rear end,01 - Clear,01 - Daylight,06 - Ice,01 - Traffic signal,01 - Functioning,2,0,0,0,,0,,,,,369367.2303,5031283.263,45.41850509,-75.67499541,6803
17--3130,3/15/2017,7:51 AM,AIRPORT PKWY @ HUNT CLUB RD (0010856),10856,02 - Intersection related,03 - P.D. only,03 - Rear end,03 - Snow,01 - Daylight,04 - Slush,01 - Traffic signal,01 - Functioning,2,0,0,0,,0,,,,,371019.5313,5023702.998,45.35014619,-75.6549024,6804
17--3131,3/15/2017,7:52 PM,JOCKVALE RD @ STRANDHERD DR (0010541),10541,03 - At intersection,03 - P.D. only,05 - Turning movement,03 - Snow,07 - Dark,03 - Loose snow,01 - Traffic signal,01 - Functioning,3,0,0,0,,0,,,,,363561.4838,5014578.506,45.26870888,-75.75115569,6805
17--3132,3/15/2017,7:55 AM,HOLLAND AVE btwn SPENCER ST & ARMSTRONG ST (__3ZBN9P),__3ZBN9P,01 - Non intersection,03 - P.D. only,04 - Sideswipe,03 - Snow,01 - Daylight,03 - Loose snow,10 - No control,,2,0,0,0,,0,,,,,364839.0557,5029356.502,45.40157177,-75.7330832,6806
17--3133,3/15/2017,8:00 AM,HIGHWAY 417 btwn HWY 417 ANDERSON IC104R61 & HWY 417 BOUNDARY IC96R16 (__3ZA2W5),__3ZA2W5,01 - Non intersection,03 - P.D. only,07 - SMV other,03 - Snow,01 - Daylight,03 - Loose snow,10 - No control,,1,0,0,0,,0,,,,,383299.1237,5025403.619,45.36418024,-75.49794165,6807
17--3134,3/15/2017,8:00 AM,HIGHWAY 417 btwn HWY417 IC124 RAMP65 & HWY417 IC122 RAMP51 (__3ZA2R8),__3ZA2R8,01 - Non intersection,03 - P.D. only,03 - Rear end,03 - Snow,01 - Daylight,03 - Loose snow,10 - No control,,3,0,0,0,,0,,,,,365126.8126,5028669.664,45.39536701,-75.72949183,6808
17--3135,3/15/2017,8:05 PM,MAPLE GROVE RD btwn HUNTMAR DR & ROSEHILL AVE (__6O5Y3X),__6O5Y3X,01 - Non intersection,03 - P.D. only,01 - Approaching,01 - Clear,07 - Dark,05 - Packed snow,10 - No control,,2,0,0,0,,0,,,,,350287.7818,5016729.784,45.28905057,-75.92010591,6809
17--3136,3/15/2017,8:20 AM,ST. JOSEPH BLVD @ DUFORD DR/PLACE D'ORLEANS DR (0003629),3629,02 - Intersection related,03 - P.D. only,03 - Rear end,03 - Snow,01 - Daylight,03 - Loose snow,01 - Traffic signal,01 - Functioning,2,0,0,0,,0,,,,,381999.2512,5037996.248,45.47762331,-75.51255915,6810
17--3137,3/15/2017,8:25 AM,MCCARTHY RD @ WALKLEY RD (0006969),6969,02 - Intersection related,03 - P.D. only,03 - Rear end,03 - Snow,01 - Daylight,03 - Loose snow,01 - Traffic signal,01 - Functioning,2,0,0,0,,0,,,,,369248.714,5025301.191,45.36469127,-75.67729093,6811
17--3138,3/15/2017,8:37 AM,CARLING AVE WB btwn HARE AVE & BROMLEY RD (__3ZA263),__3ZA263,01 - Non intersection,03 - P.D. only,07 - SMV other,03 - Snow,01 - Daylight,05 - Packed snow,10 - No control,,1,0,0,0,,0,,,,,362540.6237,5026235.49,45.37368267,-75.76280517,6812
17--3139,3/15/2017,8:45 AM,HIGHWAY 416 btwn HWY416 IC66 RAMP62 & HWY416 IC72 RAMP24 (__3ZAZMZ),__3ZAZMZ,01 - Non intersection,03 - P.D. only,07 - SMV other,03 - Snow,01 - Daylight,03 - Loose snow,10 - No control,,1,0,0,0,,0,,,,,360288.3234,5017774.585,45.29773336,-75.79250751,6813
17--314,1/7/2017,10:09 AM,BOWHILL AVE @ HILLHURST PL (0001966),1966,03 - At intersection,03 - P.D. only,02 - Angle,01 - Clear,01 - Daylight,06 - Ice,03 - Yield sign,01 - Functioning,2,0,0,0,,0,,,,,365515.7032,5023744.502,45.35101773,-75.72513073,6814
17--3140,3/15/2017,9:10 AM,ALBERT ST btwn SCOTT ST & CITY CENTRE AVE (1) (__3ZA32WA),__3ZA32WA,01 - Non intersection,03 - P.D. only,03 - Rear end,05 - Drifting Snow,01 - Daylight,03 - Loose snow,10 - No control,,2,0,0,0,,0,,,,,365654.5228,5030150.413,45.40864478,-75.7225697,6815
17--3141,3/15/2017,9:13 AM,NORMAN ST @ PRESTON ST (0006127),6127,03 - At intersection,03 - P.D. only,02 - Angle,03 - Snow,01 - Daylight,03 - Loose snow,02 - Stop sign,01 - Functioning,2,0,0,0,,0,,,,,366717.0425,5029194.227,45.39994808,-75.70911712,6816
17--3142,3/15/2017,9:30 AM,BRONSON AVE @ SUNNYSIDE AVE/UNIVERSITY RD - CA (0007209),7209,02 - Intersection related,03 - P.D. only,03 - Rear end,03 - Snow,01 - Daylight,03 - Loose snow,01 - Traffic signal,01 - Functioning,2,0,0,0,,0,,,,,367923.0446,5028092.885,45.38993083,-75.69385497,6817
17--3143,3/15/2017,9:30 AM,ALBION RD btwn RIDEAU RD & TULLAMORE ST (__5RGNIJ),__5RGNIJ,01 - Non intersection,02 - Non-fatal injury,07 - SMV other,03 - Snow,01 - Daylight,03 - Loose snow,10 - No control,,1,0,0,0,02 - Minor,1,,1,,,375489.628,5015757.941,45.27822333,-75.59899522,6818
17--3144,3/15/2017,9:44 PM,CHAPMAN MILLS DR @ BEATRICE DR (0010973),10973,02 - Intersection related,03 - P.D. only,03 - Rear end,03 - Snow,07 - Dark,03 - Loose snow,01 - Traffic signal,01 - Functioning,2,0,0,0,,0,,,,,365540.8727,5014927.161,45.27167791,-75.72589039,6819
17--3145,3/15/2017,9:50 AM,HIGHWAY 417 btwn HWY417 IC121A RAMP51 & HWY417 IC120A RAMP52 (__3ZA2R6),__3ZA2R6,01 - Non intersection,03 - P.D. only,07 - SMV other,03 - Snow,01 - Daylight,03 - Loose snow,10 - No control,,1,0,0,0,,0,,,,,367247.761,5029726.191,45.40468741,-75.70227141,6820
17--3146,3/15/2017,9:54 AM,EAGLESON RD @ HAZELDEAN RD/ROBERTSON RD (0002715),2715,02 - Intersection related,03 - P.D. only,03 - Rear end,03 - Snow,01 - Daylight,06 - Ice,01 - Traffic signal,01 - Functioning,2,0,0,0,,0,,,,,353675.2971,5018424.46,45.30407223,-75.87675613,6821
17--3147,3/15/2017,9:55 AM,COLONEL BY DR @ COLONEL BY DR SB ON RAMP 43 (0002623),2623,02 - Intersection related,03 - P.D. only,03 - Rear end,03 - Snow,01 - Daylight,03 - Loose snow,02 - Stop sign,00 - Unknown,2,0,0,0,,0,,,,,367640.2329,5028441.268,45.39309092,-75.69742204,6822
17--3148,3/16/2017,1:05 PM,CYRVILLE RD @ INNES RD (0009352),9352,02 - Intersection related,03 - P.D. only,99 - Other,01 - Clear,01 - Daylight,01 - Dry,01 - Traffic signal,01 - Functioning,2,0,0,0,,0,,,,,375048.0592,5031119.564,45.41648491,-75.60244084,6823
17--3149,3/16/2017,1:10 PM,ALBION RD @ BANK ST (0012409),12409,02 - Intersection related,03 - P.D. only,02 - Angle,01 - Clear,01 - Daylight,02 - Wet,01 - Traffic signal,01 - Functioning,2,0,0,0,,0,,,,,371945.7246,5024129.499,45.35389564,-75.64302566,6824
17--315,1/7/2017,11:00 AM,KELLY AVE @ MONCTON RD (0002584),2584,02 - Intersection related,03 - P.D. only,07 - SMV other,01 - Clear,01 - Daylight,06 - Ice,02 - Stop sign,01 - Functioning,1,0,0,0,,0,,,,,360355.6751,5023984.233,45.35360258,-75.79095209,6825
17--3150,3/16/2017,1:15 PM,OTTAWA RIVER PKWY ONR-EB @ PARKDALE AVE (0011242),11242,02 - Intersection related,03 - P.D. only,04 - Sideswipe,01 - Clear,01 - Daylight,01 - Dry,10 - No control,00 - Unknown,2,0,0,0,,0,,,,,364692.6362,5030334.367,45.41038293,-75.73483456,6826
17--3151,3/16/2017,1:21 PM,INNES RD @ LANTHIER DR/PRESTWICK DR (0004251),4251,02 - Intersection related,03 - P.D. only,03 - Rear end,01 - Clear,01 - Daylight,01 - Dry,01 - Traffic signal,01 - Functioning,2,0,0,0,,0,,,,,383541.128,5035987.93,45.45938211,-75.49316211,6827
17--3152,3/16/2017,10:18 PM,OTTAWA ROAD 29 btwn GALETTA SIDE RD & GALETTA SIDE RD (__3ZA2RW),__3ZA2RW,01 - Non intersection,03 - P.D. only,07 - SMV other,03 - Snow,07 - Dark,05 - Packed snow,10 - No control,,1,0,0,0,,0,,,,,319537.9538,5027734.144,45.38939244,-76.3117833,6828
17--3153,3/16/2017,10:55 AM,METCALFE ST btwn FRANK ST & GLADSTONE AVE (__3ZA3QB),__3ZA3QB,01 - Non intersection,03 - P.D. only,04 - Sideswipe,01 - Clear,01 - Daylight,03 - Loose snow,10 - No control,,2,0,0,0,,0,,,,,368216.2367,5030774.012,45.41402829,-75.68976622,6829
17--245,1/5/2017,8:53 AM,COLONNADE RD @ PRINCE OF WALES DR (0005249),5249,02 - Intersection related,03 - P.D. only,03 - Rear end,01 - Clear,01 - Daylight,06 - Ice,01 - Traffic signal,01 - Functioning,2,0,0,0,,0,,,,,367393.7083,5023265.847,45.34654578,-75.70122604,6830
17--2450,2/24/2017,8:54 AM,MOODIE DR @ TIMM DR (0001106),1106,02 - Intersection related,03 - P.D. only,03 - Rear end,01 - Clear,01 - Daylight,01 - Dry,02 - Stop sign,00 - Unknown,2,0,0,0,,0,,,,,356813.5276,5021095.097,45.32787758,-75.83646052,6831
17--2894,3/9/2017,11:35 AM,FALLOWFIELD RD @ GREENBANK RD (0000549),549,02 - Intersection related,03 - P.D. only,04 - Sideswipe,01 - Clear,01 - Daylight,01 - Dry,01 - Traffic signal,01 - Functioning,2,0,0,0,,0,,,,,363080.3413,5016732.455,45.28813021,-75.75703385,6832
17--2451,2/24/2017,9:30 PM,BRITANNIA RD @ CARLING AVE (0002777),2777,03 - At intersection,02 - Non-fatal injury,07 - SMV other,01 - Clear,07 - Dark,02 - Wet,02 - Stop sign,01 - Functioning,1,0,0,1,02 - Minor,1,,1,,,360173.6742,5024740.535,45.36042216,-75.79319004,6833
17--2452,2/24/2017,9:30 PM,ST. JOSEPH BLVD/OLD MONTREAL RD @ TRIM RD (0004118),4118,03 - At intersection,03 - P.D. only,04 - Sideswipe,02 - Rain,07 - Dark,02 - Wet,11 - Roundabout,01 - Functioning,2,0,0,0,,0,,,,,384683.7573,5039286.251,45.48892753,-75.4780177,6834
17--2895,3/9/2017,11:46 AM,CARLING AVE @ ISLAND PARK DR (0010785),10785,03 - At intersection,03 - P.D. only,02 - Angle,01 - Clear,01 - Daylight,01 - Dry,01 - Traffic signal,01 - Functioning,2,0,0,0,,0,,,,,365349.034,5027996.874,45.38929421,-75.72673639,6835
17--2453,2/24/2017,9:50 AM,PARKDALE AVE @ SCOTT ST (0002213),2213,03 - At intersection,03 - P.D. only,02 - Angle,01 - Clear,01 - Daylight,01 - Dry,01 - Traffic signal,01 - Functioning,2,0,0,0,,0,,,,,364950.7069,5029726.56,45.40489189,-75.731612,6836
17--2454,2/25/2017,1:12 AM,HIGHWAY 417 btwn HWY417 IC138 RAMP61 & HWY417 IC134 RAMP36 (__3ZA20I),__3ZA20I,01 - Non intersection,03 - P.D. only,07 - SMV other,01 - Clear,07 - Dark,02 - Wet,10 - No control,,1,0,0,0,,0,,,,,355802.9792,5021934.067,45.3355009,-75.84926485,6837
17--2896,3/9/2017,11:52 AM,BASELINE RD @ FISHER AVE (0002346),2346,02 - Intersection related,03 - P.D. only,04 - Sideswipe,01 - Clear,01 - Daylight,01 - Dry,01 - Traffic signal,01 - Functioning,2,0,0,0,,0,,,,,366167.6969,5026027.864,45.37150624,-75.71652707,6838
17--2455,2/25/2017,1:15 PM,LICHEN AVE btwn CHAREST WAY & MARCHANT DR (__3ZAZ1M),__3ZAZ1M,01 - Non intersection,03 - P.D. only,06 - SMV unattended vehicle,02 - Rain,01 - Daylight,02 - Wet,10 - No control,,1,0,0,0,,0,,,,,385519.9723,5036689.84,45.4654714,-75.46774808,6839
17--2456,2/25/2017,12:15 PM,ST. JOSEPH BLVD @ JEANNE D'ARC BLVD (0012421),12421,03 - At intersection,03 - P.D. only,02 - Angle,02 - Rain,01 - Daylight,02 - Wet,11 - Roundabout,01 - Functioning,2,0,0,0,,0,,,,,379861.7458,5036471.581,45.46413861,-75.54012855,6840
17--2457,2/25/2017,12:35 PM,RICHMOND RD btwn WINSTON AVE & CHURCHILL AVE N (__3ZA4OS),__3ZA4OS,01 - Non intersection,03 - P.D. only,06 - SMV unattended vehicle,03 - Snow,01 - Daylight,02 - Wet,10 - No control,,1,0,0,0,,0,,,,,363220.4884,5028287.444,45.3920895,-75.753883,6841
17--2458,2/25/2017,12:42 PM,BRONSON AVE @ RAMP 34/42A (0011430),11430,02 - Intersection related,03 - P.D. only,03 - Rear end,02 - Rain,01 - Daylight,02 - Wet,10 - No control,,2,0,0,0,,0,,,,,368415.4173,5027186.386,45.38172987,-75.68768434,6842
17--2459,2/25/2017,2:03 PM,BEAUSEJOUR DR @ JEANNE D'ARC BLVD (0003636),3636,03 - At intersection,03 - P.D. only,05 - Turning movement,02 - Rain,01 - Daylight,02 - Wet,01 - Traffic signal,01 - Functioning,2,0,0,0,,0,,,,,381420.4127,5036059.902,45.46026544,-75.52026376,6843
17--246,1/5/2017,8:58 AM,FINDLAY CREEK DR btwn NETLEY CIRC & KELLY FARM DR (__45C4YR),__45C4YR,01 - Non intersection,03 - P.D. only,99 - Other,02 - Rain,01 - Daylight,06 - Ice,10 - No control,,2,0,0,0,,0,,,,,375300.827,5019969.756,45.31613871,-75.60080257,6844
17--2460,2/25/2017,2:20 PM,STONEHENGE CRES btwn WHITTAKER CRES & WHITTAKER CRES (__3ZBO9S),__3ZBO9S,01 - Non intersection,02 - Non-fatal injury,01 - Approaching,02 - Rain,01 - Daylight,02 - Wet,10 - No control,,2,0,0,0,02 - Minor,2,1,1,,,375404.1589,5031530.09,45.42014276,-75.5978327,6845
17--2461,2/25/2017,2:20 PM,WALKLEY RD btwn ST. LAURENT BLVD & MARTHA AVE (__3ZA2EM),__3ZA2EM,01 - Non intersection,03 - P.D. only,04 - Sideswipe,02 - Rain,01 - Daylight,02 - Wet,10 - No control,,2,0,0,0,,0,,,,,373932.6918,5028064.403,45.38910714,-75.61711846,6846
17--2462,2/25/2017,2:22 PM,FOXFIELD DR btwn GREENBANK RD & KADEER WAY (__3ZABLL),__3ZABLL,04 - At/near private drive,03 - P.D. only,02 - Angle,02 - Rain,01 - Daylight,02 - Wet,10 - No control,,2,0,0,0,,0,,,,,363345.1442,5016209.185,45.28339982,-75.75372013,6847
17--2463,2/25/2017,2:45 PM,BRIAN COBURN BLVD btwn AQUAVIEW DR & TENTH LINE RD (__5JY425),__5JY425,04 - At/near private drive,03 - P.D. only,03 - Rear end,01 - Clear,01 - Daylight,02 - Wet,10 - No control,,2,0,0,0,,0,,,,,384484.8745,5035046.843,45.45080807,-75.48124911,6848
17--2464,2/25/2017,3:00 PM,JEANNE D'ARC BLVD @ ORLEANS BLVD N (0003792),3792,02 - Intersection related,03 - P.D. only,03 - Rear end,02 - Rain,01 - Daylight,02 - Wet,01 - Traffic signal,01 - Functioning,2,0,0,0,,0,,,,,380028.7278,5038105.974,45.47882562,-75.53774331,6849
17--2465,2/25/2017,3:00 PM,OTTAWA RIVER PKWY @ ISLAND PARK DR (0002127),2127,03 - At intersection,03 - P.D. only,03 - Rear end,02 - Rain,01 - Daylight,02 - Wet,01 - Traffic signal,01 - Functioning,2,0,0,0,,0,,,,,363298.7003,5029453.607,45.40257591,-75.75274591,6850
17--2466,2/25/2017,3:11 PM,PAMILLA ST @ PRESTON ST (0006134),6134,03 - At intersection,03 - P.D. only,02 - Angle,02 - Rain,01 - Daylight,02 - Wet,01 - Traffic signal,01 - Functioning,2,0,0,0,,0,,,,,366749.7065,5029121.23,45.39928839,-75.7087091,6851
17--2467,2/25/2017,3:21 PM,INNES RD @ TRIM RD (0012870),12870,03 - At intersection,03 - P.D. only,02 - Angle,02 - Rain,01 - Daylight,02 - Wet,01 - Traffic signal,01 - Functioning,2,0,0,0,,0,,,,,386567.7754,5037273.556,45.47060121,-75.45425383,6852
17--2468,2/25/2017,3:28 PM,TENTH LINE RD @ OR174 IC101 RAMP61 (0009217),9217,02 - Intersection related,03 - P.D. only,03 - Rear end,02 - Rain,01 - Daylight,02 - Wet,02 - Stop sign,00 - Unknown,4,0,0,0,,0,,,,,382703.4926,5039061.455,45.48712886,-75.50338372,6853
17--2469,2/25/2017,3:57 PM,OLD MONTREAL RD btwn MEADOW LANE RD & KING ARTHUR ST (__6R2ND2),__6R2ND2,01 - Non intersection,03 - P.D. only,07 - SMV other,02 - Rain,01 - Daylight,02 - Wet,10 - No control,,1,0,0,0,,0,,,,,386838.4205,5040903.296,45.50322604,-75.45018658,6854
17--247,1/5/2017,9:01 AM,BYRON AVE @ GOLDEN AVE (0006081),6081,02 - Intersection related,03 - P.D. only,03 - Rear end,03 - Snow,01 - Daylight,05 - Packed snow,02 - Stop sign,01 - Functioning,3,0,0,0,,0,,,,,362886.4041,5027978.551,45.38933792,-75.75818576,6855
17--2470,2/25/2017,4:30 PM,BELANGER AVE btwn CLEMENTINE BLVD & BANK ST (__3ZBOUA),__3ZBOUA,01 - Non intersection,03 - P.D. only,06 - SMV unattended vehicle,02 - Rain,01 - Daylight,02 - Wet,10 - No control,,1,0,0,0,,0,,,,,369613.8891,5027419.375,45.38371637,-75.67235186,6856
17--2471,2/25/2017,5:09 PM,BRONSON AVE @ CATHERINE ST/RAYMOND ST (0007198),7198,02 - Intersection related,03 - P.D. only,04 - Sideswipe,02 - Rain,01 - Daylight,02 - Wet,01 - Traffic signal,01 - Functioning,2,0,0,0,,0,,,,,367251.0363,5029796.567,45.40532034,-75.70222066,6857
17--2472,2/25/2017,5:24 PM,INNES RD @ WILDFLOWER DR (0012871),12871,03 - At intersection,03 - P.D. only,05 - Turning movement,02 - Rain,05 - Dusk,02 - Wet,01 - Traffic signal,01 - Functioning,2,0,0,0,,0,,,,,382937.7585,5035689.887,45.45676831,-75.50092338,6858
17--2473,2/25/2017,6:53 PM,OSGOODE ST btwn BLACKBURN AVE & GOULBURN AVE (__3ZA8KD),__3ZA8KD,01 - Non intersection,03 - P.D. only,06 - SMV unattended vehicle,01 - Clear,07 - Dark,01 - Dry,10 - No control,,1,0,0,0,,0,,,,,369356.9461,5032163.173,45.42642314,-75.6750115,6859
17--2474,2/25/2017,7:16 PM,BOOTH ST @ ECCLES ST (0005105),5105,03 - At intersection,03 - P.D. only,02 - Angle,02 - Rain,07 - Dark,02 - Wet,01 - Traffic signal,01 - Functioning,2,0,0,0,,0,,,,,366624.0344,5030185.895,45.40887906,-75.71018069,6860
17--2475,2/25/2017,7:20 PM,BOOTH ST @ SOMERSET ST (0002216),2216,02 - Intersection related,03 - P.D. only,04 - Sideswipe,02 - Rain,07 - Dark,02 - Wet,01 - Traffic signal,01 - Functioning,2,0,0,0,,0,,,,,366592.3684,5030253.902,45.40949377,-75.71057667,6861
17--2476,2/25/2017,7:52 PM,CONROY RD @ THURSTON DR (0011389),11389,02 - Intersection related,03 - P.D. only,04 - Sideswipe,02 - Rain,07 - Dark,02 - Wet,01 - Traffic signal,01 - Functioning,2,0,0,0,,0,,,,,373204.1961,5026796.086,45.37776689,-75.62659661,6862
17--2477,2/25/2017,7:53 PM,CENTURY RD S @ MCCORDICK RD S (0003724),3724,03 - At intersection,02 - Non-fatal injury,02 - Angle,01 - Clear,07 - Dark,02 - Wet,02 - Stop sign,01 - Functioning,2,0,0,0,02 - Minor,4,2,2,,,360469.7486,5003121.85,45.16587121,-75.79183383,6863
17--2478,2/25/2017,9:28 AM,FLEWELLYN RD btwn POPLARWOOD AVE & SHEA RD (__3ZABGI),__3ZABGI,01 - Non intersection,03 - P.D. only,07 - SMV other,02 - Rain,01 - Daylight,02 - Wet,10 - No control,,1,0,0,0,,0,,,,,352191.7326,5011439.397,45.24132024,-75.89633977,6864
17--2479,2/26/2017,10:08 AM,HUNT CLUB RD @ DOWNPATRICK RD/MCCARTHY RD (0006931),6931,02 - Intersection related,03 - P.D. only,03 - Rear end,01 - Clear,01 - Daylight,01 - Dry,01 - Traffic signal,01 - Functioning,2,0,0,0,,0,,,,,370509.4066,5023399.84,45.34746645,-75.66145221,6865
17--248,1/5/2017,9:03 AM,BLAIR PL @ OGILVIE RD (0004162),4162,02 - Intersection related,03 - P.D. only,04 - Sideswipe,01 - Clear,01 - Daylight,02 - Wet,01 - Traffic signal,01 - Functioning,2,0,0,0,,0,,,,,374799.7225,5033369.865,45.43675678,-75.60529363,6866
17--2480,2/26/2017,10:19 AM,COOPER ST @ ELGIN ST (0006934),6934,03 - At intersection,02 - Non-fatal injury,07 - SMV other,01 - Clear,01 - Daylight,01 - Dry,01 - Traffic signal,01 - Functioning,1,0,0,1,02 - Minor,1,,1,,,368121.3862,5031270.251,45.41850188,-75.69091418,6867
17--2481,2/26/2017,10:49 PM,GLENBRAE AVE btwn MARCONI AVE & CELTIC RIDGE CRES (__6K4TIY),__6K4TIY,04 - At/near private drive,03 - P.D. only,06 - SMV unattended vehicle,01 - Clear,07 - Dark,01 - Dry,10 - No control,,1,0,0,0,,0,,,,,349546.2596,5024788.113,45.36160915,-75.92883038,6868
17--2482,2/26/2017,12:05 AM,HIGHWAY 417 btwn HWY417 IC115 RAMP51 & HWY417 IC115 RAMP35 (__3ZAZEB),__3ZAZEB,01 - Non intersection,03 - P.D. only,03 - Rear end,01 - Clear,07 - Dark,01 - Dry,10 - No control,,2,0,0,0,,0,,,,,372187.917,5031465.859,45.41988202,-75.63893326,6869
17--2483,2/26/2017,12:23 PM,CONROY RD btwn CONROY RD & ROSEBELLA AVE (__3ZA3S2),__3ZA3S2,04 - At/near private drive,03 - P.D. only,06 - SMV unattended vehicle,01 - Clear,01 - Daylight,01 - Dry,10 - No control,,1,0,0,0,,0,,,,,373824.2751,5025272.081,45.36399373,-75.61889316,6870