Anom_ID,Accident_Date,Accident_Time,Location,Geo_ID,Accident_Location,Classification_of_Accident,Initial_Impact_Type,Environment_Condition,Light,Road_Surface_Condition,Traffic_Control,Traffic_Control_Condition,No__of_Vehicles,No__of_Bicycles,No__of_Motorcycles,No__of_Pedestrians,Max_Injury,No__of_Injuries,No__of_Minimal,No__of_Minor,No__of_Major,No__of_Fatal,X,Y,Latitude,Longitude,ObjectId
17--2484,2/26/2017,12:50 PM,CARP RD @ MCGEE SIDE RD (0005760),5760,02 - Intersection related,03 - P.D. only,03 - Rear end,01 - Clear,01 - Daylight,01 - Dry,02 - Stop sign,01 - Functioning,3,0,0,0,,0,,,,,344196.888,5019442.156,45.31382543,-75.99753597,6871
17--2485,2/26/2017,2:09 PM,FALLOWFIELD RD @ STRANDHERD DR (0005238),5238,02 - Intersection related,03 - P.D. only,04 - Sideswipe,01 - Clear,01 - Daylight,01 - Dry,01 - Traffic signal,01 - Functioning,2,0,0,0,,0,,,,,360752.5593,5014961.485,45.27238405,-75.78690604,6872
17--2486,2/26/2017,3:45 PM,VIEWMOUNT DR @ MERIVALE RD (0001528),1528,02 - Intersection related,03 - P.D. only,04 - Sideswipe,01 - Clear,01 - Daylight,01 - Dry,01 - Traffic signal,01 - Functioning,2,0,0,0,,0,,,,,365194.7004,5022947.827,45.34387707,-75.72932436,6873
17--2487,2/26/2017,4:43 AM,HALTON TER btwn BANNOCK CRES & FLAMBOROUGH WAY (__3ZA58A),__3ZA58A,01 - Non intersection,03 - P.D. only,06 - SMV unattended vehicle,03 - Snow,07 - Dark,03 - Loose snow,10 - No control,,1,0,0,0,,0,,,,,349232.4474,5023331.071,45.34851832,-75.93296683,6874
17--2488,2/26/2017,5:10 AM,RICHMOND RD @ WEST HUNT CLUB RD (0000598),598,02 - Intersection related,03 - P.D. only,07 - SMV other,03 - Snow,07 - Dark,03 - Loose snow,01 - Traffic signal,01 - Functioning,1,0,0,0,,0,,,,,357145.3129,5018153.131,45.30138076,-75.83253904,6875
17--2489,2/26/2017,6:06 PM,SADDLESMITH CIRC btwn TO BE DETERMINED & CEDAR VALLEY DR (2) (__4VGSG3),__4VGSG3,01 - Non intersection,03 - P.D. only,03 - Rear end,01 - Clear,07 - Dark,01 - Dry,10 - No control,,2,0,0,0,,0,,,,,355809.8088,5015833.166,45.28060353,-75.84980566,6876
17--249,1/5/2017,9:05 AM,BANK ST @ RIVERSIDE DR N (0010778),10778,03 - At intersection,03 - P.D. only,02 - Angle,01 - Clear,01 - Daylight,01 - Dry,01 - Traffic signal,01 - Functioning,2,0,0,0,,0,,,,,369226.9505,5027983.546,45.3888283,-75.67721876,6877
17--2490,2/26/2017,8:46 PM,INDUSTRIAL AVE btwn RIVERSIDE DR & SANDFORD FLEMING AVE (__3ZA3PG),__3ZA3PG,01 - Non intersection,03 - P.D. only,04 - Sideswipe,01 - Clear,07 - Dark,02 - Wet,10 - No control,,2,0,0,0,,0,,,,,370782.7171,5030574.292,45.411994,-75.65700597,6878
17--2491,2/26/2017,9:15 AM,TENTH LINE RD @ WALL RD (0004719),4719,03 - At intersection,03 - P.D. only,99 - Other,01 - Clear,01 - Daylight,01 - Dry,02 - Stop sign,01 - Functioning,2,0,0,0,,0,,,,,385154.4538,5033308.214,45.43508883,-75.47297398,6879
17--2492,2/27/2017,1:50 PM,CARP RD @ STITTSVILLE MAIN ST (0005253),5253,03 - At intersection,03 - P.D. only,05 - Turning movement,01 - Clear,01 - Daylight,01 - Dry,01 - Traffic signal,01 - Functioning,2,0,0,0,,0,,,,,349525.1206,5014329.534,45.26750126,-75.93004436,6880
17--2493,2/27/2017,1:57 PM,MACKENZIE AVE @ RIDEAU ST (0002136),2136,03 - At intersection,03 - P.D. only,02 - Angle,01 - Clear,01 - Daylight,01 - Dry,01 - Traffic signal,01 - Functioning,2,0,0,0,,0,,,,,367870.7025,5032010.918,45.4251888,-75.69402214,6881
17--2494,2/27/2017,10:00 AM,CASTLEFRANK RD @ HAZELDEAN RD (0003608),3608,02 - Intersection related,03 - P.D. only,03 - Rear end,01 - Clear,01 - Daylight,01 - Dry,01 - Traffic signal,01 - Functioning,2,0,0,0,,0,,,,,352676.8748,5017678.107,45.29742513,-75.88955907,6882
17--2495,2/27/2017,10:06 AM,MONTREAL RD @ NORTH RIVER RD (0009805),9805,03 - At intersection,02 - Non-fatal injury,07 - SMV other,01 - Clear,01 - Daylight,01 - Dry,01 - Traffic signal,01 - Functioning,1,0,0,0,02 - Minor,1,,1,,,369740.0432,5032888.254,45.43291167,-75.67002071,6883
17--2496,2/27/2017,10:58 AM,LEEDS AVE btwn BLACKWELL ST & SHEFFIELD RD (__3ZA784),__3ZA784,04 - At/near private drive,03 - P.D. only,02 - Angle,01 - Clear,01 - Daylight,01 - Dry,10 - No control,,2,0,0,0,,0,,,,,374757.7134,5029509.519,45.40202765,-75.60637861,6884
17--2497,2/27/2017,11:12 AM,ALBERT ST @ ELGIN ST/MACKENZIE KING BRIDGE (0002226),2226,03 - At intersection,03 - P.D. only,07 - SMV other,01 - Clear,01 - Daylight,01 - Dry,01 - Traffic signal,01 - Functioning,1,0,0,0,,0,,,,,367851.7149,5031712.25,45.42250319,-75.69430299,6885
17--2498,2/27/2017,Unknown,EVANS BLVD btwn BANK ST & WILLOWDALE AVE (__3ZA9PT),__3ZA9PT,01 - Non intersection,03 - P.D. only,06 - SMV unattended vehicle,01 - Clear,00 - Unknown,01 - Dry,10 - No control,,1,0,0,0,,0,,,,,369947.9143,5027035.021,45.3802271,-75.66813766,6886
17--2499,2/27/2017,12:29 PM,CARLING AVE EB btwn BAYSHORE DR & CARLING AVE (__3ZA4VJ),__3ZA4VJ,01 - Non intersection,02 - Non-fatal injury,04 - Sideswipe,01 - Clear,01 - Daylight,01 - Dry,10 - No control,,2,0,0,0,01 - Minimal,1,1,,,,359132.307,5024052.755,45.354315,-75.80655704,6887
17--25,1/2/2017,2:41 PM,INNES RD @ JEANNE D'ARC BLVD/MER BLEUE RD (0012475),12475,02 - Intersection related,03 - P.D. only,03 - Rear end,01 - Clear,01 - Daylight,02 - Wet,01 - Traffic signal,01 - Functioning,2,0,0,0,,0,,,,,382637.0109,5035565.491,45.45568267,-75.50478787,6888
17--250,1/5/2017,9:15 AM,HERON RD @ WALKLEY RD (0011256),11256,02 - Intersection related,02 - Non-fatal injury,03 - Rear end,01 - Clear,01 - Daylight,06 - Ice,01 - Traffic signal,01 - Functioning,2,0,0,0,01 - Minimal,1,1,,,,372268.8473,5027082.786,45.3804372,-75.63849885,6889
17--2500,2/27/2017,12:33 PM,CENTRAL PARK DR N @ MERIVALE RD (0011433),11433,02 - Intersection related,03 - P.D. only,04 - Sideswipe,01 - Clear,01 - Daylight,01 - Dry,01 - Traffic signal,01 - Functioning,2,0,0,0,,0,,,,,364954.5761,5025873.588,45.37022327,-75.73203219,6890
17--2501,2/27/2017,12:37 PM,FIFTH AVE btwn ADELAIDE ST & O'CONNOR ST (__3ZA92F),__3ZA92F,01 - Non intersection,03 - P.D. only,04 - Sideswipe,01 - Clear,01 - Daylight,05 - Packed snow,10 - No control,,2,0,0,0,,0,,,,,368687.6033,5029571.169,45.40316264,-75.68390032,6891
17--2502,2/27/2017,2:35 PM,JEANNE D'ARC BLVD @ ORLEANS BLVD N (0003792),3792,03 - At intersection,03 - P.D. only,05 - Turning movement,01 - Clear,01 - Daylight,01 - Dry,01 - Traffic signal,01 - Functioning,2,0,0,0,,0,,,,,380027.7245,5038106.268,45.47882838,-75.53775609,6892
17--2503,2/27/2017,2:49 PM,BANK ST @ CHAMBERLAIN AVE N/ISABELLA ST (0002132),2132,02 - Intersection related,03 - P.D. only,02 - Angle,01 - Clear,01 - Daylight,01 - Dry,01 - Traffic signal,01 - Functioning,2,0,0,0,,0,,,,,368081.7088,5030166.562,45.40857483,-75.69156282,6893
17--2504,2/27/2017,3:00 PM,RICHMOND RD btwn WEST HUNT CLUB RD & SEYTON DR (__3ZA41P),__3ZA41P,01 - Non intersection,03 - P.D. only,04 - Sideswipe,01 - Clear,01 - Daylight,01 - Dry,10 - No control,,2,0,0,0,,0,,,,,357331.7299,5019013.079,45.30910477,-75.83007104,6894
17--2505,2/27/2017,3:02 PM,MERIVALE RD @ SHILLINGTON AVE (0011308),11308,02 - Intersection related,03 - P.D. only,03 - Rear end,01 - Clear,01 - Daylight,01 - Dry,01 - Traffic signal,01 - Functioning,2,0,0,0,,0,,,,,364845.6975,5026808.869,45.3786481,-75.73330836,6895
17--2506,2/27/2017,3:06 PM,GRASSY PLAINS DR btwn FARMFIELD CRES & STONEHAVEN DR (__3ZA54F),__3ZA54F,01 - Non intersection,03 - P.D. only,03 - Rear end,01 - Clear,01 - Daylight,01 - Dry,10 - No control,,2,0,0,0,,0,,,,,356188.9187,5015953.729,45.28166077,-75.84496119,6896
17--2507,2/27/2017,3:30 PM,LEES AVE btwn CHESTNUT ST & HWY417 IC118 RAMP45 (__3ZAZD2),__3ZAZD2,01 - Non intersection,03 - P.D. only,06 - SMV unattended vehicle,01 - Clear,01 - Daylight,01 - Dry,10 - No control,,1,0,0,0,,0,,,,,369403.0755,5030799.622,45.41415016,-75.67460085,6897
17--2508,2/27/2017,3:31 PM,ST. JOSEPH BLVD @ REGIONAL RD 174/TRANSITWAY (0012428),12428,02 - Intersection related,02 - Non-fatal injury,03 - Rear end,01 - Clear,01 - Daylight,01 - Dry,01 - Traffic signal,01 - Functioning,2,0,0,0,01 - Minimal,1,1,,,,376556.3271,5035055.537,45.45174533,-75.58259851,6898
17--2509,2/27/2017,3:46 PM,INNES RD @ TENTH LINE RD (0004633),4633,02 - Intersection related,02 - Non-fatal injury,03 - Rear end,01 - Clear,01 - Daylight,01 - Dry,01 - Traffic signal,01 - Functioning,2,0,0,0,02 - Minor,1,,1,,,383953.2888,5036158.542,45.46087055,-75.4878653,6899
17--251,1/5/2017,9:26 AM,HAWTHORNE RD @ HUNT CLUB RD (0007651),7651,02 - Intersection related,03 - P.D. only,03 - Rear end,01 - Clear,01 - Daylight,06 - Ice,01 - Traffic signal,01 - Functioning,2,0,0,0,,0,,,,,375506.8915,5026405.671,45.37402553,-75.59725468,6900
17--2510,2/27/2017,4:22 PM,CENTREPOINTE DR @ SUMMERWALK PL (0001134),1134,02 - Intersection related,03 - P.D. only,03 - Rear end,01 - Clear,01 - Daylight,01 - Dry,02 - Stop sign,00 - Unknown,2,0,0,0,,0,,,,,361816.3442,5022578.5,45.34083662,-75.77247335,6901
17--2511,2/27/2017,4:22 PM,BRONSON AVE btwn PLYMOUTH ST & RENFREW AVE (__3ZA3B1),__3ZA3B1,01 - Non intersection,03 - P.D. only,04 - Sideswipe,01 - Clear,01 - Daylight,01 - Dry,10 - No control,,2,0,0,0,,0,,,,,367352.3638,5029566.279,45.40323923,-75.70095559,6902
17--2512,2/27/2017,4:40 PM,HAWTHORNE RD @ HUNT CLUB RD (0007651),7651,02 - Intersection related,03 - P.D. only,03 - Rear end,01 - Clear,01 - Daylight,01 - Dry,01 - Traffic signal,01 - Functioning,2,0,0,0,,0,,,,,375506.9994,5026405.404,45.37402312,-75.59725334,6903
17--2513,2/27/2017,4:45 PM,BOTELER ST @ SUSSEX DR (0011436),11436,02 - Intersection related,03 - P.D. only,03 - Rear end,01 - Clear,01 - Daylight,01 - Dry,01 - Traffic signal,01 - Functioning,2,0,0,0,,0,,,,,367452.3148,5032951.302,45.43368766,-75.69924853,6904
17--2514,2/27/2017,5:05 PM,WEST HUNT CLUB RD @ WOODROFFE AVE (0000576),576,02 - Intersection related,03 - P.D. only,03 - Rear end,01 - Clear,01 - Daylight,01 - Dry,01 - Traffic signal,01 - Functioning,2,0,0,0,,0,,,,,363671.0255,5021245.82,45.32869208,-75.74896822,6905
17--2515,2/27/2017,5:25 PM,SUSSEX DR btwn GEORGE ST & RIDEAU ST (__3ZA3UZ),__3ZA3UZ,01 - Non intersection,03 - P.D. only,04 - Sideswipe,01 - Clear,07 - Dark,01 - Dry,10 - No control,,2,0,0,0,,0,,,,,367904.3159,5032073.814,45.42575168,-75.69358458,6906
17--2516,2/27/2017,7:07 AM,ALBION RD btwn LESTER RD & LEITRIM RD (__3ZA3SQ),__3ZA3SQ,01 - Non intersection,03 - P.D. only,07 - SMV other,01 - Clear,03 - Dawn,01 - Dry,10 - No control,,1,0,0,0,,0,,,,,373394.4101,5020648.756,45.32243695,-75.62502089,6907
17--2517,2/27/2017,7:07 PM,HUNT CLUB RD btwn CONROY RD & MALAK ST (__3ZA3S6),__3ZA3S6,01 - Non intersection,03 - P.D. only,04 - Sideswipe,01 - Clear,07 - Dark,01 - Dry,10 - No control,,2,0,0,0,,0,,,,,373983.4724,5025528.938,45.36628913,-75.61682526,6908
17--2518,2/27/2017,7:33 PM,DALHOUSIE ST @ MURRAY ST (0008241),8241,02 - Intersection related,03 - P.D. only,04 - Sideswipe,01 - Clear,07 - Dark,01 - Dry,01 - Traffic signal,00 - Unknown,2,0,0,0,,0,,,,,368001.0336,5032573.595,45.4302398,-75.6922846,6909
17--2519,2/27/2017,7:45 AM,BOTELER ST btwn SUSSEX DR & PARENT AVE (__3ZA3LI),__3ZA3LI,01 - Non intersection,03 - P.D. only,06 - SMV unattended vehicle,01 - Clear,01 - Daylight,01 - Dry,10 - No control,,1,0,0,0,,0,,,,,367489.773,5032957.991,45.43374448,-75.69876898,6910
17--252,1/5/2017,9:44 AM,BRONSON AVE btwn UNIVERSITY RD & BREWER WAY (__3ZA3BT),__3ZA3BT,01 - Non intersection,03 - P.D. only,03 - Rear end,01 - Clear,01 - Daylight,02 - Wet,10 - No control,,2,0,0,0,,0,,,,,367972.1494,5028004.966,45.38913534,-75.69323917,6911
17--2520,2/27/2017,8:02 PM,SOMERSET ST    E btwn NELSON ST & SWEETLAND AVE (__3ZA9O8),__3ZA9O8,04 - At/near private drive,02 - Non-fatal injury,05 - Turning movement,01 - Clear,07 - Dark,01 - Dry,10 - No control,,2,1,0,0,02 - Minor,1,,1,,,369106.1404,5031767.796,45.42288879,-75.67826789,6912
17--2521,2/28/2017,1:28 PM,BEAVERPOND DR @ BLAIR RD (0004166),4166,03 - At intersection,03 - P.D. only,03 - Rear end,01 - Clear,01 - Daylight,01 - Dry,01 - Traffic signal,01 - Functioning,2,0,0,0,,0,,,,,375398.9794,5031877.194,45.42326633,-75.59784913,6913
17--2522,2/28/2017,10:13 AM,CARLING AVE @ RICHMOND RD (0010847),10847,03 - At intersection,03 - P.D. only,02 - Angle,01 - Clear,01 - Daylight,01 - Dry,01 - Traffic signal,01 - Functioning,2,0,0,0,,0,,,,,360246.0135,5024782.85,45.36079719,-75.79226199,6914
17--2897,3/9/2017,12:03 PM,ALBERT ST btwn CITY CENTRE AVE & PRESTON ST (__3ZA32G),__3ZA32G,01 - Non intersection,03 - P.D. only,04 - Sideswipe,01 - Clear,01 - Daylight,01 - Dry,10 - No control,,2,0,0,0,,0,,,,,366132.9378,5030447.18,45.41127325,-75.71642149,6915
17--2898,3/9/2017,12:25 PM,FISHER AVE @ NORMANDY CRES S (0005079),5079,02 - Intersection related,03 - P.D. only,05 - Turning movement,01 - Clear,01 - Daylight,01 - Dry,02 - Stop sign,00 - Unknown,2,0,0,0,,0,,,,,366868.3736,5024341.189,45.35626819,-75.70779434,6916
17--2899,3/9/2017,12:25 PM,PANMURE RD @ UPPER DWYER HILL RD (0011474),11474,03 - At intersection,02 - Non-fatal injury,02 - Angle,01 - Clear,01 - Daylight,01 - Dry,02 - Stop sign,01 - Functioning,2,0,0,0,01 - Minimal,2,2,,,,329349.0881,5019816.874,45.31787344,-76.18688108,6917
17--29,1/2/2017,3:45 PM,BANK ST @ MASON ST (0005710),5710,02 - Intersection related,02 - Non-fatal injury,03 - Rear end,01 - Clear,01 - Daylight,01 - Dry,02 - Stop sign,00 - Unknown,2,0,0,0,02 - Minor,1,,1,,,377900.0501,5015640.45,45.27691971,-75.56829347,6918
17--290,1/6/2017,5:35 PM,HIGHWAY 417 btwn HWY417 IC122 RAMP16 & HWY417 IC122 RAMP61 (__3ZA2RA),__3ZA2RA,01 - Non intersection,03 - P.D. only,03 - Rear end,01 - Clear,05 - Dusk,02 - Wet,10 - No control,,2,0,0,0,,0,,,,,365611.7269,5029083.513,45.39904879,-75.72324795,6919
17--2900,3/9/2017,12:47 PM,PRINCE OF WALES DR @ WEST HUNT CLUB RD (0000567),567,02 - Intersection related,02 - Non-fatal injury,03 - Rear end,01 - Clear,01 - Daylight,01 - Dry,01 - Traffic signal,01 - Functioning,2,0,0,0,01 - Minimal,1,1,,,,367459.0448,5021891.503,45.33417386,-75.7005664,6920
17--2901,3/9/2017,2:00 PM,ST. JOSEPH BLVD btwn ST. JEAN ST & BELCOURT BLVD (__3ZA2AP),__3ZA2AP,04 - At/near private drive,03 - P.D. only,03 - Rear end,01 - Clear,01 - Daylight,01 - Dry,10 - No control,,2,0,0,0,,0,,,,,381067.158,5037261.971,45.47111933,-75.52459361,6921
17--2902,3/9/2017,2:18 PM,GLOUCESTER ST btwn BANK ST & O'CONNOR ST (__3ZBOR8),__3ZBOR8,04 - At/near private drive,03 - P.D. only,02 - Angle,01 - Clear,01 - Daylight,01 - Dry,10 - No control,,2,0,0,0,,0,,,,,367569.2779,5031225.743,45.41815116,-75.69797369,6922
17--2903,3/9/2017,2:19 PM,BRONSON AVE btwn RENFREW AVE & POWELL AVE (__3ZA3BZ),__3ZA3BZ,04 - At/near private drive,03 - P.D. only,02 - Angle,01 - Clear,01 - Daylight,01 - Dry,10 - No control,,2,0,0,0,,0,,,,,367368.0033,5029525.949,45.40287495,-75.70076095,6923
17--2904,3/9/2017,2:33 PM,BANTREE ST @ INNES RD (0007684),7684,03 - At intersection,03 - P.D. only,05 - Turning movement,01 - Clear,01 - Daylight,01 - Dry,01 - Traffic signal,01 - Functioning,2,0,0,0,,0,,,,,373706.7265,5030407.893,45.41021503,-75.61967648,6924
17--2905,3/9/2017,2:40 PM,RIVERSIDE DR NB btwn SAN REMO PRIV & INDUSTRIAL AVE (__3ZAZ0A),__3ZAZ0A,01 - Non intersection,03 - P.D. only,04 - Sideswipe,01 - Clear,01 - Daylight,01 - Dry,10 - No control,,2,0,0,0,,0,,,,,370638.2303,5030496.901,45.41131128,-75.65886207,6925
17--2906,3/9/2017,2:51 PM,BASELINE RD @ LOBLAWS SC (0009097),9097,03 - At intersection,02 - Non-fatal injury,05 - Turning movement,01 - Clear,01 - Daylight,01 - Dry,01 - Traffic signal,00 - Unknown,2,0,0,0,02 - Minor,1,,1,,,364742.6511,5025129.497,45.36354622,-75.73482778,6926
17--2907,3/9/2017,3:00 AM,RIVERSIDE DR btwn OLD RIVERSIDE DR & RIVERGATE WAY (__3ZA36N),__3ZA36N,01 - Non intersection,03 - P.D. only,07 - SMV other,01 - Clear,07 - Dark,02 - Wet,10 - No control,,1,0,0,0,,0,,,,,368038.1453,5023821.843,45.3514907,-75.69293194,6927
17--2908,3/9/2017,3:16 PM,OTTAWA RIVER PKWY @ VIMY PLACE PRIV (0012251),12251,02 - Intersection related,03 - P.D. only,03 - Rear end,01 - Clear,01 - Daylight,01 - Dry,01 - Traffic signal,01 - Functioning,2,0,0,0,,0,,,,,365975.7409,5030796.728,45.41443215,-75.71838623,6928
17--2909,3/9/2017,3:18 PM,O'CONNOR ST @ SOMERSET ST (0002690),2690,03 - At intersection,02 - Non-fatal injury,05 - Turning movement,01 - Clear,01 - Daylight,01 - Dry,01 - Traffic signal,01 - Functioning,2,1,0,0,01 - Minimal,1,1,,,,367855.3757,5031012.574,45.41620741,-75.69434575,6929
17--291,1/6/2017,6:00 AM,FIFTH AVE btwn MURIEL ST & GORDON ST (__3ZA9MO),__3ZA9MO,01 - Non intersection,02 - Non-fatal injury,01 - Approaching,01 - Clear,07 - Dark,05 - Packed snow,10 - No control,,2,0,0,0,02 - Minor,1,,1,,,367739.7777,5029008.038,45.39818161,-75.69607849,6930
17--2910,3/9/2017,3:39 PM,OTTAWA RIVER PKWY WB btwn TUNNEY'S PASTURE/REMIC RAPIDS ENT & PARKDALE (__3ZA24KA),__3ZA24KA,01 - Non intersection,03 - P.D. only,03 - Rear end,01 - Clear,01 - Daylight,01 - Dry,10 - No control,,4,0,0,0,,0,,,,,363378.7581,5029648.14,45.40431959,-75.75170024,6931
17--2911,3/9/2017,3:50 PM,BANK ST btwn ALTA VISTA DR & ERIE AVE (__3ZA36X),__3ZA36X,01 - Non intersection,03 - P.D. only,03 - Rear end,01 - Clear,01 - Daylight,01 - Dry,10 - No control,,2,0,0,0,,0,,,,,370170.5066,5026383.874,45.37434755,-75.66538192,6932
17--2912,3/9/2017,4:12 PM,BANK ST @ JOHNSTON RD (0006967),6967,02 - Intersection related,03 - P.D. only,03 - Rear end,01 - Clear,01 - Daylight,01 - Dry,01 - Traffic signal,01 - Functioning,2,0,0,0,,0,,,,,370853.2314,5024839.153,45.36038464,-75.65687269,6933
17--2913,3/9/2017,4:21 PM,MITCH OWENS RD btwn RIVER RD & SPRATT RD (__3ZA38F),__3ZA38F,04 - At/near private drive,03 - P.D. only,02 - Angle,01 - Clear,01 - Daylight,01 - Dry,10 - No control,,2,0,0,0,,0,,,,,369564.6393,5010808.015,45.23425522,-75.67515156,6934
17--2914,3/9/2017,5:08 PM,BELFAST RD @ OC TRANSPO GARAGE ENT N/530 E OF TRAINYARDS DR (0013533),13533,02 - Intersection related,03 - P.D. only,04 - Sideswipe,01 - Clear,01 - Daylight,01 - Dry,01 - Traffic signal,01 - Functioning,2,0,0,0,,0,,,,,372349.8383,5030664.106,45.4126526,-75.63697441,6935
17--2915,3/9/2017,5:09 PM,EGRET WAY @ GREENBANK RD (0013626),13626,03 - At intersection,03 - P.D. only,02 - Angle,01 - Clear,01 - Daylight,01 - Dry,02 - Stop sign,01 - Functioning,2,0,0,0,,0,,,,,364969.077,5012404.258,45.24902596,-75.73348249,6936
17--2916,3/9/2017,5:19 PM,BAXTER RD @ IRIS ST (0002599),2599,02 - Intersection related,03 - P.D. only,03 - Rear end,01 - Clear,01 - Daylight,01 - Dry,02 - Stop sign,00 - Unknown,2,0,0,0,,0,,,,,361058.6881,5023611.178,45.35018979,-75.7820228,6937
17--2917,3/9/2017,5:30 PM,BASELINE RD @ MERIVALE RD (0002342),2342,02 - Intersection related,03 - P.D. only,04 - Sideswipe,01 - Clear,05 - Dusk,01 - Dry,01 - Traffic signal,01 - Functioning,2,0,0,0,,0,,,,,365055.0309,5025325.515,45.36528317,-75.73081669,6938
17--2918,3/9/2017,5:46 PM,CARLING AVE @ RICHMOND RD (0010847),10847,02 - Intersection related,03 - P.D. only,03 - Rear end,01 - Clear,01 - Daylight,06 - Ice,01 - Traffic signal,01 - Functioning,2,0,0,0,,0,,,,,360244.6757,5024782.181,45.36079128,-75.79227914,6939
17--2919,3/9/2017,6:23 AM,COLONIAL RD btwn DUNNING RD & DESSAINT ST (__3ZA3K8),__3ZA3K8,01 - Non intersection,03 - P.D. only,07 - SMV other,05 - Drifting Snow,01 - Daylight,03 - Loose snow,10 - No control,,1,0,0,0,,0,,,,,394700.2736,5033987.493,45.44003806,-75.35086631,6940
17--292,1/6/2017,6:14 PM,MONTREAL RD @ STE. ANNE ST (0009798),9798,03 - At intersection,03 - P.D. only,02 - Angle,03 - Snow,07 - Dark,03 - Loose snow,02 - Stop sign,01 - Functioning,2,0,0,0,,0,,,,,370708.4253,5033418.313,45.43759031,-75.65757448,6941
17--2920,3/9/2017,6:42 PM,SMYTH RD E/LANCASTER RD @ ST. LAURENT BLVD N/R (0002256),2256,02 - Intersection related,03 - P.D. only,03 - Rear end,01 - Clear,07 - Dark,01 - Dry,01 - Traffic signal,01 - Functioning,2,0,0,0,,0,,,,,373365.1481,5029424.399,45.40139956,-75.62417659,6942
17--2921,3/9/2017,6:58 PM,HUNTER'S GLEN CRES btwn STREAMWOOD LANE & LORRY GREENBERG DR (__3ZAZOT),__3ZAZOT,01 - Non intersection,02 - Non-fatal injury,06 - SMV unattended vehicle,01 - Clear,07 - Dark,01 - Dry,10 - No control,,1,0,0,0,01 - Minimal,1,1,,,,372604.8326,5024957.612,45.36128327,-75.6345009,6943
17--2922,3/9/2017,7:46 AM,PRINCE OF WALES DR @ WEST HUNT CLUB RD (0000567),567,02 - Intersection related,03 - P.D. only,04 - Sideswipe,01 - Clear,01 - Daylight,01 - Dry,01 - Traffic signal,01 - Functioning,3,0,0,0,,0,,,,,367459.0448,5021892.172,45.33417988,-75.70056632,6944
17--2923,3/9/2017,8:08 PM,BASELINE RD @ WOODROFFE AVE (0002225),2225,02 - Intersection related,03 - P.D. only,03 - Rear end,01 - Clear,07 - Dark,01 - Dry,01 - Traffic signal,01 - Functioning,2,0,0,0,,0,,,,,362549.3558,5023769.167,45.3514902,-75.7629819,6945
17--2924,3/9/2017,8:18 AM,INNES RD @ ORCHARDVIEW AVE/ESPRIT DR (0012279),12279,02 - Intersection related,03 - P.D. only,03 - Rear end,01 - Clear,01 - Daylight,01 - Dry,01 - Traffic signal,01 - Functioning,2,0,0,0,,0,,,,,384845.0991,5036559.222,45.46437388,-75.47639828,6946
17--2925,3/9/2017,9:20 AM,CASA GRANDE CIR btwn CASA GRANDE CIR & CASA GRANDE CIR (e___2IN5),e___2IN5,04 - At/near private drive,03 - P.D. only,06 - SMV unattended vehicle,01 - Clear,01 - Daylight,01 - Dry,10 - No control,,1,0,0,0,,0,,,,,384382.0863,5034279.792,45.44391855,-75.4826871,6947
17--2926,3/9/2017,9:23 AM,ENTERPRISE AVE btwn TRADE ST & MERIVALE RD (__3ZBPIL),__3ZBPIL,04 - At/near private drive,03 - P.D. only,04 - Sideswipe,01 - Clear,01 - Daylight,01 - Dry,10 - No control,,2,0,0,0,,0,,,,,365730.4335,5021361.848,45.32956032,-75.72268397,6948
17--2927,3/10/2017,1:12 PM,ST. LAURENT BLVD @ COVENTRY RD/OGILVIE RD (0002151),2151,02 - Intersection related,02 - Non-fatal injury,03 - Rear end,01 - Clear,01 - Daylight,01 - Dry,01 - Traffic signal,01 - Functioning,3,0,0,0,02 - Minor,1,,1,,,372306.7228,5031952.244,45.42424683,-75.63734872,6949
17--2928,3/10/2017,1:15 PM,REGIONAL ROAD 174 btwn OR174 IC105 RAMP63 & OR174 IC102 RAMP36 (__3ZA27F),__3ZA27F,01 - Non intersection,03 - P.D. only,04 - Sideswipe,01 - Clear,01 - Daylight,01 - Dry,10 - No control,,2,0,0,0,,0,,,,,380757.8247,5037793.968,45.47593951,-75.52846696,6950
17--2929,3/10/2017,1:23 AM,RAMSAYVILLE RD @ RUSSELL RD N (0004146),4146,02 - Intersection related,02 - Non-fatal injury,07 - SMV other,01 - Clear,07 - Dark,01 - Dry,02 - Stop sign,01 - Functioning,1,0,0,0,02 - Minor,2,,2,,,377777.4271,5026757.864,45.37696159,-75.56821752,6951
17--293,1/6/2017,6:30 PM,DUNROBIN RD @ KERWIN RD (0008846),8846,02 - Intersection related,03 - P.D. only,07 - SMV other,01 - Clear,07 - Dark,01 - Dry,02 - Stop sign,00 - Unknown,1,0,0,0,,0,,,,,346290.176,5027171.288,45.38325383,-75.97019105,6952
17--2930,3/10/2017,10:05 AM,ELGIN ST @ WELLINGTON ST W (0002113),2113,03 - At intersection,03 - P.D. only,04 - Sideswipe,01 - Clear,01 - Daylight,01 - Dry,01 - Traffic signal,01 - Functioning,2,0,0,0,,0,,,,,367664.3694,5031877.577,45.42400761,-75.69667562,6953
17--2931,3/10/2017,10:15 AM,WEST HUNT CLUB RD btwn PRINCE OF WALES DR & HUNT CLUB RD (__3ZA2T4),__3ZA2T4,01 - Non intersection,03 - P.D. only,03 - Rear end,01 - Clear,01 - Daylight,01 - Dry,10 - No control,,2,0,0,0,,0,,,,,367622.497,5021884.166,45.33409323,-75.69848214,6954