Anom_ID,Accident_Date,Accident_Time,Location,Geo_ID,Accident_Location,Classification_of_Accident,Initial_Impact_Type,Environment_Condition,Light,Road_Surface_Condition,Traffic_Control,Traffic_Control_Condition,No__of_Vehicles,No__of_Bicycles,No__of_Motorcycles,No__of_Pedestrians,Max_Injury,No__of_Injuries,No__of_Minimal,No__of_Minor,No__of_Major,No__of_Fatal,X,Y,Latitude,Longitude,ObjectId
17--2932,3/10/2017,10:15 AM,WOODPARK WAY btwn MASONBROOK ST & MULLCRAFT CRES (__3ZA5AS),__3ZA5AS,01 - Non intersection,03 - P.D. only,07 - SMV other,01 - Clear,01 - Daylight,06 - Ice,10 - No control,,1,0,0,0,,0,,,,,365232.3908,5017069.068,45.29097729,-75.72956065,6955
17--2933,3/10/2017,10:27 AM,MARCH RD btwn SECOND LINE RD & DUNROBIN RD (__3ZA3FQ),__3ZA3FQ,01 - Non intersection,03 - P.D. only,07 - SMV other,01 - Clear,01 - Daylight,01 - Dry,10 - No control,,1,0,0,0,,0,,,,,346212.2853,5025427.86,45.36757064,-75.97133183,6956
17--2934,3/10/2017,10:36 AM,GREENBANK RD @ IRIS ST/HWY 417 IC129 RAMP51 (0009073),9073,02 - Intersection related,03 - P.D. only,03 - Rear end,01 - Clear,01 - Daylight,01 - Dry,01 - Traffic signal,01 - Functioning,2,0,0,0,,0,,,,,360530.3057,5023312.494,45.34754443,-75.78879918,6957
17--2935,3/10/2017,11:30 PM,MITCH OWENS RD btwn TURN LANE & SALE BARN RD (__3ZA2CS),__3ZA2CS,01 - Non intersection,03 - P.D. only,07 - SMV other,01 - Clear,07 - Dark,01 - Dry,10 - No control,,1,0,0,0,,0,,,,,377917.5473,5016061.397,45.2807054,-75.56800848,6958
17--2936,3/10/2017,Unknown,SOMERSET ST    W btwn ELGIN ST & CARTIER ST (__3ZA9U2),__3ZA9U2,01 - Non intersection,03 - P.D. only,06 - SMV unattended vehicle,03 - Snow,00 - Unknown,02 - Wet,10 - No control,,1,0,0,0,,0,,,,,368233.4942,5031238.107,45.4182025,-75.68948601,6959
17--2937,3/10/2017,12:01 PM,MERIVALE RD @ WEST HUNT CLUB RD (0000584),584,03 - At intersection,03 - P.D. only,05 - Turning movement,01 - Clear,01 - Daylight,01 - Dry,01 - Traffic signal,01 - Functioning,2,0,0,0,,0,,,,,365613.6985,5021942.498,45.33479506,-75.72410173,6960
17--2938,3/10/2017,12:01 PM,ORLEANS BLVD @ ST. JOSEPH BLVD (0004144),4144,02 - Intersection related,03 - P.D. only,07 - SMV other,01 - Clear,01 - Daylight,01 - Dry,01 - Traffic signal,01 - Functioning,1,0,0,0,,0,,,,,380631.5786,5036980.705,45.46863615,-75.53020698,6961
17--2939,3/10/2017,12:42 PM,ARLINGTON AVE @ BRONSON AVE (0006759),6759,03 - At intersection,03 - P.D. only,05 - Turning movement,01 - Clear,01 - Daylight,01 - Dry,01 - Traffic signal,03 - Obscured,2,0,0,0,,0,,,,,367222.375,5029866.226,45.40594967,-75.70257794,6962
17--294,1/6/2017,6:41 PM,COLONNADE RD @ PRINCE OF WALES DR (0005249),5249,02 - Intersection related,03 - P.D. only,03 - Rear end,01 - Clear,07 - Dark,01 - Dry,01 - Traffic signal,01 - Functioning,2,0,0,0,,0,,,,,367396.4283,5023266.516,45.34655156,-75.70119125,6963
17--2940,3/10/2017,2:03 PM,RIVERSIDE DR @ TREMBLAY RD/HWY417 IC117 RAMP52 (0010790),10790,02 - Intersection related,03 - P.D. only,03 - Rear end,01 - Clear,01 - Daylight,01 - Dry,01 - Traffic signal,01 - Functioning,2,0,0,0,,0,,,,,370801.7437,5031015.908,45.41596569,-75.65670377,6964
17--2941,3/10/2017,2:07 PM,HUNT CLUB RD @ RIVERSIDE DR (0002237),2237,02 - Intersection related,03 - P.D. only,03 - Rear end,01 - Clear,01 - Daylight,01 - Dry,01 - Traffic signal,01 - Functioning,2,0,0,0,,0,,,,,368037.0375,5021946.167,45.33461387,-75.69318585,6965
17--2942,3/10/2017,2:26 PM,HAZELDEAN RD @ 246 E OF CASTLEFRANK RD/FARMBOY (0011366),11366,02 - Intersection related,02 - Non-fatal injury,02 - Angle,01 - Clear,01 - Daylight,01 - Dry,01 - Traffic signal,01 - Functioning,2,0,0,0,02 - Minor,1,,1,,,352859.4521,5017842.9,45.29889551,-75.88721533,6966
17--2943,3/10/2017,3:51 PM,DONALD ST @ ST. LAURENT BLVD (0008630),8630,03 - At intersection,02 - Non-fatal injury,05 - Turning movement,01 - Clear,01 - Daylight,01 - Dry,01 - Traffic signal,01 - Functioning,2,0,0,0,02 - Minor,3,2,1,,,372093.3785,5032471.916,45.42894316,-75.64000368,6967
17--2944,3/10/2017,3:53 PM,PRINCE OF WALES DR btwn BORDEN SIDE RD & NE/OT BOUNDARY (__3ZA34L),__3ZA34L,01 - Non intersection,02 - Non-fatal injury,03 - Rear end,01 - Clear,01 - Daylight,01 - Dry,10 - No control,,3,0,0,0,02 - Minor,1,,1,,,367168.154,5024112.571,45.35418453,-75.70399733,6968
17--2945,3/10/2017,4:55 PM,OTTERSON DR btwn BLANCHARD CRES & BLANCHARD CRES (__3ZA141),__3ZA141,01 - Non intersection,03 - P.D. only,06 - SMV unattended vehicle,03 - Snow,01 - Daylight,03 - Loose snow,10 - No control,,1,0,0,0,,0,,,,,368663.68,5024739.837,45.3596939,-75.68483086,6969
17--2946,3/10/2017,6:26 AM,WELLINGTON ST    W btwn IRVING AVE & GARLAND ST (__3ZA311),__3ZA311,01 - Non intersection,03 - P.D. only,06 - SMV unattended vehicle,01 - Clear,01 - Daylight,01 - Dry,10 - No control,,1,0,0,0,,0,,,,,365631.4966,5029812.547,45.40560674,-75.72290552,6970
17--2947,3/10/2017,6:46 PM,DWYER HILL RD btwn ROGER STEVENS DR & FLOOD RD (__3ZBOCI),__3ZBOCI,01 - Non intersection,03 - P.D. only,07 - SMV other,01 - Clear,05 - Dusk,01 - Dry,10 - No control,,1,0,0,0,,0,,,,,355746.8888,4986901.997,45.02027352,-75.8535573,6971
17--2948,3/10/2017,8:09 AM,GREENBANK RD @ WEST HUNT CLUB RD (0005167),5167,02 - Intersection related,02 - Non-fatal injury,03 - Rear end,01 - Clear,01 - Daylight,01 - Dry,01 - Traffic signal,01 - Functioning,2,0,0,0,01 - Minimal,1,1,,,,361480.0115,5020501.81,45.32217785,-75.7770024,6972
17--2949,3/10/2017,8:16 PM,RIDEAU ST btwn CUMBERLAND ST & KING EDWARD AVE (__3ZBOFX),__3ZBOFX,01 - Non intersection,03 - P.D. only,04 - Sideswipe,01 - Clear,07 - Dark,01 - Dry,10 - No control,,2,0,0,0,,0,,,,,368484.4628,5032396.409,45.4286017,-75.68612987,6973
17--295,1/6/2017,6:45 AM,HUNT CLUB RD @ RIVERSIDE DR (0002237),2237,02 - Intersection related,03 - P.D. only,03 - Rear end,01 - Clear,07 - Dark,02 - Wet,01 - Traffic signal,01 - Functioning,2,0,0,0,,0,,,,,368036.703,5021943.782,45.33459244,-75.69319042,6974
17--2950,3/10/2017,8:30 AM,BOOTH ST @ GLADSTONE AVE (0002211),2211,02 - Intersection related,03 - P.D. only,03 - Rear end,01 - Clear,01 - Daylight,01 - Dry,01 - Traffic signal,01 - Functioning,2,0,0,0,,0,,,,,366770.3776,5029850.562,45.40584889,-75.70835345,6975
17--2951,3/10/2017,9:11 AM,LONGFIELDS DR @ WOODROFFE AVE (0000096),96,03 - At intersection,02 - Non-fatal injury,05 - Turning movement,01 - Clear,01 - Daylight,01 - Dry,01 - Traffic signal,01 - Functioning,3,0,0,0,02 - Minor,3,,3,,,365422.8421,5017107.614,45.29130772,-75.72712814,6976
17--2952,3/10/2017,9:30 AM,LEES AVE @ KING EDWARD AVE/MANN AVE (0011413),11413,02 - Intersection related,03 - P.D. only,03 - Rear end,01 - Clear,01 - Daylight,01 - Dry,01 - Traffic signal,01 - Functioning,2,0,0,0,,0,,,,,369179.0506,5031335.041,45.41898831,-75.67739286,6977
17--2953,3/10/2017,9:35 AM,INNES RD btwn PRESTWICK DR & TENTH LINE RD (__3ZA3Y7),__3ZA3Y7,04 - At/near private drive,03 - P.D. only,02 - Angle,01 - Clear,01 - Daylight,01 - Dry,10 - No control,,2,0,0,0,,0,,,,,383901.3196,5036137.143,45.4606839,-75.48853317,6978
17--2954,3/10/2017,9:45 AM,WELLINGTON ST    W btwn ROSS AVE & CLARENDON AVE (__3ZA4P9),__3ZA4P9,01 - Non intersection,03 - P.D. only,04 - Sideswipe,01 - Clear,01 - Daylight,01 - Dry,10 - No control,,2,0,0,0,,0,,,,,364519.9896,5029022.224,45.3985913,-75.73719894,6979
17--2955,3/10/2017,9:56 PM,CARLING AVE @ GWYNNE AVE (0006702),6702,02 - Intersection related,02 - Non-fatal injury,03 - Rear end,01 - Clear,07 - Dark,01 - Dry,10 - No control,,2,0,0,0,01 - Minimal,1,1,,,,366060.3374,5028447.915,45.39329072,-75.71759728,6980
17--2956,3/11/2017,1:00 PM,OGILVIE RD @ 125 E OF ELMLEA GT  (0012536),12536,02 - Intersection related,03 - P.D. only,03 - Rear end,01 - Clear,01 - Daylight,01 - Dry,01 - Traffic signal,01 - Functioning,3,0,0,0,,0,,,,,375093.9333,5033550.369,45.43835133,-75.60150784,6981
17--2957,3/11/2017,1:42 PM,MCARTHUR AVE btwn MAYFIELD ST & VANIER PKWY (__3ZA3WT),__3ZA3WT,04 - At/near private drive,03 - P.D. only,05 - Turning movement,01 - Clear,01 - Daylight,01 - Dry,10 - No control,,2,0,0,0,,0,,,,,370117.3672,5032679.215,45.43099568,-75.66522649,6982
17--2958,3/11/2017,1:59 PM,BASELINE RD @ NAVAHO DR (0003158),3158,02 - Intersection related,03 - P.D. only,04 - Sideswipe,01 - Clear,01 - Daylight,01 - Dry,01 - Traffic signal,01 - Functioning,2,0,0,0,,0,,,,,363085.3563,5024097.506,45.35440022,-75.75610314,6983
17--2959,3/11/2017,11:47 AM,CARLING AVE @ FAIRLAWN AVE/WOODROFFE AVE E (0002393),2393,02 - Intersection related,03 - P.D. only,03 - Rear end,01 - Clear,01 - Daylight,01 - Dry,01 - Traffic signal,01 - Functioning,2,0,0,0,,0,,,,,361934.6841,5025830.528,45.37008852,-75.77058762,6984
17--296,1/6/2017,7:20 PM,BAYSHORE DR btwn CARLING AVE & WOODRIDGE CRES N (__3ZAAD2),__3ZAAD2,01 - Non intersection,03 - P.D. only,04 - Sideswipe,01 - Clear,07 - Dark,02 - Wet,10 - No control,,2,0,0,0,,0,,,,,359061.2205,5023892.554,45.35287901,-75.80748183,6985
17--2960,3/11/2017,Unknown,REMNOR AVE btwn BADGELEY AVE & BADGELEY AVE (__54M2TJ),__54M2TJ,01 - Non intersection,03 - P.D. only,06 - SMV unattended vehicle,01 - Clear,00 - Unknown,01 - Dry,10 - No control,,1,0,0,0,,0,,,,,349568.4998,5020494.759,45.32297512,-75.92893504,6986
17--2961,3/11/2017,12:27 PM,TRAINYARDS DR @ RAILMARKET (0012246),12246,02 - Intersection related,03 - P.D. only,04 - Sideswipe,01 - Clear,01 - Daylight,01 - Dry,01 - Traffic signal,01 - Functioning,2,0,0,0,,0,,,,,371756.1964,5030717.262,45.41318792,-75.64455078,6987
17--2962,3/11/2017,12:27 PM,UPPER LORNE PL btwn SOMERSET ST W & END (__3ZA4GN),__3ZA4GN,04 - At/near private drive,03 - P.D. only,02 - Angle,01 - Clear,01 - Daylight,01 - Dry,10 - No control,,2,0,0,0,,0,,,,,366625.7486,5030369.464,45.41053062,-75.71013577,6988
17--2963,3/11/2017,2:29 AM,CLARENCE ST btwn WILLIAM ST & DALHOUSIE ST (__3ZA82W),__3ZA82W,01 - Non intersection,03 - P.D. only,04 - Sideswipe,01 - Clear,07 - Dark,01 - Dry,10 - No control,,2,0,0,0,,0,,,,,368021.6293,5032488.882,45.42947573,-75.69203229,6989
17--2964,3/11/2017,2:38 PM,LEWIS ST @ METCALFE ST (0007288),7288,02 - Intersection related,03 - P.D. only,05 - Turning movement,01 - Clear,01 - Daylight,01 - Dry,02 - Stop sign,00 - Unknown,2,0,0,0,,0,,,,,368120.5002,5030924.333,45.4153895,-75.69096995,6990
17--2965,3/11/2017,3:07 PM,DOVERCOURT AVE @ WINDERMERE AVE (0006766),6766,03 - At intersection,03 - P.D. only,02 - Angle,01 - Clear,01 - Daylight,01 - Dry,02 - Stop sign,01 - Functioning,2,0,0,0,,0,,,,,362536.6961,5026938.547,45.38000902,-75.76277311,6991
17--2966,3/11/2017,4:30 PM,HALIFAX DR @ WALKLEY RD (0008803),8803,02 - Intersection related,03 - P.D. only,03 - Rear end,01 - Clear,01 - Daylight,01 - Dry,01 - Traffic signal,01 - Functioning,2,0,0,0,,0,,,,,373644.0715,5027899.543,45.38765223,-75.62082694,6992
17--2967,3/11/2017,4:35 PM,BANK ST @ CATHERINE ST (0002708),2708,02 - Intersection related,03 - P.D. only,04 - Sideswipe,01 - Clear,01 - Daylight,01 - Dry,01 - Traffic signal,00 - Unknown,2,0,0,0,,0,,,,,368041.3776,5030266.903,45.40948131,-75.69206513,6993
17--2968,3/11/2017,6:00 PM,MARRISSA AVE btwn STEEL ST & INDIGO ST (2) (__6N4XWI),__6N4XWI,01 - Non intersection,03 - P.D. only,06 - SMV unattended vehicle,01 - Clear,05 - Dusk,01 - Dry,10 - No control,,1,0,0,0,,0,,,,,374812.3651,5034043.964,45.44282067,-75.60503617,6994
17--2969,3/11/2017,7:34 PM,EARL ARMSTRONG RD @ RIVER RD (0012470),12470,02 - Intersection related,03 - P.D. only,99 - Other,01 - Clear,07 - Dark,01 - Dry,01 - Traffic signal,01 - Functioning,2,0,0,0,,0,,,,,367571.0463,5014684.398,45.26931526,-75.7000501,6995
17--297,1/6/2017,7:20 PM,EARL GREY DR @ 175 S OF KANATA AVE/WALMART SC (0012587),12587,02 - Intersection related,03 - P.D. only,02 - Angle,01 - Clear,07 - Dark,01 - Dry,01 - Traffic signal,01 - Functioning,2,0,0,0,,0,,,,,350933.1076,5019117.403,45.31049297,-75.91165734,6996
17--2970,3/11/2017,8:00 PM,AVIATION PKWY @ MONTREAL RD (0008799),8799,02 - Intersection related,03 - P.D. only,03 - Rear end,01 - Clear,07 - Dark,06 - Ice,01 - Traffic signal,01 - Functioning,2,0,0,0,,0,,,,,372146.3759,5034108.623,45.44366436,-75.63910255,6997
17--2971,3/11/2017,8:46 AM,ARLINGTON AVE @ KENT ST (0007259),7259,03 - At intersection,03 - P.D. only,05 - Turning movement,01 - Clear,01 - Daylight,01 - Dry,01 - Traffic signal,01 - Functioning,2,0,0,0,,0,,,,,367869.044,5030255.564,45.40939484,-75.694268,6998
17--2972,3/11/2017,9:43 PM,MEADOWLANDS DR @ MERIVALE RD (0000625),625,03 - At intersection,03 - P.D. only,05 - Turning movement,01 - Clear,07 - Dark,01 - Dry,01 - Traffic signal,01 - Functioning,2,0,0,0,,0,,,,,364859.7032,5023726.848,45.35091537,-75.73350416,6999
17--2973,3/11/2017,9:43 PM,MAPLE FOREST DR btwn STILLWOOD DR & END (__4V7Q74),__4V7Q74,01 - Non intersection,03 - P.D. only,07 - SMV other,01 - Clear,07 - Dark,01 - Dry,10 - No control,,1,0,0,0,,0,,,,,368085.7726,4999691.577,45.13436349,-75.695395,7000
17--3424,3/23/2017,7:29 AM,MCARTHUR AVE @ VANIER PKWY (0004626),4626,02 - Intersection related,03 - P.D. only,03 - Rear end,01 - Clear,01 - Daylight,01 - Dry,01 - Traffic signal,01 - Functioning,2,0,0,0,,0,,,,,370217.9545,5032690.961,45.43109196,-75.66393953,7001
17--3425,3/23/2017,7:50 AM,INNES RD @ TENTH LINE RD (0004633),4633,02 - Intersection related,03 - P.D. only,03 - Rear end,01 - Clear,01 - Daylight,01 - Dry,01 - Traffic signal,01 - Functioning,2,0,0,0,,0,,,,,383951.7611,5036160.173,45.46088539,-75.48788457,7002
17--3426,3/23/2017,7:51 PM,HIGHWAY 417 btwn HWY417 IC122 RAMP15 & HWY417 IC121B RAMP51 (__3ZA2RB),__3ZA2RB,01 - Non intersection,03 - P.D. only,04 - Sideswipe,01 - Clear,07 - Dark,01 - Dry,10 - No control,,2,0,0,0,,0,,,,,366463.8578,5029473.893,45.40248679,-75.71231584,7003
17--3965,4/7/2017,11:32 AM,BANK ST btwn GILMOUR ST & LEWIS ST (__3ZA3QA),__3ZA3QA,01 - Non intersection,03 - P.D. only,05 - Turning movement,01 - Clear,01 - Daylight,01 - Dry,10 - No control,,2,0,0,0,,0,,,,,367801.086,5030751.828,45.41386619,-75.69507267,7004
17--3427,3/23/2017,8:24 AM,OSGOODE MAIN ST btwn ELIZABETH ST & VANCE ST (__3ZA3UM),__3ZA3UM,01 - Non intersection,03 - P.D. only,06 - SMV unattended vehicle,01 - Clear,01 - Daylight,01 - Dry,10 - No control,,1,0,0,0,,0,,,,,375160.7733,5001137.083,45.14670093,-75.60525162,7005
17--3428,3/23/2017,8:25 AM,HIGHWAY 417 btwn HWY417 IC138 RAMP61 & HWY417 IC134 RAMP36 (__3ZA20I),__3ZA20I,01 - Non intersection,02 - Non-fatal injury,03 - Rear end,01 - Clear,01 - Daylight,01 - Dry,10 - No control,,2,0,0,0,01 - Minimal,2,2,,,,354288.1141,5021041.794,45.32758057,-75.86868067,7006
17--3429,3/23/2017,8:50 AM,MCARTHUR AVE @ OLMSTEAD ST (0009808),9808,03 - At intersection,02 - Non-fatal injury,07 - SMV other,01 - Clear,01 - Daylight,01 - Dry,01 - Traffic signal,01 - Functioning,1,0,0,1,02 - Minor,1,,1,,,370482.3746,5032722.92,45.43135473,-75.66055627,7007
17--343,1/7/2017,8:07 AM,WALKLEY RD @ HEATHERINGTON RD (0006928),6928,02 - Intersection related,03 - P.D. only,03 - Rear end,01 - Clear,01 - Daylight,06 - Ice,01 - Traffic signal,01 - Functioning,2,0,0,0,,0,,,,,371767.4753,5026794.902,45.37789503,-75.64493914,7008
17--3430,3/23/2017,8:50 AM,SAVAGE DR btwn HAZELDEAN RD & IVA ST (__3ZACRY),__3ZACRY,01 - Non intersection,03 - P.D. only,01 - Approaching,01 - Clear,01 - Daylight,01 - Dry,10 - No control,,2,0,0,0,,0,,,,,350457.129,5015347.296,45.27659953,-75.91807432,7009
17--3431,3/23/2017,8:51 PM,ROSETTA AVE btwn CORONET AVE & AMBIANCE DR (__3ATNZW),__3ATNZW,04 - At/near private drive,03 - P.D. only,02 - Angle,01 - Clear,07 - Dark,01 - Dry,10 - No control,,2,0,0,0,,0,,,,,366978.5012,5016729.349,45.28776821,-75.70734456,7010
17--3432,3/23/2017,9:07 AM,HENLEY ST @ TAVISTOCK RD (0002982),2982,03 - At intersection,03 - P.D. only,05 - Turning movement,01 - Clear,01 - Daylight,01 - Dry,02 - Stop sign,01 - Functioning,2,0,0,0,,0,,,,,360896.6828,5024583.523,45.35895189,-75.78397983,7011
17--3433,3/23/2017,9:30 AM,BEAUSEJOUR DR @ HUNTER'S RUN DR (0003747),3747,03 - At intersection,03 - P.D. only,02 - Angle,01 - Clear,01 - Daylight,01 - Dry,02 - Stop sign,01 - Functioning,2,0,0,0,,0,,,,,380676.7435,5035905.908,45.45896108,-75.52979536,7012
17--3434,3/24/2017,1:15 PM,HIGHWAY 416 btwn HWY416 IC66 RAMP62 & HWY416 IC72 RAMP24 (__3ZAZMZ),__3ZAZMZ,01 - Non intersection,03 - P.D. only,07 - SMV other,03 - Snow,01 - Daylight,03 - Loose snow,10 - No control,,1,0,0,0,,0,,,,,360307.3375,5017954.628,45.29935189,-75.79224494,7013
17--3435,3/24/2017,10:01 AM,HAWTHORNE RD btwn RUSSELL RD & AGES DR (__3ZA1LV),__3ZA1LV,01 - Non intersection,03 - P.D. only,07 - SMV other,03 - Snow,01 - Daylight,03 - Loose snow,10 - No control,,1,0,0,0,,0,,,,,374912.5439,5027859.342,45.38716469,-75.6046356,7014
17--3436,3/24/2017,10:08 PM,LIMEBANK RD btwn RIVER RD & BALMORAL DR (__7IFXUJ),__7IFXUJ,01 - Non intersection,03 - P.D. only,04 - Sideswipe,03 - Snow,07 - Dark,04 - Slush,10 - No control,,2,0,0,0,,0,,,,,368451.107,5020288.198,45.31965835,-75.68811659,7015
17--3437,3/24/2017,10:12 AM,DUNROBIN RD btwn HARWOOD LANE & KERWIN RD (__3ZA3FH),__3ZA3FH,01 - Non intersection,03 - P.D. only,07 - SMV other,01 - Clear,01 - Daylight,01 - Dry,10 - No control,,1,0,0,0,,0,,,,,346214.684,5027244.778,45.38391958,-75.97114884,7016
17--3438,3/24/2017,10:13 PM,KINBURN SIDE RD btwn WOODKILTON RD & DUNROBIN RD (__3ZA3GH),__3ZA3GH,01 - Non intersection,03 - P.D. only,07 - SMV other,03 - Snow,07 - Dark,03 - Loose snow,10 - No control,,1,0,0,0,,0,,,,,337411.303,5035391.033,45.45768737,-76.08302233,7017
17--3439,3/24/2017,10:15 AM,INNES RD @ BEARBROOK RD/GLEN PARK DR E (0003630),3630,02 - Intersection related,03 - P.D. only,02 - Angle,03 - Snow,01 - Daylight,05 - Packed snow,01 - Traffic signal,01 - Functioning,2,0,0,0,,0,,,,,377994.4134,5032843.344,45.43169237,-75.56454409,7018
17--344,1/7/2017,8:07 PM,SMYTH RD E/LANCASTER RD @ ST. LAURENT BLVD N/R (0002256),2256,02 - Intersection related,03 - P.D. only,07 - SMV other,03 - Snow,07 - Dark,05 - Packed snow,01 - Traffic signal,01 - Functioning,1,0,0,0,,0,,,,,373362.9873,5029424.861,45.40140392,-75.62420413,7019
17--3440,3/24/2017,10:15 PM,RAMSAYVILLE RD @ RIDGE RD (0009270),9270,03 - At intersection,03 - P.D. only,05 - Turning movement,03 - Snow,07 - Dark,03 - Loose snow,02 - Stop sign,01 - Functioning,2,0,0,0,,0,,,,,376683.4114,5028861.53,45.39600233,-75.58187782,7020
17--3441,3/24/2017,10:16 PM,HIGHWAY 416 btwn HWY416 IC66 RAMP34 & HWY416 IC72 RAMP53 (__3ZAZM6),__3ZAZM6,01 - Non intersection,03 - P.D. only,07 - SMV other,01 - Clear,07 - Dark,02 - Wet,10 - No control,,1,0,0,0,,0,,,,,360218.8222,5017696.848,45.29703936,-75.79340229,7021
17--3442,3/24/2017,10:20 AM,HIGHWAY 417 btwn HWY417 IC122 RAMP16 & HWY417 IC122 RAMP61 (__3ZA2RA),__3ZA2RA,01 - Non intersection,03 - P.D. only,07 - SMV other,03 - Snow,01 - Daylight,04 - Slush,10 - No control,,1,0,0,0,,0,,,,,365307.3966,5028876.315,45.39721083,-75.72716024,7022
17--3443,3/24/2017,10:24 AM,GLOUCESTER ST btwn METCALFE ST & ELGIN ST (__3ZA9VJ),__3ZA9VJ,01 - Non intersection,03 - P.D. only,06 - SMV unattended vehicle,01 - Clear,01 - Daylight,03 - Loose snow,10 - No control,,1,0,0,0,,0,,,,,367948.245,5031454.246,45.42017305,-75.69310269,7023
17--3444,3/24/2017,10:25 PM,HIGHWAY 417 btwn HWY417 IC140 RAMP51 & HWY417 IC140 RAMP35 (__3ZAZEY),__3ZAZEY,01 - Non intersection,03 - P.D. only,07 - SMV other,01 - Clear,07 - Dark,04 - Slush,10 - No control,,1,0,0,0,,0,,,,,350787.7833,5018445.938,45.30446048,-75.91357289,7024
17--3445,3/24/2017,10:30 PM,BLAIR ST btwn DORION AVE & DRAKE AVE (__3ZA96T),__3ZA96T,01 - Non intersection,03 - P.D. only,07 - SMV other,03 - Snow,07 - Dark,05 - Packed snow,10 - No control,,1,0,0,0,,0,,,,,370820.1309,5030156.068,45.40822746,-75.65658404,7025
17--3446,3/24/2017,10:35 AM,RUSSELL RD btwn FARMERS WAY & TO BE DETERMINED (__3ZA3ZI),__3ZA3ZI,01 - Non intersection,03 - P.D. only,07 - SMV other,03 - Snow,01 - Daylight,05 - Packed snow,10 - No control,,1,0,0,0,,0,,,,,382234.1261,5026226.147,45.37169923,-75.51140562,7026
17--3447,3/24/2017,10:36 PM,FALLOWFIELD RD @ WOLFGANG DR (0000107),107,02 - Intersection related,03 - P.D. only,07 - SMV other,03 - Snow,07 - Dark,04 - Slush,02 - Stop sign,01 - Functioning,1,0,0,0,,0,,,,,363407.025,5016944.793,45.29001367,-75.75284451,7027
17--3448,3/24/2017,10:37 AM,DONALD ST @ ST. LAURENT BLVD (0008630),8630,02 - Intersection related,03 - P.D. only,03 - Rear end,03 - Snow,01 - Daylight,03 - Loose snow,01 - Traffic signal,01 - Functioning,2,0,0,0,,0,,,,,372092.7096,5032473.254,45.42895526,-75.64001204,7028
17--3449,3/24/2017,10:40 AM,HWY417 IC126 RAMP52 btwn MAITLAND AVE & HWY417 IC126 RAMP51 (__3ZAYAD),__3ZAYAD,01 - Non intersection,03 - P.D. only,03 - Rear end,03 - Snow,01 - Daylight,05 - Packed snow,10 - No control,,2,0,0,0,,0,,,,,363217.6189,5025824.918,45.36993228,-75.75421102,7029
17--345,1/7/2017,9:16 PM,ST. LAURENT BLVD @ TREMBLAY RD (0002573),2573,02 - Intersection related,03 - P.D. only,03 - Rear end,01 - Clear,07 - Dark,06 - Ice,01 - Traffic signal,00 - Unknown,2,0,0,0,,0,,,,,372597.134,5031240.866,45.4178181,-75.63373594,7030
17--3450,3/24/2017,10:41 AM,BYRON AVE @ ROOSEVELT AVE (0002307),2307,02 - Intersection related,03 - P.D. only,99 - Other,03 - Snow,01 - Daylight,05 - Packed snow,01 - Traffic signal,01 - Functioning,2,0,0,0,,0,,,,,363034.6861,5028060.88,45.39006639,-75.75628251,7031
17--3451,3/24/2017,10:44 AM,HAWTHORNE AVE @ MAIN ST (0006919),6919,03 - At intersection,03 - P.D. only,05 - Turning movement,03 - Snow,01 - Daylight,03 - Loose snow,01 - Traffic signal,01 - Functioning,2,0,0,0,,0,,,,,368970.3752,5030633.236,45.41269289,-75.68015033,7032
17--3452,3/24/2017,10:45 AM,210 W OF MERIVALE RD @ WEST HUNT CLUB RD (0004688),4688,02 - Intersection related,03 - P.D. only,03 - Rear end,03 - Snow,01 - Daylight,03 - Loose snow,01 - Traffic signal,01 - Functioning,2,0,0,0,,0,,,,,365431.3522,5021829.484,45.33379395,-75.72644185,7033
17--3453,3/24/2017,10:45 AM,BOOTH ST @ SIR JOHN A. MACDONALD PKWY/WELLINGTON ST (0012252),12252,02 - Intersection related,03 - P.D. only,04 - Sideswipe,03 - Snow,01 - Daylight,05 - Packed snow,01 - Traffic signal,00 - Unknown,2,0,0,0,,0,,,,,366264.659,5031008.493,45.41631223,-75.7146688,7034
17--3454,3/24/2017,10:46 AM,HIGHWAY 417 btwn HWY417 IC155 RAMP61 & HWY417 IC145 RAMP56 (__3ZA2Q2),__3ZA2Q2,01 - Non intersection,03 - P.D. only,07 - SMV other,03 - Snow,01 - Daylight,04 - Slush,10 - No control,,1,0,0,0,,0,,,,,344135.0475,5015706.984,45.28021828,-75.99862093,7035
17--3455,3/24/2017,10:58 AM,HIGH RD btwn EARL ARMSTRONG RD & ALBION RD (__3ZA7Z1),__3ZA7Z1,01 - Non intersection,03 - P.D. only,07 - SMV other,03 - Snow,01 - Daylight,03 - Loose snow,10 - No control,,1,0,0,0,,0,,,,,374331.7535,5017893.21,45.29755128,-75.61345236,7036
17--3456,3/24/2017,11:09 AM,SCRIVENS DR btwn BANK ST & MITCHELL ST (__3ZAZWL),__3ZAZWL,04 - At/near private drive,03 - P.D. only,02 - Angle,03 - Snow,01 - Daylight,03 - Loose snow,10 - No control,,2,0,0,0,,0,,,,,382743.713,5010447.307,45.22967429,-75.50738131,7037