Anom_ID,Accident_Date,Accident_Time,Location,Geo_ID,Accident_Location,Classification_of_Accident,Initial_Impact_Type,Environment_Condition,Light,Road_Surface_Condition,Traffic_Control,Traffic_Control_Condition,No__of_Vehicles,No__of_Bicycles,No__of_Motorcycles,No__of_Pedestrians,Max_Injury,No__of_Injuries,No__of_Minimal,No__of_Minor,No__of_Major,No__of_Fatal,X,Y,Latitude,Longitude,ObjectId
17--4049,4/9/2017,8:18 PM,COLONEL BY DR/SUSSEX DR @ RIDEAU ST (0007647),7647,03 - At intersection,03 - P.D. only,04 - Sideswipe,01 - Clear,07 - Dark,01 - Dry,01 - Traffic signal,01 - Functioning,2,0,0,0,,0,,,,,367920.8082,5032044.419,45.42548571,-75.69337761,7203
17--405,1/9/2017,4:05 PM,OLD COUNTRY GT btwn VIEWMOUNT DR & HOMESTEAD ST (__3ZBOMM),__3ZBOMM,01 - Non intersection,03 - P.D. only,06 - SMV unattended vehicle,01 - Clear,01 - Daylight,06 - Ice,10 - No control,,1,0,0,0,,0,,,,,366803.7597,5023894.584,45.35225544,-75.70867497,7204
17--4050,4/10/2017,1:19 PM,RICHARDSON SIDE RD @ TERRY FOX DR (0013651),13651,03 - At intersection,02 - Non-fatal injury,05 - Turning movement,01 - Clear,01 - Daylight,01 - Dry,01 - Traffic signal,01 - Functioning,4,0,0,0,01 - Minimal,1,1,,,,348803.086,5019506.072,45.31412702,-75.93878598,7205
17--4051,4/10/2017,1:20 PM,BANK ST @ COLLINS AVE/WILDWOOD AVE (0006959),6959,03 - At intersection,02 - Non-fatal injury,07 - SMV other,01 - Clear,01 - Daylight,01 - Dry,02 - Stop sign,01 - Functioning,1,0,0,1,03 - Major,1,,,1,,370050.3854,5026699.544,45.37719905,-75.66687369,7206
17--4052,4/10/2017,10:09 AM,BANK ST btwn BANK ST EXTENSION NB & JOHNSTON RD (__3ZA37U),__3ZA37U,04 - At/near private drive,02 - Non-fatal injury,07 - SMV other,01 - Clear,01 - Daylight,01 - Dry,10 - No control,,1,0,0,1,02 - Minor,1,,1,,,370555.8516,5025467.88,45.36606969,-75.66058449,7207
17--4053,4/10/2017,12:39 PM,RICHMOND RD btwn STONEHAVEN DR & HOPE SIDE RD (__3ZA3HY),__3ZA3HY,01 - Non intersection,03 - P.D. only,07 - SMV other,01 - Clear,01 - Daylight,01 - Dry,10 - No control,,1,0,0,0,,0,,,,,356808.7314,5015827.892,45.28048288,-75.83707434,7208
17--4054,4/10/2017,2:13 PM,INNES RD btwn HWY417 IC112 RAMP66 & CYRVILLE RD (__3ZA3RCB),__3ZA3RCB,01 - Non intersection,03 - P.D. only,04 - Sideswipe,01 - Clear,01 - Daylight,01 - Dry,10 - No control,,2,0,0,0,,0,,,,,374984.7071,5031076.498,45.41610379,-75.60325632,7209
17--3517,3/24/2017,7:41 PM,MOODIE DR btwn WEST HUNT CLUB RD & ALTI PL (__3ZBOCW),__3ZBOCW,01 - Non intersection,03 - P.D. only,07 - SMV other,05 - Drifting Snow,07 - Dark,03 - Loose snow,10 - No control,,1,0,0,0,,0,,,,,358795.7759,5016303.998,45.28461714,-75.81169661,7210
17--4058,4/10/2017,3:25 PM,WOODRIDGE CRES btwn BAYSHORE PS & TRANSITWAY LINK (__6KE4J1B),__6KE4J1B,04 - At/near private drive,03 - P.D. only,05 - Turning movement,01 - Clear,01 - Daylight,01 - Dry,10 - No control,,2,0,0,0,,0,,,,,358842.9358,5023187.21,45.34654917,-75.81034461,7211
17--4059,4/10/2017,3:25 PM,HWY 416 ACRES IC75R24 @ HOLLY ACRES RD (0005257),5257,02 - Intersection related,03 - P.D. only,03 - Rear end,01 - Clear,01 - Daylight,01 - Dry,01 - Traffic signal,01 - Functioning,2,0,0,0,,0,,,,,358756.5523,5022866.531,45.34367034,-75.81148187,7212
17--3788,4/1/2017,12:10 PM,WOODRIDGE CRES btwn BAYSHORE PS & TRANSITWAY LINK (__6KE4J1B),__6KE4J1B,01 - Non intersection,03 - P.D. only,06 - SMV unattended vehicle,01 - Clear,01 - Daylight,02 - Wet,10 - No control,,1,0,0,0,,0,,,,,358701.2958,5023174.408,45.34644487,-75.81215337,7213
17--3518,3/24/2017,7:42 PM,GREENBANK RD btwn GIBBARD AVE & WEST HUNT CLUB RD (__3ZA1Y7),__3ZA1Y7,01 - Non intersection,03 - P.D. only,07 - SMV other,03 - Snow,07 - Dark,04 - Slush,10 - No control,,1,0,0,0,,0,,,,,361435.3503,5020602.342,45.32308604,-75.77756055,7214
17--406,1/9/2017,5:21 PM,HIGHWAY 417 btwn HIGHWAY 417 & HWY417 IC110 RAMP54 (__3ZA2UY),__3ZA2UY,01 - Non intersection,03 - P.D. only,03 - Rear end,01 - Clear,05 - Dusk,02 - Wet,10 - No control,,2,0,0,0,,0,,,,,375526.6766,5029753.873,45.40414895,-75.59652225,7215
17--3789,4/1/2017,12:18 AM,BANK ST @ WALKLEY RD (0011423),11423,03 - At intersection,03 - P.D. only,02 - Angle,03 - Snow,07 - Dark,03 - Loose snow,01 - Traffic signal,01 - Functioning,3,0,0,0,,0,,,,,370337.5176,5025947.066,45.3704017,-75.66330779,7216
17--3519,3/24/2017,7:42 PM,MAJESTIC DR @ PRITCHARD DR (0000198),198,03 - At intersection,03 - P.D. only,02 - Angle,03 - Snow,07 - Dark,03 - Loose snow,03 - Yield sign,01 - Functioning,2,0,0,0,,0,,,,,363353.6898,5021508.818,45.33108507,-75.7529851,7217
17--4060,4/10/2017,3:30 PM,HIGHWAY 417 btwn HWY417 IC127 RAMP25 & HWY417 IC126 RAMP51 (__3ZA2XA),__3ZA2XA,01 - Non intersection,03 - P.D. only,03 - Rear end,01 - Clear,01 - Daylight,01 - Dry,10 - No control,,2,0,0,0,,0,,,,,362736.8249,5025308.28,45.36532354,-75.76040915,7218
17--379,1/8/2017,9:13 PM,FALLOWFIELD RD @ GREENBANK RD (0000549),549,02 - Intersection related,03 - P.D. only,03 - Rear end,01 - Clear,07 - Dark,02 - Wet,01 - Traffic signal,01 - Functioning,2,0,0,0,,0,,,,,363079.8173,5016734.172,45.28814571,-75.75704032,7219
17--352,1/8/2017,10:30 PM,EIGHTH LINE RD E @ HALL RD E (0004355),4355,02 - Intersection related,03 - P.D. only,07 - SMV other,01 - Clear,07 - Dark,05 - Packed snow,02 - Stop sign,01 - Functioning,1,0,0,0,,0,,,,,385109.8656,5025150.727,45.36169981,-75.47487192,7220
17--3520,3/24/2017,7:43 PM,LEITRIM RD btwn HAWTHORNE RD & RAMSAYVILLE RD (__3ZA2B0),__3ZA2B0,01 - Non intersection,03 - P.D. only,07 - SMV other,03 - Snow,07 - Dark,03 - Loose snow,10 - No control,,1,0,0,0,,0,,,,,377767.8247,5023138.946,45.3444015,-75.56887439,7221
17--3521,3/24/2017,7:53 AM,RIVERSIDE DR @ SMYTH RD NORTH SIDE RAMP (0011479),11479,03 - At intersection,03 - P.D. only,05 - Turning movement,03 - Snow,01 - Daylight,04 - Slush,01 - Traffic signal,01 - Functioning,2,0,0,0,,0,,,,,369939.2382,5029316.745,45.40075808,-75.66794723,7222
17--3522,3/24/2017,7:54 PM,MEADOWLANDS DR btwn HOGAN ST & NESS ST (__3ZA4IQ),__3ZA4IQ,01 - Non intersection,03 - P.D. only,99 - Other,03 - Snow,07 - Dark,03 - Loose snow,10 - No control,,2,0,0,0,,0,,,,,366391.1103,5024928.642,45.36159606,-75.71381208,7223
17--3523,3/24/2017,7:59 PM,MITCH OWENS RD btwn RAMSAYVILLE RD & 8TH LINE RD (__3ZA1DD),__3ZA1DD,01 - Non intersection,03 - P.D. only,01 - Approaching,03 - Snow,07 - Dark,03 - Loose snow,10 - No control,,2,0,0,0,,0,,,,,382072.6631,5018607.019,45.30316503,-75.51465646,7224
17--3524,3/24/2017,8:00 AM,GREENBANK RD btwn BATEMAN DR/BELLMAN DR & GREENBANK SQUARE SC (__3ZA4YOA),__3ZA4YOA,01 - Non intersection,03 - P.D. only,03 - Rear end,01 - Clear,01 - Daylight,04 - Slush,10 - No control,,2,0,0,0,,0,,,,,361292.698,5020927.808,45.32602608,-75.77934294,7225
17--3525,3/24/2017,8:04 AM,BRIDGESTONE DR @ EAGLESON RD (0010095),10095,02 - Intersection related,03 - P.D. only,03 - Rear end,03 - Snow,01 - Daylight,03 - Loose snow,02 - Stop sign,01 - Functioning,2,0,0,0,,0,,,,,354873.0255,5015402.569,45.27679627,-75.86178902,7226
17--3526,3/24/2017,8:07 AM,RIVERSIDE DR @ HERON RD (0002236),2236,02 - Intersection related,03 - P.D. only,03 - Rear end,03 - Snow,01 - Daylight,03 - Loose snow,01 - Traffic signal,01 - Functioning,2,0,0,0,,0,,,,,368121.8554,5026646.846,45.37690183,-75.6915017,7227
17--3527,3/24/2017,8:08 AM,AIRPORT PKWY btwn RAMP & RAMP (4) (__3ZA22T),__3ZA22T,01 - Non intersection,03 - P.D. only,07 - SMV other,03 - Snow,01 - Daylight,03 - Loose snow,10 - No control,,1,0,0,0,,0,,,,,371306.7793,5021653.257,45.33167606,-75.65151246,7228
17--3528,3/24/2017,8:13 AM,HIGHWAY 417 btwn HWY417 IC96 RAMP61 & HWY417 IC88 RAMP16 (__3ZA27Z),__3ZA27Z,01 - Non intersection,03 - P.D. only,07 - SMV other,03 - Snow,01 - Daylight,03 - Loose snow,10 - No control,,1,0,0,0,,0,,,,,392446.8702,5022896.244,45.34053745,-75.38163433,7229
17--3529,3/24/2017,8:15 PM,LEITRIM RD @ ALBION RD (0012479),12479,02 - Intersection related,03 - P.D. only,03 - Rear end,03 - Snow,07 - Dark,03 - Loose snow,01 - Traffic signal,01 - Functioning,2,0,0,0,,0,,,,,373497.2507,5020421.268,45.32038004,-75.62374079,7230
17--353,1/8/2017,11:20 AM,EAGLESON RD @ PALOMINO DR S/ROTHESAY DR (0003134),3134,02 - Intersection related,03 - P.D. only,07 - SMV other,03 - Snow,01 - Daylight,02 - Wet,01 - Traffic signal,00 - Unknown,1,0,0,0,,0,,,,,354124.6249,5017288.246,45.29381693,-75.8711398,7231
17--3530,3/24/2017,8:18 AM,CARP RD @ HAZELDEAN RD (0000086),86,03 - At intersection,03 - P.D. only,05 - Turning movement,03 - Snow,01 - Daylight,03 - Loose snow,01 - Traffic signal,01 - Functioning,2,0,0,0,,0,,,,,348805.5792,5014360.436,45.26782471,-75.93921067,7232
17--3531,3/24/2017,8:26 PM,INNES RD @ 260 E OF BELCOURT BLVD/WALMART SC (0012533),12533,03 - At intersection,03 - P.D. only,07 - SMV other,03 - Snow,07 - Dark,02 - Wet,01 - Traffic signal,01 - Functioning,1,0,0,0,,0,,,,,382346.4493,5035398.992,45.45421696,-75.50852864,7233
17--3532,3/24/2017,8:27 AM,PALLADIUM DR @ SILVER SEVEN RD (0011839),11839,03 - At intersection,02 - Non-fatal injury,02 - Angle,05 - Drifting Snow,01 - Daylight,03 - Loose snow,01 - Traffic signal,01 - Functioning,2,0,0,0,02 - Minor,4,,4,,,351052.1172,5017886.428,45.2994085,-75.91025454,7234
17--3604,3/26/2017,12:02 PM,LAURIER AVE @ LYON ST (0002206),2206,03 - At intersection,03 - P.D. only,02 - Angle,01 - Clear,01 - Daylight,01 - Dry,01 - Traffic signal,01 - Functioning,2,0,0,0,,0,,,,,367154.0302,5031067.232,45.41676206,-75.70329901,7235
17--3334,3/21/2017,2:29 PM,FRANK BENDER ST @ JEANNE D'ARC BLVD (0003635),3635,03 - At intersection,03 - P.D. only,05 - Turning movement,01 - Clear,01 - Daylight,02 - Wet,01 - Traffic signal,01 - Functioning,2,0,0,0,,0,,,,,381870.4163,5035884.243,45.45863551,-75.51453801,7236
17--3533,3/24/2017,8:31 AM,HUNT CLUB RD btwn MOUNTAIN CRES & TURN LANE (__3ZA3HU),__3ZA3HU,04 - At/near private drive,03 - P.D. only,05 - Turning movement,03 - Snow,01 - Daylight,03 - Loose snow,10 - No control,,2,0,0,0,,0,,,,,371529.4723,5024017.576,45.35292833,-75.64835277,7237
17--3534,3/24/2017,8:32 PM,HINES RD @ SOLANDT RD (0011896),11896,02 - Intersection related,03 - P.D. only,99 - Other,03 - Snow,07 - Dark,05 - Packed snow,10 - No control,00 - Unknown,2,0,0,0,,0,,,,,350332.4743,5022566.631,45.34156917,-75.91899972,7238
17--3535,3/24/2017,8:35 PM,HIGHWAY 417 btwn HWY417 IC139 RAMP61 & HWY417 IC138 RAMP36 (__3ZA2QS),__3ZA2QS,01 - Non intersection,03 - P.D. only,07 - SMV other,01 - Clear,07 - Dark,04 - Slush,10 - No control,,1,0,0,0,,0,,,,,352100.4368,5019592.327,45.31468879,-75.89672569,7239
17--3536,3/24/2017,8:37 PM,HIGHWAY 417 btwn HWY417 IC110 RAMP64 & HWY417 IC104 RAMP16 (__3ZA2W9),__3ZA2W9,01 - Non intersection,03 - P.D. only,04 - Sideswipe,03 - Snow,07 - Dark,04 - Slush,10 - No control,,2,0,0,0,,0,,,,,377049.6028,5027137.895,45.38045633,-75.57745362,7240
17--3537,3/24/2017,8:40 AM,RIVERSIDE DR @ SMYTH RD SOUTH SIDE RAMP (0011480),11480,03 - At intersection,03 - P.D. only,05 - Turning movement,03 - Snow,01 - Daylight,03 - Loose snow,01 - Traffic signal,01 - Functioning,2,0,0,0,,0,,,,,369787.4416,5028999.314,45.39791605,-75.66992782,7241
17--3538,3/24/2017,8:41 AM,SUSSEX DR btwn 151 W OF KING EDWARD AVE/L.B. PEARSON BUILDING & RAMP (__3ZBOFZB),__3ZBOFZB,07 - Overpass or bridge,03 - P.D. only,07 - SMV other,03 - Snow,01 - Daylight,06 - Ice,10 - No control,,1,0,0,0,,0,,,,,367627.5887,5033422.752,45.43791387,-75.69694843,7242
17--3539,3/24/2017,8:54 AM,CARLING AVE WB btwn CORKSTOWN RD & HOLLY ACRES RD (__3ZA12H),__3ZA12H,01 - Non intersection,02 - Non-fatal injury,99 - Other,03 - Snow,01 - Daylight,03 - Loose snow,10 - No control,,2,0,0,0,02 - Minor,1,,1,,,358097.2508,5023461.541,45.34907467,-75.81983024,7243
17--354,1/8/2017,11:57 AM,HOLLAND AVE @ TYNDALL ST (0006087),6087,02 - Intersection related,03 - P.D. only,03 - Rear end,01 - Clear,01 - Daylight,06 - Ice,01 - Traffic signal,01 - Functioning,2,0,0,0,,0,,,,,365033.4137,5028920.131,45.3976287,-75.73065406,7244
17--3540,3/24/2017,8:57 PM,LIMEBANK RD btwn TOM ROBERTS RD & LEITRIM RD (__3ZA0VJ),__3ZA0VJ,01 - Non intersection,03 - P.D. only,04 - Sideswipe,03 - Snow,07 - Dark,03 - Loose snow,10 - No control,,2,0,0,0,,0,,,,,369243.2364,5018169.618,45.30052351,-75.67828936,7245
17--3541,3/24/2017,9:00 AM,GREENBANK RD @ STRANDHERD DR (0005563),5563,02 - Intersection related,03 - P.D. only,03 - Rear end,03 - Snow,01 - Daylight,03 - Loose snow,01 - Traffic signal,01 - Functioning,2,0,0,0,,0,,,,,363934.0184,5014785.755,45.27054249,-75.74638392,7246
17--3542,3/24/2017,9:01 AM,CARLING AVE EB btwn HOLLY ACRES RD & BAYSHORE DR (__3ZA4VH),__3ZA4VH,01 - Non intersection,02 - Non-fatal injury,04 - Sideswipe,03 - Snow,01 - Daylight,03 - Loose snow,10 - No control,,2,0,0,0,01 - Minimal,1,1,,,,358497.5052,5023660.324,45.35083279,-75.81470104,7247
17--3543,3/24/2017,9:03 AM,HIGHWAY 417 btwn HWY417 IC142 RAMP35 & HWY417 IC142 RAMP25 (__3ZA1ZO),__3ZA1ZO,01 - Non intersection,03 - P.D. only,07 - SMV other,03 - Snow,01 - Daylight,03 - Loose snow,10 - No control,,1,0,0,0,,0,,,,,348994.9901,5017264.576,45.2939453,-75.9365384,7248
17--3544,3/24/2017,9:05 PM,ALBION RD btwn DEL ZOTTO AVE & HIGH RD (__3ZBOF9),__3ZBOF9,04 - At/near private drive,03 - P.D. only,04 - Sideswipe,03 - Snow,07 - Dark,03 - Loose snow,10 - No control,,2,0,0,0,,0,,,,,374204.2875,5018734.975,45.30513781,-75.61495955,7249
17--3545,3/24/2017,9:07 AM,STRANDHERD DR btwn ANDORA AVE & JOCKVALE RD (__3ZAZMN),__3ZAZMN,01 - Non intersection,03 - P.D. only,07 - SMV other,03 - Snow,01 - Daylight,04 - Slush,10 - No control,,1,0,0,0,,0,,,,,363461.0454,5014518.095,45.26817369,-75.75244268,7250
17--3546,3/24/2017,9:09 AM,ROBERTSON RD btwn HAANEL DR & MILL HILL RD (__3ZA41V),__3ZA41V,01 - Non intersection,03 - P.D. only,07 - SMV other,03 - Snow,01 - Daylight,03 - Loose snow,10 - No control,,1,0,0,0,,0,,,,,355248.7619,5019359.454,45.31237422,-75.85659783,7251
17--3547,3/24/2017,9:15 AM,CENTENNIAL BLVD @ MAIN ST (0007246),7246,02 - Intersection related,03 - P.D. only,02 - Angle,03 - Snow,01 - Daylight,03 - Loose snow,02 - Stop sign,01 - Functioning,2,0,0,0,,0,,,,,369480.3853,5029416.56,45.40169872,-75.67379466,7252
17--3548,3/24/2017,9:15 PM,RIVERSIDE DR @ SAN REMO PRIV (0011379),11379,03 - At intersection,03 - P.D. only,07 - SMV other,03 - Snow,07 - Dark,03 - Loose snow,01 - Traffic signal,01 - Functioning,1,0,0,0,,0,,,,,370385.8638,5030402.209,45.41048297,-75.66209851,7253
17--3549,3/24/2017,9:16 AM,LIMEBANK RD btwn TOM ROBERTS RD & LEITRIM RD (__3ZA0VJ),__3ZA0VJ,01 - Non intersection,03 - P.D. only,07 - SMV other,03 - Snow,01 - Daylight,04 - Slush,10 - No control,,1,0,0,0,,0,,,,,369247.743,5018145.938,45.30031003,-75.67823498,7254
17--355,1/8/2017,Unknown,CALVINGTON AVE @ COUNTRY GLEN WAY (0014645),14645,02 - Intersection related,03 - P.D. only,06 - SMV unattended vehicle,01 - Clear,00 - Unknown,06 - Ice,02 - Stop sign,01 - Functioning,1,0,0,0,,0,,,,,349133.4072,5018437.294,45.30448906,-75.93466889,7255
17--3550,3/24/2017,9:16 AM,BELMEADE RD btwn 3RD LINE RD & 4TH LINE RD (__3ZA7IC),__3ZA7IC,04 - At/near private drive,03 - P.D. only,03 - Rear end,03 - Snow,01 - Daylight,03 - Loose snow,10 - No control,,2,0,0,0,,0,,,,,381835.3999,4997817.839,45.1161389,-75.52089627,7256
17--3551,3/24/2017,9:16 AM,HIGHWAY 417 btwn HWY417 IC129 RAMP25 & TRANSIT (__3ZA2SH),__3ZA2SH,01 - Non intersection,03 - P.D. only,03 - Rear end,03 - Snow,01 - Daylight,03 - Loose snow,10 - No control,,2,0,0,0,,0,,,,,361346.1881,5024215.724,45.35560635,-75.77828485,7257
17--3552,3/24/2017,9:18 PM,8TH LINE RD @ MITCH OWENS RD (0003574),3574,03 - At intersection,03 - P.D. only,07 - SMV other,03 - Snow,07 - Dark,03 - Loose snow,02 - Stop sign,01 - Functioning,1,0,0,0,,0,,,,,382361.8064,5018774.918,45.30464382,-75.51094372,7258
17--3553,3/24/2017,9:20 AM,HIGHWAY 417 btwn HWY417 IC123 RAMP62 & HWY417 IC122 RAMP16 (__3ZA2R9),__3ZA2R9,01 - Non intersection,03 - P.D. only,07 - SMV other,03 - Snow,01 - Daylight,04 - Slush,10 - No control,,1,0,0,0,,0,,,,,365112.6629,5028688.355,45.39553641,-75.72967026,7259
17--3554,3/24/2017,9:26 AM,DONALD ST btwn LOLA ST & AVE. DU PERE CHARLEBOIS AVE (__3ZA81M),__3ZA81M,04 - At/near private drive,03 - P.D. only,07 - SMV other,03 - Snow,01 - Daylight,03 - Loose snow,10 - No control,,1,0,0,0,,0,,,,,371105.7251,5032360.441,45.42803448,-75.65263931,7260
17--3555,3/24/2017,9:28 AM,LONGFIELDS DR @ WOODROFFE AVE (0000096),96,02 - Intersection related,03 - P.D. only,03 - Rear end,03 - Snow,01 - Daylight,03 - Loose snow,01 - Traffic signal,00 - Unknown,2,0,0,0,,0,,,,,365422.1732,5017106.945,45.29130176,-75.72713675,7261
17--3556,3/24/2017,9:28 PM,FROBISHER LANE W @ RIVERSIDE DR (0011961),11961,02 - Intersection related,03 - P.D. only,03 - Rear end,04 - Freezing Rain,07 - Dark,03 - Loose snow,01 - Traffic signal,01 - Functioning,2,0,0,0,,0,,,,,370120.3873,5029602.564,45.40331289,-75.66559572,7262
17--3557,3/24/2017,9:30 AM,MONTEREY DR btwn BASELINE RD & GRAHAM CREEK PRIV (__54OZAF),__54OZAF,01 - Non intersection,03 - P.D. only,01 - Approaching,03 - Snow,01 - Daylight,03 - Loose snow,10 - No control,,2,0,0,0,,0,,,,,359857.3098,5022105.455,45.33673664,-75.79752128,7263
17--3558,3/24/2017,9:30 PM,PARENT AVE @ ST. PATRICK ST (0008240),8240,03 - At intersection,03 - P.D. only,05 - Turning movement,03 - Snow,07 - Dark,04 - Slush,01 - Traffic signal,01 - Functioning,2,0,0,0,,0,,,,,367822.7056,5032556.593,45.43010292,-75.6945656,7264
17--3559,3/24/2017,9:35 AM,WOODWARD DR btwn COURTWOOD CRES & COURTWOOD CRES (__3ZAA4E),__3ZAA4E,01 - Non intersection,02 - Non-fatal injury,01 - Approaching,03 - Snow,01 - Daylight,03 - Loose snow,10 - No control,,2,0,0,0,02 - Minor,1,,1,,,363433.2873,5026011.069,45.37158923,-75.75143583,7265
17--356,1/8/2017,Unknown,WOODMILL TER btwn BEAM ST & FORESTBROOK ST (__5GN1RQ),__5GN1RQ,01 - Non intersection,03 - P.D. only,06 - SMV unattended vehicle,01 - Clear,00 - Unknown,05 - Packed snow,10 - No control,,1,0,0,0,,0,,,,,348850.3049,5022754.751,45.34335656,-75.93789471,7266
17--3560,3/24/2017,9:37 AM,SUSSEX DR btwn CATHCART ST & BRUYERE ST (__3ZA3U8),__3ZA3U8,01 - Non intersection,02 - Non-fatal injury,03 - Rear end,03 - Snow,01 - Daylight,03 - Loose snow,10 - No control,,2,0,0,0,02 - Minor,1,,1,,,367488.3749,5032750.198,45.43187496,-75.6988133,7267
17--3561,3/24/2017,9:37 PM,GREENBANK RD btwn WEST HUNT CLUB RD & FALLOWFIELD RD (__3ZA1NE),__3ZA1NE,01 - Non intersection,03 - P.D. only,07 - SMV other,03 - Snow,07 - Dark,03 - Loose snow,10 - No control,,1,0,0,0,,0,,,,,362269.9805,5018621.624,45.30519572,-75.76714465,7268
17--3562,3/24/2017,9:39 AM,HAWTHORNE RD/RUSSELL RD @ WALKLEY RD (0002618),2618,02 - Intersection related,03 - P.D. only,03 - Rear end,03 - Snow,01 - Daylight,03 - Loose snow,01 - Traffic signal,01 - Functioning,2,0,0,0,,0,,,,,374674.2344,5028498.522,45.39293954,-75.60758803,7269
17--3563,3/24/2017,9:41 AM,RIVERSIDE DR @ TREMBLAY RD/HWY417 IC117 RAMP52 (0010790),10790,02 - Intersection related,03 - P.D. only,03 - Rear end,03 - Snow,01 - Daylight,03 - Loose snow,01 - Traffic signal,01 - Functioning,3,0,0,0,,0,,,,,370800.4059,5031017.246,45.41597785,-75.65672069,7270
17--3564,3/24/2017,9:47 AM,ALBERT ST btwn LYON ST N & KENT ST (__3ZA3C9),__3ZA3C9,01 - Non intersection,03 - P.D. only,03 - Rear end,03 - Snow,01 - Daylight,03 - Loose snow,10 - No control,,3,0,0,0,,0,,,,,367179.2671,5031291.926,45.41878153,-75.70294814,7271
17--3565,3/24/2017,9:52 AM,ELGIN ST @ LAURIER AVE (0002232),2232,02 - Intersection related,03 - P.D. only,04 - Sideswipe,03 - Snow,01 - Daylight,03 - Loose snow,01 - Traffic signal,01 - Functioning,2,0,0,0,,0,,,,,367949.7132,5031548.907,45.42102465,-75.69307179,7272
17--3566,3/24/2017,9:54 PM,MARAVISTA DR @ STRANDHERD DR (0013565),13565,03 - At intersection,03 - P.D. only,07 - SMV other,04 - Freezing Rain,07 - Dark,04 - Slush,01 - Traffic signal,01 - Functioning,1,0,0,0,,0,,,,,361288.4381,5014584.958,45.26895318,-75.78011984,7273
17--3567,3/24/2017,9:55 PM,GREENBANK RD btwn WEST HUNT CLUB RD & FALLOWFIELD RD (__3ZA1NE),__3ZA1NE,01 - Non intersection,02 - Non-fatal injury,07 - SMV other,03 - Snow,07 - Dark,03 - Loose snow,10 - No control,,1,0,0,0,02 - Minor,1,,1,,,362251.4152,5018663.092,45.30557037,-75.76737657,7274
17--3568,3/25/2017,1:00 PM,GOOD ST btwn PARKWAY RD & SHIELDS DR (__3ZA7HK),__3ZA7HK,01 - Non intersection,03 - P.D. only,06 - SMV unattended vehicle,01 - Clear,01 - Daylight,03 - Loose snow,10 - No control,,1,0,0,0,,0,,,,,378169.8541,5013805.316,45.2603798,-75.56512622,7275
17--3569,3/25/2017,1:06 PM,DALY AVE @ NICHOLAS ST (0011451),11451,02 - Intersection related,03 - P.D. only,03 - Rear end,03 - Snow,01 - Daylight,03 - Loose snow,01 - Traffic signal,01 - Functioning,2,0,0,0,,0,,,,,368228.4515,5032046.949,45.42548064,-75.6894463,7276
17--357,1/8/2017,Unknown,DECARIE DR btwn GRENOBLE CRES & GRENOBLE CRES (__3ZA7K3),__3ZA7K3,01 - Non intersection,03 - P.D. only,06 - SMV unattended vehicle,03 - Snow,00 - Unknown,03 - Loose snow,10 - No control,,1,0,0,0,,0,,,,,381090.8091,5038833.033,45.48525184,-75.52404716,7277
17--3570,3/25/2017,1:11 PM,YORK ST WB btwn BYWARD MARKE SQ & SUSSEX DR (__3ZA1B0),__3ZA1B0,04 - At/near private drive,03 - P.D. only,05 - Turning movement,01 - Clear,01 - Daylight,02 - Wet,10 - No control,,2,0,0,0,,0,,,,,367837.845,5032287.406,45.4276795,-75.6944066,7278
17--3571,3/25/2017,1:22 PM,CRESTWAY DR @ PRINCE OF WALES DR (0010323),10323,02 - Intersection related,03 - P.D. only,03 - Rear end,01 - Clear,01 - Daylight,01 - Dry,01 - Traffic signal,01 - Functioning,2,0,0,0,,0,,,,,367371.2765,5016577.284,45.28636509,-75.7023571,7279
17--3572,3/25/2017,1:32 AM,PINECREST RD/HWY 417 PINECRE IC129R63 @ TRANSI (0008264),8264,02 - Intersection related,03 - P.D. only,03 - Rear end,02 - Rain,07 - Dark,02 - Wet,01 - Traffic signal,01 - Functioning,2,0,0,0,,0,,,,,360388.2947,5023676.669,45.35083254,-75.79057038,7280
17--3573,3/25/2017,10:54 PM,HOLLAND AVE @ ISLAND PARK DR/N.C.C. DRIVEWAY (0010787),10787,03 - At intersection,03 - P.D. only,02 - Angle,01 - Clear,07 - Dark,01 - Dry,01 - Traffic signal,01 - Functioning,2,0,0,0,,0,,,,,365426.0321,5027916.866,45.38856766,-75.72576298,7281
17--3574,3/25/2017,11:02 AM,BANK ST btwn WALKLEY RD & SURREY AVE (__3ZA4TW),__3ZA4TW,04 - At/near private drive,03 - P.D. only,02 - Angle,01 - Clear,01 - Daylight,01 - Dry,10 - No control,,2,0,0,0,,0,,,,,370344.2065,5025925.661,45.37020848,-75.66322525,7282
17--3575,3/25/2017,11:39 PM,FISHER AVE @ MEADOWLANDS DR (0002120),2120,02 - Intersection related,03 - P.D. only,03 - Rear end,04 - Freezing Rain,07 - Dark,06 - Ice,01 - Traffic signal,01 - Functioning,2,0,0,0,,0,,,,,366575.8154,5025044.32,45.36262066,-75.71144015,7283
17--3576,3/25/2017,Unknown,GRENON AVE btwn CARLING AVE & MICHELE DR (__3ZABU9),__3ZABU9,01 - Non intersection,03 - P.D. only,06 - SMV unattended vehicle,01 - Clear,00 - Unknown,03 - Loose snow,10 - No control,,1,0,0,0,,0,,,,,359630.739,5024261.299,45.35615268,-75.8001729,7284
17--3577,3/25/2017,Unknown,SOMERSET ST    W btwn PERCY ST & BAY ST (__3ZA3BA),__3ZA3BA,01 - Non intersection,03 - P.D. only,06 - SMV unattended vehicle,01 - Clear,00 - Unknown,01 - Dry,10 - No control,,1,0,0,0,,0,,,,,367179.5226,5030605.955,45.41260935,-75.7030317,7285