Anom_ID,Accident_Date,Accident_Time,Location,Geo_ID,Accident_Location,Classification_of_Accident,Initial_Impact_Type,Environment_Condition,Light,Road_Surface_Condition,Traffic_Control,Traffic_Control_Condition,No__of_Vehicles,No__of_Bicycles,No__of_Motorcycles,No__of_Pedestrians,Max_Injury,No__of_Injuries,No__of_Minimal,No__of_Minor,No__of_Major,No__of_Fatal,X,Y,Latitude,Longitude,ObjectId
17--3578,3/25/2017,Unknown,COLE AVE btwn GREENWOOD AVE & ROOSEVELT AVE (__3ZA4BJ),__3ZA4BJ,01 - Non intersection,03 - P.D. only,06 - SMV unattended vehicle,01 - Clear,00 - Unknown,04 - Slush,10 - No control,,1,0,0,0,,0,,,,,363344.4264,5027146.398,45.3818122,-75.75243561,7286
17--3579,3/25/2017,12:03 AM,HWY416 IC75B RAMP25 btwn HWY416 IC75C RAMP24 & HWY417 IC131 RAMP55 (__3ZAY4O),__3ZAY4O,01 - Non intersection,03 - P.D. only,07 - SMV other,01 - Clear,07 - Dark,02 - Wet,10 - No control,,1,0,0,0,,0,,,,,358641.479,5022847.978,45.34351224,-75.81295219,7287
17--358,1/8/2017,Unknown,PERCIFOR WAY btwn LEITA PL W & TRAVIS ST W (__6FW2C6),__6FW2C6,01 - Non intersection,03 - P.D. only,06 - SMV unattended vehicle,03 - Snow,00 - Unknown,05 - Packed snow,10 - No control,,1,0,0,0,,0,,,,,381057.107,5032645.963,45.42958924,-75.52543771,7288
17--3580,3/25/2017,12:27 AM,BASELINE RD @ MONTEREY DR (0001125),1125,02 - Intersection related,03 - P.D. only,07 - SMV other,03 - Snow,07 - Dark,04 - Slush,01 - Traffic signal,01 - Functioning,1,0,0,0,,0,,,,,359792.6678,5022155.499,45.337192,-75.79834043,7289
17--3581,3/25/2017,12:30 AM,BOUDREAU ST btwn DUFORD ST & GRANVILLE ST (__3ZA8AV),__3ZA8AV,01 - Non intersection,03 - P.D. only,06 - SMV unattended vehicle,03 - Snow,07 - Dark,04 - Slush,10 - No control,,1,0,0,0,,0,,,,,370706.9121,5033889.37,45.44182881,-75.65753074,7290
17--3582,3/25/2017,12:31 PM,HWY 417 VANIER IC117R63 @ VANIER PKWY (0002101),2101,02 - Intersection related,03 - P.D. only,03 - Rear end,01 - Clear,01 - Daylight,02 - Wet,01 - Traffic signal,01 - Functioning,2,0,0,0,,0,,,,,370799.2861,5031397.826,45.41940226,-75.65668402,7291
17--3583,3/25/2017,12:35 PM,LONGFIELDS DR @ WOODROFFE AVE (0000096),96,02 - Intersection related,03 - P.D. only,03 - Rear end,01 - Clear,01 - Daylight,01 - Dry,01 - Traffic signal,01 - Functioning,2,0,0,0,,0,,,,,365421.9204,5017108.071,45.29131192,-75.72713983,7292
17--3584,3/25/2017,12:48 AM,WOODROFFE AVE @ KNOXDALE RD/MEDHURST DR (0000519),519,02 - Intersection related,03 - P.D. only,03 - Rear end,02 - Rain,07 - Dark,02 - Wet,01 - Traffic signal,01 - Functioning,2,0,0,0,,0,,,,,363420.7975,5021826.239,45.3339356,-75.75209143,7293
17--3585,3/25/2017,12:48 PM,CYRVILLE RD @ OGILVIE RD (0003554),3554,02 - Intersection related,03 - P.D. only,04 - Sideswipe,01 - Clear,01 - Daylight,01 - Dry,01 - Traffic signal,01 - Functioning,2,0,0,0,,0,,,,,372454.0536,5032007.576,45.42473045,-75.63545863,7294
17--3586,3/25/2017,2:06 PM,CLYDE AVE btwn CLYDE AVE & STARWOOD RD (__3ZA2TX),__3ZA2TX,04 - At/near private drive,02 - Non-fatal injury,02 - Angle,01 - Clear,01 - Daylight,01 - Dry,10 - No control,,2,0,0,0,01 - Minimal,1,1,,,,364443.3077,5024700.999,45.35971618,-75.7387003,7295
17--3587,3/25/2017,2:33 AM,MERIVALE RD btwn RAVEN AVE & LAROSE AVE (__3ZA30G),__3ZA30G,01 - Non intersection,01 - Fatal injury,07 - SMV other,03 - Snow,07 - Dark,02 - Wet,10 - No control,,1,0,0,0,04 - Fatal,2,,,1,1,364843.4809,5026888.219,45.37936227,-75.73332701,7296
17--3588,3/25/2017,2:46 PM,MARCH RD btwn DUNROBIN RD & MURPHY CRT (__3ZA3DI),__3ZA3DI,01 - Non intersection,03 - P.D. only,03 - Rear end,01 - Clear,01 - Daylight,02 - Wet,10 - No control,,2,0,0,0,,0,,,,,347708.8146,5025758.575,45.37045647,-75.95219931,7297
17--3589,3/25/2017,5:00 PM,STRANDHERD DR btwn GREENBANK RD & Continuation of STRANDHERD DR (__5U4IBT),__5U4IBT,01 - Non intersection,02 - Non-fatal injury,03 - Rear end,01 - Clear,01 - Daylight,02 - Wet,10 - No control,,2,0,0,0,01 - Minimal,2,2,,,,363977.8311,5014810.504,45.2707615,-75.74582266,7298
17--359,1/8/2017,12:33 PM,ARLINGTON AVE @ BRONSON AVE (0006759),6759,03 - At intersection,03 - P.D. only,05 - Turning movement,01 - Clear,01 - Daylight,01 - Dry,01 - Traffic signal,01 - Functioning,2,0,0,0,,0,,,,,367223.4599,5029868.689,45.40597173,-75.70256377,7299
17--3590,3/25/2017,5:03 PM,KANATA AVE btwn CAMPEAU DR & EARL GREY DR (__3ZAZO5),__3ZAZO5,01 - Non intersection,03 - P.D. only,03 - Rear end,03 - Snow,01 - Daylight,04 - Slush,10 - No control,,2,0,0,0,,0,,,,,350751.132,5019310.041,45.3122383,-75.91396012,7300
17--3591,3/25/2017,5:05 PM,ROYDON PL btwn WOODFIELD DR & WEST HUNT CLUB RD (__3ZAYGP),__3ZAYGP,04 - At/near private drive,03 - P.D. only,02 - Angle,01 - Clear,01 - Daylight,01 - Dry,10 - No control,,2,0,0,0,,0,,,,,365931.0738,5022232.18,45.337374,-75.72001706,7301
17--3592,3/25/2017,5:14 PM,VANIER PKWY/CRICHTON ST @ BEECHWOOD AVE/ST. PA (0001604),1604,02 - Intersection related,03 - P.D. only,03 - Rear end,01 - Clear,01 - Daylight,02 - Wet,01 - Traffic signal,00 - Unknown,2,0,0,0,,0,,,,,369127.7709,5033486.702,45.43835286,-75.67776696,7302
17--3593,3/25/2017,5:37 PM,ST. JOSEPH BLVD @ JEANNE D'ARC BLVD (0012421),12421,03 - At intersection,03 - P.D. only,04 - Sideswipe,01 - Clear,01 - Daylight,01 - Dry,11 - Roundabout,01 - Functioning,2,0,0,0,,0,,,,,379859.7392,5036470.243,45.46412679,-75.54015441,7303
17--3594,3/25/2017,5:53 AM,MERIVALE RD btwn WEST HUNT CLUB RD & JAMIE AVE (__3ZA3JU),__3ZA3JU,01 - Non intersection,03 - P.D. only,07 - SMV other,03 - Snow,03 - Dawn,03 - Loose snow,10 - No control,,1,0,0,0,,0,,,,,365623.732,5021920.425,45.33459558,-75.72397644,7304
17--3595,3/25/2017,6:09 PM,ROGER STEVENS DR btwn MCCORDICK RD & CRAIGHURST DR (__3ZA4KX),__3ZA4KX,01 - Non intersection,03 - P.D. only,07 - SMV other,01 - Clear,05 - Dusk,01 - Dry,10 - No control,,1,0,0,0,,0,,,,,364795.1007,4998412.274,45.1231391,-75.73738167,7305
17--3596,3/25/2017,7:00 PM,WOODROFFE AVE @ GEORGINA DR/LENESTER AVE (0002351),2351,02 - Intersection related,03 - P.D. only,07 - SMV other,01 - Clear,07 - Dark,01 - Dry,01 - Traffic signal,01 - Functioning,1,0,0,0,,0,,,,,361909.5645,5025370.919,45.36595505,-75.77096142,7306
17--3597,3/25/2017,8:38 AM,RIVERSIDE DR RAMP 42A @ RIVERSIDE DR (0010862),10862,02 - Intersection related,03 - P.D. only,03 - Rear end,01 - Clear,01 - Daylight,01 - Dry,03 - Yield sign,01 - Functioning,2,0,0,0,,0,,,,,368441.8983,5027267.532,45.38245759,-75.68733577,7307
17--3598,3/25/2017,9:00 AM,HIGHWAY 417 btwn HWY417 IC112 RAMP56 & HWY417 IC112 RAMP64 (__3ZAZE7),__3ZAZE7,01 - Non intersection,03 - P.D. only,07 - SMV other,01 - Clear,01 - Daylight,02 - Wet,10 - No control,,1,0,0,0,,0,,,,,374659.0897,5030759.925,45.41328801,-75.60746107,7308
17--3599,3/25/2017,9:09 AM,BANK ST @ RIVERSIDE DR S (0002704),2704,03 - At intersection,03 - P.D. only,02 - Angle,01 - Clear,01 - Daylight,01 - Dry,01 - Traffic signal,01 - Functioning,2,0,0,0,,0,,,,,369305.0516,5027893.215,45.38800834,-75.67623326,7309
17--36,1/2/2017,7:27 PM,HIGHWAY 416 btwn HWY416 IC66 RAMP53 & HWY416 IC57 RAMP34 (__3ZAZLC),__3ZAZLC,01 - Non intersection,03 - P.D. only,07 - SMV other,01 - Clear,07 - Dark,01 - Dry,10 - No control,,1,0,0,0,,0,,,,,363835.5613,5009740.255,45.22515106,-75.74823769,7310
17--360,1/8/2017,12:35 AM,SCOUT ST btwn WHITESTONE DR & CENTRAL PARK DR (__3ZACFQ),__3ZACFQ,01 - Non intersection,03 - P.D. only,01 - Approaching,01 - Clear,07 - Dark,06 - Ice,10 - No control,,2,0,0,0,,0,,,,,364662.7342,5025397.196,45.36596176,-75.7358154,7311
17--3600,3/25/2017,9:43 PM,WELLINGTON ST btwn OTTAWA RIVER PKWY & TO BE DETERMINED (__5VHJWJ),__5VHJWJ,01 - Non intersection,03 - P.D. only,07 - SMV other,01 - Clear,07 - Dark,02 - Wet,10 - No control,,1,0,0,0,,0,,,,,366357.2474,5031113.69,45.41725062,-75.71347277,7312
17--3601,3/26/2017,1:03 PM,MERIVALE RD @ WEST HUNT CLUB RD (0000584),584,02 - Intersection related,03 - P.D. only,03 - Rear end,01 - Clear,01 - Daylight,01 - Dry,01 - Traffic signal,01 - Functioning,2,0,0,0,,0,,,,,365614.1961,5021942.873,45.33479839,-75.72409534,7313
17--3602,3/26/2017,1:55 PM,BANK ST btwn BELANGER AVE & ROCKINGHAM AVE (__3ZBOEG),__3ZBOEG,04 - At/near private drive,03 - P.D. only,02 - Angle,02 - Rain,01 - Daylight,03 - Loose snow,10 - No control,,2,0,0,0,,0,,,,,369659.4055,5027418.852,45.38370745,-75.67177076,7314
17--3603,3/26/2017,11:30 AM,CARSON'S RD btwn CHARLESWOOD AVE & DEN HAAG DR (__3ZA7W1),__3ZA7W1,01 - Non intersection,03 - P.D. only,06 - SMV unattended vehicle,01 - Clear,01 - Daylight,01 - Dry,10 - No control,,1,0,0,0,,0,,,,,372985.8054,5033897.084,45.44167967,-75.62840256,7315
17--4061,4/10/2017,3:35 PM,BOURASSA ST @ ST. LAURENT BLVD (0007731),7731,02 - Intersection related,03 - P.D. only,04 - Sideswipe,01 - Clear,01 - Daylight,01 - Dry,01 - Traffic signal,01 - Functioning,2,0,0,0,,0,,,,,373239.4347,5029692.653,45.40382548,-75.62574499,7316
17--3790,4/1/2017,12:20 PM,DONALD ST @ VANIER PKWY (0007644),7644,02 - Intersection related,03 - P.D. only,04 - Sideswipe,01 - Clear,01 - Daylight,01 - Dry,01 - Traffic signal,01 - Functioning,2,0,0,0,,0,,,,,370312.0476,5032272.592,45.42731885,-75.66279278,7317
17--4062,4/10/2017,4:08 PM,INNES RD btwn HWY417 IC112 RAMP65 & HWY417 IC112 RAMP56 (__3ZA3RA),__3ZA3RA,01 - Non intersection,03 - P.D. only,03 - Rear end,01 - Clear,01 - Daylight,01 - Dry,10 - No control,,3,0,0,0,,0,,,,,374461.2237,5030849.929,45.41411755,-75.60997603,7318
17--3335,3/21/2017,2:43 PM,ST. JOSEPH BLVD btwn MAISONNEUVE ST & GABRIEL ST (__3ZA2AU),__3ZA2AU,04 - At/near private drive,02 - Non-fatal injury,02 - Angle,01 - Clear,01 - Daylight,01 - Dry,10 - No control,,2,0,0,0,01 - Minimal,2,2,,,,381510.09,5037614.195,45.47423983,-75.51887465,7319
17--3791,4/1/2017,2:00 PM,ELMIRA DR btwn COBDEN RD & LAMBETH WALK (__3ZABUM),__3ZABUM,01 - Non intersection,02 - Non-fatal injury,99 - Other,01 - Clear,01 - Daylight,01 - Dry,10 - No control,,2,0,0,0,01 - Minimal,1,1,,,,361442.2369,5024010.438,45.35375144,-75.77708257,7320
17--3605,3/26/2017,12:30 AM,SUSSEX DR btwn 151 W OF KING EDWARD AVE/L.B. PEARSON BUILDING & RAMP (__3ZBOFZB),__3ZBOFZB,01 - Non intersection,03 - P.D. only,04 - Sideswipe,01 - Clear,07 - Dark,01 - Dry,10 - No control,,2,0,0,0,,0,,,,,367625.6441,5033415.622,45.4378499,-75.69697419,7321
17--4063,4/10/2017,4:19 PM,ALBION RD btwn LESTER RD & LEITRIM RD (__3ZA3SQ),__3ZA3SQ,01 - Non intersection,03 - P.D. only,03 - Rear end,01 - Clear,01 - Daylight,01 - Dry,10 - No control,,3,0,0,0,,0,,,,,372772.0007,5022147.212,45.33598011,-75.63275359,7322
17--3336,3/21/2017,2:47 PM,HUNT CLUB RD btwn WEST HUNT CLUB RD & TURN LANE (__3ZBOEO),__3ZBOEO,01 - Non intersection,03 - P.D. only,04 - Sideswipe,01 - Clear,01 - Daylight,01 - Dry,10 - No control,,2,0,0,0,,0,,,,,367847.7398,5021895.331,45.33417349,-75.69560725,7323
17--3606,3/26/2017,2:17 PM,HAIG DR @ RUSSELL RD (0008394),8394,02 - Intersection related,03 - P.D. only,03 - Rear end,01 - Clear,01 - Daylight,01 - Dry,01 - Traffic signal,01 - Functioning,2,0,0,0,,0,,,,,372730.7306,5029659.939,45.40358069,-75.632247,7324
17--4064,4/10/2017,4:40 PM,BEECHWOOD AVE btwn PUTMAN AVE & ACACIA AVE (__3ZA3AZ),__3ZA3AZ,01 - Non intersection,02 - Non-fatal injury,04 - Sideswipe,01 - Clear,01 - Daylight,01 - Dry,10 - No control,,2,1,0,0,02 - Minor,1,,1,,,369612.061,5033915.62,45.44216736,-75.67152097,7325
17--3792,4/1/2017,2:21 PM,MEADOWLANDS DR @ MERIVALE RD (0000625),625,02 - Intersection related,03 - P.D. only,03 - Rear end,01 - Clear,01 - Daylight,01 - Dry,01 - Traffic signal,01 - Functioning,2,0,0,0,,0,,,,,364859.0344,5023726.179,45.3509094,-75.73351277,7326
17--3337,3/21/2017,3:06 AM,RIVERSIDE DR @ WALKLEY RD (0002158),2158,02 - Intersection related,03 - P.D. only,07 - SMV other,01 - Clear,07 - Dark,02 - Wet,01 - Traffic signal,01 - Functioning,1,0,0,0,,0,,,,,368419.0584,5024855.536,45.36075717,-75.68793805,7327
17--3607,3/26/2017,2:40 PM,MEADOWLANDS DR btwn TURN LANE & SULLIVAN AVE (__3ZA3GE),__3ZA3GE,01 - Non intersection,03 - P.D. only,06 - SMV unattended vehicle,01 - Clear,01 - Daylight,02 - Wet,10 - No control,,1,0,0,0,,0,,,,,363234.3825,5022824.511,45.34293353,-75.7543517,7328
17--4065,4/10/2017,5:00 PM,RIVERSIDE DR @ BROOKFIELD RD/HOG'S BACK RD (0001627),1627,02 - Intersection related,02 - Non-fatal injury,03 - Rear end,01 - Clear,01 - Daylight,01 - Dry,01 - Traffic signal,00 - Unknown,2,0,0,0,02 - Minor,1,,1,,,368169.2395,5026224.56,45.37309793,-75.69095094,7329
17--3793,4/1/2017,2:25 PM,HUNT CLUB RD btwn CONROY RD & MALAK ST (__3ZA3S6),__3ZA3S6,01 - Non intersection,03 - P.D. only,06 - SMV unattended vehicle,01 - Clear,01 - Daylight,02 - Wet,10 - No control,,1,0,0,0,,0,,,,,373981.4658,5025530.275,45.36630136,-75.61685069,7330
17--3794,4/1/2017,2:37 AM,LESTER RD btwn ALBION RD & UPLANDS DR (__3ZA2SC),__3ZA2SC,01 - Non intersection,02 - Non-fatal injury,07 - SMV other,03 - Snow,07 - Dark,04 - Slush,10 - No control,,1,0,0,0,02 - Minor,1,,1,,,371782.2262,5021867.692,45.33356026,-75.64541841,7331
17--3795,4/1/2017,3:01 AM,RICHMOND RD @ WEST HUNT CLUB RD (0000598),598,02 - Intersection related,02 - Non-fatal injury,07 - SMV other,03 - Snow,07 - Dark,02 - Wet,01 - Traffic signal,01 - Functioning,1,0,0,0,02 - Minor,1,,1,,,357143.9751,5018152.462,45.30137484,-75.83255617,7332
17--3796,4/1/2017,3:42 PM,ROCKY HILL DR @ PRINCE OF WALES DR (0010328),10328,02 - Intersection related,03 - P.D. only,03 - Rear end,01 - Clear,01 - Daylight,01 - Dry,01 - Traffic signal,01 - Functioning,2,0,0,0,,0,,,,,366970.4406,5014403.42,45.26684039,-75.70773861,7333
17--3797,4/1/2017,5:00 PM,LABELLE ST/RAMP @ LEMIEUX ST/HWY417 IC115 RAMP (0012538),12538,03 - At intersection,03 - P.D. only,02 - Angle,01 - Clear,01 - Daylight,01 - Dry,02 - Stop sign,01 - Functioning,2,0,0,0,,0,,,,,372542.7237,5031689.238,45.42185761,-75.63436943,7334
17--3798,4/1/2017,5:04 PM,DONNELLY DR @ MERLYN WILSON RD (0003644),3644,03 - At intersection,02 - Non-fatal injury,02 - Angle,01 - Clear,01 - Daylight,01 - Dry,02 - Stop sign,01 - Functioning,2,0,0,0,02 - Minor,2,1,1,,,0,0,0,-79.23728992,7335
17--3799,4/1/2017,5:24 AM,AUGUSTA ST @ RIDEAU ST (0011916),11916,03 - At intersection,02 - Non-fatal injury,07 - SMV other,03 - Snow,07 - Dark,03 - Loose snow,01 - Traffic signal,01 - Functioning,1,0,0,1,02 - Minor,1,,1,,,369013.1435,5032715.921,45.43142821,-75.67933251,7336
17--38,1/2/2017,9:12 AM,CRAWFORD SIDE RD btwn DWYER HILL RD & ONDROVIC GT (__3ZA17K),__3ZA17K,01 - Non intersection,03 - P.D. only,07 - SMV other,01 - Clear,01 - Daylight,02 - Wet,10 - No control,,1,0,0,0,,0,,,,,342481.9698,5006333.836,45.19596425,-76.02040099,7337
17--380,1/8/2017,9:20 PM,CARLING AVE WB btwn HWY417 IC124 RAMP76 & KIRKWOOD AVE (__3ZBOD8),__3ZBOD8,01 - Non intersection,03 - P.D. only,07 - SMV other,01 - Clear,07 - Dark,06 - Ice,10 - No control,,1,0,0,0,,0,,,,,364232.3759,5027466.255,45.38461545,-75.74105971,7338
17--3800,4/1/2017,5:55 PM,CAMPEAU DR/HWY 417 MARCH IC138R63 @ MARCH RD (0009710),9710,02 - Intersection related,03 - P.D. only,03 - Rear end,01 - Clear,01 - Daylight,01 - Dry,01 - Traffic signal,01 - Functioning,2,0,0,0,,0,,,,,352844.0268,5020477.9,45.32260687,-75.88715652,7339
17--3801,4/1/2017,6:51 PM,CATHERINE ST @ METCALFE ST (0011239),11239,03 - At intersection,03 - P.D. only,04 - Sideswipe,01 - Clear,05 - Dusk,01 - Dry,01 - Traffic signal,01 - Functioning,2,0,0,0,,0,,,,,368393.3723,5030486.563,45.41142585,-75.68754037,7340
17--3802,4/1/2017,7:35 AM,HWY417 IC131 RAMP66 btwn HWY417 IC130 RAMP36 & HWY417 IC131 RAMP63 (__3ZA1SX),__3ZA1SX,01 - Non intersection,03 - P.D. only,03 - Rear end,02 - Rain,01 - Daylight,02 - Wet,10 - No control,,2,0,0,0,,0,,,,,358556.9525,5022928.856,45.34424647,-75.81402193,7341
17--3803,4/1/2017,8:20 AM,HIGHWAY 417 btwn HWY417 IC129 RAMP61 & TRANSIT (__3ZA2SI),__3ZA2SI,01 - Non intersection,03 - P.D. only,03 - Rear end,02 - Rain,01 - Daylight,02 - Wet,10 - No control,,2,0,0,0,,0,,,,,361384.8248,5024273.365,45.35612188,-75.77778516,7342
17--3804,4/1/2017,9:13 PM,SECOND AVE @ BRONSON AVE (0007717),7717,03 - At intersection,03 - P.D. only,05 - Turning movement,01 - Clear,07 - Dark,01 - Dry,02 - Stop sign,01 - Functioning,2,0,0,0,,0,,,,,367519.5923,5029161.93,45.39958605,-75.69887105,7343
17--3805,4/1/2017,9:15 AM,HIGHWAY 417 btwn HWY417 IC117 RAMP51 & HWY417 IC117 RAMP35 (__3ZA2YN),__3ZA2YN,01 - Non intersection,03 - P.D. only,07 - SMV other,03 - Snow,01 - Daylight,02 - Wet,10 - No control,,1,0,0,0,,0,,,,,370655.794,5031166.625,45.41733553,-75.65854821,7344
17--3806,4/1/2017,9:38 PM,HUNT CLUB RD @ UPLANDS DR (0010844),10844,03 - At intersection,03 - P.D. only,05 - Turning movement,01 - Clear,07 - Dark,01 - Dry,01 - Traffic signal,01 - Functioning,2,0,0,0,,0,,,,,370157.0617,5023122.161,45.34500089,-75.66598486,7345
17--3807,4/2/2017,1:00 PM,HIGHWAY 417 btwn HWY417 IC134 RAMP61 & HWY417 IC131 RAMP66 (__3ZA297),__3ZA297,01 - Non intersection,03 - P.D. only,07 - SMV other,01 - Clear,01 - Daylight,01 - Dry,10 - No control,,1,0,0,0,,0,,,,,357266.5029,5022643.199,45.34177381,-75.83051816,7346
17--3808,4/2/2017,1:30 AM,INNES RD @ TENTH LINE RD (0004633),4633,02 - Intersection related,03 - P.D. only,04 - Sideswipe,01 - Clear,07 - Dark,01 - Dry,01 - Traffic signal,01 - Functioning,2,0,0,0,,0,,,,,383951.4259,5036160.23,45.46088594,-75.48788884,7347
17--3809,4/2/2017,1:45 PM,HIGHWAY 417 btwn HWY417 IC122 RAMP61 & HWY417 IC121B RAMP16 (__3ZA2Y4),__3ZA2Y4,01 - Non intersection,02 - Non-fatal injury,03 - Rear end,01 - Clear,01 - Daylight,01 - Dry,10 - No control,,2,0,0,0,01 - Minimal,1,1,,,,365808.3705,5029206.525,45.40013851,-75.72072122,7348
17--381,1/8/2017,9:57 AM,WEST HUNT CLUB RD WB btwn WOODROFFE AVE & 354 E OF WOODROFFE AVE/REC P (__3ZA3JEA),__3ZA3JEA,01 - Non intersection,02 - Non-fatal injury,07 - SMV other,03 - Snow,01 - Daylight,05 - Packed snow,10 - No control,,1,0,0,0,02 - Minor,1,,1,,,363885.3064,5021400.436,45.3300653,-75.74621637,7349
17--3810,4/2/2017,1:56 PM,BRONSON AVE btwn JAMES ST & FLORENCE ST (__3ZA1WO),__3ZA1WO,01 - Non intersection,03 - P.D. only,06 - SMV unattended vehicle,01 - Clear,01 - Daylight,01 - Dry,10 - No control,,1,0,0,0,,0,,,,,367072.8401,5030220.564,45.40915122,-75.70444325,7350
17--3811,4/2/2017,10:44 AM,HWY417 IC129 RAMP51 btwn ASHLEY ST & HWY417 IC129 RAMP53 (__6KDGCM),__6KDGCM,01 - Non intersection,03 - P.D. only,04 - Sideswipe,01 - Clear,01 - Daylight,01 - Dry,10 - No control,,2,0,0,0,,0,,,,,360461.5753,5023294.133,45.34738468,-75.78967828,7351
17--3812,4/2/2017,10:47 AM,LEWIS ST @ METCALFE ST (0007288),7288,03 - At intersection,02 - Non-fatal injury,05 - Turning movement,01 - Clear,01 - Daylight,01 - Dry,02 - Stop sign,00 - Unknown,2,0,0,0,02 - Minor,1,,1,,,368121.0466,5030924.244,45.41538865,-75.69096298,7352
17--3813,4/2/2017,10:50 PM,OTTAWA RIVER PKWY @ PORTAGE BRIDGE (0009072),9072,02 - Intersection related,03 - P.D. only,04 - Sideswipe,01 - Clear,07 - Dark,01 - Dry,01 - Traffic signal,00 - Unknown,2,0,0,0,,0,,,,,366516.0945,5031313.174,45.41903153,-75.71141836,7353
17--3814,4/2/2017,11:28 AM,FRIEL ST @ RIDEAU ST (0011917),11917,02 - Intersection related,03 - P.D. only,04 - Sideswipe,01 - Clear,01 - Daylight,01 - Dry,01 - Traffic signal,01 - Functioning,2,0,0,0,,0,,,,,368771.368,5032571.922,45.43015471,-75.68244088,7354
17--3815,4/2/2017,11:32 AM,INNES RD @ ORLEANS BLVD (0003611),3611,02 - Intersection related,03 - P.D. only,04 - Sideswipe,01 - Clear,01 - Daylight,01 - Dry,01 - Traffic signal,00 - Unknown,2,0,0,0,,0,,,,,380460.7951,5034296.403,45.44450342,-75.53280378,7355
17--3816,4/2/2017,12:10 AM,HWY417 IC138 RAMP35 btwn HIGHWAY 417 & EAGLESON RD (__3ZAY6O),__3ZAY6O,01 - Non intersection,03 - P.D. only,07 - SMV other,01 - Clear,07 - Dark,01 - Dry,10 - No control,,1,0,0,0,,0,,,,,352886.37,5020162.709,45.31976782,-75.88664703,7356
17--3817,4/2/2017,12:25 PM,AVATION PKWY/ROCKCLIFFE PKWY WB ONRAMP btwn ROCKCLIFFE PKWY & AVIATION (__3ZAY0Z),__3ZAY0Z,01 - Non intersection,03 - P.D. only,03 - Rear end,01 - Clear,01 - Daylight,01 - Dry,10 - No control,,2,0,0,0,,0,,,,,371575.8933,5035524.441,45.45645793,-75.64620209,7357
17--3818,4/2/2017,12:55 AM,BRONSON AVE @ SUNNYSIDE AVE/UNIVERSITY RD - CA (0007209),7209,03 - At intersection,02 - Non-fatal injury,05 - Turning movement,01 - Clear,07 - Dark,01 - Dry,01 - Traffic signal,01 - Functioning,2,0,0,0,02 - Minor,5,1,4,,,367923.0446,5028092.885,45.38993083,-75.69385497,7358
17--3819,4/2/2017,2:12 PM,GREENBANK RD @ BELLMAN DR/BATEMAN DR (0000153),153,03 - At intersection,03 - P.D. only,05 - Turning movement,01 - Clear,01 - Daylight,01 - Dry,01 - Traffic signal,01 - Functioning,2,0,0,0,,0,,,,,361255.6722,5021017.489,45.32683601,-75.779805,7359
17--382,1/9/2017,1:01 PM,INDUSTRIAL AVE @ RIVERSIDE DR (0011905),11905,02 - Intersection related,03 - P.D. only,03 - Rear end,01 - Clear,01 - Daylight,01 - Dry,01 - Traffic signal,01 - Functioning,3,0,0,0,,0,,,,,370683.0019,5030592.553,45.4121677,-75.65827735,7360
17--3820,4/2/2017,2:15 AM,HIGHWAY 417 btwn HWY417 IC104 RAMP15 & HWY417 IC96 RAMP51 (__3ZA2W4),__3ZA2W4,01 - Non intersection,03 - P.D. only,07 - SMV other,01 - Clear,07 - Dark,01 - Dry,10 - No control,,1,0,0,0,,0,,,,,382735.409,5025408.582,45.36428779,-75.50513572,7361
17--3821,4/2/2017,2:52 PM,GEORGE ST @ SUSSEX DR (0002109),2109,02 - Intersection related,03 - P.D. only,03 - Rear end,01 - Clear,01 - Daylight,01 - Dry,01 - Traffic signal,01 - Functioning,2,0,0,0,,0,,,,,367868.4654,5032128.817,45.42624981,-75.69403563,7362
17--3822,4/2/2017,3:35 AM,COLONEL BY DR btwn CLEGG ST & ECHO DR S (__3ZBPHH),__3ZBPHH,01 - Non intersection,03 - P.D. only,04 - Sideswipe,01 - Clear,07 - Dark,02 - Wet,10 - No control,,2,0,0,0,,0,,,,,368612.1116,5028776.221,45.39601684,-75.6849674,7363
17--3823,4/2/2017,4:25 PM,INDUSTRIAL AVE @ RIVERSIDE DR (0011905),11905,02 - Intersection related,03 - P.D. only,03 - Rear end,01 - Clear,01 - Daylight,01 - Dry,01 - Traffic signal,01 - Functioning,2,0,0,0,,0,,,,,370684.717,5030591.818,45.41216093,-75.65825554,7364
17--3824,4/2/2017,5:20 AM,PRINCE OF WALES DR @ MERIVALE RD (0000564),564,02 - Intersection related,03 - P.D. only,07 - SMV other,"07 - Fog, mist, smoke, dust",07 - Dark,02 - Wet,01 - Traffic signal,01 - Functioning,1,0,0,0,,0,,,,,367450.7146,5017617.13,45.29571443,-75.70121321,7365
17--3825,4/2/2017,6:35 AM,HIGHWAY 417 btwn HWY417 IC122 RAMP61 & HWY417 IC121B RAMP16 (__3ZA2Y4),__3ZA2Y4,01 - Non intersection,02 - Non-fatal injury,07 - SMV other,01 - Clear,03 - Dawn,01 - Dry,10 - No control,,1,0,0,0,02 - Minor,1,,1,,,365814.5302,5029210.387,45.40017272,-75.72064207,7366
17--3826,4/2/2017,9:05 PM,OSGOODE ST @ SWEETLAND AVE (0008459),8459,02 - Intersection related,02 - Non-fatal injury,07 - SMV other,01 - Clear,07 - Dark,01 - Dry,02 - Stop sign,01 - Functioning,1,0,0,1,01 - Minimal,1,1,,,,369066.04,5031983.24,45.42483096,-75.67875215,7367
17--3827,4/2/2017,9:15 AM,PRINCE ALBERT ST btwn ISIDORE ST & BERNARD ST (__3ZA8JC),__3ZA8JC,01 - Non intersection,03 - P.D. only,04 - Sideswipe,01 - Clear,01 - Daylight,01 - Dry,10 - No control,,2,0,0,0,,0,,,,,371796.4166,5032046.076,45.42514015,-75.64385629,7368