Anom_ID,Accident_Date,Accident_Time,Location,Geo_ID,Accident_Location,Classification_of_Accident,Initial_Impact_Type,Environment_Condition,Light,Road_Surface_Condition,Traffic_Control,Traffic_Control_Condition,No__of_Vehicles,No__of_Bicycles,No__of_Motorcycles,No__of_Pedestrians,Max_Injury,No__of_Injuries,No__of_Minimal,No__of_Minor,No__of_Major,No__of_Fatal,X,Y,Latitude,Longitude,ObjectId
17--3828,4/3/2017,1:13 PM,ALBERT ST @ BOOTH ST (0002162),2162,02 - Intersection related,03 - P.D. only,03 - Rear end,01 - Clear,01 - Daylight,01 - Dry,01 - Traffic signal,01 - Functioning,2,0,0,0,,0,,,,,366429.4437,5030627.692,45.41287139,-75.71261117,7369
17--3829,4/3/2017,1:40 PM,CYR AVE @ MONTREAL RD (0009803),9803,03 - At intersection,02 - Non-fatal injury,07 - SMV other,01 - Clear,01 - Daylight,01 - Dry,02 - Stop sign,01 - Functioning,1,0,0,0,02 - Minor,1,,1,,,370220.375,5033147.252,45.43519725,-75.66384797,7370
17--383,1/9/2017,1:29 PM,BANK ST @ COLLINS AVE/WILDWOOD AVE (0006959),6959,03 - At intersection,03 - P.D. only,02 - Angle,03 - Snow,01 - Daylight,04 - Slush,02 - Stop sign,01 - Functioning,2,0,0,0,,0,,,,,370049.9693,5026697.162,45.37717765,-75.66687932,7371
17--3830,4/3/2017,11:51 AM,HAZELDEAN RD @ TERRY FOX DR (0003682),3682,02 - Intersection related,03 - P.D. only,03 - Rear end,01 - Clear,01 - Daylight,01 - Dry,01 - Traffic signal,01 - Functioning,2,0,0,0,,0,,,,,352208.3615,5017244.327,45.29355364,-75.89557385,7372
17--3831,4/3/2017,Unknown,SANDALWOOD DR btwn BAYCREST DR & HERON RD (__3ZA9YZ),__3ZA9YZ,01 - Non intersection,03 - P.D. only,06 - SMV unattended vehicle,02 - Rain,07 - Dark,02 - Wet,10 - No control,,1,0,0,0,,0,,,,,371472.0226,5026868.276,45.3785834,-75.64870124,7373
17--3832,4/3/2017,Unknown,PARK ST btwn CARILLON ST & MONTREAL RD (__3ZA8US),__3ZA8US,01 - Non intersection,03 - P.D. only,06 - SMV unattended vehicle,01 - Clear,00 - Unknown,01 - Dry,10 - No control,,1,0,0,0,,0,,,,,370498.0538,5033343.299,45.43693516,-75.66027312,7374
17--3833,4/3/2017,12:07 PM,BANK ST @ RIDEAU RD (0009263),9263,02 - Intersection related,03 - P.D. only,04 - Sideswipe,01 - Clear,01 - Daylight,01 - Dry,01 - Traffic signal,00 - Unknown,2,0,0,0,,0,,,,,376954.243,5017845.492,45.29685751,-75.58002614,7375
17--3834,4/3/2017,12:37 PM,MONTREAL RD btwn PALACE ST & VANIER PKWY (__3ZA3LL),__3ZA3LL,01 - Non intersection,03 - P.D. only,04 - Sideswipe,01 - Clear,01 - Daylight,01 - Dry,10 - No control,,2,0,0,0,,0,,,,,369996.8967,5033021.698,45.43408844,-75.66672062,7376
17--3835,4/3/2017,12:54 AM,DONNELLY DR btwn MERLYN WILSON RD & MCCORDICK RD (__3ZA30Q),__3ZA30Q,01 - Non intersection,02 - Non-fatal injury,07 - SMV other,01 - Clear,07 - Dark,01 - Dry,10 - No control,,1,0,0,0,02 - Minor,1,,1,,,370189.8742,4991664.335,45.06194179,-75.66969411,7377
17--3836,4/3/2017,3:48 PM,INNES RD @ BEARBROOK RD/GLEN PARK DR E (0003630),3630,02 - Intersection related,03 - P.D. only,03 - Rear end,01 - Clear,01 - Daylight,01 - Dry,01 - Traffic signal,00 - Unknown,2,0,0,0,,0,,,,,377993.9831,5032843.696,45.43169558,-75.56454954,7378
17--3837,4/3/2017,4:59 PM,MERIVALE RD btwn 170 N OF WEST HUNT CLUB RD/COSTCO SC & WEST HUNT CLUB (__3ZA33DB),__3ZA33DB,01 - Non intersection,03 - P.D. only,04 - Sideswipe,01 - Clear,01 - Daylight,01 - Dry,10 - No control,,2,0,0,0,,0,,,,,365604.334,5021969.254,45.33503662,-75.72421791,7379
17--3838,4/3/2017,5:02 PM,AVENUE L @ TREMBLAY RD (0002697),2697,02 - Intersection related,03 - P.D. only,02 - Angle,01 - Clear,01 - Daylight,01 - Dry,02 - Stop sign,01 - Functioning,2,0,0,0,,0,,,,,371495.3836,5031312.894,45.41857207,-75.64780201,7380
17--3839,4/3/2017,5:10 PM,INDUSTRIAL AVE/INNES RD @ ST. LAURENT BLVD (0002203),2203,02 - Intersection related,03 - P.D. only,03 - Rear end,01 - Clear,01 - Daylight,01 - Dry,01 - Traffic signal,01 - Functioning,2,0,0,0,,0,,,,,373100.4779,5030005.191,45.40665113,-75.62747654,7381
17--384,1/9/2017,1:30 PM,BLAIR RD @ REGIONAL RD 174 S/OR174 IC112 RAMP15 (0012435),12435,03 - At intersection,03 - P.D. only,02 - Angle,01 - Clear,01 - Daylight,01 - Dry,01 - Traffic signal,01 - Functioning,2,0,0,0,,0,,,,,374908.8814,5032661.449,45.43037191,-75.60399945,7382
17--3840,4/3/2017,5:25 PM,COLONNADE RD @ MERIVALE RD (0004569),4569,02 - Intersection related,03 - P.D. only,03 - Rear end,01 - Clear,01 - Daylight,01 - Dry,01 - Traffic signal,01 - Functioning,2,0,0,0,,0,,,,,365363.3606,5022544.496,45.34023341,-75.72722172,7383
17--3841,4/3/2017,5:41 PM,CARP RD/HWY 417 CARP IC144R63 @ HWY 417 CARP I (0001100),1100,02 - Intersection related,03 - P.D. only,03 - Rear end,01 - Clear,01 - Daylight,01 - Dry,01 - Traffic signal,01 - Functioning,2,0,0,0,,0,,,,,347299.8269,5015926.823,45.28201228,-75.9582644,7384
17--3842,4/3/2017,5:51 PM,EAGLESON RD @ HWY 417 EAGLESO IC138R35 (0012568),12568,02 - Intersection related,03 - P.D. only,03 - Rear end,01 - Clear,01 - Daylight,01 - Dry,10 - No control,,2,0,0,0,,0,,,,,352963.7641,5020184.719,45.31996057,-75.88565776,7385
17--3843,4/3/2017,6:00 PM,OTTAWA RIVER PKWY @ PORTAGE BRIDGE (0009072),9072,02 - Intersection related,03 - P.D. only,04 - Sideswipe,02 - Rain,01 - Daylight,02 - Wet,01 - Traffic signal,01 - Functioning,2,0,0,0,,0,,,,,366516.0437,5031316.277,45.41905945,-75.71141862,7386
17--3844,4/3/2017,6:53 PM,GREEN ST @ LARKIN DR (0001461),1461,02 - Intersection related,03 - P.D. only,03 - Rear end,01 - Clear,01 - Daylight,01 - Dry,02 - Stop sign,01 - Functioning,2,0,0,0,,0,,,,,363110.6749,5016468.075,45.2857488,-75.75667825,7387
17--3845,4/3/2017,7:23 AM,BRIAN COBURN BLVD @ STRASBOURG ST (0013501),13501,03 - At intersection,03 - P.D. only,02 - Angle,01 - Clear,01 - Daylight,01 - Dry,02 - Stop sign,01 - Functioning,2,0,0,0,,0,,,,,384046.5521,5034850.028,45.44908715,-75.48688377,7388
17--3846,4/3/2017,7:30 PM,HIGHWAY 417 btwn HWY417 IC155 RAMP61 & HWY417 IC145 RAMP56 (__3ZA2Q2),__3ZA2Q2,01 - Non intersection,02 - Non-fatal injury,07 - SMV other,01 - Clear,05 - Dusk,01 - Dry,10 - No control,,1,0,0,0,01 - Minimal,1,1,,,,344392.0002,5015409.217,45.27752442,-75.9953696,7389
17--3847,4/3/2017,7:45 PM,HIGHWAY 7 btwn TO BE DETERMINED & RAMP (__7JQ7L1),__7JQ7L1,01 - Non intersection,03 - P.D. only,07 - SMV other,01 - Clear,07 - Dark,01 - Dry,10 - No control,,1,0,0,0,,0,,,,,345959.2186,5011505.9,45.24231067,-75.97571838,7390
17--3848,4/3/2017,7:46 AM,BLAIR RD @ REGIONAL RD 174 N/OR174 IC112 RAMP61 (0003617),3617,02 - Intersection related,03 - P.D. only,03 - Rear end,01 - Clear,01 - Daylight,01 - Dry,01 - Traffic signal,00 - Unknown,2,0,0,0,,0,,,,,374636.4611,5032993.156,45.43338368,-75.60743355,7391
17--3849,4/3/2017,9:12 PM,CONROY RD @ JOHNSTON RD (0011908),11908,03 - At intersection,03 - P.D. only,05 - Turning movement,01 - Clear,07 - Dark,01 - Dry,01 - Traffic signal,01 - Functioning,2,0,0,0,,0,,,,,373397.1416,5026307.791,45.37335455,-75.62420114,7392
17--385,1/9/2017,10:00 AM,OAK CREEK RD @ RICHARDSON SIDE RD (0005987),5987,03 - At intersection,03 - P.D. only,99 - Other,01 - Clear,01 - Daylight,06 - Ice,02 - Stop sign,01 - Functioning,2,0,0,0,,0,,,,,347206.2836,5018091.477,45.30149627,-75.95927166,7393
17--3850,4/3/2017,9:18 PM,COLONEL BY DR btwn OTTAWA UNIV. PED. XING & MAIN ST (__3ZA8HKC),__3ZA8HKC,01 - Non intersection,02 - Non-fatal injury,02 - Angle,01 - Clear,07 - Dark,01 - Dry,10 - No control,,2,1,0,0,02 - Minor,1,,1,,,368930.9412,5031089.825,45.41680473,-75.68059468,7394
17--3851,4/3/2017,9:52 AM,DALMENY RD btwn TO BE DETERMINED & OLD STAGECOACH RD (__30LKHH),__30LKHH,01 - Non intersection,03 - P.D. only,07 - SMV other,01 - Clear,01 - Daylight,01 - Dry,10 - No control,,1,0,0,0,,0,,,,,377596.71,4999076.518,45.12791344,-75.57457879,7395
17--3852,4/3/2017,9:52 PM,HIGHWAY 417 btwn RAMP & HWY417 IC88 RAMP51 (__3ZA2W2),__3ZA2W2,01 - Non intersection,02 - Non-fatal injury,07 - SMV other,01 - Clear,07 - Dark,01 - Dry,10 - No control,,1,0,0,0,02 - Minor,1,,1,,,392196.1305,5022905.584,45.34065276,-75.38483149,7396
17--3853,4/4/2017,1:45 PM,MEADOWLANDS DR @ MERIVALE RD (0000625),625,03 - At intersection,03 - P.D. only,03 - Rear end,02 - Rain,01 - Daylight,02 - Wet,01 - Traffic signal,01 - Functioning,2,0,0,0,,0,,,,,364857.9494,5023725.135,45.3509001,-75.73352675,7397
17--3854,4/4/2017,1:46 PM,MERIVALE RD btwn CLYDE AVE & RITA AVE (__3ZA4H7),__3ZA4H7,04 - At/near private drive,03 - P.D. only,05 - Turning movement,02 - Rain,01 - Daylight,02 - Wet,10 - No control,,2,0,0,0,,0,,,,,364576.1511,5024380.642,45.35682234,-75.73704355,7398
17--3855,4/4/2017,10:10 PM,DONNELLY DR btwn REDDICK LANE & HARNETT RD (__3ZAZAY),__3ZAZAY,01 - Non intersection,03 - P.D. only,07 - SMV other,02 - Rain,07 - Dark,02 - Wet,10 - No control,,1,0,0,0,,0,,,,,365418.5412,4987476.074,45.02467875,-75.73077897,7399
17--3856,4/4/2017,10:22 PM,KIRKWOOD AVE @ MERIVALE RD (0002243),2243,03 - At intersection,03 - P.D. only,05 - Turning movement,02 - Rain,07 - Dark,02 - Wet,01 - Traffic signal,01 - Functioning,3,0,0,0,,0,,,,,364853.367,5026646.542,45.37718686,-75.73323019,7400
17--3857,4/4/2017,10:45 AM,LYON ST @ WELLINGTON ST (0002388),2388,02 - Intersection related,03 - P.D. only,04 - Sideswipe,02 - Rain,01 - Daylight,02 - Wet,01 - Traffic signal,01 - Functioning,2,0,0,0,,0,,,,,366935.6055,5031427.504,45.42002311,-75.70604413,7401
17--3858,4/4/2017,11:34 AM,BLAIR RD @ OGILVIE RD (0004120),4120,02 - Intersection related,03 - P.D. only,04 - Sideswipe,02 - Rain,01 - Daylight,02 - Wet,01 - Traffic signal,01 - Functioning,2,0,0,0,,0,,,,,374509.2522,5033199.594,45.43525379,-75.60902995,7402
17--3859,4/4/2017,Unknown,LYON ST    S btwn FOURTH AVE & END (__4VCD8Q),__4VCD8Q,01 - Non intersection,03 - P.D. only,06 - SMV unattended vehicle,02 - Rain,00 - Unknown,02 - Wet,10 - No control,,1,0,0,0,,0,,,,,368198.7839,5029334.924,45.40108142,-75.69017424,7403
17--386,1/9/2017,10:11 AM,CARLING AVE EB btwn HWY417 IC124 RAMP57 & KIRKWOOD AVE (__3ZA30Y),__3ZA30Y,01 - Non intersection,03 - P.D. only,03 - Rear end,03 - Snow,01 - Daylight,06 - Ice,10 - No control,,2,0,0,0,,0,,,,,364271.4004,5027227.44,45.38246332,-75.74059019,7404
17--3860,4/4/2017,Unknown,LONDON TER btwn HEMLOCK RD & GEORGETON PRIV (__3ZA8RV),__3ZA8RV,01 - Non intersection,03 - P.D. only,06 - SMV unattended vehicle,02 - Rain,00 - Unknown,02 - Wet,10 - No control,,1,0,0,0,,0,,,,,371234.591,5034908.104,45.45094496,-75.65064876,7405
17--3861,4/4/2017,12:29 PM,STONEHAVEN DR btwn RICHMOND RD & SAWYER WAY/SUMMITVIEW DR (__3ZA5XW),__3ZA5XW,04 - At/near private drive,03 - P.D. only,02 - Angle,02 - Rain,01 - Daylight,02 - Wet,10 - No control,,2,0,0,0,,0,,,,,356752.5441,5015873.377,45.28089632,-75.83778572,7406
17--3862,4/4/2017,12:30 PM,210 W OF MERIVALE RD @ WEST HUNT CLUB RD (0004688),4688,02 - Intersection related,03 - P.D. only,03 - Rear end,02 - Rain,01 - Daylight,02 - Wet,01 - Traffic signal,01 - Functioning,2,0,0,0,,0,,,,,365432.0211,5021829.484,45.3337939,-75.72643331,7407
17--3863,4/4/2017,12:34 PM,POULIN AVE @ RICHMOND RD (0002748),2748,03 - At intersection,03 - P.D. only,05 - Turning movement,02 - Rain,01 - Daylight,02 - Wet,01 - Traffic signal,01 - Functioning,2,0,0,0,,0,,,,,360325.345,5024901.183,45.36185567,-75.79123615,7408
17--3864,4/4/2017,2:43 PM,PRINCE OF WALES DR @ MERIVALE RD (0000564),564,02 - Intersection related,02 - Non-fatal injury,03 - Rear end,02 - Rain,01 - Daylight,02 - Wet,01 - Traffic signal,01 - Functioning,2,0,0,0,02 - Minor,1,,1,,,367451.3835,5017615.123,45.29569631,-75.70120493,7409
17--3865,4/4/2017,3:17 PM,BRONSON AVE @ COMMISSIONER ST/SLATER ST (0001679),1679,02 - Intersection related,03 - P.D. only,03 - Rear end,02 - Rain,01 - Daylight,02 - Wet,01 - Traffic signal,01 - Functioning,3,0,0,0,,0,,,,,366769.0734,5030948.899,45.41573153,-75.70823203,7410
17--3866,4/4/2017,4:25 PM,HIGHWAY 417 btwn HWY417 IC126 RAMP61 & HWY417 IC124 RAMP76 (__3ZA2Y2),__3ZA2Y2,01 - Non intersection,03 - P.D. only,03 - Rear end,02 - Rain,01 - Daylight,02 - Wet,10 - No control,,2,0,0,0,,0,,,,,363673.7256,5026534.88,45.37628225,-75.74830401,7411
17--3867,4/4/2017,4:30 PM,OTTAWA RIVER PKWY WB @ PARKDALE AVE WB ON RAMP (0011376),11376,02 - Intersection related,03 - P.D. only,04 - Sideswipe,01 - Clear,01 - Daylight,01 - Dry,03 - Yield sign,01 - Functioning,2,0,0,0,,0,,,,,364638.2492,5030469.004,45.41159901,-75.73551298,7412
17--3868,4/4/2017,5:21 PM,VANIER PKWY/CRICHTON ST @ BEECHWOOD AVE/ST. PA (0001604),1604,02 - Intersection related,03 - P.D. only,03 - Rear end,02 - Rain,01 - Daylight,02 - Wet,01 - Traffic signal,01 - Functioning,2,0,0,0,,0,,,,,369127.576,5033487.01,45.43835565,-75.67776941,7413
17--3869,4/4/2017,5:32 PM,BRONSON AVE btwn COOPER ST & SOMERSET ST W (__3ZA33L),__3ZA33L,01 - Non intersection,03 - P.D. only,04 - Sideswipe,02 - Rain,01 - Daylight,02 - Wet,10 - No control,,2,0,0,0,,0,,,,,366947.495,5030525.924,45.4119099,-75.70600592,7414
17--387,1/9/2017,10:21 AM,EARL ARMSTRONG RD btwn RIVER RD & SPRATT RD (__3ZAZR4),__3ZAZR4,01 - Non intersection,03 - P.D. only,07 - SMV other,01 - Clear,01 - Daylight,01 - Dry,10 - No control,,1,0,0,0,,0,,,,,367929.1967,5014721.078,45.26961325,-75.69548165,7415
17--3870,4/4/2017,5:53 PM,HWY 417 INNES IC112R57 @ INNES RD (0012298),12298,02 - Intersection related,02 - Non-fatal injury,03 - Rear end,02 - Rain,01 - Daylight,02 - Wet,01 - Traffic signal,00 - Unknown,2,0,0,0,01 - Minimal,1,1,,,,374298.8517,5030754.328,45.41327352,-75.6120638,7416
17--3871,4/4/2017,6:00 PM,GREENBANK RD @ BERRIGAN DR/WESSEX RD (0004726),4726,02 - Intersection related,03 - P.D. only,03 - Rear end,02 - Rain,01 - Daylight,02 - Wet,01 - Traffic signal,01 - Functioning,2,0,0,0,,0,,,,,363724.0188,5015276.45,45.2749754,-75.74900173,7417
17--3872,4/4/2017,6:53 AM,MONTREAL RD btwn L'ALLEMAND ST & ALTHA AVE (__3ZA3L9),__3ZA3L9,01 - Non intersection,02 - Non-fatal injury,07 - SMV other,02 - Rain,03 - Dawn,02 - Wet,10 - No control,,1,0,0,1,02 - Minor,1,,1,,,370607.9973,5033367.234,45.43714018,-75.65886481,7418
17--3873,4/4/2017,6:56 AM,LEES AVE @ KING EDWARD AVE/MANN AVE (0011413),11413,03 - At intersection,03 - P.D. only,04 - Sideswipe,02 - Rain,01 - Daylight,02 - Wet,01 - Traffic signal,01 - Functioning,2,0,0,0,,0,,,,,369178.5449,5031335.542,45.41899287,-75.67739925,7419
17--3874,4/4/2017,8:04 PM,GIBBARD AVE btwn GREENBANK RD & ATKINSON GT (__3ZA4YP),__3ZA4YP,04 - At/near private drive,02 - Non-fatal injury,07 - SMV other,02 - Rain,07 - Dark,02 - Wet,10 - No control,,1,0,0,0,02 - Minor,1,,1,,,361448.0786,5020632.534,45.32335668,-75.77739474,7420
17--3338,3/21/2017,3:22 PM,BANK ST @ WALKLEY RD (0011423),11423,02 - Intersection related,02 - Non-fatal injury,03 - Rear end,01 - Clear,01 - Daylight,01 - Dry,01 - Traffic signal,01 - Functioning,2,0,0,0,01 - Minimal,1,1,,,,370336.8487,5025948.404,45.3704138,-75.66331615,7421
17--3339,3/21/2017,3:39 AM,PERTH ST btwn SHEA RD & EAGLESON RD (__3ZA4YB),__3ZA4YB,01 - Non intersection,03 - P.D. only,07 - SMV other,01 - Clear,07 - Dark,01 - Dry,10 - No control,,1,0,0,0,,0,,,,,357598.5915,5007037.442,45.20132557,-75.82794034,7422
17--4066,4/10/2017,5:30 PM,ANDERSON RD/WEIR RD @ RENAUD RD (0003583),3583,03 - At intersection,03 - P.D. only,07 - SMV other,02 - Rain,01 - Daylight,02 - Wet,11 - Roundabout,01 - Functioning,1,0,0,0,,0,,,,,377766.7448,5031503.561,45.41966165,-75.56765188,7423
17--334,1/7/2017,4:20 PM,CARLING AVE @ BAYSHORE DR/BIRCHDALE AVE (0000021),21,02 - Intersection related,03 - P.D. only,03 - Rear end,01 - Clear,01 - Daylight,01 - Dry,01 - Traffic signal,01 - Functioning,2,0,0,0,,0,,,,,359003.3129,5023989.747,45.35375803,-75.80821018,7424
17--4067,4/10/2017,5:54 PM,KING EDWARD AVE @ ST. PATRICK ST (0002714),2714,02 - Intersection related,03 - P.D. only,03 - Rear end,01 - Clear,01 - Daylight,01 - Dry,01 - Traffic signal,01 - Functioning,2,0,0,0,,0,,,,,368249.7046,5032822.92,45.43246063,-75.68907476,7425
17--3340,3/21/2017,4:30 PM,HIGHWAY 417 btwn HWY417 IC129 RAMP61 & TRANSIT (__3ZA2SI),__3ZA2SI,01 - Non intersection,03 - P.D. only,03 - Rear end,01 - Clear,01 - Daylight,01 - Dry,10 - No control,,2,0,0,0,,0,,,,,361377.7639,5024271.979,45.35610998,-75.77787544,7426
17--4068,4/10/2017,6:32 PM,LEMIEUX ST @ ST. LAURENT BLVD (0002021),2021,02 - Intersection related,03 - P.D. only,03 - Rear end,01 - Clear,01 - Daylight,01 - Dry,01 - Traffic signal,01 - Functioning,2,0,1,0,,0,,,,,372390.3458,5031743.452,45.42236015,-75.63630889,7427
17--3341,3/21/2017,4:39 PM,LYON ST @ WELLINGTON ST (0002388),2388,02 - Intersection related,03 - P.D. only,04 - Sideswipe,01 - Clear,01 - Daylight,01 - Dry,01 - Traffic signal,01 - Functioning,2,0,1,0,,0,,,,,366934.9366,5031424.828,45.41999909,-75.70605301,7428
17--4069,4/10/2017,9:20 PM,HIGHWAY 417 btwn HWY 417 ANDERSON IC104R61 & HWY 417 BOUNDARY IC96R16 (__3ZA2W5),__3ZA2W5,01 - Non intersection,02 - Non-fatal injury,07 - SMV other,01 - Clear,07 - Dark,02 - Wet,10 - No control,,1,0,0,0,02 - Minor,3,,3,,,384585.5782,5025219.592,45.36237927,-75.48155208,7429
17--3342,3/21/2017,5:01 PM,FALLOWFIELD RD btwn ORR ST & GREENBANK RD (__3ZA3HG),__3ZA3HG,04 - At/near private drive,03 - P.D. only,03 - Rear end,01 - Clear,01 - Daylight,01 - Dry,10 - No control,,3,0,0,0,,0,,,,,363014.1205,5016680.281,45.28766624,-75.75788409,7430
17--407,1/9/2017,5:28 PM,MCARTHUR AVE @ IRWIN MILLER ST (0009812),9812,03 - At intersection,03 - P.D. only,02 - Angle,01 - Clear,05 - Dusk,02 - Wet,01 - Traffic signal,01 - Functioning,2,0,0,0,,0,,,,,371079.1178,5032784.704,45.43185434,-75.6529222,7431
17--4070,4/10/2017,9:23 PM,KING EDWARD AVE NB btwn RAMP & CATHCART ST (__7TR60M),__7TR60M,01 - Non intersection,03 - P.D. only,04 - Sideswipe,01 - Clear,07 - Dark,02 - Wet,10 - No control,,2,0,0,0,,0,,,,,368075.4057,5033159.784,45.4355074,-75.69125888,7432
17--3608,3/26/2017,2:50 PM,BASELINE RD @ LOBLAWS SC (0009097),9097,02 - Intersection related,02 - Non-fatal injury,03 - Rear end,01 - Clear,01 - Daylight,02 - Wet,01 - Traffic signal,01 - Functioning,2,0,0,0,01 - Minimal,2,2,,,,364742.6511,5025129.497,45.36354622,-75.73482778,7433
17--3343,3/21/2017,5:04 PM,CASTLEFRANK RD @ TERRY FOX DR (0011757),11757,02 - Intersection related,03 - P.D. only,05 - Turning movement,01 - Clear,01 - Daylight,01 - Dry,01 - Traffic signal,00 - Unknown,2,0,0,0,,0,,,,,352994.3435,5016304.139,45.28504012,-75.885645,7434
17--4071,4/11/2017,1:07 PM,BASELINE RD btwn CLYDE AVE & 207 E OF CLYDE AVE (__3ZA4ISA),__3ZA4ISA,01 - Non intersection,03 - P.D. only,03 - Rear end,01 - Clear,01 - Daylight,01 - Dry,10 - No control,,3,0,0,0,,0,,,,,364377.098,5024900.546,45.36151731,-75.73952128,7435
17--3609,3/26/2017,3:04 AM,BANK ST btwn MACLAREN ST & GILMOUR ST (__3ZA3QF),__3ZA3QF,01 - Non intersection,03 - P.D. only,04 - Sideswipe,01 - Clear,07 - Dark,01 - Dry,10 - No control,,2,0,0,0,,0,,,,,367749.4024,5030836.872,45.41463604,-75.69572208,7436
17--3344,3/21/2017,5:09 PM,CLEARBROOK DR btwn KENTMARE CRES & CHAPMAN MILLS DR (__4FP84A),__4FP84A,04 - At/near private drive,03 - P.D. only,99 - Other,01 - Clear,01 - Daylight,02 - Wet,10 - No control,,2,0,0,0,,0,,,,,365900.2672,5015126.659,45.27344185,-75.72128597,7437
17--3345,3/21/2017,5:18 PM,CEDARVIEW RD @ FALLOWFIELD RD (0001603),1603,02 - Intersection related,03 - P.D. only,03 - Rear end,01 - Clear,01 - Daylight,02 - Wet,01 - Traffic signal,01 - Functioning,2,0,0,0,,0,,,,,361295.0017,5015664.442,45.27866594,-75.77991337,7438
17--3346,3/21/2017,5:20 PM,COLONNADE RD @ PRINCE OF WALES DR (0005249),5249,02 - Intersection related,03 - P.D. only,03 - Rear end,01 - Clear,01 - Daylight,01 - Dry,01 - Traffic signal,00 - Unknown,2,0,0,0,,0,,,,,367393.9611,5023266.141,45.3465484,-75.70122278,7439
17--3347,3/21/2017,5:25 PM,BRIAN GOOD AVE @ EARL ARMSTRONG RD (0014984),14984,03 - At intersection,03 - P.D. only,02 - Angle,01 - Clear,01 - Daylight,01 - Dry,02 - Stop sign,00 - Unknown,2,0,0,0,,0,,,,,368110.0352,5014834.153,45.27061443,-75.69316285,7440
17--3348,3/21/2017,5:30 PM,RICHMOND RD btwn BROADVIEW AVE & GOLDEN AVE (__3ZA304),__3ZA304,04 - At/near private drive,03 - P.D. only,02 - Angle,01 - Clear,01 - Daylight,01 - Dry,10 - No control,,2,0,0,0,,0,,,,,362723.7402,5027903.875,45.38867947,-75.76027171,7441
17--3349,3/21/2017,5:34 PM,BRONSON AVE @ HOLMWOOD AVE (0007215),7215,03 - At intersection,03 - P.D. only,03 - Rear end,02 - Rain,01 - Daylight,02 - Wet,01 - Traffic signal,01 - Functioning,2,0,0,0,,0,,,,,367699.9572,5028728.418,45.39566925,-75.69662272,7442
17--335,1/7/2017,5:00 PM,HIGHWAY 417 btwn HWY417 IC122 RAMP61 & HWY417 IC121B RAMP16 (__3ZA2Y4),__3ZA2Y4,01 - Non intersection,03 - P.D. only,03 - Rear end,01 - Clear,05 - Dusk,01 - Dry,10 - No control,,2,0,0,0,,0,,,,,366457.2844,5029496.116,45.40268733,-75.71239702,7443
17--3350,3/21/2017,6:06 PM,INNES RD @ JEANNE D'ARC BLVD/MER BLEUE RD (0012475),12475,03 - At intersection,03 - P.D. only,05 - Turning movement,01 - Clear,05 - Dusk,01 - Dry,01 - Traffic signal,01 - Functioning,2,0,0,0,,0,,,,,382639.4258,5035566.885,45.45569495,-75.50475678,7444
17--3351,3/21/2017,6:10 PM,CARLING AVE @ PRESTON ST (0002161),2161,03 - At intersection,03 - P.D. only,05 - Turning movement,01 - Clear,05 - Dusk,01 - Dry,01 - Traffic signal,01 - Functioning,2,0,0,0,,0,,,,,366830.0445,5028936.891,45.39762264,-75.70770622,7445
17--3352,3/21/2017,6:19 PM,BOOTH ST @ SIR JOHN A. MACDONALD PKWY/WELLINGTON ST (0012252),12252,03 - At intersection,03 - P.D. only,04 - Sideswipe,01 - Clear,05 - Dusk,01 - Dry,01 - Traffic signal,01 - Functioning,2,0,0,0,,0,,,,,366264.0353,5031006.092,45.41629068,-75.71467706,7446
17--3353,3/21/2017,6:35 PM,TERRY FOX DR btwn 135 S OF HAZELDEAN RD/SOBEY'S SC & HALKIRK AVE (__3ZBPL2B),__3ZBPL2B,01 - Non intersection,02 - Non-fatal injury,03 - Rear end,01 - Clear,05 - Dusk,01 - Dry,10 - No control,,3,0,0,0,01 - Minimal,8,8,,,,352445.3377,5016950.944,45.29089767,-75.89258091,7447
17--3354,3/21/2017,6:40 AM,STAGECOACH RD btwn CABIN RD & SNAKE ISLAND RD (__3ZBOGH),__3ZBOGH,04 - At/near private drive,03 - P.D. only,02 - Angle,03 - Snow,03 - Dawn,02 - Wet,10 - No control,,2,0,0,0,,0,,,,,378125.3182,5005542.567,45.1860389,-75.56691068,7448
17--3355,3/21/2017,6:44 PM,EARL ARMSTRONG RD @ SPRATT RD (0013063),13063,03 - At intersection,03 - P.D. only,05 - Turning movement,01 - Clear,05 - Dusk,01 - Dry,01 - Traffic signal,01 - Functioning,2,0,0,0,,0,,,,,368397.2186,5015011.429,45.27218363,-75.68948059,7449
17--3356,3/21/2017,7:02 AM,AIRPORT PKWY btwn RAMP & TO BE DETERMINED (__3ZA222),__3ZA222,01 - Non intersection,03 - P.D. only,07 - SMV other,02 - Rain,01 - Daylight,02 - Wet,10 - No control,,1,0,0,0,,0,,,,,370060.889,5025553.072,45.36688248,-75.66689107,7450
17--3357,3/21/2017,7:03 AM,RUSSELL RD @ TUPPER AVE (0007655),7655,02 - Intersection related,03 - P.D. only,02 - Angle,01 - Clear,01 - Daylight,02 - Wet,01 - Traffic signal,01 - Functioning,2,0,0,0,,0,,,,,374257.7389,5028749.214,45.39523658,-75.61287144,7451
17--3358,3/21/2017,7:58 AM,INNES RD btwn PROVENCE AVE & TRIM RD (__3ZA1YR),__3ZA1YR,01 - Non intersection,03 - P.D. only,04 - Sideswipe,02 - Rain,01 - Daylight,02 - Wet,10 - No control,,2,0,0,0,,0,,,,,386126.5767,5037090.649,45.46900712,-75.45992575,7452