Anom_ID,Accident_Date,Accident_Time,Location,Geo_ID,Accident_Location,Classification_of_Accident,Initial_Impact_Type,Environment_Condition,Light,Road_Surface_Condition,Traffic_Control,Traffic_Control_Condition,No__of_Vehicles,No__of_Bicycles,No__of_Motorcycles,No__of_Pedestrians,Max_Injury,No__of_Injuries,No__of_Minimal,No__of_Minor,No__of_Major,No__of_Fatal,X,Y,Latitude,Longitude,ObjectId
17--3359,3/21/2017,8:01 PM,BAYVIEW RD @ SCOTT ST/ALBERT ST (0005646),5646,03 - At intersection,02 - Non-fatal injury,05 - Turning movement,01 - Clear,07 - Dark,01 - Dry,01 - Traffic signal,01 - Functioning,2,0,0,0,01 - Minimal,1,1,,,,365520.0746,5030071.484,45.40794627,-75.72429687,7453
17--336,1/7/2017,5:08 PM,TERRY FOX DR @ PALLADIUM DR/KATIMAVIK RD (0011858),11858,02 - Intersection related,03 - P.D. only,03 - Rear end,01 - Clear,05 - Dusk,01 - Dry,01 - Traffic signal,01 - Functioning,3,0,0,0,,0,,,,,351269.2446,5018181.065,45.30204539,-75.90745855,7454
17--3360,3/21/2017,8:20 AM,PARKDALE AVE WB OFF RAMP/OTTAWA RIVER PKWY btwn OTTAWA RIVER PKWY & PA (__3ZAY0R),__3ZAY0R,01 - Non intersection,03 - P.D. only,03 - Rear end,03 - Snow,01 - Daylight,05 - Packed snow,10 - No control,,2,0,0,0,,0,,,,,364694.1311,5030582.024,45.41261116,-75.73478537,7455
17--3361,3/21/2017,8:22 PM,BANK ST btwn CENOTE RD & STONE SCHOOL RD (__3ZAZBJ),__3ZAZBJ,01 - Non intersection,03 - P.D. only,07 - SMV other,01 - Clear,07 - Dark,01 - Dry,10 - No control,,1,0,0,0,,0,,,,,381402.6431,5012093.032,45.24462892,-75.524204,7456
17--3362,3/21/2017,8:52 AM,HOPE SIDE RD @ RICHMOND RD (0000581),581,02 - Intersection related,03 - P.D. only,03 - Rear end,01 - Clear,01 - Daylight,01 - Dry,02 - Stop sign,01 - Functioning,2,0,0,0,,0,,,,,356953.6399,5015486.104,45.27739668,-75.83526331,7457
17--3363,3/21/2017,8:59 AM,HIGHWAY 417 btwn HWY417 IC130 RAMP35 & HWY417 IC130 RAMP25 (__3ZA298),__3ZA298,01 - Non intersection,03 - P.D. only,04 - Sideswipe,01 - Clear,01 - Daylight,01 - Dry,10 - No control,,2,0,0,0,,0,,,,,359320.4657,5023069.71,45.34545494,-75.80426413,7458
17--3364,3/21/2017,9:02 AM,FAIRMONT AVE btwn WELLINGTON ST W & DUHAMEL ST (__3ZAAHH),__3ZAAHH,01 - Non intersection,03 - P.D. only,06 - SMV unattended vehicle,01 - Clear,01 - Daylight,02 - Wet,10 - No control,,1,0,0,0,,0,,,,,365588.3313,5029643.773,45.40409191,-75.72347769,7459
17--3365,3/22/2017,1:00 PM,WARBONNET DR @ WALLFORD WAY (0001928),1928,03 - At intersection,03 - P.D. only,02 - Angle,01 - Clear,01 - Daylight,01 - Dry,03 - Yield sign,01 - Functioning,2,0,0,0,,0,,,,,365267.262,5024908.665,45.36151415,-75.72815872,7460
17--3366,3/22/2017,10:05 AM,HIGHWAY 417 btwn HWY417 IC120A RAMP52 & HWY417 IC119B RAMP57 (__3ZA2R1),__3ZA2R1,01 - Non intersection,03 - P.D. only,03 - Rear end,01 - Clear,01 - Daylight,01 - Dry,10 - No control,,2,0,0,0,,0,,,,,368059.6706,5030173.786,45.40864182,-75.69184341,7461
17--3367,3/22/2017,10:12 AM,OTTAWA RIVER PKWY @ PORTAGE BRIDGE (0009072),9072,02 - Intersection related,02 - Non-fatal injury,03 - Rear end,01 - Clear,01 - Daylight,01 - Dry,01 - Traffic signal,01 - Functioning,3,0,0,0,01 - Minimal,1,1,,,,366516.2829,5031313.65,45.4190358,-75.7114159,7462
17--3368,3/22/2017,10:27 AM,CEDAR CREEK DR @ HILLMAN MARSH WAY S (0014129),14129,03 - At intersection,03 - P.D. only,02 - Angle,01 - Clear,01 - Daylight,01 - Dry,02 - Stop sign,01 - Functioning,2,0,0,0,,0,,,,,375681.7249,5020158.427,45.31779794,-75.59591804,7463
17--3369,3/22/2017,10:38 AM,RANDALL AVE btwn RALSTON ST & RIDGECREST PL (__3ZA9QQ),__3ZA9QQ,01 - Non intersection,03 - P.D. only,06 - SMV unattended vehicle,01 - Clear,01 - Daylight,01 - Dry,10 - No control,,1,0,0,0,,0,,,,,370136.0757,5027333.635,45.3828964,-75.6656958,7464
17--337,1/7/2017,5:09 PM,HIGHWAY 417 btwn HWY417 IC126 RAMP61 & HWY417 IC124 RAMP76 (__3ZA2Y2),__3ZA2Y2,01 - Non intersection,03 - P.D. only,03 - Rear end,01 - Clear,05 - Dusk,01 - Dry,10 - No control,,4,0,0,0,,0,,,,,364089.7347,5027098.181,45.38131567,-75.74292526,7465
17--3370,3/22/2017,11:12 AM,GREENBANK RD btwn JOCKVALE RD & CAMBRIAN RD (__3ZA2WE),__3ZA2WE,01 - Non intersection,03 - P.D. only,03 - Rear end,01 - Clear,01 - Daylight,01 - Dry,10 - No control,,2,0,0,0,,0,,,,,364499.2783,5013205.604,45.25627651,-75.73937066,7466
17--3371,3/22/2017,Unknown,ROSS AVE btwn SPENCER ST & WELLINGTON ST W (__3ZA031),__3ZA031,01 - Non intersection,03 - P.D. only,06 - SMV unattended vehicle,01 - Clear,00 - Unknown,01 - Dry,10 - No control,,1,0,0,0,,0,,,,,364472.1341,5029099.772,45.39929314,-75.73780076,7467
17--3372,3/22/2017,Unknown,COURTICE AVE btwn KILBORN AVE & ORCHARD AVE (__3ZA9RM),__3ZA9RM,01 - Non intersection,03 - P.D. only,06 - SMV unattended vehicle,01 - Clear,00 - Unknown,01 - Dry,10 - No control,,1,0,0,0,,0,,,,,370931.104,5027693.759,45.38606207,-75.6554966,7468
17--3373,3/22/2017,12:05 PM,SHADY BRANCH TR btwn TRAILWAY CIRC & TRAILWAY CIRC (__3ZACQQ),__3ZACQQ,04 - At/near private drive,03 - P.D. only,05 - Turning movement,01 - Clear,01 - Daylight,01 - Dry,10 - No control,,2,0,0,0,,0,,,,,350699.271,5014313.08,45.26727755,-75.91508384,7469
17--3374,3/22/2017,12:22 PM,CONROY RD @ DAVIDSON RD N (0009364),9364,03 - At intersection,03 - P.D. only,02 - Angle,01 - Clear,01 - Daylight,01 - Dry,02 - Stop sign,01 - Functioning,2,0,0,0,,0,,,,,374573.4171,5023514.841,45.34810867,-75.60957941,7470
17--3375,3/22/2017,2:09 PM,REGIONAL ROAD 174 btwn OR174 IC102 RAMP51 & REGIONAL ROAD 174 (__3ZA1I7),__3ZA1I7,01 - Non intersection,02 - Non-fatal injury,07 - SMV other,01 - Clear,01 - Daylight,01 - Dry,10 - No control,,1,0,0,0,01 - Minimal,1,1,,,,381402.1057,5038127.581,45.4788707,-75.52017551,7471
17--3376,3/22/2017,2:54 PM,BRIDLE PATH DR @ TRAPPER'S RD (0009612),9612,03 - At intersection,03 - P.D. only,02 - Angle,01 - Clear,01 - Daylight,01 - Dry,02 - Stop sign,01 - Functioning,2,0,0,0,,0,,,,,371771.3971,5023568.515,45.34886476,-75.64532632,7472
17--3377,3/22/2017,3:14 PM,CARLING AVE WB btwn KIRKWOOD AVE & HWY417 IC124 RAMP67 (__3ZA4N1),__3ZA4N1,01 - Non intersection,03 - P.D. only,04 - Sideswipe,01 - Clear,01 - Daylight,01 - Dry,10 - No control,,2,0,0,0,,0,,,,,364304.1203,5027507.581,45.3849812,-75.74013864,7473
17--3378,3/22/2017,3:51 PM,BRONSON AVE btwn OLD SUNSET BLVD & LAKESIDE AVE (__3ZA3NC),__3ZA3NC,01 - Non intersection,02 - Non-fatal injury,03 - Rear end,01 - Clear,01 - Daylight,01 - Dry,10 - No control,,3,0,0,0,01 - Minimal,2,2,,,,367652.7031,5028844.564,45.39671854,-75.69721141,7474
17--3379,3/22/2017,4:59 PM,INNES RD @ TENTH LINE RD (0004633),4633,02 - Intersection related,02 - Non-fatal injury,03 - Rear end,01 - Clear,01 - Daylight,01 - Dry,01 - Traffic signal,01 - Functioning,2,0,0,0,02 - Minor,2,,2,,,383951.4259,5036159.561,45.46087993,-75.48788895,7475
17--338,1/7/2017,5:20 PM,HIGHWAY 417 btwn HWY417 IC122 RAMP61 & HWY417 IC121B RAMP16 (__3ZA2Y4),__3ZA2Y4,01 - Non intersection,03 - P.D. only,03 - Rear end,01 - Clear,05 - Dusk,06 - Ice,10 - No control,,2,0,0,0,,0,,,,,365714.8245,5029152.1,45.39965695,-75.72192272,7476
17--3380,3/22/2017,5:25 PM,FINDLAY CREEK DR btwn DEVONWOOD CIRC & BANK ST (__45KVBB),__45KVBB,04 - At/near private drive,03 - P.D. only,02 - Angle,01 - Clear,01 - Daylight,01 - Dry,10 - No control,,2,0,0,0,,0,,,,,375725.1859,5020381.957,45.31980479,-75.59533177,7477
17--3381,3/22/2017,5:40 PM,HIGHWAY 417 btwn HWY417 IC127 RAMP67 & HWY417 IC126 RAMP16 (__3ZA2X0),__3ZA2X0,01 - Non intersection,03 - P.D. only,03 - Rear end,01 - Clear,01 - Daylight,01 - Dry,10 - No control,,2,0,0,0,,0,,,,,362447.9527,5025111.874,45.36358011,-75.76411935,7478
17--3382,3/22/2017,6:12 PM,HAWTHORNE RD @ HUNT CLUB RD (0007651),7651,02 - Intersection related,03 - P.D. only,03 - Rear end,01 - Clear,05 - Dusk,01 - Dry,01 - Traffic signal,00 - Unknown,2,0,0,0,,0,,,,,375508.7532,5026408.536,45.37405112,-75.5972305,7479
17--3383,3/22/2017,7:12 PM,GREENBANK RD btwn HARRISON ST & BANNER RD (__3ZBOCZ),__3ZBOCZ,01 - Non intersection,03 - P.D. only,03 - Rear end,01 - Clear,07 - Dark,01 - Dry,10 - No control,,2,0,0,0,,0,,,,,360844.0295,5021994.117,45.3356567,-75.78494527,7480
17--3384,3/22/2017,7:55 PM,CENTRAL PARK DR N @ MERIVALE RD (0011433),11433,02 - Intersection related,03 - P.D. only,03 - Rear end,01 - Clear,07 - Dark,01 - Dry,01 - Traffic signal,01 - Functioning,2,0,0,0,,0,,,,,364952.002,5025873.813,45.37022552,-75.73206503,7481
17--3385,3/22/2017,8:12 AM,INNES RD @ JEANNE D'ARC BLVD/MER BLEUE RD (0012475),12475,03 - At intersection,02 - Non-fatal injury,05 - Turning movement,01 - Clear,01 - Daylight,01 - Dry,01 - Traffic signal,01 - Functioning,2,0,0,0,02 - Minor,2,,2,,,382637.4192,5035568.891,45.45571322,-75.50478211,7482
17--3386,3/22/2017,8:22 AM,BANNER RD @ GREENBANK RD (0000644),644,02 - Intersection related,03 - P.D. only,03 - Rear end,01 - Clear,01 - Daylight,01 - Dry,01 - Traffic signal,01 - Functioning,3,0,0,0,,0,,,,,361022.1821,5021566.492,45.33179468,-75.78272101,7483
17--3387,3/22/2017,9:09 AM,SLATER ST btwn COMMISSIONER ST & BAY ST (__3ZA336),__3ZA336,01 - Non intersection,02 - Non-fatal injury,07 - SMV other,01 - Clear,01 - Daylight,01 - Dry,10 - No control,,1,0,0,1,03 - Major,1,,,1,,366968.1573,5031069.333,45.4167975,-75.70567342,7484
17--3388,3/22/2017,9:32 PM,BRONSON AVE btwn CARLING AVE & FIRST AVE (__3ZA3OQ),__3ZA3OQ,01 - Non intersection,03 - P.D. only,06 - SMV unattended vehicle,01 - Clear,07 - Dark,01 - Dry,10 - No control,,1,0,0,0,,0,,,,,367488.1752,5029243.923,45.40032661,-75.69926188,7485
17--3389,3/22/2017,9:35 AM,MARCH RD @ SOLANDT RD (0003172),3172,03 - At intersection,02 - Non-fatal injury,05 - Turning movement,01 - Clear,01 - Daylight,01 - Dry,01 - Traffic signal,01 - Functioning,2,0,0,0,02 - Minor,2,1,1,,,350490.6118,5022710.502,45.34285347,-75.91696868,7486
17--339,1/7/2017,5:47 PM,ABETTI RIDGE btwn ESPIN HTS & JOCKVALE RD (__6E55N5),__6E55N5,01 - Non intersection,03 - P.D. only,06 - SMV unattended vehicle,01 - Clear,07 - Dark,06 - Ice,10 - No control,,1,0,0,0,,0,,,,,365053.348,5013471.104,45.25861825,-75.73227969,7487
17--3390,3/23/2017,1:30 PM,DOMALATCHY PL @ WOODROFFE AVE (0005078),5078,02 - Intersection related,03 - P.D. only,03 - Rear end,01 - Clear,01 - Daylight,01 - Dry,02 - Stop sign,01 - Functioning,2,0,0,0,,0,,,,,362403.6949,5024140.636,45.35484463,-75.76479745,7488
17--3391,3/23/2017,1:41 PM,TRIM RD @ 150 S OF INNES RD (0013490),13490,03 - At intersection,03 - P.D. only,02 - Angle,01 - Clear,01 - Daylight,01 - Dry,01 - Traffic signal,01 - Functioning,2,0,0,0,,0,,,,,386621.7752,5037140.893,45.46940132,-75.45358542,7489
17--3392,3/23/2017,10:48 AM,CARLING AVE @ MELROSE AVE (0006992),6992,03 - At intersection,03 - P.D. only,02 - Angle,01 - Clear,01 - Daylight,01 - Dry,02 - Stop sign,01 - Functioning,2,0,0,0,,0,,,,,365970.3709,5028393.558,45.39280949,-75.71875294,7490
17--3393,3/23/2017,10:57 AM,COVENTRY RD @ VANIER PKWY (0002139),2139,02 - Intersection related,03 - P.D. only,03 - Rear end,01 - Clear,01 - Daylight,01 - Dry,01 - Traffic signal,01 - Functioning,2,0,0,0,,0,,,,,370676.0505,5031610.365,45.42132622,-75.65823009,7491
17--3394,3/23/2017,11:00 AM,RIVERSIDE DR SB btwn HWY417 IC117 RAMP52 & HWY417 IC117 RAMP35 (__3ZA256),__3ZA256,01 - Non intersection,03 - P.D. only,03 - Rear end,01 - Clear,01 - Daylight,01 - Dry,10 - No control,,2,0,0,0,,0,,,,,370805.6446,5031072.972,45.41647876,-75.6566463,7492
17--3395,3/23/2017,11:29 AM,WEST HUNT CLUB RD @ CLEOPATRA DR/LANCELOT DR (0000114),114,03 - At intersection,03 - P.D. only,03 - Rear end,01 - Clear,01 - Daylight,01 - Dry,01 - Traffic signal,01 - Functioning,2,0,0,0,,0,,,,,365235.6512,5021732.396,45.33293725,-75.7289503,7493
17--3396,3/23/2017,11:30 PM,HIGHWAY 417 btwn HIGHWAY 417 & HIGHWAY 417 (1) (__3ZA2UX),__3ZA2UX,01 - Non intersection,03 - P.D. only,04 - Sideswipe,01 - Clear,07 - Dark,01 - Dry,10 - No control,,2,0,0,0,,0,,,,,375365.1786,5030168.923,45.40789965,-75.5985256,7494
17--3397,3/23/2017,11:41 AM,FERNBANK RD btwn JINKINSON RD & BLACK'S SIDE RD (__3ZACRF),__3ZACRF,01 - Non intersection,03 - P.D. only,07 - SMV other,01 - Clear,01 - Daylight,01 - Dry,10 - No control,,1,0,0,0,,0,,,,,347032.7569,5008669.282,45.21672187,-75.9622851,7495
17--3398,3/23/2017,Unknown,AMBERCREST ST btwn MEADOWCROFT CRES & END (__3ZAZT4),__3ZAZT4,01 - Non intersection,03 - P.D. only,06 - SMV unattended vehicle,01 - Clear,00 - Unknown,01 - Dry,10 - No control,,1,0,0,0,,0,,,,,372810.0666,5033048.548,45.43406208,-75.63076595,7496
17--3399,3/23/2017,Unknown,RUSSELL AVE btwn LAURIER AVE E & OSGOODE ST (__3ZA8KN),__3ZA8KN,01 - Non intersection,03 - P.D. only,06 - SMV unattended vehicle,01 - Clear,00 - Unknown,02 - Wet,10 - No control,,1,0,0,0,,0,,,,,369064.801,5032172.771,45.4265364,-75.67874325,7497
17--34,1/2/2017,5:33 PM,CARLING AVE @ KIRKWOOD AVE S (0002209),2209,02 - Intersection related,02 - Non-fatal injury,03 - Rear end,03 - Snow,05 - Dusk,04 - Slush,01 - Traffic signal,01 - Functioning,2,0,0,0,01 - Minimal,1,1,,,,364353.4172,5027337.549,45.38344709,-75.7395297,7498
17--340,1/7/2017,6:00 PM,HIGHWAY 417 btwn HWY417 IC124 RAMP67 & HWY417 IC123 RAMP62 (__3ZA2YZ),__3ZA2YZ,01 - Non intersection,03 - P.D. only,03 - Rear end,01 - Clear,07 - Dark,01 - Dry,10 - No control,,3,0,0,0,,0,,,,,364798.3961,5028108.257,45.3903438,-75.73375434,7499
17--3400,3/23/2017,12:15 PM,HIGHWAY 417 btwn HWY417 IC124 RAMP65 & HWY417 IC122 RAMP51 (__3ZA2R8),__3ZA2R8,01 - Non intersection,03 - P.D. only,03 - Rear end,01 - Clear,01 - Daylight,01 - Dry,10 - No control,,7,0,0,0,,0,,,,,364893.4555,5028247.233,45.39158613,-75.73252351,7500
17--3401,3/23/2017,12:37 PM,DALY AVE @ NICHOLAS ST (0011451),11451,03 - At intersection,03 - P.D. only,05 - Turning movement,01 - Clear,01 - Daylight,01 - Dry,01 - Traffic signal,01 - Functioning,2,0,0,0,,0,,,,,368227.952,5032047.677,45.42548724,-75.68945259,7501
17--3402,3/23/2017,2:21 PM,GREENBANK RD @ CANFIELD RD/CRAIG HENRY DR (0000154),154,02 - Intersection related,03 - P.D. only,02 - Angle,01 - Clear,01 - Daylight,01 - Dry,01 - Traffic signal,00 - Unknown,2,0,0,0,,0,,,,,361108.352,5021363.155,45.32995814,-75.78164488,7502
17--3403,3/23/2017,3:06 PM,NOTRE DAME ST    W btwn ST. JOSEPH BLVD & END (__3ZBPLH),__3ZBPLH,04 - At/near private drive,03 - P.D. only,06 - SMV unattended vehicle,01 - Clear,01 - Daylight,01 - Dry,10 - No control,,1,0,0,0,,0,,,,,379627.9986,5036256.107,45.46222502,-75.54315003,7503
17--3404,3/23/2017,3:39 PM,BLOHM DR @ MALAK ST (0008285),8285,03 - At intersection,03 - P.D. only,02 - Angle,01 - Clear,01 - Daylight,01 - Dry,02 - Stop sign,01 - Functioning,2,0,0,0,,0,,,,,374090.2845,5025833.699,45.36902069,-75.61541915,7504
17--3405,3/23/2017,3:43 PM,INDUSTRIAL AVE btwn TRAINYARDS DR & RUSSELL RD (__3ZA3R9),__3ZA3R9,01 - Non intersection,02 - Non-fatal injury,07 - SMV other,01 - Clear,01 - Daylight,01 - Dry,10 - No control,,1,0,0,0,02 - Minor,1,,1,,,372450.0095,5030285.573,45.40923705,-75.6357467,7505
17--3406,3/23/2017,3:50 PM,HIGHWAY 417 btwn HWY417 IC119B RAMP57 & HWY417 IC119A RAMP75 (__3ZA1QN),__3ZA1QN,01 - Non intersection,02 - Non-fatal injury,03 - Rear end,01 - Clear,01 - Daylight,01 - Dry,10 - No control,,3,0,0,0,01 - Minimal,1,1,,,,368419.5135,5030421.068,45.41083417,-75.68721488,7506
17--3407,3/23/2017,3:58 PM,HIGHWAY 417 btwn HWY417 IC124 RAMP76 & HWY417 IC124 RAMP67 (__3ZA2R7),__3ZA2R7,01 - Non intersection,03 - P.D. only,03 - Rear end,01 - Clear,01 - Daylight,01 - Dry,10 - No control,,2,0,0,0,,0,,,,,364413.6697,5027515.055,45.38503914,-75.73873893,7507
17--3408,3/23/2017,4:05 PM,MONTREAL RD btwn MISS OTTAWA ST & GATESTONE PRIV (__4CPL6Z),__4CPL6Z,01 - Non intersection,03 - P.D. only,03 - Rear end,01 - Clear,01 - Daylight,01 - Dry,10 - No control,,2,0,0,0,,0,,,,,375826.0631,5034669.58,45.44834732,-75.59198944,7508
17--3409,3/23/2017,4:21 PM,YORKS CORNERS RD btwn PARKWAY RD & COOPER HILL RD (__3ZA636),__3ZA636,01 - Non intersection,02 - Non-fatal injury,07 - SMV other,01 - Clear,01 - Daylight,01 - Dry,10 - No control,,1,0,0,0,02 - Minor,3,2,1,,,386869.1055,5018292.557,45.29979175,-75.45355655,7509
17--341,1/7/2017,7:04 PM,INDUSTRIAL AVE btwn SANDFORD FLEMING AVE & NEIGHBORHOOD WAY (__3ZA3PC),__3ZA3PC,01 - Non intersection,03 - P.D. only,04 - Sideswipe,01 - Clear,07 - Dark,02 - Wet,10 - No control,,2,0,0,0,,0,,,,,371072.2204,5030528.482,45.41155447,-75.65331385,7510
17--3410,3/23/2017,4:30 PM,HIGHWAY 417 btwn HWY417 IC119A RAMP75 & HWY417 IC118 RAMP57 (__3ZA2R2),__3ZA2R2,01 - Non intersection,03 - P.D. only,04 - Sideswipe,01 - Clear,01 - Daylight,01 - Dry,10 - No control,,2,0,0,0,,0,,,,,368870.2586,5030651.044,45.41286229,-75.68142699,7511
17--3411,3/23/2017,4:30 PM,HIGHWAY 417 btwn HWY417 IC119B RAMP57 & HWY417 IC119A RAMP75 (__3ZA1QN),__3ZA1QN,01 - Non intersection,03 - P.D. only,03 - Rear end,01 - Clear,01 - Daylight,01 - Dry,10 - No control,,2,0,0,0,,0,,,,,368579.0047,5030510.498,45.41162431,-75.6851659,7512
17--3412,3/23/2017,4:36 PM,HUNT CLUB RD btwn NORTH BOWESVILLE RD & BILLY BISHOP PRIV (__5G43Y1),__5G43Y1,01 - Non intersection,03 - P.D. only,03 - Rear end,01 - Clear,01 - Daylight,01 - Dry,10 - No control,,3,0,0,0,,0,,,,,368845.1046,5022418.703,45.33879235,-75.68281596,7513
17--3413,3/23/2017,4:49 PM,RICHMOND RD btwn NEW ORCHARD AVE & WOODROFFE AVE (__3ZA4L0),__3ZA4L0,04 - At/near private drive,03 - P.D. only,02 - Angle,01 - Clear,01 - Daylight,01 - Dry,10 - No control,,2,0,0,0,,0,,,,,361414.0857,5026419.575,45.37543097,-75.77716581,7514
17--3414,3/23/2017,4:58 PM,FALLOWFIELD RD @ HWY 416 FALLOWFI IC66R34 (0005504),5504,02 - Intersection related,03 - P.D. only,03 - Rear end,01 - Clear,01 - Daylight,01 - Dry,01 - Traffic signal,01 - Functioning,2,0,0,0,,0,,,,,359823.1461,5014727.029,45.27034772,-75.79877614,7515
17--3415,3/23/2017,5:00 AM,HIGHWAY 417 btwn HWY417 IC127 RAMP25 & HWY417 IC126 RAMP51 (__3ZA2XA),__3ZA2XA,01 - Non intersection,03 - P.D. only,07 - SMV other,01 - Clear,07 - Dark,01 - Dry,10 - No control,,1,0,0,0,,0,,,,,363108.3541,5025753.648,45.3693001,-75.75561425,7516
17--3416,3/23/2017,5:00 PM,COLONEL BY DR @ HAWTHORNE AVE/PRETORIA BRIDGE (0002122),2122,03 - At intersection,03 - P.D. only,02 - Angle,01 - Clear,01 - Daylight,01 - Dry,01 - Traffic signal,01 - Functioning,2,0,0,0,,0,,,,,368768.0447,5030525.567,45.41174265,-75.68274904,7517
17--3417,3/23/2017,5:00 PM,BANK ST @ CONROY RD (0012398),12398,03 - At intersection,03 - P.D. only,02 - Angle,01 - Clear,01 - Daylight,01 - Dry,01 - Traffic signal,01 - Functioning,2,0,0,0,,0,,,,,375043.7468,5022237.161,45.33656569,-75.6037594,7518
17--3418,3/23/2017,5:32 PM,HUNT CLUB RD @ DOWNPATRICK RD/MCCARTHY RD (0006931),6931,02 - Intersection related,03 - P.D. only,03 - Rear end,01 - Clear,01 - Daylight,01 - Dry,01 - Traffic signal,01 - Functioning,2,0,0,0,,0,,,,,370508.0689,5023401.178,45.34747861,-75.66146911,7519
17--3419,3/23/2017,5:35 PM,BOTELER ST @ SUSSEX DR (0011436),11436,02 - Intersection related,02 - Non-fatal injury,03 - Rear end,01 - Clear,01 - Daylight,01 - Dry,01 - Traffic signal,01 - Functioning,2,0,0,0,01 - Minimal,2,2,,,,367450.3082,5032953.309,45.43370589,-75.69927392,7520
17--342,1/7/2017,7:50 AM,FAIRLEA CRES btwn HEATHERINGTON RD & GORE PRIV (__3ZBORS),__3ZBORS,01 - Non intersection,03 - P.D. only,01 - Approaching,01 - Clear,03 - Dawn,06 - Ice,10 - No control,,2,0,0,0,,0,,,,,372027.5637,5026793.284,45.37785557,-75.64161884,7521
17--3420,3/23/2017,5:52 PM,EAGLESON RD @ FALLOWFIELD RD (0000118),118,03 - At intersection,03 - P.D. only,07 - SMV other,01 - Clear,01 - Daylight,01 - Dry,01 - Traffic signal,01 - Functioning,1,0,0,0,,0,,,,,355962.6374,5012593.068,45.25143731,-75.84819152,7522
17--3421,3/23/2017,6:15 AM,HIGHWAY 417 btwn HWY417 IC163 RAMP16 & HWY417 IC163 RAMP61 (__3ZAZNM),__3ZAZNM,01 - Non intersection,03 - P.D. only,07 - SMV other,01 - Clear,03 - Dawn,01 - Dry,10 - No control,,1,0,0,0,,0,,,,,331580.9202,5021422.569,45.33224079,-76.15832813,7523
17--3422,3/23/2017,6:31 AM,INNES RD @ TENTH LINE RD (0004633),4633,02 - Intersection related,03 - P.D. only,03 - Rear end,01 - Clear,01 - Daylight,01 - Dry,01 - Traffic signal,01 - Functioning,2,0,0,0,,0,,,,,383951.4259,5036160.899,45.46089196,-75.48788873,7524
17--3423,3/23/2017,7:06 PM,ROCKCLIFFE PKWY btwn GL/OT BOUNDARY & ST. JOSEPH BLVD (__3ZA21V),__3ZA21V,01 - Non intersection,03 - P.D. only,01 - Approaching,01 - Clear,07 - Dark,06 - Ice,10 - No control,,2,0,0,0,,0,,,,,376744.3513,5036915.59,45.46846152,-75.57992276,7525
17--3695,3/29/2017,6:45 PM,MEADOWLANDS DR btwn ROWLEY AVE & PERRY ST (__3ZA4HM),__3ZA4HM,04 - At/near private drive,03 - P.D. only,03 - Rear end,01 - Clear,05 - Dusk,01 - Dry,10 - No control,,2,0,0,0,,0,,,,,364395.6119,5023469.958,45.34864349,-75.73945743,7526
17--4072,4/11/2017,1:45 PM,JOSEPH CYR ST @ LEMIEUX ST (0009480),9480,02 - Intersection related,03 - P.D. only,05 - Turning movement,01 - Clear,01 - Daylight,01 - Dry,02 - Stop sign,00 - Unknown,2,0,0,0,,0,,,,,372493.9807,5031753,45.42243603,-75.63498345,7527
17--361,1/8/2017,2:18 PM,BESSERER ST @ DALHOUSIE ST (0011452),11452,02 - Intersection related,03 - P.D. only,03 - Rear end,03 - Snow,01 - Daylight,06 - Ice,01 - Traffic signal,00 - Unknown,2,0,0,0,,0,,,,,368253.1751,5032156.864,45.42646738,-75.68911623,7528
17--3696,3/29/2017,6:53 PM,ARLINGTON AVE @ KENT ST (0007259),7259,02 - Intersection related,03 - P.D. only,04 - Sideswipe,01 - Clear,07 - Dark,01 - Dry,01 - Traffic signal,01 - Functioning,2,0,0,0,,0,,,,,367867.181,5030258.59,45.40942224,-75.69429141,7529
17--3697,3/29/2017,7:30 AM,GERRY LALONDE DR @ PETRICHOR CRES (0015673),15673,02 - Intersection related,03 - P.D. only,03 - Rear end,01 - Clear,01 - Daylight,01 - Dry,02 - Stop sign,01 - Functioning,2,0,0,0,,0,,,,,383724.4558,5035120.752,45.45155933,-75.49095749,7530
17--3698,3/29/2017,7:30 AM,HIGHWAY 417 btwn HWY417 IC117 RAMP36 & HWY417 IC117 RAMP26 (__3ZAZE0),__3ZAZE0,01 - Non intersection,03 - P.D. only,03 - Rear end,01 - Clear,01 - Daylight,01 - Dry,10 - No control,,4,0,0,0,,0,,,,,370656.6174,5031173.663,45.41739878,-75.65853675,7531
17--3699,3/29/2017,7:36 AM,BEARBROOK RD @ WESTPARK DR N (0003621),3621,03 - At intersection,03 - P.D. only,02 - Angle,01 - Clear,01 - Daylight,01 - Dry,01 - Traffic signal,01 - Functioning,2,0,0,0,,0,,,,,377564.0769,5033798.579,45.44033186,-75.56990206,7532
17--37,1/2/2017,8:11 AM,BANK ST btwn COUNCILLOR'S WAY & ST. BERNARD ST (__3ZA29K),__3ZA29K,04 - At/near private drive,03 - P.D. only,02 - Angle,01 - Clear,01 - Daylight,01 - Dry,10 - No control,,2,0,0,0,,0,,,,,372911.081,5023788.9,45.35073795,-75.63075325,7533
17--370,1/8/2017,4:57 PM,MONTREAL RD btwn CODY AVE & OLMSTEAD ST (__3ZA3LX),__3ZA3LX,01 - Non intersection,03 - P.D. only,04 - Sideswipe,01 - Clear,05 - Dusk,01 - Dry,10 - No control,,2,0,0,0,,0,,,,,370256.2865,5033170.465,45.43540275,-75.66338594,7534
17--3700,3/29/2017,7:41 AM,WEST HUNT CLUB RD btwn MOODIE DR & HWY416 IC72 RAMP53 (__3ZA4YJ),__3ZA4YJ,01 - Non intersection,03 - P.D. only,07 - SMV other,01 - Clear,01 - Daylight,01 - Dry,10 - No control,,1,0,0,0,,0,,,,,358087.9193,5018602.804,45.3053561,-75.82047227,7535