Anom_ID,Accident_Date,Accident_Time,Location,Geo_ID,Accident_Location,Classification_of_Accident,Initial_Impact_Type,Environment_Condition,Light,Road_Surface_Condition,Traffic_Control,Traffic_Control_Condition,No__of_Vehicles,No__of_Bicycles,No__of_Motorcycles,No__of_Pedestrians,Max_Injury,No__of_Injuries,No__of_Minimal,No__of_Minor,No__of_Major,No__of_Fatal,X,Y,Latitude,Longitude,ObjectId
17--3701,3/29/2017,8:17 AM,HAWTHORNE RD @ STEVENAGE DR (0008802),8802,02 - Intersection related,03 - P.D. only,03 - Rear end,01 - Clear,01 - Daylight,01 - Dry,01 - Traffic signal,01 - Functioning,2,0,0,0,,0,,,,,375136.7405,5027313.537,45.38223133,-75.60185065,7536
17--3702,3/29/2017,8:36 AM,BELFAST RD @ COVENTRY RD (0002646),2646,02 - Intersection related,03 - P.D. only,04 - Sideswipe,01 - Clear,01 - Daylight,01 - Dry,01 - Traffic signal,01 - Functioning,2,0,0,0,,0,,,,,371524.7244,5031641.565,45.42152651,-75.64738264,7537
17--3703,3/29/2017,9:02 AM,AIRPORT PKWY btwn AIRPORT PKWY/WALKLEY RD SOUTHBOUND ON RAMP           (__3ZA1KS),__3ZA1KS,01 - Non intersection,02 - Non-fatal injury,01 - Approaching,01 - Clear,01 - Daylight,01 - Dry,10 - No control,,2,0,0,0,03 - Major,3,,,3,,370209.384,5025284.175,45.36444918,-75.66503121,7538
17--3704,3/29/2017,9:06 AM,BASELINE RD @ WOODROFFE AVE (0002225),2225,02 - Intersection related,03 - P.D. only,04 - Sideswipe,01 - Clear,01 - Daylight,01 - Dry,01 - Traffic signal,01 - Functioning,2,0,0,0,,0,,,,,362550.6935,5023772.511,45.35152018,-75.76296444,7539
17--3705,3/29/2017,9:30 PM,HIGHWAY 416 btwn HWY416 IC66 RAMP34 & HWY416 IC66 RAMP63 (__3ZAZM2),__3ZAZM2,01 - Non intersection,03 - P.D. only,07 - SMV other,01 - Clear,07 - Dark,01 - Dry,10 - No control,,1,0,0,0,,0,,,,,359902.2903,5015005.401,45.27284635,-75.79773669,7540
17--3706,3/29/2017,9:31 PM,HIGHWAY 417 btwn HWY417 IC127 RAMP25 & HWY417 IC126 RAMP51 (__3ZA2XA),__3ZA2XA,01 - Non intersection,03 - P.D. only,07 - SMV other,01 - Clear,07 - Dark,01 - Dry,10 - No control,,1,0,0,0,,0,,,,,363157.8507,5025818.819,45.36988238,-75.75497471,7541
17--3707,3/29/2017,9:56 AM,WILLOW ST btwn ROCHESTER ST & BOOTH ST (__3ZAAKM),__3ZAAKM,01 - Non intersection,02 - Non-fatal injury,06 - SMV unattended vehicle,01 - Clear,01 - Daylight,01 - Dry,10 - No control,,1,0,0,0,02 - Minor,1,,1,,,366702.3338,5029977.223,45.40699457,-75.70920669,7542
17--3708,3/30/2017,1:54 PM,MERIVALE RD btwn CLYDE AVE & GILBEY DR (__3ZA4HD),__3ZA4HD,04 - At/near private drive,03 - P.D. only,05 - Turning movement,01 - Clear,01 - Daylight,01 - Dry,10 - No control,,2,0,0,0,,0,,,,,364585.8092,5024553.604,45.35837781,-75.73689937,7543
17--3709,3/30/2017,1:55 PM,NAVAHO DR @ WOODROFFE AVE/TRANSITWAY N BASELIN (0010359),10359,02 - Intersection related,02 - Non-fatal injury,03 - Rear end,01 - Clear,01 - Daylight,01 - Dry,01 - Traffic signal,01 - Functioning,2,0,0,0,01 - Minimal,2,2,,,,362705.4914,5023490.925,45.34897373,-75.76102199,7544
17--371,1/8/2017,5:00 PM,HIGHWAY 417 btwn HWY417 IC122 RAMP15 & HWY417 IC121B RAMP51 (__3ZA2RB),__3ZA2RB,01 - Non intersection,03 - P.D. only,07 - SMV other,01 - Clear,05 - Dusk,02 - Wet,10 - No control,,1,0,0,0,,0,,,,,366392.5143,5029455.476,45.40232736,-75.71322939,7545
17--3710,3/30/2017,10:28 AM,IPSWICH TER btwn BEACON WAY & FLAMBOROUGH WAY (__3ZA584),__3ZA584,01 - Non intersection,03 - P.D. only,06 - SMV unattended vehicle,01 - Clear,01 - Daylight,01 - Dry,10 - No control,,1,0,0,0,,0,,,,,349246.9551,5023049.452,45.34598333,-75.93280701,7546
17--3711,3/30/2017,11:39 AM,BRIDLE PARK DR btwn BLACK RIVERS PL & STONEMEADOW DR (__3ZA15F),__3ZA15F,04 - At/near private drive,03 - P.D. only,02 - Angle,01 - Clear,01 - Daylight,01 - Dry,10 - No control,,2,0,0,0,,0,,,,,355556.5554,5016350.178,45.28527404,-75.85298066,7547
17--3712,3/30/2017,Unknown,HENEY ST btwn CHARLOTTE ST & WURTEMBURG ST (__3ZA8RC),__3ZA8RC,01 - Non intersection,03 - P.D. only,06 - SMV unattended vehicle,01 - Clear,00 - Unknown,01 - Dry,10 - No control,,1,0,0,0,,0,,,,,369168.509,5033100.09,45.43487053,-75.67729686,7548
17--3713,3/30/2017,12:08 PM,MACKENZIE AVE @ RIDEAU ST (0002136),2136,03 - At intersection,03 - P.D. only,02 - Angle,01 - Clear,01 - Daylight,01 - Dry,01 - Traffic signal,01 - Functioning,2,0,0,0,,0,,,,,367868.6959,5032009.58,45.42517694,-75.69404795,7549
17--3714,3/30/2017,12:09 PM,LYON ST @ WELLINGTON ST (0002388),2388,03 - At intersection,03 - P.D. only,04 - Sideswipe,01 - Clear,01 - Daylight,01 - Dry,01 - Traffic signal,01 - Functioning,2,0,0,0,,0,,,,,366934.9366,5031425.497,45.42000511,-75.70605293,7550
17--3715,3/30/2017,2:20 PM,BANKFIELD RD @ PRINCE OF WALES DR (0003618),3618,03 - At intersection,03 - P.D. only,02 - Angle,01 - Clear,01 - Daylight,01 - Dry,01 - Traffic signal,01 - Functioning,2,0,0,0,,0,,,,,366379.3555,5008976.055,45.21805697,-75.71594237,7551
17--3716,3/30/2017,2:25 PM,FALLOWFIELD RD @ 482 E OF HOLITMAN DR/BARRHAVE (0010441),10441,03 - At intersection,02 - Non-fatal injury,02 - Angle,01 - Clear,01 - Daylight,01 - Dry,01 - Traffic signal,01 - Functioning,2,0,0,0,02 - Minor,1,,1,,,364167.7597,5017376.393,45.29383334,-75.74309542,7552
17--3717,3/30/2017,3:24 PM,MONTREAL RD @ OLMSTEAD ST (0009345),9345,02 - Intersection related,03 - P.D. only,04 - Sideswipe,01 - Clear,01 - Daylight,01 - Dry,01 - Traffic signal,01 - Functioning,2,0,0,0,,0,,,,,370333.0478,5033212.918,45.43577754,-75.66239929,7553
17--3718,3/30/2017,3:54 PM,MAITLAND AVE @ WOODWARD DR (0003185),3185,03 - At intersection,03 - P.D. only,02 - Angle,01 - Clear,01 - Daylight,01 - Dry,01 - Traffic signal,01 - Functioning,2,0,0,0,,0,,,,,363273.3602,5025663.196,45.36847248,-75.7535186,7554
17--3719,3/30/2017,4:45 PM,HERON RD EB btwn DATA CENTRE RD & JUNCTION AVE (__3ZA369),__3ZA369,04 - At/near private drive,03 - P.D. only,02 - Angle,01 - Clear,01 - Daylight,01 - Dry,10 - No control,,2,0,0,0,,0,,,,,369134.9707,5026745.044,45.37769309,-75.6785547,7555
17--372,1/8/2017,5:00 PM,HIGHWAY 417 @ HWY 417 CARP IC144R25 (0010783),10783,03 - At intersection,03 - P.D. only,04 - Sideswipe,01 - Clear,05 - Dusk,03 - Loose snow,10 - No control,,2,0,0,0,,0,,,,,347905.5318,5016275.517,45.28511307,-75.95051369,7556
17--3720,3/30/2017,5:00 PM,REGIONAL ROAD 174 EB btwn OR174 IC109 RAMP55 & TRANSIT (__3ZA28V),__3ZA28V,01 - Non intersection,03 - P.D. only,04 - Sideswipe,01 - Clear,01 - Daylight,01 - Dry,10 - No control,,2,0,0,0,,0,,,,,376465.1954,5034971.969,45.45100279,-75.58377565,7557
17--3721,3/30/2017,5:03 PM,FLEWELLYN RD @ SHEA RD (0000398),398,03 - At intersection,02 - Non-fatal injury,02 - Angle,01 - Clear,01 - Daylight,01 - Dry,02 - Stop sign,01 - Functioning,2,0,0,0,02 - Minor,2,,2,,,352993.9347,5012175.743,45.24789166,-75.8860508,7558
17--3722,3/30/2017,5:26 PM,BRONSON AVE @ SOMERSET ST (0002218),2218,02 - Intersection related,03 - P.D. only,04 - Sideswipe,01 - Clear,01 - Daylight,01 - Dry,01 - Traffic signal,01 - Functioning,2,0,0,0,,0,,,,,366968.0306,5030477.241,45.41147004,-75.70574972,7559
17--3723,3/30/2017,6:11 PM,MULLIGAN ST @ RIVER RD (0008664),8664,03 - At intersection,02 - Non-fatal injury,03 - Rear end,01 - Clear,05 - Dusk,01 - Dry,02 - Stop sign,00 - Unknown,2,0,0,0,02 - Minor,2,1,1,,,367964.7116,5017434.453,45.29402471,-75.69468374,7560
17--3724,3/30/2017,6:22 PM,INNES RD @ ORLEANS BLVD (0003611),3611,02 - Intersection related,03 - P.D. only,03 - Rear end,01 - Clear,05 - Dusk,01 - Dry,01 - Traffic signal,01 - Functioning,2,0,0,0,,0,,,,,380460.7951,5034296.028,45.44450005,-75.53280384,7561
17--3725,3/30/2017,6:34 PM,GREENBANK RD @ IRIS ST/HWY 417 IC129 RAMP51 (0009073),9073,02 - Intersection related,03 - P.D. only,03 - Rear end,01 - Clear,07 - Dark,01 - Dry,01 - Traffic signal,01 - Functioning,2,0,0,0,,0,,,,,360531.6685,5023312.343,45.34754296,-75.78878181,7562
17--3726,3/30/2017,6:35 PM,ST. LAURENT BLVD @ SUSAN ST (0008913),8913,03 - At intersection,03 - P.D. only,03 - Rear end,01 - Clear,07 - Dark,01 - Dry,02 - Stop sign,01 - Functioning,2,0,0,0,,0,,,,,373826.7351,5028231.852,45.39062422,-75.61844803,7563
17--3727,3/30/2017,7:24 AM,RIVERSIDE DR SB btwn FROBISHER LANE & HINCKS LANE (__3ZAZRX),__3ZAZRX,01 - Non intersection,03 - P.D. only,07 - SMV other,01 - Clear,01 - Daylight,06 - Ice,10 - No control,,1,0,0,0,,0,,,,,370146.3146,5030109.245,45.4078694,-75.66519741,7564
17--3728,3/30/2017,8:01 PM,RANDALL AVE btwn UTAH ST & BEAVER AVE (__3ZA9QL),__3ZA9QL,04 - At/near private drive,03 - P.D. only,06 - SMV unattended vehicle,01 - Clear,07 - Dark,01 - Dry,10 - No control,,1,0,0,0,,0,,,,,369935.1191,5027311.247,45.38271368,-75.66826458,7565
17--3729,3/30/2017,8:16 PM,UPPER DWYER HILL RD btwn HAMILTON SIDE RD & MCARTON RD (__3ZA4E9),__3ZA4E9,01 - Non intersection,03 - P.D. only,07 - SMV other,01 - Clear,07 - Dark,01 - Dry,10 - No control,,1,0,0,0,,0,,,,,339954.6113,5007728.729,45.20864692,-76.05246864,7566
17--373,1/8/2017,5:03 PM,FAIRLEA CRES btwn HEATHERINGTON RD & GORE PRIV (__3ZBORS),__3ZBORS,01 - Non intersection,03 - P.D. only,01 - Approaching,01 - Clear,05 - Dusk,06 - Ice,10 - No control,,2,0,0,0,,0,,,,,372018.2754,5026803.504,45.37794841,-75.64173603,7567
17--3730,3/30/2017,8:37 PM,DWYER HILL RD btwn ROGER STEVENS DR & FLOOD RD (__3ZBOCI),__3ZBOCI,01 - Non intersection,03 - P.D. only,07 - SMV other,01 - Clear,07 - Dark,01 - Dry,10 - No control,,1,0,0,0,,0,,,,,354385.037,4989302.442,45.04197074,-75.87059947,7568
17--3731,3/30/2017,8:40 AM,GOLDRIDGE DR btwn HEMLO CRES & AFTON PL (__3ZA47Q),__3ZA47Q,04 - At/near private drive,03 - P.D. only,02 - Angle,01 - Clear,01 - Daylight,01 - Dry,10 - No control,,2,0,0,0,,0,,,,,350018.2885,5019410.423,45.31318914,-75.92329683,7569
17--3732,3/30/2017,8:45 AM,BANK ST @ CAHILL DR/DAZE ST (0012178),12178,02 - Intersection related,02 - Non-fatal injury,04 - Sideswipe,01 - Clear,01 - Daylight,01 - Dry,01 - Traffic signal,01 - Functioning,2,0,0,0,01 - Minimal,1,1,,,,371306.4806,5024317.396,45.35564719,-75.65115809,7570
17--3733,3/30/2017,8:52 PM,BRIAN COBURN BLVD @ MER BLEUE RD (0014363),14363,03 - At intersection,03 - P.D. only,02 - Angle,01 - Clear,07 - Dark,01 - Dry,11 - Roundabout,01 - Functioning,2,0,0,0,,0,,,,,383150.8189,5034441.164,45.44550953,-75.49839849,7571
17--3734,3/30/2017,8:54 AM,BROOKFIELD RD btwn 200 W OF FLANNERY DR & BROOKFIELD RAMP 36 (__3ZA225B),__3ZA225B,01 - Non intersection,03 - P.D. only,04 - Sideswipe,01 - Clear,01 - Daylight,01 - Dry,10 - No control,,2,0,0,0,,0,,,,,368547.329,5026262.585,45.37340577,-75.68611937,7572
17--3735,3/30/2017,9:00 AM,AHEARN AVE btwn CROFT ST & FARROW ST (__3ZABWW),__3ZABWW,01 - Non intersection,03 - P.D. only,06 - SMV unattended vehicle,01 - Clear,01 - Daylight,01 - Dry,10 - No control,,1,0,0,0,,0,,,,,359544.2707,5024743.656,45.36049968,-75.80122302,7573
17--3736,3/30/2017,9:00 PM,GLASGOW ST btwn GLASGOW CRES & ST. LAURENT BLVD (__3ZA8Q8),__3ZA8Q8,04 - At/near private drive,03 - P.D. only,06 - SMV unattended vehicle,01 - Clear,07 - Dark,01 - Dry,10 - No control,,1,0,0,0,,0,,,,,371037.4082,5034936.671,45.45122071,-75.65316557,7574
17--3737,3/30/2017,9:09 AM,MARCH RD @ TERON RD (0011926),11926,03 - At intersection,02 - Non-fatal injury,05 - Turning movement,01 - Clear,01 - Daylight,01 - Dry,01 - Traffic signal,01 - Functioning,2,0,0,0,02 - Minor,2,,2,,,351416.2884,5021778.814,45.33440905,-75.90524507,7575
17--3738,3/30/2017,9:18 AM,ALBERT ST @ COMMISSIONER ST (0002171),2171,02 - Intersection related,03 - P.D. only,02 - Angle,01 - Clear,01 - Daylight,01 - Dry,02 - Stop sign,00 - Unknown,2,0,0,0,,0,,,,,366714.0318,5030972.239,45.41594641,-75.70893228,7576
17--3739,3/31/2017,1:00 AM,HIGHWAY 417 btwn HWY417 IC142 RAMP16 & HWY417 IC142 RAMP61 (__3ZAZW4),__3ZAZW4,01 - Non intersection,03 - P.D. only,07 - SMV other,01 - Clear,07 - Dark,01 - Dry,10 - No control,,1,0,0,0,,0,,,,,349029.2248,5017350.171,45.29471335,-75.93609432,7577
17--374,1/8/2017,6:00 PM,BRANTHAVEN ST N @ LAKERIDGE DR (0013437),13437,02 - Intersection related,03 - P.D. only,06 - SMV unattended vehicle,01 - Clear,07 - Dark,02 - Wet,02 - Stop sign,00 - Unknown,1,0,0,0,,0,,,,,384851.1156,5035011.921,45.45045202,-75.47657324,7578
17--3740,3/31/2017,1:08 PM,EDGAR BRAULT ST @ ST. JOSEPH BLVD (0012414),12414,02 - Intersection related,03 - P.D. only,03 - Rear end,01 - Clear,01 - Daylight,01 - Dry,01 - Traffic signal,01 - Functioning,2,0,0,0,,0,,,,,381419.6857,5037547.688,45.47365138,-75.52004112,7579
17--3741,3/31/2017,1:24 AM,COLONEL BY DR btwn OTTAWA UNIV. PED. XING & MAIN ST (__3ZA8HKC),__3ZA8HKC,01 - Non intersection,03 - P.D. only,07 - SMV other,01 - Clear,07 - Dark,01 - Dry,10 - No control,,1,0,0,0,,0,,,,,368930.9412,5031095.845,45.4168589,-75.68059389,7580
17--3742,3/31/2017,10:25 PM,HIGHWAY 417 btwn HWY417 IC119A RAMP75 & HWY417 IC118 RAMP57 (__3ZA2R2),__3ZA2R2,01 - Non intersection,03 - P.D. only,04 - Sideswipe,03 - Snow,07 - Dark,04 - Slush,10 - No control,,2,0,0,0,,0,,,,,368811.6134,5030623.987,45.41262421,-75.68217968,7581
17--3743,3/31/2017,11:00 AM,HIGHWAY 417 btwn HIGHWAY 417 & HIGHWAY 417 (2) (__3ZA2UZ),__3ZA2UZ,01 - Non intersection,03 - P.D. only,04 - Sideswipe,01 - Clear,01 - Daylight,01 - Dry,10 - No control,,2,0,0,0,,0,,,,,375396.5942,5030175.927,45.4079595,-75.59812331,7582
17--3744,3/31/2017,11:03 AM,BANK ST @ EVANS AVE (0011429),11429,02 - Intersection related,03 - P.D. only,05 - Turning movement,01 - Clear,01 - Daylight,01 - Dry,02 - Stop sign,00 - Unknown,2,0,0,0,,0,,,,,369917.7442,5027062.971,45.38048139,-75.66851917,7583
17--3745,3/31/2017,11:25 PM,HIGHWAY 416 btwn HWY416 IC66 RAMP62 & HWY416 IC72 RAMP24 (__3ZAZMZ),__3ZAZMZ,01 - Non intersection,03 - P.D. only,07 - SMV other,03 - Snow,07 - Dark,04 - Slush,10 - No control,,1,0,0,0,,0,,,,,359637.513,5015494.684,45.27726968,-75.80105691,7584
17--3746,3/31/2017,11:30 PM,HIGHWAY 416 btwn HWY416 IC72 RAMP62 & HWY416 IC72 RAMP24 (__3ZAZEQ),__3ZAZEQ,01 - Non intersection,03 - P.D. only,07 - SMV other,03 - Snow,07 - Dark,04 - Slush,10 - No control,,1,0,0,0,,0,,,,,359453.786,5019662.409,45.31478555,-75.80293914,7585
17--3747,3/31/2017,11:45 PM,LEITRIM RD btwn RAMSAYVILLE RD & ANDERSON RD (__3ZA2BA),__3ZA2BA,01 - Non intersection,03 - P.D. only,07 - SMV other,03 - Snow,07 - Dark,03 - Loose snow,10 - No control,,1,0,0,0,,0,,,,,380388.4898,5024857.668,45.35958802,-75.53517463,7586
17--3748,3/31/2017,11:49 PM,RICHMOND RD @ ROBERTSON RD (0000639),639,03 - At intersection,02 - Non-fatal injury,07 - SMV other,03 - Snow,07 - Dark,04 - Slush,01 - Traffic signal,01 - Functioning,1,0,0,0,01 - Minimal,1,1,,,,357578.6584,5020748.812,45.32470456,-75.82673729,7587
17--3749,3/31/2017,11:57 PM,SUNNYCREST DR @ TWIN TER (0001362),1362,02 - Intersection related,03 - P.D. only,03 - Rear end,03 - Snow,07 - Dark,04 - Slush,03 - Yield sign,00 - Unknown,2,0,0,0,,0,,,,,365629.4585,5025582.53,45.36754613,-75.72345289,7588
17--375,1/8/2017,6:00 PM,HIGHWAY 417 btwn HIGHWAY 417 & HWY417 IC140 RAMP51 (__3ZA20L),__3ZA20L,01 - Non intersection,02 - Non-fatal injury,04 - Sideswipe,01 - Clear,07 - Dark,01 - Dry,10 - No control,,2,0,0,0,02 - Minor,2,1,1,,,350323.8283,5018196.395,45.30224524,-75.91951176,7589
17--3750,3/31/2017,11:58 PM,MAPLE ST btwn CYR AVE & OLMSTEAD ST (__3ZA7CM),__3ZA7CM,01 - Non intersection,03 - P.D. only,06 - SMV unattended vehicle,02 - Rain,07 - Dark,04 - Slush,10 - No control,,1,0,0,0,,0,,,,,370368.8025,5032857.598,45.43257717,-75.66198967,7590
17--3751,3/31/2017,Unknown,BANK ST btwn HOPEWELL AVE & GLEN AVE (__3ZA3N3),__3ZA3N3,01 - Non intersection,03 - P.D. only,06 - SMV unattended vehicle,01 - Clear,00 - Unknown,01 - Dry,10 - No control,,1,0,0,0,,0,,,,,368792.0783,5028460.742,45.39316183,-75.68270995,7591
17--3752,3/31/2017,Unknown,NANTES ST btwn BRIAN COBURN BLVD & IVANY WAY (__7UT0S4),__7UT0S4,01 - Non intersection,03 - P.D. only,06 - SMV unattended vehicle,01 - Clear,00 - Unknown,01 - Dry,10 - No control,,1,0,0,0,,0,,,,,386090.103,5035721.847,45.45669624,-75.46061847,7592
17--3753,3/31/2017,12:37 PM,HWY 416 ACRES IC75R24 @ HOLLY ACRES RD (0005257),5257,03 - At intersection,03 - P.D. only,04 - Sideswipe,01 - Clear,01 - Daylight,02 - Wet,01 - Traffic signal,01 - Functioning,2,0,0,0,,0,,,,,358757.9953,5022870.947,45.34370996,-75.81146297,7593
17--3754,3/31/2017,2:11 PM,DUROCHER ST @ MONTREAL RD (0009800),9800,03 - At intersection,03 - P.D. only,02 - Angle,01 - Clear,01 - Daylight,01 - Dry,02 - Stop sign,01 - Functioning,2,0,0,0,,0,,,,,370137.043,5033102.923,45.43480619,-75.66491882,7594
17--3755,3/31/2017,2:56 PM,BLAIR RD @ MONTREAL RD (0009277),9277,03 - At intersection,03 - P.D. only,05 - Turning movement,03 - Snow,01 - Daylight,03 - Loose snow,01 - Traffic signal,01 - Functioning,2,0,0,0,,0,,,,,374020.0547,5034441.591,45.4464772,-75.61510706,7595
17--3756,3/31/2017,3:08 PM,ALDERCREST DR @ VIEWMOUNT DR (0001053),1053,02 - Intersection related,03 - P.D. only,01 - Approaching,01 - Clear,01 - Daylight,01 - Dry,02 - Stop sign,01 - Functioning,2,0,0,0,,0,,,,,364428.3641,5022642.496,45.3411953,-75.73913924,7596
17--3757,3/31/2017,3:28 PM,BASELINE RD @ WOODROFFE AVE (0002225),2225,02 - Intersection related,02 - Non-fatal injury,03 - Rear end,03 - Snow,01 - Daylight,02 - Wet,01 - Traffic signal,01 - Functioning,3,0,0,0,01 - Minimal,1,1,,,,362550.4407,5023771.63,45.35151228,-75.76296777,7597
17--3758,3/31/2017,3:29 PM,BRONSON AVE @ SUNNYSIDE AVE/UNIVERSITY RD - CA (0007209),7209,02 - Intersection related,02 - Non-fatal injury,99 - Other,03 - Snow,01 - Daylight,02 - Wet,01 - Traffic signal,01 - Functioning,3,0,0,0,02 - Minor,1,,1,,,367922.3757,5028092.885,45.38993089,-75.69386351,7598
17--3759,3/31/2017,3:35 PM,HIGHWAY 417 btwn HWY417 IC121A RAMP61 & HWY417 IC120B RAMP36 (__3ZA2YV),__3ZA2YV,01 - Non intersection,02 - Non-fatal injury,03 - Rear end,03 - Snow,01 - Daylight,02 - Wet,10 - No control,,2,0,0,0,01 - Minimal,1,1,,,,367563.6419,5029892.843,45.40615864,-75.69821542,7599
17--376,1/8/2017,8:06 PM,ORLEANS BLVD btwn FOREST VALLEY DR & MEADOWGLEN DR (__3ZA2AE),__3ZA2AE,01 - Non intersection,03 - P.D. only,04 - Sideswipe,01 - Clear,07 - Dark,02 - Wet,10 - No control,,2,0,0,0,,0,,,,,380280.2079,5034725.151,45.44838049,-75.53504618,7600
17--3760,3/31/2017,4:11 PM,ARNOT RD btwn FISHER AVE & DYNES RD (__3ZAAQW),__3ZAAQW,01 - Non intersection,03 - P.D. only,04 - Sideswipe,01 - Clear,01 - Daylight,01 - Dry,10 - No control,,2,0,0,0,,0,,,,,366369.9257,5025670.936,45.36827694,-75.71398998,7601
17--3761,3/31/2017,4:40 PM,WOODROFFE AVE @ KNOXDALE RD/MEDHURST DR (0000519),519,02 - Intersection related,03 - P.D. only,03 - Rear end,03 - Snow,01 - Daylight,03 - Loose snow,01 - Traffic signal,00 - Unknown,2,0,0,0,,0,,,,,363419.6901,5021826.494,45.33393798,-75.75210553,7602
17--3762,3/31/2017,4:45 PM,WEST HUNT CLUB RD @ WOODROFFE AVE (0000576),576,02 - Intersection related,03 - P.D. only,03 - Rear end,02 - Rain,01 - Daylight,02 - Wet,01 - Traffic signal,01 - Functioning,2,0,0,0,,0,,,,,363671.3856,5021246.758,45.32870049,-75.74896352,7603
17--3763,3/31/2017,4:47 PM,LAURIER AVE   W btwn BANK ST & O'CONNOR ST (__3ZA34B),__3ZA34B,04 - At/near private drive,03 - P.D. only,02 - Angle,03 - Snow,01 - Daylight,02 - Wet,10 - No control,,2,0,0,0,,0,,,,,367511.804,5031282.311,45.41866529,-75.69870079,7604
17--3764,3/31/2017,4:48 PM,INNES RD @ TENTH LINE RD (0004633),4633,02 - Intersection related,02 - Non-fatal injury,03 - Rear end,03 - Snow,01 - Daylight,02 - Wet,01 - Traffic signal,00 - Unknown,2,0,0,0,02 - Minor,2,1,1,,,383951.7603,5036159.936,45.46088326,-75.48788461,7605
17--3765,3/31/2017,5:00 PM,CARLING AVE @ FOREST ST (0002640),2640,02 - Intersection related,03 - P.D. only,03 - Rear end,03 - Snow,01 - Daylight,06 - Ice,02 - Stop sign,01 - Functioning,2,0,0,0,,0,,,,,360543.9301,5024972.146,45.36247684,-75.78843819,7606
17--3766,3/31/2017,5:30 PM,AQUAVIEW DR btwn LAVOIE ST & SCHUBERT CIRC (__4V3I7T),__4V3I7T,01 - Non intersection,03 - P.D. only,06 - SMV unattended vehicle,03 - Snow,01 - Daylight,04 - Slush,10 - No control,,1,0,0,0,,0,,,,,385293.1232,5035837.643,45.45783032,-75.4707881,7607
17--3767,3/31/2017,5:30 PM,AVONHURST AVE btwn WILTSHIRE CIRC & LONGSHIRE CIRC (__3ZA57T),__3ZA57T,04 - At/near private drive,03 - P.D. only,06 - SMV unattended vehicle,03 - Snow,05 - Dusk,05 - Packed snow,10 - No control,,1,0,0,0,,0,,,,,365446.1494,5016381.616,45.28477322,-75.72691977,7608
17--3768,3/31/2017,7:10 AM,BASELINE RD @ FERGUSON ST (0003206),3206,02 - Intersection related,03 - P.D. only,03 - Rear end,01 - Clear,01 - Daylight,01 - Dry,01 - Traffic signal,01 - Functioning,2,0,0,0,,0,,,,,363441.4406,5024315.883,45.35633547,-75.75153292,7609
17--3769,3/31/2017,7:15 PM,HIGHWAY 417 btwn HWY417 IC96 RAMP61 & HWY417 IC88 RAMP16 (__3ZA27Z),__3ZA27Z,01 - Non intersection,02 - Non-fatal injury,99 - Other,03 - Snow,07 - Dark,04 - Slush,10 - No control,,2,0,0,1,02 - Minor,2,,2,,,392437.0473,5022888.021,45.3404647,-75.38176111,7610
17--377,1/8/2017,8:08 PM,TENTH LINE RD btwn 275 N OF DES EPINETTES AVE/FALLINGBROOK SC & DES EP (__3ZA3YNB),__3ZA3YNB,01 - Non intersection,03 - P.D. only,04 - Sideswipe,01 - Clear,07 - Dark,06 - Ice,10 - No control,,2,0,0,0,,0,,,,,383559.3674,5037087.212,45.4692704,-75.49275279,7611
17--3770,3/31/2017,7:30 PM,HIGHWAY 417 btwn HWY 417 ANDERSON IC104R61 & HWY 417 BOUNDARY IC96R16 (__3ZA2W5),__3ZA2W5,01 - Non intersection,03 - P.D. only,04 - Sideswipe,03 - Snow,07 - Dark,04 - Slush,10 - No control,,2,0,0,0,,0,,,,,385154.9762,5024871.994,45.35918682,-75.4743415,7612
17--3771,3/31/2017,8:00 PM,HIGHWAY 7 btwn HWY417 IC145 RAMP55 & RAMP (__7JQ7JU),__7JQ7JU,01 - Non intersection,03 - P.D. only,07 - SMV other,03 - Snow,07 - Dark,04 - Slush,10 - No control,,1,0,0,0,,0,,,,,346213.0824,5013787.606,45.26282758,-75.97229472,7613
17--3772,3/31/2017,8:16 AM,O'CONNOR ST btwn ALBERT ST & SLATER ST (__3ZA35Q),__3ZA35Q,01 - Non intersection,03 - P.D. only,06 - SMV unattended vehicle,01 - Clear,01 - Daylight,01 - Dry,10 - No control,,1,0,0,0,,0,,,,,367547.7909,5031506.648,45.42068058,-75.69821244,7614
17--3773,3/31/2017,8:45 PM,MONTREAL RD/HANNAH ST @ CODY AVE (0009349),9349,02 - Intersection related,03 - P.D. only,03 - Rear end,03 - Snow,07 - Dark,04 - Slush,01 - Traffic signal,01 - Functioning,2,0,0,0,,0,,,,,370255.5307,5033170.497,45.43540311,-75.6633956,7615
17--3774,3/31/2017,9:00 AM,CARLING AVE EB btwn BROADVIEW AVE & BOYD AVE (__3ZA4UB),__3ZA4UB,01 - Non intersection,03 - P.D. only,04 - Sideswipe,01 - Clear,01 - Daylight,01 - Dry,10 - No control,,2,0,0,0,,0,,,,,363367.9669,5026736.171,45.37811907,-75.75218371,7616
17--3775,3/31/2017,9:00 PM,HIGHWAY 417 btwn HWY417 IC122 RAMP61 & HWY417 IC121B RAMP16 (__3ZA2Y4),__3ZA2Y4,01 - Non intersection,03 - P.D. only,07 - SMV other,03 - Snow,07 - Dark,03 - Loose snow,10 - No control,,1,0,0,0,,0,,,,,366538.6793,5029519.868,45.40289387,-75.71135442,7617
17--3776,3/31/2017,9:00 PM,HIGHWAY 417 btwn HWY417 IC127 RAMP35 & HWY417 IC127 RAMP25 (__3ZA2RE),__3ZA2RE,01 - Non intersection,03 - P.D. only,07 - SMV other,03 - Snow,07 - Dark,04 - Slush,10 - No control,,1,0,0,0,,0,,,,,362144.9467,5024843.825,45.36119308,-75.76801803,7618