Anom_ID,Accident_Date,Accident_Time,Location,Geo_ID,Accident_Location,Classification_of_Accident,Initial_Impact_Type,Environment_Condition,Light,Road_Surface_Condition,Traffic_Control,Traffic_Control_Condition,No__of_Vehicles,No__of_Bicycles,No__of_Motorcycles,No__of_Pedestrians,Max_Injury,No__of_Injuries,No__of_Minimal,No__of_Minor,No__of_Major,No__of_Fatal,X,Y,Latitude,Longitude,ObjectId
17--3777,3/31/2017,9:16 PM,SHEA RD btwn ABBOTT ST E & FERNBANK RD (__3ZAZRN),__3ZAZRN,01 - Non intersection,03 - P.D. only,07 - SMV other,03 - Snow,07 - Dark,04 - Slush,10 - No control,,1,0,0,0,,0,,,,,351525.9862,5013716.94,45.26185886,-75.90460526,7619
17--3778,3/31/2017,9:45 AM,DENBURY AVE btwn KENWOOD AVE & CROSSFIELD AVE (__3ZA07P),__3ZA07P,01 - Non intersection,03 - P.D. only,06 - SMV unattended vehicle,01 - Clear,01 - Daylight,01 - Dry,10 - No control,,1,0,0,0,,0,,,,,362650.4846,5027500.314,45.38505434,-75.76125446,7620
17--3779,4/1/2017,1:04 AM,BRONSON AVE btwn BRONSON AVE SB ON RAMP 43 & SUNNYSIDE AVE/UNIVERSITY  (__3ZA3NU),__3ZA3NU,01 - Non intersection,03 - P.D. only,04 - Sideswipe,03 - Snow,07 - Dark,04 - Slush,10 - No control,,2,0,0,0,,0,,,,,367810.9605,5028293.543,45.39174639,-75.69526063,7621
17--378,1/8/2017,8:17 AM,REGIONAL ROAD 174 btwn EAST ST & EAST SHORE RD (__3ZA27Y),__3ZA27Y,01 - Non intersection,03 - P.D. only,07 - SMV other,01 - Clear,01 - Daylight,02 - Wet,10 - No control,,1,0,0,0,,0,,,,,391278.9515,5042818.869,45.51992362,-75.39303541,7622
17--3780,4/1/2017,1:13 AM,HIGHWAY 417 btwn HWY417 IC122 RAMP15 & HWY417 IC121B RAMP51 (__3ZA2RB),__3ZA2RB,01 - Non intersection,03 - P.D. only,07 - SMV other,03 - Snow,07 - Dark,02 - Wet,10 - No control,,1,0,0,0,,0,,,,,366457.85,5029478.47,45.4025285,-75.712392,7623
17--3781,4/1/2017,1:50 PM,MEADOWLANDS DR btwn HOGAN ST & NESS ST (__3ZA4IQ),__3ZA4IQ,01 - Non intersection,03 - P.D. only,06 - SMV unattended vehicle,03 - Snow,01 - Daylight,02 - Wet,10 - No control,,1,0,0,0,,0,,,,,366268.4167,5024891.91,45.36127632,-75.71538264,7624
17--3782,4/1/2017,10:00 PM,TENTH LINE RD btwn DES EPINETTES AVE & INNES RD (__3ZA3Y8),__3ZA3Y8,04 - At/near private drive,03 - P.D. only,04 - Sideswipe,01 - Clear,07 - Dark,01 - Dry,10 - No control,,2,0,0,0,,0,,,,,383920.8829,5036254.961,45.46174171,-75.48826409,7625
17--3783,4/1/2017,10:03 PM,ST. LAURENT BLVD @ WALKLEY RD (0007653),7653,03 - At intersection,03 - P.D. only,05 - Turning movement,01 - Clear,07 - Dark,01 - Dry,01 - Traffic signal,01 - Functioning,2,0,0,0,,0,,,,,373902.4157,5028046.855,45.38895223,-75.61750752,7626
17--3784,4/1/2017,10:20 AM,INNES RD btwn TENTH LINE RD & 240 E OF TENTH LINE RD/HOME DEPOT E (__3ZBOGOA),__3ZBOGOA,01 - Non intersection,02 - Non-fatal injury,04 - Sideswipe,01 - Clear,01 - Daylight,01 - Dry,10 - No control,,3,0,0,0,01 - Minimal,1,1,,,,383960.1215,5036164.912,45.46092708,-75.48777692,7627
17--4073,4/11/2017,10:11 AM,MERIVALE RD @ CAPILANO DR/WITHROW AVE (0009820),9820,03 - At intersection,02 - Non-fatal injury,02 - Angle,02 - Rain,01 - Daylight,02 - Wet,01 - Traffic signal,01 - Functioning,2,0,0,0,01 - Minimal,1,1,,,,364642.7635,5024227.769,45.35544113,-75.73621192,7628
17--3610,3/26/2017,3:32 PM,CENTERRA CRT btwn END & KILBIRNIE DR (__77AX1B),__77AX1B,04 - At/near private drive,03 - P.D. only,06 - SMV unattended vehicle,01 - Clear,01 - Daylight,02 - Wet,10 - No control,,1,0,0,0,,0,,,,,365312.4153,5011768.382,45.2432749,-75.72918635,7629
17--4074,4/11/2017,10:16 AM,PRINCE OF WALES DR @ MERIVALE RD (0000564),564,02 - Intersection related,03 - P.D. only,03 - Rear end,02 - Rain,01 - Daylight,02 - Wet,01 - Traffic signal,01 - Functioning,2,0,0,0,,0,,,,,367450.0458,5017615.123,45.29569643,-75.70122199,7630
17--3611,3/26/2017,3:52 PM,BANK ST @ RIDEAU RD (0009263),9263,02 - Intersection related,03 - P.D. only,03 - Rear end,01 - Clear,01 - Daylight,01 - Dry,01 - Traffic signal,01 - Functioning,2,0,0,0,,0,,,,,376953.7492,5017845.81,45.29686042,-75.58003239,7631
17--4075,4/11/2017,10:18 PM,PRINCE OF WALES DR @ WEST HUNT CLUB RD (0000567),567,03 - At intersection,03 - P.D. only,02 - Angle,01 - Clear,07 - Dark,01 - Dry,01 - Traffic signal,01 - Functioning,2,0,0,0,,0,,,,,367459.0448,5021892.841,45.3341859,-75.70056623,7632
17--3612,3/26/2017,4:30 PM,CARP RD @ ARBOURBROOK BLVD (0010694),10694,03 - At intersection,03 - P.D. only,05 - Turning movement,02 - Rain,01 - Daylight,02 - Wet,02 - Stop sign,00 - Unknown,2,0,0,0,,0,,,,,344913.5394,5018634.445,45.30651677,-75.98846161,7633
17--4076,4/11/2017,10:28 AM,MURRAY ST @ SUSSEX DR (0011912),11912,02 - Intersection related,03 - P.D. only,04 - Sideswipe,02 - Rain,01 - Daylight,02 - Wet,01 - Traffic signal,02 - Not functioning,2,0,0,0,,0,,,,,367707.8636,5032393.16,45.42864274,-75.69605402,7634
17--3613,3/26/2017,5:00 PM,MEADOWLANDS DR btwn HOGAN ST & NESS ST (__3ZA4IQ),__3ZA4IQ,04 - At/near private drive,03 - P.D. only,03 - Rear end,02 - Rain,01 - Daylight,02 - Wet,10 - No control,,2,0,0,0,,0,,,,,366391.1025,5024928.463,45.36159445,-75.7138122,7635
17--3614,3/26/2017,6:43 PM,ST. JOSEPH BLVD @ JEANNE D'ARC BLVD (0012421),12421,03 - At intersection,03 - P.D. only,04 - Sideswipe,02 - Rain,05 - Dusk,02 - Wet,11 - Roundabout,01 - Functioning,2,0,0,0,,0,,,,,379861.7458,5036471.581,45.46413861,-75.54012855,7636
17--3615,3/26/2017,8:00 PM,HIGHWAY 417 btwn HWY417 IC112 RAMP55 & HIGHWAY 417 (__3ZAZPP),__3ZAZPP,01 - Non intersection,03 - P.D. only,99 - Other,02 - Rain,07 - Dark,02 - Wet,10 - No control,,3,0,0,0,,0,,,,,375004.5304,5030641.391,45.41218694,-75.60306505,7637
17--3616,3/26/2017,9:55 PM,ROGER GUINDON AVE btwn PETER MORAND CRES & PETER MORAND CRES (__3ZAZAJ),__3ZAZAJ,04 - At/near private drive,03 - P.D. only,06 - SMV unattended vehicle,04 - Freezing Rain,07 - Dark,06 - Ice,10 - No control,,1,0,0,0,,0,,,,,371919.4883,5029574.861,45.40289344,-75.64262029,7638
17--3617,3/27/2017,10:11 AM,SOMERSET ST    W btwn PRESTON ST & ROCHESTER ST (__3ZA321),__3ZA321,01 - Non intersection,03 - P.D. only,04 - Sideswipe,02 - Rain,01 - Daylight,02 - Wet,10 - No control,,2,0,0,0,,0,,,,,366351.5113,5030145.629,45.40854078,-75.71366695,7639
17--3618,3/27/2017,11:51 AM,MONTREAL RD btwn OGILVIE RD & LAPORTE ST (__3ZA2D7),__3ZA2D7,04 - At/near private drive,03 - P.D. only,05 - Turning movement,02 - Rain,01 - Daylight,02 - Wet,10 - No control,,2,0,0,0,,0,,,,,375683.832,5034573.977,45.44750159,-75.5938213,7640
17--3619,3/27/2017,11:55 AM,PARKDALE AVE btwn GRANT ST & WELLINGTON ST W (__3ZA3ZQ),__3ZA3ZQ,04 - At/near private drive,03 - P.D. only,02 - Angle,02 - Rain,01 - Daylight,02 - Wet,10 - No control,,2,0,0,0,,0,,,,,365144.6839,5029286.609,45.40091661,-75.72918812,7641
17--362,1/8/2017,2:20 PM,FILION CRES btwn BRIDLEWOOD DR & BRIDLEWOOD DR (__3ZAB15),__3ZAB15,04 - At/near private drive,03 - P.D. only,06 - SMV unattended vehicle,01 - Clear,01 - Daylight,03 - Loose snow,10 - No control,,1,0,0,0,,0,,,,,354595.6954,5017347.167,45.29431389,-75.86512838,7642
17--3620,3/27/2017,12:28 PM,CARLING AVE @ FAIRLAWN AVE/WOODROFFE AVE E (0002393),2393,03 - At intersection,02 - Non-fatal injury,05 - Turning movement,02 - Rain,01 - Daylight,02 - Wet,01 - Traffic signal,01 - Functioning,2,0,0,0,02 - Minor,2,,2,,,361934.6841,5025830.528,45.37008852,-75.77058762,7643
17--3621,3/27/2017,2:01 PM,LYNDA LANE @ SMYTH RD (0002250),2250,03 - At intersection,02 - Non-fatal injury,02 - Angle,02 - Rain,01 - Daylight,02 - Wet,02 - Stop sign,01 - Functioning,2,0,0,0,03 - Major,2,1,,1,,371612.0569,5029191.548,45.39947396,-75.64659888,7644
17--3622,3/27/2017,3:13 PM,BRONSON AVE btwn UNIVERSITY RD & BREWER WAY (__3ZA3BT),__3ZA3BT,01 - Non intersection,02 - Non-fatal injury,04 - Sideswipe,02 - Rain,01 - Daylight,02 - Wet,10 - No control,,3,0,0,0,02 - Minor,1,,1,,,368060.5521,5027854.061,45.38776956,-75.69212965,7645
17--3623,3/27/2017,3:30 PM,CARLING AVE EB btwn CLYDE AVE & CHURCHILL AVE N (__3ZA4T9),__3ZA4T9,01 - Non intersection,03 - P.D. only,04 - Sideswipe,01 - Clear,01 - Daylight,02 - Wet,10 - No control,,2,0,0,0,,0,,,,,363737.4829,5026972.778,45.38021703,-75.74743776,7646
17--3624,3/27/2017,3:30 PM,BLAIR RD @ INNES RD (0004165),4165,02 - Intersection related,03 - P.D. only,04 - Sideswipe,02 - Rain,01 - Daylight,02 - Wet,01 - Traffic signal,00 - Unknown,2,0,0,0,,0,,,,,375578.4005,5031439.555,45.41931057,-75.59561955,7647
17--3625,3/27/2017,3:32 PM,BASELINE RD/HERON RD @ PRINCE OF WALES DR (0002345),2345,02 - Intersection related,03 - P.D. only,03 - Rear end,01 - Clear,01 - Daylight,01 - Dry,01 - Traffic signal,01 - Functioning,2,0,0,0,,0,,,,,366872.1837,5026443.008,45.37517956,-75.70748167,7648
17--3626,3/27/2017,3:34 PM,GRENON AVE @ RICHMOND RD (0002741),2741,03 - At intersection,03 - P.D. only,01 - Approaching,02 - Rain,01 - Daylight,02 - Wet,01 - Traffic signal,01 - Functioning,2,0,0,0,,0,,,,,359808.3427,5024034.179,45.35409514,-75.79793151,7649
17--3627,3/27/2017,3:50 PM,KANATA AVE/CASTLEFRANK RD @ AIRD PL (0011976),11976,02 - Intersection related,03 - P.D. only,03 - Rear end,02 - Rain,01 - Daylight,06 - Ice,01 - Traffic signal,01 - Functioning,2,0,0,0,,0,,,,,351811.0602,5019069.176,45.31000079,-75.90046586,7650
17--3628,3/27/2017,4:15 PM,HUNT CLUB RD @ RIVERSIDE DR (0002237),2237,02 - Intersection related,03 - P.D. only,03 - Rear end,02 - Rain,01 - Daylight,02 - Wet,01 - Traffic signal,01 - Functioning,2,0,0,0,,0,,,,,368036.7005,5021945.501,45.3346079,-75.69319023,7651
17--3629,3/27/2017,4:21 PM,SPRUCE RIDGE RD btwn RICHARDSON SIDE RD & HAZELDEAN RD (__7JQ7ID),__7JQ7ID,01 - Non intersection,03 - P.D. only,07 - SMV other,02 - Rain,01 - Daylight,02 - Wet,10 - No control,,1,0,0,0,,0,,,,,344730.4246,5012675.473,45.25290582,-75.99127606,7652
17--363,1/8/2017,2:28 PM,BROMLEY RD @ SHERBOURNE RD (0011219),11219,02 - Intersection related,03 - P.D. only,05 - Turning movement,01 - Clear,01 - Daylight,06 - Ice,02 - Stop sign,01 - Functioning,2,0,0,0,,0,,,,,362923.5469,5026580.94,45.37675933,-75.75787601,7653
17--3630,3/27/2017,4:27 AM,RIVERSIDE DR btwn 175 S OF HUNT CLUB  RD & GL/OT BOUNDARY (__7JIWK3A),__7JIWK3A,01 - Non intersection,03 - P.D. only,07 - SMV other,02 - Rain,07 - Dark,02 - Wet,10 - No control,,1,0,0,0,,0,,,,,367973.9833,5021444.295,45.3301038,-75.6940543,7654
17--3631,3/27/2017,4:31 PM,MERIVALE RD @ SLACK RD (0000110),110,02 - Intersection related,03 - P.D. only,03 - Rear end,02 - Rain,01 - Daylight,02 - Wet,01 - Traffic signal,01 - Functioning,3,0,0,0,,0,,,,,366019.7003,5020955.118,45.32587544,-75.7190443,7655
17--3632,3/27/2017,4:58 PM,FALLOWFIELD RD @ HOLITMAN DR (0010371),10371,03 - At intersection,03 - P.D. only,02 - Angle,"07 - Fog, mist, smoke, dust",01 - Daylight,02 - Wet,02 - Stop sign,01 - Functioning,2,0,0,0,,0,,,,,363742.3514,5017135.782,45.29170414,-75.74854725,7656
17--3633,3/27/2017,5:41 PM,BANK ST btwn CAHILL DR & TURN LANE (1) (__3ZA3HV),__3ZA3HV,04 - At/near private drive,03 - P.D. only,02 - Angle,02 - Rain,01 - Daylight,02 - Wet,10 - No control,,2,0,0,0,,0,,,,,371520.7766,5024125.938,45.35390416,-75.64844911,7657
17--3634,3/27/2017,5:42 AM,ST. LAURENT BLVD btwn CLARKE AVE & COTE ST (__3ZA3LZ),__3ZA3LZ,01 - Non intersection,03 - P.D. only,07 - SMV other,02 - Rain,03 - Dawn,02 - Wet,10 - No control,,1,0,0,0,,0,,,,,371741.0758,5033342.888,45.43681357,-75.64438712,7658
17--3635,3/27/2017,6:22 AM,CATHERINE ST/HWY 417 O'CONN IC119BR76 @ O'CONN (0001697),1697,03 - At intersection,03 - P.D. only,02 - Angle,04 - Freezing Rain,03 - Dawn,02 - Wet,01 - Traffic signal,01 - Functioning,2,0,0,0,,0,,,,,368244.3013,5030392.633,45.41059423,-75.68945678,7659
17--3636,3/27/2017,8:27 AM,CAMPBELLCROFT RD btwn SPRINGHILL RD & DALMENY RD (__3ZA66Z),__3ZA66Z,01 - Non intersection,03 - P.D. only,07 - SMV other,02 - Rain,01 - Daylight,06 - Ice,10 - No control,,1,0,0,0,,0,,,,,383482.9168,5005121.319,45.18167139,-75.49880997,7660
17--3637,3/27/2017,9:07 AM,HAZELDEAN RD @ TERRY FOX DR (0003682),3682,03 - At intersection,03 - P.D. only,02 - Angle,02 - Rain,01 - Daylight,02 - Wet,01 - Traffic signal,01 - Functioning,2,0,0,0,,0,,,,,352207.2766,5017241.782,45.29353081,-75.89558792,7661
17--3638,3/27/2017,9:25 PM,JOCKVALE RD @ FABLE ST/WEYBRIDGE DR E (0000722),722,03 - At intersection,03 - P.D. only,03 - Rear end,"07 - Fog, mist, smoke, dust",07 - Dark,01 - Dry,11 - Roundabout,01 - Functioning,2,0,0,0,,0,,,,,362514.1809,5015143.057,45.27387547,-75.76443557,7662
17--3639,3/28/2017,1:18 PM,DEAKIN ST @ PRINCE OF WALES DR (0001073),1073,03 - At intersection,03 - P.D. only,05 - Turning movement,01 - Clear,01 - Daylight,01 - Dry,01 - Traffic signal,01 - Functioning,2,0,0,0,,0,,,,,367391.0456,5021523.488,45.33086859,-75.70148042,7663
17--364,1/8/2017,2:35 PM,RIVERSIDE DR btwn REVELSTOKE DR & GARDENVIEW PRIV (__3ZA2FF),__3ZA2FF,01 - Non intersection,03 - P.D. only,02 - Angle,01 - Clear,01 - Daylight,01 - Dry,10 - No control,,2,0,0,0,,0,,,,,368242.4778,5024473.799,45.35733839,-75.69024077,7664
17--3640,3/28/2017,10:06 AM,RICHMOND RD @ NORTHSIDE RD E (0010417),10417,03 - At intersection,03 - P.D. only,02 - Angle,01 - Clear,01 - Daylight,02 - Wet,01 - Traffic signal,01 - Functioning,2,0,0,0,,0,,,,,358327.9653,5021224.937,45.32893202,-75.81712807,7665
17--3641,3/28/2017,10:11 PM,MITCH OWENS RD btwn TURN LANE & SALE BARN RD (__3ZA2CS),__3ZA2CS,01 - Non intersection,03 - P.D. only,07 - SMV other,01 - Clear,07 - Dark,01 - Dry,10 - No control,,1,0,0,0,,0,,,,,377964.8903,5016101.324,45.28105972,-75.56739922,7666
17--3642,3/28/2017,10:17 AM,INDUSTRIAL AVE btwn RUSSELL RD & ST. LAURENT BLVD (__3ZA3R7),__3ZA3R7,04 - At/near private drive,03 - P.D. only,02 - Angle,01 - Clear,01 - Daylight,02 - Wet,10 - No control,,2,0,0,0,,0,,,,,372783.7703,5029993.052,45.40657274,-75.63152362,7667
17--3643,3/28/2017,10:45 AM,PRINCE OF WALES DR @ STRANDHERD DR (0013339),13339,02 - Intersection related,03 - P.D. only,99 - Other,01 - Clear,01 - Daylight,01 - Dry,01 - Traffic signal,01 - Functioning,2,0,0,0,,0,,,,,367175.6243,5014822.853,45.27059625,-75.70507145,7668
17--3644,3/28/2017,11:18 PM,ELGIN ST btwn WAVERLEY ST & FRANK ST (__3ZA3RQ),__3ZA3RQ,01 - Non intersection,03 - P.D. only,06 - SMV unattended vehicle,01 - Clear,07 - Dark,01 - Dry,10 - No control,,1,0,0,0,,0,,,,,368345.5777,5030907.528,45.41521789,-75.68809665,7669
17--3645,3/28/2017,11:25 AM,HAWTHORNE RD/RUSSELL RD @ WALKLEY RD (0002618),2618,03 - At intersection,02 - Non-fatal injury,05 - Turning movement,01 - Clear,01 - Daylight,02 - Wet,01 - Traffic signal,01 - Functioning,2,0,0,0,02 - Minor,1,,1,,,374675.0784,5028500.21,45.39295464,-75.60757701,7670
17--3646,3/28/2017,12:05 PM,KENT ST @ SOMERSET ST (0008857),8857,03 - At intersection,03 - P.D. only,05 - Turning movement,01 - Clear,01 - Daylight,02 - Wet,01 - Traffic signal,01 - Functioning,2,0,0,0,,0,,,,,367526.3668,5030815.565,45.41446435,-75.69857414,7671
17--3647,3/28/2017,12:11 PM,STONEHAVEN DR btwn RICHMOND RD & SAWYER WAY/SUMMITVIEW DR (__3ZA5XW),__3ZA5XW,04 - At/near private drive,03 - P.D. only,02 - Angle,01 - Clear,01 - Daylight,02 - Wet,10 - No control,,2,0,0,0,,0,,,,,356736.4871,5015868.28,45.28085164,-75.83799091,7672
17--3648,3/28/2017,12:44 PM,HIGHWAY 417 btwn HWY417 IC115 RAMP51 & HWY417 IC115 RAMP35 (__3ZAZEB),__3ZAZEB,01 - Non intersection,03 - P.D. only,03 - Rear end,01 - Clear,01 - Daylight,01 - Dry,10 - No control,,2,0,0,0,,0,,,,,372392.0053,5031493.492,45.42011096,-75.63632198,7673
17--3649,3/28/2017,12:55 PM,CONROY RD @ HUNT CLUB RD (0002257),2257,02 - Intersection related,03 - P.D. only,03 - Rear end,01 - Clear,01 - Daylight,01 - Dry,01 - Traffic signal,01 - Functioning,2,0,0,0,,0,,,,,373762.991,5025403.062,45.36517828,-75.61965709,7674
17--365,1/8/2017,2:41 PM,MONTREAL RD @ STE. ANNE ST (0009798),9798,02 - Intersection related,02 - Non-fatal injury,03 - Rear end,01 - Clear,01 - Daylight,05 - Packed snow,02 - Stop sign,00 - Unknown,2,0,0,0,02 - Minor,1,,1,,,370707.4591,5033417.722,45.43758508,-75.65758691,7675
17--3650,3/28/2017,12:56 PM,OR174 IC112 RAMP51 btwn REGIONAL ROAD 174 & OR174 IC112 RAMP52 (__3ZAY62),__3ZAY62,01 - Non intersection,03 - P.D. only,07 - SMV other,01 - Clear,01 - Daylight,01 - Dry,10 - No control,,1,0,0,0,,0,,,,,374967.3813,5032878.438,45.43231839,-75.60322099,7676
17--3651,3/28/2017,2:36 PM,CYRVILLE RD btwn STAR TOP RD & MEADOWBROOK RD (__3ZA3SN),__3ZA3SN,01 - Non intersection,03 - P.D. only,03 - Rear end,01 - Clear,01 - Daylight,02 - Wet,10 - No control,,3,0,0,0,,0,,,,,374301.1176,5031328.162,45.41843636,-75.61195393,7677
17--3652,3/28/2017,3:00 PM,CARLING AVE WB btwn CARLING AVE WB RAMP/OTTAWA RIVER PKWY & OTTAWA RIV (__3ZA4V8),__3ZA4V8,01 - Non intersection,03 - P.D. only,04 - Sideswipe,03 - Snow,01 - Daylight,02 - Wet,10 - No control,,2,0,0,0,,0,,,,,360867.1915,5025174.595,45.36427269,-75.78428917,7678
17--3653,3/28/2017,3:00 PM,CARLING AVE WB btwn CARLING AVE WB RAMP/OTTAWA RIVER PKWY & OTTAWA RIV (__3ZA4V8),__3ZA4V8,01 - Non intersection,03 - P.D. only,03 - Rear end,03 - Snow,01 - Daylight,02 - Wet,10 - No control,,2,0,0,0,,0,,,,,360862.544,5025174.804,45.36427494,-75.78434847,7679
17--3654,3/28/2017,3:22 PM,BELFAST RD @ ST. LAURENT BLVD (0007658),7658,02 - Intersection related,03 - P.D. only,03 - Rear end,01 - Clear,01 - Daylight,01 - Dry,01 - Traffic signal,01 - Functioning,3,0,0,0,,0,,,,,372861.4746,5030577.436,45.41182321,-75.6304504,7680
17--3655,3/28/2017,3:24 PM,BAY ST @ LAURIER AVE (0005126),5126,02 - Intersection related,02 - Non-fatal injury,07 - SMV other,01 - Clear,01 - Daylight,01 - Dry,01 - Traffic signal,01 - Functioning,1,0,0,1,03 - Major,1,,,1,,367035.0399,5030998.91,45.41615791,-75.70482783,7681
17--3656,3/28/2017,3:26 PM,PINECREST RD @ THORSON AVE (0002917),2917,02 - Intersection related,03 - P.D. only,99 - Other,01 - Clear,01 - Daylight,01 - Dry,02 - Stop sign,01 - Functioning,2,0,0,0,,0,,,,,360748.7434,5022779.586,45.34273194,-75.78607209,7682
17--3657,3/28/2017,3:47 PM,PRINCE OF WALES DR btwn WELLSMERE CRT & TURN LANE (__3ZA2Y6),__3ZA2Y6,01 - Non intersection,02 - Non-fatal injury,05 - Turning movement,01 - Clear,01 - Daylight,01 - Dry,10 - No control,,2,0,0,0,01 - Minimal,1,1,,,,367391.0594,5022310.21,45.33794738,-75.70138075,7683
17--3658,3/28/2017,4:30 PM,RIVERSIDE DR @ TREMBLAY RD/HWY417 IC117 RAMP52 (0010790),10790,02 - Intersection related,02 - Non-fatal injury,03 - Rear end,01 - Clear,01 - Daylight,01 - Dry,01 - Traffic signal,01 - Functioning,2,0,0,0,02 - Minor,2,1,1,,,370802.8286,5031015.533,45.41596221,-75.65668996,7684
17--3659,3/28/2017,4:55 AM,HWY417 IC131 RAMP55 btwn HIGHWAY 417 & HWY416 IC75B RAMP25 (__3ZAYG7),__3ZAYG7,01 - Non intersection,03 - P.D. only,07 - SMV other,01 - Clear,07 - Dark,01 - Dry,10 - No control,,1,0,0,0,,0,,,,,358416.282,5022774.072,45.34286448,-75.81583363,7685
17--366,1/8/2017,2:48 PM,MARCH RD @ TERRY FOX DR (0003173),3173,02 - Intersection related,03 - P.D. only,03 - Rear end,01 - Clear,01 - Daylight,02 - Wet,01 - Traffic signal,01 - Functioning,2,0,0,0,,0,,,,,349865.467,5023397.792,45.3490783,-75.92488276,7686
17--3660,3/28/2017,5:00 PM,MITCH OWENS RD btwn SALE BARN RD & HAWTHORNE RD (__3ZA2CT),__3ZA2CT,01 - Non intersection,03 - P.D. only,07 - SMV other,01 - Clear,01 - Daylight,01 - Dry,10 - No control,,1,0,0,0,,0,,,,,378959.8683,5016707.94,45.28641352,-75.55462774,7687
17--3661,3/28/2017,5:07 PM,RICHMOND RD @ HOLLY ACRES RD/NANAIMO DR (0001068),1068,03 - At intersection,03 - P.D. only,02 - Angle,01 - Clear,01 - Daylight,01 - Dry,01 - Traffic signal,01 - Functioning,2,0,0,0,,0,,,,,359057.6683,5022748.496,45.34258503,-75.80765267,7688
17--3662,3/28/2017,5:56 PM,ISLAND PARK DR @ RICHMOND RD (0002125),2125,03 - At intersection,03 - P.D. only,05 - Turning movement,02 - Rain,01 - Daylight,02 - Wet,01 - Traffic signal,01 - Functioning,2,0,0,0,,0,,,,,364130.3523,5028867.557,45.39723276,-75.74219393,7689
17--3663,3/28/2017,7:52 AM,BASELINE RD/HERON RD @ PRINCE OF WALES DR (0002345),2345,02 - Intersection related,03 - P.D. only,03 - Rear end,02 - Rain,01 - Daylight,02 - Wet,01 - Traffic signal,01 - Functioning,3,0,0,0,,0,,,,,366875.3787,5026439.201,45.37514503,-75.70744136,7690
17--3664,3/28/2017,8:00 PM,MAPLE GROVE RD @ MONTSERRAT ST/WARMSTONE DR (0013542),13542,02 - Intersection related,03 - P.D. only,07 - SMV other,01 - Clear,07 - Dark,01 - Dry,02 - Stop sign,01 - Functioning,1,0,0,0,,0,,,,,350006.5211,5016472.746,45.28675581,-75.92371475,7691
17--3665,3/28/2017,8:13 AM,BRONSON AVE @ HOLMWOOD AVE (0007215),7215,02 - Intersection related,02 - Non-fatal injury,03 - Rear end,01 - Clear,01 - Daylight,02 - Wet,01 - Traffic signal,00 - Unknown,2,0,0,0,01 - Minimal,1,1,,,,367702.2086,5028728.418,45.39566905,-75.69659397,7692
17--3666,3/28/2017,8:36 AM,TERON RD @ BEAVERBROOK RD/PENFIELD DR N (0002572),2572,03 - At intersection,02 - Non-fatal injury,07 - SMV other,02 - Rain,01 - Daylight,02 - Wet,01 - Traffic signal,01 - Functioning,1,0,0,1,02 - Minor,1,,1,,,351884.5315,5021214.007,45.32929554,-75.89932503,7693
17--3667,3/28/2017,8:58 PM,WOODROFFE AVE btwn NAVAHO DR & Continuation of WOODROFFE AVE (__3ZBOCC),__3ZBOCC,01 - Non intersection,03 - P.D. only,06 - SMV unattended vehicle,01 - Clear,07 - Dark,01 - Dry,10 - No control,,1,0,0,0,,0,,,,,362783.3656,5023359.35,45.34778339,-75.76004369,7694
17--3668,3/28/2017,9:03 AM,INDUSTRIAL AVE btwn TRAINYARDS DR & RUSSELL RD (__3ZA3R9),__3ZA3R9,04 - At/near private drive,02 - Non-fatal injury,02 - Angle,01 - Clear,01 - Daylight,02 - Wet,10 - No control,,2,0,0,0,01 - Minimal,1,1,,,,372004.1569,5030464.467,45.41088961,-75.6414176,7695
17--3669,3/28/2017,9:15 AM,MEDHURST DR btwn NESTOW DR & NESTOW DR (__3ZA0FP),__3ZA0FP,04 - At/near private drive,03 - P.D. only,99 - Other,01 - Clear,01 - Daylight,01 - Dry,10 - No control,,2,0,0,0,,0,,,,,364323.4989,5022127.022,45.33656602,-75.74053922,7696
17--367,1/8/2017,3:33 PM,TIMM DR btwn HAANEL DR & MOODIE DR (__3ZABFM),__3ZABFM,01 - Non intersection,02 - Non-fatal injury,07 - SMV other,01 - Clear,01 - Daylight,02 - Wet,10 - No control,,1,0,0,0,02 - Minor,1,,1,,,355137.1332,5020010.347,45.31823907,-75.85795527,7697
17--3670,3/28/2017,9:28 AM,BANK ST @ FOURTH AVE (0007249),7249,03 - At intersection,03 - P.D. only,02 - Angle,01 - Clear,01 - Daylight,02 - Wet,02 - Stop sign,01 - Functioning,2,0,0,0,,0,,,,,368368.0508,5029476.566,45.40234052,-75.68799406,7698
17--3671,3/28/2017,9:38 PM,TERRY FOX DR S @ DIDSBURY RD/CENTRUM KANATA SC (0011820),11820,03 - At intersection,03 - P.D. only,05 - Turning movement,01 - Clear,07 - Dark,01 - Dry,01 - Traffic signal,01 - Functioning,2,0,0,0,,0,,,,,350620.1181,5018914.691,45.3086894,-75.91566748,7699
17--3672,3/28/2017,9:47 PM,GREENBANK RD @ WEST HUNT CLUB RD (0005167),5167,02 - Intersection related,03 - P.D. only,03 - Rear end,01 - Clear,07 - Dark,01 - Dry,01 - Traffic signal,01 - Functioning,2,0,0,0,,0,,,,,361480.0115,5020503.148,45.32218989,-75.77700225,7700
17--3673,3/28/2017,9:59 PM,HIGHWAY 417 btwn HWY417 IC122 RAMP51 & HWY417 IC122 RAMP15 (__3ZA2R0),__3ZA2R0,01 - Non intersection,03 - P.D. only,03 - Rear end,01 - Clear,07 - Dark,01 - Dry,10 - No control,,2,0,0,0,,0,,,,,365311.6,5028863.105,45.39709161,-75.72710817,7701