Anom_ID,Accident_Date,Accident_Time,Location,Geo_ID,Accident_Location,Classification_of_Accident,Initial_Impact_Type,Environment_Condition,Light,Road_Surface_Condition,Traffic_Control,Traffic_Control_Condition,No__of_Vehicles,No__of_Bicycles,No__of_Motorcycles,No__of_Pedestrians,Max_Injury,No__of_Injuries,No__of_Minimal,No__of_Minor,No__of_Major,No__of_Fatal,X,Y,Latitude,Longitude,ObjectId
17--3674,3/29/2017,1:24 PM,KNOXDALE RD btwn 33 E OF CAROLA ST & BERTONA ST (__3ZA3I6B),__3ZA3I6B,01 - Non intersection,02 - Non-fatal injury,07 - SMV other,01 - Clear,01 - Daylight,01 - Dry,10 - No control,,1,0,0,1,01 - Minimal,1,1,,,,362743.9886,5021441.47,45.33052968,-75.76077076,7702
17--3675,3/29/2017,11:27 AM,MONTREAL RD btwn MONTREAL SQUARE SC & CENTER ST (__3ZA3AWB),__3ZA3AWB,01 - Non intersection,03 - P.D. only,04 - Sideswipe,01 - Clear,01 - Daylight,01 - Dry,10 - No control,,2,0,0,0,,0,,,,,371794.6178,5033938.879,45.44217088,-75.64362172,7703
17--3676,3/29/2017,Unknown,RICHMOND RD btwn ROOSEVELT AVE & WINSTON AVE (__3ZA26V),__3ZA26V,01 - Non intersection,03 - P.D. only,06 - SMV unattended vehicle,01 - Clear,00 - Unknown,01 - Dry,10 - No control,,1,0,0,0,,0,,,,,362997.0477,5028130.527,45.39069619,-75.75675494,7704
17--3677,3/29/2017,Unknown,GUIGUES AVE btwn CUMBERLAND ST & KING EDWARD AVE (__3ZA7CO),__3ZA7CO,01 - Non intersection,03 - P.D. only,06 - SMV unattended vehicle,01 - Clear,00 - Unknown,01 - Dry,10 - No control,,1,0,0,0,,0,,,,,368140.8314,5032863.306,45.43283387,-75.69046089,7705
17--3678,3/29/2017,Unknown,TRIOLE ST btwn BELFAST RD & END (__3ZA79Y),__3ZA79Y,01 - Non intersection,03 - P.D. only,06 - SMV unattended vehicle,01 - Clear,00 - Unknown,01 - Dry,10 - No control,,1,0,0,0,,0,,,,,373001.7746,5030573.513,45.41177425,-75.62865868,7706
17--3875,4/4/2017,8:05 AM,IRIS ST @ PARKWAY DR (0002869),2869,02 - Intersection related,03 - P.D. only,02 - Angle,02 - Rain,01 - Daylight,02 - Wet,02 - Stop sign,01 - Functioning,2,0,0,0,,0,,,,,361918.0137,5024166.844,45.35512018,-75.77099272,7707
17--3679,3/29/2017,12:52 PM,ROLAND MICHENER DR btwn EARL GREY DR & END (__3ZA1UP),__3ZA1UP,04 - At/near private drive,03 - P.D. only,04 - Sideswipe,01 - Clear,01 - Daylight,01 - Dry,10 - No control,,2,0,0,0,,0,,,,,350847.3232,5018916.65,45.30869217,-75.91276996,7708
17--368,1/8/2017,3:53 AM,REGIONAL ROAD 174 btwn OR174 IC105 RAMP63 & OR174 IC102 RAMP36 (__3ZA27F),__3ZA27F,01 - Non intersection,03 - P.D. only,07 - SMV other,01 - Clear,07 - Dark,01 - Dry,10 - No control,,1,0,0,0,,0,,,,,379767.4073,5037233.703,45.47100572,-75.54121851,7709
17--3680,3/29/2017,2:24 PM,GREENBANK RD @ MALVERN DR/FOXFIELD DR (0009821),9821,03 - At intersection,03 - P.D. only,05 - Turning movement,01 - Clear,01 - Daylight,01 - Dry,01 - Traffic signal,02 - Not functioning,2,0,0,0,,0,,,,,363312.0209,5016195.102,45.28327586,-75.75414398,7710
17--3681,3/29/2017,3:25 PM,HIGHWAY 417 btwn HWY417 IC119A RAMP75 & HWY417 IC118 RAMP57 (__3ZA2R2),__3ZA2R2,01 - Non intersection,03 - P.D. only,03 - Rear end,01 - Clear,01 - Daylight,01 - Dry,10 - No control,,7,0,0,0,,0,,,,,368695.7334,5030561.522,45.41207276,-75.68366813,7711
17--3682,3/29/2017,3:33 PM,GREENBANK RD @ WEST HUNT CLUB RD (0005167),5167,02 - Intersection related,03 - P.D. only,03 - Rear end,01 - Clear,01 - Daylight,01 - Dry,01 - Traffic signal,01 - Functioning,2,0,0,0,,0,,,,,361478.1761,5020502.854,45.32218739,-75.77702569,7712
17--3683,3/29/2017,4:00 PM,INDUSTRIAL AVE @ ALTA VISTA DR/SANDFORD FLEMIN (0006979),6979,02 - Intersection related,03 - P.D. only,04 - Sideswipe,01 - Clear,01 - Daylight,01 - Dry,01 - Traffic signal,01 - Functioning,2,0,0,0,,0,,,,,370885.7271,5030556.901,45.4118278,-75.65569239,7713
17--3684,3/29/2017,4:11 PM,MERIVALE RD btwn MEADOWLANDS DR & 210 S OF MEADOWLANDS DR/MERIVALE PL  (__3ZBPLPA),__3ZBPLPA,04 - At/near private drive,03 - P.D. only,02 - Angle,01 - Clear,01 - Daylight,01 - Dry,10 - No control,,2,0,0,0,,0,,,,,364886.4591,5023664.641,45.35035334,-75.73317028,7714
17--3685,3/29/2017,4:39 PM,INNES RD btwn HWY417 IC112 RAMP66 & CYRVILLE RD (__3ZA3RCB),__3ZA3RCB,01 - Non intersection,03 - P.D. only,04 - Sideswipe,01 - Clear,01 - Daylight,01 - Dry,10 - No control,,2,0,0,0,,0,,,,,375000.5675,5031088.126,45.41620682,-75.60305204,7715
17--3686,3/29/2017,4:57 PM,HAWTHORNE RD/RUSSELL RD @ WALKLEY RD (0002618),2618,02 - Intersection related,03 - P.D. only,03 - Rear end,01 - Clear,01 - Daylight,01 - Dry,01 - Traffic signal,01 - Functioning,2,0,0,0,,0,,,,,374674.093,5028499.039,45.3929442,-75.60758976,7716
17--3687,3/29/2017,5:00 PM,ST. LAURENT BLVD @ WALKLEY RD (0007653),7653,02 - Intersection related,03 - P.D. only,03 - Rear end,01 - Clear,01 - Daylight,01 - Dry,01 - Traffic signal,01 - Functioning,2,0,0,0,,0,,,,,373903.5006,5028046.48,45.38894875,-75.61749372,7717
17--3688,3/29/2017,5:15 PM,HIGHWAY 416 btwn HWY416 IC66 RAMP62 & HWY416 IC72 RAMP24 (__3ZAZMZ),__3ZAZMZ,01 - Non intersection,02 - Non-fatal injury,07 - SMV other,01 - Clear,01 - Daylight,01 - Dry,10 - No control,,1,0,0,0,03 - Major,1,,,1,,360307.2961,5017829.394,45.29822503,-75.79225949,7718
17--3689,3/29/2017,5:29 PM,NAVAN RD @ TENTH LINE RD (0004718),4718,02 - Intersection related,03 - P.D. only,03 - Rear end,01 - Clear,01 - Daylight,01 - Dry,01 - Traffic signal,01 - Functioning,2,0,0,0,,0,,,,,385757.4531,5031833.202,45.42174848,-75.46551065,7719
17--369,1/8/2017,4:02 PM,COBOURG ST @ RIDEAU ST (0008860),8860,02 - Intersection related,03 - P.D. only,03 - Rear end,01 - Clear,01 - Daylight,02 - Wet,01 - Traffic signal,01 - Functioning,2,0,0,0,,0,,,,,369127.7595,5032788.285,45.43206878,-75.67785837,7720
17--3690,3/29/2017,5:32 PM,COLONEL BY DR @ MAIN ST (0002626),2626,02 - Intersection related,02 - Non-fatal injury,03 - Rear end,01 - Clear,01 - Daylight,01 - Dry,02 - Stop sign,01 - Functioning,2,0,0,0,01 - Minimal,2,2,,,,368860.0382,5030913.906,45.41522837,-75.68152338,7721
17--3691,3/29/2017,5:34 PM,BELLEVUE AVE @ LAPERRIERE AVE (0002680),2680,02 - Intersection related,02 - Non-fatal injury,03 - Rear end,01 - Clear,05 - Dusk,01 - Dry,02 - Stop sign,00 - Unknown,2,0,0,0,01 - Minimal,1,1,,,,363870.4439,5026551.918,45.376419,-75.7457905,7722
17--3692,3/29/2017,5:38 PM,O'CONNOR ST @ WELLINGTON ST (0002234),2234,03 - At intersection,03 - P.D. only,05 - Turning movement,01 - Clear,01 - Daylight,01 - Dry,01 - Traffic signal,01 - Functioning,2,0,0,0,,0,,,,,367414.0337,5031721.914,45.42262946,-75.69989405,7723
17--3693,3/29/2017,5:56 PM,HUNT CLUB RD @ RIVERSIDE DR (0002237),2237,02 - Intersection related,03 - P.D. only,04 - Sideswipe,01 - Clear,01 - Daylight,01 - Dry,01 - Traffic signal,01 - Functioning,2,0,0,0,,0,,,,,368037.0375,5021947.505,45.3346259,-75.69318568,7724
17--3694,3/29/2017,6:23 PM,SPRINGFIELD RD btwn BERTRAND ST & SCHOOLHOUSE PRIV (__3ZAZ3D),__3ZAZ3D,04 - At/near private drive,03 - P.D. only,02 - Angle,01 - Clear,07 - Dark,01 - Dry,10 - No control,,2,0,0,0,,0,,,,,369214.4983,5033768.953,45.44088445,-75.6766216,7725
17--4077,4/11/2017,10:41 PM,FORESTGLADE CRES btwn PICASSO DR & NOBLETON AVE (__3ZA47M),__3ZA47M,01 - Non intersection,03 - P.D. only,06 - SMV unattended vehicle,01 - Clear,07 - Dark,01 - Dry,10 - No control,,1,0,0,0,,0,,,,,375172.7676,5026380.027,45.37382844,-75.6015237,7726
17--3876,4/4/2017,8:05 AM,CARLING AVE @ KIRKWOOD AVE S (0002209),2209,02 - Intersection related,02 - Non-fatal injury,03 - Rear end,02 - Rain,01 - Daylight,02 - Wet,01 - Traffic signal,00 - Unknown,2,0,0,0,01 - Minimal,1,1,,,,364351.9069,5027334.982,45.38342412,-75.73954929,7727
17--4078,4/11/2017,11:04 AM,CITRINE ST btwn NACARAT ST & TRIGORIA CRES (e___2HQP),e___2HQP,04 - At/near private drive,03 - P.D. only,06 - SMV unattended vehicle,02 - Rain,01 - Daylight,02 - Wet,10 - No control,,1,0,0,0,,0,,,,,383540.1607,5035050.283,45.4509461,-75.4933246,7728
17--3877,4/4/2017,8:15 PM,AARON AVE btwn CARLING AVE & LENESTER AVE (__3ZAAEO),__3ZAAEO,01 - Non intersection,03 - P.D. only,06 - SMV unattended vehicle,02 - Rain,05 - Dusk,02 - Wet,10 - No control,,1,0,0,0,,0,,,,,362166.075,5025847.421,45.37022162,-75.76763184,7729
17--4079,4/11/2017,11:55 AM,CHARLEMAGNE BLVD @ VALIN ST (0004813),4813,03 - At intersection,03 - P.D. only,07 - SMV other,01 - Clear,01 - Daylight,01 - Dry,02 - Stop sign,01 - Functioning,1,0,0,0,,0,,,,,384705.4213,5037593.901,45.47369893,-75.47801594,7730
17--3878,4/4/2017,8:41 AM,ROBERTSON RD btwn HAANEL DR & MILL HILL RD (__3ZA41V),__3ZA41V,01 - Non intersection,02 - Non-fatal injury,07 - SMV other,02 - Rain,01 - Daylight,02 - Wet,10 - No control,,1,0,0,0,02 - Minor,1,,1,,,355177.7947,5019304.616,45.31188588,-75.85750843,7731
17--408,1/9/2017,6:30 PM,OGILVIE RD @ BATHGATE DR/CITYPARK DR W (0012430),12430,02 - Intersection related,03 - P.D. only,04 - Sideswipe,01 - Clear,07 - Dark,04 - Slush,01 - Traffic signal,01 - Functioning,2,0,0,0,,0,,,,,373831.049,5032801.84,45.43174229,-75.61775295,7732
17--3879,4/4/2017,9:11 AM,TERRY FOX DR N @ FLAMBOROUGH WAY/INNOVATION DR (0011795),11795,03 - At intersection,02 - Non-fatal injury,05 - Turning movement,02 - Rain,01 - Daylight,02 - Wet,01 - Traffic signal,01 - Functioning,5,0,0,0,01 - Minimal,2,2,,,,349387.2708,5022956.99,45.34514243,-75.93102485,7733
17--4080,4/11/2017,Unknown,CRESTVIEW RD btwn RONALD AVE & HIGHRIDGE AVE (__3ZBOSF),__3ZBOSF,01 - Non intersection,03 - P.D. only,06 - SMV unattended vehicle,"07 - Fog, mist, smoke, dust",00 - Unknown,01 - Dry,10 - No control,,1,0,0,0,,0,,,,,371090.0342,5028866.605,45.39659987,-75.65330969,7734
17--388,1/9/2017,10:43 AM,CORDOVA ST @ EPWORTH AVE (0001956),1956,02 - Intersection related,03 - P.D. only,07 - SMV other,01 - Clear,01 - Daylight,03 - Loose snow,02 - Stop sign,00 - Unknown,1,0,0,0,,0,,,,,364043.9794,5023671.789,45.35048934,-75.74392029,7735
17--4081,4/11/2017,12:00 PM,MARCH RD @ TERON RD (0011926),11926,02 - Intersection related,03 - P.D. only,04 - Sideswipe,01 - Clear,01 - Daylight,01 - Dry,01 - Traffic signal,01 - Functioning,2,0,0,0,,0,,,,,351412.5082,5021780.064,45.33442055,-75.90529318,7736
17--3880,4/4/2017,9:30 AM,LAURIER AVE   W btwn BANK ST & O'CONNOR ST (__3ZA34B),__3ZA34B,01 - Non intersection,03 - P.D. only,06 - SMV unattended vehicle,02 - Rain,01 - Daylight,02 - Wet,10 - No control,,1,0,0,0,,0,,,,,367491.7371,5031271.608,45.41857079,-75.69895853,7737
17--4082,4/11/2017,12:10 PM,HIGHWAY 416 btwn HWY416 IC66 RAMP34 & HWY416 IC72 RAMP53 (__3ZAZM6),__3ZAZM6,01 - Non intersection,03 - P.D. only,07 - SMV other,01 - Clear,01 - Daylight,01 - Dry,10 - No control,,1,0,0,0,,0,,,,,360238.8534,5017746.414,45.29748378,-75.79314137,7738
17--3881,4/4/2017,9:36 PM,RIVERSIDE DR @ 175 S OF HUNT CLUB  RD/RUNWAY C (0011890),11890,03 - At intersection,02 - Non-fatal injury,02 - Angle,02 - Rain,07 - Dark,02 - Wet,01 - Traffic signal,01 - Functioning,2,0,0,0,01 - Minimal,1,1,,,,368026.9715,5021766.3,45.33299636,-75.69333724,7739
17--4083,4/11/2017,2:46 PM,MERIVALE RD btwn CLYDE AVE & GILBEY DR (__3ZA4HD),__3ZA4HD,01 - Non intersection,02 - Non-fatal injury,03 - Rear end,01 - Clear,01 - Daylight,01 - Dry,10 - No control,,2,0,0,0,01 - Minimal,1,1,,,,364543.0065,5024518.755,45.35806789,-75.73744986,7740
17--3882,4/4/2017,9:47 AM,BRONSON AVE btwn RENFREW AVE & POWELL AVE (__3ZA3BZ),__3ZA3BZ,01 - Non intersection,03 - P.D. only,04 - Sideswipe,02 - Rain,01 - Daylight,02 - Wet,10 - No control,,2,0,0,0,,0,,,,,367368.4173,5029528.82,45.40290075,-75.7007553,7741
17--4084,4/11/2017,3:18 PM,RIVERSIDE DR @ TREMBLAY RD/HWY417 IC117 RAMP52 (0010790),10790,02 - Intersection related,03 - P.D. only,04 - Sideswipe,01 - Clear,01 - Daylight,01 - Dry,01 - Traffic signal,00 - Unknown,2,0,0,0,,0,,,,,370803.0814,5031016.577,45.41597158,-75.6566866,7742
17--4085,4/11/2017,3:30 PM,HIGHWAY 417 btwn HWY417 IC124 RAMP76 & HWY417 IC124 RAMP67 (__3ZA2R7),__3ZA2R7,01 - Non intersection,03 - P.D. only,03 - Rear end,01 - Clear,01 - Daylight,01 - Dry,10 - No control,,3,0,0,0,,0,,,,,364459.9185,5027580.185,45.38562123,-75.73814052,7743
17--4086,4/11/2017,3:33 PM,MITCH OWENS RD @ STAGECOACH RD (0003576),3576,02 - Intersection related,03 - P.D. only,03 - Rear end,01 - Clear,01 - Daylight,01 - Dry,01 - Traffic signal,01 - Functioning,2,0,0,0,,0,,,,,375400.758,5014484.458,45.26677386,-75.60030889,7744
17--4087,4/11/2017,3:57 PM,ST. LAURENT BLVD btwn MCARTHUR AVE & DONALD ST (__3ZBOF4),__3ZBOF4,01 - Non intersection,02 - Non-fatal injury,03 - Rear end,01 - Clear,01 - Daylight,01 - Dry,10 - No control,,2,0,0,0,02 - Minor,2,,2,,,372087.3584,5032493.99,45.42914235,-75.64007759,7745
17--4088,4/11/2017,3:58 PM,TYRRELL PL @ MOODIE DR (0010386),10386,03 - At intersection,03 - P.D. only,02 - Angle,01 - Clear,01 - Daylight,01 - Dry,01 - Traffic signal,01 - Functioning,2,0,0,0,,0,,,,,357327.3126,5019856.062,45.31669036,-75.830038,7746
17--4089,4/11/2017,4:19 PM,HAZELDEAN RD @ TERRY FOX DR (0003682),3682,02 - Intersection related,03 - P.D. only,03 - Rear end,01 - Clear,01 - Daylight,01 - Dry,01 - Traffic signal,01 - Functioning,2,0,0,0,,0,,,,,352208.6143,5017241.113,45.2935247,-75.89557093,7747
17--409,1/9/2017,6:33 PM,MERIVALE RD @ ROSSLAND AVE (0001757),1757,03 - At intersection,03 - P.D. only,02 - Angle,03 - Snow,07 - Dark,06 - Ice,02 - Stop sign,01 - Functioning,2,0,0,0,,0,,,,,364672.4624,5024147.81,45.35471914,-75.73584258,7748
17--4090,4/11/2017,5:23 PM,DU GOUVERNEUR DR @ GAUTHIER ST (0009829),9829,02 - Intersection related,03 - P.D. only,07 - SMV other,01 - Clear,01 - Daylight,01 - Dry,02 - Stop sign,01 - Functioning,1,0,0,0,,0,,,,,388676.7211,5040869.437,45.50270282,-75.42667247,7749
17--4091,4/11/2017,5:43 PM,MEADOWLANDS DR/TALLWOOD DR @ WOODROFFE AVE (0000095),95,02 - Intersection related,03 - P.D. only,03 - Rear end,01 - Clear,01 - Daylight,01 - Dry,01 - Traffic signal,01 - Functioning,2,0,0,0,,0,,,,,363057.0241,5022729.157,45.34209029,-75.7566259,7750
17--4092,4/11/2017,6:15 AM,CHAMPLAIN BRIDGE/ISLAND PARK DR @ BATE ISLAND (0010849),10849,02 - Intersection related,03 - P.D. only,05 - Turning movement,01 - Clear,01 - Daylight,01 - Dry,02 - Stop sign,00 - Unknown,2,1,0,0,,0,,,,,362965.8686,5030054.708,45.40801225,-75.75692618,7751
17--4093,4/11/2017,6:21 PM,MARCH RD btwn CAMPEAU DR/HWY 417 MARCH IC138R63 & HWY417 IC138 RAMP36 (__33IVBV),__33IVBV,01 - Non intersection,03 - P.D. only,03 - Rear end,01 - Clear,01 - Daylight,01 - Dry,10 - No control,,2,0,0,0,,0,,,,,352846.8801,5020461.948,45.32246314,-75.88712167,7752
17--4094,4/11/2017,6:59 PM,DUNROBIN RD @ MARCH RD (0003175),3175,03 - At intersection,03 - P.D. only,05 - Turning movement,01 - Clear,01 - Daylight,01 - Dry,01 - Traffic signal,01 - Functioning,2,0,0,0,,0,,,,,347174.2664,5026066.205,45.37325712,-75.95899699,7753
17--4095,4/11/2017,7:19 AM,BRONSON AVE btwn SLATER ST & LAURIER AVE W (__3ZA33Y),__3ZA33Y,01 - Non intersection,03 - P.D. only,04 - Sideswipe,01 - Clear,01 - Daylight,02 - Wet,10 - No control,,2,0,0,0,,0,,,,,366772.3843,5030938.534,45.41563797,-75.70819103,7754
17--4096,4/11/2017,7:40 PM,HWY417 IC104 RAMP61 btwn ANDERSON RD & HIGHWAY 417 (__3ZAY0E),__3ZAY0E,01 - Non intersection,03 - P.D. only,07 - SMV other,"07 - Fog, mist, smoke, dust",07 - Dark,01 - Dry,10 - No control,,1,0,0,0,,0,,,,,380156.7502,5026186.78,45.37157149,-75.53792948,7755
17--4097,4/11/2017,7:50 AM,VICTORIA ST btwn YORKS CORNERS RD & CARTWRIGHT RD (__3ZA3XA),__3ZA3XA,01 - Non intersection,03 - P.D. only,07 - SMV other,01 - Clear,01 - Daylight,01 - Dry,10 - No control,,1,0,0,0,,0,,,,,390086.4817,5014085.375,45.26155586,-75.41326278,7756
17--4098,4/11/2017,8:09 PM,FALLOWFIELD RD @ 482 E OF HOLITMAN DR/BARRHAVE (0010441),10441,03 - At intersection,03 - P.D. only,05 - Turning movement,01 - Clear,07 - Dark,01 - Dry,01 - Traffic signal,01 - Functioning,2,0,0,0,,0,,,,,364167.7597,5017377.73,45.29384537,-75.74309526,7757
17--4099,4/11/2017,8:20 AM,NORICE ST @ WOODROFFE AVE (0001542),1542,02 - Intersection related,03 - P.D. only,03 - Rear end,02 - Rain,01 - Daylight,02 - Wet,01 - Traffic signal,00 - Unknown,2,0,0,0,,0,,,,,363195.6873,5022397.492,45.33909446,-75.75489582,7758
17--41,1/2/2017,9:47 AM,CHAPEL ST btwn OSGOODE ST & SOMERSET ST E (__3ZA8JQ),__3ZA8JQ,01 - Non intersection,03 - P.D. only,06 - SMV unattended vehicle,01 - Clear,01 - Daylight,03 - Loose snow,10 - No control,,1,0,0,0,,0,,,,,369247.5839,5032053.677,45.42544802,-75.67642325,7759
17--410,1/9/2017,6:37 PM,NAVAN RD btwn DIAMOND WAY & TENTH LINE RD (__3ZA3YY),__3ZA3YY,01 - Non intersection,03 - P.D. only,07 - SMV other,01 - Clear,07 - Dark,01 - Dry,10 - No control,,1,0,0,0,,0,,,,,385592.4669,5031866.588,45.42206793,-75.46761306,7760
17--4100,4/11/2017,8:50 PM,KING EDWARD AVE NB btwn RAMP & CATHCART ST (__7TR60M),__7TR60M,01 - Non intersection,02 - Non-fatal injury,07 - SMV other,01 - Clear,07 - Dark,02 - Wet,10 - No control,,1,0,0,1,02 - Minor,1,,1,,,368048.1158,5033210.112,45.4359627,-75.69160118,7761
17--4101,4/11/2017,9:30 AM,IONA ST @ ISLAND PARK DR (0006683),6683,02 - Intersection related,03 - P.D. only,99 - Other,02 - Rain,01 - Daylight,02 - Wet,01 - Traffic signal,01 - Functioning,2,0,0,0,,0,,,,,364349.7044,5028385.55,45.39287713,-75.73945065,7762
17--4102,4/11/2017,9:54 AM,VANIER PKWY SB btwn BEECHWOOD AVE/ ST. PATRICK ST/CRICHTON ST & DESCHA (__3ZA2TO),__3ZA2TO,01 - Non intersection,03 - P.D. only,03 - Rear end,01 - Clear,01 - Daylight,02 - Wet,10 - No control,,2,0,0,0,,0,,,,,369561.6722,5033371.295,45.43727442,-75.67223663,7763
17--4103,4/12/2017,1:06 PM,ST. LAURENT BLVD btwn HWY417 IC115 RAMP25 & TREMBLAY RD (__3ZA3SJ),__3ZA3SJ,01 - Non intersection,03 - P.D. only,03 - Rear end,01 - Clear,01 - Daylight,01 - Dry,10 - No control,,4,0,0,0,,0,,,,,372581.0974,5031278.24,45.41815593,-75.63393568,7764
17--4104,4/12/2017,1:07 PM,WELLINGTON ST    W btwn SPADINA AVE & BAYVIEW RD (__3ZAAKI),__3ZAAKI,04 - At/near private drive,03 - P.D. only,02 - Angle,01 - Clear,01 - Daylight,01 - Dry,10 - No control,,2,0,0,0,,0,,,,,365742.4626,5029983.282,45.40713332,-75.72146701,7765
17--4105,4/12/2017,1:17 PM,HARDING RD @ WALKLEY RD (0007652),7652,03 - At intersection,02 - Non-fatal injury,02 - Angle,01 - Clear,01 - Daylight,01 - Dry,01 - Traffic signal,01 - Functioning,2,0,0,0,01 - Minimal,1,1,,,,373149.0652,5027609.204,45.38508836,-75.62718788,7766
17--4106,4/12/2017,10:01 PM,HWY416 IC75A RAMP26 btwn HIGHWAY 417 & HIGHWAY 416 (__3ZAY4Y),__3ZAY4Y,01 - Non intersection,03 - P.D. only,04 - Sideswipe,01 - Clear,07 - Dark,01 - Dry,10 - No control,,2,0,0,0,,0,,,,,357872.159,5022786.944,45.34302168,-75.822775,7767
17--4107,4/12/2017,10:44 AM,PRESTONE DR btwn LEFEBVRE WAY & HATFIELD CRES (__3ZA6CK),__3ZA6CK,01 - Non intersection,01 - Fatal injury,07 - SMV other,01 - Clear,01 - Daylight,01 - Dry,10 - No control,,1,0,0,1,04 - Fatal,1,,,,1,382895.9225,5037647.697,45.47438764,-75.50114715,7768
17--4108,4/12/2017,Unknown,PRINCE ALBERT ST btwn FRANCES ST & ISIDORE ST (__3ZA8J0),__3ZA8J0,01 - Non intersection,03 - P.D. only,06 - SMV unattended vehicle,01 - Clear,00 - Unknown,01 - Dry,10 - No control,,1,0,0,0,,0,,,,,371613.8542,5032027.485,45.42499034,-75.64619151,7769
17--4109,4/12/2017,2:02 PM,LEDBURY AVE btwn BANK ST & BANFF AVE (__3ZA9G8),__3ZA9G8,01 - Non intersection,03 - P.D. only,06 - SMV unattended vehicle,01 - Clear,01 - Daylight,01 - Dry,10 - No control,,1,0,0,0,,0,,,,,370753.8924,5025336.212,45.36486637,-75.65807422,7770
17--411,1/9/2017,6:39 AM,NAVAHO DR @ WOODROFFE AVE/TRANSITWAY N BASELIN (0010359),10359,03 - At intersection,03 - P.D. only,05 - Turning movement,01 - Clear,07 - Dark,04 - Slush,01 - Traffic signal,01 - Functioning,2,0,0,0,,0,,,,,362706.9924,5023492.426,45.34898711,-75.76100266,7771
17--4110,4/12/2017,2:20 AM,HWY417 IC110 RAMP54 btwn HWY417 IC110 RAMP58 & HIGHWAY 417 (__3ZAYAO),__3ZAYAO,01 - Non intersection,03 - P.D. only,07 - SMV other,01 - Clear,07 - Dark,02 - Wet,10 - No control,,1,0,0,0,,0,,,,,375702.3221,5029336.174,45.40037295,-75.59433885,7772
17--4111,4/12/2017,2:53 PM,MONTREAL RD @ MONTFORT HOSPITAL (0011388),11388,02 - Intersection related,03 - P.D. only,04 - Sideswipe,01 - Clear,01 - Daylight,01 - Dry,01 - Traffic signal,01 - Functioning,2,0,0,0,,0,,,,,372223.4282,5034144.913,45.44398345,-75.63811272,7773
17--4112,4/12/2017,3:20 PM,BURLAND ST btwn WALTER ST & CARLING AVE (__3ZABUB),__3ZABUB,01 - Non intersection,03 - P.D. only,06 - SMV unattended vehicle,02 - Rain,01 - Daylight,02 - Wet,10 - No control,,1,0,0,0,,0,,,,,359238.8676,5024257.956,45.35615313,-75.80517451,7774
17--4113,4/12/2017,3:21 PM,CATHERINE ST @ KENT ST (0002707),2707,03 - At intersection,03 - P.D. only,02 - Angle,01 - Clear,01 - Daylight,01 - Dry,01 - Traffic signal,01 - Functioning,2,0,0,0,,0,,,,,367907.7071,5030188.565,45.40878852,-75.69378269,7775
17--4114,4/12/2017,3:50 PM,CARLING AVE @ CARLINGWOOD SC (0008881),8881,02 - Intersection related,02 - Non-fatal injury,04 - Sideswipe,01 - Clear,01 - Daylight,01 - Dry,01 - Traffic signal,00 - Unknown,2,0,1,0,02 - Minor,1,,1,,,362074.0154,5025919.697,45.37087949,-75.76879865,7776
17--4115,4/12/2017,4:00 AM,BURNSIDE AVE btwn PARKDALE AVE & FORWARD AVE (__3ZA0V8),__3ZA0V8,01 - Non intersection,03 - P.D. only,06 - SMV unattended vehicle,01 - Clear,07 - Dark,01 - Dry,10 - No control,,1,0,0,0,,0,,,,,364822.1726,5030112.769,45.40837794,-75.73320678,7777
17--4116,4/12/2017,4:15 PM,NORICE ST @ WOODROFFE AVE (0001542),1542,02 - Intersection related,02 - Non-fatal injury,03 - Rear end,02 - Rain,01 - Daylight,02 - Wet,01 - Traffic signal,01 - Functioning,3,0,0,0,02 - Minor,1,,1,,,363195.6873,5022396.823,45.33908844,-75.7548959,7778
17--4117,4/12/2017,4:28 PM,MAIN ST btwn HAZEL ST & HERRIDGE ST (__3ZA3B7),__3ZA3B7,01 - Non intersection,03 - P.D. only,04 - Sideswipe,01 - Clear,01 - Daylight,01 - Dry,10 - No control,,2,0,0,0,,0,,,,,369187.3822,5030130.504,45.40814955,-75.67744377,7779
17--4118,4/12/2017,5:00 PM,CARP RD btwn KITTIWAKE DR & HAZELDEAN RD (__3ZA3DY),__3ZA3DY,04 - At/near private drive,02 - Non-fatal injury,05 - Turning movement,01 - Clear,01 - Daylight,01 - Dry,10 - No control,,2,0,0,0,01 - Minimal,2,2,,,,348702.8772,5014459.734,45.26872465,-75.94051063,7780
17--4119,4/12/2017,5:12 PM,WOODROFFE AVE btwn GEORGINA DR & HWY417 IC127 RAMP36 (__3ZA4L6),__3ZA4L6,01 - Non intersection,03 - P.D. only,03 - Rear end,01 - Clear,01 - Daylight,01 - Dry,10 - No control,,3,0,0,0,,0,,,,,361995.0666,5025159.412,45.36404495,-75.7698945,7781
17--412,1/9/2017,6:40 AM,HIGHWAY 417 btwn HWY417 IC131 RAMP53 & HWY417 IC131 RAMP51 (__3ZA1MU),__3ZA1MU,01 - Non intersection,03 - P.D. only,03 - Rear end,01 - Clear,07 - Dark,01 - Dry,10 - No control,,3,0,0,0,,0,,,,,357831.0375,5022723.587,45.3424547,-75.82330648,7782
17--4120,4/12/2017,5:26 PM,PARKDALE AVE @ HWY 417 PARKDAL IC122R15/HWY 41 (0002363),2363,03 - At intersection,03 - P.D. only,02 - Angle,01 - Clear,01 - Daylight,01 - Dry,01 - Traffic signal,01 - Functioning,2,0,0,0,,0,,,,,365337.7015,5028844.886,45.39692542,-75.72677705,7783