Anom_ID,Accident_Date,Accident_Time,Location,Geo_ID,Accident_Location,Classification_of_Accident,Initial_Impact_Type,Environment_Condition,Light,Road_Surface_Condition,Traffic_Control,Traffic_Control_Condition,No__of_Vehicles,No__of_Bicycles,No__of_Motorcycles,No__of_Pedestrians,Max_Injury,No__of_Injuries,No__of_Minimal,No__of_Minor,No__of_Major,No__of_Fatal,X,Y,Latitude,Longitude,ObjectId
17--4121,4/12/2017,5:30 PM,ST. JOSEPH BLVD @ JEANNE D'ARC BLVD (0012421),12421,02 - Intersection related,03 - P.D. only,03 - Rear end,01 - Clear,01 - Daylight,01 - Dry,11 - Roundabout,01 - Functioning,2,0,0,0,,0,,,,,379861.077,5036470.243,45.46412664,-75.54013731,7784
17--4122,4/12/2017,5:31 PM,HIGHWAY 417 btwn HWY417 IC117 RAMP36 & HWY417 IC117 RAMP26 (__3ZAZE0),__3ZAZE0,01 - Non intersection,03 - P.D. only,04 - Sideswipe,01 - Clear,01 - Daylight,02 - Wet,10 - No control,,2,0,0,0,,0,,,,,370459.9633,5031147.41,45.41718105,-75.66105267,7785
17--4123,4/12/2017,5:34 PM,JOHNSTON RD @ MACOUN CIRC (0013737),13737,02 - Intersection related,03 - P.D. only,03 - Rear end,01 - Clear,01 - Daylight,01 - Dry,02 - Stop sign,01 - Functioning,2,0,0,0,,0,,,,,372130.42,5025598.581,45.3670962,-75.64046855,7786
17--4124,4/12/2017,6:13 PM,AERO DR @ HOLLY ACRES RD (0001088),1088,03 - At intersection,03 - P.D. only,04 - Sideswipe,01 - Clear,01 - Daylight,01 - Dry,01 - Traffic signal,01 - Functioning,2,0,0,0,,0,,,,,358341.224,5023230.015,45.34697281,-75.81674198,7787
17--4125,4/12/2017,6:49 PM,AIRPORT PKWY btwn RAMP & RAMP (1) (__3ZA223),__3ZA223,01 - Non intersection,03 - P.D. only,04 - Sideswipe,02 - Rain,05 - Dusk,02 - Wet,10 - No control,,2,0,0,0,,0,,,,,369001.0803,5026165.474,45.37249057,-75.68033941,7788
17--4126,4/12/2017,6:51 PM,CLARIDGE DR btwn BEATRICE DR & SLEAFORD GT (__31EM6X),__31EM6X,01 - Non intersection,03 - P.D. only,06 - SMV unattended vehicle,01 - Clear,01 - Daylight,01 - Dry,10 - No control,,1,0,0,0,,0,,,,,365198.8609,5016528.375,45.28611504,-75.73005391,7789
17--4127,4/12/2017,7:30 PM,INNES RD @ TENTH LINE RD (0004633),4633,02 - Intersection related,03 - P.D. only,03 - Rear end,01 - Clear,05 - Dusk,01 - Dry,01 - Traffic signal,01 - Functioning,2,0,0,0,,0,,,,,383951.4259,5036160.23,45.46088594,-75.48788884,7790
17--4128,4/12/2017,7:43 AM,BLACKBURN BYPASS @ INNES RD E (0009245),9245,02 - Intersection related,03 - P.D. only,03 - Rear end,01 - Clear,01 - Daylight,01 - Dry,01 - Traffic signal,01 - Functioning,2,0,0,0,,0,,,,,379791.4135,5033780.896,45.4399374,-75.54143804,7791
17--4129,4/12/2017,8:30 AM,ST. LAURENT BLVD @ MCARTHUR AVE (0008246),8246,02 - Intersection related,03 - P.D. only,03 - Rear end,02 - Rain,01 - Daylight,02 - Wet,01 - Traffic signal,01 - Functioning,2,0,0,0,,0,,,,,371921.2095,5032888.594,45.43270878,-75.64214692,7792
17--413,1/9/2017,6:42 PM,BRONSON AVE @ POWELL AVE (0007212),7212,02 - Intersection related,03 - P.D. only,04 - Sideswipe,01 - Clear,07 - Dark,05 - Packed snow,01 - Traffic signal,00 - Unknown,3,0,0,0,,0,,,,,367388.0132,5029476.847,45.40243136,-75.7005116,7793
17--4130,4/12/2017,8:37 AM,CHAMBERLAIN AVE @ PERCY ST (0007715),7715,02 - Intersection related,03 - P.D. only,04 - Sideswipe,01 - Clear,01 - Daylight,01 - Dry,01 - Traffic signal,01 - Functioning,2,0,0,0,,0,,,,,367559.0474,5029824.559,45.40554465,-75.6982828,7794
17--4131,4/12/2017,9:15 AM,JEANNE D'ARC BLVD @ ORLEANS BLVD S (0004154),4154,02 - Intersection related,03 - P.D. only,03 - Rear end,01 - Clear,01 - Daylight,01 - Dry,01 - Traffic signal,01 - Functioning,2,0,0,0,,0,,,,,380940.9392,5036252.257,45.46204851,-75.52636405,7795
17--4132,4/12/2017,9:35 AM,ROCHESTER ST btwn SOMERSET ST W & ECCLES ST (__3ZA0VD),__3ZA0VD,01 - Non intersection,03 - P.D. only,06 - SMV unattended vehicle,01 - Clear,01 - Daylight,01 - Dry,10 - No control,,1,0,0,0,,0,,,,,366492.5695,5030178.92,45.40882791,-75.71186091,7796
17--4133,4/12/2017,9:46 PM,FRANKTOWN RD btwn MUNSTER RD & GREEN'S RD (__3ZA3EU),__3ZA3EU,01 - Non intersection,03 - P.D. only,07 - SMV other,01 - Clear,07 - Dark,01 - Dry,10 - No control,,1,0,0,0,,0,,,,,351592.0882,5001531.814,45.15220769,-75.90490743,7797
17--4134,4/13/2017,1:30 PM,ST. LAURENT BLVD @ COVENTRY RD/OGILVIE RD (0002151),2151,02 - Intersection related,03 - P.D. only,04 - Sideswipe,01 - Clear,01 - Daylight,01 - Dry,01 - Traffic signal,00 - Unknown,2,0,0,0,,0,,,,,372304.7162,5031950.906,45.42423499,-75.63737454,7798
17--4135,4/13/2017,10:19 AM,BRIAN COBURN BLVD @ TENTH LINE RD (0013966),13966,02 - Intersection related,03 - P.D. only,03 - Rear end,01 - Clear,01 - Daylight,01 - Dry,01 - Traffic signal,01 - Functioning,2,0,0,0,,0,,,,,384428.3389,5035022.308,45.45059377,-75.48197576,7799
17--4136,4/13/2017,10:30 AM,RICHMOND RD btwn EDGEWOOD AVE & ATHLONE AVE (__3ZA4O2),__3ZA4O2,01 - Non intersection,03 - P.D. only,06 - SMV unattended vehicle,01 - Clear,01 - Daylight,01 - Dry,10 - No control,,1,0,0,0,,0,,,,,363426.1584,5028422.247,45.39328525,-75.75124049,7800
17--4137,4/13/2017,11:25 AM,BEECH ST @ PRESTON ST (0006160),6160,03 - At intersection,03 - P.D. only,05 - Turning movement,01 - Clear,01 - Daylight,01 - Dry,01 - Traffic signal,01 - Functioning,2,0,0,0,,0,,,,,366684.3619,5029270.893,45.40064079,-75.7095249,7801
17--4138,4/13/2017,11:26 AM,ANJANA CIRC btwn MOFFATT POND CRT & TARTARUGA LANE (__5WHGS4),__5WHGS4,04 - At/near private drive,03 - P.D. only,02 - Angle,01 - Clear,01 - Daylight,01 - Dry,10 - No control,,2,0,0,0,,0,,,,,361655.0166,5013934.787,45.26307335,-75.77552302,7802
17--4139,4/13/2017,11:30 AM,TRIOLE ST btwn BELFAST RD & END (__3ZA79Y),__3ZA79Y,04 - At/near private drive,03 - P.D. only,06 - SMV unattended vehicle,01 - Clear,01 - Daylight,01 - Dry,10 - No control,,1,0,0,0,,0,,,,,373012.5221,5030549.154,45.41155403,-75.62852476,7803
17--414,1/9/2017,7:00 AM,HIGHWAY 417 btwn HWY417 IC129 RAMP51 & HWY417 IC129 RAMP35 (__3ZA2X9),__3ZA2X9,01 - Non intersection,03 - P.D. only,03 - Rear end,01 - Clear,07 - Dark,01 - Dry,10 - No control,,3,0,0,0,,0,,,,,360360.3832,5023453.74,45.34882884,-75.79095161,7804
17--4140,4/13/2017,Unknown,HARVEY ST btwn ECHO DR & MAIN ST (__3ZA4AL),__3ZA4AL,01 - Non intersection,03 - P.D. only,06 - SMV unattended vehicle,01 - Clear,00 - Unknown,01 - Dry,10 - No control,,1,0,0,0,,0,,,,,368827.8276,5030708.139,45.4133799,-75.68196162,7805
17--4141,4/13/2017,12:20 PM,KING EDWARD AVE @ ST. PATRICK ST (0002714),2714,02 - Intersection related,03 - P.D. only,04 - Sideswipe,01 - Clear,01 - Daylight,01 - Dry,01 - Traffic signal,01 - Functioning,2,0,0,0,,0,,,,,368249.2108,5032824.608,45.43247586,-75.68908085,7806
17--4142,4/13/2017,12:26 PM,PRINCE OF WALES DR btwn WELLSMERE CRT & TURN LANE (__3ZA2Y6),__3ZA2Y6,01 - Non intersection,03 - P.D. only,04 - Sideswipe,01 - Clear,01 - Daylight,01 - Dry,10 - No control,,2,0,0,0,,0,,,,,367388.7418,5022347.868,45.33828642,-75.70140555,7807
17--4143,4/13/2017,12:30 PM,INNES RD @ JEANNE D'ARC BLVD/MER BLEUE RD (0012475),12475,02 - Intersection related,03 - P.D. only,03 - Rear end,01 - Clear,01 - Daylight,01 - Dry,01 - Traffic signal,00 - Unknown,2,0,0,0,,0,,,,,382638.0881,5035566.216,45.45568908,-75.50477398,7808
17--4144,4/13/2017,2:30 PM,HIGHWAY 417 btwn Continuation of HIGHWAY 417 & HWY417 IC134 RAMP51 (__3ZA29B),__3ZA29B,01 - Non intersection,03 - P.D. only,04 - Sideswipe,01 - Clear,01 - Daylight,01 - Dry,10 - No control,,2,0,0,0,,0,,,,,355569.1576,5021738.62,45.3337592,-75.85226798,7809
17--4145,4/13/2017,2:51 PM,FALLOWFIELD RD @ STEEPLE HILL CRES (0000635),635,03 - At intersection,03 - P.D. only,02 - Angle,01 - Clear,01 - Daylight,01 - Dry,02 - Stop sign,01 - Functioning,2,0,0,0,,0,,,,,358396.9772,5013998.09,45.26389875,-75.81702881,7810
17--3883,4/5/2017,1:33 PM,FALLOWFIELD RD @ WOODROFFE AVE (0010372),10372,02 - Intersection related,03 - P.D. only,07 - SMV other,01 - Clear,01 - Daylight,01 - Dry,01 - Traffic signal,01 - Functioning,1,0,0,0,,0,,,,,365086.1533,5017905.197,45.2985133,-75.73132319,7811
17--3884,4/5/2017,1:36 PM,GREENBANK RD @ MALVERN DR/FOXFIELD DR (0009821),9821,03 - At intersection,02 - Non-fatal injury,05 - Turning movement,01 - Clear,01 - Daylight,01 - Dry,01 - Traffic signal,01 - Functioning,2,0,0,0,02 - Minor,1,,1,,,363312.6897,5016195.102,45.2832758,-75.75413546,7812
17--3885,4/5/2017,10:09 PM,WEST HUNT CLUB RD WB btwn CEDARVIEW RD & GREENBANK RD (__3ZA199),__3ZA199,01 - Non intersection,03 - P.D. only,07 - SMV other,01 - Clear,07 - Dark,01 - Dry,10 - No control,,1,0,0,0,,0,,,,,359756.47,5019581.902,45.31403752,-75.7990879,7813
17--3886,4/5/2017,10:26 PM,THOMAS A. DOLAN PKWY btwn STONECREST RD & RIDGETOP RD (__3ZAC8P),__3ZAC8P,01 - Non intersection,03 - P.D. only,07 - SMV other,"07 - Fog, mist, smoke, dust",07 - Dark,01 - Dry,10 - No control,,1,0,0,0,,0,,,,,339461.5836,5028796.166,45.39824621,-76.05727177,7814
17--3887,4/5/2017,11:50 AM,HALTON TER btwn DUNOLLIE CRES & MCBRIEN ST (__49PV4V),__49PV4V,01 - Non intersection,03 - P.D. only,99 - Other,01 - Clear,01 - Daylight,01 - Dry,10 - No control,,2,0,0,0,,0,,,,,348699.2999,5024088.634,45.35536863,-75.93970311,7815
17--3888,4/5/2017,Unknown,ESPRIT DR btwn GALLERIA CIRC & BLACKBURN BYPS (__45I7FN),__45I7FN,01 - Non intersection,03 - P.D. only,06 - SMV unattended vehicle,02 - Rain,00 - Unknown,02 - Wet,10 - No control,,1,0,0,0,,0,,,,,385119.479,5035400.815,45.45392014,-75.47307936,7816
17--3889,4/5/2017,Unknown,MACLAREN ST btwn METCALFE ST & ELGIN ST (__3ZA9UK),__3ZA9UK,01 - Non intersection,03 - P.D. only,06 - SMV unattended vehicle,01 - Clear,00 - Unknown,02 - Wet,10 - No control,,1,0,0,0,,0,,,,,368093.5127,5031056.656,45.41658254,-75.69129774,7817
17--389,1/9/2017,10:47 AM,BASELINE RD/HWY 416 RICHMOND IC75R53 @ RICHMON (0000148),148,03 - At intersection,03 - P.D. only,03 - Rear end,01 - Clear,01 - Daylight,03 - Loose snow,01 - Traffic signal,01 - Functioning,2,0,0,0,,0,,,,,358636.0249,5021821.949,45.33428041,-75.81313342,7818
17--3890,4/5/2017,Unknown,ELGIN ST btwn FRANK ST & GLADSTONE AVE (__3ZA3RL),__3ZA3RL,01 - Non intersection,03 - P.D. only,06 - SMV unattended vehicle,01 - Clear,00 - Unknown,01 - Dry,10 - No control,,1,0,0,0,,0,,,,,368374.5129,5030862.211,45.41480752,-75.68773284,7819
17--3891,4/5/2017,12:00 PM,ORLEANS BLVD @ ST. JOSEPH BLVD (0004144),4144,02 - Intersection related,02 - Non-fatal injury,03 - Rear end,01 - Clear,01 - Daylight,01 - Dry,01 - Traffic signal,01 - Functioning,3,0,0,0,01 - Minimal,1,1,,,,380630.7344,5036980.59,45.46863521,-75.53021779,7820
17--3892,4/5/2017,12:01 PM,OLD TENTH LINE RD/OR174 IC101 RAMP63 @ ST. JOS (0009233),9233,03 - At intersection,02 - Non-fatal injury,02 - Angle,01 - Clear,01 - Daylight,01 - Dry,01 - Traffic signal,01 - Functioning,2,0,0,0,02 - Minor,3,,3,,,383117.8941,5038786.185,45.48460586,-75.49812702,7821
17--3893,4/5/2017,12:09 PM,QUEEN ST btwn METCALFE ST & ELGIN ST (__3ZA2FO),__3ZA2FO,04 - At/near private drive,03 - P.D. only,06 - SMV unattended vehicle,01 - Clear,01 - Daylight,01 - Dry,10 - No control,,1,0,0,0,,0,,,,,367680.7261,5031701.311,45.42242016,-75.69648912,7822
17--3894,4/5/2017,12:24 PM,VANIER PKWY SB btwn RIVERSIDE DR & TO BE DETERMINED (__3ZA1Q9),__3ZA1Q9,01 - Non intersection,03 - P.D. only,03 - Rear end,01 - Clear,01 - Daylight,01 - Dry,10 - No control,,2,0,0,0,,0,,,,,370798.9167,5031281.417,45.4183549,-75.65670433,7823
17--3895,4/5/2017,12:47 PM,CASA GRANDE CIR/ASTERVALE ST @ SWEETVALLEY DR (0016474),16474,02 - Intersection related,03 - P.D. only,99 - Other,01 - Clear,01 - Daylight,01 - Dry,02 - Stop sign,01 - Functioning,2,0,0,0,,0,,,,,384563.7941,5034180.987,45.44300888,-75.48038067,7824
17--3896,4/5/2017,2:14 PM,ALESTHER ST btwn WOLFFDALE CRES & WOLFFDALE CRES (__3ZA8HD),__3ZA8HD,04 - At/near private drive,03 - P.D. only,03 - Rear end,01 - Clear,01 - Daylight,01 - Dry,10 - No control,,2,0,0,0,,0,,,,,372031.0679,5032362.221,45.42796217,-75.64081488,7825
17--3897,4/5/2017,3:15 PM,RAINBOW ST btwn CANOTEK RD & END (1) (__3ZA7TG),__3ZA7TG,04 - At/near private drive,03 - P.D. only,05 - Turning movement,01 - Clear,01 - Daylight,01 - Dry,10 - No control,,2,0,0,0,,0,,,,,376170.854,5035317.174,45.45413884,-75.58748817,7826
17--3898,4/5/2017,3:30 PM,CYRVILLE RD btwn STAR TOP RD & MEADOWBROOK RD (__3ZA3SN),__3ZA3SN,01 - Non intersection,03 - P.D. only,03 - Rear end,01 - Clear,01 - Daylight,01 - Dry,10 - No control,,2,0,0,0,,0,,,,,373928.3906,5031483.78,45.41987346,-75.61669402,7827
17--3899,4/5/2017,3:30 PM,AVIATION PKWY @ MONTREAL RD (0008799),8799,02 - Intersection related,03 - P.D. only,04 - Sideswipe,01 - Clear,01 - Daylight,01 - Dry,01 - Traffic signal,01 - Functioning,2,0,0,0,,0,,,,,372147.0511,5034109.252,45.44366995,-75.63909383,7828
17--39,1/2/2017,9:16 AM,FALLOWFIELD RD @ SHEA RD (0000130),130,03 - At intersection,02 - Non-fatal injury,02 - Angle,01 - Clear,01 - Daylight,01 - Dry,02 - Stop sign,01 - Functioning,2,0,0,0,01 - Minimal,1,1,,,,354013.3755,5011020.149,45.23742273,-75.87317913,7829
17--390,1/9/2017,11:00 AM,SHEFFIELD RD @ WALKLEY RD (0005156),5156,02 - Intersection related,03 - P.D. only,03 - Rear end,01 - Clear,01 - Daylight,02 - Wet,01 - Traffic signal,01 - Functioning,2,0,0,0,,0,,,,,375258.5935,5028784.539,45.39545442,-75.60008485,7830
17--3900,4/5/2017,3:40 PM,WAVERLEY ST @ O'CONNOR ST (0007269),7269,02 - Intersection related,03 - P.D. only,04 - Sideswipe,01 - Clear,01 - Daylight,01 - Dry,02 - Stop sign,00 - Unknown,2,0,0,0,,0,,,,,368009.7115,5030765.57,45.41397102,-75.69240569,7831
17--3901,4/5/2017,4:10 PM,ESPRIT DR btwn ESPRIT DR N & STORMWIND AVE (__8XI214),__8XI214,01 - Non intersection,03 - P.D. only,06 - SMV unattended vehicle,01 - Clear,01 - Daylight,01 - Dry,10 - No control,,1,0,0,0,,0,,,,,385495.461,5034929.937,45.44964031,-75.46835029,7832
17--3902,4/5/2017,4:14 PM,BANK ST btwn EVANS BLVD & CECIL AVE (__3ZA3BH),__3ZA3BH,01 - Non intersection,03 - P.D. only,05 - Turning movement,01 - Clear,01 - Daylight,01 - Dry,10 - No control,,2,0,0,0,,0,,,,,369937.8254,5027010.537,45.38000773,-75.6682697,7833
17--3903,4/5/2017,4:15 PM,HWY417 IC121B RAMP51 btwn HIGHWAY 417 & ROCHESTER ST (__3ZAY9Z),__3ZAY9Z,01 - Non intersection,03 - P.D. only,07 - SMV other,01 - Clear,01 - Daylight,01 - Dry,10 - No control,,1,0,0,0,,0,,,,,366613.7815,5029511.766,45.40281434,-75.71039618,7834
17--3904,4/5/2017,4:18 PM,GREENBANK RD @ WEST HUNT CLUB RD (0005167),5167,02 - Intersection related,03 - P.D. only,03 - Rear end,01 - Clear,01 - Daylight,01 - Dry,01 - Traffic signal,01 - Functioning,2,0,0,0,,0,,,,,361480.6803,5020502.479,45.32218382,-75.77699379,7835
17--3905,4/5/2017,4:27 PM,LAURIER AVE   W btwn BAY ST & LYON ST N (__3ZA338),__3ZA338,01 - Non intersection,03 - P.D. only,04 - Sideswipe,01 - Clear,01 - Daylight,01 - Dry,10 - No control,,2,0,0,0,,0,,,,,367082.2508,5031027.588,45.41641174,-75.70422106,7836
17--3906,4/5/2017,6:08 AM,MONTREAL RD @ MONTFORT HOSPITAL (0011388),11388,03 - At intersection,02 - Non-fatal injury,07 - SMV other,02 - Rain,03 - Dawn,02 - Wet,01 - Traffic signal,01 - Functioning,1,0,0,0,02 - Minor,1,,1,,,372224.0971,5034144.244,45.44397737,-75.63810426,7837
17--3907,4/5/2017,7:20 AM,FERNBANK RD btwn DWYER HILL RD & MUNSTER RD (__3ZAC55),__3ZAC55,01 - Non intersection,03 - P.D. only,07 - SMV other,01 - Clear,01 - Daylight,01 - Dry,10 - No control,,1,0,0,0,,0,,,,,345135.2508,5006996.827,45.20178341,-75.9865789,7838
17--3908,4/5/2017,8:05 PM,HIGHWAY 417 btwn HWY417 IC123 RAMP62 & HWY417 IC122 RAMP16 (__3ZA2R9),__3ZA2R9,01 - Non intersection,03 - P.D. only,04 - Sideswipe,01 - Clear,07 - Dark,01 - Dry,10 - No control,,2,0,0,0,,0,,,,,365131.6885,5028711.665,45.39574451,-75.72942443,7839
17--3909,4/5/2017,8:21 AM,INDUSTRIAL AVE @ NEIGHBORHOOD WAY (0002706),2706,03 - At intersection,02 - Non-fatal injury,02 - Angle,01 - Clear,01 - Daylight,01 - Dry,02 - Stop sign,01 - Functioning,2,0,0,0,02 - Minor,1,,1,,,371093.725,5030528.895,45.41155615,-75.65303908,7840
17--391,1/9/2017,11:16 AM,FOREST VALLEY DR @ FORESTGLEN CRES S (0004423),4423,03 - At intersection,03 - P.D. only,02 - Angle,01 - Clear,01 - Daylight,06 - Ice,02 - Stop sign,01 - Functioning,2,0,0,0,,0,,,,,379736.4898,5035680.95,45.45703856,-75.54185058,7841
17--3910,4/5/2017,8:35 AM,RIDDELL DR btwn MORAN ST & MARCH VALLEY RD (__3ZBOCH),__3ZBOCH,01 - Non intersection,03 - P.D. only,07 - SMV other,01 - Clear,01 - Daylight,01 - Dry,10 - No control,,1,0,0,0,,0,,,,,348117.3026,5027187.509,45.38328919,-75.94685919,7842
17--3911,4/5/2017,8:39 PM,CUMBERLAND ST btwn GEORGE ST & RIDEAU ST (__3ZA81T),__3ZA81T,01 - Non intersection,03 - P.D. only,04 - Sideswipe,01 - Clear,07 - Dark,01 - Dry,10 - No control,,2,0,0,0,,0,,,,,368350.7912,5032374.449,45.42841627,-75.68784082,7843
17--3912,4/5/2017,8:46 AM,CYRVILLE RD @ INNES RD (0009352),9352,02 - Intersection related,03 - P.D. only,03 - Rear end,01 - Clear,01 - Daylight,01 - Dry,01 - Traffic signal,01 - Functioning,2,0,0,0,,0,,,,,375047.7247,5031118.439,45.41647482,-75.60244527,7844
17--3913,4/5/2017,8:49 AM,PRINCE OF WALES DR btwn 187 N OF MEADOWLANDS DR & MEADOWLANDS DR/HOG'S (__3ZA36WA),__3ZA36WA,01 - Non intersection,03 - P.D. only,04 - Sideswipe,01 - Clear,01 - Daylight,01 - Dry,10 - No control,,2,0,0,0,,0,,,,,367349.5109,5025776.42,45.36913932,-75.70147231,7845
17--3914,4/5/2017,8:53 AM,RIVERSIDE DR btwn HUNT CLUB RD & KIMBERWICK CRES (__3ZBOEN),__3ZBOEN,01 - Non intersection,03 - P.D. only,03 - Rear end,01 - Clear,01 - Daylight,01 - Dry,10 - No control,,3,0,0,0,,0,,,,,368145.3276,5022489.609,45.33949388,-75.69173479,7846
17--3915,4/5/2017,9:00 PM,LYON ST @ WELLINGTON ST (0002388),2388,03 - At intersection,03 - P.D. only,07 - SMV other,01 - Clear,07 - Dark,01 - Dry,01 - Traffic signal,01 - Functioning,1,0,0,0,,0,,,,,366935.6055,5031426.166,45.42001107,-75.7060443,7847
17--3916,4/5/2017,9:35 AM,MOSS GROVE ST btwn SORENTO ST & PAUL METIVIER DR (__5A5DEY),__5A5DEY,04 - At/near private drive,03 - P.D. only,06 - SMV unattended vehicle,01 - Clear,01 - Daylight,01 - Dry,10 - No control,,1,0,0,0,,0,,,,,366238.8989,5014860.642,45.27101873,-75.71700348,7848
17--3917,4/5/2017,9:54 AM,ALBION RD btwn BANK ST & DES MESANGES DR (__3ZBORZ),__3ZBORZ,04 - At/near private drive,03 - P.D. only,02 - Angle,01 - Clear,01 - Daylight,01 - Dry,10 - No control,,2,0,0,0,,0,,,,,371951.0757,5024115.453,45.35376875,-75.64295928,7849
17--3918,4/6/2017,1:22 PM,ST. LAURENT BLVD btwn CONROY RD & THURSTON DR (__3ZA49E),__3ZA49E,04 - At/near private drive,02 - Non-fatal injury,02 - Angle,02 - Rain,01 - Daylight,02 - Wet,10 - No control,,2,0,0,0,01 - Minimal,1,1,,,,373321.4653,5027292.916,45.3822257,-75.62503051,7850
17--3919,4/6/2017,10:52 AM,8TH LINE RD btwn PANA RD & ANDREW SIMPSON DR (__3ZA20Y),__3ZA20Y,01 - Non intersection,03 - P.D. only,07 - SMV other,01 - Clear,01 - Daylight,01 - Dry,10 - No control,,1,0,0,0,,0,,,,,384864.5183,5012711.93,45.24981214,-75.48001241,7851
17--392,1/9/2017,11:36 AM,EARL ARMSTRONG RD @ RIVER RD (0012470),12470,02 - Intersection related,03 - P.D. only,03 - Rear end,01 - Clear,01 - Daylight,01 - Dry,01 - Traffic signal,01 - Functioning,2,0,0,0,,0,,,,,367572.1205,5014685.674,45.26932665,-75.70003625,7852
17--3920,4/6/2017,10:56 PM,BLOHM DR @ HUNT CLUB RD (0011392),11392,03 - At intersection,02 - Non-fatal injury,05 - Turning movement,02 - Rain,07 - Dark,02 - Wet,01 - Traffic signal,01 - Functioning,2,0,0,0,02 - Minor,1,,1,,,375129.4116,5026188.849,45.37211266,-75.6021044,7853
17--3921,4/6/2017,2:00 PM,RUSSELL RD S @ ST. LAURENT BLVD (0007734),7734,02 - Intersection related,03 - P.D. only,04 - Sideswipe,02 - Rain,01 - Daylight,02 - Wet,01 - Traffic signal,01 - Functioning,2,0,0,0,,0,,,,,373569.9573,5029263.511,45.39993187,-75.62158319,7854
17--3922,4/6/2017,2:00 PM,HUNT CLUB RD @ RIVERSIDE DR (0002237),2237,02 - Intersection related,03 - P.D. only,03 - Rear end,01 - Clear,01 - Daylight,01 - Dry,01 - Traffic signal,01 - Functioning,2,0,0,0,,0,,,,,368036.3686,5021946.167,45.33461393,-75.69319438,7855
17--3923,4/6/2017,2:08 PM,CYRVILLE RD @ INNES RD (0009352),9352,02 - Intersection related,03 - P.D. only,03 - Rear end,02 - Rain,01 - Daylight,02 - Wet,01 - Traffic signal,01 - Functioning,3,0,0,0,,0,,,,,375047.3903,5031119.564,45.41648498,-75.60244938,7856
17--3924,4/6/2017,2:27 PM,AGES DR btwn LEGACY RD & HAWTHORNE RD (__3ZA10R),__3ZA10R,04 - At/near private drive,03 - P.D. only,02 - Angle,02 - Rain,01 - Daylight,02 - Wet,10 - No control,,2,0,0,0,,0,,,,,374915.2195,5027683.422,45.38558158,-75.60462642,7857
17--3925,4/6/2017,2:56 PM,WOODROFFE AVE btwn FIRESTATION & BASELINE RD (__3ZA34KB),__3ZA34KB,01 - Non intersection,02 - Non-fatal injury,03 - Rear end,02 - Rain,01 - Daylight,02 - Wet,10 - No control,,2,0,0,0,02 - Minor,1,,1,,,362544.6735,5023782.545,45.35161096,-75.76304009,7858
17--3926,4/6/2017,3:00 PM,ST. LAURENT BLVD btwn MCARTHUR AVE & DONALD ST (__3ZBOF4),__3ZBOF4,01 - Non intersection,03 - P.D. only,04 - Sideswipe,02 - Rain,01 - Daylight,02 - Wet,10 - No control,,2,0,0,0,,0,,,,,372008.7587,5032690.491,45.43091793,-75.64105515,7859
17--3927,4/6/2017,3:11 PM,HOLLAND AVE @ TYNDALL ST (0006087),6087,02 - Intersection related,03 - P.D. only,04 - Sideswipe,01 - Clear,01 - Daylight,01 - Dry,01 - Traffic signal,00 - Unknown,2,0,0,0,,0,,,,,365031.9587,5028917.844,45.39760825,-75.73067292,7860
17--3928,4/6/2017,4:08 PM,HIGHWAY 417 btwn HWY417 IC118 RAMP35 & HWY417 IC117 RAMP51 (__3ZA2YP),__3ZA2YP,01 - Non intersection,03 - P.D. only,03 - Rear end,02 - Rain,01 - Daylight,02 - Wet,10 - No control,,2,0,0,0,,0,,,,,369848.4779,5031133.56,45.41711355,-75.66886671,7861
17--3929,4/6/2017,4:20 PM,GEMINI WAY btwn CENTREPOINTE DR & TURN LANE (__4B3Z5L),__4B3Z5L,01 - Non intersection,03 - P.D. only,04 - Sideswipe,02 - Rain,01 - Daylight,02 - Wet,10 - No control,,2,0,0,0,,0,,,,,362168.3607,5023410.75,45.34829646,-75.76788548,7862
17--393,1/9/2017,11:58 AM,BANK ST btwn BANK ST EXTENSION NB & JOHNSTON RD (__3ZA37U),__3ZA37U,01 - Non intersection,03 - P.D. only,04 - Sideswipe,01 - Clear,01 - Daylight,02 - Wet,10 - No control,,2,0,0,0,,0,,,,,370807.9537,5024931.373,45.36121867,-75.65743825,7863
17--3930,4/6/2017,4:34 PM,BANK ST @ CATHERINE ST (0002708),2708,02 - Intersection related,03 - P.D. only,03 - Rear end,02 - Rain,01 - Daylight,02 - Wet,01 - Traffic signal,01 - Functioning,3,0,0,0,,0,,,,,368039.371,5030266.234,45.40947548,-75.69209085,7864
17--3931,4/6/2017,5:06 PM,HERON RD EB btwn RIVERSIDE DR & BRONSON AVE RAMP 35 (__5FD4WD),__5FD4WD,01 - Non intersection,03 - P.D. only,03 - Rear end,02 - Rain,01 - Daylight,02 - Wet,10 - No control,,3,0,0,0,,0,,,,,368419.6467,5026663.191,45.37702192,-75.68769775,7865
17--3932,4/6/2017,5:06 PM,CAMERON ST @ REGIONAL RD 174 (0012883),12883,02 - Intersection related,03 - P.D. only,03 - Rear end,02 - Rain,01 - Daylight,02 - Wet,01 - Traffic signal,01 - Functioning,2,0,0,0,,0,,,,,389861.1081,5042618.233,45.51829297,-75.41121586,7866
17--3933,4/6/2017,5:28 PM,RIOCAN AVE @ STRANDHERD DR (0010997),10997,02 - Intersection related,03 - P.D. only,03 - Rear end,02 - Rain,01 - Daylight,02 - Wet,01 - Traffic signal,01 - Functioning,2,0,0,0,,0,,,,,364173.2121,5014944.573,45.27195138,-75.74331686,7867