Anom_ID,Accident_Date,Accident_Time,Location,Geo_ID,Accident_Location,Classification_of_Accident,Initial_Impact_Type,Environment_Condition,Light,Road_Surface_Condition,Traffic_Control,Traffic_Control_Condition,No__of_Vehicles,No__of_Bicycles,No__of_Motorcycles,No__of_Pedestrians,Max_Injury,No__of_Injuries,No__of_Minimal,No__of_Minor,No__of_Major,No__of_Fatal,X,Y,Latitude,Longitude,ObjectId
17--3934,4/6/2017,5:36 PM,MONTREAL RD @ BATHGATE DR/BURMA RD (0007650),7650,02 - Intersection related,03 - P.D. only,02 - Angle,02 - Rain,01 - Daylight,02 - Wet,01 - Traffic signal,01 - Functioning,2,0,0,0,,0,,,,,373224.388,5034515.923,45.44722434,-75.62526714,7868
17--3935,4/6/2017,5:39 PM,MCCARTHY RD @ PROVOST DR (0007066),7066,03 - At intersection,03 - P.D. only,02 - Angle,02 - Rain,01 - Daylight,02 - Wet,02 - Stop sign,01 - Functioning,2,0,0,0,,0,,,,,369331.0503,5025133.516,45.363175,-75.67626188,7869
17--3936,4/6/2017,6:02 AM,BANK ST btwn CENOTE RD & STONE SCHOOL RD (__3ZAZBJ),__3ZAZBJ,01 - Non intersection,03 - P.D. only,07 - SMV other,01 - Clear,03 - Dawn,01 - Dry,10 - No control,,1,0,0,0,,0,,,,,381563.8297,5011951.662,45.24333938,-75.52217286,7870
17--3937,4/6/2017,6:16 AM,ALTA VISTA DR @ SMYTH RD (0011353),11353,03 - At intersection,02 - Non-fatal injury,05 - Turning movement,01 - Clear,01 - Daylight,01 - Dry,01 - Traffic signal,01 - Functioning,2,0,0,0,02 - Minor,1,,1,,,370432.3815,5029082.895,45.39860792,-75.66167989,7871
17--3938,4/6/2017,6:23 PM,PRINCE OF WALES DR @ MEADOWLANDS DR/HOG'S BACK (0001629),1629,02 - Intersection related,03 - P.D. only,03 - Rear end,02 - Rain,01 - Daylight,02 - Wet,01 - Traffic signal,01 - Functioning,2,0,0,0,,0,,,,,367372.9222,5025692.808,45.36838491,-75.70118406,7872
17--3939,4/6/2017,7:19 AM,INNES RD btwn STONEHENGE CRES & BLAIR RD (__3ZA3SK),__3ZA3SK,01 - Non intersection,03 - P.D. only,03 - Rear end,02 - Rain,01 - Daylight,02 - Wet,10 - No control,,2,0,0,0,,0,,,,,375473.3837,5031378.686,45.41877352,-75.59696998,7873
17--394,1/9/2017,11:59 AM,BANK ST @ RIVERSIDE DR N (0010778),10778,02 - Intersection related,03 - P.D. only,04 - Sideswipe,01 - Clear,01 - Daylight,01 - Dry,01 - Traffic signal,01 - Functioning,2,0,0,0,,0,,,,,369223.9992,5027984.404,45.38883629,-75.67725633,7874
17--3940,4/6/2017,7:30 AM,HIGHWAY 417 btwn HWY417 IC129 RAMP25 & HWY417 IC129 RAMP35 (__3ZAYFR),__3ZAYFR,01 - Non intersection,03 - P.D. only,03 - Rear end,02 - Rain,01 - Daylight,02 - Wet,10 - No control,,3,0,0,0,,0,,,,,360556.2927,5023604.561,45.35017038,-75.78843465,7875
17--3941,4/6/2017,7:36 AM,RIVERSIDE DR @ UPLANDS DR/KIMBERWICK CRES N (0006890),6890,03 - At intersection,03 - P.D. only,05 - Turning movement,02 - Rain,01 - Daylight,02 - Wet,01 - Traffic signal,01 - Functioning,2,0,0,0,,0,,,,,368195.0505,5022793.5,45.34222373,-75.69106147,7876
17--3942,4/6/2017,7:45 AM,MANOTICK STATION RD @ SNAKE ISLAND RD (0001643),1643,02 - Intersection related,03 - P.D. only,02 - Angle,02 - Rain,01 - Daylight,02 - Wet,02 - Stop sign,01 - Functioning,2,0,0,0,,0,,,,,376805.404,5005703.371,45.18762176,-75.58368164,7877
17--3943,4/6/2017,7:53 PM,RICHMOND RD btwn WEST HUNT CLUB RD & STONEHAVEN DR (__3ZA41H),__3ZA41H,01 - Non intersection,03 - P.D. only,07 - SMV other,02 - Rain,07 - Dark,02 - Wet,10 - No control,,1,0,0,0,,0,,,,,356935.0386,5017170.327,45.29255298,-75.83532342,7878
17--3944,4/6/2017,8:00 AM,EARL ARMSTRONG RD @ SPRATT RD (0013063),13063,02 - Intersection related,02 - Non-fatal injury,03 - Rear end,01 - Clear,01 - Daylight,02 - Wet,01 - Traffic signal,01 - Functioning,2,0,0,0,01 - Minimal,1,1,,,,368396.3747,5015012.098,45.27218972,-75.68949125,7879
17--3945,4/6/2017,8:41 PM,MERIVALE RD btwn SUMMERVILLE AVE & MAYVIEW AVE (__3ZBOC6),__3ZBOC6,01 - Non intersection,03 - P.D. only,04 - Sideswipe,01 - Clear,07 - Dark,01 - Dry,10 - No control,,2,0,0,0,,0,,,,,364876.3738,5026430.476,45.37524076,-75.73296274,7880
17--3946,4/6/2017,8:44 PM,DUMAURIER AVE @ PINECREST RD (0002743),2743,03 - At intersection,02 - Non-fatal injury,02 - Angle,02 - Rain,07 - Dark,02 - Wet,01 - Traffic signal,01 - Functioning,2,0,0,0,02 - Minor,1,,1,,,360322.6823,5023835.18,45.35226402,-75.79138987,7881
17--3947,4/6/2017,8:44 PM,PINECREST RD @ QUEENSVIEW DR (0002739),2739,02 - Intersection related,03 - P.D. only,03 - Rear end,01 - Clear,07 - Dark,01 - Dry,01 - Traffic signal,01 - Functioning,2,0,0,0,,0,,,,,360347.6636,5023782.542,45.3517884,-75.79107699,7882
17--3948,4/6/2017,8:45 AM,BOOTH ST btwn MIDDLE ST & VIMY PLACE PRIV (__5VHJ3U),__5VHJ3U,04 - At/near private drive,03 - P.D. only,02 - Angle,02 - Rain,01 - Daylight,02 - Wet,10 - No control,,2,0,0,0,,0,,,,,366193.3159,5031175.812,45.41782398,-75.71555941,7883
17--3949,4/6/2017,9:03 PM,JOHN QUINN RD @ PARKWAY RD (0010356),10356,03 - At intersection,02 - Non-fatal injury,02 - Angle,02 - Rain,07 - Dark,02 - Wet,02 - Stop sign,01 - Functioning,2,0,0,0,01 - Minimal,1,1,,,,381395.1159,5015816.778,45.27813416,-75.52372578,7884
17--395,1/9/2017,12:09 PM,BANK ST @ MITCH OWENS RD (0001640),1640,03 - At intersection,03 - P.D. only,05 - Turning movement,01 - Clear,01 - Daylight,02 - Wet,01 - Traffic signal,01 - Functioning,2,0,0,0,,0,,,,,377759.5162,5015946.334,45.27968652,-75.57003947,7885
17--3950,4/6/2017,9:09 AM,MONTREAL RD/HANNAH ST @ CODY AVE (0009349),9349,02 - Intersection related,03 - P.D. only,04 - Sideswipe,01 - Clear,01 - Daylight,01 - Dry,01 - Traffic signal,01 - Functioning,2,0,0,0,,0,,,,,370254.5828,5033170.118,45.43539979,-75.66340776,7886
17--3951,4/6/2017,9:10 AM,HIGHWAY 417 btwn HWY417 IC124 RAMP57 & HWY417 IC124 RAMP55 (__3ZA2Y1),__3ZA2Y1,01 - Non intersection,03 - P.D. only,04 - Sideswipe,02 - Rain,01 - Daylight,02 - Wet,10 - No control,,2,0,0,0,,0,,,,,364376.8836,5027439.969,45.38436666,-75.73921771,7887
17--3952,4/6/2017,9:54 PM,BASELINE RD btwn FERGUSON ST & CORDOVA ST (__3ZA4HA),__3ZA4HA,04 - At/near private drive,03 - P.D. only,03 - Rear end,02 - Rain,07 - Dark,02 - Wet,10 - No control,,2,0,0,0,,0,,,,,363509.3819,5024355.966,45.35669045,-75.75066107,7888
17--3953,4/6/2017,9:54 PM,HIGHWAY 416 btwn HWY416 IC66 RAMP62 & HWY416 IC72 RAMP24 (__3ZAZMZ),__3ZAZMZ,01 - Non intersection,03 - P.D. only,07 - SMV other,02 - Rain,07 - Dark,02 - Wet,10 - No control,,1,0,0,0,,0,,,,,360307.0547,5017870.606,45.29859588,-75.79225795,7889
17--3954,4/6/2017,9:59 PM,MARCH RD btwn HALTON TERR/MAXWELL BRIDGE RD & MAXWELL RD (__3ZA2GD),__3ZA2GD,01 - Non intersection,03 - P.D. only,03 - Rear end,02 - Rain,07 - Dark,02 - Wet,10 - No control,,2,0,0,0,,0,,,,,348863.2814,5024495.771,45.35902185,-75.93757398,7890
17--3955,4/7/2017,1:12 PM,CARP RD btwn GALETTA SIDE RD & STYLES SIDE RD (__3ZA4RT),__3ZA4RT,01 - Non intersection,03 - P.D. only,07 - SMV other,01 - Clear,01 - Daylight,01 - Dry,10 - No control,,1,0,0,0,,0,,,,,328218.1403,5035270.392,45.45697041,-76.20057262,7891
17--3956,4/7/2017,1:14 PM,ALBION RD btwn DEL ZOTTO AVE & HIGH RD (__3ZBOF9),__3ZBOF9,01 - Non intersection,03 - P.D. only,07 - SMV other,02 - Rain,01 - Daylight,02 - Wet,10 - No control,,1,0,0,0,,0,,,,,374528.4213,5017980.844,45.29832029,-75.61093277,7892
17--4146,4/13/2017,3:00 PM,CHURCHILL AVE   N btwn RICHMOND RD & DANFORTH AVE (__3ZBOGA),__3ZBOGA,01 - Non intersection,03 - P.D. only,06 - SMV unattended vehicle,01 - Clear,01 - Daylight,01 - Dry,10 - No control,,1,0,0,0,,0,,,,,363238.4493,5028263.326,45.391871,-75.75365649,7893
17--3957,4/7/2017,1:35 PM,BANK ST @ WALKLEY RD (0011423),11423,02 - Intersection related,02 - Non-fatal injury,03 - Rear end,02 - Rain,01 - Daylight,02 - Wet,01 - Traffic signal,00 - Unknown,2,0,0,0,01 - Minimal,2,2,,,,370338.1865,5025947.735,45.37040765,-75.66329916,7894
17--3958,4/7/2017,1:44 PM,ST. PATRICK ST btwn CUMBERLAND ST & KING EDWARD AVE (__3ZA3WD),__3ZA3WD,01 - Non intersection,03 - P.D. only,04 - Sideswipe,01 - Clear,01 - Daylight,01 - Dry,10 - No control,,2,0,0,0,,0,,,,,368154.9162,5032763.564,45.43193516,-75.69029373,7895
17--3959,4/7/2017,1:46 AM,BANK ST @ WALKLEY RD (0011423),11423,03 - At intersection,02 - Non-fatal injury,07 - SMV other,02 - Rain,07 - Dark,02 - Wet,01 - Traffic signal,01 - Functioning,1,0,0,0,02 - Minor,1,,1,,,370338.1865,5025949.073,45.37041969,-75.66329899,7896
17--396,1/9/2017,12:25 AM,ORLEANS BLVD btwn BOYER RD & BEAUSEJOUR DR (__3ZBOGM),__3ZBOGM,01 - Non intersection,03 - P.D. only,03 - Rear end,01 - Clear,07 - Dark,03 - Loose snow,10 - No control,,2,0,0,0,,0,,,,,380996.276,5035521.931,45.45547159,-75.52576972,7897
17--3960,4/7/2017,1:48 PM,RIVERSIDE DR @ HERON RD (0002236),2236,03 - At intersection,02 - Non-fatal injury,05 - Turning movement,01 - Clear,01 - Daylight,02 - Wet,01 - Traffic signal,01 - Functioning,2,0,0,0,02 - Minor,1,,1,,,368121.8384,5026645.718,45.37689168,-75.69150206,7898
17--3961,4/7/2017,1:52 PM,MCARTHUR AVE btwn MAY ST & ST. LAURENT BLVD (__3ZA3XL),__3ZA3XL,04 - At/near private drive,03 - P.D. only,03 - Rear end,01 - Clear,01 - Daylight,01 - Dry,10 - No control,,2,0,0,0,,0,,,,,371793.8002,5032864.475,45.43250398,-75.64377839,7899
17--3962,4/7/2017,10:12 PM,BEATRICE DR @ STRANDHERD DR (0005447),5447,03 - At intersection,03 - P.D. only,05 - Turning movement,01 - Clear,07 - Dark,01 - Dry,01 - Traffic signal,01 - Functioning,2,0,0,0,,0,,,,,365528.3803,5015320.813,45.27522106,-75.72600143,7900
17--3963,4/7/2017,11:00 PM,MARCH RD btwn PETER ROBINSON RD & CORKERY RD (__3ZA2RJ),__3ZA2RJ,01 - Non intersection,03 - P.D. only,07 - SMV other,01 - Clear,07 - Dark,01 - Dry,10 - No control,,1,0,0,0,,0,,,,,335266.1497,5015511.565,45.27890009,-76.11167619,7901
17--3964,4/7/2017,11:13 PM,BANK ST @ HERON RD (0002155),2155,02 - Intersection related,03 - P.D. only,03 - Rear end,01 - Clear,07 - Dark,01 - Dry,01 - Traffic signal,01 - Functioning,3,0,0,0,,0,,,,,369995.3856,5026850.873,45.37856578,-75.66755589,7902
17--4147,4/13/2017,3:32 PM,KANATA AVE @ LORD BYNG WAY/MARITIME WAY (0009115),9115,02 - Intersection related,02 - Non-fatal injury,03 - Rear end,01 - Clear,01 - Daylight,01 - Dry,01 - Traffic signal,01 - Functioning,3,0,0,0,01 - Minimal,3,3,,,,351427.5669,5019332.626,45.31239694,-75.90533151,7903
17--4148,4/13/2017,3:38 PM,CARLING AVE @ RICHMOND RD (0010847),10847,02 - Intersection related,03 - P.D. only,03 - Rear end,01 - Clear,01 - Daylight,01 - Dry,01 - Traffic signal,01 - Functioning,2,0,0,0,,0,,,,,360246.0135,5024781.512,45.36078515,-75.79226214,7904
17--4149,4/13/2017,3:45 PM,BOTELER ST @ SUSSEX DR (0011436),11436,02 - Intersection related,02 - Non-fatal injury,03 - Rear end,01 - Clear,01 - Daylight,01 - Dry,01 - Traffic signal,01 - Functioning,2,0,0,0,02 - Minor,1,,1,,,367450.9771,5032952.64,45.43369982,-75.69926546,7905
17--415,1/9/2017,7:00 AM,RUSSLAND RD btwn ROCKDALE RD & DUNNING RD (__3ZA3KV),__3ZA3KV,01 - Non intersection,03 - P.D. only,03 - Rear end,01 - Clear,03 - Dawn,06 - Ice,10 - No control,,2,0,0,0,,0,,,,,396193.0128,5022575.352,45.33717244,-75.33390293,7906
17--4150,4/13/2017,4:10 PM,ALBION RD @ BANK ST (0012409),12409,03 - At intersection,03 - P.D. only,05 - Turning movement,01 - Clear,01 - Daylight,01 - Dry,01 - Traffic signal,01 - Functioning,2,0,0,0,,0,,,,,371947.0624,5024128.831,45.3538895,-75.64300868,7907
17--4151,4/13/2017,4:14 PM,CHAPMAN MILLS DR/TRANSITWAY SOUTHWEST @ WOODROFFE AVE (0013563),13563,03 - At intersection,03 - P.D. only,04 - Sideswipe,01 - Clear,01 - Daylight,01 - Dry,01 - Traffic signal,01 - Functioning,2,0,0,0,,0,,,,,366177.0901,5015219.37,45.27425195,-75.71774677,7908
17--4152,4/13/2017,4:21 PM,NEPEAN ST @ BANK ST (0006938),6938,02 - Intersection related,03 - P.D. only,02 - Angle,01 - Clear,01 - Daylight,01 - Dry,02 - Stop sign,01 - Functioning,2,0,0,0,,0,,,,,367563.0396,5031134.245,45.41732845,-75.69806505,7909
17--4153,4/13/2017,4:24 PM,HERZBERG RD @ CARLING AVE (0003193),3193,02 - Intersection related,03 - P.D. only,03 - Rear end,01 - Clear,01 - Daylight,01 - Dry,01 - Traffic signal,01 - Functioning,2,0,0,0,,0,,,,,352037.9545,5022299.824,45.33905562,-75.89726423,7910
17--4154,4/13/2017,4:37 PM,HIGHWAY 417 btwn HIGHWAY 417 & HWY417 IC115 RAMP61 (__3ZA2YH),__3ZA2YH,01 - Non intersection,03 - P.D. only,04 - Sideswipe,01 - Clear,01 - Daylight,01 - Dry,10 - No control,,2,0,0,0,,0,,,,,372582.4291,5031535.632,45.42047169,-75.63388326,7911
17--4155,4/13/2017,4:48 PM,BANK ST btwn FIFTH AVE & REGENT ST (__3ZA3OU),__3ZA3OU,01 - Non intersection,03 - P.D. only,04 - Sideswipe,01 - Clear,01 - Daylight,01 - Dry,10 - No control,,2,0,0,0,,0,,,,,368403.0612,5029391.863,45.40157521,-75.68755782,7912
17--4156,4/13/2017,4:50 PM,CLARENCE ST @ WURTEMBURG ST (0008611),8611,03 - At intersection,03 - P.D. only,05 - Turning movement,01 - Clear,01 - Daylight,01 - Dry,02 - Stop sign,00 - Unknown,2,0,0,0,,0,,,,,369192.381,5033200.585,45.43577254,-75.67697863,7913
17--4157,4/13/2017,5:05 PM,HIGHWAY 417 btwn HWY417 IC122 RAMP15 & HWY417 IC121B RAMP51 (__3ZA2RB),__3ZA2RB,01 - Non intersection,02 - Non-fatal injury,03 - Rear end,01 - Clear,01 - Daylight,01 - Dry,10 - No control,,5,0,0,0,02 - Minor,3,2,1,,,366563.0827,5029507.861,45.40278368,-75.71104423,7914
17--4158,4/13/2017,5:15 PM,LAURIER AVE   E btwn NICHOLAS ST & WALLER ST (__5D2DXE),__5D2DXE,01 - Non intersection,03 - P.D. only,04 - Sideswipe,01 - Clear,01 - Daylight,01 - Dry,10 - No control,,2,0,0,0,,0,,,,,368411.1556,5031826.396,45.42347959,-75.68714024,7915
17--4159,4/13/2017,5:27 PM,BASELINE RD/HERON RD @ PRINCE OF WALES DR (0002345),2345,02 - Intersection related,03 - P.D. only,03 - Rear end,01 - Clear,01 - Daylight,01 - Dry,01 - Traffic signal,01 - Functioning,2,0,0,0,,0,,,,,366873.2748,5026438.586,45.37513968,-75.7074683,7916
17--416,1/9/2017,7:02 AM,OLD MONTREAL RD btwn KING ARTHUR ST & QUIGLEY HILL RD (__3ZA3M1),__3ZA3M1,01 - Non intersection,03 - P.D. only,03 - Rear end,01 - Clear,03 - Dawn,06 - Ice,10 - No control,,2,0,0,0,,0,,,,,388594.4332,5041466.138,45.50808113,-75.42762334,7917
17--4160,4/13/2017,5:43 PM,REGIONAL ROAD 174 EB btwn HWY417 IC113 RAMP65 & OR174 BLAIR IC112 RAMP51 (__3ZAZFJ),__3ZAZFJ,01 - Non intersection,03 - P.D. only,04 - Sideswipe,01 - Clear,01 - Daylight,01 - Dry,10 - No control,,2,0,0,0,,0,,,,,374725.2408,5032764.726,45.43131953,-75.60633145,7918
17--4161,4/13/2017,5:51 PM,MERIVALE RD btwn WEST HUNT CLUB RD & JAMIE AVE (__3ZA3JU),__3ZA3JU,04 - At/near private drive,03 - P.D. only,05 - Turning movement,01 - Clear,01 - Daylight,01 - Dry,10 - No control,,2,0,1,0,,0,,,,,365651.1567,5021854.204,45.33399736,-75.72363472,7919
17--4162,4/13/2017,5:55 PM,ALBION RD @ BANK ST (0012409),12409,02 - Intersection related,03 - P.D. only,03 - Rear end,01 - Clear,01 - Daylight,01 - Dry,01 - Traffic signal,01 - Functioning,3,0,0,0,,0,,,,,371947.0624,5024130.837,45.35390755,-75.64300841,7920
17--4163,4/13/2017,6:03 PM,WEST HUNT CLUB RD @ WOODROFFE AVE (0000576),576,02 - Intersection related,03 - P.D. only,03 - Rear end,01 - Clear,01 - Daylight,01 - Dry,01 - Traffic signal,01 - Functioning,2,0,0,0,,0,,,,,363671.0255,5021245.151,45.32868606,-75.7489683,7921
17--4164,4/13/2017,6:18 PM,HIGHWAY 417 btwn HWY417 IC129 RAMP25 & TRANSIT (__3ZA2SH),__3ZA2SH,01 - Non intersection,03 - P.D. only,03 - Rear end,01 - Clear,01 - Daylight,01 - Dry,10 - No control,,3,0,0,0,,0,,,,,361534.296,5024361.811,45.35690564,-75.77586741,7922
17--4165,4/13/2017,6:34 PM,BANK ST @ CONROY RD (0012398),12398,02 - Intersection related,02 - Non-fatal injury,03 - Rear end,01 - Clear,01 - Daylight,01 - Dry,01 - Traffic signal,01 - Functioning,2,0,0,0,01 - Minimal,1,1,,,,375044.2406,5022237.48,45.33656851,-75.60375305,7923
17--4166,4/13/2017,6:38 PM,CAMBRIAN RD/GOLFLINKS DR W @ LONGFIELDS DR (0009702),9702,03 - At intersection,03 - P.D. only,02 - Angle,01 - Clear,01 - Daylight,01 - Dry,11 - Roundabout,01 - Functioning,2,0,0,0,,0,,,,,365382.691,5013223.419,45.2563613,-75.72811393,7924
17--4167,4/13/2017,6:55 PM,HIGHWAY 417 btwn HWY417 IC127 RAMP67 & HWY417 IC126 RAMP16 (__3ZA2X0),__3ZA2X0,01 - Non intersection,03 - P.D. only,03 - Rear end,01 - Clear,01 - Daylight,01 - Dry,10 - No control,,2,0,0,0,,0,,,,,363015.9656,5025657.213,45.36844007,-75.75680498,7925
17--4168,4/13/2017,7:00 AM,HIGHWAY 417 btwn HWY417 IC122 RAMP15 & HWY417 IC121B RAMP51 (__3ZA2RB),__3ZA2RB,01 - Non intersection,03 - P.D. only,03 - Rear end,01 - Clear,01 - Daylight,01 - Dry,10 - No control,,4,0,0,0,,0,,,,,366065.2629,5029317.191,45.40111182,-75.71742642,7926
17--4169,4/13/2017,7:05 PM,BUFFLEHEAD WAY btwn GOLDEN SEDGE WAY & SPARTINA ST (__67PTOD),__67PTOD,04 - At/near private drive,03 - P.D. only,06 - SMV unattended vehicle,01 - Clear,01 - Daylight,01 - Dry,10 - No control,,1,0,0,0,,0,,,,,374682.2148,5020012.398,45.31658422,-75.60868563,7927
17--417,1/9/2017,7:03 AM,HWY 417 INNES IC112R57 @ INNES RD (0012298),12298,02 - Intersection related,03 - P.D. only,03 - Rear end,01 - Clear,03 - Dawn,02 - Wet,01 - Traffic signal,01 - Functioning,2,0,0,0,,0,,,,,374299.9848,5030753.28,45.41326398,-75.61204947,7928
17--4170,4/13/2017,7:32 PM,ALBERT ST @ PRESTON ST (0002217),2217,02 - Intersection related,02 - Non-fatal injury,03 - Rear end,01 - Clear,01 - Daylight,01 - Dry,01 - Traffic signal,01 - Functioning,2,0,0,0,02 - Minor,1,,1,,,366161.0315,5030465.24,45.41143328,-75.71606035,7929
17--4171,4/13/2017,7:41 AM,BAY ST @ FLORA ST (0007455),7455,02 - Intersection related,03 - P.D. only,99 - Other,01 - Clear,01 - Daylight,01 - Dry,02 - Stop sign,01 - Functioning,2,0,0,0,,0,,,,,367546.048,5030151.902,45.40849115,-75.69840719,7930
17--4172,4/13/2017,7:50 AM,HIGHWAY 417 btwn HWY417 IC142 RAMP35 & HWY417 IC142 RAMP25 (__3ZA1ZO),__3ZA1ZO,01 - Non intersection,03 - P.D. only,04 - Sideswipe,01 - Clear,01 - Daylight,01 - Dry,10 - No control,,2,0,0,0,,0,,,,,349024.1571,5017293.188,45.29420092,-75.93616401,7931
17--4173,4/13/2017,8:05 PM,GREENBANK RD @ MALVERN DR/FOXFIELD DR (0009821),9821,03 - At intersection,02 - Non-fatal injury,05 - Turning movement,01 - Clear,07 - Dark,01 - Dry,01 - Traffic signal,01 - Functioning,2,0,0,0,01 - Minimal,1,1,,,,363310.6831,5016193.764,45.28326393,-75.75416119,7932
17--4174,4/13/2017,8:30 AM,BANK ST @ SECOND AVE (0007231),7231,02 - Intersection related,03 - P.D. only,04 - Sideswipe,01 - Clear,01 - Daylight,01 - Dry,02 - Stop sign,01 - Functioning,2,0,0,0,,0,,,,,368306.7087,5029627.223,45.40370165,-75.68875815,7933
17--4175,4/13/2017,8:48 PM,HAWTHORNE AVE/ISABELLA ST @ QUEEN ELIZABETH DR (0002105),2105,02 - Intersection related,03 - P.D. only,04 - Sideswipe,01 - Clear,07 - Dark,01 - Dry,01 - Traffic signal,01 - Functioning,2,0,0,0,,0,,,,,368664.9682,5030477.313,45.41131789,-75.68407205,7934
17--4176,4/13/2017,8:51 AM,MITCH OWENS RD btwn 8TH LINE RD & ANDERSON RD (__3ZA20Q),__3ZA20Q,01 - Non intersection,03 - P.D. only,07 - SMV other,01 - Clear,01 - Daylight,01 - Dry,10 - No control,,1,0,0,0,,0,,,,,382534.8031,5018878.42,45.30555594,-75.5087218,7935
17--4177,4/13/2017,8:52 PM,MCARTHUR AVE btwn MARGUERITE AVE & MAYFIELD ST (__3ZA1HW),__3ZA1HW,01 - Non intersection,03 - P.D. only,06 - SMV unattended vehicle,01 - Clear,07 - Dark,01 - Dry,10 - No control,,1,0,0,0,,0,,,,,370040.4084,5032671.253,45.43093122,-75.66621099,7936
17--4178,4/13/2017,9:10 PM,HIGHWAY 417 btwn RAMP & HWY417 IC129 RAMP76 (__3ZA2X8),__3ZA2X8,01 - Non intersection,03 - P.D. only,04 - Sideswipe,01 - Clear,07 - Dark,01 - Dry,10 - No control,,2,0,0,0,,0,,,,,360213.07,5023362.742,45.3480217,-75.79284164,7937
17--4179,4/13/2017,9:13 AM,REGIONAL ROAD 174 btwn OR174 IC105 RAMP26 & OR174 IC105 RAMP63 (__3ZA2XB),__3ZA2XB,01 - Non intersection,02 - Non-fatal injury,03 - Rear end,01 - Clear,01 - Daylight,01 - Dry,10 - No control,,2,0,0,0,01 - Minimal,2,2,,,,379659.1764,5037172.928,45.47047052,-75.54261177,7938
17--418,1/9/2017,7:10 AM,COVENTRY RD @ VANIER PKWY (0002139),2139,02 - Intersection related,03 - P.D. only,03 - Rear end,01 - Clear,03 - Dawn,02 - Wet,01 - Traffic signal,01 - Functioning,2,0,0,0,,0,,,,,370675.5265,5031610.845,45.42133058,-75.65823672,7939
17--4180,4/13/2017,9:35 AM,CARLING AVE @ CARLINGWOOD SC (0008881),8881,03 - At intersection,03 - P.D. only,05 - Turning movement,01 - Clear,01 - Daylight,01 - Dry,01 - Traffic signal,01 - Functioning,2,0,0,0,,0,,,,,362072.6777,5025920.366,45.37088561,-75.76881565,7940
17--4181,4/14/2017,1:18 PM,TERRY FOX DR @ WESTPHALIAN AVE (0014366),14366,03 - At intersection,02 - Non-fatal injury,05 - Turning movement,01 - Clear,01 - Daylight,01 - Dry,01 - Traffic signal,01 - Functioning,2,0,0,0,02 - Minor,1,,1,,,353455.2261,5015759.789,45.28011017,-75.87982363,7941
17--4182,4/14/2017,1:50 PM,AIRPORT PARKWAY PRIV @ AIR CARGO PRIV (0012331),12331,02 - Intersection related,02 - Non-fatal injury,07 - SMV other,01 - Clear,01 - Daylight,01 - Dry,02 - Stop sign,00 - Unknown,1,0,0,0,02 - Minor,1,,1,,,370593.9699,5020833.694,45.32436904,-75.66071435,7942
17--4183,4/14/2017,10:25 PM,REGIONAL ROAD 174 EB btwn OR174 IC109 RAMP55 & TRANSIT (__3ZA28V),__3ZA28V,01 - Non intersection,03 - P.D. only,04 - Sideswipe,01 - Clear,07 - Dark,01 - Dry,10 - No control,,2,0,0,0,,0,,,,,376571.5499,5035205.414,45.45309226,-75.58238204,7943
17--4184,4/14/2017,10:30 AM,KENT ST @ SLATER ST (0002114),2114,02 - Intersection related,03 - P.D. only,05 - Turning movement,01 - Clear,01 - Daylight,01 - Dry,01 - Traffic signal,01 - Functioning,2,0,0,0,,0,,,,,367262.0419,5031251.918,45.41841417,-75.70189566,7944
17--4185,4/14/2017,11:12 PM,BASELINE RD @ WOODROFFE AVE (0002225),2225,03 - At intersection,03 - P.D. only,03 - Rear end,01 - Clear,07 - Dark,01 - Dry,01 - Traffic signal,01 - Functioning,2,0,0,0,,0,,,,,362550.0247,5023769.836,45.35149617,-75.76297329,7945
17--4186,4/14/2017,12:39 PM,KENT ST @ MACLAREN ST (0007603),7603,02 - Intersection related,03 - P.D. only,04 - Sideswipe,01 - Clear,01 - Daylight,01 - Dry,02 - Stop sign,00 - Unknown,2,0,0,0,,0,,,,,367573.0448,5030741.899,45.41379734,-75.6979872,7946
17--4187,4/14/2017,2:05 PM,HERON RD @ BRONSON AVE RAMP 52 (0002517),2517,02 - Intersection related,03 - P.D. only,03 - Rear end,01 - Clear,01 - Daylight,01 - Dry,10 - No control,,2,0,0,0,,0,,,,,368689.7103,5026696.689,45.37729875,-75.68424557,7947
17--4188,4/14/2017,3:36 PM,MCCORDICK RD btwn MCCORDICK RD & CENTURY RD W (__3ZAB0G),__3ZAB0G,01 - Non intersection,03 - P.D. only,07 - SMV other,01 - Clear,01 - Daylight,01 - Dry,10 - No control,,1,0,0,0,,0,,,,,360275.3859,5003351.867,45.16795627,-75.79428054,7948
17--4189,4/14/2017,3:41 PM,ACACIA AVE btwn RIDEAU TER & OAKHILL RD (__3ZA8C7),__3ZA8C7,01 - Non intersection,03 - P.D. only,06 - SMV unattended vehicle,01 - Clear,01 - Daylight,01 - Dry,10 - No control,,1,0,0,0,,0,,,,,369542.2727,5034190.341,45.44464565,-75.67237682,7949
17--419,1/9/2017,7:15 AM,BANK ST @ LEITRIM RD (0004125),4125,02 - Intersection related,03 - P.D. only,03 - Rear end,01 - Clear,03 - Dawn,02 - Wet,01 - Traffic signal,01 - Functioning,2,0,0,0,,0,,,,,375358.6126,5021617.78,45.33096117,-75.59983082,7950
17--4190,4/14/2017,4:01 PM,ALBERT ST @ ELGIN ST/MACKENZIE KING BRIDGE (0002226),2226,02 - Intersection related,03 - P.D. only,07 - SMV other,01 - Clear,01 - Daylight,01 - Dry,01 - Traffic signal,00 - Unknown,1,0,0,0,,0,,,,,367850.3245,5031711.362,45.42249533,-75.69432087,7951