Anom_ID,Accident_Date,Accident_Time,Location,Geo_ID,Accident_Location,Classification_of_Accident,Initial_Impact_Type,Environment_Condition,Light,Road_Surface_Condition,Traffic_Control,Traffic_Control_Condition,No__of_Vehicles,No__of_Bicycles,No__of_Motorcycles,No__of_Pedestrians,Max_Injury,No__of_Injuries,No__of_Minimal,No__of_Minor,No__of_Major,No__of_Fatal,X,Y,Latitude,Longitude,ObjectId
17--4191,4/14/2017,4:20 AM,MONTREAL RD @ BATHGATE DR/BURMA RD (0007650),7650,03 - At intersection,03 - P.D. only,04 - Sideswipe,01 - Clear,07 - Dark,01 - Dry,01 - Traffic signal,01 - Functioning,2,0,0,0,,0,,,,,373224.388,5034515.923,45.44722434,-75.62526714,7952
17--4192,4/14/2017,4:25 PM,SAUNDERSON DR @ PLEASANT PARK RD (0008313),8313,03 - At intersection,02 - Non-fatal injury,02 - Angle,01 - Clear,01 - Daylight,01 - Dry,02 - Stop sign,01 - Functioning,2,0,0,0,02 - Minor,2,,2,,,373145.551,5028668.495,45.39461974,-75.62708604,7953
17--4193,4/14/2017,5:42 PM,JEANNE D'ARC BLVD @ FORTUNE DR/VINEYARD DR (0004393),4393,03 - At intersection,03 - P.D. only,02 - Angle,01 - Clear,01 - Daylight,01 - Dry,01 - Traffic signal,01 - Functioning,2,0,0,0,,0,,,,,379238.1706,5037374.352,45.47232778,-75.54796483,7954
17--4194,4/14/2017,6:09 PM,EQUESTRIAN DR btwn REIN TER & SADDLEHORN CRES (__3ZA6LT),__3ZA6LT,01 - Non intersection,03 - P.D. only,03 - Rear end,01 - Clear,01 - Daylight,01 - Dry,10 - No control,,2,0,0,0,,0,,,,,354939.9595,5016763.38,45.28903637,-75.86079846,7955
17--4195,4/14/2017,6:13 PM,GREENBANK RD btwn HARRISON ST & BANNER RD (__3ZBOCZ),__3ZBOCZ,01 - Non intersection,02 - Non-fatal injury,03 - Rear end,01 - Clear,01 - Daylight,01 - Dry,10 - No control,,2,0,0,0,01 - Minimal,1,1,,,,360877.4743,5021912.511,45.33491973,-75.78452783,7956
17--4196,4/14/2017,7:30 PM,BLAIR RD @ MEADOWBROOK RD (0004163),4163,02 - Intersection related,03 - P.D. only,04 - Sideswipe,01 - Clear,05 - Dusk,01 - Dry,01 - Traffic signal,00 - Unknown,2,0,0,0,,0,,,,,375194.4001,5032312.238,45.42720123,-75.60040085,7957
17--4197,4/14/2017,8:43 PM,HIGHWAY 416 btwn HWY416 IC57 RAMP34 & HWY416 IC57 RAMP43 (__3ZAZEJ),__3ZAZEJ,01 - Non intersection,03 - P.D. only,07 - SMV other,01 - Clear,07 - Dark,01 - Dry,10 - No control,,1,0,0,0,,0,,,,,364610.657,5008212.094,45.21133515,-75.738552,7958
17--4198,4/14/2017,8:43 PM,HIGHWAY 416 btwn HIGHWAY 416 & HWY416 IC57 RAMP52 (__3ZAZEK),__3ZAZEK,01 - Non intersection,03 - P.D. only,07 - SMV other,01 - Clear,07 - Dark,01 - Dry,10 - No control,,1,0,0,0,,0,,,,,364669.9238,5008191.774,45.21114728,-75.73779999,7959
17--4199,4/14/2017,8:57 PM,BLACKBURN BYPASS WB btwn NAVAN RD & 1700 W OF NAVAN RD (__3ZA3J5B),__3ZA3J5B,01 - Non intersection,03 - P.D. only,04 - Sideswipe,01 - Clear,07 - Dark,01 - Dry,10 - No control,,2,0,0,0,,0,,,,,379601.3591,5033257.84,45.43525168,-75.54394651,7960
17--42,1/3/2017,1:00 PM,BLACKBURN BYPASS @ INNES RD E (0009245),9245,02 - Intersection related,03 - P.D. only,03 - Rear end,04 - Freezing Rain,01 - Daylight,04 - Slush,01 - Traffic signal,00 - Unknown,2,0,0,0,,0,,,,,379792.8756,5033779.389,45.43992368,-75.54141958,7961
17--420,1/9/2017,7:15 AM,HWY417 IC110 RAMP54 btwn HWY417 IC110 RAMP58 & HIGHWAY 417 (__3ZAYAO),__3ZAYAO,01 - Non intersection,03 - P.D. only,03 - Rear end,01 - Clear,03 - Dawn,01 - Dry,10 - No control,,2,0,0,0,,0,,,,,375607.9391,5029612.393,45.40286778,-75.59550463,7962
17--4200,4/14/2017,9:24 PM,CRAWFORD SIDE RD @ ONDROVIC GT (0005433),5433,02 - Intersection related,03 - P.D. only,07 - SMV other,01 - Clear,07 - Dark,01 - Dry,10 - No control,00 - Unknown,1,0,0,0,,0,,,,,342795.845,5006614.097,45.19846936,-76.01638491,7963
17--4201,4/15/2017,1:06 PM,HIGHWAY 417 btwn HWY417 IC117 RAMP61 & HWY417 IC115 RAMP36 (__3ZA2RZ),__3ZA2RZ,01 - Non intersection,03 - P.D. only,03 - Rear end,01 - Clear,01 - Daylight,01 - Dry,10 - No control,,2,0,0,0,,0,,,,,371876.3431,5031457.134,45.41983346,-75.64291522,7964
17--4202,4/15/2017,1:19 PM,MERIVALE RD btwn VIEWMOUNT DR & COLONNADE RD (__3ZA33F),__3ZA33F,01 - Non intersection,03 - P.D. only,07 - SMV other,01 - Clear,01 - Daylight,01 - Dry,10 - No control,,1,0,0,0,,0,,,,,365234.8342,5022851.505,45.34300692,-75.72882405,7965
17--4203,4/15/2017,10:00 PM,HIGHWAY 417 btwn HIGHWAY 417 & HIGHWAY 417 (2) (__3ZA2UZ),__3ZA2UZ,01 - Non intersection,03 - P.D. only,03 - Rear end,02 - Rain,07 - Dark,02 - Wet,10 - No control,,2,0,0,0,,0,,,,,375323.638,5030414.496,45.41011337,-75.59902109,7966
17--4204,4/15/2017,11:17 PM,OTTAWA RIVER PKWY WB btwn WOODROFFE AVE & TRANSIT (__3ZA23K),__3ZA23K,01 - Non intersection,03 - P.D. only,03 - Rear end,"07 - Fog, mist, smoke, dust",07 - Dark,02 - Wet,10 - No control,,2,0,0,0,,0,,,,,362149.453,5027624.444,45.38621244,-75.76763764,7967
17--4205,4/15/2017,11:45 AM,ROCKDALE RD S @ HIGHWAY 417 (0004639),4639,03 - At intersection,03 - P.D. only,03 - Rear end,01 - Clear,01 - Daylight,01 - Dry,02 - Stop sign,01 - Functioning,2,0,0,0,,0,,,,,395261.9194,5022265.103,45.33450184,-75.34583716,7968
17--4206,4/15/2017,11:54 AM,INDUSTRIAL AVE @ RIVERSIDE DR (0011905),11905,02 - Intersection related,03 - P.D. only,03 - Rear end,01 - Clear,01 - Daylight,01 - Dry,01 - Traffic signal,01 - Functioning,2,0,0,0,,0,,,,,370684.3842,5030593.222,45.41217359,-75.6582596,7969
17--4207,4/15/2017,Unknown,BRUNSWICK ST btwn EVELYN AVE & SPRINGHURST AVE (__3ZAZPT),__3ZAZPT,01 - Non intersection,03 - P.D. only,06 - SMV unattended vehicle,01 - Clear,00 - Unknown,01 - Dry,10 - No control,,1,0,0,0,,0,,,,,369500.0166,5030684.758,45.4131077,-75.6733775,7970
17--4208,4/15/2017,12:07 PM,VIEWMOUNT DR @ MERIVALE RD (0001528),1528,02 - Intersection related,03 - P.D. only,03 - Rear end,01 - Clear,01 - Daylight,01 - Dry,01 - Traffic signal,01 - Functioning,3,0,0,0,,0,,,,,365193.3627,5022949.833,45.34389524,-75.72934119,7971
17--4209,4/15/2017,12:32 PM,TWEEDSMUIR AVE btwn Continuation of TWEEDSMUIR AVE & BYRON AVE (__3ZA1WW),__3ZA1WW,01 - Non intersection,03 - P.D. only,06 - SMV unattended vehicle,01 - Clear,01 - Daylight,01 - Dry,10 - No control,,1,0,0,0,,0,,,,,363576.8421,5028349.664,45.39261953,-75.74932481,7972
17--421,1/9/2017,7:18 PM,HAZELDEAN RD @ TERRY FOX DR (0003682),3682,02 - Intersection related,03 - P.D. only,03 - Rear end,03 - Snow,07 - Dark,04 - Slush,01 - Traffic signal,01 - Functioning,2,0,0,0,,0,,,,,352208.4694,5017242.451,45.29353675,-75.89557265,7973
17--4210,4/15/2017,12:49 PM,OTTAWA RIVER PKWY WB btwn TUNNEY'S PASTURE/REMIC RAPIDS ENT & PARKDALE (__3ZA24KA),__3ZA24KA,01 - Non intersection,03 - P.D. only,04 - Sideswipe,01 - Clear,01 - Daylight,01 - Dry,10 - No control,,2,0,0,0,,0,,,,,363651.8329,5029901.029,45.40657213,-75.74818203,7974
17--4211,4/15/2017,12:55 PM,NEPEAN ST @ O'CONNOR ST (0006942),6942,03 - At intersection,03 - P.D. only,02 - Angle,01 - Clear,01 - Daylight,01 - Dry,02 - Stop sign,01 - Functioning,2,0,0,0,,0,,,,,367721.7132,5031228.591,45.41816309,-75.6960258,7975
17--4212,4/15/2017,2:21 PM,CARP RD @ HAZELDEAN RD (0000086),86,02 - Intersection related,03 - P.D. only,03 - Rear end,02 - Rain,01 - Daylight,02 - Wet,01 - Traffic signal,01 - Functioning,4,0,0,0,,0,,,,,348803.5726,5014359.767,45.26781882,-75.9392363,7976
17--4213,4/15/2017,2:30 PM,BASELINE RD @ ZENA ST (0002730),2730,02 - Intersection related,01 - Fatal injury,07 - SMV other,01 - Clear,01 - Daylight,01 - Dry,02 - Stop sign,00 - Unknown,1,0,0,0,04 - Fatal,2,,,,2,365630.2932,5025687.883,45.36849401,-75.72342926,7977
17--4214,4/15/2017,2:53 PM,4TH LINE RD btwn FOREST RD & SPRINGHILL RD (__3ZA7I8),__3ZA7I8,01 - Non intersection,03 - P.D. only,07 - SMV other,02 - Rain,01 - Daylight,02 - Wet,10 - No control,,1,0,0,0,,0,,,,,379995.1869,5003713.888,45.16938815,-75.54339482,7978
17--4215,4/15/2017,3:14 PM,BASELINE RD @ LOBLAWS SC (0009097),9097,02 - Intersection related,03 - P.D. only,03 - Rear end,02 - Rain,01 - Daylight,02 - Wet,01 - Traffic signal,01 - Functioning,2,0,0,0,,0,,,,,364743.6544,5025127.49,45.36352807,-75.73481522,7979
17--4216,4/15/2017,3:23 PM,CYRVILLE RD @ INNES RD (0009352),9352,02 - Intersection related,02 - Non-fatal injury,03 - Rear end,02 - Rain,01 - Daylight,02 - Wet,01 - Traffic signal,01 - Functioning,2,0,0,0,02 - Minor,1,,1,,,375047.3903,5031118.895,45.41647896,-75.60244948,7980
17--4217,4/15/2017,3:32 PM,BRIDLEWOOD DR btwn SPEERS CRES & SPEERS CRES (__3ZA6MW),__3ZA6MW,01 - Non intersection,03 - P.D. only,07 - SMV other,01 - Clear,01 - Daylight,02 - Wet,10 - No control,,1,0,0,0,,0,,,,,354751.0553,5017422.764,45.2949831,-75.86314013,7981
17--4218,4/15/2017,4:18 PM,HAWTHORNE RD/RUSSELL RD @ WALKLEY RD (0002618),2618,02 - Intersection related,02 - Non-fatal injury,03 - Rear end,02 - Rain,01 - Daylight,02 - Wet,01 - Traffic signal,01 - Functioning,2,0,0,0,02 - Minor,1,,1,,,374675.7472,5028498.872,45.39294254,-75.60756866,7982
17--4219,4/15/2017,4:26 PM,MILTON RD btwn PERRAULT RD & RUSSELL RD (__3ZBOGV),__3ZBOGV,01 - Non intersection,03 - P.D. only,07 - SMV other,02 - Rain,01 - Daylight,02 - Wet,10 - No control,,1,0,0,0,,0,,,,,389324.5433,5026422.289,45.37264463,-75.42086481,7983
17--422,1/9/2017,7:19 AM,GILLESPIE CRES btwn HACKETT ST & VANHURST PL (__3ZA9AG),__3ZA9AG,04 - At/near private drive,03 - P.D. only,06 - SMV unattended vehicle,01 - Clear,03 - Dawn,01 - Dry,10 - No control,,1,0,0,0,,0,,,,,368442.4537,5023232.432,45.34615074,-75.68784838,7984
17--4220,4/15/2017,4:30 PM,PRINCE OF WALES DR @ MEADOWLANDS DR/HOG'S BACK (0001629),1629,02 - Intersection related,03 - P.D. only,04 - Sideswipe,02 - Rain,01 - Daylight,02 - Wet,01 - Traffic signal,01 - Functioning,2,0,0,0,,0,,,,,367372.4284,5025691.439,45.36837263,-75.70119053,7985
17--4221,4/15/2017,4:47 AM,HERON RD @ WALKLEY RD (0011256),11256,03 - At intersection,02 - Non-fatal injury,07 - SMV other,01 - Clear,07 - Dark,01 - Dry,01 - Traffic signal,01 - Functioning,1,0,0,0,02 - Minor,1,,1,,,372266.1718,5027082.117,45.38043144,-75.6385331,7986
17--4222,4/15/2017,4:55 PM,MCARTHUR AVE @ VANIER PKWY (0004626),4626,02 - Intersection related,03 - P.D. only,03 - Rear end,02 - Rain,01 - Daylight,02 - Wet,01 - Traffic signal,01 - Functioning,3,0,0,0,,0,,,,,370218.705,5032689.876,45.43108213,-75.66393008,7987
17--4223,4/15/2017,5:08 PM,BLAIR RD @ REGIONAL RD 174 N/OR174 IC112 RAMP61 (0003617),3617,03 - At intersection,03 - P.D. only,05 - Turning movement,02 - Rain,01 - Daylight,02 - Wet,01 - Traffic signal,01 - Functioning,2,0,0,0,,0,,,,,374634.8868,5032991.704,45.43337078,-75.60745387,7988
17--4224,4/15/2017,6:01 PM,HUNT CLUB RD @ DOWNPATRICK RD/MCCARTHY RD (0006931),6931,02 - Intersection related,03 - P.D. only,03 - Rear end,02 - Rain,05 - Dusk,02 - Wet,01 - Traffic signal,00 - Unknown,2,0,0,0,,0,,,,,370508.6812,5023400.272,45.3474704,-75.66146141,7989
17--4225,4/15/2017,6:20 PM,BOOTH ST @ GLADSTONE AVE (0002211),2211,03 - At intersection,03 - P.D. only,02 - Angle,02 - Rain,01 - Daylight,02 - Wet,01 - Traffic signal,01 - Functioning,2,1,0,0,,0,,,,,366767.0332,5029849.893,45.40584317,-75.70839625,7990
17--4226,4/15/2017,6:28 PM,BANK ST @ RIVERSIDE DR S (0002704),2704,02 - Intersection related,03 - P.D. only,07 - SMV other,02 - Rain,01 - Daylight,02 - Wet,01 - Traffic signal,00 - Unknown,1,0,0,0,,0,,,,,369305.0516,5027893.215,45.38800834,-75.67623326,7991
17--4227,4/15/2017,7:11 PM,STRANDHERD DR btwn LONGFIELDS DR & CLARIDGE DR (__4BRV9S),__4BRV9S,01 - Non intersection,03 - P.D. only,07 - SMV other,02 - Rain,05 - Dusk,02 - Wet,10 - No control,,1,0,0,0,,0,,,,,364577.9075,5015192.723,45.27414995,-75.73812979,7992
17--4228,4/15/2017,7:12 AM,BESSERER ST @ CUMBERLAND ST (0011559),11559,03 - At intersection,03 - P.D. only,04 - Sideswipe,01 - Clear,01 - Daylight,01 - Dry,01 - Traffic signal,01 - Functioning,2,0,0,0,,0,,,,,368417.7063,5032256.574,45.42734959,-75.68700098,7993
17--4229,4/15/2017,7:45 PM,BASELINE RD @ NAVAHO DR (0003158),3158,02 - Intersection related,03 - P.D. only,03 - Rear end,02 - Rain,07 - Dark,02 - Wet,01 - Traffic signal,01 - Functioning,2,0,0,0,,0,,,,,363085.2173,5024097.27,45.35439811,-75.75610495,7994
17--423,1/9/2017,7:20 PM,CUMMINGS AVE @ DONALD ST (0009936),9936,03 - At intersection,03 - P.D. only,05 - Turning movement,01 - Clear,07 - Dark,01 - Dry,01 - Traffic signal,01 - Functioning,2,0,0,0,,0,,,,,372649.8635,5032413.296,45.42836196,-75.6329008,7995
17--4230,4/15/2017,7:55 PM,BANNER RD @ GREENBANK RD (0000644),644,03 - At intersection,03 - P.D. only,05 - Turning movement,01 - Clear,07 - Dark,01 - Dry,01 - Traffic signal,01 - Functioning,2,0,0,0,,0,,,,,361022.6759,5021567.83,45.33180668,-75.78271456,7996
17--4231,4/15/2017,8:16 PM,CLEMENTINE BLVD btwn GREGG ST & HERON RD (__3ZA0UI),__3ZA0UI,01 - Non intersection,03 - P.D. only,06 - SMV unattended vehicle,01 - Clear,05 - Dusk,01 - Dry,10 - No control,,1,0,0,0,,0,,,,,369537.172,5026727.852,45.37750136,-75.67342208,7997
17--4232,4/15/2017,8:41 PM,MEADOWLANDS DR @ MERIVALE RD (0000625),625,03 - At intersection,02 - Non-fatal injury,05 - Turning movement,02 - Rain,07 - Dark,02 - Wet,01 - Traffic signal,01 - Functioning,2,0,0,0,01 - Minimal,2,2,,,,364859.7032,5023724.173,45.3508913,-75.73350448,7998
17--4233,4/15/2017,9:00 PM,COLONEL BY DR/MACKENZIE AVE @ DALY AVE (0008541),8541,02 - Intersection related,03 - P.D. only,04 - Sideswipe,01 - Clear,07 - Dark,01 - Dry,01 - Traffic signal,01 - Functioning,2,0,0,0,,0,,,,,368002.2837,5031903.985,45.42421477,-75.69235456,7999
17--4234,4/15/2017,9:03 PM,DALY AVE @ NICHOLAS ST (0011451),11451,03 - At intersection,03 - P.D. only,02 - Angle,02 - Rain,07 - Dark,02 - Wet,01 - Traffic signal,01 - Functioning,2,0,0,0,,0,,,,,368228.0355,5032045.905,45.42547129,-75.68945175,8000
17--5046,5/11/2017,12:20 PM,CARLING AVE @ WOODROFFE AVE W (0011470),11470,02 - Intersection related,03 - P.D. only,04 - Sideswipe,01 - Clear,01 - Daylight,01 - Dry,01 - Traffic signal,01 - Functioning,2,0,0,0,,0,,,,,361766.6803,5025724.845,45.36915127,-75.77274446,8001
17--5047,5/11/2017,4:00 PM,MAPLE GROVE RD btwn Continuation of MAPLE GROVE RD & SILVER SEVEN RD (__3ZA1RI),__3ZA1RI,01 - Non intersection,03 - P.D. only,07 - SMV other,01 - Clear,01 - Daylight,01 - Dry,10 - No control,,1,0,0,0,,0,,,,,351178.9153,5017526.458,45.29616103,-75.90867153,8002
17--4505,4/25/2017,4:20 PM,CEDARVIEW RD @ WEST HUNT CLUB RD (0010267),10267,02 - Intersection related,03 - P.D. only,03 - Rear end,02 - Rain,01 - Daylight,02 - Wet,01 - Traffic signal,01 - Functioning,2,0,0,0,,0,,,,,359719.6807,5019555.815,45.31380567,-75.79955996,8003
17--5048,5/11/2017,4:15 PM,CONROY RD @ WALKLEY RD (0002648),2648,02 - Intersection related,03 - P.D. only,04 - Sideswipe,01 - Clear,01 - Daylight,01 - Dry,01 - Traffic signal,01 - Functioning,2,0,0,0,,0,,,,,372903.3882,5027464.869,45.38381363,-75.63034471,8004
17--5049,5/11/2017,4:40 PM,BANK ST @ QUEEN ST (0003138),3138,02 - Intersection related,03 - P.D. only,04 - Sideswipe,01 - Clear,01 - Daylight,01 - Dry,01 - Traffic signal,01 - Functioning,2,0,0,0,,0,,,,,367343.3696,5031488.911,45.42053929,-75.70082652,8005
17--4506,4/25/2017,4:45 PM,BYRON AVE @ EVERED AVE (0006660),6660,03 - At intersection,03 - P.D. only,02 - Angle,01 - Clear,01 - Daylight,01 - Dry,02 - Stop sign,01 - Functioning,2,0,0,0,,0,,,,,363427.6855,5028231.555,45.39156931,-75.75124365,8006
17--505,1/11/2017,4:04 PM,GOWARD DR btwn EDGEMOORE CRES & HALTON TER (__49PV1N),__49PV1N,01 - Non intersection,03 - P.D. only,06 - SMV unattended vehicle,01 - Clear,01 - Daylight,03 - Loose snow,10 - No control,,1,0,0,0,,0,,,,,348276.1996,5023759.153,45.35243024,-75.94513195,8007
17--4507,4/25/2017,5:17 AM,BANK ST @ HUNT CLUB RD (0002119),2119,03 - At intersection,03 - P.D. only,02 - Angle,01 - Clear,03 - Dawn,01 - Dry,01 - Traffic signal,01 - Functioning,2,0,0,0,,0,,,,,371608.4021,5024097.175,45.35363702,-75.64733477,8008
17--5050,5/11/2017,4:55 PM,JOCKVALE RD @ STRANDHERD DR (0010541),10541,03 - At intersection,02 - Non-fatal injury,05 - Turning movement,01 - Clear,01 - Daylight,01 - Dry,01 - Traffic signal,01 - Functioning,2,0,0,0,02 - Minor,2,1,1,,,363560.815,5014576.499,45.26869088,-75.75116445,8009
17--4508,4/25/2017,5:20 PM,CAMPEAU DR @ HERLIHEY WAY (0012766),12766,03 - At intersection,03 - P.D. only,02 - Angle,02 - Rain,01 - Daylight,02 - Wet,01 - Traffic signal,01 - Functioning,2,0,0,0,,0,,,,,350508.9194,5019176.815,45.31105531,-75.91706132,8010
17--5051,5/11/2017,5:04 PM,RICHMOND RD btwn ASSALY RD & REGINA LANE (__5DCTF8),__5DCTF8,04 - At/near private drive,03 - P.D. only,05 - Turning movement,01 - Clear,01 - Daylight,01 - Dry,10 - No control,,2,0,0,0,,0,,,,,360776.1612,5025577.303,45.36790351,-75.78540548,8011
17--4596,4/28/2017,11:28 AM,ST. JOSEPH BLVD/OLD MONTREAL RD @ TRIM RD (0004118),4118,03 - At intersection,03 - P.D. only,04 - Sideswipe,01 - Clear,01 - Daylight,01 - Dry,11 - Roundabout,01 - Functioning,2,0,0,0,,0,,,,,384683.0885,5039285.582,45.48892159,-75.47802637,8012
17--4509,4/25/2017,5:24 PM,CLAPP LANE @ MANOTICK MAIN ST (0011895),11895,03 - At intersection,03 - P.D. only,02 - Angle,02 - Rain,01 - Daylight,02 - Wet,02 - Stop sign,01 - Functioning,2,0,0,0,,0,,,,,368757.6998,5009885.715,45.22603017,-75.68554631,8013
17--5052,5/11/2017,5:15 PM,METCALFE ST btwn COOPER ST & SOMERSET ST W (__3ZBOEV),__3ZBOEV,01 - Non intersection,03 - P.D. only,06 - SMV unattended vehicle,01 - Clear,01 - Daylight,01 - Dry,10 - No control,,1,0,0,0,,0,,,,,367983.5505,5031147.885,45.41741333,-75.69269089,8014
17--451,1/10/2017,Unknown,DAMSELFLY WAY btwn BROAD COVE CRES & RIVER MIST RD (e___2HJO),e___2HJO,01 - Non intersection,03 - P.D. only,06 - SMV unattended vehicle,03 - Snow,00 - Unknown,03 - Loose snow,10 - No control,,1,0,0,0,,0,,,,,364961.7983,5011559.645,45.24142673,-75.7336774,8015
17--4510,4/25/2017,5:25 PM,BLAIR RD @ CLAVER ST (0009248),9248,03 - At intersection,02 - Non-fatal injury,02 - Angle,02 - Rain,01 - Daylight,02 - Wet,02 - Stop sign,00 - Unknown,2,0,0,0,02 - Minor,2,,2,,,374416.3939,5033433.24,45.43736526,-75.61018361,8016
17--4511,4/25/2017,5:44 PM,MACKENZIE KING BR/WALLER ST @ NICHOLAS ST/WALL (0011251),11251,03 - At intersection,03 - P.D. only,02 - Angle,02 - Rain,01 - Daylight,02 - Wet,01 - Traffic signal,01 - Functioning,2,0,0,0,,0,,,,,368372.2051,5031992.375,45.42497655,-75.6876165,8017
17--4512,4/25/2017,5:48 PM,BEATRICE DR btwn BLACKPOOL LANE & BURNTWOOD AVE (__3ZBO7B),__3ZBO7B,01 - Non intersection,03 - P.D. only,05 - Turning movement,01 - Clear,01 - Daylight,01 - Dry,10 - No control,,2,0,0,0,,0,,,,,365113.3081,5016410.34,45.28506032,-75.73115876,8018
17--4513,4/25/2017,5:50 PM,HIGHWAY 417 btwn HWY417 IC122 RAMP61 & HWY417 IC121B RAMP16 (__3ZA2Y4),__3ZA2Y4,01 - Non intersection,03 - P.D. only,03 - Rear end,02 - Rain,01 - Daylight,02 - Wet,10 - No control,,2,0,0,0,,0,,,,,365744.2531,5029163.726,45.399759,-75.72154543,8019
17--4514,4/25/2017,7:55 PM,TENTH LINE RD @ CHARLEMAGNE BLVD S/DES EPINETT (0003686),3686,03 - At intersection,02 - Non-fatal injury,04 - Sideswipe,01 - Clear,05 - Dusk,02 - Wet,01 - Traffic signal,01 - Functioning,3,0,0,0,02 - Minor,2,,2,,,383640.9751,5036900.456,45.46758093,-75.49173924,8020
17--4515,4/25/2017,7:58 AM,MCBEAN ST @ OTTAWA ST (0000133),133,03 - At intersection,03 - P.D. only,07 - SMV other,01 - Clear,01 - Daylight,01 - Dry,02 - Stop sign,00 - Unknown,1,0,0,0,,0,,,,,357662.295,5005236.345,45.18511398,-75.82732049,8021
17--4516,4/25/2017,8:16 AM,CONROY RD @ WALKLEY RD (0002648),2648,02 - Intersection related,03 - P.D. only,03 - Rear end,01 - Clear,01 - Daylight,01 - Dry,01 - Traffic signal,01 - Functioning,2,0,0,0,,0,,,,,372904.0571,5027463.531,45.38380152,-75.63033635,8022
17--4517,4/25/2017,8:18 AM,ELGIN ST @ QUEEN ST (0007144),7144,02 - Intersection related,03 - P.D. only,99 - Other,01 - Clear,01 - Daylight,01 - Dry,01 - Traffic signal,01 - Functioning,2,0,0,0,,0,,,,,367803.6992,5031778.909,45.42310729,-75.69490796,8023
17--4518,4/25/2017,9:15 AM,PARKDALE AVE @ KENILWORTH ST (0006366),6366,03 - At intersection,03 - P.D. only,05 - Turning movement,01 - Clear,01 - Daylight,01 - Dry,02 - Stop sign,00 - Unknown,2,0,0,0,,0,,,,,365447.372,5028595.551,45.39467247,-75.72540706,8024
17--4519,4/25/2017,9:35 PM,HIGHWAY 417 btwn HWY417 IC127 RAMP16 & HWY417 IC127 RAMP63 (__3ZA2UP),__3ZA2UP,01 - Non intersection,02 - Non-fatal injury,04 - Sideswipe,02 - Rain,07 - Dark,02 - Wet,10 - No control,,2,0,0,0,02 - Minor,1,,1,,,362020.6057,5024778.407,45.36061462,-75.76961263,8025
17--452,1/10/2017,12:00 PM,CYMBELINE DR btwn OBERON ST & SEYTON DR (__3ZBNDI),__3ZBNDI,01 - Non intersection,03 - P.D. only,01 - Approaching,01 - Clear,01 - Daylight,03 - Loose snow,10 - No control,,2,0,0,0,,0,,,,,356788.001,5020030.242,45.31829779,-75.83689793,8026
17--4520,4/26/2017,1:55 PM,BRONSON AVE/BRONSON/HERON RAMP 35 @ HERON RD (0002386),2386,02 - Intersection related,02 - Non-fatal injury,03 - Rear end,01 - Clear,01 - Daylight,01 - Dry,01 - Traffic signal,01 - Functioning,2,0,0,0,01 - Minimal,1,1,,,,368642.2187,5026699.365,45.37732716,-75.68485154,8027
17--4521,4/26/2017,11:08 AM,PARKDALE AVE/SPENCER ST @ OXFORD ST (0005645),5645,03 - At intersection,03 - P.D. only,02 - Angle,01 - Clear,01 - Daylight,01 - Dry,02 - Stop sign,01 - Functioning,3,0,0,0,,0,,,,,365059.4917,5029474.658,45.40261597,-75.73025325,8028
17--4522,4/26/2017,11:13 AM,HIGHWAY 417 btwn HWY417 IC110 RAMP64 & HWY417 IC104 RAMP16 (__3ZA2W9),__3ZA2W9,01 - Non intersection,03 - P.D. only,07 - SMV other,01 - Clear,01 - Daylight,01 - Dry,10 - No control,,1,0,0,0,,0,,,,,376967.4472,5027235.596,45.38134386,-75.57848824,8029
17--4523,4/26/2017,11:28 AM,ASSALY RD @ REGINA ST (0002785),2785,03 - At intersection,03 - P.D. only,04 - Sideswipe,01 - Clear,01 - Daylight,01 - Dry,02 - Stop sign,01 - Functioning,2,0,0,0,,0,,,,,360661.3486,5025600.538,45.36812174,-75.78686844,8030
17--4524,4/26/2017,12:30 PM,ST. JOSEPH BLVD @ JEANNE D'ARC BLVD (0012421),12421,03 - At intersection,03 - P.D. only,02 - Angle,01 - Clear,01 - Daylight,01 - Dry,11 - Roundabout,01 - Functioning,2,0,0,0,,0,,,,,379859.7392,5036471.581,45.46413882,-75.54015421,8031
17--4525,4/26/2017,2:25 PM,MOORVALE ST btwn MCARTHUR AVE & ROPER AVE (__3ZAZAV),__3ZAZAV,01 - Non intersection,03 - P.D. only,06 - SMV unattended vehicle,01 - Clear,01 - Daylight,01 - Dry,10 - No control,,1,0,0,0,,0,,,,,371451.7466,5032773.11,45.43171461,-75.64816193,8032
17--4526,4/26/2017,2:29 PM,CYRVILLE RD @ INNES RD (0009352),9352,02 - Intersection related,03 - P.D. only,03 - Rear end,01 - Clear,01 - Daylight,01 - Dry,01 - Traffic signal,01 - Functioning,2,0,0,0,,0,,,,,375047.3903,5031118.895,45.41647896,-75.60244948,8033
17--4527,4/26/2017,2:39 PM,MONTREAL RD @ DUCHARME BLVD/CANTIN ST (0009319),9319,03 - At intersection,03 - P.D. only,02 - Angle,01 - Clear,01 - Daylight,01 - Dry,01 - Traffic signal,01 - Functioning,2,0,0,0,,0,,,,,371017.0114,5033566.594,45.43889532,-75.65361069,8034
17--4528,4/26/2017,2:49 PM,FAIRMONT AVE @ WELLINGTON ST (0006497),6497,02 - Intersection related,02 - Non-fatal injury,06 - SMV unattended vehicle,01 - Clear,01 - Daylight,01 - Dry,01 - Traffic signal,01 - Functioning,1,0,0,0,01 - Minimal,1,1,,,,365555.491,5029698.6,45.40458808,-75.72389041,8035