Anom_ID,Accident_Date,Accident_Time,Location,Geo_ID,Accident_Location,Classification_of_Accident,Initial_Impact_Type,Environment_Condition,Light,Road_Surface_Condition,Traffic_Control,Traffic_Control_Condition,No__of_Vehicles,No__of_Bicycles,No__of_Motorcycles,No__of_Pedestrians,Max_Injury,No__of_Injuries,No__of_Minimal,No__of_Minor,No__of_Major,No__of_Fatal,X,Y,Latitude,Longitude,ObjectId
17--4529,4/26/2017,3:01 PM,CORKSTOWN RD @ MARCH RD (0003153),3153,03 - At intersection,02 - Non-fatal injury,05 - Turning movement,01 - Clear,01 - Daylight,01 - Dry,02 - Stop sign,01 - Functioning,2,0,0,0,02 - Minor,1,,1,,,352657.9476,5020883.486,45.32626913,-75.88949078,8036
17--453,1/10/2017,12:17 AM,SHEFFIELD RD btwn BANTREE ST & LEEDS AVE (__3ZA787),__3ZA787,01 - Non intersection,03 - P.D. only,07 - SMV other,03 - Snow,07 - Dark,06 - Ice,10 - No control,,1,0,0,0,,0,,,,,374823.3213,5029643.364,45.40322536,-75.60552165,8037
17--4530,4/26/2017,3:10 PM,HIGHWAY 417 btwn HWY417 IC121A RAMP16 & HWY417 IC121A RAMP61 (__3ZA2YY),__3ZA2YY,01 - Non intersection,03 - P.D. only,03 - Rear end,01 - Clear,01 - Daylight,01 - Dry,10 - No control,,3,0,0,0,,0,,,,,367084.7814,5029691.428,45.40438914,-75.70435755,8038
17--4531,4/26/2017,3:35 PM,HIGHWAY 417 btwn HWY417 IC119B RAMP76 & HWY417 IC119A RAMP67 (__3ZA2YT),__3ZA2YT,01 - Non intersection,03 - P.D. only,03 - Rear end,01 - Clear,01 - Daylight,01 - Dry,10 - No control,,3,0,0,0,,0,,,,,368186.5086,5030289.599,45.4096724,-75.69020829,8039
17--4532,4/26/2017,3:43 PM,MEADOWLANDS DR/TALLWOOD DR @ WOODROFFE AVE (0000095),95,02 - Intersection related,03 - P.D. only,03 - Rear end,01 - Clear,01 - Daylight,01 - Dry,01 - Traffic signal,01 - Functioning,3,0,0,0,,0,,,,,363057.13,5022729.337,45.3420919,-75.75662453,8040
17--4533,4/26/2017,3:50 PM,OTTAWA RIVER PKWY WB btwn TUNNEY'S PASTURE/REMIC RAPIDS ENT & PARKDALE (__3ZA24KA),__3ZA24KA,01 - Non intersection,03 - P.D. only,03 - Rear end,01 - Clear,01 - Daylight,01 - Dry,10 - No control,,3,0,0,0,,0,,,,,363945.0017,5029988.542,45.40733485,-75.7444267,8041
17--4534,4/26/2017,4:36 PM,ALBERT ST @ CITY CENTRE AVE (0006346),6346,03 - At intersection,02 - Non-fatal injury,05 - Turning movement,01 - Clear,01 - Daylight,01 - Dry,02 - Stop sign,01 - Functioning,2,0,0,0,02 - Minor,2,,2,,,365954.8572,5030345.062,45.41037,-75.71870907,8042
17--4535,4/26/2017,4:44 PM,CARLING AVE @ PRESTON ST (0002161),2161,02 - Intersection related,03 - P.D. only,03 - Rear end,01 - Clear,01 - Daylight,01 - Dry,01 - Traffic signal,01 - Functioning,4,0,0,0,,0,,,,,366831.1114,5028935.029,45.39760579,-75.70769283,8043
17--4536,4/26/2017,4:55 PM,REGIONAL ROAD 174 btwn OR174 IC101 RAMP63 & OR174 IC101 RAMP45 (__3ZA11Q),__3ZA11Q,01 - Non intersection,03 - P.D. only,04 - Sideswipe,01 - Clear,01 - Daylight,01 - Dry,10 - No control,,2,0,0,0,,0,,,,,382820.0349,5038929.98,45.48593295,-75.50191392,8044
17--4537,4/26/2017,5:20 PM,CHURCHILL AVE @ WILMONT AVE (0007103),7103,02 - Intersection related,03 - P.D. only,04 - Sideswipe,01 - Clear,01 - Daylight,01 - Dry,02 - Stop sign,01 - Functioning,2,0,0,0,,0,,,,,363130.6883,5028506.552,45.39406849,-75.75500388,8045
17--4538,4/26/2017,5:28 PM,HAWTHORNE RD @ HUNT CLUB RD (0007651),7651,02 - Intersection related,03 - P.D. only,03 - Rear end,01 - Clear,01 - Daylight,01 - Dry,01 - Traffic signal,01 - Functioning,2,0,0,0,,0,,,,,375507.4155,5026406.529,45.3740332,-75.59724786,8046
17--4539,4/26/2017,5:36 PM,WILLIAM ST btwn CLARENCE ST & YORK ST (__3ZA816),__3ZA816,01 - Non intersection,03 - P.D. only,07 - SMV other,01 - Clear,01 - Daylight,01 - Dry,10 - No control,,1,0,0,0,,0,,,,,367965.5054,5032405.203,45.42872788,-75.69276021,8047
17--454,1/10/2017,12:46 PM,COLONEL BY DR/SUSSEX DR @ RIDEAU ST (0007647),7647,02 - Intersection related,03 - P.D. only,03 - Rear end,03 - Snow,01 - Daylight,04 - Slush,01 - Traffic signal,00 - Unknown,2,0,0,0,,0,,,,,367923.5469,5032042.088,45.42546449,-75.69334292,8048
17--4540,4/26/2017,5:58 PM,WEST HUNT CLUB RD @ WOODROFFE AVE (0000576),576,02 - Intersection related,03 - P.D. only,03 - Rear end,01 - Clear,01 - Daylight,01 - Dry,01 - Traffic signal,01 - Functioning,2,0,0,0,,0,,,,,363671.6943,5021245.82,45.32869203,-75.74895969,8049
17--4541,4/26/2017,6:01 PM,REGIONAL ROAD 174 EB btwn OR174 IC109 RAMP55 & TRANSIT (__3ZA28V),__3ZA28V,01 - Non intersection,03 - P.D. only,04 - Sideswipe,01 - Clear,01 - Daylight,01 - Dry,10 - No control,,2,0,0,0,,0,,,,,376505.3292,5035062.939,45.45181716,-75.58324935,8050
17--4542,4/26/2017,6:19 AM,ST. JOSEPH BLVD @ TENTH LINE RD (0009163),9163,02 - Intersection related,03 - P.D. only,03 - Rear end,02 - Rain,03 - Dawn,02 - Wet,01 - Traffic signal,01 - Functioning,2,0,0,0,,0,,,,,382890.4694,5038666.453,45.4835541,-75.50105492,8051
17--4543,4/26/2017,6:35 AM,CHAMPLAIN BRIDGE/ISLAND PARK DR btwn BATE ISLAND & OTTAWA RIVER PKWY (__3ZA2ZEB),__3ZA2ZEB,01 - Non intersection,03 - P.D. only,03 - Rear end,02 - Rain,01 - Daylight,02 - Wet,10 - No control,,3,0,0,0,,0,,,,,363135.8734,5029600.131,45.4039079,-75.75480832,8052
17--4544,4/26/2017,6:40 PM,HIGHWAY 417 btwn HWY417 IC96 RAMP61 & HIGHWAY 417 (__3ZA271),__3ZA271,01 - Non intersection,03 - P.D. only,07 - SMV other,01 - Clear,01 - Daylight,01 - Dry,10 - No control,,1,0,0,0,,0,,,,,387575.7829,5023847.326,45.34968612,-75.44361886,8053
17--4545,4/26/2017,6:45 AM,HWY417 IC115 RAMP51 btwn HIGHWAY 417 & ST. LAURENT BLVD (__3ZAY8F),__3ZAY8F,01 - Non intersection,02 - Non-fatal injury,03 - Rear end,01 - Clear,01 - Daylight,02 - Wet,10 - No control,,2,0,0,0,02 - Minor,1,,1,,,372243.6499,5031457.298,45.41979962,-75.63822238,8054
17--4546,4/26/2017,7:10 PM,CAMPEAU DR/HWY 417 MARCH IC138R63 @ MARCH RD (0009710),9710,02 - Intersection related,03 - P.D. only,04 - Sideswipe,01 - Clear,01 - Daylight,01 - Dry,01 - Traffic signal,01 - Functioning,3,0,0,0,,0,,,,,352840.693,5020477.205,45.32260085,-75.88719911,8055
17--4547,4/26/2017,7:55 AM,SLATER ST btwn LYON ST N & KENT ST (__3ZA3CT),__3ZA3CT,01 - Non intersection,03 - P.D. only,04 - Sideswipe,01 - Clear,01 - Daylight,01 - Dry,10 - No control,,2,0,0,0,,0,,,,,367184.8346,5031204.531,45.41799468,-75.70288807,8056
17--4548,4/26/2017,8:08 AM,BELFAST RD @ ST. LAURENT BLVD (0007658),7658,03 - At intersection,03 - P.D. only,05 - Turning movement,01 - Clear,01 - Daylight,01 - Dry,01 - Traffic signal,01 - Functioning,2,0,0,0,,0,,,,,372863.2716,5030578.562,45.41183316,-75.63042729,8057
17--4549,4/26/2017,8:26 AM,SMYTH RD E/LANCASTER RD @ ST. LAURENT BLVD N/R (0002256),2256,02 - Intersection related,03 - P.D. only,03 - Rear end,01 - Clear,01 - Daylight,02 - Wet,01 - Traffic signal,01 - Functioning,2,0,0,0,,0,,,,,373364.2096,5029424.086,45.40139683,-75.62418862,8058
17--455,1/10/2017,12:55 PM,GREENFIELD AVE @ MAIN ST (0002695),2695,03 - At intersection,03 - P.D. only,02 - Angle,01 - Clear,01 - Daylight,01 - Dry,01 - Traffic signal,01 - Functioning,2,0,0,0,,0,,,,,368893.2164,5030816.2,45.41434621,-75.68111223,8059
17--4550,4/26/2017,8:27 AM,HIGHWAY 417 btwn HWY417 IC126 RAMP25 & HWY417 IC124 RAMP57 (__3ZA2R5),__3ZA2R5,01 - Non intersection,03 - P.D. only,04 - Sideswipe,02 - Rain,01 - Daylight,02 - Wet,10 - No control,,4,0,0,0,,0,,,,,363351.9476,5026080.821,45.37222365,-75.75246593,8060
17--4551,4/26/2017,9:03 AM,ANDERSON RD @ INNES RD (0004200),4200,02 - Intersection related,03 - P.D. only,03 - Rear end,01 - Clear,01 - Daylight,01 - Dry,01 - Traffic signal,01 - Functioning,2,0,0,0,,0,,,,,376281.0756,5031842.902,45.42286821,-75.58658365,8061
17--4552,4/26/2017,9:10 AM,EAGLESON RD @ FALLOWFIELD RD (0000118),118,02 - Intersection related,03 - P.D. only,07 - SMV other,01 - Clear,01 - Daylight,01 - Dry,01 - Traffic signal,01 - Functioning,1,0,0,0,,0,,,,,355961.2997,5012593.068,45.2514374,-75.84820856,8062
17--4553,4/26/2017,9:29 PM,PLEASANT PARK RD @ ST. LAURENT BLVD (0008363),8363,03 - At intersection,02 - Non-fatal injury,07 - SMV other,01 - Clear,07 - Dark,01 - Dry,01 - Traffic signal,01 - Functioning,1,0,0,1,02 - Minor,1,,1,,,373598.0624,5028795.55,45.39571861,-75.6212895,8063
17--4554,4/26/2017,9:30 AM,HIGHWAY 417 btwn HWY417 IC129 RAMP25 & TRANSIT (__3ZA2SH),__3ZA2SH,01 - Non intersection,03 - P.D. only,03 - Rear end,01 - Clear,01 - Daylight,01 - Dry,10 - No control,,3,0,0,0,,0,,,,,361746.6644,5024535.228,45.35844882,-75.77313707,8064
17--4555,4/26/2017,9:35 AM,HWY 417 ST.LAURE IC115R51 @ ST. LAURENT BLVD (0002712),2712,02 - Intersection related,03 - P.D. only,03 - Rear end,01 - Clear,01 - Daylight,01 - Dry,01 - Traffic signal,01 - Functioning,2,0,0,0,,0,,,,,372530.0584,5031409.106,45.41933834,-75.63456977,8065
17--4556,4/27/2017,1:09 PM,HUNTMAR DR btwn PALLADIUM DR & MAPLE GROVE RD (__3ZA1EH),__3ZA1EH,01 - Non intersection,03 - P.D. only,03 - Rear end,01 - Clear,01 - Daylight,01 - Dry,10 - No control,,2,0,0,0,,0,,,,,349773.7456,5017248.804,45.29375396,-75.92661163,8066
17--4557,4/27/2017,1:42 PM,KING EDWARD AVE @ LAURIER AVE (0002170),2170,02 - Intersection related,03 - P.D. only,04 - Sideswipe,01 - Clear,01 - Daylight,01 - Dry,01 - Traffic signal,01 - Functioning,2,0,0,0,,0,,,,,368741.3794,5032033.245,45.42531064,-75.68289403,8067
17--4558,4/27/2017,10:13 AM,RICHMOND RD btwn EDGEWORTH AVE/MCEWEN AVE & REGINA LANE (__3ZA4L9),__3ZA4L9,04 - At/near private drive,03 - P.D. only,02 - Angle,01 - Clear,01 - Daylight,01 - Dry,10 - No control,,2,0,0,0,,0,,,,,361062.689,5025869.283,45.37050779,-75.78171468,8068
17--4559,4/27/2017,10:23 PM,RICHMOND RD @ STINSON AVE (0001130),1130,02 - Intersection related,03 - P.D. only,03 - Rear end,01 - Clear,07 - Dark,01 - Dry,01 - Traffic signal,01 - Functioning,2,0,0,0,,0,,,,,357874.8146,5020927.987,45.32629446,-75.82294047,8069
17--456,1/10/2017,2:00 PM,CYRVILLE RD @ MEADOWBROOK RD (0012477),12477,02 - Intersection related,03 - P.D. only,03 - Rear end,03 - Snow,01 - Daylight,03 - Loose snow,01 - Traffic signal,00 - Unknown,2,0,0,0,,0,,,,,374629.2595,5031243.74,45.4176441,-75.60777359,8070
17--4560,4/27/2017,11:03 PM,MERIVALE RD @ CAPILANO DR/WITHROW AVE (0009820),9820,03 - At intersection,02 - Non-fatal injury,02 - Angle,01 - Clear,07 - Dark,01 - Dry,01 - Traffic signal,01 - Functioning,2,1,0,0,02 - Minor,1,,1,,,364643.4323,5024229.107,45.35545311,-75.73620322,8071
17--4561,4/27/2017,Unknown,BANK ST btwn CLAREY AVE & HOLMWOOD AVE (__3ZA3OP),__3ZA3OP,01 - Non intersection,03 - P.D. only,06 - SMV unattended vehicle,01 - Clear,00 - Unknown,01 - Dry,10 - No control,,1,0,0,0,,0,,,,,368464.6666,5029239.926,45.40020253,-75.68679058,8072
17--4562,4/27/2017,Unknown,HARVARD AVE btwn CHESLEY ST & RALEIGH ST (__3ZA884),__3ZA884,01 - Non intersection,03 - P.D. only,06 - SMV unattended vehicle,02 - Rain,00 - Unknown,02 - Wet,10 - No control,,1,0,0,0,,0,,,,,368948.0344,5028151.807,45.39036786,-75.68075849,8073
17--4563,4/27/2017,12:21 PM,NORTH RIVER RD btwn COUPAL ST & TUDOR PL (__3ZA8TR),__3ZA8TR,04 - At/near private drive,03 - P.D. only,02 - Angle,01 - Clear,01 - Daylight,01 - Dry,10 - No control,,2,0,0,0,,0,,,,,369576.5988,5033212.286,45.43584234,-75.67206679,8074
17--4564,4/27/2017,12:40 PM,HUNT CLUB RD @ UPLANDS DR (0010844),10844,03 - At intersection,02 - Non-fatal injury,03 - Rear end,01 - Clear,01 - Daylight,01 - Dry,01 - Traffic signal,01 - Functioning,2,0,0,0,02 - Minor,1,,1,,,370157.7305,5023122.161,45.34500083,-75.66597633,8075
17--4565,4/27/2017,12:53 PM,MARCH RD @ MORGAN'S GRANT WAY/SHIRLEY'S BROOK  (0002651),2651,02 - Intersection related,03 - P.D. only,03 - Rear end,01 - Clear,01 - Daylight,01 - Dry,01 - Traffic signal,01 - Functioning,2,0,0,0,,0,,,,,349663.2814,5023617.51,45.35106834,-75.92744295,8076
17--4566,4/27/2017,2:30 PM,NEPEAN ST btwn METCALFE ST & ELGIN ST (__3ZA9UD),__3ZA9UD,01 - Non intersection,03 - P.D. only,07 - SMV other,01 - Clear,01 - Daylight,02 - Wet,10 - No control,,1,0,0,0,,0,,,,,367958.0754,5031369.149,45.41940649,-75.69298799,8077
17--4567,4/27/2017,3:10 PM,ARGYLE AVE @ O'CONNOR ST (0007254),7254,03 - At intersection,02 - Non-fatal injury,05 - Turning movement,01 - Clear,01 - Daylight,01 - Dry,01 - Traffic signal,01 - Functioning,2,1,0,0,02 - Minor,1,,1,,,368185.0453,5030484.904,45.41142982,-75.69020187,8078
17--4568,4/27/2017,3:10 PM,COLONEL MURRAY ST btwn HAMILTON ST & MARTIN ST (__3ZACJT),__3ZACJT,01 - Non intersection,02 - Non-fatal injury,07 - SMV other,01 - Clear,01 - Daylight,01 - Dry,10 - No control,,1,0,0,1,02 - Minor,1,,1,,,357049.3462,5006134.26,45.19323938,-75.83502574,8079
17--4569,4/27/2017,4:04 PM,BANKFIELD RD @ PRINCE OF WALES DR (0003618),3618,02 - Intersection related,03 - P.D. only,03 - Rear end,01 - Clear,01 - Daylight,01 - Dry,01 - Traffic signal,01 - Functioning,3,0,0,0,,0,,,,,366380.6932,5008974.718,45.21804482,-75.71592551,8080
17--457,1/10/2017,2:58 AM,MARCH RD btwn TALL FOREST DR & HUNTMAR DR (__3ZA3FN),__3ZA3FN,01 - Non intersection,03 - P.D. only,07 - SMV other,03 - Snow,07 - Dark,04 - Slush,10 - No control,,1,0,0,0,,0,,,,,343995.6475,5023411.881,45.3495577,-75.99978812,8081
17--4570,4/27/2017,4:07 PM,CARLING AVE @ PRESTON ST (0002161),2161,02 - Intersection related,03 - P.D. only,03 - Rear end,01 - Clear,01 - Daylight,01 - Dry,01 - Traffic signal,01 - Functioning,2,0,0,0,,0,,,,,366830.7133,5028936.891,45.39762258,-75.70769768,8082
17--4571,4/27/2017,4:16 PM,RUSSELL RD S @ ST. LAURENT BLVD (0007734),7734,02 - Intersection related,03 - P.D. only,03 - Rear end,01 - Clear,01 - Daylight,01 - Dry,01 - Traffic signal,01 - Functioning,2,0,0,0,,0,,,,,373570.1867,5029261.895,45.39991731,-75.62158048,8083
17--4572,4/27/2017,4:25 PM,BANK ST btwn ARENA PL & WHITE ALDER AVE (__3ZA29N),__3ZA29N,04 - At/near private drive,03 - P.D. only,02 - Angle,01 - Clear,01 - Daylight,01 - Dry,10 - No control,,2,0,0,0,,0,,,,,375522.6894,5021255.038,45.32768085,-75.59778965,8084
17--4573,4/27/2017,4:31 PM,MONTREAL RD @ NORTH RIVER RD (0009805),9805,03 - At intersection,03 - P.D. only,02 - Angle,01 - Clear,01 - Daylight,01 - Dry,01 - Traffic signal,01 - Functioning,2,0,0,0,,0,,,,,369740.0432,5032888.254,45.43291167,-75.67002071,8085
17--4574,4/27/2017,4:39 PM,HUNT CLUB RD @ PAUL ANKA DR (0008224),8224,02 - Intersection related,03 - P.D. only,03 - Rear end,01 - Clear,01 - Daylight,01 - Dry,01 - Traffic signal,01 - Functioning,2,0,0,0,,0,,,,,369778.0597,5022899.497,45.34303263,-75.67085001,8086
17--4575,4/27/2017,4:48 PM,CARLING AVE btwn DAVIDSON'S SIDE RD & GRANDVIEW RD (__3ZA4Z8),__3ZA4Z8,01 - Non intersection,02 - Non-fatal injury,03 - Rear end,01 - Clear,01 - Daylight,01 - Dry,10 - No control,,2,0,0,0,02 - Minor,2,1,1,,,355055.3524,5024028.332,45.35439928,-75.85859026,8087
17--4576,4/27/2017,4:51 PM,ELGIN ST @ LAURIER AVE (0002232),2232,02 - Intersection related,03 - P.D. only,04 - Sideswipe,01 - Clear,01 - Daylight,01 - Dry,01 - Traffic signal,01 - Functioning,2,0,0,0,,0,,,,,367949.0444,5031550.245,45.42103675,-75.69308017,8088
17--4577,4/27/2017,5:00 PM,OTTAWA RIVER PKWY WB btwn TUNNEY'S PASTURE/REMIC RAPIDS ENT & PARKDALE (__3ZA24KB),__3ZA24KB,01 - Non intersection,03 - P.D. only,04 - Sideswipe,01 - Clear,01 - Daylight,04 - Slush,10 - No control,,2,0,0,0,,0,,,,,364617.7983,5030470.873,45.41161758,-75.73577401,8089
17--4578,4/27/2017,6:23 PM,CLARKE AVE @ CUMMINGS AVE (0008949),8949,03 - At intersection,03 - P.D. only,05 - Turning movement,01 - Clear,01 - Daylight,01 - Dry,02 - Stop sign,01 - Functioning,2,0,0,0,,0,,,,,372173.3872,5033617.927,45.43924671,-75.63882447,8090
17--4579,4/27/2017,6:28 PM,CALDWELL AVE @ MERIVALE RD (0011432),11432,03 - At intersection,03 - P.D. only,05 - Turning movement,01 - Clear,01 - Daylight,01 - Dry,01 - Traffic signal,01 - Functioning,2,0,0,0,,0,,,,,364907.7325,5026230.412,45.37343793,-75.73258675,8091
17--458,1/10/2017,3:01 PM,ROGER STEVENS DR btwn MALAKOFF RD & MCCORDICK RD (__3ZA4KW),__3ZA4KW,01 - Non intersection,03 - P.D. only,04 - Sideswipe,03 - Snow,01 - Daylight,06 - Ice,10 - No control,,2,0,0,0,,0,,,,,363540.1469,4997287.367,45.11312228,-75.75346446,8092
17--4580,4/27/2017,7:41 AM,TRENTON AVE @ MERIVALE RD (0002734),2734,02 - Intersection related,03 - P.D. only,04 - Sideswipe,01 - Clear,01 - Daylight,01 - Dry,02 - Stop sign,01 - Functioning,2,0,0,0,,0,,,,,364887.4562,5026361.59,45.37461999,-75.73282964,8093
17--4581,4/27/2017,7:45 AM,TEMAGAMI DR @ HAILEYBURY ST (0011188),11188,03 - At intersection,03 - P.D. only,02 - Angle,01 - Clear,01 - Daylight,01 - Dry,02 - Stop sign,01 - Functioning,2,0,0,0,,0,,,,,365588.038,5014457.63,45.267449,-75.72534682,8094
17--4582,4/27/2017,8:00 AM,KIRKWOOD AVE btwn CARLING AVE & CARLING AVE (__3ZA4NV),__3ZA4NV,01 - Non intersection,03 - P.D. only,04 - Sideswipe,01 - Clear,01 - Daylight,02 - Wet,10 - No control,,2,0,0,0,,0,,,,,364289.4046,5027465.441,45.38460328,-75.74033162,8095
17--4583,4/27/2017,8:00 AM,PINECREST RD @ RICHMOND RD (0002353),2353,02 - Intersection related,02 - Non-fatal injury,03 - Rear end,01 - Clear,01 - Daylight,01 - Dry,01 - Traffic signal,01 - Functioning,2,0,0,0,01 - Minimal,1,1,,,,360073.6738,5024470.175,45.35799736,-75.79449661,8096
17--4584,4/27/2017,8:35 AM,HWY417 IC131 RAMP66 btwn HWY417 IC130 RAMP36 & HWY417 IC131 RAMP63 (__3ZA1SX),__3ZA1SX,01 - Non intersection,02 - Non-fatal injury,04 - Sideswipe,01 - Clear,01 - Daylight,01 - Dry,10 - No control,,2,0,0,0,01 - Minimal,1,1,,,,358457.7688,5022894.299,45.34394312,-75.81529124,8097
17--4585,4/27/2017,8:36 AM,CAMPEAU DR @ KNUDSON DR (0011764),11764,03 - At intersection,02 - Non-fatal injury,02 - Angle,01 - Clear,01 - Daylight,01 - Dry,01 - Traffic signal,01 - Functioning,2,1,0,0,01 - Minimal,1,1,,,,351808.6189,5019847.135,45.31700121,-75.90042318,8098
17--4586,4/27/2017,8:50 AM,KENNEVALE DR @ STRANDHERD DR (0010896),10896,02 - Intersection related,03 - P.D. only,03 - Rear end,01 - Clear,01 - Daylight,01 - Dry,01 - Traffic signal,01 - Functioning,3,0,0,0,,0,,,,,361492.1945,5014100.218,45.26457505,-75.77757874,8099
17--4587,4/27/2017,8:51 AM,RICHMOND RD btwn WINSTON AVE & CHURCHILL AVE N (__3ZA4OS),__3ZA4OS,04 - At/near private drive,03 - P.D. only,02 - Angle,01 - Clear,01 - Daylight,01 - Dry,10 - No control,,2,0,0,0,,0,,,,,363128.9346,5028224.559,45.39153131,-75.75505961,8100
17--4588,4/27/2017,9:00 PM,CUMMINGS AVE btwn GARDENVALE RD & SHANE ST (__3ZA1WG),__3ZA1WG,01 - Non intersection,03 - P.D. only,06 - SMV unattended vehicle,01 - Clear,07 - Dark,01 - Dry,10 - No control,,1,0,0,0,,0,,,,,372407.513,5033024.768,45.43388716,-75.63591365,8101
17--4589,4/27/2017,9:30 AM,BRONSON AVE @ SUNNYSIDE AVE/UNIVERSITY RD - CA (0007209),7209,02 - Intersection related,03 - P.D. only,04 - Sideswipe,01 - Clear,01 - Daylight,01 - Dry,01 - Traffic signal,01 - Functioning,2,0,0,0,,0,,,,,367923.0446,5028092.885,45.38993083,-75.69385497,8102
17--459,1/10/2017,3:17 PM,JOCKVALE RD btwn WEYBRIDGE DR & TARTAN DR (__3ZAAA4),__3ZAAA4,01 - Non intersection,03 - P.D. only,07 - SMV other,03 - Snow,01 - Daylight,04 - Slush,10 - No control,,1,0,0,0,,0,,,,,362586.7509,5015112.131,45.27359123,-75.76351434,8103
17--4590,4/27/2017,9:40 AM,WOODROFFE AVE btwn HWY417 IC127 RAMP53 & IRIS ST (__3ZA4L2),__3ZA4L2,04 - At/near private drive,03 - P.D. only,03 - Rear end,01 - Clear,01 - Daylight,01 - Dry,10 - No control,,2,0,0,0,,0,,,,,362236.3475,5024556.136,45.358597,-75.76688487,8104
17--4591,4/28/2017,1:00 PM,PINEWOOD CRES btwn HARWOOD AVE & HENLEY ST (__3ZABU1),__3ZABU1,01 - Non intersection,03 - P.D. only,04 - Sideswipe,01 - Clear,01 - Daylight,01 - Dry,10 - No control,,2,0,0,0,,0,,,,,360323.31,5024063.052,45.35431435,-75.79135627,8105
17--4592,4/28/2017,1:20 PM,BANK ST btwn RANDALL AVE & 73 N OF EVANS BLVD (__3ZA3BJA),__3ZA3BJA,04 - At/near private drive,03 - P.D. only,02 - Angle,01 - Clear,01 - Daylight,01 - Dry,10 - No control,,2,0,0,0,,0,,,,,369758.7888,5027258.464,45.38225513,-75.67052292,8106
17--4593,4/28/2017,1:40 PM,MITCH OWENS RD btwn MANOTICK STATION RD & BOWESVILLE RD (__3ZA3TN),__3ZA3TN,01 - Non intersection,03 - P.D. only,01 - Approaching,01 - Clear,01 - Daylight,01 - Dry,10 - No control,,2,0,0,0,,0,,,,,374149.6295,5013684.363,45.25969929,-75.61636224,8107
17--4594,4/28/2017,11:21 PM,RIVERSIDE DR @ WALKLEY RD (0002158),2158,02 - Intersection related,03 - P.D. only,07 - SMV other,01 - Clear,07 - Dark,01 - Dry,01 - Traffic signal,01 - Functioning,1,0,0,0,,0,,,,,368417.7206,5024852.86,45.36073321,-75.68795547,8108
17--4595,4/28/2017,11:25 PM,HINTON AVE   N btwn WELLINGTON ST W & TYNDALL ST (__3ZBONW),__3ZBONW,01 - Non intersection,03 - P.D. only,06 - SMV unattended vehicle,01 - Clear,07 - Dark,01 - Dry,10 - No control,,1,0,0,0,,0,,,,,365049.3386,5029089.227,45.39914882,-75.73043001,8109
17--4866,5/5/2017,2:25 PM,BANK ST @ DAVIDSON RD/LESTER RD (0008797),8797,03 - At intersection,02 - Non-fatal injury,02 - Angle,02 - Rain,01 - Daylight,02 - Wet,01 - Traffic signal,01 - Functioning,3,0,0,0,02 - Minor,1,,1,,,373671.9127,5022924.564,45.34288668,-75.62116487,8110
17--4686,4/30/2017,8:18 PM,CARLING AVE @ KIRKWOOD AVE S (0002209),2209,02 - Intersection related,02 - Non-fatal injury,04 - Sideswipe,02 - Rain,07 - Dark,02 - Wet,01 - Traffic signal,01 - Functioning,4,0,0,0,02 - Minor,3,1,2,,,364352.035,5027338.218,45.38345323,-75.73954727,8111
17--4597,4/28/2017,11:30 AM,SUNNYSIDE AVE btwn CARRAWAY PRIV & SENECA ST (__3ZA888),__3ZA888,04 - At/near private drive,03 - P.D. only,06 - SMV unattended vehicle,01 - Clear,01 - Daylight,01 - Dry,10 - No control,,1,0,0,0,,0,,,,,368074.2789,5028184.56,45.39074205,-75.69191199,8112
17--5053,5/11/2017,5:15 PM,SENECA ST btwn WOODBINE PL & SUNNYSIDE AVE (__3ZAZBC),__3ZAZBC,01 - Non intersection,03 - P.D. only,06 - SMV unattended vehicle,01 - Clear,01 - Daylight,01 - Dry,10 - No control,,1,0,0,0,,0,,,,,368217.7998,5028281.696,45.39160307,-75.69006676,8113
17--4867,5/5/2017,2:26 PM,PARKDALE AVE btwn SCOTT ST & BULLMAN ST (__3ZA31Q),__3ZA31Q,04 - At/near private drive,03 - P.D. only,02 - Angle,02 - Rain,01 - Daylight,02 - Wet,10 - No control,,2,0,0,0,,0,,,,,364963.416,5029688.433,45.40454773,-75.73145431,8114
17--4687,4/30/2017,8:21 AM,BANK ST @ MITCH OWENS RD (0001640),1640,03 - At intersection,03 - P.D. only,05 - Turning movement,01 - Clear,01 - Daylight,01 - Dry,01 - Traffic signal,01 - Functioning,2,0,0,0,,0,,,,,377760.4379,5015946.791,45.27969054,-75.57002766,8115
17--4598,4/28/2017,Unknown,BENTLEY AVE btwn SUNDERLAND ST & CAMELOT DR (__3ZA53R),__3ZA53R,01 - Non intersection,03 - P.D. only,06 - SMV unattended vehicle,01 - Clear,00 - Unknown,01 - Dry,10 - No control,,1,0,0,0,,0,,,,,365898.3456,5021669.807,45.3323167,-75.72050403,8116
17--5054,5/11/2017,5:42 AM,WALKLEY RD @ 160 W OF CONROY RD  (0011391),11391,02 - Intersection related,02 - Non-fatal injury,07 - SMV other,01 - Clear,03 - Dawn,01 - Dry,01 - Traffic signal,01 - Functioning,1,0,0,0,02 - Minor,1,,1,,,372768.3026,5027385.472,45.38311237,-75.63208043,8117