Anom_ID,Accident_Date,Accident_Time,Location,Geo_ID,Accident_Location,Classification_of_Accident,Initial_Impact_Type,Environment_Condition,Light,Road_Surface_Condition,Traffic_Control,Traffic_Control_Condition,No__of_Vehicles,No__of_Bicycles,No__of_Motorcycles,No__of_Pedestrians,Max_Injury,No__of_Injuries,No__of_Minimal,No__of_Minor,No__of_Major,No__of_Fatal,X,Y,Latitude,Longitude,ObjectId
17--4868,5/5/2017,2:39 PM,RICHMOND RD @ STONEHAVEN DR (0010370),10370,02 - Intersection related,02 - Non-fatal injury,03 - Rear end,02 - Rain,01 - Daylight,02 - Wet,01 - Traffic signal,01 - Functioning,2,0,0,0,01 - Minimal,1,1,,,,356781.9756,5015892.775,45.28106869,-75.83740856,8118
17--4688,4/30/2017,8:35 AM,WEST HUNT CLUB RD @ WOODROFFE AVE (0000576),576,03 - At intersection,02 - Non-fatal injury,02 - Angle,02 - Rain,01 - Daylight,02 - Wet,01 - Traffic signal,01 - Functioning,2,0,0,0,02 - Minor,3,,3,,,363671.6943,5021246.489,45.32869804,-75.74895961,8119
17--4599,4/28/2017,Unknown,BORTHWICK AVE btwn WILSON ST & CLARKE AVE (__3ZA8IU),__3ZA8IU,01 - Non intersection,03 - P.D. only,06 - SMV unattended vehicle,01 - Clear,00 - Unknown,01 - Dry,10 - No control,,1,0,0,0,,0,,,,,372057.8254,5033717.717,45.4401557,-75.6402878,8120
17--5055,5/11/2017,6:07 PM,APPLE ORCHARD RD @ MANOTICK STATION RD (0005370),5370,03 - At intersection,02 - Non-fatal injury,03 - Rear end,01 - Clear,01 - Daylight,01 - Dry,02 - Stop sign,01 - Functioning,2,0,0,0,01 - Minimal,1,1,,,,374363.7358,5011410.09,45.2392148,-75.61395272,8121
17--4869,5/5/2017,3:20 PM,HIGHWAY 417 btwn HWY417 IC127 RAMP25 & HWY417 IC126 RAMP51 (__3ZA2XA),__3ZA2XA,01 - Non intersection,03 - P.D. only,03 - Rear end,02 - Rain,01 - Daylight,02 - Wet,10 - No control,,2,0,0,0,,0,,,,,362825.7158,5025367.275,45.36584702,-75.75926759,8122
17--4689,4/30/2017,8:45 PM,BRIAN COBURN BLVD @ TENTH LINE RD (0013966),13966,03 - At intersection,03 - P.D. only,05 - Turning movement,02 - Rain,07 - Dark,02 - Wet,01 - Traffic signal,01 - Functioning,2,0,0,0,,0,,,,,384428.3389,5035022.308,45.45059377,-75.48197576,8123
17--469,1/10/2017,5:58 PM,LYNDALE AVE @ PARKDALE AVE (0006504),6504,02 - Intersection related,03 - P.D. only,06 - SMV unattended vehicle,01 - Clear,07 - Dark,01 - Dry,01 - Traffic signal,00 - Unknown,1,0,0,0,,0,,,,,364860.8439,5029928.721,45.4067186,-75.73273521,8124
17--4690,4/30/2017,9:04 PM,COVENTRY RD @ VANIER PKWY (0002139),2139,02 - Intersection related,03 - P.D. only,04 - Sideswipe,01 - Clear,07 - Dark,01 - Dry,01 - Traffic signal,01 - Functioning,2,0,0,0,,0,,,,,370676.7194,5031612.372,45.42134421,-75.65822128,8125
17--4691,4/30/2017,9:30 PM,DUNROBIN RD btwn MARCH RD & RIDDELL DR (__3ZBOB5),__3ZBOB5,01 - Non intersection,03 - P.D. only,07 - SMV other,01 - Clear,07 - Dark,01 - Dry,10 - No control,,1,0,0,0,,0,,,,,347176.9419,5026201.322,45.37447278,-75.95895124,8126
17--4692,5/1/2017,1:00 PM,HWY 417 WOODROFF IC127R62 @ WOODROFFE AVE (0002349),2349,02 - Intersection related,03 - P.D. only,03 - Rear end,02 - Rain,01 - Daylight,02 - Wet,03 - Yield sign,00 - Unknown,2,0,0,0,,0,,,,,362048.1458,5025020.27,45.36278863,-75.76923311,8127
17--4693,5/1/2017,1:12 PM,MONTREAL RD @ OGILVIE RD (0009279),9279,02 - Intersection related,03 - P.D. only,03 - Rear end,02 - Rain,01 - Daylight,02 - Wet,01 - Traffic signal,01 - Functioning,2,0,0,0,,0,,,,,375655.0695,5034555.248,45.44733599,-75.59419165,8128
17--4694,5/1/2017,1:28 PM,EAGLESON RD @ PALOMINO DR N (0003687),3687,03 - At intersection,02 - Non-fatal injury,05 - Turning movement,02 - Rain,01 - Daylight,02 - Wet,01 - Traffic signal,01 - Functioning,2,0,0,0,02 - Minor,2,1,1,,,354010.6314,5017577.447,45.29642722,-75.87256437,8129
17--4695,5/1/2017,1:40 AM,HIGHWAY 416 btwn HWY416 IC66 RAMP62 & HWY416 IC72 RAMP24 (__3ZAZMZ),__3ZAZMZ,01 - Non intersection,03 - P.D. only,07 - SMV other,02 - Rain,07 - Dark,02 - Wet,10 - No control,,1,0,0,0,,0,,,,,360310.1085,5017891.781,45.29878617,-75.79221665,8130
17--4696,5/1/2017,1:54 PM,WEST HUNT CLUB RD @ WOODROFFE AVE (0000576),576,03 - At intersection,03 - P.D. only,05 - Turning movement,02 - Rain,01 - Daylight,02 - Wet,01 - Traffic signal,01 - Functioning,2,0,0,0,,0,,,,,363671.6943,5021245.82,45.32869203,-75.74895969,8131
17--4697,5/1/2017,10:33 PM,KENNEVALE DR @ STRANDHERD DR (0010896),10896,02 - Intersection related,03 - P.D. only,99 - Other,01 - Clear,07 - Dark,01 - Dry,01 - Traffic signal,01 - Functioning,2,0,0,0,,0,,,,,361491.5256,5014098.88,45.26456307,-75.77758741,8132
17--4698,5/1/2017,10:53 AM,VANIER PKWY SB btwn QUEEN MARY ST & PRESLAND RD (__3ZA4S5A),__3ZA4S5A,01 - Non intersection,03 - P.D. only,03 - Rear end,02 - Rain,01 - Daylight,02 - Wet,10 - No control,,2,0,0,0,,0,,,,,370408.5923,5031784.665,45.42291963,-75.66162411,8133
17--4699,5/1/2017,10:54 AM,GREENBANK RD @ IRIS ST/HWY 417 IC129 RAMP51 (0009073),9073,02 - Intersection related,03 - P.D. only,03 - Rear end,02 - Rain,01 - Daylight,02 - Wet,01 - Traffic signal,01 - Functioning,2,0,0,0,,0,,,,,360532.3123,5023311.825,45.34753825,-75.78877365,8134
17--47,1/3/2017,10:10 PM,HIGHWAY 417 btwn HWY417 IC117 RAMP51 & HWY417 IC117 RAMP35 (__3ZA2YN),__3ZA2YN,01 - Non intersection,03 - P.D. only,04 - Sideswipe,04 - Freezing Rain,07 - Dark,04 - Slush,10 - No control,,3,0,0,0,,0,,,,,370514.928,5031144.878,45.41715311,-75.66035079,8135
17--470,1/10/2017,6:06 PM,ST. JOSEPH BLVD @ FOREST VALLEY DR/YOUVILLE DR (0004440),4440,03 - At intersection,02 - Non-fatal injury,05 - Turning movement,03 - Snow,07 - Dark,03 - Loose snow,01 - Traffic signal,01 - Functioning,2,0,0,0,02 - Minor,1,,1,,,379169.3363,5036151.485,45.46133268,-75.54903011,8136
17--4700,5/1/2017,11:50 AM,WOODROFFE AVE @ HWY 417 WOODROFF IC127R26/HWY4 (0002355),2355,02 - Intersection related,03 - P.D. only,03 - Rear end,02 - Rain,01 - Daylight,02 - Wet,01 - Traffic signal,01 - Functioning,2,0,0,0,,0,,,,,362082.3525,5024940.855,45.36207127,-75.76880571,8137
17--4701,5/1/2017,Unknown,ROGER STEVENS DR btwn MONTAGUE BOUNDARY RD & MCKENNA RD (__3ZA427),__3ZA427,01 - Non intersection,03 - P.D. only,07 - SMV other,01 - Clear,00 - Unknown,01 - Dry,10 - No control,,1,0,0,0,,0,,,,,352328.9893,4987516.071,45.02603662,-75.89686502,8138
17--4702,5/1/2017,Unknown,RIVERBANK CRT btwn WINTERGREEN DR & END (__3ZAYGQ),__3ZAYGQ,01 - Non intersection,03 - P.D. only,06 - SMV unattended vehicle,01 - Clear,00 - Unknown,02 - Wet,10 - No control,,1,0,0,0,,0,,,,,350029.6672,5013682.804,45.26164949,-75.92367388,8139
17--4703,5/1/2017,Unknown,DUNDEE AVE btwn ELMHURST ST & HENLEY ST (__3ZABV7),__3ZABV7,01 - Non intersection,03 - P.D. only,06 - SMV unattended vehicle,02 - Rain,00 - Unknown,02 - Wet,10 - No control,,1,0,0,0,,0,,,,,360487.2536,5024535.601,45.35855333,-75.78921079,8140
17--4704,5/1/2017,Unknown,HEATHERINGTON RD btwn ALBION RD N & BANNERHILL PRIV (__3ZA9YH),__3ZA9YH,01 - Non intersection,03 - P.D. only,06 - SMV unattended vehicle,02 - Rain,00 - Unknown,02 - Wet,10 - No control,,1,0,0,0,,0,,,,,371344.3285,5026269.183,45.37320512,-75.65041224,8141
17--4705,5/1/2017,12:10 PM,INNES RD @ 260 E OF BELCOURT BLVD/WALMART SC (0012533),12533,02 - Intersection related,03 - P.D. only,03 - Rear end,02 - Rain,01 - Daylight,02 - Wet,01 - Traffic signal,01 - Functioning,2,0,0,0,,0,,,,,382347.5339,5035399.635,45.45422263,-75.50851467,8142
17--4706,5/1/2017,12:38 PM,GILMOUR ST btwn BAY ST & LYON ST N (__3ZA8FG),__3ZA8FG,01 - Non intersection,02 - Non-fatal injury,04 - Sideswipe,02 - Rain,01 - Daylight,02 - Wet,10 - No control,,2,0,0,0,01 - Minimal,2,2,,,,367369.7971,5030522.553,45.41184194,-75.70061156,8143
17--4707,5/1/2017,2:17 PM,ST. LAURENT BLVD @ COTE ST (0007705),7705,02 - Intersection related,03 - P.D. only,03 - Rear end,02 - Rain,01 - Daylight,02 - Wet,01 - Traffic signal,01 - Functioning,2,0,0,0,,0,,,,,371784.9168,5033224.909,45.43574785,-75.64384288,8144
17--4708,5/1/2017,2:48 PM,TERRY FOX DR btwn HUNTSVILLE DR & OLD SECOND LINE RD (__8IAYIU),__8IAYIU,01 - Non intersection,03 - P.D. only,99 - Other,02 - Rain,01 - Daylight,00 - Unknown,10 - No control,,2,0,0,0,,0,,,,,347868.3739,5020968.188,45.32734154,-75.95057956,8145
17--4709,5/1/2017,2:50 PM,INNES RD @ TENTH LINE RD (0004633),4633,02 - Intersection related,02 - Non-fatal injury,03 - Rear end,02 - Rain,01 - Daylight,02 - Wet,01 - Traffic signal,01 - Functioning,2,0,0,0,01 - Minimal,1,1,,,,383952.0948,5036159.561,45.46087985,-75.4878804,8146
17--471,1/10/2017,6:27 PM,PRESTON ST @ ELM ST (0005112),5112,02 - Intersection related,03 - P.D. only,01 - Approaching,03 - Snow,07 - Dark,03 - Loose snow,01 - Traffic signal,01 - Functioning,3,0,0,0,,0,,,,,366246.0972,5030273.05,45.40969654,-75.71499762,8147
17--4710,5/1/2017,2:54 PM,WEST HUNT CLUB RD btwn PRINCE OF WALES DR & HUNT CLUB RD (__3ZA2T4),__3ZA2T4,01 - Non intersection,02 - Non-fatal injury,03 - Rear end,02 - Rain,01 - Daylight,02 - Wet,10 - No control,,2,0,0,0,02 - Minor,2,1,1,,,367621.9044,5021884.166,45.33409328,-75.6984897,8148
17--4711,5/1/2017,3:03 PM,WOODROFFE AVE btwn CARLINGWOOD SC & CARLING AVE (__3ZA4NKB),__3ZA4NKB,01 - Non intersection,03 - P.D. only,04 - Sideswipe,02 - Rain,01 - Daylight,02 - Wet,10 - No control,,2,0,0,0,,0,,,,,361916.2895,5025868.655,45.37043309,-75.77081803,8149
17--4712,5/1/2017,3:35 PM,AMIENS ST @ TENTH LINE RD (0004168),4168,02 - Intersection related,03 - P.D. only,99 - Other,02 - Rain,01 - Daylight,02 - Wet,01 - Traffic signal,01 - Functioning,2,0,0,0,,0,,,,,383352.3935,5037568.225,45.47362143,-75.49532246,8150
17--4713,5/1/2017,4:00 PM,LAUREL ST @ PRESTON ST (0006477),6477,02 - Intersection related,03 - P.D. only,05 - Turning movement,02 - Rain,01 - Daylight,02 - Wet,02 - Stop sign,00 - Unknown,2,0,0,0,,0,,,,,366406.3605,5029902.236,45.40634597,-75.71299672,8151
17--4714,5/1/2017,4:01 PM,RIVERSIDE DR btwn HERON RD & RIVERSIDE DR RAMP 34 (__5FDVSE),__5FDVSE,01 - Non intersection,03 - P.D. only,03 - Rear end,02 - Rain,01 - Daylight,02 - Wet,10 - No control,,2,0,0,0,,0,,,,,368236.4635,5027072.672,45.38072293,-75.68998381,8152
17--4715,5/1/2017,4:15 PM,ALBERT ST @ KENT ST (OTTAWA) (0003136),3136,02 - Intersection related,03 - P.D. only,04 - Sideswipe,01 - Clear,01 - Daylight,01 - Dry,01 - Traffic signal,01 - Functioning,2,0,0,0,,0,,,,,367221.1853,5031320.593,45.41903573,-75.70240895,8153
17--4716,5/1/2017,4:20 PM,HIGHWAY 417 btwn HWY417 IC138 RAMP61 & HWY417 IC134 RAMP36 (__3ZA20I),__3ZA20I,01 - Non intersection,03 - P.D. only,04 - Sideswipe,02 - Rain,01 - Daylight,02 - Wet,10 - No control,,2,0,0,0,,0,,,,,354404.0534,5021102.207,45.32811599,-75.86719567,8154
17--4717,5/1/2017,4:21 PM,HIGHWAY 417 btwn HWY417 IC122 RAMP61 & HWY417 IC121B RAMP16 (__3ZA2Y4),__3ZA2Y4,01 - Non intersection,03 - P.D. only,03 - Rear end,02 - Rain,01 - Daylight,02 - Wet,10 - No control,,3,0,0,0,,0,,,,,365809.3112,5029210.009,45.40016978,-75.72070878,8155
17--4718,5/1/2017,4:33 PM,FALLOWFIELD RD @ MOODIE DR (0010412),10412,02 - Intersection related,03 - P.D. only,03 - Rear end,02 - Rain,01 - Daylight,02 - Wet,01 - Traffic signal,01 - Functioning,2,0,0,0,,0,,,,,359501.3215,5014637.751,45.26956949,-75.80288705,8156
17--4719,5/1/2017,4:47 AM,WEST HUNT CLUB RD btwn MOODIE DR & RICHMOND RD (__3ZA4YH),__3ZA4YH,01 - Non intersection,03 - P.D. only,07 - SMV other,02 - Rain,07 - Dark,02 - Wet,10 - No control,,1,0,0,0,,0,,,,,357328.5904,5018218.683,45.30195693,-75.83019527,8157
17--472,1/10/2017,6:37 PM,INNES RD @ STAR TOP RD/WINDMILL LANE (0008734),8734,02 - Intersection related,03 - P.D. only,04 - Sideswipe,03 - Snow,07 - Dark,03 - Loose snow,01 - Traffic signal,01 - Functioning,2,0,0,0,,0,,,,,374145.2475,5030665.119,45.4124861,-75.61403861,8158
17--4720,5/1/2017,5:21 PM,MARKETPLACE AVE btwn GREENBANK RD & TRANSITWAY SOUTHWEST (__4LZBJR),__4LZBJR,04 - At/near private drive,03 - P.D. only,02 - Angle,02 - Rain,01 - Daylight,02 - Wet,10 - No control,,2,0,0,0,,0,,,,,364130.0207,5014669.287,45.269478,-75.74390015,8159
17--4721,5/1/2017,5:30 PM,DEANCOURT CRES btwn BRIARFIELD CRES & BRIARFIELD CRES (__3ZA1VP),__3ZA1VP,04 - At/near private drive,03 - P.D. only,06 - SMV unattended vehicle,02 - Rain,01 - Daylight,02 - Wet,10 - No control,,1,0,0,0,,0,,,,,383868.3385,5038234.123,45.47955433,-75.48861742,8160
17--4722,5/1/2017,5:30 PM,LOUISA ST @ PRESTON ST (0006466),6466,03 - At intersection,02 - Non-fatal injury,05 - Turning movement,02 - Rain,01 - Daylight,02 - Wet,02 - Stop sign,01 - Functioning,2,1,0,0,01 - Minimal,1,1,,,,366524.3715,5029637.892,45.40395708,-75.7115224,8161
17--4723,5/1/2017,5:40 PM,TORCASTLE WAY btwn DALRIADA LANE & DALRIADA LANE (__3ZAZC5),__3ZAZC5,04 - At/near private drive,03 - P.D. only,06 - SMV unattended vehicle,01 - Clear,01 - Daylight,01 - Dry,10 - No control,,1,0,0,0,,0,,,,,353554.6754,5017171.898,45.29280978,-75.87841733,8162
17--4724,5/1/2017,5:46 PM,PLEASANT PARK RD @ ST. LAURENT BLVD (0008363),8363,03 - At intersection,02 - Non-fatal injury,07 - SMV other,02 - Rain,01 - Daylight,02 - Wet,01 - Traffic signal,01 - Functioning,1,0,0,1,02 - Minor,1,,1,,,373598.7312,5028796.888,45.39573059,-75.62128077,8163
17--4725,5/1/2017,6:30 AM,HIGHWAY 417 btwn HWY417 IC117 RAMP61 & HWY417 IC115 RAMP36 (__3ZA2RZ),__3ZA2RZ,01 - Non intersection,03 - P.D. only,07 - SMV other,02 - Rain,01 - Daylight,02 - Wet,10 - No control,,1,0,0,0,,0,,,,,371564.2219,5031423.517,45.41956084,-75.64690754,8164
17--4726,5/1/2017,7:05 AM,ST. JOSEPH BLVD/OLD MONTREAL RD @ TRIM RD (0004118),4118,03 - At intersection,03 - P.D. only,04 - Sideswipe,02 - Rain,01 - Daylight,02 - Wet,11 - Roundabout,01 - Functioning,2,0,0,0,,0,,,,,384682.6514,5039283.682,45.48890455,-75.47803227,8165
17--4727,5/1/2017,7:20 PM,TENTH LINE RD btwn TOMPKINS AVE & CANOTIA PL (__3ZA1TD),__3ZA1TD,01 - Non intersection,03 - P.D. only,04 - Sideswipe,02 - Rain,01 - Daylight,02 - Wet,10 - No control,,2,0,0,0,,0,,,,,383230.7262,5037840.59,45.4760856,-75.49683485,8166
17--4728,5/1/2017,7:20 PM,HIGHWAY 417 btwn HWY417 IC144 RAMP35 & HWY417 IC144 RAMP25 (__3ZA2QT),__3ZA2QT,01 - Non intersection,03 - P.D. only,07 - SMV other,02 - Rain,01 - Daylight,02 - Wet,10 - No control,,1,0,0,0,,0,,,,,347476.7187,5015878.58,45.28156745,-75.95601385,8167
17--4729,5/1/2017,7:51 AM,ST. LAURENT BLVD @ COVENTRY RD/OGILVIE RD (0002151),2151,02 - Intersection related,03 - P.D. only,04 - Sideswipe,02 - Rain,01 - Daylight,02 - Wet,01 - Traffic signal,01 - Functioning,2,0,0,0,,0,,,,,372304.7162,5031952.244,45.42424703,-75.63737436,8168
17--473,1/10/2017,6:40 PM,TENTH LINE RD btwn OLD TENTH LINE RD & TOMPKINS AVE (__3ZBPKU),__3ZBPKU,01 - Non intersection,03 - P.D. only,03 - Rear end,03 - Snow,07 - Dark,03 - Loose snow,10 - No control,,2,0,0,0,,0,,,,,383140.3401,5038116.179,45.47857524,-75.4979468,8169
17--4730,5/1/2017,8:26 PM,HIGHWAY 417 btwn HIGHWAY 417 & HIGHWAY 417 (2) (__3ZA2UZ),__3ZA2UZ,01 - Non intersection,03 - P.D. only,07 - SMV other,02 - Rain,05 - Dusk,02 - Wet,10 - No control,,1,0,0,0,,0,,,,,375285.0119,5030475.672,45.41066769,-75.59950575,8170
17--4731,5/1/2017,8:30 AM,TENTH LINE RD @ CHARLEMAGNE BLVD S/DES EPINETT (0003686),3686,02 - Intersection related,02 - Non-fatal injury,03 - Rear end,02 - Rain,01 - Daylight,02 - Wet,01 - Traffic signal,01 - Functioning,2,0,0,0,01 - Minimal,1,1,,,,383640.9751,5036900.456,45.46758093,-75.49173924,8171
17--4732,5/1/2017,8:31 PM,PRINCE OF WALES DR @ WEST HUNT CLUB RD (0000567),567,02 - Intersection related,03 - P.D. only,99 - Other,02 - Rain,05 - Dusk,02 - Wet,01 - Traffic signal,01 - Functioning,2,0,0,0,,0,,,,,367459.0448,5021892.172,45.33417988,-75.70056632,8172
17--4733,5/1/2017,9:00 PM,WOODROFFE AVE/HWY 417 WOODROFF IC127R25 @ HWY  (0002348),2348,02 - Intersection related,03 - P.D. only,03 - Rear end,02 - Rain,05 - Dusk,02 - Wet,01 - Traffic signal,01 - Functioning,2,0,0,0,,0,,,,,362179.3424,5024694.033,45.35984245,-75.76759641,8173
17--4734,5/2/2017,1:54 PM,CAMPEAU DR/HWY 417 MARCH IC138R63 @ MARCH RD (0009710),9710,02 - Intersection related,03 - P.D. only,03 - Rear end,02 - Rain,01 - Daylight,02 - Wet,01 - Traffic signal,01 - Functioning,2,0,0,0,,0,,,,,352842.5188,5020477.026,45.32259911,-75.88717584,8174
17--4735,5/2/2017,10:04 AM,ELGIN ST @ SLATER ST (0002228),2228,03 - At intersection,03 - P.D. only,05 - Turning movement,01 - Clear,01 - Daylight,01 - Dry,01 - Traffic signal,01 - Functioning,2,0,0,0,,0,,,,,367891.711,5031645.906,45.42190265,-75.69380045,8175
17--4736,5/2/2017,10:18 AM,MARVELVILLE RD @ YORKS CORNERS RD (0001676),1676,03 - At intersection,02 - Non-fatal injury,02 - Angle,01 - Clear,01 - Daylight,01 - Dry,02 - Stop sign,01 - Functioning,2,0,0,0,02 - Minor,2,,2,,,391167.4843,5007624.366,45.20329301,-75.40061243,8176
17--4737,5/2/2017,10:23 AM,COVENTRY RD btwn ST. LAURENT SC WEST & ST. LAURENT BLVD (__3ZA2CAC),__3ZA2CAC,01 - Non intersection,03 - P.D. only,03 - Rear end,01 - Clear,01 - Daylight,01 - Dry,10 - No control,,3,0,0,0,,0,,,,,372265.5654,5031942.574,45.4241638,-75.63787592,8177
17--4738,5/2/2017,11:12 AM,TERREBONNE DR btwn MARYGROVE CIRC & MAITLAND AVE (__3ZBOKK),__3ZBOKK,01 - Non intersection,03 - P.D. only,06 - SMV unattended vehicle,01 - Clear,01 - Daylight,01 - Dry,10 - No control,,1,0,0,0,,0,,,,,363980.0686,5024937.408,45.36188262,-75.74458435,8178
17--4739,5/2/2017,11:17 PM,BANK ST @ HERON RD (0002155),2155,03 - At intersection,02 - Non-fatal injury,02 - Angle,01 - Clear,07 - Dark,02 - Wet,01 - Traffic signal,01 - Functioning,2,0,0,0,02 - Minor,3,2,1,,,369996.0545,5026852.88,45.37858377,-75.66754708,8179
17--474,1/10/2017,7:16 PM,MAJESTIC DR @ WOODROFFE AVE (0000562),562,03 - At intersection,03 - P.D. only,05 - Turning movement,03 - Snow,07 - Dark,03 - Loose snow,01 - Traffic signal,01 - Functioning,2,0,0,0,,0,,,,,363527.6934,5021570.136,45.33162226,-75.75075811,8180
17--4740,5/2/2017,11:31 AM,REGIONAL ROAD 174 btwn OR174 IC109 RAMP56 & OR174 IC109 RAMP86 (__3ZA28W),__3ZA28W,01 - Non intersection,03 - P.D. only,03 - Rear end,01 - Clear,01 - Daylight,01 - Dry,10 - No control,,2,0,0,0,,0,,,,,376378.9078,5034820.799,45.4496515,-75.58490067,8181
17--4741,5/2/2017,Unknown,OLMSTEAD ST btwn GLADU ST & MCARTHUR AVE (__3ZA7BO),__3ZA7BO,01 - Non intersection,03 - P.D. only,06 - SMV unattended vehicle,02 - Rain,07 - Dark,02 - Wet,10 - No control,,1,0,0,0,,0,,,,,370477.9188,5032782.569,45.43189185,-75.66060525,8182
17--4742,5/2/2017,12:21 PM,CAMERON ST @ REGIONAL RD 174 (0012883),12883,02 - Intersection related,03 - P.D. only,03 - Rear end,01 - Clear,01 - Daylight,01 - Dry,01 - Traffic signal,01 - Functioning,2,0,0,0,,0,,,,,389861.7769,5042617.564,45.51828687,-75.41120741,8183
17--4743,5/2/2017,12:38 PM,CATHERINE ST btwn METCALFE ST & ELGIN ST (__3ZA3PE),__3ZA3PE,01 - Non intersection,03 - P.D. only,06 - SMV unattended vehicle,02 - Rain,01 - Daylight,02 - Wet,10 - No control,,1,0,0,0,,0,,,,,368402.7368,5030492.583,45.41147916,-75.68741997,8184
17--4744,5/2/2017,12:47 PM,CARLING AVE @ MOODIE DR/JAMES CUMMINGS AVE W (0000158),158,02 - Intersection related,02 - Non-fatal injury,05 - Turning movement,01 - Clear,01 - Daylight,01 - Dry,01 - Traffic signal,01 - Functioning,2,0,0,0,02 - Minor,1,,1,,,356002.6582,5023938.18,45.35351955,-75.8465099,8185
17--4745,5/2/2017,12:51 PM,HAZELDEAN RD @ TERRY FOX DR (0003682),3682,02 - Intersection related,03 - P.D. only,03 - Rear end,02 - Rain,01 - Daylight,02 - Wet,01 - Traffic signal,01 - Functioning,2,0,0,0,,0,,,,,352207.2766,5017243.12,45.29354285,-75.8955878,8186
17--4746,5/2/2017,2:14 PM,HEATHERSTONE CRES btwn ARIA CRT & SPRINGRIDGE DR (__4VGRS5),__4VGRS5,04 - At/near private drive,02 - Non-fatal injury,02 - Angle,01 - Clear,01 - Daylight,02 - Wet,10 - No control,,2,0,0,1,01 - Minimal,2,2,,,,385714.2199,5038681.44,45.48336736,-75.46493644,8187
17--4747,5/2/2017,2:53 PM,BOOTH ST @ SIR JOHN A. MACDONALD PKWY/WELLINGTON ST (0012252),12252,03 - At intersection,02 - Non-fatal injury,05 - Turning movement,02 - Rain,01 - Daylight,02 - Wet,01 - Traffic signal,01 - Functioning,2,0,0,0,01 - Minimal,3,3,,,,366264.5756,5031005.337,45.41628384,-75.71467026,8188
17--4748,5/2/2017,2:55 PM,KANATA AVE @ TERRY FOX DR (0012691),12691,02 - Intersection related,03 - P.D. only,03 - Rear end,01 - Clear,01 - Daylight,01 - Dry,01 - Traffic signal,01 - Functioning,2,0,0,0,,0,,,,,349305.5331,5019210.247,45.31143344,-75.93240467,8189
17--4749,5/2/2017,3:08 PM,BELFAST RD @ ST. LAURENT BLVD (0007658),7658,02 - Intersection related,03 - P.D. only,04 - Sideswipe,02 - Rain,01 - Daylight,02 - Wet,01 - Traffic signal,01 - Functioning,2,0,0,0,,0,,,,,372859.0519,5030578.562,45.41183357,-75.63048119,8190
17--475,1/10/2017,8:10 PM,ROGER STEVENS DR btwn MCCORDICK RD & CRAIGHURST DR (__3ZA4KX),__3ZA4KX,01 - Non intersection,03 - P.D. only,03 - Rear end,03 - Snow,07 - Dark,03 - Loose snow,10 - No control,,2,0,0,0,,0,,,,,365098.6546,4998603.816,45.12483681,-75.73350036,8191
17--4750,5/2/2017,3:30 PM,HIGHWAY 417 btwn HWY417 IC119B RAMP57 & HWY417 IC119A RAMP75 (__3ZA1QN),__3ZA1QN,01 - Non intersection,03 - P.D. only,03 - Rear end,02 - Rain,01 - Daylight,02 - Wet,10 - No control,,2,0,0,0,,0,,,,,368448.203,5030441.361,45.41101415,-75.68684577,8192
17--4751,5/2/2017,3:38 PM,MONTREAL RD @ VANIER PKWY (0004630),4630,03 - At intersection,03 - P.D. only,03 - Rear end,02 - Rain,01 - Daylight,02 - Wet,01 - Traffic signal,01 - Functioning,2,0,0,0,,0,,,,,370073.0443,5033064.923,45.43447026,-75.66574175,8193
17--4752,5/2/2017,3:50 PM,HAWTHORNE RD @ HUNT CLUB RD (0007651),7651,02 - Intersection related,03 - P.D. only,03 - Rear end,01 - Clear,01 - Daylight,02 - Wet,01 - Traffic signal,01 - Functioning,2,0,0,0,,0,,,,,375508.2594,5026405.51,45.37402395,-75.59723724,8194
17--4753,5/2/2017,4:00 PM,KENNEVALE DR @ STRANDHERD DR (0010896),10896,02 - Intersection related,03 - P.D. only,03 - Rear end,01 - Clear,01 - Daylight,01 - Dry,01 - Traffic signal,01 - Functioning,2,0,0,0,,0,,,,,361492.1945,5014098.211,45.264557,-75.77757897,8195
17--4754,5/2/2017,4:04 PM,JAMIE AVE @ SUNDERLAND ST (0004576),4576,03 - At intersection,03 - P.D. only,02 - Angle,01 - Clear,01 - Daylight,02 - Wet,02 - Stop sign,01 - Functioning,2,0,0,0,,0,,,,,366065.2126,5022023.525,45.33548485,-75.71833154,8196
17--4755,5/2/2017,4:09 PM,BANK ST @ WELLINGTON ST (0002039),2039,02 - Intersection related,03 - P.D. only,04 - Sideswipe,02 - Rain,01 - Daylight,02 - Wet,01 - Traffic signal,01 - Functioning,2,0,0,0,,0,,,,,367258.7103,5031627.905,45.42179748,-75.70189056,8197
17--4756,5/2/2017,4:10 PM,HUNTMAR DR btwn PALLADIUM DR & MAPLE GROVE RD (__3ZA1EH),__3ZA1EH,01 - Non intersection,03 - P.D. only,04 - Sideswipe,02 - Rain,01 - Daylight,02 - Wet,10 - No control,,2,0,0,0,,0,,,,,350239.8458,5016745.56,45.28919563,-75.92071553,8198
17--4757,5/2/2017,4:22 PM,PARKDALE AVE @ SHERWOOD DR (0006383),6383,02 - Intersection related,03 - P.D. only,01 - Approaching,02 - Rain,01 - Daylight,02 - Wet,01 - Traffic signal,00 - Unknown,2,0,0,0,,0,,,,,365379.6997,5028746.883,45.39603998,-75.72625271,8199
17--4758,5/2/2017,4:29 PM,MITCH OWENS RD btwn EMERALD LINKS DR & STAGECOACH RD (__3ZA1DE),__3ZA1DE,01 - Non intersection,02 - Non-fatal injury,03 - Rear end,02 - Rain,01 - Daylight,02 - Wet,10 - No control,,2,0,0,0,02 - Minor,1,,1,,,374890.3902,5014163.388,45.26393601,-75.6068572,8200