Anom_ID,Accident_Date,Accident_Time,Location,Geo_ID,Accident_Location,Classification_of_Accident,Initial_Impact_Type,Environment_Condition,Light,Road_Surface_Condition,Traffic_Control,Traffic_Control_Condition,No__of_Vehicles,No__of_Bicycles,No__of_Motorcycles,No__of_Pedestrians,Max_Injury,No__of_Injuries,No__of_Minimal,No__of_Minor,No__of_Major,No__of_Fatal,X,Y,Latitude,Longitude,ObjectId
17--4759,5/2/2017,4:33 PM,BENLEA DR btwn FOXMEADOW LANE & CARDIGAN DR (__3ZA1NX),__3ZA1NX,01 - Non intersection,02 - Non-fatal injury,07 - SMV other,01 - Clear,01 - Daylight,01 - Dry,10 - No control,,1,0,0,0,02 - Minor,1,,1,,,363995.5436,5021513.589,45.33107415,-75.74479661,8201
17--476,1/10/2017,8:29 PM,IONA ST @ ISLAND PARK DR (0006683),6683,03 - At intersection,03 - P.D. only,02 - Angle,03 - Snow,07 - Dark,03 - Loose snow,01 - Traffic signal,01 - Functioning,2,0,0,0,,0,,,,,364349.7044,5028381.847,45.39284381,-75.7394511,8202
17--4760,5/2/2017,5:00 AM,KINGSLEY RD btwn GATEWAY RD & ELMIRA DR (__3ZABU2),__3ZABU2,01 - Non intersection,02 - Non-fatal injury,07 - SMV other,01 - Clear,07 - Dark,01 - Dry,10 - No control,,1,0,0,1,01 - Minimal,1,1,,,,361642.9799,5024205.778,45.35549286,-75.77449826,8203
17--4761,5/2/2017,5:03 PM,ANDERSON ST @ PRESTON ST (0006505),6505,02 - Intersection related,03 - P.D. only,06 - SMV unattended vehicle,01 - Clear,01 - Daylight,01 - Dry,02 - Stop sign,01 - Functioning,1,0,0,0,,0,,,,,366360.3679,5030007.915,45.40730089,-75.71357101,8204
17--4762,5/2/2017,5:07 PM,WEST HUNT CLUB RD EB btwn 545 E OF ROYDON PL/SUNDERLAND ST & ANTARES D (__3ZA3JPB),__3ZA3JPB,01 - Non intersection,03 - P.D. only,03 - Rear end,01 - Clear,01 - Daylight,01 - Dry,10 - No control,,3,0,0,0,,0,,,,,367041.1561,5022178.492,45.33679333,-75.70586141,8205
17--4763,5/2/2017,5:15 PM,MAITLAND AVE @ WOODWARD DR (0003185),3185,02 - Intersection related,02 - Non-fatal injury,03 - Rear end,01 - Clear,01 - Daylight,02 - Wet,01 - Traffic signal,01 - Functioning,2,0,0,0,02 - Minor,1,,1,,,363272.6913,5025662.527,45.36846651,-75.75352722,8206
17--4764,5/2/2017,5:16 PM,SPENCER ST btwn HAMILTON AVE N & PARKDALE AVE (__3ZA0G0),__3ZA0G0,01 - Non intersection,03 - P.D. only,04 - Sideswipe,01 - Clear,01 - Daylight,01 - Dry,10 - No control,,2,0,0,0,,0,,,,,365057.809,5029464.802,45.40252743,-75.73027594,8207
17--4765,5/2/2017,5:38 PM,BASELINE RD @ MERIVALE RD (0002342),2342,02 - Intersection related,03 - P.D. only,03 - Rear end,01 - Clear,01 - Daylight,01 - Dry,01 - Traffic signal,01 - Functioning,2,0,0,0,,0,,,,,365054.1869,5025326.534,45.36529241,-75.73082734,8208
17--4766,5/2/2017,5:41 PM,CHESTERTON DR @ MEADOWLANDS DR (0001110),1110,02 - Intersection related,03 - P.D. only,03 - Rear end,01 - Clear,01 - Daylight,02 - Wet,01 - Traffic signal,00 - Unknown,2,0,0,0,,0,,,,,365102.0381,5024010.177,45.35344392,-75.73037715,8209
17--4767,5/2/2017,6:01 PM,BELCOURT BLVD @ ST. JOSEPH BLVD (0004138),4138,03 - At intersection,03 - P.D. only,05 - Turning movement,01 - Clear,01 - Daylight,02 - Wet,01 - Traffic signal,01 - Functioning,2,0,0,0,,0,,,,,381205.0747,5037359.934,45.47198564,-75.52281477,8210
17--4768,5/2/2017,6:02 PM,HERON RD btwn FINN CRT & BAYCREST DR (__3ZBOFO),__3ZBOFO,04 - At/near private drive,03 - P.D. only,05 - Turning movement,02 - Rain,01 - Daylight,02 - Wet,10 - No control,,2,0,0,0,,0,,,,,370967.5572,5026960.265,45.37945891,-75.65512945,8211
17--4769,5/2/2017,6:03 PM,GLADEVIEW PRIV btwn MAPLE PARK PRIV & END (2) (__3ZAZJS),__3ZAZJS,01 - Non intersection,03 - P.D. only,01 - Approaching,02 - Rain,01 - Daylight,02 - Wet,10 - No control,,2,0,0,0,,0,,,,,373541.9278,5025188.567,45.36327005,-75.62250857,8212
17--477,1/10/2017,8:30 AM,BLAIR RD @ REGIONAL RD 174 S/OR174 IC112 RAMP15 (0012435),12435,02 - Intersection related,03 - P.D. only,07 - SMV other,03 - Snow,01 - Daylight,04 - Slush,01 - Traffic signal,00 - Unknown,1,0,0,0,,0,,,,,374906.8103,5032659.481,45.43035441,-75.6040262,8213
17--4770,5/2/2017,6:19 PM,BLACKBURN BYPASS @ INNES RD W (0009340),9340,02 - Intersection related,03 - P.D. only,03 - Rear end,02 - Rain,01 - Daylight,02 - Wet,01 - Traffic signal,01 - Functioning,2,0,0,0,,0,,,,,377186.8656,5032175.021,45.42576327,-75.57496177,8214
17--4771,5/2/2017,6:30 AM,CARP RD btwn MARCH RD & JOHN CAVANAUGH DR (__3ZA3FZ),__3ZA3FZ,01 - Non intersection,03 - P.D. only,07 - SMV other,02 - Rain,01 - Daylight,02 - Wet,10 - No control,,1,0,0,0,,0,,,,,342303.3513,5021583.344,45.33319638,-76.02152292,8215
17--4772,5/2/2017,7:00 PM,RICHMOND RD btwn BASELINE RD TURN LANE & NORTHSIDE RD (__3ZA4LJ),__3ZA4LJ,01 - Non intersection,03 - P.D. only,03 - Rear end,02 - Rain,01 - Daylight,02 - Wet,10 - No control,,2,0,0,0,,0,,,,,358563.6996,5021664.956,45.33287332,-75.81407316,8216
17--4773,5/2/2017,7:14 PM,PARENT AVE @ ST. PATRICK ST (0008240),8240,02 - Intersection related,03 - P.D. only,04 - Sideswipe,01 - Clear,01 - Daylight,01 - Dry,01 - Traffic signal,01 - Functioning,2,0,0,0,,0,,,,,367822.2378,5032555.254,45.43009091,-75.69457175,8217
17--4774,5/2/2017,7:20 AM,HERON RD @ KALADAR AVE (0006960),6960,02 - Intersection related,03 - P.D. only,99 - Other,01 - Clear,01 - Daylight,01 - Dry,01 - Traffic signal,01 - Functioning,2,0,0,0,,0,,,,,369686.0579,5026805.875,45.37818961,-75.67151102,8218
17--4775,5/2/2017,7:38 AM,GOULBURN AVE @ LAURIER AVE (0007760),7760,03 - At intersection,03 - P.D. only,02 - Angle,01 - Clear,01 - Daylight,01 - Dry,02 - Stop sign,01 - Functioning,2,0,0,0,,0,,,,,369254.044,5032349.252,45.4281069,-75.67630202,8219
17--4776,5/2/2017,7:40 AM,HIGHWAY 417 btwn HWY417 IC129 RAMP25 & TRANSIT (__3ZA2SH),__3ZA2SH,01 - Non intersection,03 - P.D. only,03 - Rear end,01 - Clear,01 - Daylight,01 - Dry,10 - No control,,2,0,0,0,,0,,,,,360888.5128,5023861.689,45.35245751,-75.784166,8220
17--5056,5/11/2017,6:11 PM,MCARTHUR AVE btwn LAFONTAINE AVE & EASTWOOD PL (__3ZA3W0),__3ZA3W0,01 - Non intersection,03 - P.D. only,03 - Rear end,01 - Clear,01 - Daylight,01 - Dry,10 - No control,,2,0,0,0,,0,,,,,370964.7625,5032770.905,45.43174101,-75.6543854,8221
17--487,1/10/2017,9:32 AM,SWEETLAND AVE btwn SOMERSET ST E & TEMPLETON ST (__3ZA9OV),__3ZA9OV,01 - Non intersection,03 - P.D. only,06 - SMV unattended vehicle,01 - Clear,01 - Daylight,02 - Wet,10 - No control,,1,0,0,0,,0,,,,,369202.8737,5031764.926,45.42285407,-75.67703229,8222
17--46,1/3/2017,10:10 AM,HIGHWAY 416 btwn HWY416 IC66 RAMP63 & HWY416 IC66 RAMP53 (__3ZAZMV),__3ZAZMV,01 - Non intersection,03 - P.D. only,07 - SMV other,04 - Freezing Rain,01 - Daylight,06 - Ice,10 - No control,,1,0,0,0,,0,,,,,360143.6428,5014615.968,45.26932323,-75.79470436,8223
17--4777,5/2/2017,7:42 PM,BRONSON AVE @ IMPERIAL AVE/PLYMOUTH ST (0010859),10859,03 - At intersection,02 - Non-fatal injury,07 - SMV other,02 - Rain,01 - Daylight,02 - Wet,10 - No control,,1,0,0,1,01 - Minimal,1,1,,,,367318.7027,5029643.552,45.40393751,-75.70137574,8224
17--4870,5/5/2017,3:45 PM,HIGHWAY 417 btwn HWY417 IC144 RAMP35 & HWY417 IC144 RAMP25 (__3ZA2QT),__3ZA2QT,01 - Non intersection,02 - Non-fatal injury,04 - Sideswipe,02 - Rain,01 - Daylight,02 - Wet,10 - No control,,2,0,0,0,01 - Minimal,2,2,,,,347814.4974,5016185.368,45.28430745,-75.9516819,8225
17--5057,5/11/2017,6:20 AM,MCARTHUR AVE @ VANIER PKWY (0004626),4626,02 - Intersection related,03 - P.D. only,03 - Rear end,01 - Clear,01 - Daylight,01 - Dry,01 - Traffic signal,01 - Functioning,2,0,0,0,,0,,,,,370218.3706,5032689.248,45.43107651,-75.66393444,8226
17--460,1/10/2017,3:17 PM,CHARLOTTE ST/TORMEY ST @ BRIGADIER PRIV (0005237),5237,02 - Intersection related,03 - P.D. only,02 - Angle,03 - Snow,01 - Daylight,05 - Packed snow,10 - No control,,2,0,0,0,,0,,,,,369204.6625,5032911.666,45.43317183,-75.67685947,8227
17--4778,5/2/2017,7:46 AM,BANK ST btwn MASON ST & MEADOW DR (__3ZA28O),__3ZA28O,01 - Non intersection,03 - P.D. only,03 - Rear end,01 - Clear,01 - Daylight,01 - Dry,10 - No control,,2,0,0,0,,0,,,,,377915.4792,5015611.018,45.27665328,-75.56810118,8228
17--4871,5/5/2017,3:49 PM,CARP RD @ HAZELDEAN RD (0000086),86,02 - Intersection related,02 - Non-fatal injury,03 - Rear end,02 - Rain,01 - Daylight,02 - Wet,01 - Traffic signal,01 - Functioning,2,0,0,0,01 - Minimal,1,1,,,,348806.2481,5014360.436,45.26782467,-75.93920215,8229
17--5058,5/11/2017,6:29 PM,KANATA AVE @ GOLDRIDGE DR/EVANSHEN PL (0011838),11838,03 - At intersection,03 - P.D. only,02 - Angle,01 - Clear,01 - Daylight,01 - Dry,02 - Stop sign,01 - Functioning,2,0,1,0,,0,,,,,350286.2745,5019729.052,45.31603894,-75.91984992,8230
17--4600,4/28/2017,Unknown,CUMMINGS AVE btwn BURN ST & GARDENVALE RD (__3ZA7UC),__3ZA7UC,01 - Non intersection,03 - P.D. only,06 - SMV unattended vehicle,01 - Clear,00 - Unknown,01 - Dry,10 - No control,,1,0,0,0,,0,,,,,372363.1758,5033142.283,45.43494879,-75.63646413,8231
17--4601,4/28/2017,12:03 PM,MONTREAL RD @ ST. LAURENT BLVD (0002604),2604,02 - Intersection related,03 - P.D. only,07 - SMV other,01 - Clear,01 - Daylight,01 - Dry,01 - Traffic signal,00 - Unknown,1,0,0,0,,0,,,,,371546.7062,5033818.264,45.44110936,-75.64680673,8232
17--4602,4/28/2017,12:41 PM,GEORGE ST @ WILLIAM ST (0007976),7976,02 - Intersection related,02 - Non-fatal injury,04 - Sideswipe,01 - Clear,01 - Daylight,01 - Dry,01 - Traffic signal,01 - Functioning,2,1,0,0,02 - Minor,3,2,1,,,368046.9688,5032233.52,45.42717578,-75.69174128,8233
17--4603,4/28/2017,2:15 PM,HIGHWAY 417 btwn HWY417 IC138 RAMP61 & HWY417 IC134 RAMP36 (__3ZA20I),__3ZA20I,01 - Non intersection,02 - Non-fatal injury,99 - Other,01 - Clear,01 - Daylight,01 - Dry,10 - No control,,3,0,1,0,02 - Minor,1,,1,,,355733.9068,5021890.467,45.3351136,-75.85015056,8234
17--4604,4/28/2017,2:18 PM,HUNT CLUB RD @ RIVERSIDE DR (0002237),2237,02 - Intersection related,03 - P.D. only,03 - Rear end,01 - Clear,01 - Daylight,01 - Dry,01 - Traffic signal,00 - Unknown,2,0,0,0,,0,,,,,368036.3686,5021946.836,45.33461995,-75.69319429,8235
17--4605,4/28/2017,2:35 PM,HIGHWAY 417 btwn HWY417 IC121A RAMP16 & HWY417 IC121A RAMP61 (__3ZA2YY),__3ZA2YY,01 - Non intersection,03 - P.D. only,03 - Rear end,01 - Clear,01 - Daylight,01 - Dry,10 - No control,,3,0,0,0,,0,,,,,367252.3007,5029754.865,45.404945,-75.70220979,8236
17--4606,4/28/2017,3:00 PM,PARKDALE AVE/SPENCER ST @ OXFORD ST (0005645),5645,02 - Intersection related,03 - P.D. only,03 - Rear end,01 - Clear,01 - Daylight,01 - Dry,02 - Stop sign,01 - Functioning,2,0,0,0,,0,,,,,365060.1039,5029474.304,45.40261273,-75.73024547,8237
17--4607,4/28/2017,3:06 PM,MARIER AVE @ MONTREAL RD (0009346),9346,03 - At intersection,02 - Non-fatal injury,05 - Turning movement,01 - Clear,01 - Daylight,01 - Dry,01 - Traffic signal,01 - Functioning,2,0,0,0,01 - Minimal,1,1,,,,370420.7116,5033261.591,45.43620725,-75.66127246,8238
17--4608,4/28/2017,3:08 PM,CONROY RD @ LORRY GREENBERG DR (0011446),11446,02 - Intersection related,02 - Non-fatal injury,03 - Rear end,01 - Clear,01 - Daylight,01 - Dry,01 - Traffic signal,01 - Functioning,3,0,0,0,01 - Minimal,1,1,,,,373568.5205,5025879.521,45.36948436,-75.62207298,8239
17--4609,4/28/2017,3:25 PM,WALKLEY RD btwn HERON RD & HOLLY LANE (__3ZA1V8),__3ZA1V8,04 - At/near private drive,02 - Non-fatal injury,02 - Angle,01 - Clear,01 - Daylight,01 - Dry,10 - No control,,2,0,1,0,02 - Minor,1,,1,,,372191.7825,5027039.229,45.38005271,-75.63948872,8240
17--461,1/10/2017,4:30 PM,HIGHWAY 7 btwn TO BE DETERMINED & RAMP (__7JQ7L1),__7JQ7L1,01 - Non intersection,03 - P.D. only,07 - SMV other,03 - Snow,01 - Daylight,03 - Loose snow,10 - No control,,1,0,0,0,,0,,,,,345854.4609,5011407.39,45.24143034,-75.97706085,8241
17--4610,4/28/2017,3:30 PM,MCARTHUR AVE @ VANIER PKWY (0004626),4626,02 - Intersection related,03 - P.D. only,03 - Rear end,01 - Clear,01 - Daylight,01 - Dry,01 - Traffic signal,00 - Unknown,2,0,0,0,,0,,,,,370217.7017,5032691.255,45.43109463,-75.66394272,8242
17--4611,4/28/2017,3:50 PM,HIGHWAY 417 btwn HWY417 IC129 RAMP51 & HWY417 IC129 RAMP35 (__3ZA2X9),__3ZA2X9,01 - Non intersection,02 - Non-fatal injury,03 - Rear end,01 - Clear,01 - Daylight,01 - Dry,10 - No control,,3,0,0,0,01 - Minimal,2,2,,,,360277.0658,5023394.565,45.34830298,-75.79202144,8243
17--4612,4/28/2017,4:00 PM,MERIVALE RD @ WEST HUNT CLUB RD (0000584),584,02 - Intersection related,03 - P.D. only,03 - Rear end,01 - Clear,01 - Daylight,01 - Dry,01 - Traffic signal,01 - Functioning,2,0,0,0,,0,,,,,365611.6919,5021944.505,45.33481329,-75.72412708,8244
17--4613,4/28/2017,4:06 PM,HUNT CLUB RD @ BRIDLE PATH DR/DAZE ST (0008214),8214,02 - Intersection related,02 - Non-fatal injury,03 - Rear end,01 - Clear,01 - Daylight,01 - Dry,01 - Traffic signal,00 - Unknown,2,1,0,0,02 - Minor,1,,1,,,371291.3945,5023865.173,45.35157967,-75.65141144,8245
17--4614,4/28/2017,5:00 PM,HIGHWAY 417 btwn HWY417 IC121A RAMP51 & HWY417 IC120A RAMP52 (__3ZA2R6),__3ZA2R6,01 - Non intersection,03 - P.D. only,03 - Rear end,01 - Clear,01 - Daylight,01 - Dry,10 - No control,,2,0,0,0,,0,,,,,367182.7837,5029701.334,45.40446955,-75.70310451,8246
17--4615,4/28/2017,5:14 PM,VICTORIA ST btwn BOWEN ST & 8TH LINE RD (__3ZA20C),__3ZA20C,04 - At/near private drive,03 - P.D. only,02 - Angle,01 - Clear,01 - Daylight,01 - Dry,10 - No control,,2,0,0,0,,0,,,,,385379.2799,5011121.857,45.23544687,-75.47371326,8247
17--4616,4/28/2017,5:20 PM,MARCH RD @ TERON RD (0011926),11926,03 - At intersection,03 - P.D. only,05 - Turning movement,01 - Clear,01 - Daylight,01 - Dry,01 - Traffic signal,01 - Functioning,2,0,0,0,,0,,,,,351414.9507,5021780.151,45.33442117,-75.90526201,8248
17--4617,4/28/2017,5:22 PM,TERRY FOX DR btwn CASTLEFRANK RD & TRANS CANADA TRAIL (__355BDZA),__355BDZA,01 - Non intersection,03 - P.D. only,03 - Rear end,01 - Clear,01 - Daylight,01 - Dry,10 - No control,,2,0,0,0,,0,,,,,353039.8284,5016253.972,45.28458559,-75.88507009,8249
17--4618,4/28/2017,5:27 PM,SOMERSET ST    W btwn PRESTON ST & ROCHESTER ST (__3ZA321),__3ZA321,04 - At/near private drive,02 - Non-fatal injury,05 - Turning movement,01 - Clear,01 - Daylight,01 - Dry,10 - No control,,2,1,0,0,02 - Minor,1,,1,,,366331.4444,5030137.602,45.40847032,-75.71392428,8250
17--4619,4/28/2017,6:04 PM,BRIDLE PATH DR @ TRAPPER'S RD (0009612),9612,03 - At intersection,03 - P.D. only,02 - Angle,01 - Clear,01 - Daylight,01 - Dry,02 - Stop sign,01 - Functioning,2,0,0,0,,0,,,,,371770.7282,5023569.184,45.34887085,-75.64533476,8251
17--462,1/10/2017,4:35 PM,HIGHWAY 416 btwn HWY416 IC75A RAMP26 & HWY416 IC72 RAMP62 (__3ZAZLF),__3ZAZLF,01 - Non intersection,03 - P.D. only,07 - SMV other,03 - Snow,05 - Dusk,03 - Loose snow,10 - No control,,1,0,0,0,,0,,,,,358924.6295,5021560.078,45.33190188,-75.80948016,8252
17--4620,4/28/2017,6:04 PM,BASELINE RD @ GREENBANK RD (0002357),2357,02 - Intersection related,03 - P.D. only,04 - Sideswipe,01 - Clear,01 - Daylight,01 - Dry,01 - Traffic signal,01 - Functioning,2,0,0,0,,0,,,,,360597.3499,5022583.831,45.3409826,-75.78802586,8253
17--4621,4/28/2017,6:20 AM,DWYER HILL RD btwn PURDY RD & DWYER HILL RD (__3ZA3E3),__3ZA3E3,01 - Non intersection,02 - Non-fatal injury,07 - SMV other,01 - Clear,03 - Dawn,02 - Wet,10 - No control,,1,0,1,0,01 - Minimal,1,1,,,,351031.6887,4995609.117,45.09894889,-75.91258135,8254
17--4622,4/28/2017,6:23 PM,DALY AVE @ KING EDWARD AVE (0007755),7755,03 - At intersection,03 - P.D. only,02 - Angle,01 - Clear,01 - Daylight,01 - Dry,02 - Stop sign,01 - Functioning,2,0,0,0,,0,,,,,368593.3798,5032273.586,45.42748665,-75.68475399,8255
17--4623,4/28/2017,6:30 PM,FALLOWFIELD RD @ MERIVALE RD (0000587),587,02 - Intersection related,03 - P.D. only,03 - Rear end,01 - Clear,01 - Daylight,01 - Dry,01 - Traffic signal,01 - Functioning,2,0,0,0,,0,,,,,366890.7093,5018844.469,45.3068076,-75.70819879,8256
17--4624,4/28/2017,6:45 PM,CARP RD @ STITTSVILLE MAIN ST (0005253),5253,02 - Intersection related,03 - P.D. only,03 - Rear end,01 - Clear,01 - Daylight,01 - Dry,01 - Traffic signal,01 - Functioning,2,0,0,0,,0,,,,,349523.7828,5014331.541,45.2675194,-75.93006123,8257
17--4625,4/28/2017,6:46 PM,OR174 IC109 RAMP65 @ MONTREAL RD (0004119),4119,02 - Intersection related,03 - P.D. only,03 - Rear end,01 - Clear,01 - Daylight,01 - Dry,01 - Traffic signal,01 - Functioning,2,0,0,0,,0,,,,,376402.9258,5034982.299,45.45110211,-75.58457015,8258
17--4626,4/28/2017,6:50 PM,MASSICOTTE LANE btwn ALDERWOOD ST & ALBION RD (__3ZA9B5),__3ZA9B5,04 - At/near private drive,03 - P.D. only,06 - SMV unattended vehicle,01 - Clear,01 - Daylight,01 - Dry,10 - No control,,1,0,0,0,,0,,,,,372086.4593,5023667.872,45.34972859,-75.6412925,8259
17--4627,4/28/2017,6:51 AM,CLEARBROOK DR btwn LONGFIELDS DR & SILVERSTONE WAY (__818LDD),__818LDD,01 - Non intersection,02 - Non-fatal injury,07 - SMV other,01 - Clear,01 - Daylight,01 - Dry,10 - No control,,1,0,0,0,02 - Minor,1,,1,,,364724.1435,5015004.205,45.27244122,-75.73628893,8260
17--4628,4/28/2017,7:56 AM,AVIATION PKWY @ MONTREAL RD (0008799),8799,02 - Intersection related,02 - Non-fatal injury,03 - Rear end,01 - Clear,01 - Daylight,01 - Dry,01 - Traffic signal,01 - Functioning,2,0,0,0,01 - Minimal,1,1,,,,372147.0511,5034108.583,45.44366393,-75.63909392,8261
17--4629,4/28/2017,8:08 AM,SHEFFIELD RD @ WALKLEY RD (0005156),5156,02 - Intersection related,02 - Non-fatal injury,03 - Rear end,01 - Clear,01 - Daylight,01 - Dry,01 - Traffic signal,00 - Unknown,3,0,0,0,01 - Minimal,1,1,,,,375257.4007,5028785.208,45.39546056,-75.60009999,8262
17--463,1/10/2017,5:00 PM,DONALD ST @ ST. LAURENT BLVD (0008630),8630,03 - At intersection,03 - P.D. only,05 - Turning movement,03 - Snow,05 - Dusk,04 - Slush,01 - Traffic signal,01 - Functioning,2,0,0,0,,0,,,,,372092.6274,5032473.399,45.42895657,-75.64001307,8263
17--4630,4/28/2017,9:03 AM,HIGHWAY 417 btwn HWY417 IC118 RAMP67 & HWY417 IC117 RAMP36 (__3ZA2YO),__3ZA2YO,01 - Non intersection,03 - P.D. only,03 - Rear end,01 - Clear,01 - Daylight,01 - Dry,10 - No control,,2,0,0,0,,0,,,,,369819.2792,5031155.615,45.4173147,-75.66923683,8264
17--4631,4/28/2017,9:05 AM,MERIVALE RD @ 210 S OF MEADOWLANDS DR (0005419),5419,02 - Intersection related,03 - P.D. only,03 - Rear end,01 - Clear,01 - Daylight,01 - Dry,01 - Traffic signal,01 - Functioning,3,0,0,0,,0,,,,,364943.346,5023529.866,45.34913578,-75.73246074,8265
17--4632,4/29/2017,1:06 PM,ROBERTSON RD btwn FITZGERALD RD & MOODIE DR (__3ZA411),__3ZA411,04 - At/near private drive,03 - P.D. only,02 - Angle,01 - Clear,01 - Daylight,01 - Dry,10 - No control,,2,0,0,0,,0,,,,,357037.5551,5020438.087,45.3219491,-75.83367209,8266
17--4633,4/29/2017,1:25 PM,BANK ST @ CHAMBERLAIN AVE N/ISABELLA ST (0002132),2132,02 - Intersection related,03 - P.D. only,04 - Sideswipe,01 - Clear,01 - Daylight,01 - Dry,01 - Traffic signal,01 - Functioning,2,0,0,0,,0,,,,,368083.0466,5030167.9,45.40858675,-75.69154556,8267
17--4634,4/29/2017,1:36 PM,ABBEYHILL DR btwn OLD COLONY RD & BALBAIR RD (__3ZAB2C),__3ZAB2C,04 - At/near private drive,03 - P.D. only,99 - Other,01 - Clear,01 - Daylight,01 - Dry,10 - No control,,2,0,0,0,,0,,,,,353492.3895,5017735.27,45.29788345,-75.87915607,8268
17--4635,4/29/2017,1:54 PM,MCEWEN AVE btwn AMBLESIDE DR & END (__3ZAZ44),__3ZAZ44,04 - At/near private drive,02 - Non-fatal injury,07 - SMV other,01 - Clear,01 - Daylight,01 - Dry,10 - No control,,1,0,0,1,01 - Minimal,1,1,,,,360960.9822,5026046.149,45.37210737,-75.78299293,8269
17--4636,4/29/2017,10:00 AM,CASTLEFRANK RD btwn GLAMORGAN DR & SHELDRAKE DR (2) (__3ZACMJ),__3ZACMJ,01 - Non intersection,03 - P.D. only,04 - Sideswipe,01 - Clear,01 - Daylight,01 - Dry,10 - No control,,2,0,0,0,,0,,,,,353426.0058,5016804.51,45.28951285,-75.88009368,8270
17--4637,4/29/2017,10:13 PM,VANIER PKWY SB btwn DONALD ST & QUEEN MARY ST (__3ZA25W),__3ZA25W,01 - Non intersection,02 - Non-fatal injury,04 - Sideswipe,01 - Clear,07 - Dark,01 - Dry,10 - No control,,2,0,0,0,02 - Minor,1,,1,,,370300.6763,5032257.207,45.42718148,-75.66294013,8271
17--4638,4/29/2017,11:49 AM,IONA ST @ ISLAND PARK DR (0006683),6683,02 - Intersection related,03 - P.D. only,03 - Rear end,01 - Clear,01 - Daylight,01 - Dry,01 - Traffic signal,01 - Functioning,3,0,0,0,,0,,,,,364349.9909,5028385.417,45.39287591,-75.73944701,8272
17--4639,4/29/2017,11:51 AM,ST. LAURENT BLVD btwn MCARTHUR AVE & DONALD ST (__3ZBOF4),__3ZBOF4,01 - Non intersection,03 - P.D. only,03 - Rear end,01 - Clear,01 - Daylight,01 - Dry,10 - No control,,2,0,0,0,,0,,,,,372000.4309,5032709.229,45.43108733,-75.64115901,8273
17--464,1/10/2017,5:19 PM,PARKDALE AVE @ KENILWORTH ST (0006366),6366,02 - Intersection related,03 - P.D. only,02 - Angle,03 - Snow,05 - Dusk,03 - Loose snow,02 - Stop sign,01 - Functioning,2,0,0,0,,0,,,,,365444.9493,5028595.926,45.39467606,-75.72543795,8274
17--4640,4/29/2017,11:51 PM,LAMING ST @ LARKIN DR (0000807),807,02 - Intersection related,03 - P.D. only,07 - SMV other,01 - Clear,07 - Dark,01 - Dry,02 - Stop sign,00 - Unknown,1,0,0,0,,0,,,,,361972.0155,5015625.448,45.27826034,-75.77128932,8275
17--4641,4/29/2017,Unknown,ALERT RD/AIRPORT PKWY/UPLANDS DR RAMP 62 @ LES (0003652),3652,03 - At intersection,03 - P.D. only,07 - SMV other,01 - Clear,07 - Dark,01 - Dry,01 - Traffic signal,01 - Functioning,1,0,0,0,,0,,,,,371310.8709,5021357.057,45.32901055,-75.65150006,8276
17--4642,4/29/2017,12:05 PM,BASELINE RD @ WOODROFFE AVE (0002225),2225,02 - Intersection related,03 - P.D. only,03 - Rear end,01 - Clear,01 - Daylight,01 - Dry,01 - Traffic signal,01 - Functioning,2,0,0,0,,0,,,,,362550.0247,5023771.174,45.35150821,-75.76297313,8277
17--4643,4/29/2017,12:42 PM,OTTAWA RIVER PKWY @ WELLINGTON ST EB (0010791),10791,02 - Intersection related,03 - P.D. only,03 - Rear end,01 - Clear,01 - Daylight,01 - Dry,02 - Stop sign,01 - Functioning,2,0,0,0,,0,,,,,366690.7407,5031277.586,45.41869589,-75.70919149,8278
17--4644,4/29/2017,12:54 PM,HOPE SIDE RD btwn FREEPORT DR & HOPE SIDE RD (__5HM7BF),__5HM7BF,01 - Non intersection,02 - Non-fatal injury,04 - Sideswipe,01 - Clear,01 - Daylight,01 - Dry,10 - No control,,2,0,0,0,02 - Minor,2,1,1,,,355481.0265,5014684.828,45.27029432,-75.85411344,8279
17--4645,4/29/2017,12:55 PM,HIGHWAY 417 btwn HWY417 IC123 RAMP62 & HWY417 IC122 RAMP16 (__3ZA2R9),__3ZA2R9,01 - Non intersection,03 - P.D. only,03 - Rear end,01 - Clear,01 - Daylight,00 - Unknown,10 - No control,,2,0,0,0,,0,,,,,365130.263,5028705.187,45.39568635,-75.72944342,8280
17--4646,4/29/2017,2:16 PM,HIGHWAY 417 btwn HWY417 IC127 RAMP35 & HWY417 IC127 RAMP25 (__3ZA2RE),__3ZA2RE,01 - Non intersection,03 - P.D. only,03 - Rear end,01 - Clear,01 - Daylight,01 - Dry,10 - No control,,2,0,0,0,,0,,,,,362166.3734,5024856.783,45.36130793,-75.76774305,8281
17--4647,4/29/2017,2:30 PM,BRIAN COBURN BLVD @ TENTH LINE RD (0013966),13966,03 - At intersection,03 - P.D. only,05 - Turning movement,01 - Clear,01 - Daylight,01 - Dry,01 - Traffic signal,01 - Functioning,2,0,0,0,,0,,,,,384428.3389,5035022.308,45.45059377,-75.48197576,8282
17--4648,4/29/2017,2:51 PM,HIGHWAY 417 btwn HWY417 IC121B RAMP16 & HWY417 IC121A RAMP16 (__3ZA2YX),__3ZA2YX,01 - Non intersection,03 - P.D. only,03 - Rear end,01 - Clear,01 - Daylight,01 - Dry,10 - No control,,2,0,0,0,,0,,,,,366769.1801,5029584.79,45.40345765,-75.70840214,8283