Anom_ID,Accident_Date,Accident_Time,Location,Geo_ID,Accident_Location,Classification_of_Accident,Initial_Impact_Type,Environment_Condition,Light,Road_Surface_Condition,Traffic_Control,Traffic_Control_Condition,No__of_Vehicles,No__of_Bicycles,No__of_Motorcycles,No__of_Pedestrians,Max_Injury,No__of_Injuries,No__of_Minimal,No__of_Minor,No__of_Major,No__of_Fatal,X,Y,Latitude,Longitude,ObjectId
17--4649,4/29/2017,3:00 PM,WATSON ST btwn FALLIS AVE & ST. STEPHEN'S ST (__3ZABUV),__3ZABUV,01 - Non intersection,03 - P.D. only,06 - SMV unattended vehicle,01 - Clear,01 - Daylight,01 - Dry,10 - No control,,1,0,0,0,,0,,,,,360102.9065,5024138.686,45.35501232,-75.79416061,8284
17--465,1/10/2017,5:22 PM,HOLLAND AVE btwn ARMSTRONG ST & WELLINGTON ST W (__3ZA4QQ),__3ZA4QQ,01 - Non intersection,03 - P.D. only,06 - SMV unattended vehicle,03 - Snow,05 - Dusk,03 - Loose snow,10 - No control,,1,0,0,0,,0,,,,,364916.8226,5029184.615,45.40001849,-75.73211087,8285
17--4650,4/29/2017,3:23 PM,HIGHWAY 417 btwn HWY417 IC129 RAMP25 & TRANSIT (__3ZA2SH),__3ZA2SH,01 - Non intersection,02 - Non-fatal injury,03 - Rear end,01 - Clear,01 - Daylight,01 - Dry,10 - No control,,2,0,0,0,01 - Minimal,2,2,,,,361179.3406,5024080.02,45.35439873,-75.78042968,8286
17--4651,4/29/2017,3:30 PM,METCALFE ST @ WAVERLEY ST (0007285),7285,03 - At intersection,03 - P.D. only,05 - Turning movement,01 - Clear,01 - Daylight,01 - Dry,02 - Stop sign,00 - Unknown,2,0,0,0,,0,,,,,368162.049,5030859.907,45.41480606,-75.69044743,8287
17--4652,4/29/2017,3:53 PM,DALY AVE btwn MACKENZIE AVE & NICHOLAS ST (__3ZA8JX),__3ZA8JX,06 - Underpass or tunnel,03 - P.D. only,05 - Turning movement,01 - Clear,01 - Daylight,01 - Dry,10 - No control,,2,0,0,0,,0,,,,,368173.8549,5032012.46,45.42517527,-75.69014836,8288
17--4653,4/29/2017,4:40 PM,WOLFF ST btwn MARGUERITE AVE & ONTARIO ST (__3ZA81K),__3ZA81K,04 - At/near private drive,03 - P.D. only,06 - SMV unattended vehicle,01 - Clear,01 - Daylight,01 - Dry,10 - No control,,1,0,0,0,,0,,,,,370127.7812,5032408.286,45.428557,-75.66512935,8289
17--4654,4/29/2017,4:52 PM,HIGHWAY 417 btwn HIGHWAY 417 & HWY417 IC129 RAMP51 (__3ZA290),__3ZA290,01 - Non intersection,03 - P.D. only,07 - SMV other,01 - Clear,01 - Daylight,01 - Dry,10 - No control,,1,0,0,0,,0,,,,,359858.0441,5023146.427,45.34610325,-75.79739607,8290
17--4655,4/29/2017,5:15 PM,LAURIER AVE @ 89 E OF WALLER ST (0008639),8639,02 - Intersection related,03 - P.D. only,03 - Rear end,01 - Clear,01 - Daylight,01 - Dry,01 - Traffic signal,01 - Functioning,2,0,0,0,,0,,,,,368515.6112,5031897.922,45.42411365,-75.68579633,8291
17--4656,4/29/2017,5:22 PM,BANK ST @ JOHNSTON RD (0006967),6967,03 - At intersection,02 - Non-fatal injury,02 - Angle,01 - Clear,01 - Daylight,01 - Dry,01 - Traffic signal,01 - Functioning,3,0,0,0,02 - Minor,3,,3,,,370850.0583,5024839.528,45.36038832,-75.65691314,8292
17--4657,4/29/2017,6:25 PM,PRINCE OF WALES DR @ FALLOWFIELD RD (0000566),566,03 - At intersection,03 - P.D. only,05 - Turning movement,01 - Clear,01 - Daylight,01 - Dry,01 - Traffic signal,01 - Functioning,2,0,0,0,,0,,,,,367399.3756,5019167.139,45.30966579,-75.70167198,8293
17--4658,4/29/2017,6:37 PM,CALDWELL AVE @ MERIVALE RD (0011432),11432,03 - At intersection,02 - Non-fatal injury,05 - Turning movement,01 - Clear,01 - Daylight,01 - Dry,01 - Traffic signal,01 - Functioning,2,0,1,0,03 - Major,1,,,1,,364907.7325,5026231.75,45.37344997,-75.73258659,8294
17--4659,4/29/2017,7:07 AM,ELGIN ST @ LAURIER AVE (0002232),2232,03 - At intersection,03 - P.D. only,04 - Sideswipe,01 - Clear,01 - Daylight,01 - Dry,01 - Traffic signal,01 - Functioning,2,0,0,0,,0,,,,,367947.0377,5031548.907,45.42102489,-75.69310598,8295
17--466,1/10/2017,5:30 PM,BOOTH ST @ CARLING AVE (0002135),2135,03 - At intersection,03 - P.D. only,05 - Turning movement,03 - Snow,05 - Dusk,03 - Loose snow,01 - Traffic signal,01 - Functioning,2,0,0,0,,0,,,,,367095.4624,5029108.436,45.39914259,-75.70429477,8296
17--4660,4/29/2017,7:35 PM,INDUSTRIAL AVE @ TRAINYARDS DR (0011906),11906,03 - At intersection,02 - Non-fatal injury,07 - SMV other,01 - Clear,01 - Daylight,01 - Dry,01 - Traffic signal,01 - Functioning,1,0,0,1,02 - Minor,1,,1,,,371685.6207,5030538.81,45.41158904,-75.64547659,8297
17--4661,4/29/2017,8:00 PM,STRANDHERD DR @ WOODROFFE AVE (0009688),9688,02 - Intersection related,03 - P.D. only,03 - Rear end,01 - Clear,07 - Dark,01 - Dry,01 - Traffic signal,01 - Functioning,2,0,0,0,,0,,,,,366107.1573,5015396.487,45.27585174,-75.71861612,8298
17--4662,4/29/2017,8:15 PM,MAYVIEW AVE @ MERIVALE RD (0002036),2036,02 - Intersection related,02 - Non-fatal injury,07 - SMV other,01 - Clear,05 - Dusk,01 - Dry,02 - Stop sign,01 - Functioning,1,0,0,1,02 - Minor,1,,1,,,364879.0366,5026407.198,45.37503108,-75.73293158,8299
17--4663,4/29/2017,8:48 PM,DRIVEWAY (THE) @ PRINCE OF WALES DR (0002128),2128,03 - At intersection,03 - P.D. only,07 - SMV other,01 - Clear,07 - Dark,01 - Dry,11 - Roundabout,01 - Functioning,1,0,0,0,,0,,,,,366883.7243,5028137.295,45.39042333,-75.70712126,8300
17--4664,4/29/2017,9:01 AM,WOODROFFE AVE btwn HWY417 IC127 RAMP53 & IRIS ST (__3ZA4L2),__3ZA4L2,01 - Non intersection,03 - P.D. only,07 - SMV other,01 - Clear,01 - Daylight,01 - Dry,10 - No control,,1,0,0,0,,0,,,,,362237.5364,5024554.902,45.3585858,-75.76686984,8301
17--4665,4/29/2017,9:20 AM,WELLINGTON ST    W btwn HAMPTON AVE & ROSS AVE (__3ZA4P7),__3ZA4P7,01 - Non intersection,03 - P.D. only,06 - SMV unattended vehicle,01 - Clear,01 - Daylight,01 - Dry,10 - No control,,1,0,0,0,,0,,,,,364480.93,5029009.551,45.3984806,-75.73769934,8302
17--4666,4/29/2017,9:32 PM,EXHIBITION WAY btwn BANK ST & NO NAME (e___2HQY),e___2HQY,01 - Non intersection,03 - P.D. only,06 - SMV unattended vehicle,01 - Clear,07 - Dark,01 - Dry,10 - No control,,1,0,0,0,,0,,,,,368584.7147,5029109.333,45.39901657,-75.68527422,8303
17--4667,4/29/2017,9:56 AM,LEVERTON RD btwn WEAVER CRES & WEAVER CRES (__4V7PKU),__4V7PKU,01 - Non intersection,03 - P.D. only,06 - SMV unattended vehicle,01 - Clear,01 - Daylight,01 - Dry,10 - No control,,1,0,0,0,,0,,,,,349930.442,5020690.939,45.32471722,-75.92430047,8304
17--4668,4/30/2017,1:13 PM,MACKENZIE AVE @ RIDEAU ST (0002136),2136,03 - At intersection,03 - P.D. only,02 - Angle,02 - Rain,01 - Daylight,02 - Wet,01 - Traffic signal,01 - Functioning,2,0,0,0,,0,,,,,367870.7025,5032009.58,45.42517676,-75.69402231,8305
17--4669,4/30/2017,10:05 AM,MEADOWLANDS DR/PETER ST @ PERRY ST (0001114),1114,03 - At intersection,03 - P.D. only,02 - Angle,04 - Freezing Rain,01 - Daylight,02 - Wet,01 - Traffic signal,01 - Functioning,2,0,0,0,,0,,,,,364439.2839,5023493.052,45.34884758,-75.73889737,8306
17--467,1/10/2017,5:30 PM,MERIVALE RD @ WEST HUNT CLUB RD (0000584),584,03 - At intersection,03 - P.D. only,05 - Turning movement,03 - Snow,05 - Dusk,03 - Loose snow,01 - Traffic signal,00 - Unknown,2,0,0,0,,0,,,,,365613.4457,5021942.123,45.33479171,-75.724105,8307
17--4670,4/30/2017,10:30 PM,HIGHWAY 416 btwn HWY416 IC66 RAMP62 & HWY416 IC72 RAMP24 (__3ZAZMZ),__3ZAZMZ,01 - Non intersection,03 - P.D. only,07 - SMV other,02 - Rain,07 - Dark,02 - Wet,10 - No control,,1,0,0,0,,0,,,,,360312.2749,5017864.206,45.29853788,-75.79219211,8308
17--4671,4/30/2017,11:15 AM,ISLAND PARK DR @ RICHMOND RD (0002125),2125,02 - Intersection related,03 - P.D. only,03 - Rear end,02 - Rain,01 - Daylight,02 - Wet,01 - Traffic signal,01 - Functioning,2,0,0,0,,0,,,,,364130.3523,5028868.895,45.3972448,-75.74219377,8309
17--4672,4/30/2017,11:20 AM,HIGHWAY 417 btwn HWY417 IC140 RAMP25 & HWY417 IC139 RAMP15 (__4BCLBK),__4BCLBK,01 - Non intersection,03 - P.D. only,07 - SMV other,01 - Clear,01 - Daylight,01 - Dry,10 - No control,,1,0,0,0,,0,,,,,351668.4327,5019158.302,45.3108123,-75.90227627,8310
17--4673,4/30/2017,11:59 AM,HIGHWAY 416 btwn HWY416 IC57 RAMP24 & HWY416 IC49 RAMP42 (__3ZAZGI),__3ZAZGI,01 - Non intersection,03 - P.D. only,07 - SMV other,02 - Rain,01 - Daylight,02 - Wet,10 - No control,,1,0,0,0,,0,,,,,365794.4734,5006264.22,45.19370656,-75.72372065,8311
17--4674,4/30/2017,Unknown,GROVEMONT DR btwn YORKWOOD PL & AQUAPASS PL (__44Z90R),__44Z90R,01 - Non intersection,03 - P.D. only,06 - SMV unattended vehicle,02 - Rain,00 - Unknown,02 - Wet,10 - No control,,1,0,0,0,,0,,,,,366577.9521,5014767.667,45.27015245,-75.71269446,8312
17--4675,4/30/2017,12:12 PM,MERIVALE RD @ WOODFIELD DR/ROYDON PL (0009776),9776,03 - At intersection,03 - P.D. only,05 - Turning movement,02 - Rain,01 - Daylight,02 - Wet,01 - Traffic signal,01 - Functioning,2,0,0,0,,0,,,,,365462.2624,5022298.114,45.33800796,-75.72599007,8313
17--4676,4/30/2017,12:51 PM,PARKDALE AVE @ SCOTT ST (0002213),2213,02 - Intersection related,03 - P.D. only,04 - Sideswipe,02 - Rain,01 - Daylight,02 - Wet,01 - Traffic signal,00 - Unknown,2,0,0,0,,0,,,,,364950.0381,5029727.229,45.40489796,-75.73162046,8314
17--4677,4/30/2017,12:54 PM,RICHMOND RD btwn STEEPLE HILL CRES & PIETY HILL WAY (__3ZA41B),__3ZA41B,01 - Non intersection,02 - Non-fatal injury,07 - SMV other,01 - Clear,01 - Daylight,02 - Wet,10 - No control,,1,0,0,0,02 - Minor,1,,1,,,357436.8283,5014260.176,45.26632955,-75.8292351,8315
17--4678,4/30/2017,12:55 PM,HIGHWAY 417 btwn HWY417 IC144 RAMP35 & HWY417 IC144 RAMP25 (__3ZA2QT),__3ZA2QT,01 - Non intersection,03 - P.D. only,07 - SMV other,01 - Clear,01 - Daylight,01 - Dry,10 - No control,,1,0,0,0,,0,,,,,347484.5645,5015897.242,45.2817349,-75.95591225,8316
17--4679,4/30/2017,2:00 PM,GERRY LALONDE DR btwn BLUESTONE PRIV & BLUESTONE PRIV (__86L67K),__86L67K,01 - Non intersection,03 - P.D. only,06 - SMV unattended vehicle,02 - Rain,01 - Daylight,02 - Wet,10 - No control,,1,0,0,0,,0,,,,,384168.2319,5035381.868,45.45385836,-75.48524261,8317
17--468,1/10/2017,5:40 PM,COLONNADE RD btwn MERIVALE RD & COLONNADE RD N (__3ZA000),__3ZA000,04 - At/near private drive,03 - P.D. only,05 - Turning movement,03 - Snow,07 - Dark,06 - Ice,10 - No control,,2,0,0,0,,0,,,,,365457.2194,5022580.594,45.34055011,-75.72601978,8318
17--4680,4/30/2017,2:19 PM,KENT ST @ MCLEOD ST (0007253),7253,03 - At intersection,03 - P.D. only,02 - Angle,02 - Rain,01 - Daylight,02 - Wet,02 - Stop sign,01 - Functioning,2,0,0,0,,0,,,,,367785.7014,5030391.902,45.41062907,-75.69531521,8319
17--4681,4/30/2017,3:30 AM,BESSERER ST @ KING EDWARD AVE (0007758),7758,03 - At intersection,03 - P.D. only,02 - Angle,01 - Clear,07 - Dark,01 - Dry,01 - Traffic signal,01 - Functioning,2,0,0,0,,0,,,,,368550.3708,5032340.582,45.42809338,-75.6852949,8320
17--4682,4/30/2017,3:42 PM,TENTH LINE RD btwn 275 N OF DES EPINETTES AVE/FALLINGBROOK SC & DES EP (__3ZA3YNB),__3ZA3YNB,01 - Non intersection,02 - Non-fatal injury,03 - Rear end,01 - Clear,01 - Daylight,02 - Wet,10 - No control,,3,0,0,0,02 - Minor,2,,2,,,383536.7727,5037139.755,45.46974568,-75.49303329,8321
17--4683,4/30/2017,3:52 PM,CARP RD @ MARCH RD (0001689),1689,03 - At intersection,02 - Non-fatal injury,02 - Angle,02 - Rain,01 - Daylight,02 - Wet,01 - Traffic signal,01 - Functioning,2,0,0,0,02 - Minor,1,,1,,,342166.2275,5021733.177,45.33455195,-76.023261,8322
17--4684,4/30/2017,5:30 PM,LAKEWAY DR btwn PLACEL RD & LYTTLETON GDN (__3ZBOVN),__3ZBOVN,01 - Non intersection,03 - P.D. only,07 - SMV other,01 - Clear,01 - Daylight,01 - Dry,10 - No control,,1,0,0,0,,0,,,,,370032.7106,5035166.883,45.45338655,-75.66597856,8323
17--4685,4/30/2017,7:00 PM,BRIGHAM WAY btwn HANK RIVERS DR & APPLE HILL DR (__3ZAYGE),__3ZAYGE,01 - Non intersection,03 - P.D. only,06 - SMV unattended vehicle,02 - Rain,05 - Dusk,02 - Wet,10 - No control,,1,0,0,0,,0,,,,,372527.3826,5024131.631,45.35385888,-75.63560257,8324
17--4779,5/2/2017,7:50 AM,HIGHWAY 417 btwn HWY417 IC134 RAMP61 & HWY417 IC131 RAMP66 (__3ZA297),__3ZA297,01 - Non intersection,03 - P.D. only,04 - Sideswipe,01 - Clear,01 - Daylight,01 - Dry,10 - No control,,2,0,0,0,,0,,,,,357417.2191,5022692.25,45.34220389,-75.82858991,8325
17--4872,5/5/2017,3:54 PM,BANK ST @ LEITRIM RD (0004125),4125,02 - Intersection related,03 - P.D. only,03 - Rear end,02 - Rain,01 - Daylight,02 - Wet,01 - Traffic signal,01 - Functioning,2,0,0,0,,0,,,,,375356.7509,5021620.835,45.33098884,-75.59985413,8326
17--4873,5/5/2017,3:59 PM,VICTORIA ST btwn CAROLINE ST & GLENWOOD DR (__3ZA20G),__3ZA20G,01 - Non intersection,03 - P.D. only,03 - Rear end,02 - Rain,01 - Daylight,02 - Wet,10 - No control,,2,0,0,0,,0,,,,,385656.1786,5011291.439,45.23694093,-75.47015959,8327
17--5059,5/11/2017,7:20 PM,HIGHWAY 417 btwn RAMP & HWY417 IC129 RAMP76 (__3ZA2X8),__3ZA2X8,01 - Non intersection,03 - P.D. only,04 - Sideswipe,01 - Clear,01 - Daylight,01 - Dry,10 - No control,,2,0,0,0,,0,,,,,359750.6648,5023147.368,45.34612014,-75.79876614,8328
17--478,1/10/2017,8:34 PM,225 E OF RIVERSIDE DR / T & T SC @ HUNT CLUB RD (0013516),13516,02 - Intersection related,03 - P.D. only,03 - Rear end,03 - Snow,07 - Dark,05 - Packed snow,01 - Traffic signal,01 - Functioning,2,0,0,0,,0,,,,,368235.6976,5022055.979,45.335584,-75.69063741,8329
17--4874,5/5/2017,4:14 PM,AIRPORT PKWY @ HUNT CLUB RD (0010856),10856,02 - Intersection related,02 - Non-fatal injury,03 - Rear end,02 - Rain,01 - Daylight,02 - Wet,01 - Traffic signal,01 - Functioning,2,0,0,0,01 - Minimal,1,1,,,,371018.8625,5023703.667,45.35015227,-75.65491084,8330
17--506,1/11/2017,4:06 PM,ST. JOSEPH BLVD btwn COUSINEAU ST & DUSSERE ST (__3ZA2AL),__3ZA2AL,04 - At/near private drive,03 - P.D. only,05 - Turning movement,01 - Clear,01 - Daylight,04 - Slush,10 - No control,,2,0,0,0,,0,,,,,380740.2632,5037048.472,45.46923406,-75.52880677,8331
17--4780,5/2/2017,8:10 AM,REGIONAL ROAD 174 btwn OR174 IC112 RAMP36 & OR174 IC112 RAMP26 (__3ZAZFK),__3ZAZFK,01 - Non intersection,03 - P.D. only,03 - Rear end,01 - Clear,01 - Daylight,01 - Dry,10 - No control,,2,0,0,0,,0,,,,,374594.806,5032687.803,45.43064044,-75.60800915,8332
17--4875,5/5/2017,4:20 PM,LAURIER AVE @ NICHOLAS ST (0010711),10711,02 - Intersection related,03 - P.D. only,04 - Sideswipe,02 - Rain,01 - Daylight,02 - Wet,01 - Traffic signal,01 - Functioning,2,0,0,0,,0,,,,,368372.8244,5031800.277,45.42324807,-75.68763338,8333
17--5060,5/11/2017,7:50 AM,HIGHWAY 417 btwn HWY417 IC124 RAMP57 & HWY417 IC124 RAMP55 (__3ZA2Y1),__3ZA2Y1,01 - Non intersection,03 - P.D. only,03 - Rear end,01 - Clear,01 - Daylight,01 - Dry,10 - No control,,4,0,0,0,,0,,,,,364119.2442,5027095.974,45.38129331,-75.74254875,8334
17--4781,5/2/2017,8:10 AM,REGIONAL ROAD 174 btwn OR174 IC112 RAMP36 & OR174 IC112 RAMP26 (__3ZAZFK),__3ZAZFK,01 - Non intersection,03 - P.D. only,03 - Rear end,01 - Clear,01 - Daylight,01 - Dry,10 - No control,,2,0,0,0,,0,,,,,374577.4147,5032673.756,45.43051579,-75.60823338,8335
17--4876,5/5/2017,4:21 PM,PARKDALE AVE WB ON RAMP/OTTAWA RIVER PKWY btwn PARKDALE AVE & OTTAWA R (__3ZAY0S),__3ZAY0S,01 - Non intersection,02 - Non-fatal injury,03 - Rear end,02 - Rain,01 - Daylight,02 - Wet,10 - No control,,3,0,0,0,01 - Minimal,2,2,,,,364661.9853,5030406.554,45.41103507,-75.73521734,8336
17--5061,5/11/2017,7:51 AM,HIGHWAY 417 btwn HWY417 IC124 RAMP65 & HWY417 IC122 RAMP51 (__3ZA2R8),__3ZA2R8,01 - Non intersection,03 - P.D. only,03 - Rear end,01 - Clear,01 - Daylight,01 - Dry,10 - No control,,2,0,0,0,,0,,,,,365124.6629,5028662.31,45.39530103,-75.72952019,8337
17--4782,5/2/2017,8:16 AM,MONTREAL RD @ VANIER PKWY (0004630),4630,02 - Intersection related,03 - P.D. only,03 - Rear end,01 - Clear,01 - Daylight,01 - Dry,01 - Traffic signal,01 - Functioning,3,0,0,0,,0,,,,,370073.0443,5033065.592,45.43447628,-75.66574166,8338
17--4783,5/2/2017,8:31 AM,CARLING AVE @ IROQUOIS RD (0003145),3145,02 - Intersection related,03 - P.D. only,04 - Sideswipe,01 - Clear,01 - Daylight,01 - Dry,01 - Traffic signal,00 - Unknown,2,0,0,0,,0,,,,,362212.6827,5026024.861,45.37181439,-75.76701625,8339
17--4784,5/2/2017,8:50 AM,AIRPORT PKWY btwn RAMP & AIRPORT PKWY (2) (__3ZA22Z),__3ZA22Z,01 - Non intersection,03 - P.D. only,03 - Rear end,01 - Clear,01 - Daylight,01 - Dry,10 - No control,,2,0,0,0,,0,,,,,370990.7688,5023773.232,45.35078085,-75.65526002,8340
17--4785,5/2/2017,9:29 PM,ST. JOSEPH BLVD/OLD MONTREAL RD @ TRIM RD (0004118),4118,03 - At intersection,03 - P.D. only,04 - Sideswipe,02 - Rain,07 - Dark,02 - Wet,11 - Roundabout,01 - Functioning,2,0,0,0,,0,,,,,384681.2049,5039284.354,45.48891076,-75.47805066,8341
17--4786,5/2/2017,9:41 AM,OLD INNES RD @ BANTREE ST (0007674),7674,02 - Intersection related,03 - P.D. only,03 - Rear end,01 - Clear,01 - Daylight,01 - Dry,02 - Stop sign,01 - Functioning,2,0,0,0,,0,,,,,373726.1245,5030352.375,45.40971359,-75.61943645,8342
17--4787,5/3/2017,1:15 AM,KING EDWARD AVE @ RIDEAU ST (0002121),2121,02 - Intersection related,02 - Non-fatal injury,07 - SMV other,01 - Clear,07 - Dark,01 - Dry,01 - Traffic signal,01 - Functioning,1,0,0,0,03 - Major,1,,,1,,368512.0417,5032415.596,45.42877182,-75.68577497,8343
17--4788,5/3/2017,1:21 AM,MANOTICK MAIN ST btwn CURRIER ST & EASTMAN AVE (__3ZA383),__3ZA383,01 - Non intersection,03 - P.D. only,06 - SMV unattended vehicle,01 - Clear,07 - Dark,01 - Dry,10 - No control,,1,0,0,0,,0,,,,,369063.5912,5009614.58,45.22356266,-75.68168641,8344
17--4789,5/3/2017,10:12 AM,RIVERSIDE DR @ WALKLEY RD (0002158),2158,02 - Intersection related,03 - P.D. only,03 - Rear end,01 - Clear,01 - Daylight,01 - Dry,01 - Traffic signal,01 - Functioning,3,0,0,0,,0,,,,,368419.7272,5024853.529,45.36073905,-75.68792977,8345
17--479,1/10/2017,8:38 AM,FALAISE RD @ FISHER AVE (0003207),3207,02 - Intersection related,03 - P.D. only,03 - Rear end,01 - Clear,01 - Daylight,06 - Ice,02 - Stop sign,01 - Functioning,2,0,0,0,,0,,,,,366775.2348,5024561.284,45.3582568,-75.7089554,8346
17--4790,5/3/2017,10:36 AM,BASELINE RD/HERON RD @ PRINCE OF WALES DR (0002345),2345,02 - Intersection related,02 - Non-fatal injury,03 - Rear end,01 - Clear,01 - Daylight,01 - Dry,01 - Traffic signal,01 - Functioning,2,0,0,0,02 - Minor,1,,1,,,366873.7421,5026438.384,45.37513782,-75.70746236,8347
17--4791,5/3/2017,10:50 AM,ALPINE AVE @ CARLING AVE (0011382),11382,03 - At intersection,03 - P.D. only,02 - Angle,01 - Clear,01 - Daylight,01 - Dry,01 - Traffic signal,01 - Functioning,2,0,0,0,,0,,,,,360497.0115,5024942.519,45.36221399,-75.78904039,8348
17--4792,5/3/2017,10:52 AM,MAITLAND AVE @ WOODWARD DR (0003185),3185,02 - Intersection related,03 - P.D. only,99 - Other,01 - Clear,01 - Daylight,01 - Dry,01 - Traffic signal,01 - Functioning,2,0,0,0,,0,,,,,363273.3602,5025663.196,45.36847248,-75.7535186,8349
17--4793,5/3/2017,11:03 AM,INNES RD @ PROVENCE AVE (0009244),9244,02 - Intersection related,03 - P.D. only,03 - Rear end,01 - Clear,01 - Daylight,01 - Dry,01 - Traffic signal,01 - Functioning,2,0,0,0,,0,,,,,386109.1854,5037083.291,45.46894294,-75.46014935,8350
17--4794,5/3/2017,11:16 PM,KENT ST btwn LISGAR ST & COOPER ST (__3ZA3RR),__3ZA3RR,01 - Non intersection,02 - Non-fatal injury,07 - SMV other,01 - Clear,07 - Dark,01 - Dry,10 - No control,,1,0,0,1,02 - Minor,1,,1,,,367444.7252,5030951.529,45.41569503,-75.69959985,8351
17--4795,5/3/2017,Unknown,JAMES ST btwn BAY ST & LYON ST N (__3ZA8F0),__3ZA8F0,01 - Non intersection,03 - P.D. only,06 - SMV unattended vehicle,01 - Clear,00 - Unknown,01 - Dry,10 - No control,,1,0,0,0,,0,,,,,367446.414,5030471.055,45.41137172,-75.69963935,8352
17--4796,5/3/2017,Unknown,CHAMPLAIN BRIDGE/ISLAND PARK DR btwn BATE ISLAND & OTTAWA RIVER PKWY (__3ZA2ZEB),__3ZA2ZEB,07 - Overpass or bridge,03 - P.D. only,03 - Rear end,01 - Clear,00 - Unknown,01 - Dry,10 - No control,,4,0,0,0,,0,,,,,363092.4969,5029874.923,45.40638404,-75.75532989,8353
17--4797,5/3/2017,12:50 PM,BASELINE RD btwn 180 E OF CEDARVIEW RD & JOHN SUTHERLAND DR/VALLEY STR (__3ZA110B),__3ZA110B,01 - Non intersection,03 - P.D. only,03 - Rear end,01 - Clear,01 - Daylight,01 - Dry,10 - No control,,2,0,0,0,,0,,,,,359235.5363,5021747.987,45.33356864,-75.80549325,8354
17--4798,5/3/2017,2:13 PM,EAGLESON RD @ HWY 417 EAGLESO IC138R51/PARK AN (0009698),9698,02 - Intersection related,03 - P.D. only,07 - SMV other,01 - Clear,01 - Daylight,01 - Dry,01 - Traffic signal,00 - Unknown,1,0,0,0,,0,,,,,353036.1778,5020014.457,45.31842354,-75.88475074,8355
17--4799,5/3/2017,2:27 AM,BARNSDALE RD btwn GREENBANK RD & PRINCE OF WALES DR (__3ZABML),__3ZABML,01 - Non intersection,03 - P.D. only,07 - SMV other,01 - Clear,07 - Dark,01 - Dry,10 - No control,,1,0,0,0,,0,,,,,365842.228,5011062.981,45.23688195,-75.72252474,8356
17--48,1/3/2017,10:15 AM,HIGHWAY 416 btwn HWY416 IC75A RAMP43 & HWY416 IC72 RAMP34 (__3ZAZLD),__3ZAZLD,01 - Non intersection,03 - P.D. only,07 - SMV other,04 - Freezing Rain,01 - Daylight,04 - Slush,10 - No control,,1,0,0,0,,0,,,,,358762.3739,5021828.03,45.33432542,-75.81152085,8357
17--480,1/10/2017,8:43 AM,CEDARWOOD DR @ WALKLEY RD (0002235),2235,02 - Intersection related,03 - P.D. only,03 - Rear end,01 - Clear,01 - Daylight,04 - Slush,01 - Traffic signal,01 - Functioning,2,0,0,0,,0,,,,,371193.8702,5026453.807,45.37488057,-75.65230815,8358
17--4800,5/3/2017,2:32 PM,KENT ST @ MACLAREN ST (0007603),7603,03 - At intersection,02 - Non-fatal injury,02 - Angle,01 - Clear,01 - Daylight,01 - Dry,02 - Stop sign,01 - Functioning,2,0,0,0,01 - Minimal,1,1,,,,367573.7136,5030741.23,45.41379127,-75.69797874,8359
17--4801,5/3/2017,3:26 PM,BELFAST RD @ ST. LAURENT BLVD (0007658),7658,02 - Intersection related,03 - P.D. only,03 - Rear end,01 - Clear,01 - Daylight,01 - Dry,01 - Traffic signal,01 - Functioning,4,0,0,0,,0,,,,,372860.7236,5030578.562,45.41183341,-75.63045984,8360
17--4802,5/3/2017,3:26 PM,LAURIER AVE @ NICHOLAS ST (0010711),10711,02 - Intersection related,03 - P.D. only,03 - Rear end,01 - Clear,01 - Daylight,01 - Dry,01 - Traffic signal,01 - Functioning,2,0,0,0,,0,,,,,368373.9715,5031797.601,45.42322389,-75.68761907,8361
17--4803,5/3/2017,3:28 PM,GLOUCESTER ST btwn BRONSON AVE & PERCY ST (__3ZA0XJ),__3ZA0XJ,01 - Non intersection,03 - P.D. only,99 - Other,01 - Clear,01 - Daylight,01 - Dry,10 - No control,,2,0,0,0,,0,,,,,366878.2776,5030819.949,45.4145616,-75.70685312,8362
17--4804,5/3/2017,3:39 PM,HUNT CLUB RD @ BRIDLE PATH DR/DAZE ST (0008214),8214,02 - Intersection related,03 - P.D. only,03 - Rear end,01 - Clear,01 - Daylight,01 - Dry,01 - Traffic signal,01 - Functioning,3,0,0,0,,0,,,,,371292.7322,5023864.504,45.35157352,-75.65139446,8363
17--4805,5/3/2017,4:15 PM,HIGHWAY 417 btwn HWY417 IC113 RAMP85 & HWY417 IC112 RAMP54 (__3ZA287),__3ZA287,01 - Non intersection,03 - P.D. only,03 - Rear end,01 - Clear,01 - Daylight,01 - Dry,10 - No control,,2,0,0,0,,0,,,,,374124.3438,5031426.671,45.41934023,-75.61419851,8364
17--4806,5/3/2017,4:24 PM,COLONNADE RD @ PRINCE OF WALES DR (0005249),5249,03 - At intersection,03 - P.D. only,03 - Rear end,01 - Clear,01 - Daylight,01 - Dry,01 - Traffic signal,01 - Functioning,2,0,0,0,,0,,,,,367395.7149,5023265.847,45.3465456,-75.70120044,8365
17--4807,5/3/2017,5:05 PM,IRIS ST @ TRANSITWAY (0009021),9021,03 - At intersection,02 - Non-fatal injury,02 - Angle,01 - Clear,01 - Daylight,01 - Dry,01 - Traffic signal,01 - Functioning,2,1,0,0,02 - Minor,1,,1,,,362011.3345,5024240,45.35577083,-75.76979328,8366