Anom_ID,Accident_Date,Accident_Time,Location,Geo_ID,Accident_Location,Classification_of_Accident,Initial_Impact_Type,Environment_Condition,Light,Road_Surface_Condition,Traffic_Control,Traffic_Control_Condition,No__of_Vehicles,No__of_Bicycles,No__of_Motorcycles,No__of_Pedestrians,Max_Injury,No__of_Injuries,No__of_Minimal,No__of_Minor,No__of_Major,No__of_Fatal,X,Y,Latitude,Longitude,ObjectId
17--4808,5/3/2017,5:47 PM,REGIONAL ROAD 174 EB btwn HWY417 IC113 RAMP65 & OR174 BLAIR IC112 RAMP51 (__3ZAZFJ),__3ZAZFJ,01 - Non intersection,03 - P.D. only,03 - Rear end,01 - Clear,01 - Daylight,01 - Dry,10 - No control,,3,0,0,0,,0,,,,,374820.2241,5032833.622,45.43192991,-75.60510788,8367
17--4809,5/3/2017,7:02 PM,BARRETTE ST @ ST. CHARLES ST (0010059),10059,03 - At intersection,03 - P.D. only,02 - Angle,01 - Clear,01 - Daylight,01 - Dry,02 - Stop sign,01 - Functioning,2,0,0,0,,0,,,,,369469.7112,5033731.944,45.4405279,-75.67336454,8368
17--481,1/10/2017,8:55 PM,FRANK KENNY RD btwn FRENCH HILL RD & WALL RD (__3ZBO6S),__3ZBO6S,01 - Non intersection,03 - P.D. only,07 - SMV other,03 - Snow,07 - Dark,03 - Loose snow,10 - No control,,1,0,0,0,,0,,,,,388903.7079,5035234.017,45.45197428,-75.42473319,8369
17--4810,5/3/2017,7:07 PM,CONROY RD @ ST. LAURENT BLVD (0011390),11390,03 - At intersection,03 - P.D. only,02 - Angle,01 - Clear,01 - Daylight,01 - Dry,01 - Traffic signal,01 - Functioning,2,0,0,0,,0,,,,,373069.6331,5027161.309,45.38106614,-75.62826405,8370
17--4811,5/3/2017,7:32 AM,CAMBRIAN RD/GOLFLINKS DR W @ LONGFIELDS DR (0009702),9702,03 - At intersection,03 - P.D. only,03 - Rear end,01 - Clear,01 - Daylight,01 - Dry,11 - Roundabout,01 - Functioning,2,0,0,0,,0,,,,,365383.1484,5013223.005,45.25635753,-75.72810816,8371
17--4812,5/3/2017,7:39 PM,PARKDALE AVE @ SHERWOOD DR (0006383),6383,03 - At intersection,03 - P.D. only,02 - Angle,01 - Clear,01 - Daylight,01 - Dry,01 - Traffic signal,01 - Functioning,2,0,0,0,,0,,,,,365380.3686,5028746.214,45.3960339,-75.72624425,8372
17--4813,5/3/2017,7:50 AM,HWY417 IC129 RAMP51 btwn HIGHWAY 417 & ASHLEY ST (__3ZAYBJ),__3ZAYBJ,01 - Non intersection,03 - P.D. only,04 - Sideswipe,01 - Clear,01 - Daylight,01 - Dry,10 - No control,,2,0,0,0,,0,,,,,360188.9531,5023298.655,45.34744695,-75.79315656,8373
17--4814,5/3/2017,8:36 AM,ELGIN ST @ SOMERSET ST (0006936),6936,03 - At intersection,02 - Non-fatal injury,07 - SMV other,01 - Clear,01 - Daylight,01 - Dry,01 - Traffic signal,01 - Functioning,1,0,0,1,02 - Minor,2,1,1,,,368163.7053,5031198.572,45.4178531,-75.69038273,8374
17--4815,5/3/2017,9:23 AM,RICHMOND RD btwn WEST HUNT CLUB RD & STONEHAVEN DR (__3ZA41H),__3ZA41H,01 - Non intersection,02 - Non-fatal injury,03 - Rear end,01 - Clear,01 - Daylight,01 - Dry,10 - No control,,2,0,0,0,01 - Minimal,2,2,,,,357121.9015,5018036.743,45.30033523,-75.83284983,8375
17--4816,5/4/2017,1:31 PM,ADIRONDACK DR @ WOODROFFE AVE (0005644),5644,02 - Intersection related,03 - P.D. only,03 - Rear end,01 - Clear,01 - Daylight,01 - Dry,02 - Stop sign,01 - Functioning,2,0,0,0,,0,,,,,362457.6853,5024005.512,45.35362436,-75.76412418,8376
17--4817,5/4/2017,10:10 AM,GREENBANK RD @ JOCKVALE RD (0010360),10360,02 - Intersection related,03 - P.D. only,04 - Sideswipe,01 - Clear,01 - Daylight,01 - Dry,01 - Traffic signal,01 - Functioning,2,0,0,0,,0,,,,,364122.0223,5014332.42,45.26644754,-75.74404231,8377
17--4818,5/4/2017,10:47 AM,REGIONAL ROAD 174 btwn TRANSIT & OR174 IC105 RAMP51 (__3ZA28H),__3ZA28H,01 - Non intersection,02 - Non-fatal injury,07 - SMV other,01 - Clear,01 - Daylight,01 - Dry,10 - No control,,1,0,0,0,02 - Minor,1,,1,,,378531.8301,5036503.27,45.46456536,-75.5571281,8378
17--4819,5/4/2017,10:52 AM,ST. JOSEPH BLVD btwn COUSINEAU ST & DUSSERE ST (__3ZA2AL),__3ZA2AL,04 - At/near private drive,03 - P.D. only,02 - Angle,01 - Clear,01 - Daylight,01 - Dry,10 - No control,,2,0,0,0,,0,,,,,380712.0244,5037033.398,45.4691015,-75.52917019,8379
17--482,1/10/2017,9:06 PM,INNES RD @ VISENEAU DR (0012442),12442,03 - At intersection,03 - P.D. only,05 - Turning movement,04 - Freezing Rain,07 - Dark,03 - Loose snow,01 - Traffic signal,01 - Functioning,3,0,0,0,,0,,,,,381799.5016,5035072.43,45.4513393,-75.51557173,8380
17--4820,5/4/2017,10:53 AM,CARLING AVE WB btwn CROYDON AVE & TAVISTOCK RD (__3ZA267),__3ZA267,01 - Non intersection,03 - P.D. only,05 - Turning movement,01 - Clear,01 - Daylight,01 - Dry,10 - No control,,2,0,0,0,,0,,,,,360681.7387,5025058.971,45.36324712,-75.78666941,8381
17--4821,5/4/2017,Unknown,BEAUSEJOUR DR btwn CHAMPNEUF DR & KINDERSLEY AVE (__3ZBO2E),__3ZBO2E,01 - Non intersection,03 - P.D. only,06 - SMV unattended vehicle,02 - Rain,00 - Unknown,02 - Wet,10 - No control,,1,0,0,0,,0,,,,,381596.4175,5036153.074,45.4610844,-75.51799899,8382
17--4822,5/4/2017,Unknown,NORICE ST btwn WOODROFFE AVE & SULLIVAN AVE (__3ZA0F0),__3ZA0F0,01 - Non intersection,03 - P.D. only,06 - SMV unattended vehicle,01 - Clear,00 - Unknown,01 - Dry,10 - No control,,1,0,0,0,,0,,,,,363329.6096,5022469.203,45.33972855,-75.7531787,8383
17--4823,5/4/2017,Unknown,STONEHAM PLACE btwn BEVINGTON WALK & FAIRLAKES WAY (__6ZT4XM),__6ZT4XM,01 - Non intersection,03 - P.D. only,06 - SMV unattended vehicle,01 - Clear,00 - Unknown,01 - Dry,10 - No control,,1,0,0,0,,0,,,,,384945.4629,5034310.416,45.44412972,-75.47548151,8384
17--4824,5/4/2017,12:53 PM,SIXTH LINE RD btwn TORWOOD DR & BESSBOROUGH LANE (__3ZA3ED),__3ZA3ED,01 - Non intersection,03 - P.D. only,07 - SMV other,01 - Clear,01 - Daylight,01 - Dry,10 - No control,,1,0,0,0,,0,,,,,345569.3464,5034057.195,45.44525691,-75.97882567,8385
17--4825,5/4/2017,2:04 PM,BRANTHAVEN ST btwn MONACO PL & ST. ALEXI WALK (__5Z1QDY),__5Z1QDY,01 - Non intersection,03 - P.D. only,06 - SMV unattended vehicle,01 - Clear,01 - Daylight,02 - Wet,10 - No control,,1,0,0,0,,0,,,,,384628.2625,5034915.862,45.44961326,-75.47943748,8386
17--4826,5/4/2017,2:41 PM,DYNES RD @ PRINCE OF WALES DR (0003321),3321,02 - Intersection related,03 - P.D. only,03 - Rear end,01 - Clear,01 - Daylight,01 - Dry,01 - Traffic signal,01 - Functioning,2,0,0,0,,0,,,,,367115.0486,5025923.533,45.37048389,-75.70444669,8387
17--4827,5/4/2017,2:55 PM,HIGHWAY 417 btwn HWY417 IC124 RAMP65 & HWY417 IC122 RAMP51 (__3ZA2R8),__3ZA2R8,01 - Non intersection,02 - Non-fatal injury,03 - Rear end,01 - Clear,01 - Daylight,01 - Dry,10 - No control,,3,0,0,0,02 - Minor,2,1,1,,,364670.3038,5027838.42,45.38792683,-75.73542281,8388
17--4828,5/4/2017,3:30 PM,HIGHWAY 416 btwn HWY416 IC66 RAMP24 & HWY416 IC57 RAMP62 (__3ZA1OI),__3ZA1OI,01 - Non intersection,03 - P.D. only,07 - SMV other,01 - Clear,01 - Daylight,01 - Dry,10 - No control,,1,0,0,0,,0,,,,,363810.4401,5009877.523,45.22638832,-75.74854128,8389
17--4829,5/4/2017,4:19 PM,HAIG DR @ SMYTH RD (0007736),7736,03 - At intersection,02 - Non-fatal injury,05 - Turning movement,01 - Clear,01 - Daylight,01 - Dry,01 - Traffic signal,01 - Functioning,3,0,0,0,02 - Minor,3,1,2,,,372564.3905,5029299.217,45.40035119,-75.63442116,8390
17--483,1/10/2017,9:15 AM,LEITRIM RD @ LIMEBANK RD (0012318),12318,02 - Intersection related,03 - P.D. only,03 - Rear end,01 - Clear,01 - Daylight,01 - Dry,01 - Traffic signal,01 - Functioning,2,0,0,0,,0,,,,,369321.6239,5017960.099,45.2986311,-75.67731722,8391
17--4830,5/4/2017,4:25 PM,KING EDWARD AVE @ LAURIER AVE (0002170),2170,02 - Intersection related,03 - P.D. only,03 - Rear end,01 - Clear,01 - Daylight,01 - Dry,01 - Traffic signal,01 - Functioning,2,0,0,0,,0,,,,,368739.3728,5032035.92,45.42533489,-75.68291932,8392
17--4831,5/4/2017,4:28 PM,REGIONAL ROAD 174 btwn RAMP & TRIM RD (__3ZA273),__3ZA273,01 - Non intersection,03 - P.D. only,06 - SMV unattended vehicle,01 - Clear,01 - Daylight,01 - Dry,10 - No control,,1,0,0,0,,0,,,,,384201.0172,5039863.919,45.49417992,-75.48409915,8393
17--4832,5/4/2017,4:40 PM,HIGHWAY 417 btwn HWY417 IC124 RAMP65 & HWY417 IC122 RAMP51 (__3ZA2R8),__3ZA2R8,01 - Non intersection,03 - P.D. only,03 - Rear end,01 - Clear,01 - Daylight,01 - Dry,10 - No control,,3,0,0,0,,0,,,,,364958.05,5028371.254,45.3926965,-75.7316835,8394
17--4833,5/4/2017,4:45 PM,CANAAN RD @ REGIONAL RD 174 (0012882),12882,02 - Intersection related,03 - P.D. only,03 - Rear end,01 - Clear,01 - Daylight,01 - Dry,01 - Traffic signal,01 - Functioning,2,0,0,0,,0,,,,,395771.4816,5043414.22,45.52470803,-75.33543042,8395
17--4834,5/4/2017,4:47 PM,CARLING AVE WB btwn COLE AVE & CHURCHILL AVE N (__3ZA4T0),__3ZA4T0,01 - Non intersection,03 - P.D. only,04 - Sideswipe,01 - Clear,01 - Daylight,01 - Dry,10 - No control,,2,0,0,0,,0,,,,,363637.6958,5026927,45.37981352,-75.74871727,8396
17--4835,5/4/2017,4:47 PM,RIVERSIDE DR btwn 175 S OF HUNT CLUB  RD & HUNT CLUB RD (__7JIWK3B),__7JIWK3B,01 - Non intersection,03 - P.D. only,99 - Other,02 - Rain,01 - Daylight,02 - Wet,10 - No control,,2,0,0,0,,0,,,,,368033.0241,5021799.01,45.33329014,-75.69325585,8397
17--4836,5/4/2017,5:04 PM,BRIDLE PATH DR @ EQUUS WAY E/HUNTER'S POINT CR (0009606),9606,03 - At intersection,03 - P.D. only,03 - Rear end,01 - Clear,01 - Daylight,01 - Dry,02 - Stop sign,00 - Unknown,2,0,0,0,,0,,,,,371621.3182,5023533.308,45.3485623,-75.64724614,8398
17--4837,5/4/2017,5:36 PM,MONTREAL RD btwn OGILVIE RD & LAPORTE ST (__3ZA2D7),__3ZA2D7,04 - At/near private drive,03 - P.D. only,02 - Angle,01 - Clear,01 - Daylight,01 - Dry,10 - No control,,2,0,0,0,,0,,,,,375673.7986,5034568.626,45.44745446,-75.59395032,8399
17--4838,5/4/2017,7:56 AM,AMBLESIDE DR @ NEW ORCHARD AVE (0009120),9120,03 - At intersection,03 - P.D. only,02 - Angle,01 - Clear,01 - Daylight,01 - Dry,03 - Yield sign,01 - Functioning,2,0,0,0,,0,,,,,361267.7689,5026282.139,45.37420614,-75.77904951,8400
17--4839,5/4/2017,7:59 AM,REGIONAL ROAD 174 btwn OR174 IC105 RAMP16 & OR174 IC105 RAMP26 (__3ZA1PU),__3ZA1PU,01 - Non intersection,03 - P.D. only,04 - Sideswipe,01 - Clear,01 - Daylight,01 - Dry,10 - No control,,2,0,0,0,,0,,,,,378998.7751,5036794.044,45.46713208,-75.5511138,8401
17--484,1/10/2017,9:19 AM,CENTER ST @ MONTREAL RD (0002691),2691,02 - Intersection related,03 - P.D. only,04 - Sideswipe,01 - Clear,01 - Daylight,01 - Dry,02 - Stop sign,00 - Unknown,2,0,0,0,,0,,,,,371820.2526,5033956.445,45.44232648,-75.64329168,8402
17--4840,5/4/2017,8:03 AM,MONTREAL RD @ SHEFFORD RD (0012423),12423,02 - Intersection related,03 - P.D. only,04 - Sideswipe,01 - Clear,01 - Daylight,01 - Dry,01 - Traffic signal,01 - Functioning,2,0,0,0,,0,,,,,376126.065,5034852.906,45.44996623,-75.58812807,8403
17--4841,5/4/2017,8:33 PM,TERRY FOX DR S @ DIDSBURY RD/CENTRUM KANATA SC (0011820),11820,03 - At intersection,03 - P.D. only,05 - Turning movement,02 - Rain,05 - Dusk,02 - Wet,01 - Traffic signal,01 - Functioning,2,0,0,0,,0,,,,,350622.9977,5018915.833,45.30869949,-75.91563065,8404
17--4842,5/4/2017,8:58 AM,DALY AVE @ KING EDWARD AVE (0007755),7755,03 - At intersection,03 - P.D. only,02 - Angle,01 - Clear,01 - Daylight,01 - Dry,02 - Stop sign,01 - Functioning,2,0,0,0,,0,,,,,368592.0421,5032275.592,45.42750482,-75.68477083,8405
17--4843,5/4/2017,9:21 PM,BLAIR RD @ REGIONAL RD 174 N/OR174 IC112 RAMP61 (0003617),3617,03 - At intersection,03 - P.D. only,05 - Turning movement,02 - Rain,07 - Dark,02 - Wet,01 - Traffic signal,01 - Functioning,2,0,0,0,,0,,,,,374634.2709,5032990.813,45.43336282,-75.60746187,8406
17--4844,5/4/2017,9:43 PM,BRONSON AVE @ IMPERIAL AVE/PLYMOUTH ST (0010859),10859,03 - At intersection,03 - P.D. only,05 - Turning movement,02 - Rain,07 - Dark,02 - Wet,10 - No control,00 - Unknown,2,0,0,0,,0,,,,,367317.7,5029644.889,45.40394963,-75.70138838,8407
17--4845,5/4/2017,9:45 AM,PARKDALE AVE @ TYNDALL ST (0006515),6515,02 - Intersection related,03 - P.D. only,03 - Rear end,01 - Clear,01 - Daylight,01 - Dry,02 - Stop sign,00 - Unknown,2,0,0,0,,0,,,,,365264.0351,5029012.223,45.39843745,-75.72769737,8408
17--4846,5/4/2017,9:50 PM,ST. JOSEPH BLVD @ JEANNE D'ARC BLVD (0012421),12421,02 - Intersection related,03 - P.D. only,03 - Rear end,02 - Rain,07 - Dark,02 - Wet,11 - Roundabout,01 - Functioning,2,0,0,0,,0,,,,,379862.4147,5036470.912,45.46413252,-75.5401201,8409
17--4847,5/5/2017,1:49 PM,DEAKIN ST @ PRINCE OF WALES DR (0001073),1073,02 - Intersection related,03 - P.D. only,03 - Rear end,02 - Rain,01 - Daylight,02 - Wet,01 - Traffic signal,01 - Functioning,2,0,0,0,,0,,,,,367390.2016,5021524.507,45.33087784,-75.70149106,8410
17--4848,5/5/2017,10:22 AM,LAURIER AVE @ QUEEN ELIZABETH DRWY/LAURIER AVE (0011416),11416,02 - Intersection related,03 - P.D. only,04 - Sideswipe,02 - Rain,01 - Daylight,02 - Wet,01 - Traffic signal,01 - Functioning,2,0,0,0,,0,,,,,368076.5742,5031625.247,45.42170007,-75.69144112,8411
17--4849,5/5/2017,10:23 AM,BASELINE RD @ ROCKWAY CRES (0002187),2187,03 - At intersection,03 - P.D. only,02 - Angle,02 - Rain,01 - Daylight,02 - Wet,02 - Stop sign,01 - Functioning,2,0,0,0,,0,,,,,361184.5943,5022932.374,45.34407183,-75.78049349,8412
17--485,1/10/2017,9:23 PM,POULIN AVE @ RICHMOND RD (0002748),2748,02 - Intersection related,03 - P.D. only,05 - Turning movement,03 - Snow,07 - Dark,03 - Loose snow,01 - Traffic signal,01 - Functioning,2,0,0,0,,0,,,,,360327.3961,5024900.514,45.36184949,-75.79121005,8413
17--4850,5/5/2017,10:24 AM,KNOXDALE RD @ NEWHAVEN ST (0000098),98,03 - At intersection,03 - P.D. only,05 - Turning movement,02 - Rain,01 - Daylight,02 - Wet,02 - Stop sign,01 - Functioning,2,0,0,0,,0,,,,,362539.1964,5021326.508,45.32951214,-75.76339662,8414
17--4851,5/5/2017,10:50 AM,BREWER RD @ BRONSON AVE (0002240),2240,02 - Intersection related,03 - P.D. only,03 - Rear end,02 - Rain,01 - Daylight,02 - Wet,01 - Traffic signal,01 - Functioning,2,0,1,0,,0,,,,,368110.0504,5027766.436,45.38697666,-75.69150883,8415
17--4852,5/5/2017,10:55 PM,ST. LAURENT BLVD @ COVENTRY RD/OGILVIE RD (0002151),2151,03 - At intersection,03 - P.D. only,05 - Turning movement,02 - Rain,07 - Dark,02 - Wet,01 - Traffic signal,01 - Functioning,2,0,0,0,,0,,,,,372304.7162,5031952.912,45.42425304,-75.63737426,8416
17--4853,5/5/2017,11:17 AM,ST. LAURENT BLVD btwn MCARTHUR AVE & DONALD ST (__3ZBOF4),__3ZBOF4,01 - Non intersection,02 - Non-fatal injury,03 - Rear end,02 - Rain,01 - Daylight,02 - Wet,10 - No control,,2,0,0,0,02 - Minor,1,,1,,,372012.9226,5032688.409,45.4308988,-75.64100222,8417
17--4854,5/5/2017,11:27 AM,BANK ST btwn RIDEAU RD & TURN LANE (__3ZBPH9),__3ZBPH9,01 - Non intersection,03 - P.D. only,03 - Rear end,02 - Rain,01 - Daylight,02 - Wet,10 - No control,,2,0,0,0,,0,,,,,377149.5128,5017382.488,45.29267151,-75.5776043,8418
17--4855,5/5/2017,11:30 AM,HAWTHORNE RD @ HUNT CLUB RD (0007651),7651,02 - Intersection related,03 - P.D. only,04 - Sideswipe,01 - Clear,01 - Daylight,02 - Wet,01 - Traffic signal,01 - Functioning,2,0,0,0,,0,,,,,375508.7532,5026406.529,45.37403307,-75.59723079,8419
17--4856,5/5/2017,11:41 PM,CEDARWOOD DR btwn WALKLEY RD & BAYCREST DR (__3ZA9YT),__3ZA9YT,04 - At/near private drive,03 - P.D. only,05 - Turning movement,02 - Rain,07 - Dark,02 - Wet,10 - No control,,2,0,0,0,,0,,,,,371176.7394,5026486.81,45.37517914,-75.65252241,8420
17--4857,5/5/2017,Unknown,FIFTH AVE btwn CRAIG ST & MORRIS ST (__3ZA9NM),__3ZA9NM,01 - Non intersection,03 - P.D. only,06 - SMV unattended vehicle,02 - Rain,00 - Unknown,02 - Wet,10 - No control,,1,0,0,0,,0,,,,,368012.8912,5029170.24,45.39961645,-75.69256961,8421
17--4858,5/5/2017,Unknown,KENT ST btwn LAURIER AVE W & GLOUCESTER ST (__3ZBOFI),__3ZBOFI,01 - Non intersection,03 - P.D. only,06 - SMV unattended vehicle,02 - Rain,00 - Unknown,02 - Wet,10 - No control,,1,0,0,0,,0,,,,,367331.0803,5031139.171,45.41739354,-75.70102792,8422
17--4859,5/5/2017,Unknown,BANK ST btwn MACLAREN ST & GILMOUR ST (__3ZA3QF),__3ZA3QF,01 - Non intersection,03 - P.D. only,06 - SMV unattended vehicle,01 - Clear,00 - Unknown,01 - Dry,10 - No control,,1,0,0,0,,0,,,,,367779.6813,5030789.287,45.41420516,-75.69534134,8423
17--486,1/10/2017,9:31 PM,BANTREE ST @ SHEFFIELD RD (0008395),8395,02 - Intersection related,03 - P.D. only,07 - SMV other,03 - Snow,07 - Dark,03 - Loose snow,03 - Yield sign,01 - Functioning,1,0,0,0,,0,,,,,374646.7409,5030043.682,45.40684486,-75.60772031,8424
17--4860,5/5/2017,12:15 PM,ROYDON PL btwn WOODFIELD DR & WEST HUNT CLUB RD (__3ZAYGP),__3ZAYGP,04 - At/near private drive,03 - P.D. only,02 - Angle,02 - Rain,01 - Daylight,02 - Wet,10 - No control,,2,0,0,0,,0,,,,,365912.5632,5022272.567,45.33773901,-75.72024823,8425
17--4861,5/5/2017,12:22 PM,RIVERSIDE DR @ TREMBLAY RD/HWY417 IC117 RAMP52 (0010790),10790,03 - At intersection,03 - P.D. only,02 - Angle,02 - Rain,01 - Daylight,02 - Wet,01 - Traffic signal,01 - Functioning,2,0,0,0,,0,,,,,370803.0814,5031015.908,45.41596556,-75.65668668,8426
17--4862,5/5/2017,12:31 PM,BANK ST @ HERON RD (0002155),2155,03 - At intersection,03 - P.D. only,04 - Sideswipe,02 - Rain,01 - Daylight,02 - Wet,01 - Traffic signal,01 - Functioning,2,0,0,0,,0,,,,,369995.2105,5026849.504,45.37855347,-75.6675583,8427
17--4863,5/5/2017,12:42 PM,JOHN SUTHERLAND DR @ RICHMOND RD (0000578),578,02 - Intersection related,03 - P.D. only,03 - Rear end,02 - Rain,01 - Daylight,02 - Wet,01 - Traffic signal,01 - Functioning,2,0,0,0,,0,,,,,358788.3371,5022151.832,45.33723701,-75.81115429,8428
17--4864,5/5/2017,12:45 PM,WEST HUNT CLUB RD @ CLEOPATRA DR/LANCELOT DR (0000114),114,02 - Intersection related,03 - P.D. only,03 - Rear end,02 - Rain,01 - Daylight,02 - Wet,01 - Traffic signal,01 - Functioning,2,0,0,0,,0,,,,,365237.3722,5021731.825,45.33293196,-75.72892842,8429
17--4865,5/5/2017,2:00 PM,COLDREY AVE btwn KENZIE ST & MERIVALE RD (__3ZA0RW),__3ZA0RW,04 - At/near private drive,03 - P.D. only,06 - SMV unattended vehicle,02 - Rain,01 - Daylight,02 - Wet,10 - No control,,1,0,0,0,,0,,,,,364857.3389,5027379.534,45.38378184,-75.73309031,8430
17--4325,4/19/2017,11:31 AM,BRONSON AVE btwn RENFREW AVE & POWELL AVE (__3ZA3BZ),__3ZA3BZ,04 - At/near private drive,03 - P.D. only,03 - Rear end,02 - Rain,01 - Daylight,02 - Wet,10 - No control,,2,0,0,0,,0,,,,,367370.987,5029516.625,45.40279079,-75.70072402,8431
17--4956,5/8/2017,Unknown,NEPEAN ST btwn BANK ST & O'CONNOR ST (__3ZBOR9),__3ZBOR9,01 - Non intersection,03 - P.D. only,06 - SMV unattended vehicle,01 - Clear,00 - Unknown,01 - Dry,10 - No control,,1,0,0,0,,0,,,,,367576.516,5031141.705,45.41739436,-75.69789192,8432
17--4877,5/5/2017,4:53 PM,PARKDALE AVE @ GLADSTONE AVE (0002362),2362,02 - Intersection related,03 - P.D. only,02 - Angle,01 - Clear,01 - Daylight,02 - Wet,01 - Traffic signal,01 - Functioning,2,0,0,0,,0,,,,,365215.0295,5029117.892,45.39939247,-75.72831031,8433
17--4878,5/5/2017,5:50 PM,HIGHWAY 417 btwn HWY417 IC118 RAMP67 & HWY417 IC117 RAMP36 (__3ZA2YO),__3ZA2YO,01 - Non intersection,03 - P.D. only,04 - Sideswipe,02 - Rain,01 - Daylight,02 - Wet,10 - No control,,2,0,0,0,,0,,,,,370093.0428,5031117.711,45.41694816,-75.6657443,8434
17--5062,5/11/2017,7:53 PM,ROGER STEVENS DR btwn DWYER HILL RD & MALAKOFF RD (__3ZA4ZQ),__3ZA4ZQ,01 - Non intersection,03 - P.D. only,07 - SMV other,01 - Clear,05 - Dusk,01 - Dry,10 - No control,,1,0,0,0,,0,,,,,356704.0933,4991318.057,45.05994234,-75.8409565,8435
17--4957,5/8/2017,12:19 PM,LEBRETON ST @ SOMERSET ST (0006348),6348,03 - At intersection,03 - P.D. only,02 - Angle,03 - Snow,01 - Daylight,02 - Wet,02 - Stop sign,00 - Unknown,2,0,0,0,,0,,,,,366682.0284,5030318.898,45.41007066,-75.70942318,8436
17--4326,4/19/2017,Unknown,ROWANWOOD AVE btwn BYRON AVE & KEENAN AVE (__3ZAA1E),__3ZAA1E,01 - Non intersection,03 - P.D. only,06 - SMV unattended vehicle,01 - Clear,00 - Unknown,01 - Dry,10 - No control,,1,0,0,0,,0,,,,,362132.287,5027087.345,45.3813811,-75.76791921,8437
17--4879,5/5/2017,6:14 PM,HERON RD WB btwn RIVERSIDE DR & BRONSON AVE RAMP 36 (__3ZA4TO),__3ZA4TO,01 - Non intersection,03 - P.D. only,03 - Rear end,01 - Clear,01 - Daylight,01 - Dry,10 - No control,,3,0,0,0,,0,,,,,368288.6634,5026667.288,45.37707067,-75.68936947,8438
17--5063,5/11/2017,8:11 AM,BAYSHORE DR @ RICHMOND RD (0010407),10407,02 - Intersection related,03 - P.D. only,03 - Rear end,01 - Clear,01 - Daylight,01 - Dry,01 - Traffic signal,01 - Functioning,2,0,0,0,,0,,,,,359373.0197,5023367.857,45.34813359,-75.80356064,8439
17--4958,5/8/2017,12:32 PM,CEDARCROFT CRES W @ MEADOWBROOK RD W (0009382),9382,03 - At intersection,03 - P.D. only,02 - Angle,01 - Clear,01 - Daylight,02 - Wet,02 - Stop sign,01 - Functioning,2,0,0,0,,0,,,,,374336.1897,5031930.722,45.4238544,-75.6114208,8440
17--4327,4/19/2017,Unknown,TALLTREE CRES btwn ABBOTT ST E & ABBOTT ST E (__54POFG),__54POFG,01 - Non intersection,03 - P.D. only,06 - SMV unattended vehicle,02 - Rain,00 - Unknown,02 - Wet,10 - No control,,1,0,0,0,,0,,,,,351704.2292,5014731.599,45.27097722,-75.90223835,8441
17--488,1/10/2017,9:36 PM,HIGHWAY 417 btwn HWY417 IC104 RAMP15 & HWY417 IC96 RAMP51 (__3ZA2W4),__3ZA2W4,01 - Non intersection,03 - P.D. only,03 - Rear end,03 - Snow,07 - Dark,03 - Loose snow,10 - No control,,2,0,0,0,,0,,,,,384773.3749,5025031.903,45.36066919,-75.47918565,8442
17--5064,5/11/2017,9:15 AM,REGIONAL ROAD 174 btwn HWY417 IC113 RAMP67 & Continuation of REGIONAL  (__3ZA28A),__3ZA28A,01 - Non intersection,03 - P.D. only,03 - Rear end,01 - Clear,01 - Daylight,01 - Dry,10 - No control,,3,0,0,0,,0,,,,,373741.2943,5032049.007,45.42497755,-75.61900531,8443
17--4959,5/8/2017,12:54 PM,HIGHWAY 416 btwn HWY416 IC66 RAMP24 & HWY416 IC57 RAMP62 (__3ZA1OI),__3ZA1OI,01 - Non intersection,02 - Non-fatal injury,07 - SMV other,01 - Clear,01 - Daylight,01 - Dry,10 - No control,,1,0,0,0,02 - Minor,1,,1,,,363805.4098,5009894.58,45.22654222,-75.74860331,8444
17--4328,4/19/2017,Unknown,EASTVALE DR btwn OGILVIE RD & FILLMORE CRES (__3ZA7SF),__3ZA7SF,01 - Non intersection,03 - P.D. only,06 - SMV unattended vehicle,01 - Clear,00 - Unknown,02 - Wet,10 - No control,,1,0,0,0,,0,,,,,375013.4343,5036050.994,45.46085857,-75.60217973,8445
17--4880,5/5/2017,6:31 PM,BELFAST RD @ ST. LAURENT BLVD (0007658),7658,02 - Intersection related,02 - Non-fatal injury,03 - Rear end,02 - Rain,01 - Daylight,02 - Wet,01 - Traffic signal,01 - Functioning,3,0,0,0,01 - Minimal,1,1,,,,372861.0586,5030578.562,45.41183338,-75.63045556,8446
17--4881,5/5/2017,6:31 PM,O'CONNOR ST @ SOMERSET ST (0002690),2690,03 - At intersection,03 - P.D. only,05 - Turning movement,02 - Rain,01 - Daylight,02 - Wet,01 - Traffic signal,01 - Functioning,2,0,0,0,,0,,,,,367856.0446,5031013.243,45.41621337,-75.69433712,8447
17--4882,5/5/2017,6:46 AM,PRINCE OF WALES DR @ WEST HUNT CLUB RD (0000567),567,02 - Intersection related,02 - Non-fatal injury,03 - Rear end,02 - Rain,01 - Daylight,02 - Wet,01 - Traffic signal,01 - Functioning,2,0,0,0,02 - Minor,1,,1,,,367459.7136,5021891.503,45.3341738,-75.70055787,8448
17--4883,5/5/2017,7:01 PM,PARKDALE AVE btwn FOSTER ST & TYNDALL ST (__3ZA4P5),__3ZA4P5,01 - Non intersection,03 - P.D. only,04 - Sideswipe,02 - Rain,01 - Daylight,02 - Wet,10 - No control,,2,0,0,0,,0,,,,,365260.0217,5029021.588,45.39852206,-75.72774748,8449
17--4884,5/5/2017,7:09 PM,KELLY AVE @ PINECREST RD (0002744),2744,02 - Intersection related,03 - P.D. only,99 - Other,02 - Rain,01 - Daylight,02 - Wet,02 - Stop sign,01 - Functioning,2,0,0,0,,0,,,,,360277.7569,5023952.531,45.35332349,-75.79195002,8450