Anom_ID,Accident_Date,Accident_Time,Location,Geo_ID,Accident_Location,Classification_of_Accident,Initial_Impact_Type,Environment_Condition,Light,Road_Surface_Condition,Traffic_Control,Traffic_Control_Condition,No__of_Vehicles,No__of_Bicycles,No__of_Motorcycles,No__of_Pedestrians,Max_Injury,No__of_Injuries,No__of_Minimal,No__of_Minor,No__of_Major,No__of_Fatal,X,Y,Latitude,Longitude,ObjectId
17--4885,5/5/2017,7:21 PM,CYRVILLE RD @ INNES RD (0009352),9352,02 - Intersection related,03 - P.D. only,03 - Rear end,02 - Rain,01 - Daylight,02 - Wet,01 - Traffic signal,01 - Functioning,2,0,0,0,,0,,,,,375048.0592,5031119.564,45.41648491,-75.60244084,8451
17--4886,5/5/2017,8:01 AM,LEITRIM RD btwn FENTON RD & BANK ST (__3ZA3SF),__3ZA3SF,01 - Non intersection,02 - Non-fatal injury,03 - Rear end,02 - Rain,01 - Daylight,02 - Wet,10 - No control,,2,0,0,0,01 - Minimal,2,2,,,,375330.6639,5021584.714,45.33066646,-75.60019205,8452
17--4887,5/5/2017,8:04 PM,CHAMBERLAIN AVE @ GLENDALE AVE (0007235),7235,02 - Intersection related,02 - Non-fatal injury,03 - Rear end,02 - Rain,05 - Dusk,02 - Wet,02 - Stop sign,00 - Unknown,2,0,0,0,01 - Minimal,2,2,,,,367717.0439,5029920.906,45.40639737,-75.69625238,8453
17--4888,5/5/2017,8:18 PM,TENTH LINE RD @ CHARLEMAGNE BLVD S/DES EPINETT (0003686),3686,03 - At intersection,02 - Non-fatal injury,05 - Turning movement,02 - Rain,05 - Dusk,02 - Wet,01 - Traffic signal,01 - Functioning,2,1,0,0,02 - Minor,1,,1,,,383640.9751,5036900.456,45.46758093,-75.49173924,8454
17--4889,5/5/2017,8:30 AM,LEMIEUX ST @ ST. LAURENT BLVD (0002021),2021,02 - Intersection related,03 - P.D. only,04 - Sideswipe,02 - Rain,01 - Daylight,02 - Wet,01 - Traffic signal,01 - Functioning,2,0,0,0,,0,,,,,372392.728,5031743.902,45.42236396,-75.63627839,8455
17--489,1/10/2017,9:44 PM,WOODROFFE AVE btwn TURN LANE & TALLWOOD DR (__3ZA3GC),__3ZA3GC,04 - At/near private drive,03 - P.D. only,05 - Turning movement,02 - Rain,07 - Dark,03 - Loose snow,10 - No control,,2,0,0,0,,0,,,,,363048.2397,5022750.162,45.34228002,-75.75673551,8456
17--4890,5/5/2017,8:47 PM,ARGYLE AVE @ O'CONNOR ST (0007254),7254,03 - At intersection,03 - P.D. only,02 - Angle,02 - Rain,07 - Dark,02 - Wet,01 - Traffic signal,01 - Functioning,2,0,0,0,,0,,,,,368186.383,5030485.573,45.41143572,-75.6901847,8457
17--4891,5/5/2017,8:56 AM,ALBION RD btwn HIGH RD/EARL ARMSTRONG RD & 210 S OF HIGH RD/EARL ARMST (__3ZA3S0A),__3ZA3S0A,01 - Non intersection,03 - P.D. only,07 - SMV other,02 - Rain,01 - Daylight,02 - Wet,10 - No control,,1,0,0,0,,0,,,,,374669.1583,5017633.848,45.29518416,-75.60918742,8458
17--4892,5/5/2017,9:00 PM,GEORGE ST @ 26 W OF BYWARD MARKET/FREIMAN MALL (0008248),8248,02 - Intersection related,02 - Non-fatal injury,07 - SMV other,01 - Clear,07 - Dark,01 - Dry,01 - Traffic signal,01 - Functioning,1,0,0,1,02 - Minor,1,,1,,,367996.5658,5032195.76,45.42684058,-75.69239018,8459
17--4893,5/5/2017,9:22 AM,BASELINE RD @ CLYDE AVE (0002343),2343,02 - Intersection related,03 - P.D. only,02 - Angle,02 - Rain,01 - Daylight,02 - Wet,01 - Traffic signal,01 - Functioning,2,0,0,0,,0,,,,,364359.7066,5024891.851,45.36144055,-75.7397443,8460
17--4894,5/5/2017,9:48 AM,EAGLESON RD @ 240 N OF CADENCE GT/LOBLAWS SC (0012114),12114,02 - Intersection related,03 - P.D. only,05 - Turning movement,02 - Rain,01 - Daylight,02 - Wet,01 - Traffic signal,01 - Functioning,2,0,0,0,,0,,,,,354526.4255,5016263.414,45.28456695,-75.86612012,8461
17--4895,5/5/2017,9:55 AM,ALBERT ST @ ELGIN ST/MACKENZIE KING BRIDGE (0002226),2226,03 - At intersection,02 - Non-fatal injury,04 - Sideswipe,02 - Rain,01 - Daylight,02 - Wet,01 - Traffic signal,01 - Functioning,2,0,0,0,01 - Minimal,1,1,,,,367851.0461,5031711.581,45.42249723,-75.69431162,8462
17--4896,5/6/2017,1:13 AM,BANK ST btwn CHESLEY ST & RIVERDALE AVE (__3ZA3BV),__3ZA3BV,04 - At/near private drive,02 - Non-fatal injury,05 - Turning movement,02 - Rain,07 - Dark,02 - Wet,10 - No control,,2,0,0,0,02 - Minor,1,,1,,,369061.4218,5028134.926,45.39020558,-75.67931276,8463
17--4897,5/6/2017,1:15 AM,HIGHWAY 416 btwn HWY416 IC49 RAMP42 & HWY416 IC49 RAMP24 (__3ZAZGH),__3ZAZGH,01 - Non intersection,02 - Non-fatal injury,07 - SMV other,02 - Rain,07 - Dark,02 - Wet,10 - No control,,1,0,0,0,01 - Minimal,1,1,,,,369300.1182,5000819.324,45.14440124,-75.6798121,8464
17--4898,5/6/2017,1:23 PM,COLONEL BY DR @ HOG'S BACK RD (0002635),2635,03 - At intersection,03 - P.D. only,02 - Angle,02 - Rain,01 - Daylight,02 - Wet,01 - Traffic signal,01 - Functioning,2,0,0,0,,0,,,,,367602.7094,5025872.849,45.36998432,-75.69822796,8465
17--4899,5/6/2017,1:34 AM,CLARENCE ST btwn SUSSEX DR & BY WARD MARKET SQ (__3ZA81R),__3ZA81R,01 - Non intersection,03 - P.D. only,06 - SMV unattended vehicle,01 - Clear,07 - Dark,01 - Dry,10 - No control,,1,0,0,0,,0,,,,,367846.1085,5032380.184,45.42851354,-75.69428913,8466
17--49,1/3/2017,10:40 PM,MCCARTHY RD @ WALKLEY RD (0006969),6969,02 - Intersection related,03 - P.D. only,03 - Rear end,04 - Freezing Rain,07 - Dark,06 - Ice,01 - Traffic signal,01 - Functioning,2,0,0,0,,0,,,,,369250.5757,5025300.522,45.36468508,-75.67726725,8467
17--490,1/10/2017,9:50 PM,HIGHWAY 417 btwn HWY417 IC115 RAMP51 & HWY417 IC115 RAMP35 (__3ZAZEB),__3ZAZEB,01 - Non intersection,03 - P.D. only,07 - SMV other,03 - Snow,07 - Dark,03 - Loose snow,10 - No control,,1,0,0,0,,0,,,,,372158.9403,5031464.901,45.41987619,-75.63930361,8468
17--4900,5/6/2017,1:36 PM,BULLMAN ST @ PARKDALE AVE (0006500),6500,03 - At intersection,02 - Non-fatal injury,02 - Angle,02 - Rain,01 - Daylight,02 - Wet,02 - Stop sign,01 - Functioning,2,0,0,0,02 - Minor,2,,2,,,364995.0327,5029621.891,45.40394629,-75.73105859,8469
17--4901,5/6/2017,10:42 AM,ST. JOSEPH BLVD @ JEANNE D'ARC BLVD (0012421),12421,02 - Intersection related,03 - P.D. only,04 - Sideswipe,01 - Clear,01 - Daylight,01 - Dry,11 - Roundabout,01 - Functioning,2,0,0,0,,0,,,,,379861.7458,5036472.919,45.46415065,-75.54012835,8470
17--4902,5/6/2017,11:30 AM,OR174 IC109 RAMP65 @ MONTREAL RD (0004119),4119,03 - At intersection,03 - P.D. only,02 - Angle,02 - Rain,01 - Daylight,02 - Wet,01 - Traffic signal,01 - Functioning,2,0,0,0,,0,,,,,376402.988,5034982.003,45.45109944,-75.5845694,8471
17--4903,5/6/2017,11:56 PM,DALHOUSIE ST @ YORK ST (0008500),8500,02 - Intersection related,03 - P.D. only,04 - Sideswipe,02 - Rain,07 - Dark,02 - Wet,01 - Traffic signal,01 - Functioning,2,0,0,0,,0,,,,,368094.7104,5032420.259,45.42885167,-75.69110723,8472
17--4904,5/6/2017,Unknown,SANSONNET ST btwn WILLOWBARK DR & WINDFLOWER WAY (__3ZA613),__3ZA613,01 - Non intersection,03 - P.D. only,06 - SMV unattended vehicle,01 - Clear,00 - Unknown,01 - Dry,10 - No control,,1,0,0,0,,0,,,,,379795.2173,5034637.986,45.44764845,-75.5412588,8473
17--4905,5/6/2017,12:15 PM,HIGHWAY 417 btwn HWY417 IC115 RAMP25 & REGIONAL ROAD 174 (__3ZA2RY),__3ZA2RY,01 - Non intersection,03 - P.D. only,04 - Sideswipe,01 - Clear,01 - Daylight,01 - Dry,10 - No control,,2,0,0,0,,0,,,,,372915.1115,5031560.982,45.42066747,-75.62962927,8474
17--4906,5/6/2017,12:23 AM,CEDARVIEW RD @ WEST HUNT CLUB RD (0010267),10267,03 - At intersection,03 - P.D. only,07 - SMV other,02 - Rain,07 - Dark,02 - Wet,01 - Traffic signal,01 - Functioning,1,0,0,0,,0,,,,,359719.1869,5019554.478,45.31379367,-75.79956641,8475
17--4907,5/6/2017,12:26 AM,RICHMOND RD btwn STEEPLE HILL CRES & CAMBRIAN RD (__3ZAB9D),__3ZAB9D,01 - Non intersection,03 - P.D. only,07 - SMV other,02 - Rain,07 - Dark,02 - Wet,10 - No control,,1,0,0,0,,0,,,,,359073.0262,5010404.884,45.2315146,-75.80880699,8476
17--4908,5/6/2017,2:25 PM,RIOCAN AVE @ STRANDHERD DR (0010997),10997,02 - Intersection related,02 - Non-fatal injury,03 - Rear end,02 - Rain,01 - Daylight,02 - Wet,01 - Traffic signal,01 - Functioning,2,0,0,0,01 - Minimal,1,1,,,,364173.881,5014945.242,45.27195735,-75.74330825,8477
17--4909,5/6/2017,2:43 AM,DONALD ST btwn VERA ST & QUILL ST (__3ZA8Z3),__3ZA8Z3,01 - Non intersection,03 - P.D. only,06 - SMV unattended vehicle,01 - Clear,07 - Dark,01 - Dry,10 - No control,,1,0,0,0,,0,,,,,370591.5708,5032300.366,45.42754251,-75.6592173,8478
17--491,1/11/2017,1:36 PM,BASELINE RD @ WOODROFFE AVE (0002225),2225,02 - Intersection related,02 - Non-fatal injury,03 - Rear end,01 - Clear,01 - Daylight,02 - Wet,01 - Traffic signal,01 - Functioning,2,0,0,0,01 - Minimal,1,1,,,,362548.8318,5023769.646,45.35149456,-75.76298854,8479
17--4910,5/6/2017,3:30 PM,PRINCESS PATRICIA WAY @ QUEEN ELIZABETH DRWY (0015088),15088,02 - Intersection related,02 - Non-fatal injury,01 - Approaching,02 - Rain,01 - Daylight,02 - Wet,02 - Stop sign,00 - Unknown,2,0,0,0,02 - Minor,1,,1,,,368968.6932,5029417.992,45.40175869,-75.68032998,8480
17--4911,5/6/2017,3:31 PM,HWY 417 MAITLAND IC126R26/62 @ MAITLAND AVE (0008228),8228,02 - Intersection related,03 - P.D. only,03 - Rear end,02 - Rain,01 - Daylight,02 - Wet,01 - Traffic signal,01 - Functioning,2,0,0,0,,0,,,,,363145.8283,5025983.963,45.37136933,-75.75510868,8481
17--4912,5/6/2017,3:32 PM,FINDLAY CREEK DR @ BANK ST (0012407),12407,02 - Intersection related,03 - P.D. only,03 - Rear end,02 - Rain,01 - Daylight,02 - Wet,01 - Traffic signal,01 - Functioning,2,0,0,0,,0,,,,,375847.8079,5020460.634,45.32050029,-75.59375661,8482
17--4913,5/6/2017,3:55 AM,DONALD ST btwn VERA ST & QUILL ST (__3ZA8Z3),__3ZA8Z3,01 - Non intersection,02 - Non-fatal injury,06 - SMV unattended vehicle,02 - Rain,07 - Dark,02 - Wet,10 - No control,,1,0,0,1,02 - Minor,1,,1,,,370595.8584,5032300.366,45.4275421,-75.65916252,8483
17--4914,5/6/2017,4:35 AM,HIGHWAY 417 btwn HWY417 IC127 RAMP67 & HWY417 IC126 RAMP16 (__3ZA2X0),__3ZA2X0,01 - Non intersection,02 - Non-fatal injury,03 - Rear end,02 - Rain,07 - Dark,02 - Wet,10 - No control,,2,0,0,0,02 - Minor,1,,1,,,362928.0921,5025540.065,45.36739328,-75.75794047,8484
17--4915,5/6/2017,5:22 PM,TERRY FOX DR @ WESTPHALIAN AVE (0014366),14366,02 - Intersection related,02 - Non-fatal injury,03 - Rear end,02 - Rain,01 - Daylight,02 - Wet,01 - Traffic signal,01 - Functioning,2,0,0,0,01 - Minimal,1,1,,,,353455.2261,5015759.789,45.28011017,-75.87982363,8485
17--4916,5/6/2017,5:28 PM,GILMOUR ST @ HARTINGTON PL (0007078),7078,02 - Intersection related,03 - P.D. only,06 - SMV unattended vehicle,01 - Clear,01 - Daylight,01 - Dry,10 - No control,,1,0,0,0,,0,,,,,368482.6005,5031190.995,45.41775597,-75.6863095,8486
17--4917,5/6/2017,5:37 PM,TENTH LINE RD @ TENTH LINE RD (0009412),9412,02 - Intersection related,02 - Non-fatal injury,03 - Rear end,02 - Rain,01 - Daylight,02 - Wet,01 - Traffic signal,01 - Functioning,2,0,0,0,02 - Minor,1,,1,,,383531.6106,5037155.305,45.46988617,-75.49309681,8487
17--4918,5/6/2017,6:23 PM,EMPEROR AVE @ FISHER AVE (0006795),6795,03 - At intersection,03 - P.D. only,02 - Angle,02 - Rain,01 - Daylight,02 - Wet,02 - Stop sign,01 - Functioning,2,0,0,0,,0,,,,,365685.3772,5027163.211,45.38176393,-75.72254423,8488
17--4919,5/6/2017,7:22 AM,KITCHENER AVE @ BANK ST (0011963),11963,02 - Intersection related,03 - P.D. only,03 - Rear end,02 - Rain,01 - Daylight,02 - Wet,01 - Traffic signal,01 - Functioning,2,0,0,0,,0,,,,,370539.2039,5025500.641,45.36636602,-75.66079262,8489
17--492,1/11/2017,10:11 AM,EAGLESON RD @ HOPE SIDE RD/TERRY FOX DR (0000509),509,02 - Intersection related,03 - P.D. only,99 - Other,01 - Clear,01 - Daylight,02 - Wet,01 - Traffic signal,00 - Unknown,2,0,0,0,,0,,,,,355189.0113,5014615.147,45.26968829,-75.85784176,8490
17--4920,5/6/2017,7:30 PM,HWY417 IC110 RAMP56 btwn HIGHWAY 417 & WALKLEY EXTENSION RD (__3ZAY6U),__3ZAY6U,01 - Non intersection,03 - P.D. only,07 - SMV other,02 - Rain,01 - Daylight,02 - Wet,10 - No control,,1,0,0,0,,0,,,,,375951.1215,5028965.685,45.39701425,-75.59121469,8491
17--4921,5/6/2017,7:55 PM,DOWNPATRICK RD btwn MCCARTHY RD & DOWNPATRICK RD (__3ZA2PY),__3ZA2PY,04 - At/near private drive,03 - P.D. only,02 - Angle,02 - Rain,05 - Dusk,02 - Wet,10 - No control,,2,0,0,0,,0,,,,,370525.2119,5023356.763,45.34707737,-75.66125626,8492
17--4922,5/6/2017,8:08 PM,INNES RD @ JEANNE D'ARC BLVD/MER BLEUE RD (0012475),12475,03 - At intersection,02 - Non-fatal injury,05 - Turning movement,02 - Rain,05 - Dusk,02 - Wet,01 - Traffic signal,01 - Functioning,2,0,0,0,02 - Minor,1,,1,,,382638.0881,5035568.891,45.45571314,-75.50477356,8493
17--4923,5/6/2017,8:21 AM,WEST HUNT CLUB RD @ WOODROFFE AVE (0000576),576,03 - At intersection,02 - Non-fatal injury,02 - Angle,02 - Rain,01 - Daylight,02 - Wet,01 - Traffic signal,01 - Functioning,2,0,0,0,01 - Minimal,1,1,,,,363669.6877,5021247.158,45.32870423,-75.74898513,8494
17--4924,5/6/2017,8:48 AM,GREENLAND RD btwn Continuation of GREENLAND RD & Continuation of GREEN (__3ZA1P9),__3ZA1P9,01 - Non intersection,03 - P.D. only,07 - SMV other,02 - Rain,01 - Daylight,02 - Wet,10 - No control,,1,0,0,0,,0,,,,,343742.3573,5034016.71,45.44499679,-76.00218325,8495
17--4925,5/6/2017,9:05 PM,HIGHWAY 417 btwn HWY417 IC163 RAMP16 & HWY417 IC169 RAMP61 (__5SPO79),__5SPO79,01 - Non intersection,03 - P.D. only,04 - Sideswipe,02 - Rain,07 - Dark,02 - Wet,10 - No control,,2,0,0,0,,0,,,,,327487.4718,5023560.589,45.35162419,-76.2104537,8496
17--4926,5/6/2017,9:20 PM,RAYMOND ST/HWY 417 ROCHEST IC121BR16 @ ROCHEST (0006495),6495,03 - At intersection,03 - P.D. only,02 - Angle,02 - Rain,07 - Dark,02 - Wet,01 - Traffic signal,01 - Functioning,2,0,0,0,,0,,,,,366737.9951,5029618.723,45.40376573,-75.7087962,8497
17--4927,5/6/2017,9:52 PM,ST. JOSEPH BLVD btwn OR174 IC109 RAMP54 & ROCKCLIFFE PKWY (__3ZA2DI),__3ZA2DI,01 - Non intersection,03 - P.D. only,05 - Turning movement,02 - Rain,07 - Dark,02 - Wet,10 - No control,,2,0,0,0,,0,,,,,376677.9044,5035109.093,45.4522147,-75.58103652,8498
17--4928,5/7/2017,1:20 PM,METCALFE ST @ LAURIER AVE (0002231),2231,03 - At intersection,03 - P.D. only,04 - Sideswipe,02 - Rain,01 - Daylight,02 - Wet,01 - Traffic signal,01 - Functioning,2,0,0,0,,0,,,,,367791.7061,5031451.576,45.42016314,-75.69510305,8499
17--4929,5/7/2017,1:45 PM,MONTREAL RD @ GRANVILLE ST/LAFONTAINE AVE (0009348),9348,02 - Intersection related,03 - P.D. only,02 - Angle,01 - Clear,01 - Daylight,01 - Dry,01 - Traffic signal,01 - Functioning,2,0,0,0,,0,,,,,370827.7401,5033476.357,45.43810131,-75.65604181,8500
17--493,1/11/2017,10:28 AM,RIVERSIDE DR @ SMYTH RD SOUTH SIDE RAMP (0011480),11480,02 - Intersection related,03 - P.D. only,03 - Rear end,01 - Clear,01 - Daylight,04 - Slush,01 - Traffic signal,01 - Functioning,2,0,0,0,,0,,,,,369790.1616,5028999.693,45.39791921,-75.66989303,8501
17--4930,5/7/2017,1:46 PM,LAURIER AVE   W btwn PERCY ST & BAY ST (__3ZA331),__3ZA331,04 - At/near private drive,03 - P.D. only,02 - Angle,01 - Clear,01 - Daylight,01 - Dry,10 - No control,,2,0,0,0,,0,,,,,366991.1397,5030971.328,45.41591364,-75.70539217,8502
17--4931,5/7/2017,11:16 PM,TERRY FOX DR btwn MAPLE GROVE RD & WALTER BAKER PL (__3ZBOBD),__3ZBOBD,01 - Non intersection,02 - Non-fatal injury,07 - SMV other,01 - Clear,07 - Dark,01 - Dry,10 - No control,,1,0,0,0,02 - Minor,1,,1,,,351750.5986,5017640.384,45.2971482,-75.90137221,8503
17--4932,5/7/2017,11:30 PM,HIGHWAY 417 btwn HWY417 IC96 RAMP61 & HIGHWAY 417 (__3ZA271),__3ZA271,01 - Non intersection,03 - P.D. only,07 - SMV other,01 - Clear,07 - Dark,01 - Dry,10 - No control,,1,0,0,0,,0,,,,,387481.9578,5023862.406,45.34983286,-75.44481352,8504
17--4933,5/7/2017,11:43 AM,RAVEN AVE @ KIRKWOOD AVE (0006712),6712,03 - At intersection,02 - Non-fatal injury,02 - Angle,01 - Clear,01 - Daylight,02 - Wet,02 - Stop sign,01 - Functioning,2,0,1,0,02 - Minor,1,,1,,,364690.9326,5026773.658,45.37834453,-75.73528857,8505
17--4934,5/7/2017,12:27 PM,CARLING AVE @ KIRKWOOD AVE N (0002358),2358,03 - At intersection,03 - P.D. only,05 - Turning movement,02 - Rain,01 - Daylight,02 - Wet,01 - Traffic signal,01 - Functioning,2,0,0,0,,0,,,,,364276.6955,5027492.865,45.38485112,-75.7404906,8506
17--4935,5/7/2017,12:34 AM,MCCLELLAN RD @ RIVERBROOK RD (0000910),910,02 - Intersection related,03 - P.D. only,07 - SMV other,02 - Rain,07 - Dark,02 - Wet,02 - Stop sign,01 - Functioning,1,0,0,0,,0,,,,,360682.3428,5020878.817,45.32563412,-75.78713394,8507
17--4936,5/7/2017,12:45 PM,GREENBANK RD btwn NE/OT BOUNDARY & MONTEREY DR (__3ZBPHX),__3ZBPHX,01 - Non intersection,02 - Non-fatal injury,03 - Rear end,01 - Clear,01 - Daylight,02 - Wet,10 - No control,,2,0,0,0,01 - Minimal,1,1,,,,360635.4769,5022493.53,45.34016704,-75.78754959,8508
17--4937,5/7/2017,12:48 PM,VIEWMOUNT DR @ MERIVALE RD (0001528),1528,02 - Intersection related,03 - P.D. only,03 - Rear end,01 - Clear,01 - Daylight,01 - Dry,01 - Traffic signal,01 - Functioning,2,0,0,0,,0,,,,,365194.0316,5022949.164,45.34388916,-75.72933273,8509
17--4938,5/7/2017,3:00 AM,HIGHWAY 417 btwn HWY417 IC124 RAMP67 & HWY417 IC123 RAMP62 (__3ZA2YZ),__3ZA2YZ,01 - Non intersection,02 - Non-fatal injury,03 - Rear end,02 - Rain,07 - Dark,02 - Wet,10 - No control,,2,0,0,0,01 - Minimal,1,1,,,,364733.6052,5027969.619,45.38910191,-75.73459855,8510
17--4939,5/7/2017,3:40 PM,EAGLESON RD @ COPE DR/CADENCE GT (0011923),11923,03 - At intersection,02 - Non-fatal injury,07 - SMV other,01 - Clear,01 - Daylight,01 - Dry,01 - Traffic signal,01 - Functioning,1,0,0,1,01 - Minimal,1,1,,,,354619.619,5016028.096,45.28244291,-75.86495585,8511
17--494,1/11/2017,10:30 AM,QUEEN MARY ST @ VANIER PKWY (0007648),7648,02 - Intersection related,03 - P.D. only,03 - Rear end,01 - Clear,01 - Daylight,03 - Loose snow,01 - Traffic signal,01 - Functioning,2,0,0,0,,0,,,,,370366.2856,5031957.585,45.42447946,-75.66214165,8512
17--4940,5/7/2017,4:10 PM,LAURIER AVE @ NICHOLAS ST (0010711),10711,02 - Intersection related,03 - P.D. only,03 - Rear end,02 - Rain,01 - Daylight,02 - Wet,01 - Traffic signal,01 - Functioning,2,0,0,0,,0,,,,,368374.6403,5031797.601,45.42322382,-75.68761052,8513
17--4941,5/7/2017,5:49 PM,REGIONAL ROAD 174 btwn OR174 IC112 RAMP51 & OR174 IC112 RAMP15 (__3ZA2XE),__3ZA2XE,01 - Non intersection,03 - P.D. only,04 - Sideswipe,01 - Clear,01 - Daylight,01 - Dry,10 - No control,,2,0,0,0,,0,,,,,374946.7714,5032935.388,45.43283286,-75.60347625,8514
17--4942,5/7/2017,5:56 PM,BRONSON AVE @ HOLMWOOD AVE (0007215),7215,02 - Intersection related,03 - P.D. only,04 - Sideswipe,01 - Clear,01 - Daylight,01 - Dry,01 - Traffic signal,01 - Functioning,2,0,0,0,,0,,,,,367701.711,5028728.206,45.39566719,-75.69660035,8515
17--4943,5/7/2017,6:03 PM,CARILLON ST @ HANNAH ST (0010006),10006,03 - At intersection,03 - P.D. only,02 - Angle,01 - Clear,01 - Daylight,01 - Dry,02 - Stop sign,01 - Functioning,2,0,0,0,,0,,,,,370156.7077,5033390.594,45.43739269,-75.66462932,8516
17--4944,5/7/2017,6:13 PM,ROCHESTER ST @ SOMERSET ST (0006321),6321,03 - At intersection,03 - P.D. only,02 - Angle,02 - Rain,01 - Daylight,02 - Wet,01 - Traffic signal,01 - Functioning,2,0,0,0,,0,,,,,366482.0396,5030203.235,45.40904761,-75.71199237,8517
17--4945,5/7/2017,6:14 PM,HEATHERINGTON RD btwn WALKLEY RD & FAIRLEA CRES (__3ZA9YX),__3ZA9YX,01 - Non intersection,03 - P.D. only,99 - Other,01 - Clear,01 - Daylight,02 - Wet,10 - No control,,2,0,0,0,,0,,,,,371804.7066,5026705.236,45.37708469,-75.64447597,8518
17--4946,5/7/2017,6:29 PM,BRONSON AVE @ FIFTH AVE/MADAWASKA DR (0006977),6977,02 - Intersection related,03 - P.D. only,03 - Rear end,"07 - Fog, mist, smoke, dust",01 - Daylight,02 - Wet,01 - Traffic signal,01 - Functioning,2,0,0,0,,0,,,,,367614.716,5028939.891,45.39757968,-75.69768441,8519
17--4947,5/7/2017,7:01 PM,ANDERSON RD btwn DESJARDINS ST & WEIR RD (__3ZA2GS),__3ZA2GS,01 - Non intersection,03 - P.D. only,04 - Sideswipe,01 - Clear,01 - Daylight,01 - Dry,10 - No control,,2,0,0,0,,0,,,,,377667.7481,5031526.973,45.41988262,-75.5689132,8520
17--4948,5/8/2017,1:01 PM,CATHERINE ST @ LYON ST/HWY 417 LYON IC120BR36 (0002254),2254,03 - At intersection,02 - Non-fatal injury,02 - Angle,01 - Clear,01 - Daylight,01 - Dry,01 - Traffic signal,01 - Functioning,2,0,0,0,02 - Minor,1,,1,,,367746.0344,5030091.896,45.40793328,-75.69586024,8521
17--4949,5/8/2017,1:03 PM,WOODROFFE AVE btwn WOODROFFE AVE & NAVAHO DR (__3ZA2TY),__3ZA2TY,01 - Non intersection,02 - Non-fatal injury,07 - SMV other,01 - Clear,01 - Daylight,01 - Dry,10 - No control,,1,0,0,1,02 - Minor,1,,1,,,362695.874,5023502.835,45.34908169,-75.76114332,8522
17--495,1/11/2017,Unknown,HAIG DR btwn FLEMING AVE & KILBORN AVE (__3ZBOZC),__3ZBOZC,01 - Non intersection,03 - P.D. only,06 - SMV unattended vehicle,01 - Clear,00 - Unknown,02 - Wet,10 - No control,,1,0,0,0,,0,,,,,372531.4891,5028133.163,45.38986272,-75.63500147,8523
17--4950,5/8/2017,1:55 PM,HANCOCK CRES @ PRINCESS LOUISE DR S (0012955),12955,02 - Intersection related,02 - Non-fatal injury,07 - SMV other,01 - Clear,01 - Daylight,01 - Dry,02 - Stop sign,01 - Functioning,1,0,0,1,01 - Minimal,1,1,,,,384076.7736,5038193.206,45.47916256,-75.4859583,8524
17--4951,5/8/2017,10:40 PM,COLUMBUS AVE @ VERA ST (0007672),7672,03 - At intersection,03 - P.D. only,02 - Angle,01 - Clear,07 - Dark,01 - Dry,03 - Yield sign,01 - Functioning,2,0,0,0,,0,,,,,370493.3778,5032199.241,45.42664186,-75.66048551,8525
17--4952,5/8/2017,11:21 PM,BRIAN COBURN BLVD @ GERRY LALONDE DR (0014327),14327,02 - Intersection related,03 - P.D. only,07 - SMV other,01 - Clear,07 - Dark,01 - Dry,02 - Stop sign,01 - Functioning,1,0,0,0,,0,,,,,383523.5359,5034614.313,45.44702549,-75.49360687,8526
17--4953,5/8/2017,11:52 AM,INDUSTRIAL AVE/INNES RD @ ST. LAURENT BLVD (0002203),2203,02 - Intersection related,03 - P.D. only,03 - Rear end,02 - Rain,01 - Daylight,02 - Wet,01 - Traffic signal,01 - Functioning,2,0,0,0,,0,,,,,373098.5761,5030009.209,45.40668747,-75.62750028,8527
17--4954,5/8/2017,11:57 AM,BAYSHORE DR @ BAYSHORE CS (0005412),5412,02 - Intersection related,03 - P.D. only,04 - Sideswipe,01 - Clear,01 - Daylight,01 - Dry,01 - Traffic signal,00 - Unknown,2,0,0,0,,0,,,,,359142.0534,5023738.147,45.3514834,-75.80646723,8528
17--4955,5/8/2017,Unknown,ROBERTA CRES btwn ST. REMY DR & ST. REMY DR (__3ZAB8E),__3ZAB8E,01 - Non intersection,03 - P.D. only,06 - SMV unattended vehicle,01 - Clear,00 - Unknown,01 - Dry,10 - No control,,1,0,0,0,,0,,,,,362203.7198,5016118.86,45.28268121,-75.76827921,8529
17--4415,4/21/2017,8:24 AM,ALBION RD @ MITCH OWENS RD (0004212),4212,03 - At intersection,03 - P.D. only,05 - Turning movement,02 - Rain,01 - Daylight,02 - Wet,01 - Traffic signal,01 - Functioning,2,0,0,0,,0,,,,,375907.0886,5014804.449,45.26960203,-75.59381152,8530
17--5065,5/11/2017,9:18 AM,ALBERT ST @ BOOTH ST (0002162),2162,02 - Intersection related,03 - P.D. only,04 - Sideswipe,01 - Clear,01 - Daylight,01 - Dry,01 - Traffic signal,01 - Functioning,2,0,0,0,,0,,,,,366429.0277,5030626.567,45.41286131,-75.71261662,8531
17--5066,5/11/2017,9:50 AM,HERON RD @ ALTA VISTA DR (0007188),7188,02 - Intersection related,03 - P.D. only,03 - Rear end,01 - Clear,01 - Daylight,01 - Dry,01 - Traffic signal,01 - Functioning,2,0,0,0,,0,,,,,370494.3085,5026905.217,45.37900814,-75.66117887,8532