Anom_ID,Accident_Date,Accident_Time,Location,Geo_ID,Accident_Location,Classification_of_Accident,Initial_Impact_Type,Environment_Condition,Light,Road_Surface_Condition,Traffic_Control,Traffic_Control_Condition,No__of_Vehicles,No__of_Bicycles,No__of_Motorcycles,No__of_Pedestrians,Max_Injury,No__of_Injuries,No__of_Minimal,No__of_Minor,No__of_Major,No__of_Fatal,X,Y,Latitude,Longitude,ObjectId
17--496,1/11/2017,Unknown,WESTOVER CRES btwn PAINE AVE & PAINE AVE (e___2HIJ),e___2HIJ,01 - Non intersection,03 - P.D. only,06 - SMV unattended vehicle,04 - Freezing Rain,00 - Unknown,06 - Ice,10 - No control,,1,0,0,0,,0,,,,,348758.103,5018569.816,45.30570512,-75.93944271,8533
17--4329,4/19/2017,12:39 PM,ALBERT ST @ KENT ST (OTTAWA) (0003136),3136,03 - At intersection,03 - P.D. only,05 - Turning movement,02 - Rain,01 - Daylight,02 - Wet,01 - Traffic signal,01 - Functioning,2,0,0,0,,0,,,,,367222.0293,5031320.242,45.4190325,-75.70239821,8534
17--4416,4/21/2017,8:24 AM,MERIVALE RD @ WEST HUNT CLUB RD (0000584),584,02 - Intersection related,02 - Non-fatal injury,03 - Rear end,02 - Rain,01 - Daylight,02 - Wet,01 - Traffic signal,01 - Functioning,2,0,0,0,03 - Major,1,,,1,,365612.2218,5021943.682,45.33480584,-75.72412042,8535
17--5067,5/12/2017,1:45 PM,CATHERINE ST btwn PERCY ST & BAY ST (__3ZBOEA),__3ZBOEA,04 - At/near private drive,03 - P.D. only,02 - Angle,01 - Clear,01 - Daylight,01 - Dry,10 - No control,,2,0,0,0,,0,,,,,367596.9026,5030002.887,45.4071458,-75.69777656,8536
17--4960,5/8/2017,2:08 PM,BANK ST @ SLATER ST (0002223),2223,02 - Intersection related,03 - P.D. only,03 - Rear end,01 - Clear,01 - Daylight,02 - Wet,01 - Traffic signal,01 - Functioning,2,0,0,0,,0,,,,,367423.6991,5031355.246,45.41932943,-75.69981716,8537
17--433,1/9/2017,9:00 AM,HIGHWAY 417 btwn HWY417 IC126 RAMP25 & HWY417 IC124 RAMP57 (__3ZA2R5),__3ZA2R5,01 - Non intersection,03 - P.D. only,03 - Rear end,01 - Clear,01 - Daylight,01 - Dry,10 - No control,,2,0,0,0,,0,,,,,363499.9177,5026278.912,45.37399367,-75.75055341,8538
17--4417,4/21/2017,9:31 AM,RIVERSIDE DR NB btwn INDUSTRIAL AVE & TREMBLAY RD (__3ZA4SE),__3ZA4SE,01 - Non intersection,03 - P.D. only,03 - Rear end,02 - Rain,01 - Daylight,02 - Wet,10 - No control,,3,0,0,0,,0,,,,,370761.5955,5030826.891,45.41426878,-75.65724199,8539
17--4418,4/21/2017,9:43 PM,MERIVALE RD/LOTTA AVE @ CLYDE AVE (0001112),1112,02 - Intersection related,03 - P.D. only,03 - Rear end,01 - Clear,07 - Dark,01 - Dry,01 - Traffic signal,00 - Unknown,2,0,0,0,,0,,,,,364520.9324,5024507.872,45.35797185,-75.7377329,8540
17--4419,4/21/2017,9:44 AM,MOONEY'S BAY PL @ RIVERSIDE DR (0011421),11421,02 - Intersection related,02 - Non-fatal injury,03 - Rear end,01 - Clear,01 - Daylight,01 - Dry,01 - Traffic signal,01 - Functioning,2,0,0,0,02 - Minor,1,,1,,,368354.2949,5025296.749,45.36473297,-75.68870789,8541
17--442,1/10/2017,1:01 PM,EDISON AVE btwn RAVENHILL AVE & KENWOOD AVE (__3ZA090),__3ZA090,01 - Non intersection,03 - P.D. only,06 - SMV unattended vehicle,01 - Clear,01 - Daylight,04 - Slush,10 - No control,,1,0,0,0,,0,,,,,363248.6254,5028043.491,45.38989211,-75.75355258,8542
17--4420,4/21/2017,9:47 PM,BANK ST btwn ARLINGTON AVE & CATHERINE ST (__3ZA3PT),__3ZA3PT,01 - Non intersection,03 - P.D. only,04 - Sideswipe,01 - Clear,07 - Dark,01 - Dry,10 - No control,,2,0,0,0,,0,,,,,368022.8918,5030309.351,45.40986492,-75.69229583,8543
17--4421,4/22/2017,10:08 AM,CARLING AVE @ FAIRLAWN AVE/WOODROFFE AVE E (0002393),2393,03 - At intersection,02 - Non-fatal injury,02 - Angle,01 - Clear,01 - Daylight,01 - Dry,01 - Traffic signal,01 - Functioning,3,0,0,0,02 - Minor,1,,1,,,361934.6841,5025830.528,45.37008852,-75.77058762,8544
17--4422,4/22/2017,10:31 AM,BRONSON AVE @ GLADSTONE AVE (0002110),2110,02 - Intersection related,03 - P.D. only,99 - Other,01 - Clear,01 - Daylight,01 - Dry,01 - Traffic signal,01 - Functioning,2,0,0,0,,0,,,,,367133.3673,5030082.233,45.40790117,-75.70368756,8545
17--4423,4/22/2017,10:31 AM,BANK ST btwn RANDALL AVE & 73 N OF EVANS BLVD (__3ZA3BJA),__3ZA3BJA,04 - At/near private drive,03 - P.D. only,02 - Angle,01 - Clear,01 - Daylight,01 - Dry,10 - No control,,2,0,0,0,,0,,,,,369854.1403,5027150.84,45.38127791,-75.66931966,8546
17--4424,4/22/2017,11:08 AM,CHURCHILL AVE   N btwn TILLBURY AVE & CARLING AVE (__3ZBOD9),__3ZBOD9,04 - At/near private drive,03 - P.D. only,02 - Angle,01 - Clear,01 - Daylight,01 - Dry,10 - No control,,2,0,0,0,,0,,,,,363770.6789,5027039.625,45.38081572,-75.74700594,8547
17--4425,4/22/2017,12:02 PM,CARLING AVE @ KIRKWOOD AVE N (0002358),2358,03 - At intersection,03 - P.D. only,04 - Sideswipe,01 - Clear,01 - Daylight,01 - Dry,01 - Traffic signal,01 - Functioning,2,0,0,0,,0,,,,,364275.3578,5027491.528,45.3848392,-75.74050784,8548
17--4426,4/22/2017,12:04 PM,BANK ST @ GLADSTONE AVE (0002253),2253,02 - Intersection related,03 - P.D. only,04 - Sideswipe,01 - Clear,01 - Daylight,01 - Dry,01 - Traffic signal,01 - Functioning,2,0,0,0,,0,,,,,367915.7031,5030561.902,45.41214697,-75.69363275,8549
17--4427,4/22/2017,12:18 PM,IRIS ST btwn Continuation of IRIS ST & TO BE DETERMINED (__3ZAYFP),__3ZAYFP,01 - Non intersection,03 - P.D. only,03 - Rear end,01 - Clear,01 - Daylight,01 - Dry,10 - No control,,2,0,0,0,,0,,,,,360651.9962,5023377.624,45.34812079,-75.787239,8550
17--4428,4/22/2017,12:19 PM,MEADOWLANDS DR btwn CLAYMOR AVE & DEBRA AVE (__3ZA3GTA),__3ZA3GTA,04 - At/near private drive,03 - P.D. only,02 - Angle,01 - Clear,01 - Daylight,01 - Dry,10 - No control,,2,0,0,0,,0,,,,,367202.7332,5025579.935,45.36738448,-75.70337076,8551
17--4429,4/22/2017,12:28 AM,CYCLONE TAYLOR BLVD btwn FRANK FINNIGAN WAY & PALLADIUM DR (__3ZA56X),__3ZA56X,04 - At/near private drive,03 - P.D. only,05 - Turning movement,01 - Clear,07 - Dark,01 - Dry,10 - No control,,2,0,0,0,,0,,,,,349983.9083,5017826.535,45.29893908,-75.92387968,8552
17--443,1/10/2017,1:42 PM,WEST RIDGE DR @ WHALINGS CIRC (0009296),9296,02 - Intersection related,03 - P.D. only,03 - Rear end,03 - Snow,01 - Daylight,03 - Loose snow,02 - Stop sign,01 - Functioning,2,0,0,0,,0,,,,,348693.3805,5013665.565,45.26157901,-75.94070182,8553
17--4430,4/22/2017,12:56 AM,PALLADIUM DR btwn HUNTMAR DR & HWY417 IC142 RAMP25 (__3ZAZW2),__3ZAZW2,04 - At/near private drive,03 - P.D. only,05 - Turning movement,01 - Clear,07 - Dark,01 - Dry,10 - No control,,2,0,0,0,,0,,,,,349562.3248,5017178.227,45.29313239,-75.92931335,8554
17--4431,4/22/2017,3:39 PM,DIAMONDVIEW RD @ THOMAS A. DOLAN PKWY (0002448),2448,03 - At intersection,03 - P.D. only,02 - Angle,01 - Clear,01 - Daylight,01 - Dry,02 - Stop sign,01 - Functioning,2,0,0,0,,0,,,,,335556.1791,5025183.22,45.36591789,-76.10737887,8555
17--4432,4/22/2017,5:14 PM,MARCH RD btwn HWY417 IC138 RAMP36 & HWY417 IC138 RAMP26 (__3ZAZEW),__3ZAZEW,01 - Non intersection,02 - Non-fatal injury,07 - SMV other,01 - Clear,01 - Daylight,01 - Dry,10 - No control,,1,0,1,0,01 - Minimal,1,1,,,,352880.6679,5020380.829,45.3217309,-75.88669858,8556
17--4433,4/22/2017,6:04 PM,BANK ST btwn CECIL AVE & HERON RD (__3ZA3AC),__3ZA3AC,01 - Non intersection,02 - Non-fatal injury,03 - Rear end,01 - Clear,01 - Daylight,01 - Dry,10 - No control,,3,0,0,0,01 - Minimal,2,2,,,,369947.8939,5026977.964,45.37971372,-75.66814545,8557
17--4434,4/22/2017,6:36 AM,BANK ST @ WELLINGTON ST (0002039),2039,02 - Intersection related,02 - Non-fatal injury,03 - Rear end,02 - Rain,01 - Daylight,02 - Wet,01 - Traffic signal,01 - Functioning,2,0,0,0,02 - Minor,2,,2,,,367257.3726,5031627.236,45.42179158,-75.70190774,8558
17--4435,4/22/2017,6:55 PM,BRIAN COBURN BLVD @ TENTH LINE RD (0013966),13966,02 - Intersection related,02 - Non-fatal injury,03 - Rear end,01 - Clear,01 - Daylight,01 - Dry,01 - Traffic signal,01 - Functioning,2,0,0,0,01 - Minimal,1,1,,,,384428.3389,5035022.308,45.45059377,-75.48197576,8559
17--4436,4/22/2017,7:05 PM,SMYTH RD/OTHELLO AVE @ RUSSELL RD W (0007730),7730,02 - Intersection related,03 - P.D. only,03 - Rear end,01 - Clear,01 - Daylight,01 - Dry,01 - Traffic signal,01 - Functioning,2,0,0,0,,0,,,,,373256.7394,5029373.546,45.40095261,-75.62556826,8560
17--4437,4/22/2017,8:30 AM,DEMETER ST btwn GOSNELL TER & LUDLOWE ST (__4TRKSZ),__4TRKSZ,01 - Non intersection,03 - P.D. only,06 - SMV unattended vehicle,01 - Clear,01 - Daylight,01 - Dry,10 - No control,,1,0,0,0,,0,,,,,385814.6554,5037658.95,45.47415637,-75.46382051,8561
17--4438,4/22/2017,9:43 AM,HWY417 IC121A RAMP51 btwn HIGHWAY 417 & BRONSON AVE (__3ZAY9V),__3ZAY9V,01 - Non intersection,03 - P.D. only,03 - Rear end,01 - Clear,01 - Daylight,01 - Dry,10 - No control,,3,0,0,0,,0,,,,,367131.8015,5029672.616,45.40421569,-75.70375934,8562
17--4439,4/23/2017,1:08 PM,BANK ST @ SOUTHKEYS SC (0009010),9010,03 - At intersection,02 - Non-fatal injury,05 - Turning movement,01 - Clear,01 - Daylight,01 - Dry,01 - Traffic signal,01 - Functioning,2,0,0,0,02 - Minor,2,,2,,,371083.3951,5024520.847,45.35749891,-75.65397781,8563
17--444,1/10/2017,10:15 PM,AVIATION PKWY @ OGILVIE RD (0004114),4114,02 - Intersection related,03 - P.D. only,04 - Sideswipe,03 - Snow,07 - Dark,04 - Slush,01 - Traffic signal,01 - Functioning,2,0,0,0,,0,,,,,373110.7142,5032374.869,45.42797135,-75.62701729,8564
17--4440,4/23/2017,1:51 PM,4TH LINE RD btwn MCDIARMID RD & BELMEADE RD (__3ZBO2V),__3ZBO2V,01 - Non intersection,03 - P.D. only,07 - SMV other,01 - Clear,01 - Daylight,01 - Dry,10 - No control,,1,0,0,0,,0,,,,,382056.2994,4998070.609,45.11838915,-75.51805008,8565
17--4441,4/23/2017,1:57 PM,PRESTONE DR @ ST. JOSEPH BLVD (0003551),3551,03 - At intersection,02 - Non-fatal injury,02 - Angle,01 - Clear,01 - Daylight,01 - Dry,01 - Traffic signal,01 - Functioning,2,0,0,0,02 - Minor,1,,1,,,382326.0789,5038274.254,45.48008835,-75.50833551,8566
17--4442,4/23/2017,10:00 PM,BAYVIEW DR btwn LANE ST & BISHOP DAVIS DR (__3ZAC7F),__3ZAC7F,01 - Non intersection,03 - P.D. only,07 - SMV other,01 - Clear,07 - Dark,01 - Dry,10 - No control,,1,0,0,0,,0,,,,,337831.2611,5039935.045,45.49855568,-76.0773472,8567
17--4443,4/23/2017,11:19 PM,BOUNDARY RD btwn PANA RD & CARTWRIGHT RD (__3ZA3XE),__3ZA3XE,01 - Non intersection,03 - P.D. only,07 - SMV other,01 - Clear,07 - Dark,01 - Dry,10 - No control,,1,0,0,0,,0,,,,,390234.0081,5016359.614,45.28199968,-75.41099202,8568
17--4444,4/23/2017,11:26 PM,O'KEEFE CRT btwn FOXTAIL AVE & END (__3ZA1I4),__3ZA1I4,01 - Non intersection,02 - Non-fatal injury,07 - SMV other,01 - Clear,07 - Dark,01 - Dry,10 - No control,,1,0,0,0,02 - Minor,2,,2,,,360143.5556,5014974.115,45.27254589,-75.79466556,8569
17--4445,4/23/2017,Unknown,ST. CHARLES ST btwn GENEST ST & ALICE ST (__3ZA8WQ),__3ZA8WQ,01 - Non intersection,03 - P.D. only,06 - SMV unattended vehicle,01 - Clear,00 - Unknown,01 - Dry,10 - No control,,1,0,0,0,,0,,,,,369629.8199,5033575.079,45.43910167,-75.67133884,8570
17--4446,4/23/2017,12:05 PM,BASELINE RD @ GREENBANK RD (0002357),2357,02 - Intersection related,03 - P.D. only,03 - Rear end,01 - Clear,01 - Daylight,01 - Dry,01 - Traffic signal,01 - Functioning,2,0,0,0,,0,,,,,360599.3565,5022583.831,45.34098244,-75.78800026,8571
17--4447,4/23/2017,12:23 PM,ST. JOSEPH BLVD/OLD MONTREAL RD @ TRIM RD (0004118),4118,03 - At intersection,03 - P.D. only,02 - Angle,01 - Clear,01 - Daylight,01 - Dry,11 - Roundabout,01 - Functioning,2,0,0,0,,0,,,,,384681.8737,5039284.354,45.48891068,-75.47804211,8572
17--4448,4/23/2017,12:43 AM,GREENBANK RD btwn JOCKVALE RD & CAMBRIAN RD (__3ZA2WE),__3ZA2WE,01 - Non intersection,03 - P.D. only,07 - SMV other,01 - Clear,07 - Dark,01 - Dry,10 - No control,,1,0,0,0,,0,,,,,364370.3966,5013407.545,45.2581045,-75.74098839,8573
17--4449,4/23/2017,12:50 PM,LAURIER AVE @ NICHOLAS ST (0010711),10711,02 - Intersection related,03 - P.D. only,03 - Rear end,01 - Clear,01 - Daylight,01 - Dry,01 - Traffic signal,01 - Functioning,2,0,0,0,,0,,,,,368373.9715,5031799.608,45.42324194,-75.68761881,8574
17--445,1/10/2017,10:44 PM,FIELDSTONE CRES W @ GREY NUNS DR W (0004363),4363,03 - At intersection,02 - Non-fatal injury,02 - Angle,03 - Snow,07 - Dark,03 - Loose snow,02 - Stop sign,01 - Functioning,2,0,0,0,01 - Minimal,1,1,,,,379867.9847,5037144.211,45.47018974,-75.53994605,8575
17--4450,4/23/2017,2:04 PM,BANK ST btwn QUEENSDALE AVE & LESTER RD (__3ZA2LF),__3ZA2LF,04 - At/near private drive,03 - P.D. only,02 - Angle,01 - Clear,01 - Daylight,01 - Dry,10 - No control,,2,0,0,0,,0,,,,,373383.2312,5023402.704,45.34721709,-75.62478184,8576
17--4451,4/23/2017,2:41 PM,PARENT AVE @ ST. PATRICK ST (0008240),8240,03 - At intersection,03 - P.D. only,05 - Turning movement,01 - Clear,01 - Daylight,01 - Dry,01 - Traffic signal,01 - Functioning,2,0,0,0,,0,,,,,367822.7056,5032557.262,45.43010894,-75.69456552,8577
17--4452,4/23/2017,2:47 PM,FIFTH LINE RD btwn BERRY SIDE RD & KERWIN RD (__30G2UO),__30G2UO,01 - Non intersection,02 - Non-fatal injury,07 - SMV other,01 - Clear,01 - Daylight,01 - Dry,10 - No control,,1,0,1,0,02 - Minor,1,,1,,,347337.7364,5030170.48,45.41017831,-75.95655619,8578
17--4453,4/23/2017,3:10 PM,INNES RD btwn TENTH LINE RD & 240 E OF TENTH LINE RD/HOME DEPOT E (__3ZBOGOA),__3ZBOGOA,04 - At/near private drive,03 - P.D. only,02 - Angle,01 - Clear,01 - Daylight,01 - Dry,10 - No control,,2,0,0,0,,0,,,,,383984.8707,5036174.945,45.46101455,-75.48745888,8579
17--4454,4/23/2017,4:23 AM,RUSSELL RD btwn SOUTHVALE CRES & TUPPER AVE (__3ZA2EQ),__3ZA2EQ,01 - Non intersection,02 - Non-fatal injury,07 - SMV other,01 - Clear,07 - Dark,01 - Dry,10 - No control,,1,0,0,0,02 - Minor,1,,1,,,374197.2126,5028794.748,45.39565227,-75.613638,8580
17--4455,4/23/2017,4:37 PM,ALERT RD/AIRPORT PKWY/UPLANDS DR RAMP 62 @ LES (0003652),3652,02 - Intersection related,02 - Non-fatal injury,07 - SMV other,01 - Clear,01 - Daylight,01 - Dry,01 - Traffic signal,01 - Functioning,1,0,0,0,02 - Minor,1,,1,,,371307.0423,5021353.113,45.32897542,-75.65154943,8581
17--4456,4/23/2017,4:47 PM,EAGLESON RD @ KATIMAVIK RD/TIMM DR (0011925),11925,02 - Intersection related,03 - P.D. only,05 - Turning movement,01 - Clear,01 - Daylight,01 - Dry,01 - Traffic signal,01 - Functioning,2,0,0,0,,0,,,,,353213.6208,5019566.139,45.31437728,-75.88253141,8582
17--4457,4/23/2017,6:15 PM,MEADOWLANDS DR @ MERIVALE RD (0000625),625,03 - At intersection,03 - P.D. only,05 - Turning movement,01 - Clear,01 - Daylight,01 - Dry,01 - Traffic signal,01 - Functioning,2,0,0,0,,0,,,,,364859.0344,5023726.848,45.35091542,-75.73351269,8583
17--4458,4/23/2017,6:53 AM,HOLLAND AVE @ ISLAND PARK DR/N.C.C. DRIVEWAY (0010787),10787,03 - At intersection,03 - P.D. only,05 - Turning movement,01 - Clear,01 - Daylight,01 - Dry,01 - Traffic signal,01 - Functioning,2,0,0,0,,0,,,,,365425.3946,5027917.949,45.38857746,-75.72577098,8584
17--4459,4/23/2017,7:35 AM,GREENBANK RD @ IRIS ST/HWY 417 IC129 RAMP51 (0009073),9073,02 - Intersection related,03 - P.D. only,99 - Other,01 - Clear,01 - Daylight,01 - Dry,01 - Traffic signal,01 - Functioning,2,0,0,0,,0,,,,,360531.6435,5023313.163,45.34755034,-75.78878204,8585
17--446,1/10/2017,10:44 PM,HIGHWAY 417 btwn HWY417 IC96 RAMP61 & HWY417 IC88 RAMP16 (__3ZA27Z),__3ZA27Z,01 - Non intersection,02 - Non-fatal injury,07 - SMV other,04 - Freezing Rain,07 - Dark,04 - Slush,10 - No control,,1,0,0,0,02 - Minor,1,,1,,,395329.5177,5022491.84,45.33653304,-75.34493341,8586
17--4460,4/23/2017,8:44 PM,BIRCHGROVE RD btwn LARMOURS RD & WATSON RD (__3ZA5FO),__3ZA5FO,01 - Non intersection,02 - Non-fatal injury,07 - SMV other,01 - Clear,07 - Dark,01 - Dry,10 - No control,,1,0,1,0,02 - Minor,1,,1,,,398469.5291,5033548.554,45.4355943,-75.30278039,8587
17--4461,4/23/2017,9:53 AM,WOODRIDGE CRES btwn 220 W OF BAYSHORE DR/BAYSHORE SC & BAYSHORE DR (__3ZAA4NB),__3ZAA4NB,04 - At/near private drive,02 - Non-fatal injury,02 - Angle,01 - Clear,01 - Daylight,01 - Dry,10 - No control,,2,0,0,0,02 - Minor,3,1,2,,,359102.8998,5023416.529,45.34859251,-75.80700221,8588
17--4462,4/24/2017,1:42 PM,TENTH LINE RD btwn BLACKBURN BYPS & SOUTHFIELD WAY (__7N415I),__7N415I,01 - Non intersection,03 - P.D. only,03 - Rear end,01 - Clear,01 - Daylight,01 - Dry,10 - No control,,2,0,0,0,,0,,,,,384538.5021,5034768.122,45.44829428,-75.48060878,8589
17--4463,4/24/2017,1:45 PM,BELFAST RD @ ST. LAURENT BLVD (0007658),7658,02 - Intersection related,03 - P.D. only,03 - Rear end,01 - Clear,01 - Daylight,01 - Dry,01 - Traffic signal,01 - Functioning,2,0,0,0,,0,,,,,372861.0586,5030577.893,45.41182736,-75.63045565,8590
17--4464,4/24/2017,1:53 PM,SUMMERHILL ST btwn DAVE SMITH CRES & SOUTHBRIDGE ST (__86L6ZC),__86L6ZC,01 - Non intersection,03 - P.D. only,99 - Other,01 - Clear,01 - Daylight,01 - Dry,10 - No control,,2,0,0,0,,0,,,,,367732.8916,5014290.89,45.26576004,-75.69803762,8591
17--4465,4/24/2017,10:55 AM,RICHMOND RD @ WEST HUNT CLUB RD (0000598),598,02 - Intersection related,03 - P.D. only,03 - Rear end,01 - Clear,01 - Daylight,01 - Dry,01 - Traffic signal,01 - Functioning,2,0,0,0,,0,,,,,357144.644,5018153.8,45.30138683,-75.8325475,8592
17--4466,4/24/2017,11:56 AM,HAWTHORNE RD @ HUNT CLUB RD (0007651),7651,02 - Intersection related,03 - P.D. only,03 - Rear end,01 - Clear,01 - Daylight,01 - Dry,01 - Traffic signal,01 - Functioning,2,0,0,0,,0,,,,,375508.7532,5026406.529,45.37403307,-75.59723079,8593
17--4467,4/24/2017,Unknown,FAIRLEA CRES btwn HEATHERINGTON RD & GORE PRIV (__3ZBORS),__3ZBORS,01 - Non intersection,03 - P.D. only,06 - SMV unattended vehicle,01 - Clear,00 - Unknown,01 - Dry,10 - No control,,1,0,0,0,,0,,,,,372087.2541,5026649.799,45.37655881,-75.64087634,8594
17--4468,4/24/2017,Unknown,WADE CRT btwn CRAIG HENRY DR & END (__3ZABT5),__3ZABT5,01 - Non intersection,03 - P.D. only,06 - SMV unattended vehicle,01 - Clear,00 - Unknown,01 - Dry,10 - No control,,1,0,0,0,,0,,,,,361255.9895,5021475.223,45.33095467,-75.77974875,8595
17--4469,4/24/2017,Unknown,DRAPER AVE btwn MORRISON DR & PATHWAY PRIV (__3ZABI2),__3ZABI2,01 - Non intersection,03 - P.D. only,06 - SMV unattended vehicle,01 - Clear,00 - Unknown,01 - Dry,10 - No control,,1,0,0,0,,0,,,,,360373.7487,5023036.672,45.34507501,-75.79082792,8596
17--447,1/10/2017,11:30 PM,HIGHWAY 417 btwn HWY417 IC112 RAMP56 & HWY417 IC112 RAMP64 (__3ZAZE7),__3ZAZE7,01 - Non intersection,03 - P.D. only,04 - Sideswipe,02 - Rain,07 - Dark,04 - Slush,10 - No control,,2,0,0,0,,0,,,,,374537.2374,5030811.633,45.41376541,-75.60901038,8597
17--4470,4/24/2017,Unknown,GOODWOOD DR btwn ISBISTER AVE & END (__3ZAA6G),__3ZAA6G,04 - At/near private drive,03 - P.D. only,06 - SMV unattended vehicle,01 - Clear,00 - Unknown,01 - Dry,10 - No control,,1,0,0,0,,0,,,,,366272.2195,5013946.543,45.2627908,-75.71669201,8598
17--4471,4/24/2017,Unknown,HARVARD AVE btwn CAMERON AVE & CHESLEY ST (__3ZA84H),__3ZA84H,01 - Non intersection,03 - P.D. only,06 - SMV unattended vehicle,01 - Clear,00 - Unknown,01 - Dry,10 - No control,,1,0,0,0,,0,,,,,368894.3967,5028209.214,45.3908893,-75.68143598,8599
17--4472,4/24/2017,12:58 PM,ANAND PRIV btwn END & WALKLEY RD (e___2HBJ),e___2HBJ,04 - At/near private drive,03 - P.D. only,02 - Angle,01 - Clear,01 - Daylight,01 - Dry,10 - No control,,2,0,0,0,,0,,,,,370246.627,5025799.813,45.36908525,-75.66448754,8600
17--4473,4/24/2017,2:25 PM,VANIER PKWY/CRICHTON ST @ BEECHWOOD AVE/ST. PA (0001604),1604,02 - Intersection related,03 - P.D. only,03 - Rear end,01 - Clear,01 - Daylight,01 - Dry,01 - Traffic signal,01 - Functioning,2,0,0,0,,0,,,,,369127.7731,5033487.107,45.4383565,-75.67776688,8601
17--4474,4/24/2017,2:47 PM,MARCH RD @ TERRY FOX DR (0003173),3173,02 - Intersection related,03 - P.D. only,03 - Rear end,01 - Clear,01 - Daylight,01 - Dry,01 - Traffic signal,01 - Functioning,2,0,0,0,,0,,,,,349866.2808,5023398.84,45.34908768,-75.92487228,8602
17--4475,4/24/2017,2:48 PM,GREENBANK RD btwn HWY 417 IC129 RAMP57/IRIS ST & HWY417 IC129 RAMP25 (__3ZAZPR),__3ZAZPR,01 - Non intersection,03 - P.D. only,04 - Sideswipe,01 - Clear,01 - Daylight,01 - Dry,10 - No control,,2,0,0,0,,0,,,,,360526.2923,5023328.548,45.3476892,-75.78884859,8603
17--4476,4/24/2017,3:11 PM,CUMBERLAND ST @ RIDEAU ST (0007759),7759,02 - Intersection related,03 - P.D. only,04 - Sideswipe,01 - Clear,01 - Daylight,01 - Dry,01 - Traffic signal,01 - Functioning,2,0,0,0,,0,,,,,368373.5077,5032329.305,45.42800801,-75.68755637,8604
17--4477,4/24/2017,3:30 PM,KIRKWOOD AVE @ MERIVALE RD (0002243),2243,03 - At intersection,03 - P.D. only,02 - Angle,01 - Clear,01 - Daylight,01 - Dry,01 - Traffic signal,01 - Functioning,2,0,0,0,,0,,,,,364853.367,5026648.549,45.37720492,-75.73322994,8605
17--4478,4/24/2017,3:33 PM,HIGHWAY 417 btwn HWY417 IC119B RAMP57 & HWY417 IC119A RAMP75 (__3ZA1QN),__3ZA1QN,01 - Non intersection,03 - P.D. only,03 - Rear end,01 - Clear,01 - Daylight,01 - Dry,10 - No control,,3,0,1,0,,0,,,,,368580.4228,5030510.267,45.41162211,-75.68514782,8606
17--4479,4/24/2017,4:33 PM,HOLLAND AVE/TUNNEY'S PASTURE @ SCOTT ST (0006494),6494,03 - At intersection,02 - Non-fatal injury,05 - Turning movement,01 - Clear,01 - Daylight,01 - Dry,01 - Traffic signal,01 - Functioning,2,0,0,0,02 - Minor,1,,1,,,364737.6491,5029595.935,45.40373483,-75.73434931,8607
17--448,1/10/2017,11:33 PM,HIGHWAY 417 btwn HWY417 IC112 RAMP66 & HWY417 IC112 RAMP56 (__3ZA283),__3ZA283,01 - Non intersection,03 - P.D. only,03 - Rear end,03 - Snow,07 - Dark,04 - Slush,10 - No control,,2,0,0,0,,0,,,,,374438.5196,5030877.297,45.41436605,-75.61026221,8608
17--4480,4/24/2017,4:37 PM,COLONEL BY DR @ HOG'S BACK RD (0002635),2635,02 - Intersection related,03 - P.D. only,04 - Sideswipe,01 - Clear,01 - Daylight,01 - Dry,01 - Traffic signal,01 - Functioning,2,0,0,0,,0,,,,,367610.8563,5025879.46,45.37004307,-75.69812312,8609
17--4481,4/24/2017,4:43 PM,INNES RD @ TAUVETTE ST/GLEN PARK DR W (0003683),3683,02 - Intersection related,03 - P.D. only,03 - Rear end,01 - Clear,01 - Daylight,01 - Dry,02 - Stop sign,00 - Unknown,3,0,0,0,,0,,,,,377346.0649,5032465.464,45.42836,-75.57288484,8610
17--4482,4/24/2017,5:30 PM,ALBION RD @ MITCH OWENS RD (0004212),4212,02 - Intersection related,02 - Non-fatal injury,03 - Rear end,01 - Clear,01 - Daylight,01 - Dry,01 - Traffic signal,01 - Functioning,2,0,0,0,01 - Minimal,1,1,,,,375907.0886,5014805.118,45.26960805,-75.59381143,8611
17--4483,4/24/2017,5:40 PM,EAGLESON RD @ HAZELDEAN RD/ROBERTSON RD (0002715),2715,02 - Intersection related,03 - P.D. only,03 - Rear end,01 - Clear,01 - Daylight,01 - Dry,01 - Traffic signal,01 - Functioning,2,0,0,0,,0,,,,,353675.2971,5018425.129,45.30407825,-75.87675606,8612
17--4484,4/24/2017,6:14 AM,HWY417 IC127 RAMP63 btwn HIGHWAY 417 & WOODROFFE AVE (__3ZAY81),__3ZAY81,01 - Non intersection,03 - P.D. only,07 - SMV other,01 - Clear,01 - Daylight,01 - Dry,10 - No control,,1,0,0,0,,0,,,,,361981.9412,5024810.623,45.36090765,-75.77010239,8613
17--4485,4/24/2017,7:43 PM,ROCKCLIFFE PKWY btwn Continuation of ROCKCLIFFE PKWY & GL/OT BOUNDARY (__3ZA13Y),__3ZA13Y,01 - Non intersection,03 - P.D. only,07 - SMV other,01 - Clear,07 - Dark,01 - Dry,10 - No control,,1,0,0,0,,0,,,,,372977.7761,5035867.476,45.45940899,-75.6282321,8614
17--4486,4/24/2017,8:00 AM,HIGHWAY 417 btwn HWY417 IC122 RAMP15 & HWY417 IC121B RAMP51 (__3ZA2RB),__3ZA2RB,01 - Non intersection,03 - P.D. only,03 - Rear end,01 - Clear,01 - Daylight,01 - Dry,10 - No control,,3,0,0,0,,0,,,,,365806.4832,5029183.877,45.3999349,-75.72074813,8615