Anom_ID,Accident_Date,Accident_Time,Location,Geo_ID,Accident_Location,Classification_of_Accident,Initial_Impact_Type,Environment_Condition,Light,Road_Surface_Condition,Traffic_Control,Traffic_Control_Condition,No__of_Vehicles,No__of_Bicycles,No__of_Motorcycles,No__of_Pedestrians,Max_Injury,No__of_Injuries,No__of_Minimal,No__of_Minor,No__of_Major,No__of_Fatal,X,Y,Latitude,Longitude,ObjectId
17--4487,4/24/2017,8:15 AM,AQUAVIEW DR/LAKERIDGE DR @ BRIAN COBURN BLVD (0013114),13114,03 - At intersection,03 - P.D. only,02 - Angle,01 - Clear,01 - Daylight,01 - Dry,02 - Stop sign,01 - Functioning,2,1,0,0,,0,,,,,384776.739,5035181.942,45.45199023,-75.47749633,8616
17--4488,4/24/2017,8:52 PM,JEANNE D'ARC BLVD @ ORLEANS BLVD N (0003792),3792,03 - At intersection,03 - P.D. only,05 - Turning movement,01 - Clear,07 - Dark,01 - Dry,01 - Traffic signal,01 - Functioning,2,0,0,0,,0,,,,,380028.3959,5038106.142,45.47882717,-75.53774753,8617
17--4489,4/24/2017,8:57 PM,BANK ST @ HUNT CLUB RD (0002119),2119,03 - At intersection,03 - P.D. only,05 - Turning movement,01 - Clear,07 - Dark,01 - Dry,01 - Traffic signal,01 - Functioning,2,0,0,0,,0,,,,,371608.4021,5024096.506,45.353631,-75.64733486,8618
17--449,1/10/2017,11:45 AM,LENESTER AVE @ MAITLAND AVE (0010867),10867,02 - Intersection related,02 - Non-fatal injury,01 - Approaching,01 - Clear,01 - Daylight,02 - Wet,02 - Stop sign,01 - Functioning,3,0,0,0,02 - Minor,3,,3,,,363079.3515,5026145.338,45.37282689,-75.75593826,8619
17--4490,4/24/2017,9:01 AM,CARLING AVE EB btwn IROQUOIS RD & KINGSMERE AVE (__3ZA4WK),__3ZA4WK,01 - Non intersection,03 - P.D. only,03 - Rear end,01 - Clear,01 - Daylight,01 - Dry,10 - No control,,3,0,0,0,,0,,,,,362233.4184,5026018.172,45.37175251,-75.76675231,8620
17--4491,4/25/2017,1:36 PM,GLADSTONE AVE @ KENT ST (0002251),2251,02 - Intersection related,03 - P.D. only,03 - Rear end,01 - Clear,01 - Daylight,01 - Dry,01 - Traffic signal,00 - Unknown,2,0,0,0,,0,,,,,367746.3764,5030457.564,45.41122342,-75.69580918,8621
17--4492,4/25/2017,10:12 AM,PEERLESS ST btwn BAMBURGH WAY & HIBISCUS WAY (__8XI255),__8XI255,04 - At/near private drive,03 - P.D. only,06 - SMV unattended vehicle,01 - Clear,01 - Daylight,01 - Dry,10 - No control,,1,0,0,0,,0,,,,,361355.4441,5015014.148,45.27280969,-75.77921711,8622
17--4493,4/25/2017,11:30 AM,CASTLEFRANK RD btwn MACNEIL CRT & HAZELDEAN RD (__3ZA1XG),__3ZA1XG,01 - Non intersection,03 - P.D. only,04 - Sideswipe,01 - Clear,01 - Daylight,01 - Dry,10 - No control,,2,0,0,0,,0,,,,,352656.139,5017702.856,45.29764924,-75.88982105,8623
17--4494,4/25/2017,Unknown,CHAPEL ST btwn DALY AVE & STEWART ST (__3ZA82O),__3ZA82O,01 - Non intersection,03 - P.D. only,06 - SMV unattended vehicle,01 - Clear,00 - Unknown,01 - Dry,10 - No control,,1,0,0,0,,0,,,,,368997.1401,5032466.284,45.42918354,-75.67956956,8624
17--4495,4/25/2017,Unknown,SKYWAY ST btwn GARDENVALE RD & SHANE ST (__3ZA2KB),__3ZA2KB,01 - Non intersection,03 - P.D. only,06 - SMV unattended vehicle,01 - Clear,00 - Unknown,01 - Dry,10 - No control,,1,0,0,0,,0,,,,,372507.3702,5033044.835,45.43405805,-75.63463477,8625
17--4496,4/25/2017,12:09 PM,HAZELDEAN RD @ TERRY FOX DR (0003682),3682,03 - At intersection,02 - Non-fatal injury,02 - Angle,01 - Clear,01 - Daylight,01 - Dry,01 - Traffic signal,01 - Functioning,2,0,0,0,01 - Minimal,1,1,,,,352208.6143,5017241.782,45.29353072,-75.89557087,8626
17--4497,4/25/2017,12:38 PM,WOODROFFE AVE @ GEORGINA DR/LENESTER AVE (0002351),2351,02 - Intersection related,03 - P.D. only,03 - Rear end,01 - Clear,01 - Daylight,01 - Dry,01 - Traffic signal,01 - Functioning,2,0,0,0,,0,,,,,361908.6833,5025371.857,45.36596356,-75.77097256,8627
17--4498,4/25/2017,12:43 PM,WOODROFFE AVE btwn CARLING AVE & FOX CRES (__3ZA4NI),__3ZA4NI,04 - At/near private drive,02 - Non-fatal injury,02 - Angle,01 - Clear,01 - Daylight,01 - Dry,10 - No control,,2,0,0,0,02 - Minor,1,,1,,,361780.2552,5025699.616,45.36892316,-75.77257409,8628
17--4499,4/25/2017,2:17 PM,RIVERSIDE DR @ HERON RD (0002236),2236,02 - Intersection related,03 - P.D. only,04 - Sideswipe,01 - Clear,01 - Daylight,01 - Dry,01 - Traffic signal,01 - Functioning,2,0,0,0,,0,,,,,368120.7711,5026647.876,45.37691119,-75.69151541,8629
17--45,1/3/2017,10:00 PM,HIGHWAY 417 btwn HWY417 IC88 RAMP51 & HWY417 IC88 RAMP15 (__3ZAZE3),__3ZAZE3,01 - Non intersection,03 - P.D. only,07 - SMV other,04 - Freezing Rain,07 - Dark,06 - Ice,10 - No control,,1,0,0,0,,0,,,,,395081.4338,5022427.157,45.33598306,-75.34810987,8630
17--450,1/10/2017,11:45 PM,INNES RD btwn ANDERSON RD & INNES RD (__3ZA3J2),__3ZA3J2,01 - Non intersection,03 - P.D. only,01 - Approaching,03 - Snow,07 - Dark,03 - Loose snow,10 - No control,,2,0,0,0,,0,,,,,376412.4351,5031913.695,45.42349173,-75.584895,8631
17--4500,4/25/2017,3:24 PM,INDUSTRIAL AVE btwn SANDFORD FLEMING AVE & NEIGHBORHOOD WAY (__3ZA3PC),__3ZA3PC,01 - Non intersection,03 - P.D. only,05 - Turning movement,02 - Rain,01 - Daylight,02 - Wet,10 - No control,,2,0,0,0,,0,,,,,371073.6582,5030527.557,45.41154601,-75.6532956,8632
17--4501,4/25/2017,3:30 PM,HIGHWAY 417 btwn HWY417 IC131 RAMP66 & HWY417 IC130 RAMP26 (__3ZA29A),__3ZA29A,01 - Non intersection,03 - P.D. only,07 - SMV other,02 - Rain,01 - Daylight,02 - Wet,10 - No control,,1,0,0,0,,0,,,,,359005.4503,5023057.046,45.34536541,-75.80828513,8633
17--4502,4/25/2017,3:40 PM,HADLEY CIRC @ MOODIE DR (0000594),594,02 - Intersection related,03 - P.D. only,02 - Angle,02 - Rain,01 - Daylight,02 - Wet,02 - Stop sign,01 - Functioning,2,0,0,0,,0,,,,,357137.6516,5020301.149,45.32070946,-75.83240985,8634
17--4503,4/25/2017,4:15 PM,CYRVILLE RD @ MEADOWBROOK RD (0012477),12477,02 - Intersection related,03 - P.D. only,03 - Rear end,02 - Rain,01 - Daylight,02 - Wet,01 - Traffic signal,01 - Functioning,2,0,0,0,,0,,,,,374630.7362,5031241.218,45.41762126,-75.60775508,8635
17--4504,4/25/2017,4:18 PM,MOODIE DR btwn 325 N OF CORKSTOWN RD/NORTEL S ENTRANCE & CORKSTOWN RD (__3ZA4Z7D),__3ZA4Z7D,01 - Non intersection,03 - P.D. only,03 - Rear end,02 - Rain,01 - Daylight,02 - Wet,10 - No control,,3,0,0,0,,0,,,,,356327.7406,5022860.005,45.34379424,-75.84247355,8636
17--4235,4/15/2017,9:09 PM,KILBORN AVE btwn ASTER ST & VIRGINIA DR (__3ZA9S7),__3ZA9S7,01 - Non intersection,03 - P.D. only,01 - Approaching,02 - Rain,07 - Dark,02 - Wet,10 - No control,,2,0,0,0,,0,,,,,371561.387,5027883.233,45.38770709,-75.64742306,8637
17--5068,5/12/2017,11:12 PM,FLEWELLYN RD btwn NO NAME & BLACK'S SIDE RD (__3ZACRE),__3ZACRE,01 - Non intersection,03 - P.D. only,07 - SMV other,01 - Clear,07 - Dark,01 - Dry,10 - No control,,1,0,0,0,,0,,,,,349917.8654,5009428.754,45.22337707,-75.92548436,8638
17--4961,5/8/2017,2:50 PM,ALBION RD btwn 210 S OF HIGH RD/EARL ARMSTRONG RD/RIDEAU CARLETON RACE (__3ZA3S0B),__3ZA3S0B,01 - Non intersection,03 - P.D. only,07 - SMV other,01 - Clear,01 - Daylight,01 - Dry,10 - No control,,1,0,0,0,,0,,,,,375036.2305,5016797.537,45.28762272,-75.60462634,8639
17--4330,4/19/2017,2:14 PM,HALTON TERR/MAXWELL BRIDGE RD @ MARCH RD (0011852),11852,03 - At intersection,02 - Non-fatal injury,02 - Angle,02 - Rain,01 - Daylight,02 - Wet,01 - Traffic signal,01 - Functioning,2,0,0,0,01 - Minimal,1,1,,,,348930.4171,5024420.763,45.35834269,-75.9367238,8640
17--4962,5/8/2017,3:33 PM,CARP RD @ WESTBROOK RD (0001681),1681,02 - Intersection related,03 - P.D. only,03 - Rear end,01 - Clear,01 - Daylight,01 - Dry,01 - Traffic signal,01 - Functioning,2,0,0,0,,0,,,,,347738.5684,5015443.778,45.27763899,-75.95271391,8641
17--5069,5/12/2017,11:15 PM,HIGHWAY 417 btwn HWY417 IC129 RAMP25 & TRANSIT (__3ZA2SH),__3ZA2SH,01 - Non intersection,03 - P.D. only,04 - Sideswipe,01 - Clear,07 - Dark,01 - Dry,10 - No control,,2,0,0,0,,0,,,,,361407.3509,5024255.929,45.35596318,-75.77749967,8642
17--4331,4/19/2017,2:45 PM,HIGHWAY 417 btwn HWY417 IC121A RAMP51 & HWY417 IC120A RAMP52 (__3ZA2R6),__3ZA2R6,01 - Non intersection,02 - Non-fatal injury,04 - Sideswipe,02 - Rain,01 - Daylight,02 - Wet,10 - No control,,2,0,0,0,01 - Minimal,2,2,,,,367694.7512,5029938.893,45.40656122,-75.69653484,8643
17--4963,5/8/2017,3:39 PM,CASTLEFRANK RD @ TERRY FOX DR (0011757),11757,02 - Intersection related,03 - P.D. only,03 - Rear end,01 - Clear,01 - Daylight,01 - Dry,01 - Traffic signal,01 - Functioning,2,0,0,0,,0,,,,,352994.3435,5016304.139,45.28504012,-75.885645,8644
17--507,1/11/2017,4:27 PM,OGILVIE RD @ ELMRIDGE DR/JASMINE CRES N (0008801),8801,03 - At intersection,02 - Non-fatal injury,02 - Angle,02 - Rain,01 - Daylight,02 - Wet,01 - Traffic signal,01 - Functioning,2,0,0,0,01 - Minimal,5,5,,,,375420.7301,5034059.221,45.44289675,-75.59725825,8645
17--4332,4/19/2017,3:06 PM,LYON ST @ WELLINGTON ST (0002388),2388,02 - Intersection related,03 - P.D. only,04 - Sideswipe,02 - Rain,01 - Daylight,02 - Wet,01 - Traffic signal,01 - Functioning,2,0,0,0,,0,,,,,366934.2677,5031427.504,45.42002322,-75.70606122,8646
17--4964,5/8/2017,3:48 PM,AVIATION PKWY @ MONTREAL RD (0008799),8799,02 - Intersection related,03 - P.D. only,04 - Sideswipe,01 - Clear,01 - Daylight,01 - Dry,01 - Traffic signal,00 - Unknown,2,0,0,0,,0,,,,,372146.3822,5034109.921,45.44367604,-75.63910229,8647
17--4965,5/8/2017,4:20 PM,DEERFOX DR btwn APPLEDALE DR & BEATRICE DR (__3ZAZ2H),__3ZAZ2H,04 - At/near private drive,03 - P.D. only,99 - Other,01 - Clear,01 - Daylight,01 - Dry,10 - No control,,2,0,0,0,,0,,,,,365354.6217,5015636.047,45.27807251,-75.72817738,8648
17--4966,5/8/2017,4:20 PM,OTTAWA RIVER PKWY @ ISLAND PARK DR (0002127),2127,03 - At intersection,03 - P.D. only,03 - Rear end,01 - Clear,01 - Daylight,01 - Dry,01 - Traffic signal,01 - Functioning,4,0,0,0,,0,,,,,363298.6953,5029453.563,45.40257552,-75.75274598,8649
17--4967,5/8/2017,4:27 PM,RIOCAN AVE @ STRANDHERD DR (0010997),10997,02 - Intersection related,03 - P.D. only,03 - Rear end,03 - Snow,01 - Daylight,02 - Wet,01 - Traffic signal,01 - Functioning,2,0,0,0,,0,,,,,364172.5433,5014944.573,45.27195144,-75.74332538,8650
17--4968,5/8/2017,4:35 PM,RIVER RD btwn JARVIS DR & LEWER ST (__3ZA38P),__3ZA38P,01 - Non intersection,03 - P.D. only,01 - Approaching,01 - Clear,01 - Daylight,01 - Dry,10 - No control,,2,0,0,0,,0,,,,,368245.3678,5020288.198,45.31967697,-75.69074058,8651
17--4969,5/8/2017,4:49 PM,COLONEL BY DR @ HAWTHORNE AVE/PRETORIA BRIDGE (0002122),2122,02 - Intersection related,02 - Non-fatal injury,03 - Rear end,01 - Clear,01 - Daylight,01 - Dry,01 - Traffic signal,00 - Unknown,2,0,0,0,01 - Minimal,1,1,,,,368768.0447,5030526.236,45.41174867,-75.68274895,8652
17--497,1/11/2017,Unknown,PLEASANT PARK RD btwn HOLT CRES & CAMROSE ST (__3ZA75V),__3ZA75V,01 - Non intersection,03 - P.D. only,06 - SMV unattended vehicle,01 - Clear,00 - Unknown,06 - Ice,10 - No control,,1,0,0,0,,0,,,,,372599.2298,5028608.38,45.39413196,-75.63407115,8653
17--4970,5/8/2017,4:50 PM,MERIVALE RD @ WOODFIELD DR/ROYDON PL (0009776),9776,02 - Intersection related,03 - P.D. only,04 - Sideswipe,01 - Clear,01 - Daylight,01 - Dry,01 - Traffic signal,01 - Functioning,2,0,0,0,,0,,,,,365462.5733,5022300.094,45.33802574,-75.72598587,8654
17--4971,5/8/2017,4:50 PM,MEADOWLANDS DR/TALLWOOD DR @ WOODROFFE AVE (0000095),95,02 - Intersection related,03 - P.D. only,03 - Rear end,01 - Clear,01 - Daylight,01 - Dry,01 - Traffic signal,01 - Functioning,2,0,0,0,,0,,,,,363056.6484,5022730.64,45.34210366,-75.75663052,8655
17--4972,5/8/2017,5:05 AM,DWYER HILL RD @ FERNBANK RD (0000091),91,02 - Intersection related,02 - Non-fatal injury,07 - SMV other,02 - Rain,07 - Dark,02 - Wet,02 - Stop sign,01 - Functioning,1,0,0,0,03 - Major,1,,,1,,342917.4979,5005064.071,45.18451473,-76.01495505,8656
17--4973,5/8/2017,5:05 PM,MAIN ST btwn TORONTO ST & RIDEAU RIVER DR (__3ZA1Y1),__3ZA1Y1,01 - Non intersection,03 - P.D. only,04 - Sideswipe,01 - Clear,01 - Daylight,01 - Dry,10 - No control,,2,0,0,0,,0,,,,,369525.4269,5029309.456,45.40073087,-75.67323343,8657
17--4974,5/8/2017,7:04 AM,EAST SHORE RD @ REGIONAL RD 174 (0012880),12880,02 - Intersection related,03 - P.D. only,04 - Sideswipe,03 - Snow,01 - Daylight,02 - Wet,02 - Stop sign,00 - Unknown,2,0,0,0,,0,,,,,391770.7821,5042804.894,45.51973672,-75.38674346,8658
17--4975,5/8/2017,8:08 AM,MARCH RD btwn PETER ROBINSON RD & CORKERY RD (__3ZA2RJ),__3ZA2RJ,01 - Non intersection,03 - P.D. only,07 - SMV other,01 - Clear,01 - Daylight,01 - Dry,10 - No control,,1,0,0,0,,0,,,,,335893.2296,5016086.937,45.28405016,-76.10364753,8659
17--4976,5/8/2017,8:10 AM,HIGHWAY 417 btwn HWY417 IC115 RAMP61 & REGIONAL ROAD 174 (__3ZA2XG),__3ZA2XG,01 - Non intersection,02 - Non-fatal injury,03 - Rear end,01 - Clear,01 - Daylight,01 - Dry,10 - No control,,2,0,0,0,02 - Minor,1,,1,,,373118.2114,5031667.736,45.42160819,-75.62701957,8660
17--4977,5/8/2017,9:00 AM,SMYTH RD btwn ROGER GUINDON AVE & BOTSFORD ST (__3ZA3BW),__3ZA3BW,04 - At/near private drive,02 - Non-fatal injury,02 - Angle,01 - Clear,01 - Daylight,01 - Dry,10 - No control,,2,1,0,0,02 - Minor,1,,1,,,372065.8594,5029241.813,45.39988277,-75.64079619,8661
17--4978,5/8/2017,9:53 AM,CAMERON ST @ REGIONAL RD 174 (0012883),12883,02 - Intersection related,02 - Non-fatal injury,03 - Rear end,01 - Clear,01 - Daylight,01 - Dry,01 - Traffic signal,01 - Functioning,2,0,0,0,02 - Minor,1,,1,,,389860.2641,5042615.526,45.51826872,-75.41122713,8662
17--4979,5/9/2017,Unknown,AMIENS ST btwn PRESTONE DR & PRESTWICK DR (__3ZA6BA),__3ZA6BA,01 - Non intersection,03 - P.D. only,06 - SMV unattended vehicle,01 - Clear,00 - Unknown,01 - Dry,10 - No control,,1,0,0,0,,0,,,,,382974.8711,5037502.636,45.47307368,-75.50016063,8663
17--498,1/11/2017,12:06 AM,ONSLOW CRES btwn BELGRAVE RD & ELLIOT AVE (__3ZAZD3),__3ZAZD3,01 - Non intersection,03 - P.D. only,03 - Rear end,03 - Snow,07 - Dark,04 - Slush,10 - No control,,2,0,0,0,,0,,,,,369703.1664,5029702.659,45.40425232,-75.67091158,8664
17--4980,5/9/2017,12:47 PM,WELLINGTON ST @ HAMILTON AVE (0006106),6106,02 - Intersection related,03 - P.D. only,99 - Other,01 - Clear,01 - Daylight,01 - Dry,02 - Stop sign,01 - Functioning,2,0,0,0,,0,,,,,365078.8942,5029229.469,45.40040815,-75.73003539,8665
17--4981,5/9/2017,2:30 PM,KEHOE ST @ SALINA ST (0002048),2048,03 - At intersection,03 - P.D. only,02 - Angle,01 - Clear,01 - Daylight,01 - Dry,10 - No control,00 - Unknown,2,0,0,0,,0,,,,,359625.3349,5025372.188,45.36614886,-75.80011863,8666
17--4982,5/9/2017,2:30 PM,QUEENSDALE AVE btwn MAVIS ST & BANNON WAY (__3ZA8O0),__3ZA8O0,04 - At/near private drive,03 - P.D. only,02 - Angle,01 - Clear,01 - Daylight,01 - Dry,10 - No control,,2,0,0,0,,0,,,,,373038.3554,5023270.153,45.34605809,-75.62920071,8667
17--4983,5/9/2017,2:38 PM,BRIDGE ST/MAPLE AVE @ MANOTICK MAIN ST (0008225),8225,02 - Intersection related,03 - P.D. only,02 - Angle,01 - Clear,01 - Daylight,01 - Dry,01 - Traffic signal,01 - Functioning,2,0,0,0,,0,,,,,368698.9944,5009933.532,45.22646575,-75.68628766,8668
17--4984,5/9/2017,2:42 PM,SOMERSET ST    W btwn BAYSWATER AVE & BREEZEHILL AVE N (__3ZA31E),__3ZA31E,04 - At/near private drive,03 - P.D. only,02 - Angle,01 - Clear,01 - Daylight,01 - Dry,10 - No control,,2,0,0,0,,0,,,,,365872.7951,5029936.651,45.40670239,-75.71980796,8669
17--4985,5/9/2017,3:03 PM,FAIRLEA CRES btwn HEATHERINGTON RD & CORLEY PRIV (__3ZA0T4),__3ZA0T4,01 - Non intersection,03 - P.D. only,06 - SMV unattended vehicle,01 - Clear,01 - Daylight,01 - Dry,10 - No control,,1,0,0,0,,0,,,,,371940.7163,5026515.908,45.37536817,-75.64276532,8670
17--4986,5/9/2017,3:40 PM,HIGHWAY 417 btwn HWY417 IC115 RAMP25 & REGIONAL ROAD 174 (__3ZA2RY),__3ZA2RY,01 - Non intersection,03 - P.D. only,04 - Sideswipe,01 - Clear,01 - Daylight,01 - Dry,10 - No control,,2,0,0,0,,0,,,,,373042.1118,5031595.907,45.42096933,-75.62800182,8671
17--4987,5/9/2017,4:08 PM,CARLING AVE @ EDGEWORTH AVE (0002718),2718,03 - At intersection,02 - Non-fatal injury,07 - SMV other,01 - Clear,01 - Daylight,01 - Dry,01 - Traffic signal,01 - Functioning,1,0,0,1,02 - Minor,1,,1,,,361263.6835,5025424.524,45.36648971,-75.7791997,8672
17--4988,5/9/2017,4:48 PM,ALBION RD btwn KILLYMOON WAY & MITCH OWENS RD (__3ZA3TS),__3ZA3TS,04 - At/near private drive,02 - Non-fatal injury,03 - Rear end,01 - Clear,01 - Daylight,01 - Dry,10 - No control,,3,0,0,0,01 - Minimal,2,2,,,,375853.9504,5014924.92,45.27069136,-75.59447139,8673
17--4989,5/9/2017,5:00 PM,CEDAROCK DR @ STONEHAVEN DR (0003166),3166,02 - Intersection related,03 - P.D. only,04 - Sideswipe,01 - Clear,01 - Daylight,01 - Dry,02 - Stop sign,01 - Functioning,2,0,0,0,,0,,,,,354726.7886,5016855.086,45.28987674,-75.86350664,8674
17--499,1/11/2017,12:10 AM,BANKFIELD RD btwn HWY416 IC57 RAMP62 & KILREEN LANE (__3ZAZXF),__3ZAZXF,01 - Non intersection,03 - P.D. only,07 - SMV other,04 - Freezing Rain,07 - Dark,05 - Packed snow,10 - No control,,1,0,0,0,,0,,,,,365539.2952,5008500.413,45.21385003,-75.72669545,8675
17--4990,5/9/2017,5:35 PM,HIGHWAY 417 btwn HWY417 IC126 RAMP61 & HWY417 IC124 RAMP76 (__3ZA2Y2),__3ZA2Y2,01 - Non intersection,03 - P.D. only,03 - Rear end,01 - Clear,01 - Daylight,01 - Dry,10 - No control,,2,0,0,0,,0,,,,,363401.4458,5026185.805,45.37316415,-75.75182158,8676
17--4236,4/15/2017,9:44 AM,WALKLEY RD @ SPRINGLAND DR/OTTERSON DR (0006968),6968,02 - Intersection related,03 - P.D. only,05 - Turning movement,01 - Clear,01 - Daylight,01 - Dry,01 - Traffic signal,00 - Unknown,2,0,0,0,,0,,,,,368721.9383,5024983.458,45.36188063,-75.6840558,8677
17--4991,5/9/2017,5:51 AM,BANK ST @ HUNT CLUB RD (0002119),2119,03 - At intersection,02 - Non-fatal injury,02 - Angle,01 - Clear,01 - Daylight,01 - Dry,01 - Traffic signal,01 - Functioning,2,0,0,0,02 - Minor,1,,1,,,371607.7332,5024096.506,45.35363106,-75.64734339,8678
17--4992,5/9/2017,6:03 PM,CHAMPLAIN BRIDGE/ISLAND PARK DR btwn BATE ISLAND & OTTAWA RIVER PKWY (__3ZA2ZEB),__3ZA2ZEB,07 - Overpass or bridge,03 - P.D. only,04 - Sideswipe,03 - Snow,01 - Daylight,01 - Dry,10 - No control,,2,0,0,0,,0,,,,,363073.0093,5029910.466,45.40670547,-75.75557462,8679
17--4993,5/9/2017,6:23 PM,WOODROFFE AVE @ CRESTHAVEN DR/PAUL METIVIER (0010547),10547,03 - At intersection,02 - Non-fatal injury,02 - Angle,01 - Clear,01 - Daylight,01 - Dry,01 - Traffic signal,01 - Functioning,2,0,0,0,01 - Minimal,1,1,,,,366326.7922,5014853.976,45.27095107,-75.71588427,8680
17--4994,5/9/2017,6:47 PM,GLADSTONE AVE @ LYON ST (0002705),2705,03 - At intersection,02 - Non-fatal injury,02 - Angle,01 - Clear,01 - Daylight,01 - Dry,01 - Traffic signal,01 - Functioning,2,0,0,0,02 - Minor,1,,1,,,367585.3857,5030362.24,45.41038018,-75.6978779,8681
17--4995,5/9/2017,7:20 PM,HIGHWAY 417 btwn HWY417 IC117 RAMP36 & HWY417 IC117 RAMP26 (__3ZAZE0),__3ZAZE0,01 - Non intersection,03 - P.D. only,04 - Sideswipe,01 - Clear,01 - Daylight,01 - Dry,10 - No control,,2,0,0,0,,0,,,,,370695.7054,5031181.995,45.41747007,-75.65803626,8682
17--4996,5/9/2017,7:37 AM,HIGHWAY 417 btwn HWY417 IC169 RAMP25 & HWY417 IC163 RAMP51 (__5SPOUW),__5SPOUW,01 - Non intersection,03 - P.D. only,07 - SMV other,01 - Clear,01 - Daylight,01 - Dry,10 - No control,,1,0,0,0,,0,,,,,328519.0242,5022741.555,45.34421994,-76.19732809,8683
17--4997,5/9/2017,8:13 PM,COVENTRY RD @ VANIER PKWY (0002139),2139,02 - Intersection related,03 - P.D. only,03 - Rear end,01 - Clear,01 - Daylight,01 - Dry,01 - Traffic signal,00 - Unknown,2,0,0,0,,0,,,,,370677.3882,5031611.034,45.42133211,-75.65821291,8684
17--4998,5/9/2017,8:46 AM,ROBERTSON RD btwn MOODIE DR & VANIER RD (__3ZBOCN),__3ZBOCN,01 - Non intersection,02 - Non-fatal injury,03 - Rear end,01 - Clear,01 - Daylight,01 - Dry,10 - No control,,2,0,0,0,02 - Minor,1,,1,,,357088.3912,5020468.187,45.32221616,-75.83302051,8685
17--4999,5/9/2017,8:47 PM,LEMIEUX ST @ ST. LAURENT BLVD (0002021),2021,02 - Intersection related,03 - P.D. only,04 - Sideswipe,01 - Clear,07 - Dark,01 - Dry,01 - Traffic signal,00 - Unknown,2,0,0,0,,0,,,,,372390.7214,5031743.233,45.42235814,-75.63630412,8686
17--50,1/3/2017,10:50 AM,HIGHWAY 417 btwn HWY417 IC117 RAMP61 & HWY417 IC115 RAMP36 (__3ZA2RZ),__3ZA2RZ,01 - Non intersection,03 - P.D. only,07 - SMV other,03 - Snow,01 - Daylight,04 - Slush,10 - No control,,1,0,0,0,,0,,,,,371585.1662,5031428.191,45.4196009,-75.64663931,8687
17--500,1/11/2017,12:20 AM,ST. LAURENT BLVD @ COVENTRY RD/OGILVIE RD (0002151),2151,02 - Intersection related,03 - P.D. only,07 - SMV other,02 - Rain,07 - Dark,03 - Loose snow,01 - Traffic signal,01 - Functioning,1,0,0,0,,0,,,,,372304.8316,5031952.693,45.42425106,-75.63737282,8688
17--5000,5/9/2017,9:01 PM,HERON RD btwn WILDWOOD AVE & BANK ST (__3ZA2FC),__3ZA2FC,01 - Non intersection,03 - P.D. only,04 - Sideswipe,01 - Clear,05 - Dusk,01 - Dry,10 - No control,,2,0,0,0,,0,,,,,369969.2986,5026849.536,45.37855617,-75.66788912,8689
17--5001,5/9/2017,9:20 AM,CENTRAL PARK DR N @ MERIVALE RD (0011433),11433,03 - At intersection,02 - Non-fatal injury,07 - SMV other,01 - Clear,01 - Daylight,01 - Dry,01 - Traffic signal,01 - Functioning,1,0,0,1,02 - Minor,1,,1,,,364953.2384,5025873.588,45.37022339,-75.73204927,8690
17--5002,5/9/2017,9:30 AM,MARCH RD @ SOLANDT RD (0003172),3172,02 - Intersection related,03 - P.D. only,03 - Rear end,01 - Clear,01 - Daylight,01 - Dry,01 - Traffic signal,00 - Unknown,2,0,0,0,,0,,,,,350489.2741,5022711.171,45.34285958,-75.91698569,8691
17--5003,5/10/2017,10:47 PM,ALBERT ST btwn KENT ST & BANK ST (__3ZA3CA),__3ZA3CA,01 - Non intersection,03 - P.D. only,04 - Sideswipe,01 - Clear,07 - Dark,01 - Dry,10 - No control,,2,0,0,0,,0,,,,,367359.0598,5031407.221,45.41980287,-75.70063642,8692
17--5004,5/10/2017,10:50 AM,GREENBANK RD btwn BATEMAN DR/BELLMAN DR & GREENBANK SQUARE SC (__3ZA4YOA),__3ZA4YOA,01 - Non intersection,03 - P.D. only,99 - Other,01 - Clear,01 - Daylight,01 - Dry,10 - No control,,2,0,0,0,,0,,,,,361290.4548,5020943.91,45.32617115,-75.77936972,8693
17--5005,5/10/2017,11:30 PM,BASELINE RD @ FARLANE BLVD (0002725),2725,02 - Intersection related,02 - Non-fatal injury,02 - Angle,01 - Clear,07 - Dark,01 - Dry,01 - Traffic signal,01 - Functioning,2,1,0,0,01 - Minimal,1,1,,,,365357.6954,5025518.202,45.36699085,-75.72692977,8694
17--5006,5/10/2017,11:45 AM,ST. JOSEPH BLVD btwn DUSSERE ST & ST. JEAN ST (__3ZA2AN),__3ZA2AN,04 - At/near private drive,02 - Non-fatal injury,05 - Turning movement,01 - Clear,01 - Daylight,01 - Dry,10 - No control,,2,0,1,0,03 - Major,1,,,1,,380913.6825,5037164.839,45.47026216,-75.52657122,8695
17--5007,5/10/2017,Unknown,GEORGE ST btwn DALHOUSIE ST & CUMBERLAND ST (__3ZA81O),__3ZA81O,01 - Non intersection,03 - P.D. only,06 - SMV unattended vehicle,01 - Clear,07 - Dark,01 - Dry,10 - No control,,1,0,0,0,,0,,,,,368188.8013,5032336.325,45.42808794,-75.6899157,8696
17--5008,5/10/2017,Unknown,ELMGROVE AVE btwn WINONA AVE & END (__3ZA0YO),__3ZA0YO,01 - Non intersection,03 - P.D. only,06 - SMV unattended vehicle,01 - Clear,00 - Unknown,01 - Dry,10 - No control,,1,0,0,0,,0,,,,,363265.4527,5028501.291,45.39400991,-75.75328345,8697