Anom_ID,Accident_Date,Accident_Time,Location,Geo_ID,Accident_Location,Classification_of_Accident,Initial_Impact_Type,Environment_Condition,Light,Road_Surface_Condition,Traffic_Control,Traffic_Control_Condition,No__of_Vehicles,No__of_Bicycles,No__of_Motorcycles,No__of_Pedestrians,Max_Injury,No__of_Injuries,No__of_Minimal,No__of_Minor,No__of_Major,No__of_Fatal,X,Y,Latitude,Longitude,ObjectId
17--5009,5/10/2017,Unknown,ESTERBROOK DR btwn ROLLING MEADOW CRES & DOVEHAVEN ST (__67PTLH),__67PTLH,01 - Non intersection,03 - P.D. only,06 - SMV unattended vehicle,01 - Clear,00 - Unknown,01 - Dry,10 - No control,,1,0,0,0,,0,,,,,381743.2615,5032414.368,45.42743037,-75.51670616,8698
17--501,1/11/2017,12:30 PM,DESCHAMPS AVE @ DUROCHER ST (0009997),9997,02 - Intersection related,03 - P.D. only,02 - Angle,01 - Clear,01 - Daylight,04 - Slush,02 - Stop sign,01 - Functioning,2,0,0,0,,0,,,,,370018.0861,5033304.324,45.43662942,-75.66641238,8699
17--5010,5/10/2017,12:00 PM,GOLDENEYE WAY @ NORTH BLUFF DR (0013174),13174,03 - At intersection,03 - P.D. only,02 - Angle,01 - Clear,01 - Daylight,01 - Dry,02 - Stop sign,01 - Functioning,2,0,0,0,,0,,,,,369485.1837,5016303.868,45.28371357,-75.67544794,8700
17--5011,5/10/2017,12:04 PM,WOODROFFE AVE @ KNOXDALE RD/MEDHURST DR (0000519),519,03 - At intersection,03 - P.D. only,05 - Turning movement,01 - Clear,01 - Daylight,01 - Dry,01 - Traffic signal,01 - Functioning,2,0,0,0,,0,,,,,363417.7837,5021826.255,45.33393599,-75.75212988,8701
17--5012,5/10/2017,2:03 PM,VIRGINIA DR btwn KILBORN AVE & MCMASTER AVE (__3ZA88K),__3ZA88K,04 - At/near private drive,03 - P.D. only,06 - SMV unattended vehicle,01 - Clear,01 - Daylight,01 - Dry,10 - No control,,1,0,0,0,,0,,,,,371769.4278,5027864.536,45.387519,-75.6447691,8702
17--5013,5/10/2017,2:34 PM,PARKDALE AVE @ TYNDALL ST (0006515),6515,03 - At intersection,03 - P.D. only,02 - Angle,01 - Clear,01 - Daylight,01 - Dry,02 - Stop sign,01 - Functioning,2,0,0,0,,0,,,,,365264.7039,5029012.892,45.39844341,-75.72768874,8703
17--5014,5/10/2017,3:30 PM,CARMEN AVE btwn MCARTHUR AVE & STEVENS AVE (__3ZA7AO),__3ZA7AO,01 - Non intersection,03 - P.D. only,06 - SMV unattended vehicle,01 - Clear,01 - Daylight,01 - Dry,10 - No control,,1,0,0,0,,0,,,,,370921.4248,5032684.056,45.43096368,-75.65495088,8704
17--5015,5/10/2017,3:34 PM,INNES RD @ BEARBROOK RD/GLEN PARK DR E (0003630),3630,02 - Intersection related,03 - P.D. only,03 - Rear end,01 - Clear,01 - Daylight,01 - Dry,01 - Traffic signal,01 - Functioning,2,0,0,0,,0,,,,,377995.7369,5032843.24,45.4316913,-75.5645272,8705
17--5016,5/10/2017,3:45 PM,BANTREE ST @ INNES RD (0007684),7684,03 - At intersection,03 - P.D. only,05 - Turning movement,01 - Clear,01 - Daylight,01 - Dry,01 - Traffic signal,01 - Functioning,2,0,0,0,,0,,,,,373706.7265,5030407.893,45.41021503,-75.61967648,8706
17--5017,5/10/2017,3:58 PM,BRADFORD ST @ SALINA ST (0002582),2582,03 - At intersection,03 - P.D. only,02 - Angle,01 - Clear,01 - Daylight,01 - Dry,02 - Stop sign,01 - Functioning,2,0,0,0,,0,,,,,359751.6759,5025427.846,45.36663977,-75.79849974,8707
17--5018,5/10/2017,4:00 PM,PRINCE OF WALES DR btwn FISHER AVE & NE/OT BOUNDARY (__3ZA2TZ),__3ZA2TZ,01 - Non intersection,03 - P.D. only,03 - Rear end,01 - Clear,01 - Daylight,01 - Dry,10 - No control,,2,0,0,0,,0,,,,,367165.8688,5024034.48,45.35348208,-75.70403634,8708
17--5019,5/10/2017,4:00 PM,BANK ST btwn BELANGER AVE & ROCKINGHAM AVE (__3ZBOEG),__3ZBOEG,04 - At/near private drive,03 - P.D. only,03 - Rear end,01 - Clear,01 - Daylight,01 - Dry,10 - No control,,2,0,0,0,,0,,,,,369666.0945,5027404.136,45.38357442,-75.67168729,8709
17--502,1/11/2017,2:30 PM,IBER RD btwn HARRY DOUGLAS DR & ABBOTT ST E (__3ZAZR8),__3ZAZR8,04 - At/near private drive,02 - Non-fatal injury,03 - Rear end,01 - Clear,01 - Daylight,04 - Slush,10 - No control,,2,0,0,0,01 - Minimal,1,1,,,,351755.5623,5015135.415,45.27460745,-75.90154599,8710
17--5020,5/10/2017,4:40 PM,HAZELDEAN RD @ SPRINGBROOK DR (0005279),5279,03 - At intersection,03 - P.D. only,05 - Turning movement,01 - Clear,01 - Daylight,01 - Dry,01 - Traffic signal,01 - Functioning,2,0,0,0,,0,,,,,349870.9231,5015111.776,45.27451807,-75.92556684,8711
17--5021,5/10/2017,4:40 PM,MEADOWLANDS DR/TALLWOOD DR @ WOODROFFE AVE (0000095),95,02 - Intersection related,03 - P.D. only,03 - Rear end,01 - Clear,01 - Daylight,01 - Dry,01 - Traffic signal,01 - Functioning,2,0,0,0,,0,,,,,363056.7626,5022730.367,45.3421012,-75.7566291,8712
17--5022,5/10/2017,4:54 PM,DES EPINETTES AVE @ JEANNE D'ARC BLVD (0004221),4221,02 - Intersection related,03 - P.D. only,03 - Rear end,01 - Clear,01 - Daylight,01 - Dry,01 - Traffic signal,01 - Functioning,2,0,0,0,,0,,,,,382227.114,5035959.41,45.45927236,-75.50996593,8713
17--5023,5/10/2017,4:59 PM,ST. PATRICK ST EB btwn COBOURG ST & VANIER PKWY/CRICHTON ST (__54XYWT),__54XYWT,01 - Non intersection,02 - Non-fatal injury,03 - Rear end,01 - Clear,01 - Daylight,01 - Dry,10 - No control,,2,0,0,0,01 - Minimal,1,1,,,,368870.5385,5033239.144,45.43614905,-75.68108677,8714
17--5024,5/10/2017,5:00 AM,VANCES SIDE RD btwn DUNROBIN RD & GREENLAND RD (__3ZBOB7),__3ZBOB7,01 - Non intersection,03 - P.D. only,07 - SMV other,01 - Clear,07 - Dark,01 - Dry,10 - No control,,1,0,0,0,,0,,,,,340720.2211,5034126.766,45.44614894,-76.04080717,8715
17--5025,5/10/2017,5:17 PM,HAZELDEAN RD @ TERRY FOX DR (0003682),3682,02 - Intersection related,03 - P.D. only,03 - Rear end,01 - Clear,01 - Daylight,01 - Dry,01 - Traffic signal,01 - Functioning,2,0,0,0,,0,,,,,352207.9455,5017242.451,45.29353678,-75.89557933,8716
17--5026,5/10/2017,5:18 PM,HART RD @ ST. JOSEPH BLVD (0004134),4134,02 - Intersection related,03 - P.D. only,07 - SMV other,01 - Clear,01 - Daylight,01 - Dry,02 - Stop sign,00 - Unknown,1,0,0,0,,0,,,,,377602.0687,5035610.919,45.45663412,-75.5691483,8717
17--5027,5/10/2017,6:38 PM,LABELLE ST/RAMP @ LEMIEUX ST/HWY417 IC115 RAMP (0012538),12538,03 - At intersection,02 - Non-fatal injury,05 - Turning movement,01 - Clear,01 - Daylight,01 - Dry,02 - Stop sign,01 - Functioning,2,0,0,0,01 - Minimal,2,2,,,,372543.3926,5031688.569,45.42185153,-75.63436098,8718
17--5028,5/10/2017,7:27 PM,PRINCE OF WALES DR btwn MAPLEHILL WAY & LODGE RD (__3ZA29Y),__3ZA29Y,04 - At/near private drive,03 - P.D. only,02 - Angle,01 - Clear,01 - Daylight,01 - Dry,10 - No control,,2,0,0,0,,0,,,,,366888.8632,5013076.964,45.2549122,-75.70894385,8719
17--5029,5/10/2017,7:30 AM,HIGHWAY 417 btwn HWY417 IC124 RAMP65 & HWY417 IC122 RAMP51 (__3ZA2R8),__3ZA2R8,01 - Non intersection,03 - P.D. only,03 - Rear end,01 - Clear,01 - Daylight,01 - Dry,10 - No control,,3,0,0,0,,0,,,,,364727.589,5027932.392,45.38876747,-75.7346799,8720
17--503,1/11/2017,3:32 PM,BASELINE RD @ FARLANE BLVD (0002725),2725,03 - At intersection,03 - P.D. only,05 - Turning movement,01 - Clear,01 - Daylight,02 - Wet,01 - Traffic signal,01 - Functioning,2,0,0,0,,0,,,,,365356.6921,5025519.41,45.36700181,-75.72694243,8721
17--5030,5/10/2017,7:46 AM,DAVIDSON RD @ HAWTHORNE RD (0009547),9547,02 - Intersection related,03 - P.D. only,07 - SMV other,01 - Clear,01 - Daylight,01 - Dry,02 - Stop sign,00 - Unknown,1,0,0,0,,0,,,,,376284.2028,5024509.227,45.35688341,-75.58760603,8722
17--5031,5/10/2017,8:11 AM,FISHER AVE btwn MEADOWLANDS DR & URBISCI PRIV (__3ZA1YH),__3ZA1YH,01 - Non intersection,03 - P.D. only,04 - Sideswipe,01 - Clear,01 - Daylight,01 - Dry,10 - No control,,2,0,0,0,,0,,,,,366604.8308,5024980.563,45.36204443,-75.71107778,8723
17--5032,5/10/2017,8:16 AM,SIXTH LINE RD btwn BERRY SIDE RD & RIDDELL DR (__3ZBPHD),__3ZBPHD,01 - Non intersection,03 - P.D. only,07 - SMV other,01 - Clear,01 - Daylight,01 - Dry,10 - No control,,1,0,0,0,,0,,,,,349033.1265,5030348.017,45.41167071,-75.93488172,8724
17--5033,5/10/2017,8:30 PM,ROCKDALE RD btwn GOLF COURSE RD & RUSSELL RD (__3ZA6HV),__3ZA6HV,01 - Non intersection,03 - P.D. only,07 - SMV other,01 - Clear,05 - Dusk,01 - Dry,10 - No control,,1,0,0,0,,0,,,,,393716.7174,5027084.18,45.37805606,-75.36468101,8725
17--5034,5/10/2017,8:45 PM,BANK ST @ HOLMWOOD AVE (0007225),7225,03 - At intersection,03 - P.D. only,05 - Turning movement,01 - Clear,07 - Dark,01 - Dry,01 - Traffic signal,01 - Functioning,2,0,0,0,,0,,,,,368482.7113,5029197.559,45.39981968,-75.68656559,8726
17--5035,5/10/2017,9:02 AM,BASELINE RD/HERON RD @ PRINCE OF WALES DR (0002345),2345,02 - Intersection related,03 - P.D. only,03 - Rear end,01 - Clear,01 - Daylight,01 - Dry,01 - Traffic signal,01 - Functioning,2,0,0,0,,0,,,,,366873.8981,5026437.854,45.37513304,-75.70746043,8727
17--5036,5/10/2017,9:35 PM,HIGHWAY 417 btwn HWY417 IC112 RAMP66 & HWY417 IC113 RAMP65 (__3ZA284),__3ZA284,01 - Non intersection,03 - P.D. only,04 - Sideswipe,01 - Clear,07 - Dark,01 - Dry,10 - No control,,2,0,0,0,,0,,,,,374195.8324,5031318.732,45.41836196,-75.61330037,8728
17--5037,5/11/2017,1:34 PM,ST. LAURENT BLVD btwn TRANSIT & HWY417 IC115 RAMP35 (__3ZA1LL),__3ZA1LL,01 - Non intersection,02 - Non-fatal injury,04 - Sideswipe,01 - Clear,01 - Daylight,01 - Dry,10 - No control,,2,1,0,0,02 - Minor,1,,1,,,372457.6458,5031591.529,45.42098671,-75.63546987,8729
17--5038,5/11/2017,1:34 PM,BANK ST btwn 73 N OF EVANS BLVD & EVANS AVE (__3ZA3BJB),__3ZA3BJB,04 - At/near private drive,02 - Non-fatal injury,02 - Angle,01 - Clear,01 - Daylight,01 - Dry,10 - No control,,2,0,1,0,01 - Minimal,1,1,,,,369900.7307,5027091.323,45.38073807,-75.66873265,8730
17--5039,5/11/2017,1:35 AM,RAVEN AVE @ KIRKWOOD AVE (0006712),6712,02 - Intersection related,03 - P.D. only,07 - SMV other,01 - Clear,07 - Dark,01 - Dry,02 - Stop sign,01 - Functioning,1,0,0,0,,0,,,,,364689.8747,5026774.381,45.37835112,-75.73530199,8731
17--504,1/11/2017,3:38 PM,BANKFIELD RD @ PRINCE OF WALES DR (0003618),3618,03 - At intersection,03 - P.D. only,03 - Rear end,01 - Clear,01 - Daylight,01 - Dry,01 - Traffic signal,01 - Functioning,2,0,0,0,,0,,,,,366378.5874,5008973.544,45.21803444,-75.71595246,8732
17--5040,5/11/2017,10:36 PM,ROBERTSON RD btwn HAZELDEAN RD & HAANEL DR (__3ZA41S),__3ZA41S,01 - Non intersection,03 - P.D. only,07 - SMV other,01 - Clear,07 - Dark,01 - Dry,10 - No control,,1,0,0,0,,0,,,,,353935.9391,5018572.343,45.30538473,-75.87341804,8733
17--5041,5/11/2017,10:47 AM,MALVERN DR btwn CHALICE CRT & SHERWAY DR (__3ZAA92),__3ZAA92,01 - Non intersection,02 - Non-fatal injury,07 - SMV other,01 - Clear,01 - Daylight,01 - Dry,10 - No control,,1,0,1,0,02 - Minor,1,,1,,,362804.8984,5015997.94,45.28154382,-75.7606308,8734
17--5042,5/11/2017,11:30 PM,NORICE ST @ WOODROFFE AVE (0001542),1542,03 - At intersection,01 - Fatal injury,05 - Turning movement,01 - Clear,07 - Dark,01 - Dry,01 - Traffic signal,01 - Functioning,2,0,0,0,04 - Fatal,1,,,,1,363195.0185,5022396.823,45.3390885,-75.75490444,8735
17--5043,5/11/2017,11:46 AM,KING EDWARD AVE @ RIDEAU ST (0002121),2121,02 - Intersection related,02 - Non-fatal injury,07 - SMV other,01 - Clear,01 - Daylight,01 - Dry,01 - Traffic signal,01 - Functioning,1,0,0,0,02 - Minor,1,,1,,,368512.0417,5032414.258,45.42875978,-75.68577515,8736
17--5044,5/11/2017,12:05 PM,CARLING AVE WB btwn TAVISTOCK RD & CONNAUGHT AVE (__3ZA266),__3ZA266,01 - Non intersection,02 - Non-fatal injury,03 - Rear end,01 - Clear,01 - Daylight,01 - Dry,10 - No control,,2,0,0,0,02 - Minor,1,,1,,,360741.9582,5025101.38,45.36362391,-75.78589597,8737
17--5045,5/11/2017,12:17 PM,HIGHWAY 417 btwn HWY417 IC124 RAMP57 & HWY417 IC124 RAMP55 (__3ZA2Y1),__3ZA2Y1,01 - Non intersection,03 - P.D. only,99 - Other,01 - Clear,01 - Daylight,01 - Dry,10 - No control,,2,0,0,0,,0,,,,,364125.5942,5027101.265,45.38134038,-75.74246703,8738
17--5070,5/12/2017,11:37 PM,ISABELLA ST/HWY417 IC119AR75 @ METCALFE ST (0011380),11380,02 - Intersection related,03 - P.D. only,03 - Rear end,01 - Clear,07 - Dark,01 - Dry,01 - Traffic signal,01 - Functioning,2,0,0,0,,0,,,,,368448.3306,5030400.081,45.41064272,-75.68684947,8739
17--5071,5/12/2017,Unknown,BY WARD MARKET SQ btwn YORK ST & GEORGE ST (__3ZBOX6),__3ZBOX6,01 - Non intersection,03 - P.D. only,06 - SMV unattended vehicle,01 - Clear,00 - Unknown,01 - Dry,10 - No control,,1,0,0,0,,0,,,,,367973.1293,5032285.113,45.42764667,-75.69267819,8740
17--4333,4/19/2017,3:35 PM,CARLING AVE @ CONNAUGHT AVE (0002143),2143,02 - Intersection related,03 - P.D. only,03 - Rear end,02 - Rain,01 - Daylight,02 - Wet,01 - Traffic signal,01 - Functioning,2,0,0,0,,0,,,,,360770.3418,5025118.853,45.36377887,-75.7855317,8741
17--4237,4/16/2017,1:19 AM,ALBERT ST @ ELGIN ST/MACKENZIE KING BRIDGE (0002226),2226,03 - At intersection,03 - P.D. only,07 - SMV other,02 - Rain,07 - Dark,02 - Wet,01 - Traffic signal,01 - Functioning,1,0,0,0,,0,,,,,367850.7492,5031711.36,45.42249527,-75.69431544,8742
17--5072,5/12/2017,Unknown,CHRISTINE AVE btwn PANET ST & SILVER ST (__3ZA0NG),__3ZA0NG,01 - Non intersection,03 - P.D. only,06 - SMV unattended vehicle,01 - Clear,00 - Unknown,01 - Dry,10 - No control,,1,0,0,0,,0,,,,,365063.0337,5026861.669,45.37910453,-75.73052712,8743
17--4334,4/19/2017,3:53 PM,WEST HUNT CLUB RD EB btwn ROYDON PL/SUNDERLAND ST & 545 E OF ROYDON PL (__3ZA3JPA),__3ZA3JPA,04 - At/near private drive,03 - P.D. only,05 - Turning movement,02 - Rain,01 - Daylight,02 - Wet,10 - No control,,2,0,0,0,,0,,,,,366196.0391,5022294.224,45.33790913,-75.71662893,8744
17--5073,5/12/2017,12:39 PM,DOVERCOURT AVE @ WINDERMERE AVE (0006766),6766,03 - At intersection,03 - P.D. only,02 - Angle,01 - Clear,01 - Daylight,01 - Dry,02 - Stop sign,01 - Functioning,2,0,0,0,,0,,,,,362535.3584,5026935.872,45.37998506,-75.7627905,8745
17--4238,4/16/2017,1:58 PM,MEADOWLANDS DR btwn HOGAN ST & NESS ST (__3ZA4IQ),__3ZA4IQ,04 - At/near private drive,03 - P.D. only,02 - Angle,02 - Rain,01 - Daylight,02 - Wet,10 - No control,,2,0,0,0,,0,,,,,366214.1509,5024894.088,45.36130068,-75.71607498,8746
17--4335,4/19/2017,4:15 PM,PALLADIUM DR @ SILVER SEVEN RD (0011839),11839,02 - Intersection related,03 - P.D. only,02 - Angle,02 - Rain,01 - Daylight,02 - Wet,01 - Traffic signal,02 - Not functioning,2,0,0,0,,0,,,,,351053.2799,5017887.447,45.29941759,-75.91023962,8747
17--5074,5/12/2017,12:40 PM,HWY417 IC117 RAMP63 btwn VANIER PKWY & HWY417 IC117 RAMP62 (__3ZAYA4),__3ZAYA4,01 - Non intersection,03 - P.D. only,04 - Sideswipe,01 - Clear,01 - Daylight,01 - Dry,10 - No control,,2,0,0,0,,0,,,,,370842.5142,5031414.626,45.41954934,-75.65612947,8748
17--4239,4/16/2017,10:00 AM,BREWER RD @ BRONSON AVE (0002240),2240,02 - Intersection related,03 - P.D. only,03 - Rear end,02 - Rain,01 - Daylight,02 - Wet,01 - Traffic signal,01 - Functioning,2,0,0,0,,0,,,,,368108.2609,5027765.467,45.3869681,-75.69153181,8749
17--4336,4/19/2017,4:30 PM,INDUSTRIAL AVE btwn RUSSELL RD & ST. LAURENT BLVD (__3ZA3R7),__3ZA3R7,04 - At/near private drive,03 - P.D. only,05 - Turning movement,01 - Clear,01 - Daylight,01 - Dry,10 - No control,,2,0,0,0,,0,,,,,373050.2156,5029979.343,45.40642346,-75.62812214,8750
17--5075,5/12/2017,2:10 PM,HWY 417 WOODROFF IC127R63 @ WOODROFFE AVE (0006462),6462,02 - Intersection related,03 - P.D. only,03 - Rear end,01 - Clear,01 - Daylight,01 - Dry,10 - No control,,2,0,0,0,,0,,,,,362110.3366,5024872.067,45.36145003,-75.7684565,8751
17--424,1/9/2017,7:40 AM,HIGHWAY 417 btwn HWY417 IC124 RAMP65 & HWY417 IC122 RAMP51 (__3ZA2R8),__3ZA2R8,01 - Non intersection,03 - P.D. only,03 - Rear end,01 - Clear,03 - Dawn,06 - Ice,10 - No control,,2,0,0,0,,0,,,,,365056.7924,5028539.673,45.39420341,-75.73040194,8752
17--4337,4/19/2017,4:32 PM,KING EDWARD AVE SB btwn CATHCART ST & ST. ANDREW ST (__3ZA3LO),__3ZA3LO,01 - Non intersection,03 - P.D. only,04 - Sideswipe,02 - Rain,01 - Daylight,02 - Wet,10 - No control,,2,0,0,0,,0,,,,,368114.9505,5033045.612,45.43447654,-75.69076818,8753
17--5076,5/12/2017,2:37 PM,BILBERRY DR btwn DES FORETS AVE & DU BOIS AVE (__3ZBN8Q),__3ZBN8Q,04 - At/near private drive,03 - P.D. only,06 - SMV unattended vehicle,01 - Clear,01 - Daylight,01 - Dry,10 - No control,,1,0,0,0,,0,,,,,381002.5314,5038288.438,45.48036168,-75.5252608,8754
17--4240,4/16/2017,10:31 PM,HAWTHORNE RD btwn HAWTHORNE RD & WHYTE SIDE RD (__3ZA2PE),__3ZA2PE,01 - Non intersection,03 - P.D. only,03 - Rear end,01 - Clear,07 - Dark,02 - Wet,10 - No control,,2,0,0,0,,0,,,,,375904.5503,5025427.341,45.36518276,-75.59231905,8755
17--4241,4/16/2017,10:35 AM,MANOTICK STATION RD btwn DEERMEADOW DR & NICK ADAMS RD (__3ZA6LN),__3ZA6LN,01 - Non intersection,03 - P.D. only,07 - SMV other,02 - Rain,01 - Daylight,02 - Wet,10 - No control,,1,0,0,0,,0,,,,,375057.6048,5009793.629,45.22460137,-75.60534408,8756
17--4242,4/16/2017,11:30 PM,ST. JOSEPH BLVD @ JEANNE D'ARC BLVD (0012421),12421,03 - At intersection,03 - P.D. only,04 - Sideswipe,02 - Rain,07 - Dark,02 - Wet,11 - Roundabout,01 - Functioning,2,0,0,0,,0,,,,,379859.7392,5036470.243,45.46412679,-75.54015441,8757
17--4243,4/16/2017,Unknown,LEBRETON ST    N btwn LOUISA ST & ARLINGTON AVE (__3ZBOM8),__3ZBOM8,01 - Non intersection,03 - P.D. only,06 - SMV unattended vehicle,01 - Clear,00 - Unknown,01 - Dry,10 - No control,,1,0,0,0,,0,,,,,366911.3534,5029791.391,45.40530399,-75.70656016,8758
17--4244,4/16/2017,12:08 PM,GALETTA SIDE RD btwn WOODKILTON RD & DUNROBIN RD (__3ZA4Q3),__3ZA4Q3,01 - Non intersection,03 - P.D. only,07 - SMV other,02 - Rain,01 - Daylight,02 - Wet,10 - No control,,1,0,0,0,,0,,,,,333172.5025,5039886.668,45.49832538,-76.13696002,8759
17--4245,4/16/2017,12:13 PM,BRONSON AVE @ IMPERIAL AVE/PLYMOUTH ST (0010859),10859,02 - Intersection related,03 - P.D. only,05 - Turning movement,02 - Rain,01 - Daylight,02 - Wet,10 - No control,00 - Unknown,2,0,0,0,,0,,,,,367319.2128,5029644.571,45.40394664,-75.7013691,8760
17--4246,4/16/2017,2:12 AM,EAGLESON RD @ HWY 417 EAGLESO IC138R51/PARK AN (0009698),9698,03 - At intersection,03 - P.D. only,02 - Angle,02 - Rain,07 - Dark,02 - Wet,01 - Traffic signal,01 - Functioning,2,0,0,0,,0,,,,,353036.1778,5020013.788,45.31841753,-75.88475081,8761
17--4247,4/16/2017,2:27 PM,ST. JOSEPH BLVD/OLD MONTREAL RD @ TRIM RD (0004118),4118,03 - At intersection,03 - P.D. only,02 - Angle,02 - Rain,01 - Daylight,02 - Wet,11 - Roundabout,01 - Functioning,2,0,0,0,,0,,,,,384684.4262,5039284.913,45.48891542,-75.47800936,8762
17--4248,4/16/2017,2:45 AM,EARL ARMSTRONG RD @ BOWESVILLE RD (0009411),9411,02 - Intersection related,03 - P.D. only,07 - SMV other,"07 - Fog, mist, smoke, dust",07 - Dark,02 - Wet,02 - Stop sign,01 - Functioning,1,0,0,0,,0,,,,,372560.8039,5017440.706,45.2936528,-75.63609163,8763
17--4249,4/16/2017,3:08 PM,BESSERER ST @ WALLER ST (0008859),8859,02 - Intersection related,03 - P.D. only,04 - Sideswipe,02 - Rain,01 - Daylight,02 - Wet,01 - Traffic signal,01 - Functioning,2,0,0,0,,0,,,,,368315.5989,5032191.978,45.42677765,-75.68831405,8764
17--425,1/9/2017,7:44 AM,HIGHWAY 417 btwn HWY417 IC123 RAMP62 & HWY417 IC122 RAMP16 (__3ZA2R9),__3ZA2R9,01 - Non intersection,03 - P.D. only,07 - SMV other,01 - Clear,03 - Dawn,01 - Dry,10 - No control,,1,0,0,0,,0,,,,,365120.9772,5028696.298,45.39560716,-75.7295631,8765
17--4250,4/16/2017,3:50 PM,HWY 417 CASTLEFR IC139R61 @ KANATA AVE (0012625),12625,03 - At intersection,03 - P.D. only,07 - SMV other,02 - Rain,01 - Daylight,02 - Wet,01 - Traffic signal,01 - Functioning,1,0,0,0,,0,,,,,351616.0678,5019224.62,45.31141254,-75.90293779,8766
17--4251,4/16/2017,4:40 AM,HIGHWAY 417 btwn HWY417 IC118 RAMP35 & HWY417 IC117 RAMP51 (__3ZA2YP),__3ZA2YP,01 - Non intersection,03 - P.D. only,07 - SMV other,02 - Rain,07 - Dark,02 - Wet,10 - No control,,1,0,0,0,,0,,,,,370117.9654,5031095.387,45.41674497,-75.66542885,8767
17--4252,4/16/2017,5:52 AM,ASHTON STATION RD @ HIGHWAY 7 (0000066),66,02 - Intersection related,03 - P.D. only,07 - SMV other,01 - Clear,03 - Dawn,01 - Dry,02 - Stop sign,01 - Functioning,1,0,0,0,,0,,,,,339956.8602,5003795.447,45.17325258,-76.05271733,8768
17--4253,4/16/2017,8:34 PM,BISCAYNE CRES @ VIEWMOUNT DR (0001529),1529,02 - Intersection related,02 - Non-fatal injury,07 - SMV other,02 - Rain,07 - Dark,02 - Wet,02 - Stop sign,00 - Unknown,1,0,0,1,03 - Major,1,,,1,,365911.1385,5023120.865,45.34537199,-75.72016162,8769
17--4254,4/16/2017,9:00 PM,ROSEHILL AVE btwn SHACKLEFORD WAY & WARMSTONE DR (e___1G0N),e___1G0N,01 - Non intersection,03 - P.D. only,06 - SMV unattended vehicle,01 - Clear,07 - Dark,01 - Dry,10 - No control,,1,0,0,0,,0,,,,,350196.066,5016180.167,45.28411088,-75.92132536,8770
17--4255,4/16/2017,9:30 PM,DUNROBIN RD btwn LILLIAN WAY & HARWOOD LANE (__3ZBOB6),__3ZBOB6,01 - Non intersection,03 - P.D. only,07 - SMV other,01 - Clear,07 - Dark,01 - Dry,10 - No control,,1,0,0,0,,0,,,,,345887.2416,5027554.403,45.38672494,-75.97530421,8771
17--4256,4/16/2017,9:47 PM,IVY CRES btwn BERTRAND ST & PUTMAN AVE (1) (__3ZA8Y4),__3ZA8Y4,01 - Non intersection,03 - P.D. only,06 - SMV unattended vehicle,02 - Rain,07 - Dark,02 - Wet,10 - No control,,1,0,0,0,,0,,,,,369052.2041,5033866.243,45.44177477,-75.67868321,8772
17--4257,4/17/2017,1:07 AM,WALKLEY RD btwn JASPER AVE & COLLISTON CRES (__5RFCCN),__5RFCCN,01 - Non intersection,03 - P.D. only,05 - Turning movement,01 - Clear,07 - Dark,01 - Dry,10 - No control,,2,0,0,0,,0,,,,,370887.3446,5026269.747,45.37325344,-75.65624595,8773
17--4258,4/17/2017,1:25 PM,INDUSTRIAL AVE @ ALTA VISTA DR/SANDFORD FLEMIN (0006979),6979,03 - At intersection,03 - P.D. only,05 - Turning movement,01 - Clear,01 - Daylight,01 - Dry,01 - Traffic signal,01 - Functioning,2,0,0,0,,0,,,,,370885.0583,5030556.232,45.41182185,-75.65570103,8774
17--4259,4/17/2017,1:46 PM,NASKAPI DR @ OGILVIE RD (0009538),9538,02 - Intersection related,02 - Non-fatal injury,03 - Rear end,01 - Clear,01 - Daylight,01 - Dry,02 - Stop sign,01 - Functioning,2,0,0,0,02 - Minor,2,,2,,,375600.1117,5034689.9,45.44855308,-75.59487476,8775
17--426,1/9/2017,7:45 AM,HIGHWAY 417 btwn HWY417 IC126 RAMP61 & HWY417 IC124 RAMP76 (__3ZA2Y2),__3ZA2Y2,01 - Non intersection,03 - P.D. only,03 - Rear end,01 - Clear,03 - Dawn,06 - Ice,10 - No control,,2,0,0,0,,0,,,,,363361.0597,5026125.383,45.37262386,-75.75234432,8776
17--4260,4/17/2017,1:56 PM,BANK ST @ HUNT CLUB RD (0002119),2119,02 - Intersection related,02 - Non-fatal injury,07 - SMV other,01 - Clear,01 - Daylight,01 - Dry,01 - Traffic signal,01 - Functioning,1,0,0,0,02 - Minor,1,,1,,,371608.4021,5024096.506,45.353631,-75.64733486,8777
17--4261,4/17/2017,1:59 PM,MERIVALE RD @ WOODFIELD DR/ROYDON PL (0009776),9776,03 - At intersection,03 - P.D. only,03 - Rear end,01 - Clear,01 - Daylight,01 - Dry,01 - Traffic signal,01 - Functioning,2,0,0,0,,0,,,,,365462.7481,5022303.929,45.33806024,-75.72598317,8778
17--4262,4/17/2017,10:35 PM,CARLING AVE @ KIRKWOOD AVE N (0002358),2358,02 - Intersection related,03 - P.D. only,04 - Sideswipe,01 - Clear,07 - Dark,01 - Dry,01 - Traffic signal,01 - Functioning,2,0,0,0,,0,,,,,364275.3578,5027493.534,45.38485725,-75.7405076,8779
17--4263,4/17/2017,11:03 AM,BIRCHBANK CRES btwn STONEMEADOW DR & STONEMEADOW DR (__3ZA4WW),__3ZA4WW,01 - Non intersection,03 - P.D. only,06 - SMV unattended vehicle,01 - Clear,01 - Daylight,01 - Dry,10 - No control,,1,0,0,0,,0,,,,,355952.2815,5016771.582,45.28903723,-75.84789302,8780
17--4264,4/17/2017,12:09 PM,COLDREY AVE @ KIRKWOOD AVE (0006736),6736,03 - At intersection,03 - P.D. only,05 - Turning movement,01 - Clear,01 - Daylight,01 - Dry,01 - Traffic signal,01 - Functioning,2,0,0,0,,0,,,,,364440.3677,5027135.871,45.38162503,-75.73844384,8781