Anom_ID,Accident_Date,Accident_Time,Location,Geo_ID,Accident_Location,Classification_of_Accident,Initial_Impact_Type,Environment_Condition,Light,Road_Surface_Condition,Traffic_Control,Traffic_Control_Condition,No__of_Vehicles,No__of_Bicycles,No__of_Motorcycles,No__of_Pedestrians,Max_Injury,No__of_Injuries,No__of_Minimal,No__of_Minor,No__of_Major,No__of_Fatal,X,Y,Latitude,Longitude,ObjectId
17--4265,4/17/2017,12:45 PM,HIGHWAY 417 btwn HWY417 IC155 RAMP61 & HWY417 IC145 RAMP56 (__3ZA2Q2),__3ZA2Q2,01 - Non intersection,03 - P.D. only,04 - Sideswipe,01 - Clear,01 - Daylight,01 - Dry,10 - No control,,2,0,0,0,,0,,,,,344941.091,5014980.465,45.27363519,-75.98840596,8782
17--4266,4/17/2017,4:47 PM,JASMINE CRES S @ OGILVIE RD (0009282),9282,03 - At intersection,03 - P.D. only,02 - Angle,01 - Clear,01 - Daylight,01 - Dry,02 - Stop sign,01 - Functioning,2,0,0,0,,0,,,,,375353.732,5033720.585,45.43985667,-75.59816312,8783
17--4267,4/17/2017,6:10 PM,SUSSEX DR btwn MACKAY ST & PRINCESS AVE (__3ZBOGD),__3ZBOGD,04 - At/near private drive,03 - P.D. only,07 - SMV other,01 - Clear,01 - Daylight,01 - Dry,10 - No control,,1,0,0,0,,0,,,,,367935.3146,5034118.804,45.44414898,-75.69292623,8784
17--4268,4/17/2017,6:48 PM,CUMMINGS AVE btwn MONTREAL RD & WILSON ST (__3ZA8IW),__3ZA8IW,04 - At/near private drive,03 - P.D. only,03 - Rear end,01 - Clear,01 - Daylight,01 - Dry,10 - No control,,2,0,0,0,,0,,,,,372063.5332,5033906.593,45.44185457,-75.64018903,8785
17--4269,4/17/2017,7:34 PM,FALLOWFIELD RD @ MOODIE DR (0010412),10412,02 - Intersection related,02 - Non-fatal injury,03 - Rear end,01 - Clear,01 - Daylight,01 - Dry,01 - Traffic signal,01 - Functioning,2,0,0,0,01 - Minimal,1,1,,,,359502.6027,5014636.176,45.26955522,-75.8028709,8786
17--427,1/9/2017,7:53 AM,HIGHWAY 417 btwn HWY417 IC124 RAMP65 & HWY417 IC122 RAMP51 (__3ZA2R8),__3ZA2R8,01 - Non intersection,03 - P.D. only,03 - Rear end,01 - Clear,03 - Dawn,01 - Dry,10 - No control,,4,0,0,0,,0,,,,,365074.7,5028574.83,45.39451821,-75.73016895,8787
17--4270,4/18/2017,1:41 PM,DALMENY RD btwn 5TH LINE RD & CAMPBELLCROFT RD (__3ZAZCG),__3ZAZCG,04 - At/near private drive,03 - P.D. only,02 - Angle,01 - Clear,01 - Daylight,01 - Dry,10 - No control,,2,0,0,0,,0,,,,,383613.1926,5002985.744,45.16244185,-75.49748974,8788
17--4271,4/18/2017,Unknown,BROADVIEW AVE btwn AVONDALE AVE & DOVERCOURT AVE (__3ZA0RQ),__3ZA0RQ,01 - Non intersection,03 - P.D. only,06 - SMV unattended vehicle,01 - Clear,00 - Unknown,01 - Dry,10 - No control,,1,0,0,0,,0,,,,,362921.3131,5027274.316,45.38299842,-75.7578229,8789
17--4272,4/18/2017,Unknown,OAKLAWN CRES btwn GARDENWAY DR & GARDENWAY DR (__3ZA5SY),__3ZA5SY,01 - Non intersection,03 - P.D. only,06 - SMV unattended vehicle,01 - Clear,00 - Unknown,01 - Dry,10 - No control,,1,0,0,0,,0,,,,,383993.5675,5036684.238,45.46559571,-75.48726565,8790
17--4273,4/18/2017,12:01 PM,COLONNADE RD @ PRINCE OF WALES DR (0005249),5249,02 - Intersection related,03 - P.D. only,07 - SMV other,01 - Clear,01 - Daylight,01 - Dry,01 - Traffic signal,01 - Functioning,1,0,0,0,,0,,,,,367395.0461,5023267.854,45.34656372,-75.70120872,8791
17--4274,4/18/2017,12:45 PM,ROCKCLIFFE PKWY btwn Continuation of ROCKCLIFFE PKWY & GL/OT BOUNDARY (__3ZA13Y),__3ZA13Y,01 - Non intersection,03 - P.D. only,07 - SMV other,01 - Clear,01 - Daylight,01 - Dry,10 - No control,,1,0,0,0,,0,,,,,373052.4713,5035929.18,45.45995688,-75.62726854,8792
17--4275,4/18/2017,12:51 PM,BELLEEK LANE/LAURALEAF CRES @ BREAKSTONE RD (0017430),17430,02 - Intersection related,03 - P.D. only,06 - SMV unattended vehicle,01 - Clear,01 - Daylight,01 - Dry,02 - Stop sign,00 - Unknown,1,0,0,0,,0,,,,,365138.2405,5011521.104,45.24106484,-75.73143481,8793
17--4276,4/18/2017,2:50 PM,CONROY RD @ LORRY GREENBERG DR (0011446),11446,03 - At intersection,03 - P.D. only,02 - Angle,01 - Clear,01 - Daylight,01 - Dry,01 - Traffic signal,01 - Functioning,3,0,0,0,,0,,,,,373568.5205,5025879.521,45.36948436,-75.62207298,8794
17--4277,4/18/2017,2:56 PM,NORTH RIVER RD btwn MONTREAL RD & SELKIRK ST (__3ZBOF1),__3ZBOF1,01 - Non intersection,02 - Non-fatal injury,07 - SMV other,01 - Clear,01 - Daylight,01 - Dry,10 - No control,,1,0,0,0,02 - Minor,1,,1,,,369747.9128,5032865.153,45.43270308,-75.66992319,8795
17--4278,4/18/2017,3:06 AM,MAXIME ST btwn RIDGEBROOK DR & CYRVILLE RD (__3ZA7XA),__3ZA7XA,01 - Non intersection,02 - Non-fatal injury,06 - SMV unattended vehicle,01 - Clear,07 - Dark,01 - Dry,10 - No control,,1,0,0,0,02 - Minor,1,,1,,,374731.6983,5031491.556,45.41986359,-75.60642969,8796
17--4279,4/18/2017,3:41 PM,KINGBROOK DR btwn BRIDGESTONE DR & FOXHALL WAY (__54Y8GS),__54Y8GS,01 - Non intersection,03 - P.D. only,06 - SMV unattended vehicle,01 - Clear,01 - Daylight,01 - Dry,10 - No control,,1,0,0,0,,0,,,,,355394.4251,5016423.431,45.28594488,-75.85503981,8797
17--428,1/9/2017,7:55 AM,BANK ST @ GLEBE AVE (0007713),7713,03 - At intersection,03 - P.D. only,05 - Turning movement,03 - Snow,01 - Daylight,06 - Ice,01 - Traffic signal,01 - Functioning,3,0,0,0,,0,,,,,368237.9939,5029785.849,45.40513515,-75.68961543,8798
17--4280,4/18/2017,3:44 PM,REGIONAL ROAD 174 btwn OR174 IC109 RAMP54 & OR174 IC109 RAMP55 (__3ZA28X),__3ZA28X,01 - Non intersection,03 - P.D. only,03 - Rear end,01 - Clear,01 - Daylight,01 - Dry,10 - No control,,2,0,0,0,,0,,,,,376397.5891,5034825.203,45.44968921,-75.58466123,8799
17--4281,4/18/2017,3:55 PM,HIGHWAY 417 btwn HWY417 IC121A RAMP61 & HWY417 IC120B RAMP36 (__3ZA2YV),__3ZA2YV,01 - Non intersection,03 - P.D. only,03 - Rear end,01 - Clear,01 - Daylight,01 - Dry,10 - No control,,3,0,0,0,,0,,,,,367547.5156,5029888.389,45.40612001,-75.69842198,8800
17--4282,4/18/2017,3:58 PM,MARCH RD @ SOLANDT RD (0003172),3172,02 - Intersection related,02 - Non-fatal injury,03 - Rear end,01 - Clear,01 - Daylight,01 - Dry,01 - Traffic signal,01 - Functioning,2,0,1,0,01 - Minimal,3,3,,,,350491.3187,5022708.592,45.34283624,-75.91695983,8801
17--4283,4/18/2017,4:09 PM,KING EDWARD AVE @ SUSSEX DR (0002653),2653,02 - Intersection related,03 - P.D. only,03 - Rear end,01 - Clear,01 - Daylight,01 - Dry,01 - Traffic signal,01 - Functioning,2,0,0,0,,0,,,,,367663.7,5033504.307,45.43864443,-75.69647649,8802
17--4284,4/18/2017,4:15 PM,TERRY FOX DR @ EDGEWATER ST/WALTER BAKER PL (0002699),2699,02 - Intersection related,03 - P.D. only,03 - Rear end,01 - Clear,01 - Daylight,01 - Dry,01 - Traffic signal,01 - Functioning,2,0,0,0,,0,,,,,351778.6115,5017612.113,45.29689194,-75.90101774,8803
17--4285,4/18/2017,4:22 PM,FALLOWFIELD RD @ WOODROFFE AVE (0010372),10372,02 - Intersection related,03 - P.D. only,03 - Rear end,01 - Clear,01 - Daylight,01 - Dry,01 - Traffic signal,01 - Functioning,2,0,0,0,,0,,,,,365086.1533,5017904.528,45.29850728,-75.73132328,8804
17--4286,4/18/2017,4:45 PM,NINTH LINE RD btwn RAMSAYVILLE RD & ANDERSON RD (__3ZA6G3),__3ZA6G3,01 - Non intersection,03 - P.D. only,05 - Turning movement,01 - Clear,01 - Daylight,01 - Dry,10 - No control,,2,0,0,0,,0,,,,,380912.0291,5020436.553,45.31975286,-75.52917313,8805
17--4287,4/18/2017,5:10 PM,HAZELDEAN RD btwn CARP RD & Continuation of HAZELDEAN RD (__5FCFM4),__5FCFM4,04 - At/near private drive,03 - P.D. only,02 - Angle,01 - Clear,01 - Daylight,01 - Dry,10 - No control,,2,0,0,0,,0,,,,,348946.4471,5014489.64,45.26897851,-75.93740411,8806
17--4288,4/18/2017,5:26 PM,SOLANDT RD btwn HINES RD & MARCH RD (__3ZACVJ),__3ZACVJ,04 - At/near private drive,03 - P.D. only,02 - Angle,01 - Clear,01 - Daylight,01 - Dry,10 - No control,,2,0,0,0,,0,,,,,350436.2605,5022661.399,45.34241517,-75.91766672,8807
17--4289,4/18/2017,5:30 PM,BRONSON AVE @ MACLAREN ST (0006338),6338,03 - At intersection,03 - P.D. only,02 - Angle,01 - Clear,01 - Daylight,01 - Dry,02 - Stop sign,01 - Functioning,2,0,0,0,,0,,,,,366999.3652,5030400.234,45.41077437,-75.70535915,8808
17--429,1/9/2017,8:00 AM,HIGHWAY 417 btwn HWY417 IC126 RAMP25 & HWY417 IC124 RAMP57 (__3ZA2R5),__3ZA2R5,01 - Non intersection,03 - P.D. only,03 - Rear end,01 - Clear,01 - Daylight,06 - Ice,10 - No control,,2,0,0,0,,0,,,,,363835.8881,5026716.689,45.3779045,-75.74621197,8809
17--4290,4/18/2017,5:33 PM,VANIER PKWY NB btwn DONALD ST & QUEEN MARY ST (__3ZA25X),__3ZA25X,01 - Non intersection,03 - P.D. only,03 - Rear end,01 - Clear,01 - Daylight,01 - Dry,10 - No control,,2,0,0,0,,0,,,,,370360.7005,5031974.976,45.42463646,-75.6622107,8810
17--4291,4/18/2017,5:35 PM,HIGHWAY 417 btwn HWY417 IC124 RAMP65 & HWY417 IC122 RAMP51 (__3ZA2R8),__3ZA2R8,01 - Non intersection,03 - P.D. only,03 - Rear end,01 - Clear,01 - Daylight,01 - Dry,10 - No control,,3,0,0,0,,0,,,,,364716.045,5027912.9,45.38859307,-75.73482967,8811
17--4292,4/18/2017,6:15 AM,CAMPEAU DR/HWY 417 MARCH IC138R63 @ MARCH RD (0009710),9710,02 - Intersection related,03 - P.D. only,07 - SMV other,01 - Clear,03 - Dawn,01 - Dry,01 - Traffic signal,00 - Unknown,1,0,0,0,,0,,,,,352841.6489,5020477.559,45.32260397,-75.88718688,8812
17--4293,4/18/2017,6:30 PM,MONTREAL RD btwn BRITTANY DR & BORTHWICK AVE (__3ZA3UD),__3ZA3UD,04 - At/near private drive,03 - P.D. only,02 - Angle,01 - Clear,01 - Daylight,01 - Dry,10 - No control,,2,0,0,0,,0,,,,,371927.2694,5034002.093,45.44272693,-75.64191763,8813
17--4294,4/18/2017,6:31 PM,COVENTRY RD @ LOLA ST (0007175),7175,03 - At intersection,02 - Non-fatal injury,05 - Turning movement,01 - Clear,01 - Daylight,01 - Dry,01 - Traffic signal,01 - Functioning,2,0,0,0,02 - Minor,1,,1,,,371265.3898,5031613.234,45.42129629,-75.6506999,8814
17--4295,4/18/2017,6:38 PM,TENTH LINE RD @ VANGUARD DR (0004632),4632,03 - At intersection,02 - Non-fatal injury,05 - Turning movement,01 - Clear,01 - Daylight,01 - Dry,01 - Traffic signal,01 - Functioning,2,0,0,0,01 - Minimal,2,2,,,,384073.7665,5035872.557,45.45828385,-75.4863711,8815
17--4296,4/18/2017,6:40 PM,INDUSTRIAL AVE @ RIVERSIDE DR (0011905),11905,02 - Intersection related,03 - P.D. only,02 - Angle,01 - Clear,01 - Daylight,01 - Dry,01 - Traffic signal,01 - Functioning,2,0,0,0,,0,,,,,370685.7219,5030592.553,45.41216745,-75.65824261,8816
17--4297,4/18/2017,7:00 AM,PAUL METIVIER DR btwn CLEARBROOK DR & MOSS GROVE ST (__5A5DGI),__5A5DGI,01 - Non intersection,03 - P.D. only,06 - SMV unattended vehicle,01 - Clear,03 - Dawn,01 - Dry,10 - No control,,1,0,0,0,,0,,,,,366137.3171,5014779.295,45.27029564,-75.718308,8817
17--4298,4/18/2017,7:16 AM,HARRY DOUGLAS DR btwn QUARTZ CRES & IBER RD (__3ZA162),__3ZA162,01 - Non intersection,02 - Non-fatal injury,06 - SMV unattended vehicle,01 - Clear,01 - Daylight,01 - Dry,10 - No control,,1,0,0,0,01 - Minimal,1,1,,,,351507.8397,5015109.809,45.27439354,-75.90470548,8818
17--4299,4/18/2017,7:23 AM,CLARE ST @ KIRKWOOD AVE (0006079),6079,03 - At intersection,03 - P.D. only,02 - Angle,01 - Clear,01 - Daylight,01 - Dry,01 - Traffic signal,01 - Functioning,2,0,0,0,,0,,,,,364067.6996,5027972.882,45.38918794,-75.74310157,8819
17--43,1/3/2017,1:29 PM,ISLAND PARK DR @ RICHMOND RD (0002125),2125,02 - Intersection related,03 - P.D. only,05 - Turning movement,04 - Freezing Rain,01 - Daylight,04 - Slush,01 - Traffic signal,01 - Functioning,2,0,0,0,,0,,,,,364134.8202,5028870.876,45.39726224,-75.74213647,8820
17--430,1/9/2017,8:00 AM,HWY417 IC110 RAMP54 btwn HWY417 IC110 RAMP58 & HIGHWAY 417 (__3ZAYAO),__3ZAYAO,01 - Non intersection,03 - P.D. only,03 - Rear end,01 - Clear,01 - Daylight,01 - Dry,10 - No control,,2,0,0,0,,0,,,,,375568.8662,5029681.758,45.40349584,-75.59599373,8821
17--4300,4/18/2017,7:28 PM,DUNROBIN RD btwn CONSTANCE BAY RD & KINBURN SIDE RD (__3ZA3FF),__3ZA3FF,01 - Non intersection,03 - P.D. only,07 - SMV other,01 - Clear,07 - Dark,01 - Dry,10 - No control,,1,0,0,0,,0,,,,,337460.423,5036539.633,45.46802047,-76.08231798,8822
17--4301,4/18/2017,7:45 AM,RIVERSIDE DR @ TREMBLAY RD/HWY417 IC117 RAMP52 (0010790),10790,02 - Intersection related,02 - Non-fatal injury,03 - Rear end,01 - Clear,01 - Daylight,01 - Dry,01 - Traffic signal,01 - Functioning,2,0,0,0,01 - Minimal,1,1,,,,370803.0294,5031017.257,45.41597771,-75.65668717,8823
17--4302,4/18/2017,7:45 AM,CARP RD btwn RICHARDSON SIDE RD & HWY417 IC144 RAMP62 (__3ZA3FS),__3ZA3FS,01 - Non intersection,03 - P.D. only,03 - Rear end,01 - Clear,01 - Daylight,01 - Dry,10 - No control,,2,0,0,0,,0,,,,,346260.0574,5017104.938,45.2926755,-75.97141908,8824
17--4303,4/18/2017,8:00 AM,ROCKCLIFFE PKWY btwn GL/OT BOUNDARY & ST. JOSEPH BLVD (__3ZA21V),__3ZA21V,01 - Non intersection,03 - P.D. only,03 - Rear end,01 - Clear,01 - Daylight,01 - Dry,10 - No control,,2,0,0,0,,0,,,,,377363.5137,5037144.195,45.4704543,-75.57197174,8825
17--4304,4/18/2017,8:04 AM,BASELINE RD @ CENTREPOINTE DR W/COBDEN RD (0002108),2108,02 - Intersection related,02 - Non-fatal injury,03 - Rear end,01 - Clear,01 - Daylight,01 - Dry,01 - Traffic signal,01 - Functioning,2,0,0,0,01 - Minimal,3,3,,,,361635.1015,5023207.747,45.34651327,-75.77471352,8826
17--4305,4/18/2017,8:05 PM,DOVERCOURT AVE @ GOLDEN AVE (0006793),6793,03 - At intersection,03 - P.D. only,02 - Angle,01 - Clear,05 - Dusk,01 - Dry,02 - Stop sign,01 - Functioning,2,0,0,0,,0,,,,,363201.0233,5027245.203,45.3827132,-75.75425491,8827
17--4306,4/18/2017,8:11 AM,STITTSVILLE MAIN ST btwn DAPHNE CRES & CARLETON CATHCART ST (__3ZA3DC),__3ZA3DC,04 - At/near private drive,03 - P.D. only,05 - Turning movement,01 - Clear,01 - Daylight,01 - Dry,10 - No control,,2,0,0,0,,0,,,,,350502.8113,5013031.574,45.25575891,-75.91770518,8828
17--4307,4/18/2017,8:15 AM,HIGHWAY 417 btwn HWY417 IC138 RAMP61 & HWY417 IC134 RAMP36 (__3ZA20I),__3ZA20I,01 - Non intersection,03 - P.D. only,03 - Rear end,01 - Clear,01 - Daylight,01 - Dry,10 - No control,,2,0,0,0,,0,,,,,355672.0198,5021847.284,45.33472952,-75.85094454,8829
17--4308,4/18/2017,8:24 AM,WOODROFFE AVE @ SPORTSPLEX N (0005568),5568,03 - At intersection,02 - Non-fatal injury,05 - Turning movement,01 - Clear,01 - Daylight,01 - Dry,01 - Traffic signal,01 - Functioning,3,0,0,0,02 - Minor,1,,1,,,363764.6656,5021067.903,45.32708334,-75.74779493,8830
17--4309,4/18/2017,8:28 AM,KENT ST @ QUEEN ST (0003137),3137,03 - At intersection,03 - P.D. only,04 - Sideswipe,01 - Clear,01 - Daylight,01 - Dry,01 - Traffic signal,01 - Functioning,2,0,0,0,,0,,,,,367178.8029,5031386.771,45.41963496,-75.70294206,8831
17--431,1/9/2017,8:17 AM,REGIONAL ROAD 174 EB btwn OR174 IC109 RAMP55 & TRANSIT (__3ZA28V),__3ZA28V,01 - Non intersection,03 - P.D. only,03 - Rear end,01 - Clear,01 - Daylight,02 - Wet,10 - No control,,2,0,0,0,,0,,,,,376545.6812,5035159.943,45.4526858,-75.58271937,8832
17--4310,4/18/2017,8:45 AM,HIGHWAY 417 btwn HWY417 IC138 RAMP61 & HWY417 IC134 RAMP36 (__3ZA20I),__3ZA20I,01 - Non intersection,02 - Non-fatal injury,03 - Rear end,01 - Clear,01 - Daylight,01 - Dry,10 - No control,,4,0,0,0,02 - Minor,1,,1,,,355585.0473,5021798.556,45.33429736,-75.85205912,8833
17--4311,4/18/2017,8:49 AM,BASELINE RD @ CENTREPOINTE DR E/HIGHGATE RD (0011468),11468,02 - Intersection related,03 - P.D. only,03 - Rear end,01 - Clear,01 - Daylight,01 - Dry,01 - Traffic signal,01 - Functioning,3,0,0,0,,0,,,,,362061.5226,5023466.775,45.3488093,-75.76924231,8834
17--4312,4/18/2017,9:00 PM,ARLINGTON AVE @ BOOTH ST (0006499),6499,02 - Intersection related,03 - P.D. only,03 - Rear end,01 - Clear,07 - Dark,01 - Dry,02 - Stop sign,01 - Functioning,2,0,0,0,,0,,,,,366831.0319,5029702.899,45.40451489,-75.70759726,8835
17--4313,4/18/2017,9:02 PM,BLOHM DR @ MALAK ST (0008285),8285,03 - At intersection,02 - Non-fatal injury,07 - SMV other,01 - Clear,07 - Dark,01 - Dry,02 - Stop sign,01 - Functioning,1,0,0,1,03 - Major,1,,,1,,374090.2845,5025834.245,45.3690256,-75.61541907,8836
17--4314,4/18/2017,9:30 AM,BASELINE RD/HERON RD @ PRINCE OF WALES DR (0002345),2345,02 - Intersection related,03 - P.D. only,03 - Rear end,01 - Clear,01 - Daylight,01 - Dry,01 - Traffic signal,01 - Functioning,2,0,0,0,,0,,,,,366873.0203,5026437.538,45.37513027,-75.70747168,8837
17--4315,4/18/2017,9:31 AM,MARCH RD @ MORGAN'S GRANT WAY/SHIRLEY'S BROOK  (0002651),2651,03 - At intersection,03 - P.D. only,05 - Turning movement,01 - Clear,01 - Daylight,01 - Dry,01 - Traffic signal,01 - Functioning,2,0,0,0,,0,,,,,349662.6125,5023617.51,45.35106838,-75.92745149,8838
17--4316,4/18/2017,9:43 PM,ABBOTT ST @ SHEA RD (0010341),10341,02 - Intersection related,03 - P.D. only,07 - SMV other,01 - Clear,07 - Dark,01 - Dry,02 - Stop sign,01 - Functioning,1,0,0,0,,0,,,,,351157.8837,5014145.973,45.26574379,-75.90925543,8839
17--4317,4/19/2017,1:15 PM,RICHMOND RD @ WOODROFFE AVE (0011466),11466,02 - Intersection related,03 - P.D. only,03 - Rear end,02 - Rain,01 - Daylight,02 - Wet,01 - Traffic signal,01 - Functioning,2,0,0,0,,0,,,,,361585.6897,5026655.192,45.37753714,-75.7749479,8840
17--4318,4/19/2017,1:31 PM,AIRPORT PKWY @ HUNT CLUB RD (0010856),10856,02 - Intersection related,03 - P.D. only,04 - Sideswipe,02 - Rain,01 - Daylight,02 - Wet,01 - Traffic signal,01 - Functioning,2,0,0,0,,0,,,,,371018.8625,5023702.329,45.35014024,-75.65491102,8841
17--4319,4/19/2017,1:47 PM,INDUSTRIAL AVE @ RIVERSIDE DR (0011905),11905,02 - Intersection related,03 - P.D. only,04 - Sideswipe,02 - Rain,01 - Daylight,02 - Wet,01 - Traffic signal,01 - Functioning,2,0,0,0,,0,,,,,370684.3842,5030593.222,45.41217359,-75.6582596,8842
17--432,1/9/2017,8:20 AM,HIGHWAY 417 btwn HWY417 IC122 RAMP51 & HWY417 IC122 RAMP15 (__3ZA2R0),__3ZA2R0,01 - Non intersection,03 - P.D. only,03 - Rear end,01 - Clear,01 - Daylight,06 - Ice,10 - No control,,3,0,0,0,,0,,,,,365456.1253,5028957.85,45.3979316,-75.72525072,8843
17--4320,4/19/2017,10:21 AM,MERIVALE RD @ WEST HUNT CLUB RD (0000584),584,02 - Intersection related,03 - P.D. only,03 - Rear end,02 - Rain,01 - Daylight,02 - Wet,01 - Traffic signal,01 - Functioning,2,0,0,0,,0,,,,,365613.0297,5021941.829,45.3347891,-75.72411035,8844
17--4321,4/19/2017,10:55 AM,TERRY FOX DR @ PALLADIUM DR/KATIMAVIK RD (0011858),11858,02 - Intersection related,03 - P.D. only,04 - Sideswipe,02 - Rain,01 - Daylight,02 - Wet,01 - Traffic signal,02 - Not functioning,2,0,0,0,,0,,,,,351270.7213,5018181.106,45.30204566,-75.90743972,8845
17--4322,4/19/2017,11:13 AM,BASELINE RD @ MERIVALE RD (0002342),2342,02 - Intersection related,03 - P.D. only,04 - Sideswipe,01 - Clear,01 - Daylight,01 - Dry,01 - Traffic signal,01 - Functioning,2,0,0,0,,0,,,,,365055.0309,5025325.515,45.36528317,-75.73081669,8846
17--4323,4/19/2017,11:15 AM,HIGHWAY 417 btwn HWY417 IC115 RAMP51 & HWY417 IC115 RAMP35 (__3ZAZEB),__3ZAZEB,01 - Non intersection,03 - P.D. only,04 - Sideswipe,02 - Rain,01 - Daylight,02 - Wet,10 - No control,,2,0,0,0,,0,,,,,372151.4018,5031463.319,45.41986268,-75.63940014,8847
17--4324,4/19/2017,11:30 PM,HIGHWAY 417 btwn HWY417 IC118 RAMP67 & HWY417 IC117 RAMP36 (__3ZA2YO),__3ZA2YO,01 - Non intersection,03 - P.D. only,04 - Sideswipe,01 - Clear,07 - Dark,02 - Wet,10 - No control,,2,0,0,0,,0,,,,,370020.5492,5031122.535,45.41699833,-75.66666982,8848
17--4338,4/19/2017,4:41 PM,CATHERINE ST/HWY 417 O'CONN IC119BR76 @ O'CONN (0001697),1697,02 - Intersection related,03 - P.D. only,04 - Sideswipe,02 - Rain,01 - Daylight,02 - Wet,01 - Traffic signal,01 - Functioning,2,0,0,0,,0,,,,,368243.8344,5030393.811,45.41060487,-75.68946259,8849
17--4339,4/19/2017,4:43 PM,DUNDONALD DR @ GREENBANK RD (0013623),13623,02 - Intersection related,03 - P.D. only,07 - SMV other,02 - Rain,01 - Daylight,02 - Wet,02 - Stop sign,01 - Functioning,1,0,0,0,,0,,,,,365090.6441,5012122.311,45.24647859,-75.73196813,8850
17--5077,5/12/2017,2:49 PM,LEES AVE @ KING EDWARD AVE/MANN AVE (0011413),11413,02 - Intersection related,03 - P.D. only,03 - Rear end,01 - Clear,01 - Daylight,01 - Dry,01 - Traffic signal,01 - Functioning,3,0,0,0,,0,,,,,369179.2492,5031335.421,45.41899171,-75.67739027,8851
17--434,1/9/2017,9:05 AM,LEITRIM RD btwn HIGH RD & ALBION RD (__4B2G24),__4B2G24,04 - At/near private drive,03 - P.D. only,02 - Angle,01 - Clear,01 - Daylight,01 - Dry,10 - No control,,2,0,0,0,,0,,,,,373455.5588,5020385.115,45.32005882,-75.62427753,8852
17--5078,5/12/2017,3:02 PM,BANKFIELD RD @ MANOTICK MAIN ST/RIDEAU VALLEY  (0000070),70,02 - Intersection related,03 - P.D. only,04 - Sideswipe,01 - Clear,01 - Daylight,01 - Dry,01 - Traffic signal,00 - Unknown,2,0,0,0,,0,,,,,368431.9072,5010157.541,45.22850555,-75.68965986,8853
17--4340,4/19/2017,6:16 PM,WEST HUNT CLUB RD @ WOODROFFE AVE (0000576),576,02 - Intersection related,03 - P.D. only,03 - Rear end,02 - Rain,01 - Daylight,02 - Wet,01 - Traffic signal,01 - Functioning,2,0,0,0,,0,,,,,363671.6943,5021245.82,45.32869203,-75.74895969,8854
17--5079,5/12/2017,4:00 PM,OTTAWA RIVER PKWY EB btwn TUNNEY'S PASTURE/REMIC RAPIDS ENT & ISLAND P (__3ZA24JB),__3ZA24JB,01 - Non intersection,03 - P.D. only,03 - Rear end,01 - Clear,01 - Daylight,01 - Dry,10 - No control,,2,0,0,0,,0,,,,,364369.2641,5030303.622,45.41013389,-75.73896918,8855
17--4341,4/19/2017,6:52 AM,BANTREE ST @ INNES RD (0007684),7684,03 - At intersection,03 - P.D. only,05 - Turning movement,01 - Clear,01 - Daylight,02 - Wet,01 - Traffic signal,01 - Functioning,2,0,0,0,,0,,,,,373704.051,5030407.893,45.41021529,-75.61971066,8856
17--508,1/11/2017,4:38 PM,LENESTER AVE @ MAITLAND AVE (0010867),10867,03 - At intersection,02 - Non-fatal injury,02 - Angle,01 - Clear,05 - Dusk,02 - Wet,02 - Stop sign,01 - Functioning,2,0,0,0,01 - Minimal,2,2,,,,363078.6879,5026148.4,45.3728545,-75.75594637,8857
17--4342,4/19/2017,7:29 PM,LAURIER AVE   W btwn O'CONNOR ST & METCALFE ST (__3ZBOER),__3ZBOER,04 - At/near private drive,02 - Non-fatal injury,07 - SMV other,01 - Clear,01 - Daylight,02 - Wet,10 - No control,,1,0,0,1,02 - Minor,1,,1,,,367731.4677,5031415.07,45.41984009,-75.69587736,8858
17--5080,5/12/2017,4:18 PM,LAWRENCE ST btwn CARACOURT DR & TALBOT ST (__3ZA65F),__3ZA65F,01 - Non intersection,02 - Non-fatal injury,07 - SMV other,01 - Clear,01 - Daylight,01 - Dry,10 - No control,,1,0,0,0,03 - Major,1,,,1,,385905.4173,5002534.531,45.15812241,-75.4684104,8859
17--4343,4/19/2017,7:30 PM,CAMPEAU DR/HWY 417 MARCH IC138R63 @ MARCH RD (0009710),9710,03 - At intersection,03 - P.D. only,07 - SMV other,02 - Rain,01 - Daylight,02 - Wet,01 - Traffic signal,01 - Functioning,1,0,0,0,,0,,,,,352841.2295,5020475.819,45.32258834,-75.8871924,8860
17--4344,4/19/2017,7:35 AM,HIGHWAY 417 btwn HWY417 IC129 RAMP51 & HWY417 IC129 RAMP35 (__3ZA2X9),__3ZA2X9,01 - Non intersection,03 - P.D. only,03 - Rear end,01 - Clear,01 - Daylight,01 - Dry,10 - No control,,2,0,0,0,,0,,,,,360147.4225,5023286.704,45.34734269,-75.79368785,8861
17--4345,4/19/2017,7:59 AM,WOODROFFE AVE btwn KNOXDALE RD/MEDHURST DR & NORICE ST (__3ZA3JO),__3ZA3JO,01 - Non intersection,03 - P.D. only,03 - Rear end,01 - Clear,01 - Daylight,01 - Dry,10 - No control,,3,0,0,0,,0,,,,,363249.1991,5022260.368,45.33785618,-75.75422929,8862
17--4346,4/19/2017,8:12 AM,MAITLAND AVE btwn TARA DR & ERINDALE DR (__3ZA4I7),__3ZA4I7,01 - Non intersection,03 - P.D. only,03 - Rear end,01 - Clear,01 - Daylight,01 - Dry,10 - No control,,3,0,0,0,,0,,,,,363695.7873,5025212.9,45.3643854,-75.74817997,8863