Anom_ID,Accident_Date,Accident_Time,Location,Geo_ID,Accident_Location,Classification_of_Accident,Initial_Impact_Type,Environment_Condition,Light,Road_Surface_Condition,Traffic_Control,Traffic_Control_Condition,No__of_Vehicles,No__of_Bicycles,No__of_Motorcycles,No__of_Pedestrians,Max_Injury,No__of_Injuries,No__of_Minimal,No__of_Minor,No__of_Major,No__of_Fatal,X,Y,Latitude,Longitude,ObjectId
17--4347,4/19/2017,9:50 PM,RAMSAYVILLE RD @ NINTH LINE RD (0009403),9403,02 - Intersection related,03 - P.D. only,07 - SMV other,01 - Clear,07 - Dark,02 - Wet,02 - Stop sign,01 - Functioning,1,0,0,0,,0,,,,,380302.4279,5020068.253,45.31650492,-75.53700377,8864
17--4348,4/20/2017,1:05 PM,CUMMINGS AVE @ DONALD ST (0009936),9936,03 - At intersection,02 - Non-fatal injury,05 - Turning movement,01 - Clear,01 - Daylight,01 - Dry,01 - Traffic signal,01 - Functioning,2,0,0,0,02 - Minor,2,,2,,,372651.7252,5032412.248,45.42835235,-75.63287715,8865
17--4349,4/20/2017,10:17 PM,HIGHWAY 417 btwn HWY417 IC163 RAMP61 & HWY417 IC155 RAMP36 (__3ZA2QB),__3ZA2QB,01 - Non intersection,03 - P.D. only,07 - SMV other,02 - Rain,07 - Dark,02 - Wet,10 - No control,,1,0,0,0,,0,,,,,336157.6248,5020223.374,45.32126025,-76.10001565,8866
17--435,1/9/2017,9:12 AM,HIGHWAY 417 btwn HWY417 IC124 RAMP65 & HWY417 IC122 RAMP51 (__3ZA2R8),__3ZA2R8,01 - Non intersection,03 - P.D. only,03 - Rear end,01 - Clear,01 - Daylight,01 - Dry,10 - No control,,2,0,0,0,,0,,,,,365076.0541,5028582.218,45.39458457,-75.73015076,8867
17--4350,4/20/2017,10:35 PM,RIVERSIDE DR @ WALKLEY RD (0002158),2158,02 - Intersection related,02 - Non-fatal injury,07 - SMV other,01 - Clear,07 - Dark,01 - Dry,01 - Traffic signal,01 - Functioning,1,0,1,0,02 - Minor,1,,1,,,368418.3895,5024853.529,45.36073917,-75.68794685,8868
17--4351,4/20/2017,10:45 AM,STITTSVILLE MAIN ST @ HAZELDEAN RD (0000050),50,02 - Intersection related,03 - P.D. only,03 - Rear end,01 - Clear,01 - Daylight,01 - Dry,01 - Traffic signal,01 - Functioning,2,0,0,0,,0,,,,,349559.8182,5014878.954,45.27244293,-75.92955269,8869
17--4352,4/20/2017,11:07 AM,RUSSELL RD btwn CUBA AVE & SMYTH RD (__3ZA78S),__3ZA78S,01 - Non intersection,03 - P.D. only,06 - SMV unattended vehicle,01 - Clear,01 - Daylight,01 - Dry,10 - No control,,1,0,0,0,,0,,,,,373013.4348,5029500.528,45.40211889,-75.62865818,8870
17--4353,4/20/2017,11:47 AM,INDUSTRIAL AVE @ ALTA VISTA DR/SANDFORD FLEMIN (0006979),6979,02 - Intersection related,02 - Non-fatal injury,03 - Rear end,01 - Clear,01 - Daylight,01 - Dry,01 - Traffic signal,01 - Functioning,2,0,0,0,01 - Minimal,1,1,,,,370885.7271,5030557.57,45.41183382,-75.6556923,8871
17--4354,4/20/2017,11:48 PM,HUNT CLUB RD WB btwn 275 E OF HAWTHORNE RD/OC TRANSPO TURNAROUND & HAWTHORNE RD (e___1GZMA),e___1GZMA,01 - Non intersection,03 - P.D. only,04 - Sideswipe,02 - Rain,07 - Dark,02 - Wet,10 - No control,,2,0,0,0,,0,,,,,375678.396,5026514.032,45.37498319,-75.59504973,8872
17--4355,4/20/2017,Unknown,CARRUTHERS AVE btwn BURNSIDE AVE & LYNDALE AVE (__3ZA0VU),__3ZA0VU,01 - Non intersection,03 - P.D. only,06 - SMV unattended vehicle,01 - Clear,00 - Unknown,01 - Dry,10 - No control,,1,0,0,0,,0,,,,,365073.6962,5030046.797,45.40776272,-75.73000188,8873
17--4356,4/20/2017,Unknown,WILLOW ST btwn PRESTON ST & ROCHESTER ST (__3ZAAJ7),__3ZAAJ7,01 - Non intersection,03 - P.D. only,06 - SMV unattended vehicle,01 - Clear,00 - Unknown,01 - Dry,10 - No control,,1,0,0,0,,0,,,,,366477.2793,5029882.309,45.40616043,-75.71209333,8874
17--4357,4/20/2017,12:15 PM,WEST HUNT CLUB RD @ ROYDON PL/SUNDERLAND ST (0009775),9775,02 - Intersection related,02 - Non-fatal injury,03 - Rear end,01 - Clear,01 - Daylight,01 - Dry,01 - Traffic signal,01 - Functioning,2,0,0,0,01 - Minimal,1,1,,,,365974.7109,5022170.159,45.33681214,-75.719468,8875
17--4358,4/20/2017,2:54 PM,CARP RD @ LLOYDALEX CRES (0001684),1684,03 - At intersection,03 - P.D. only,05 - Turning movement,01 - Clear,01 - Daylight,01 - Dry,02 - Stop sign,01 - Functioning,2,0,0,0,,0,,,,,347917.2337,5015244.442,45.27583436,-75.9504541,8876
17--4359,4/20/2017,4:19 PM,CAMBIE RD btwn SERENADE CRES & TAURUS PL (e___2IZT),e___2IZT,01 - Non intersection,03 - P.D. only,06 - SMV unattended vehicle,01 - Clear,01 - Daylight,01 - Dry,10 - No control,,1,0,0,0,,0,,,,,368676.4325,5014772.979,45.27001277,-75.68595316,8877
17--436,1/9/2017,9:15 AM,BASELINE RD @ ROCKWAY CRES (0002187),2187,03 - At intersection,03 - P.D. only,02 - Angle,01 - Clear,01 - Daylight,04 - Slush,02 - Stop sign,01 - Functioning,2,0,0,0,,0,,,,,361184.6332,5022932.659,45.34407439,-75.78049296,8878
17--4360,4/20/2017,4:30 PM,HIGHWAY 417 btwn HWY417 IC122 RAMP61 & HWY417 IC121B RAMP16 (__3ZA2Y4),__3ZA2Y4,01 - Non intersection,03 - P.D. only,03 - Rear end,01 - Clear,01 - Daylight,01 - Dry,10 - No control,,2,0,0,0,,0,,,,,366457.1338,5029493.757,45.40266612,-75.71239924,8879
17--4361,4/20/2017,4:35 PM,MARCH RD btwn CARLING AVE/STATION RD & 280 S OF CARLING AVE/STATION RD (__3ZA42DA),__3ZA42DA,01 - Non intersection,03 - P.D. only,03 - Rear end,01 - Clear,01 - Daylight,01 - Dry,10 - No control,,2,0,0,0,,0,,,,,350975.8113,5022171.187,45.33796883,-75.91082799,8880
17--4362,4/20/2017,5:00 PM,UPLANDS DR btwn RIVERSIDE DR & NORTH BOWESVILLE RD (__3ZBORQ),__3ZBORQ,04 - At/near private drive,03 - P.D. only,05 - Turning movement,01 - Clear,01 - Daylight,01 - Dry,10 - No control,,2,0,0,0,,0,,,,,368231.8398,5022788.818,45.34217828,-75.69059267,8881
17--4363,4/20/2017,5:08 PM,INNES RD @ BEARBROOK RD/GLEN PARK DR E (0003630),3630,02 - Intersection related,02 - Non-fatal injury,03 - Rear end,01 - Clear,01 - Daylight,01 - Dry,01 - Traffic signal,01 - Functioning,2,0,0,0,01 - Minimal,1,1,,,,377994.3992,5032843.24,45.43169144,-75.56454429,8882
17--4364,4/20/2017,5:15 PM,SPARKS ST btwn BAY ST & LYON ST N (__5D2JML),__5D2JML,01 - Non intersection,03 - P.D. only,99 - Other,01 - Clear,01 - Daylight,01 - Dry,10 - No control,,2,0,0,0,,0,,,,,366905.8624,5031307.683,45.41894763,-75.70643925,8883
17--4365,4/20/2017,5:17 PM,TRIM RD btwn SPRINGRIDGE DR & PORTOBELLO BLVD (__4NCHX7),__4NCHX7,01 - Non intersection,03 - P.D. only,04 - Sideswipe,01 - Clear,01 - Daylight,01 - Dry,10 - No control,,2,0,0,0,,0,,,,,385526.6445,5038246.964,45.47948009,-75.46740695,8884
17--4366,4/20/2017,5:57 PM,WOODROFFE AVE @ KNOXDALE RD/MEDHURST DR (0000519),519,02 - Intersection related,02 - Non-fatal injury,03 - Rear end,01 - Clear,01 - Daylight,01 - Dry,01 - Traffic signal,01 - Functioning,2,0,0,0,01 - Minimal,2,2,,,,363419.5271,5021826.39,45.33393706,-75.75210762,8885
17--4367,4/20/2017,6:00 AM,BANK ST btwn RIVERSIDE DR & BILLINGS TRANSIT (__3ZA3NMA),__3ZA3NMA,01 - Non intersection,03 - P.D. only,99 - Other,01 - Clear,07 - Dark,02 - Wet,10 - No control,,2,0,0,0,,0,,,,,369410.0683,5027780.172,45.38698154,-75.67490707,8886
17--4368,4/20/2017,6:07 AM,BASELINE RD btwn MERIVALE RD & FARLANE BLVD (__3ZA4ID),__3ZA4ID,01 - Non intersection,03 - P.D. only,07 - SMV other,01 - Clear,03 - Dawn,01 - Dry,10 - No control,,1,0,0,0,,0,,,,,365128.7778,5025371.398,45.36568968,-75.72986976,8887
17--4369,4/20/2017,6:45 PM,ALBION RD @ HUNT CLUB RD (0006974),6974,02 - Intersection related,03 - P.D. only,02 - Angle,01 - Clear,01 - Daylight,01 - Dry,01 - Traffic signal,01 - Functioning,2,0,0,0,,0,,,,,371868.0682,5024320.518,45.35562179,-75.64399076,8888
17--437,1/9/2017,9:15 PM,QUEEN MARY ST @ VANIER PKWY (0007648),7648,02 - Intersection related,03 - P.D. only,99 - Other,01 - Clear,07 - Dark,02 - Wet,01 - Traffic signal,01 - Functioning,2,0,0,0,,0,,,,,370363.7105,5031957.21,45.42447633,-75.66217461,8889
17--4370,4/20/2017,6:58 AM,KING EDWARD AVE btwn RIDEAU ST & BESSERER ST (__3ZA3VA),__3ZA3VA,04 - At/near private drive,03 - P.D. only,03 - Rear end,01 - Clear,01 - Daylight,01 - Dry,10 - No control,,2,0,0,0,,0,,,,,368522.744,5032400.88,45.42863844,-75.68564012,8890
17--4371,4/20/2017,7:40 AM,BANK ST btwn WHITE ALDER AVE & FINDLAY CREEK DR (__49P5F2),__49P5F2,01 - Non intersection,02 - Non-fatal injury,03 - Rear end,01 - Clear,01 - Daylight,01 - Dry,10 - No control,,2,0,0,0,01 - Minimal,1,1,,,,375843.6089,5020469.127,45.32057714,-75.59380894,8891
17--4372,4/20/2017,7:42 AM,SMYTH RD btwn RIVERSIDE HOSPITAL & ALTA VISTA DR (__3ZA1M4B),__3ZA1M4B,01 - Non intersection,03 - P.D. only,99 - Other,01 - Clear,01 - Daylight,01 - Dry,10 - No control,,3,0,0,0,,0,,,,,370247.0972,5029121.691,45.39897434,-75.66404111,8892
17--4373,4/20/2017,8:40 AM,FALLOWFIELD RD @ STRANDHERD DR (0005238),5238,02 - Intersection related,03 - P.D. only,03 - Rear end,01 - Clear,01 - Daylight,01 - Dry,01 - Traffic signal,01 - Functioning,2,0,0,0,,0,,,,,360750.6963,5014962.154,45.27239022,-75.78692971,8893
17--4374,4/20/2017,8:46 AM,AINSLEY DR btwn FERGUSON ST & GAGE CRES (__3ZAAKG),__3ZAAKG,04 - At/near private drive,03 - P.D. only,05 - Turning movement,01 - Clear,01 - Daylight,01 - Dry,10 - No control,,2,0,0,0,,0,,,,,363443.4407,5024514.043,45.35811832,-75.75148389,8894
17--4375,4/20/2017,9:03 PM,HUNT CLUB RD @ BRIDLE PATH DR/DAZE ST (0008214),8214,02 - Intersection related,02 - Non-fatal injury,05 - Turning movement,01 - Clear,07 - Dark,01 - Dry,01 - Traffic signal,01 - Functioning,2,0,0,0,02 - Minor,2,,2,,,371290.7256,5023865.173,45.35157973,-75.65141997,8895
17--4376,4/20/2017,9:42 AM,CARLING AVE @ KIRKWOOD AVE S (0002209),2209,02 - Intersection related,03 - P.D. only,04 - Sideswipe,01 - Clear,01 - Daylight,01 - Dry,01 - Traffic signal,01 - Functioning,2,0,0,0,,0,,,,,364350.6972,5027337.549,45.38344732,-75.73956443,8896
17--4377,4/21/2017,1:00 PM,BANK ST @ MITCH OWENS RD (0001640),1640,03 - At intersection,03 - P.D. only,05 - Turning movement,01 - Clear,01 - Daylight,01 - Dry,01 - Traffic signal,01 - Functioning,2,0,0,0,,0,,,,,377759.1002,5015946.122,45.27968466,-75.5700448,8897
17--4378,4/21/2017,1:30 PM,CHAMBERLAIN AVE btwn PERCY ST & GLENDALE AVE (__3ZA3OB),__3ZA3OB,01 - Non intersection,03 - P.D. only,04 - Sideswipe,01 - Clear,01 - Daylight,01 - Dry,10 - No control,,2,0,0,0,,0,,,,,367697.6459,5029906.859,45.40627272,-75.69650195,8898
17--4379,4/21/2017,1:41 PM,CARLING AVE @ FOX CRES (0002767),2767,02 - Intersection related,03 - P.D. only,03 - Rear end,02 - Rain,01 - Daylight,02 - Wet,02 - Stop sign,01 - Functioning,2,0,0,0,,0,,,,,361526.6759,5025576.239,45.36783359,-75.77582526,8899
17--438,1/9/2017,9:17 AM,CARLING AVE @ DUNDEE AVE (0002769),2769,02 - Intersection related,03 - P.D. only,03 - Rear end,01 - Clear,01 - Daylight,04 - Slush,02 - Stop sign,00 - Unknown,2,0,0,0,,0,,,,,360363.1778,5024840.372,45.3613055,-75.7907601,8900
17--4380,4/21/2017,10:04 PM,ELGIN ST @ SLATER ST (0002228),2228,03 - At intersection,03 - P.D. only,02 - Angle,02 - Rain,07 - Dark,02 - Wet,01 - Traffic signal,01 - Functioning,2,0,0,0,,0,,,,,367892.3799,5031647.244,45.42191462,-75.69379173,8901
17--4381,4/21/2017,10:23 AM,BATHGATE DR btwn LEIGH CRES & OGILVIE RD (__3ZA7UX),__3ZA7UX,04 - At/near private drive,03 - P.D. only,02 - Angle,02 - Rain,01 - Daylight,02 - Wet,10 - No control,,2,0,0,0,,0,,,,,373815.5531,5032825.745,45.43195891,-75.61794762,8902
17--4382,4/21/2017,11:02 AM,DUNROBIN RD @ THOMAS A. DOLAN PKWY (0003181),3181,03 - At intersection,02 - Non-fatal injury,02 - Angle,01 - Clear,01 - Daylight,02 - Wet,01 - Traffic signal,01 - Functioning,2,0,0,0,02 - Minor,1,,1,,,342338.6001,5031475.572,45.42220786,-76.02032119,8903
17--4383,4/21/2017,11:38 AM,KANATA AVE/CASTLEFRANK RD @ AIRD PL (0011976),11976,02 - Intersection related,03 - P.D. only,03 - Rear end,01 - Clear,01 - Daylight,01 - Dry,01 - Traffic signal,01 - Functioning,2,0,0,0,,0,,,,,351811.4264,5019070.407,45.31001184,-75.90046107,8904
17--4384,4/21/2017,11:49 AM,MERIVALE RD @ WEST HUNT CLUB RD (0000584),584,03 - At intersection,02 - Non-fatal injury,03 - Rear end,01 - Clear,01 - Daylight,02 - Wet,01 - Traffic signal,01 - Functioning,3,0,0,0,02 - Minor,1,,1,,,365613.1686,5021941.788,45.33478872,-75.72410858,8905
17--4385,4/21/2017,Unknown,REMNOR AVE btwn BADGELEY AVE & BADGELEY AVE (__54M2TJ),__54M2TJ,01 - Non intersection,03 - P.D. only,06 - SMV unattended vehicle,01 - Clear,00 - Unknown,01 - Dry,10 - No control,,1,0,0,0,,0,,,,,349603.4808,5020458.392,45.32264564,-75.92849213,8906
17--4386,4/21/2017,Unknown,CINDY HILL CRES btwn LONG ISLAND RD & LONG ISLAND RD (__3ZA0LQ),__3ZA0LQ,01 - Non intersection,03 - P.D. only,06 - SMV unattended vehicle,01 - Clear,00 - Unknown,01 - Dry,10 - No control,,1,0,0,0,,0,,,,,368174.552,5011264.962,45.23849329,-75.69279585,8907
17--4387,4/21/2017,Unknown,PRINCE ALBERT ST btwn MARION AVE & END (__3ZA7G2),__3ZA7G2,01 - Non intersection,03 - P.D. only,06 - SMV unattended vehicle,01 - Clear,00 - Unknown,01 - Dry,10 - No control,,1,0,0,0,,0,,,,,370338.6301,5031883.01,45.42381106,-75.66250494,8908
17--4388,4/21/2017,12:11 AM,GREENBANK RD @ LISA AVE (0002753),2753,03 - At intersection,03 - P.D. only,02 - Angle,02 - Rain,07 - Dark,02 - Wet,01 - Traffic signal,01 - Functioning,2,0,0,0,,0,,,,,360555.6784,5022893.492,45.34377224,-75.78852265,8909
17--4389,4/21/2017,12:22 PM,CARLING AVE/STATION RD @ MARCH RD (0002681),2681,02 - Intersection related,03 - P.D. only,03 - Rear end,01 - Clear,01 - Daylight,01 - Dry,01 - Traffic signal,01 - Functioning,2,0,0,0,,0,,,,,350906.8783,5022245.855,45.33864524,-75.91170053,8910
17--439,1/9/2017,9:30 PM,LAURIER AVE @ NICHOLAS ST (0010711),10711,03 - At intersection,02 - Non-fatal injury,07 - SMV other,01 - Clear,07 - Dark,02 - Wet,01 - Traffic signal,01 - Functioning,1,0,0,1,02 - Minor,1,,1,,,368376.2121,5031797.412,45.42322198,-75.68759046,8911
17--4390,4/21/2017,12:39 PM,BASELINE RD @ GREENBANK RD (0002357),2357,02 - Intersection related,03 - P.D. only,03 - Rear end,02 - Rain,01 - Daylight,02 - Wet,01 - Traffic signal,01 - Functioning,2,0,0,0,,0,,,,,360596.7824,5022585.177,45.34099476,-75.78803295,8912
17--4391,4/21/2017,12:51 PM,SAUNDERSON DR btwn RAGLAN AVE & SMYTH RD (__3ZA78Q),__3ZA78Q,01 - Non intersection,03 - P.D. only,04 - Sideswipe,02 - Rain,01 - Daylight,02 - Wet,10 - No control,,2,0,0,0,,0,,,,,372771.3233,5029375.725,45.40101952,-75.6317677,8913
17--4392,4/21/2017,2:13 PM,WOODROFFE AVE btwn TECUMSEH ST & DOMALATCHY PL (__3ZA3GR),__3ZA3GR,01 - Non intersection,03 - P.D. only,04 - Sideswipe,01 - Clear,01 - Daylight,01 - Dry,10 - No control,,2,0,0,0,,0,,,,,362391.9892,5024167.604,45.35508825,-75.7649437,8914
17--4393,4/21/2017,2:16 AM,TRIM RD @ DAIRY DR/TAYLOR CREEK DR (0012921),12921,03 - At intersection,03 - P.D. only,07 - SMV other,02 - Rain,07 - Dark,02 - Wet,11 - Roundabout,00 - Unknown,1,0,0,0,,0,,,,,384536.0543,5039596.06,45.49173178,-75.4798567,8915
17--4394,4/21/2017,2:36 PM,INDUSTRIAL AVE btwn TRAINYARDS DR & RUSSELL RD (__3ZA3R9),__3ZA3R9,04 - At/near private drive,03 - P.D. only,02 - Angle,02 - Rain,01 - Daylight,02 - Wet,10 - No control,,2,0,0,0,,0,,,,,371871.6961,5030507.098,45.4112859,-75.64310389,8916
17--4395,4/21/2017,3:10 PM,ST. JOSEPH BLVD @ FOREST VALLEY DR/YOUVILLE DR (0004440),4440,02 - Intersection related,03 - P.D. only,03 - Rear end,01 - Clear,01 - Daylight,01 - Dry,01 - Traffic signal,01 - Functioning,3,0,0,0,,0,,,,,379164.2677,5036157.301,45.46138555,-75.54909403,8917
17--4396,4/21/2017,3:13 AM,AIRPORT PARKWAY PRIV btwn Continuation of AIRPORT PARKWAY PRIV & TO BE (__4B3IY2),__4B3IY2,01 - Non intersection,03 - P.D. only,07 - SMV other,02 - Rain,07 - Dark,02 - Wet,10 - No control,,1,0,0,0,,0,,,,,370262.3894,5020608.461,45.32237344,-75.6649734,8918
17--4397,4/21/2017,3:51 PM,DONALD ST @ NORTH RIVER RD (0008539),8539,03 - At intersection,03 - P.D. only,02 - Angle,02 - Rain,01 - Daylight,02 - Wet,02 - Stop sign,01 - Functioning,2,0,0,0,,0,,,,,369968.0514,5032233.251,45.42699701,-75.66719359,8919
17--4398,4/21/2017,4:24 PM,CARLING AVE @ CONNAUGHT AVE (0002143),2143,03 - At intersection,03 - P.D. only,05 - Turning movement,01 - Clear,01 - Daylight,01 - Dry,01 - Traffic signal,01 - Functioning,2,0,0,0,,0,,,,,360770.3418,5025116.846,45.36376081,-75.78553192,8920
17--4399,4/21/2017,4:28 AM,HAWTHORNE RD @ STEVENAGE DR (0008802),8802,03 - At intersection,02 - Non-fatal injury,05 - Turning movement,02 - Rain,07 - Dark,02 - Wet,01 - Traffic signal,01 - Functioning,2,0,0,0,02 - Minor,3,,3,,,375137.075,5027311.53,45.38221324,-75.60184666,8921
17--44,1/3/2017,1:36 PM,BARNSDALE RD N @ MOODIE DR (0000636),636,02 - Intersection related,03 - P.D. only,07 - SMV other,04 - Freezing Rain,01 - Daylight,06 - Ice,02 - Stop sign,00 - Unknown,1,0,0,0,,0,,,,,361934.4455,5008863.482,45.2174185,-75.77254524,8922
17--440,1/9/2017,9:32 AM,PAUL METIVIER DR btwn LEAMINGTON WAY & LONGFIELDS DR (__7JQ6CT),__7JQ6CT,04 - At/near private drive,03 - P.D. only,06 - SMV unattended vehicle,01 - Clear,01 - Daylight,05 - Packed snow,10 - No control,,1,0,0,0,,0,,,,,365111.714,5014243.439,45.26556272,-75.73144232,8923
17--4400,4/21/2017,4:29 PM,HERZBERG RD btwn LEGGET DR & CARLING AVE (__3ZACVH),__3ZACVH,04 - At/near private drive,03 - P.D. only,05 - Turning movement,01 - Clear,01 - Daylight,01 - Dry,10 - No control,,2,0,0,0,,0,,,,,351963.6158,5022472.121,45.34061099,-75.89819628,8924
17--4401,4/21/2017,5:00 PM,HIGHWAY 417 btwn HWY417 IC122 RAMP61 & HWY417 IC121B RAMP16 (__3ZA2Y4),__3ZA2Y4,01 - Non intersection,02 - Non-fatal injury,03 - Rear end,01 - Clear,01 - Daylight,01 - Dry,10 - No control,,3,0,0,0,02 - Minor,1,,1,,,365835.3405,5029222.823,45.40028281,-75.72037474,8925
17--4402,4/21/2017,5:30 PM,MATTAMY PL btwn TO BE DETERMINED & AVENSHIRE GT (1) (__3ZA1IE),__3ZA1IE,04 - At/near private drive,03 - P.D. only,06 - SMV unattended vehicle,02 - Rain,01 - Daylight,02 - Wet,10 - No control,,1,0,0,0,,0,,,,,362845.0831,5022583.576,45.34079793,-75.75934718,8926
17--4403,4/21/2017,5:31 PM,FRASER AVE btwn SKEAD ST & RICHMOND RD (__3ZA0OG),__3ZA0OG,01 - Non intersection,03 - P.D. only,06 - SMV unattended vehicle,01 - Clear,01 - Daylight,01 - Dry,10 - No control,,1,0,0,0,,0,,,,,362435.8617,5027825.73,45.38800008,-75.76395695,8927
17--4404,4/21/2017,6:12 AM,LANCASTER RD @ WALKLEY RD (0003130),3130,03 - At intersection,03 - P.D. only,02 - Angle,02 - Rain,01 - Daylight,02 - Wet,01 - Traffic signal,01 - Functioning,2,0,0,0,,0,,,,,374908.4061,5028602.541,45.39385204,-75.60458284,8928
17--4405,4/21/2017,6:12 PM,EARL MULLIGAN DR @ WOODROFFE AVE (0000591),591,03 - At intersection,03 - P.D. only,05 - Turning movement,01 - Clear,01 - Daylight,01 - Dry,01 - Traffic signal,01 - Functioning,2,0,0,0,,0,,,,,365251.7045,5017507.798,45.2949233,-75.72926098,8929
17--4406,4/21/2017,7:00 AM,PRESTON ST @ WILLOW ST (0006479),6479,03 - At intersection,02 - Non-fatal injury,02 - Angle,02 - Rain,01 - Daylight,02 - Wet,02 - Stop sign,00 - Unknown,2,0,0,0,02 - Minor,1,,1,,,366424.698,5029862.901,45.40599043,-75.7127674,8930
17--4407,4/21/2017,7:14 PM,CYCLONE TAYLOR BLVD btwn FRANK FINNIGAN WAY & PALLADIUM DR (__3ZA56X),__3ZA56X,01 - Non intersection,03 - P.D. only,04 - Sideswipe,01 - Clear,07 - Dark,01 - Dry,10 - No control,,2,0,0,0,,0,,,,,349845.7569,5017803.868,45.29874398,-75.92564315,8931
17--4408,4/21/2017,7:16 PM,ALBERT ST @ LYON ST (0002208),2208,02 - Intersection related,03 - P.D. only,04 - Sideswipe,01 - Clear,01 - Daylight,01 - Dry,01 - Traffic signal,01 - Functioning,2,0,0,0,,0,,,,,367062.3658,5031220.922,45.41815307,-75.70445067,8932
17--4409,4/21/2017,7:19 PM,WOODROFFE AVE btwn DEERFOX DR & TIERNEY DR (__3ZAZI0),__3ZAZI0,01 - Non intersection,03 - P.D. only,03 - Rear end,02 - Rain,07 - Dark,02 - Wet,10 - No control,,2,0,0,0,,0,,,,,365894.7282,5015916.359,45.28054802,-75.72125937,8933
17--441,1/9/2017,9:35 AM,CENTRAL PARK DR @ SCOUT ST (0011606),11606,02 - Intersection related,03 - P.D. only,01 - Approaching,01 - Clear,01 - Daylight,06 - Ice,02 - Stop sign,01 - Functioning,2,0,0,0,,0,,,,,364668.7519,5025466.858,45.36658805,-75.73573015,8934
17--4410,4/21/2017,7:30 AM,MEADOWLANDS DR @ TIVERTON DR (0001749),1749,02 - Intersection related,03 - P.D. only,03 - Rear end,02 - Rain,01 - Daylight,02 - Wet,01 - Traffic signal,00 - Unknown,2,0,0,0,,0,,,,,365204.929,5024342.789,45.35642786,-75.72902345,8935
17--4411,4/21/2017,7:30 AM,GREENLAND RD btwn MAST LANE & EAGLE CREEK CRT (__3ZA5PF),__3ZA5PF,01 - Non intersection,03 - P.D. only,07 - SMV other,01 - Clear,01 - Daylight,01 - Dry,10 - No control,,1,0,0,0,,0,,,,,341014.7142,5037241.187,45.47415794,-76.03681318,8936
17--4412,4/21/2017,7:31 PM,HALLEY ST btwn PEPPERRALL CRES & TARTAN DR (__3ZAA70),__3ZAA70,01 - Non intersection,03 - P.D. only,99 - Other,02 - Rain,05 - Dusk,02 - Wet,10 - No control,,2,0,0,0,,0,,,,,363024.4083,5014381.614,45.26698191,-75.75802257,8937
17--4413,4/21/2017,7:42 AM,OLD RICHMOND RD @ SANIBEL PRIV S (0013540),13540,02 - Intersection related,03 - P.D. only,02 - Angle,02 - Rain,01 - Daylight,02 - Wet,10 - No control,00 - Unknown,2,0,0,0,,0,,,,,357367.8159,5019164.68,45.31046619,-75.82959479,8938
17--4414,4/21/2017,8:03 PM,KENT ST btwn LISGAR ST & COOPER ST (__3ZA3RR),__3ZA3RR,01 - Non intersection,03 - P.D. only,01 - Approaching,01 - Clear,07 - Dark,01 - Dry,10 - No control,,2,0,0,0,,0,,,,,367447.3823,5030948.284,45.41566559,-75.69956632,8939
17--5081,5/12/2017,4:23 PM,WELLINGTON ST btwn O'CONNOR ST & METCALFE ST (__3ZA4S6),__3ZA4S6,04 - At/near private drive,03 - P.D. only,05 - Turning movement,01 - Clear,01 - Daylight,01 - Dry,10 - No control,,2,0,0,0,,0,,,,,367522.1426,5031791.2,45.42324319,-75.69850391,8940
17--5082,5/12/2017,4:30 PM,PRINCE OF WALES DR @ NORMANDY CRES S/KOCHAR DR (0006961),6961,02 - Intersection related,03 - P.D. only,03 - Rear end,01 - Clear,01 - Daylight,01 - Dry,01 - Traffic signal,01 - Functioning,2,0,0,0,,0,,,,,367445.8071,5024562.747,45.35821036,-75.70039695,8941
17--5083,5/12/2017,4:42 PM,BROADVIEW AVE @ NADOLNY SACHS PRIV (0011326),11326,02 - Intersection related,02 - Non-fatal injury,01 - Approaching,01 - Clear,01 - Daylight,01 - Dry,10 - No control,00 - Unknown,2,0,0,0,01 - Minimal,3,3,,,,363284.167,5026431.132,45.37538137,-75.75328973,8942
17--5084,5/12/2017,5:41 PM,GEORGE ST @ DALHOUSIE ST (0008516),8516,02 - Intersection related,03 - P.D. only,04 - Sideswipe,01 - Clear,01 - Daylight,01 - Dry,01 - Traffic signal,01 - Functioning,2,0,0,0,,0,,,,,368157.5217,5032315.289,45.4279015,-75.6903181,8943
17--5085,5/12/2017,6:16 AM,WALGREEN RD N @ WESTBROOK RD N (0002008),2008,03 - At intersection,03 - P.D. only,02 - Angle,01 - Clear,01 - Daylight,01 - Dry,02 - Stop sign,01 - Functioning,2,0,0,0,,0,,,,,347507.9034,5015220.777,45.2756464,-75.95567297,8944
17--5086,5/12/2017,7:55 AM,REGIONAL ROAD 174 btwn TRANSIT & OR174 IC109 RAMP56 (__3ZAZ6U),__3ZAZ6U,01 - Non intersection,02 - Non-fatal injury,03 - Rear end,01 - Clear,01 - Daylight,01 - Dry,10 - No control,,3,0,0,0,02 - Minor,2,,2,,,375898.0155,5033801.559,45.44053009,-75.59119512,8945
17--5087,5/12/2017,7:58 AM,BANK ST @ HERON RD (0002155),2155,02 - Intersection related,03 - P.D. only,04 - Sideswipe,01 - Clear,01 - Daylight,01 - Dry,01 - Traffic signal,01 - Functioning,2,0,0,0,,0,,,,,369995.2105,5026850.523,45.37856264,-75.66755817,8946