Anom_ID,Accident_Date,Accident_Time,Location,Geo_ID,Accident_Location,Classification_of_Accident,Initial_Impact_Type,Environment_Condition,Light,Road_Surface_Condition,Traffic_Control,Traffic_Control_Condition,No__of_Vehicles,No__of_Bicycles,No__of_Motorcycles,No__of_Pedestrians,Max_Injury,No__of_Injuries,No__of_Minimal,No__of_Minor,No__of_Major,No__of_Fatal,X,Y,Latitude,Longitude,ObjectId
17--5088,5/12/2017,8:00 AM,ST. JOSEPH BLVD @ FOREST VALLEY DR/YOUVILLE DR (0004440),4440,03 - At intersection,02 - Non-fatal injury,05 - Turning movement,01 - Clear,01 - Daylight,01 - Dry,01 - Traffic signal,01 - Functioning,2,0,0,0,02 - Minor,1,,1,,,379164.4067,5036155.922,45.46137313,-75.54909246,8947
17--5089,5/12/2017,8:35 AM,HIGHWAY 417 btwn HWY417 IC138 RAMP61 & HWY417 IC134 RAMP36 (__3ZA20I),__3ZA20I,01 - Non intersection,03 - P.D. only,03 - Rear end,01 - Clear,01 - Daylight,01 - Dry,10 - No control,,2,0,0,0,,0,,,,,355393.145,5021682.808,45.33326971,-75.85451918,8948
17--509,1/11/2017,5:24 PM,DALHOUSIE ST btwn GEORGE ST & RIDEAU ST (__3ZA8ZX),__3ZA8ZX,04 - At/near private drive,03 - P.D. only,06 - SMV unattended vehicle,01 - Clear,05 - Dusk,02 - Wet,10 - No control,,1,0,0,0,,0,,,,,368161.1311,5032310.439,45.42785753,-75.69027261,8949
17--5090,5/12/2017,8:42 PM,HIGHWAY 417 btwn HWY417 IC155 RAMP61 & HWY417 IC145 RAMP56 (__3ZA2Q2),__3ZA2Q2,01 - Non intersection,03 - P.D. only,03 - Rear end,01 - Clear,07 - Dark,01 - Dry,10 - No control,,2,0,0,0,,0,,,,,344786.235,5015050.337,45.27427275,-75.99037388,8950
17--5091,5/12/2017,8:59 AM,LAURIER AVE   E btwn CUMBERLAND ST & COPERNICUS ST (__3ZA3VI),__3ZA3VI,01 - Non intersection,02 - Non-fatal injury,04 - Sideswipe,01 - Clear,01 - Daylight,01 - Dry,10 - No control,,2,1,0,0,01 - Minimal,1,1,,,,368619.5029,5031962.587,45.42468601,-75.68446048,8951
17--5092,5/12/2017,9:15 AM,INDUSTRIAL AVE @ ALTA VISTA DR/SANDFORD FLEMIN (0006979),6979,02 - Intersection related,03 - P.D. only,03 - Rear end,01 - Clear,01 - Daylight,01 - Dry,01 - Traffic signal,01 - Functioning,3,0,0,0,,0,,,,,370884.3034,5030558.125,45.41183895,-75.65571042,8952
17--5093,5/12/2017,9:21 AM,WOODROFFE AVE btwn FIRESTATION & BASELINE RD (__3ZA34KB),__3ZA34KB,04 - At/near private drive,02 - Non-fatal injury,05 - Turning movement,01 - Clear,01 - Daylight,01 - Dry,10 - No control,,2,1,0,0,03 - Major,1,,,1,,362545.3424,5023781.876,45.35160489,-75.76303164,8953
17--5094,5/12/2017,9:30 PM,KANATA AVE @ TERRY FOX DR (0012691),12691,02 - Intersection related,03 - P.D. only,07 - SMV other,01 - Clear,07 - Dark,01 - Dry,01 - Traffic signal,01 - Functioning,1,0,0,0,,0,,,,,349305.5331,5019212.922,45.31145751,-75.93240443,8954
17--5095,5/12/2017,9:59 PM,HIGHWAY 7 btwn ASHTON STATION RD & OVERPASS RD (__3ZA2QE),__3ZA2QE,01 - Non intersection,03 - P.D. only,07 - SMV other,01 - Clear,07 - Dark,01 - Dry,10 - No control,,1,0,0,0,,0,,,,,340328.1505,5004036.405,45.17540229,-76.04797659,8955
17--5096,5/13/2017,1:10 PM,CARP RD btwn RIVINGTON ST & MARCH RD (__3ZA3GJ),__3ZA3GJ,01 - Non intersection,02 - Non-fatal injury,03 - Rear end,01 - Clear,01 - Daylight,01 - Dry,10 - No control,,2,0,0,0,02 - Minor,1,,1,,,341617.5091,5022338.641,45.34002916,-76.03021657,8956
17--5097,5/13/2017,1:54 PM,BANK ST @ KILBORN AVE/BELANGER AVE (0007208),7208,03 - At intersection,03 - P.D. only,05 - Turning movement,02 - Rain,01 - Daylight,02 - Wet,01 - Traffic signal,01 - Functioning,3,0,0,0,,0,,,,,369654.0544,5027426.21,45.38377415,-75.67183812,8957
17--5098,5/13/2017,1:54 PM,BASELINE RD @ MERIVALE RD (0002342),2342,02 - Intersection related,03 - P.D. only,03 - Rear end,02 - Rain,01 - Daylight,02 - Wet,01 - Traffic signal,01 - Functioning,2,0,0,0,,0,,,,,365055.1474,5025324.388,45.36527302,-75.73081534,8958
17--5099,5/13/2017,10:12 AM,MANOTICK MAIN ST btwn HIGHCROFT DR & MAPLE AVE (__3ZA387),__3ZA387,04 - At/near private drive,03 - P.D. only,02 - Angle,02 - Rain,01 - Daylight,02 - Wet,10 - No control,,2,0,0,0,,0,,,,,368660.7153,5009957.586,45.22668566,-75.68677199,8959
17--51,1/3/2017,11:03 AM,HIGHWAY 417 btwn HWY417 IC124 RAMP65 & HWY417 IC122 RAMP51 (__3ZA2R8),__3ZA2R8,01 - Non intersection,03 - P.D. only,04 - Sideswipe,02 - Rain,01 - Daylight,04 - Slush,10 - No control,,2,0,0,0,,0,,,,,365153.8809,5028704.796,45.39568079,-75.72914184,8960
17--510,1/11/2017,5:25 PM,AVONDALE AVE @ MELBOURNE AVE (0006172),6172,03 - At intersection,03 - P.D. only,02 - Angle,03 - Snow,05 - Dusk,02 - Wet,02 - Stop sign,01 - Functioning,2,0,0,0,,0,,,,,363390.7837,5027519.444,45.38516493,-75.75179944,8961
17--5100,5/13/2017,10:21 AM,BRUIN RD @ CEDARVIEW RD (0005240),5240,03 - At intersection,02 - Non-fatal injury,03 - Rear end,02 - Rain,01 - Daylight,02 - Wet,02 - Stop sign,01 - Functioning,2,0,0,0,01 - Minimal,1,1,,,,359229.6235,5020936.355,45.326266,-75.80565792,8962
17--5101,5/13/2017,10:56 AM,BRONSON AVE @ FIRST AVE (0007719),7719,03 - At intersection,03 - P.D. only,05 - Turning movement,02 - Rain,01 - Daylight,02 - Wet,02 - Stop sign,01 - Functioning,2,0,0,0,,0,,,,,367490.0419,5029237.231,45.40026623,-75.69923889,8963
17--5102,5/13/2017,11:01 AM,BANK ST @ MCLEOD ST (0007255),7255,02 - Intersection related,03 - P.D. only,06 - SMV unattended vehicle,01 - Clear,01 - Daylight,01 - Dry,02 - Stop sign,01 - Functioning,1,0,0,0,,0,,,,,367947.7066,5030488.242,45.41148131,-75.69323335,8964
17--5103,5/13/2017,11:10 PM,FALLOWFIELD RD btwn MERIVALE RD & WOODROFFE AVE (__3ZA3IN),__3ZA3IN,01 - Non intersection,02 - Non-fatal injury,04 - Sideswipe,01 - Clear,07 - Dark,01 - Dry,10 - No control,,2,0,0,0,02 - Minor,1,,1,,,365980.4858,5018484.635,45.30364972,-75.71984958,8965
17--5104,5/13/2017,11:35 AM,BREADNER BLVD btwn TO BE DETERMINED & UPLANDS DR (__3ZA9VT),__3ZA9VT,01 - Non intersection,03 - P.D. only,03 - Rear end,02 - Rain,01 - Daylight,02 - Wet,10 - No control,,2,0,0,0,,0,,,,,370497.9947,5021888.416,45.33386814,-75.66179853,8966
17--5105,5/13/2017,Unknown,CHOMLEY CRES btwn MIMOSA AVE & PENHILL AVE (__3ZA969),__3ZA969,01 - Non intersection,03 - P.D. only,06 - SMV unattended vehicle,01 - Clear,00 - Unknown,01 - Dry,10 - No control,,1,0,0,0,,0,,,,,371648.6564,5030236.027,45.40886826,-75.64598985,8967
17--5106,5/13/2017,12:26 PM,JOCKVALE RD btwn GREENBANK RD & BREN-MAUR RD (__3ZA4J9),__3ZA4J9,01 - Non intersection,03 - P.D. only,03 - Rear end,02 - Rain,01 - Daylight,02 - Wet,10 - No control,,4,0,0,0,,0,,,,,364800.9113,5013970.069,45.26312952,-75.73543557,8968
17--5107,5/13/2017,12:29 PM,ALERT RD/AIRPORT PKWY/UPLANDS DR RAMP 62 @ LES (0003652),3652,03 - At intersection,03 - P.D. only,02 - Angle,02 - Rain,01 - Daylight,02 - Wet,01 - Traffic signal,01 - Functioning,2,0,0,0,,0,,,,,371305.9317,5021353.254,45.3289768,-75.65156358,8969
17--5108,5/13/2017,12:47 PM,WALKLEY RD btwn DON REID DR/RYDER ST & 160 W OF CONROY RD (__3ZA2EHA),__3ZA2EHA,01 - Non intersection,03 - P.D. only,03 - Rear end,02 - Rain,01 - Daylight,02 - Wet,10 - No control,,3,0,0,0,,0,,,,,372647.9184,5027312.229,45.38246502,-75.63362757,8970
17--5109,5/13/2017,2:25 PM,ST. JOSEPH BLVD/OLD MONTREAL RD @ TRIM RD (0004118),4118,03 - At intersection,03 - P.D. only,04 - Sideswipe,01 - Clear,01 - Daylight,01 - Dry,11 - Roundabout,01 - Functioning,2,0,0,0,,0,,,,,384682.6514,5039292.231,45.48898146,-75.47803088,8971
17--511,1/11/2017,5:38 PM,BANK ST @ DAVIDSON RD/LESTER RD (0008797),8797,03 - At intersection,03 - P.D. only,02 - Angle,01 - Clear,05 - Dusk,01 - Dry,01 - Traffic signal,01 - Functioning,2,0,0,0,,0,,,,,373674.5621,5022925.212,45.34289225,-75.62113097,8972
17--5110,5/13/2017,4:26 PM,GREENBANK RD @ STRANDHERD DR (0005563),5563,02 - Intersection related,03 - P.D. only,03 - Rear end,01 - Clear,01 - Daylight,01 - Dry,01 - Traffic signal,01 - Functioning,3,0,0,0,,0,,,,,363933.6839,5014784.417,45.27053048,-75.74638834,8973
17--5111,5/13/2017,5:30 PM,HAZELDEAN RD @ EDGEWATER ST (0003176),3176,02 - Intersection related,02 - Non-fatal injury,03 - Rear end,02 - Rain,01 - Daylight,02 - Wet,01 - Traffic signal,01 - Functioning,2,0,0,0,01 - Minimal,1,1,,,,352324.0567,5017350.769,45.29450361,-75.89408869,8974
17--5112,5/13/2017,6:02 PM,INNES RD btwn FRANK KENNY RD W & VALIN ST (__61W6XA),__61W6XA,01 - Non intersection,03 - P.D. only,07 - SMV other,01 - Clear,01 - Daylight,01 - Dry,10 - No control,,1,0,0,0,,0,,,,,387440.6481,5037592.151,45.47336486,-75.44303879,8975
17--5113,5/13/2017,6:38 PM,HIGHWAY 417 btwn HWY417 IC110 RAMP55 & HWY417 IC104 RAMP51 (__3ZA2W8),__3ZA2W8,01 - Non intersection,03 - P.D. only,07 - SMV other,02 - Rain,01 - Daylight,02 - Wet,10 - No control,,1,0,0,0,,0,,,,,377184.0845,5026791.405,45.37732492,-75.57578746,8976
17--5114,5/13/2017,7:15 PM,GREENBANK RD btwn STRANDHERD DR & MARKETPLACE AVE (__4NMF9S),__4NMF9S,01 - Non intersection,03 - P.D. only,04 - Sideswipe,01 - Clear,01 - Daylight,01 - Dry,10 - No control,,2,0,0,0,,0,,,,,363993.9746,5014636.303,45.26919267,-75.7456377,8977
17--5115,5/13/2017,7:20 PM,SHILLINGTON AVE btwn MERIVALE RD & PANET ST (__3ZA0OJ),__3ZA0OJ,04 - At/near private drive,03 - P.D. only,02 - Angle,01 - Clear,01 - Daylight,01 - Dry,10 - No control,,2,0,0,0,,0,,,,,364858.2832,5026813.163,45.37868566,-75.73314715,8978
17--5116,5/13/2017,7:50 AM,HWY417 IC96 RAMP51 btwn HIGHWAY 417 & BOUNDARY RD (__3ZAY04),__3ZAY04,01 - Non intersection,03 - P.D. only,07 - SMV other,01 - Clear,01 - Daylight,01 - Dry,10 - No control,,1,0,0,0,,0,,,,,387099.5023,5023863.287,45.34988577,-75.44969344,8979
17--5117,5/13/2017,9:10 PM,ROBERTSON RD btwn MOODIE DR & VANIER RD (__3ZBOCN),__3ZBOCN,01 - Non intersection,03 - P.D. only,04 - Sideswipe,02 - Rain,07 - Dark,02 - Wet,10 - No control,,2,0,0,0,,0,,,,,357111.8026,5020481.565,45.32233479,-75.83272048,8980
17--5118,5/13/2017,9:30 AM,BRONSON AVE @ BRONSON AVE NB ON RAMP 42 (0011234),11234,02 - Intersection related,03 - P.D. only,03 - Rear end,02 - Rain,01 - Daylight,02 - Wet,03 - Yield sign,01 - Functioning,2,0,0,0,,0,,,,,367753.5873,5028446.212,45.39312522,-75.69597382,8981
17--5119,5/14/2017,1:16 AM,NORTH SERVICE RD @ ROSSIGNOL CRES W (0009166),9166,03 - At intersection,03 - P.D. only,07 - SMV other,01 - Clear,07 - Dark,02 - Wet,02 - Stop sign,01 - Functioning,1,0,0,0,,0,,,,,382681.4075,5039415.926,45.49032053,-75.50360998,8982
17--512,1/11/2017,5:48 AM,BROOKFIELD RD btwn RIVERSIDE DR/HOG'S BACK RD & 200 W OF FLANNERY DR (__3ZA225A),__3ZA225A,01 - Non intersection,03 - P.D. only,07 - SMV other,01 - Clear,07 - Dark,02 - Wet,10 - No control,,1,0,0,0,,0,,,,,368367.711,5026243.981,45.3732547,-75.68841477,8983
17--5120,5/14/2017,1:31 AM,CASTLE HILL CRES btwn BONNIE CRES & CLYDE AVE (__3ZAAQG),__3ZAAQG,01 - Non intersection,03 - P.D. only,06 - SMV unattended vehicle,02 - Rain,07 - Dark,02 - Wet,10 - No control,,1,0,0,0,,0,,,,,363804.8766,5025661.977,45.36841696,-75.7467339,8984
17--5121,5/14/2017,1:50 PM,MADELEINE MEILLEUR PRIV @ VANIER PKWY (0013514),13514,02 - Intersection related,03 - P.D. only,03 - Rear end,01 - Clear,01 - Daylight,01 - Dry,01 - Traffic signal,01 - Functioning,2,0,0,0,,0,,,,,369654.8152,5033359.306,45.43715791,-75.67104781,8985
17--5122,5/14/2017,10:17 PM,KINBURN SIDE RD btwn TIMMINS RD & DOMINION SPRINGS RD (__3ZA4SJ),__3ZA4SJ,01 - Non intersection,03 - P.D. only,07 - SMV other,02 - Rain,07 - Dark,02 - Wet,10 - No control,,1,0,0,0,,0,,,,,323680.6368,5023175.44,45.34827122,-76.25905223,8986
17--5123,5/14/2017,11:00 AM,BLAIR RD @ REGIONAL RD 174 N/OR174 IC112 RAMP61 (0003617),3617,03 - At intersection,02 - Non-fatal injury,03 - Rear end,02 - Rain,01 - Daylight,02 - Wet,01 - Traffic signal,01 - Functioning,2,0,0,0,02 - Minor,1,,1,,,374634.7599,5032990.88,45.43336338,-75.60745561,8987
17--5124,5/14/2017,11:15 AM,REGIONAL ROAD 174 btwn MCTEER RD & CANAAN RD (__3ZA27S),__3ZA27S,01 - Non intersection,03 - P.D. only,07 - SMV other,02 - Rain,01 - Daylight,02 - Wet,10 - No control,,1,0,0,0,,0,,,,,395659.107,5043373.417,45.5243556,-75.33687624,8988
17--5125,5/14/2017,11:45 AM,KANATA AVE btwn EARL GREY DR & MARITIME WAY (__3ZBPN5),__3ZBPN5,04 - At/near private drive,03 - P.D. only,03 - Rear end,02 - Rain,01 - Daylight,02 - Wet,10 - No control,,2,0,0,0,,0,,,,,351261.2947,5019319.832,45.31229284,-75.90745316,8989
17--5126,5/14/2017,Unknown,FIFTH AVE btwn HOWICK PL & RUPERT ST (__3ZA923),__3ZA923,01 - Non intersection,03 - P.D. only,06 - SMV unattended vehicle,01 - Clear,00 - Unknown,01 - Dry,10 - No control,,1,0,0,0,,0,,,,,368560.3455,5029495.613,45.40249441,-75.68553552,8990
17--5127,5/14/2017,12:00 PM,HWY417 IC126 RAMP25 btwn HWY417 IC126 RAMP55 & HIGHWAY 417 (__3ZAYAC),__3ZAYAC,01 - Non intersection,03 - P.D. only,07 - SMV other,01 - Clear,01 - Daylight,01 - Dry,10 - No control,,1,0,0,0,,0,,,,,363309.9409,5025986.911,45.37138217,-75.75301331,8991
17--5128,5/14/2017,12:20 PM,RIVERSIDE DR @ TREMBLAY RD/HWY417 IC117 RAMP52 (0010790),10790,02 - Intersection related,02 - Non-fatal injury,03 - Rear end,01 - Clear,01 - Daylight,01 - Dry,01 - Traffic signal,01 - Functioning,3,0,0,0,02 - Minor,2,,2,,,370801.6271,5031016.133,45.41596772,-75.65670523,8992
17--5129,5/14/2017,12:37 PM,DEAKIN ST @ PRINCE OF WALES DR (0001073),1073,02 - Intersection related,03 - P.D. only,04 - Sideswipe,02 - Rain,01 - Daylight,02 - Wet,01 - Traffic signal,01 - Functioning,3,0,0,0,,0,,,,,367390.3767,5021524.157,45.33087467,-75.70148887,8993
17--513,1/11/2017,5:55 PM,MARCH RD btwn MARCH RD & BEACHVALE LANE (__3ZA3FO),__3ZA3FO,01 - Non intersection,03 - P.D. only,07 - SMV other,01 - Clear,07 - Dark,01 - Dry,10 - No control,,1,0,0,0,,0,,,,,344197.3642,5023597.289,45.35121475,-75.99719915,8994
17--5130,5/14/2017,2:01 PM,MAIN ST btwn HAZEL ST & HERRIDGE ST (__3ZA3B7),__3ZA3B7,01 - Non intersection,02 - Non-fatal injury,03 - Rear end,01 - Clear,01 - Daylight,01 - Dry,10 - No control,,3,0,0,0,02 - Minor,1,,1,,,369171.5736,5030159.894,45.40841545,-75.67764187,8995
17--5131,5/14/2017,2:44 PM,JENSCOTT PRIV btwn SCOUT ST & SCOUT ST (__5GOHYE),__5GOHYE,04 - At/near private drive,03 - P.D. only,06 - SMV unattended vehicle,01 - Clear,01 - Daylight,01 - Dry,10 - No control,,1,0,0,0,,0,,,,,364310.857,5025175.048,45.36399287,-75.74033369,8996
17--5132,5/14/2017,2:50 PM,LARKIN DR btwn LAMING ST & CARROLL CRT (__3ZAB8K),__3ZAB8K,01 - Non intersection,03 - P.D. only,06 - SMV unattended vehicle,01 - Clear,01 - Daylight,01 - Dry,10 - No control,,1,0,0,0,,0,,,,,362084.3077,5015687.563,45.27881012,-75.769851,8997
17--5133,5/14/2017,3:00 PM,HUNT CLUB RD @ LINDBERGH PRIV (0011417),11417,02 - Intersection related,03 - P.D. only,03 - Rear end,01 - Clear,01 - Daylight,01 - Dry,02 - Stop sign,01 - Functioning,2,0,0,0,,0,,,,,368362.4482,5022133.711,45.33627195,-75.6890104,8998
17--5134,5/14/2017,3:03 AM,IRIS ST @ PINECREST SC (0011628),11628,02 - Intersection related,03 - P.D. only,07 - SMV other,01 - Clear,07 - Dark,01 - Dry,01 - Traffic signal,01 - Functioning,1,0,0,0,,0,,,,,360639.3686,5023382.714,45.34816759,-75.78739956,8999
17--5135,5/14/2017,3:32 PM,8TH LINE RD @ SPRINGHILL RD (0001841),1841,03 - At intersection,03 - P.D. only,02 - Angle,01 - Clear,01 - Daylight,01 - Dry,02 - Stop sign,01 - Functioning,2,0,0,0,,0,,,,,386913.9806,5007335.191,45.2011995,-75.45479443,9000
17--5947,6/6/2017,11:50 AM,HIGHWAY 417 btwn HWY417 IC122 RAMP15 & HWY417 IC121B RAMP51 (__3ZA2RB),__3ZA2RB,01 - Non intersection,03 - P.D. only,03 - Rear end,01 - Clear,01 - Daylight,01 - Dry,10 - No control,,2,0,0,0,,0,,,,,365795.6462,5029176.407,45.39986863,-75.72088746,9001
17--5226,5/17/2017,3:10 AM,CARP RD btwn LLOYDALEX CRES & ROTHBOURNE RD (__3ZBOBC),__3ZBOBC,01 - Non intersection,02 - Non-fatal injury,07 - SMV other,01 - Clear,07 - Dark,01 - Dry,10 - No control,,1,0,1,0,01 - Minimal,1,1,,,,348066.1356,5015084.005,45.27438154,-75.94857036,9002
17--5948,6/6/2017,11:55 PM,WHYTE SIDE RD btwn HAWTHORNE RD & RAMSAYVILLE RD (__3ZA6GI),__3ZA6GI,01 - Non intersection,03 - P.D. only,03 - Rear end,01 - Clear,07 - Dark,01 - Dry,10 - No control,,2,0,0,0,,0,,,,,376446.4046,5024713.569,45.35870542,-75.5855064,9003
17--5949,6/6/2017,12:04 PM,MERIVALE RD @ SHILLINGTON AVE (0011308),11308,02 - Intersection related,03 - P.D. only,03 - Rear end,01 - Clear,01 - Daylight,01 - Dry,01 - Traffic signal,01 - Functioning,2,0,0,0,,0,,,,,364842.1467,5026810.557,45.3786636,-75.73335349,9004
17--5227,5/17/2017,3:19 PM,DUNDONALD DR @ GREENBANK RD (0013623),13623,03 - At intersection,03 - P.D. only,03 - Rear end,01 - Clear,01 - Daylight,01 - Dry,02 - Stop sign,01 - Functioning,2,0,0,0,,0,,,,,365090.6441,5012122.311,45.24647859,-75.73196813,9005
17--595,1/13/2017,5:41 PM,DUNROBIN RD btwn DUNROBIN RD & MURPHY SIDE RD (__3ZA3EB),__3ZA3EB,01 - Non intersection,03 - P.D. only,07 - SMV other,01 - Clear,07 - Dark,05 - Packed snow,10 - No control,,1,0,0,0,,0,,,,,342410.4245,5031407.625,45.4215926,-76.01940861,9006
17--5228,5/17/2017,3:21 PM,RIVER RD btwn EDGEWATER DR & WOODEDEN DR (__3ZA3T6),__3ZA3T6,01 - Non intersection,02 - Non-fatal injury,01 - Approaching,01 - Clear,01 - Daylight,01 - Dry,10 - No control,,2,0,1,0,03 - Major,2,1,,1,,373373.7513,5005189.647,45.18334134,-75.6274172,9007
17--5950,6/6/2017,12:35 PM,ST. JEAN ST @ ST. JOSEPH BLVD (0004137),4137,02 - Intersection related,03 - P.D. only,03 - Rear end,02 - Rain,01 - Daylight,02 - Wet,01 - Traffic signal,00 - Unknown,2,0,0,0,,0,,,,,380969.4029,5037202.26,45.47059276,-75.52585291,9008
17--5229,5/17/2017,3:25 PM,WAVERLEY ST @ O'CONNOR ST (0007269),7269,02 - Intersection related,03 - P.D. only,03 - Rear end,01 - Clear,01 - Daylight,01 - Dry,02 - Stop sign,01 - Functioning,2,0,0,0,,0,,,,,368008.8858,5030766.367,45.41397827,-75.69241614,9009
17--5951,6/6/2017,2:05 PM,WEST HUNT CLUB RD EB btwn 545 E OF ROYDON PL/SUNDERLAND ST & ANTARES D (__3ZA3JPB),__3ZA3JPB,07 - Overpass or bridge,03 - P.D. only,03 - Rear end,02 - Rain,01 - Daylight,02 - Wet,10 - No control,,3,0,0,0,,0,,,,,367027.1093,5022207.254,45.33705337,-75.706037,9010
17--523,1/11/2017,9:37 AM,BANK ST @ LEITRIM RD (0004125),4125,03 - At intersection,03 - P.D. only,02 - Angle,01 - Clear,01 - Daylight,02 - Wet,01 - Traffic signal,01 - Functioning,2,0,0,0,,0,,,,,375357.7542,5021620.623,45.33098683,-75.59984136,9011
17--5230,5/17/2017,3:30 PM,ALBERT ST @ COMMISSIONER ST (0002171),2171,03 - At intersection,02 - Non-fatal injury,05 - Turning movement,01 - Clear,01 - Daylight,01 - Dry,02 - Stop sign,01 - Functioning,2,1,0,0,03 - Major,1,,,1,,366714.0318,5030972.908,45.41595243,-75.7089322,9012
17--5231,5/17/2017,3:30 PM,CYRVILLE RD @ ST. LAURENT BLVD (0002647),2647,02 - Intersection related,03 - P.D. only,04 - Sideswipe,01 - Clear,01 - Daylight,01 - Dry,01 - Traffic signal,00 - Unknown,2,0,0,0,,0,,,,,372242.0553,5032111.58,45.4256867,-75.63815318,9013
17--5232,5/17/2017,3:40 PM,LAURIER AVE  E btwn 73 E OF WALLER ST & CUMBERLAND ST (__3ZA3UVB),__3ZA3UVB,01 - Non intersection,03 - P.D. only,04 - Sideswipe,01 - Clear,01 - Daylight,01 - Dry,10 - No control,,2,0,0,0,,0,,,,,368590.0118,5031943.233,45.42451456,-75.68483981,9014
17--5233,5/17/2017,3:53 PM,ST. JOSEPH BLVD @ JEANNE D'ARC BLVD (0012421),12421,03 - At intersection,03 - P.D. only,02 - Angle,01 - Clear,01 - Daylight,01 - Dry,11 - Roundabout,01 - Functioning,2,0,0,0,,0,,,,,379861.7458,5036472.919,45.46415065,-75.54012835,9015
17--5234,5/17/2017,4:00 PM,HWY 417 CASTLEFR IC139R61 @ KANATA AVE (0012625),12625,02 - Intersection related,03 - P.D. only,03 - Rear end,01 - Clear,01 - Daylight,01 - Dry,01 - Traffic signal,00 - Unknown,2,0,0,0,,0,,,,,351616.7367,5019225.958,45.31142453,-75.90292913,9016
17--5235,5/17/2017,4:00 PM,HIGHWAY 417 btwn HWY417 IC115 RAMP36 & HWY417 IC115 RAMP26 (__3ZA2R4),__3ZA2R4,01 - Non intersection,03 - P.D. only,03 - Rear end,01 - Clear,01 - Daylight,01 - Dry,10 - No control,,2,0,0,0,,0,,,,,372445.6865,5031522.983,45.42037112,-75.63563208,9017
17--5236,5/17/2017,4:06 PM,HIGHLAND TER @ SMYTH RD (0007718),7718,02 - Intersection related,03 - P.D. only,04 - Sideswipe,01 - Clear,01 - Daylight,01 - Dry,02 - Stop sign,01 - Functioning,3,0,0,0,,0,,,,,371358.727,5029162.545,45.39923713,-75.64983826,9018
17--5237,5/17/2017,4:10 PM,WALKLEY RD @ SPRINGLAND DR/OTTERSON DR (0006968),6968,03 - At intersection,02 - Non-fatal injury,07 - SMV other,01 - Clear,01 - Daylight,01 - Dry,01 - Traffic signal,01 - Functioning,1,1,0,0,02 - Minor,1,,1,,,368723.3898,5024982.512,45.36187198,-75.6840374,9019
17--5238,5/17/2017,4:30 PM,HIGHWAY 417 btwn HIGHWAY 417 & HIGHWAY 417 (2) (__3ZA2UZ),__3ZA2UZ,01 - Non intersection,03 - P.D. only,03 - Rear end,01 - Clear,01 - Daylight,01 - Dry,10 - No control,,3,0,0,0,,0,,,,,375397.9132,5030247.741,45.40860551,-75.59809618,9020
17--5239,5/17/2017,4:47 PM,MARCH RD @ MORGAN'S GRANT WAY/SHIRLEY'S BROOK  (0002651),2651,03 - At intersection,03 - P.D. only,05 - Turning movement,01 - Clear,01 - Daylight,01 - Dry,01 - Traffic signal,01 - Functioning,2,0,0,0,,0,,,,,349662.6125,5023618.179,45.3510744,-75.92745143,9021
17--524,1/11/2017,9:39 AM,ALBERT ST @ BANK ST (0002115),2115,02 - Intersection related,03 - P.D. only,99 - Other,01 - Clear,01 - Daylight,02 - Wet,01 - Traffic signal,00 - Unknown,2,0,0,0,,0,,,,,367385.703,5031423.577,45.41994765,-75.70029394,9022
17--5240,5/17/2017,4:57 PM,HIGHWAY 417 btwn HWY417 IC117 RAMP61 & HWY417 IC115 RAMP36 (__3ZA2RZ),__3ZA2RZ,01 - Non intersection,02 - Non-fatal injury,03 - Rear end,01 - Clear,01 - Daylight,01 - Dry,10 - No control,,2,0,0,0,02 - Minor,1,,1,,,371773.834,5031448.091,45.41976191,-75.64422614,9023
17--5241,5/17/2017,5:00 PM,IRIS ST @ WOODROFFE AVE (0002736),2736,02 - Intersection related,03 - P.D. only,04 - Sideswipe,01 - Clear,01 - Daylight,01 - Dry,01 - Traffic signal,01 - Functioning,2,0,0,0,,0,,,,,362283.0266,5024441.52,45.35756187,-75.76630244,9024
17--5242,5/17/2017,5:07 PM,NAVAN RD W @ MER BLEUE RD (0004182),4182,02 - Intersection related,02 - Non-fatal injury,02 - Angle,01 - Clear,01 - Daylight,01 - Dry,02 - Stop sign,01 - Functioning,2,0,0,0,02 - Minor,1,,1,,,384006.6757,5032255.752,45.42575064,-75.48781092,9025
17--5243,5/17/2017,5:20 PM,MEADOWLANDS DR btwn FISHER AVE & ORTONA AVE (__3ZA4IV),__3ZA4IV,01 - Non intersection,03 - P.D. only,04 - Sideswipe,01 - Clear,01 - Daylight,01 - Dry,10 - No control,,2,0,0,0,,0,,,,,366602.8241,5025064.175,45.36279693,-75.71109294,9026
17--5244,5/17/2017,5:30 PM,MER BLEUE RD btwn WALL RD & MER BLEUE RD (__3ZA6PM),__3ZA6PM,01 - Non intersection,03 - P.D. only,03 - Rear end,01 - Clear,01 - Daylight,01 - Dry,10 - No control,,2,0,0,0,,0,,,,,383945.8194,5032534.308,45.42826373,-75.48854372,9027
17--5245,5/17/2017,5:33 PM,BLAIR PL @ OGILVIE RD (0004162),4162,03 - At intersection,02 - Non-fatal injury,02 - Angle,01 - Clear,01 - Daylight,01 - Dry,01 - Traffic signal,01 - Functioning,2,0,0,0,02 - Minor,1,,1,,,374799.3881,5033372.251,45.43677828,-75.60529756,9028
17--5246,5/17/2017,6:41 AM,MALAKOFF RD btwn TURN LANE & PADEN RD (__3ZAAZO),__3ZAAZO,01 - Non intersection,02 - Non-fatal injury,07 - SMV other,01 - Clear,01 - Daylight,01 - Dry,10 - No control,,1,0,0,0,02 - Minor,1,,1,,,366424.4894,4991364.813,45.05958418,-75.71753828,9029