Anom_ID,Accident_Date,Accident_Time,Location,Geo_ID,Accident_Location,Classification_of_Accident,Initial_Impact_Type,Environment_Condition,Light,Road_Surface_Condition,Traffic_Control,Traffic_Control_Condition,No__of_Vehicles,No__of_Bicycles,No__of_Motorcycles,No__of_Pedestrians,Max_Injury,No__of_Injuries,No__of_Minimal,No__of_Minor,No__of_Major,No__of_Fatal,X,Y,Latitude,Longitude,ObjectId
17--5247,5/17/2017,6:52 PM,MANOTICK STATION RD btwn MITCH OWENS RD & PEBBLEWOODS DR (__54YEF1),__54YEF1,01 - Non intersection,03 - P.D. only,07 - SMV other,01 - Clear,01 - Daylight,01 - Dry,10 - No control,,1,0,0,0,,0,,,,,373686.414,5012862.368,45.25234868,-75.62237768,9030
17--5248,5/17/2017,7:00 AM,HALYARD WAY btwn BRETTONWOOD RIDGE & CLONRUSH WAY (e___2HHD),e___2HHD,04 - At/near private drive,03 - P.D. only,99 - Other,01 - Clear,01 - Daylight,01 - Dry,10 - No control,,2,0,0,0,,0,,,,,348994.7806,5018418.501,45.30432869,-75.93643822,9031
17--5249,5/17/2017,7:06 PM,LAFONTAINE AVE btwn MCARTHUR AVE & BLAKE BLVD (__3ZA7B1),__3ZA7B1,01 - Non intersection,03 - P.D. only,06 - SMV unattended vehicle,01 - Clear,01 - Daylight,01 - Dry,10 - No control,,1,0,0,0,,0,,,,,370942.02,5032872.577,45.43265796,-75.65466237,9032
17--525,1/12/2017,1:00 PM,BARRETTE ST btwn ST. CHARLES ST & MARIER AVE (__3ZA8YI),__3ZA8YI,01 - Non intersection,03 - P.D. only,06 - SMV unattended vehicle,01 - Clear,01 - Daylight,03 - Loose snow,10 - No control,,1,0,0,0,,0,,,,,369629.0271,5033882.674,45.44186935,-75.67130846,9033
17--5250,5/17/2017,7:15 AM,CAMBRIAN RD @ GREENBANK RD (0001095),1095,03 - At intersection,03 - P.D. only,07 - SMV other,01 - Clear,01 - Daylight,01 - Dry,11 - Roundabout,00 - Unknown,1,0,0,0,,0,,,,,364763.9206,5012873.984,45.25327008,-75.73603916,9034
17--5251,5/17/2017,7:32 PM,CARILLON ST @ HANNAH ST (0010006),10006,03 - At intersection,03 - P.D. only,02 - Angle,01 - Clear,01 - Daylight,01 - Dry,02 - Stop sign,01 - Functioning,2,0,0,0,,0,,,,,370156.0389,5033391.262,45.43739877,-75.66463778,9035
17--5252,5/17/2017,8:00 AM,HIGHWAY 417 btwn HWY417 IC129 RAMP25 & TRANSIT (__3ZA2SH),__3ZA2SH,01 - Non intersection,03 - P.D. only,03 - Rear end,01 - Clear,01 - Daylight,01 - Dry,10 - No control,,2,0,0,0,,0,,,,,361665.2985,5024469.059,45.35786003,-75.77418314,9036
17--5253,5/17/2017,8:03 PM,ISABELLA ST/HWY417 IC119AR75 @ METCALFE ST (0011380),11380,02 - Intersection related,03 - P.D. only,04 - Sideswipe,01 - Clear,05 - Dusk,01 - Dry,01 - Traffic signal,01 - Functioning,2,0,0,0,,0,,,,,368448.3566,5030400.351,45.41064514,-75.6868491,9037
17--5254,5/17/2017,8:40 AM,HOLLAND AVE/TUNNEY'S PASTURE @ SCOTT ST (0006494),6494,02 - Intersection related,03 - P.D. only,04 - Sideswipe,01 - Clear,01 - Daylight,01 - Dry,01 - Traffic signal,01 - Functioning,2,1,0,0,,0,,,,,364738.7679,5029597.054,45.4037448,-75.73433488,9038
17--5255,5/17/2017,9:00 AM,HIGHWAY 417 btwn HWY417 IC115 RAMP61 & REGIONAL ROAD 174 (__3ZA2XG),__3ZA2XG,01 - Non intersection,03 - P.D. only,04 - Sideswipe,01 - Clear,01 - Daylight,01 - Dry,10 - No control,,2,0,0,0,,0,,,,,372995.2801,5031619.397,45.42118525,-75.62859691,9039
17--5256,5/17/2017,9:04 PM,MCARTON RD btwn LOWE RD & UPPER DWYER HILL RD (__3ZACCU),__3ZACCU,01 - Non intersection,03 - P.D. only,07 - SMV other,01 - Clear,07 - Dark,01 - Dry,10 - No control,,1,0,0,0,,0,,,,,339391.6592,5006879.564,45.20103345,-76.05969397,9040
17--5257,5/17/2017,9:35 AM,RIVERSIDE DR btwn KIMBERWICK CRES & KIMBERWICK CRES (__3ZA37L),__3ZA37L,01 - Non intersection,03 - P.D. only,04 - Sideswipe,01 - Clear,01 - Daylight,01 - Dry,10 - No control,,2,0,0,0,,0,,,,,368168.4558,5022632.167,45.3407745,-75.69142145,9041
17--5258,5/17/2017,9:42 PM,GREENBANK RD @ STRANDHERD DR (0005563),5563,03 - At intersection,02 - Non-fatal injury,05 - Turning movement,01 - Clear,07 - Dark,01 - Dry,01 - Traffic signal,01 - Functioning,2,0,0,0,02 - Minor,1,,1,,,363934.1934,5014784.417,45.27053044,-75.74638184,9042
17--5259,5/18/2017,1:30 PM,CAMPEAU DR/HWY 417 MARCH IC138R63 @ MARCH RD (0009710),9710,02 - Intersection related,03 - P.D. only,03 - Rear end,01 - Clear,01 - Daylight,01 - Dry,01 - Traffic signal,01 - Functioning,2,0,0,0,,0,,,,,352840.6216,5020477.804,45.32260624,-75.88719996,9043
17--526,1/12/2017,1:20 PM,HIGHWAY 7 btwn HWY417 IC145 RAMP55 & RAMP (__7JQ7JU),__7JQ7JU,01 - Non intersection,03 - P.D. only,03 - Rear end,01 - Clear,01 - Daylight,02 - Wet,10 - No control,,2,0,0,0,,0,,,,,346230.7028,5013664.957,45.26172289,-75.97208043,9044
17--5260,5/18/2017,1:38 PM,HIGHWAY 417 btwn HWY417 IC130 RAMP26 & HIGHWAY 417 (__3ZA2UV),__3ZA2UV,01 - Non intersection,02 - Non-fatal injury,04 - Sideswipe,01 - Clear,01 - Daylight,01 - Dry,10 - No control,,2,0,0,0,02 - Minor,1,,1,,,359487.6883,5023116.857,45.34586616,-75.80212515,9045
17--5261,5/18/2017,10:15 AM,CAMPEAU DR @ TERRY FOX DR (0008211),8211,02 - Intersection related,03 - P.D. only,03 - Rear end,01 - Clear,01 - Daylight,01 - Dry,01 - Traffic signal,01 - Functioning,2,0,0,0,,0,,,,,350456.604,5019009.117,45.30954972,-75.91774393,9046
17--5262,5/18/2017,10:50 PM,NORBERRY CRES btwn SPRINGLAND DR & SPRINGLAND DR (__3ZA0H8),__3ZA0H8,01 - Non intersection,03 - P.D. only,06 - SMV unattended vehicle,01 - Clear,07 - Dark,01 - Dry,10 - No control,,1,0,0,0,,0,,,,,368625.5842,5025586.536,45.36731575,-75.68520771,9047
17--5263,5/18/2017,11:13 AM,ISABELLA ST/HWY417 IC119AR75 @ METCALFE ST (0011380),11380,02 - Intersection related,03 - P.D. only,04 - Sideswipe,01 - Clear,01 - Daylight,01 - Dry,01 - Traffic signal,01 - Functioning,2,0,0,0,,0,,,,,368450.235,5030398.546,45.41062873,-75.68682534,9048
17--5264,5/18/2017,11:15 AM,BANK ST btwn ARLINGTON AVE & CATHERINE ST (__3ZA3PT),__3ZA3PT,01 - Non intersection,03 - P.D. only,04 - Sideswipe,01 - Clear,01 - Daylight,01 - Dry,10 - No control,,2,0,0,0,,0,,,,,368026.6619,5030303.692,45.40981366,-75.6922484,9049
17--5265,5/18/2017,11:40 AM,CARP RD btwn JUANITA AVE & FALLDOWN LANE (__3ZBPHB),__3ZBPHB,04 - At/near private drive,03 - P.D. only,02 - Angle,01 - Clear,01 - Daylight,01 - Dry,10 - No control,,2,0,0,0,,0,,,,,340948.3416,5023096.082,45.34687971,-76.03869937,9050
17--5266,5/18/2017,Unknown,BRUNEL ST btwn FOXVIEW PL & MONTREAL RD (__3ZA7YB),__3ZA7YB,01 - Non intersection,03 - P.D. only,06 - SMV unattended vehicle,02 - Rain,00 - Unknown,02 - Wet,10 - No control,,1,0,0,0,,0,,,,,372759.0072,5034555.476,45.44762562,-75.63121039,9051
17--5267,5/18/2017,Unknown,HANNAH ST btwn ETHEL ST & CARILLON ST (__3ZA8VH),__3ZA8VH,01 - Non intersection,03 - P.D. only,06 - SMV unattended vehicle,01 - Clear,00 - Unknown,01 - Dry,10 - No control,,1,0,0,0,,0,,,,,370151.1898,5033426.822,45.43771917,-75.66469503,9052
17--5268,5/18/2017,12:14 PM,STRANDHERD DR @ 210 W OF WOODROFFE AVE (0010890),10890,02 - Intersection related,03 - P.D. only,03 - Rear end,01 - Clear,01 - Daylight,01 - Dry,01 - Traffic signal,01 - Functioning,2,0,0,0,,0,,,,,365926.0153,5015320.806,45.27518654,-75.72093395,9053
17--5269,5/18/2017,12:26 PM,KING EDWARD AVE @ GEORGE ST (0008239),8239,03 - At intersection,03 - P.D. only,04 - Sideswipe,01 - Clear,01 - Daylight,01 - Dry,02 - Stop sign,01 - Functioning,2,0,0,0,,0,,,,,368462.9903,5032481.615,45.4293703,-75.68639324,9054
17--527,1/12/2017,10:10 AM,BRONSON AVE @ IMPERIAL AVE/PLYMOUTH ST (0010859),10859,02 - Intersection related,03 - P.D. only,04 - Sideswipe,02 - Rain,01 - Daylight,02 - Wet,10 - No control,,2,0,0,0,,0,,,,,367318.1802,5029643.801,45.4039398,-75.70138238,9055
17--5270,5/18/2017,12:58 PM,HIGHWAY 417 btwn HWY417 IC130 RAMP26 & HIGHWAY 417 (__3ZA2UV),__3ZA2UV,01 - Non intersection,03 - P.D. only,99 - Other,01 - Clear,01 - Daylight,01 - Dry,10 - No control,,2,0,0,0,,0,,,,,359439.4282,5023109.237,45.34580135,-75.8027418,9056
17--5271,5/18/2017,2:20 AM,TRIM RD btwn BRIARGATE PRIV & INNES RD (__6LJ4XY),__6LJ4XY,01 - Non intersection,02 - Non-fatal injury,07 - SMV other,01 - Clear,07 - Dark,01 - Dry,10 - No control,,1,0,0,1,01 - Minimal,1,1,,,,386552.3908,5037304.994,45.47088586,-75.45444532,9057
17--5272,5/18/2017,2:20 PM,GREENBANK RD @ WEST HUNT CLUB RD (0005167),5167,02 - Intersection related,03 - P.D. only,03 - Rear end,01 - Clear,01 - Daylight,01 - Dry,01 - Traffic signal,01 - Functioning,2,0,0,0,,0,,,,,361480.6803,5020502.479,45.32218382,-75.77699379,9058
17--5273,5/18/2017,2:20 PM,MERIVALE RD btwn VIEWMOUNT DR & COLONNADE RD (__3ZA33F),__3ZA33F,04 - At/near private drive,03 - P.D. only,05 - Turning movement,01 - Clear,01 - Daylight,01 - Dry,10 - No control,,2,0,0,0,,0,,,,,365250.8311,5022814.253,45.34267036,-75.72862449,9059
17--5274,5/18/2017,3:00 PM,CARLING AVE @ KIRKWOOD AVE N (0002358),2358,03 - At intersection,03 - P.D. only,05 - Turning movement,01 - Clear,01 - Daylight,01 - Dry,01 - Traffic signal,01 - Functioning,2,0,1,0,,0,,,,,364275.3578,5027492.865,45.38485123,-75.74050768,9060
17--5275,5/18/2017,3:00 PM,HWY 417 TERRYFO IC140R61 @ TERRY FOX DR (0011777),11777,03 - At intersection,03 - P.D. only,02 - Angle,01 - Clear,01 - Daylight,01 - Dry,01 - Traffic signal,02 - Not functioning,2,0,0,0,,0,,,,,350808.9751,5018709.855,45.30683389,-75.91327818,9061
17--5276,5/18/2017,3:05 PM,HIGHWAY 417 btwn HWY417 IC122 RAMP61 & HWY417 IC121B RAMP16 (__3ZA2Y4),__3ZA2Y4,01 - Non intersection,03 - P.D. only,03 - Rear end,01 - Clear,01 - Daylight,01 - Dry,10 - No control,,2,0,0,0,,0,,,,,365768.6975,5029181.119,45.39991337,-75.72123107,9062
17--5277,5/18/2017,3:07 PM,TERRY FOX DR btwn HUNTSVILLE DR & OLD SECOND LINE RD (__8IAYIU),__8IAYIU,01 - Non intersection,02 - Non-fatal injury,03 - Rear end,01 - Clear,01 - Daylight,01 - Dry,10 - No control,,2,1,0,0,02 - Minor,1,,1,,,348377.206,5022065.264,45.33718192,-75.94399214,9063
17--5278,5/18/2017,3:20 PM,ST. PATRICK ST btwn DALHOUSIE ST & CUMBERLAND ST (__3ZA3WU),__3ZA3WU,01 - Non intersection,03 - P.D. only,04 - Sideswipe,01 - Clear,01 - Daylight,01 - Dry,10 - No control,,2,0,0,0,,0,,,,,368015.3287,5032674.879,45.43114983,-75.69208893,9064
17--5279,5/18/2017,4:20 PM,HUNT CLUB RD EB btwn 275 E OF HAWTHORNE RD/OC TRANSPO TURNAROUND & HWY417 HUNT CLUB IC109 RAMP25 (e___2HF3B),e___2HF3B,01 - Non intersection,03 - P.D. only,05 - Turning movement,01 - Clear,01 - Daylight,01 - Dry,10 - No control,,2,0,0,0,,0,,,,,376439.77,5027546.652,45.38419673,-75.58518019,9065
17--528,1/12/2017,10:37 PM,PALLADIUM DR btwn CYCLONE TAYLOR BLVD & SILVER SEVEN RD (__3ZA561),__3ZA561,04 - At/near private drive,03 - P.D. only,04 - Sideswipe,01 - Clear,07 - Dark,01 - Dry,10 - No control,,2,0,0,0,,0,,,,,350280.9795,5017592.696,45.29681576,-75.92011349,9066
17--5280,5/18/2017,4:39 PM,8TH LINE RD btwn PANA RD & ANDREW SIMPSON DR (__3ZA20Y),__3ZA20Y,01 - Non intersection,03 - P.D. only,07 - SMV other,01 - Clear,01 - Daylight,01 - Dry,10 - No control,,1,0,0,0,,0,,,,,384774.5277,5012974.975,45.2521891,-75.48111635,9067
17--5281,5/18/2017,4:42 PM,OGILVIE RD btwn 240 W OF BLAIR RD & CITY PARK DR (__3ZA2DOB),__3ZA2DOB,01 - Non intersection,03 - P.D. only,04 - Sideswipe,01 - Clear,01 - Daylight,01 - Dry,10 - No control,,2,0,0,0,,0,,,,,374373.61,5033116.97,45.4345239,-75.61077509,9068
17--5282,5/18/2017,5:20 PM,EAGLESON RD @ 146 N OF ABBEYHILL DR/HAZELDEAN  (0011577),11577,03 - At intersection,02 - Non-fatal injury,05 - Turning movement,01 - Clear,01 - Daylight,01 - Dry,01 - Traffic signal,01 - Functioning,3,0,0,0,02 - Minor,2,,2,,,353772.9571,5018172.055,45.30179424,-75.87553581,9069
17--5283,5/18/2017,5:23 PM,MARAVISTA DR @ STRANDHERD DR (0013565),13565,03 - At intersection,02 - Non-fatal injury,02 - Angle,01 - Clear,01 - Daylight,01 - Dry,01 - Traffic signal,01 - Functioning,4,0,0,0,03 - Major,3,2,,1,,361288.4381,5014584.958,45.26895318,-75.78011984,9070
17--5284,5/18/2017,5:26 AM,MARCH VALLEY RD btwn RIDDELL DR & KLONDIKE RD (__3ZACJC),__3ZACJC,01 - Non intersection,03 - P.D. only,07 - SMV other,01 - Clear,03 - Dawn,01 - Dry,10 - No control,,1,0,0,0,,0,,,,,348875.767,5026528.941,45.37731596,-75.93723323,9071
17--5285,5/18/2017,5:28 PM,COLONNADE RD @ MERIVALE RD (0004569),4569,02 - Intersection related,03 - P.D. only,04 - Sideswipe,01 - Clear,01 - Daylight,01 - Dry,01 - Traffic signal,01 - Functioning,3,0,0,0,,0,,,,,365364.6983,5022544.496,45.3402333,-75.72720466,9072
17--5286,5/18/2017,5:37 PM,MERTON ST @ SCOTT ST (0006492),6492,02 - Intersection related,03 - P.D. only,03 - Rear end,01 - Clear,01 - Daylight,01 - Dry,01 - Traffic signal,01 - Functioning,3,0,0,0,,0,,,,,365327.9224,5029954.817,45.40691317,-75.72676572,9073
17--5287,5/18/2017,5:45 PM,GREENBANK RD @ LISA AVE (0002753),2753,03 - At intersection,03 - P.D. only,05 - Turning movement,01 - Clear,01 - Daylight,01 - Dry,01 - Traffic signal,01 - Functioning,2,0,0,0,,0,,,,,360555.6784,5022892.154,45.3437602,-75.7885228,9074
17--5288,5/18/2017,5:45 PM,COLONNADE RD @ PRINCE OF WALES DR (0005249),5249,03 - At intersection,02 - Non-fatal injury,03 - Rear end,01 - Clear,01 - Daylight,01 - Dry,01 - Traffic signal,01 - Functioning,2,0,0,0,01 - Minimal,1,1,,,,367394.3772,5023267.854,45.34656378,-75.70121725,9075
17--5289,5/18/2017,5:59 PM,CRESTHAVEN DR @ STRANDHERD DR (0010929),10929,02 - Intersection related,03 - P.D. only,03 - Rear end,01 - Clear,01 - Daylight,01 - Dry,01 - Traffic signal,01 - Functioning,3,0,0,0,,0,,,,,366815.5784,5015027.402,45.27246861,-75.70963397,9076
17--529,1/12/2017,Unknown,PAUL ANKA DR btwn UPLANDS DR & SAMPLE RD (__3ZA9BL),__3ZA9BL,01 - Non intersection,03 - P.D. only,06 - SMV unattended vehicle,01 - Clear,00 - Unknown,02 - Wet,10 - No control,,1,0,0,0,,0,,,,,369441.0171,5023368.03,45.34727951,-75.67508915,9077
17--5290,5/18/2017,6:00 PM,INNES RD @ STONEHENGE CRES E (0009355),9355,02 - Intersection related,03 - P.D. only,03 - Rear end,01 - Clear,01 - Daylight,01 - Dry,01 - Traffic signal,01 - Functioning,2,0,0,0,,0,,,,,375364.7458,5031314.222,45.41820447,-75.59836716,9078
17--5291,5/18/2017,6:10 PM,WEST HUNT CLUB RD btwn PRINCE OF WALES DR & HUNT CLUB RD (__3ZA2T4),__3ZA2T4,01 - Non intersection,03 - P.D. only,04 - Sideswipe,01 - Clear,01 - Daylight,01 - Dry,10 - No control,,2,0,0,0,,0,,,,,367671.0849,5021882.139,45.33407064,-75.69786255,9079
17--5292,5/18/2017,6:21 PM,ALTA VISTA DR @ KILBORN AVE (0008082),8082,02 - Intersection related,03 - P.D. only,04 - Sideswipe,01 - Clear,01 - Daylight,01 - Dry,01 - Traffic signal,01 - Functioning,2,0,0,0,,0,,,,,370365.3887,5027752.877,45.38664717,-75.66271223,9080
17--5293,5/18/2017,6:38 PM,WEST HUNT CLUB RD @ ROYDON PL/SUNDERLAND ST (0009775),9775,03 - At intersection,02 - Non-fatal injury,05 - Turning movement,01 - Clear,01 - Daylight,01 - Dry,01 - Traffic signal,01 - Functioning,2,0,0,0,02 - Minor,3,2,1,,,365973.7803,5022170.713,45.33681721,-75.7194798,9081
17--5294,5/18/2017,7:13 PM,OGILVIE RD @ CITY PARK DR E/CSIS HQ ACCESS (0003696),3696,03 - At intersection,03 - P.D. only,03 - Rear end,01 - Clear,01 - Daylight,01 - Dry,01 - Traffic signal,01 - Functioning,2,0,0,0,,0,,,,,374189.0627,5033011.246,45.43359099,-75.61314842,9082
17--5295,5/18/2017,7:38 AM,INNES RD @ PORTOBELLO BLVD (0009187),9187,03 - At intersection,02 - Non-fatal injury,99 - Other,01 - Clear,01 - Daylight,01 - Dry,01 - Traffic signal,01 - Functioning,2,1,0,0,02 - Minor,1,,1,,,385631.4353,5036891.883,45.46727629,-75.46628969,9083
17--5296,5/18/2017,7:40 AM,BLAIR RD @ REGIONAL RD 174 N/OR174 IC112 RAMP61 (0003617),3617,02 - Intersection related,03 - P.D. only,03 - Rear end,01 - Clear,01 - Daylight,01 - Dry,01 - Traffic signal,01 - Functioning,2,0,0,0,,0,,,,,374635.5556,5032989.697,45.43335265,-75.60744561,9084
17--5297,5/18/2017,7:45 AM,HIGHWAY 417 btwn HWY417 IC122 RAMP15 & HWY417 IC121B RAMP51 (__3ZA2RB),__3ZA2RB,01 - Non intersection,02 - Non-fatal injury,04 - Sideswipe,01 - Clear,01 - Daylight,01 - Dry,10 - No control,,3,0,0,0,02 - Minor,1,,1,,,365815.7758,5029188.457,45.39997529,-75.72062888,9085
17--5298,5/18/2017,7:46 AM,HIGHWAY 417 btwn HWY417 IC122 RAMP15 & HWY417 IC121B RAMP51 (__3ZA2RB),__3ZA2RB,01 - Non intersection,03 - P.D. only,03 - Rear end,01 - Clear,01 - Daylight,01 - Dry,10 - No control,,2,0,0,0,,0,,,,,365744.3382,5029148.664,45.39962347,-75.7215462,9086
17--5299,5/18/2017,7:58 AM,BRIAN COBURN BLVD @ NANTES ST (0013816),13816,02 - Intersection related,03 - P.D. only,03 - Rear end,01 - Clear,01 - Daylight,01 - Dry,02 - Stop sign,00 - Unknown,2,0,0,0,,0,,,,,386131.2701,5035613.092,45.45571297,-75.46011018,9087
17--53,1/3/2017,11:11 AM,JEANNE D'ARC BLVD @ VORLAGE DR W/VOYAGEUR WAY (0004394),4394,03 - At intersection,03 - P.D. only,05 - Turning movement,01 - Clear,01 - Daylight,03 - Loose snow,01 - Traffic signal,01 - Functioning,2,0,0,0,,0,,,,,379267.5881,5037741.431,45.47562734,-75.54753301,9088
17--530,1/12/2017,12:23 PM,SMYTH RD E/LANCASTER RD @ ST. LAURENT BLVD N/R (0002256),2256,03 - At intersection,03 - P.D. only,04 - Sideswipe,02 - Rain,01 - Daylight,02 - Wet,01 - Traffic signal,01 - Functioning,2,0,0,0,,0,,,,,373364.0739,5029424.565,45.40140115,-75.62419029,9089
17--5300,5/18/2017,8:03 AM,HIGHWAY 417 btwn HWY417 IC121A RAMP16 & HWY417 IC121A RAMP61 (__3ZA2YY),__3ZA2YY,01 - Non intersection,03 - P.D. only,03 - Rear end,01 - Clear,01 - Daylight,01 - Dry,10 - No control,,3,0,0,0,,0,,,,,366982.8729,5029656.665,45.40408541,-75.70566362,9090
17--5301,5/18/2017,8:15 AM,HIGHWAY 417 btwn HWY417 IC121A RAMP16 & HWY417 IC121A RAMP61 (__3ZA2YY),__3ZA2YY,01 - Non intersection,03 - P.D. only,04 - Sideswipe,01 - Clear,01 - Daylight,01 - Dry,10 - No control,,2,0,0,0,,0,,,,,367429.2082,5029828.115,45.40558828,-75.69994082,9091
17--5302,5/18/2017,8:29 PM,GREENBANK RD @ BERRIGAN DR/WESSEX RD (0004726),4726,02 - Intersection related,03 - P.D. only,07 - SMV other,02 - Rain,05 - Dusk,02 - Wet,01 - Traffic signal,01 - Functioning,1,0,0,0,,0,,,,,363722.6784,5015276.425,45.27497529,-75.74901881,9092
17--5303,5/18/2017,8:30 AM,HIGHWAY 417 btwn HWY417 IC121B RAMP16 & HWY417 IC121A RAMP16 (__3ZA2YX),__3ZA2YX,01 - Non intersection,03 - P.D. only,03 - Rear end,01 - Clear,01 - Daylight,01 - Dry,10 - No control,,3,0,0,0,,0,,,,,366853.4737,5029614.331,45.40371599,-75.70732176,9093
17--5304,5/18/2017,8:30 PM,BANK ST @ LEITRIM RD (0004125),4125,02 - Intersection related,03 - P.D. only,03 - Rear end,02 - Rain,05 - Dusk,02 - Wet,01 - Traffic signal,01 - Functioning,2,0,0,0,,0,,,,,375359.4264,5021619.497,45.33097653,-75.59982019,9094
17--5305,5/18/2017,8:36 AM,CARLING AVE @ CLYDE AVE/COLE AVE (0006984),6984,03 - At intersection,02 - Non-fatal injury,05 - Turning movement,01 - Clear,01 - Daylight,01 - Dry,01 - Traffic signal,01 - Functioning,2,0,0,0,02 - Minor,3,1,2,,,363522.3628,5026850.542,45.37913524,-75.75019889,9095
17--5306,5/18/2017,8:47 AM,INNES RD @ ORLEANS BLVD (0003611),3611,03 - At intersection,02 - Non-fatal injury,07 - SMV other,01 - Clear,01 - Daylight,01 - Dry,01 - Traffic signal,01 - Functioning,1,0,0,1,01 - Minimal,1,1,,,,380461.1296,5034297.072,45.4445094,-75.5327994,9096
17--5307,5/18/2017,8:50 AM,HIGHWAY 417 btwn HWY417 IC121A RAMP16 & HWY417 IC121A RAMP61 (__3ZA2YY),__3ZA2YY,01 - Non intersection,03 - P.D. only,04 - Sideswipe,01 - Clear,01 - Daylight,01 - Dry,10 - No control,,2,0,0,0,,0,,,,,367305.6123,5029775.957,45.40513002,-75.70152616,9097
17--5308,5/18/2017,9:02 AM,ALESTHER ST @ DONALD ST (0008493),8493,02 - Intersection related,03 - P.D. only,03 - Rear end,01 - Clear,01 - Daylight,01 - Dry,02 - Stop sign,01 - Functioning,2,0,0,0,,0,,,,,371992.3861,5032461.253,45.42885693,-75.64129565,9098
17--5309,5/18/2017,9:04 AM,ALBION RD @ HUNT CLUB RD (0006974),6974,03 - At intersection,03 - P.D. only,02 - Angle,01 - Clear,01 - Daylight,01 - Dry,01 - Traffic signal,01 - Functioning,2,0,0,0,,0,,,,,371867.3993,5024320.518,45.35562186,-75.6439993,9099
17--531,1/12/2017,12:49 PM,MACKENZIE KING BR/WALLER ST @ NICHOLAS ST/WALL (0011251),11251,02 - Intersection related,03 - P.D. only,03 - Rear end,03 - Snow,01 - Daylight,04 - Slush,01 - Traffic signal,01 - Functioning,2,0,0,0,,0,,,,,368372.1456,5031991.78,45.42497121,-75.68761734,9100
17--5310,5/18/2017,9:11 PM,HAWTHORNE AVE @ MAIN ST (0006919),6919,03 - At intersection,03 - P.D. only,05 - Turning movement,01 - Clear,07 - Dark,01 - Dry,01 - Traffic signal,01 - Functioning,2,0,0,0,,0,,,,,368971.0441,5030634.574,45.41270487,-75.68014161,9101
17--5311,5/18/2017,9:13 AM,SPRATT RD btwn SHORELINE DR & CANYON WALK DR (__3ZAZTU),__3ZAZTU,04 - At/near private drive,03 - P.D. only,02 - Angle,01 - Clear,01 - Daylight,01 - Dry,10 - No control,,2,0,0,0,,0,,,,,368627.6498,5016072.763,45.28171251,-75.68640767,9102
17--5312,5/18/2017,9:17 PM,DONNELLY DR btwn WEEDMARK RD & REDDICK LANE (__3ZA4KB),__3ZA4KB,01 - Non intersection,03 - P.D. only,07 - SMV other,01 - Clear,07 - Dark,01 - Dry,10 - No control,,1,0,0,0,,0,,,,,363109.7318,4985427.849,45.00644147,-75.76031151,9103
17--5313,5/18/2017,9:25 PM,ARTHUR ST @ SOMERSET ST (0005109),5109,03 - At intersection,02 - Non-fatal injury,07 - SMV other,01 - Clear,07 - Dark,01 - Dry,01 - Traffic signal,01 - Functioning,1,0,0,1,01 - Minimal,1,1,,,,366831.3739,5030390.895,45.41070525,-75.70750633,9104
17--5314,5/18/2017,9:41 PM,IRIS ST @ WOODROFFE AVE (0002736),2736,03 - At intersection,03 - P.D. only,03 - Rear end,01 - Clear,07 - Dark,01 - Dry,01 - Traffic signal,01 - Functioning,2,0,0,0,,0,,,,,362282.3577,5024440.851,45.3575559,-75.76631105,9105
17--5315,5/18/2017,9:45 AM,MONTREAL RD btwn BETHAMY LANE & OGILVIE RD (__3ZA2DX),__3ZA2DX,04 - At/near private drive,03 - P.D. only,02 - Angle,01 - Clear,01 - Daylight,01 - Dry,10 - No control,,2,0,0,0,,0,,,,,375529.3169,5034477.656,45.4466506,-75.59581022,9106
17--5952,6/6/2017,2:15 PM,MARCH RD btwn HALTON TERR/MAXWELL BRIDGE RD & MAXWELL RD (__3ZA2GD),__3ZA2GD,04 - At/near private drive,03 - P.D. only,04 - Sideswipe,01 - Clear,01 - Daylight,02 - Wet,10 - No control,,2,0,0,0,,0,,,,,348892.498,5024465.031,45.35874341,-75.93720382,9107
17--5953,6/6/2017,2:25 PM,COLONEL BY DR @ HOG'S BACK RD (0002635),2635,02 - Intersection related,03 - P.D. only,03 - Rear end,02 - Rain,01 - Daylight,02 - Wet,01 - Traffic signal,01 - Functioning,2,0,0,0,,0,,,,,367605.8063,5025874.217,45.36999635,-75.69818825,9108
17--5954,6/6/2017,2:35 PM,INNES RD btwn ANDERSON RD & INNES RD (__3ZA3J2),__3ZA3J2,01 - Non intersection,03 - P.D. only,07 - SMV other,02 - Rain,01 - Daylight,02 - Wet,10 - No control,,1,0,0,0,,0,,,,,376297.798,5031849.591,45.42292669,-75.58636902,9109
17--5955,6/6/2017,2:36 PM,EAGLESON RD @ 146 N OF ABBEYHILL DR/HAZELDEAN  (0011577),11577,03 - At intersection,02 - Non-fatal injury,05 - Turning movement,02 - Rain,01 - Daylight,02 - Wet,01 - Traffic signal,01 - Functioning,2,0,0,0,01 - Minimal,3,3,,,,353773.626,5018171.386,45.30178817,-75.87552734,9110
17--5956,6/6/2017,2:44 PM,TYRRELL PL @ MOODIE DR (0010386),10386,02 - Intersection related,03 - P.D. only,03 - Rear end,02 - Rain,01 - Daylight,02 - Wet,01 - Traffic signal,01 - Functioning,2,0,0,0,,0,,,,,357325.9505,5019854.7,45.3166782,-75.83005552,9111
17--5957,6/6/2017,2:45 PM,BEAUSEJOUR DR @ JEANNE D'ARC BLVD (0003636),3636,02 - Intersection related,03 - P.D. only,03 - Rear end,02 - Rain,01 - Daylight,02 - Wet,01 - Traffic signal,01 - Functioning,2,0,0,0,,0,,,,,381420.4127,5036059.902,45.46026544,-75.52026376,9112