Anom_ID,Accident_Date,Accident_Time,Location,Geo_ID,Accident_Location,Classification_of_Accident,Initial_Impact_Type,Environment_Condition,Light,Road_Surface_Condition,Traffic_Control,Traffic_Control_Condition,No__of_Vehicles,No__of_Bicycles,No__of_Motorcycles,No__of_Pedestrians,Max_Injury,No__of_Injuries,No__of_Minimal,No__of_Minor,No__of_Major,No__of_Fatal,X,Y,Latitude,Longitude,ObjectId
17--5958,6/6/2017,3:05 PM,CARLING AVE @ IROQUOIS RD (0003145),3145,02 - Intersection related,03 - P.D. only,04 - Sideswipe,02 - Rain,01 - Daylight,02 - Wet,01 - Traffic signal,01 - Functioning,2,0,0,0,,0,,,,,362213.1199,5026026.063,45.37182517,-75.76701052,9113
17--5959,6/6/2017,3:49 PM,STONEHAVEN DR @ SAWYER WAY/SUMMITVIEW DR (0008287),8287,02 - Intersection related,03 - P.D. only,07 - SMV other,02 - Rain,01 - Daylight,02 - Wet,02 - Stop sign,01 - Functioning,1,0,0,0,,0,,,,,356561.7586,5015861.746,45.28080574,-75.84021862,9114
17--596,1/13/2017,5:45 PM,ALTA VISTA DR @ SMYTH RD (0011353),11353,03 - At intersection,02 - Non-fatal injury,05 - Turning movement,01 - Clear,07 - Dark,01 - Dry,01 - Traffic signal,01 - Functioning,2,0,0,0,02 - Minor,2,,2,,,370431.9654,5029082.683,45.39860605,-75.66168523,9115
17--5960,6/6/2017,3:54 PM,PRINCE OF WALES DR btwn 187 N OF MEADOWLANDS DR & MEADOWLANDS DR/HOG'S (__3ZA36WA),__3ZA36WA,04 - At/near private drive,03 - P.D. only,02 - Angle,01 - Clear,01 - Daylight,02 - Wet,10 - No control,,2,0,0,0,,0,,,,,367340.8152,5025790.467,45.36926649,-75.70158154,9116
17--5961,6/6/2017,3:58 PM,PRINCE OF WALES DR btwn TURN LANE & WOODROFFE AVE (__3ZA291),__3ZA291,01 - Non intersection,03 - P.D. only,07 - SMV other,02 - Rain,01 - Daylight,02 - Wet,10 - No control,,1,0,0,0,,0,,,,,366783.5454,5013967.031,45.26293028,-75.71017452,9117
17--5962,6/6/2017,4:00 AM,CATHERINE ST @ ELGIN ST (0002638),2638,02 - Intersection related,03 - P.D. only,03 - Rear end,02 - Rain,07 - Dark,02 - Wet,01 - Traffic signal,01 - Functioning,2,0,0,0,,0,,,,,368552.3752,5030576.234,45.41221821,-75.68549758,9118
17--5963,6/6/2017,4:00 PM,BESSERER ST @ NELSON ST (0008520),8520,02 - Intersection related,03 - P.D. only,04 - Sideswipe,02 - Rain,01 - Daylight,02 - Wet,02 - Stop sign,01 - Functioning,2,0,0,0,,0,,,,,368691.7155,5032425.59,45.42884535,-75.68347772,9119
17--5964,6/6/2017,4:00 PM,MACKENZIE AVE @ RIDEAU ST (0002136),2136,03 - At intersection,02 - Non-fatal injury,02 - Angle,02 - Rain,01 - Daylight,02 - Wet,01 - Traffic signal,01 - Functioning,2,0,0,0,02 - Minor,1,,1,,,367869.6992,5032009.58,45.42517685,-75.69403513,9120
17--5965,6/6/2017,4:10 PM,SCOTT ST btwn ISLAND PARK DR & OAKDALE AVE (__3ZA4PD),__3ZA4PD,01 - Non intersection,03 - P.D. only,03 - Rear end,02 - Rain,01 - Daylight,02 - Wet,10 - No control,,2,0,0,0,,0,,,,,363892.2179,5029077.343,45.39914051,-75.74521014,9121
17--5966,6/6/2017,4:33 PM,GLAMORGAN DR btwn UXBRIDGE CRES & HEATHCLIFFE CRT (__3ZACHK),__3ZACHK,04 - At/near private drive,03 - P.D. only,99 - Other,02 - Rain,01 - Daylight,02 - Wet,10 - No control,,2,0,0,0,,0,,,,,353502.6648,5016345.304,45.2853755,-75.87916154,9122
17--5967,6/6/2017,4:37 PM,BASELINE RD @ NAVAHO DR (0003158),3158,02 - Intersection related,03 - P.D. only,03 - Rear end,02 - Rain,01 - Daylight,02 - Wet,01 - Traffic signal,00 - Unknown,2,0,0,0,,0,,,,,363087.3629,5024097.506,45.35440006,-75.75607754,9123
17--5968,6/6/2017,4:53 PM,LYON ST    N btwn NEPEAN ST & LISGAR ST (__3ZA3CL),__3ZA3CL,01 - Non intersection,03 - P.D. only,04 - Sideswipe,02 - Rain,01 - Daylight,02 - Wet,10 - No control,,2,0,0,0,,0,,,,,367249.4925,5030910.457,45.41534293,-75.70209926,9124
17--5969,6/6/2017,5:00 PM,ALBERT ST @ PRESTON ST (0002217),2217,02 - Intersection related,03 - P.D. only,03 - Rear end,02 - Rain,01 - Daylight,02 - Wet,01 - Traffic signal,01 - Functioning,2,0,0,0,,0,,,,,366161.0315,5030465.909,45.4114393,-75.71606027,9125
17--597,1/13/2017,5:53 PM,REGIONAL ROAD 174 btwn OR174 IC109 RAMP54 & OR174 IC109 RAMP55 (__3ZA28X),__3ZA28X,01 - Non intersection,03 - P.D. only,03 - Rear end,01 - Clear,07 - Dark,01 - Dry,10 - No control,,3,0,0,0,,0,,,,,376442.1866,5034924.549,45.45057849,-75.58407668,9126
17--5970,6/6/2017,5:11 PM,NIXON DR/ROGER STEVENS DR @ RIVER RD (0001087),1087,03 - At intersection,03 - P.D. only,05 - Turning movement,02 - Rain,01 - Daylight,02 - Wet,02 - Stop sign,01 - Functioning,2,0,0,0,,0,,,,,373169.3496,5002763.307,45.16152918,-75.63035021,9127
17--5971,6/6/2017,5:16 PM,PRINCE OF WALES DR @ WEST HUNT CLUB RD (0000567),567,02 - Intersection related,03 - P.D. only,07 - SMV other,02 - Rain,01 - Daylight,02 - Wet,01 - Traffic signal,01 - Functioning,1,0,0,0,,0,,,,,367459.7136,5021890.834,45.33416778,-75.70055796,9128
17--5972,6/6/2017,5:30 PM,IRIS ST @ WOODROFFE AVE (0002736),2736,02 - Intersection related,03 - P.D. only,03 - Rear end,02 - Rain,01 - Daylight,02 - Wet,01 - Traffic signal,01 - Functioning,2,0,0,0,,0,,,,,362283.0266,5024442.857,45.3575739,-75.76630228,9129
17--5973,6/6/2017,5:35 PM,STAFFORD RD btwn BEXLEY PL & RICHMOND RD (__3ZBNFY),__3ZBNFY,04 - At/near private drive,03 - P.D. only,02 - Angle,01 - Clear,01 - Daylight,01 - Dry,10 - No control,,2,0,0,0,,0,,,,,358111.3664,5021152.016,45.32829236,-75.81989894,9130
17--5974,6/6/2017,5:45 PM,MACKENZIE AVE @ RIDEAU ST (0002136),2136,02 - Intersection related,03 - P.D. only,04 - Sideswipe,01 - Clear,01 - Daylight,02 - Wet,01 - Traffic signal,01 - Functioning,2,0,0,0,,0,,,,,367869.7758,5032009.766,45.42517851,-75.69403413,9131
17--5975,6/6/2017,6:25 PM,RIVERSIDE DR RAMP 34 @ RIVERSIDE DR (0010857),10857,02 - Intersection related,03 - P.D. only,05 - Turning movement,01 - Clear,01 - Daylight,01 - Dry,03 - Yield sign,01 - Functioning,2,0,0,0,,0,,,,,368339.7662,5027182.205,45.38169911,-75.68865078,9132
17--5976,6/6/2017,6:27 PM,CLAYMOR AVE @ MEADOWLANDS DR (0003184),3184,02 - Intersection related,03 - P.D. only,04 - Sideswipe,01 - Clear,01 - Daylight,01 - Dry,01 - Traffic signal,01 - Functioning,2,0,0,0,,0,,,,,366920.1876,5025321.763,45.3650866,-75.70700983,9133
17--5977,6/6/2017,7:00 AM,HIGHWAY 417 btwn HWY417 IC117 RAMP61 & HWY417 IC115 RAMP36 (__3ZA2RZ),__3ZA2RZ,01 - Non intersection,02 - Non-fatal injury,03 - Rear end,01 - Clear,01 - Daylight,01 - Dry,10 - No control,,2,0,0,0,01 - Minimal,1,1,,,,371784.6607,5031445.161,45.41973451,-75.64408821,9134
17--5978,6/6/2017,7:03 PM,ST. JOSEPH BLVD @ FOREST VALLEY DR/YOUVILLE DR (0004440),4440,02 - Intersection related,03 - P.D. only,03 - Rear end,01 - Clear,01 - Daylight,01 - Dry,01 - Traffic signal,01 - Functioning,2,0,0,0,,0,,,,,379164.4067,5036157.259,45.46138516,-75.54909226,9135
17--5979,6/6/2017,7:15 PM,REGIONAL ROAD 174 btwn OR174 IC105 RAMP26 & OR174 IC105 RAMP63 (__3ZA2XB),__3ZA2XB,01 - Non intersection,03 - P.D. only,03 - Rear end,01 - Clear,01 - Daylight,01 - Dry,10 - No control,,3,0,0,0,,0,,,,,379529.6041,5037105.072,45.46987389,-75.54427898,9136
17--598,1/13/2017,6:00 PM,TERRY FOX DR @ 135 S OF HAZELDEAN RD/SOBEY'S S (0012468),12468,02 - Intersection related,03 - P.D. only,02 - Angle,01 - Clear,07 - Dark,01 - Dry,01 - Traffic signal,00 - Unknown,2,0,0,0,,0,,,,,352292.2264,5017139.441,45.29260418,-75.89451473,9137
17--5980,6/6/2017,7:50 PM,GREENBANK RD @ JOCKVALE RD (0010360),10360,02 - Intersection related,02 - Non-fatal injury,03 - Rear end,01 - Clear,01 - Daylight,01 - Dry,01 - Traffic signal,01 - Functioning,2,0,0,0,02 - Minor,1,,1,,,364122.6911,5014330.413,45.26642942,-75.74403403,9138
17--5981,6/6/2017,8:00 AM,EAGLESON RD @ HAZELDEAN RD/ROBERTSON RD (0002715),2715,02 - Intersection related,03 - P.D. only,03 - Rear end,02 - Rain,01 - Daylight,02 - Wet,01 - Traffic signal,01 - Functioning,2,0,0,0,,0,,,,,353673.2905,5018423.122,45.30406033,-75.87678185,9139
17--5982,6/6/2017,8:02 AM,WEST HUNT CLUB RD EB btwn CEDARVIEW RD & GREENBANK RD (__3ZA198),__3ZA198,01 - Non intersection,03 - P.D. only,03 - Rear end,02 - Rain,01 - Daylight,02 - Wet,10 - No control,,2,0,0,0,,0,,,,,361394.3927,5020439.603,45.32162502,-75.77810156,9140
17--5983,6/6/2017,8:17 AM,INNES RD @ EASTPARK DR E/RONDEL ST (0003146),3146,03 - At intersection,03 - P.D. only,02 - Angle,01 - Clear,01 - Daylight,02 - Wet,02 - Stop sign,01 - Functioning,2,0,0,0,,0,,,,,378794.0585,5033317.128,45.435871,-75.55425448,9141
17--5984,6/6/2017,9:31 AM,LABELLE ST/RAMP @ LEMIEUX ST/HWY417 IC115 RAMP (0012538),12538,02 - Intersection related,03 - P.D. only,02 - Angle,01 - Clear,01 - Daylight,01 - Dry,02 - Stop sign,01 - Functioning,2,0,0,0,,0,,,,,372542.4244,5031687.538,45.42184235,-75.63437349,9142
17--5985,6/6/2017,9:45 AM,RIVER RD btwn ROGER STEVENS DR & DOYLE RD (__3ZA3TW),__3ZA3TW,01 - Non intersection,03 - P.D. only,07 - SMV other,02 - Rain,01 - Daylight,02 - Wet,10 - No control,,1,0,0,0,,0,,,,,373374.298,5003058.395,45.16416448,-75.62770307,9143
17--5986,6/6/2017,9:48 AM,BRONSON AVE @ SUNNYSIDE AVE/UNIVERSITY RD - CA (0007209),7209,02 - Intersection related,03 - P.D. only,03 - Rear end,02 - Rain,01 - Daylight,02 - Wet,01 - Traffic signal,01 - Functioning,2,0,0,0,,0,,,,,367922.3757,5028091.547,45.38991885,-75.69386368,9144
17--5987,6/6/2017,9:58 PM,BOWESVILLE RD/HIGH RD @ LEITRIM RD (0012439),12439,02 - Intersection related,03 - P.D. only,07 - SMV other,01 - Clear,07 - Dark,01 - Dry,02 - Stop sign,00 - Unknown,1,0,0,0,,0,,,,,371674.7313,5019287.472,45.31035442,-75.64713813,9145
17--5988,6/7/2017,1:15 PM,WOODROFFE AVE btwn GEORGINA DR & HWY417 IC127 RAMP36 (__3ZA4L6),__3ZA4L6,01 - Non intersection,03 - P.D. only,03 - Rear end,01 - Clear,01 - Daylight,01 - Dry,10 - No control,,2,0,0,0,,0,,,,,361940.7903,5025286.907,45.36519657,-75.77057255,9146
17--5989,6/7/2017,1:22 PM,MURRAY ST btwn SUSSEX DR & PARENT AVE (__3ZA3VF),__3ZA3VF,01 - Non intersection,02 - Non-fatal injury,04 - Sideswipe,01 - Clear,01 - Daylight,01 - Dry,10 - No control,,2,1,0,0,02 - Minor,1,,1,,,367775.4724,5032436.538,45.42902696,-75.69518454,9147
17--599,1/13/2017,6:01 PM,OLD RICHMOND RD @ SANIBEL PRIV N (0013539),13539,02 - Intersection related,03 - P.D. only,05 - Turning movement,01 - Clear,07 - Dark,01 - Dry,10 - No control,,2,0,0,0,,0,,,,,357378.651,5019211.467,45.31088638,-75.82945166,9148
17--5990,6/7/2017,1:28 PM,HOLLAND AVE btwn ARMSTRONG ST & WELLINGTON ST W (__3ZA4QQ),__3ZA4QQ,04 - At/near private drive,03 - P.D. only,99 - Other,01 - Clear,01 - Daylight,01 - Dry,10 - No control,,2,0,0,0,,0,,,,,364903.3726,5029212.603,45.40027148,-75.73227925,9149
17--5991,6/7/2017,1:35 PM,COLONNADE RD @ MERIVALE RD (0004569),4569,02 - Intersection related,03 - P.D. only,03 - Rear end,01 - Clear,01 - Daylight,01 - Dry,01 - Traffic signal,01 - Functioning,2,0,0,0,,0,,,,,365362.6917,5022543.828,45.34022746,-75.72723034,9150
17--5992,6/7/2017,1:49 PM,PRINCE OF WALES DR btwn WATERBEND LANE & TURN LANE (__3ZA1H4),__3ZA1H4,01 - Non intersection,03 - P.D. only,05 - Turning movement,01 - Clear,01 - Daylight,01 - Dry,10 - No control,,2,0,0,0,,0,,,,,367433.0973,5021723.384,45.33266347,-75.7009187,9151
17--5993,6/7/2017,10:04 AM,ISABELLA ST/HWY417 IC119AR75 @ METCALFE ST (0011380),11380,03 - At intersection,03 - P.D. only,04 - Sideswipe,01 - Clear,01 - Daylight,01 - Dry,01 - Traffic signal,01 - Functioning,2,0,0,0,,0,,,,,368447.2867,5030399.445,45.41063709,-75.68686289,9152
17--5994,6/7/2017,10:34 AM,BRONSON AVE btwn OLD SUNSET BLVD & LAKESIDE AVE (__3ZA3NC),__3ZA3NC,01 - Non intersection,03 - P.D. only,04 - Sideswipe,01 - Clear,01 - Daylight,01 - Dry,10 - No control,,2,0,0,0,,0,,,,,367642.0007,5028867.307,45.39692414,-75.69734519,9153
17--5995,6/7/2017,10:42 AM,MERIVALE RD btwn VIEWMOUNT DR & COLONNADE RD (__3ZA33F),__3ZA33F,04 - At/near private drive,03 - P.D. only,05 - Turning movement,01 - Clear,01 - Daylight,01 - Dry,10 - No control,,2,0,0,0,,0,,,,,365216.4859,5022893.214,45.3433838,-75.72905306,9154
17--5996,6/7/2017,10:45 PM,HIGHWAY 416 btwn HWY416 IC72 RAMP62 & HWY416 IC72 RAMP24 (__3ZAZEQ),__3ZAZEQ,01 - Non intersection,03 - P.D. only,04 - Sideswipe,01 - Clear,07 - Dark,01 - Dry,10 - No control,,2,0,0,0,,0,,,,,359453.7474,5019655.41,45.31472258,-75.80294041,9155
17--5997,6/7/2017,10:55 AM,HIGHWAY 417 btwn HWY417 IC110 RAMP55 & HWY417 IC104 RAMP51 (__3ZA2W8),__3ZA2W8,01 - Non intersection,03 - P.D. only,07 - SMV other,01 - Clear,01 - Daylight,01 - Dry,10 - No control,,1,0,0,0,,0,,,,,377204.079,5026775.573,45.37718041,-75.57553452,9156
17--5998,6/7/2017,10:58 AM,KANATA AVE @ LORD BYNG WAY/MARITIME WAY (0009115),9115,02 - Intersection related,03 - P.D. only,01 - Approaching,01 - Clear,01 - Daylight,01 - Dry,01 - Traffic signal,01 - Functioning,2,0,0,0,,0,,,,,351428.4288,5019328.402,45.31235888,-75.90532092,9157
17--5999,6/7/2017,11:02 PM,CARLING AVE @ RICHMOND RD (0010847),10847,03 - At intersection,02 - Non-fatal injury,07 - SMV other,01 - Clear,07 - Dark,01 - Dry,01 - Traffic signal,01 - Functioning,1,0,0,1,01 - Minimal,1,1,,,,360246.0135,5024782.181,45.36079117,-75.79226207,9158
17--60,1/3/2017,12:46 AM,SOMERSET ST    W btwn BAYSWATER AVE & BREEZEHILL AVE N (__3ZA31E),__3ZA31E,04 - At/near private drive,02 - Non-fatal injury,05 - Turning movement,01 - Clear,07 - Dark,02 - Wet,10 - No control,,2,0,0,0,03 - Major,1,,,1,,365858.7257,5029930.739,45.40665042,-75.71998841,9159
17--600,1/13/2017,6:02 PM,STITTSVILLE MAIN ST @ HOBIN ST/WILDPINE CRT (0000052),52,02 - Intersection related,02 - Non-fatal injury,03 - Rear end,01 - Clear,07 - Dark,05 - Packed snow,01 - Traffic signal,01 - Functioning,2,0,0,0,02 - Minor,1,,1,,,349664.1566,5014034.671,45.26483912,-75.92829928,9160
17--6000,6/7/2017,11:12 PM,WOODROFFE AVE btwn HWY417 IC127 RAMP26 & HWY417 IC127 RAMP63 (__3ZA4MC),__3ZA4MC,01 - Non intersection,03 - P.D. only,07 - SMV other,01 - Clear,07 - Dark,01 - Dry,10 - No control,,1,0,0,0,,0,,,,,362100.4127,5024893.364,45.36164247,-75.7685807,9161
17--6001,6/7/2017,11:14 AM,MCARTHUR AVE @ VANIER PKWY (0004626),4626,02 - Intersection related,03 - P.D. only,03 - Rear end,01 - Clear,01 - Daylight,01 - Dry,01 - Traffic signal,01 - Functioning,3,0,0,0,,0,,,,,370218.3706,5032689.917,45.43108253,-75.66393435,9162
17--6002,6/7/2017,Unknown,MARICONA WAY btwn KENO WAY & TANMOUNT WAY (__3ZADJ7),__3ZADJ7,01 - Non intersection,03 - P.D. only,06 - SMV unattended vehicle,01 - Clear,00 - Unknown,01 - Dry,10 - No control,,1,0,0,0,,0,,,,,349720.7218,5020028.865,45.31877315,-75.92703565,9163
17--6003,6/7/2017,Unknown,HOLLAND AVE btwn ARMSTRONG ST & WELLINGTON ST W (__3ZA4QQ),__3ZA4QQ,01 - Non intersection,03 - P.D. only,06 - SMV unattended vehicle,01 - Clear,00 - Unknown,01 - Dry,10 - No control,,1,0,0,0,,0,,,,,364915.3201,5029188.337,45.40005211,-75.73212961,9164
17--6004,6/7/2017,2:49 PM,MAIN ST btwn CENTENNIAL BLVD & TORONTO ST (__3ZA3OT),__3ZA3OT,01 - Non intersection,02 - Non-fatal injury,03 - Rear end,01 - Clear,01 - Daylight,01 - Dry,10 - No control,,3,0,0,0,02 - Minor,1,,1,,,369488.3731,5029398.246,45.4015332,-75.67369504,9165
17--6005,6/7/2017,2:49 PM,INDUSTRIAL AVE @ RIVERSIDE DR (0011905),11905,03 - At intersection,03 - P.D. only,04 - Sideswipe,01 - Clear,01 - Daylight,01 - Dry,01 - Traffic signal,01 - Functioning,2,0,0,0,,0,,,,,370684.7459,5030592.531,45.41216734,-75.65825508,9166
17--6006,6/7/2017,3:33 PM,MERIVALE RD btwn MEADOWLANDS DR & 210 S OF MEADOWLANDS DR/MERIVALE PL  (__3ZBPLPA),__3ZBPLPA,01 - Non intersection,03 - P.D. only,03 - Rear end,01 - Clear,01 - Daylight,01 - Dry,10 - No control,,3,0,0,0,,0,,,,,364901.1748,5023622.5,45.3499729,-75.73298762,9167
17--6007,6/7/2017,3:44 PM,BANK ST btwn ARENA PL & WHITE ALDER AVE (__3ZA29N),__3ZA29N,04 - At/near private drive,03 - P.D. only,02 - Angle,01 - Clear,01 - Daylight,01 - Dry,10 - No control,,2,0,0,0,,0,,,,,375481.7381,5021331.134,45.32836965,-75.59830114,9168
17--6008,6/7/2017,3:50 PM,BASELINE RD/HERON RD @ PRINCE OF WALES DR (0002345),2345,02 - Intersection related,03 - P.D. only,04 - Sideswipe,01 - Clear,01 - Daylight,01 - Dry,01 - Traffic signal,01 - Functioning,2,0,0,0,,0,,,,,366873.2141,5026437.406,45.37512907,-75.70746922,9169
17--6009,6/7/2017,3:54 PM,INDUSTRIAL AVE btwn RUSSELL RD & ST. LAURENT BLVD (__3ZA3R7),__3ZA3R7,04 - At/near private drive,03 - P.D. only,05 - Turning movement,01 - Clear,01 - Daylight,01 - Dry,10 - No control,,2,0,0,0,,0,,,,,373031.1655,5029970.115,45.40634229,-75.62836674,9170
17--601,1/13/2017,6:15 PM,DESCHAMPS AVE @ HANNAH ST (0009996),9996,03 - At intersection,03 - P.D. only,02 - Angle,01 - Clear,07 - Dark,01 - Dry,02 - Stop sign,01 - Functioning,2,0,0,0,,0,,,,,370162.6124,5033317.947,45.4367385,-75.6645635,9171
17--6010,6/7/2017,4:12 PM,NUGGETT DR btwn NATALIE WAY & NATALIE WAY (__3ZA6C0),__3ZA6C0,04 - At/near private drive,03 - P.D. only,99 - Other,01 - Clear,01 - Daylight,01 - Dry,10 - No control,,2,0,0,0,,0,,,,,381612.9925,5035731.02,45.45728528,-75.51785301,9172
17--6011,6/7/2017,5:06 PM,CARLING AVE @ HOLLAND AVE (0002146),2146,02 - Intersection related,02 - Non-fatal injury,04 - Sideswipe,01 - Clear,01 - Daylight,01 - Dry,01 - Traffic signal,01 - Functioning,2,1,0,0,02 - Minor,2,,2,,,365418.3709,5028037.878,45.38965716,-75.72584594,9173
17--6012,6/7/2017,5:08 PM,HWY 417 INNES IC112R57 @ INNES RD (0012298),12298,02 - Intersection related,03 - P.D. only,03 - Rear end,01 - Clear,01 - Daylight,01 - Dry,01 - Traffic signal,01 - Functioning,2,0,0,0,,0,,,,,374298.6047,5030753.96,45.41327024,-75.61206701,9174
17--6013,6/7/2017,5:12 PM,SOLANDT RD btwn HINES RD & MARCH RD (__3ZACVJ),__3ZACVJ,04 - At/near private drive,03 - P.D. only,02 - Angle,01 - Clear,01 - Daylight,01 - Dry,10 - No control,,2,0,0,0,,0,,,,,350463.4321,5022687.856,45.34265147,-75.91731757,9175
17--6014,6/7/2017,5:13 PM,CARLING AVE @ RICHARDSON SIDE RD (0011927),11927,03 - At intersection,02 - Non-fatal injury,05 - Turning movement,01 - Clear,01 - Daylight,01 - Dry,02 - Stop sign,01 - Functioning,2,1,0,0,02 - Minor,1,,1,,,351834.9556,5022268.487,45.33878729,-75.89985724,9176
17--6015,6/7/2017,5:21 PM,DALY AVE @ CHARLOTTE ST (0007743),7743,02 - Intersection related,03 - P.D. only,03 - Rear end,01 - Clear,01 - Daylight,01 - Dry,02 - Stop sign,01 - Functioning,2,0,0,0,,0,,,,,369334.3271,5032723.022,45.43146253,-75.67522716,9177
17--6016,6/7/2017,5:38 PM,MERIVALE RD @ WEST HUNT CLUB RD (0000584),584,02 - Intersection related,03 - P.D. only,04 - Sideswipe,01 - Clear,01 - Daylight,01 - Dry,01 - Traffic signal,01 - Functioning,2,0,0,0,,0,,,,,365610.0915,5021944.627,45.33481453,-75.72414749,9178
17--6017,6/7/2017,6:10 PM,MONTREAL RD @ GRANVILLE ST/LAFONTAINE AVE (0009348),9348,03 - At intersection,03 - P.D. only,05 - Turning movement,01 - Clear,01 - Daylight,01 - Dry,01 - Traffic signal,01 - Functioning,2,0,0,0,,0,,,,,370827.6795,5033475.354,45.43809229,-75.65604271,9179
17--6018,6/7/2017,6:24 AM,CORKERY RD btwn MANION RD & OLD ALMONTE RD (__3ZACBF),__3ZACBF,01 - Non intersection,03 - P.D. only,07 - SMV other,01 - Clear,01 - Daylight,01 - Dry,10 - No control,,1,0,0,0,,0,,,,,338798.5976,5013178.834,45.25774695,-76.06681228,9180
17--6019,6/7/2017,6:38 PM,JASMINE CRES S @ OGILVIE RD (0009282),9282,03 - At intersection,03 - P.D. only,02 - Angle,01 - Clear,01 - Daylight,01 - Dry,02 - Stop sign,01 - Functioning,2,0,0,0,,0,,,,,375353.732,5033721.254,45.43986269,-75.59816303,9181
17--602,1/13/2017,6:16 PM,TERRY FOX DR @ FERNBANK RD (0011863),11863,03 - At intersection,03 - P.D. only,05 - Turning movement,01 - Clear,07 - Dark,01 - Dry,01 - Traffic signal,01 - Functioning,2,0,0,0,,0,,,,,354307.3396,5015130.474,45.27438795,-75.86902572,9182
17--6020,6/7/2017,7:19 AM,BOWESVILLE RD/EMERALD LINKS DR W @ MITCH OWENS (0005296),5296,03 - At intersection,03 - P.D. only,02 - Angle,01 - Clear,01 - Daylight,01 - Dry,02 - Stop sign,01 - Functioning,2,0,1,0,,0,,,,,374182.4055,5013707.106,45.25990069,-75.61594149,9183
17--6021,6/7/2017,7:58 AM,GREENBANK RD btwn WEST HUNT CLUB RD & FALLOWFIELD RD (__3ZA1NE),__3ZA1NE,01 - Non intersection,03 - P.D. only,03 - Rear end,01 - Clear,01 - Daylight,01 - Dry,10 - No control,,2,0,0,0,,0,,,,,363018.1339,5016878.275,45.28944746,-75.7578097,9184
17--6022,6/7/2017,8:01 PM,BLAIR RD @ REGIONAL RD 174 N/OR174 IC112 RAMP61 (0003617),3617,02 - Intersection related,03 - P.D. only,04 - Sideswipe,01 - Clear,01 - Daylight,01 - Dry,01 - Traffic signal,01 - Functioning,2,0,0,0,,0,,,,,374633.0347,5032991.245,45.43336683,-75.6074776,9185
17--6023,6/7/2017,8:17 AM,HUNTMAR DR btwn PALLADIUM DR & MAPLE GROVE RD (__3ZA1EH),__3ZA1EH,01 - Non intersection,03 - P.D. only,03 - Rear end,01 - Clear,01 - Daylight,01 - Dry,10 - No control,,2,0,0,0,,0,,,,,349983.0641,5017019.861,45.29168043,-75.92396393,9186
17--6024,6/7/2017,8:34 AM,ST. LAURENT BLVD @ TREMBLAY RD (0002573),2573,03 - At intersection,03 - P.D. only,04 - Sideswipe,01 - Clear,01 - Daylight,01 - Dry,01 - Traffic signal,01 - Functioning,2,0,0,0,,0,,,,,372596.4617,5031240.521,45.41781506,-75.63374458,9187
17--6025,6/7/2017,8:41 AM,HIGHWAY 417 btwn HWY417 IC126 RAMP61 & HWY417 IC124 RAMP76 (__3ZA2Y2),__3ZA2Y2,01 - Non intersection,03 - P.D. only,03 - Rear end,01 - Clear,01 - Daylight,01 - Dry,10 - No control,,2,0,0,0,,0,,,,,363673.472,5026541.152,45.37633871,-75.7483065,9188
17--6026,6/7/2017,9:00 AM,BLAIR RD @ REGIONAL RD 174 S/OR174 IC112 RAMP15 (0012435),12435,03 - At intersection,03 - P.D. only,05 - Turning movement,01 - Clear,01 - Daylight,01 - Dry,01 - Traffic signal,01 - Functioning,2,0,0,0,,0,,,,,374906.8867,5032660.871,45.43036691,-75.60402502,9189
17--6027,6/7/2017,9:11 AM,BASELINE RD @ MERIVALE RD (0002342),2342,02 - Intersection related,03 - P.D. only,03 - Rear end,01 - Clear,01 - Daylight,01 - Dry,01 - Traffic signal,01 - Functioning,2,0,0,0,,0,,,,,365055.0309,5025325.515,45.36528317,-75.73081669,9190
17--6028,6/7/2017,9:33 PM,HIGHWAY 416 btwn HWY416 IC57 RAMP34 & HWY416 IC57 RAMP43 (__3ZAZEJ),__3ZAZEJ,01 - Non intersection,03 - P.D. only,07 - SMV other,01 - Clear,07 - Dark,01 - Dry,10 - No control,,1,0,0,0,,0,,,,,364609.7461,5008209.618,45.21131295,-75.7385639,9191
17--6029,6/7/2017,9:35 AM,FAIRMONT AVE @ GLADSTONE AVE (0006154),6154,03 - At intersection,02 - Non-fatal injury,07 - SMV other,01 - Clear,01 - Daylight,01 - Dry,01 - Traffic signal,01 - Functioning,1,0,0,1,01 - Minimal,1,1,,,,365735.368,5029345.232,45.40139292,-75.72163648,9192
17--603,1/13/2017,6:20 AM,COVENTRY RD @ VANIER PKWY (0002139),2139,02 - Intersection related,03 - P.D. only,04 - Sideswipe,01 - Clear,07 - Dark,02 - Wet,01 - Traffic signal,01 - Functioning,2,0,0,0,,0,,,,,370677.2433,5031610.845,45.42133042,-75.65821479,9193
17--6030,6/7/2017,9:46 PM,CEDARVIEW RD @ WEST HUNT CLUB RD (0010267),10267,03 - At intersection,02 - Non-fatal injury,05 - Turning movement,01 - Clear,07 - Dark,01 - Dry,01 - Traffic signal,01 - Functioning,2,0,0,0,02 - Minor,1,,1,,,359719.6807,5019554.478,45.31379364,-75.79956011,9194
17--6031,6/8/2017,1:01 PM,BRONSON AVE btwn RENFREW AVE & POWELL AVE (__3ZA3BZ),__3ZA3BZ,01 - Non intersection,02 - Non-fatal injury,03 - Rear end,01 - Clear,01 - Daylight,01 - Dry,10 - No control,,3,0,0,0,02 - Minor,1,,1,,,367359.0527,5029540.861,45.40300992,-75.70087338,9195