Anom_ID,Accident_Date,Accident_Time,Location,Geo_ID,Accident_Location,Classification_of_Accident,Initial_Impact_Type,Environment_Condition,Light,Road_Surface_Condition,Traffic_Control,Traffic_Control_Condition,No__of_Vehicles,No__of_Bicycles,No__of_Motorcycles,No__of_Pedestrians,Max_Injury,No__of_Injuries,No__of_Minimal,No__of_Minor,No__of_Major,No__of_Fatal,X,Y,Latitude,Longitude,ObjectId
17--6032,6/8/2017,10:25 AM,CLEARVIEW AVE @ ISLAND PARK DR (0006144),6144,03 - At intersection,03 - P.D. only,02 - Angle,01 - Clear,01 - Daylight,01 - Dry,02 - Stop sign,01 - Functioning,2,0,0,0,,0,,,,,363546.3549,5029364.565,45.40175399,-75.74959328,9196
17--6033,6/8/2017,10:39 AM,TERRY FOX DR btwn HAZELDEAN RD & 135 S OF HAZELDEAN RD/SOBEY'S SC (__3ZBPL2A),__3ZBPL2A,01 - Non intersection,03 - P.D. only,04 - Sideswipe,01 - Clear,01 - Daylight,01 - Dry,10 - No control,,2,0,0,0,,0,,,,,352217.1811,5017230.557,45.29342914,-75.89546273,9197
17--6034,6/8/2017,11:12 AM,HINES RD @ SOLANDT RD (0011896),11896,02 - Intersection related,03 - P.D. only,07 - SMV other,01 - Clear,01 - Daylight,09 - Spilled liquid,10 - No control,00 - Unknown,1,0,0,0,,0,,,,,350332.4743,5022567.3,45.34157519,-75.91899965,9198
17--6035,6/8/2017,Unknown,SHEFFIELD RD btwn INNES PARK WAY & BANTREE ST (__3ZA79N),__3ZA79N,01 - Non intersection,03 - P.D. only,06 - SMV unattended vehicle,02 - Rain,00 - Unknown,02 - Wet,10 - No control,,1,0,0,0,,0,,,,,374617.1914,5030114.772,45.40748744,-75.60808768,9199
17--6036,6/8/2017,12:27 PM,RAMSAYVILLE RD btwn LEITRIM RD & LEITRIM RD (__3ZA6FG),__3ZA6FG,01 - Non intersection,03 - P.D. only,07 - SMV other,01 - Clear,01 - Daylight,01 - Dry,10 - No control,,1,0,0,0,,0,,,,,378752.5244,5023809.96,45.3503358,-75.55621024,9200
17--5857,6/2/2017,9:58 AM,HWY 417 MAITLAND IC126R26/62 @ MAITLAND AVE (0008228),8228,02 - Intersection related,03 - P.D. only,03 - Rear end,01 - Clear,01 - Daylight,01 - Dry,01 - Traffic signal,01 - Functioning,2,0,0,0,,0,,,,,363146.0882,5025983.703,45.37136697,-75.75510539,9201
17--5858,6/3/2017,11:46 AM,FALLOWFIELD RD @ GREENBANK RD (0000549),549,03 - At intersection,02 - Non-fatal injury,05 - Turning movement,01 - Clear,01 - Daylight,01 - Dry,01 - Traffic signal,01 - Functioning,2,0,0,0,02 - Minor,1,,1,,,363081.0102,5016731.786,45.28812414,-75.7570254,9202
17--5859,6/3/2017,Unknown,FOX VALLEY RD btwn WADDION DR & END (__3ZA183),__3ZA183,01 - Non intersection,03 - P.D. only,06 - SMV unattended vehicle,01 - Clear,07 - Dark,01 - Dry,10 - No control,,1,0,0,0,,0,,,,,375149.3781,5012583.322,45.24969317,-75.60378107,9203
17--586,1/13/2017,4:27 PM,ST. LAURENT BLVD @ WALKLEY RD (0007653),7653,03 - At intersection,02 - Non-fatal injury,07 - SMV other,01 - Clear,01 - Daylight,01 - Dry,01 - Traffic signal,01 - Functioning,1,0,0,1,02 - Minor,1,,1,,,373903.2928,5028045.227,45.3889375,-75.61749655,9204
17--5860,6/3/2017,12:03 AM,BAYVIEW RD/BURNSIDE AVE @ SLIDELL ST (0005647),5647,02 - Intersection related,03 - P.D. only,07 - SMV other,01 - Clear,07 - Dark,01 - Dry,11 - Roundabout,01 - Functioning,1,0,0,0,,0,,,,,365162.1695,5030245.627,45.40954413,-75.72884739,9205
17--5861,6/3/2017,12:12 PM,ST. JOSEPH BLVD btwn ORLEANS BLVD & COUSINEAU ST (__3ZA2B2),__3ZA2B2,04 - At/near private drive,03 - P.D. only,02 - Angle,01 - Clear,01 - Daylight,01 - Dry,10 - No control,,2,0,0,0,,0,,,,,380667.8882,5037003.855,45.4688405,-75.52973912,9206
17--5862,6/3/2017,12:13 PM,ALLEN BLVD @ MCARTHUR AVE (0009809),9809,02 - Intersection related,03 - P.D. only,04 - Sideswipe,01 - Clear,01 - Daylight,01 - Dry,01 - Traffic signal,01 - Functioning,2,0,0,0,,0,,,,,370750.7051,5032749.346,45.43156725,-75.65712374,9207
17--5863,6/3/2017,2:01 PM,ISABELLA ST btwn CHAMBERLAIN AVE & O'CONNOR ST (__3ZA3PM),__3ZA3PM,01 - Non intersection,03 - P.D. only,03 - Rear end,01 - Clear,01 - Daylight,01 - Dry,10 - No control,,3,0,0,0,,0,,,,,368183.3932,5030241.652,45.40924127,-75.69025426,9208
17--5864,6/3/2017,2:30 PM,RIDEAU ST btwn KING EDWARD AVE & NELSON ST (__3ZA3VG),__3ZA3VG,04 - At/near private drive,03 - P.D. only,02 - Angle,01 - Clear,01 - Daylight,01 - Dry,10 - No control,,2,0,0,0,,0,,,,,368562.194,5032444.182,45.42902446,-75.6851304,9209
17--5865,6/3/2017,2:45 PM,WITHROW AVE btwn PENDER ST & ST. HELEN'S PL (__3ZBOK0),__3ZBOK0,04 - At/near private drive,03 - P.D. only,06 - SMV unattended vehicle,01 - Clear,01 - Daylight,01 - Dry,10 - No control,,1,0,0,0,,0,,,,,364378.9415,5024062.267,45.35397443,-75.73959879,9210
17--5866,6/3/2017,2:46 PM,FISHER AVE btwn 220 S OF TRENT ST & MCCOOEY LANE (__3ZA30SB),__3ZA30SB,01 - Non intersection,03 - P.D. only,03 - Rear end,01 - Clear,01 - Daylight,01 - Dry,10 - No control,,2,0,0,0,,0,,,,,365939.2178,5026559.309,45.37630804,-75.71937797,9211
17--5867,6/3/2017,3:26 PM,CASTLEFRANK RD @ TERRY FOX DR (0011757),11757,02 - Intersection related,03 - P.D. only,03 - Rear end,01 - Clear,01 - Daylight,01 - Dry,01 - Traffic signal,01 - Functioning,2,0,0,0,,0,,,,,352994.3435,5016303.47,45.2850341,-75.88564506,9212
17--5868,6/3/2017,3:54 PM,OTTAWA RIVER PKWY EB btwn TRANSIT & TURN LANE (1) (__3ZA232),__3ZA232,01 - Non intersection,02 - Non-fatal injury,03 - Rear end,01 - Clear,01 - Daylight,01 - Dry,10 - No control,,2,0,0,0,02 - Minor,1,,1,,,362667.3469,5029043.276,45.39893629,-75.76085819,9213
17--5869,6/3/2017,4:28 PM,RIVERSIDE DR btwn 175 S OF HUNT CLUB  RD & GL/OT BOUNDARY (__7JIWK3A),__7JIWK3A,01 - Non intersection,03 - P.D. only,04 - Sideswipe,01 - Clear,01 - Daylight,01 - Dry,10 - No control,,2,0,0,0,,0,,,,,368247.5164,5020952.5,45.32565404,-75.69062806,9214
17--587,1/13/2017,4:30 PM,HIGHWAY 417 btwn HWY417 IC121B RAMP51 & HWY417 IC121A RAMP51 (__3ZA2YW),__3ZA2YW,01 - Non intersection,03 - P.D. only,03 - Rear end,01 - Clear,01 - Daylight,01 - Dry,10 - No control,,4,0,0,0,,0,,,,,366992.3633,5029641.103,45.40394455,-75.70554436,9215
17--5870,6/3/2017,4:28 PM,ISABELLA ST/HWY417 IC119AR75 @ METCALFE ST (0011380),11380,03 - At intersection,03 - P.D. only,02 - Angle,01 - Clear,01 - Daylight,01 - Dry,01 - Traffic signal,01 - Functioning,2,0,0,0,,0,,,,,368448.046,5030399.817,45.41064037,-75.68685314,9216
17--5871,6/3/2017,4:38 PM,4TH LINE RD btwn FOREST RD & SPRINGHILL RD (__3ZA7I8),__3ZA7I8,01 - Non intersection,03 - P.D. only,07 - SMV other,01 - Clear,01 - Daylight,01 - Dry,10 - No control,,1,0,0,0,,0,,,,,379732.3214,5004332.335,45.17498071,-75.54664559,9217
17--5872,6/3/2017,5:00 PM,RIOCAN AVE @ STRANDHERD DR (0010997),10997,02 - Intersection related,03 - P.D. only,03 - Rear end,01 - Clear,01 - Daylight,01 - Dry,01 - Traffic signal,01 - Functioning,2,0,0,0,,0,,,,,364171.8744,5014945.242,45.27195751,-75.74333382,9218
17--5873,6/3/2017,5:14 PM,CARLING AVE @ IROQUOIS RD (0003145),3145,03 - At intersection,02 - Non-fatal injury,02 - Angle,01 - Clear,01 - Daylight,01 - Dry,01 - Traffic signal,01 - Functioning,2,0,0,0,01 - Minimal,1,1,,,,362214.6893,5026025.53,45.37182025,-75.76699055,9219
17--5874,6/3/2017,7:33 PM,DONNELLY DR btwn FAIRMILE RD & FOURTH LINE RD (__3ZA30H),__3ZA30H,01 - Non intersection,03 - P.D. only,07 - SMV other,01 - Clear,01 - Daylight,01 - Dry,10 - No control,,1,0,0,0,,0,,,,,371940.7766,4993069.506,45.07442189,-75.647276,9220
17--5875,6/3/2017,7:49 PM,BRONSON AVE @ COOPER ST (0005110),5110,03 - At intersection,03 - P.D. only,02 - Angle,01 - Clear,01 - Daylight,01 - Dry,10 - No control,00 - Unknown,2,0,0,0,,0,,,,,366932.7037,5030559.901,45.41221693,-75.70619059,9221
17--5876,6/3/2017,9:30 PM,HIGHWAY 417 btwn HIGHWAY 417 & HIGHWAY 417 (2) (__3ZA2UZ),__3ZA2UZ,01 - Non intersection,03 - P.D. only,07 - SMV other,01 - Clear,07 - Dark,01 - Dry,10 - No control,,1,0,0,0,,0,,,,,375320.7711,5030439.742,45.41034081,-75.5990541,9222
17--5877,6/3/2017,9:38 AM,FALLOWFIELD RD @ GREENBANK RD (0000549),549,03 - At intersection,03 - P.D. only,05 - Turning movement,01 - Clear,01 - Daylight,01 - Dry,01 - Traffic signal,01 - Functioning,2,0,0,0,,0,,,,,363080.3413,5016731.786,45.28812419,-75.75703393,9223
17--5878,6/4/2017,1:33 PM,STITTSVILLE MAIN ST btwn MANCHESTER ST & ABBOTT ST W (__3ZA3DD),__3ZA3DD,01 - Non intersection,03 - P.D. only,03 - Rear end,02 - Rain,01 - Daylight,02 - Wet,10 - No control,,3,0,0,0,,0,,,,,350246.9121,5013343.457,45.25858192,-75.92093688,9224
17--5879,6/4/2017,1:37 PM,BLAIR RD @ MEADOWBROOK RD (0004163),4163,02 - Intersection related,03 - P.D. only,03 - Rear end,02 - Rain,01 - Daylight,02 - Wet,01 - Traffic signal,01 - Functioning,3,0,0,0,,0,,,,,375196.4067,5032310.232,45.42718298,-75.6003755,9225
17--588,1/13/2017,5:03 PM,CARLING AVE @ MOODIE DR/JAMES CUMMINGS AVE W (0000158),158,03 - At intersection,03 - P.D. only,05 - Turning movement,01 - Clear,05 - Dusk,01 - Dry,01 - Traffic signal,01 - Functioning,2,0,0,0,,0,,,,,355999.944,5023936.302,45.35350285,-75.84654474,9226
17--5880,6/4/2017,10:05 AM,ALBION RD @ HUNT CLUB RD (0006974),6974,02 - Intersection related,03 - P.D. only,03 - Rear end,01 - Clear,01 - Daylight,01 - Dry,01 - Traffic signal,01 - Functioning,2,0,0,0,,0,,,,,371868.0682,5024320.518,45.35562179,-75.64399076,9227
17--5881,6/4/2017,10:45 PM,FIRST LINE RD btwn PHELAN RD E & ROGER STEVENS DR (__3ZA0L0),__3ZA0L0,01 - Non intersection,03 - P.D. only,07 - SMV other,01 - Clear,07 - Dark,02 - Wet,10 - No control,,1,0,0,0,,0,,,,,371221.9205,5002976.013,45.16362903,-75.65509024,9228
17--5882,6/4/2017,11:32 PM,LACASSE AVE btwn BLAKE BLVD & MCARTHUR AVE (__3ZBOXM),__3ZBOXM,01 - Non intersection,03 - P.D. only,99 - Other,01 - Clear,07 - Dark,01 - Dry,10 - No control,,2,0,0,0,,0,,,,,370818.6464,5032785.722,45.43188813,-75.65625064,9229
17--5883,6/4/2017,Unknown,BEECHWOOD AVE btwn ST. PATRICK ST & MACKAY ST (__3ZBOFT),__3ZBOFT,01 - Non intersection,03 - P.D. only,06 - SMV unattended vehicle,01 - Clear,00 - Unknown,01 - Dry,10 - No control,,1,0,0,0,,0,,,,,369147.0689,5033519.157,45.4386431,-75.67751608,9230
17--5884,6/4/2017,12:09 PM,BRONSON AVE btwn BRONSON AVE NB ON RAMP 42 & BRONSON AVE SB ON RAMP 43 (__3ZA3NZ),__3ZA3NZ,01 - Non intersection,03 - P.D. only,04 - Sideswipe,01 - Clear,01 - Daylight,01 - Dry,10 - No control,,2,0,0,0,,0,,,,,367770.4373,5028380.452,45.39253202,-75.69576703,9231
17--5885,6/4/2017,12:17 PM,REGIONAL ROAD 174 EB btwn OR174 IC109 RAMP55 & TRANSIT (__3ZA28V),__3ZA28V,01 - Non intersection,02 - Non-fatal injury,03 - Rear end,01 - Clear,01 - Daylight,01 - Dry,10 - No control,,5,0,0,0,02 - Minor,4,1,3,,,376531.4161,5035123.14,45.45235613,-75.5829071,9232
17--5886,6/4/2017,12:37 PM,WALKLEY RD @ DON REID DR/RYDER ST (0008218),8218,03 - At intersection,03 - P.D. only,02 - Angle,01 - Clear,01 - Daylight,01 - Dry,01 - Traffic signal,01 - Functioning,2,0,0,0,,0,,,,,372602.0614,5027285.213,45.38222639,-75.63421677,9233
17--5887,6/4/2017,12:59 AM,PRINCE OF WALES DR @ STRANDHERD DR (0013339),13339,02 - Intersection related,03 - P.D. only,03 - Rear end,01 - Clear,07 - Dark,01 - Dry,01 - Traffic signal,01 - Functioning,2,0,0,0,,0,,,,,367175.6243,5014824.191,45.27060829,-75.70507128,9234
17--5888,6/4/2017,2:32 PM,RIDEAU ST btwn AUGUSTA ST & COBOURG ST (__3ZA3W7),__3ZA3W7,01 - Non intersection,02 - Non-fatal injury,03 - Rear end,01 - Clear,01 - Daylight,01 - Dry,10 - No control,,2,0,0,0,01 - Minimal,1,1,,,,369023.8458,5032723.279,45.43149343,-75.67919478,9235
17--5889,6/4/2017,2:49 AM,HIGHWAY 416 btwn HWY416 IC42 RAMP24 & END (__3ZAZJ6),__3ZAZJ6,01 - Non intersection,03 - P.D. only,07 - SMV other,01 - Clear,07 - Dark,01 - Dry,10 - No control,,1,0,0,0,,0,,,,,372010.2475,4994304.254,45.08552569,-75.64622832,9236
17--589,1/13/2017,5:19 PM,FROBISHER LANE W @ RIVERSIDE DR (0011961),11961,03 - At intersection,02 - Non-fatal injury,03 - Rear end,01 - Clear,05 - Dusk,02 - Wet,01 - Traffic signal,01 - Functioning,2,0,0,0,02 - Minor,1,,1,,,370118.5013,5029600.252,45.40329227,-75.66562012,9237
17--5890,6/4/2017,2:54 AM,BANK ST btwn TURN LANE & SPRINGHILL RD (__3ZA2LG),__3ZA2LG,01 - Non intersection,03 - P.D. only,03 - Rear end,01 - Clear,07 - Dark,01 - Dry,10 - No control,,2,0,0,0,,0,,,,,384426.001,5008086.194,45.20824205,-75.48633816,9238
17--5891,6/4/2017,3:16 PM,BANK ST @ GLADSTONE AVE (0002253),2253,03 - At intersection,03 - P.D. only,02 - Angle,01 - Clear,01 - Daylight,01 - Dry,01 - Traffic signal,01 - Functioning,2,0,0,0,,0,,,,,367916.7064,5030562.8,45.41215496,-75.69361981,9239
17--5892,6/4/2017,3:20 PM,HIGHWAY 417 btwn HWY417 IC119A RAMP75 & HWY417 IC118 RAMP57 (__3ZA2R2),__3ZA2R2,01 - Non intersection,03 - P.D. only,99 - Other,01 - Clear,01 - Daylight,01 - Dry,10 - No control,,3,0,0,0,,0,,,,,368922.7523,5030683.159,45.41314645,-75.68075221,9240
17--5893,6/4/2017,3:26 PM,INNES RD btwn HWY417 IC112 RAMP58 & HWY417 IC112 RAMP57 (__3ZA3R0),__3ZA3R0,01 - Non intersection,03 - P.D. only,03 - Rear end,01 - Clear,01 - Daylight,01 - Dry,10 - No control,,3,0,0,0,,0,,,,,374277.1572,5030739.47,45.41314199,-75.61234304,9241
17--5894,6/4/2017,3:30 PM,TERRY FOX DR @ WESTPHALIAN AVE (0014366),14366,02 - Intersection related,03 - P.D. only,03 - Rear end,02 - Rain,01 - Daylight,02 - Wet,01 - Traffic signal,01 - Functioning,2,0,0,0,,0,,,,,353455.2261,5015759.789,45.28011017,-75.87982363,9242
17--5895,6/4/2017,3:30 PM,BANK ST @ SOUTHKEYS SC (0009010),9010,02 - Intersection related,02 - Non-fatal injury,03 - Rear end,01 - Clear,01 - Daylight,01 - Dry,01 - Traffic signal,01 - Functioning,2,0,0,0,01 - Minimal,1,1,,,,371084.064,5024522.853,45.35751689,-75.653969,9243
17--5896,6/4/2017,3:36 PM,MEADOWBROOK RD @ BORTOLOTTI CRES N/CEDARCROFT  (0009443),9443,03 - At intersection,03 - P.D. only,02 - Angle,02 - Rain,01 - Daylight,02 - Wet,02 - Stop sign,01 - Functioning,2,0,0,0,,0,,,,,374424.8062,5031989.338,45.42437298,-75.61028026,9244
17--5897,6/4/2017,3:52 AM,PARKWAY RD btwn CEDAR LANE & HIRAM DR (__3ZA6GF),__3ZA6GF,01 - Non intersection,02 - Non-fatal injury,07 - SMV other,01 - Clear,07 - Dark,01 - Dry,10 - No control,,1,0,0,0,01 - Minimal,1,1,,,,376878.7089,5013016.513,45.25341589,-75.58169018,9245
17--5898,6/4/2017,3:56 PM,INNES RD @ TENTH LINE RD (0004633),4633,03 - At intersection,03 - P.D. only,04 - Sideswipe,01 - Clear,01 - Daylight,01 - Dry,01 - Traffic signal,01 - Functioning,2,0,0,0,,0,,,,,383952.7636,5036158.892,45.46087375,-75.48787196,9246
17--5899,6/4/2017,4:14 PM,NELSON ST @ RIDEAU ST (0007626),7626,03 - At intersection,03 - P.D. only,05 - Turning movement,01 - Clear,01 - Daylight,01 - Dry,01 - Traffic signal,00 - Unknown,2,0,0,0,,0,,,,,368651.9844,5032497.613,45.42949702,-75.68397609,9247
17--59,1/3/2017,12:25 PM,HIGHWAY 417 btwn HWY417 IC144 RAMP16 & HWY417 IC144 RAMP61 (__3ZA2QU),__3ZA2QU,01 - Non intersection,03 - P.D. only,07 - SMV other,02 - Rain,01 - Daylight,04 - Slush,10 - No control,,1,0,0,0,,0,,,,,347573.5104,5016023.082,45.28286185,-75.95476768,9248
17--590,1/13/2017,5:20 PM,EVELYN AVE @ MAIN ST (0007721),7721,02 - Intersection related,02 - Non-fatal injury,03 - Rear end,01 - Clear,05 - Dusk,01 - Dry,01 - Traffic signal,01 - Functioning,2,0,0,0,01 - Minimal,1,1,,,,369039.1822,5030472.388,45.41123932,-75.67929229,9249
17--5900,6/4/2017,4:58 AM,FALLOWFIELD RD btwn ORR ST & GREENBANK RD (__3ZA3HG),__3ZA3HG,01 - Non intersection,03 - P.D. only,07 - SMV other,01 - Clear,03 - Dawn,01 - Dry,10 - No control,,1,0,0,0,,0,,,,,362964.5627,5016642.553,45.28733086,-75.75852022,9250
17--5901,6/4/2017,6:35 PM,REGIONAL RD 174 @ TRIM RD (0012835),12835,02 - Intersection related,03 - P.D. only,07 - SMV other,02 - Rain,01 - Daylight,02 - Wet,01 - Traffic signal,01 - Functioning,1,0,0,0,,0,,,,,384350.1811,5039991.678,45.49531238,-75.48217026,9251
17--5902,6/4/2017,7:14 PM,CONROY RD @ WALKLEY RD (0002648),2648,02 - Intersection related,03 - P.D. only,03 - Rear end,01 - Clear,01 - Daylight,01 - Dry,01 - Traffic signal,01 - Functioning,2,0,0,0,,0,,,,,372904.7259,5027463.531,45.38380146,-75.63032781,9252
17--5903,6/4/2017,7:26 AM,HIGHWAY 417 btwn HWY417 IC96 RAMP61 & HWY417 IC88 RAMP16 (__3ZA27Z),__3ZA27Z,01 - Non intersection,03 - P.D. only,07 - SMV other,01 - Clear,01 - Daylight,01 - Dry,10 - No control,,1,0,0,0,,0,,,,,392459.0744,5022888.836,45.34046928,-75.38147995,9253
17--5904,6/4/2017,7:39 PM,SNAKE ISLAND RD btwn 5TH LINE RD & GREY'S CREEK RD (__3ZA2CW),__3ZA2CW,01 - Non intersection,01 - Fatal injury,01 - Approaching,01 - Clear,01 - Daylight,01 - Dry,10 - No control,,2,0,0,0,04 - Fatal,2,1,,,1,381539.8089,5008792.056,45.21491327,-75.52296601,9254
17--5905,6/4/2017,8:21 AM,BRITTANY DR @ MONTREAL RD (0007685),7685,03 - At intersection,03 - P.D. only,02 - Angle,01 - Clear,01 - Daylight,01 - Dry,01 - Traffic signal,01 - Functioning,2,0,0,0,,0,,,,,371912.8457,5033994.782,45.44266253,-75.64210298,9255
17--5906,6/5/2017,1:09 PM,MCRAE AVE @ SCOTT ST (0006868),6868,02 - Intersection related,02 - Non-fatal injury,02 - Angle,01 - Clear,01 - Daylight,01 - Dry,02 - Stop sign,01 - Functioning,2,0,0,0,02 - Minor,1,,1,,,363457.0181,5028811.551,45.39678556,-75.75080011,9256
17--5907,6/5/2017,1:15 PM,ST. LAURENT BLVD/GUY ST @ RIDEAU SS (0007214),7214,03 - At intersection,03 - P.D. only,02 - Angle,01 - Clear,01 - Daylight,01 - Dry,01 - Traffic signal,01 - Functioning,2,0,0,0,,0,,,,,371860.0445,5033043.139,45.43410517,-75.64290751,9257
17--5908,6/5/2017,1:43 PM,DENBURY AVE btwn DOVERCOURT AVE & TILLBURY AVE (__3ZA0P7),__3ZA0P7,04 - At/near private drive,03 - P.D. only,02 - Angle,01 - Clear,01 - Daylight,01 - Dry,10 - No control,,2,0,0,0,,0,,,,,362834.702,5027046.84,45.3809588,-75.75895553,9258
17--5909,6/5/2017,11:15 PM,MANOTICK STATION RD btwn HERBERTS CORNERS RD & SNAKE ISLAND RD (__3ZA71F),__3ZA71F,01 - Non intersection,03 - P.D. only,07 - SMV other,01 - Clear,07 - Dark,02 - Wet,10 - No control,,1,0,0,0,,0,,,,,376708.414,5005823.772,45.188715,-75.58489839,9259
17--591,1/13/2017,5:27 PM,ST. LAURENT BLVD btwn BELFAST RD & INDUSTRIAL AVE (__3ZA3R8),__3ZA3R8,01 - Non intersection,02 - Non-fatal injury,03 - Rear end,01 - Clear,05 - Dusk,01 - Dry,10 - No control,,2,0,0,0,01 - Minimal,1,1,,,,372903.9036,5030464.225,45.41080046,-75.62992403,9260
17--5910,6/5/2017,11:25 PM,KAKULU RD @ CASTLEFRANK RD (0003540),3540,03 - At intersection,03 - P.D. only,02 - Angle,02 - Rain,07 - Dark,02 - Wet,01 - Traffic signal,01 - Functioning,2,0,0,0,,0,,,,,352180.9125,5018498.705,45.3048427,-75.89580392,9261
17--5911,6/5/2017,Unknown,PAUL ANKA DR btwn UPLANDS DR & MCCARTHY RD (__3ZA9CH),__3ZA9CH,01 - Non intersection,03 - P.D. only,06 - SMV unattended vehicle,01 - Clear,00 - Unknown,01 - Dry,10 - No control,,1,0,0,0,,0,,,,,369562.8661,5023706.381,45.35031266,-75.67349003,9262
17--5912,6/5/2017,Unknown,CHURCHILL AVE   N btwn RAVENHILL AVE & KENWOOD AVE (__3ZA4OJ),__3ZA4OJ,01 - Non intersection,03 - P.D. only,06 - SMV unattended vehicle,01 - Clear,00 - Unknown,01 - Dry,10 - No control,,1,0,0,0,,0,,,,,363323.6642,5028067.627,45.39010301,-75.75259147,9263
17--5913,6/5/2017,Unknown,COBBLE HILL DR btwn BARRY HELMAN CRES/FERGUS CRES N & BARRY HELMAN CRES/FERGUS CRES S (e___1G07),e___1G07,01 - Non intersection,03 - P.D. only,06 - SMV unattended vehicle,01 - Clear,00 - Unknown,01 - Dry,10 - No control,,1,0,0,0,,0,,,,,361054.9031,5015134.494,45.27391668,-75.78303348,9264
17--5914,6/5/2017,12:35 PM,RICHMOND RD @ STONEHAVEN DR (0010370),10370,02 - Intersection related,03 - P.D. only,03 - Rear end,02 - Rain,01 - Daylight,02 - Wet,01 - Traffic signal,01 - Functioning,2,0,0,0,,0,,,,,356781.9756,5015892.775,45.28106869,-75.83740856,9265
17--5915,6/5/2017,2:09 PM,BRIAN COBURN BLVD btwn GERRY LALONDE DR & STRASBOURG ST (__6ZT4QS),__6ZT4QS,01 - Non intersection,02 - Non-fatal injury,01 - Approaching,02 - Rain,01 - Daylight,02 - Wet,10 - No control,,2,0,0,0,02 - Minor,1,,1,,,383956.6731,5034807.881,45.44871813,-75.48803942,9266
17--5916,6/5/2017,2:15 PM,HAZELDEAN RD btwn 246 E OF CASTLEFRANK RD & IRWIN GT (__3ZA41NB),__3ZA41NB,04 - At/near private drive,03 - P.D. only,02 - Angle,01 - Clear,01 - Daylight,02 - Wet,10 - No control,,2,0,0,0,,0,,,,,352972.7647,5017944.294,45.29980012,-75.88576076,9267
17--5917,6/5/2017,2:45 PM,FALLOWFIELD RD @ STRANDHERD DR (0005238),5238,02 - Intersection related,03 - P.D. only,03 - Rear end,01 - Clear,01 - Daylight,01 - Dry,01 - Traffic signal,01 - Functioning,3,0,0,0,,0,,,,,360752.5593,5014962.823,45.27239609,-75.78690589,9268
17--5918,6/5/2017,3:30 PM,HWY 417 RIVERSID IC117R53 @ RIVERSIDE DR (0010789),10789,02 - Intersection related,03 - P.D. only,03 - Rear end,01 - Clear,01 - Daylight,01 - Dry,03 - Yield sign,01 - Functioning,2,0,0,0,,0,,,,,370771.9083,5030913.382,45.41504602,-75.65709866,9269
17--5919,6/5/2017,3:40 PM,DESCHAMPS AVE @ VANIER PKWY (0009243),9243,02 - Intersection related,03 - P.D. only,03 - Rear end,01 - Clear,01 - Daylight,01 - Dry,01 - Traffic signal,01 - Functioning,2,0,0,0,,0,,,,,369852.0471,5033268.929,45.43632641,-75.66853907,9270
17--592,1/13/2017,5:28 PM,ALBION RD @ MCMAHON AVE (0008709),8709,03 - At intersection,02 - Non-fatal injury,03 - Rear end,01 - Clear,05 - Dusk,01 - Dry,02 - Stop sign,01 - Functioning,2,0,0,0,01 - Minimal,1,1,,,,372363.2135,5023122.276,45.3447929,-75.63783551,9271
17--5920,6/5/2017,4:08 PM,ST. LAURENT BLVD @ WALKLEY RD (0007653),7653,02 - Intersection related,03 - P.D. only,03 - Rear end,01 - Clear,01 - Daylight,01 - Dry,01 - Traffic signal,01 - Functioning,2,0,0,0,,0,,,,,373901.7468,5028046.186,45.38894628,-75.61751616,9272
17--5921,6/5/2017,4:11 PM,BANK ST @ MITCH OWENS RD (0001640),1640,03 - At intersection,03 - P.D. only,03 - Rear end,01 - Clear,01 - Daylight,01 - Dry,01 - Traffic signal,01 - Functioning,2,0,0,0,,0,,,,,377758.7657,5015947.234,45.2796947,-75.5700489,9273
17--5922,6/5/2017,5:10 PM,BRONSON AVE @ FIRST AVE (0007719),7719,03 - At intersection,02 - Non-fatal injury,03 - Rear end,01 - Clear,01 - Daylight,01 - Dry,02 - Stop sign,01 - Functioning,3,0,0,0,01 - Minimal,1,1,,,,367488.7041,5029235.225,45.4002483,-75.69925623,9274
17--5923,6/5/2017,5:15 AM,HIGHWAY 417 btwn HWY417 IC142 RAMP35 & HWY417 IC142 RAMP25 (__3ZA1ZO),__3ZA1ZO,01 - Non intersection,03 - P.D. only,07 - SMV other,01 - Clear,03 - Dawn,01 - Dry,10 - No control,,1,0,0,0,,0,,,,,349213.7522,5017468.783,45.29576902,-75.93373116,9275
17--5924,6/5/2017,5:30 PM,BANK ST btwn ST. PAUL AVE & KITCHENER AVE (__3ZA4TR),__3ZA4TR,01 - Non intersection,03 - P.D. only,03 - Rear end,01 - Clear,01 - Daylight,01 - Dry,10 - No control,,2,0,0,0,,0,,,,,370521.8126,5025533.417,45.36666256,-75.66101025,9276
17--5925,6/5/2017,5:30 PM,MITCH OWENS RD/BRIDGE ST @ RIVER RD (0003573),3573,02 - Intersection related,03 - P.D. only,03 - Rear end,01 - Clear,01 - Daylight,01 - Dry,01 - Traffic signal,01 - Functioning,2,0,0,0,,0,,,,,369499.3729,5010769.731,45.23391674,-75.67598769,9277
17--5926,6/5/2017,6:01 PM,ARLINGTON AVE @ BRONSON AVE (0006759),6759,02 - Intersection related,03 - P.D. only,03 - Rear end,01 - Clear,01 - Daylight,01 - Dry,01 - Traffic signal,01 - Functioning,2,0,0,0,,0,,,,,367222.1999,5029867.563,45.40596171,-75.70258001,9278
17--5927,6/5/2017,7:20 PM,LYON ST @ WELLINGTON ST (0002388),2388,03 - At intersection,03 - P.D. only,04 - Sideswipe,01 - Clear,01 - Daylight,01 - Dry,01 - Traffic signal,01 - Functioning,2,0,0,0,,0,,,,,366936.9432,5031424.828,45.41999891,-75.70602738,9279