Anom_ID,Accident_Date,Accident_Time,Location,Geo_ID,Accident_Location,Classification_of_Accident,Initial_Impact_Type,Environment_Condition,Light,Road_Surface_Condition,Traffic_Control,Traffic_Control_Condition,No__of_Vehicles,No__of_Bicycles,No__of_Motorcycles,No__of_Pedestrians,Max_Injury,No__of_Injuries,No__of_Minimal,No__of_Minor,No__of_Major,No__of_Fatal,X,Y,Latitude,Longitude,ObjectId
17--5928,6/5/2017,7:40 AM,CONROY RD @ KINGSDALE AVE (0009357),9357,03 - At intersection,03 - P.D. only,02 - Angle,01 - Clear,01 - Daylight,01 - Dry,02 - Stop sign,01 - Functioning,2,0,0,0,,0,,,,,374319.081,5024119.84,45.35357746,-75.61273969,9280
17--5929,6/5/2017,8:22 PM,WILLOWMERE WAY btwn FINDLAY CREEK DR & HAZELNUT CRES (__727TE0),__727TE0,04 - At/near private drive,03 - P.D. only,02 - Angle,01 - Clear,01 - Daylight,01 - Dry,10 - No control,,2,0,0,0,,0,,,,,374162.694,5019357.731,45.31074527,-75.61540273,9281
17--593,1/13/2017,5:30 PM,LONGFIELDS DR @ WOODROFFE AVE (0000096),96,03 - At intersection,03 - P.D. only,03 - Rear end,01 - Clear,05 - Dusk,01 - Dry,01 - Traffic signal,01 - Functioning,3,0,0,0,,0,,,,,365421.1699,5017106.945,45.29130185,-75.72714954,9282
17--5930,6/5/2017,8:33 AM,IRIS ST @ WOODROFFE AVE (0002736),2736,02 - Intersection related,03 - P.D. only,04 - Sideswipe,01 - Clear,01 - Daylight,01 - Dry,01 - Traffic signal,01 - Functioning,2,0,0,0,,0,,,,,362283.2924,5024440.361,45.35755142,-75.76629918,9283
17--5931,6/5/2017,8:40 AM,BASELINE RD btwn FISHER AVE & LEXINGTON ST (__3ZA4JR),__3ZA4JR,01 - Non intersection,03 - P.D. only,03 - Rear end,01 - Clear,01 - Daylight,01 - Dry,10 - No control,,2,0,0,0,,0,,,,,366289.4361,5026104.118,45.37218168,-75.7149635,9284
17--5932,6/5/2017,8:40 PM,SWALE RD btwn DEVEREAUX RD & SPRINGHILL RD (__3ZA7IA),__3ZA7IA,01 - Non intersection,03 - P.D. only,07 - SMV other,01 - Clear,05 - Dusk,01 - Dry,10 - No control,,1,0,0,0,,0,,,,,381246.0883,5005601.187,45.18623501,-75.52719447,9285
17--5933,6/5/2017,8:40 PM,SWALE RD btwn DEVEREAUX RD & SPRINGHILL RD (__3ZA7IA),__3ZA7IA,01 - Non intersection,03 - P.D. only,07 - SMV other,01 - Clear,05 - Dusk,01 - Dry,10 - No control,,1,0,0,0,,0,,,,,381239.2566,5005629,45.186486,-75.52727713,9286
17--5934,6/5/2017,8:55 AM,MARCH RD btwn TERRY FOX DR & SOLANDT RD (__3ZA3CE),__3ZA3CE,01 - Non intersection,03 - P.D. only,03 - Rear end,01 - Clear,01 - Daylight,01 - Dry,10 - No control,,3,0,0,0,,0,,,,,350032.1671,5023210.88,45.3473857,-75.92277257,9287
17--5935,6/5/2017,9:02 PM,GREENBANK RD @ BERRIGAN DR/WESSEX RD (0004726),4726,03 - At intersection,03 - P.D. only,02 - Angle,02 - Rain,05 - Dusk,02 - Wet,01 - Traffic signal,01 - Functioning,2,0,0,0,,0,,,,,363723.3473,5015275.087,45.27496319,-75.74901045,9288
17--5936,6/5/2017,9:04 AM,REGIONAL ROAD 174 btwn OR174 IC109 RAMP54 & OR174 IC109 RAMP55 (__3ZA28X),__3ZA28X,01 - Non intersection,03 - P.D. only,07 - SMV other,01 - Clear,01 - Daylight,01 - Dry,10 - No control,,1,0,0,0,,0,,,,,376404.9947,5034838.859,45.44981132,-75.58456458,9289
17--5937,6/5/2017,9:05 AM,RIDDELL DR btwn MARCH VALLEY RD & SIXTH LINE RD (__3ZA42B),__3ZA42B,01 - Non intersection,03 - P.D. only,07 - SMV other,02 - Rain,01 - Daylight,02 - Wet,10 - No control,,1,0,0,0,,0,,,,,349230.3599,5028216.522,45.39247871,-75.93255405,9290
17--5938,6/5/2017,9:21 PM,PINECREST RD @ LISA AVE (0002577),2577,02 - Intersection related,03 - P.D. only,07 - SMV other,01 - Clear,07 - Dark,01 - Dry,02 - Stop sign,01 - Functioning,1,0,0,0,,0,,,,,360693.6367,5022917.898,45.34398087,-75.78675959,9291
17--5939,6/5/2017,9:40 AM,AVIATION PKWY @ MONTREAL RD (0008799),8799,02 - Intersection related,03 - P.D. only,03 - Rear end,01 - Clear,01 - Daylight,01 - Dry,01 - Traffic signal,01 - Functioning,2,0,0,0,,0,,,,,372146.3822,5034108.583,45.443664,-75.63910247,9292
17--594,1/13/2017,5:40 PM,ST. LAURENT BLVD btwn BOURASSA ST & SMYTH RD (__3ZA3R6),__3ZA3R6,01 - Non intersection,02 - Non-fatal injury,03 - Rear end,01 - Clear,07 - Dark,01 - Dry,10 - No control,,2,0,0,0,02 - Minor,1,,1,,,373308.3017,5029516.707,45.40223567,-75.62488982,9293
17--5940,6/6/2017,1:05 PM,BRIAN COBURN BLVD btwn AQUAVIEW DR & TENTH LINE RD (__5JY425),__5JY425,04 - At/near private drive,03 - P.D. only,02 - Angle,02 - Rain,01 - Daylight,02 - Wet,10 - No control,,2,0,0,0,,0,,,,,384512.2854,5035062.442,45.45094529,-75.4808962,9294
17--5941,6/6/2017,1:33 PM,REGIONAL ROAD 174 btwn QUIGLEY HILL RD & REGIONAL ROAD 174 DIVIDED (__3ZA2Y5),__3ZA2Y5,01 - Non intersection,03 - P.D. only,07 - SMV other,02 - Rain,01 - Daylight,02 - Wet,10 - No control,,1,0,0,0,,0,,,,,384856.4015,5040860.748,45.5030735,-75.47555251,9295
17--5942,6/6/2017,1:42 PM,BLACKBURN BYPASS @ INNES RD W (0009340),9340,02 - Intersection related,02 - Non-fatal injury,03 - Rear end,02 - Rain,01 - Daylight,02 - Wet,01 - Traffic signal,01 - Functioning,5,0,0,0,02 - Minor,1,,1,,,377186.6905,5032174.671,45.42576014,-75.57496406,9296
17--5943,6/6/2017,1:47 PM,MERIVALE RD @ WOODFIELD DR/ROYDON PL (0009776),9776,03 - At intersection,03 - P.D. only,05 - Turning movement,02 - Rain,01 - Daylight,02 - Wet,01 - Traffic signal,01 - Functioning,2,0,0,0,,0,,,,,365462.3667,5022299.837,45.33802345,-75.72598853,9297
17--5944,6/6/2017,1:56 PM,JEANNE D'ARC BLVD  S btwn HENRI LAUZON ST & BOYER RD (__3ZA2BL),__3ZA2BL,01 - Non intersection,02 - Non-fatal injury,04 - Sideswipe,01 - Clear,01 - Daylight,01 - Dry,10 - No control,,2,0,0,0,01 - Minimal,1,1,,,,380658.7431,5036187.2,45.46149388,-75.52998209,9298
17--5945,6/6/2017,10:15 PM,HIGHWAY 417 btwn HWY417 IC124 RAMP76 & HWY417 IC124 RAMP67 (__3ZA2R7),__3ZA2R7,01 - Non intersection,03 - P.D. only,04 - Sideswipe,01 - Clear,07 - Dark,01 - Dry,10 - No control,,2,0,0,0,,0,,,,,364368.1633,5027454.284,45.3844962,-75.73932733,9299
17--5316,5/18/2017,9:47 AM,MARCH RD @ TERRY FOX DR (0003173),3173,02 - Intersection related,03 - P.D. only,03 - Rear end,01 - Clear,01 - Daylight,01 - Dry,01 - Traffic signal,01 - Functioning,2,0,0,0,,0,,,,,349862.9364,5023399.509,45.34909392,-75.9249149,9300
17--5946,6/6/2017,10:49 PM,AMIENS ST btwn PRESTONE DR & PRESTWICK DR (__3ZA6BA),__3ZA6BA,01 - Non intersection,02 - Non-fatal injury,01 - Approaching,01 - Clear,07 - Dark,01 - Dry,10 - No control,,2,1,0,0,02 - Minor,1,,1,,,383028.1219,5037480.767,45.47287096,-75.49948315,9301
17--5317,5/19/2017,1:00 PM,BASELINE RD @ CEDARVIEW RD (0010259),10259,03 - At intersection,03 - P.D. only,04 - Sideswipe,01 - Clear,01 - Daylight,01 - Dry,01 - Traffic signal,01 - Functioning,2,0,0,0,,0,,,,,358967.9994,5021674.49,45.33292802,-75.80891437,9302
17--5318,5/19/2017,1:12 PM,SPRINGHILL RD btwn BLANCHFIELD RD & 4TH LINE RD (__3ZA7I3),__3ZA7I3,01 - Non intersection,02 - Non-fatal injury,07 - SMV other,01 - Clear,01 - Daylight,08 - Loose sand or gravel,10 - No control,,1,0,0,0,02 - Minor,1,,1,,,379314.8856,5002498.846,45.15852768,-75.55222948,9303
17--5319,5/19/2017,10:00 PM,WEST HUNT CLUB RD @ WOODROFFE AVE (0000576),576,02 - Intersection related,03 - P.D. only,02 - Angle,01 - Clear,07 - Dark,01 - Dry,01 - Traffic signal,01 - Functioning,2,0,0,0,,0,,,,,363672.3632,5021246.489,45.32869799,-75.74895108,9304
17--532,1/12/2017,2:05 PM,KING EDWARD AVE @ LAURIER AVE (0002170),2170,02 - Intersection related,03 - P.D. only,03 - Rear end,01 - Clear,01 - Daylight,02 - Wet,01 - Traffic signal,01 - Functioning,3,0,0,0,,0,,,,,368740.5656,5032036.299,45.42533819,-75.68290403,9305
17--5320,5/19/2017,10:20 AM,BANK ST @ RIDEAU RD (0009263),9263,03 - At intersection,03 - P.D. only,03 - Rear end,01 - Clear,01 - Daylight,01 - Dry,01 - Traffic signal,01 - Functioning,2,0,0,0,,0,,,,,376955.7558,5017843.804,45.29684217,-75.5800071,9306
17--5321,5/19/2017,10:20 AM,BELFAST RD @ ST. LAURENT BLVD (0007658),7658,03 - At intersection,02 - Non-fatal injury,07 - SMV other,01 - Clear,01 - Daylight,01 - Dry,01 - Traffic signal,01 - Functioning,1,0,0,0,01 - Minimal,2,2,,,,372860.3897,5030577.893,45.41182742,-75.63046419,9307
17--5322,5/19/2017,10:30 AM,BRITANNIA RD @ CARLING AVE (0002777),2777,03 - At intersection,02 - Non-fatal injury,07 - SMV other,01 - Clear,01 - Daylight,01 - Dry,02 - Stop sign,01 - Functioning,1,0,0,1,01 - Minimal,1,1,,,,360175.012,5024738.528,45.360404,-75.79317319,9308
17--5323,5/19/2017,11:00 AM,BRIDGESTONE DR @ EAGLESON RD (0010095),10095,02 - Intersection related,03 - P.D. only,03 - Rear end,01 - Clear,01 - Daylight,01 - Dry,02 - Stop sign,01 - Functioning,2,0,0,0,,0,,,,,354872.3702,5015402.874,45.27679906,-75.86179734,9309
17--5324,5/19/2017,11:12 AM,COVENTRY RD @ LOLA ST (0007175),7175,03 - At intersection,02 - Non-fatal injury,05 - Turning movement,01 - Clear,01 - Daylight,01 - Dry,01 - Traffic signal,01 - Functioning,2,1,0,0,02 - Minor,1,,1,,,371262.7143,5031614.572,45.42130858,-75.65073391,9310
17--5325,5/19/2017,11:15 PM,MEADOWBROOK RD btwn 170 W OF TELESAT CRT & RIDGEBROOK DR (__3ZA7RQA),__3ZA7RQA,01 - Non intersection,03 - P.D. only,06 - SMV unattended vehicle,01 - Clear,07 - Dark,01 - Dry,10 - No control,,1,0,0,0,,0,,,,,374760.7097,5032127.646,45.42558388,-75.6059687,9311
17--5326,5/19/2017,11:17 AM,MANDALAY ST btwn SWEETFERN CRES & SWEETVALLEY DR (e___2HCQ),e___2HCQ,01 - Non intersection,03 - P.D. only,06 - SMV unattended vehicle,01 - Clear,01 - Daylight,01 - Dry,10 - No control,,1,0,0,0,,0,,,,,384702.898,5034162.175,45.44282375,-75.47860585,9312
17--5327,5/19/2017,11:24 AM,WEST HUNT CLUB RD @ 545 E OF ROYDON PL/SUNDERLAND ST (0010375),10375,03 - At intersection,03 - P.D. only,05 - Turning movement,01 - Clear,01 - Daylight,01 - Dry,01 - Traffic signal,01 - Functioning,2,0,0,0,,0,,,,,366353.7134,5022408.171,45.33892059,-75.71460313,9313
17--5328,5/19/2017,Unknown,CLOVER ST btwn HERON RD & GREGG ST (__3ZA0TC),__3ZA0TC,01 - Non intersection,03 - P.D. only,06 - SMV unattended vehicle,01 - Clear,00 - Unknown,01 - Dry,10 - No control,,1,0,0,0,,0,,,,,369300.7577,5026702.572,45.3772957,-75.67644365,9314
17--5329,5/19/2017,Unknown,SUE HOLLOWAY DR btwn BAYROSE DR & GLENROY GILBERT DR (__8JUTFN),__8JUTFN,01 - Non intersection,03 - P.D. only,06 - SMV unattended vehicle,01 - Clear,00 - Unknown,01 - Dry,10 - No control,,1,0,0,0,,0,,,,,364608.291,5014701.111,45.26972384,-75.7378018,9315
17--533,1/12/2017,2:25 PM,COLONEL BY DR @ UNIVERSITY RD - CARLETON (0007131),7131,02 - Intersection related,03 - P.D. only,07 - SMV other,03 - Snow,01 - Daylight,03 - Loose snow,01 - Traffic signal,01 - Functioning,1,0,0,0,,0,,,,,367347.5919,5026849.231,45.37879238,-75.70136095,9316
17--5330,5/19/2017,12:07 AM,AIRPORT PKWY btwn RAMP & RAMP (4) (__3ZA22T),__3ZA22T,01 - Non intersection,02 - Non-fatal injury,05 - Turning movement,01 - Clear,07 - Dark,01 - Dry,10 - No control,,2,0,0,0,01 - Minimal,2,2,,,,371326.1773,5021727.505,45.33234228,-75.65125503,9317
17--5331,5/19/2017,12:10 PM,ALPINE AVE @ CARLING AVE (0011382),11382,02 - Intersection related,02 - Non-fatal injury,03 - Rear end,01 - Clear,01 - Daylight,01 - Dry,01 - Traffic signal,01 - Functioning,2,0,0,0,02 - Minor,1,,1,,,360497.6803,5024943.188,45.36221996,-75.78903178,9318
17--5332,5/19/2017,12:30 PM,EARL ARMSTRONG RD @ RIVER RD (0012470),12470,02 - Intersection related,03 - P.D. only,03 - Rear end,01 - Clear,01 - Daylight,01 - Dry,01 - Traffic signal,01 - Functioning,2,0,0,0,,0,,,,,367572.3841,5014685.066,45.26932115,-75.70003297,9319
17--5333,5/19/2017,12:51 PM,ROBERTSON RD btwn MOODIE DR & VANIER RD (__3ZBOCN),__3ZBOCN,04 - At/near private drive,03 - P.D. only,02 - Angle,01 - Clear,01 - Daylight,01 - Dry,10 - No control,,2,0,0,0,,0,,,,,357332.3232,5020609.377,45.32346839,-75.8298942,9320
17--5334,5/19/2017,12:55 PM,LOCHELAND CRES btwn WITTINGHAM DR & DEIGHTON CRES (__3ZA1AA),__3ZA1AA,01 - Non intersection,02 - Non-fatal injury,07 - SMV other,01 - Clear,01 - Daylight,01 - Dry,10 - No control,,1,0,0,1,01 - Minimal,2,2,,,,365818.4109,5016490.68,45.28572235,-75.72216144,9321
17--5335,5/19/2017,12:56 PM,HIGHWAY 417 btwn HWY417 IC119B RAMP76 & HWY417 IC119A RAMP67 (__3ZA2YT),__3ZA2YT,01 - Non intersection,03 - P.D. only,03 - Rear end,01 - Clear,01 - Daylight,01 - Dry,10 - No control,,3,0,0,0,,0,,,,,368451.7049,5030454.212,45.41112946,-75.68679938,9322
17--5336,5/19/2017,2:30 PM,CEDARVIEW RD btwn 217 S OF FALLOWFIELD RD/CEDARVIEW MIDDLE PS & JOCKVA (__3ZAB7IB),__3ZAB7IB,04 - At/near private drive,02 - Non-fatal injury,05 - Turning movement,01 - Clear,01 - Daylight,01 - Dry,10 - No control,,2,0,0,0,02 - Minor,2,,2,,,361426.7919,5015368.581,45.27599316,-75.77826745,9323
17--5337,5/19/2017,2:30 PM,RIDEAU ST @ WURTEMBURG ST (0007118),7118,02 - Intersection related,03 - P.D. only,04 - Sideswipe,01 - Clear,01 - Daylight,01 - Dry,01 - Traffic signal,01 - Functioning,2,0,0,0,,0,,,,,369357.7095,5032925.589,45.43328299,-75.67490179,9324
17--5338,5/19/2017,2:34 PM,LYON ST @ SLATER ST (0002207),2207,03 - At intersection,02 - Non-fatal injury,07 - SMV other,01 - Clear,01 - Daylight,01 - Dry,01 - Traffic signal,01 - Functioning,1,0,0,1,02 - Minor,1,,1,,,367103.0391,5031152.587,45.4175346,-75.70393967,9325
17--5339,5/19/2017,2:58 PM,ALTA VISTA DR @ SMYTH RD (0011353),11353,02 - Intersection related,02 - Non-fatal injury,03 - Rear end,01 - Clear,01 - Daylight,01 - Dry,01 - Traffic signal,01 - Functioning,2,0,0,0,02 - Minor,1,,1,,,370433.0504,5029081.558,45.39859583,-75.66167152,9326
17--534,1/12/2017,3:28 PM,HIGHWAY 417 btwn HWY417 IC126 RAMP25 & HWY417 IC124 RAMP57 (__3ZA2R5),__3ZA2R5,01 - Non intersection,03 - P.D. only,03 - Rear end,01 - Clear,01 - Daylight,01 - Dry,10 - No control,,5,0,0,0,,0,,,,,363582.6817,5026385.423,45.3749451,-75.74948414,9327
17--5340,5/19/2017,3:07 PM,BANK ST @ POWELL AVE (0007236),7236,02 - Intersection related,03 - P.D. only,02 - Angle,01 - Clear,01 - Daylight,01 - Dry,02 - Stop sign,01 - Functioning,2,0,0,0,,0,,,,,368174.0421,5029945.561,45.40657798,-75.69041177,9328
17--5341,5/19/2017,3:21 PM,PLACE D'ORLEANS DR @ PLACE D'ORLEANS SC N (0009234),9234,03 - At intersection,03 - P.D. only,05 - Turning movement,01 - Clear,01 - Daylight,01 - Dry,01 - Traffic signal,01 - Functioning,2,0,0,0,,0,,,,,381415.1586,5037940.977,45.47719036,-75.52003768,9329
17--5342,5/19/2017,3:41 PM,HIGHWAY 417 btwn HWY417 IC118 RAMP35 & HWY417 IC117 RAMP51 (__3ZA2YP),__3ZA2YP,01 - Non intersection,03 - P.D. only,03 - Rear end,01 - Clear,01 - Daylight,01 - Dry,10 - No control,,2,0,0,0,,0,,,,,370146.4175,5031097.116,45.41675787,-75.66506513,9330
17--5343,5/19/2017,3:50 PM,HAZELDEAN RD @ YOUNG RD (0003049),3049,02 - Intersection related,03 - P.D. only,03 - Rear end,01 - Clear,01 - Daylight,01 - Dry,02 - Stop sign,01 - Functioning,2,0,0,0,,0,,,,,352465.614,5017480.448,45.29566091,-75.89227154,9331
17--5344,5/19/2017,4:05 PM,ST. LAURENT BLVD btwn MCARTHUR AVE & DONALD ST (__3ZBOF4),__3ZBOF4,01 - Non intersection,03 - P.D. only,04 - Sideswipe,01 - Clear,01 - Daylight,01 - Dry,10 - No control,,2,0,0,0,,0,,,,,371925.2844,5032874.413,45.43258079,-75.64209678,9332
17--5345,5/19/2017,4:06 AM,RICHMOND RD @ HARTLEIGH AVE (0002758),2758,02 - Intersection related,03 - P.D. only,03 - Rear end,01 - Clear,07 - Dark,01 - Dry,02 - Stop sign,00 - Unknown,2,0,0,0,,0,,,,,361182.3138,5026042.549,45.37205721,-75.78016782,9333
17--5346,5/19/2017,4:07 PM,RESEARCH RD btwn CANADAIR PRIV & UPLANDS DR (__3ZA1DJ),__3ZA1DJ,01 - Non intersection,03 - P.D. only,07 - SMV other,01 - Clear,01 - Daylight,01 - Dry,10 - No control,,1,0,0,0,,0,,,,,370760.335,5021392.828,45.32938436,-75.65851789,9334
17--5347,5/19/2017,4:42 PM,SUSSEX DR @ 262 N OF KING EDWARD AVE (0008806),8806,02 - Intersection related,02 - Non-fatal injury,03 - Rear end,01 - Clear,01 - Daylight,01 - Dry,01 - Traffic signal,01 - Functioning,3,0,0,0,02 - Minor,1,,1,,,367767.5182,5033733.401,45.44069639,-75.69512031,9335
17--5348,5/19/2017,4:46 PM,CARP RD @ HAZELDEAN RD (0000086),86,03 - At intersection,03 - P.D. only,05 - Turning movement,01 - Clear,01 - Daylight,01 - Dry,01 - Traffic signal,01 - Functioning,2,0,0,0,,0,,,,,348805.5792,5014361.105,45.26783073,-75.93921061,9336
17--5349,5/19/2017,4:46 PM,CARLING AVE @ ROCHESTER ST (0002145),2145,02 - Intersection related,03 - P.D. only,04 - Sideswipe,01 - Clear,01 - Daylight,01 - Dry,02 - Stop sign,00 - Unknown,2,0,0,0,,0,,,,,366991.767,5029043.275,45.39856551,-75.70562736,9337
17--535,1/12/2017,4:13 PM,WOODROFFE AVE @ QUEENSBURY DR/RIDEAUCREST DR (0000043),43,03 - At intersection,02 - Non-fatal injury,07 - SMV other,02 - Rain,01 - Daylight,02 - Wet,01 - Traffic signal,01 - Functioning,1,0,0,1,02 - Minor,1,,1,,,365728.2442,5016329.26,45.28427773,-75.72333056,9338
17--5350,5/19/2017,6:09 PM,MONTREAL RD btwn L'ALLEMAND ST & ALTHA AVE (__3ZA3L9),__3ZA3L9,01 - Non intersection,03 - P.D. only,06 - SMV unattended vehicle,01 - Clear,01 - Daylight,01 - Dry,10 - No control,,1,0,0,0,,0,,,,,370598.7692,5033362.907,45.43710212,-75.65898333,9339
17--5351,5/19/2017,6:39 PM,WOODROFFE AVE @ QUEENSBURY DR/RIDEAUCREST DR (0000043),43,02 - Intersection related,02 - Non-fatal injury,03 - Rear end,01 - Clear,01 - Daylight,01 - Dry,01 - Traffic signal,01 - Functioning,2,0,0,0,02 - Minor,1,,1,,,365728.036,5016329.784,45.28428246,-75.72333315,9340
17--5352,5/19/2017,7:07 PM,HUNT CLUB RD @ RIVERSIDE DR (0002237),2237,02 - Intersection related,02 - Non-fatal injury,03 - Rear end,01 - Clear,01 - Daylight,01 - Dry,01 - Traffic signal,01 - Functioning,3,0,0,0,01 - Minimal,1,1,,,,368037.0375,5021946.836,45.33461988,-75.69318576,9341
17--5353,5/19/2017,7:10 PM,HIGHWAY 417 btwn HWY417 IC127 RAMP67 & HWY417 IC126 RAMP16 (__3ZA2X0),__3ZA2X0,01 - Non intersection,03 - P.D. only,03 - Rear end,01 - Clear,01 - Daylight,01 - Dry,10 - No control,,2,0,0,0,,0,,,,,363026.5715,5025678.015,45.36862636,-75.75666714,9342
17--5354,5/19/2017,7:40 PM,HIGHWAY 417 btwn HWY417 IC163 RAMP51 & HWY417 IC163 RAMP15 (__34IVFY),__34IVFY,01 - Non intersection,03 - P.D. only,07 - SMV other,01 - Clear,01 - Daylight,01 - Dry,10 - No control,,1,0,0,0,,0,,,,,330963.2849,5021540.717,45.33332725,-76.16620156,9343
17--5355,5/19/2017,9:40 AM,RICHMOND RD @ LYNHAR RD/STAFFORD RD (0000155),155,02 - Intersection related,03 - P.D. only,02 - Angle,01 - Clear,01 - Daylight,01 - Dry,01 - Traffic signal,01 - Functioning,2,0,0,0,,0,,,,,358138.7279,5021086.146,45.32769758,-75.81955701,9344
17--5356,5/20/2017,1:00 AM,CHARLOTTE ST @ STEWART ST (0007742),7742,03 - At intersection,03 - P.D. only,05 - Turning movement,01 - Clear,07 - Dark,01 - Dry,01 - Traffic signal,01 - Functioning,2,0,0,0,,0,,,,,369375.0385,5032658.92,45.43088201,-75.67471531,9345
17--5357,5/20/2017,1:00 PM,CARLING AVE btwn PRESTON ST & BOOTH ST (__3ZA25F),__3ZA25F,04 - At/near private drive,03 - P.D. only,06 - SMV unattended vehicle,01 - Clear,01 - Daylight,01 - Dry,10 - No control,,1,0,0,0,,0,,,,,366914.4309,5028965.74,45.39787474,-75.70662484,9346
17--5358,5/20/2017,1:05 PM,RIDEAU ST btwn WELLINGTON ST & MACKENZIE AVE (__3ZA25K),__3ZA25K,01 - Non intersection,03 - P.D. only,04 - Sideswipe,01 - Clear,01 - Daylight,01 - Dry,10 - No control,,2,0,0,0,,0,,,,,367817.0449,5031975.402,45.42487407,-75.6947123,9347
17--5359,5/20/2017,1:15 PM,INNES RD @ TENTH LINE RD (0004633),4633,03 - At intersection,03 - P.D. only,05 - Turning movement,01 - Clear,01 - Daylight,01 - Dry,01 - Traffic signal,01 - Functioning,2,0,0,0,,0,,,,,383952.2698,5036160.58,45.460889,-75.487878,9348
17--536,1/12/2017,4:23 PM,EARL ARMSTRONG RD @ BOWESVILLE RD (0009411),9411,03 - At intersection,03 - P.D. only,02 - Angle,01 - Clear,01 - Daylight,02 - Wet,02 - Stop sign,01 - Functioning,2,0,0,0,,0,,,,,372560.778,5017440.391,45.29364997,-75.63609201,9349
17--5360,5/20/2017,1:21 PM,HIGHWAY 417 btwn HWY417 IC96 RAMP61 & HWY417 IC88 RAMP16 (__3ZA27Z),__3ZA27Z,01 - Non intersection,03 - P.D. only,07 - SMV other,01 - Clear,01 - Daylight,01 - Dry,10 - No control,,1,0,0,0,,0,,,,,392437.5814,5022898.032,45.3405547,-75.38175252,9350
17--5361,5/20/2017,1:30 PM,HIGHWAY 417 btwn HWY417 IC138 RAMP61 & HWY417 IC134 RAMP36 (__3ZA20I),__3ZA20I,01 - Non intersection,03 - P.D. only,03 - Rear end,01 - Clear,01 - Daylight,01 - Dry,10 - No control,,2,0,0,0,,0,,,,,355492.7136,5021740.256,45.33377945,-75.85324305,9351
17--5362,5/20/2017,1:40 PM,BOUNDARY RD @ DEVINE RD (0001671),1671,03 - At intersection,03 - P.D. only,02 - Angle,01 - Clear,01 - Daylight,01 - Dry,02 - Stop sign,01 - Functioning,2,0,0,0,,0,,,,,388360.4989,5021455.471,45.32807323,-75.43401,9352
17--5363,5/20/2017,1:45 PM,ORLEANS BLVD btwn JEANNE D'ARC BLVD S & BEAUSEJOUR DR (__3ZA2BJ),__3ZA2BJ,04 - At/near private drive,03 - P.D. only,02 - Angle,01 - Clear,01 - Daylight,01 - Dry,10 - No control,,2,0,0,0,,0,,,,,381011.6031,5036046.362,45.46018833,-75.5254925,9353
17--5364,5/20/2017,1:47 PM,BANK ST btwn BELMONT AVE & GROVE AVE (__3ZA3N1),__3ZA3N1,01 - Non intersection,03 - P.D. only,04 - Sideswipe,01 - Clear,01 - Daylight,01 - Dry,10 - No control,,2,0,0,0,,0,,,,,368841.3199,5028381.838,45.39244738,-75.68209136,9354
17--5365,5/20/2017,11:01 AM,NEPEAN ST @ O'CONNOR ST (0006942),6942,03 - At intersection,02 - Non-fatal injury,02 - Angle,01 - Clear,01 - Daylight,01 - Dry,02 - Stop sign,01 - Functioning,2,1,0,0,01 - Minimal,1,1,,,,367721.7132,5031225.916,45.41813902,-75.69602614,9355
17--5366,5/20/2017,11:08 AM,EARL MULLIGAN DR @ WOODROFFE AVE (0000591),591,03 - At intersection,02 - Non-fatal injury,05 - Turning movement,01 - Clear,01 - Daylight,01 - Dry,01 - Traffic signal,01 - Functioning,2,0,0,0,02 - Minor,2,,2,,,365251.7045,5017506.46,45.29491126,-75.72926114,9356
17--5367,5/20/2017,11:30 AM,HOLLAND AVE btwn BYRON AVE & TYNDALL ST (__3ZA4PS),__3ZA4PS,04 - At/near private drive,03 - P.D. only,05 - Turning movement,01 - Clear,01 - Daylight,01 - Dry,10 - No control,,2,0,0,0,,0,,,,,365024.0047,5028936.285,45.39777486,-75.73077225,9357
17--5368,5/20/2017,12:44 PM,ROBERTSON RD btwn FITZGERALD RD & MOODIE DR (__3ZA411),__3ZA411,04 - At/near private drive,02 - Non-fatal injury,07 - SMV other,01 - Clear,01 - Daylight,01 - Dry,10 - No control,,1,0,0,2,03 - Major,2,,,2,,356943.9096,5020382.568,45.3214565,-75.83487237,9358
17--5369,5/20/2017,12:52 PM,HAWTHORNE RD @ HUNT CLUB RD (0007651),7651,03 - At intersection,02 - Non-fatal injury,07 - SMV other,01 - Clear,01 - Daylight,01 - Dry,01 - Traffic signal,01 - Functioning,1,0,0,1,02 - Minor,1,,1,,,375508.0844,5026407.198,45.37403915,-75.59723923,9359
17--537,1/12/2017,4:30 PM,CASTLEFRANK RD btwn SHELDRAKE DR & GLAMORGAN DR (__3ZACL3),__3ZACL3,04 - At/near private drive,03 - P.D. only,06 - SMV unattended vehicle,01 - Clear,01 - Daylight,05 - Packed snow,10 - No control,,1,0,0,0,,0,,,,,353313.2428,5016470.796,45.28651781,-75.88156379,9360
17--5370,5/20/2017,2:03 PM,ELGIN ST @ ISABELLA ST (0002608),2608,02 - Intersection related,03 - P.D. only,04 - Sideswipe,01 - Clear,01 - Daylight,01 - Dry,02 - Stop sign,01 - Functioning,2,0,0,0,,0,,,,,368614.5981,5030489.789,45.41143474,-75.68471389,9361