Anom_ID,Accident_Date,Accident_Time,Location,Geo_ID,Accident_Location,Classification_of_Accident,Initial_Impact_Type,Environment_Condition,Light,Road_Surface_Condition,Traffic_Control,Traffic_Control_Condition,No__of_Vehicles,No__of_Bicycles,No__of_Motorcycles,No__of_Pedestrians,Max_Injury,No__of_Injuries,No__of_Minimal,No__of_Minor,No__of_Major,No__of_Fatal,X,Y,Latitude,Longitude,ObjectId
17--5371,5/20/2017,2:30 PM,BRONSON AVE btwn GLOUCESTER ST & NEPEAN ST (__3ZA2G4),__3ZA2G4,01 - Non intersection,03 - P.D. only,04 - Sideswipe,01 - Clear,01 - Daylight,01 - Dry,10 - No control,,2,0,0,0,,0,,,,,366846.0767,5030765.148,45.41407137,-75.7072714,9362
17--5372,5/20/2017,2:38 PM,GLADSTONE AVE @ LEBRETON ST (0005746),5746,03 - At intersection,03 - P.D. only,02 - Angle,01 - Clear,01 - Daylight,01 - Dry,02 - Stop sign,01 - Functioning,2,0,0,0,,0,,,,,366855.366,5029922.569,45.40648926,-75.70725879,9363
17--5373,5/20/2017,2:47 PM,OTTAWA RIVER PKWY @ REMIC RAPIDS ENT/TUNNEY'S  (0011322),11322,02 - Intersection related,03 - P.D. only,07 - SMV other,01 - Clear,01 - Daylight,01 - Dry,01 - Traffic signal,01 - Functioning,1,0,0,0,,0,,,,,364263.2714,5030245.247,45.40961766,-75.74033022,9364
17--5374,5/20/2017,2:50 PM,RIVERSIDE DR NB btwn INDUSTRIAL AVE & TREMBLAY RD (__3ZA4SE),__3ZA4SE,01 - Non intersection,02 - Non-fatal injury,03 - Rear end,01 - Clear,01 - Daylight,01 - Dry,10 - No control,,2,0,1,0,02 - Minor,1,,1,,,370691.742,5030607.269,45.41229929,-75.65816373,9365
17--5375,5/20/2017,2:55 AM,COLONEL BY DR @ HOG'S BACK RD (0002635),2635,03 - At intersection,03 - P.D. only,07 - SMV other,01 - Clear,07 - Dark,01 - Dry,01 - Traffic signal,01 - Functioning,1,0,0,0,,0,,,,,367602.375,5025872.2,45.36997851,-75.69823231,9366
17--5376,5/20/2017,3:00 PM,HAWTHORNE AVE/ISABELLA ST @ QUEEN ELIZABETH DR (0002105),2105,03 - At intersection,02 - Non-fatal injury,07 - SMV other,01 - Clear,01 - Daylight,01 - Dry,01 - Traffic signal,01 - Functioning,1,0,0,1,01 - Minimal,1,1,,,,368666.0982,5030476.166,45.41130746,-75.68405777,9367
17--5377,5/20/2017,3:45 PM,GREENBANK RD @ IRIS ST/HWY 417 IC129 RAMP51 (0009073),9073,02 - Intersection related,03 - P.D. only,03 - Rear end,01 - Clear,01 - Daylight,01 - Dry,01 - Traffic signal,01 - Functioning,2,0,0,0,,0,,,,,360530.3057,5023312.494,45.34754443,-75.78879918,9368
17--5378,5/20/2017,4:10 PM,BANK ST @ HERON RD (0002155),2155,02 - Intersection related,02 - Non-fatal injury,03 - Rear end,01 - Clear,01 - Daylight,01 - Dry,01 - Traffic signal,01 - Functioning,2,0,0,0,01 - Minimal,1,1,,,,369995.3856,5026852.211,45.37857782,-75.66755571,9369
17--5379,5/20/2017,4:15 PM,PRINCE OF WALES DR btwn BLAZER AVE & DEAKIN ST (__3ZA29V),__3ZA29V,01 - Non intersection,03 - P.D. only,03 - Rear end,01 - Clear,01 - Daylight,01 - Dry,10 - No control,,2,0,0,0,,0,,,,,367379.217,5021446.788,45.33017952,-75.70164101,9370
17--538,1/12/2017,4:50 PM,KANATA AVE @ EARL GREY DR (0012608),12608,03 - At intersection,03 - P.D. only,05 - Turning movement,01 - Clear,05 - Dusk,01 - Dry,01 - Traffic signal,01 - Functioning,2,0,0,0,,0,,,,,350951.0037,5019285.031,45.31200015,-75.91141351,9371
17--5380,5/20/2017,4:30 PM,HIGHWAY 417 btwn HWY417 IC121A RAMP16 & HWY417 IC121A RAMP61 (__3ZA2YY),__3ZA2YY,01 - Non intersection,03 - P.D. only,03 - Rear end,01 - Clear,01 - Daylight,01 - Dry,10 - No control,,2,0,0,0,,0,,,,,367055.3459,5029680.841,45.4042965,-75.70473487,9372
17--5381,5/20/2017,5:53 PM,BANK ST @ SUNNYSIDE AVE (0007219),7219,02 - Intersection related,03 - P.D. only,04 - Sideswipe,01 - Clear,01 - Daylight,01 - Dry,01 - Traffic signal,01 - Functioning,2,0,0,0,,0,,,,,368734.3743,5028582.218,45.3942601,-75.68343112,9373
17--5382,5/20/2017,6:00 PM,ELGIN ST @ MACLAREN ST (0006937),6937,03 - At intersection,03 - P.D. only,04 - Sideswipe,01 - Clear,01 - Daylight,01 - Dry,01 - Traffic signal,01 - Functioning,2,0,0,0,,0,,,,,368209.7167,5031125.906,45.41719511,-75.68980423,9374
17--5383,5/20/2017,6:19 AM,INDUSTRIAL AVE @ ALTA VISTA DR/SANDFORD FLEMIN (0006979),6979,03 - At intersection,02 - Non-fatal injury,02 - Angle,01 - Clear,01 - Daylight,01 - Dry,01 - Traffic signal,01 - Functioning,2,0,0,0,01 - Minimal,1,1,,,,370885.0583,5030558.239,45.41183991,-75.65570076,9375
17--5384,5/20/2017,7:13 PM,BAYSHORE DR @ RICHMOND RD (0010407),10407,02 - Intersection related,02 - Non-fatal injury,03 - Rear end,01 - Clear,01 - Daylight,01 - Dry,01 - Traffic signal,01 - Functioning,2,0,1,0,01 - Minimal,1,1,,,,359372.3508,5023369.864,45.3481517,-75.80356895,9376
17--5385,5/20/2017,7:57 AM,MARCH RD btwn TERRY FOX DR & SOLANDT RD (__3ZA3CE),__3ZA3CE,01 - Non intersection,03 - P.D. only,04 - Sideswipe,01 - Clear,01 - Daylight,01 - Dry,10 - No control,,2,0,0,0,,0,,,,,350432.4179,5022774.048,45.34342906,-75.91770536,9377
17--5386,5/20/2017,9:52 AM,ST. JOSEPH BLVD @ JEANNE D'ARC BLVD (0012421),12421,03 - At intersection,03 - P.D. only,04 - Sideswipe,01 - Clear,01 - Daylight,01 - Dry,11 - Roundabout,01 - Functioning,2,0,0,0,,0,,,,,379861.7458,5036470.912,45.46413259,-75.54012866,9378
17--5387,5/21/2017,1:20 PM,ROCKY HILL DR @ PRINCE OF WALES DR (0010328),10328,02 - Intersection related,02 - Non-fatal injury,05 - Turning movement,01 - Clear,01 - Daylight,01 - Dry,01 - Traffic signal,01 - Functioning,3,0,0,0,02 - Minor,1,,1,,,366968.434,5014404.758,45.2668526,-75.70776402,9379
17--5388,5/21/2017,10:12 AM,GLADSTONE AVE btwn LEBRETON ST N & BELL ST N (__3ZA31C),__3ZA31C,01 - Non intersection,03 - P.D. only,06 - SMV unattended vehicle,01 - Clear,01 - Daylight,01 - Dry,10 - No control,,1,0,0,0,,0,,,,,366940.8699,5029966.568,45.40687756,-75.70616106,9380
17--5389,5/21/2017,10:29 PM,BANK ST btwn WALKLEY RD & SURREY AVE (__3ZA4TW),__3ZA4TW,01 - Non intersection,03 - P.D. only,07 - SMV other,01 - Clear,07 - Dark,01 - Dry,10 - No control,,1,0,0,0,,0,,,,,370358.9222,5025888.203,45.36987006,-75.66304237,9381
17--539,1/12/2017,4:51 PM,BASELINE RD @ SANDCASTLE DR (0001122),1122,02 - Intersection related,03 - P.D. only,04 - Sideswipe,01 - Clear,05 - Dusk,02 - Wet,01 - Traffic signal,00 - Unknown,2,0,0,0,,0,,,,,359630.5274,5021988.351,45.33570069,-75.80042757,9382
17--5390,5/21/2017,10:55 PM,BASELINE RD btwn CONSTELLATION CRES & WOODROFFE AVE (__3ZA34J),__3ZA34J,01 - Non intersection,03 - P.D. only,04 - Sideswipe,02 - Rain,07 - Dark,02 - Wet,10 - No control,,2,0,0,0,,0,,,,,362526.3883,5023755.738,45.35137126,-75.76327657,9383
17--5391,5/21/2017,10:56 AM,FISHER AVE btwn MEADOWLANDS DR & URBISCI PRIV (__3ZA1YH),__3ZA1YH,04 - At/near private drive,02 - Non-fatal injury,02 - Angle,01 - Clear,01 - Daylight,01 - Dry,10 - No control,,2,1,0,0,02 - Minor,1,,1,,,366584.7639,5025026.717,45.36246148,-75.71132814,9384
17--5392,5/21/2017,11:00 PM,MITCH OWENS RD btwn SPRATT RD & LIMEBANK RD (__3ZA3H3),__3ZA3H3,01 - Non intersection,03 - P.D. only,07 - SMV other,02 - Rain,07 - Dark,02 - Wet,10 - No control,,1,0,0,0,,0,,,,,371552.3203,5012031.496,45.2450783,-75.64967483,9385
17--5393,5/21/2017,11:11 PM,BANK ST btwn SPRINGHILL RD & DALMENY RD (__3ZA27C),__3ZA27C,01 - Non intersection,02 - Non-fatal injury,07 - SMV other,02 - Rain,07 - Dark,02 - Wet,10 - No control,,1,0,0,0,02 - Minor,1,,1,,,385687.3092,5004748.954,45.17807172,-75.47082532,9386
17--5394,5/21/2017,11:32 AM,PERCY ST btwn CHAMBERLAIN AVE & GLENDALE AVE (__3ZA942),__3ZA942,04 - At/near private drive,03 - P.D. only,06 - SMV unattended vehicle,01 - Clear,01 - Daylight,01 - Dry,10 - No control,,1,0,0,0,,0,,,,,367563.7162,5029815.885,45.40546619,-75.69822427,9387
17--5395,5/21/2017,11:32 PM,PRINCE OF WALES DR @ MEADOWLANDS DR/HOG'S BACK (0001629),1629,03 - At intersection,02 - Non-fatal injury,02 - Angle,02 - Rain,07 - Dark,02 - Wet,01 - Traffic signal,01 - Functioning,2,0,0,0,02 - Minor,2,,2,,,367371.5845,5025692.808,45.36838503,-75.70120113,9388
17--5396,5/21/2017,11:32 PM,HWY 417 MAITLAND IC126R26/62 @ MAITLAND AVE (0008228),8228,03 - At intersection,02 - Non-fatal injury,05 - Turning movement,02 - Rain,07 - Dark,02 - Wet,01 - Traffic signal,01 - Functioning,2,0,0,0,01 - Minimal,1,1,,,,363145.3086,5025983.184,45.37136236,-75.7551154,9389
17--5397,5/21/2017,11:50 AM,BRONSON AVE @ CHRISTIE ST (0006349),6349,02 - Intersection related,03 - P.D. only,05 - Turning movement,02 - Rain,01 - Daylight,02 - Wet,01 - Traffic signal,00 - Unknown,2,0,0,0,,0,,,,,367051.7022,5030280.563,45.40969295,-75.70470569,9390
17--5398,5/21/2017,11:56 AM,BRONSON AVE btwn CHRISTIE ST & JAMES ST (__3ZA30B),__3ZA30B,01 - Non intersection,03 - P.D. only,04 - Sideswipe,01 - Clear,01 - Daylight,01 - Dry,10 - No control,,2,0,0,0,,0,,,,,367057.0534,5030260.496,45.40951192,-75.70463987,9391
17--5399,5/21/2017,12:10 AM,WOODROFFE AVE @ CRESTHAVEN DR/PAUL METIVIER (0010547),10547,02 - Intersection related,03 - P.D. only,03 - Rear end,02 - Rain,07 - Dark,02 - Wet,02 - Stop sign,01 - Functioning,2,0,0,0,,0,,,,,366327.7401,5014853.063,45.27094277,-75.71587231,9392
17--54,1/3/2017,11:37 AM,REGIONAL ROAD 174 btwn OR174 IC105 RAMP63 & OR174 IC102 RAMP36 (__3ZA27F),__3ZA27F,01 - Non intersection,03 - P.D. only,07 - SMV other,02 - Rain,01 - Daylight,04 - Slush,10 - No control,,1,0,0,0,,0,,,,,380778.2367,5037807.71,45.47606093,-75.52820379,9393
17--540,1/12/2017,4:55 PM,HIGHWAY 417 btwn HWY417 IC124 RAMP65 & HWY417 IC122 RAMP51 (__3ZA2R8),__3ZA2R8,01 - Non intersection,03 - P.D. only,03 - Rear end,02 - Rain,05 - Dusk,02 - Wet,10 - No control,,2,0,0,0,,0,,,,,365090.8097,5028595.227,45.39470035,-75.72996073,9394
17--5400,5/21/2017,12:34 PM,STRANDHERD DR btwn Continuation of STRANDHERD DR & MCKENNA CASEY DR (__3ZAZM9),__3ZAZM9,01 - Non intersection,03 - P.D. only,03 - Rear end,01 - Clear,01 - Daylight,01 - Dry,10 - No control,,3,0,0,0,,0,,,,,361798.9773,5013678.248,45.26075334,-75.77371817,9395
17--5401,5/21/2017,2:28 PM,TENTH LINE RD @ CHARLEMAGNE BLVD S/DES EPINETT (0003686),3686,02 - Intersection related,03 - P.D. only,03 - Rear end,01 - Clear,01 - Daylight,01 - Dry,01 - Traffic signal,00 - Unknown,2,0,0,0,,0,,,,,383640.9751,5036900.456,45.46758093,-75.49173924,9396
17--5402,5/21/2017,2:30 AM,CLARENCE ST btwn SUSSEX DR & BY WARD MARKET SQ (__3ZA81R),__3ZA81R,04 - At/near private drive,03 - P.D. only,06 - SMV unattended vehicle,01 - Clear,07 - Dark,01 - Dry,10 - No control,,1,0,0,0,,0,,,,,367821.7171,5032364.302,45.42837284,-75.69460284,9397
17--5403,5/21/2017,3:19 AM,RIVER RD btwn NICOLLS ISLAND RD & RIDEAU RD (__3ZA3H5),__3ZA3H5,01 - Non intersection,03 - P.D. only,07 - SMV other,01 - Clear,07 - Dark,01 - Dry,10 - No control,,1,0,0,0,,0,,,,,368017.6816,5012404.233,45.2487585,-75.69464888,9398
17--5404,5/21/2017,3:46 PM,HERON RD @ ALTA VISTA DR (0007188),7188,02 - Intersection related,03 - P.D. only,07 - SMV other,01 - Clear,01 - Daylight,01 - Dry,01 - Traffic signal,01 - Functioning,1,0,0,0,,0,,,,,370492.388,5026901.868,45.37897819,-75.66120383,9399
17--5405,5/21/2017,3:50 PM,BRONSON AVE @ BRONSON AVE NB ON RAMP 42 (0011234),11234,02 - Intersection related,02 - Non-fatal injury,03 - Rear end,01 - Clear,01 - Daylight,01 - Dry,03 - Yield sign,00 - Unknown,2,0,0,0,01 - Minimal,2,2,,,,367753.7149,5028446.004,45.39312334,-75.69597221,9400
17--5497,5/24/2017,3:15 PM,CONROY RD btwn THURSTON DR & JOHNSTON RD (__3ZA3S9),__3ZA3S9,01 - Non intersection,03 - P.D. only,04 - Sideswipe,01 - Clear,01 - Daylight,01 - Dry,10 - No control,,2,0,0,0,,0,,,,,373262.39,5026653.611,45.37647928,-75.62587341,9401
17--5498,5/24/2017,3:55 PM,MANCHESTER AVE @ SCOTT ST (0006410),6410,02 - Intersection related,03 - P.D. only,03 - Rear end,01 - Clear,01 - Daylight,01 - Dry,02 - Stop sign,01 - Functioning,4,0,0,0,,0,,,,,365361.0271,5029976.243,45.40710309,-75.72634022,9402
17--5499,5/24/2017,4:00 PM,BLACKBURN BYPASS EB btwn 1700 W OF NAVAN RD & NAVAN RD (__3ZA3J6B),__3ZA3J6B,01 - Non intersection,03 - P.D. only,03 - Rear end,01 - Clear,01 - Daylight,01 - Dry,10 - No control,,2,0,0,0,,0,,,,,379526.4428,5033173.559,45.43450139,-75.54491669,9403
17--55,1/3/2017,11:40 AM,HIGHWAY 417 btwn HWY417 IC127 RAMP67 & HWY417 IC126 RAMP16 (__3ZA2X0),__3ZA2X0,01 - Non intersection,03 - P.D. only,04 - Sideswipe,03 - Snow,01 - Daylight,04 - Slush,10 - No control,,2,0,0,0,,0,,,,,362752.1578,5025345.568,45.36565778,-75.76020906,9404
17--550,1/12/2017,6:53 PM,INDUSTRIAL AVE/INNES RD @ ST. LAURENT BLVD (0002203),2203,02 - Intersection related,03 - P.D. only,04 - Sideswipe,02 - Rain,07 - Dark,02 - Wet,01 - Traffic signal,01 - Functioning,2,0,0,0,,0,,,,,373098.0858,5030010.348,45.40669776,-75.62750638,9405
17--5500,5/24/2017,4:07 PM,SOUTH GOWER BOUNDARY RD btwn RIVER RD & GABERT RD (__3ZA1HJ),__3ZA1HJ,04 - At/near private drive,03 - P.D. only,07 - SMV other,01 - Clear,01 - Daylight,01 - Dry,10 - No control,,1,0,0,0,,0,,,,,374907.3879,4996043.69,45.10089608,-75.609187,9406
17--5501,5/24/2017,4:27 PM,DALMENY RD @ STAGECOACH RD (0010336),10336,02 - Intersection related,03 - P.D. only,07 - SMV other,01 - Clear,01 - Daylight,01 - Dry,02 - Stop sign,01 - Functioning,1,0,0,0,,0,,,,,377831.725,4999218.646,45.12916804,-75.57157083,9407
17--5502,5/24/2017,4:44 PM,HAWTHORNE RD btwn DAVIDSON RD & LEITRIM RD (__3ZBPIY),__3ZBPIY,01 - Non intersection,03 - P.D. only,03 - Rear end,01 - Clear,01 - Daylight,01 - Dry,10 - No control,,5,0,0,0,,0,,,,,376329.4969,5024409.609,45.35598247,-75.5870424,9408
17--5503,5/24/2017,5:00 PM,HIGHWAY 417 btwn HWY417 IC124 RAMP65 & HWY417 IC122 RAMP51 (__3ZA2R8),__3ZA2R8,01 - Non intersection,03 - P.D. only,03 - Rear end,01 - Clear,01 - Daylight,01 - Dry,10 - No control,,4,0,0,0,,0,,,,,364971.072,5028390.819,45.39287143,-75.73151482,9409
17--5504,5/24/2017,5:18 PM,RICHMOND RD @ WINONA AVE (0006990),6990,03 - At intersection,02 - Non-fatal injury,02 - Angle,01 - Clear,01 - Daylight,01 - Dry,02 - Stop sign,01 - Functioning,2,1,0,0,01 - Minimal,1,1,,,,363296.5223,5028338.84,45.39254561,-75.75290592,9410
17--5505,5/24/2017,5:30 PM,BRONSON AVE @ RENFREW AVE (0007197),7197,03 - At intersection,03 - P.D. only,03 - Rear end,01 - Clear,01 - Daylight,01 - Dry,02 - Stop sign,00 - Unknown,3,0,0,0,,0,,,,,367355.7083,5029550.894,45.4031005,-75.70091483,9411
17--5506,5/24/2017,6:01 PM,CARLING AVE @ FAIRLAWN AVE/WOODROFFE AVE E (0002393),2393,02 - Intersection related,03 - P.D. only,03 - Rear end,01 - Clear,01 - Daylight,01 - Dry,01 - Traffic signal,01 - Functioning,2,0,0,0,,0,,,,,361934.6841,5025830.528,45.37008852,-75.77058762,9412
17--5507,5/24/2017,6:11 PM,HWY 416 WESTHUNT IC72R34 @ WEST HUNT CLUB RD (0005218),5218,02 - Intersection related,03 - P.D. only,03 - Rear end,01 - Clear,01 - Daylight,01 - Dry,01 - Traffic signal,01 - Functioning,3,0,0,0,,0,,,,,359371.0426,5019362.214,45.31209081,-75.80402745,9413
17--5508,5/24/2017,6:54 PM,CARLING AVE WB btwn HWY417 IC124 RAMP76 & KIRKWOOD AVE (__3ZBOD8),__3ZBOD8,04 - At/near private drive,02 - Non-fatal injury,07 - SMV other,01 - Clear,01 - Daylight,01 - Dry,10 - No control,,1,0,0,0,02 - Minor,1,,1,,,364200.6946,5027437.194,45.38435665,-75.74146773,9414
17--5509,5/24/2017,7:28 AM,EARL ARMSTRONG RD @ LIMEBANK RD (0004456),4456,02 - Intersection related,03 - P.D. only,03 - Rear end,01 - Clear,01 - Daylight,01 - Dry,01 - Traffic signal,01 - Functioning,2,0,0,0,,0,,,,,370156.2304,5015960.451,45.28056149,-75.66694014,9415
17--551,1/12/2017,6:55 AM,REGIONAL ROAD 174 btwn QUIGLEY HILL RD & CAMERON ST (__3ZA27U),__3ZA27U,01 - Non intersection,03 - P.D. only,01 - Approaching,02 - Rain,07 - Dark,02 - Wet,10 - No control,,2,0,0,0,,0,,,,,388867.9607,5042469.397,45.51707437,-75.42395142,9416
17--5510,5/24/2017,8:00 PM,MERIVALE RD btwn WOODFIELD DR & 170 N OF WEST HUNT CLUB RD/COSTCO SC (__3ZA33DA),__3ZA33DA,01 - Non intersection,03 - P.D. only,03 - Rear end,01 - Clear,01 - Daylight,01 - Dry,10 - No control,,2,0,0,0,,0,,,,,365500.4937,5022208.867,45.33720162,-75.72551326,9417
17--5511,5/24/2017,8:02 AM,HIGHWAY 417 btwn HWY417 IC129 RAMP51 & HWY417 IC129 RAMP35 (__3ZA2X9),__3ZA2X9,01 - Non intersection,03 - P.D. only,03 - Rear end,01 - Clear,01 - Daylight,01 - Dry,10 - No control,,3,0,0,0,,0,,,,,360303.8558,5023409.454,45.34843483,-75.79167791,9418
17--5512,5/24/2017,8:22 AM,WOODROFFE AVE NB btwn WEST HUNT CLUB RD & SPORTSPLEX N (__3ZA245A),__3ZA245A,01 - Non intersection,03 - P.D. only,03 - Rear end,01 - Clear,01 - Daylight,01 - Dry,10 - No control,,2,0,0,0,,0,,,,,363710.4903,5021183.613,45.32812904,-75.74847221,9419
17--5513,5/24/2017,9:00 AM,IVY CRES btwn BERTRAND ST & PUTMAN AVE (2) (__3ZA8YD),__3ZA8YD,04 - At/near private drive,03 - P.D. only,06 - SMV unattended vehicle,01 - Clear,01 - Daylight,01 - Dry,10 - No control,,1,0,0,0,,0,,,,,368990.4756,5033935.404,45.44240272,-75.67946316,9420
17--5514,5/24/2017,9:14 AM,BRONSON AVE btwn CARLING AVE & FIRST AVE (__3ZA3OQ),__3ZA3OQ,01 - Non intersection,02 - Non-fatal injury,04 - Sideswipe,01 - Clear,01 - Daylight,01 - Dry,10 - No control,,2,0,0,0,02 - Minor,2,,2,,,367482.684,5029251.278,45.40039328,-75.69933108,9421
17--5515,5/24/2017,9:22 PM,BLAIR RD @ REGIONAL RD 174 N/OR174 IC112 RAMP61 (0003617),3617,03 - At intersection,03 - P.D. only,02 - Angle,01 - Clear,07 - Dark,01 - Dry,01 - Traffic signal,01 - Functioning,2,0,0,0,,0,,,,,374635.7346,5032992.244,45.43337555,-75.60744296,9422
17--5516,5/24/2017,9:38 PM,HIGHWAY 417 btwn HWY417 IC96 RAMP51 & HIGHWAY 417 (__3ZA2W3),__3ZA2W3,01 - Non intersection,03 - P.D. only,07 - SMV other,01 - Clear,07 - Dark,01 - Dry,10 - No control,,1,0,0,0,,0,,,,,387199.0797,5023863.26,45.34987384,-75.44842286,9423
17--5517,5/24/2017,9:50 AM,BAYVIEW DR btwn RITCHIE AVE & DORIS CURRIE RD (__3ZACC9),__3ZACC9,01 - Non intersection,03 - P.D. only,01 - Approaching,01 - Clear,01 - Daylight,01 - Dry,10 - No control,,2,0,0,0,,0,,,,,336454.1088,5041228.339,45.51025684,-76.09488469,9424
17--5518,5/25/2017,1:00 PM,BROADVIEW AVE @ PRINCETON AVE (0006202),6202,02 - Intersection related,03 - P.D. only,07 - SMV other,01 - Clear,01 - Daylight,01 - Dry,02 - Stop sign,01 - Functioning,1,0,0,0,,0,,,,,362853.3581,5027445.877,45.38454774,-75.7586704,9425
17--5519,5/25/2017,1:02 PM,ST. LAURENT BLVD @ COVENTRY RD/OGILVIE RD (0002151),2151,02 - Intersection related,03 - P.D. only,02 - Angle,01 - Clear,01 - Daylight,01 - Dry,01 - Traffic signal,01 - Functioning,2,0,0,0,,0,,,,,372304.7162,5031953.581,45.42425906,-75.63737417,9426
17--552,1/12/2017,7:00 AM,HUNTMAR DR @ OLD CARP RD (0009039),9039,02 - Intersection related,03 - P.D. only,07 - SMV other,"07 - Fog, mist, smoke, dust",07 - Dark,02 - Wet,02 - Stop sign,00 - Unknown,1,0,0,0,,0,,,,,345201.4302,5022383.633,45.34023677,-75.98448462,9427
17--5520,5/25/2017,1:27 PM,BANK ST @ RIVERSIDE DR N (0010778),10778,02 - Intersection related,03 - P.D. only,04 - Sideswipe,01 - Clear,01 - Daylight,01 - Dry,01 - Traffic signal,01 - Functioning,2,0,0,0,,0,,,,,369227.3881,5027983.546,45.38882826,-75.67721317,9428
17--5521,5/25/2017,1:29 PM,BANK ST @ WALKLEY RD (0011423),11423,02 - Intersection related,03 - P.D. only,03 - Rear end,01 - Clear,01 - Daylight,01 - Dry,01 - Traffic signal,01 - Functioning,3,0,0,0,,0,,,,,370338.3615,5025949.773,45.37042597,-75.66329666,9429
17--5522,5/25/2017,1:52 PM,COLONEL BY DR/SUSSEX DR @ RIDEAU ST (0007647),7647,03 - At intersection,02 - Non-fatal injury,07 - SMV other,01 - Clear,01 - Daylight,01 - Dry,01 - Traffic signal,01 - Functioning,1,0,0,1,02 - Minor,1,,1,,,367921.6106,5032044.378,45.42548527,-75.69336737,9430
17--5523,5/25/2017,1:59 PM,HWY 417 MAITLAND IC126R52 @ MAITLAND AVE (0002246),2246,02 - Intersection related,03 - P.D. only,03 - Rear end,01 - Clear,01 - Daylight,01 - Dry,03 - Yield sign,01 - Functioning,2,0,0,0,,0,,,,,363205.4933,5025833.845,45.37001362,-75.75436476,9431
17--5524,5/25/2017,10:20 AM,LEITRIM RD @ LIMEBANK RD (0012318),12318,02 - Intersection related,03 - P.D. only,03 - Rear end,01 - Clear,01 - Daylight,01 - Dry,01 - Traffic signal,01 - Functioning,2,0,0,0,,0,,,,,369321.6299,5017960.093,45.29863104,-75.67731714,9432
17--5525,5/25/2017,10:31 AM,LAFONTAINE AVE @ MCARTHUR AVE (0009806),9806,03 - At intersection,03 - P.D. only,05 - Turning movement,01 - Clear,01 - Daylight,01 - Dry,01 - Traffic signal,01 - Functioning,2,0,0,0,,0,,,,,370950.0468,5032770.905,45.4317424,-75.65457346,9433
17--5526,5/25/2017,11:04 PM,HARVEST VALLEY AVE W @ LAKERIDGE DR (0013465),13465,02 - Intersection related,03 - P.D. only,03 - Rear end,02 - Rain,07 - Dark,02 - Wet,02 - Stop sign,01 - Functioning,2,0,0,0,,0,,,,,385017.3628,5034534.209,45.44613495,-75.47452606,9434
17--5527,5/25/2017,11:32 AM,INDUSTRIAL AVE btwn TRAINYARDS DR & RUSSELL RD (__3ZA3R9),__3ZA3R9,01 - Non intersection,03 - P.D. only,05 - Turning movement,01 - Clear,01 - Daylight,01 - Dry,10 - No control,,2,0,0,0,,0,,,,,372019.8023,5030458.235,45.41083204,-75.64121859,9435
17--5528,5/25/2017,Unknown,HOWDEN AVE btwn SULLIVAN AVE & THATCHER ST (__3ZAAS4),__3ZAAS4,01 - Non intersection,03 - P.D. only,06 - SMV unattended vehicle,01 - Clear,00 - Unknown,01 - Dry,10 - No control,,1,0,0,0,,0,,,,,363408.0917,5023033.421,45.34479879,-75.75211053,9436
17--5529,5/25/2017,Unknown,DALY AVE btwn CHARLOTTE ST & WURTEMBURG ST (__3ZA8IM),__3ZA8IM,01 - Non intersection,03 - P.D. only,06 - SMV unattended vehicle,01 - Clear,00 - Unknown,01 - Dry,10 - No control,,1,0,0,0,,0,,,,,369379.0021,5032751.662,45.4317161,-75.6746525,9437
17--553,1/12/2017,7:18 AM,WILHAVEN DR btwn BECKETT'S CREEK RD & CANAAN RD (__3ZA1OW),__3ZA1OW,01 - Non intersection,03 - P.D. only,99 - Other,02 - Rain,03 - Dawn,06 - Ice,10 - No control,,3,0,0,0,,0,,,,,395085.3264,5041123.939,45.50419254,-75.34463417,9438
17--5530,5/25/2017,12:13 PM,BENTLEY AVE btwn SUNDERLAND ST & GIFFORD ST (__3ZA0X5),__3ZA0X5,04 - At/near private drive,03 - P.D. only,05 - Turning movement,01 - Clear,01 - Daylight,01 - Dry,10 - No control,,2,0,0,0,,0,,,,,366249.5483,5021896.713,45.3343277,-75.71599562,9439
17--5531,5/25/2017,3:34 PM,HOLITZNER WAY btwn BARONESS DR & BARONESS DR (__3EX1KT),__3EX1KT,04 - At/near private drive,03 - P.D. only,06 - SMV unattended vehicle,01 - Clear,01 - Daylight,01 - Dry,10 - No control,,1,0,0,0,,0,,,,,366809.9483,5017124.586,45.29133941,-75.70944367,9440
17--5532,5/25/2017,4:00 PM,ALBERT ST btwn BAY ST & LYON ST N (__3ZA33B),__3ZA33B,04 - At/near private drive,03 - P.D. only,02 - Angle,02 - Rain,01 - Daylight,02 - Wet,10 - No control,,2,0,0,0,,0,,,,,366975.1369,5031162.316,45.41763351,-75.70557252,9441
17--5533,5/25/2017,4:21 PM,MEADOWLANDS DR btwn CHESTERTON DR & TIVERTON DR (__3ZA4H3),__3ZA4H3,01 - Non intersection,03 - P.D. only,03 - Rear end,02 - Rain,01 - Daylight,02 - Wet,10 - No control,,2,0,0,0,,0,,,,,365179.8454,5024260.361,45.35568835,-75.72935365,9442
17--5534,5/25/2017,4:28 PM,BASELINE RD @ CORDOVA ST (0003208),3208,02 - Intersection related,03 - P.D. only,03 - Rear end,02 - Rain,01 - Daylight,02 - Wet,01 - Traffic signal,01 - Functioning,2,0,0,0,,0,,,,,363592.6849,5024408.189,45.35715336,-75.74959171,9443
17--5535,5/25/2017,4:45 PM,LISBON ST btwn WINTERPORT WAY & WINTERPORT WAY (__3ZAZPI),__3ZAZPI,01 - Non intersection,03 - P.D. only,01 - Approaching,02 - Rain,01 - Daylight,02 - Wet,10 - No control,,2,0,0,0,,0,,,,,385329.4209,5037825.676,45.47571254,-75.46999833,9444