Anom_ID,Accident_Date,Accident_Time,Location,Geo_ID,Accident_Location,Classification_of_Accident,Initial_Impact_Type,Environment_Condition,Light,Road_Surface_Condition,Traffic_Control,Traffic_Control_Condition,No__of_Vehicles,No__of_Bicycles,No__of_Motorcycles,No__of_Pedestrians,Max_Injury,No__of_Injuries,No__of_Minimal,No__of_Minor,No__of_Major,No__of_Fatal,X,Y,Latitude,Longitude,ObjectId
17--5536,5/25/2017,4:45 PM,HIGHWAY 417 btwn HWY417 IC124 RAMP57 & HWY417 IC124 RAMP55 (__3ZA2Y1),__3ZA2Y1,01 - Non intersection,03 - P.D. only,03 - Rear end,02 - Rain,01 - Daylight,02 - Wet,10 - No control,,2,0,0,0,,0,,,,,364120.5724,5027098.937,45.38131986,-75.74253143,9445
17--5537,5/25/2017,4:46 PM,FALLOWFIELD RD @ RICHMOND RD (0000634),634,02 - Intersection related,03 - P.D. only,03 - Rear end,02 - Rain,01 - Daylight,02 - Wet,01 - Traffic signal,00 - Unknown,3,0,0,0,,0,,,,,357721.3012,5013529.416,45.25973269,-75.82568808,9446
17--5538,5/25/2017,5:45 PM,STRANDHERD DR btwn 215 W OF GREENBANK RD/BARRHAVEN MALL SC & GREENBANK (__3ZAZMMB),__3ZAZMMB,01 - Non intersection,03 - P.D. only,99 - Other,02 - Rain,01 - Daylight,02 - Wet,10 - No control,,2,0,0,0,,0,,,,,363833.78,5014727.018,45.27002239,-75.74766825,9447
17--5539,5/25/2017,6:15 AM,NICHOLAS ST NB btwn HWY417 IC118 RAMP52 & WALLER ST/TRANSITWAY (__6KCFNL),__6KCFNL,01 - Non intersection,03 - P.D. only,03 - Rear end,01 - Clear,03 - Dawn,01 - Dry,10 - No control,,3,0,0,0,,0,,,,,369022.4855,5031337.935,45.41902874,-75.67939279,9448
17--554,1/12/2017,7:31 AM,NAVAN RD btwn RENAUD RD & MER BLEUE RD (__3ZA3Y1),__3ZA3Y1,01 - Non intersection,02 - Non-fatal injury,07 - SMV other,02 - Rain,03 - Dawn,02 - Wet,10 - No control,,1,0,0,1,02 - Minor,1,,1,,,382903.8531,5032452.092,45.42764115,-75.50187068,9449
17--5540,5/25/2017,6:30 PM,BASELINE RD @ MERIVALE RD (0002342),2342,02 - Intersection related,02 - Non-fatal injury,03 - Rear end,02 - Rain,01 - Daylight,02 - Wet,01 - Traffic signal,01 - Functioning,3,0,0,0,01 - Minimal,1,1,,,,365055.0309,5025325.515,45.36528317,-75.73081669,9450
17--5541,5/25/2017,6:40 PM,JOCKVALE RD @ STRANDHERD DR (0010541),10541,02 - Intersection related,03 - P.D. only,03 - Rear end,02 - Rain,01 - Daylight,02 - Wet,01 - Traffic signal,01 - Functioning,2,0,0,0,,0,,,,,363561.2871,5014578.481,45.26870868,-75.7511582,9451
17--5542,5/25/2017,6:50 AM,MITCH OWENS RD btwn DOWNEY RD & MANOTICK STATION RD (__3ZA3TK),__3ZA3TK,01 - Non intersection,02 - Non-fatal injury,07 - SMV other,01 - Clear,01 - Daylight,01 - Dry,10 - No control,,1,0,0,0,02 - Minor,1,,1,,,372799.3128,5012829.437,45.25213865,-75.63368267,9452
17--5543,5/25/2017,6:50 PM,DALY AVE @ KING EDWARD AVE (0007755),7755,03 - At intersection,03 - P.D. only,02 - Angle,01 - Clear,01 - Daylight,01 - Dry,02 - Stop sign,01 - Functioning,2,0,0,0,,0,,,,,368592.7109,5032274.923,45.42749874,-75.68476237,9453
17--5544,5/25/2017,6:57 PM,FROBISHER LANE W @ RIVERSIDE DR (0011961),11961,02 - Intersection related,03 - P.D. only,03 - Rear end,02 - Rain,01 - Daylight,02 - Wet,01 - Traffic signal,01 - Functioning,2,0,0,0,,0,,,,,370120.3873,5029601.895,45.40330687,-75.66559581,9454
17--5545,5/25/2017,7:06 AM,DEAKIN ST @ PRINCE OF WALES DR (0001073),1073,02 - Intersection related,03 - P.D. only,03 - Rear end,02 - Rain,01 - Daylight,02 - Wet,01 - Traffic signal,01 - Functioning,2,0,0,0,,0,,,,,367391.0456,5021523.488,45.33086859,-75.70148042,9455
17--5546,5/25/2017,7:07 AM,ABBOTT ST @ STITTSVILLE MAIN ST (0000082),82,03 - At intersection,03 - P.D. only,07 - SMV other,01 - Clear,01 - Daylight,01 - Dry,01 - Traffic signal,01 - Functioning,1,0,0,0,,0,,,,,350251.7919,5013330.784,45.25846757,-75.92087586,9456
17--5547,5/25/2017,7:23 PM,AIRPORT PKWY @ HUNT CLUB RD (0010856),10856,02 - Intersection related,03 - P.D. only,04 - Sideswipe,02 - Rain,01 - Daylight,02 - Wet,01 - Traffic signal,00 - Unknown,2,0,0,0,,0,,,,,371019.5313,5023701.66,45.35013415,-75.65490258,9457
17--5548,5/25/2017,7:30 PM,CANADAIR PRIV btwn DE NIVERVILLE PRIV & TAXIWAY PRIV (__6AAQ5I),__6AAQ5I,04 - At/near private drive,03 - P.D. only,02 - Angle,02 - Rain,01 - Daylight,02 - Wet,10 - No control,,2,0,0,0,,0,,,,,369077.1508,5021853.585,45.33368633,-75.67992887,9458
17--5549,5/25/2017,7:36 PM,RICHARDSON SIDE RD btwn OAK CREEK RD & HUNTMAR DR (__3ZACYD),__3ZACYD,01 - Non intersection,03 - P.D. only,07 - SMV other,02 - Rain,01 - Daylight,02 - Wet,10 - No control,,1,0,0,0,,0,,,,,347883.3372,5018697.638,45.30690951,-75.95058617,9459
17--555,1/12/2017,8:05 AM,HIGHWAY 417 btwn TRANSIT & HWY417 IC127 RAMP35 (__3ZA2SK),__3ZA2SK,01 - Non intersection,03 - P.D. only,03 - Rear end,01 - Clear,01 - Daylight,01 - Dry,10 - No control,,3,0,0,0,,0,,,,,361897.6886,5024646.258,45.35943557,-75.77119673,9460
17--5550,5/25/2017,7:45 PM,WESLOCK WAY btwn WALDEN DR & ZOKOL CRES (__3ZA47N),__3ZA47N,04 - At/near private drive,03 - P.D. only,02 - Angle,01 - Clear,01 - Daylight,01 - Dry,10 - No control,,2,0,0,0,,0,,,,,350719.5556,5021146.543,45.32876567,-75.91419253,9461
17--5551,5/25/2017,8:04 AM,HAZELDEAN RD @ TERRY FOX DR (0003682),3682,02 - Intersection related,03 - P.D. only,03 - Rear end,01 - Clear,01 - Daylight,01 - Dry,01 - Traffic signal,01 - Functioning,2,0,0,0,,0,,,,,352207.2766,5017241.782,45.29353081,-75.89558792,9462
17--5552,5/25/2017,8:05 AM,MONTREAL RD @ VANIER PKWY (0004630),4630,02 - Intersection related,03 - P.D. only,04 - Sideswipe,01 - Clear,01 - Daylight,01 - Dry,01 - Traffic signal,01 - Functioning,2,0,0,0,,0,,,,,370072.3754,5033066.93,45.43448838,-75.66575003,9463
17--5553,5/25/2017,8:28 AM,BASELINE RD btwn ROCKWAY CRES & SOUTHWOOD DR (__3ZA4MO),__3ZA4MO,01 - Non intersection,03 - P.D. only,04 - Sideswipe,01 - Clear,01 - Daylight,01 - Dry,10 - No control,,2,0,0,0,,0,,,,,361206.0675,5022945.465,45.34418789,-75.780218,9464
17--5554,5/25/2017,8:40 PM,BATHGATE DR @ DEN HAAG DR (0008960),8960,03 - At intersection,03 - P.D. only,02 - Angle,02 - Rain,07 - Dark,02 - Wet,02 - Stop sign,01 - Functioning,2,0,0,0,,0,,,,,373408.7229,5033926.244,45.44190065,-75.62299311,9465
17--5555,5/25/2017,9:20 PM,HIGHWAY 416 btwn HIGHWAY 416 & HWY416 IC57 RAMP52 (__3ZAZEK),__3ZAZEK,01 - Non intersection,03 - P.D. only,07 - SMV other,02 - Rain,07 - Dark,02 - Wet,10 - No control,,1,0,0,0,,0,,,,,364680.961,5008166.162,45.21091588,-75.73766257,9466
17--5556,5/25/2017,9:28 AM,BRONSON AVE @ BRONSON AVE NB ON RAMP 42 (0011234),11234,02 - Intersection related,03 - P.D. only,03 - Rear end,01 - Clear,01 - Daylight,01 - Dry,03 - Yield sign,01 - Functioning,2,0,0,0,,0,,,,,367753.046,5028446.004,45.3931234,-75.69598076,9467
17--5557,5/25/2017,9:40 AM,BASELINE RD @ NAVAHO DR (0003158),3158,03 - At intersection,02 - Non-fatal injury,07 - SMV other,01 - Clear,01 - Daylight,01 - Dry,01 - Traffic signal,01 - Functioning,1,0,0,1,02 - Minor,1,,1,,,363085.3563,5024099.513,45.35441828,-75.75610291,9468
17--5558,5/25/2017,9:46 PM,ST. LAURENT BLVD btwn SHORE ST & BELFAST RD (__3ZA2GU),__3ZA2GU,01 - Non intersection,03 - P.D. only,03 - Rear end,01 - Clear,07 - Dark,01 - Dry,10 - No control,,2,0,0,0,,0,,,,,372856.3763,5030591.271,45.41194818,-75.63051362,9469
17--5559,5/25/2017,9:50 AM,BANK ST btwn RIVERDALE AVE & RIVERSIDE DR (__3ZA3BU),__3ZA3BU,01 - Non intersection,03 - P.D. only,04 - Sideswipe,01 - Clear,01 - Daylight,01 - Dry,10 - No control,,2,0,0,0,,0,,,,,369161.8363,5028039.733,45.38933984,-75.6780429,9470
17--556,1/12/2017,8:49 AM,BANK ST @ CATHERINE ST (0002708),2708,02 - Intersection related,03 - P.D. only,04 - Sideswipe,02 - Rain,01 - Daylight,02 - Wet,01 - Traffic signal,01 - Functioning,2,0,0,0,,0,,,,,368040.5638,5030266.714,45.40947969,-75.69207555,9471
17--5560,5/26/2017,1:00 AM,WATSON ST btwn ST. STEPHEN'S ST & DUMAURIER AVE (__3ZAADY),__3ZAADY,01 - Non intersection,02 - Non-fatal injury,07 - SMV other,02 - Rain,07 - Dark,02 - Wet,10 - No control,,1,0,0,2,02 - Minor,1,,1,,,360186.0603,5023933.417,45.35315875,-75.79312238,9472
17--5561,5/26/2017,1:00 PM,MEADOWLANDS DR btwn PRINCE OF WALES DR & DEBRA AVE (__3ZA3GTB),__3ZA3GTB,04 - At/near private drive,03 - P.D. only,05 - Turning movement,01 - Clear,01 - Daylight,01 - Dry,10 - No control,,2,0,0,0,,0,,,,,367329.444,5025666.721,45.36815406,-75.70174235,9473
17--5562,5/26/2017,1:17 PM,BANK ST @ RIVERSIDE DR N (0010778),10778,03 - At intersection,03 - P.D. only,05 - Turning movement,02 - Rain,01 - Daylight,02 - Wet,01 - Traffic signal,01 - Functioning,2,0,0,0,,0,,,,,369225.3815,5027982.877,45.38882243,-75.67723888,9474
17--5563,5/26/2017,1:21 PM,WALKLEY RD btwn HARDING RD & HALIFAX DR (__3ZA2EK),__3ZA2EK,01 - Non intersection,02 - Non-fatal injury,05 - Turning movement,02 - Rain,01 - Daylight,02 - Wet,10 - No control,,2,0,0,0,02 - Minor,1,,1,,,373549.7571,5027847.369,45.38719205,-75.62203851,9475
17--5564,5/26/2017,1:22 PM,LEMIEUX ST @ ST. LAURENT BLVD (0002021),2021,02 - Intersection related,03 - P.D. only,03 - Rear end,01 - Clear,01 - Daylight,01 - Dry,01 - Traffic signal,01 - Functioning,2,0,0,0,,0,,,,,372391.9612,5031742.494,45.42235137,-75.63628838,9476
17--5565,5/26/2017,1:27 AM,CARLING AVE btwn BAYFIELD AVE & BURKE RD (__3ZA4Z2),__3ZA4Z2,01 - Non intersection,03 - P.D. only,03 - Rear end,"07 - Fog, mist, smoke, dust",07 - Dark,02 - Wet,10 - No control,,2,0,0,0,,0,,,,,352661.3938,5022553.805,45.34129874,-75.8892853,9477
17--5566,5/26/2017,1:32 AM,STEVENAGE DR @ SWANSEA CRES (0011458),11458,02 - Intersection related,03 - P.D. only,07 - SMV other,02 - Rain,07 - Dark,02 - Wet,10 - No control,00 - Unknown,1,0,0,0,,0,,,,,374415.3066,5026770.714,45.37741932,-75.61113825,9478
17--5567,5/26/2017,1:54 PM,JEANNE D'ARC BLVD @ ORLEANS BLVD N (0003792),3792,03 - At intersection,03 - P.D. only,07 - SMV other,02 - Rain,01 - Daylight,02 - Wet,01 - Traffic signal,01 - Functioning,1,0,0,0,,0,,,,,380028.3934,5038106.936,45.47883431,-75.53774744,9479
17--5568,5/26/2017,10:00 AM,BELFAST RD @ ST. LAURENT BLVD (0007658),7658,03 - At intersection,03 - P.D. only,05 - Turning movement,01 - Clear,01 - Daylight,02 - Wet,01 - Traffic signal,01 - Functioning,2,0,0,0,,0,,,,,372860.3897,5030578.562,45.41183344,-75.6304641,9480
17--5569,5/26/2017,10:00 AM,MCCOOEY LANE @ FISHER AVE (0003055),3055,02 - Intersection related,03 - P.D. only,03 - Rear end,02 - Rain,01 - Daylight,02 - Wet,01 - Traffic signal,01 - Functioning,2,0,0,0,,0,,,,,365996.6987,5026426.2,45.37510534,-75.71866062,9481
17--557,1/12/2017,8:55 AM,BASELINE RD @ ERINDALE DR (0003209),3209,02 - Intersection related,03 - P.D. only,02 - Angle,02 - Rain,01 - Daylight,02 - Wet,02 - Stop sign,01 - Functioning,2,0,0,0,,0,,,,,363856.9416,5024575.898,45.35864018,-75.74619909,9482
17--5570,5/26/2017,10:21 PM,HWY416 IC75B RAMP25 btwn HWY416 IC75C RAMP24 & HWY417 IC131 RAMP55 (__3ZAY4O),__3ZAY4O,01 - Non intersection,03 - P.D. only,07 - SMV other,01 - Clear,07 - Dark,01 - Dry,10 - No control,,1,0,0,0,,0,,,,,358606.7947,5022808.895,45.34316323,-75.813399,9483
17--5571,5/26/2017,11:29 AM,MERIVALE RD @ SLACK RD (0000110),110,03 - At intersection,02 - Non-fatal injury,05 - Turning movement,01 - Clear,01 - Daylight,01 - Dry,01 - Traffic signal,01 - Functioning,2,0,0,0,01 - Minimal,2,2,,,,366020.0348,5020955.493,45.32587879,-75.71903999,9484
17--5572,5/26/2017,Unknown,SUNBURST ST btwn FAIRWEATHER ST & KINGSWELL ST (__8PNLHW),__8PNLHW,01 - Non intersection,03 - P.D. only,06 - SMV unattended vehicle,02 - Rain,00 - Unknown,02 - Wet,10 - No control,,1,0,0,0,,0,,,,,375864.225,5021244.296,45.3275497,-75.59343476,9485
17--5573,5/26/2017,Unknown,"EGLISE, RUE DE L btwn MONTREAL RD & COLLEGE CIRC (__3ZAZWS)",__3ZAZWS,01 - Non intersection,03 - P.D. only,06 - SMV unattended vehicle,01 - Clear,00 - Unknown,01 - Dry,10 - No control,,1,0,0,0,,0,,,,,371226.9382,5033495.502,45.43823575,-75.65093728,9486
17--5574,5/26/2017,Unknown,LEPAGE AVE btwn MCBRIDE ST & LARKIN ST (__3ZAZ6J),__3ZAZ6J,01 - Non intersection,03 - P.D. only,06 - SMV unattended vehicle,01 - Clear,07 - Dark,01 - Dry,10 - No control,,1,0,0,0,,0,,,,,364382.9894,5026381.189,45.37483941,-75.73926751,9487
17--5575,5/26/2017,12:30 PM,BANTREE ST @ INNES RD (0007684),7684,03 - At intersection,03 - P.D. only,05 - Turning movement,01 - Clear,01 - Daylight,01 - Dry,01 - Traffic signal,01 - Functioning,2,0,0,0,,0,,,,,373705.3888,5030407.893,45.41021516,-75.61969357,9488
17--5136,5/14/2017,4:36 PM,BOBOLINK RDG btwn ASTURCON ST & YELLOWTAIL WALK (e___2IUE),e___2IUE,01 - Non intersection,03 - P.D. only,06 - SMV unattended vehicle,01 - Clear,01 - Daylight,01 - Dry,10 - No control,,1,0,0,0,,0,,,,,352788.4146,5014872.982,45.27217627,-75.88840828,9489
17--5576,5/26/2017,12:40 PM,HWY 417 WOODROFF IC127R63 @ WOODROFFE AVE (0006462),6462,02 - Intersection related,03 - P.D. only,04 - Sideswipe,01 - Clear,01 - Daylight,01 - Dry,10 - No control,,2,0,0,0,,0,,,,,362111.7839,5024870.621,45.3614369,-75.7684382,9490
17--5577,5/26/2017,2:14 PM,DAZE ST btwn HUNT CLUB RD & 200 W OF BANK ST (__3ZAZYCB),__3ZAZYCB,01 - Non intersection,03 - P.D. only,07 - SMV other,02 - Rain,01 - Daylight,02 - Wet,10 - No control,,1,0,0,0,,0,,,,,371269.6896,5023897.627,45.35187374,-75.65168405,9491
17--5578,5/26/2017,3:05 PM,HIGHWAY 417 btwn HWY417 IC118 RAMP67 & HWY417 IC117 RAMP36 (__3ZA2YO),__3ZA2YO,01 - Non intersection,02 - Non-fatal injury,03 - Rear end,02 - Rain,01 - Daylight,02 - Wet,10 - No control,,2,0,0,0,01 - Minimal,1,1,,,,369841.4488,5031151.753,45.41727789,-75.66895411,9492
17--5579,5/26/2017,3:12 PM,DONALD ST @ ST. LAURENT BLVD (0008630),8630,03 - At intersection,03 - P.D. only,03 - Rear end,02 - Rain,01 - Daylight,02 - Wet,01 - Traffic signal,01 - Functioning,3,0,0,0,,0,,,,,372094.7162,5032470.578,45.42893099,-75.63998677,9493
17--558,1/12/2017,8:55 AM,MARCH RD btwn SOLANDT RD & STATION RD (__3ZA3CD),__3ZA3CD,04 - At/near private drive,03 - P.D. only,05 - Turning movement,01 - Clear,01 - Daylight,02 - Wet,10 - No control,,2,0,0,0,,0,,,,,350582.0775,5022602.376,45.34187457,-75.9158116,9494
17--5580,5/26/2017,3:14 PM,WOODROFFE AVE btwn FIRESTATION & BASELINE RD (__3ZA34KB),__3ZA34KB,01 - Non intersection,03 - P.D. only,03 - Rear end,01 - Clear,01 - Daylight,01 - Dry,10 - No control,,2,0,0,0,,0,,,,,362540.7784,5023793.416,45.3517091,-75.76308853,9495
17--5581,5/26/2017,3:32 PM,HIGHWAY 417 btwn HWY417 IC129 RAMP25 & TRANSIT (__3ZA2SH),__3ZA2SH,01 - Non intersection,03 - P.D. only,04 - Sideswipe,01 - Clear,01 - Daylight,02 - Wet,10 - No control,,2,0,0,0,,0,,,,,361466.8404,5024302.206,45.35637477,-75.77673514,9496
17--5582,5/26/2017,3:40 PM,SMYTH RD E/LANCASTER RD @ ST. LAURENT BLVD N/R (0002256),2256,02 - Intersection related,03 - P.D. only,04 - Sideswipe,02 - Rain,01 - Daylight,02 - Wet,01 - Traffic signal,01 - Functioning,2,0,0,0,,0,,,,,373363.4826,5029422.753,45.40138491,-75.62419809,9497
17--5406,5/21/2017,4:09 PM,LAURIER AVE   W btwn KENT ST & BANK ST (__3ZA344),__3ZA344,04 - At/near private drive,03 - P.D. only,06 - SMV unattended vehicle,01 - Clear,01 - Daylight,01 - Dry,10 - No control,,1,0,0,0,,0,,,,,367458.9612,5031251.541,45.41839317,-75.69937983,9498
17--5583,5/26/2017,3:42 PM,MONTREAL RD @ SHEFFORD RD (0012423),12423,02 - Intersection related,03 - P.D. only,03 - Rear end,02 - Rain,01 - Daylight,02 - Wet,01 - Traffic signal,01 - Functioning,2,0,0,0,,0,,,,,376124.7272,5034853.575,45.44997238,-75.58814507,9499
17--5584,5/26/2017,3:45 PM,JOCKVALE RD btwn CEDARVIEW RD & JENNIFER LANE (__3ZAB7J),__3ZAB7J,04 - At/near private drive,03 - P.D. only,02 - Angle,02 - Rain,01 - Daylight,02 - Wet,10 - No control,,2,0,0,0,,0,,,,,361516.4938,5015270.07,45.27509952,-75.77713551,9500
17--5585,5/26/2017,3:50 PM,ST. JOSEPH BLVD @ JEANNE D'ARC BLVD (0012421),12421,03 - At intersection,03 - P.D. only,07 - SMV other,01 - Clear,01 - Daylight,01 - Dry,11 - Roundabout,01 - Functioning,1,0,0,0,,0,,,,,379861.077,5036472.25,45.4641447,-75.540137,9501
17--5586,5/26/2017,3:54 PM,DONNELLY DR @ MERLYN WILSON RD (0003644),3644,03 - At intersection,02 - Non-fatal injury,02 - Angle,01 - Clear,01 - Daylight,01 - Dry,02 - Stop sign,01 - Functioning,2,0,0,0,02 - Minor,1,,1,,,369252.6897,4990840.878,45.05461804,-75.68169874,9502
17--5407,5/21/2017,4:32 AM,INNES RD btwn O'TOOLE RD & DUNNING RD (__3ZBN92),__3ZBN92,01 - Non intersection,03 - P.D. only,07 - SMV other,01 - Clear,07 - Dark,01 - Dry,10 - No control,,1,0,0,0,,0,,,,,391309.791,5039175.052,45.4871373,-75.39328332,9503
17--5408,5/21/2017,4:44 PM,BEAUSOLEIL DR btwn YORK ST & COBOURG ST (__3ZBOXL),__3ZBOXL,01 - Non intersection,02 - Non-fatal injury,02 - Angle,02 - Rain,01 - Daylight,02 - Wet,10 - No control,,2,1,0,0,02 - Minor,1,,1,,,368823.5478,5032743.932,45.43169762,-75.68175172,9504
17--5409,5/21/2017,4:50 PM,HIGHWAY 417 btwn HIGHWAY 417 & HWY417 IC129 RAMP51 (__3ZA290),__3ZA290,01 - Non intersection,03 - P.D. only,07 - SMV other,99 - Other,01 - Daylight,01 - Dry,10 - No control,,1,0,0,0,,0,,,,,359836.0165,5023142.021,45.34606534,-75.79767763,9505
17--541,1/12/2017,5:07 PM,RIDEAU ST @ WALLER ST (0011913),11913,03 - At intersection,02 - Non-fatal injury,07 - SMV other,02 - Rain,05 - Dusk,02 - Wet,01 - Traffic signal,01 - Functioning,1,0,0,2,02 - Minor,2,,2,,,368284.0857,5032275.253,45.42752979,-75.68870599,9506
17--5410,5/21/2017,5:20 PM,MONTREAL RD @ ST. LAURENT BLVD (0002604),2604,03 - At intersection,02 - Non-fatal injury,07 - SMV other,02 - Rain,01 - Daylight,02 - Wet,01 - Traffic signal,01 - Functioning,1,0,0,0,02 - Minor,1,,1,,,371545.3685,5033819.601,45.44112152,-75.64682364,9507
17--5411,5/21/2017,6:51 AM,FLEWELLYN RD btwn DWYER HILL RD & MUNSTER RD (__3ZAC6O),__3ZAC6O,01 - Non intersection,03 - P.D. only,07 - SMV other,01 - Clear,01 - Daylight,01 - Dry,10 - No control,,1,0,0,0,,0,,,,,345080.8855,5005163.134,45.18528592,-75.98741903,9508
17--5412,5/21/2017,8:43 PM,HAZELDEAN RD @ TERRY FOX DR (0003682),3682,02 - Intersection related,02 - Non-fatal injury,02 - Angle,02 - Rain,07 - Dark,02 - Wet,01 - Traffic signal,01 - Functioning,2,1,0,0,02 - Minor,1,,1,,,352207.611,5017242.451,45.29353681,-75.8955836,9509
17--5413,5/21/2017,9:00 PM,FERNBANK RD btwn LIARD ST & SHEA RD (__3ZABCX),__3ZABCX,01 - Non intersection,03 - P.D. only,07 - SMV other,02 - Rain,07 - Dark,02 - Wet,10 - No control,,1,0,0,0,,0,,,,,351924.686,5013014.467,45.25551118,-75.89959183,9510
17--5414,5/21/2017,9:26 AM,WOODROFFE AVE btwn NAVAHO DR & Continuation of WOODROFFE AVE (__3ZBOCC),__3ZBOCC,01 - Non intersection,03 - P.D. only,03 - Rear end,01 - Clear,01 - Daylight,01 - Dry,10 - No control,,2,0,0,0,,0,,,,,362768.8681,5023392.805,45.34808562,-75.76022476,9511
17--5415,5/21/2017,9:33 AM,BOOTH ST @ GLADSTONE AVE (0002211),2211,03 - At intersection,02 - Non-fatal injury,02 - Angle,01 - Clear,01 - Daylight,01 - Dry,01 - Traffic signal,01 - Functioning,2,1,0,0,02 - Minor,1,,1,,,366769.0399,5029850.562,45.40584901,-75.70837053,9512
17--5416,5/21/2017,9:35 PM,MARKETPLACE AVE btwn RIOCAN AVE & TRANSITWAY SOUTHWEST (__4LZBKR),__4LZBKR,04 - At/near private drive,03 - P.D. only,05 - Turning movement,02 - Rain,07 - Dark,02 - Wet,10 - No control,,2,0,0,0,,0,,,,,364244.2301,5014735.847,45.27006726,-75.74243683,9513
17--5417,5/22/2017,1:00 AM,HIGHWAY 417 btwn HWY417 IC126 RAMP51 & HWY417 IC126 RAMP25 (__3ZA2RD),__3ZA2RD,01 - Non intersection,02 - Non-fatal injury,07 - SMV other,02 - Rain,07 - Dark,02 - Wet,10 - No control,,1,0,0,0,01 - Minimal,1,1,,,,363267.5633,5025960.156,45.37114497,-75.75355746,9514
17--5418,5/22/2017,10:00 AM,HIGHWAY 416 btwn HWY416 IC49 RAMP24 & HWY416 IC42 RAMP42 (__3ZA29T),__3ZA29T,01 - Non intersection,02 - Non-fatal injury,07 - SMV other,01 - Clear,01 - Daylight,01 - Dry,10 - No control,,1,0,0,0,02 - Minor,1,,1,,,369696.1045,4998717.826,45.12545553,-75.67504993,9515
17--5419,5/22/2017,10:00 PM,HIGHWAY 416 btwn HWY416 IC49 RAMP42 & HWY416 IC49 RAMP24 (__3ZAZGH),__3ZAZGH,01 - Non intersection,03 - P.D. only,07 - SMV other,01 - Clear,07 - Dark,01 - Dry,10 - No control,,1,0,0,0,,0,,,,,369295.2,5000853.307,45.14470747,-75.67987025,9516
17--542,1/12/2017,5:10 AM,HIGHWAY 417 btwn HWY417 IC155 RAMP25 & RAMP (__3ZAZN1),__3ZAZN1,01 - Non intersection,03 - P.D. only,07 - SMV other,01 - Clear,07 - Dark,02 - Wet,10 - No control,,1,0,0,0,,0,,,,,344889.432,5014946.723,45.27333451,-75.98906705,9517
17--5420,5/22/2017,10:20 PM,HWY417 IC104 RAMP16 btwn ANDERSON RD & HIGHWAY 417 (__3ZAY0F),__3ZAY0F,01 - Non intersection,03 - P.D. only,03 - Rear end,01 - Clear,07 - Dark,01 - Dry,10 - No control,,2,0,0,0,,0,,,,,380189.8025,5026090.253,45.37069944,-75.53752229,9518
17--5421,5/22/2017,11:42 AM,PRESLAND RD @ VANIER PKWY (0012076),12076,02 - Intersection related,02 - Non-fatal injury,03 - Rear end,02 - Rain,01 - Daylight,02 - Wet,01 - Traffic signal,00 - Unknown,2,0,0,0,01 - Minimal,1,1,,,,370435.0086,5031752.668,45.42262926,-75.66129085,9519
17--5422,5/22/2017,11:57 AM,TRIM RD @ VALIN ST (0013092),13092,03 - At intersection,03 - P.D. only,02 - Angle,01 - Clear,01 - Daylight,01 - Dry,01 - Traffic signal,01 - Functioning,2,0,0,0,,0,,,,,386437.5045,5037556.561,45.47316265,-75.4558726,9520
17--5423,5/22/2017,Unknown,METCALFE ST btwn LAURIER AVE W & GLOUCESTER ST (__3ZA35L),__3ZA35L,01 - Non intersection,03 - P.D. only,06 - SMV unattended vehicle,01 - Clear,00 - Unknown,01 - Dry,10 - No control,,1,0,0,0,,0,,,,,367809.7663,5031422.145,45.4198967,-75.69487607,9521
17--5424,5/22/2017,2:15 PM,HAMILTON AVE   N btwn ARMSTRONG ST & WELLINGTON ST W (__3ZA05N),__3ZA05N,01 - Non intersection,03 - P.D. only,06 - SMV unattended vehicle,02 - Rain,01 - Daylight,02 - Wet,10 - No control,,1,0,0,0,,0,,,,,365023.7077,5029359.356,45.40158159,-75.73072439,9522
17--5137,5/14/2017,4:50 PM,EAGLESON RD @ HOPE SIDE RD/TERRY FOX DR (0000509),509,03 - At intersection,02 - Non-fatal injury,02 - Angle,01 - Clear,01 - Daylight,01 - Dry,01 - Traffic signal,01 - Functioning,2,0,0,0,02 - Minor,2,,2,,,355189.8251,5014616.005,45.26969596,-75.8578313,9523
17--5425,5/22/2017,2:46 PM,BASELINE RD @ CLYDE AVE (0002343),2343,02 - Intersection related,03 - P.D. only,03 - Rear end,02 - Rain,01 - Daylight,02 - Wet,01 - Traffic signal,01 - Functioning,2,0,0,0,,0,,,,,364359.7066,5024891.182,45.36143453,-75.73974438,9524
17--5426,5/22/2017,3:01 PM,BANK ST btwn ORVILLE KEMP ST & LEITRIM RD (__3ZA28B),__3ZA28B,01 - Non intersection,03 - P.D. only,03 - Rear end,02 - Rain,01 - Daylight,02 - Wet,10 - No control,,2,0,0,0,,0,,,,,375295.8813,5021769.999,45.33233707,-75.60060935,9525
17--5427,5/22/2017,4:37 AM,FINDLAY CREEK DR @ WILLOWMERE WAY (0014168),14168,02 - Intersection related,02 - Non-fatal injury,07 - SMV other,02 - Rain,07 - Dark,02 - Wet,02 - Stop sign,00 - Unknown,1,0,0,0,02 - Minor,2,1,1,,,374187.0559,5019311.412,45.3103261,-75.61509856,9526
17--5428,5/22/2017,6:15 PM,HWY417 IC131 RAMP66 btwn HWY417 IC130 RAMP36 & HWY417 IC131 RAMP63 (__3ZA1SX),__3ZA1SX,01 - Non intersection,03 - P.D. only,04 - Sideswipe,01 - Clear,01 - Daylight,01 - Dry,10 - No control,,2,0,0,0,,0,,,,,358701.4738,5022985.641,45.34474633,-75.81217167,9527
17--5429,5/22/2017,6:24 PM,GOLDRIDGE DR @ HEMLO CRES (0012604),12604,03 - At intersection,03 - P.D. only,02 - Angle,01 - Clear,01 - Daylight,01 - Dry,02 - Stop sign,01 - Functioning,2,0,0,0,,0,,,,,350137.7767,5019633.813,45.31519156,-75.92175254,9528