Anom_ID,Accident_Date,Accident_Time,Location,Geo_ID,Accident_Location,Classification_of_Accident,Initial_Impact_Type,Environment_Condition,Light,Road_Surface_Condition,Traffic_Control,Traffic_Control_Condition,No__of_Vehicles,No__of_Bicycles,No__of_Motorcycles,No__of_Pedestrians,Max_Injury,No__of_Injuries,No__of_Minimal,No__of_Minor,No__of_Major,No__of_Fatal,X,Y,Latitude,Longitude,ObjectId
17--543,1/12/2017,5:25 PM,HIGHWAY 417 btwn HWY417 IC117 RAMP51 & HWY417 IC117 RAMP35 (__3ZA2YN),__3ZA2YN,01 - Non intersection,03 - P.D. only,03 - Rear end,02 - Rain,05 - Dusk,02 - Wet,10 - No control,,2,0,0,0,,0,,,,,370517.2131,5031148.356,45.41718418,-75.66032113,9529
17--5430,5/22/2017,7:10 PM,CHARLEMAGNE BLVD btwn TENTH LINE RD & VALADE CRES (__3ZA1V1),__3ZA1V1,01 - Non intersection,03 - P.D. only,05 - Turning movement,01 - Clear,01 - Daylight,01 - Dry,10 - No control,,2,0,0,0,,0,,,,,383216.0285,5037989.091,45.47742332,-75.49699911,9530
17--5431,5/22/2017,8:45 AM,GREENBANK RD @ HARRISON ST/ASHGROVE CRES (0000627),627,02 - Intersection related,03 - P.D. only,03 - Rear end,01 - Clear,01 - Daylight,01 - Dry,01 - Traffic signal,01 - Functioning,2,0,0,0,,0,,,,,360840.0162,5022007.495,45.33577739,-75.78499495,9531
17--5432,5/22/2017,9:50 AM,RIVERSIDE DR @ WALKLEY RD (0002158),2158,03 - At intersection,02 - Non-fatal injury,05 - Turning movement,01 - Clear,01 - Daylight,02 - Wet,01 - Traffic signal,01 - Functioning,2,0,0,0,02 - Minor,1,,1,,,368418.3895,5024853.529,45.36073917,-75.68794685,9532
17--5433,5/23/2017,1:00 PM,CAMBRIAN RD @ RICHMOND RD (0010339),10339,02 - Intersection related,03 - P.D. only,99 - Other,01 - Clear,01 - Daylight,01 - Dry,02 - Stop sign,00 - Unknown,2,0,0,0,,0,,,,,359090.4114,5009468.381,45.22308641,-75.80868775,9533
17--5434,5/23/2017,1:59 PM,CASTLEFRANK RD @ HAZELDEAN RD (0003608),3608,03 - At intersection,03 - P.D. only,05 - Turning movement,01 - Clear,01 - Daylight,01 - Dry,01 - Traffic signal,01 - Functioning,2,0,0,0,,0,,,,,352678.2126,5017677.438,45.29741902,-75.88954208,9534
17--5435,5/23/2017,10:05 AM,BASELINE RD btwn CLYDE AVE & 207 E OF CLYDE AVE (__3ZA4ISA),__3ZA4ISA,01 - Non intersection,03 - P.D. only,03 - Rear end,01 - Clear,01 - Daylight,01 - Dry,10 - No control,,2,0,0,0,,0,,,,,364428.603,5024935.329,45.3618259,-75.7388597,9535
17--5436,5/23/2017,10:16 AM,GLADSTONE AVE @ ROCHESTER ST (0006496),6496,03 - At intersection,02 - Non-fatal injury,05 - Turning movement,01 - Clear,01 - Daylight,01 - Dry,01 - Traffic signal,01 - Functioning,2,1,0,0,02 - Minor,1,,1,,,366661.6947,5029788.903,45.40530371,-75.70974943,9536
17--5437,5/23/2017,10:41 AM,ALTA VISTA DR @ BANK ST (0011318),11318,02 - Intersection related,03 - P.D. only,03 - Rear end,01 - Clear,01 - Daylight,01 - Dry,01 - Traffic signal,01 - Functioning,2,0,0,0,,0,,,,,370247.7347,5026199.402,45.37268053,-75.66442046,9537
17--5438,5/23/2017,11:00 PM,KNIGHTS DR btwn QUEENSCOURT CRES & GOUGH RD (__3ZA5VB),__3ZA5VB,01 - Non intersection,03 - P.D. only,07 - SMV other,01 - Clear,07 - Dark,01 - Dry,10 - No control,,1,0,0,0,,0,,,,,372939.7942,5010616.736,45.2322156,-75.6321963,9538
17--5439,5/23/2017,11:02 AM,GREENBANK RD NB btwn TO BE DETERMINED & HWY417 IC129 RAMP51 (__6KDGSL),__6KDGSL,01 - Non intersection,03 - P.D. only,03 - Rear end,01 - Clear,01 - Daylight,01 - Dry,10 - No control,,2,0,0,0,,0,,,,,360559.0682,5023219.517,45.34670554,-75.78844264,9539
17--544,1/12/2017,5:34 PM,ALBION RD @ BANK ST (0012409),12409,02 - Intersection related,03 - P.D. only,03 - Rear end,02 - Rain,05 - Dusk,02 - Wet,01 - Traffic signal,01 - Functioning,2,0,0,0,,0,,,,,371947.5863,5024129.499,45.35389546,-75.64300191,9540
17--5440,5/23/2017,11:18 AM,WEST HUNT CLUB RD @ CLEOPATRA DR/LANCELOT DR (0000114),114,03 - At intersection,02 - Non-fatal injury,02 - Angle,01 - Clear,01 - Daylight,01 - Dry,01 - Traffic signal,01 - Functioning,3,0,1,0,03 - Major,1,,,1,,365235.3656,5021733.163,45.33294418,-75.72895385,9541
17--5441,5/23/2017,11:20 AM,BLAIR RD btwn BEAVERPOND DR & INNES RD (__3ZA2EZ),__3ZA2EZ,01 - Non intersection,03 - P.D. only,03 - Rear end,01 - Clear,01 - Daylight,01 - Dry,10 - No control,,2,0,0,0,,0,,,,,375566.3603,5031463.635,45.41952844,-75.59576992,9542
17--5442,5/23/2017,11:48 AM,BANK ST btwn BELANGER AVE & ROCKINGHAM AVE (__3ZBOEG),__3ZBOEG,01 - Non intersection,03 - P.D. only,04 - Sideswipe,01 - Clear,01 - Daylight,01 - Dry,10 - No control,,2,0,0,0,,0,,,,,369681.3481,5027375.041,45.38331122,-75.67149635,9543
17--5443,5/23/2017,Unknown,BENTLEY AVE btwn SUNDERLAND ST & CAMELOT DR (__3ZA53R),__3ZA53R,04 - At/near private drive,03 - P.D. only,02 - Angle,01 - Clear,07 - Dark,01 - Dry,10 - No control,,2,0,0,0,,0,,,,,366015.4019,5021749.871,45.3330269,-75.71900086,9544
17--5444,5/23/2017,12:44 PM,WEST HUNT CLUB RD @ 545 E OF ROYDON PL/SUNDERLAND ST (0010375),10375,02 - Intersection related,03 - P.D. only,03 - Rear end,01 - Clear,01 - Daylight,01 - Dry,01 - Traffic signal,01 - Functioning,2,0,0,0,,0,,,,,366351.3723,5022408.84,45.33892681,-75.71463292,9545
17--5445,5/23/2017,12:53 PM,OGILVIE RD @ CITY PARK DR E/CSIS HQ ACCESS (0003696),3696,03 - At intersection,02 - Non-fatal injury,03 - Rear end,01 - Clear,01 - Daylight,01 - Dry,01 - Traffic signal,01 - Functioning,4,0,0,0,02 - Minor,3,,3,,,374189.7315,5033010.577,45.4335849,-75.61313997,9546
17--5446,5/23/2017,2:02 PM,RIVERSIDE DR @ SMYTH RD NORTH SIDE RAMP (0011479),11479,02 - Intersection related,02 - Non-fatal injury,03 - Rear end,01 - Clear,01 - Daylight,01 - Dry,01 - Traffic signal,00 - Unknown,2,0,0,0,02 - Minor,1,,1,,,369937.9005,5029316.076,45.40075218,-75.66796441,9547
17--5447,5/23/2017,2:10 PM,GREENBANK RD SB btwn HWY417 IC129 RAMP53 & MORRISON DR (__3ZA4MR),__3ZA4MR,01 - Non intersection,03 - P.D. only,04 - Sideswipe,01 - Clear,01 - Daylight,01 - Dry,10 - No control,,2,0,0,0,,0,,,,,360534.319,5023248.949,45.34697233,-75.78875513,9548
17--5448,5/23/2017,2:11 PM,CARLING AVE EB btwn FOX CRES & WOODROFFE AVE (__3ZA4VE),__3ZA4VE,01 - Non intersection,03 - P.D. only,04 - Sideswipe,01 - Clear,01 - Daylight,01 - Dry,10 - No control,,2,0,0,0,,0,,,,,361625.4085,5025638.164,45.36838279,-75.77455781,9549
17--5449,5/23/2017,2:30 PM,LIMEBANK RD btwn RIDEAU RD & MITCH OWENS RD (__3ZA6LY),__3ZA6LY,01 - Non intersection,02 - Non-fatal injury,07 - SMV other,01 - Clear,01 - Daylight,01 - Dry,10 - No control,,1,0,0,0,01 - Minimal,1,1,,,,371230.2825,5013088.437,45.25461896,-75.65363542,9550
17--545,1/12/2017,5:35 PM,DUNROBIN RD @ THOMAS A. DOLAN PKWY (0003181),3181,02 - Intersection related,03 - P.D. only,03 - Rear end,01 - Clear,05 - Dusk,06 - Ice,01 - Traffic signal,01 - Functioning,2,0,0,0,,0,,,,,342338.4552,5031478.437,45.42223365,-76.02032282,9551
17--5450,5/23/2017,2:35 PM,HAWTHORNE RD @ HUNT CLUB RD (0007651),7651,02 - Intersection related,02 - Non-fatal injury,03 - Rear end,01 - Clear,01 - Daylight,01 - Dry,01 - Traffic signal,01 - Functioning,2,0,0,0,02 - Minor,2,1,1,,,375508.7532,5026406.529,45.37403307,-75.59723079,9552
17--5451,5/23/2017,2:40 PM,BORRISOKANE RD btwn CAMBRIAN RD & STRANDHERD DR (__3ZA1CC),__3ZA1CC,01 - Non intersection,03 - P.D. only,99 - Other,01 - Clear,01 - Daylight,01 - Dry,10 - No control,,2,0,0,0,,0,,,,,362605.016,5012450.647,45.24964152,-75.76359125,9553
17--5452,5/23/2017,2:54 PM,PARKDALE AVE @ SCOTT ST (0002213),2213,03 - At intersection,03 - P.D. only,07 - SMV other,01 - Clear,01 - Daylight,01 - Dry,01 - Traffic signal,01 - Functioning,1,0,0,0,,0,,,,,364950.0381,5029727.898,45.40490398,-75.73162038,9554
17--5453,5/23/2017,3:08 PM,STONEHAVEN DR @ HARNESS LANE/BLUEMEADOW WAY (0004046),4046,02 - Intersection related,03 - P.D. only,03 - Rear end,01 - Clear,01 - Daylight,01 - Dry,01 - Traffic signal,01 - Functioning,2,0,0,0,,0,,,,,354572.4443,5016743.017,45.28887927,-75.86548543,9555
17--5454,5/23/2017,3:37 PM,BOYCE AVE @ CARLING AVE (0002774),2774,03 - At intersection,03 - P.D. only,05 - Turning movement,01 - Clear,01 - Daylight,01 - Dry,02 - Stop sign,01 - Functioning,2,0,0,0,,0,,,,,359350.0068,5024209.169,45.35570551,-75.80376148,9556
17--5455,5/23/2017,3:50 PM,HINCHEY AVE btwn LADOUCEUR ST & OXFORD ST (__3ZAAHQ),__3ZAAHQ,01 - Non intersection,03 - P.D. only,07 - SMV other,01 - Clear,01 - Daylight,01 - Dry,10 - No control,,1,0,0,0,,0,,,,,365191.0976,5029576.004,45.40351652,-75.72855987,9557
17--5456,5/23/2017,4:37 PM,EAGLESON RD btwn ABBEYHILL DR & PALOMINO DR (__3ZA41M),__3ZA41M,01 - Non intersection,03 - P.D. only,03 - Rear end,01 - Clear,01 - Daylight,01 - Dry,10 - No control,,3,0,0,0,,0,,,,,353879.1839,5017907.15,45.29940315,-75.87420759,9558
17--5457,5/23/2017,4:46 PM,CARLING AVE WB btwn GREENVIEW AVE & BRITANNIA RD (__3ZA4VW),__3ZA4VW,01 - Non intersection,03 - P.D. only,04 - Sideswipe,01 - Clear,01 - Daylight,01 - Dry,10 - No control,,2,0,0,0,,0,,,,,360077.2443,5024680.02,45.35988526,-75.79442758,9559
17--5458,5/23/2017,5:28 PM,OTTAWA RIVER PKWY @ PORTAGE BRIDGE (0009072),9072,02 - Intersection related,03 - P.D. only,02 - Angle,01 - Clear,01 - Daylight,01 - Dry,01 - Traffic signal,01 - Functioning,2,0,0,0,,0,,,,,366516.5423,5031314.633,45.41904462,-75.71141246,9560
17--5459,5/23/2017,5:30 PM,PARKDALE AVE @ KENILWORTH ST (0006366),6366,03 - At intersection,03 - P.D. only,02 - Angle,01 - Clear,01 - Daylight,01 - Dry,02 - Stop sign,01 - Functioning,2,0,0,0,,0,,,,,365445.3654,5028594.213,45.39466061,-75.72543285,9561
17--546,1/12/2017,5:55 PM,BASELINE RD @ FISHER AVE (0002346),2346,02 - Intersection related,03 - P.D. only,03 - Rear end,01 - Clear,07 - Dark,02 - Wet,01 - Traffic signal,01 - Functioning,2,0,0,0,,0,,,,,366167.552,5026029.391,45.37151999,-75.71652873,9562
17--5460,5/23/2017,5:33 PM,MAITLAND AVE/GLENMOUNT AVE @ ERINDALE DR (0002724),2724,02 - Intersection related,03 - P.D. only,04 - Sideswipe,01 - Clear,01 - Daylight,01 - Dry,01 - Traffic signal,01 - Functioning,2,0,0,0,,0,,,,,363697.4865,5025211.561,45.36437321,-75.74815844,9563
17--5461,5/23/2017,5:35 PM,HUNT CLUB RD @ PIKE ST/MAPLE PARK PRIV (0010869),10869,02 - Intersection related,03 - P.D. only,03 - Rear end,01 - Clear,01 - Daylight,01 - Dry,01 - Traffic signal,01 - Functioning,2,0,0,0,,0,,,,,373295.7352,5025087.843,45.36238788,-75.62566481,9564
17--5462,5/23/2017,5:35 PM,HUNT CLUB RD @ RIVERSIDE DR (0002237),2237,02 - Intersection related,03 - P.D. only,03 - Rear end,01 - Clear,01 - Daylight,01 - Dry,01 - Traffic signal,01 - Functioning,2,0,0,0,,0,,,,,368037.0375,5021946.167,45.33461387,-75.69318585,9565
17--5463,5/23/2017,6:16 PM,EARL ARMSTRONG RD @ RIVER RD (0012470),12470,02 - Intersection related,03 - P.D. only,03 - Rear end,01 - Clear,01 - Daylight,01 - Dry,01 - Traffic signal,01 - Functioning,2,0,0,0,,0,,,,,367572.3841,5014685.066,45.26932115,-75.70003297,9566
17--5464,5/23/2017,6:28 PM,HAZELDEAN RD btwn YOUNG RD & CASTLEFRANK RD (__3ZA41L),__3ZA41L,01 - Non intersection,03 - P.D. only,03 - Rear end,01 - Clear,01 - Daylight,01 - Dry,10 - No control,,3,0,0,0,,0,,,,,352605.3029,5017607.873,45.29679802,-75.89047834,9567
17--5465,5/23/2017,6:38 PM,BRONSON AVE btwn UNIVERSITY RD & BREWER WAY (__3ZA3BT),__3ZA3BT,01 - Non intersection,03 - P.D. only,03 - Rear end,01 - Clear,01 - Daylight,01 - Dry,10 - No control,,2,0,0,0,,0,,,,,367976.5563,5027999.908,45.38908943,-75.69318354,9568
17--5466,5/23/2017,6:56 PM,INNES RD btwn BELCOURT BLVD & 260 E OF BELCOURT BLVD/WALMART SC (__3ZA3JWA),__3ZA3JWA,01 - Non intersection,03 - P.D. only,03 - Rear end,01 - Clear,01 - Daylight,01 - Dry,10 - No control,,3,0,0,0,,0,,,,,382293.6064,5035368.891,45.453952,-75.5092089,9569
17--5467,5/23/2017,7:00 AM,HIGHWAY 417 btwn HWY417 IC96 RAMP61 & HWY417 IC88 RAMP16 (__3ZA27Z),__3ZA27Z,01 - Non intersection,03 - P.D. only,04 - Sideswipe,01 - Clear,01 - Daylight,01 - Dry,10 - No control,,2,0,0,0,,0,,,,,392452.9471,5022900.747,45.34057721,-75.38155601,9570
17--5468,5/23/2017,7:25 PM,LILLICO DR btwn ROYAL HUNT CRT & UPLANDS DR (__3ZA9AB),__3ZA9AB,01 - Non intersection,03 - P.D. only,06 - SMV unattended vehicle,01 - Clear,01 - Daylight,01 - Dry,10 - No control,,1,0,0,0,,0,,,,,370001.4476,5023225.508,45.34594526,-75.6679568,9571
17--5469,5/23/2017,7:35 AM,BASELINE RD btwn CORDOVA ST & BASSANO ST (__3ZBOCA),__3ZBOCA,01 - Non intersection,02 - Non-fatal injury,04 - Sideswipe,01 - Clear,01 - Daylight,01 - Dry,10 - No control,,2,0,0,0,01 - Minimal,1,1,,,,363638.1698,5024438.289,45.35742038,-75.74900762,9572
17--547,1/12/2017,6:25 AM,FALLOWFIELD RD @ STRANDHERD DR (0005238),5238,02 - Intersection related,03 - P.D. only,01 - Approaching,02 - Rain,07 - Dark,02 - Wet,01 - Traffic signal,00 - Unknown,2,0,0,0,,0,,,,,360751.3664,5014963.871,45.27240561,-75.78692097,9573
17--5470,5/23/2017,7:42 PM,ARLINGTON AVE @ BRONSON AVE (0006759),6759,03 - At intersection,02 - Non-fatal injury,02 - Angle,01 - Clear,01 - Daylight,01 - Dry,01 - Traffic signal,01 - Functioning,2,1,0,0,03 - Major,1,,,1,,367222.375,5029868.901,45.40597374,-75.7025776,9574
17--5471,5/23/2017,7:48 AM,ROBERTSON RD btwn HAZELDEAN RD & HAANEL DR (__3ZA41S),__3ZA41S,01 - Non intersection,03 - P.D. only,07 - SMV other,01 - Clear,01 - Daylight,01 - Dry,10 - No control,,1,0,0,0,,0,,,,,354919.732,5019156.23,45.31056914,-75.86081443,9575
17--5472,5/23/2017,7:50 AM,MORRISON DR @ BASELINE RD (0002570),2570,02 - Intersection related,03 - P.D. only,03 - Rear end,01 - Clear,01 - Daylight,01 - Dry,01 - Traffic signal,01 - Functioning,2,0,0,0,,0,,,,,360101.3394,5022310.163,45.33855941,-75.79438506,9576
17--5473,5/23/2017,7:52 AM,EAGLESON RD @ PALOMINO DR N (0003687),3687,02 - Intersection related,03 - P.D. only,04 - Sideswipe,01 - Clear,01 - Daylight,01 - Dry,01 - Traffic signal,01 - Functioning,2,0,0,0,,0,,,,,354011.3003,5017577.447,45.29642717,-75.87255584,9577
17--5474,5/23/2017,8:31 PM,ST. LAURENT BLVD btwn QUEEN MARY ST & CYRVILLE RD (__3ZBOFG),__3ZBOFG,01 - Non intersection,03 - P.D. only,04 - Sideswipe,01 - Clear,05 - Dusk,01 - Dry,10 - No control,,2,0,0,0,,0,,,,,372228.0084,5032144.356,45.42598296,-75.63832817,9578
17--5475,5/23/2017,9:02 AM,BLAIR RD @ OGILVIE RD (0004120),4120,02 - Intersection related,02 - Non-fatal injury,03 - Rear end,01 - Clear,01 - Daylight,01 - Dry,01 - Traffic signal,01 - Functioning,4,0,0,0,02 - Minor,3,,3,,,374507.2142,5033197.556,45.43523566,-75.60905628,9579
17--5476,5/23/2017,9:16 AM,BELFAST RD @ ST. LAURENT BLVD (0007658),7658,02 - Intersection related,03 - P.D. only,03 - Rear end,01 - Clear,01 - Daylight,01 - Dry,01 - Traffic signal,01 - Functioning,2,0,0,0,,0,,,,,372861.0586,5030577.893,45.41182736,-75.63045565,9580
17--5477,5/23/2017,9:18 PM,HIGHWAY 417 btwn HWY417 IC126 RAMP61 & HWY417 IC124 RAMP76 (__3ZA2Y2),__3ZA2Y2,01 - Non intersection,03 - P.D. only,03 - Rear end,01 - Clear,07 - Dark,01 - Dry,10 - No control,,2,0,0,0,,0,,,,,364100.3167,5027116.168,45.38147662,-75.74278799,9581
17--5478,5/23/2017,9:20 AM,HIGHWAY 417 btwn HWY417 IC119A RAMP67 & HWY417 IC118 RAMP76 (__3ZA2YS),__3ZA2YS,01 - Non intersection,03 - P.D. only,04 - Sideswipe,01 - Clear,01 - Daylight,01 - Dry,10 - No control,,4,0,0,0,,0,,,,,368681.6745,5030587.085,45.41230405,-75.68384441,9582
17--5479,5/23/2017,9:33 PM,BANK ST @ HOPEWELL AVE (0007218),7218,02 - Intersection related,03 - P.D. only,02 - Angle,01 - Clear,07 - Dark,01 - Dry,02 - Stop sign,01 - Functioning,2,0,0,0,,0,,,,,368769.0428,5028504.221,45.39355515,-75.68299849,9583
17--548,1/12/2017,6:30 PM,GRANT CARMAN DR @ MEADOWLANDS DR (0001111),1111,03 - At intersection,02 - Non-fatal injury,07 - SMV other,01 - Clear,07 - Dark,01 - Dry,01 - Traffic signal,01 - Functioning,1,0,0,1,01 - Minimal,1,1,,,,365052.7796,5023901.779,45.35247281,-75.73101898,9584
17--5480,5/24/2017,1:21 PM,BANK ST @ WALKLEY RD (0011423),11423,02 - Intersection related,03 - P.D. only,04 - Sideswipe,01 - Clear,01 - Daylight,01 - Dry,01 - Traffic signal,01 - Functioning,2,0,0,0,,0,,,,,370336.8487,5025946.397,45.37039574,-75.66331642,9585
17--5481,5/24/2017,1:55 PM,MOODIE DR @ CORKSTOWN RD (0000577),577,03 - At intersection,02 - Non-fatal injury,02 - Angle,01 - Clear,01 - Daylight,01 - Dry,01 - Traffic signal,01 - Functioning,2,1,0,0,02 - Minor,1,,1,,,356349.6554,5022760.544,45.34289767,-75.84220429,9586
17--5482,5/24/2017,10:15 AM,BANNER RD @ GREENBANK RD (0000644),644,03 - At intersection,03 - P.D. only,05 - Turning movement,01 - Clear,01 - Daylight,01 - Dry,01 - Traffic signal,01 - Functioning,2,0,0,0,,0,,,,,361022.0071,5021567.161,45.33180071,-75.78272317,9587
17--5483,5/24/2017,10:19 PM,HUNT CLUB RD @ RIVERSIDE DR (0002237),2237,03 - At intersection,03 - P.D. only,05 - Turning movement,01 - Clear,07 - Dark,01 - Dry,01 - Traffic signal,01 - Functioning,2,0,0,0,,0,,,,,368037.0375,5021946.167,45.33461387,-75.69318585,9588
17--5484,5/24/2017,10:20 PM,HUNT CLUB RD @ DOWNPATRICK RD/MCCARTHY RD (0006931),6931,02 - Intersection related,03 - P.D. only,99 - Other,01 - Clear,07 - Dark,01 - Dry,01 - Traffic signal,01 - Functioning,2,0,0,0,,0,,,,,370507.4,5023400.509,45.34747265,-75.66147773,9589
17--5485,5/24/2017,10:30 AM,BLAIR RD @ REGIONAL RD 174 N/OR174 IC112 RAMP61 (0003617),3617,03 - At intersection,02 - Non-fatal injury,05 - Turning movement,01 - Clear,01 - Daylight,01 - Dry,01 - Traffic signal,01 - Functioning,2,0,0,0,01 - Minimal,1,1,,,,374634.3969,5032990.906,45.43336365,-75.60746024,9590
17--5486,5/24/2017,10:40 AM,CARLING AVE @ BROADVIEW AVE (0006707),6707,02 - Intersection related,02 - Non-fatal injury,07 - SMV other,01 - Clear,01 - Daylight,01 - Dry,01 - Traffic signal,01 - Functioning,1,0,0,1,02 - Minor,1,,1,,,363180.3522,5026640.548,45.37727432,-75.75459034,9591
17--5487,5/24/2017,11:26 AM,TENTH LINE RD @ VANGUARD DR (0004632),4632,03 - At intersection,03 - P.D. only,05 - Turning movement,01 - Clear,01 - Daylight,01 - Dry,01 - Traffic signal,01 - Functioning,2,0,0,0,,0,,,,,384073.0977,5035873.226,45.45828995,-75.48637954,9592
17--5488,5/24/2017,Unknown,PAUL ANKA DR btwn UPLANDS DR & MCCARTHY RD (__3ZA9CH),__3ZA9CH,01 - Non intersection,03 - P.D. only,06 - SMV unattended vehicle,01 - Clear,00 - Unknown,01 - Dry,10 - No control,,1,0,0,0,,0,,,,,369609.6774,5023772.823,45.35090616,-75.67288398,9593
17--5489,5/24/2017,Unknown,CARTIER ST btwn COOPER ST & SOMERSET ST W (__3ZA9U9),__3ZA9U9,01 - Non intersection,03 - P.D. only,06 - SMV unattended vehicle,01 - Clear,00 - Unknown,01 - Dry,10 - No control,,1,0,0,0,,0,,,,,368293.3952,5031328.204,45.41900773,-75.6887091,9594
17--549,1/12/2017,6:43 AM,INNES RD @ STONEHENGE CRES E (0009355),9355,03 - At intersection,02 - Non-fatal injury,02 - Angle,02 - Rain,07 - Dark,02 - Wet,01 - Traffic signal,01 - Functioning,2,0,0,0,03 - Major,1,,,1,,375363.7425,5031312.474,45.41818885,-75.59838023,9595
17--5490,5/24/2017,12:13 AM,DALHOUSIE ST @ YORK ST (0008500),8500,02 - Intersection related,03 - P.D. only,03 - Rear end,01 - Clear,07 - Dark,01 - Dry,01 - Traffic signal,00 - Unknown,2,0,0,0,,0,,,,,368094.0416,5032420.259,45.42885173,-75.69111578,9596
17--5491,5/24/2017,12:25 PM,CHARKAY ST @ SEYMOUR AVE (0004595),4595,03 - At intersection,02 - Non-fatal injury,02 - Angle,01 - Clear,01 - Daylight,01 - Dry,03 - Yield sign,00 - Unknown,2,0,0,0,01 - Minimal,1,1,,,,365650.7087,5023975.836,45.35308753,-75.72337945,9597
17--5492,5/24/2017,12:30 PM,SCOTT ST btwn PARKDALE AVE & PINEHURST AVE (__3ZA31U),__3ZA31U,01 - Non intersection,03 - P.D. only,03 - Rear end,01 - Clear,01 - Daylight,01 - Dry,10 - No control,,2,0,0,0,,0,,,,,364974.7872,5029740.607,45.40501621,-75.7313027,9598
17--5493,5/24/2017,12:41 PM,CARLING AVE WB btwn SHERBOURNE RD & BROADVIEW AVE (__3ZA4U0),__3ZA4U0,04 - At/near private drive,03 - P.D. only,02 - Angle,01 - Clear,01 - Daylight,01 - Dry,10 - No control,,2,0,0,0,,0,,,,,362980.5008,5026512.638,45.37614003,-75.75715693,9599
17--5494,5/24/2017,12:55 PM,BRONSON AVE @ SUNNYSIDE AVE/UNIVERSITY RD - CA (0007209),7209,02 - Intersection related,02 - Non-fatal injury,03 - Rear end,01 - Clear,01 - Daylight,01 - Dry,01 - Traffic signal,01 - Functioning,2,0,0,0,01 - Minimal,1,1,,,,367923.7134,5028092.216,45.38992475,-75.69384651,9600
17--5495,5/24/2017,2:00 PM,BANK ST @ QUEENSDALE AVE (0009260),9260,02 - Intersection related,02 - Non-fatal injury,03 - Rear end,01 - Clear,01 - Daylight,01 - Dry,01 - Traffic signal,03 - Obscured,2,0,0,0,01 - Minimal,1,1,,,,373337.7462,5023444.845,45.34760071,-75.62535638,9601
17--5496,5/24/2017,3:00 PM,BRIDGE ST @ LONG ISLAND RD (0008838),8838,02 - Intersection related,03 - P.D. only,05 - Turning movement,01 - Clear,01 - Daylight,01 - Dry,01 - Traffic signal,01 - Functioning,2,0,0,0,,0,,,,,369061.2375,5010344.38,45.23012958,-75.68162215,9602
17--5138,5/14/2017,7:08 PM,TERRY FOX DR S @ DIDSBURY RD/CENTRUM KANATA SC (0011820),11820,02 - Intersection related,02 - Non-fatal injury,03 - Rear end,01 - Clear,01 - Daylight,02 - Wet,01 - Traffic signal,01 - Functioning,2,0,0,0,02 - Minor,1,,1,,,350623.8059,5018915.021,45.30869213,-75.91562042,9603
17--5139,5/14/2017,8:25 AM,COLONEL BY DR/MACKENZIE AVE @ DALY AVE (0008541),8541,02 - Intersection related,03 - P.D. only,04 - Sideswipe,01 - Clear,01 - Daylight,02 - Wet,01 - Traffic signal,01 - Functioning,2,0,0,0,,0,,,,,368002.7119,5031904.58,45.42422009,-75.69234901,9604
17--514,1/11/2017,5:55 PM,RUSSLAND RD btwn Continuation of RUSSLAND RD & GARLANDSIDE RD (__3ZA3KY),__3ZA3KY,04 - At/near private drive,03 - P.D. only,05 - Turning movement,01 - Clear,07 - Dark,02 - Wet,10 - No control,,2,0,0,0,,0,,,,,400001.3333,5024200.619,45.35128804,-75.28500998,9605
17--5140,5/14/2017,8:39 AM,BANK ST @ JOHN QUINN RD (0001633),1633,02 - Intersection related,03 - P.D. only,01 - Approaching,02 - Rain,01 - Daylight,02 - Wet,02 - Stop sign,01 - Functioning,2,0,0,0,,0,,,,,383423.7907,5010701.075,45.23188197,-75.4986817,9606
17--5141,5/14/2017,9:30 PM,OTTAWA RIVER PKWY btwn VIMY PLACE PRIV & BOOTH ST (__5VHJ2QB),__5VHJ2QB,01 - Non intersection,03 - P.D. only,04 - Sideswipe,02 - Rain,07 - Dark,02 - Wet,10 - No control,,2,0,0,0,,0,,,,,366227.7642,5030980.715,45.41606553,-75.71514362,9607
17--5142,5/14/2017,9:30 PM,ACACIA AVE @ ROCKCLIFFE PKWY (0002628),2628,02 - Intersection related,03 - P.D. only,07 - SMV other,02 - Rain,07 - Dark,02 - Wet,02 - Stop sign,00 - Unknown,1,0,0,0,,0,,,,,368702.726,5035534.246,45.45681482,-75.68293335,9608
17--5143,5/14/2017,9:45 PM,BANK ST @ BLAIS RD (0009264),9264,02 - Intersection related,03 - P.D. only,03 - Rear end,01 - Clear,07 - Dark,02 - Wet,02 - Stop sign,01 - Functioning,2,0,0,0,,0,,,,,376153.0841,5019727.474,45.31387266,-75.58996878,9609
17--5144,5/14/2017,9:47 AM,BRONSON AVE @ CARLING AVE/GLEBE AVE (0002134),2134,03 - At intersection,03 - P.D. only,02 - Angle,02 - Rain,01 - Daylight,02 - Wet,01 - Traffic signal,01 - Functioning,2,0,0,0,,0,,,,,367448.0415,5029335.562,45.40115475,-75.69976283,9610
17--5145,5/14/2017,9:49 PM,PERCY ST @ GLOUCESTER ST (0005123),5123,03 - At intersection,03 - P.D. only,07 - SMV other,01 - Clear,07 - Dark,01 - Dry,02 - Stop sign,01 - Functioning,1,0,0,1,,0,,,,,366940.973,5030856.968,45.41488912,-75.7060475,9611