Anom_ID,Accident_Date,Accident_Time,Location,Geo_ID,Accident_Location,Classification_of_Accident,Initial_Impact_Type,Environment_Condition,Light,Road_Surface_Condition,Traffic_Control,Traffic_Control_Condition,No__of_Vehicles,No__of_Bicycles,No__of_Motorcycles,No__of_Pedestrians,Max_Injury,No__of_Injuries,No__of_Minimal,No__of_Minor,No__of_Major,No__of_Fatal,X,Y,Latitude,Longitude,ObjectId
17--5146,5/14/2017,9:57 PM,ALTA VISTA DR btwn ROLLAND AVE & INDUSTRIAL AVE (__3ZA8F8),__3ZA8F8,01 - Non intersection,03 - P.D. only,06 - SMV unattended vehicle,01 - Clear,07 - Dark,01 - Dry,10 - No control,,1,0,0,0,,0,,,,,370882.7899,5030539.491,45.41167143,-75.65573225,9612
17--5147,5/15/2017,1:14 PM,HUNT CLUB RD @ MALAK ST (0007737),7737,02 - Intersection related,02 - Non-fatal injury,03 - Rear end,01 - Clear,01 - Daylight,01 - Dry,02 - Stop sign,01 - Functioning,2,0,0,0,01 - Minimal,1,1,,,,374194.7383,5025652.179,45.36737711,-75.61411132,9613
17--5148,5/15/2017,1:30 AM,DUNROBIN RD btwn VANCES SIDE RD & PORCUPINE TR (__3ZA3H0),__3ZA3H0,01 - Non intersection,03 - P.D. only,07 - SMV other,01 - Clear,07 - Dark,01 - Dry,10 - No control,,1,0,0,0,,0,,,,,340222.8165,5033618.073,45.44159698,-76.04720225,9614
17--5149,5/15/2017,1:45 PM,HIGHWAY 417 btwn HWY417 IC113 RAMP62 & HWY417 IC113 RAMP65 (__3ZA288),__3ZA288,01 - Non intersection,02 - Non-fatal injury,07 - SMV other,01 - Clear,01 - Daylight,01 - Dry,10 - No control,,1,0,0,0,01 - Minimal,2,2,,,,373952.6045,5031795.077,45.42267196,-75.61634096,9615
17--515,1/11/2017,6:30 AM,METCALFE ST @ SLATER ST (0002233),2233,03 - At intersection,03 - P.D. only,02 - Angle,02 - Rain,07 - Dark,04 - Slush,01 - Traffic signal,01 - Functioning,2,0,0,0,,0,,,,,367733.1975,5031549.951,45.42105355,-75.69583803,9616
17--5150,5/15/2017,10:04 AM,MONTREAL RD @ VANIER PKWY (0004630),4630,02 - Intersection related,03 - P.D. only,05 - Turning movement,01 - Clear,01 - Daylight,01 - Dry,01 - Traffic signal,00 - Unknown,2,0,0,0,,0,,,,,370072.3754,5033064.923,45.43447032,-75.6657503,9617
17--5151,5/15/2017,10:30 AM,MONTREAL RD @ VANIER PKWY (0004630),4630,02 - Intersection related,03 - P.D. only,03 - Rear end,01 - Clear,01 - Daylight,01 - Dry,01 - Traffic signal,01 - Functioning,3,0,0,0,,0,,,,,370074.382,5033064.254,45.43446411,-75.66572474,9618
17--5152,5/15/2017,10:47 AM,MITCH OWENS RD btwn DOWNEY RD & MANOTICK STATION RD (__3ZA3TK),__3ZA3TK,01 - Non intersection,01 - Fatal injury,01 - Approaching,01 - Clear,01 - Daylight,01 - Dry,10 - No control,,2,0,0,0,04 - Fatal,2,,1,,1,373339.2466,5013162.342,45.25508168,-75.62675875,9619
17--5153,5/15/2017,10:48 PM,HIGHWAY 417 btwn HWY417 IC127 RAMP25 & HWY417 IC126 RAMP51 (__3ZA2XA),__3ZA2XA,01 - Non intersection,03 - P.D. only,03 - Rear end,01 - Clear,07 - Dark,01 - Dry,10 - No control,,3,0,0,0,,0,,,,,362668.893,5025253.386,45.36483522,-75.76128269,9620
17--5154,5/15/2017,11:46 AM,POPLAR ST @ PRESTON ST (0005744),5744,02 - Intersection related,02 - Non-fatal injury,03 - Rear end,01 - Clear,01 - Daylight,01 - Dry,02 - Stop sign,01 - Functioning,2,0,0,0,02 - Minor,1,,1,,,366391.2485,5029935.785,45.40664917,-75.71318556,9621
17--5155,5/15/2017,12:16 PM,PORTAGE BRIDGE SB btwn PROVINCIAL BOUNDARY & WELLINGTON ST (__6TE1GY),__6TE1GY,07 - Overpass or bridge,03 - P.D. only,03 - Rear end,01 - Clear,01 - Daylight,01 - Dry,10 - No control,,2,0,0,0,,0,,,,,366369.858,5031574.28,45.42139377,-75.7132541,9622
17--5156,5/15/2017,2:03 PM,EXHIBITION WAY btwn BANK ST & NO NAME (e___2HQY),e___2HQY,01 - Non intersection,03 - P.D. only,06 - SMV unattended vehicle,01 - Clear,01 - Daylight,01 - Dry,10 - No control,,1,0,0,0,,0,,,,,368619.0135,5029130.176,45.39920098,-75.68483346,9623
17--5157,5/15/2017,2:40 PM,HAWTHORNE RD btwn STEVENAGE DR & HUNT CLUB RD (__3ZA2E8),__3ZA2E8,01 - Non intersection,03 - P.D. only,07 - SMV other,01 - Clear,01 - Daylight,01 - Dry,10 - No control,,1,0,0,0,,0,,,,,375464.6061,5026512.215,45.37498843,-75.59777924,9624
17--5158,5/15/2017,2:47 PM,JOCKVALE RD btwn BREN-MAUR RD & RIVERSTONE DR (__33D305),__33D305,01 - Non intersection,02 - Non-fatal injury,05 - Turning movement,01 - Clear,01 - Daylight,01 - Dry,10 - No control,,2,0,0,0,02 - Minor,1,,1,,,364903.9812,5013896.78,45.26246126,-75.73413119,9625
17--5159,5/15/2017,2:54 PM,STONEWAY DR btwn FOREST GATE WAY & MOUNTAIN ASH DR (__3ZACE4),__3ZACE4,01 - Non intersection,03 - P.D. only,05 - Turning movement,01 - Clear,01 - Daylight,01 - Dry,10 - No control,,2,0,0,0,,0,,,,,366176.186,5016856.05,45.28897878,-75.71755589,9626
17--516,1/11/2017,6:41 PM,DWYER HILL RD @ ROGER STEVENS DR (0003690),3690,03 - At intersection,02 - Non-fatal injury,02 - Angle,01 - Clear,07 - Dark,01 - Dry,02 - Stop sign,01 - Functioning,3,0,0,0,02 - Minor,6,5,1,,,354336.2076,4989351.941,45.04241958,-75.87121436,9627
17--5160,5/15/2017,3:00 PM,HIGHWAY 417 btwn HWY417 IC129 RAMP61 & TRANSIT (__3ZA2SI),__3ZA2SI,01 - Non intersection,02 - Non-fatal injury,03 - Rear end,01 - Clear,01 - Daylight,01 - Dry,10 - No control,,2,0,0,0,01 - Minimal,1,1,,,,361399.476,5024285.722,45.35623189,-75.77759677,9628
17--5161,5/15/2017,3:03 PM,MERIVALE RD @ WOODFIELD DR/ROYDON PL (0009776),9776,02 - Intersection related,03 - P.D. only,03 - Rear end,01 - Clear,01 - Daylight,01 - Dry,01 - Traffic signal,01 - Functioning,3,0,0,0,,0,,,,,365463.1521,5022297.822,45.33800525,-75.72597876,9629
17--5162,5/15/2017,4:00 PM,DONALD ST @ ST. LAURENT BLVD (0008630),8630,03 - At intersection,03 - P.D. only,02 - Angle,01 - Clear,01 - Daylight,01 - Dry,01 - Traffic signal,01 - Functioning,2,0,0,0,,0,,,,,372092.7096,5032473.254,45.42895526,-75.64001204,9630
17--5163,5/15/2017,4:25 PM,HWY 416 WESTHUNT IC72R34 @ WEST HUNT CLUB RD (0005218),5218,02 - Intersection related,03 - P.D. only,03 - Rear end,01 - Clear,01 - Daylight,01 - Dry,01 - Traffic signal,01 - Functioning,2,0,0,0,,0,,,,,359370.1954,5019360.729,45.31207752,-75.80403842,9631
17--5164,5/15/2017,4:27 PM,BANTON ST @ WALKLEY RD (0006399),6399,02 - Intersection related,03 - P.D. only,04 - Sideswipe,01 - Clear,01 - Daylight,01 - Dry,01 - Traffic signal,01 - Functioning,2,0,0,0,,0,,,,,374248.74,5028248.199,45.39072958,-75.61305688,9632
17--5165,5/15/2017,4:51 PM,CARLETON AVE @ SCOTT ST (0006124),6124,02 - Intersection related,03 - P.D. only,99 - Other,01 - Clear,01 - Daylight,01 - Dry,01 - Traffic signal,01 - Functioning,2,0,0,0,,0,,,,,364115.0278,5029213.891,45.4003503,-75.742348,9633
17--5166,5/15/2017,5:09 PM,CARLING AVE btwn CAMBRIDGE ST S & BRONSON AVE (__3ZA4S3),__3ZA4S3,01 - Non intersection,02 - Non-fatal injury,04 - Sideswipe,01 - Clear,01 - Daylight,01 - Dry,10 - No control,,2,0,0,0,02 - Minor,1,,1,,,367371.7873,5029272.686,45.40059582,-75.70074475,9634
17--5167,5/15/2017,6:00 PM,GLOUCESTER ST @ METCALFE ST (0006945),6945,02 - Intersection related,03 - P.D. only,04 - Sideswipe,01 - Clear,01 - Daylight,01 - Dry,01 - Traffic signal,01 - Functioning,2,0,0,0,,0,,,,,367833.9312,5031386.598,45.41957469,-75.69457188,9635
17--5168,5/15/2017,6:22 PM,HIGHWAY 417 btwn HIGHWAY 417 & HWY417 IC110 RAMP66 (__3ZA282),__3ZA282,01 - Non intersection,02 - Non-fatal injury,03 - Rear end,01 - Clear,01 - Daylight,01 - Dry,10 - No control,,2,0,1,0,01 - Minimal,1,1,,,,375502.184,5029873.274,45.40522573,-75.59681797,9636
17--5169,5/15/2017,6:30 PM,CARLING AVE @ HOLLAND AVE (0002146),2146,03 - At intersection,02 - Non-fatal injury,02 - Angle,01 - Clear,01 - Daylight,01 - Dry,01 - Traffic signal,01 - Functioning,2,1,0,0,02 - Minor,1,,1,,,365418.3709,5028038.547,45.38966318,-75.72584586,9637
17--517,1/11/2017,6:42 PM,GLENORA AVE @ HAZEL ST (0007445),7445,02 - Intersection related,03 - P.D. only,06 - SMV unattended vehicle,01 - Clear,07 - Dark,05 - Packed snow,02 - Stop sign,01 - Functioning,1,0,0,0,,0,,,,,369090.1354,5030145.418,45.40829268,-75.67868403,9638
17--5170,5/15/2017,6:38 AM,GREENBANK RD btwn WEST HUNT CLUB RD & FALLOWFIELD RD (__3ZA1NE),__3ZA1NE,01 - Non intersection,03 - P.D. only,03 - Rear end,01 - Clear,01 - Daylight,01 - Dry,10 - No control,,2,0,0,0,,0,,,,,361521.483,5020407.496,45.32132586,-75.77648424,9639
17--5171,5/15/2017,6:43 PM,HOG'S BACK RD btwn PRINCE OF WALES DR & COLONEL BY DR (__3ZA22U),__3ZA22U,01 - Non intersection,03 - P.D. only,04 - Sideswipe,01 - Clear,01 - Daylight,01 - Dry,10 - No control,,2,0,0,0,,0,,,,,367475.9323,5025779.765,45.36915812,-75.69985811,9640
17--5172,5/15/2017,7:11 AM,BLAIR PL @ OGILVIE RD (0004162),4162,02 - Intersection related,03 - P.D. only,03 - Rear end,01 - Clear,01 - Daylight,01 - Dry,01 - Traffic signal,01 - Functioning,2,0,0,0,,0,,,,,374799.2715,5033372.258,45.43677835,-75.60529905,9641
17--5173,5/15/2017,7:36 PM,ProposedCANYON WALK DR @ EARL ARMSTRONG RD (0013180),13180,03 - At intersection,03 - P.D. only,05 - Turning movement,01 - Clear,01 - Daylight,01 - Dry,01 - Traffic signal,01 - Functioning,2,0,0,0,,0,,,,,369397.9218,5015630.414,45.27766195,-75.67664782,9642
17--5174,5/15/2017,8:15 PM,CARLING AVE @ IROQUOIS RD (0003145),3145,03 - At intersection,03 - P.D. only,02 - Angle,01 - Clear,05 - Dusk,01 - Dry,01 - Traffic signal,01 - Functioning,2,0,0,0,,0,,,,,362214.0205,5026024.861,45.37181428,-75.76699917,9643
17--5175,5/15/2017,8:25 AM,REGIONAL ROAD 174 btwn OR174 IC105 RAMP26 & OR174 IC105 RAMP63 (__3ZA2XB),__3ZA2XB,01 - Non intersection,03 - P.D. only,04 - Sideswipe,01 - Clear,01 - Daylight,01 - Dry,10 - No control,,2,0,0,0,,0,,,,,379501.8511,5037089.535,45.46973706,-75.54463623,9644
17--5176,5/15/2017,8:32 AM,MACKENZIE AVE @ MURRAY ST (0011914),11914,02 - Intersection related,03 - P.D. only,04 - Sideswipe,01 - Clear,01 - Daylight,01 - Dry,01 - Traffic signal,01 - Functioning,2,0,0,0,,0,,,,,367639.4811,5032384.696,45.42857273,-75.69692893,9645
17--5177,5/15/2017,8:34 AM,MEADOWGLEN DR btwn WINDFLOWER WAY & ORLEANS BLVD (__3ZA611),__3ZA611,01 - Non intersection,03 - P.D. only,01 - Approaching,01 - Clear,01 - Daylight,01 - Dry,10 - No control,,2,0,0,0,,0,,,,,380315.9861,5034562.196,45.44691048,-75.53461386,9646
17--5178,5/15/2017,8:48 AM,BANK ST @ FIFTH AVE (0007247),7247,03 - At intersection,03 - P.D. only,05 - Turning movement,01 - Clear,01 - Daylight,01 - Dry,01 - Traffic signal,01 - Functioning,2,0,0,0,,0,,,,,368398.379,5029400.558,45.40165387,-75.6876165,9647
17--5179,5/15/2017,9:00 AM,IMPERIAL AVE btwn BRONSON AVE & CHAMBERLAIN AVE (__3ZA3O5),__3ZA3O5,04 - At/near private drive,02 - Non-fatal injury,02 - Angle,01 - Clear,01 - Daylight,01 - Dry,10 - No control,,2,0,0,0,01 - Minimal,2,2,,,,367336.4291,5029656.261,45.40405028,-75.70114771,9648
17--518,1/11/2017,6:47 AM,BELFAST RD @ ST. LAURENT BLVD (0007658),7658,02 - Intersection related,03 - P.D. only,03 - Rear end,01 - Clear,07 - Dark,02 - Wet,01 - Traffic signal,01 - Functioning,2,0,0,0,,0,,,,,372860.2507,5030578.325,45.41183132,-75.63046591,9649
17--5180,5/15/2017,9:11 PM,GALETTA SIDE RD btwn MOHRS RD & MORNING DEW DR (__4B1MVN),__4B1MVN,01 - Non intersection,03 - P.D. only,07 - SMV other,01 - Clear,07 - Dark,01 - Dry,10 - No control,,1,0,0,0,,0,,,,,324030.9752,5031830.847,45.42614765,-76.25424411,9650
17--5181,5/15/2017,9:26 PM,CLARENCE ST @ COBOURG ST (0007621),7621,03 - At intersection,03 - P.D. only,02 - Angle,01 - Clear,07 - Dark,01 - Dry,02 - Stop sign,01 - Functioning,2,0,0,0,,0,,,,,368950.7127,5033056.591,45.43449915,-75.68008593,9651
17--5182,5/16/2017,1:13 PM,PINE HILL DR btwn BRANDY CREEK CRES & PEREGRINE CRES (__3ZA1R6),__3ZA1R6,01 - Non intersection,02 - Non-fatal injury,07 - SMV other,01 - Clear,01 - Daylight,01 - Dry,10 - No control,,1,0,0,0,02 - Minor,1,,1,,,355831.3442,5017117.672,45.2921602,-75.84939906,9652
17--5183,5/16/2017,10:55 AM,LIMEBANK RD @ RIDEAU RD (0004455),4455,03 - At intersection,02 - Non-fatal injury,02 - Angle,01 - Clear,01 - Daylight,01 - Dry,02 - Stop sign,01 - Functioning,2,0,0,0,02 - Minor,1,,1,,,370882.3933,5014019.433,45.26302867,-75.65794346,9653
17--5184,5/16/2017,11:15 AM,MANOTICK MAIN ST @ MILL ST (0008836),8836,02 - Intersection related,03 - P.D. only,04 - Sideswipe,01 - Clear,01 - Daylight,01 - Dry,02 - Stop sign,01 - Functioning,2,0,0,0,,0,,,,,368820.363,5009830.72,45.22552963,-75.68475549,9654
17--5185,5/16/2017,12:30 PM,NAVAN RD btwn MUSTANG ST & TO BE DETERMINED (__3ZA3M4),__3ZA3M4,04 - At/near private drive,03 - P.D. only,02 - Angle,01 - Clear,01 - Daylight,01 - Dry,10 - No control,,2,0,1,0,,0,,,,,388099.3919,5032189.421,45.42467845,-75.43552981,9655
17--5186,5/16/2017,2:17 PM,WALKLEY EXTENSION RD btwn HWY417 IC110 RAMP65 & HWY417 IC110 RAMP56 (__3ZAZE6),__3ZAZE6,07 - Overpass or bridge,02 - Non-fatal injury,04 - Sideswipe,01 - Clear,01 - Daylight,01 - Dry,10 - No control,,2,1,0,0,03 - Major,1,,,1,,375821.679,5029087.242,45.3981211,-75.5928503,9656
17--5187,5/16/2017,2:40 PM,WALKLEY EXTENSION RD btwn HWY417 IC110 RAMP65 & HWY417 IC110 RAMP56 (__3ZAZE6),__3ZAZE6,07 - Overpass or bridge,03 - P.D. only,03 - Rear end,01 - Clear,01 - Daylight,01 - Dry,10 - No control,,3,0,0,0,,0,,,,,375821.5787,5029086.733,45.39811653,-75.59285165,9657
17--5188,5/16/2017,2:57 PM,OTTAWA RIVER PKWY @ PORTAGE BRIDGE (0009072),9072,02 - Intersection related,03 - P.D. only,99 - Other,01 - Clear,01 - Daylight,01 - Dry,01 - Traffic signal,01 - Functioning,2,0,0,0,,0,,,,,366515.9602,5031314.564,45.41904405,-75.7114199,9658
17--5189,5/16/2017,3:59 PM,ALBION RD btwn LESTER RD & LEITRIM RD (__3ZA3SQ),__3ZA3SQ,01 - Non intersection,02 - Non-fatal injury,03 - Rear end,01 - Clear,01 - Daylight,01 - Dry,10 - No control,,5,0,0,0,01 - Minimal,5,5,,,,373041.2318,5021500.573,45.33013574,-75.62940805,9659
17--519,1/11/2017,7:46 AM,VANIER PKWY/CRICHTON ST @ BEECHWOOD AVE/ST. PA (0001604),1604,02 - Intersection related,03 - P.D. only,04 - Sideswipe,01 - Clear,03 - Dawn,04 - Slush,01 - Traffic signal,01 - Functioning,2,0,0,0,,0,,,,,369126.9248,5033486.141,45.43834789,-75.67777785,9660
17--5190,5/16/2017,4:03 PM,IRVING AVE btwn WELLINGTON ST W & LAUREL ST (__3ZAAH8),__3ZAAH8,04 - At/near private drive,03 - P.D. only,07 - SMV other,01 - Clear,01 - Daylight,01 - Dry,10 - No control,,1,0,0,0,,0,,,,,365674.0954,5029694.113,45.4045374,-75.72237601,9661
17--5191,5/16/2017,4:18 PM,BASELINE RD btwn COLLEGE SQUARE SC & WOODROFFE AVE (__3ZAZDQA),__3ZAZDQA,01 - Non intersection,02 - Non-fatal injury,03 - Rear end,01 - Clear,01 - Daylight,01 - Dry,10 - No control,,2,0,0,0,02 - Minor,2,,2,,,362721.5053,5023873.549,45.35241523,-75.76077283,9662
17--5192,5/16/2017,4:23 PM,BANK ST btwn RANDALL AVE & 73 N OF EVANS BLVD (__3ZA3BJA),__3ZA3BJA,01 - Non intersection,03 - P.D. only,03 - Rear end,01 - Clear,01 - Daylight,01 - Dry,10 - No control,,3,0,0,0,,0,,,,,369870.2294,5027130.926,45.38109724,-75.66911686,9663
17--5193,5/16/2017,4:30 PM,TENTH LINE RD @ CHARLEMAGNE BLVD S/DES EPINETT (0003686),3686,02 - Intersection related,03 - P.D. only,03 - Rear end,01 - Clear,01 - Daylight,01 - Dry,01 - Traffic signal,01 - Functioning,2,0,0,0,,0,,,,,383640.9751,5036900.456,45.46758093,-75.49173924,9664
17--5194,5/16/2017,4:40 PM,KING EDWARD AVE @ RIDEAU ST (0002121),2121,02 - Intersection related,03 - P.D. only,03 - Rear end,01 - Clear,01 - Daylight,01 - Dry,01 - Traffic signal,01 - Functioning,2,0,0,0,,0,,,,,368511.7072,5032412.913,45.42874771,-75.68577959,9665
17--5195,5/16/2017,4:50 PM,REGIONAL ROAD 174 btwn OR174 IC105 RAMP51 & OR174 IC105 RAMP35 (__3ZA2XC),__3ZA2XC,01 - Non intersection,03 - P.D. only,04 - Sideswipe,01 - Clear,01 - Daylight,01 - Dry,10 - No control,,2,0,0,0,,0,,,,,379375.6805,5036983.682,45.46879816,-75.54626567,9666
17--5196,5/16/2017,5:00 PM,HIGHWAY 417 btwn HWY417 IC121B RAMP51 & HWY417 IC121A RAMP51 (__3ZA2YW),__3ZA2YW,01 - Non intersection,03 - P.D. only,03 - Rear end,01 - Clear,01 - Daylight,01 - Dry,10 - No control,,3,0,0,0,,0,,,,,366752.4344,5029566.015,45.4032902,-75.70861839,9667
17--5197,5/16/2017,5:01 PM,DUNNING RD btwn MAGLADRY RD & SARSFIELD RD (__3ZA2YC),__3ZA2YC,04 - At/near private drive,03 - P.D. only,03 - Rear end,01 - Clear,01 - Daylight,01 - Dry,10 - No control,,2,0,0,0,,0,,,,,395514.1183,5029730.949,45.40163802,-75.34124933,9668
17--5198,5/16/2017,5:20 PM,HIGHWAY 417 btwn HWY417 IC122 RAMP61 & HWY417 IC121B RAMP16 (__3ZA2Y4),__3ZA2Y4,01 - Non intersection,03 - P.D. only,03 - Rear end,01 - Clear,01 - Daylight,01 - Dry,10 - No control,,2,0,0,0,,0,,,,,365694.1413,5029140.035,45.3995502,-75.72218838,9669
17--5199,5/16/2017,5:37 PM,CAMPEAU DR/HWY 417 MARCH IC138R63 @ MARCH RD (0009710),9710,02 - Intersection related,03 - P.D. only,04 - Sideswipe,01 - Clear,01 - Daylight,01 - Dry,01 - Traffic signal,01 - Functioning,2,0,0,0,,0,,,,,352840.5077,5020477.368,45.32260233,-75.88720146,9670
17--52,1/3/2017,11:05 PM,HIGHWAY 417 btwn HWY417 IC119A RAMP67 & HWY417 IC118 RAMP76 (__3ZA2YS),__3ZA2YS,01 - Non intersection,03 - P.D. only,07 - SMV other,03 - Snow,07 - Dark,03 - Loose snow,10 - No control,,1,0,0,0,,0,,,,,368962.1383,5030724.93,45.41351868,-75.68024362,9671
17--520,1/11/2017,9:12 AM,VANIER PKWY NB btwn DESCHAMPS AVE & MONTREAL RD (__3ZA4SU),__3ZA4SU,01 - Non intersection,03 - P.D. only,03 - Rear end,01 - Clear,01 - Daylight,02 - Wet,10 - No control,,3,0,0,0,,0,,,,,369968.4798,5033173.734,45.43545905,-75.66706365,9672
17--5200,5/16/2017,5:43 PM,MOODIE DR btwn ROBERTSON RD & HADLEY CIRC (__3ZA412),__3ZA412,04 - At/near private drive,03 - P.D. only,07 - SMV other,01 - Clear,01 - Daylight,01 - Dry,10 - No control,,1,0,0,0,,0,,,,,357097.0869,5020393.94,45.32154743,-75.83291744,9673
17--5201,5/16/2017,5:48 PM,LOWEN DR @ RIVER RD (0008666),8666,02 - Intersection related,03 - P.D. only,03 - Rear end,01 - Clear,01 - Daylight,01 - Dry,02 - Stop sign,00 - Unknown,3,0,0,0,,0,,,,,367924.7126,5017625.799,45.29575001,-75.6951693,9674
17--5202,5/16/2017,6:26 PM,CENTURY RD S @ MCCORDICK RD S (0003724),3724,03 - At intersection,02 - Non-fatal injury,02 - Angle,01 - Clear,01 - Daylight,01 - Dry,02 - Stop sign,01 - Functioning,3,0,0,0,01 - Minimal,5,5,,,,360470.4175,5003124.526,45.16589524,-75.79182502,9675
17--5203,5/16/2017,6:26 PM,TOMPKINS AVE @ CARAVEL CRES W/MCEACHERN CRES W (0004328),4328,03 - At intersection,03 - P.D. only,02 - Angle,01 - Clear,01 - Daylight,01 - Dry,02 - Stop sign,01 - Functioning,2,0,0,0,,0,,,,,382581.1112,5037765.262,45.47548053,-75.50515439,9676
17--5204,5/16/2017,6:30 PM,PARENT AVE btwn GUIGUES AVE & ST. PATRICK ST (__3ZBOXQ),__3ZBOXQ,04 - At/near private drive,03 - P.D. only,99 - Other,01 - Clear,01 - Daylight,01 - Dry,10 - No control,,2,0,0,0,,0,,,,,367789.9917,5032606.675,45.43055649,-75.69497724,9677
17--5205,5/16/2017,6:37 PM,ROBERTSON RD btwn WESTCLIFFE RD & FITZGERALD RD (__3ZA41Z),__3ZA41Z,01 - Non intersection,03 - P.D. only,04 - Sideswipe,01 - Clear,01 - Daylight,01 - Dry,10 - No control,,2,0,0,0,,0,,,,,356475.5772,5020098.951,45.31893911,-75.84087543,9678
17--5206,5/16/2017,6:50 AM,HIGHWAY 417 btwn HWY417 IC129 RAMP25 & TRANSIT (__3ZA2SH),__3ZA2SH,01 - Non intersection,03 - P.D. only,03 - Rear end,01 - Clear,01 - Daylight,01 - Dry,10 - No control,,2,0,0,0,,0,,,,,361649.5043,5024450.744,45.35769652,-75.77438683,9679
17--5207,5/16/2017,7:07 AM,BUTTERNUT CRT @ NORTHPARK DR (0004511),4511,02 - Intersection related,02 - Non-fatal injury,07 - SMV other,01 - Clear,01 - Daylight,01 - Dry,02 - Stop sign,01 - Functioning,1,0,1,0,02 - Minor,1,,1,,,378001.402,5033571.24,45.43824076,-75.56434656,9680
17--5208,5/16/2017,7:17 PM,KING EDWARD AVE btwn RIDEAU ST & BESSERER ST (__3ZA3VA),__3ZA3VA,01 - Non intersection,03 - P.D. only,04 - Sideswipe,01 - Clear,01 - Daylight,01 - Dry,10 - No control,,2,0,0,0,,0,,,,,368530.7708,5032381.482,45.42846317,-75.68554006,9681
17--5209,5/16/2017,7:23 AM,HIGHWAY 417 btwn HWY417 IC126 RAMP25 & HWY417 IC124 RAMP57 (__3ZA2R5),__3ZA2R5,01 - Non intersection,02 - Non-fatal injury,03 - Rear end,01 - Clear,01 - Daylight,01 - Dry,10 - No control,,2,0,0,0,01 - Minimal,3,3,,,,363532.8193,5026318.015,45.37434276,-75.75012873,9682
17--521,1/11/2017,9:17 PM,ST. LAURENT BLVD @ WALKLEY RD (0007653),7653,02 - Intersection related,03 - P.D. only,03 - Rear end,02 - Rain,07 - Dark,06 - Ice,01 - Traffic signal,01 - Functioning,2,0,0,0,,0,,,,,373903.6085,5028048.572,45.38896757,-75.61749205,9683
17--5210,5/16/2017,7:55 AM,CARLING AVE/STATION RD @ MARCH RD (0002681),2681,02 - Intersection related,03 - P.D. only,03 - Rear end,01 - Clear,01 - Daylight,01 - Dry,01 - Traffic signal,01 - Functioning,2,0,0,0,,0,,,,,350906.7167,5022246.216,45.3386485,-75.91170255,9684
17--5211,5/16/2017,9:14 AM,INNES RD btwn 173 W OF ORIENT PARK DR & ORIENT PARK DR (__3ZA2AZB),__3ZA2AZB,04 - At/near private drive,02 - Non-fatal injury,03 - Rear end,01 - Clear,01 - Daylight,01 - Dry,10 - No control,,2,0,0,0,02 - Minor,2,,2,,,378206.2481,5032968.234,45.43279384,-75.5618185,9685
17--5212,5/16/2017,9:20 AM,CENTURY RD    E btwn FIRST LINE RD & MANOTICK MAIN ST (__3ZA98T),__3ZA98T,01 - Non intersection,03 - P.D. only,07 - SMV other,01 - Clear,01 - Daylight,01 - Dry,10 - No control,,1,0,0,0,,0,,,,,368269.0274,5007737.118,45.20674132,-75.69204241,9686
17--5213,5/16/2017,9:28 AM,BANK ST @ HOPEWELL AVE (0007218),7218,02 - Intersection related,03 - P.D. only,03 - Rear end,01 - Clear,01 - Daylight,01 - Dry,02 - Stop sign,01 - Functioning,2,0,0,0,,0,,,,,368768.7083,5028504.228,45.39355524,-75.68300276,9687
17--5214,5/16/2017,9:30 PM,DALMENY RD btwn STAGECOACH RD & 4TH LINE RD (__3ZA2C7),__3ZA2C7,01 - Non intersection,03 - P.D. only,07 - SMV other,01 - Clear,07 - Dark,01 - Dry,10 - No control,,1,0,0,0,,0,,,,,377892.7634,4999256.73,45.1295044,-75.5707894,9688
17--5215,5/16/2017,9:34 PM,SHERWOOD DR btwn WARWICK PL & MACFARLANE AVE (__3ZA01T),__3ZA01T,04 - At/near private drive,03 - P.D. only,06 - SMV unattended vehicle,01 - Clear,07 - Dark,01 - Dry,10 - No control,,1,0,0,0,,0,,,,,365458.0534,5028775.05,45.39628664,-75.72524858,9689
17--5216,5/16/2017,9:39 PM,WEST HUNT CLUB RD @ WOODROFFE AVE (0000576),576,02 - Intersection related,03 - P.D. only,03 - Rear end,01 - Clear,07 - Dark,01 - Dry,01 - Traffic signal,01 - Functioning,2,0,0,0,,0,,,,,363669.6877,5021245.82,45.32869219,-75.74898529,9690
17--5217,5/16/2017,9:40 PM,HIGHWAY 417 btwn HWY417 IC129 RAMP61 & TRANSIT (__3ZA2SI),__3ZA2SI,01 - Non intersection,03 - P.D. only,03 - Rear end,01 - Clear,07 - Dark,01 - Dry,10 - No control,,2,0,0,0,,0,,,,,361295.17,5024209.144,45.35555126,-75.77893671,9691
17--5218,5/16/2017,9:56 PM,OLD TENTH LINE RD/OR174 IC101 RAMP63 @ ST. JOS (0009233),9233,02 - Intersection related,03 - P.D. only,07 - SMV other,01 - Clear,07 - Dark,01 - Dry,01 - Traffic signal,01 - Functioning,1,0,0,0,,0,,,,,383120.7474,5038786.932,45.48461226,-75.49809041,9692
17--5219,5/17/2017,10:53 AM,CASTLEFRANK RD btwn KATIMAVIK RD & MCCURDY DR (__3ZA59B),__3ZA59B,01 - Non intersection,02 - Non-fatal injury,03 - Rear end,01 - Clear,01 - Daylight,01 - Dry,10 - No control,,2,0,0,0,01 - Minimal,1,1,,,,352005.6369,5018872.613,45.30821901,-75.89800328,9693