Anom_ID,Accident_Date,Accident_Time,Location,Geo_ID,Accident_Location,Classification_of_Accident,Initial_Impact_Type,Environment_Condition,Light,Road_Surface_Condition,Traffic_Control,Traffic_Control_Condition,No__of_Vehicles,No__of_Bicycles,No__of_Motorcycles,No__of_Pedestrians,Max_Injury,No__of_Injuries,No__of_Minimal,No__of_Minor,No__of_Major,No__of_Fatal,X,Y,Latitude,Longitude,ObjectId
17--522,1/11/2017,9:27 AM,REGIONAL RD 174 EB btwn REGIONAL RD 174 & TRIM RD (__3ZA1L6),__3ZA1L6,01 - Non intersection,03 - P.D. only,04 - Sideswipe,01 - Clear,01 - Daylight,02 - Wet,10 - No control,,2,0,0,0,,0,,,,,384365.6061,5039973.416,45.49514632,-75.48197589,9694
17--5220,5/17/2017,11:01 AM,RIVERSIDE DR @ SMYTH RD SOUTH SIDE RAMP (0011480),11480,02 - Intersection related,03 - P.D. only,03 - Rear end,01 - Clear,01 - Daylight,01 - Dry,01 - Traffic signal,01 - Functioning,2,0,0,0,,0,,,,,369787.4416,5028997.976,45.39790401,-75.66992799,9695
17--5221,5/17/2017,11:15 AM,HIGHWAY 417 btwn HWY417 IC119A RAMP67 & HWY417 IC118 RAMP76 (__3ZA2YS),__3ZA2YS,01 - Non intersection,03 - P.D. only,04 - Sideswipe,01 - Clear,01 - Daylight,01 - Dry,10 - No control,,2,0,0,0,,0,,,,,368710.0799,5030601.067,45.41242727,-75.68347973,9696
17--5222,5/17/2017,Unknown,CLARIDGE DR btwn UPNEY DR & BEATRICE DR (__3ZADHJ),__3ZADHJ,01 - Non intersection,03 - P.D. only,06 - SMV unattended vehicle,01 - Clear,00 - Unknown,01 - Dry,10 - No control,,1,0,0,0,,0,,,,,365070.5062,5016515.492,45.28601014,-75.73169155,9697
17--5223,5/17/2017,Unknown,GOLDRIDGE DR btwn NORGOLD CRES & INSMILL CRES (__3AYB53),__3AYB53,01 - Non intersection,03 - P.D. only,06 - SMV unattended vehicle,01 - Clear,00 - Unknown,01 - Dry,10 - No control,,1,0,0,0,,0,,,,,349775.5991,5019516.115,45.31415577,-75.92638228,9698
17--5224,5/17/2017,12:43 PM,BASELINE RD @ WOODROFFE AVE (0002225),2225,02 - Intersection related,03 - P.D. only,03 - Rear end,01 - Clear,01 - Daylight,01 - Dry,01 - Traffic signal,01 - Functioning,2,0,0,0,,0,,,,,362549.3558,5023770.505,45.35150224,-75.76298175,9699
17--5225,5/17/2017,2:00 PM,PINEPOINT DR btwn LYNHAR RD & STINSON AVE (__3ZABQY),__3ZABQY,04 - At/near private drive,03 - P.D. only,06 - SMV unattended vehicle,01 - Clear,01 - Daylight,01 - Dry,10 - No control,,1,0,0,0,,0,,,,,358326.6382,5020827.91,45.32535965,-75.81718792,9700
17--5767,5/31/2017,8:10 PM,PARENT AVE @ BOLTON ST (0008439),8439,03 - At intersection,03 - P.D. only,02 - Angle,01 - Clear,01 - Daylight,01 - Dry,02 - Stop sign,01 - Functioning,2,0,0,0,,0,,,,,367596.6907,5032918.845,45.43338267,-75.6974076,9701
17--5677,5/29/2017,3:33 PM,ST. JOSEPH BLVD @ TENTH LINE RD (0009163),9163,02 - Intersection related,03 - P.D. only,03 - Rear end,02 - Rain,01 - Daylight,02 - Wet,01 - Traffic signal,01 - Functioning,2,0,0,0,,0,,,,,382891.1383,5038667.122,45.48356005,-75.50104626,9702
17--5587,5/26/2017,4:17 PM,MCCARTHY RD @ SOUTHMORE DR (0007491),7491,03 - At intersection,03 - P.D. only,02 - Angle,01 - Clear,01 - Daylight,02 - Wet,02 - Stop sign,01 - Functioning,2,0,0,0,,0,,,,,369450.057,5024836.859,45.3604948,-75.67478173,9703
17--5588,5/26/2017,5:30 PM,COLONNADE RD @ PRINCE OF WALES DR (0005249),5249,02 - Intersection related,03 - P.D. only,03 - Rear end,02 - Rain,01 - Daylight,02 - Wet,01 - Traffic signal,01 - Functioning,2,0,0,0,,0,,,,,367396.3838,5023266.516,45.34655156,-75.70119182,9704
17--5768,5/31/2017,9:02 AM,AIRPORT PKWY SB ON RAMPS @ HUNT CLUB RD (0012149),12149,02 - Intersection related,03 - P.D. only,03 - Rear end,01 - Clear,01 - Daylight,01 - Dry,03 - Yield sign,01 - Functioning,2,0,0,0,,0,,,,,371012.846,5023629.433,45.34948491,-75.65499755,9705
17--5678,5/29/2017,3:41 PM,TENTH LINE RD btwn INNES RD & VANGUARD DR (__3ZA249),__3ZA249,01 - Non intersection,03 - P.D. only,05 - Turning movement,01 - Clear,01 - Daylight,01 - Dry,10 - No control,,3,0,0,0,,0,,,,,384009.513,5036023.063,45.45964526,-75.4871683,9706
17--5589,5/26/2017,5:30 PM,BASELINE RD @ WOODROFFE AVE (0002225),2225,02 - Intersection related,03 - P.D. only,03 - Rear end,02 - Rain,01 - Daylight,02 - Wet,01 - Traffic signal,01 - Functioning,2,0,0,0,,0,,,,,362550.6935,5023770.505,45.35150213,-75.76296468,9707
17--5769,5/31/2017,9:07 PM,635 E OF HUNTMAR DR/IBER RD @ HAZELDEAN RD (0013519),13519,03 - At intersection,03 - P.D. only,05 - Turning movement,02 - Rain,07 - Dark,02 - Wet,01 - Traffic signal,01 - Functioning,2,0,0,0,,0,,,,,351410.32,5016506.602,45.28696877,-75.90581713,9708
17--5679,5/29/2017,4:15 PM,CYRVILLE RD btwn STAR TOP RD & MEADOWBROOK RD (__3ZA3SN),__3ZA3SN,04 - At/near private drive,02 - Non-fatal injury,02 - Angle,01 - Clear,01 - Daylight,02 - Wet,10 - No control,,2,0,0,0,01 - Minimal,2,2,,,,374294.2748,5031327.875,45.41843446,-75.61204139,9709
17--559,1/13/2017,1:02 PM,CATHERINE ST @ LYON ST/HWY 417 LYON IC120BR36 (0002254),2254,02 - Intersection related,03 - P.D. only,04 - Sideswipe,01 - Clear,01 - Daylight,02 - Wet,01 - Traffic signal,01 - Functioning,2,0,0,0,,0,,,,,367749.4233,5030094.282,45.40795444,-75.69581664,9710
17--577,1/13/2017,3:27 PM,JEANNE D'ARC BLVD  S btwn DES EPINETTES AVE & SAPINIER ST (__3ZA3Y5),__3ZA3Y5,01 - Non intersection,02 - Non-fatal injury,03 - Rear end,01 - Clear,01 - Daylight,01 - Dry,10 - No control,,2,0,0,0,02 - Minor,1,,1,,,382233.3753,5035958.335,45.459262,-75.50988605,9711
17--568,1/13/2017,12:00 PM,COVENTRY RD @ VANIER PKWY (0002139),2139,02 - Intersection related,03 - P.D. only,03 - Rear end,01 - Clear,01 - Daylight,01 - Dry,01 - Traffic signal,01 - Functioning,3,0,0,0,,0,,,,,370677.3317,5031612.886,45.42134878,-75.65821338,9712
17--5590,5/26/2017,5:46 PM,RIVERSIDE DR btwn KIMBERWICK CRES & MALHOTRA CRT (__3ZA1KW),__3ZA1KW,01 - Non intersection,03 - P.D. only,03 - Rear end,02 - Rain,01 - Daylight,02 - Wet,10 - No control,,2,0,0,0,,0,,,,,368198.3046,5022928.902,45.34344176,-75.6910026,9713
17--5770,5/31/2017,9:12 PM,KENT ST btwn MACLAREN ST & GILMOUR ST (__3ZBOE1),__3ZBOE1,01 - Non intersection,03 - P.D. only,04 - Sideswipe,01 - Clear,07 - Dark,01 - Dry,10 - No control,,2,0,0,0,,0,,,,,367589.5239,5030711.998,45.41352683,-75.69778048,9714
17--5680,5/29/2017,4:17 PM,HAZELDEAN RD @ YOUNG RD (0003049),3049,02 - Intersection related,03 - P.D. only,03 - Rear end,01 - Clear,01 - Daylight,01 - Dry,02 - Stop sign,00 - Unknown,2,0,0,0,,0,,,,,352465.614,5017481.116,45.29566692,-75.89227147,9715
17--5591,5/26/2017,6:13 PM,ST. LAURENT BLVD btwn BELFAST RD & INDUSTRIAL AVE (__3ZA3R8),__3ZA3R8,01 - Non intersection,03 - P.D. only,03 - Rear end,01 - Clear,01 - Daylight,01 - Dry,10 - No control,,2,0,0,0,,0,,,,,373021.502,5030194.693,45.40836388,-75.6284591,9716
17--5771,5/31/2017,9:12 PM,CEDARWOOD DR @ WALKLEY RD (0002235),2235,03 - At intersection,03 - P.D. only,05 - Turning movement,02 - Rain,07 - Dark,02 - Wet,01 - Traffic signal,01 - Functioning,3,0,0,0,,0,,,,,371194.3942,5026456.862,45.37490801,-75.65230105,9717
17--5681,5/29/2017,5:24 AM,DONALD B. MUNRO DR btwn CRAIG'S SIDE RD & FARMLAND RD (__3ZAC9V),__3ZAC9V,01 - Non intersection,03 - P.D. only,07 - SMV other,01 - Clear,03 - Dawn,01 - Dry,10 - No control,,1,0,0,0,,0,,,,,339069.4261,5022997.946,45.34609096,-76.06268289,9718
17--5682,5/29/2017,5:28 PM,TERRY FOX DR btwn HWY417 IC140 RAMP61 & HWY417 IC140 RAMP16 (__3ZA2XO),__3ZA2XO,01 - Non intersection,03 - P.D. only,03 - Rear end,01 - Clear,01 - Daylight,01 - Dry,10 - No control,,2,0,0,0,,0,,,,,350844.6922,5018669.26,45.30646626,-75.91282649,9719
17--5683,5/29/2017,5:30 PM,PRINCE OF WALES DR @ WEST HUNT CLUB RD (0000567),567,02 - Intersection related,02 - Non-fatal injury,03 - Rear end,01 - Clear,01 - Daylight,01 - Dry,01 - Traffic signal,01 - Functioning,3,0,0,0,01 - Minimal,1,1,,,,367459.0448,5021891.503,45.33417386,-75.7005664,9720
17--5684,5/29/2017,5:34 PM,GARFIELD AVE @ MAITLAND AVE (0002031),2031,02 - Intersection related,02 - Non-fatal injury,03 - Rear end,01 - Clear,01 - Daylight,01 - Dry,01 - Traffic signal,01 - Functioning,2,0,0,0,01 - Minimal,2,2,,,,363343.0263,5025562.528,45.36756086,-75.75264124,9721
17--5685,5/29/2017,5:48 PM,CAMPEAU DR @ TERRY FOX DR (0008211),8211,03 - At intersection,03 - P.D. only,05 - Turning movement,01 - Clear,01 - Daylight,01 - Dry,01 - Traffic signal,01 - Functioning,2,0,0,0,,0,,,,,350455.9352,5019011.124,45.30956782,-75.91775227,9722
17--5686,5/29/2017,7:04 PM,HIGHWAY 416 btwn HWY416 IC66 RAMP62 & HWY416 IC72 RAMP24 (__3ZAZMZ),__3ZAZMZ,01 - Non intersection,03 - P.D. only,03 - Rear end,01 - Clear,01 - Daylight,01 - Dry,10 - No control,,2,0,0,0,,0,,,,,360260.345,5017691.169,45.29698498,-75.79287355,9723
17--5687,5/29/2017,8:00 PM,MARCH RD @ TERON RD (0011926),11926,02 - Intersection related,03 - P.D. only,03 - Rear end,02 - Rain,01 - Daylight,02 - Wet,01 - Traffic signal,01 - Functioning,2,0,0,0,,0,,,,,351414.3894,5021779.388,45.33441434,-75.90526924,9724
17--5688,5/29/2017,8:35 AM,HIGHWAY 417 btwn HWY417 IC122 RAMP15 & HWY417 IC121B RAMP51 (__3ZA2RB),__3ZA2RB,01 - Non intersection,03 - P.D. only,03 - Rear end,02 - Rain,01 - Daylight,02 - Wet,10 - No control,,2,0,0,0,,0,,,,,366532.8876,5029494.996,45.40267059,-75.71143151,9725
17--5689,5/29/2017,8:50 AM,BYRON AVE btwn HARMER AVE N & HOLLAND AVE (__3ZA02Y),__3ZA02Y,04 - At/near private drive,03 - P.D. only,02 - Angle,02 - Rain,01 - Daylight,02 - Wet,10 - No control,,2,0,0,0,,0,,,,,364944.8985,5028925.947,45.39768864,-75.73178383,9726
17--569,1/13/2017,12:11 AM,DALHOUSIE ST @ RIDEAU ST (0007646),7646,03 - At intersection,03 - P.D. only,04 - Sideswipe,01 - Clear,07 - Dark,02 - Wet,01 - Traffic signal,01 - Functioning,2,0,0,0,,0,,,,,368206.7091,5032228.128,45.4271128,-75.6897008,9727
17--5690,5/29/2017,8:53 AM,CAMPEAU DR btwn HERLIHEY WAY & KANATA AVE (__3ZBO9KB),__3ZBO9KB,01 - Non intersection,03 - P.D. only,03 - Rear end,02 - Rain,01 - Daylight,02 - Wet,10 - No control,,2,0,0,0,,0,,,,,350541.021,5019266.158,45.31185715,-75.91664369,9728
17--5691,5/29/2017,8:55 AM,BANKFIELD RD @ PRINCE OF WALES DR (0003618),3618,03 - At intersection,02 - Non-fatal injury,05 - Turning movement,02 - Rain,01 - Daylight,02 - Wet,01 - Traffic signal,01 - Functioning,2,0,0,0,02 - Minor,1,,1,,,366380.0244,5008975.386,45.21805089,-75.71593394,9729
17--5692,5/29/2017,8:59 AM,CAMPEAU DR/HWY 417 MARCH IC138R63 @ MARCH RD (0009710),9710,02 - Intersection related,03 - P.D. only,03 - Rear end,02 - Rain,01 - Daylight,02 - Wet,01 - Traffic signal,02 - Not functioning,2,0,0,0,,0,,,,,352842.3718,5020476.365,45.32259318,-75.88717778,9730
17--5693,5/30/2017,1:30 PM,PRINCE OF WALES DR btwn RIDEAU GLEN DR & FALLOWFIELD RD (__3ZA2X1),__3ZA2X1,01 - Non intersection,03 - P.D. only,03 - Rear end,01 - Clear,01 - Daylight,01 - Dry,10 - No control,,2,0,0,0,,0,,,,,367419.2971,5019065.849,45.30875262,-75.70143075,9731
17--5694,5/30/2017,1:43 PM,AGES DR btwn SWANSEA CRES & LEGACY RD (__3ZAZ6A),__3ZAZ6A,04 - At/near private drive,03 - P.D. only,02 - Angle,02 - Rain,01 - Daylight,02 - Wet,10 - No control,,2,0,0,0,,0,,,,,374338.3425,5027476.338,45.38377584,-75.61202144,9732
17--5695,5/30/2017,1:43 PM,SUSSEX DR btwn LADY GREY DR & 151 W OF KING EDWARD AVE/L.B. PEARSON BU (__3ZBOFZA),__3ZBOFZA,04 - At/near private drive,03 - P.D. only,99 - Other,01 - Clear,01 - Daylight,01 - Dry,10 - No control,,2,0,0,0,,0,,,,,367554.5996,5033251.811,45.43638236,-75.69790307,9733
17--5696,5/30/2017,10:21 AM,BASELINE RD @ CORDOVA ST (0003208),3208,02 - Intersection related,03 - P.D. only,03 - Rear end,01 - Clear,01 - Daylight,01 - Dry,01 - Traffic signal,01 - Functioning,2,0,0,0,,0,,,,,363594.5901,5024410.654,45.35717538,-75.7495671,9734
17--5697,5/30/2017,11:13 PM,REGIONAL ROAD 174 btwn MCTEER RD & CANAAN RD (__3ZA27S),__3ZA27S,01 - Non intersection,03 - P.D. only,03 - Rear end,01 - Clear,07 - Dark,01 - Dry,10 - No control,,3,0,0,0,,0,,,,,395395.6757,5043278.919,45.52353973,-75.34026531,9735
17--5698,5/30/2017,11:52 PM,BASELINE RD @ CLYDE AVE (0002343),2343,02 - Intersection related,03 - P.D. only,07 - SMV other,01 - Clear,07 - Dark,01 - Dry,01 - Traffic signal,00 - Unknown,1,0,0,0,,0,,,,,364359.0378,5024888.506,45.36141051,-75.73975324,9736
17--5699,5/30/2017,12:01 PM,BASELINE RD @ CLYDE AVE (0002343),2343,02 - Intersection related,03 - P.D. only,05 - Turning movement,01 - Clear,01 - Daylight,01 - Dry,01 - Traffic signal,01 - Functioning,2,0,0,0,,0,,,,,364358.3689,5024890.513,45.36142863,-75.73976154,9737
17--57,1/3/2017,Unknown,HUNT CLUB RD btwn CONROY RD & MALAK ST (__3ZA3S6),__3ZA3S6,01 - Non intersection,03 - P.D. only,04 - Sideswipe,04 - Freezing Rain,00 - Unknown,04 - Slush,10 - No control,,2,0,0,0,,0,,,,,373888.5214,5025475.781,45.36582021,-75.61804466,9738
17--570,1/13/2017,12:50 PM,KIRKWOOD AVE btwn RICHMOND RD & LYMAN ST (__3ZA4OC),__3ZA4OC,04 - At/near private drive,03 - P.D. only,02 - Angle,01 - Clear,01 - Daylight,01 - Dry,10 - No control,,2,0,0,0,,0,,,,,363783.943,5028623.544,45.39506644,-75.74664728,9739
17--5700,5/30/2017,12:13 PM,BRONSON AVE @ CARLING AVE/GLEBE AVE (0002134),2134,02 - Intersection related,03 - P.D. only,03 - Rear end,01 - Clear,01 - Daylight,01 - Dry,01 - Traffic signal,01 - Functioning,2,0,0,0,,0,,,,,367447.707,5029335.787,45.4011568,-75.69976708,9740
17--5701,5/30/2017,2:01 PM,RIVERSIDE DR @ SMYTH RD SOUTH SIDE RAMP (0011480),11480,03 - At intersection,03 - P.D. only,05 - Turning movement,01 - Clear,01 - Daylight,01 - Dry,01 - Traffic signal,01 - Functioning,2,0,0,0,,0,,,,,369788.1105,5028997.976,45.39790395,-75.66991945,9741
17--5702,5/30/2017,2:14 PM,HIGHWAY 417 btwn HWY417 IC118 RAMP57 & HWY417 IC118 RAMP35 (__3ZA2YQ),__3ZA2YQ,01 - Non intersection,03 - P.D. only,03 - Rear end,01 - Clear,01 - Daylight,01 - Dry,10 - No control,,2,0,0,0,,0,,,,,369270.1531,5030914.316,45.41519439,-75.67628395,9742
17--5703,5/30/2017,3:10 PM,HIGHWAY 417 btwn HWY417 IC124 RAMP65 & HWY417 IC122 RAMP51 (__3ZA2R8),__3ZA2R8,01 - Non intersection,03 - P.D. only,03 - Rear end,01 - Clear,01 - Daylight,01 - Dry,10 - No control,,2,0,0,0,,0,,,,,365104.5448,5028619.845,45.39492067,-75.72978231,9743
17--5704,5/30/2017,3:30 PM,HIGHWAY 417 btwn HWY417 IC119A RAMP75 & HWY417 IC118 RAMP57 (__3ZA2R2),__3ZA2R2,01 - Non intersection,03 - P.D. only,03 - Rear end,01 - Clear,01 - Daylight,01 - Dry,10 - No control,,3,0,0,0,,0,,,,,368970.4325,5030709.423,45.41337839,-75.68013968,9744
17--5705,5/30/2017,3:37 AM,MERIVALE RD btwn MAYVIEW AVE & TRENTON AVE (__3ZA4JX),__3ZA4JX,01 - Non intersection,03 - P.D. only,07 - SMV other,02 - Rain,07 - Dark,02 - Wet,10 - No control,,1,0,0,0,,0,,,,,364883.311,5026383.808,45.37482026,-75.73287986,9745
17--5706,5/30/2017,4:00 PM,CHESLEY ST @ BANK ST (0007687),7687,02 - Intersection related,03 - P.D. only,05 - Turning movement,01 - Clear,01 - Daylight,01 - Dry,02 - Stop sign,00 - Unknown,2,0,0,0,,0,,,,,368995.6919,5028205.508,45.39084668,-75.68014293,9746
17--5707,5/30/2017,4:01 PM,CARLING AVE @ IRVING PL/MAPLE DR (0006872),6872,03 - At intersection,03 - P.D. only,05 - Turning movement,01 - Clear,01 - Daylight,01 - Dry,01 - Traffic signal,01 - Functioning,2,0,0,0,,0,,,,,366186.3696,5028527.554,45.39399626,-75.71597787,9747
17--5708,5/30/2017,4:07 PM,MONTREAL RD btwn MONTGOMERY ST & PALACE ST (__3ZA3KD),__3ZA3KD,04 - At/near private drive,03 - P.D. only,05 - Turning movement,01 - Clear,01 - Daylight,01 - Dry,10 - No control,,2,0,0,0,,0,,,,,369908.9646,5032973.478,45.43366277,-75.66785073,9748
17--5709,5/30/2017,4:17 AM,OAKLAND AVE btwn WILTON LANE & MONK ST (__3ZA5ND),__3ZA5ND,01 - Non intersection,02 - Non-fatal injury,06 - SMV unattended vehicle,01 - Clear,07 - Dark,01 - Dry,10 - No control,,1,0,0,0,02 - Minor,1,,1,,,368452.8788,5028987.575,45.39793303,-75.6869737,9749
17--571,1/13/2017,2:25 PM,BESSERER ST @ KING EDWARD AVE (0007758),7758,03 - At intersection,03 - P.D. only,02 - Angle,01 - Clear,01 - Daylight,01 - Dry,01 - Traffic signal,01 - Functioning,2,0,0,0,,0,,,,,368549.4706,5032339.348,45.42808236,-75.68530656,9750
17--5710,5/30/2017,4:23 PM,EARL ARMSTRONG RD @ RIVER RD (0012470),12470,02 - Intersection related,03 - P.D. only,03 - Rear end,01 - Clear,01 - Daylight,01 - Dry,01 - Traffic signal,01 - Functioning,2,0,0,0,,0,,,,,367577.7829,5014686.774,45.26933604,-75.69996396,9751
17--5711,5/30/2017,4:38 PM,MONTREAL RD btwn OR174 IC109 RAMP66 & OR174 IC109 RAMP65 (__3ZA2DA),__3ZA2DA,01 - Non intersection,02 - Non-fatal injury,03 - Rear end,01 - Clear,01 - Daylight,01 - Dry,10 - No control,,2,0,0,0,02 - Minor,1,,1,,,376310.731,5034941.104,45.45074091,-75.58575468,9752
17--5712,5/30/2017,4:54 PM,SMYTH RD @ SMYTH RD NORTH SIDE RAMP/SMYTH RD S (0006582),6582,02 - Intersection related,03 - P.D. only,03 - Rear end,01 - Clear,01 - Daylight,01 - Dry,03 - Yield sign,01 - Functioning,2,0,0,0,,0,,,,,369917.1808,5029121.185,45.39900055,-75.66825477,9753
17--5713,5/30/2017,5:00 AM,HIGHWAY 417 btwn HWY417 IC118 RAMP67 & HWY417 IC117 RAMP36 (__3ZA2YO),__3ZA2YO,01 - Non intersection,02 - Non-fatal injury,07 - SMV other,01 - Clear,03 - Dawn,01 - Dry,10 - No control,,1,0,0,0,02 - Minor,1,,1,,,369967.8079,5031136.143,45.41712568,-75.66734183,9754
17--5714,5/30/2017,5:19 PM,DONALD B. MUNRO DR/OLD CARP RD W @ MARCH RD (0010866),10866,03 - At intersection,03 - P.D. only,02 - Angle,02 - Rain,01 - Daylight,02 - Wet,02 - Stop sign,01 - Functioning,2,0,0,0,,0,,,,,343096.2483,5022593.269,45.34224123,-76.01132914,9755
17--5715,5/30/2017,5:31 PM,BESSERER ST @ WALLER ST (0008859),8859,03 - At intersection,03 - P.D. only,04 - Sideswipe,01 - Clear,01 - Daylight,01 - Dry,01 - Traffic signal,01 - Functioning,2,0,0,0,,0,,,,,368314.93,5032191.309,45.42677169,-75.68832269,9756
17--5716,5/30/2017,6:18 PM,LOLA ST btwn DONALD ST & COLUMBUS AVE (__3ZA8ZR),__3ZA8ZR,01 - Non intersection,03 - P.D. only,06 - SMV unattended vehicle,01 - Clear,01 - Daylight,01 - Dry,10 - No control,,1,0,0,0,,0,,,,,371101.4229,5032309.278,45.42757455,-75.65270117,9757
17--5717,5/30/2017,6:28 PM,HAZELDEAN RD @ JOHNWOODS ST/VICTOR ST (0004683),4683,02 - Intersection related,03 - P.D. only,03 - Rear end,01 - Clear,01 - Daylight,01 - Dry,01 - Traffic signal,00 - Unknown,2,0,0,0,,0,,,,,350188.1185,5015395.427,45.27705005,-75.92149843,9758
17--5718,5/30/2017,6:30 PM,JOSEPH CYR ST @ LEMIEUX ST (0009480),9480,03 - At intersection,03 - P.D. only,02 - Angle,02 - Rain,01 - Daylight,02 - Wet,02 - Stop sign,01 - Functioning,2,0,0,0,,0,,,,,372493.7182,5031752.565,45.42243215,-75.63498686,9759
17--5719,5/30/2017,6:39 PM,HWY 417 RIVERSID IC117R35 @ RIVERSIDE DR (0002130),2130,02 - Intersection related,03 - P.D. only,03 - Rear end,02 - Rain,01 - Daylight,02 - Wet,10 - No control,,3,0,0,0,,0,,,,,370805.7416,5031119.653,45.41689877,-75.6566388,9760
17--572,1/13/2017,2:31 PM,HILLIARD AVE @ MILLBROOK CRES (0001353),1353,02 - Intersection related,03 - P.D. only,02 - Angle,01 - Clear,01 - Daylight,03 - Loose snow,03 - Yield sign,01 - Functioning,2,0,0,0,,0,,,,,365991.953,5025319.89,45.36515139,-75.71885825,9761
17--5720,5/30/2017,6:50 AM,EAGLESON RD btwn FAULKNER TR & FALLOWFIELD RD (__3ZA410),__3ZA410,01 - Non intersection,03 - P.D. only,07 - SMV other,01 - Clear,01 - Daylight,01 - Dry,10 - No control,,1,0,0,0,,0,,,,,355708.6919,5013239.99,45.25727689,-75.85136029,9762
17--5721,5/30/2017,6:50 PM,VANIER PKWY NB btwn RIVERSIDE DR & HWY417 IC117 RAMP26 (__3ZA4TH),__3ZA4TH,01 - Non intersection,03 - P.D. only,03 - Rear end,01 - Clear,01 - Daylight,01 - Dry,10 - No control,,2,0,0,0,,0,,,,,370808.9756,5031301.616,45.41853569,-75.65657311,9763
17--5722,5/30/2017,7:00 PM,HIGHWAY 417 btwn HWY417 IC117 RAMP61 & HWY417 IC115 RAMP36 (__3ZA2RZ),__3ZA2RZ,01 - Non intersection,03 - P.D. only,04 - Sideswipe,01 - Clear,01 - Daylight,02 - Wet,10 - No control,,2,0,0,0,,0,,,,,371471.0675,5031410.623,45.41945371,-75.64809945,9764
17--5723,5/30/2017,7:28 AM,BELFAST RD @ COVENTRY RD (0002646),2646,02 - Intersection related,03 - P.D. only,03 - Rear end,01 - Clear,01 - Daylight,01 - Dry,01 - Traffic signal,01 - Functioning,2,0,0,0,,0,,,,,371524.0556,5031643.571,45.42154462,-75.64739091,9765
17--5724,5/30/2017,7:31 PM,MORLEY BLVD @ SANFORD AVE (0002818),2818,03 - At intersection,02 - Non-fatal injury,02 - Angle,01 - Clear,01 - Daylight,02 - Wet,02 - Stop sign,01 - Functioning,2,0,0,0,02 - Minor,2,1,1,,,366709.0416,5026133.864,45.37241239,-75.70960317,9766
17--5725,5/30/2017,8:12 PM,ALBERT ST btwn TRANSIT & SLATER ST (__3ZA33V),__3ZA33V,01 - Non intersection,02 - Non-fatal injury,04 - Sideswipe,02 - Rain,01 - Daylight,02 - Wet,10 - No control,,2,0,0,0,01 - Minimal,1,1,,,,366582.4038,5030724.029,45.41372472,-75.71064503,9767
17--5726,5/30/2017,8:16 AM,MERIVALE RD @ ANNA AVE/LAPERRIERE AVE (0006316),6316,02 - Intersection related,03 - P.D. only,03 - Rear end,01 - Clear,01 - Daylight,01 - Dry,01 - Traffic signal,01 - Functioning,2,0,0,0,,0,,,,,364861.2729,5027163.495,45.38183763,-75.73306637,9768
17--5727,5/30/2017,8:20 PM,RICHMOND RD btwn TURN LANE & JOHN SUTHERLAND DR (__3ZA4LM),__3ZA4LM,01 - Non intersection,02 - Non-fatal injury,01 - Approaching,01 - Clear,05 - Dusk,02 - Wet,10 - No control,,2,0,0,0,01 - Minimal,2,2,,,,358757.8387,5022086.474,45.33665126,-75.81155053,9769
17--5728,5/30/2017,8:26 AM,MONTREAL RD @ VANIER PKWY (0004630),4630,02 - Intersection related,03 - P.D. only,04 - Sideswipe,01 - Clear,01 - Daylight,01 - Dry,01 - Traffic signal,01 - Functioning,2,0,0,0,,0,,,,,370074.382,5033066.261,45.43448217,-75.66572448,9770
17--5729,5/30/2017,8:31 PM,CLAYMOR AVE @ MEADOWLANDS DR (0003184),3184,02 - Intersection related,03 - P.D. only,03 - Rear end,01 - Clear,05 - Dusk,01 - Dry,01 - Traffic signal,01 - Functioning,2,0,0,0,,0,,,,,366921.6073,5025322.299,45.3650913,-75.70699164,9771
17--573,1/13/2017,2:41 PM,INNES RD @ ORLEANS BLVD (0003611),3611,02 - Intersection related,02 - Non-fatal injury,03 - Rear end,01 - Clear,01 - Daylight,01 - Dry,01 - Traffic signal,01 - Functioning,2,0,0,0,01 - Minimal,1,1,,,,380461.2685,5034296.166,45.44450124,-75.53279776,9772
17--5730,5/30/2017,9:10 AM,RICHMOND RD btwn NEW ORCHARD AVE & WOODROFFE AVE (__3ZA4L0),__3ZA4L0,04 - At/near private drive,03 - P.D. only,02 - Angle,01 - Clear,01 - Daylight,01 - Dry,10 - No control,,2,0,0,0,,0,,,,,361441.2081,5026452.517,45.37572519,-75.77681577,9773
17--5731,5/30/2017,9:13 AM,MONTREAL RD @ VANIER PKWY (0004630),4630,02 - Intersection related,03 - P.D. only,03 - Rear end,01 - Clear,01 - Daylight,01 - Dry,01 - Traffic signal,01 - Functioning,2,0,0,0,,0,,,,,370071.2227,5033066.105,45.43448106,-75.66576487,9774
17--5732,5/30/2017,9:30 PM,BRONSON AVE @ SUNNYSIDE AVE/UNIVERSITY RD - CA (0007209),7209,02 - Intersection related,03 - P.D. only,04 - Sideswipe,01 - Clear,07 - Dark,01 - Dry,01 - Traffic signal,01 - Functioning,2,0,0,0,,0,,,,,367921.7068,5028090.878,45.3899129,-75.69387231,9775
17--5733,5/31/2017,1:04 PM,GREENBANK RD @ WEST HUNT CLUB RD (0005167),5167,02 - Intersection related,02 - Non-fatal injury,03 - Rear end,01 - Clear,01 - Daylight,01 - Dry,01 - Traffic signal,01 - Functioning,2,0,0,0,01 - Minimal,2,2,,,,361478.8754,5020501.29,45.32217326,-75.77701695,9776
17--5734,5/31/2017,1:05 PM,ADAMSON CRES btwn WEST RIDGE DR N & WEST RIDGE DR S (__77AXZG),__77AXZG,04 - At/near private drive,03 - P.D. only,06 - SMV unattended vehicle,01 - Clear,01 - Daylight,01 - Dry,10 - No control,,1,0,0,0,,0,,,,,349731.589,5012185.909,45.24819897,-75.9276072,9777