Anom_ID,Accident_Date,Accident_Time,Location,Geo_ID,Accident_Location,Classification_of_Accident,Initial_Impact_Type,Environment_Condition,Light,Road_Surface_Condition,Traffic_Control,Traffic_Control_Condition,No__of_Vehicles,No__of_Bicycles,No__of_Motorcycles,No__of_Pedestrians,Max_Injury,No__of_Injuries,No__of_Minimal,No__of_Minor,No__of_Major,No__of_Fatal,X,Y,Latitude,Longitude,ObjectId
17--5735,5/31/2017,1:19 PM,HIGHWAY 417 btwn HWY417 IC96 RAMP61 & HWY417 IC88 RAMP16 (__3ZA27Z),__3ZA27Z,01 - Non intersection,03 - P.D. only,04 - Sideswipe,01 - Clear,01 - Daylight,01 - Dry,10 - No control,,2,0,0,0,,0,,,,,392974.1156,5022757.751,45.33922537,-75.37493271,9778
17--5736,5/31/2017,1:26 PM,STITTSVILLE MAIN ST btwn ORVILLE ST & ELM CRES (__3ZA3DW),__3ZA3DW,01 - Non intersection,03 - P.D. only,07 - SMV other,01 - Clear,01 - Daylight,01 - Dry,10 - No control,,1,0,0,0,,0,,,,,350382.0006,5013170.108,45.25701333,-75.91923163,9779
17--5737,5/31/2017,1:35 PM,MERIVALE RD/LOTTA AVE @ CLYDE AVE (0001112),1112,02 - Intersection related,02 - Non-fatal injury,03 - Rear end,01 - Clear,01 - Daylight,01 - Dry,01 - Traffic signal,01 - Functioning,3,0,0,0,01 - Minimal,2,2,,,,364521.1135,5024507.724,45.3579705,-75.73773061,9780
17--5738,5/31/2017,1:42 PM,SIROIS AVE btwn TELFORD AVE & END (2) (__3ZA2J3),__3ZA2J3,01 - Non intersection,02 - Non-fatal injury,07 - SMV other,01 - Clear,01 - Daylight,01 - Dry,10 - No control,,1,0,0,1,01 - Minimal,1,1,,,,371725.9058,5032685.141,45.43089692,-75.6446704,9781
17--5739,5/31/2017,1:52 PM,BANK ST btwn KENNEDY RD & BELMEADE RD (__3ZBPHO),__3ZBPHO,01 - Non intersection,03 - P.D. only,07 - SMV other,01 - Clear,01 - Daylight,01 - Dry,10 - No control,,1,0,0,0,,0,,,,,387805.2042,5001309.22,45.14687694,-75.44445439,9782
17--574,1/13/2017,2:48 PM,AIRPORT PKWY @ HUNT CLUB RD (0010856),10856,02 - Intersection related,03 - P.D. only,04 - Sideswipe,01 - Clear,01 - Daylight,01 - Dry,01 - Traffic signal,00 - Unknown,2,0,0,0,,0,,,,,371019.3864,5023703.857,45.35015393,-75.65490413,9783
17--5740,5/31/2017,10:19 PM,WOODROFFE AVE @ CRESTHAVEN DR/PAUL METIVIER (0010547),10547,03 - At intersection,02 - Non-fatal injury,02 - Angle,01 - Clear,07 - Dark,01 - Dry,01 - Traffic signal,01 - Functioning,2,0,0,0,02 - Minor,1,,1,,,366326.1118,5014853.404,45.27094598,-75.71589301,9784
17--5741,5/31/2017,10:42 PM,HOPEWELL AVE @ SENECA ST (0007105),7105,03 - At intersection,03 - P.D. only,02 - Angle,01 - Clear,07 - Dark,01 - Dry,02 - Stop sign,01 - Functioning,2,0,0,0,,0,,,,,368265.26,5028203.884,45.39089864,-75.6894707,9785
17--5742,5/31/2017,10:48 AM,PLEASANT PARK RD @ ST. LAURENT BLVD (0008363),8363,02 - Intersection related,03 - P.D. only,04 - Sideswipe,01 - Clear,01 - Daylight,01 - Dry,01 - Traffic signal,01 - Functioning,2,0,0,0,,0,,,,,373597.3935,5028795.55,45.39571868,-75.62129804,9786
17--5743,5/31/2017,11:58 PM,TERMINAL AVE @ TRAINYARDS DR (0012245),12245,03 - At intersection,03 - P.D. only,04 - Sideswipe,01 - Clear,07 - Dark,01 - Dry,01 - Traffic signal,01 - Functioning,2,0,0,0,,0,,,,,371846.3373,5030815.925,45.41406702,-75.64338583,9787
17--5744,5/31/2017,Unknown,WELLINGTON ST    W btwn HOLLAND AVE & HINTON AVE N (__3ZA4QR),__3ZA4QR,01 - Non intersection,03 - P.D. only,06 - SMV unattended vehicle,01 - Clear,00 - Unknown,01 - Dry,10 - No control,,1,0,0,0,,0,,,,,364962.8118,5029172.952,45.3999096,-75.73152492,9788
17--5745,5/31/2017,12:21 PM,CARLING AVE WB btwn RICHMOND RD & POULIN AVE (__3ZAYF6),__3ZAYF6,01 - Non intersection,03 - P.D. only,03 - Rear end,01 - Clear,01 - Daylight,01 - Dry,10 - No control,,2,0,0,0,,0,,,,,360323.6328,5024833.482,45.36124663,-75.79126561,9789
17--5746,5/31/2017,12:50 PM,HIGHWAY 417 btwn HWY417 IC144 RAMP35 & HWY417 IC144 RAMP25 (__3ZA2QT),__3ZA2QT,01 - Non intersection,03 - P.D. only,03 - Rear end,01 - Clear,01 - Daylight,01 - Dry,10 - No control,,2,0,0,0,,0,,,,,347538.5047,5015950.459,45.28221049,-75.95522013,9790
17--5747,5/31/2017,12:54 AM,ALBION RD @ DES MESANGES DR (0009628),9628,03 - At intersection,01 - Fatal injury,05 - Turning movement,01 - Clear,07 - Dark,02 - Wet,10 - No control,,2,0,1,0,04 - Fatal,1,,,,1,371989.392,5024021.515,45.35291985,-75.64248308,9791
17--5748,5/31/2017,2:51 PM,MEADOWLANDS DR btwn TURN LANE & SULLIVAN AVE (__3ZA3GE),__3ZA3GE,04 - At/near private drive,03 - P.D. only,02 - Angle,01 - Clear,01 - Daylight,01 - Dry,10 - No control,,2,0,0,0,,0,,,,,363117.4578,5022764.47,45.34240301,-75.75585066,9792
17--5749,5/31/2017,3:35 PM,INDUSTRIAL AVE @ ALTA VISTA DR/SANDFORD FLEMIN (0006979),6979,02 - Intersection related,03 - P.D. only,03 - Rear end,01 - Clear,01 - Daylight,01 - Dry,01 - Traffic signal,01 - Functioning,2,0,0,0,,0,,,,,370885.6153,5030556.46,45.41182385,-75.65569388,9793
17--575,1/13/2017,2:49 PM,BANNER RD @ GREENBANK RD (0000644),644,02 - Intersection related,03 - P.D. only,03 - Rear end,01 - Clear,01 - Daylight,01 - Dry,01 - Traffic signal,01 - Functioning,2,0,0,0,,0,,,,,361021.6726,5021567.202,45.33180111,-75.78272743,9794
17--5750,5/31/2017,3:56 PM,HIGHWAY 417 btwn HWY417 IC129 RAMP25 & TRANSIT (__3ZA2SH),__3ZA2SH,01 - Non intersection,02 - Non-fatal injury,03 - Rear end,01 - Clear,01 - Daylight,01 - Dry,10 - No control,,4,0,0,0,01 - Minimal,1,1,,,,361410.7424,5024267.361,45.35606577,-75.77745508,9795
17--5751,5/31/2017,4:04 PM,JOCKVALE RD @ LONGFIELDS DR (0013613),13613,02 - Intersection related,03 - P.D. only,03 - Rear end,01 - Clear,01 - Daylight,01 - Dry,02 - Stop sign,01 - Functioning,2,0,0,0,,0,,,,,364829.2929,5014001.028,45.26340567,-75.73507021,9796
17--5752,5/31/2017,4:08 PM,HIGHWAY 417 btwn HWY417 IC110 RAMP55 & HWY417 IC104 RAMP51 (__3ZA2W8),__3ZA2W8,01 - Non intersection,03 - P.D. only,03 - Rear end,01 - Clear,01 - Daylight,01 - Dry,10 - No control,,2,0,0,0,,0,,,,,376894.1901,5027212.074,45.38113976,-75.57942698,9797
17--5753,5/31/2017,4:10 PM,GREENBANK RD @ 207 S OF BELLMAN DR/GREENBANK S (0004604),4604,02 - Intersection related,03 - P.D. only,04 - Sideswipe,01 - Clear,01 - Daylight,01 - Dry,01 - Traffic signal,01 - Functioning,2,0,0,0,,0,,,,,361338.6829,5020828.817,45.32513166,-75.77876768,9798
17--5754,5/31/2017,4:15 PM,LAURIER AVE   W btwn ELGIN ST & QUEEN ELIZABETH DRWY/LAURIER AVE WB ON (__3ZA35Z),__3ZA35Z,01 - Non intersection,03 - P.D. only,04 - Sideswipe,01 - Clear,01 - Daylight,01 - Dry,10 - No control,,2,0,0,0,,0,,,,,368053.3922,5031613.79,45.42159908,-75.69173878,9799
17--5755,5/31/2017,4:30 PM,CARLING AVE @ CONNAUGHT AVE (0002143),2143,03 - At intersection,03 - P.D. only,05 - Turning movement,01 - Clear,01 - Daylight,01 - Dry,01 - Traffic signal,01 - Functioning,2,0,0,0,,0,,,,,360771.6795,5025117.515,45.36376672,-75.78551477,9800
17--5756,5/31/2017,4:32 PM,BELFAST RD btwn TRIOLE ST & MICHAEL ST (__3ZA793),__3ZA793,01 - Non intersection,03 - P.D. only,06 - SMV unattended vehicle,01 - Clear,01 - Daylight,01 - Dry,10 - No control,,1,0,0,0,,0,,,,,373055.4757,5030649.06,45.41244875,-75.62796222,9801
17--5757,5/31/2017,5:00 PM,WOODRIDGE CRES btwn BAYSHORE PS & TRANSITWAY LINK (__6KE4J1B),__6KE4J1B,04 - At/near private drive,03 - P.D. only,05 - Turning movement,01 - Clear,01 - Daylight,01 - Dry,10 - No control,,2,0,0,0,,0,,,,,358848.1788,5023186.375,45.34654125,-75.8102778,9802
17--5758,5/31/2017,5:00 PM,HWY417 IC131 RAMP66 btwn HWY417 IC130 RAMP36 & HWY417 IC131 RAMP63 (__3ZA1SX),__3ZA1SX,01 - Non intersection,03 - P.D. only,03 - Rear end,02 - Rain,01 - Daylight,02 - Wet,10 - No control,,2,0,0,0,,0,,,,,358457.5116,5022890.966,45.34391314,-75.81529488,9803
17--5759,5/31/2017,5:19 PM,BANK ST @ HERON RD (0002155),2155,02 - Intersection related,03 - P.D. only,04 - Sideswipe,01 - Clear,01 - Daylight,01 - Dry,01 - Traffic signal,00 - Unknown,2,0,0,0,,0,,,,,369997.3922,5026851.542,45.37857161,-75.66753018,9804
17--576,1/13/2017,2:53 PM,DYNES RD btwn FISHER AVE & ARNOT RD (__3ZAAPE),__3ZAAPE,04 - At/near private drive,03 - P.D. only,02 - Angle,01 - Clear,01 - Daylight,01 - Dry,10 - No control,,2,0,0,0,,0,,,,,366467.1509,5025493.576,45.36667254,-75.71277104,9805
17--5760,5/31/2017,5:30 PM,BLAIR RD btwn BEAVERPOND DR & INNES RD (__3ZA2EZ),__3ZA2EZ,01 - Non intersection,03 - P.D. only,04 - Sideswipe,01 - Clear,01 - Daylight,01 - Dry,10 - No control,,2,0,0,0,,0,,,,,375541.6112,5031526.512,45.42009668,-75.59607709,9806
17--5761,5/31/2017,5:45 PM,HWY 417 MAITLAND IC126R26/62 @ MAITLAND AVE (0008228),8228,02 - Intersection related,03 - P.D. only,03 - Rear end,02 - Rain,01 - Daylight,02 - Wet,01 - Traffic signal,01 - Functioning,2,0,0,0,,0,,,,,363145.889,5025981.719,45.37134913,-75.75510817,9807
17--5762,5/31/2017,7:11 PM,STRANDHERD DR btwn GREENBANK RD & Continuation of STRANDHERD DR (__5U4IBT),__5U4IBT,01 - Non intersection,03 - P.D. only,04 - Sideswipe,01 - Clear,01 - Daylight,02 - Wet,10 - No control,,2,0,0,0,,0,,,,,363999.6442,5014824.934,45.2708895,-75.74554297,9808
17--5763,5/31/2017,7:20 PM,GREENBANK RD @ IRIS ST/HWY 417 IC129 RAMP51 (0009073),9073,03 - At intersection,03 - P.D. only,02 - Angle,01 - Clear,01 - Daylight,01 - Dry,01 - Traffic signal,01 - Functioning,2,0,0,0,,0,,,,,360532.3123,5023312.494,45.34754427,-75.78877358,9809
17--5764,5/31/2017,7:28 AM,REGIONAL ROAD 174 btwn TRANSIT & OR174 IC109 RAMP56 (__3ZAZ6U),__3ZAZ6U,01 - Non intersection,03 - P.D. only,03 - Rear end,01 - Clear,01 - Daylight,01 - Dry,10 - No control,,2,0,0,0,,0,,,,,376108.8998,5034221.198,45.44428426,-75.58843905,9810
17--5765,5/31/2017,7:49 AM,TENTH LINE RD btwn CANOTIA PL & AMIENS ST (__3ZA2GB),__3ZA2GB,01 - Non intersection,02 - Non-fatal injury,02 - Angle,01 - Clear,01 - Daylight,01 - Dry,10 - No control,,2,1,0,0,02 - Minor,1,,1,,,383345.0356,5037589.63,45.47381484,-75.49541313,9811
17--5766,5/31/2017,7:50 AM,PORTAGE BRIDGE SB btwn PROVINCIAL BOUNDARY & WELLINGTON ST (__6TE1GY),__6TE1GY,07 - Overpass or bridge,03 - P.D. only,03 - Rear end,01 - Clear,01 - Daylight,01 - Dry,10 - No control,,2,0,0,0,,0,,,,,366339.46,5031669.81,45.422256,-75.71363056,9812
17--5592,5/26/2017,6:15 AM,GOLF CLUB WAY btwn NO NAME & WESTLEIGH BLVD (__7JQ7KA),__7JQ7KA,01 - Non intersection,03 - P.D. only,07 - SMV other,02 - Rain,01 - Daylight,02 - Wet,10 - No control,,1,0,0,0,,0,,,,,342324.002,5008301.01,45.21367446,-76.02226332,9813
17--5593,5/26/2017,6:15 PM,HUNT CLUB RD @ RIVERSIDE DR (0002237),2237,02 - Intersection related,03 - P.D. only,03 - Rear end,01 - Clear,01 - Daylight,01 - Dry,01 - Traffic signal,01 - Functioning,3,0,0,0,,0,,,,,368037.7063,5021944.161,45.33459576,-75.69317757,9814
17--5772,5/31/2017,9:29 AM,NAVAN RD btwn ORLEANS BLVD & PAGE RD (__3ZA3J1),__3ZA3J1,01 - Non intersection,03 - P.D. only,02 - Angle,01 - Clear,01 - Daylight,08 - Loose sand or gravel,10 - No control,,2,0,0,0,,0,,,,,381038.8547,5032976.666,45.43256664,-75.52561974,9815
17--5594,5/26/2017,6:45 PM,TRIM RD @ DAIRY DR/TAYLOR CREEK DR (0012921),12921,03 - At intersection,03 - P.D. only,02 - Angle,01 - Clear,01 - Daylight,01 - Dry,11 - Roundabout,01 - Functioning,2,0,0,0,,0,,,,,384535.5605,5039597.429,45.49174416,-75.47986279,9816
17--5595,5/26/2017,6:48 PM,LEEDS AVE @ SHEFFIELD RD (0007680),7680,03 - At intersection,02 - Non-fatal injury,02 - Angle,01 - Clear,01 - Daylight,02 - Wet,03 - Yield sign,01 - Functioning,2,0,0,0,01 - Minimal,2,2,,,,374862.737,5029550.55,45.40238632,-75.6050314,9817
17--5773,5/31/2017,9:50 AM,LEES AVE @  TRANSITWAY/HWY 417 NICHOLAS IC118R (0012210),12210,03 - At intersection,03 - P.D. only,05 - Turning movement,01 - Clear,01 - Daylight,01 - Dry,01 - Traffic signal,01 - Functioning,2,0,0,0,,0,,,,,369366.4775,5031279.161,45.41846825,-75.67500557,9818
17--5596,5/26/2017,7:40 AM,DUNROBIN RD btwn MURPHY SIDE RD & LILLIAN WAY (__3ZA3FI),__3ZA3FI,01 - Non intersection,03 - P.D. only,07 - SMV other,02 - Rain,01 - Daylight,02 - Wet,10 - No control,,1,0,0,0,,0,,,,,345071.5832,5028373.594,45.3941436,-75.98565312,9819
17--5774,5/31/2017,9:55 AM,HWY 416 WESTHUNT IC72R34 @ WEST HUNT CLUB RD (0005218),5218,02 - Intersection related,03 - P.D. only,03 - Rear end,01 - Clear,01 - Daylight,01 - Dry,01 - Traffic signal,01 - Functioning,2,0,0,0,,0,,,,,359371.6264,5019359.825,45.31206927,-75.80402027,9820
17--5597,5/26/2017,7:40 AM,HIGHWAY 417 btwn HWY417 IC121A RAMP16 & HWY417 IC121A RAMP61 (__3ZA2YY),__3ZA2YY,01 - Non intersection,03 - P.D. only,03 - Rear end,99 - Other,01 - Daylight,02 - Wet,10 - No control,,2,0,0,0,,0,,,,,367282.3937,5029771.684,45.40509365,-75.70182328,9821
17--5775,5/31/2017,9:56 PM,HIGHWAY 417 btwn HWY417 IC104 RAMP51 & HWY417 IC104 RAMP15 (__3ZA2W7),__3ZA2W7,01 - Non intersection,02 - Non-fatal injury,07 - SMV other,01 - Clear,07 - Dark,02 - Wet,10 - No control,,1,0,0,0,02 - Minor,1,,1,,,379861.9227,5025943.205,45.36941159,-75.54172999,9822
17--5598,5/26/2017,7:45 AM,MOODIE DR @ WEST HUNT CLUB RD (0010414),10414,02 - Intersection related,03 - P.D. only,03 - Rear end,02 - Rain,01 - Daylight,02 - Wet,01 - Traffic signal,01 - Functioning,2,0,0,0,,0,,,,,357907.9862,5018498.456,45.30443079,-75.82277779,9823
17--5776,6/1/2017,1:08 PM,MARCH RD btwn DIAMONDVIEW RD & THOMAS ARGUE RD (__3ZA3GN),__3ZA3GN,04 - At/near private drive,03 - P.D. only,05 - Turning movement,01 - Clear,01 - Daylight,01 - Dry,10 - No control,,2,0,0,0,,0,,,,,340490.2704,5020223.72,45.32105646,-76.04475191,9824
17--5777,6/1/2017,1:16 AM,INNES RD btwn PAGE RD & 473 E OF PAGE RD/BUILDERS' WAREHOUSE SC (__3ZAYFDA),__3ZAYFDA,01 - Non intersection,03 - P.D. only,04 - Sideswipe,01 - Clear,07 - Dark,01 - Dry,10 - No control,,2,0,0,0,,0,,,,,381061.3276,5034643.565,45.44756166,-75.52507428,9825
17--5778,6/1/2017,1:22 AM,FRIEL ST @ RIDEAU ST (0011917),11917,02 - Intersection related,03 - P.D. only,04 - Sideswipe,01 - Clear,07 - Dark,01 - Dry,01 - Traffic signal,01 - Functioning,2,0,0,0,,0,,,,,368772.0369,5032571.922,45.43015465,-75.68243233,9826
17--5779,6/1/2017,1:53 PM,HIGHWAY 417 btwn HWY417 IC119A RAMP75 & HWY417 IC118 RAMP57 (__3ZA2R2),__3ZA2R2,01 - Non intersection,03 - P.D. only,04 - Sideswipe,01 - Clear,01 - Daylight,01 - Dry,10 - No control,,2,0,0,0,,0,,,,,368721.8882,5030576.356,45.41220385,-75.68333208,9827
17--578,1/13/2017,3:28 PM,ALPINE AVE @ CARLING AVE (0011382),11382,02 - Intersection related,03 - P.D. only,03 - Rear end,01 - Clear,01 - Daylight,01 - Dry,01 - Traffic signal,01 - Functioning,2,0,0,0,,0,,,,,360496.2036,5024941.809,45.36220767,-75.78905079,9828
17--5780,6/1/2017,10:00 AM,VANIER PKWY/CRICHTON ST @ BEECHWOOD AVE/ST. PA (0001604),1604,02 - Intersection related,03 - P.D. only,03 - Rear end,01 - Clear,01 - Daylight,01 - Dry,01 - Traffic signal,01 - Functioning,2,0,0,0,,0,,,,,369127.3795,5033487.005,45.43835562,-75.67777193,9829
17--5781,6/1/2017,10:10 AM,SUSSEX DR btwn ALEXANDER ST & MACKAY ST (__3ZA2FI),__3ZA2FI,01 - Non intersection,03 - P.D. only,03 - Rear end,01 - Clear,01 - Daylight,01 - Dry,10 - No control,,2,0,0,0,,0,,,,,367906.6431,5034052.231,45.44355257,-75.69330125,9830
17--5782,6/1/2017,10:24 PM,MONTREAL RD btwn CYR AVE & HANNAH ST (__3ZA3LT),__3ZA3LT,01 - Non intersection,03 - P.D. only,04 - Sideswipe,01 - Clear,07 - Dark,01 - Dry,10 - No control,,2,0,0,0,,0,,,,,370238.931,5033159.369,45.43530454,-75.66360922,9831
17--5783,6/1/2017,10:37 AM,ST. JEAN ST @ ST. JOSEPH BLVD (0004137),4137,02 - Intersection related,02 - Non-fatal injury,04 - Sideswipe,01 - Clear,01 - Daylight,01 - Dry,01 - Traffic signal,01 - Functioning,2,1,0,0,02 - Minor,1,,1,,,380970.0718,5037201.591,45.47058667,-75.52584446,9832
17--5784,6/1/2017,11:21 AM,BASELINE RD @ CORDOVA ST (0003208),3208,02 - Intersection related,03 - P.D. only,03 - Rear end,01 - Clear,01 - Daylight,01 - Dry,01 - Traffic signal,01 - Functioning,2,0,0,0,,0,,,,,363592.016,5024409.526,45.35716545,-75.74960009,9833
17--5785,6/1/2017,11:35 AM,BESSERER ST @ WALLER ST (0008859),8859,03 - At intersection,03 - P.D. only,05 - Turning movement,01 - Clear,01 - Daylight,01 - Dry,01 - Traffic signal,01 - Functioning,2,0,0,0,,0,,,,,368316.2678,5032191.978,45.42677759,-75.6883055,9834
17--5786,6/1/2017,Unknown,BITTERN CRT btwn WHITEMARL DR & END (__3ZA8FM),__3ZA8FM,01 - Non intersection,03 - P.D. only,06 - SMV unattended vehicle,01 - Clear,00 - Unknown,01 - Dry,10 - No control,,1,0,0,0,,0,,,,,370015.8303,5034717.847,45.4493479,-75.66625389,9835
17--5787,6/1/2017,12:17 PM,JOHNSTON RD @ TAPIOLA CRES W (0007068),7068,02 - Intersection related,02 - Non-fatal injury,03 - Rear end,01 - Clear,01 - Daylight,01 - Dry,02 - Stop sign,01 - Functioning,2,0,0,0,02 - Minor,1,,1,,,371571.071,5025266.519,45.36416193,-75.6476532,9836
17--5788,6/1/2017,12:22 PM,INNES RD @ PAGE RD (0012476),12476,03 - At intersection,02 - Non-fatal injury,05 - Turning movement,01 - Clear,01 - Daylight,01 - Dry,01 - Traffic signal,01 - Functioning,2,1,0,0,01 - Minimal,1,1,,,,380888.0835,5034539.886,45.44664771,-75.52730475,9837
17--5789,6/1/2017,2:30 PM,LISGAR ST btwn O'CONNOR ST & METCALFE ST (__3ZA9UX),__3ZA9UX,01 - Non intersection,03 - P.D. only,06 - SMV unattended vehicle,01 - Clear,01 - Daylight,01 - Dry,10 - No control,,1,0,0,0,,0,,,,,367852.4977,5031212.122,45.41800314,-75.69435699,9838
17--579,1/13/2017,3:30 PM,KNOXDALE RD @ WEST HUNT CLUB RD (0005165),5165,02 - Intersection related,03 - P.D. only,03 - Rear end,01 - Clear,01 - Daylight,01 - Dry,01 - Traffic signal,00 - Unknown,2,0,0,0,,0,,,,,361863.6806,5020584.593,45.32289165,-75.77209926,9839
17--5790,6/1/2017,3:00 PM,CRESTWAY DR @ STRANDHERD DR (0010538),10538,02 - Intersection related,03 - P.D. only,03 - Rear end,01 - Clear,01 - Daylight,01 - Dry,01 - Traffic signal,01 - Functioning,2,0,0,0,,0,,,,,366345.8995,5015471.134,45.27650255,-75.71556428,9840
17--5791,6/1/2017,3:01 PM,BANK ST @ LAURIER AVE (0002221),2221,03 - At intersection,02 - Non-fatal injury,07 - SMV other,01 - Clear,01 - Daylight,01 - Dry,01 - Traffic signal,01 - Functioning,1,0,0,1,02 - Minor,1,,1,,,367481.2098,5031264.569,45.4185084,-75.69909392,9841
17--5792,6/1/2017,3:12 PM,HELEN RAPP WAY btwn MABERLY WAY & MABERLY WAY (e___2IWC),e___2IWC,01 - Non intersection,03 - P.D. only,06 - SMV unattended vehicle,01 - Clear,01 - Daylight,01 - Dry,10 - No control,,1,0,0,0,,0,,,,,375492.8019,5019384.581,45.31085423,-75.59843783,9842
17--5793,6/1/2017,3:20 PM,CUMMINGS AVE btwn OGILVIE RD & LABELLE ST (__3ZA7QG),__3ZA7QG,01 - Non intersection,03 - P.D. only,03 - Rear end,01 - Clear,01 - Daylight,01 - Dry,10 - No control,,2,0,0,0,,0,,,,,372824.4726,5032018.074,45.42478898,-75.6307242,9843
17--5794,6/1/2017,3:35 PM,FALLOWFIELD RD btwn STEEPLE HILL CRES & MOODIE DR (__3ZA4Y5),__3ZA4Y5,01 - Non intersection,03 - P.D. only,01 - Approaching,01 - Clear,01 - Daylight,01 - Dry,10 - No control,,2,0,0,0,,0,,,,,359121.6637,5014454.767,45.2679524,-75.80774506,9844
17--5795,6/1/2017,3:35 PM,HIGHWAY 417 btwn HWY417 IC138 RAMP61 & HWY417 IC134 RAMP36 (__3ZA20I),__3ZA20I,01 - Non intersection,03 - P.D. only,03 - Rear end,01 - Clear,01 - Daylight,01 - Dry,10 - No control,,2,0,0,0,,0,,,,,355568.8952,5021796.087,45.33427631,-75.85226543,9845
17--5796,6/1/2017,3:45 PM,OTTAWA RIVER PKWY WB btwn TUNNEY'S PASTURE/REMIC RAPIDS ENT & PARKDALE (__3ZA24KA),__3ZA24KA,01 - Non intersection,03 - P.D. only,03 - Rear end,01 - Clear,01 - Daylight,01 - Dry,10 - No control,,3,0,0,0,,0,,,,,363483.7808,5029802.585,45.40570046,-75.75034039,9846
17--5797,6/1/2017,4:19 PM,ELGIN ST btwn SLATER ST & LAURIER AVE W (1) (__3ZA25J),__3ZA25J,01 - Non intersection,02 - Non-fatal injury,04 - Sideswipe,01 - Clear,01 - Daylight,01 - Dry,10 - No control,,2,1,0,0,01 - Minimal,1,1,,,,367910.4401,5031645.237,45.42189494,-75.69356124,9847
17--5798,6/1/2017,4:38 PM,SUSSEX DR @ 262 N OF KING EDWARD AVE (0008806),8806,02 - Intersection related,03 - P.D. only,03 - Rear end,01 - Clear,01 - Daylight,01 - Dry,01 - Traffic signal,01 - Functioning,2,0,0,0,,0,,,,,367769.7133,5033733.93,45.44070096,-75.69509219,9848
17--5799,6/1/2017,4:45 PM,STRANDHERD DR @ LONGFIELDS DR (0010935),10935,03 - At intersection,03 - P.D. only,03 - Rear end,01 - Clear,01 - Daylight,01 - Dry,01 - Traffic signal,01 - Functioning,2,0,0,0,,0,,,,,364548.4761,5015172.656,45.27397189,-75.73850727,9849
17--58,1/3/2017,12:02 PM,MILTON RD btwn SMITH RD & PERRAULT RD (__3ZA3M7),__3ZA3M7,01 - Non intersection,03 - P.D. only,07 - SMV other,04 - Freezing Rain,01 - Daylight,06 - Ice,10 - No control,,1,0,0,0,,0,,,,,388201.4706,5029548.343,45.40090447,-75.43467248,9850
17--580,1/13/2017,3:36 PM,ST. JOSEPH BLVD @ JEANNE D'ARC BLVD (0012421),12421,03 - At intersection,03 - P.D. only,02 - Angle,01 - Clear,01 - Daylight,01 - Dry,11 - Roundabout,01 - Functioning,2,0,0,0,,0,,,,,379860.1961,5036472.127,45.46414369,-75.54014828,9851
17--5800,6/1/2017,4:49 PM,MARAVISTA DR @ STRANDHERD DR (0013565),13565,03 - At intersection,03 - P.D. only,05 - Turning movement,01 - Clear,01 - Daylight,01 - Dry,01 - Traffic signal,01 - Functioning,2,0,0,0,,0,,,,,361288.4381,5014584.958,45.26895318,-75.78011984,9852
17--5801,6/1/2017,5:00 PM,INNES RD @ TENTH LINE RD (0004633),4633,02 - Intersection related,03 - P.D. only,03 - Rear end,01 - Clear,01 - Daylight,01 - Dry,01 - Traffic signal,01 - Functioning,2,0,0,0,,0,,,,,383951.4259,5036159.561,45.46087993,-75.48788895,9853
17--5802,6/1/2017,5:07 PM,SLATER ST btwn O'CONNOR ST & METCALFE ST (__3ZA35R),__3ZA35R,01 - Non intersection,02 - Non-fatal injury,07 - SMV other,01 - Clear,01 - Daylight,02 - Wet,10 - No control,,1,0,0,1,02 - Minor,1,,1,,,367606.9006,5031468.042,45.42032791,-75.69746213,9854
17--5803,6/1/2017,5:20 PM,BOUNDARY RD @ MITCH OWENS RD (0001708),1708,03 - At intersection,03 - P.D. only,02 - Angle,01 - Clear,01 - Daylight,01 - Dry,02 - Stop sign,01 - Functioning,2,0,0,0,,0,,,,,388066.1666,5022163.138,45.3344752,-75.43764514,9855
17--5804,6/1/2017,5:20 PM,SMYTH RD E/LANCASTER RD @ ST. LAURENT BLVD N/R (0002256),2256,03 - At intersection,03 - P.D. only,04 - Sideswipe,02 - Rain,01 - Daylight,02 - Wet,01 - Traffic signal,01 - Functioning,2,0,0,0,,0,,,,,373364.2096,5029424.399,45.40139965,-75.62418858,9856
17--5805,6/1/2017,5:31 AM,RUSSELL RD btwn BELGREEN DR & BLAKE RD (__3ZA2DC),__3ZA2DC,01 - Non intersection,03 - P.D. only,06 - SMV unattended vehicle,01 - Clear,03 - Dawn,01 - Dry,10 - No control,,1,0,0,0,,0,,,,,376082.3874,5027391.927,45.38284106,-75.58976562,9857
17--5806,6/1/2017,5:46 PM,HIGHWAY 417 btwn HWY417 IC142 RAMP51 & HWY417 IC142 RAMP35 (__3ZAZE1),__3ZAZE1,01 - Non intersection,03 - P.D. only,07 - SMV other,01 - Clear,01 - Daylight,01 - Dry,10 - No control,,1,0,0,0,,0,,,,,348715.644,5017019.29,45.29175564,-75.94012146,9858
17--5807,6/1/2017,6:10 PM,HIGHWAY 417 btwn HWY417 IC126 RAMP16 & HWY417 IC126 RAMP61 (__3ZA2RC),__3ZA2RC,01 - Non intersection,03 - P.D. only,03 - Rear end,01 - Clear,01 - Daylight,01 - Dry,10 - No control,,2,0,0,0,,0,,,,,363099.5657,5025779.556,45.36953395,-75.75572338,9859
17--5808,6/1/2017,6:30 AM,DONNELLY DR @ MERLYN WILSON RD (0003644),3644,02 - Intersection related,03 - P.D. only,03 - Rear end,01 - Clear,01 - Daylight,01 - Dry,02 - Stop sign,01 - Functioning,2,0,0,0,,0,,,,,369256.6776,4990839.429,45.05460463,-75.6816483,9860