Anom_ID,Accident_Date,Accident_Time,Location,Geo_ID,Accident_Location,Classification_of_Accident,Initial_Impact_Type,Environment_Condition,Light,Road_Surface_Condition,Traffic_Control,Traffic_Control_Condition,No__of_Vehicles,No__of_Bicycles,No__of_Motorcycles,No__of_Pedestrians,Max_Injury,No__of_Injuries,No__of_Minimal,No__of_Minor,No__of_Major,No__of_Fatal,X,Y,Latitude,Longitude,ObjectId
17--5809,6/1/2017,6:46 PM,AMBERWOOD CRES @ MERIVALE RD (0000101),101,02 - Intersection related,03 - P.D. only,03 - Rear end,02 - Rain,01 - Daylight,02 - Wet,01 - Traffic signal,00 - Unknown,2,0,0,0,,0,,,,,366410.7088,5020017.151,45.31740153,-75.71417352,9861
17--581,1/13/2017,3:39 PM,HUNT CLUB RD @ LORRY GREENBERG DR/SABLE RIDGE  (0008203),8203,03 - At intersection,03 - P.D. only,05 - Turning movement,01 - Clear,01 - Daylight,01 - Dry,01 - Traffic signal,01 - Functioning,2,0,0,0,,0,,,,,372823.8961,5024807.058,45.35990742,-75.6317257,9862
17--5810,6/1/2017,7:00 PM,NELSON ST btwn LAURIER AVE E & OSGOODE ST (__3ZA8J2),__3ZA8J2,01 - Non intersection,02 - Non-fatal injury,07 - SMV other,01 - Clear,01 - Daylight,01 - Dry,10 - No control,,1,0,0,1,02 - Minor,1,,1,,,368936.7715,5032019.454,45.42516866,-75.68039917,9863
17--5811,6/1/2017,7:05 AM,GEORGE ST    W btwn PRESTON ST & END (__3ZA06J),__3ZA06J,01 - Non intersection,03 - P.D. only,99 - Other,01 - Clear,01 - Daylight,01 - Dry,10 - No control,,2,0,0,0,,0,,,,,366576.8954,5029399.169,45.40180448,-75.71088142,9864
17--5812,6/1/2017,7:25 AM,REGIONAL ROAD 174 btwn OR174 IC112 RAMP26 & OR174 IC112 RAMP61 (__3ZA2XF),__3ZA2XF,01 - Non intersection,03 - P.D. only,03 - Rear end,01 - Clear,01 - Daylight,01 - Dry,10 - No control,,2,0,0,0,,0,,,,,375158.6326,5033116.788,45.43444371,-75.60074293,9865
17--5813,6/1/2017,7:56 AM,PORTAGE BRIDGE SB btwn PROVINCIAL BOUNDARY & WELLINGTON ST (__6TE1GY),__6TE1GY,01 - Non intersection,03 - P.D. only,03 - Rear end,01 - Clear,01 - Daylight,01 - Dry,10 - No control,,2,0,0,0,,0,,,,,366339.577,5031669.43,45.42225257,-75.71362911,9866
17--5814,6/1/2017,8:20 AM,HIGHWAY 417 btwn HWY417 IC126 RAMP25 & HWY417 IC124 RAMP57 (__3ZA2R5),__3ZA2R5,01 - Non intersection,03 - P.D. only,03 - Rear end,01 - Clear,01 - Daylight,01 - Dry,10 - No control,,2,0,0,0,,0,,,,,363488.1812,5026263.744,45.37385817,-75.75070504,9867
17--5815,6/1/2017,8:28 AM,ALBION RD @ LESTER RD (0004175),4175,02 - Intersection related,03 - P.D. only,03 - Rear end,01 - Clear,01 - Daylight,01 - Dry,01 - Traffic signal,01 - Functioning,2,0,0,0,,0,,,,,372694.4088,5022333.834,45.33766679,-75.63371786,9868
17--5816,6/1/2017,8:56 AM,CAMBRIAN RD @ TWIN ELM RD N (0000847),847,02 - Intersection related,03 - P.D. only,02 - Angle,01 - Clear,01 - Daylight,01 - Dry,02 - Stop sign,01 - Functioning,2,0,0,0,,0,,,,,359361.6354,5009763.382,45.22571994,-75.80520201,9869
17--5817,6/1/2017,9:10 PM,MARCH RD btwn DUNROBIN RD & MURPHY CRT (__3ZA3DI),__3ZA3DI,01 - Non intersection,03 - P.D. only,07 - SMV other,01 - Clear,05 - Dusk,01 - Dry,10 - No control,,1,0,0,0,,0,,,,,347273.9319,5026064.199,45.37323304,-75.95772476,9870
17--5818,6/1/2017,9:15 AM,PANET ST @ SHILLINGTON AVE (0006714),6714,03 - At intersection,03 - P.D. only,02 - Angle,01 - Clear,01 - Daylight,01 - Dry,02 - Stop sign,01 - Functioning,2,0,0,0,,0,,,,,364935.3635,5026863.543,45.37913236,-75.73215691,9871
17--5819,6/1/2017,9:25 AM,STRANDHERD DR btwn JOCKVALE RD & 215 W OF GREENBANK RD/BARRHAVEN MALL  (__3ZAZMMA),__3ZAZMMA,01 - Non intersection,03 - P.D. only,99 - Other,01 - Clear,01 - Daylight,01 - Dry,10 - No control,,2,0,0,0,,0,,,,,363586.9019,5014592.553,45.26883315,-75.75083013,9872
17--582,1/13/2017,3:45 PM,HOG'S BACK RD btwn COLONEL BY DR & RIVERSIDE DR (__3ZA22W),__3ZA22W,04 - At/near private drive,03 - P.D. only,02 - Angle,01 - Clear,01 - Daylight,06 - Ice,10 - No control,,2,0,0,0,,0,,,,,367761.9687,5025978.476,45.37092044,-75.69618151,9873
17--5820,6/1/2017,9:30 AM,WEST HUNT CLUB RD @ WOODROFFE AVE (0000576),576,02 - Intersection related,03 - P.D. only,03 - Rear end,01 - Clear,01 - Daylight,01 - Dry,01 - Traffic signal,01 - Functioning,2,0,0,0,,0,,,,,363671.6943,5021245.82,45.32869203,-75.74895969,9874
17--5821,6/1/2017,9:34 PM,BLAIR PL @ OGILVIE RD (0004162),4162,02 - Intersection related,02 - Non-fatal injury,03 - Rear end,01 - Clear,07 - Dark,01 - Dry,01 - Traffic signal,01 - Functioning,2,0,0,0,01 - Minimal,1,1,,,,374800.7258,5033371.582,45.43677213,-75.60528056,9875
17--5822,6/1/2017,9:42 PM,HIGHWAY 417 btwn HWY417 IC123 RAMP62 & HWY417 IC122 RAMP16 (__3ZA2R9),__3ZA2R9,01 - Non intersection,03 - P.D. only,03 - Rear end,01 - Clear,07 - Dark,01 - Dry,10 - No control,,3,0,0,0,,0,,,,,365019.3863,5028518.951,45.39402018,-75.73088218,9876
17--5823,6/2/2017,1:39 PM,INNES RD @ ORLEANS BLVD (0003611),3611,03 - At intersection,03 - P.D. only,05 - Turning movement,01 - Clear,01 - Daylight,01 - Dry,01 - Traffic signal,01 - Functioning,2,0,0,0,,0,,,,,380461.5713,5034294.851,45.44448937,-75.5327941,9877
17--5824,6/2/2017,10:28 AM,MAPLE GROVE RD @ TERRY FOX DR (0003177),3177,02 - Intersection related,03 - P.D. only,99 - Other,01 - Clear,01 - Daylight,01 - Dry,01 - Traffic signal,01 - Functioning,2,0,0,0,,0,,,,,351553.2742,5017865.133,45.29918371,-75.9038668,9878
17--5825,6/2/2017,10:30 AM,HIGHWAY 417 btwn HWY417 IC124 RAMP65 & HWY417 IC122 RAMP51 (__3ZA2R8),__3ZA2R8,01 - Non intersection,02 - Non-fatal injury,04 - Sideswipe,01 - Clear,01 - Daylight,01 - Dry,10 - No control,,2,0,0,0,01 - Minimal,1,1,,,,365104.8998,5028634.839,45.39505555,-75.72977594,9879
17--5826,6/2/2017,11:21 AM,BANTREE ST @ INNES RD (0007684),7684,03 - At intersection,03 - P.D. only,02 - Angle,01 - Clear,01 - Daylight,02 - Wet,01 - Traffic signal,01 - Functioning,2,0,0,0,,0,,,,,373704.051,5030407.893,45.41021529,-75.61971066,9880
17--5827,6/2/2017,11:22 AM,CHARLOTTE ST @ RIDEAU ST (0002622),2622,02 - Intersection related,03 - P.D. only,04 - Sideswipe,01 - Clear,01 - Daylight,01 - Dry,01 - Traffic signal,01 - Functioning,2,0,0,0,,0,,,,,369250.16,5032859.367,45.43269707,-75.67628489,9881
17--5828,6/2/2017,11:35 PM,HWY417 IC121A RAMP16 btwn HIGHWAY 417 & RAYMOND ST (__3ZAY91),__3ZAY91,01 - Non intersection,02 - Non-fatal injury,03 - Rear end,01 - Clear,07 - Dark,01 - Dry,10 - No control,,2,0,0,0,01 - Minimal,1,1,,,,367107.5527,5029711.792,45.40457034,-75.70406412,9882
17--5829,6/2/2017,12:09 PM,JEANNE D'ARC BLVD @ ORLEANS BLVD N (0003792),3792,02 - Intersection related,03 - P.D. only,03 - Rear end,02 - Rain,01 - Daylight,02 - Wet,01 - Traffic signal,01 - Functioning,3,0,0,0,,0,,,,,380028.9377,5038104.261,45.47881019,-75.53774088,9883
17--583,1/13/2017,3:49 PM,PARK AVE btwn ELGIN ST & CARTIER ST (__3ZA9TY),__3ZA9TY,01 - Non intersection,03 - P.D. only,06 - SMV unattended vehicle,01 - Clear,01 - Daylight,05 - Packed snow,10 - No control,,1,0,0,0,,0,,,,,368512.4855,5030738.326,45.41368029,-75.68598621,9884
17--5830,6/2/2017,12:54 PM,DWYER HILL RD btwn BLEEKS RD & COPELAND RD (__3ZA3FD),__3ZA3FD,01 - Non intersection,03 - P.D. only,07 - SMV other,01 - Clear,01 - Daylight,01 - Dry,10 - No control,,1,0,0,0,,0,,,,,347112.1468,5000228.501,45.14076235,-75.96199012,9885
17--5831,6/2/2017,2:19 PM,ST. JOSEPH BLVD @ JEANNE D'ARC BLVD (0012421),12421,03 - At intersection,03 - P.D. only,03 - Rear end,01 - Clear,01 - Daylight,01 - Dry,11 - Roundabout,01 - Functioning,2,0,0,0,,0,,,,,379861.077,5036470.912,45.46413266,-75.54013721,9886
17--5832,6/2/2017,2:35 PM,ALBERT ST @ BOOTH ST (0002162),2162,03 - At intersection,03 - P.D. only,07 - SMV other,01 - Clear,01 - Daylight,01 - Dry,01 - Traffic signal,00 - Unknown,1,0,0,0,,0,,,,,366428.3588,5030625.898,45.41285535,-75.71262525,9887
17--5833,6/2/2017,2:36 PM,PINE VISTA DR btwn RUSTIC HILLS CRES & RUSTIC HILLS CRES (__45C2RA),__45C2RA,01 - Non intersection,03 - P.D. only,06 - SMV unattended vehicle,01 - Clear,01 - Daylight,01 - Dry,10 - No control,,1,0,0,0,,0,,,,,386927.9546,5037579.486,45.47331139,-75.44959706,9888
17--5834,6/2/2017,2:52 PM,WEST HUNT CLUB RD EB btwn ANTARES DR/LASER ST & PRINCE OF WALES DR (__3ZA3KH),__3ZA3KH,04 - At/near private drive,03 - P.D. only,02 - Angle,01 - Clear,01 - Daylight,01 - Dry,10 - No control,,2,0,0,0,,0,,,,,367356.3892,5021898.813,45.33424879,-75.70187508,9889
17--5835,6/2/2017,2:56 PM,KING EDWARD AVE @ OSGOODE ST/THOMAS MORE PRIV (0007750),7750,02 - Intersection related,03 - P.D. only,03 - Rear end,01 - Clear,01 - Daylight,01 - Dry,01 - Traffic signal,01 - Functioning,2,0,0,0,,0,,,,,368849.3724,5031850.568,45.4236571,-75.68153788,9890
17--5836,6/2/2017,3:09 AM,DEVONWOOD CIRC btwn TUNDRA SWAN BAY & HATCHLEY RD (__45KVD2),__45KVD2,01 - Non intersection,03 - P.D. only,07 - SMV other,01 - Clear,07 - Dark,02 - Wet,10 - No control,,1,0,0,0,,0,,,,,375419.6309,5020510.982,45.32099651,-75.59921032,9891
17--5837,6/2/2017,3:10 PM,WELLINGTON ST @ LETT ST (0012269),12269,02 - Intersection related,03 - P.D. only,03 - Rear end,01 - Clear,01 - Daylight,01 - Dry,01 - Traffic signal,01 - Functioning,3,0,0,0,,0,,,,,366355.2794,5031111.953,45.41723517,-75.71349813,9892
17--5838,6/2/2017,3:30 PM,HIGHWAY 417 btwn HWY417 IC119A RAMP67 & HWY417 IC118 RAMP76 (__3ZA2YS),__3ZA2YS,01 - Non intersection,03 - P.D. only,03 - Rear end,01 - Clear,01 - Daylight,01 - Dry,10 - No control,,3,0,0,0,,0,,,,,368683.3436,5030584.152,45.41227751,-75.68382347,9893
17--5839,6/2/2017,3:39 PM,BLAIR PL @ OGILVIE RD (0004162),4162,02 - Intersection related,03 - P.D. only,04 - Sideswipe,01 - Clear,01 - Daylight,01 - Dry,01 - Traffic signal,01 - Functioning,2,0,0,0,,0,,,,,374799.7225,5033371.807,45.43677425,-75.60529335,9894
17--584,1/13/2017,4:02 PM,MEADOWLANDS DR @ MERIVALE RD (0000625),625,02 - Intersection related,03 - P.D. only,99 - Other,01 - Clear,01 - Daylight,01 - Dry,01 - Traffic signal,01 - Functioning,2,0,0,0,,0,,,,,364859.5583,5023726.369,45.35091107,-75.73350607,9895
17--5840,6/2/2017,3:41 PM,PRINCE OF WALES DR @ STRANDHERD DR (0013339),13339,02 - Intersection related,03 - P.D. only,03 - Rear end,01 - Clear,01 - Daylight,02 - Wet,01 - Traffic signal,01 - Functioning,2,0,0,0,,0,,,,,367174.9554,5014824.191,45.27060835,-75.70507981,9896
17--5841,6/2/2017,5:26 PM,NORICE ST @ WOODROFFE AVE (0001542),1542,02 - Intersection related,02 - Non-fatal injury,03 - Rear end,01 - Clear,01 - Daylight,01 - Dry,01 - Traffic signal,01 - Functioning,2,0,0,0,01 - Minimal,2,2,,,,363193.6807,5022398.83,45.33910667,-75.75492127,9897
17--5842,6/2/2017,5:59 PM,DENTON WAY btwn GOSNELL TER & GOSNELL TER (__4TRKR0),__4TRKR0,04 - At/near private drive,03 - P.D. only,06 - SMV unattended vehicle,01 - Clear,01 - Daylight,01 - Dry,10 - No control,,1,0,0,0,,0,,,,,385756.362,5037795.509,45.47539176,-75.46454346,9898
17--5843,6/2/2017,7:00 AM,HIGHWAY 417 btwn HWY417 IC127 RAMP25 & HWY417 IC126 RAMP51 (__3ZA2XA),__3ZA2XA,01 - Non intersection,02 - Non-fatal injury,03 - Rear end,01 - Clear,01 - Daylight,01 - Dry,10 - No control,,2,0,0,0,01 - Minimal,1,1,,,,362881.1253,5025430.482,45.36641116,-75.75855288,9899
17--5844,6/2/2017,7:40 AM,ALTA VISTA DR btwn DALE AVE & 75 S OF CALEDON ST (__3ZA97HB),__3ZA97HB,04 - At/near private drive,03 - P.D. only,99 - Other,01 - Clear,01 - Daylight,01 - Dry,10 - No control,,2,0,0,0,,0,,,,,370707.4163,5030223.18,45.40884193,-75.65801485,9900
17--5845,6/2/2017,7:58 AM,MARCH RD @ SOLANDT RD (0003172),3172,03 - At intersection,03 - P.D. only,05 - Turning movement,01 - Clear,01 - Daylight,01 - Dry,01 - Traffic signal,01 - Functioning,2,0,0,0,,0,,,,,350491.137,5022710.502,45.34285344,-75.91696198,9901
17--5846,6/2/2017,8:17 AM,PARKDALE AVE @ RUSKIN ST (0006697),6697,02 - Intersection related,03 - P.D. only,04 - Sideswipe,01 - Clear,01 - Daylight,01 - Dry,01 - Traffic signal,01 - Functioning,2,0,0,0,,0,,,,,365506.6991,5028450.888,45.39336568,-75.7246672,9902
17--5847,6/2/2017,8:20 AM,ALEUTIAN RD @ CHINOOK CRES N (0001327),1327,03 - At intersection,03 - P.D. only,02 - Angle,01 - Clear,01 - Daylight,01 - Dry,03 - Yield sign,01 - Functioning,2,0,0,0,,0,,,,,359142.3299,5022612.155,45.34135168,-75.80658742,9903
17--5848,6/2/2017,8:20 AM,INNES RD btwn 298 E OF WILDFLOWER DR & LANTHIER DR/PRESTWICK DR (__3ZA3Y4B),__3ZA3Y4B,01 - Non intersection,02 - Non-fatal injury,03 - Rear end,01 - Clear,01 - Daylight,01 - Dry,10 - No control,,2,0,0,0,01 - Minimal,1,1,,,,383401.9671,5035929.701,45.45887388,-75.49495055,9904
17--5849,6/2/2017,8:45 AM,CARLING AVE @ IRVING PL/MAPLE DR (0006872),6872,03 - At intersection,02 - Non-fatal injury,02 - Angle,01 - Clear,01 - Daylight,01 - Dry,01 - Traffic signal,01 - Functioning,2,0,0,0,02 - Minor,2,,2,,,366186.3696,5028527.554,45.39399626,-75.71597787,9905
17--585,1/13/2017,4:24 PM,WEST HUNT CLUB RD @ ROYDON PL/SUNDERLAND ST (0009775),9775,02 - Intersection related,03 - P.D. only,02 - Angle,01 - Clear,01 - Daylight,01 - Dry,01 - Traffic signal,01 - Functioning,2,0,0,0,,0,,,,,365975.0211,5022166.107,45.33677565,-75.71946454,9906
17--5850,6/2/2017,8:50 PM,HWY417 IC115 RAMP51 btwn HIGHWAY 417 & ST. LAURENT BLVD (__3ZAY8F),__3ZAY8F,01 - Non intersection,02 - Non-fatal injury,03 - Rear end,01 - Clear,05 - Dusk,01 - Dry,10 - No control,,2,0,0,0,01 - Minimal,1,1,,,,372308.7775,5031439.922,45.419637,-75.63739267,9907
17--5851,6/2/2017,8:57 AM,ABBEYHILL DR @ CASTLEFRANK RD (0003931),3931,03 - At intersection,02 - Non-fatal injury,02 - Angle,01 - Clear,01 - Daylight,01 - Dry,02 - Stop sign,01 - Functioning,2,1,0,0,01 - Minimal,1,1,,,,353223.5158,5017259.133,45.29361764,-75.88263059,9908
17--5852,6/2/2017,9:10 AM,HIGHWAY 417 btwn HWY417 IC120B RAMP36 & HWY417 IC119B RAMP76 (__3ZA2YU),__3ZA2YU,01 - Non intersection,03 - P.D. only,03 - Rear end,01 - Clear,01 - Daylight,01 - Dry,10 - No control,,3,0,0,0,,0,,,,,367929.8087,5030113.334,45.40810962,-75.69351,9909
17--5853,6/2/2017,9:14 AM,MEADOWGLEN DR @ ORLEANS BLVD (0004103),4103,02 - Intersection related,03 - P.D. only,03 - Rear end,01 - Clear,01 - Daylight,01 - Dry,01 - Traffic signal,01 - Functioning,2,0,0,0,,0,,,,,380344.7487,5034574.237,45.44701571,-75.53424437,9910
17--5854,6/2/2017,9:28 PM,RICHMOND RD btwn ROBERTSON RD & STINSON AVE (__3ZA4YR),__3ZA4YR,01 - Non intersection,03 - P.D. only,03 - Rear end,01 - Clear,07 - Dark,01 - Dry,10 - No control,,2,0,1,0,,0,,,,,357862.1925,5020923.532,45.32625533,-75.82310196,9911
17--5855,6/2/2017,9:35 PM,HIGHWAY 417 btwn HWY417 IC163 RAMP16 & HWY417 IC163 RAMP61 (__3ZAZNM),__3ZAZNM,01 - Non intersection,03 - P.D. only,07 - SMV other,01 - Clear,07 - Dark,01 - Dry,10 - No control,,1,0,0,0,,0,,,,,331682.0489,5021391.371,45.33195618,-76.15703964,9912
17--5856,6/2/2017,9:49 AM,ST. JOSEPH BLVD/OLD MONTREAL RD @ TRIM RD (0004118),4118,03 - At intersection,03 - P.D. only,02 - Angle,01 - Clear,01 - Daylight,01 - Dry,11 - Roundabout,01 - Functioning,2,0,0,0,,0,,,,,384679.8019,5039286.532,45.48893052,-75.47806825,9913
17--5599,5/26/2017,8:15 PM,HIGHWAY 417 btwn HWY417 IC124 RAMP65 & HWY417 IC122 RAMP51 (__3ZA2R8),__3ZA2R8,01 - Non intersection,03 - P.D. only,99 - Other,01 - Clear,05 - Dusk,01 - Dry,10 - No control,,2,0,0,0,,0,,,,,364722.2802,5027934.413,45.38878611,-75.73474744,9914
17--56,1/3/2017,11:53 PM,HUNT CLUB RD btwn TURN LANE & TURN LANE (1) (__5AEE5B),__5AEE5B,01 - Non intersection,03 - P.D. only,04 - Sideswipe,04 - Freezing Rain,07 - Dark,06 - Ice,10 - No control,,2,0,0,0,,0,,,,,371682.326,5024246.698,45.35497533,-75.64637116,9915
17--560,1/13/2017,10:23 AM,MACASSA CIRC btwn Continuation of MACASSA CIRC & KANATA AVE (__3EXRZY),__3EXRZY,01 - Non intersection,03 - P.D. only,06 - SMV unattended vehicle,01 - Clear,01 - Daylight,05 - Packed snow,10 - No control,,1,0,0,0,,0,,,,,350404.2783,5019473.686,45.31373344,-75.91836844,9916
17--5600,5/26/2017,8:34 PM,MONTREAL RD @ ST. LAURENT BLVD (0002604),2604,03 - At intersection,02 - Non-fatal injury,05 - Turning movement,01 - Clear,05 - Dusk,01 - Dry,01 - Traffic signal,01 - Functioning,2,0,0,0,02 - Minor,2,,2,,,371546.7062,5033816.926,45.44109732,-75.64680691,9917
17--5601,5/26/2017,8:35 AM,DEAKIN ST @ PRINCE OF WALES DR (0001073),1073,02 - Intersection related,03 - P.D. only,04 - Sideswipe,01 - Clear,01 - Daylight,01 - Dry,01 - Traffic signal,01 - Functioning,2,0,0,0,,0,,,,,367389.7078,5021524.157,45.33087473,-75.7014974,9918
17--5602,5/26/2017,8:39 AM,MAIN ST btwn MASON TER & TURN LANE (__3ZA3O3),__3ZA3O3,01 - Non intersection,03 - P.D. only,03 - Rear end,02 - Rain,01 - Daylight,02 - Wet,10 - No control,,2,0,0,0,,0,,,,,369401.3063,5029611.424,45.40345934,-75.67477916,9919
17--5603,5/26/2017,8:47 PM,GILBEY DR @ MERIVALE RD (0000624),624,03 - At intersection,02 - Non-fatal injury,05 - Turning movement,01 - Clear,05 - Dusk,02 - Wet,02 - Stop sign,00 - Unknown,2,0,0,0,01 - Minimal,1,1,,,,364680.027,5024720.195,45.35986873,-75.7356767,9920
17--5604,5/26/2017,9:20 PM,HIGHWAY 417 btwn HWY417 IC124 RAMP67 & HWY417 IC123 RAMP62 (__3ZA2YZ),__3ZA2YZ,01 - Non intersection,03 - P.D. only,03 - Rear end,01 - Clear,07 - Dark,01 - Dry,10 - No control,,2,0,0,0,,0,,,,,364650.3134,5027837.046,45.38791617,-75.73567824,9921
17--5605,5/26/2017,9:37 AM,ELGIN ST @ SLATER ST (0002228),2228,02 - Intersection related,03 - P.D. only,04 - Sideswipe,01 - Clear,01 - Daylight,01 - Dry,01 - Traffic signal,00 - Unknown,2,0,0,0,,0,,,,,367892.3799,5031646.575,45.4219086,-75.69379182,9922
17--5606,5/26/2017,9:40 AM,OTTAWA RIVER PKWY @ PORTAGE BRIDGE (0009072),9072,02 - Intersection related,03 - P.D. only,03 - Rear end,01 - Clear,01 - Daylight,02 - Wet,01 - Traffic signal,01 - Functioning,2,0,0,0,,0,,,,,366516.2083,5031314.631,45.41904463,-75.71141673,9923
17--5607,5/27/2017,1:00 PM,CAMBRIAN RD/GOLFLINKS DR W @ LONGFIELDS DR (0009702),9702,03 - At intersection,03 - P.D. only,04 - Sideswipe,01 - Clear,01 - Daylight,01 - Dry,11 - Roundabout,00 - Unknown,2,0,0,0,,0,,,,,365381.417,5013218.432,45.25631654,-75.72813077,9924
17--5608,5/27/2017,1:30 PM,ANALDEA DR/ WHITE ALDER AVE @ BANK ST (0009265),9265,02 - Intersection related,03 - P.D. only,03 - Rear end,01 - Clear,01 - Daylight,01 - Dry,01 - Traffic signal,01 - Functioning,2,0,0,0,,0,,,,,375696.2214,5020814.508,45.32369963,-75.59563925,9925
17--5609,5/27/2017,10:00 AM,MONTREAL RD @ SHEFFORD RD (0012423),12423,02 - Intersection related,03 - P.D. only,03 - Rear end,01 - Clear,01 - Daylight,01 - Dry,01 - Traffic signal,01 - Functioning,2,0,0,0,,0,,,,,376126.065,5034855.581,45.44999029,-75.58812768,9926
17--561,1/13/2017,10:47 PM,HIGHGATE RD btwn CHESHIRE RD & BLOOMSBURY CRES (__3ZABKY),__3ZABKY,01 - Non intersection,03 - P.D. only,06 - SMV unattended vehicle,02 - Rain,07 - Dark,05 - Packed snow,10 - No control,,1,0,0,0,,0,,,,,361688.2818,5023837.721,45.35217743,-75.77396246,9927
17--5610,5/27/2017,10:15 PM,OTTAWA RIVER PKWY WB btwn TRANSIT & TURN LANE (__3ZA23O),__3ZA23O,01 - Non intersection,03 - P.D. only,04 - Sideswipe,01 - Clear,07 - Dark,01 - Dry,10 - No control,,2,0,0,0,,0,,,,,363012.8302,5029246.817,45.40073908,-75.75642167,9928
17--5611,5/27/2017,10:36 PM,BLAIR RD @ INNES RD (0004165),4165,03 - At intersection,03 - P.D. only,07 - SMV other,01 - Clear,07 - Dark,01 - Dry,01 - Traffic signal,01 - Functioning,1,0,0,0,,0,,,,,375578.2254,5031441.593,45.41932892,-75.5956215,9929
17--5612,5/27/2017,10:41 AM,CASTLEFRANK RD @ HAZELDEAN RD (0003608),3608,02 - Intersection related,02 - Non-fatal injury,03 - Rear end,01 - Clear,01 - Daylight,01 - Dry,01 - Traffic signal,01 - Functioning,3,0,0,0,02 - Minor,3,2,1,,,352678.8814,5017676.769,45.29741295,-75.88953361,9930
17--5613,5/27/2017,10:55 AM,REGIONAL ROAD 174 EB btwn HWY417 IC113 RAMP65 & OR174 BLAIR IC112 RAMP51 (__3ZAZFJ),__3ZAZFJ,01 - Non intersection,03 - P.D. only,07 - SMV other,01 - Clear,01 - Daylight,01 - Dry,10 - No control,,1,0,0,0,,0,,,,,374749.0271,5032780.604,45.43146001,-75.60602523,9931
17--5614,5/27/2017,10:57 PM,WOODROFFE AVE btwn MIRAMICHI ST & TECUMSEH ST (__3ZA3GS),__3ZA3GS,01 - Non intersection,03 - P.D. only,03 - Rear end,01 - Clear,07 - Dark,01 - Dry,10 - No control,,2,0,0,0,,0,,,,,362350.7507,5024277.036,45.3560763,-75.76545725,9932
17--5615,5/27/2017,Unknown,CHAMPNEUF DR btwn BOISBRIAND CRES & KINDERSLEY AVE (__3ZA6D2),__3ZA6D2,01 - Non intersection,03 - P.D. only,06 - SMV unattended vehicle,01 - Clear,00 - Unknown,01 - Dry,10 - No control,,1,0,0,0,,0,,,,,381627.9843,5036020.208,45.45988551,-75.51761616,9933
17--5616,5/27/2017,Unknown,RIVERSIDE DR btwn FROBISHER LANE & END (__3ZA241),__3ZA241,01 - Non intersection,03 - P.D. only,06 - SMV unattended vehicle,01 - Clear,00 - Unknown,01 - Dry,10 - No control,,1,0,0,0,,0,,,,,370091.6088,5029407.172,45.40155751,-75.66598917,9934
17--5617,5/27/2017,12:44 PM,CAMERON ST @ REGIONAL RD 174 (0012883),12883,02 - Intersection related,03 - P.D. only,03 - Rear end,01 - Clear,01 - Daylight,01 - Dry,01 - Traffic signal,01 - Functioning,2,0,0,0,,0,,,,,389861.1081,5042618.902,45.51829899,-75.41121574,9935
17--5618,5/27/2017,12:52 PM,CARP RD @ HAZELDEAN RD (0000086),86,02 - Intersection related,03 - P.D. only,03 - Rear end,01 - Clear,01 - Daylight,01 - Dry,01 - Traffic signal,00 - Unknown,2,0,0,0,,0,,,,,348806.2481,5014359.767,45.26781865,-75.93920221,9936
17--5619,5/27/2017,3:25 PM,HIGHWAY 417 btwn HWY417 IC121A RAMP61 & HWY417 IC120B RAMP36 (__3ZA2YV),__3ZA2YV,01 - Non intersection,03 - P.D. only,03 - Rear end,01 - Clear,01 - Daylight,01 - Dry,10 - No control,,2,0,0,0,,0,,,,,367658.6108,5029948.32,45.40664928,-75.69699527,9937
17--562,1/13/2017,11:15 PM,HIGHWAY 416 btwn HWY416 IC42 RAMP43 & END (__3ZAZJE),__3ZAZJE,01 - Non intersection,03 - P.D. only,07 - SMV other,01 - Clear,07 - Dark,01 - Dry,10 - No control,,1,0,0,0,,0,,,,,372398.3408,4994081.878,45.08348777,-75.6413289,9938
17--5620,5/27/2017,3:39 PM,HIGHWAY 417 btwn HWY417 IC118 RAMP35 & HWY417 IC117 RAMP51 (__3ZA2YP),__3ZA2YP,01 - Non intersection,02 - Non-fatal injury,03 - Rear end,01 - Clear,01 - Daylight,01 - Dry,10 - No control,,2,0,0,0,01 - Minimal,3,3,,,,370417.0563,5031132.597,45.41705179,-75.66160281,9939
17--5621,5/27/2017,4:45 PM,BANK ST btwn RANDALL AVE & 73 N OF EVANS BLVD (__3ZA3BJA),__3ZA3BJA,01 - Non intersection,03 - P.D. only,04 - Sideswipe,01 - Clear,01 - Daylight,01 - Dry,10 - No control,,2,0,0,0,,0,,,,,369780.8623,5027230.37,45.3820003,-75.67024478,9940
17--5622,5/27/2017,5:40 PM,VANIER PKWY/CRICHTON ST @ BEECHWOOD AVE/ST. PA (0001604),1604,02 - Intersection related,03 - P.D. only,03 - Rear end,01 - Clear,01 - Daylight,01 - Dry,01 - Traffic signal,01 - Functioning,3,0,0,0,,0,,,,,369127.7538,5033487.107,45.4383565,-75.67776713,9941
17--5623,5/27/2017,5:48 PM,ST. JOSEPH BLVD @ TENTH LINE RD (0009163),9163,02 - Intersection related,03 - P.D. only,03 - Rear end,01 - Clear,01 - Daylight,01 - Dry,01 - Traffic signal,01 - Functioning,2,0,0,0,,0,,,,,382891.8071,5038667.122,45.48355997,-75.5010377,9942
17--5624,5/27/2017,5:52 PM,KENNEVALE DR @ STRANDHERD DR (0010896),10896,02 - Intersection related,03 - P.D. only,03 - Rear end,01 - Clear,01 - Daylight,01 - Dry,01 - Traffic signal,01 - Functioning,2,0,0,0,,0,,,,,361490.8567,5014098.88,45.26456312,-75.77759594,9943