Anom_ID,Accident_Date,Accident_Time,Location,Geo_ID,Accident_Location,Classification_of_Accident,Initial_Impact_Type,Environment_Condition,Light,Road_Surface_Condition,Traffic_Control,Traffic_Control_Condition,No__of_Vehicles,No__of_Bicycles,No__of_Motorcycles,No__of_Pedestrians,Max_Injury,No__of_Injuries,No__of_Minimal,No__of_Minor,No__of_Major,No__of_Fatal,X,Y,Latitude,Longitude,ObjectId
17--5625,5/27/2017,6:05 AM,BISHOP DAVIS DR btwn ARCHIE ST & ALLBIRCH RD (__4VGT8A),__4VGT8A,01 - Non intersection,02 - Non-fatal injury,07 - SMV other,"07 - Fog, mist, smoke, dust",01 - Daylight,01 - Dry,10 - No control,,1,0,1,0,02 - Minor,1,,1,,,336935.2113,5039107.208,45.49114848,-76.08886654,9944
17--5626,5/27/2017,6:18 PM,MONTREAL RD btwn BETHAMY LANE & OGILVIE RD (__3ZA2DX),__3ZA2DX,04 - At/near private drive,02 - Non-fatal injury,02 - Angle,01 - Clear,01 - Daylight,01 - Dry,10 - No control,,2,0,0,0,02 - Minor,1,,1,,,375500.1165,5034459.256,45.446488,-75.59618611,9945
17--5627,5/27/2017,6:21 PM,ALBERT ST @ PRESTON ST (0002217),2217,02 - Intersection related,03 - P.D. only,03 - Rear end,01 - Clear,01 - Daylight,01 - Dry,01 - Traffic signal,01 - Functioning,2,0,0,0,,0,,,,,366160.2148,5030465.939,45.41143964,-75.7160707,9946
17--5628,5/27/2017,6:59 AM,CARP RD btwn LLOYDALEX CRES & ROTHBOURNE RD (__3ZBOBC),__3ZBOBC,01 - Non intersection,03 - P.D. only,03 - Rear end,01 - Clear,01 - Daylight,01 - Dry,10 - No control,,2,0,0,0,,0,,,,,348069.8379,5015072.898,45.27428137,-75.94852414,9947
17--5629,5/27/2017,7:01 PM,HAWTHORNE RD @ HUNT CLUB RD (0007651),7651,02 - Intersection related,02 - Non-fatal injury,03 - Rear end,01 - Clear,01 - Daylight,01 - Dry,01 - Traffic signal,01 - Functioning,2,0,0,0,02 - Minor,1,,1,,,375509.4221,5026405.86,45.37402698,-75.59722234,9948
17--563,1/13/2017,11:19 AM,CARLING AVE @ FAIRLAWN AVE/WOODROFFE AVE E (0002393),2393,02 - Intersection related,03 - P.D. only,03 - Rear end,01 - Clear,01 - Daylight,06 - Ice,01 - Traffic signal,01 - Functioning,2,0,0,0,,0,,,,,361934.6841,5025830.528,45.37008852,-75.77058762,9949
17--5630,5/27/2017,7:42 PM,WEST HUNT CLUB RD @ WOODROFFE AVE (0000576),576,02 - Intersection related,02 - Non-fatal injury,07 - SMV other,01 - Clear,01 - Daylight,01 - Dry,01 - Traffic signal,01 - Functioning,1,0,0,0,02 - Minor,1,,1,,,363670.3566,5021246.489,45.32869816,-75.74897668,9950
17--5631,5/27/2017,7:50 AM,HIGHWAY 417 btwn HWY417 IC118 RAMP67 & HWY417 IC117 RAMP36 (__3ZA2YO),__3ZA2YO,01 - Non intersection,03 - P.D. only,04 - Sideswipe,01 - Clear,01 - Daylight,01 - Dry,10 - No control,,3,0,0,0,,0,,,,,369875.6119,5031149.001,45.41724995,-75.66851801,9951
17--5632,5/27/2017,9:09 PM,HIGHWAY 417 btwn HWY417 IC163 RAMP16 & HWY417 IC163 RAMP61 (__3ZAZNM),__3ZAZNM,01 - Non intersection,03 - P.D. only,07 - SMV other,01 - Clear,07 - Dark,01 - Dry,10 - No control,,1,0,0,0,,0,,,,,331648.0768,5021413.885,45.33216008,-76.15747183,9952
17--5633,5/27/2017,9:34 PM,FALLOWFIELD RD btwn MUNSTER RD & CONLEY RD (__3ZA3EQ),__3ZA3EQ,01 - Non intersection,03 - P.D. only,07 - SMV other,01 - Clear,07 - Dark,01 - Dry,10 - No control,,1,0,0,0,,0,,,,,348658.8438,5006336.09,45.19562736,-75.94178783,9953
17--5634,5/28/2017,1:21 PM,HERZBERG RD @ MARCH RD (0003170),3170,02 - Intersection related,02 - Non-fatal injury,07 - SMV other,01 - Clear,01 - Daylight,01 - Dry,01 - Traffic signal,00 - Unknown,1,0,0,0,02 - Minor,1,,1,,,352324.6255,5021529.157,45.33210166,-75.89368065,9954
17--5635,5/28/2017,1:25 PM,HUNT CLUB RD @ RIVERSIDE DR (0002237),2237,02 - Intersection related,03 - P.D. only,02 - Angle,01 - Clear,01 - Daylight,01 - Dry,01 - Traffic signal,01 - Functioning,2,0,0,0,,0,,,,,368036.3686,5021945.499,45.33460791,-75.69319447,9955
17--5636,5/28/2017,1:45 PM,MERIVALE RD btwn MEADOWLANDS DR & 210 S OF MEADOWLANDS DR/MERIVALE PL  (__3ZBPLPA),__3ZBPLPA,01 - Non intersection,03 - P.D. only,03 - Rear end,01 - Clear,01 - Daylight,01 - Dry,10 - No control,,2,0,0,0,,0,,,,,364897.8303,5023636.547,45.35009958,-75.73302859,9956
17--5637,5/28/2017,10:38 AM,BASELINE RD @ NAVAHO DR (0003158),3158,02 - Intersection related,03 - P.D. only,03 - Rear end,01 - Clear,01 - Daylight,01 - Dry,01 - Traffic signal,01 - Functioning,2,0,0,0,,0,,,,,363086.694,5024097.506,45.35440011,-75.75608607,9957
17--5638,5/28/2017,Unknown,PETRICHOR CRES btwn GERRY LALONDE DR E & GERRY LALONDE DR W (e___2HQR),e___2HQR,04 - At/near private drive,03 - P.D. only,06 - SMV unattended vehicle,01 - Clear,07 - Dark,01 - Dry,10 - No control,,1,0,0,0,,0,,,,,383820.776,5035312.783,45.45327617,-75.48969538,9958
17--5639,5/28/2017,Unknown,ABERFOYLE CIRC btwn Continuation of ABERFOYLE CIRC & Continuation of A (__54YR7U),__54YR7U,01 - Non intersection,03 - P.D. only,06 - SMV unattended vehicle,01 - Clear,00 - Unknown,01 - Dry,10 - No control,,1,0,0,0,,0,,,,,350459.8639,5024070.957,45.35509713,-75.9172354,9959
17--564,1/13/2017,11:30 AM,JEANNE D'ARC BLVD @ FORTUNE DR/VINEYARD DR (0004393),4393,03 - At intersection,03 - P.D. only,02 - Angle,03 - Snow,01 - Daylight,02 - Wet,01 - Traffic signal,01 - Functioning,2,0,0,0,,0,,,,,379238.6183,5037375.546,45.47233848,-75.54795893,9960
17--5640,5/28/2017,Unknown,LADOUCEUR ST btwn HINCHEY AVE & CARRUTHERS AVE (__3ZAAIN),__3ZAAIN,01 - Non intersection,03 - P.D. only,06 - SMV unattended vehicle,02 - Rain,07 - Dark,02 - Wet,10 - No control,,1,0,0,0,,0,,,,,365193.09,5029661.634,45.40428683,-75.72852394,9961
17--5641,5/28/2017,12:33 AM,FEATHERSTON DR btwn FERNCROFT CRES & BRIAR HILL DR (__3ZA874),__3ZA874,01 - Non intersection,03 - P.D. only,06 - SMV unattended vehicle,01 - Clear,07 - Dark,01 - Dry,10 - No control,,1,0,0,0,,0,,,,,371384.8918,5027357.914,45.38299727,-75.6497476,9962
17--5642,5/28/2017,3:28 PM,CARLING AVE EB btwn FOX CRES & WOODROFFE AVE (__3ZA4VE),__3ZA4VE,04 - At/near private drive,02 - Non-fatal injury,02 - Angle,01 - Clear,01 - Daylight,01 - Dry,10 - No control,,2,1,0,0,01 - Minimal,1,1,,,,361734.8793,5025701.319,45.36894217,-75.77315312,9963
17--5643,5/28/2017,3:32 PM,HUNT CLUB RD @ RIVERSIDE DR (0002237),2237,02 - Intersection related,03 - P.D. only,03 - Rear end,01 - Clear,01 - Daylight,01 - Dry,01 - Traffic signal,01 - Functioning,2,0,0,0,,0,,,,,368036.3686,5021946.167,45.33461393,-75.69319438,9964
17--5644,5/28/2017,3:50 AM,GEORGE ST btwn DALHOUSIE ST & CUMBERLAND ST (__3ZA81O),__3ZA81O,04 - At/near private drive,03 - P.D. only,02 - Angle,01 - Clear,07 - Dark,01 - Dry,10 - No control,,2,0,0,0,,0,,,,,368213.0656,5032349.551,45.42820474,-75.68960394,9965
17--5645,5/28/2017,4:02 PM,BANK ST btwn TURN LANE & SPRINGHILL RD (__3ZA2LG),__3ZA2LG,04 - At/near private drive,02 - Non-fatal injury,05 - Turning movement,01 - Clear,01 - Daylight,01 - Dry,10 - No control,,2,0,0,0,01 - Minimal,2,2,,,,384444.568,5008179.029,45.20907524,-75.486087,9966
17--5646,5/28/2017,4:24 PM,CRESTWAY DR @ STRANDHERD DR (0010538),10538,02 - Intersection related,02 - Non-fatal injury,03 - Rear end,01 - Clear,01 - Daylight,01 - Dry,01 - Traffic signal,01 - Functioning,2,0,1,0,01 - Minimal,1,1,,,,366348.575,5015471.802,45.27650833,-75.7155301,9967
17--5647,5/28/2017,4:33 AM,ROCKDALE RD btwn COLONIAL RD & HUISMANS RD (__3ZBO67),__3ZBO67,01 - Non intersection,03 - P.D. only,07 - SMV other,01 - Clear,07 - Dark,01 - Dry,10 - No control,,1,0,0,0,,0,,,,,392144.1927,5030878.498,45.41239093,-75.38408393,9968
17--5648,5/28/2017,5:24 PM,WALKLEY RD @ SPRINGLAND DR/OTTERSON DR (0006968),6968,02 - Intersection related,03 - P.D. only,03 - Rear end,02 - Rain,01 - Daylight,02 - Wet,01 - Traffic signal,01 - Functioning,2,0,0,0,,0,,,,,368721.1712,5024981.965,45.36186726,-75.68406579,9969
17--5649,5/28/2017,5:42 PM,BRUYERE ST btwn SUSSEX DR & PARENT AVE (__3ZBOXN),__3ZBOXN,04 - At/near private drive,03 - P.D. only,99 - Other,01 - Clear,01 - Daylight,01 - Dry,10 - No control,,2,0,0,0,,0,,,,,367667.3657,5032749.326,45.43185105,-75.69652605,9970
17--565,1/13/2017,11:30 PM,MCARTHUR AVE btwn CRETE PL & ALLEN BLVD (__3ZA3W3),__3ZA3W3,01 - Non intersection,03 - P.D. only,07 - SMV other,01 - Clear,07 - Dark,01 - Dry,10 - No control,,1,0,0,0,,0,,,,,370729.2575,5032748.483,45.43156151,-75.65739794,9971
17--5650,5/28/2017,5:49 PM,WOODROFFE AVE @ KNOXDALE RD/MEDHURST DR (0000519),519,02 - Intersection related,03 - P.D. only,03 - Rear end,01 - Clear,01 - Daylight,01 - Dry,01 - Traffic signal,01 - Functioning,2,0,0,0,,0,,,,,363420.0244,5021827.825,45.33394993,-75.7521011,9972
17--5651,5/28/2017,5:58 PM,BASELINE RD @ GREENBANK RD (0002357),2357,02 - Intersection related,03 - P.D. only,03 - Rear end,01 - Clear,01 - Daylight,01 - Dry,01 - Traffic signal,01 - Functioning,2,0,0,0,,0,,,,,360597.3499,5022584.5,45.34098862,-75.78802578,9973
17--5652,5/28/2017,6:09 PM,CHARLOTTE ST @ RIDEAU ST (0002622),2622,03 - At intersection,02 - Non-fatal injury,07 - SMV other,01 - Clear,01 - Daylight,01 - Dry,01 - Traffic signal,01 - Functioning,1,0,0,1,01 - Minimal,1,1,,,,369250.7123,5032858.923,45.43269303,-75.67627789,9974
17--5653,5/28/2017,6:29 PM,ALTA VISTA DR @ BANK ST (0011318),11318,02 - Intersection related,03 - P.D. only,03 - Rear end,01 - Clear,01 - Daylight,01 - Dry,01 - Traffic signal,01 - Functioning,2,0,0,0,,0,,,,,370248.4036,5026201.408,45.37269851,-75.66441165,9975
17--5654,5/28/2017,8:28 AM,RIVERSIDE DR RAMP 42A @ RIVERSIDE DR RAMP 42B (0002522),2522,02 - Intersection related,03 - P.D. only,03 - Rear end,01 - Clear,01 - Daylight,01 - Dry,03 - Yield sign,01 - Functioning,2,0,0,0,,0,,,,,368481.4849,5027089.591,45.38085293,-75.68685328,9976
17--5655,5/28/2017,8:30 PM,OLD TENTH LINE RD/OR174 IC101 RAMP63 @ ST. JOS (0009233),9233,02 - Intersection related,03 - P.D. only,03 - Rear end,01 - Clear,05 - Dusk,01 - Dry,01 - Traffic signal,01 - Functioning,2,0,0,0,,0,,,,,383119.4097,5038784.925,45.48459436,-75.49810784,9977
17--5656,5/28/2017,9:26 PM,FALLOWFIELD RD btwn MOODIE DR & HWY416 IC66 RAMP53 (__3ZA4Y6),__3ZA4Y6,04 - At/near private drive,02 - Non-fatal injury,05 - Turning movement,01 - Clear,07 - Dark,01 - Dry,10 - No control,,2,0,1,0,03 - Major,2,,1,1,,359598.3114,5014663.169,45.26979066,-75.8016483,9978
17--5657,5/29/2017,1:30 PM,WOODROFFE AVE btwn HWY417 IC127 RAMP36 & HWY417 IC127 RAMP62 (__3ZA4L5),__3ZA4L5,01 - Non intersection,03 - P.D. only,03 - Rear end,02 - Rain,01 - Daylight,02 - Wet,10 - No control,,2,0,0,0,,0,,,,,362044.2254,5025039.183,45.36295913,-75.76928096,9979
17--5658,5/29/2017,1:32 PM,ISABELLA ST btwn CHAMBERLAIN AVE & O'CONNOR ST (__3ZA3PM),__3ZA3PM,01 - Non intersection,03 - P.D. only,04 - Sideswipe,02 - Rain,01 - Daylight,02 - Wet,10 - No control,,2,0,0,0,,0,,,,,368168.3279,5030230.891,45.40914581,-75.69044808,9980
17--5659,5/29/2017,1:35 PM,STITTSVILLE MAIN ST btwn DAPHNE CRES & CARLETON CATHCART ST (__3ZA3DC),__3ZA3DC,04 - At/near private drive,03 - P.D. only,02 - Angle,02 - Rain,01 - Daylight,02 - Wet,10 - No control,,2,0,0,0,,0,,,,,350573.0454,5012955.989,45.25507421,-75.91681735,9981
17--566,1/13/2017,11:45 AM,DENALI WAY btwn END & TONY GEORGE PL (__5JZNZW),__5JZNZW,01 - Non intersection,03 - P.D. only,06 - SMV unattended vehicle,01 - Clear,01 - Daylight,02 - Wet,10 - No control,,1,0,0,0,,0,,,,,349328.661,5015791.383,45.28066795,-75.93241672,9982
17--5660,5/29/2017,1:37 PM,LAFONTAINE AVE @ MCARTHUR AVE (0009806),9806,03 - At intersection,02 - Non-fatal injury,05 - Turning movement,02 - Rain,01 - Daylight,02 - Wet,01 - Traffic signal,01 - Functioning,2,0,0,0,02 - Minor,1,,1,,,370950.0468,5032772.911,45.43176045,-75.65457319,9983
17--5661,5/29/2017,1:38 PM,BRONSON AVE @ PRIMROSE AVE (0006344),6344,02 - Intersection related,02 - Non-fatal injury,03 - Rear end,02 - Rain,01 - Daylight,02 - Wet,01 - Traffic signal,01 - Functioning,2,0,0,0,01 - Minimal,1,1,,,,366886.7028,5030670.24,45.41321381,-75.70676435,9984
17--5662,5/29/2017,1:40 PM,BAYSHORE DR @ RICHMOND RD (0010407),10407,02 - Intersection related,03 - P.D. only,03 - Rear end,02 - Rain,01 - Daylight,02 - Wet,01 - Traffic signal,01 - Functioning,2,0,0,0,,0,,,,,359373.0197,5023367.857,45.34813359,-75.80356064,9985
17--5663,5/29/2017,10:20 AM,JAMES ST @ KENT ST (0007277),7277,03 - At intersection,03 - P.D. only,02 - Angle,02 - Rain,01 - Daylight,02 - Wet,02 - Stop sign,01 - Functioning,2,0,0,0,,0,,,,,367659.3791,5030597.905,45.41249398,-75.69690263,9986
17--5664,5/29/2017,10:23 AM,WOODROFFE AVE @ GEORGINA DR/LENESTER AVE (0002351),2351,03 - At intersection,03 - P.D. only,02 - Angle,02 - Rain,01 - Daylight,02 - Wet,01 - Traffic signal,01 - Functioning,3,0,0,0,,0,,,,,361910.6899,5025369.85,45.36594534,-75.77094717,9987
17--5665,5/29/2017,10:40 AM,WALKLEY RD @ DON REID DR/RYDER ST (0008218),8218,03 - At intersection,03 - P.D. only,02 - Angle,02 - Rain,01 - Daylight,02 - Wet,01 - Traffic signal,01 - Functioning,2,0,0,0,,0,,,,,372602.3046,5027284.413,45.38221916,-75.63421378,9988
17--5666,5/29/2017,11:12 AM,REGIONAL ROAD 174 btwn OR174 IC101 RAMP36 & OR174 IC101 RAMP26 (__3ZA11R),__3ZA11R,01 - Non intersection,03 - P.D. only,07 - SMV other,02 - Rain,01 - Daylight,02 - Wet,10 - No control,,1,0,0,0,,0,,,,,382445.0278,5038743.945,45.48430099,-75.50673996,9989
17--5667,5/29/2017,11:30 AM,FRANK ST @ O'CONNOR ST (0007268),7268,02 - Intersection related,03 - P.D. only,04 - Sideswipe,02 - Rain,01 - Daylight,02 - Wet,02 - Stop sign,00 - Unknown,2,0,0,0,,0,,,,,368052.71,5030697.574,45.41335533,-75.69186511,9990
17--5668,5/29/2017,11:35 PM,HOLLAND AVE btwn ARMSTRONG ST & WELLINGTON ST W (__3ZA4QQ),__3ZA4QQ,01 - Non intersection,03 - P.D. only,06 - SMV unattended vehicle,01 - Clear,07 - Dark,01 - Dry,10 - No control,,1,0,0,0,,0,,,,,364906.5585,5029199.356,45.40015201,-75.73224017,9991
17--5669,5/29/2017,Unknown,KILSPINDIE RIDGE btwn FERGUSLEA LANE & LOCHHOUSE WALK (e___1G34),e___1G34,01 - Non intersection,03 - P.D. only,06 - SMV unattended vehicle,01 - Clear,00 - Unknown,01 - Dry,10 - No control,,1,0,0,0,,0,,,,,366436.783,5012781.496,45.25229333,-75.71473977,9992
17--567,1/13/2017,Unknown,BRUYERE ST @ SUSSEX DR (0007744),7744,02 - Intersection related,03 - P.D. only,06 - SMV unattended vehicle,01 - Clear,00 - Unknown,01 - Dry,01 - Traffic signal,00 - Unknown,1,0,0,0,,0,,,,,367539.0487,5032668.834,45.43113833,-75.6981761,9993
17--5670,5/29/2017,12:44 PM,NEPEAN ST btwn O'CONNOR ST & METCALFE ST (__3ZA9U6),__3ZA9U6,04 - At/near private drive,03 - P.D. only,05 - Turning movement,01 - Clear,01 - Daylight,01 - Dry,10 - No control,,2,0,0,0,,0,,,,,367807.0876,5031279.195,45.41861073,-75.69492858,9994
17--5671,5/29/2017,2:00 PM,BASELINE RD @ WOODROFFE AVE (0002225),2225,02 - Intersection related,03 - P.D. only,04 - Sideswipe,02 - Rain,01 - Daylight,02 - Wet,01 - Traffic signal,01 - Functioning,2,0,0,0,,0,,,,,362550.0247,5023770.505,45.35150219,-75.76297321,9995
17--5672,5/29/2017,2:28 PM,INNES RD btwn STONEHENGE CRES & BLAIR RD (__3ZA3SK),__3ZA3SK,01 - Non intersection,03 - P.D. only,03 - Rear end,02 - Rain,01 - Daylight,02 - Wet,10 - No control,,2,0,0,0,,0,,,,,375502.1463,5031393.401,45.41890301,-75.5966004,9996
17--5673,5/29/2017,2:42 PM,LAURIER AVE   W btwn QUEEN ELIZABETH DRWY/LAURIER AVE WB ON RAMP & QUE (__3ZA351),__3ZA351,01 - Non intersection,03 - P.D. only,05 - Turning movement,02 - Rain,01 - Daylight,02 - Wet,10 - No control,,2,0,0,0,,0,,,,,368116.9201,5031647.265,45.42189453,-75.69092279,9997
17--5674,5/29/2017,2:45 PM,RIVERSIDE DR @ TREMBLAY RD/HWY417 IC117 RAMP52 (0010790),10790,02 - Intersection related,03 - P.D. only,03 - Rear end,02 - Rain,01 - Daylight,02 - Wet,01 - Traffic signal,01 - Functioning,2,0,0,0,,0,,,,,370801.7437,5031015.908,45.41596569,-75.65670377,9998
17--5675,5/29/2017,3:10 AM,BLACKBURN BYPASS WB btwn NAVAN RD & 1700 W OF NAVAN RD (__3ZA3J5B),__3ZA3J5B,01 - Non intersection,03 - P.D. only,07 - SMV other,01 - Clear,07 - Dark,01 - Dry,10 - No control,,1,0,0,0,,0,,,,,379511.0581,5033184.93,45.43460534,-75.54511157,9999
17--5676,5/29/2017,3:24 PM,REGIONAL ROAD 174 btwn OR174 IC112 RAMP26 & OR174 IC112 RAMP61 (__3ZA2XF),__3ZA2XF,01 - Non intersection,03 - P.D. only,03 - Rear end,02 - Rain,01 - Daylight,02 - Wet,10 - No control,,3,0,0,0,,0,,,,,375021.4434,5033012.974,45.43352344,-75.60251094,10000
17--6217,6/13/2017,4:50 PM,HIGHWAY 417 btwn HWY417 IC115 RAMP25 & REGIONAL ROAD 174 (__3ZA2RY),__3ZA2RY,01 - Non intersection,03 - P.D. only,03 - Rear end,01 - Clear,01 - Daylight,01 - Dry,10 - No control,,2,0,0,0,,0,,,,,373049.4331,5031594.915,45.42095969,-75.62790841,10001
17--6218,6/13/2017,5:21 PM,MITCH OWENS RD btwn EMERALD LINKS DR & STAGECOACH RD (__3ZA1DE),__3ZA1DE,01 - Non intersection,03 - P.D. only,03 - Rear end,01 - Clear,01 - Daylight,01 - Dry,10 - No control,,2,0,0,0,,0,,,,,375244.9052,5014387.468,45.2659168,-75.60230849,10002
17--6219,6/13/2017,5:23 PM,INNES RD btwn BLAIR RD & ANDERSON RD (__3ZA3JZ),__3ZA3JZ,01 - Non intersection,03 - P.D. only,03 - Rear end,01 - Clear,01 - Daylight,01 - Dry,10 - No control,,3,0,0,0,,0,,,,,376017.1964,5031695.073,45.42156504,-75.58997655,10003
17--6037,6/8/2017,12:52 AM,ALBION RD btwn DEL ZOTTO AVE & HIGH RD (__3ZBOF9),__3ZBOF9,01 - Non intersection,02 - Non-fatal injury,07 - SMV other,01 - Clear,07 - Dark,01 - Dry,10 - No control,,1,0,0,0,01 - Minimal,1,1,,,,374027.0818,5019165.065,45.30902511,-75.61715893,10004
17--622,1/14/2017,11:45 AM,MERIVALE RD @ SLACK RD (0000110),110,02 - Intersection related,03 - P.D. only,04 - Sideswipe,01 - Clear,01 - Daylight,01 - Dry,01 - Traffic signal,03 - Obscured,2,0,0,0,,0,,,,,366017.9836,5020953.776,45.32586352,-75.71906637,10005
17--6220,6/13/2017,5:30 PM,MARCH RD @ SOLANDT RD (0003172),3172,03 - At intersection,03 - P.D. only,05 - Turning movement,01 - Clear,01 - Daylight,01 - Dry,01 - Traffic signal,01 - Functioning,2,0,0,0,,0,,,,,350491.2807,5022711.171,45.34285945,-75.91696008,10006
17--6221,6/13/2017,5:52 PM,LAURA PRIV @ BLAIR RD (0013074),13074,02 - Intersection related,03 - P.D. only,03 - Rear end,01 - Clear,01 - Daylight,01 - Dry,10 - No control,00 - Unknown,3,0,0,0,,0,,,,,375296.4342,5032132.028,45.42556952,-75.59912287,10007
17--6222,6/13/2017,6:19 PM,JEANNE D'ARC BLVD @ FORTUNE DR/VINEYARD DR (0004393),4393,03 - At intersection,03 - P.D. only,05 - Turning movement,01 - Clear,01 - Daylight,01 - Dry,01 - Traffic signal,01 - Functioning,2,0,0,0,,0,,,,,379239.7319,5037375.598,45.47233883,-75.54794468,10008
17--6223,6/13/2017,6:32 PM,EARL ARMSTRONG RD btwn RIVER RD & SPRATT RD (__3ZAZR4),__3ZAZR4,01 - Non intersection,03 - P.D. only,04 - Sideswipe,01 - Clear,01 - Daylight,01 - Dry,10 - No control,,2,0,0,0,,0,,,,,367963.73,5014744.337,45.26981943,-75.69503864,10009
17--6224,6/13/2017,6:37 PM,HUNT CLUB RD @ RIVERSIDE DR (0002237),2237,03 - At intersection,03 - P.D. only,03 - Rear end,01 - Clear,01 - Daylight,01 - Dry,01 - Traffic signal,01 - Functioning,2,0,0,0,,0,,,,,368037.0375,5021945.499,45.33460785,-75.69318593,10010
17--6225,6/13/2017,7:04 AM,COLONNADE RD    S btwn CONCOURSE GT & COLONNADE RD N (__3ZA0AK),__3ZA0AK,04 - At/near private drive,03 - P.D. only,05 - Turning movement,01 - Clear,01 - Daylight,01 - Dry,10 - No control,,2,0,0,0,,0,,,,,367069.4395,5022922.263,45.34348314,-75.70540697,10011
17--6226,6/13/2017,7:05 AM,DUNNING RD btwn DEVINE RD & RUSSLAND RD (__3ZBO6G),__3ZBO6G,01 - Non intersection,03 - P.D. only,07 - SMV other,01 - Clear,01 - Daylight,01 - Dry,10 - No control,,1,0,0,0,,0,,,,,397537.6828,5024742.849,45.35649645,-75.31634334,10012
17--6227,6/13/2017,7:55 AM,BRONSON AVE btwn POWELL AVE & CLEMOW AVE (__3ZA3OX),__3ZA3OX,01 - Non intersection,03 - P.D. only,04 - Sideswipe,01 - Clear,01 - Daylight,01 - Dry,10 - No control,,2,0,0,0,,0,,,,,367415.2103,5029411.388,45.40183994,-75.70017254,10013
17--6228,6/13/2017,8:00 PM,VANIER PKWY/CRICHTON ST @ BEECHWOOD AVE/ST. PA (0001604),1604,02 - Intersection related,03 - P.D. only,03 - Rear end,01 - Clear,01 - Daylight,01 - Dry,01 - Traffic signal,01 - Functioning,3,0,0,0,,0,,,,,369127.0108,5033487.486,45.43835998,-75.67777658,10014
17--6229,6/13/2017,8:05 PM,TRIM RD @ VALIN ST (0013092),13092,03 - At intersection,03 - P.D. only,02 - Angle,01 - Clear,01 - Daylight,01 - Dry,01 - Traffic signal,01 - Functioning,2,0,0,0,,0,,,,,386438.3485,5037555.892,45.47315653,-75.45586191,10015
17--623,1/14/2017,Unknown,CALVINGTON AVE btwn BRETTONWOOD RIDGE & BRETTONWOOD RIDGE (__8A9OOL),__8A9OOL,01 - Non intersection,03 - P.D. only,06 - SMV unattended vehicle,01 - Clear,00 - Unknown,01 - Dry,10 - No control,,1,0,0,0,,0,,,,,349057.7153,5018370.399,45.30389189,-75.93564003,10016
17--6230,6/13/2017,8:15 PM,MARCH RD @ TERRY FOX DR (0003173),3173,02 - Intersection related,03 - P.D. only,03 - Rear end,01 - Clear,05 - Dusk,01 - Dry,01 - Traffic signal,00 - Unknown,2,0,0,0,,0,,,,,349866.2808,5023399.509,45.3490937,-75.92487222,10017
17--6231,6/13/2017,8:20 PM,CAMBRIAN RD/GOLFLINKS DR W @ LONGFIELDS DR (0009702),9702,03 - At intersection,03 - P.D. only,04 - Sideswipe,01 - Clear,01 - Daylight,01 - Dry,11 - Roundabout,01 - Functioning,2,0,0,0,,0,,,,,365382.3565,5013223.898,45.25636564,-75.72811814,10018
17--6232,6/13/2017,8:33 AM,BANK ST @ GLADSTONE AVE (0002253),2253,02 - Intersection related,03 - P.D. only,03 - Rear end,01 - Clear,01 - Daylight,01 - Dry,01 - Traffic signal,01 - Functioning,2,0,0,0,,0,,,,,367917.0409,5030562.571,45.41215287,-75.69361557,10019
17--6233,6/13/2017,8:40 AM,INNES RD btwn BLAIR RD & ANDERSON RD (__3ZA3JZ),__3ZA3JZ,01 - Non intersection,03 - P.D. only,04 - Sideswipe,01 - Clear,01 - Daylight,01 - Dry,10 - No control,,2,0,0,0,,0,,,,,376192.1602,5031793.868,45.42243611,-75.58772681,10020
17--6234,6/13/2017,8:46 PM,NICHOLAS ST/NICHOLAS ST SB @ SB RAMP FROM WALL (0008232),8232,03 - At intersection,03 - P.D. only,02 - Angle,01 - Clear,05 - Dusk,01 - Dry,01 - Traffic signal,01 - Functioning,2,0,0,0,,0,,,,,368319.9961,5031893.082,45.42408789,-75.68829641,10021
17--6235,6/13/2017,8:55 AM,BLAIR RD @ INNES RD (0004165),4165,02 - Intersection related,02 - Non-fatal injury,03 - Rear end,01 - Clear,01 - Daylight,01 - Dry,01 - Traffic signal,01 - Functioning,2,0,0,0,01 - Minimal,1,1,,,,375579.7382,5031441.562,45.41932849,-75.59560217,10022
17--6236,6/13/2017,8:58 PM,GILCHRIST ST @ SPENCER ST (0006111),6111,03 - At intersection,03 - P.D. only,02 - Angle,01 - Clear,05 - Dusk,01 - Dry,02 - Stop sign,01 - Functioning,2,0,0,0,,0,,,,,364350.6994,5029160.555,45.39985039,-75.73934439,10023
17--6237,6/13/2017,9:15 AM,AIRPORT PKWY @ HUNT CLUB RD (0010856),10856,02 - Intersection related,03 - P.D. only,03 - Rear end,01 - Clear,01 - Daylight,01 - Dry,01 - Traffic signal,00 - Unknown,2,0,0,0,,0,,,,,371019.5313,5023703.667,45.35015221,-75.65490231,10024
17--6238,6/13/2017,9:51 PM,SUSSEX DR @ YORK ST (0011350),11350,03 - At intersection,02 - Non-fatal injury,05 - Turning movement,01 - Clear,07 - Dark,01 - Dry,01 - Traffic signal,01 - Functioning,2,1,0,0,02 - Minor,1,,1,,,367804.8383,5032236.262,45.4272223,-75.69483491,10025
17--6239,6/14/2017,1:05 PM,LENESTER AVE @ MAITLAND AVE (0010867),10867,03 - At intersection,02 - Non-fatal injury,03 - Rear end,01 - Clear,01 - Daylight,01 - Dry,02 - Stop sign,01 - Functioning,2,0,0,0,01 - Minimal,1,1,,,,363078.9504,5026145.601,45.37282929,-75.75594335,10026