Anom_ID,Accident_Date,Accident_Time,Location,Geo_ID,Accident_Location,Classification_of_Accident,Initial_Impact_Type,Environment_Condition,Light,Road_Surface_Condition,Traffic_Control,Traffic_Control_Condition,No__of_Vehicles,No__of_Bicycles,No__of_Motorcycles,No__of_Pedestrians,Max_Injury,No__of_Injuries,No__of_Minimal,No__of_Minor,No__of_Major,No__of_Fatal,X,Y,Latitude,Longitude,ObjectId
17--624,1/14/2017,Unknown,BARRICK HILL RD btwn MOORPARK AVE & OAKGLADE AVE (__7IFXOV),__7IFXOV,01 - Non intersection,03 - P.D. only,06 - SMV unattended vehicle,01 - Clear,00 - Unknown,05 - Packed snow,10 - No control,,1,0,0,0,,0,,,,,354326.936,5016049.009,45.28265177,-75.86868433,10027
17--6240,6/14/2017,1:05 PM,DONALD ST @ ST. LAURENT BLVD (0008630),8630,02 - Intersection related,03 - P.D. only,03 - Rear end,01 - Clear,01 - Daylight,01 - Dry,01 - Traffic signal,01 - Functioning,2,0,0,0,,0,,,,,372094.0474,5032471.916,45.42894309,-75.63999513,10028
17--6241,6/14/2017,1:35 PM,CARLING AVE btwn ULLSWATER DR & SUNNY BRAE AVE (__3ZA4ZB),__3ZA4ZB,04 - At/near private drive,03 - P.D. only,03 - Rear end,01 - Clear,01 - Daylight,01 - Dry,10 - No control,,2,0,0,0,,0,,,,,356859.6197,5023819.178,45.35238567,-75.83558593,10029
17--6242,6/14/2017,1:58 PM,BLAIR RD @ REGIONAL RD 174 N/OR174 IC112 RAMP61 (0003617),3617,02 - Intersection related,03 - P.D. only,03 - Rear end,01 - Clear,01 - Daylight,01 - Dry,01 - Traffic signal,01 - Functioning,2,0,0,0,,0,,,,,374635.0658,5032991.575,45.4333696,-75.6074516,10030
17--6243,6/14/2017,10:00 PM,MCARTHUR AVE @ VANIER PKWY (0004626),4626,02 - Intersection related,02 - Non-fatal injury,03 - Rear end,01 - Clear,07 - Dark,01 - Dry,01 - Traffic signal,01 - Functioning,2,0,0,0,01 - Minimal,2,2,,,,370219.7083,5032691.255,45.43109444,-75.66391708,10031
17--6244,6/14/2017,10:03 AM,LAPERRIERE AVE btwn CAVAN ST & KIRKWOOD AVE (__3ZA0P6),__3ZA0P6,04 - At/near private drive,03 - P.D. only,05 - Turning movement,01 - Clear,01 - Daylight,01 - Dry,10 - No control,,2,0,0,0,,0,,,,,364491.112,5026941.06,45.37986784,-75.73781949,10032
17--6245,6/14/2017,10:10 PM,HIGHWAY 417 btwn HWY417 IC119B RAMP76 & HWY417 IC119A RAMP67 (__3ZA2YT),__3ZA2YT,01 - Non intersection,02 - Non-fatal injury,03 - Rear end,01 - Clear,07 - Dark,01 - Dry,10 - No control,,2,0,0,0,01 - Minimal,1,1,,,,368236.199,5030323.123,45.40996953,-75.68956923,10033
17--6246,6/14/2017,10:16 AM,BARLYN AVE @ HILLIARD AVE (0001347),1347,02 - Intersection related,03 - P.D. only,02 - Angle,01 - Clear,01 - Daylight,01 - Dry,03 - Yield sign,01 - Functioning,2,0,0,0,,0,,,,,365920.3696,5025274.189,45.36474643,-75.71977761,10034
17--6247,6/14/2017,10:25 AM,BASELINE RD @ NAVAHO DR (0003158),3158,03 - At intersection,03 - P.D. only,03 - Rear end,01 - Clear,01 - Daylight,01 - Dry,01 - Traffic signal,01 - Functioning,2,0,0,0,,0,,,,,363086.694,5024098.175,45.35440613,-75.75608599,10035
17--6248,6/14/2017,10:46 PM,CAMBRIDGE ST    N btwn LAURIER AVE W & PRIMROSE AVE (__3ZA150),__3ZA150,01 - Non intersection,03 - P.D. only,06 - SMV unattended vehicle,01 - Clear,07 - Dark,01 - Dry,10 - No control,,1,0,0,0,,0,,,,,366771.989,5030736.852,45.41382333,-75.70822144,10036
17--6249,6/14/2017,11:16 AM,BAY ST @ SPARKS ST (0005128),5128,03 - At intersection,02 - Non-fatal injury,02 - Angle,01 - Clear,01 - Daylight,01 - Dry,01 - Traffic signal,01 - Functioning,2,0,0,0,02 - Minor,3,,3,,,366857.033,5031278.252,45.41868715,-75.70706681,10037
17--625,1/14/2017,12:04 PM,TYRRELL PL @ MOODIE DR (0010386),10386,03 - At intersection,03 - P.D. only,05 - Turning movement,01 - Clear,01 - Daylight,01 - Dry,01 - Traffic signal,00 - Unknown,2,0,0,0,,0,,,,,357328.1446,5019855.15,45.31668209,-75.83002749,10038
17--6250,6/14/2017,11:28 AM,HAWTHORNE RD @ HUNT CLUB RD (0007651),7651,02 - Intersection related,03 - P.D. only,02 - Angle,01 - Clear,01 - Daylight,01 - Dry,01 - Traffic signal,01 - Functioning,2,0,0,0,,0,,,,,375506.8451,5026407.056,45.374038,-75.59725507,10039
17--6251,6/14/2017,11:38 AM,DONNELLY DR btwn HARNETT RD & MALAKOFF RD (__3ZA4KC),__3ZA4KC,01 - Non intersection,03 - P.D. only,07 - SMV other,01 - Clear,01 - Daylight,01 - Dry,10 - No control,,1,0,0,0,,0,,,,,367802.241,4989567.803,45.04329302,-75.7002717,10040
17--6252,6/14/2017,Unknown,KENT ST btwn JAMES ST & FLORENCE ST (__3ZA3QI),__3ZA3QI,01 - Non intersection,03 - P.D. only,06 - SMV unattended vehicle,01 - Clear,00 - Unknown,01 - Dry,10 - No control,,1,0,0,0,,0,,,,,367690.9167,5030545.592,45.41202045,-75.69650642,10041
17--6253,6/14/2017,12:45 PM,HAWTHORNE RD @ STEVENAGE DR (0008802),8802,03 - At intersection,03 - P.D. only,05 - Turning movement,01 - Clear,01 - Daylight,01 - Dry,01 - Traffic signal,01 - Functioning,2,0,0,0,,0,,,,,375139.288,5027313.537,45.38223107,-75.60181812,10042
17--6254,6/14/2017,2:20 PM,BREWER RD @ BRONSON AVE (0002240),2240,03 - At intersection,02 - Non-fatal injury,05 - Turning movement,01 - Clear,01 - Daylight,01 - Dry,01 - Traffic signal,01 - Functioning,2,0,0,0,02 - Minor,1,,1,,,368109.3816,5027766.436,45.38697672,-75.69151737,10043
17--6255,6/14/2017,2:28 PM,NETLEY CIRC btwn FINDLAY CREEK DR & FINDLAY CREEK DR (__55M7Q4),__55M7Q4,01 - Non intersection,03 - P.D. only,06 - SMV unattended vehicle,01 - Clear,01 - Daylight,01 - Dry,10 - No control,,1,0,0,0,,0,,,,,375368.0861,5019847.197,45.31502921,-75.59996228,10044
17--6256,6/14/2017,2:39 PM,GOULBOURN FORCED RD btwn KANATA ROCKERIES PRIV & KANATA AVE (__3ZA2H6),__3ZA2H6,01 - Non intersection,03 - P.D. only,04 - Sideswipe,01 - Clear,01 - Daylight,01 - Dry,10 - No control,,2,0,0,0,,0,,,,,349693.3665,5020481.837,45.32285087,-75.92734349,10045
17--6257,6/14/2017,3:34 PM,ST. JOSEPH BLVD @ JEANNE D'ARC BLVD (0012421),12421,03 - At intersection,02 - Non-fatal injury,04 - Sideswipe,01 - Clear,01 - Daylight,01 - Dry,11 - Roundabout,01 - Functioning,2,0,0,0,01 - Minimal,1,1,,,,379860.4081,5036470.912,45.46413273,-75.54014576,10046
17--6258,6/14/2017,3:55 PM,HIGHWAY 7 btwn OVERPASS RD & RAMP (__7JQ7LY),__7JQ7LY,01 - Non intersection,03 - P.D. only,07 - SMV other,01 - Clear,01 - Daylight,01 - Dry,10 - No control,,1,0,0,0,,0,,,,,340527.208,5005861.806,45.19181839,-76.04531333,10047
17--6259,6/14/2017,3:58 PM,RICHMOND RD @ HOLLY ACRES RD/NANAIMO DR (0001068),1068,02 - Intersection related,03 - P.D. only,03 - Rear end,01 - Clear,01 - Daylight,01 - Dry,01 - Traffic signal,01 - Functioning,2,0,0,0,,0,,,,,359058.3372,5022746.489,45.34256692,-75.80764436,10048
17--626,1/14/2017,12:26 PM,BANK ST @ ERIE AVE (0006828),6828,02 - Intersection related,03 - P.D. only,03 - Rear end,01 - Clear,01 - Daylight,01 - Dry,01 - Traffic signal,01 - Functioning,2,0,0,0,,0,,,,,370133.9701,5026480.652,45.37522174,-75.66583555,10049
17--6260,6/14/2017,4:30 PM,MANOTICK MAIN ST btwn BANKFIELD RD & HIGHCROFT DR (__3ZBPHW),__3ZBPHW,01 - Non intersection,02 - Non-fatal injury,03 - Rear end,01 - Clear,01 - Daylight,01 - Dry,10 - No control,,2,0,0,0,03 - Major,3,1,1,1,,368463.3862,5010117.676,45.22814401,-75.68926413,10050
17--6261,6/14/2017,4:32 PM,CONROY RD @ BRADDISH ST (0009361),9361,02 - Intersection related,02 - Non-fatal injury,05 - Turning movement,01 - Clear,01 - Daylight,01 - Dry,02 - Stop sign,00 - Unknown,2,0,1,0,02 - Minor,1,,1,,,374990.2013,5022515.066,45.33907153,-75.60440308,10051
17--6262,6/14/2017,4:45 PM,HUNT CLUB RD @ LORRY GREENBERG DR/SABLE RIDGE  (0008203),8203,02 - Intersection related,03 - P.D. only,03 - Rear end,01 - Clear,01 - Daylight,01 - Dry,01 - Traffic signal,01 - Functioning,2,0,0,0,,0,,,,,372824.0732,5024807.505,45.35991143,-75.63172337,10052
17--6263,6/14/2017,4:46 PM,ALTA VISTA DR @ SMYTH RD (0011353),11353,02 - Intersection related,03 - P.D. only,03 - Rear end,01 - Clear,01 - Daylight,01 - Dry,01 - Traffic signal,01 - Functioning,2,0,0,0,,0,,,,,370431.7126,5029082.226,45.39860197,-75.66168852,10053
17--6264,6/14/2017,4:47 PM,COLONNADE RD @ MERIVALE RD (0004569),4569,02 - Intersection related,03 - P.D. only,03 - Rear end,01 - Clear,01 - Daylight,01 - Dry,01 - Traffic signal,01 - Functioning,2,0,0,0,,0,,,,,365364.0295,5022543.828,45.34022735,-75.72721327,10054
17--6265,6/14/2017,4:54 PM,MEADOWLANDS DR btwn PRINCE OF WALES DR & DEBRA AVE (__3ZA3GTB),__3ZA3GTB,01 - Non intersection,03 - P.D. only,03 - Rear end,01 - Clear,01 - Daylight,01 - Dry,10 - No control,,2,0,0,0,,0,,,,,367327.4373,5025665.383,45.3681422,-75.70176814,10055
17--6266,6/14/2017,5:14 PM,BANK ST btwn BLAIS RD & RIDEAU RD (__3ZA29L),__3ZA29L,04 - At/near private drive,03 - P.D. only,05 - Turning movement,01 - Clear,01 - Daylight,01 - Dry,10 - No control,,2,0,0,0,,0,,,,,376910.2709,5017948.152,45.29778572,-75.58057179,10056
17--6267,6/14/2017,5:15 PM,NICHOLAS ST NB btwn HWY417 IC118 RAMP52 & WALLER ST/TRANSITWAY (__6KCFNL),__6KCFNL,01 - Non intersection,03 - P.D. only,04 - Sideswipe,01 - Clear,01 - Daylight,01 - Dry,10 - No control,,2,0,0,0,,0,,,,,369022.4926,5031337.93,45.4190287,-75.6793927,10057
17--6268,6/14/2017,5:21 PM,HUNT CLUB RD @ LORRY GREENBERG DR/SABLE RIDGE  (0008203),8203,02 - Intersection related,03 - P.D. only,03 - Rear end,01 - Clear,01 - Daylight,01 - Dry,01 - Traffic signal,01 - Functioning,3,0,0,0,,0,,,,,372823.4043,5024807.505,45.35991149,-75.63173191,10058
17--6269,6/14/2017,5:30 PM,"MCARTHUR AVE @ EGLISE, RUE DE L/MOORVALE ST (0007763)",7763,03 - At intersection,03 - P.D. only,05 - Turning movement,01 - Clear,01 - Daylight,01 - Dry,01 - Traffic signal,01 - Functioning,2,0,0,0,,0,,,,,371444.7134,5032825.248,45.43218439,-75.64824475,10059
17--627,1/14/2017,12:33 PM,SECOND LINE RD btwn THOMAS A. DOLAN PKWY & MURPHY SIDE RD (__3ZBNBL),__3ZBNBL,01 - Non intersection,03 - P.D. only,07 - SMV other,01 - Clear,01 - Daylight,01 - Dry,10 - No control,,1,0,0,0,,0,,,,,341212.6476,5030363.408,45.41225982,-76.03479062,10060
17--6270,6/14/2017,5:45 PM,BRONSON AVE @ SUNNYSIDE AVE/UNIVERSITY RD - CA (0007209),7209,02 - Intersection related,02 - Non-fatal injury,04 - Sideswipe,01 - Clear,01 - Daylight,01 - Dry,01 - Traffic signal,01 - Functioning,2,1,0,0,02 - Minor,1,,1,,,367922.8358,5028091.113,45.38991491,-75.69385786,10061
17--6271,6/14/2017,5:52 PM,FISHER AVE btwn TRENT ST & 220 S OF TRENT ST (__3ZA30SA),__3ZA30SA,01 - Non intersection,03 - P.D. only,03 - Rear end,01 - Clear,01 - Daylight,01 - Dry,10 - No control,,3,0,0,0,,0,,,,,365823.029,5026838.484,45.37883013,-75.72082683,10062
17--6272,6/14/2017,6:12 PM,MONTREAL RD @ VANIER PKWY (0004630),4630,03 - At intersection,02 - Non-fatal injury,02 - Angle,01 - Clear,01 - Daylight,01 - Dry,01 - Traffic signal,01 - Functioning,2,0,0,0,02 - Minor,1,,1,,,370073.0443,5033065.592,45.43447628,-75.66574166,10063
17--6273,6/14/2017,6:17 PM,ProposedCANYON WALK DR @ EARL ARMSTRONG RD (0013180),13180,03 - At intersection,02 - Non-fatal injury,05 - Turning movement,01 - Clear,01 - Daylight,01 - Dry,01 - Traffic signal,01 - Functioning,2,0,0,0,02 - Minor,3,,3,,,369402.9182,5015627.916,45.27763902,-75.67658447,10064
17--6274,6/14/2017,6:47 PM,MARCH RD @ TERRY FOX DR (0003173),3173,02 - Intersection related,02 - Non-fatal injury,03 - Rear end,01 - Clear,01 - Daylight,01 - Dry,01 - Traffic signal,01 - Functioning,2,0,0,0,01 - Minimal,1,1,,,,349863.6053,5023400.178,45.34909989,-75.9249063,10065
17--6275,6/14/2017,7:30 PM,LAURIE CRT @ SHELDRAKE DR (0004034),4034,03 - At intersection,02 - Non-fatal injury,07 - SMV other,01 - Clear,01 - Daylight,01 - Dry,03 - Yield sign,01 - Functioning,1,0,0,1,02 - Minor,1,,1,,,353220.9531,5016504.443,45.28682693,-75.88273692,10066
17--6276,6/14/2017,8:04 PM,TRIM RD btwn SALZBURG DR & MILLENNIUM BLVD (__5VIR2R),__5VIR2R,01 - Non intersection,02 - Non-fatal injury,03 - Rear end,01 - Clear,01 - Daylight,01 - Dry,10 - No control,,2,0,1,0,03 - Major,1,,,1,,386715.9666,5036924.081,45.46743963,-75.45241715,10067
17--6277,6/14/2017,8:30 AM,LAURIER AVE @ PERCY ST (0005125),5125,03 - At intersection,02 - Non-fatal injury,05 - Turning movement,01 - Clear,01 - Daylight,01 - Dry,10 - No control,00 - Unknown,2,1,0,0,01 - Minimal,1,1,,,,366902.6941,5030920.244,45.41546185,-75.70652855,10068
17--6278,6/14/2017,8:30 PM,HWY 416 ROGERSTE IC49R42 @ ROGER STEVENS DR (0012566),12566,02 - Intersection related,03 - P.D. only,07 - SMV other,01 - Clear,05 - Dusk,01 - Dry,10 - No control,,1,0,0,0,,0,,,,,369375.3913,5001080.256,45.14674225,-75.67882131,10069
17--6279,6/14/2017,8:39 PM,QUEENSLINE DR btwn NANAIMO DR & ESQUIMAULT AVE (__3ZABH3),__3ZABH3,01 - Non intersection,03 - P.D. only,07 - SMV other,01 - Clear,05 - Dusk,01 - Dry,10 - No control,,1,0,0,0,,0,,,,,359649.6137,5022632.945,45.34149927,-75.80011261,10070
17--628,1/14/2017,2:01 PM,BRONSON AVE @ COMMISSIONER ST/SLATER ST (0001679),1679,03 - At intersection,03 - P.D. only,05 - Turning movement,01 - Clear,01 - Daylight,01 - Dry,01 - Traffic signal,01 - Functioning,2,0,0,0,,0,,,,,366769.7832,5030947.915,45.41572261,-75.70822308,10071
17--6280,6/14/2017,8:44 PM,HIGHWAY 417 btwn HWY417 IC129 RAMP25 & TRANSIT (__3ZA2SH),__3ZA2SH,01 - Non intersection,03 - P.D. only,04 - Sideswipe,01 - Clear,05 - Dusk,01 - Dry,10 - No control,,3,0,0,0,,0,,,,,361591.2458,5024413.668,45.35736763,-75.77513462,10072
17--6281,6/14/2017,9:13 PM,HIGHWAY 417 btwn HIGHWAY 417 & HWY417 IC129 RAMP51 (__3ZA290),__3ZA290,01 - Non intersection,03 - P.D. only,03 - Rear end,01 - Clear,05 - Dusk,01 - Dry,10 - No control,,2,0,0,0,,0,,,,,359892.2823,5023156.075,45.34618738,-75.79695811,10073
17--6282,6/14/2017,9:35 PM,KIRKWOOD AVE @ RICHMOND RD (0002080),2080,02 - Intersection related,03 - P.D. only,03 - Rear end,01 - Clear,07 - Dark,01 - Dry,01 - Traffic signal,01 - Functioning,2,0,0,0,,0,,,,,363779.0242,5028642.893,45.39524095,-75.74670779,10074
17--6283,6/14/2017,9:50 AM,CAMPEAU DR @ HUNTMAR DR (0011612),11612,03 - At intersection,03 - P.D. only,04 - Sideswipe,01 - Clear,01 - Daylight,01 - Dry,11 - Roundabout,01 - Functioning,2,0,0,0,,0,,,,,349053.6082,5018056.464,45.30106727,-75.93572042,10075
17--6284,6/15/2017,10:13 AM,BANK ST @ DAVIDSON RD/LESTER RD (0008797),8797,03 - At intersection,03 - P.D. only,05 - Turning movement,01 - Clear,01 - Daylight,01 - Dry,01 - Traffic signal,01 - Functioning,2,0,0,0,,0,,,,,373673.7414,5022922.844,45.34287103,-75.62114177,10076
17--6285,6/15/2017,10:30 AM,CYRVILLE RD @ ST. LAURENT BLVD (0002647),2647,02 - Intersection related,03 - P.D. only,99 - Other,01 - Clear,01 - Daylight,01 - Dry,01 - Traffic signal,01 - Functioning,2,0,0,0,,0,,,,,372242.0553,5032112.249,45.42569272,-75.63815308,10077
17--6286,6/15/2017,10:30 PM,DALHOUSIE ST @ MURRAY ST (0008241),8241,03 - At intersection,02 - Non-fatal injury,07 - SMV other,02 - Rain,07 - Dark,02 - Wet,01 - Traffic signal,01 - Functioning,1,0,0,1,01 - Minimal,1,1,,,,367999.1706,5032574.614,45.43024914,-75.69230828,10078
17--6287,6/15/2017,11:04 PM,ALBION RD @ MITCH OWENS RD (0004212),4212,02 - Intersection related,03 - P.D. only,04 - Sideswipe,02 - Rain,07 - Dark,02 - Wet,01 - Traffic signal,01 - Functioning,2,0,0,0,,0,,,,,375907.656,5014805.126,45.26960806,-75.5938042,10079
17--6288,6/15/2017,11:10 AM,ALTA VISTA DR @ RANDALL AVE (0008072),8072,02 - Intersection related,02 - Non-fatal injury,03 - Rear end,01 - Clear,01 - Daylight,01 - Dry,01 - Traffic signal,01 - Functioning,2,0,0,0,02 - Minor,1,,1,,,370407.7183,5027366.542,45.3831671,-75.66222307,10080
17--6289,6/15/2017,11:15 AM,BOISFRANC CIRC btwn CAPREOL ST & CANDLEWOOD ST (__45I7AP),__45I7AP,04 - At/near private drive,03 - P.D. only,02 - Angle,01 - Clear,01 - Daylight,01 - Dry,10 - No control,,2,0,0,0,,0,,,,,385371.8507,5035548.217,45.45521727,-75.46982905,10081
17--629,1/14/2017,2:17 PM,BANK ST @ WALKLEY RD (0011423),11423,02 - Intersection related,02 - Non-fatal injury,03 - Rear end,01 - Clear,01 - Daylight,01 - Dry,01 - Traffic signal,01 - Functioning,2,0,0,0,01 - Minimal,1,1,,,,370336.9936,5025946.018,45.37039232,-75.66331462,10082
17--6290,6/15/2017,11:24 PM,MCARTHUR AVE @ VANIER PKWY (0004626),4626,03 - At intersection,03 - P.D. only,05 - Turning movement,01 - Clear,07 - Dark,01 - Dry,01 - Traffic signal,01 - Functioning,2,0,0,0,,0,,,,,370218.3706,5032691.255,45.43109457,-75.66393417,10083
17--6291,6/15/2017,11:26 PM,HARVEST VALLEY AVE/SWEETVALLEY DR @ TENTH LINE RD (0013489),13489,02 - Intersection related,03 - P.D. only,03 - Rear end,02 - Rain,07 - Dark,02 - Wet,02 - Stop sign,01 - Functioning,2,0,0,0,,0,,,,,384697.1996,5034388.902,45.44486428,-75.47864187,10084
17--6292,6/15/2017,11:58 AM,ROBERTSON RD btwn FITZGERALD RD & MOODIE DR (__3ZA411),__3ZA411,04 - At/near private drive,02 - Non-fatal injury,05 - Turning movement,01 - Clear,01 - Daylight,01 - Dry,10 - No control,,2,0,0,0,02 - Minor,2,,2,,,357002.1036,5020420.027,45.32178923,-75.83412618,10085
17--6293,6/15/2017,12:16 PM,LEITRIM RD btwn LIMEBANK RD & HIGH RD (__3ZBOEL),__3ZBOEL,01 - Non intersection,03 - P.D. only,07 - SMV other,01 - Clear,01 - Daylight,01 - Dry,10 - No control,,1,0,0,0,,0,,,,,369727.3156,5018099.22,45.29984551,-75.67212677,10086
17--6294,6/15/2017,12:45 AM,DUNROBIN RD btwn DUNROBIN RD & MURPHY SIDE RD (__3ZA3EB),__3ZA3EB,01 - Non intersection,03 - P.D. only,07 - SMV other,01 - Clear,07 - Dark,01 - Dry,10 - No control,,1,0,0,0,,0,,,,,342875.4844,5030842.467,45.41648202,-76.0135099,10087
17--6295,6/15/2017,2:53 PM,HAIG DR btwn RAGLAN AVE & SMYTH RD (__3ZA78P),__3ZA78P,01 - Non intersection,03 - P.D. only,06 - SMV unattended vehicle,01 - Clear,01 - Daylight,01 - Dry,10 - No control,,1,0,0,0,,0,,,,,372556.7293,5029372.182,45.40100844,-75.63450899,10088
17--6296,6/15/2017,3:45 PM,OGILVIE RD btwn CUMMINGS AVE & BEAULIEU PL (__54PO0D),__54PO0D,01 - Non intersection,03 - P.D. only,04 - Sideswipe,01 - Clear,01 - Daylight,01 - Dry,10 - No control,,2,0,0,0,,0,,,,,372821.105,5032208.207,45.42650004,-75.63074097,10089
17--6297,6/15/2017,3:50 PM,FALLOWFIELD RD btwn ORR ST & GREENBANK RD (__3ZA3HG),__3ZA3HG,01 - Non intersection,03 - P.D. only,04 - Sideswipe,01 - Clear,01 - Daylight,01 - Dry,10 - No control,,2,0,0,0,,0,,,,,363021.4784,5016682.957,45.28768971,-75.75778998,10090
17--6298,6/15/2017,4:00 PM,HIGHWAY 417 btwn HWY417 IC122 RAMP61 & HWY417 IC121B RAMP16 (__3ZA2Y4),__3ZA2Y4,01 - Non intersection,03 - P.D. only,03 - Rear end,01 - Clear,01 - Daylight,01 - Dry,10 - No control,,2,0,0,0,,0,,,,,365770.1715,5029185.306,45.39995092,-75.72121173,10091
17--6299,6/15/2017,4:11 PM,BASELINE RD/HERON RD @ PRINCE OF WALES DR (0002345),2345,02 - Intersection related,03 - P.D. only,04 - Sideswipe,01 - Clear,01 - Daylight,01 - Dry,01 - Traffic signal,00 - Unknown,2,0,0,0,,0,,,,,366873.2282,5026438.804,45.37514165,-75.70746887,10092
17--63,1/3/2017,2:34 PM,HIGHWAY 417 btwn HWY417 IC144 RAMP25 & HWY417 IC142 RAMP51 (__3ZA20J),__3ZA20J,01 - Non intersection,03 - P.D. only,07 - SMV other,04 - Freezing Rain,01 - Daylight,04 - Slush,10 - No control,,1,0,0,0,,0,,,,,348295.8244,5016598.816,45.28799818,-75.94551033,10093
17--630,1/14/2017,3:20 PM,MERIVALE RD @ VISCOUNT AVE (0006230),6230,02 - Intersection related,03 - P.D. only,04 - Sideswipe,01 - Clear,01 - Daylight,01 - Dry,02 - Stop sign,00 - Unknown,2,0,0,0,,0,,,,,364942.375,5027679.239,45.38647124,-75.73196802,10094
17--6300,6/15/2017,4:36 PM,FALLOWFIELD RD @ MOODIE DR (0010412),10412,02 - Intersection related,03 - P.D. only,03 - Rear end,01 - Clear,01 - Daylight,01 - Dry,01 - Traffic signal,01 - Functioning,2,0,0,0,,0,,,,,359501.9904,5014636.413,45.2695574,-75.80287867,10095
17--6301,6/15/2017,4:39 PM,INNES RD btwn BANTREE ST & STAR TOP RD (__3ZA2XP),__3ZA2XP,01 - Non intersection,03 - P.D. only,03 - Rear end,01 - Clear,01 - Daylight,01 - Dry,10 - No control,,2,0,0,0,,0,,,,,373829.8035,5030478.796,45.41084085,-75.61809436,10096
17--6302,6/15/2017,4:54 PM,MAITLAND AVE btwn LENESTER AVE & HWY417 IC126 RAMP36 (__3ZA3G3),__3ZA3G3,01 - Non intersection,03 - P.D. only,03 - Rear end,01 - Clear,01 - Daylight,01 - Dry,10 - No control,,2,0,0,0,,0,,,,,363088.4343,5026121.055,45.37260764,-75.75582517,10097
17--6303,6/15/2017,5:00 PM,COLONIAL RD/SMITH RD @ TRIM RD (0004204),4204,02 - Intersection related,03 - P.D. only,03 - Rear end,01 - Clear,01 - Daylight,01 - Dry,02 - Stop sign,01 - Functioning,2,0,0,0,,0,,,,,388795.7971,5031789.84,45.42100016,-75.42670025,10098
17--6304,6/15/2017,5:36 AM,HIGHWAY 417 btwn HWY417 IC140 RAMP61 & HWY417 IC139 RAMP61 (__4BCL0Z),__4BCL0Z,01 - Non intersection,02 - Non-fatal injury,99 - Other,01 - Clear,03 - Dawn,01 - Dry,10 - No control,,2,0,0,0,02 - Minor,1,,1,,,351519.1555,5019096.3,45.31026433,-75.90418577,10099
17--6305,6/15/2017,5:40 PM,EAGLESON RD @ HWY 417 EAGLESO IC138R51/PARK AN (0009698),9698,03 - At intersection,03 - P.D. only,05 - Turning movement,01 - Clear,01 - Daylight,01 - Dry,01 - Traffic signal,01 - Functioning,2,0,0,0,,0,,,,,353038.1844,5020014.457,45.31842341,-75.88472515,10100
17--6306,6/15/2017,5:41 PM,HIGHCROFT DR @ MANOTICK MAIN ST (0008830),8830,03 - At intersection,02 - Non-fatal injury,02 - Angle,01 - Clear,01 - Daylight,01 - Dry,02 - Stop sign,01 - Functioning,2,0,0,0,02 - Minor,2,,2,,,368615.7072,5009988.394,45.22696695,-75.68734113,10101
17--6848,6/30/2017,4:07 PM,LONGFIELDS DR @ WOODROFFE AVE (0000096),96,02 - Intersection related,02 - Non-fatal injury,03 - Rear end,02 - Rain,01 - Daylight,02 - Wet,01 - Traffic signal,01 - Functioning,2,0,0,0,01 - Minimal,1,1,,,,365420.8355,5017107.614,45.2913079,-75.72715372,10102
17--6038,6/8/2017,12:55 PM,BYRON AVE @ HOLLAND AVE (0005636),5636,03 - At intersection,03 - P.D. only,07 - SMV other,01 - Clear,01 - Daylight,01 - Dry,02 - Stop sign,01 - Functioning,1,0,0,0,,0,,,,,365015.0348,5028959.893,45.39798805,-75.73088393,10103
17--6849,6/30/2017,4:15 PM,HWY417 IC124 RAMP55 btwn CARLING AVE EB & HIGHWAY 417 (__3ZAYA6),__3ZAYA6,01 - Non intersection,03 - P.D. only,03 - Rear end,02 - Rain,01 - Daylight,02 - Wet,10 - No control,,2,0,0,0,,0,,,,,364426.5919,5027466.268,45.38459906,-75.73857982,10104
17--6039,6/8/2017,2:15 AM,BANKFIELD RD btwn KILREEN LANE & PRINCE OF WALES DR (__3ZA4KO),__3ZA4KO,01 - Non intersection,03 - P.D. only,07 - SMV other,01 - Clear,07 - Dark,01 - Dry,10 - No control,,1,0,0,0,,0,,,,,366268.3187,5008914.517,45.21751294,-75.71736361,10105
17--604,1/13/2017,6:40 PM,STONEHAVEN DR btwn RICHMOND RD & SAWYER WAY/SUMMITVIEW DR (__3ZA5XW),__3ZA5XW,01 - Non intersection,03 - P.D. only,04 - Sideswipe,01 - Clear,07 - Dark,01 - Dry,10 - No control,,2,0,0,0,,0,,,,,356661.8658,5015863.504,45.28081418,-75.8389425,10106
17--685,1/16/2017,4:38 PM,VICTORIA ST btwn CARTWRIGHT RD & BOUNDARY RD (__3ZA3XB),__3ZA3XB,01 - Non intersection,02 - Non-fatal injury,07 - SMV other,01 - Clear,05 - Dusk,01 - Dry,10 - No control,,1,0,0,0,01 - Minimal,1,1,,,,390558.4948,5013866.442,45.2595287,-75.40728718,10107
17--6040,6/8/2017,2:41 PM,KENT ST @ LISGAR ST (0007733),7733,03 - At intersection,02 - Non-fatal injury,07 - SMV other,01 - Clear,01 - Daylight,01 - Dry,02 - Stop sign,00 - Unknown,1,0,0,1,03 - Major,1,,,1,,367437.1923,5030964.588,45.41581321,-75.69969443,10108