Anom_ID,Accident_Date,Accident_Time,Location,Geo_ID,Accident_Location,Classification_of_Accident,Initial_Impact_Type,Environment_Condition,Light,Road_Surface_Condition,Traffic_Control,Traffic_Control_Condition,No__of_Vehicles,No__of_Bicycles,No__of_Motorcycles,No__of_Pedestrians,Max_Injury,No__of_Injuries,No__of_Minimal,No__of_Minor,No__of_Major,No__of_Fatal,X,Y,Latitude,Longitude,ObjectId
17--6850,6/30/2017,4:16 PM,CARLING AVE @ CIVIC HOSPITAL (0008793),8793,02 - Intersection related,03 - P.D. only,03 - Rear end,01 - Clear,01 - Daylight,02 - Wet,01 - Traffic signal,01 - Functioning,3,0,0,0,,0,,,,,365790.6062,5028279.394,45.39179795,-75.72106273,10109
17--6041,6/8/2017,2:59 PM,HIGHWAY 417 btwn HWY417 IC122 RAMP16 & HWY417 IC122 RAMP61 (__3ZA2RA),__3ZA2RA,01 - Non intersection,02 - Non-fatal injury,03 - Rear end,01 - Clear,01 - Daylight,01 - Dry,10 - No control,,4,0,0,0,01 - Minimal,1,1,,,,365352.5282,5028905.071,45.39746567,-75.72658031,10110
17--6042,6/8/2017,3:00 PM,HIGHWAY 417 btwn HWY417 IC121B RAMP16 & HWY417 IC121A RAMP16 (__3ZA2YX),__3ZA2YX,01 - Non intersection,03 - P.D. only,03 - Rear end,01 - Clear,01 - Daylight,01 - Dry,10 - No control,,3,0,0,0,,0,,,,,366759.5437,5029586.251,45.40347165,-75.70852504,10111
17--6043,6/8/2017,3:14 PM,HIGHWAY 417 btwn HWY417 IC124 RAMP65 & HWY417 IC122 RAMP51 (__3ZA2R8),__3ZA2R8,01 - Non intersection,03 - P.D. only,03 - Rear end,01 - Clear,01 - Daylight,01 - Dry,10 - No control,,2,0,0,0,,0,,,,,365129.9188,5028675.024,45.39541497,-75.72945151,10112
17--6044,6/8/2017,3:17 PM,HAWTHORNE RD @ HUNT CLUB RD (0007651),7651,03 - At intersection,02 - Non-fatal injury,05 - Turning movement,01 - Clear,01 - Daylight,01 - Dry,01 - Traffic signal,01 - Functioning,2,0,0,0,02 - Minor,2,,2,,,375509.4221,5026406.529,45.374033,-75.59722225,10113
17--6045,6/8/2017,3:20 PM,METCALFE ST @ PRETORIA AVE (0007471),7471,02 - Intersection related,03 - P.D. only,03 - Rear end,01 - Clear,01 - Daylight,01 - Dry,02 - Stop sign,01 - Functioning,2,0,0,0,,0,,,,,368492.3769,5030331.899,45.41002523,-75.68629562,10114
17--6046,6/8/2017,3:22 PM,BANK ST @ WALKLEY RD (0011423),11423,02 - Intersection related,03 - P.D. only,03 - Rear end,01 - Clear,01 - Daylight,01 - Dry,01 - Traffic signal,01 - Functioning,2,0,0,0,,0,,,,,370339.3805,5025945.697,45.3703892,-75.66328419,10115
17--6047,6/8/2017,3:31 PM,OSGOODE MAIN ST btwn 2ND LINE RD & BLANCHFIELD RD (__3ZA2C1),__3ZA2C1,01 - Non intersection,03 - P.D. only,07 - SMV other,01 - Clear,01 - Daylight,01 - Dry,10 - No control,,1,0,0,0,,0,,,,,377225.4502,5002451.448,45.15831864,-75.57880882,10116
17--6048,6/8/2017,4:00 PM,MURRAY ST @ SUSSEX DR (0011912),11912,03 - At intersection,03 - P.D. only,02 - Angle,01 - Clear,01 - Daylight,01 - Dry,01 - Traffic signal,01 - Functioning,2,0,0,0,,0,,,,,367706.0447,5032395.474,45.42866373,-75.69607697,10117
17--6049,6/8/2017,4:10 AM,HWY417 IC118 RAMP76 btwn HIGHWAY 417 & HWY417 IC118 RAMP43 (__3ZAY9N),__3ZAY9N,01 - Non intersection,03 - P.D. only,07 - SMV other,01 - Clear,07 - Dark,01 - Dry,10 - No control,,1,0,0,0,,0,,,,,369383.5163,5031060.689,45.41650095,-75.67481651,10118
17--605,1/13/2017,6:51 PM,CONROY RD @ HUNT CLUB RD (0002257),2257,02 - Intersection related,02 - Non-fatal injury,03 - Rear end,01 - Clear,07 - Dark,01 - Dry,01 - Traffic signal,01 - Functioning,2,0,0,0,01 - Minimal,2,2,,,,373762.4837,5025405.122,45.36519686,-75.61966328,10119
17--6050,6/8/2017,4:13 PM,PRINCE OF WALES DR @ WEST HUNT CLUB RD (0000567),567,02 - Intersection related,03 - P.D. only,04 - Sideswipe,01 - Clear,01 - Daylight,01 - Dry,01 - Traffic signal,00 - Unknown,2,0,0,0,,0,,,,,367459.1534,5021891.476,45.33417361,-75.70056502,10120
17--6051,6/8/2017,4:18 PM,GLADSTONE AVE btwn CAMBRIDGE ST N & BRONSON AVE (__3ZBODM),__3ZBODM,01 - Non intersection,03 - P.D. only,04 - Sideswipe,01 - Clear,01 - Daylight,01 - Dry,10 - No control,,2,0,0,0,,0,,,,,367099.9224,5030056.146,45.40766942,-75.70411807,10121
17--6052,6/8/2017,4:42 PM,SOMERSET ST    W btwn BREEZEHILL AVE N & PRESTON ST (__3ZA32I),__3ZA32I,01 - Non intersection,02 - Non-fatal injury,05 - Turning movement,01 - Clear,01 - Daylight,01 - Dry,10 - No control,,2,1,0,0,02 - Minor,1,,1,,,366170.2404,5030069.375,45.40787059,-75.71599199,10122
17--6053,6/8/2017,4:58 PM,RIVERSIDE DR @ HERON RD (0002236),2236,02 - Intersection related,03 - P.D. only,03 - Rear end,01 - Clear,01 - Daylight,01 - Dry,01 - Traffic signal,01 - Functioning,2,0,0,0,,0,,,,,368120.7705,5026647.221,45.3769053,-75.6915155,10123
17--6054,6/8/2017,5:08 PM,LEEDS AVE btwn BLACKWELL ST & SHEFFIELD RD (__3ZA784),__3ZA784,04 - At/near private drive,02 - Non-fatal injury,02 - Angle,01 - Clear,01 - Daylight,01 - Dry,10 - No control,,2,0,0,0,02 - Minor,1,,1,,,374687.8309,5029484.562,45.40181008,-75.6072747,10124
17--6055,6/8/2017,5:15 PM,BRITTANY DR @ MONTREAL RD (0007685),7685,03 - At intersection,03 - P.D. only,04 - Sideswipe,01 - Clear,01 - Daylight,01 - Dry,01 - Traffic signal,01 - Functioning,2,0,0,0,,0,,,,,371911.8283,5033994.829,45.44266305,-75.64211598,10125
17--6056,6/8/2017,5:15 PM,KENNEVALE DR @ STRANDHERD DR (0010896),10896,03 - At intersection,03 - P.D. only,05 - Turning movement,01 - Clear,01 - Daylight,01 - Dry,01 - Traffic signal,01 - Functioning,2,0,0,0,,0,,,,,361490.1878,5014100.887,45.26458124,-75.77760423,10126
17--6057,6/8/2017,5:23 PM,LAURIER AVE   W btwn ELGIN ST & QUEEN ELIZABETH DRWY/LAURIER AVE WB ON (__3ZA35Z),__3ZA35Z,04 - At/near private drive,03 - P.D. only,02 - Angle,01 - Clear,01 - Daylight,01 - Dry,10 - No control,,2,0,0,0,,0,,,,,367988.8452,5031573.251,45.42124015,-75.69256869,10127
17--6058,6/8/2017,5:25 PM,ALBION RD @ HUNT CLUB RD (0006974),6974,02 - Intersection related,03 - P.D. only,03 - Rear end,01 - Clear,01 - Daylight,01 - Dry,01 - Traffic signal,01 - Functioning,2,0,0,0,,0,,,,,371866.7304,5024319.849,45.3556159,-75.64400792,10128
17--6059,6/8/2017,5:42 PM,CAMBRIAN RD/GOLFLINKS DR W @ LONGFIELDS DR (0009702),9702,03 - At intersection,03 - P.D. only,02 - Angle,01 - Clear,01 - Daylight,01 - Dry,11 - Roundabout,01 - Functioning,2,0,0,0,,0,,,,,365383.0253,5013224.085,45.25636726,-75.72810959,10129
17--606,1/13/2017,7:26 PM,SOMERSET ST @ EMPRESS AVE (0006352),6352,02 - Intersection related,03 - P.D. only,03 - Rear end,01 - Clear,07 - Dark,01 - Dry,01 - Traffic signal,01 - Functioning,2,0,0,0,,0,,,,,366741.421,5030350.287,45.41034784,-75.70866053,10130
17--6060,6/8/2017,5:44 PM,ALTA VISTA DR btwn DALE AVE & 75 S OF CALEDON ST (__3ZA97HB),__3ZA97HB,04 - At/near private drive,03 - P.D. only,02 - Angle,01 - Clear,01 - Daylight,01 - Dry,10 - No control,,2,0,0,0,,0,,,,,370703.3888,5030210.319,45.40872659,-75.65806802,10131
17--6061,6/8/2017,5:51 PM,WELLINGTON ST    W btwn ROSEMOUNT AVE & STIRLING AVE (__3ZBN9N),__3ZBN9N,01 - Non intersection,03 - P.D. only,04 - Sideswipe,01 - Clear,01 - Daylight,01 - Dry,10 - No control,,2,0,0,0,,0,,,,,365362.3224,5029430.503,45.40219254,-75.7263907,10132
17--6062,6/8/2017,5:57 PM,DUNROBIN RD @ MARCH RD (0003175),3175,03 - At intersection,03 - P.D. only,05 - Turning movement,01 - Clear,01 - Daylight,01 - Dry,01 - Traffic signal,01 - Functioning,2,0,0,0,,0,,,,,347174.9353,5026066.874,45.3732631,-75.95898839,10133
17--6063,6/8/2017,6:00 PM,RIVERSIDE DR @ HERON RD (0002236),2236,03 - At intersection,03 - P.D. only,03 - Rear end,01 - Clear,01 - Daylight,01 - Dry,01 - Traffic signal,01 - Functioning,2,0,0,0,,0,,,,,368121.4394,5026649.228,45.3769233,-75.6915067,10134
17--6064,6/8/2017,6:13 PM,RICHARDSON SIDE RD @ SPRUCE RIDGE RD (0011499),11499,03 - At intersection,02 - Non-fatal injury,03 - Rear end,01 - Clear,01 - Daylight,01 - Dry,02 - Stop sign,01 - Functioning,2,0,0,0,02 - Minor,1,,1,,,343201.8602,5014397.45,45.26848608,-76.01061654,10135
17--6065,6/8/2017,6:33 PM,MONTREAL RD btwn ST. LAURENT BLVD & HILLSIDE DR (__3ZA1MC),__3ZA1MC,04 - At/near private drive,03 - P.D. only,02 - Angle,01 - Clear,01 - Daylight,01 - Dry,10 - No control,,2,0,0,0,,0,,,,,371682.6575,5033883.601,45.44168424,-75.64506024,10136
17--6066,6/8/2017,6:50 AM,HIGHWAY 417 btwn HWY417 IC120A RAMP52 & HWY417 IC119B RAMP57 (__3ZA2R1),__3ZA2R1,01 - Non intersection,03 - P.D. only,04 - Sideswipe,01 - Clear,01 - Daylight,01 - Dry,10 - No control,,2,0,0,0,,0,,,,,367885.1249,5030055.905,45.40759692,-75.69408813,10137
17--6067,6/8/2017,6:51 AM,KING EDWARD AVE SB @ UNION ST(UNSIGNED) (0011435),11435,03 - At intersection,02 - Non-fatal injury,04 - Sideswipe,01 - Clear,01 - Daylight,01 - Dry,11 - Roundabout,01 - Functioning,2,1,0,0,02 - Minor,1,,1,,,367854.1081,5033358.911,45.43731906,-75.69406156,10138
17--6068,6/8/2017,7:12 AM,MARCH RD btwn GREY FOX DR & HOWIE RD (__3ZA2QF),__3ZA2QF,01 - Non intersection,03 - P.D. only,07 - SMV other,01 - Clear,01 - Daylight,01 - Dry,10 - No control,,1,0,0,0,,0,,,,,336369.8752,5016486.212,45.28762181,-76.09754636,10139
17--6069,6/8/2017,7:25 PM,PRINCE OF WALES DR btwn 187 N OF MEADOWLANDS DR & MEADOWLANDS DR/HOG'S (__3ZA36WA),__3ZA36WA,04 - At/near private drive,03 - P.D. only,03 - Rear end,01 - Clear,01 - Daylight,01 - Dry,10 - No control,,2,0,0,0,,0,,,,,367339.5392,5025793.816,45.36929673,-75.7015974,10140
17--607,1/13/2017,8:20 AM,HIGHWAY 417 btwn HWY417 IC127 RAMP67 & HWY417 IC126 RAMP16 (__3ZA2X0),__3ZA2X0,01 - Non intersection,02 - Non-fatal injury,04 - Sideswipe,01 - Clear,01 - Daylight,01 - Dry,10 - No control,,2,0,0,0,02 - Minor,1,,1,,,362974.8796,5025613.261,45.36804801,-75.75733462,10141
17--6070,6/8/2017,7:50 AM,CARP RD btwn MCGEE SIDE RD & ARBOURBROOK BLVD (__5RGDMI),__5RGDMI,01 - Non intersection,03 - P.D. only,07 - SMV other,01 - Clear,01 - Daylight,01 - Dry,10 - No control,,1,0,0,0,,0,,,,,344258.4264,5019373.259,45.31320201,-75.99675663,10142
17--6071,6/8/2017,8:27 AM,PRINCE OF WALES DR @ NORMANDY CRES/MELFA CRES  (0006963),6963,02 - Intersection related,03 - P.D. only,03 - Rear end,01 - Clear,01 - Daylight,01 - Dry,02 - Stop sign,01 - Functioning,3,0,0,0,,0,,,,,367427.3182,5025223.466,45.36415702,-75.70054919,10143
17--6072,6/8/2017,8:30 AM,HIGHWAY 417 btwn HWY417 IC126 RAMP16 & HWY417 IC126 RAMP61 (__3ZA2RC),__3ZA2RC,01 - Non intersection,03 - P.D. only,03 - Rear end,01 - Clear,01 - Daylight,01 - Dry,10 - No control,,3,0,0,0,,0,,,,,363088.3253,5025763.296,45.36938858,-75.75586878,10144
17--6073,6/8/2017,8:58 AM,WOODROFFE AVE btwn CLARIDGE DR & QUEENSBURY DR (__3ZA4KI),__3ZA4KI,01 - Non intersection,03 - P.D. only,03 - Rear end,01 - Clear,01 - Daylight,01 - Dry,10 - No control,,3,0,0,0,,0,,,,,365722.0159,5016341.155,45.2843853,-75.72340849,10145
17--6074,6/8/2017,9:30 PM,HWY417 IC134 RAMP36 btwn HIGHWAY 417 & HWY417 IC134 RAMP66 (__3ZAYBW),__3ZAYBW,01 - Non intersection,03 - P.D. only,07 - SMV other,01 - Clear,07 - Dark,01 - Dry,10 - No control,,1,0,0,0,,0,,,,,356187.3753,5022167.685,45.33757497,-75.84433649,10146
17--6075,6/9/2017,1:12 PM,BRONSON AVE btwn HOLMWOOD AVE & FINDLAY AVE (__3ZA3N8),__3ZA3N8,01 - Non intersection,03 - P.D. only,04 - Sideswipe,01 - Clear,01 - Daylight,01 - Dry,10 - No control,,2,0,0,0,,0,,,,,367704.2691,5028721.79,45.39560923,-75.6965685,10147
17--6076,6/9/2017,1:29 PM,JASMINE CRES btwn OGILVIE RD & BEAVERHILL DR (__3ZBO10),__3ZBO10,04 - At/near private drive,03 - P.D. only,02 - Angle,01 - Clear,01 - Daylight,01 - Dry,10 - No control,,2,0,0,0,,0,,,,,375519.4442,5034036.095,45.4426787,-75.59599987,10148
17--6077,6/9/2017,1:31 PM,FARMERS WAY btwn EIGHTH LINE RD & NINTH LINE RD (__3ZA6TJ),__3ZA6TJ,01 - Non intersection,03 - P.D. only,07 - SMV other,01 - Clear,01 - Daylight,01 - Dry,10 - No control,,1,0,0,0,,0,,,,,383257.1467,5023469.981,45.34678744,-75.49878428,10149
17--6078,6/9/2017,1:45 PM,HWY417 IC115 RAMP51 btwn HIGHWAY 417 & ST. LAURENT BLVD (__3ZAY8F),__3ZAY8F,01 - Non intersection,03 - P.D. only,04 - Sideswipe,01 - Clear,01 - Daylight,01 - Dry,10 - No control,,2,0,0,0,,0,,,,,372394.1217,5031400.026,45.41926979,-75.63630776,10150
17--6079,6/9/2017,1:50 PM,HIGHWAY 417 btwn HWY417 IC117 RAMP61 & HWY417 IC115 RAMP36 (__3ZA2RZ),__3ZA2RZ,01 - Non intersection,03 - P.D. only,03 - Rear end,01 - Clear,01 - Daylight,01 - Dry,10 - No control,,2,0,0,0,,0,,,,,371246.0394,5031385.633,45.41925027,-75.65097783,10151
17--608,1/13/2017,8:45 PM,KILBORN AVE @ VIRGINIA DR (0007904),7904,03 - At intersection,03 - P.D. only,03 - Rear end,01 - Clear,07 - Dark,01 - Dry,02 - Stop sign,01 - Functioning,2,0,0,0,,0,,,,,371767.4435,5027906.534,45.38789707,-75.64478874,10152
17--6080,6/9/2017,10:27 PM,MARCH RD @ MORGAN'S GRANT WAY/SHIRLEY'S BROOK  (0002651),2651,03 - At intersection,03 - P.D. only,05 - Turning movement,01 - Clear,07 - Dark,01 - Dry,01 - Traffic signal,01 - Functioning,2,0,0,0,,0,,,,,349663.2814,5023616.841,45.35106232,-75.92744301,10153
17--6081,6/9/2017,10:28 PM,SOMERSET ST    W btwn LEBRETON ST N & EMPRESS AVE (__3ZA32C),__3ZA32C,01 - Non intersection,03 - P.D. only,04 - Sideswipe,01 - Clear,07 - Dark,01 - Dry,10 - No control,,2,0,0,0,,0,,,,,366700.1454,5030329.583,45.4101652,-75.7091904,10154
17--6082,6/9/2017,10:33 AM,CARLING AVE @ RICHMOND RD (0010847),10847,03 - At intersection,03 - P.D. only,05 - Turning movement,01 - Clear,01 - Daylight,01 - Dry,01 - Traffic signal,01 - Functioning,2,0,0,0,,0,,,,,360246.6823,5024782.181,45.36079112,-75.79225353,10155
17--6083,6/9/2017,10:57 AM,ALBION RD @ BRIDLE PATH DR (0009630),9630,03 - At intersection,02 - Non-fatal injury,01 - Approaching,01 - Clear,01 - Daylight,01 - Dry,01 - Traffic signal,01 - Functioning,3,0,0,0,02 - Minor,1,,1,,,372107.0633,5023740.502,45.35038011,-75.6410197,10156
17--6084,6/9/2017,11:28 AM,PRINCE OF WALES DR btwn NATIONAL CAPITAL COMM DRWY & HARTWELL LOCKS/54 (__3ZA30ZA),__3ZA30ZA,04 - At/near private drive,03 - P.D. only,04 - Sideswipe,01 - Clear,01 - Daylight,01 - Dry,10 - No control,,2,0,0,0,,0,,,,,366923.2457,5027768.391,45.38710052,-75.70666302,10157
17--6085,6/9/2017,Unknown,ROCHESTER ST btwn GLADSTONE AVE & HWY417 IC121B RAMP16 (__3ZA31L),__3ZA31L,01 - Non intersection,03 - P.D. only,06 - SMV unattended vehicle,01 - Clear,07 - Dark,01 - Dry,10 - No control,,1,0,0,0,,0,,,,,366677.2168,5029757.74,45.40502194,-75.70955507,10158
17--6086,6/9/2017,12:17 PM,ROBERTSON RD btwn MOODIE DR & VANIER RD (__3ZBOCN),__3ZBOCN,01 - Non intersection,03 - P.D. only,04 - Sideswipe,01 - Clear,01 - Daylight,01 - Dry,10 - No control,,2,0,0,0,,0,,,,,357313.5228,5020598.732,45.32337401,-75.83013513,10159
17--6087,6/9/2017,12:25 PM,JOHN SUTHERLAND DR @ RICHMOND RD (0000578),578,03 - At intersection,02 - Non-fatal injury,03 - Rear end,01 - Clear,01 - Daylight,01 - Dry,01 - Traffic signal,01 - Functioning,2,0,0,0,02 - Minor,1,,1,,,358786.9994,5022151.832,45.33723711,-75.81117136,10160
17--6088,6/9/2017,12:28 PM,ELGIN ST @ LAURIER AVE (0002232),2232,03 - At intersection,02 - Non-fatal injury,05 - Turning movement,01 - Clear,01 - Daylight,01 - Dry,01 - Traffic signal,01 - Functioning,2,1,0,0,01 - Minimal,1,1,,,,367949.0444,5031550.245,45.42103675,-75.69308017,10161
17--6089,6/9/2017,2:26 PM,COLONEL BY DR @ HAWTHORNE AVE/PRETORIA BRIDGE (0002122),2122,02 - Intersection related,03 - P.D. only,03 - Rear end,01 - Clear,01 - Daylight,01 - Dry,01 - Traffic signal,01 - Functioning,2,0,0,0,,0,,,,,368769.3824,5030525.567,45.41174252,-75.68273195,10162
17--609,1/13/2017,8:58 AM,HIGHWAY 417 @ HWY 417 ST.LAURE IC115R26 (0002195),2195,02 - Intersection related,03 - P.D. only,04 - Sideswipe,01 - Clear,01 - Daylight,02 - Wet,10 - No control,,2,0,0,0,,0,,,,,372508.4672,5031525.771,45.42039013,-75.63482959,10163
17--6090,6/9/2017,2:43 PM,ROYDON PL btwn WOODFIELD DR & WEST HUNT CLUB RD (__3ZAYGP),__3ZAYGP,04 - At/near private drive,03 - P.D. only,05 - Turning movement,01 - Clear,01 - Daylight,01 - Dry,10 - No control,,2,0,0,0,,0,,,,,365826.8127,5022393.159,45.33883154,-75.72132736,10164
17--6091,6/9/2017,2:56 PM,BANK ST @ LAURIER AVE (0002221),2221,03 - At intersection,02 - Non-fatal injury,05 - Turning movement,01 - Clear,01 - Daylight,01 - Dry,01 - Traffic signal,01 - Functioning,2,1,0,0,01 - Minimal,1,1,,,,367481.7036,5031264.251,45.41850549,-75.69908765,10165
17--6092,6/9/2017,3:06 PM,SOMERSET ST @ BELL ST (0005111),5111,02 - Intersection related,03 - P.D. only,03 - Rear end,01 - Clear,01 - Daylight,01 - Dry,10 - No control,,2,0,0,0,,0,,,,,366772.9227,5030366.754,45.41049322,-75.70825605,10166
17--6093,6/9/2017,3:10 AM,HAZELDEAN RD btwn 246 E OF CASTLEFRANK RD & IRWIN GT (__3ZA41NB),__3ZA41NB,01 - Non intersection,02 - Non-fatal injury,07 - SMV other,01 - Clear,07 - Dark,01 - Dry,10 - No control,,1,0,0,0,01 - Minimal,1,1,,,,352928.3123,5017903.46,45.29943573,-75.88633149,10167
17--6094,6/9/2017,3:29 PM,MONTREAL RD @ SHEFFORD RD (0012423),12423,02 - Intersection related,03 - P.D. only,04 - Sideswipe,01 - Clear,01 - Daylight,01 - Dry,01 - Traffic signal,01 - Functioning,2,0,0,0,,0,,,,,376126.1986,5034852.738,45.4499647,-75.58812639,10168
17--6095,6/9/2017,3:30 PM,SOUTHPORT DR btwn HAVENHURST CRES & HAVENHURST CRES (__3ZAZOZ),__3ZAZOZ,04 - At/near private drive,03 - P.D. only,02 - Angle,01 - Clear,01 - Daylight,01 - Dry,10 - No control,,2,0,0,0,,0,,,,,372449.7208,5024763.725,45.35955373,-75.63650715,10169
17--6096,6/9/2017,4:00 PM,CHURCHILL AVE @ WHITBY AVE (0006688),6688,03 - At intersection,03 - P.D. only,05 - Turning movement,01 - Clear,01 - Daylight,01 - Dry,02 - Stop sign,01 - Functioning,2,1,0,0,,0,,,,,363162.694,5028442.225,45.39348702,-75.75460275,10170
17--6097,6/9/2017,4:35 PM,ST. JOSEPH BLVD/OLD MONTREAL RD @ TRIM RD (0004118),4118,02 - Intersection related,02 - Non-fatal injury,03 - Rear end,01 - Clear,01 - Daylight,01 - Dry,11 - Roundabout,01 - Functioning,2,0,0,0,01 - Minimal,2,2,,,,384681.7507,5039284.913,45.48891573,-75.47804359,10171
17--6098,6/9/2017,4:54 PM,CYRVILLE RD btwn STAR TOP RD & MEADOWBROOK RD (__3ZA3SN),__3ZA3SN,04 - At/near private drive,02 - Non-fatal injury,05 - Turning movement,01 - Clear,01 - Daylight,01 - Dry,10 - No control,,2,1,0,0,01 - Minimal,1,1,,,,374475.5523,5031292.054,45.41809413,-75.60973047,10172
17--6099,6/9/2017,4:55 PM,HIGHWAY 417 btwn HWY417 IC129 RAMP61 & TRANSIT (__3ZA2SI),__3ZA2SI,01 - Non intersection,02 - Non-fatal injury,03 - Rear end,01 - Clear,01 - Daylight,01 - Dry,10 - No control,,2,0,0,0,02 - Minor,2,,2,,,361351.5173,5024252.452,45.3559364,-75.77821264,10173
17--61,1/3/2017,12:52 PM,HIGHWAY 417 btwn HWY417 IC96 RAMP61 & HIGHWAY 417 (__3ZA271),__3ZA271,01 - Non intersection,03 - P.D. only,07 - SMV other,04 - Freezing Rain,01 - Daylight,04 - Slush,10 - No control,,1,0,0,0,,0,,,,,387610.8697,5023854.764,45.34974889,-75.44316991,10174
17--610,1/13/2017,9:36 AM,KING EDWARD AVE @ SOMERSET ST/MARIE CURIE PRIV (0001696),1696,02 - Intersection related,03 - P.D. only,05 - Turning movement,01 - Clear,01 - Daylight,05 - Packed snow,01 - Traffic signal,01 - Functioning,2,0,0,0,,0,,,,,368957.7103,5031673.202,45.4220513,-75.68017672,10175
17--6100,6/9/2017,4:56 PM,MITCH OWENS RD btwn RIVER RD & SPRATT RD (__3ZA38F),__3ZA38F,01 - Non intersection,03 - P.D. only,03 - Rear end,01 - Clear,01 - Daylight,01 - Dry,10 - No control,,3,0,0,0,,0,,,,,369587.1148,5010818.504,45.23434753,-75.67486398,10176
17--6101,6/9/2017,5:00 PM,HIGHWAY 417 btwn HIGHWAY 417 & HWY417 IC129 RAMP51 (__3ZA290),__3ZA290,01 - Non intersection,03 - P.D. only,07 - SMV other,01 - Clear,01 - Daylight,01 - Dry,10 - No control,,1,0,0,0,,0,,,,,360011.6646,5023204.7,45.34661552,-75.79542934,10177
17--6102,6/9/2017,5:10 PM,STRANDHERD DR @ WOODROFFE AVE (0009688),9688,03 - At intersection,03 - P.D. only,05 - Turning movement,01 - Clear,01 - Daylight,01 - Dry,01 - Traffic signal,01 - Functioning,2,0,0,0,,0,,,,,366105.8196,5015395.149,45.27583982,-75.71863333,10178
17--6103,6/9/2017,5:20 PM,CUMBERLAND ST @ GEORGE ST (0008508),8508,03 - At intersection,02 - Non-fatal injury,07 - SMV other,01 - Clear,01 - Daylight,01 - Dry,01 - Traffic signal,01 - Functioning,1,0,0,1,02 - Minor,1,,1,,,368326.0421,5032417.258,45.42880369,-75.68815155,10179
17--6104,6/9/2017,5:27 PM,ISLAND PARK DR @ SCOTT ST (0002126),2126,02 - Intersection related,02 - Non-fatal injury,03 - Rear end,01 - Clear,01 - Daylight,01 - Dry,01 - Traffic signal,01 - Functioning,3,0,0,0,01 - Minimal,1,1,,,,363833.3551,5029041.222,45.39882047,-75.74596626,10180
17--6105,6/9/2017,5:31 PM,SILVER BARK AVE btwn TO BE DETERMINED & END (__3ZA5SC),__3ZA5SC,04 - At/near private drive,03 - P.D. only,06 - SMV unattended vehicle,01 - Clear,01 - Daylight,01 - Dry,10 - No control,,1,0,0,0,,0,,,,,382221.3442,5036522.517,45.46433936,-75.50995102,10181
17--6106,6/9/2017,5:50 PM,GREENBANK RD @ STRANDHERD DR (0005563),5563,02 - Intersection related,03 - P.D. only,03 - Rear end,01 - Clear,01 - Daylight,01 - Dry,01 - Traffic signal,01 - Functioning,2,0,0,0,,0,,,,,363934.0184,5014785.086,45.27053647,-75.74638399,10182
17--6107,6/9/2017,6:00 PM,LEITRIM RD @ RIVER RD (0004194),4194,03 - At intersection,03 - P.D. only,99 - Other,01 - Clear,01 - Daylight,08 - Loose sand or gravel,02 - Stop sign,01 - Functioning,2,0,0,0,,0,,,,,368021.3754,5017177.458,45.2917072,-75.69399414,10183
17--6108,6/9/2017,6:00 PM,MCCORDICK RD btwn POLLOCK RD & ROGER STEVENS DR (__3ZAAYD),__3ZAAYD,01 - Non intersection,03 - P.D. only,07 - SMV other,01 - Clear,01 - Daylight,01 - Dry,10 - No control,,1,0,0,0,,0,,,,,362625.5157,5000637.035,45.14333893,-75.76470048,10184
17--6109,6/9/2017,6:30 PM,BANK ST btwn SIEVERIGHT AVE & ATHANS AVE (__3ZAYF2),__3ZAYF2,04 - At/near private drive,02 - Non-fatal injury,03 - Rear end,01 - Clear,01 - Daylight,01 - Dry,10 - No control,,2,0,0,0,01 - Minimal,2,2,,,,372483.6955,5024016.337,45.35282573,-75.63617587,10185
17--611,1/13/2017,9:49 AM,AVIATION PKWY @ MONTREAL RD (0008799),8799,02 - Intersection related,03 - P.D. only,99 - Other,03 - Snow,01 - Daylight,02 - Wet,01 - Traffic signal,01 - Functioning,2,0,0,0,,0,,,,,372147.2483,5034108.558,45.44366369,-75.63909141,10186
17--6110,6/9/2017,6:30 PM,ORLEANS BLVD @ ST. JOSEPH BLVD (0004144),4144,02 - Intersection related,03 - P.D. only,05 - Turning movement,01 - Clear,01 - Daylight,01 - Dry,01 - Traffic signal,01 - Functioning,2,0,0,0,,0,,,,,380631.7377,5036980.59,45.4686351,-75.53020496,10187
17--6111,6/9/2017,6:48 AM,HIGHWAY 417 btwn HWY417 IC124 RAMP57 & HWY417 IC124 RAMP55 (__3ZA2Y1),__3ZA2Y1,01 - Non intersection,03 - P.D. only,03 - Rear end,01 - Clear,01 - Daylight,01 - Dry,10 - No control,,2,0,0,0,,0,,,,,364115.3984,5027094.506,45.38128043,-75.74259802,10188
17--6112,6/9/2017,7:55 AM,JEANNE D'ARC BLVD @ MONTCERF CRT (0004155),4155,02 - Intersection related,03 - P.D. only,02 - Angle,01 - Clear,01 - Daylight,01 - Dry,01 - Traffic signal,01 - Functioning,2,1,0,0,,0,,,,,381117.5309,5036286.013,45.46233295,-75.52410101,10189
17--6113,6/9/2017,8:43 AM,SILVER SEVEN RD btwn 280 N OF PALLADIUM DR/COSTCO SC & PALLADIUM DR (__3ZAZH2B),__3ZAZH2B,01 - Non intersection,03 - P.D. only,04 - Sideswipe,01 - Clear,01 - Daylight,01 - Dry,10 - No control,,2,0,0,0,,0,,,,,350980.5552,5017967.035,45.30013853,-75.91115945,10190