Anom_ID,Accident_Date,Accident_Time,Location,Geo_ID,Accident_Location,Classification_of_Accident,Initial_Impact_Type,Environment_Condition,Light,Road_Surface_Condition,Traffic_Control,Traffic_Control_Condition,No__of_Vehicles,No__of_Bicycles,No__of_Motorcycles,No__of_Pedestrians,Max_Injury,No__of_Injuries,No__of_Minimal,No__of_Minor,No__of_Major,No__of_Fatal,X,Y,Latitude,Longitude,ObjectId
17--6114,6/9/2017,9:15 AM,BANNER RD @ PARKMOUNT CRES E (0000756),756,03 - At intersection,02 - Non-fatal injury,02 - Angle,01 - Clear,01 - Daylight,01 - Dry,03 - Yield sign,00 - Unknown,2,1,0,0,01 - Minimal,1,1,,,,360966.3467,5021560.829,45.33174819,-75.78343394,10191
17--6115,6/9/2017,9:20 AM,ST. JOSEPH BLVD @ JEANNE D'ARC BLVD (0012421),12421,03 - At intersection,03 - P.D. only,02 - Angle,01 - Clear,01 - Daylight,01 - Dry,11 - Roundabout,01 - Functioning,2,0,0,0,,0,,,,,379860.4081,5036471.581,45.46413875,-75.54014566,10192
17--6116,6/9/2017,9:20 AM,MELROSE AVE btwn RUSKIN ST & CARLING AVE (__3ZA0KJ),__3ZA0KJ,01 - Non intersection,03 - P.D. only,06 - SMV unattended vehicle,01 - Clear,01 - Daylight,01 - Dry,10 - No control,,1,0,0,0,,0,,,,,365904.4454,5028548.059,45.39420541,-75.71957571,10193
17--6117,6/9/2017,9:20 PM,HIGHWAY 417 btwn HWY417 IC121A RAMP16 & HWY417 IC121A RAMP61 (__3ZA2YY),__3ZA2YY,01 - Non intersection,03 - P.D. only,03 - Rear end,01 - Clear,07 - Dark,01 - Dry,10 - No control,,2,0,0,0,,0,,,,,367380.3887,5029808.882,45.40541959,-75.70056685,10194
17--6118,6/9/2017,9:25 AM,BOUNDARY RD @ MITCH OWENS RD (0001708),1708,03 - At intersection,03 - P.D. only,07 - SMV other,01 - Clear,01 - Daylight,01 - Dry,02 - Stop sign,01 - Functioning,1,0,0,0,,0,,,,,388066.8354,5022164.476,45.33448716,-75.43763638,10195
17--6119,6/10/2017,1:15 PM,ST. JOSEPH BLVD/OLD MONTREAL RD @ TRIM RD (0004118),4118,03 - At intersection,03 - P.D. only,02 - Angle,01 - Clear,01 - Daylight,01 - Dry,11 - Roundabout,01 - Functioning,2,0,0,0,,0,,,,,384682.4196,5039286.251,45.48892769,-75.47803481,10196
17--612,1/13/2017,9:55 AM,BRONSON AVE @ CARLING AVE/GLEBE AVE (0002134),2134,02 - Intersection related,03 - P.D. only,04 - Sideswipe,01 - Clear,01 - Daylight,02 - Wet,01 - Traffic signal,01 - Functioning,2,0,0,0,,0,,,,,367447.707,5029335.187,45.4011514,-75.69976715,10197
17--6120,6/10/2017,1:26 AM,PRINCE OF WALES DR btwn WILLIAM MCEWEN DR & CARSONBY RD W (__3ZAZ7Y),__3ZAZ7Y,01 - Non intersection,03 - P.D. only,07 - SMV other,01 - Clear,07 - Dark,01 - Dry,10 - No control,,1,0,0,0,,0,,,,,366106.7611,5004816.38,45.18065167,-75.71992449,10198
17--6121,6/10/2017,1:40 PM,RIVERSIDE DR @ TREMBLAY RD/HWY417 IC117 RAMP52 (0010790),10790,03 - At intersection,03 - P.D. only,03 - Rear end,01 - Clear,01 - Daylight,01 - Dry,01 - Traffic signal,01 - Functioning,2,0,0,0,,0,,,,,370802.9214,5031015.443,45.41596139,-75.65668879,10199
17--6122,6/10/2017,1:54 PM,EARL ARMSTRONG RD @ LIMEBANK RD (0004456),4456,02 - Intersection related,02 - Non-fatal injury,03 - Rear end,01 - Clear,01 - Daylight,01 - Dry,01 - Traffic signal,01 - Functioning,2,0,0,0,01 - Minimal,1,1,,,,370156.2304,5015959.432,45.28055232,-75.66694027,10200
17--6123,6/10/2017,Unknown,WINTERHAVEN DR btwn FOUNTAINHEAD DR & STARCROSS ST (__7NHFKP),__7NHFKP,04 - At/near private drive,03 - P.D. only,06 - SMV unattended vehicle,01 - Clear,00 - Unknown,01 - Dry,10 - No control,,1,0,0,0,,0,,,,,382005.3427,5032025.086,45.42389904,-75.51341842,10201
17--6124,6/10/2017,Unknown,WOODLAWN AVE btwn WILTON LANE & MONK ST (__3ZA9MM),__3ZA9MM,01 - Non intersection,03 - P.D. only,06 - SMV unattended vehicle,01 - Clear,00 - Unknown,01 - Dry,10 - No control,,1,0,0,0,,0,,,,,368393.3598,5029049.519,45.39849579,-75.68772587,10202
17--6125,6/10/2017,12:28 PM,TERRY FOX DR @ PALLADIUM DR/KATIMAVIK RD (0011858),11858,02 - Intersection related,03 - P.D. only,03 - Rear end,01 - Clear,01 - Daylight,01 - Dry,01 - Traffic signal,01 - Functioning,3,0,0,0,,0,,,,,351271.3902,5018181.775,45.30205164,-75.90743113,10203
17--6126,6/10/2017,12:46 PM,SACKVILLE ST btwn NORTON AVE & TAVISTOCK RD (__3ZABW9),__3ZABW9,04 - At/near private drive,03 - P.D. only,06 - SMV unattended vehicle,01 - Clear,01 - Daylight,01 - Dry,10 - No control,,1,0,0,0,,0,,,,,360734.6737,5024887.225,45.36169754,-75.78601319,10204
17--6851,6/30/2017,4:23 PM,INNES RD btwn 298 E OF WILDFLOWER DR & LANTHIER DR/PRESTWICK DR (__3ZA3Y4B),__3ZA3Y4B,01 - Non intersection,02 - Non-fatal injury,03 - Rear end,02 - Rain,01 - Daylight,02 - Wet,10 - No control,,2,0,0,0,02 - Minor,1,,1,,,383313.452,5035872.727,45.45837123,-75.49609127,10205
17--6852,6/30/2017,5:02 PM,CHAMBERLAIN AVE btwn IMPERIAL AVE & PERCY ST (__3ZA3O6),__3ZA3O6,01 - Non intersection,02 - Non-fatal injury,07 - SMV other,01 - Clear,01 - Daylight,02 - Wet,10 - No control,,1,0,0,0,02 - Minor,1,,1,,,367425.3923,5029740.542,45.40480066,-75.70000069,10206
17--6853,6/30/2017,5:05 PM,HARDING RD @ WALKLEY RD (0007652),7652,03 - At intersection,02 - Non-fatal injury,05 - Turning movement,01 - Clear,01 - Daylight,01 - Dry,01 - Traffic signal,01 - Functioning,2,0,0,0,02 - Minor,1,,1,,,373149.0652,5027607.866,45.38507632,-75.62718807,10207
17--6854,6/30/2017,5:10 PM,PRINCE OF WALES DR @ MERIVALE RD (0000564),564,03 - At intersection,03 - P.D. only,03 - Rear end,02 - Rain,01 - Daylight,02 - Wet,01 - Traffic signal,01 - Functioning,2,0,0,0,,0,,,,,367448.708,5017616.461,45.29570859,-75.70123887,10208
17--6855,6/30/2017,5:32 PM,MAPLE GROVE RD @ TERRY FOX DR (0003177),3177,02 - Intersection related,03 - P.D. only,03 - Rear end,02 - Rain,01 - Daylight,02 - Wet,01 - Traffic signal,01 - Functioning,3,0,0,0,,0,,,,,351553.2742,5017865.133,45.29918371,-75.9038668,10209
17--6856,6/30/2017,5:48 PM,PRINCESS PATRICIA WAY @ QUEEN ELIZABETH DRWY (0015088),15088,02 - Intersection related,03 - P.D. only,03 - Rear end,01 - Clear,01 - Daylight,02 - Wet,02 - Stop sign,00 - Unknown,2,0,0,0,,0,,,,,368968.6932,5029417.992,45.40175869,-75.68032998,10210
17--6857,6/30/2017,6:01 PM,ST. JOSEPH BLVD @ JEANNE D'ARC BLVD (0012421),12421,02 - Intersection related,03 - P.D. only,03 - Rear end,01 - Clear,01 - Daylight,02 - Wet,11 - Roundabout,01 - Functioning,2,0,0,0,,0,,,,,379860.4081,5036470.243,45.46412671,-75.54014586,10211
17--6858,6/30/2017,6:30 PM,NICHOLAS ST SB btwn Continuation of WALLER ST & HWY417 IC118 RAMP35 (__6KCDVW),__6KCDVW,01 - Non intersection,03 - P.D. only,03 - Rear end,01 - Clear,01 - Daylight,01 - Dry,10 - No control,,2,0,0,0,,0,,,,,369052.5991,5031315.547,45.41882454,-75.67901097,10212
17--6859,6/30/2017,6:37 AM,UPLANDS DR @ AIRPORT PKWY RAMP 35 (0009397),9397,02 - Intersection related,02 - Non-fatal injury,03 - Rear end,"07 - Fog, mist, smoke, dust",01 - Daylight,02 - Wet,01 - Traffic signal,01 - Functioning,2,0,0,0,01 - Minimal,2,2,,,,371123.8595,5021373.126,45.32917283,-75.65388341,10213
17--686,1/16/2017,5:22 PM,HINTON AVE @ WELLINGTON ST (0006520),6520,03 - At intersection,03 - P.D. only,02 - Angle,01 - Clear,05 - Dusk,01 - Dry,02 - Stop sign,01 - Functioning,2,0,0,0,,0,,,,,365005.7806,5029193.287,45.40008888,-75.73097363,10214
17--6860,6/30/2017,6:49 PM,CARP RD @ STITTSVILLE MAIN ST (0005253),5253,02 - Intersection related,03 - P.D. only,03 - Rear end,01 - Clear,01 - Daylight,01 - Dry,01 - Traffic signal,01 - Functioning,2,0,0,0,,0,,,,,349524.4517,5014330.872,45.26751334,-75.93005277,10215
17--6861,6/30/2017,7:47 AM,CARLING AVE @ WOODROFFE AVE W (0011470),11470,03 - At intersection,03 - P.D. only,05 - Turning movement,01 - Clear,01 - Daylight,01 - Dry,01 - Traffic signal,01 - Functioning,2,0,0,0,,0,,,,,361767.3492,5025725.514,45.36915724,-75.77273585,10216
17--6862,6/30/2017,7:47 AM,ST. JOSEPH BLVD btwn R.C.M.P. COMPLEX & YOUVILLE DR (__3ZA2BHB),__3ZA2BHB,01 - Non intersection,03 - P.D. only,03 - Rear end,01 - Clear,01 - Daylight,01 - Dry,10 - No control,,2,0,0,0,,0,,,,,378984.1425,5036091.407,45.46081183,-75.55140694,10217
17--6863,6/30/2017,7:48 PM,ST. LAURENT BLVD btwn INDUSTRIAL AVE & BOURASSA ST (__3ZBOFB),__3ZBOFB,01 - Non intersection,03 - P.D. only,04 - Sideswipe,01 - Clear,01 - Daylight,01 - Dry,10 - No control,,2,0,0,0,,0,,,,,373185.2761,5029814.911,45.4049308,-75.62641978,10218
17--6864,6/30/2017,7:54 AM,HUNT CLUB RD @ LORRY GREENBERG DR/SABLE RIDGE  (0008203),8203,02 - Intersection related,03 - P.D. only,03 - Rear end,01 - Clear,01 - Daylight,02 - Wet,01 - Traffic signal,01 - Functioning,2,0,0,0,,0,,,,,372824.0732,5024806.836,45.35990541,-75.63172347,10219
17--6865,6/30/2017,8:30 AM,OLD TENTH LINE RD/OR174 IC101 RAMP63 @ ST. JOS (0009233),9233,03 - At intersection,03 - P.D. only,02 - Angle,01 - Clear,01 - Daylight,01 - Dry,01 - Traffic signal,01 - Functioning,2,0,0,0,,0,,,,,383119.1678,5038785.385,45.48459852,-75.49811086,10220
17--6866,6/30/2017,8:38 AM,HIGHWAY 417 btwn HWY417 IC120A RAMP52 & HWY417 IC119B RAMP57 (__3ZA2R1),__3ZA2R1,01 - Non intersection,03 - P.D. only,03 - Rear end,01 - Clear,01 - Daylight,02 - Wet,10 - No control,,3,0,0,0,,0,,,,,368091.3958,5030198.749,45.40886357,-75.69143495,10221
17--6867,6/30/2017,8:42 PM,COPE DR @ TERRY FOX (0009143),9143,03 - At intersection,03 - P.D. only,05 - Turning movement,01 - Clear,05 - Dusk,01 - Dry,01 - Traffic signal,01 - Functioning,2,0,0,0,,0,,,,,353996.2668,5015344.639,45.2763369,-75.8729689,10222
17--6868,6/30/2017,8:53 PM,ADIRONDACK DR @ WOODROFFE AVE (0005644),5644,02 - Intersection related,02 - Non-fatal injury,03 - Rear end,01 - Clear,05 - Dusk,02 - Wet,02 - Stop sign,00 - Unknown,2,0,0,0,02 - Minor,1,,1,,,362456.6827,5024003.505,45.35360638,-75.76413721,10223
17--6869,6/30/2017,9:25 AM,CONSTELLATION CRES btwn TURN LANE & CENTREPOINTE DR (__3ZA0AQ),__3ZA0AQ,01 - Non intersection,02 - Non-fatal injury,06 - SMV unattended vehicle,01 - Clear,01 - Daylight,02 - Wet,10 - No control,,1,0,0,0,02 - Minor,1,,1,,,362498.8548,5023254.328,45.34686188,-75.76368643,10224
17--687,1/16/2017,5:36 PM,CARLING AVE @ ISLAND PARK DR (0010785),10785,03 - At intersection,02 - Non-fatal injury,02 - Angle,01 - Clear,05 - Dusk,02 - Wet,01 - Traffic signal,01 - Functioning,2,0,0,0,02 - Minor,1,,1,,,365348.6995,5027998.089,45.38930518,-75.72674051,10225
17--6870,6/30/2017,9:26 PM,MOODIE DR btwn BARNSDALE RD & BROPHY DR (__3ZA4KM),__3ZA4KM,01 - Non intersection,03 - P.D. only,03 - Rear end,01 - Clear,07 - Dark,01 - Dry,10 - No control,,2,0,0,0,,0,,,,,362707.5624,5006956.876,45.20019946,-75.76292409,10226
17--6871,7/1/2017,1:28 PM,BESSERER ST @ WALLER ST (0008859),8859,02 - Intersection related,03 - P.D. only,03 - Rear end,01 - Clear,01 - Daylight,02 - Wet,01 - Traffic signal,01 - Functioning,2,0,0,0,,0,,,,,368316.2678,5032193.316,45.42678963,-75.68830533,10227
17--6872,7/1/2017,1:37 PM,BANK ST @ CAHILL DR/DAZE ST (0012178),12178,03 - At intersection,02 - Non-fatal injury,05 - Turning movement,02 - Rain,01 - Daylight,02 - Wet,01 - Traffic signal,01 - Functioning,2,0,0,0,01 - Minimal,2,2,,,,371307.1495,5024316.728,45.35564112,-75.65114965,10228
17--6873,7/1/2017,10:01 PM,ALBION RD @ LESTER RD (0004175),4175,03 - At intersection,03 - P.D. only,05 - Turning movement,02 - Rain,07 - Dark,02 - Wet,01 - Traffic signal,01 - Functioning,2,0,0,0,,0,,,,,372695.0777,5022331.158,45.33764264,-75.63370969,10229
17--6874,7/1/2017,10:29 PM,BOURASSA ST @ ST. LAURENT BLVD (0007731),7731,03 - At intersection,02 - Non-fatal injury,07 - SMV other,02 - Rain,07 - Dark,02 - Wet,01 - Traffic signal,01 - Functioning,1,0,0,1,02 - Minor,1,,1,,,373235.7287,5029694.894,45.40384601,-75.62579201,10230
17--6875,7/1/2017,10:30 PM,REGIONAL RD 174 @ TRIM RD (0012835),12835,02 - Intersection related,03 - P.D. only,03 - Rear end,02 - Rain,07 - Dark,02 - Wet,01 - Traffic signal,01 - Functioning,3,0,0,0,,0,,,,,384351.5189,5039990.341,45.4953002,-75.48215336,10231
17--6876,7/1/2017,10:34 PM,AYLMER AVE @ BANK ST (0007222),7222,02 - Intersection related,02 - Non-fatal injury,03 - Rear end,01 - Clear,07 - Dark,02 - Wet,01 - Traffic signal,01 - Functioning,2,0,0,0,03 - Major,1,,,1,,368674.0469,5028728.206,45.39557916,-75.68418264,10232
17--6877,7/1/2017,10:43 PM,MANOTICK STATION RD @ SNAKE ISLAND RD (0001643),1643,02 - Intersection related,02 - Non-fatal injury,07 - SMV other,02 - Rain,07 - Dark,02 - Wet,02 - Stop sign,01 - Functioning,1,0,0,0,02 - Minor,1,,1,,,376805.404,5005702.033,45.18760973,-75.58368183,10233
17--6878,7/1/2017,11:17 PM,BAYCREST DR @ WALKLEY RD (0006958),6958,02 - Intersection related,02 - Non-fatal injury,03 - Rear end,02 - Rain,07 - Dark,02 - Wet,01 - Traffic signal,01 - Functioning,2,0,0,0,01 - Minimal,1,1,,,,371421.3962,5026589.858,45.37608311,-75.64938515,10234
17--6879,7/1/2017,11:24 PM,PRINCE OF WALES DR btwn BLAZER AVE & DEAKIN ST (__3ZA29V),__3ZA29V,01 - Non intersection,03 - P.D. only,07 - SMV other,02 - Rain,07 - Dark,02 - Wet,10 - No control,,1,0,0,0,,0,,,,,367351.8713,5021336.046,45.32918552,-75.70200383,10235
17--688,1/16/2017,5:49 PM,MARCH RD @ TERON RD (0011926),11926,02 - Intersection related,03 - P.D. only,04 - Sideswipe,01 - Clear,07 - Dark,01 - Dry,01 - Traffic signal,01 - Functioning,2,0,0,0,,0,,,,,351414.7286,5021779.541,45.3344157,-75.9052649,10236
17--6880,7/1/2017,11:45 PM,PRINCE OF WALES DR btwn BLAZER AVE & DEAKIN ST (__3ZA29V),__3ZA29V,01 - Non intersection,03 - P.D. only,07 - SMV other,02 - Rain,07 - Dark,02 - Wet,10 - No control,,1,0,0,0,,0,,,,,367351.6821,5021336.518,45.32918978,-75.70200619,10237
17--6881,7/1/2017,11:57 AM,TERRY FOX DR btwn WALTER BAKER PL & 240 S OF EDGEWATER ST (__3ZA3DKA),__3ZA3DKA,01 - Non intersection,03 - P.D. only,03 - Rear end,01 - Clear,01 - Daylight,01 - Dry,10 - No control,,3,0,0,0,,0,,,,,351876.2704,5017534.521,45.29618721,-75.89978002,10238
17--6882,7/1/2017,Unknown,REDPATH DR btwn KNOWLTON DR & DYLAN WAY (__3ZAYGS),__3ZAYGS,01 - Non intersection,03 - P.D. only,06 - SMV unattended vehicle,01 - Clear,00 - Unknown,01 - Dry,10 - No control,,1,0,0,0,,0,,,,,366598.0746,5016798.121,45.28842057,-75.71218523,10239
17--6883,7/1/2017,Unknown,WESTON DR btwn SAUNDERSON DR & OTHELLO AVE (__3ZA768),__3ZA768,01 - Non intersection,03 - P.D. only,06 - SMV unattended vehicle,02 - Rain,00 - Unknown,02 - Wet,10 - No control,,1,0,0,0,,0,,,,,373268.0763,5028896.656,45.39666066,-75.62548966,10240
17--6884,7/1/2017,Unknown,GRAND VISTA CIR btwn GRAND VISTA CIR & HALF MOON BAY (__7NHFJA),__7NHFJA,01 - Non intersection,03 - P.D. only,06 - SMV unattended vehicle,01 - Clear,00 - Unknown,02 - Wet,10 - No control,,1,0,0,0,,0,,,,,364606.162,5013051.853,45.25488398,-75.73802748,10241
17--6885,7/1/2017,12:19 AM,HUNT CLUB RD @ UPLANDS DR (0010844),10844,03 - At intersection,03 - P.D. only,05 - Turning movement,01 - Clear,07 - Dark,02 - Wet,01 - Traffic signal,01 - Functioning,2,0,0,0,,0,,,,,370157.0617,5023121.492,45.34499487,-75.66598495,10242
17--6886,7/1/2017,12:40 AM,CANTERBURY AVE btwn KILBORN AVE & URBANDALE DR (__3ZA73M),__3ZA73M,01 - Non intersection,03 - P.D. only,06 - SMV unattended vehicle,01 - Clear,07 - Dark,02 - Wet,10 - No control,,1,0,0,0,,0,,,,,372546.0764,5028099.179,45.38955553,-75.63481986,10243
17--6887,7/1/2017,2:23 PM,ALBION RD @ LESTER RD (0004175),4175,03 - At intersection,02 - Non-fatal injury,02 - Angle,01 - Clear,01 - Daylight,01 - Dry,01 - Traffic signal,01 - Functioning,2,0,0,0,02 - Minor,1,,1,,,372694.9347,5022332.734,45.33765684,-75.6337113,10244
17--6888,7/1/2017,3:06 PM,PARKDALE AVE btwn TO BE DETERMINED & EMMERSON AVE (__3ZA32A),__3ZA32A,01 - Non intersection,02 - Non-fatal injury,05 - Turning movement,01 - Clear,01 - Daylight,01 - Dry,10 - No control,,2,0,0,0,01 - Minimal,1,1,,,,364709.4322,5030284.857,45.40993601,-75.73462601,10245
17--6889,7/1/2017,4:30 PM,CATHERINE ST/HWY 417 O'CONN IC119BR76 @ O'CONN (0001697),1697,03 - At intersection,03 - P.D. only,02 - Angle,01 - Clear,01 - Daylight,01 - Dry,01 - Traffic signal,01 - Functioning,2,0,0,0,,0,,,,,368243.3766,5030391.226,45.41058165,-75.68946877,10246
17--689,1/16/2017,6:45 AM,STONEHAVEN DR btwn RICHMOND RD & SAWYER WAY/SUMMITVIEW DR (__3ZA5XW),__3ZA5XW,04 - At/near private drive,03 - P.D. only,02 - Angle,01 - Clear,07 - Dark,01 - Dry,10 - No control,,2,0,0,0,,0,,,,,356744.3783,5015871.688,45.28088173,-75.83788997,10247
17--6890,7/1/2017,4:44 AM,PORTAGE AVE btwn DORVAL AVE & DAUPHIN RD (__3ZA77I),__3ZA77I,01 - Non intersection,03 - P.D. only,07 - SMV other,01 - Clear,07 - Dark,01 - Dry,10 - No control,,1,0,0,0,,0,,,,,372137.6759,5028933.144,45.39709859,-75.6399211,10248
17--6891,7/1/2017,5:10 AM,HIGHWAY 417 btwn HWY417 IC169 RAMP25 & HWY417 IC163 RAMP51 (__5SPOUW),__5SPOUW,01 - Non intersection,02 - Non-fatal injury,07 - SMV other,02 - Rain,03 - Dawn,02 - Wet,10 - No control,,1,0,0,0,01 - Minimal,1,1,,,,327277.0067,5023651.18,45.35244616,-76.21313558,10249
17--6892,7/1/2017,6:38 PM,FRANK ST btwn BANK ST & O'CONNOR ST (__3ZA8GQ),__3ZA8GQ,01 - Non intersection,02 - Non-fatal injury,07 - SMV other,01 - Clear,01 - Daylight,01 - Dry,10 - No control,,1,0,1,0,03 - Major,1,,,1,,368007.894,5030672.155,45.41313067,-75.69244089,10250
17--6893,7/1/2017,6:41 PM,DALHOUSIE ST btwn MURRAY ST & CLARENCE ST (__3ZA83M),__3ZA83M,01 - Non intersection,02 - Non-fatal injury,07 - SMV other,01 - Clear,01 - Daylight,01 - Dry,10 - No control,,1,0,0,1,01 - Minimal,1,1,,,,368037.0139,5032512.294,45.42968499,-75.69183269,10251
17--6894,7/1/2017,7:45 AM,HIGHWAY 417 btwn HWY417 IC144 RAMP35 & HWY417 IC144 RAMP25 (__3ZA2QT),__3ZA2QT,01 - Non intersection,03 - P.D. only,07 - SMV other,02 - Rain,01 - Daylight,02 - Wet,10 - No control,,1,0,0,0,,0,,,,,347543.9542,5015944.734,45.28215864,-75.95515117,10252
17--6895,7/1/2017,7:56 PM,HIGHWAY 7 btwn HWY 7 HAZELDEAN RD IC RAMP 63 & HAZELDEAN RD (__7JQ7JC),__7JQ7JC,01 - Non intersection,02 - Non-fatal injury,07 - SMV other,02 - Rain,01 - Daylight,02 - Wet,10 - No control,,1,0,0,0,01 - Minimal,1,1,,,,346324.0265,5012142.77,45.24802009,-75.97101851,10253
17--6896,7/1/2017,8:00 AM,HIGHWAY 417 btwn HIGHWAY 417 & HWY417 IC140 RAMP36 (__3ZA20M),__3ZA20M,01 - Non intersection,03 - P.D. only,07 - SMV other,02 - Rain,01 - Daylight,02 - Wet,10 - No control,,1,0,0,0,,0,,,,,350023.105,5018093.155,45.30133568,-75.9233556,10254
17--6897,7/1/2017,8:28 AM,REGIONAL ROAD 174 EB btwn HWY417 IC113 RAMP65 & OR174 BLAIR IC112 RAMP51 (__3ZAZFJ),__3ZAZFJ,01 - Non intersection,03 - P.D. only,07 - SMV other,02 - Rain,01 - Daylight,02 - Wet,10 - No control,,1,0,0,0,,0,,,,,374696.4453,5032740.005,45.43109998,-75.60670293,10255
17--6898,7/1/2017,9:34 PM,HERON RD @ ALTA VISTA DR (0007188),7188,03 - At intersection,02 - Non-fatal injury,05 - Turning movement,01 - Clear,07 - Dark,02 - Wet,01 - Traffic signal,01 - Functioning,2,0,0,0,01 - Minimal,1,1,,,,370493.0569,5026903.875,45.37899618,-75.66119502,10256
17--6899,7/2/2017,1:00 PM,HIGHWAY 417 btwn HWY417 IC122 RAMP61 & HWY417 IC121B RAMP16 (__3ZA2Y4),__3ZA2Y4,01 - Non intersection,03 - P.D. only,04 - Sideswipe,01 - Clear,01 - Daylight,01 - Dry,10 - No control,,2,0,0,0,,0,,,,,366092.8816,5029349.971,45.40140435,-75.71706959,10257
17--69,1/3/2017,5:28 PM,INDUSTRIAL AVE btwn TRAINYARDS DR & RUSSELL RD (__3ZA3R9),__3ZA3R9,04 - At/near private drive,03 - P.D. only,02 - Angle,03 - Snow,05 - Dusk,04 - Slush,10 - No control,,2,0,0,0,,0,,,,,372170.7581,5030407.772,45.41036348,-75.63929714,10258
17--690,1/16/2017,6:52 PM,WOODFIELD DR btwn DOWNSVIEW CRES & MERIVALE RD (__3ZA00W),__3ZA00W,04 - At/near private drive,03 - P.D. only,02 - Angle,01 - Clear,07 - Dark,06 - Ice,10 - No control,,2,0,0,0,,0,,,,,365329.7296,5022257.522,45.33765416,-75.72768592,10259
17--6900,7/2/2017,1:06 AM,CORKSTOWN RD btwn MOODIE DR & CRYSTAL BEACH DR (__3ZABA2),__3ZABA2,01 - Non intersection,03 - P.D. only,03 - Rear end,02 - Rain,07 - Dark,02 - Wet,10 - No control,,2,0,0,0,,0,,,,,356525.5006,5022537.437,45.34087719,-75.8399839,10260
17--6901,7/2/2017,1:46 PM,HIGHWAY 417 btwn HWY417 IC122 RAMP61 & HWY417 IC121B RAMP16 (__3ZA2Y4),__3ZA2Y4,01 - Non intersection,03 - P.D. only,03 - Rear end,01 - Clear,01 - Daylight,01 - Dry,10 - No control,,2,0,0,0,,0,,,,,365810.0238,5029206.15,45.40013499,-75.72070015,10261
17--6902,7/2/2017,1:50 AM,TENTH LINE RD @ VANGUARD DR (0004632),4632,03 - At intersection,03 - P.D. only,07 - SMV other,01 - Clear,07 - Dark,02 - Wet,01 - Traffic signal,01 - Functioning,1,0,0,0,,0,,,,,384073.7665,5035873.894,45.45829588,-75.48637088,10262
17--6903,7/2/2017,10:07 AM,KING EDWARD AVE @ LAURIER AVE (0002170),2170,02 - Intersection related,03 - P.D. only,04 - Sideswipe,01 - Clear,01 - Daylight,01 - Dry,01 - Traffic signal,01 - Functioning,2,0,0,0,,0,,,,,368739.7072,5032034.85,45.42532523,-75.68291519,10263
17--6904,7/2/2017,10:15 AM,CATHERINE ST/HWY 417 O'CONN IC119BR76 @ O'CONN (0001697),1697,03 - At intersection,03 - P.D. only,04 - Sideswipe,01 - Clear,01 - Daylight,01 - Dry,01 - Traffic signal,01 - Functioning,2,0,0,0,,0,,,,,368242.7419,5030390.696,45.41057694,-75.68947695,10264
17--6905,7/2/2017,10:30 AM,HIGHWAY 417 btwn HWY417 IC117 RAMP26 & HWY417 IC117 RAMP61 (__3ZA2YM),__3ZA2YM,01 - Non intersection,03 - P.D. only,03 - Rear end,01 - Clear,01 - Daylight,01 - Dry,10 - No control,,2,0,0,0,,0,,,,,370940.6224,5031272.19,45.41825849,-75.65489513,10265
17--6906,7/2/2017,Unknown,DALHOUSIE ST btwn BRUYERE ST & ST. ANDREW ST (__3ZA7CJ),__3ZA7CJ,01 - Non intersection,03 - P.D. only,06 - SMV unattended vehicle,01 - Clear,00 - Unknown,01 - Dry,10 - No control,,1,0,0,0,,0,,,,,367852.311,5032817.03,45.43244357,-75.69415393,10266
17--6907,7/2/2017,Unknown,MONTFORT ST btwn STE. ANNE ST & GRANVILLE ST (__3ZA52J),__3ZA52J,01 - Non intersection,03 - P.D. only,06 - SMV unattended vehicle,01 - Clear,00 - Unknown,01 - Dry,10 - No control,,1,0,0,0,,0,,,,,370775.4926,5033596.088,45.43918352,-75.65669351,10267
17--6908,7/2/2017,12:30 AM,HWY417 IC88 RAMP16 btwn HIGHWAY 417 & ROCKDALE RD (__3ZAY6S),__3ZAY6S,01 - Non intersection,01 - Fatal injury,07 - SMV other,01 - Clear,07 - Dark,01 - Dry,10 - No control,,1,0,0,1,04 - Fatal,1,,,,1,395394.7262,5022498.702,45.33658636,-75.34410033,10268
17--6909,7/2/2017,12:40 PM,HIGHWAY 417 btwn HWY417 IC123 RAMP62 & HWY417 IC122 RAMP16 (__3ZA2R9),__3ZA2R9,01 - Non intersection,03 - P.D. only,03 - Rear end,01 - Clear,01 - Daylight,01 - Dry,10 - No control,,3,0,0,0,,0,,,,,365137.1623,5028717.679,45.39579815,-75.72935378,10269
17--691,1/16/2017,6:53 AM,INNES RD btwn ANDERSON RD & INNES RD (__3ZA3J2),__3ZA3J2,01 - Non intersection,03 - P.D. only,03 - Rear end,01 - Clear,07 - Dark,01 - Dry,10 - No control,,3,0,0,0,,0,,,,,376540.0409,5031992.784,45.42419025,-75.58325307,10270
17--6910,7/2/2017,2:00 PM,HIGHWAY 417 btwn HWY417 IC163 RAMP16 & HWY417 IC163 RAMP61 (__3ZAZNM),__3ZAZNM,01 - Non intersection,03 - P.D. only,07 - SMV other,02 - Rain,01 - Daylight,02 - Wet,10 - No control,,1,0,0,0,,0,,,,,331625.4501,5021410.578,45.33213118,-76.15776067,10271
17--6911,7/2/2017,2:06 PM,CARLING AVE WB btwn POULIN AVE & ALPINE AVE (__3ZA4VZ),__3ZA4VZ,01 - Non intersection,03 - P.D. only,03 - Rear end,02 - Rain,01 - Daylight,02 - Wet,10 - No control,,3,0,0,0,,0,,,,,360485.6402,5024937.168,45.36216675,-75.78918614,10272