Anom_ID,Accident_Date,Accident_Time,Location,Geo_ID,Accident_Location,Classification_of_Accident,Initial_Impact_Type,Environment_Condition,Light,Road_Surface_Condition,Traffic_Control,Traffic_Control_Condition,No__of_Vehicles,No__of_Bicycles,No__of_Motorcycles,No__of_Pedestrians,Max_Injury,No__of_Injuries,No__of_Minimal,No__of_Minor,No__of_Major,No__of_Fatal,X,Y,Latitude,Longitude,ObjectId
17--6912,7/2/2017,2:25 PM,MURRAY ST btwn PARENT AVE & DALHOUSIE ST (__3ZA3WK),__3ZA3WK,01 - Non intersection,03 - P.D. only,06 - SMV unattended vehicle,01 - Clear,01 - Daylight,01 - Dry,10 - No control,,1,0,0,0,,0,,,,,367904.9934,5032517.129,45.42974042,-75.69351912,10273
17--6913,7/2/2017,3:20 PM,BRONSON AVE btwn BRONSON AVE SB ON RAMP 43 & SUNNYSIDE AVE/UNIVERSITY  (__3ZA3NU),__3ZA3NU,01 - Non intersection,03 - P.D. only,07 - SMV other,02 - Rain,01 - Daylight,02 - Wet,10 - No control,,1,0,0,0,,0,,,,,367847.4593,5028228.002,45.39115339,-75.69480291,10274
17--6914,7/2/2017,3:20 PM,AIRPORT PKWY btwn RAMP & RAMP (4) (__3ZA22T),__3ZA22T,01 - Non intersection,03 - P.D. only,05 - Turning movement,01 - Clear,01 - Daylight,01 - Dry,10 - No control,,2,0,0,0,,0,,,,,371310.2187,5021649.906,45.33164558,-75.65146904,10275
17--6915,7/2/2017,3:39 PM,TERRY FOX DR @ WESTPHALIAN AVE (0014366),14366,02 - Intersection related,03 - P.D. only,03 - Rear end,02 - Rain,01 - Daylight,02 - Wet,01 - Traffic signal,01 - Functioning,2,0,0,0,,0,,,,,353455.2261,5015759.789,45.28011017,-75.87982363,10276
17--6916,7/2/2017,3:49 AM,HARBOUR ST btwn CREEK DR & FITZROY ST (__3ZAC1I),__3ZAC1I,01 - Non intersection,03 - P.D. only,06 - SMV unattended vehicle,01 - Clear,07 - Dark,01 - Dry,10 - No control,,1,0,0,0,,0,,,,,326926.4957,5036906.347,45.47173345,-76.2170139,10277
17--6917,7/2/2017,3:56 PM,FISHER AVE @ DEER PARK RD/DYNES RD (0002341),2341,02 - Intersection related,02 - Non-fatal injury,02 - Angle,01 - Clear,01 - Daylight,02 - Wet,01 - Traffic signal,01 - Functioning,2,0,0,0,02 - Minor,1,,1,,,366406.0452,5025454.532,45.3663266,-75.7135559,10278
17--6918,7/2/2017,4:25 PM,COLONEL BY DR @ HOG'S BACK RD (0002635),2635,02 - Intersection related,03 - P.D. only,03 - Rear end,01 - Clear,01 - Daylight,02 - Wet,01 - Traffic signal,00 - Unknown,2,0,0,0,,0,,,,,367602.6985,5025873.54,45.36999054,-75.69822801,10279
17--6919,7/2/2017,4:56 PM,KING EDWARD AVE @ MURRAY ST (0002713),2713,02 - Intersection related,03 - P.D. only,04 - Sideswipe,01 - Clear,01 - Daylight,01 - Dry,01 - Traffic signal,01 - Functioning,2,0,0,0,,0,,,,,368292.3408,5032752.3,45.43182134,-75.688539,10280
17--692,1/16/2017,6:56 PM,BELFAST RD @ ST. LAURENT BLVD (0007658),7658,03 - At intersection,03 - P.D. only,05 - Turning movement,01 - Clear,07 - Dark,02 - Wet,01 - Traffic signal,01 - Functioning,2,0,0,0,,0,,,,,372861.8096,5030577.748,45.41182598,-75.63044608,10281
17--6920,7/2/2017,5:02 PM,RUSSELL RD btwn TUPPER AVE & SOUTHVALE CRES (__3ZA2EP),__3ZA2EP,01 - Non intersection,03 - P.D. only,07 - SMV other,02 - Rain,01 - Daylight,02 - Wet,10 - No control,,1,0,0,0,,0,,,,,374302.555,5028720.452,45.39497335,-75.61230316,10282
17--6921,7/2/2017,5:02 PM,PRINCE OF WALES DR btwn WATERBEND LANE & TURN LANE (__3ZA1H4),__3ZA1H4,01 - Non intersection,03 - P.D. only,03 - Rear end,02 - Rain,01 - Daylight,02 - Wet,10 - No control,,2,0,0,0,,0,,,,,367421.1207,5021663.379,45.33212463,-75.70107907,10283
17--6922,7/2/2017,5:15 PM,ST. LAURENT BLVD btwn HWY417 IC115 RAMP36 & TRANSIT (__3ZA1KA),__3ZA1KA,01 - Non intersection,03 - P.D. only,04 - Sideswipe,01 - Clear,01 - Daylight,01 - Dry,10 - No control,,2,0,0,0,,0,,,,,372412.0252,5031695.848,45.42192973,-75.63603843,10284
17--6923,7/2/2017,5:33 PM,DEVINE RD @ ROCKDALE RD (0012909),12909,03 - At intersection,03 - P.D. only,02 - Angle,02 - Rain,01 - Daylight,02 - Wet,02 - Stop sign,01 - Functioning,2,0,0,0,,0,,,,,394886.8733,5024095.787,45.35102051,-75.35028787,10285
17--6924,7/2/2017,5:37 PM,HIGHWAY 417 btwn HWY417 IC127 RAMP25 & HWY417 IC126 RAMP51 (__3ZA2XA),__3ZA2XA,01 - Non intersection,03 - P.D. only,04 - Sideswipe,01 - Clear,01 - Daylight,01 - Dry,10 - No control,,2,0,0,0,,0,,,,,362749.4729,5025310.474,45.36534223,-75.76024745,10286
17--6925,7/2/2017,5:53 PM,COVENTRY RD @ VANIER PKWY (0002139),2139,03 - At intersection,03 - P.D. only,04 - Sideswipe,01 - Clear,01 - Daylight,01 - Dry,01 - Traffic signal,01 - Functioning,2,0,0,0,,0,,,,,370677.3882,5031611.034,45.42133211,-75.65821291,10287
17--6926,7/2/2017,6:00 PM,ROGER STEVENS DR btwn MONTAGUE BOUNDARY RD & MCKENNA RD (__3ZA427),__3ZA427,01 - Non intersection,03 - P.D. only,07 - SMV other,01 - Clear,01 - Daylight,01 - Dry,10 - No control,,1,0,0,0,,0,,,,,352961.9426,4988130.237,45.0315206,-75.88877458,10288
17--6927,7/2/2017,7:25 PM,MACKENZIE KING BR/WALLER ST @ NICHOLAS ST/WALL (0011251),11251,02 - Intersection related,03 - P.D. only,04 - Sideswipe,01 - Clear,01 - Daylight,01 - Dry,01 - Traffic signal,01 - Functioning,2,0,0,0,,0,,,,,368372.1702,5031992.851,45.42498084,-75.68761688,10289
17--6928,7/2/2017,7:29 PM,ROCKDALE RD btwn HWY417 IC88 RAMP15 & HWY417 IC88 RAMP16 (__3ZA2E0),__3ZA2E0,07 - Overpass or bridge,03 - P.D. only,03 - Rear end,02 - Rain,01 - Daylight,02 - Wet,10 - No control,,3,0,0,0,,0,,,,,395323.0372,5022518.697,45.3367755,-75.34501116,10290
17--6929,7/2/2017,9:39 PM,TENTH LINE RD @ CHARLEMAGNE BLVD S/DES EPINETT (0003686),3686,03 - At intersection,02 - Non-fatal injury,05 - Turning movement,02 - Rain,07 - Dark,02 - Wet,01 - Traffic signal,01 - Functioning,2,0,0,0,01 - Minimal,1,1,,,,383640.9751,5036900.456,45.46758093,-75.49173924,10291
17--693,1/16/2017,7:02 AM,HIGHWAY 417 btwn HWY417 IC129 RAMP25 & TRANSIT (__3ZA2SH),__3ZA2SH,01 - Non intersection,03 - P.D. only,03 - Rear end,01 - Clear,03 - Dawn,01 - Dry,10 - No control,,2,0,0,0,,0,,,,,361753.7748,5024532.615,45.35842473,-75.77304662,10292
17--6930,7/2/2017,9:55 PM,PINECREST RD btwn CARLING AVE & RICHMOND RD (__3ZA4M9),__3ZA4M9,04 - At/near private drive,03 - P.D. only,03 - Rear end,01 - Clear,07 - Dark,02 - Wet,10 - No control,,2,0,0,0,,0,,,,,360023.0774,5024592.1,45.35909843,-75.79512875,10293
17--6931,7/3/2017,1:06 AM,MERIVALE RD @ WEST HUNT CLUB RD (0000584),584,02 - Intersection related,03 - P.D. only,03 - Rear end,02 - Rain,07 - Dark,02 - Wet,01 - Traffic signal,01 - Functioning,2,0,0,0,,0,,,,,365614.3674,5021941.829,45.33478898,-75.72409328,10294
17--6932,7/3/2017,1:30 PM,WEST HUNT CLUB RD @ 545 E OF ROYDON PL/SUNDERLAND ST (0010375),10375,03 - At intersection,02 - Non-fatal injury,02 - Angle,01 - Clear,01 - Daylight,01 - Dry,01 - Traffic signal,01 - Functioning,3,0,0,0,02 - Minor,1,,1,,,366353.7134,5022408.84,45.33892661,-75.71460305,10295
17--6933,7/3/2017,10:19 PM,COVENTRY RD @ VANIER PKWY (0002139),2139,02 - Intersection related,03 - P.D. only,04 - Sideswipe,01 - Clear,07 - Dark,01 - Dry,01 - Traffic signal,01 - Functioning,2,0,0,0,,0,,,,,370675.4873,5031611.581,45.42133721,-75.65823712,10296
17--6934,7/3/2017,11:50 PM,CUMBERLAND ST @ ST. PATRICK ST (0008238),8238,02 - Intersection related,03 - P.D. only,03 - Rear end,01 - Clear,07 - Dark,01 - Dry,01 - Traffic signal,00 - Unknown,2,0,0,0,,0,,,,,368130.3769,5032748.582,45.43180258,-75.69060924,10297
17--6935,7/3/2017,Unknown,COLDWATER CRES btwn MEADOWBREEZE DR/AUTUMNFIELD ST & MEADOWBREEZE DR/RIVERTREE ST (__807KIY),__807KIY,01 - Non intersection,03 - P.D. only,06 - SMV unattended vehicle,01 - Clear,00 - Unknown,01 - Dry,10 - No control,,1,0,0,0,,0,,,,,355713.317,5015045.093,45.27351928,-75.85111634,10298
17--6936,7/3/2017,12:07 PM,AVENUE P btwn AVENUE R & END (__3037QP),__3037QP,04 - At/near private drive,02 - Non-fatal injury,99 - Other,01 - Clear,01 - Daylight,01 - Dry,10 - No control,,2,0,0,0,02 - Minor,1,,1,,,371947.4709,5031139.073,45.41696486,-75.64204981,10299
17--6937,7/3/2017,2:00 PM,ASPER TRAIL CIR btwn ASPER TRAIL CIR & RIVERTREE ST (e___2HSV),e___2HSV,04 - At/near private drive,03 - P.D. only,06 - SMV unattended vehicle,01 - Clear,01 - Daylight,01 - Dry,10 - No control,,1,0,0,0,,0,,,,,356078.9487,5015414.187,45.27681389,-75.84641859,10300
17--6758,6/28/2017,4:51 PM,BESSERER ST @ DALHOUSIE ST (0011452),11452,03 - At intersection,03 - P.D. only,04 - Sideswipe,01 - Clear,01 - Daylight,01 - Dry,01 - Traffic signal,01 - Functioning,2,0,0,0,,0,,,,,368253.705,5032156.906,45.42646771,-75.68910945,10301
17--6759,6/28/2017,5:04 PM,ROSEMEADE PL btwn DALECROFT CRES & GLENARDEN CRT (__3ZA5AH),__3ZA5AH,04 - At/near private drive,03 - P.D. only,06 - SMV unattended vehicle,01 - Clear,01 - Daylight,01 - Dry,10 - No control,,1,0,0,0,,0,,,,,362280.9246,5022371.174,45.3389332,-75.7665699,10302
17--676,1/16/2017,2:44 PM,ROYDON PL btwn WOODFIELD DR & WEST HUNT CLUB RD (__3ZAYGP),__3ZAYGP,04 - At/near private drive,03 - P.D. only,02 - Angle,01 - Clear,01 - Daylight,01 - Dry,10 - No control,,2,0,0,0,,0,,,,,365924.3182,5022247.916,45.33751618,-75.7201013,10303
17--6760,6/28/2017,5:30 PM,MONTREAL RD @ OGILVIE RD (0009279),9279,02 - Intersection related,03 - P.D. only,03 - Rear end,01 - Clear,01 - Daylight,01 - Dry,01 - Traffic signal,01 - Functioning,2,0,0,0,,0,,,,,375655.0695,5034557.255,45.44735405,-75.59419136,10304
17--6761,6/28/2017,5:32 PM,DRIVEWAY (THE) @ PRINCE OF WALES DR (0002128),2128,03 - At intersection,02 - Non-fatal injury,04 - Sideswipe,01 - Clear,01 - Daylight,01 - Dry,11 - Roundabout,01 - Functioning,2,1,0,0,01 - Minimal,1,1,,,,366884.0462,5028138.215,45.39043158,-75.70711704,10305
17--6762,6/28/2017,5:40 PM,INNES RD @ ORCHARDVIEW AVE/ESPRIT DR (0012279),12279,02 - Intersection related,03 - P.D. only,03 - Rear end,01 - Clear,01 - Daylight,01 - Dry,01 - Traffic signal,01 - Functioning,2,0,0,0,,0,,,,,384842.7425,5036565.531,45.46443091,-75.47642739,10306
17--6763,6/28/2017,5:55 PM,CARLING AVE @ CLYDE AVE/COLE AVE (0006984),6984,02 - Intersection related,03 - P.D. only,04 - Sideswipe,01 - Clear,01 - Daylight,01 - Dry,01 - Traffic signal,01 - Functioning,2,0,0,0,,0,,,,,363520.9288,5026850.937,45.37913891,-75.75021716,10307
17--6764,6/28/2017,6:14 PM,BEAVERPOND DR @ BLAIR RD (0004166),4166,02 - Intersection related,03 - P.D. only,03 - Rear end,02 - Rain,01 - Daylight,02 - Wet,01 - Traffic signal,01 - Functioning,3,0,0,0,,0,,,,,375400.0644,5031875.905,45.42325462,-75.59783545,10308
17--6765,6/28/2017,6:28 AM,EARL ARMSTRONG RD @ BOWESVILLE RD (0009411),9411,03 - At intersection,02 - Non-fatal injury,05 - Turning movement,01 - Clear,01 - Daylight,01 - Dry,02 - Stop sign,01 - Functioning,2,0,0,0,01 - Minimal,1,1,,,,372561.7443,5017440.464,45.29365053,-75.63607968,10309
17--6766,6/28/2017,6:30 PM,HIGHWAY 417 btwn HWY417 IC138 RAMP36 & HIGHWAY 417 (__3ZA29F),__3ZA29F,01 - Non intersection,03 - P.D. only,03 - Rear end,02 - Rain,01 - Daylight,02 - Wet,10 - No control,,2,0,0,0,,0,,,,,352493.5845,5019925.818,45.31766302,-75.89167962,10310
17--6767,6/28/2017,6:34 PM,BANNOCK CRES btwn HALTON TER & HALTON TER (__3ZA588),__3ZA588,01 - Non intersection,03 - P.D. only,99 - Other,01 - Clear,01 - Daylight,01 - Dry,10 - No control,,2,0,0,0,,0,,,,,349102.0097,5023398.891,45.34913683,-75.93462528,10311
17--6768,6/28/2017,6:36 PM,CARP RD btwn HWY417 IC144 RAMP16 & HWY417 IC144 RAMP35 (__3ZA3F4),__3ZA3F4,01 - Non intersection,03 - P.D. only,03 - Rear end,02 - Rain,01 - Daylight,02 - Wet,10 - No control,,2,0,0,0,,0,,,,,347398.6298,5015816.458,45.28101319,-75.95701452,10312
17--6769,6/28/2017,6:40 PM,BRONSON AVE btwn PLYMOUTH ST & RENFREW AVE (__3ZA3B1),__3ZA3B1,04 - At/near private drive,03 - P.D. only,02 - Angle,02 - Rain,01 - Daylight,02 - Wet,10 - No control,,2,0,0,0,,0,,,,,367330.409,5029615.458,45.40368369,-75.70122978,10313
17--677,1/16/2017,2:45 PM,WEST HUNT CLUB RD WB btwn CEDARVIEW RD & GREENBANK RD (__3ZA199),__3ZA199,01 - Non intersection,03 - P.D. only,04 - Sideswipe,01 - Clear,01 - Daylight,01 - Dry,10 - No control,,2,0,0,0,,0,,,,,360601.5677,5020013.742,45.31785658,-75.78826175,10314
17--6770,6/28/2017,6:42 PM,CUMMINGS AVE/LABELLE ST @ CYRVILLE RD (0008791),8791,02 - Intersection related,02 - Non-fatal injury,03 - Rear end,01 - Clear,01 - Daylight,01 - Dry,01 - Traffic signal,01 - Functioning,2,0,0,0,01 - Minimal,1,1,,,,372861.0504,5031872.236,45.42347325,-75.63027698,10315
17--6771,6/28/2017,6:50 PM,ALPINE AVE @ CARLING AVE (0011382),11382,02 - Intersection related,03 - P.D. only,03 - Rear end,02 - Rain,01 - Daylight,02 - Wet,01 - Traffic signal,01 - Functioning,2,0,0,0,,0,,,,,360498.3492,5024943.188,45.36221991,-75.78902324,10316
17--6772,6/28/2017,7:16 PM,NAVAN RD btwn DIAMOND WAY & TENTH LINE RD (__3ZA3YY),__3ZA3YY,04 - At/near private drive,03 - P.D. only,03 - Rear end,02 - Rain,01 - Daylight,02 - Wet,10 - No control,,2,0,0,0,,0,,,,,384894.1574,5032036.356,45.42367565,-75.4765072,10317
17--6773,6/28/2017,7:36 PM,HAZELDEAN RD @ EDGEWATER ST (0003176),3176,02 - Intersection related,03 - P.D. only,04 - Sideswipe,02 - Rain,01 - Daylight,02 - Wet,01 - Traffic signal,01 - Functioning,2,0,0,0,,0,,,,,352322.262,5017352.015,45.29451495,-75.89411145,10318
17--6774,6/28/2017,7:38 PM,GRANT CARMAN DR @ VIEWMOUNT DR (0001527),1527,03 - At intersection,02 - Non-fatal injury,02 - Angle,01 - Clear,01 - Daylight,01 - Dry,02 - Stop sign,01 - Functioning,2,0,0,0,02 - Minor,2,,2,,,365434.3703,5023082.846,45.34507128,-75.72624975,10319
17--6775,6/28/2017,7:56 PM,ARLINGTON AVE btwn ARTHUR LANE N & CAMBRIDGE ST N (__3ZAZBY),__3ZAZBY,01 - Non intersection,03 - P.D. only,04 - Sideswipe,01 - Clear,01 - Daylight,01 - Dry,10 - No control,,2,0,0,0,,0,,,,,367106.774,5029818.81,45.40553333,-75.70406055,10320
17--6776,6/28/2017,8:11 AM,BANTREE ST @ INNES RD (0007684),7684,03 - At intersection,02 - Non-fatal injury,05 - Turning movement,01 - Clear,01 - Daylight,01 - Dry,01 - Traffic signal,01 - Functioning,2,0,0,0,02 - Minor,1,,1,,,373706.7265,5030407.893,45.41021503,-75.61967648,10321
17--6777,6/28/2017,8:32 AM,BANK ST btwn CHAMBERLAIN AVE S & PRETORIA AVE (__3ZA3PL),__3ZA3PL,01 - Non intersection,03 - P.D. only,04 - Sideswipe,01 - Clear,01 - Daylight,01 - Dry,10 - No control,,3,0,0,0,,0,,,,,368098.9811,5030126.838,45.40821585,-75.69134728,10322
17--6778,6/28/2017,8:43 AM,CYRVILLE RD @ OGILVIE RD (0003554),3554,02 - Intersection related,03 - P.D. only,03 - Rear end,01 - Clear,01 - Daylight,01 - Dry,01 - Traffic signal,01 - Functioning,2,0,0,0,,0,,,,,372453.3847,5032005.57,45.42471247,-75.63546745,10323
17--6779,6/28/2017,8:50 AM,RIVERSIDE DR @ SMYTH RD SOUTH SIDE RAMP (0011480),11480,02 - Intersection related,03 - P.D. only,03 - Rear end,01 - Clear,01 - Daylight,01 - Dry,01 - Traffic signal,01 - Functioning,2,0,0,0,,0,,,,,369789.9734,5028998.995,45.39791295,-75.66989553,10324
17--678,1/16/2017,2:45 PM,WEST HUNT CLUB RD WB btwn CEDARVIEW RD & GREENBANK RD (__3ZA199),__3ZA199,01 - Non intersection,03 - P.D. only,04 - Sideswipe,01 - Clear,01 - Daylight,01 - Dry,10 - No control,,2,0,0,0,,0,,,,,361432.6001,5020478.119,45.3219685,-75.77760983,10325
17--6780,6/28/2017,8:54 PM,HAZELDEAN RD @ TERRY FOX DR (0003682),3682,02 - Intersection related,03 - P.D. only,03 - Rear end,02 - Rain,05 - Dusk,02 - Wet,01 - Traffic signal,01 - Functioning,2,0,0,0,,0,,,,,352207.9455,5017243.789,45.29354882,-75.8955792,10326
17--6781,6/28/2017,9:33 PM,ALBION RD @ LESTER RD (0004175),4175,02 - Intersection related,03 - P.D. only,03 - Rear end,01 - Clear,07 - Dark,01 - Dry,01 - Traffic signal,01 - Functioning,2,0,0,0,,0,,,,,372694.2337,5022331.477,45.3376456,-75.63372041,10327
17--6782,6/28/2017,9:56 PM,ST. LAURENT BLVD @ MCARTHUR AVE (0008246),8246,03 - At intersection,02 - Non-fatal injury,05 - Turning movement,01 - Clear,07 - Dark,01 - Dry,01 - Traffic signal,01 - Functioning,2,0,0,0,01 - Minimal,1,1,,,,371920.8492,5032887.074,45.43269513,-75.64215173,10328
17--6783,6/29/2017,10:30 PM,PRINCE OF WALES DR btwn HARTWELL LOCKS/548 N OF RIDEAUVIEW TER & FAIRC (__3ZA30ZB),__3ZA30ZB,04 - At/near private drive,03 - P.D. only,07 - SMV other,02 - Rain,07 - Dark,02 - Wet,10 - No control,,1,0,0,0,,0,,,,,367101.7978,5026902.798,45.37929627,-75.70449231,10329
17--6784,6/29/2017,11:37 AM,BROADVIEW AVE btwn WELLESLEY AVE & CARLING AVE (__3ZA0N7),__3ZA0N7,04 - At/near private drive,02 - Non-fatal injury,07 - SMV other,02 - Rain,01 - Daylight,02 - Wet,10 - No control,,1,0,0,1,01 - Minimal,1,1,,,,363174.3321,5026650.582,45.37736511,-75.75466601,10330
17--6785,6/29/2017,11:50 AM,BREWER RD @ BRONSON AVE (0002240),2240,02 - Intersection related,02 - Non-fatal injury,04 - Sideswipe,02 - Rain,01 - Daylight,02 - Wet,01 - Traffic signal,01 - Functioning,3,0,0,0,02 - Minor,2,,2,,,368109.6559,5027767.349,45.38698491,-75.69151375,10331
17--6786,6/29/2017,11:53 AM,MARCH RD @ TERRY FOX DR (0003173),3173,02 - Intersection related,03 - P.D. only,03 - Rear end,02 - Rain,01 - Daylight,02 - Wet,01 - Traffic signal,01 - Functioning,2,0,0,0,,0,,,,,349864.9431,5023398.84,45.34908777,-75.92488935,10332
17--6787,6/29/2017,12:01 PM,DALY AVE @ NICHOLAS ST (0011451),11451,02 - Intersection related,03 - P.D. only,99 - Other,02 - Rain,01 - Daylight,02 - Wet,01 - Traffic signal,01 - Functioning,2,0,0,0,,0,,,,,368228.0355,5032047.243,45.42548332,-75.68945158,10333
17--6788,6/29/2017,12:08 PM,BLAIR RD @ REGIONAL RD 174 S/OR174 IC112 RAMP15 (0012435),12435,02 - Intersection related,03 - P.D. only,03 - Rear end,02 - Rain,01 - Daylight,02 - Wet,01 - Traffic signal,01 - Functioning,2,0,0,0,,0,,,,,374906.8867,5032662.209,45.43037895,-75.60402483,10334
17--6789,6/29/2017,12:40 PM,JOHNSTON RD @ ZAIDAN DR (0008978),8978,02 - Intersection related,03 - P.D. only,07 - SMV other,02 - Rain,01 - Daylight,02 - Wet,02 - Stop sign,01 - Functioning,1,0,0,0,,0,,,,,372796.9032,5025722.712,45.36814875,-75.6319442,10335
17--679,1/16/2017,2:47 PM,COLONNADE RD @ MERIVALE RD (0004569),4569,03 - At intersection,03 - P.D. only,04 - Sideswipe,01 - Clear,01 - Daylight,01 - Dry,01 - Traffic signal,01 - Functioning,2,0,0,0,,0,,,,,365365.3232,5022545.311,45.34024058,-75.72719658,10336
17--6790,6/29/2017,12:45 PM,GOULBOURN FORCED RD @ INNOVATION DR (0013945),13945,03 - At intersection,03 - P.D. only,02 - Angle,02 - Rain,01 - Daylight,02 - Wet,02 - Stop sign,01 - Functioning,2,0,0,0,,0,,,,,349438.006,5022666.636,45.34252653,-75.93040365,10337
17--6791,6/29/2017,2:08 PM,MONTREAL RD @ 46 E OF HILLSIDE DR/MONTREAL SQU (0008215),8215,03 - At intersection,03 - P.D. only,05 - Turning movement,02 - Rain,01 - Daylight,02 - Wet,01 - Traffic signal,01 - Functioning,2,0,0,0,,0,,,,,371750.4695,5033917.709,45.44198463,-75.64418887,10338
17--6792,6/29/2017,2:10 PM,CYRVILLE RD btwn LABRIE AVE & STAR TOP RD (__3ZA3SO),__3ZA3SO,04 - At/near private drive,03 - P.D. only,02 - Angle,02 - Rain,01 - Daylight,02 - Wet,10 - No control,,2,0,0,0,,0,,,,,373810.5825,5031525.365,45.42025925,-75.61819334,10339
17--6793,6/29/2017,2:11 PM,STRANDHERD DR btwn ANDORA AVE & JOCKVALE RD (__3ZAZMN),__3ZAZMN,01 - Non intersection,02 - Non-fatal injury,07 - SMV other,02 - Rain,01 - Daylight,02 - Wet,10 - No control,,1,0,0,0,01 - Minimal,1,1,,,,363533.3902,5014561.115,45.26855475,-75.75151573,10340
17--6794,6/29/2017,2:19 PM,INNES RD @ STAR TOP RD/WINDMILL LANE (0008734),8734,02 - Intersection related,03 - P.D. only,03 - Rear end,02 - Rain,01 - Daylight,02 - Wet,01 - Traffic signal,01 - Functioning,2,0,0,0,,0,,,,,374148.0603,5030667.898,45.41251083,-75.61400228,10341
17--6795,6/29/2017,2:30 PM,CLEARBROOK DR @ CHAPMAN MILLS DR (0010970),10970,02 - Intersection related,03 - P.D. only,03 - Rear end,02 - Rain,01 - Daylight,02 - Wet,01 - Traffic signal,00 - Unknown,2,0,0,0,,0,,,,,365923.4838,5015084.398,45.27305957,-75.72099531,10342
17--6796,6/29/2017,2:55 PM,ST. JOSEPH BLVD/OLD MONTREAL RD @ TRIM RD (0004118),4118,03 - At intersection,03 - P.D. only,02 - Angle,02 - Rain,01 - Daylight,02 - Wet,11 - Roundabout,01 - Functioning,2,0,0,0,,0,,,,,384681.7507,5039286.251,45.48892776,-75.47804337,10343
17--6797,6/29/2017,2:58 PM,ANDERSON RD @ INNES RD (0004200),4200,02 - Intersection related,03 - P.D. only,03 - Rear end,02 - Rain,01 - Daylight,02 - Wet,01 - Traffic signal,01 - Functioning,2,0,0,0,,0,,,,,376281.4886,5031840.93,45.42285043,-75.58657866,10344
17--6798,6/29/2017,2:59 PM,HUNT CLUB RD @ DOWNPATRICK RD/MCCARTHY RD (0006931),6931,03 - At intersection,03 - P.D. only,02 - Angle,02 - Rain,01 - Daylight,02 - Wet,01 - Traffic signal,01 - Functioning,2,0,0,0,,0,,,,,370507.4,5023400.509,45.34747265,-75.66147773,10345
17--6799,6/29/2017,3:15 PM,ABBOTT ST @ GRANITE RIDGE DR (0009728),9728,03 - At intersection,03 - P.D. only,02 - Angle,02 - Rain,01 - Daylight,02 - Wet,02 - Stop sign,01 - Functioning,2,0,0,0,,0,,,,,351484.2022,5014433.244,45.26830716,-75.90507034,10346
17--68,1/3/2017,5:10 PM,HIGHWAY 417 btwn HWY417 IC180 RAMP61 & HWY417 IC169 RAMP36 (__5DVYB1),__5DVYB1,01 - Non intersection,03 - P.D. only,07 - SMV other,04 - Freezing Rain,05 - Dusk,04 - Slush,10 - No control,,1,0,0,0,,0,,,,,319199.3298,5030946.104,45.41830243,-76.31601401,10347
17--680,1/16/2017,2:52 PM,O'CONNOR ST @ SLATER ST (0002230),2230,03 - At intersection,03 - P.D. only,04 - Sideswipe,01 - Clear,01 - Daylight,01 - Dry,01 - Traffic signal,01 - Functioning,2,0,0,0,,0,,,,,367580.2476,5031450.848,45.4201756,-75.69780486,10348
17--6800,6/29/2017,3:32 PM,HIGHWAY 417 btwn HIGHWAY 417 & HWY417 IC140 RAMP51 (__3ZA20L),__3ZA20L,01 - Non intersection,02 - Non-fatal injury,04 - Sideswipe,02 - Rain,01 - Daylight,02 - Wet,10 - No control,,2,0,0,0,01 - Minimal,1,1,,,,349470.2482,5017680.316,45.2976562,-75.93044198,10349
17--6801,6/29/2017,3:45 PM,DES EPINETTES AVE @ JEANNE D'ARC BLVD (0004221),4221,02 - Intersection related,03 - P.D. only,03 - Rear end,02 - Rain,01 - Daylight,02 - Wet,01 - Traffic signal,01 - Functioning,2,0,0,0,,0,,,,,382226.4137,5035959.24,45.45927091,-75.50997491,10350
17--6802,6/29/2017,3:54 PM,HOG'S BACK RD btwn COLONEL BY DR & RIVERSIDE DR (__3ZA22W),__3ZA22W,07 - Overpass or bridge,03 - P.D. only,03 - Rear end,02 - Rain,01 - Daylight,02 - Wet,10 - No control,,3,0,0,0,,0,,,,,367838.372,5026039.527,45.37146289,-75.69519839,10351
17--6803,6/29/2017,4:10 PM,INNES RD @ ORLEANS BLVD (0003611),3611,02 - Intersection related,03 - P.D. only,04 - Sideswipe,02 - Rain,01 - Daylight,02 - Wet,01 - Traffic signal,01 - Functioning,2,0,0,0,,0,,,,,380459.2296,5034296.323,45.44450287,-75.5328238,10352
17--6804,6/29/2017,4:15 PM,CUMBERLAND ST @ ST. PATRICK ST (0008238),8238,02 - Intersection related,03 - P.D. only,04 - Sideswipe,02 - Rain,01 - Daylight,02 - Wet,01 - Traffic signal,01 - Functioning,2,0,0,0,,0,,,,,368128.761,5032748.194,45.43179923,-75.69062994,10353
17--6805,6/29/2017,4:24 PM,JOHNSTON RD btwn BANK PL & SOUTHGATE RD (__3ZA9FK),__3ZA9FK,01 - Non intersection,03 - P.D. only,03 - Rear end,02 - Rain,01 - Daylight,02 - Wet,10 - No control,,2,0,0,0,,0,,,,,370909.818,5024875.252,45.36070412,-75.65614565,10354
17--6806,6/29/2017,4:30 PM,SLACK RD btwn TURN LANE & VAAN DR (__3ZA543),__3ZA543,01 - Non intersection,03 - P.D. only,03 - Rear end,02 - Rain,01 - Daylight,02 - Wet,10 - No control,,2,0,0,0,,0,,,,,364383.8507,5020054.746,45.31791474,-75.74001865,10355