Anom_ID,Accident_Date,Accident_Time,Location,Geo_ID,Accident_Location,Classification_of_Accident,Initial_Impact_Type,Environment_Condition,Light,Road_Surface_Condition,Traffic_Control,Traffic_Control_Condition,No__of_Vehicles,No__of_Bicycles,No__of_Motorcycles,No__of_Pedestrians,Max_Injury,No__of_Injuries,No__of_Minimal,No__of_Minor,No__of_Major,No__of_Fatal,X,Y,Latitude,Longitude,ObjectId
17--6807,6/29/2017,4:35 PM,BANK ST @ SLATER ST (0002223),2223,02 - Intersection related,03 - P.D. only,04 - Sideswipe,02 - Rain,01 - Daylight,02 - Wet,01 - Traffic signal,01 - Functioning,2,0,0,0,,0,,,,,367425.0369,5031354.577,45.41932329,-75.69980016,10356
17--6808,6/29/2017,4:37 PM,SMYTH RD @ SMYTH RD NORTH SIDE RAMP/SMYTH RD S (0006582),6582,02 - Intersection related,03 - P.D. only,03 - Rear end,02 - Rain,01 - Daylight,02 - Wet,03 - Yield sign,01 - Functioning,2,0,0,0,,0,,,,,369917.8336,5029121.427,45.39900266,-75.6682464,10357
17--6809,6/29/2017,4:39 PM,CHURCHILL AVE   N btwn RICHMOND RD & DANFORTH AVE (__3ZBOGA),__3ZBOGA,01 - Non intersection,03 - P.D. only,04 - Sideswipe,02 - Rain,01 - Daylight,02 - Wet,10 - No control,,2,0,0,0,,0,,,,,363241.6001,5028258.991,45.39183173,-75.75361677,10358
17--681,1/16/2017,3:12 PM,JEANNE D'ARC BLVD @ OR174 IC105 RAMP52 (0012417),12417,03 - At intersection,02 - Non-fatal injury,07 - SMV other,01 - Clear,01 - Daylight,01 - Dry,01 - Traffic signal,01 - Functioning,1,0,0,1,02 - Minor,1,,1,,,379455.538,5036916.432,45.46818457,-75.54525474,10359
17--6810,6/29/2017,4:43 PM,ALBION RD @ RIDEAU RD (0009356),9356,02 - Intersection related,03 - P.D. only,03 - Rear end,02 - Rain,01 - Daylight,02 - Wet,01 - Traffic signal,01 - Functioning,2,0,0,0,,0,,,,,375092.7522,5016675.362,45.28651777,-75.6039232,10360
17--6811,6/29/2017,5:24 PM,ST. PATRICK ST @ SUSSEX DR (0011910),11910,03 - At intersection,02 - Non-fatal injury,05 - Turning movement,02 - Rain,01 - Daylight,02 - Wet,01 - Traffic signal,01 - Functioning,2,1,0,0,03 - Major,1,,,1,,367667.2488,5032462.364,45.42926907,-75.69656418,10361
17--6812,6/29/2017,5:36 PM,BILLINGS BRIDGESC RAMP SB @ RIVERSIDE DR EB (0010763),10763,03 - At intersection,03 - P.D. only,02 - Angle,02 - Rain,01 - Daylight,02 - Wet,02 - Stop sign,01 - Functioning,2,0,0,0,,0,,,,,369175.9546,5027784.854,45.38704522,-75.67789586,10362
17--6813,6/29/2017,6:09 PM,BASELINE RD @ MERIVALE RD (0002342),2342,02 - Intersection related,03 - P.D. only,03 - Rear end,02 - Rain,01 - Daylight,02 - Wet,01 - Traffic signal,01 - Functioning,2,0,0,0,,0,,,,,365055.0309,5025325.515,45.36528317,-75.73081669,10363
17--6814,6/29/2017,6:14 PM,BEECHWOOD AVE @ MARQUETTE AVE (0005737),5737,02 - Intersection related,03 - P.D. only,03 - Rear end,02 - Rain,01 - Daylight,02 - Wet,02 - Stop sign,00 - Unknown,2,0,0,0,,0,,,,,369681.8284,5034040.364,45.44328328,-75.67061279,10364
17--6815,6/29/2017,6:43 PM,DWYER HILL RD @ ROGER STEVENS DR (0003690),3690,03 - At intersection,02 - Non-fatal injury,02 - Angle,02 - Rain,01 - Daylight,02 - Wet,02 - Stop sign,01 - Functioning,2,0,0,0,02 - Minor,4,,4,,,354337.5453,4989349.934,45.04240143,-75.87119758,10365
17--6816,6/29/2017,7:18 PM,CARLING AVE @ MERIVALE RD (0002148),2148,03 - At intersection,02 - Non-fatal injury,05 - Turning movement,02 - Rain,01 - Daylight,02 - Wet,01 - Traffic signal,01 - Functioning,2,0,0,0,02 - Minor,1,,1,,,364894.3694,5027700.544,45.38666706,-75.73257841,10366
17--6817,6/29/2017,8:00 AM,HIGHWAY 417 btwn TRANSIT & HWY417 IC127 RAMP35 (__3ZA2SK),__3ZA2SK,01 - Non intersection,03 - P.D. only,03 - Rear end,01 - Clear,01 - Daylight,01 - Dry,10 - No control,,2,0,0,0,,0,,,,,362047.8136,5024762.649,45.36047061,-75.76926719,10367
17--6818,6/29/2017,8:09 AM,BANK ST @ CAMERON AVE (0007227),7227,02 - Intersection related,03 - P.D. only,04 - Sideswipe,01 - Clear,01 - Daylight,01 - Dry,01 - Traffic signal,01 - Functioning,2,0,0,0,,0,,,,,368943.4149,5028262.655,45.39136566,-75.68080307,10368
17--6819,6/29/2017,8:16 PM,COVENTRY RD @ VANIER PKWY (0002139),2139,02 - Intersection related,02 - Non-fatal injury,03 - Rear end,02 - Rain,01 - Daylight,02 - Wet,01 - Traffic signal,01 - Functioning,2,0,0,0,01 - Minimal,3,3,,,,370677.3882,5031611.034,45.42133211,-75.65821291,10369
17--682,1/16/2017,3:30 PM,HIGHWAY 417 btwn HWY417 IC96 RAMP51 & HIGHWAY 417 (__3ZA2W3),__3ZA2W3,01 - Non intersection,03 - P.D. only,07 - SMV other,01 - Clear,01 - Daylight,01 - Dry,10 - No control,,1,0,0,0,,0,,,,,387246.0067,5023851.17,45.34975954,-75.44782609,10370
17--6820,6/29/2017,8:31 PM,DORIMA ST @ INNES RD (0012920),12920,03 - At intersection,03 - P.D. only,03 - Rear end,02 - Rain,05 - Dusk,02 - Wet,02 - Stop sign,00 - Unknown,2,0,0,0,,0,,,,,384313.0964,5036323.23,45.4623114,-75.48323852,10371
17--6821,6/29/2017,8:45 AM,HIGHWAY 417 btwn HWY417 IC118 RAMP57 & HWY417 IC118 RAMP35 (__3ZA2YQ),__3ZA2YQ,01 - Non intersection,03 - P.D. only,04 - Sideswipe,01 - Clear,01 - Daylight,01 - Dry,10 - No control,,2,0,0,0,,0,,,,,369409.3304,5031004.209,45.41599038,-75.67449413,10372
17--6822,6/29/2017,9:38 AM,BRONSON AVE btwn UNIVERSITY RD & BREWER WAY (__3ZA3BT),__3ZA3BT,01 - Non intersection,03 - P.D. only,04 - Sideswipe,01 - Clear,01 - Daylight,01 - Dry,10 - No control,,2,0,0,0,,0,,,,,367980.7733,5027995.07,45.38904552,-75.69313031,10373
17--6823,6/30/2017,1:18 PM,BANK ST btwn RIDEAU RD & TURN LANE (__3ZBPH9),__3ZBPH9,01 - Non intersection,03 - P.D. only,03 - Rear end,02 - Rain,01 - Daylight,02 - Wet,10 - No control,,3,0,0,0,,0,,,,,377110.3278,5017474.055,45.29349943,-75.57809046,10374
17--6824,6/30/2017,1:33 PM,CATHERINE ST @ KENT ST (0002707),2707,03 - At intersection,03 - P.D. only,05 - Turning movement,02 - Rain,01 - Daylight,02 - Wet,01 - Traffic signal,01 - Functioning,2,0,0,0,,0,,,,,367908.7108,5030189.233,45.40879444,-75.69376978,10375
17--6825,6/30/2017,1:36 AM,STRANDHERD DR btwn CLARIDGE DR & BEATRICE DR (__3ZAZIB),__3ZAZIB,01 - Non intersection,02 - Non-fatal injury,07 - SMV other,02 - Rain,07 - Dark,02 - Wet,10 - No control,,1,0,0,0,02 - Minor,2,,2,,,365154.1472,5015408.018,45.27603795,-75.73076009,10376
17--6826,6/30/2017,1:51 PM,FISHER AVE @ PRINCE OF WALES DR (0000572),572,03 - At intersection,03 - P.D. only,05 - Turning movement,02 - Rain,01 - Daylight,02 - Wet,01 - Traffic signal,01 - Functioning,2,0,0,0,,0,,,,,367162.7081,5023940.505,45.3526368,-75.70408853,10377
17--6827,6/30/2017,10:51 AM,HIGHWAY 417 btwn HWY417 IC117 RAMP25 & HWY417 IC115 RAMP51 (__3ZA2R3),__3ZA2R3,01 - Non intersection,02 - Non-fatal injury,03 - Rear end,01 - Clear,01 - Daylight,01 - Dry,10 - No control,,2,0,0,0,02 - Minor,1,,1,,,371555.3278,5031401.018,45.41935925,-75.64702422,10378
17--6828,6/30/2017,11:24 AM,BROOK LANE @ NORICE ST (0001555),1555,03 - At intersection,03 - P.D. only,02 - Angle,02 - Rain,01 - Daylight,02 - Wet,02 - Stop sign,01 - Functioning,2,0,0,0,,0,,,,,363802.2038,5022796.463,45.34263362,-75.74711002,10379
17--6829,6/30/2017,11:30 AM,MERIVALE RD @ WEST HUNT CLUB RD (0000584),584,02 - Intersection related,02 - Non-fatal injury,03 - Rear end,01 - Clear,01 - Daylight,01 - Dry,01 - Traffic signal,01 - Functioning,2,0,0,0,01 - Minimal,1,1,,,,365612.3608,5021942.498,45.33479518,-75.7241188,10380
17--683,1/16/2017,3:57 PM,"MONTREAL RD btwn EGLISE, RUE DE L & ST. LAURENT BLVD (__3ZA3ML)",__3ZA3ML,04 - At/near private drive,03 - P.D. only,04 - Sideswipe,01 - Clear,01 - Daylight,01 - Dry,10 - No control,,2,0,0,0,,0,,,,,371539.3307,5033814.014,45.44107182,-75.64690157,10381
17--6830,6/30/2017,11:34 AM,TERRY FOX DR @ FERNBANK RD (0011863),11863,02 - Intersection related,03 - P.D. only,04 - Sideswipe,02 - Rain,01 - Daylight,02 - Wet,01 - Traffic signal,01 - Functioning,2,0,0,0,,0,,,,,354303.7306,5015130.793,45.27439108,-75.86907168,10382
17--6831,6/30/2017,11:43 AM,MONTREAL RD btwn HILLSIDE DR & MONTREAL SQUARE SC (__3ZA3AWA),__3ZA3AWA,01 - Non intersection,02 - Non-fatal injury,05 - Turning movement,01 - Clear,01 - Daylight,01 - Dry,10 - No control,,2,1,0,0,03 - Major,1,,,1,,371729.7349,5033905.434,45.44187618,-75.64445556,10383
17--6832,6/30/2017,11:46 AM,LANCASTER RD btwn BARRYMORE LANE & BARBERRY LANE (__3ZA5L9),__3ZA5L9,01 - Non intersection,03 - P.D. only,06 - SMV unattended vehicle,01 - Clear,01 - Daylight,01 - Dry,10 - No control,,1,0,0,0,,0,,,,,374632.8064,5029007.992,45.39752763,-75.60804495,10384
17--6833,6/30/2017,11:59 AM,CARLING AVE @ PINECREST  RD/GREENVIEW AVE (0001630),1630,02 - Intersection related,03 - P.D. only,03 - Rear end,02 - Rain,01 - Daylight,02 - Wet,01 - Traffic signal,01 - Functioning,2,0,0,0,,0,,,,,360006.3413,5024634.535,45.35948157,-75.79533761,10385
17--6834,6/30/2017,12:16 PM,ABBOTT ST @ STITTSVILLE MAIN ST (0000082),82,02 - Intersection related,02 - Non-fatal injury,03 - Rear end,02 - Rain,01 - Daylight,02 - Wet,01 - Traffic signal,01 - Functioning,2,0,0,0,02 - Minor,1,,1,,,350248.9188,5013330.748,45.25846743,-75.92091247,10386
17--6835,6/30/2017,12:22 PM,HUNT CLUB RD @ DOWNPATRICK RD/MCCARTHY RD (0006931),6931,03 - At intersection,03 - P.D. only,02 - Angle,02 - Rain,01 - Daylight,02 - Wet,01 - Traffic signal,01 - Functioning,2,0,0,0,,0,,,,,370508.7377,5023399.84,45.34746651,-75.66146075,10387
17--6836,6/30/2017,12:37 PM,CHAPMAN BLVD btwn ARCH ST & SAUNDERSON DR (__3ZA76F),__3ZA76F,04 - At/near private drive,03 - P.D. only,06 - SMV unattended vehicle,02 - Rain,01 - Daylight,02 - Wet,10 - No control,,1,0,0,0,,0,,,,,372962.7132,5028941.26,45.39709179,-75.6293833,10388
17--6837,6/30/2017,12:44 PM,CARP RD @ HAZELDEAN RD (0000086),86,03 - At intersection,03 - P.D. only,05 - Turning movement,02 - Rain,01 - Daylight,02 - Wet,01 - Traffic signal,01 - Functioning,2,0,0,0,,0,,,,,348804.9104,5014359.767,45.26781874,-75.93921926,10389
17--6838,6/30/2017,12:59 PM,EAGLESON RD btwn ABBEYHILL DR & PALOMINO DR (__3ZA41M),__3ZA41M,01 - Non intersection,03 - P.D. only,04 - Sideswipe,02 - Rain,01 - Daylight,02 - Wet,10 - No control,,2,0,0,0,,0,,,,,353904.1548,5017842.284,45.29881773,-75.87389564,10390
17--6839,6/30/2017,2:01 PM,ST. LAURENT BLVD btwn HWY417 IC115 RAMP26 & HWY417 IC115 RAMP51 (__3ZAZEC),__3ZAZEC,01 - Non intersection,03 - P.D. only,04 - Sideswipe,01 - Clear,01 - Daylight,01 - Dry,10 - No control,,2,0,0,0,,0,,,,,372522.5369,5031430.302,45.41952978,-75.63466295,10391
17--684,1/16/2017,3:57 PM,MONTREAL RD btwn ST. LAURENT BLVD & HILLSIDE DR (__3ZA1MC),__3ZA1MC,04 - At/near private drive,03 - P.D. only,04 - Sideswipe,01 - Clear,01 - Daylight,01 - Dry,10 - No control,,2,0,0,0,,0,,,,,371555.45,5033823.791,45.44115825,-75.64669422,10392
17--6840,6/30/2017,2:03 AM,PARKDALE AVE @ SCOTT ST (0002213),2213,03 - At intersection,03 - P.D. only,02 - Angle,01 - Clear,07 - Dark,02 - Wet,01 - Traffic signal,01 - Functioning,2,0,0,0,,0,,,,,364949.7036,5029725.889,45.40488593,-75.73162489,10393
17--6841,6/30/2017,3:11 PM,MARKETPLACE AVE @ RIOCAN AVE (0010995),10995,02 - Intersection related,03 - P.D. only,04 - Sideswipe,02 - Rain,01 - Daylight,02 - Wet,02 - Stop sign,01 - Functioning,2,0,0,0,,0,,,,,364287.3521,5014763.127,45.27030908,-75.74188406,10394
17--6842,6/30/2017,3:12 PM,GREENBANK RD @ MEADOWBANK DR (0001123),1123,02 - Intersection related,03 - P.D. only,03 - Rear end,01 - Clear,01 - Daylight,02 - Wet,02 - Stop sign,01 - Functioning,3,0,0,0,,0,,,,,360765.3434,5022185.833,45.33738804,-75.78592745,10395
17--6843,6/30/2017,3:31 PM,HAZELDEAN RD @ YOUNG RD (0003049),3049,03 - At intersection,03 - P.D. only,03 - Rear end,02 - Rain,01 - Daylight,02 - Wet,02 - Stop sign,00 - Unknown,2,0,0,0,,0,,,,,352464.2763,5017479.779,45.29565498,-75.89228866,10396
17--6844,6/30/2017,3:33 PM,ARLINGTON AVE @ BRONSON AVE (0006759),6759,02 - Intersection related,03 - P.D. only,03 - Rear end,02 - Rain,01 - Daylight,02 - Wet,01 - Traffic signal,01 - Functioning,2,0,0,0,,0,,,,,367223.0439,5029866.226,45.40594961,-75.70256939,10397
17--6845,6/30/2017,3:37 PM,PLEASANT PARK RD @ ST. LAURENT BLVD (0008363),8363,02 - Intersection related,03 - P.D. only,03 - Rear end,02 - Rain,01 - Daylight,02 - Wet,01 - Traffic signal,01 - Functioning,2,0,0,0,,0,,,,,373597.3935,5028794.881,45.39571266,-75.62129814,10398
17--6846,6/30/2017,3:38 PM,MERIVALE RD/LOTTA AVE @ CLYDE AVE (0001112),1112,02 - Intersection related,03 - P.D. only,03 - Rear end,02 - Rain,01 - Daylight,02 - Wet,01 - Traffic signal,01 - Functioning,3,0,0,0,,0,,,,,364521.1733,5024508.771,45.35797992,-75.73772972,10399
17--6847,6/30/2017,3:40 PM,COVENTRY RD @ VANIER PKWY (0002139),2139,02 - Intersection related,03 - P.D. only,04 - Sideswipe,01 - Clear,01 - Daylight,01 - Dry,01 - Traffic signal,01 - Functioning,2,0,0,0,,0,,,,,370675.9831,5031612.684,45.42134709,-75.65823064,10400
17--6488,6/21/2017,12:30 AM,MARIONVILLE RD btwn BANK ST & BOUNDARY RD(MOUNTAIN TWP) (__3ZA6WS),__3ZA6WS,01 - Non intersection,03 - P.D. only,07 - SMV other,02 - Rain,07 - Dark,02 - Wet,10 - No control,,1,0,0,0,,0,,,,,388167.9138,5001194.173,45.14579909,-75.43986193,10401
17--6668,6/26/2017,11:08 AM,DRIVEWAY (THE) @ PRINCE OF WALES DR (0002128),2128,02 - Intersection related,03 - P.D. only,03 - Rear end,01 - Clear,01 - Daylight,01 - Dry,11 - Roundabout,01 - Functioning,2,0,0,0,,0,,,,,366884.0462,5028136.877,45.39041954,-75.70711721,10402
17--6489,6/21/2017,12:35 PM,SWALE RD btwn DEVEREAUX RD & SPRINGHILL RD (__3ZA7IA),__3ZA7IA,01 - Non intersection,03 - P.D. only,07 - SMV other,01 - Clear,01 - Daylight,01 - Dry,10 - No control,,1,0,0,0,,0,,,,,381632.7821,5004580.788,45.17701182,-75.52243151,10403
17--6669,6/26/2017,11:20 AM,ST. LAURENT BLVD @ WALKLEY RD (0007653),7653,02 - Intersection related,03 - P.D. only,03 - Rear end,01 - Clear,01 - Daylight,01 - Dry,01 - Traffic signal,01 - Functioning,2,0,0,0,,0,,,,,373903.7534,5028048.193,45.38896414,-75.61749025,10404
17--649,1/15/2017,12:13 PM,BOOTH ST @ NORMAN ST (0006159),6159,02 - Intersection related,03 - P.D. only,03 - Rear end,01 - Clear,01 - Daylight,01 - Dry,01 - Traffic signal,01 - Functioning,2,0,0,0,,0,,,,,367000.6629,5029318.85,45.40104427,-75.705479,10405
17--667,1/16/2017,Unknown,VENTNOR WAY btwn TRIPP CRES & MALVERN DR (__3ZABKE),__3ZABKE,01 - Non intersection,03 - P.D. only,06 - SMV unattended vehicle,01 - Clear,00 - Unknown,05 - Packed snow,10 - No control,,1,0,0,0,,0,,,,,363209.7918,5016237.971,45.28367009,-75.75544194,10406
17--6490,6/21/2017,2:30 PM,CARLING AVE @ HWY 417 CARLING IC124R67 (0002104),2104,02 - Intersection related,03 - P.D. only,04 - Sideswipe,01 - Clear,01 - Daylight,01 - Dry,03 - Yield sign,01 - Functioning,2,0,0,0,,0,,,,,364332.7808,5027521.24,45.38510167,-75.73977104,10407
17--6491,6/21/2017,2:35 PM,COLONEL BY DR/MACKENZIE AVE @ DALY AVE (0008541),8541,02 - Intersection related,03 - P.D. only,03 - Rear end,01 - Clear,01 - Daylight,01 - Dry,01 - Traffic signal,01 - Functioning,2,0,0,0,,0,,,,,368004.3838,5031903.242,45.4242079,-75.69232782,10408
17--6670,6/26/2017,Unknown,MURRAY ST btwn DALHOUSIE ST & CUMBERLAND ST (__3ZA3WO),__3ZA3WO,01 - Non intersection,03 - P.D. only,06 - SMV unattended vehicle,01 - Clear,00 - Unknown,01 - Dry,10 - No control,,1,0,0,0,,0,,,,,368127.006,5032650.444,45.43091987,-75.69066494,10409
17--6492,6/21/2017,2:54 PM,OR174 IC109 RAMP54 btwn REGIONAL ROAD 174 & ST. JOSEPH BLVD (__3ZAY7O),__3ZAY7O,01 - Non intersection,02 - Non-fatal injury,07 - SMV other,01 - Clear,01 - Daylight,01 - Dry,10 - No control,,1,0,0,0,01 - Minimal,2,2,,,,376565.2913,5034919.188,45.45051763,-75.58250381,10410
17--6493,6/21/2017,3:25 PM,HAWTHORNE AVE/ISABELLA ST @ QUEEN ELIZABETH DR (0002105),2105,02 - Intersection related,03 - P.D. only,03 - Rear end,01 - Clear,01 - Daylight,01 - Dry,01 - Traffic signal,01 - Functioning,2,0,0,0,,0,,,,,368666.0517,5030476.961,45.41131462,-75.68405826,10411
17--6494,6/21/2017,3:44 PM,RICHMOND RD btwn CROYDON AVE & ASSALY RD (__3ZA2XS),__3ZA2XS,01 - Non intersection,03 - P.D. only,03 - Rear end,01 - Clear,01 - Daylight,01 - Dry,10 - No control,,5,0,0,0,,0,,,,,360663.7876,5025460.307,45.36685975,-75.78685316,10412
17--6495,6/21/2017,3:45 PM,LIMEBANK RD @ SPRATT RD (0012970),12970,03 - At intersection,03 - P.D. only,02 - Angle,01 - Clear,01 - Daylight,01 - Dry,01 - Traffic signal,01 - Functioning,2,0,0,0,,0,,,,,369777.5088,5016879.748,45.28886828,-75.6716466,10413
17--6496,6/21/2017,4:12 PM,PRINCE OF WALES DR @ NORMANDY CRES S/KOCHAR DR (0006961),6961,02 - Intersection related,03 - P.D. only,03 - Rear end,01 - Clear,01 - Daylight,01 - Dry,01 - Traffic signal,01 - Functioning,3,0,0,0,,0,,,,,367445.7057,5024562.521,45.35820834,-75.70039827,10414
17--6497,6/21/2017,4:13 PM,COOPER ST @ O'CONNOR ST (0006954),6954,03 - At intersection,02 - Non-fatal injury,05 - Turning movement,01 - Clear,01 - Daylight,01 - Dry,02 - Stop sign,00 - Unknown,2,1,0,0,03 - Major,1,,,1,,367810.3834,5031084.233,45.41685623,-75.6949114,10415
17--6498,6/21/2017,4:15 PM,MITCH OWENS RD @ OLD PRESCOTT RD (0009275),9275,02 - Intersection related,03 - P.D. only,99 - Other,01 - Clear,01 - Daylight,01 - Dry,01 - Traffic signal,01 - Functioning,2,0,0,0,,0,,,,,377087.7597,5015549.12,45.27618194,-75.57865858,10416
17--6499,6/21/2017,4:15 PM,HIGHWAY 417 btwn HWY417 IC124 RAMP65 & HWY417 IC122 RAMP51 (__3ZA2R8),__3ZA2R8,01 - Non intersection,03 - P.D. only,04 - Sideswipe,01 - Clear,01 - Daylight,01 - Dry,10 - No control,,2,0,0,0,,0,,,,,364960.8113,5028371.807,45.39270124,-75.73164817,10417
17--65,1/3/2017,3:32 PM,MARCH RD @ SECOND LINE RD (0008850),8850,03 - At intersection,02 - Non-fatal injury,02 - Angle,04 - Freezing Rain,01 - Daylight,04 - Slush,01 - Traffic signal,01 - Functioning,2,0,0,0,01 - Minimal,1,1,,,,346104.8242,5025326.291,45.36666304,-75.97271211,10418
17--650,1/15/2017,12:23 PM,PRINCE ST @ SUMMERVILLE AVE (0003061),3061,03 - At intersection,03 - P.D. only,02 - Angle,01 - Clear,01 - Daylight,01 - Dry,02 - Stop sign,01 - Functioning,2,0,0,0,,0,,,,,365041.0329,5026544.931,45.37625647,-75.73084665,10419
17--6500,6/21/2017,4:30 PM,CARLING AVE @ KIRKWOOD AVE N (0002358),2358,03 - At intersection,03 - P.D. only,05 - Turning movement,01 - Clear,01 - Daylight,01 - Dry,01 - Traffic signal,01 - Functioning,2,0,0,0,,0,,,,,364275.1119,5027494.071,45.3848621,-75.74051067,10420
17--6501,6/21/2017,4:35 PM,SCOTT ST btwn CARLETON AVE & WESTERN AVE (__3ZA4QY),__3ZA4QY,01 - Non intersection,02 - Non-fatal injury,03 - Rear end,01 - Clear,01 - Daylight,01 - Dry,10 - No control,,3,0,0,0,02 - Minor,1,,1,,,364151.8171,5029235.296,45.40053978,-75.74187554,10421
17--6502,6/21/2017,4:40 PM,WEST HUNT CLUB RD WB btwn CEDARVIEW RD & GREENBANK RD (__3ZA199),__3ZA199,01 - Non intersection,03 - P.D. only,03 - Rear end,01 - Clear,01 - Daylight,01 - Dry,10 - No control,,5,0,0,0,,0,,,,,359932.7242,5019684.244,45.31494458,-75.79682874,10422
17--6503,6/21/2017,4:40 PM,GREENBANK RD @ 207 S OF BELLMAN DR/GREENBANK S (0004604),4604,03 - At intersection,03 - P.D. only,05 - Turning movement,01 - Clear,01 - Daylight,01 - Dry,01 - Traffic signal,01 - Functioning,2,0,0,0,,0,,,,,361336.6763,5020828.148,45.3251258,-75.77879335,10423
17--6504,6/21/2017,4:40 PM,HIGHWAY 417 btwn HWY417 IC122 RAMP15 & HWY417 IC121B RAMP51 (__3ZA2RB),__3ZA2RB,01 - Non intersection,03 - P.D. only,03 - Rear end,01 - Clear,01 - Daylight,01 - Dry,10 - No control,,2,0,0,0,,0,,,,,366462.801,5029482.636,45.40256555,-75.71232825,10424
17--6505,6/21/2017,4:54 PM,HWY 417 INNES IC112R57 @ INNES RD (0012298),12298,02 - Intersection related,03 - P.D. only,03 - Rear end,01 - Clear,01 - Daylight,01 - Dry,01 - Traffic signal,01 - Functioning,3,0,0,0,,0,,,,,374299.3411,5030754.549,45.41327546,-75.61205752,10425
17--6506,6/21/2017,4:59 PM,HUNT CLUB RD WB btwn 275 E OF HAWTHORNE RD/OC TRANSPO TURNAROUND & HAWTHORNE RD (e___1GZMA),e___1GZMA,01 - Non intersection,02 - Non-fatal injury,06 - SMV unattended vehicle,01 - Clear,01 - Daylight,01 - Dry,10 - No control,,1,0,0,0,01 - Minimal,1,1,,,,375692.823,5026522.241,45.37505559,-75.59486437,10426
17--6507,6/21/2017,5:00 PM,JUNCTION AVE btwn GREGG ST & BROOKFIELD RD (__3ZA9YL),__3ZA9YL,04 - At/near private drive,03 - P.D. only,06 - SMV unattended vehicle,01 - Clear,01 - Daylight,01 - Dry,10 - No control,,1,0,0,0,,0,,,,,369246.2284,5026479.859,45.37529681,-75.67716889,10427
17--6508,6/21/2017,5:05 PM,HUNT CLUB RD @ RIVERSIDE DR (0002237),2237,02 - Intersection related,03 - P.D. only,03 - Rear end,01 - Clear,01 - Daylight,01 - Dry,01 - Traffic signal,01 - Functioning,2,0,0,0,,0,,,,,368038.3752,5021946.167,45.33461374,-75.69316878,10428
17--6509,6/21/2017,5:13 PM,BLACKBURN BYPASS @ NAVAN RD (0004201),4201,02 - Intersection related,03 - P.D. only,03 - Rear end,01 - Clear,01 - Daylight,01 - Dry,01 - Traffic signal,01 - Functioning,2,0,0,0,,0,,,,,379617.4127,5033274.562,45.43540041,-75.54373882,10429
17--651,1/15/2017,12:47 PM,HOLLAND AVE @ WELLINGTON ST (0002364),2364,02 - Intersection related,03 - P.D. only,05 - Turning movement,01 - Clear,01 - Daylight,01 - Dry,01 - Traffic signal,01 - Functioning,2,0,0,0,,0,,,,,364931.3736,5029153.554,45.39973776,-75.73192881,10430
17--6510,6/21/2017,5:17 PM,BESSERER ST @ WALLER ST (0008859),8859,03 - At intersection,03 - P.D. only,04 - Sideswipe,01 - Clear,01 - Daylight,01 - Dry,01 - Traffic signal,01 - Functioning,2,0,0,0,,0,,,,,368315.4808,5032191.376,45.42677225,-75.68831564,10431
17--6511,6/21/2017,5:20 PM,HIGHWAY 417 btwn HWY417 IC122 RAMP15 & HWY417 IC121B RAMP51 (__3ZA2RB),__3ZA2RB,01 - Non intersection,03 - P.D. only,03 - Rear end,01 - Clear,01 - Daylight,01 - Dry,10 - No control,,3,0,0,0,,0,,,,,366540.6945,5029499.57,45.40271105,-75.71133122,10432
17--6671,6/26/2017,Unknown,DALHOUSIE ST btwn YORK ST & GEORGE ST (__3ZBOX1),__3ZBOX1,01 - Non intersection,03 - P.D. only,06 - SMV unattended vehicle,01 - Clear,00 - Unknown,01 - Dry,10 - No control,,1,0,0,0,,0,,,,,368126.4867,5032367.064,45.42837016,-75.69070802,10433
17--6512,6/21/2017,5:32 PM,REGIONAL ROAD 174 EB btwn HWY417 IC113 RAMP65 & OR174 BLAIR IC112 RAMP51 (__3ZAZFJ),__3ZAZFJ,01 - Non intersection,03 - P.D. only,03 - Rear end,01 - Clear,01 - Daylight,01 - Dry,10 - No control,,3,0,0,0,,0,,,,,374672.0851,5032724.521,45.4309631,-75.60701642,10434
17--6513,6/21/2017,5:35 PM,HIGHWAY 417 btwn HWY417 IC124 RAMP65 & HWY417 IC122 RAMP51 (__3ZA2R8),__3ZA2R8,01 - Non intersection,03 - P.D. only,04 - Sideswipe,01 - Clear,01 - Daylight,01 - Dry,10 - No control,,2,0,0,0,,0,,,,,364952.3447,5028363.341,45.39262579,-75.73175732,10435
17--6514,6/21/2017,5:41 PM,COOPER ST @ ELGIN ST (0006934),6934,03 - At intersection,03 - P.D. only,02 - Angle,01 - Clear,01 - Daylight,01 - Dry,01 - Traffic signal,01 - Functioning,2,0,0,0,,0,,,,,368120.7173,5031271.589,45.41851398,-75.69092256,10436
17--6515,6/21/2017,5:42 PM,DALY AVE @ CHARLOTTE ST (0007743),7743,03 - At intersection,03 - P.D. only,02 - Angle,01 - Clear,01 - Daylight,01 - Dry,02 - Stop sign,01 - Functioning,2,0,0,0,,0,,,,,369334.9793,5032723.022,45.43146247,-75.67521882,10437
17--6516,6/21/2017,5:49 PM,ST. JOSEPH BLVD btwn COUSINEAU ST & DUSSERE ST (__3ZA2AL),__3ZA2AL,04 - At/near private drive,03 - P.D. only,05 - Turning movement,01 - Clear,01 - Daylight,01 - Dry,10 - No control,,2,0,0,0,,0,,,,,380759.1096,5037064.465,45.4693759,-75.5285633,10438