Anom_ID,Accident_Date,Accident_Time,Location,Geo_ID,Accident_Location,Classification_of_Accident,Initial_Impact_Type,Environment_Condition,Light,Road_Surface_Condition,Traffic_Control,Traffic_Control_Condition,No__of_Vehicles,No__of_Bicycles,No__of_Motorcycles,No__of_Pedestrians,Max_Injury,No__of_Injuries,No__of_Minimal,No__of_Minor,No__of_Major,No__of_Fatal,X,Y,Latitude,Longitude,ObjectId
17--6517,6/21/2017,5:52 PM,EARL ARMSTRONG RD @ RIVER RD (0012470),12470,02 - Intersection related,03 - P.D. only,03 - Rear end,01 - Clear,01 - Daylight,01 - Dry,01 - Traffic signal,01 - Functioning,2,0,0,0,,0,,,,,367573.053,5014683.729,45.26930906,-75.70002462,10439
17--6518,6/21/2017,6:16 PM,COLONNADE RD @ MERIVALE RD (0004569),4569,02 - Intersection related,03 - P.D. only,04 - Sideswipe,01 - Clear,01 - Daylight,01 - Dry,01 - Traffic signal,01 - Functioning,2,0,0,0,,0,,,,,365365.8856,5022542.117,45.34021179,-75.7271898,10440
17--6519,6/21/2017,6:46 PM,TERRY FOX DR @ EDGEWATER ST/WALTER BAKER PL (0002699),2699,02 - Intersection related,03 - P.D. only,03 - Rear end,01 - Clear,01 - Daylight,01 - Dry,01 - Traffic signal,01 - Functioning,2,0,0,0,,0,,,,,351777.9427,5017612.781,45.29689799,-75.90102621,10441
17--652,1/15/2017,2:30 PM,BANK ST @ WALKLEY RD (0011423),11423,02 - Intersection related,03 - P.D. only,03 - Rear end,01 - Clear,01 - Daylight,01 - Dry,01 - Traffic signal,01 - Functioning,2,0,0,0,,0,,,,,370338.7104,5025948.593,45.37041532,-75.66329236,10442
17--6520,6/21/2017,6:57 AM,FALLOWFIELD RD @ MOODIE DR (0010412),10412,02 - Intersection related,03 - P.D. only,04 - Sideswipe,01 - Clear,01 - Daylight,01 - Dry,01 - Traffic signal,01 - Functioning,2,0,0,0,,0,,,,,359496.0578,5014633.435,45.26953107,-75.8029546,10443
17--6521,6/21/2017,7:04 PM,BOOTH ST btwn MIDDLE ST & VIMY PLACE PRIV (__5VHJ3U),__5VHJ3U,01 - Non intersection,03 - P.D. only,03 - Rear end,01 - Clear,01 - Daylight,01 - Dry,10 - No control,,2,0,0,0,,0,,,,,366223.7888,5031111.036,45.41723847,-75.71517816,10444
17--6522,6/21/2017,7:52 AM,FALLOWFIELD RD btwn STEEPLE HILL CRES & MOODIE DR (__3ZA4Y5),__3ZA4Y5,01 - Non intersection,03 - P.D. only,03 - Rear end,01 - Clear,01 - Daylight,01 - Dry,10 - No control,,3,0,0,0,,0,,,,,358969.3132,5014361.246,45.26712264,-75.80969662,10445
17--6523,6/21/2017,8:58 AM,HALYARD WAY btwn BRETTONWOOD RIDGE & CLONRUSH WAY (e___2HHD),e___2HHD,04 - At/near private drive,03 - P.D. only,06 - SMV unattended vehicle,01 - Clear,01 - Daylight,01 - Dry,10 - No control,,1,0,0,0,,0,,,,,349087.88,5018525.099,45.30528203,-75.93524157,10446
17--6524,6/21/2017,9:05 AM,BANK ST btwn BELMONT AVE & GROVE AVE (__3ZA3N1),__3ZA3N1,04 - At/near private drive,03 - P.D. only,05 - Turning movement,01 - Clear,01 - Daylight,01 - Dry,10 - No control,,2,0,0,0,,0,,,,,368838.7363,5028383.446,45.39246208,-75.68212414,10447
17--6525,6/21/2017,9:43 AM,WALLER ST btwn BESSERER ST & DALY AVE (__3ZBN03),__3ZBN03,01 - Non intersection,02 - Non-fatal injury,04 - Sideswipe,01 - Clear,01 - Daylight,01 - Dry,10 - No control,,2,0,0,0,02 - Minor,1,,1,,,368329.9126,5032145.46,45.4263578,-75.68813715,10448
17--6526,6/21/2017,9:43 PM,BANK ST btwn FOXBAR AVE & ST. PAUL AVE (__3ZA4TS),__3ZA4TS,01 - Non intersection,03 - P.D. only,03 - Rear end,01 - Clear,07 - Dark,01 - Dry,10 - No control,,2,0,0,0,,0,,,,,370491.7122,5025587.597,45.36715287,-75.66138726,10449
17--6527,6/21/2017,9:56 PM,KING EDWARD AVE @ OSGOODE ST/THOMAS MORE PRIV (0007750),7750,02 - Intersection related,03 - P.D. only,04 - Sideswipe,01 - Clear,07 - Dark,01 - Dry,01 - Traffic signal,01 - Functioning,2,0,0,0,,0,,,,,368849.5855,5031851.005,45.42366101,-75.6815351,10450
17--6528,6/22/2017,1:22 PM,BAY ST @ SPARKS ST (0005128),5128,03 - At intersection,02 - Non-fatal injury,05 - Turning movement,01 - Clear,01 - Daylight,01 - Dry,01 - Traffic signal,01 - Functioning,2,0,0,0,01 - Minimal,2,2,,,,366857.7018,5031280.927,45.41871116,-75.70705793,10451
17--6529,6/22/2017,1:30 PM,HWY417 IC96 RAMP15 btwn BOUNDARY RD & RAMP (__3ZAY85),__3ZAY85,01 - Non intersection,03 - P.D. only,07 - SMV other,01 - Clear,01 - Daylight,01 - Dry,10 - No control,,1,0,0,0,,0,,,,,387294.903,5023740.111,45.34875458,-75.44722071,10452
17--653,1/15/2017,2:51 PM,TRIM RD @ DAIRY DR/TAYLOR CREEK DR (0012921),12921,02 - Intersection related,02 - Non-fatal injury,04 - Sideswipe,01 - Clear,01 - Daylight,01 - Dry,11 - Roundabout,01 - Functioning,2,0,0,0,01 - Minimal,1,1,,,,384535.051,5039594.845,45.49172097,-75.47986973,10453
17--6530,6/22/2017,1:51 PM,MERIVALE RD @ WEST HUNT CLUB RD (0000584),584,02 - Intersection related,03 - P.D. only,03 - Rear end,01 - Clear,01 - Daylight,01 - Dry,01 - Traffic signal,01 - Functioning,2,0,0,0,,0,,,,,365613.0297,5021942.498,45.33479512,-75.72411026,10454
17--6531,6/22/2017,10:13 PM,EAGLESON RD @ FERNBANK RD (0011846),11846,02 - Intersection related,03 - P.D. only,05 - Turning movement,01 - Clear,07 - Dark,01 - Dry,01 - Traffic signal,01 - Functioning,2,0,0,0,,0,,,,,354798.2949,5015588.094,45.27847099,-75.86272276,10455
17--6532,6/22/2017,10:30 PM,RIVERSIDE DR NB btwn BILLINGS BRIDGE SC RAMP SB & BANK ST (__3ZA3NN),__3ZA3NN,01 - Non intersection,03 - P.D. only,03 - Rear end,01 - Clear,07 - Dark,01 - Dry,10 - No control,,2,0,0,0,,0,,,,,369270.6968,5027858.533,45.38769945,-75.67667647,10456
17--6533,6/22/2017,10:40 AM,HIGHWAY 417 btwn HWY417 IC120B RAMP36 & HWY417 IC119B RAMP76 (__3ZA2YU),__3ZA2YU,01 - Non intersection,03 - P.D. only,04 - Sideswipe,01 - Clear,01 - Daylight,01 - Dry,10 - No control,,2,0,0,0,,0,,,,,367729.646,5029983.211,45.40695684,-75.69608345,10457
17--6534,6/22/2017,10:48 AM,REDPATH DR btwn BREEZEWAY DR & DYLAN WAY (__3ZA1IT),__3ZA1IT,04 - At/near private drive,03 - P.D. only,05 - Turning movement,01 - Clear,01 - Daylight,00 - Unknown,10 - No control,,2,0,0,0,,0,,,,,366738.0129,5016471.94,45.2854733,-75.71044216,10458
17--6535,6/22/2017,10:58 AM,COOPER ST @ O'CONNOR ST (0006954),6954,02 - Intersection related,03 - P.D. only,04 - Sideswipe,01 - Clear,01 - Daylight,01 - Dry,02 - Stop sign,01 - Functioning,2,0,0,0,,0,,,,,367808.8697,5031085.53,45.41686803,-75.69493057,10459
17--6536,6/22/2017,10:59 AM,HALTON TERR/MAXWELL BRIDGE RD @ MARCH RD (0011852),11852,02 - Intersection related,03 - P.D. only,99 - Other,01 - Clear,01 - Daylight,01 - Dry,01 - Traffic signal,01 - Functioning,2,0,0,0,,0,,,,,348932.0664,5024423.102,45.35836364,-75.93670254,10460
17--6537,6/22/2017,11:00 AM,PORTOBELLO BLVD/SPRINGRIDGE DR S @ TRIM RD (0012338),12338,02 - Intersection related,03 - P.D. only,03 - Rear end,01 - Clear,01 - Daylight,01 - Dry,01 - Traffic signal,01 - Functioning,2,0,0,0,,0,,,,,385689.5716,5038070.482,45.47787343,-75.46535231,10461
17--6538,6/22/2017,11:54 AM,PRETORIA AVE btwn METCALFE ST & ELGIN ST (__3ZA97C),__3ZA97C,04 - At/near private drive,03 - P.D. only,02 - Angle,01 - Clear,01 - Daylight,01 - Dry,10 - No control,,2,0,0,0,,0,,,,,368516.8424,5030346.543,45.41015476,-75.68598119,10462
17--6539,6/22/2017,Unknown,MCRAE AVE btwn SCOTT ST & RICHMOND RD (__3ZA0Y2),__3ZA0Y2,04 - At/near private drive,03 - P.D. only,06 - SMV unattended vehicle,01 - Clear,00 - Unknown,01 - Dry,10 - No control,,1,0,0,0,,0,,,,,363516.0719,5028705.185,45.39582355,-75.75005857,10463
17--654,1/15/2017,3:08 AM,WEYBRIDGE DR btwn KENNEVALE DR & HOPKINTON ST (__3ZAB6R),__3ZAB6R,01 - Non intersection,03 - P.D. only,07 - SMV other,01 - Clear,07 - Dark,02 - Wet,10 - No control,,1,0,0,0,,0,,,,,362407.033,5014953.763,45.27218098,-75.76582301,10464
17--6540,6/22/2017,Unknown,LAURIER AVE   W btwn METCALFE ST & ELGIN ST (__3ZA35P),__3ZA35P,01 - Non intersection,03 - P.D. only,06 - SMV unattended vehicle,01 - Clear,00 - Unknown,01 - Dry,10 - No control,,1,0,0,0,,0,,,,,367863.2559,5031495.44,45.42055137,-75.69418328,10465
17--6541,6/22/2017,12:05 AM,HIGHWAY 416 btwn HWY416 IC49 RAMP24 & HWY416 IC42 RAMP42 (__3ZA29T),__3ZA29T,01 - Non intersection,03 - P.D. only,07 - SMV other,01 - Clear,07 - Dark,01 - Dry,10 - No control,,1,0,0,0,,0,,,,,369698.838,4998656.923,45.12490726,-75.67502309,10466
17--6542,6/22/2017,12:28 PM,BELFAST RD btwn ST. LAURENT BLVD & TRIOLE ST (__3ZA791),__3ZA791,04 - At/near private drive,03 - P.D. only,02 - Angle,01 - Clear,01 - Daylight,01 - Dry,10 - No control,,2,0,0,0,,0,,,,,372879.5757,5030588.752,45.41192326,-75.6302176,10467
17--6543,6/22/2017,2:15 PM,DES EPINETTES AVE @ PRESTWICK DR (0004495),4495,03 - At intersection,03 - P.D. only,02 - Angle,01 - Clear,01 - Daylight,01 - Dry,02 - Stop sign,01 - Functioning,2,0,0,0,,0,,,,,383333.0891,5036664.57,45.46549333,-75.49571373,10468
17--6544,6/22/2017,2:30 PM,OTTAWA RIVER PKWY btwn TRANSITWAY - TIME POINT & VIMY PLACE PRIV (__5VHJ2QA),__5VHJ2QA,01 - Non intersection,03 - P.D. only,07 - SMV other,01 - Clear,01 - Daylight,01 - Dry,10 - No control,,1,0,0,0,,0,,,,,365766.3056,5030525.56,45.41201052,-75.72109538,10469
17--6545,6/22/2017,3:41 PM,INNES RD EB btwn INNES RD & INNES RD W (__3ZA3HD),__3ZA3HD,01 - Non intersection,03 - P.D. only,04 - Sideswipe,01 - Clear,01 - Daylight,01 - Dry,10 - No control,,2,0,0,0,,0,,,,,377077.0856,5032175.121,45.42577552,-75.57636446,10470
17--6546,6/22/2017,3:53 PM,MAIN ST btwn MASON TER & TURN LANE (__3ZA3O3),__3ZA3O3,01 - Non intersection,02 - Non-fatal injury,03 - Rear end,01 - Clear,01 - Daylight,01 - Dry,10 - No control,,2,0,0,0,01 - Minimal,1,1,,,,369393.3615,5029633.088,45.403655,-75.6748778,10471
17--6547,6/22/2017,4:30 PM,INNES RD @ ORLEANS BLVD (0003611),3611,02 - Intersection related,03 - P.D. only,03 - Rear end,01 - Clear,01 - Daylight,01 - Dry,01 - Traffic signal,01 - Functioning,2,0,0,0,,0,,,,,380460.4607,5034297.741,45.4445155,-75.53280785,10472
17--6548,6/22/2017,5:05 AM,HIGHWAY 417 btwn RAMP & HWY417 IC145 RAMP55 (__3ZA2Q1),__3ZA2Q1,01 - Non intersection,03 - P.D. only,07 - SMV other,01 - Clear,03 - Dawn,01 - Dry,10 - No control,,1,0,0,0,,0,,,,,345839.4236,5014751.294,45.27152116,-75.97697622,10473
17--6549,6/22/2017,5:14 PM,CONROY RD @ WALKLEY RD (0002648),2648,02 - Intersection related,03 - P.D. only,04 - Sideswipe,01 - Clear,01 - Daylight,01 - Dry,01 - Traffic signal,01 - Functioning,2,0,0,0,,0,,,,,372904.3704,5027463.032,45.383797,-75.63033242,10474
17--655,1/15/2017,3:20 AM,HWY417 IC127 RAMP63 btwn HIGHWAY 417 & WOODROFFE AVE (__3ZAY81),__3ZAY81,01 - Non intersection,03 - P.D. only,07 - SMV other,01 - Clear,07 - Dark,01 - Dry,10 - No control,,1,0,0,0,,0,,,,,361989.7836,5024810.957,45.36091002,-75.77000226,10475
17--6550,6/22/2017,5:20 PM,BANK ST @ HUNT CLUB RD (0002119),2119,02 - Intersection related,03 - P.D. only,04 - Sideswipe,01 - Clear,01 - Daylight,01 - Dry,01 - Traffic signal,01 - Functioning,2,0,0,0,,0,,,,,371609.4496,5024096.015,45.35362648,-75.64732156,10476
17--6551,6/22/2017,5:49 PM,LAURIER AVE   W btwn O'CONNOR ST & METCALFE ST (__3ZBOER),__3ZBOER,01 - Non intersection,03 - P.D. only,99 - Other,01 - Clear,01 - Daylight,01 - Dry,10 - No control,,2,0,0,0,,0,,,,,367743.289,5031421.613,45.4198979,-75.69572549,10477
17--6552,6/22/2017,6:58 PM,RICHMOND RD btwn NORTHSIDE RD & NORTHSIDE RD (2) (__5UZPGD),__5UZPGD,01 - Non intersection,03 - P.D. only,04 - Sideswipe,01 - Clear,01 - Daylight,01 - Dry,10 - No control,,2,0,0,0,,0,,,,,358307.7843,5021204.326,45.3287481,-75.81738774,10478
17--6553,6/22/2017,7:10 PM,BRONSON AVE @ CARLING AVE/GLEBE AVE (0002134),2134,02 - Intersection related,03 - P.D. only,03 - Rear end,01 - Clear,01 - Daylight,01 - Dry,01 - Traffic signal,01 - Functioning,2,0,0,0,,0,,,,,367449.3792,5029334.893,45.40114861,-75.69974583,10479
17--6554,6/22/2017,7:29 AM,MERIVALE RD btwn CAPITAL DR & MACFARLANE RD (__4BBEAB),__4BBEAB,01 - Non intersection,03 - P.D. only,05 - Turning movement,01 - Clear,01 - Daylight,01 - Dry,10 - No control,,2,0,0,0,,0,,,,,366143.6674,5020654.864,45.32316297,-75.71750025,10480
17--6555,6/22/2017,7:41 AM,BANK ST @ ORVILLE KEMP ST (0009254),9254,02 - Intersection related,02 - Non-fatal injury,03 - Rear end,01 - Clear,01 - Daylight,01 - Dry,02 - Stop sign,01 - Functioning,4,0,0,0,01 - Minimal,1,1,,,,375212.7626,5021967.112,45.33411896,-75.60164161,10481
17--6556,6/22/2017,7:52 AM,BAYVIEW RD/BURNSIDE AVE @ SLIDELL ST (0005647),5647,02 - Intersection related,02 - Non-fatal injury,04 - Sideswipe,01 - Clear,01 - Daylight,01 - Dry,11 - Roundabout,01 - Functioning,2,1,0,0,01 - Minimal,1,1,,,,365163.6083,5030242.6,45.40951676,-75.72882938,10482
17--6557,6/22/2017,8:07 AM,MARCH VALLEY RD btwn KLONDIKE RD & Continuation of MARCH VALLEY RD (__5RG65T),__5RG65T,01 - Non intersection,03 - P.D. only,07 - SMV other,01 - Clear,01 - Daylight,01 - Dry,10 - No control,,1,0,0,0,,0,,,,,350299.7269,5024964.372,45.36314666,-75.91919691,10483
17--6558,6/22/2017,8:35 AM,LOLA ST @ DONALD ST (0008513),8513,03 - At intersection,03 - P.D. only,01 - Approaching,01 - Clear,01 - Daylight,01 - Dry,01 - Traffic signal,01 - Functioning,2,0,0,0,,0,,,,,371094.6843,5032359.41,45.42802625,-75.65278053,10484
17--6559,6/22/2017,8:53 AM,GREENBANK RD btwn FALLOWFIELD RD & LARKIN DR (__3ZA3HF),__3ZA3HF,01 - Non intersection,02 - Non-fatal injury,05 - Turning movement,01 - Clear,01 - Daylight,01 - Dry,10 - No control,,2,0,0,0,02 - Minor,2,,2,,,363091.0436,5016709.713,45.28792469,-75.7569001,10485
17--656,1/15/2017,5:05 PM,DONALD B. MUNRO DR/OLD CARP RD W @ MARCH RD (0010866),10866,03 - At intersection,03 - P.D. only,02 - Angle,01 - Clear,05 - Dusk,01 - Dry,02 - Stop sign,01 - Functioning,2,0,0,0,,0,,,,,343092.127,5022592.903,45.34223816,-76.01138176,10486
17--6560,6/22/2017,9:00 AM,DALY AVE @ NICHOLAS ST (0011451),11451,02 - Intersection related,03 - P.D. only,04 - Sideswipe,01 - Clear,01 - Daylight,01 - Dry,01 - Traffic signal,00 - Unknown,2,1,0,0,,0,,,,,368227.1655,5032046.306,45.42547497,-75.68946282,10487
17--6561,6/22/2017,9:16 AM,MITCH OWENS RD btwn RIVER RD & SPRATT RD (__3ZA38F),__3ZA38F,04 - At/near private drive,03 - P.D. only,05 - Turning movement,01 - Clear,01 - Daylight,01 - Dry,10 - No control,,2,0,0,0,,0,,,,,369538.7081,5010794.078,45.2341322,-75.6754836,10488
17--6562,6/22/2017,9:53 AM,MACKENZIE KING BR/WALLER ST @ NICHOLAS ST/WALL (0011251),11251,02 - Intersection related,03 - P.D. only,03 - Rear end,01 - Clear,01 - Daylight,01 - Dry,01 - Traffic signal,01 - Functioning,2,0,0,0,,0,,,,,368371.6166,5031990.848,45.42496287,-75.68762422,10489
17--6563,6/23/2017,1:18 AM,"EGLISE, RUE DE L @ MONTREAL RD (0011441)",11441,02 - Intersection related,02 - Non-fatal injury,03 - Rear end,02 - Rain,07 - Dark,02 - Wet,01 - Traffic signal,01 - Functioning,2,0,0,0,01 - Minimal,2,2,,,,371156.7069,5033634.925,45.43949689,-75.65181608,10490
17--6564,6/23/2017,1:44 PM,MERIVALE RD btwn WOODFIELD DR & 170 N OF WEST HUNT CLUB RD/COSTCO SC (__3ZA33DA),__3ZA33DA,01 - Non intersection,02 - Non-fatal injury,03 - Rear end,01 - Clear,01 - Daylight,01 - Dry,10 - No control,,2,0,0,0,02 - Minor,1,,1,,,365474.4068,5022273.081,45.33778166,-75.7258382,10491
17--6565,6/23/2017,1:50 PM,WOODROFFE AVE btwn GEORGINA DR & HWY417 IC127 RAMP36 (__3ZA4L6),__3ZA4L6,01 - Non intersection,03 - P.D. only,03 - Rear end,01 - Clear,01 - Daylight,01 - Dry,10 - No control,,2,0,0,0,,0,,,,,361926.0746,5025335.068,45.36563112,-75.77075482,10492
17--6566,6/23/2017,10:04 AM,JOHN SUTHERLAND DR @ RICHMOND RD (0000578),578,02 - Intersection related,02 - Non-fatal injury,03 - Rear end,02 - Rain,01 - Daylight,02 - Wet,01 - Traffic signal,01 - Functioning,2,0,0,0,02 - Minor,2,,2,,,358787.6682,5022151.163,45.33723104,-75.8111629,10493
17--6567,6/23/2017,10:42 AM,CENTER ST @ MONTREAL RD (0002691),2691,03 - At intersection,03 - P.D. only,05 - Turning movement,01 - Clear,01 - Daylight,01 - Dry,02 - Stop sign,01 - Functioning,2,0,0,0,,0,,,,,371820.7048,5033950.919,45.44227671,-75.64328665,10494
17--6568,6/23/2017,11:36 AM,HAWTHORNE RD btwn LEITRIM RD & LOUISEIZE RD (__3ZBO24),__3ZBO24,04 - At/near private drive,03 - P.D. only,05 - Turning movement,02 - Rain,01 - Daylight,02 - Wet,10 - No control,,2,0,0,0,,0,,,,,377404.9952,5021823.92,45.33260719,-75.57369672,10495
17--6569,6/23/2017,Unknown,ALASKEN DR btwn KELLY FARM DR & NO NAME (__6ZT1QC),__6ZT1QC,01 - Non intersection,03 - P.D. only,06 - SMV unattended vehicle,01 - Clear,00 - Unknown,01 - Dry,10 - No control,,1,0,0,0,,0,,,,,375501.1836,5019954.084,45.31597755,-75.59824969,10496
17--657,1/15/2017,5:55 PM,SOMERSET ST    W btwn BECKINGTON PRIV & BANK ST (__3ZAZQ1),__3ZAZQ1,01 - Non intersection,03 - P.D. only,06 - SMV unattended vehicle,01 - Clear,07 - Dark,01 - Dry,10 - No control,,1,0,0,0,,0,,,,,367594.1384,5030855.353,45.41481628,-75.69770327,10497
17--6570,6/23/2017,12:30 PM,QUEEN ST @ LYON ST (0002159),2159,02 - Intersection related,03 - P.D. only,04 - Sideswipe,01 - Clear,01 - Daylight,02 - Wet,01 - Traffic signal,01 - Functioning,2,0,0,0,,0,,,,,367018.4412,5031287.794,45.41875868,-75.70500342,10498
17--6571,6/23/2017,12:54 PM,HIGHWAY 417 btwn HWY417 IC122 RAMP61 & HWY417 IC121B RAMP16 (__3ZA2Y4),__3ZA2Y4,01 - Non intersection,02 - Non-fatal injury,03 - Rear end,01 - Clear,01 - Daylight,01 - Dry,10 - No control,,3,0,0,0,02 - Minor,1,,1,,,366472.3011,5029498.938,45.4027114,-75.71220487,10499
17--6572,6/23/2017,12:55 PM,CENTREPOINTE DR btwn HEMMINGWOOD WAY & Continuation of CENTREPOINTE DR (__3ZA0AP),__3ZA0AP,01 - Non intersection,02 - Non-fatal injury,04 - Sideswipe,02 - Rain,01 - Daylight,02 - Wet,10 - No control,,2,0,0,0,02 - Minor,1,,1,,,362355.4897,5023158.51,45.34601149,-75.76552696,10500
17--6573,6/23/2017,2:16 AM,COLONEL BY DR btwn HAWTHORNE AVE & MAIN ST (__3ZA218),__3ZA218,04 - At/near private drive,03 - P.D. only,02 - Angle,02 - Rain,07 - Dark,02 - Wet,10 - No control,,2,0,0,0,,0,,,,,368762.736,5030544.405,45.41191263,-75.68281441,10501
17--6574,6/23/2017,2:30 PM,LISGAR RD @ ROCKCLIFFE PKWY (0011537),11537,02 - Intersection related,03 - P.D. only,04 - Sideswipe,01 - Clear,01 - Daylight,01 - Dry,03 - Yield sign,00 - Unknown,2,0,0,0,,0,,,,,368352.4619,5035225.192,45.45406602,-75.68745135,10502
17--6575,6/23/2017,2:39 PM,MERIVALE RD @ 210 S OF MEADOWLANDS DR (0005419),5419,02 - Intersection related,03 - P.D. only,04 - Sideswipe,01 - Clear,01 - Daylight,01 - Dry,01 - Traffic signal,01 - Functioning,2,0,0,0,,0,,,,,364944.0666,5023530.001,45.34913693,-75.73245153,10503
17--6576,6/23/2017,3:01 PM,HUNT CLUB RD @ RIVERSIDE DR (0002237),2237,02 - Intersection related,03 - P.D. only,03 - Rear end,01 - Clear,01 - Daylight,01 - Dry,01 - Traffic signal,00 - Unknown,2,0,0,0,,0,,,,,368036.3686,5021946.167,45.33461393,-75.69319438,10504
17--6577,6/23/2017,3:11 PM,MACLAREN ST @ O'CONNOR ST (0007174),7174,03 - At intersection,02 - Non-fatal injury,07 - SMV other,01 - Clear,01 - Daylight,01 - Dry,02 - Stop sign,00 - Unknown,1,0,0,1,02 - Minor,1,,1,,,367900.0494,5030940.577,45.41555558,-75.69378424,10505
17--6127,6/10/2017,2:41 PM,GOULBOURN FORCED RD btwn KANATA ROCKERIES PRIV & KANATA AVE (__3ZA2H6),__3ZA2H6,01 - Non intersection,03 - P.D. only,07 - SMV other,01 - Clear,01 - Daylight,01 - Dry,10 - No control,,1,0,0,0,,0,,,,,349665.5666,5020509.026,45.3230973,-75.92769563,10506
17--6307,6/15/2017,5:45 PM,HIGHWAY 417 btwn HWY417 IC124 RAMP76 & HWY417 IC124 RAMP67 (__3ZA2R7),__3ZA2R7,01 - Non intersection,03 - P.D. only,04 - Sideswipe,01 - Clear,01 - Daylight,01 - Dry,10 - No control,,2,0,0,0,,0,,,,,364456.7773,5027569.228,45.3855229,-75.73818195,10507
17--6672,6/26/2017,12:16 PM,MERIVALE RD/LOTTA AVE @ CLYDE AVE (0001112),1112,02 - Intersection related,03 - P.D. only,03 - Rear end,01 - Clear,01 - Daylight,01 - Dry,01 - Traffic signal,01 - Functioning,2,0,0,0,,0,,,,,364521.1733,5024509.524,45.35798669,-75.73772963,10508
17--6128,6/10/2017,2:50 AM,METCALFE ST @ WELLINGTON ST (0002227),2227,03 - At intersection,02 - Non-fatal injury,07 - SMV other,01 - Clear,07 - Dark,01 - Dry,01 - Traffic signal,01 - Functioning,1,0,0,2,02 - Minor,1,,1,,,367565.6992,5031817.582,45.42347666,-75.69794402,10509
17--6308,6/15/2017,5:55 PM,KITCHENER AVE @ BANK ST (0011963),11963,03 - At intersection,02 - Non-fatal injury,07 - SMV other,01 - Clear,01 - Daylight,01 - Dry,01 - Traffic signal,01 - Functioning,1,0,0,1,02 - Minor,1,,1,,,370540.5417,5025497.965,45.36634182,-75.6607759,10510
17--6673,6/26/2017,12:34 PM,MERIVALE RD @ 210 S OF MEADOWLANDS DR (0005419),5419,02 - Intersection related,02 - Non-fatal injury,03 - Rear end,01 - Clear,01 - Daylight,01 - Dry,01 - Traffic signal,01 - Functioning,3,0,0,0,02 - Minor,3,,3,,,364944.0149,5023529.197,45.3491297,-75.73245229,10511
17--6674,6/26/2017,12:36 PM,REGIONAL ROAD 174 btwn OR174 IC105 RAMP25 & OR174 IC102 RAMP51 (__3ZA27G),__3ZA27G,01 - Non intersection,02 - Non-fatal injury,07 - SMV other,01 - Clear,01 - Daylight,01 - Dry,10 - No control,,1,0,0,0,02 - Minor,1,,1,,,380456.892,5037591.618,45.4741516,-75.53234662,10512
17--6675,6/26/2017,2:00 PM,ISLAND PARK DR @ MERIVALE RD (0002103),2103,03 - At intersection,03 - P.D. only,02 - Angle,01 - Clear,01 - Daylight,01 - Dry,01 - Traffic signal,01 - Functioning,2,0,0,0,,0,,,,,364653.7045,5028023.545,45.38959396,-75.73561232,10513
17--6676,6/26/2017,2:37 PM,BANK ST @ DAVIDSON RD/LESTER RD (0008797),8797,02 - Intersection related,02 - Non-fatal injury,03 - Rear end,01 - Clear,01 - Daylight,01 - Dry,01 - Traffic signal,01 - Functioning,2,0,0,0,01 - Minimal,1,1,,,,373673.0726,5022923.513,45.34287711,-75.62115021,10514
17--6677,6/26/2017,2:38 PM,HIGHWAY 417 btwn HWY417 IC127 RAMP25 & HWY417 IC126 RAMP51 (__3ZA2XA),__3ZA2XA,01 - Non intersection,03 - P.D. only,04 - Sideswipe,01 - Clear,01 - Daylight,01 - Dry,10 - No control,,2,0,0,0,,0,,,,,362992.6355,5025590.389,45.36784073,-75.75711066,10515
17--6678,6/26/2017,3:06 PM,EDGEWATER ST btwn TERRY FOX DR & HAZELDEAN RD (__3ZBNCU),__3ZBNCU,01 - Non intersection,03 - P.D. only,02 - Angle,01 - Clear,01 - Daylight,01 - Dry,10 - No control,,2,0,0,0,,0,,,,,351989.1709,5017660.399,45.29731232,-75.89832864,10516
17--6679,6/26/2017,3:15 PM,HIGHWAY 417 btwn HWY417 IC123 RAMP62 & HWY417 IC122 RAMP16 (__3ZA2R9),__3ZA2R9,01 - Non intersection,02 - Non-fatal injury,03 - Rear end,01 - Clear,01 - Daylight,01 - Dry,10 - No control,,2,0,0,0,01 - Minimal,3,3,,,,365132.5898,5028712.479,45.39575176,-75.72941282,10517
17--668,1/16/2017,Unknown,RICHMOND RD btwn TWEEDSMUIR AVE & MCRAE AVE (__3ZA4O9),__3ZA4O9,01 - Non intersection,03 - P.D. only,06 - SMV unattended vehicle,01 - Clear,00 - Unknown,01 - Dry,10 - No control,,1,0,0,0,,0,,,,,363577.5499,5028519.638,45.39414887,-75.74929552,10518
17--6680,6/26/2017,3:30 PM,EARL ARMSTRONG RD @ RIVER RD (0012470),12470,02 - Intersection related,02 - Non-fatal injury,03 - Rear end,01 - Clear,01 - Daylight,01 - Dry,01 - Traffic signal,01 - Functioning,2,0,0,0,01 - Minimal,1,1,,,,367573.053,5014685.735,45.26932711,-75.70002436,10519
17--6681,6/26/2017,3:42 PM,ELGIN ST @ WELLINGTON ST W (0002113),2113,02 - Intersection related,03 - P.D. only,04 - Sideswipe,01 - Clear,01 - Daylight,01 - Dry,01 - Traffic signal,01 - Functioning,2,0,0,0,,0,,,,,367667.0323,5031874.473,45.42397944,-75.69664199,10520