Anom_ID,Accident_Date,Accident_Time,Location,Geo_ID,Accident_Location,Classification_of_Accident,Initial_Impact_Type,Environment_Condition,Light,Road_Surface_Condition,Traffic_Control,Traffic_Control_Condition,No__of_Vehicles,No__of_Bicycles,No__of_Motorcycles,No__of_Pedestrians,Max_Injury,No__of_Injuries,No__of_Minimal,No__of_Minor,No__of_Major,No__of_Fatal,X,Y,Latitude,Longitude,ObjectId
17--6682,6/26/2017,3:45 PM,GREENBANK RD btwn LARKIN DR & MALVERN DR (__3ZA4KJ),__3ZA4KJ,01 - Non intersection,03 - P.D. only,04 - Sideswipe,01 - Clear,01 - Daylight,01 - Dry,10 - No control,,2,0,0,0,,0,,,,,363221.1595,5016401.437,45.28514002,-75.7552778,10521
17--6683,6/26/2017,3:56 PM,HWY 417 INNES IC112R57 @ INNES RD (0012298),12298,02 - Intersection related,03 - P.D. only,03 - Rear end,01 - Clear,01 - Daylight,01 - Dry,01 - Traffic signal,01 - Functioning,2,0,0,0,,0,,,,,374299.7247,5030754.193,45.41327222,-75.61205267,10522
17--6684,6/26/2017,4:10 PM,HIGHWAY 417 btwn HWY417 IC119A RAMP75 & HWY417 IC118 RAMP57 (__3ZA2R2),__3ZA2R2,01 - Non intersection,03 - P.D. only,03 - Rear end,01 - Clear,01 - Daylight,01 - Dry,10 - No control,,3,0,0,0,,0,,,,,368879.309,5030658.758,45.41293087,-75.68131036,10523
17--6685,6/26/2017,4:58 PM,GEORGE ST @ WILLIAM ST (0007976),7976,03 - At intersection,03 - P.D. only,02 - Angle,01 - Clear,01 - Daylight,01 - Dry,01 - Traffic signal,00 - Unknown,2,1,0,0,,0,,,,,368048.9754,5032232.851,45.42716958,-75.69171573,10524
17--6686,6/26/2017,5:27 PM,TRIM RD btwn PORTOBELLO BLVD & FRENETTE ST (__5RFW1R),__5RFW1R,01 - Non intersection,03 - P.D. only,03 - Rear end,01 - Clear,01 - Daylight,01 - Dry,10 - No control,,2,0,0,0,,0,,,,,385742.9691,5038014.887,45.47736705,-75.46467859,10525
17--6687,6/26/2017,5:40 PM,PRESTON ST btwn GEORGE ST W & ABERDEEN ST (__3ZA3ZV),__3ZA3ZV,01 - Non intersection,03 - P.D. only,06 - SMV unattended vehicle,01 - Clear,01 - Daylight,01 - Dry,10 - No control,,1,0,0,0,,0,,,,,366621.4695,5029411.042,45.40190737,-75.71031061,10526
17--6688,6/26/2017,6:01 PM,COLONEL BY DR/SUSSEX DR @ RIDEAU ST (0007647),7647,03 - At intersection,03 - P.D. only,05 - Turning movement,01 - Clear,01 - Daylight,01 - Dry,01 - Traffic signal,01 - Functioning,3,0,1,0,,0,,,,,367921.3746,5032044.142,45.42548316,-75.69337041,10527
17--6689,6/26/2017,6:07 PM,SLATER ST btwn LYON ST N & KENT ST (__3ZA3CT),__3ZA3CT,01 - Non intersection,03 - P.D. only,04 - Sideswipe,01 - Clear,01 - Daylight,01 - Dry,10 - No control,,2,0,0,0,,0,,,,,367137.8794,5031173.557,45.41772017,-75.70349189,10528
17--669,1/16/2017,Unknown,HARTHILL WAY btwn TARTAN DR & BROXBURN CRES (__67PTP5),__67PTP5,01 - Non intersection,03 - P.D. only,06 - SMV unattended vehicle,01 - Clear,00 - Unknown,01 - Dry,10 - No control,,1,0,0,0,,0,,,,,362579.8451,5013749.01,45.26132636,-75.76376093,10529
17--6690,6/26/2017,6:12 PM,WEST HUNT CLUB RD @ 545 E OF ROYDON PL/SUNDERLAND ST (0010375),10375,02 - Intersection related,03 - P.D. only,03 - Rear end,01 - Clear,01 - Daylight,01 - Dry,01 - Traffic signal,01 - Functioning,2,0,0,0,,0,,,,,366349.5351,5022405.386,45.3388959,-75.71465679,10530
17--6691,6/26/2017,6:27 PM,BASELINE RD btwn LOBLAWS SC & MERIVALE RD (__3ZA4ISC),__3ZA4ISC,01 - Non intersection,03 - P.D. only,03 - Rear end,01 - Clear,01 - Daylight,01 - Dry,10 - No control,,2,0,0,0,,0,,,,,364769.0725,5025147.557,45.36370646,-75.73448835,10531
17--6692,6/26/2017,6:30 PM,VIEWMOUNT DR @ MERIVALE RD (0001528),1528,02 - Intersection related,03 - P.D. only,03 - Rear end,01 - Clear,01 - Daylight,01 - Dry,01 - Traffic signal,01 - Functioning,3,0,0,0,,0,,,,,365193.3627,5022947.827,45.34387719,-75.72934143,10532
17--6693,6/26/2017,6:33 PM,ALICE ST @ LANDRY ST (0010013),10013,02 - Intersection related,03 - P.D. only,06 - SMV unattended vehicle,01 - Clear,01 - Daylight,01 - Dry,02 - Stop sign,01 - Functioning,1,0,0,0,,0,,,,,369559.7086,5033491.587,45.43835694,-75.6722459,10533
17--6694,6/26/2017,6:38 PM,BANK ST btwn FIRST AVE & SECOND AVE (__3ZA3O4),__3ZA3O4,01 - Non intersection,03 - P.D. only,99 - Other,01 - Clear,01 - Daylight,01 - Dry,10 - No control,,2,0,0,0,,0,,,,,368302.0251,5029637.141,45.40379132,-75.6888167,10534
17--6695,6/26/2017,7:11 AM,PRINCE OF WALES DR @ STRANDHERD DR (0013339),13339,03 - At intersection,02 - Non-fatal injury,02 - Angle,01 - Clear,01 - Daylight,01 - Dry,01 - Traffic signal,01 - Functioning,2,0,0,0,02 - Minor,1,,1,,,367174.9554,5014822.853,45.27059631,-75.70507998,10535
17--6696,6/26/2017,7:35 AM,ALTA VISTA DR @ BANK ST (0011318),11318,02 - Intersection related,02 - Non-fatal injury,03 - Rear end,01 - Clear,01 - Daylight,01 - Dry,01 - Traffic signal,01 - Functioning,2,0,0,0,01 - Minimal,1,1,,,,370246.3969,5026201.408,45.3726987,-75.66443727,10536
17--6697,6/26/2017,7:54 AM,MITCH OWENS RD @ STAGECOACH RD (0003576),3576,02 - Intersection related,02 - Non-fatal injury,03 - Rear end,01 - Clear,01 - Daylight,01 - Dry,01 - Traffic signal,01 - Functioning,4,0,0,0,02 - Minor,1,,1,,,375398.7514,5014484.458,45.26677406,-75.60033445,10537
17--6698,6/26/2017,8:09 AM,RIVERSIDE DR @ TREMBLAY RD/HWY417 IC117 RAMP52 (0010790),10790,02 - Intersection related,03 - P.D. only,03 - Rear end,01 - Clear,01 - Daylight,01 - Dry,01 - Traffic signal,01 - Functioning,2,0,0,0,,0,,,,,370801.7437,5031015.239,45.41595967,-75.65670386,10538
17--6699,6/26/2017,8:10 PM,STRANDHERD DR @ LONGFIELDS DR (0010935),10935,03 - At intersection,02 - Non-fatal injury,02 - Angle,01 - Clear,01 - Daylight,01 - Dry,01 - Traffic signal,01 - Functioning,5,0,0,0,03 - Major,3,,2,1,,364547.8975,5015174.509,45.27398861,-75.73851442,10539
17--67,1/3/2017,4:57 PM,DUNSTON TER @ HUNT CLUB RD (0013740),13740,03 - At intersection,03 - P.D. only,05 - Turning movement,04 - Freezing Rain,05 - Dusk,03 - Loose snow,02 - Stop sign,00 - Unknown,2,0,0,0,,0,,,,,372221.4079,5024431.693,45.35658822,-75.63946633,10540
17--670,1/16/2017,12:51 PM,CHAMPLAIN ST @ OR174 IC102 RAMP61 (0008676),8676,03 - At intersection,03 - P.D. only,02 - Angle,01 - Clear,01 - Daylight,01 - Dry,01 - Traffic signal,01 - Functioning,2,0,0,0,,0,,,,,381519.6641,5038375.935,45.48109227,-75.51863324,10541
17--6700,6/26/2017,8:15 AM,HIGHWAY 417 btwn HWY417 IC110 RAMP55 & HWY417 IC104 RAMP51 (__3ZA2W8),__3ZA2W8,01 - Non intersection,03 - P.D. only,07 - SMV other,01 - Clear,01 - Daylight,01 - Dry,10 - No control,,1,0,0,0,,0,,,,,377850.942,5026393.348,45.37367422,-75.56733292,10542
17--6701,6/26/2017,8:37 AM,ALBION RD @ MITCH OWENS RD (0004212),4212,03 - At intersection,02 - Non-fatal injury,05 - Turning movement,01 - Clear,01 - Daylight,01 - Dry,01 - Traffic signal,01 - Functioning,2,0,0,0,02 - Minor,2,,2,,,375907.3921,5014803.492,45.26959338,-75.59380779,10543
17--6702,6/26/2017,8:54 AM,CARLING AVE @ PRESTON ST (0002161),2161,03 - At intersection,02 - Non-fatal injury,05 - Turning movement,01 - Clear,01 - Daylight,01 - Dry,01 - Traffic signal,00 - Unknown,2,1,0,0,01 - Minimal,1,1,,,,366829.3756,5028934.885,45.39760465,-75.70771501,10544
17--6703,6/26/2017,9:00 PM,GREENBANK RD btwn VIEWBANK RD & PRINCE OF WALES DR (__3ZABLF),__3ZABLF,01 - Non intersection,03 - P.D. only,07 - SMV other,02 - Rain,05 - Dusk,02 - Wet,10 - No control,,1,0,0,0,,0,,,,,366109.4713,5009679.928,45.22441398,-75.71929166,10545
17--6704,6/26/2017,9:30 PM,ROGER STEVENS DR btwn MALAKOFF RD & MCCORDICK RD (__3ZA4KW),__3ZA4KW,01 - Non intersection,03 - P.D. only,07 - SMV other,02 - Rain,07 - Dark,02 - Wet,10 - No control,,1,0,0,0,,0,,,,,362311.5646,4996202.835,45.10346431,-75.76920191,10546
17--6705,6/26/2017,9:31 PM,COLONEL BY DR @ HAWTHORNE AVE/PRETORIA BRIDGE (0002122),2122,03 - At intersection,03 - P.D. only,04 - Sideswipe,01 - Clear,07 - Dark,01 - Dry,01 - Traffic signal,01 - Functioning,2,1,0,0,,0,,,,,368767.3758,5030526.905,45.41175475,-75.68275741,10547
17--6706,6/27/2017,1:15 PM,HWY416 IC75B RAMP25 btwn HWY416 IC75C RAMP24 & HWY417 IC131 RAMP55 (__3ZAY4O),__3ZAY4O,01 - Non intersection,03 - P.D. only,07 - SMV other,02 - Rain,01 - Daylight,02 - Wet,10 - No control,,1,0,0,0,,0,,,,,358549.828,5022710.807,45.342285,-75.81413652,10548
17--6707,6/27/2017,1:43 PM,SMYTH RD @ SOUTH HAVEN PL/GENERAL HOSPITAL ENTRANCE W (0007242),7242,03 - At intersection,03 - P.D. only,05 - Turning movement,02 - Rain,01 - Daylight,02 - Wet,01 - Traffic signal,01 - Functioning,2,0,0,0,,0,,,,,371121.7625,5029137.846,45.39903739,-75.65286802,10549
17--6708,6/27/2017,1:50 PM,POULIN AVE @ RICHMOND RD (0002748),2748,03 - At intersection,03 - P.D. only,05 - Turning movement,01 - Clear,01 - Daylight,01 - Dry,01 - Traffic signal,01 - Functioning,2,0,0,0,,0,,,,,360325.345,5024899.845,45.36184363,-75.7912363,10550
17--6709,6/27/2017,10:17 AM,EAGLESON RD btwn FLEWELLYN RD & FAULKNER TR (__3ZA41A),__3ZA41A,01 - Non intersection,03 - P.D. only,03 - Rear end,01 - Clear,01 - Daylight,01 - Dry,10 - No control,,3,0,0,0,,0,,,,,355526.2374,5013736.595,45.26175864,-75.85363414,10551
17--671,1/16/2017,2:16 PM,BANK ST @ GLOUCESTER ST (0006939),6939,03 - At intersection,03 - P.D. only,02 - Angle,01 - Clear,01 - Daylight,01 - Dry,01 - Traffic signal,01 - Functioning,2,0,0,0,,0,,,,,367523.1606,5031199.675,45.41792074,-75.69856621,10552
17--6710,6/27/2017,10:18 PM,MONTREAL RD @ ST. LAURENT BLVD (0002604),2604,02 - Intersection related,03 - P.D. only,03 - Rear end,01 - Clear,07 - Dark,01 - Dry,01 - Traffic signal,01 - Functioning,3,0,0,0,,0,,,,,371545.6964,5033817.601,45.44110349,-75.64681972,10553
17--6711,6/27/2017,10:50 AM,REGIONAL ROAD 174 btwn OR174 IC109 RAMP86 & OR174 IC109 RAMP64 (__3ZA28U),__3ZA28U,01 - Non intersection,03 - P.D. only,07 - SMV other,01 - Clear,01 - Daylight,01 - Dry,10 - No control,,1,0,0,0,,0,,,,,376502.6536,5035102.404,45.45217252,-75.5832778,10554
17--6712,6/27/2017,11:45 PM,HIGHWAY 417 btwn HWY417 IC127 RAMP25 & HWY417 IC126 RAMP51 (__3ZA2XA),__3ZA2XA,01 - Non intersection,03 - P.D. only,03 - Rear end,01 - Clear,07 - Dark,01 - Dry,10 - No control,,2,0,0,0,,0,,,,,362848.3032,5025398.859,45.36612934,-75.75897556,10555
17--6713,6/27/2017,Unknown,WHETSTONE CRES btwn FRATTON WAY & OLDFIELD ST (1) (__4CZRJ2),__4CZRJ2,01 - Non intersection,03 - P.D. only,06 - SMV unattended vehicle,01 - Clear,00 - Unknown,01 - Dry,10 - No control,,1,0,0,0,,0,,,,,366477.4966,5015949.845,45.28079843,-75.71382768,10556
17--6714,6/27/2017,12:23 PM,HUNT CLUB RD btwn CAHILL DR & LORRY GREENBERG DR (__3ZA3S4),__3ZA3S4,01 - Non intersection,03 - P.D. only,04 - Sideswipe,01 - Clear,01 - Daylight,01 - Dry,10 - No control,,2,0,0,0,,0,,,,,372421.2495,5024550.33,45.35763643,-75.63689971,10557
17--6715,6/27/2017,12:25 PM,ISLAND PARK DR btwn CLEARVIEW AVE & SUNNYMEDE AVE (__3ZA230),__3ZA230,01 - Non intersection,03 - P.D. only,03 - Rear end,02 - Rain,01 - Daylight,02 - Wet,10 - No control,,2,0,0,0,,0,,,,,363624.5556,5029330.37,45.40143974,-75.74859854,10558
17--6716,6/27/2017,12:44 PM,SMYTH RD @ SOUTH HAVEN PL/GENERAL HOSPITAL ENTRANCE W (0007242),7242,03 - At intersection,03 - P.D. only,05 - Turning movement,01 - Clear,01 - Daylight,01 - Dry,01 - Traffic signal,01 - Functioning,2,0,0,0,,0,,,,,371120.9821,5029136.285,45.39902342,-75.6528782,10559
17--6717,6/27/2017,2:07 PM,ALERT RD/AIRPORT PKWY/UPLANDS DR RAMP 62 @ LES (0003652),3652,02 - Intersection related,03 - P.D. only,03 - Rear end,02 - Rain,01 - Daylight,02 - Wet,01 - Traffic signal,01 - Functioning,2,0,0,0,,0,,,,,371307.1576,5021354.098,45.32898428,-75.65154783,10560
17--6718,6/27/2017,2:30 PM,CARLING AVE @ CLYDE AVE/COLE AVE (0006984),6984,02 - Intersection related,03 - P.D. only,05 - Turning movement,01 - Clear,01 - Daylight,01 - Dry,01 - Traffic signal,01 - Functioning,2,0,0,0,,0,,,,,363520.1811,5026850.542,45.37913542,-75.75022675,10561
17--6719,6/27/2017,2:37 PM,ALBION RD btwn RIDEAU RD & TULLAMORE ST (__5RGNIJ),__5RGNIJ,01 - Non intersection,03 - P.D. only,07 - SMV other,01 - Clear,01 - Daylight,02 - Wet,10 - No control,,1,0,0,0,,0,,,,,375543.8378,5015640.055,45.27715717,-75.59832115,10562
17--672,1/16/2017,2:25 PM,INNES RD @ TENTH LINE RD (0004633),4633,02 - Intersection related,03 - P.D. only,04 - Sideswipe,01 - Clear,01 - Daylight,01 - Dry,01 - Traffic signal,01 - Functioning,2,0,0,0,,0,,,,,383951.7603,5036159.014,45.46087497,-75.48788476,10563
17--6720,6/27/2017,3:16 PM,BANK ST @ CECIL AVE (0002601),2601,03 - At intersection,03 - P.D. only,02 - Angle,01 - Clear,01 - Daylight,01 - Dry,02 - Stop sign,01 - Functioning,2,0,0,0,,0,,,,,369945.2219,5026989.546,45.37981818,-75.66817803,10564
17--6721,6/27/2017,3:30 AM,LENNOX ST btwn BURKE ST & OTTAWA ST (__3ZACIO),__3ZACIO,01 - Non intersection,03 - P.D. only,06 - SMV unattended vehicle,01 - Clear,07 - Dark,01 - Dry,10 - No control,,1,0,0,0,,0,,,,,357524.5416,5005161.77,45.18445324,-75.82908118,10565
17--6722,6/27/2017,4:08 PM,NEPEAN ST @ O'CONNOR ST (0006942),6942,03 - At intersection,02 - Non-fatal injury,05 - Turning movement,01 - Clear,01 - Daylight,01 - Dry,02 - Stop sign,01 - Functioning,2,1,0,0,02 - Minor,1,,1,,,367721.3479,5031225.628,45.41813646,-75.69603084,10566
17--6723,6/27/2017,4:15 PM,HIGHWAY 417 btwn HWY417 IC117 RAMP51 & HWY417 IC117 RAMP35 (__3ZA2YN),__3ZA2YN,01 - Non intersection,03 - P.D. only,03 - Rear end,01 - Clear,01 - Daylight,01 - Dry,10 - No control,,2,0,0,0,,0,,,,,370536.0696,5031148.831,45.41718669,-75.66008016,10567
17--6724,6/27/2017,4:50 PM,BYRON AVE @ HOLLAND AVE (0005636),5636,03 - At intersection,02 - Non-fatal injury,05 - Turning movement,02 - Rain,01 - Daylight,02 - Wet,02 - Stop sign,01 - Functioning,2,0,0,0,02 - Minor,1,,1,,,365015.2098,5028959.575,45.39798518,-75.73088173,10568
17--6725,6/27/2017,5:00 PM,HAWTHORNE RD/RUSSELL RD @ WALKLEY RD (0002618),2618,02 - Intersection related,03 - P.D. only,04 - Sideswipe,01 - Clear,01 - Daylight,01 - Dry,01 - Traffic signal,01 - Functioning,2,0,0,0,,0,,,,,374673.0717,5028498.872,45.3929428,-75.60760282,10569
17--6726,6/27/2017,5:49 PM,WOODROFFE AVE btwn HWY417 IC127 RAMP63 & HWY417 IC127 RAMP35 (__3ZA25N),__3ZA25N,01 - Non intersection,03 - P.D. only,03 - Rear end,01 - Clear,01 - Daylight,01 - Dry,10 - No control,,2,0,0,0,,0,,,,,362114.2738,5024862.812,45.36136644,-75.76840732,10570
17--6727,6/27/2017,5:57 AM,TWIN ELM RD btwn BARNSDALE RD & BROPHY DR (__3ZAB96),__3ZAB96,01 - Non intersection,02 - Non-fatal injury,07 - SMV other,01 - Clear,01 - Daylight,01 - Dry,10 - No control,,1,0,0,0,02 - Minor,1,,1,,,360299.3529,5007550.568,45.20573533,-75.79350845,10571
17--6728,6/27/2017,6:17 AM,NIXON DR/ROGER STEVENS DR @ RIVER RD (0001087),1087,03 - At intersection,03 - P.D. only,02 - Angle,01 - Clear,01 - Daylight,01 - Dry,02 - Stop sign,01 - Functioning,3,0,0,0,,0,,,,,373169.6867,5002762.632,45.16152307,-75.63034601,10572
17--6729,6/27/2017,7:31 PM,RIDGEWOOD AVE @ RIVERSIDE DR (0007180),7180,02 - Intersection related,03 - P.D. only,03 - Rear end,01 - Clear,01 - Daylight,01 - Dry,01 - Traffic signal,01 - Functioning,2,0,0,0,,0,,,,,368281.708,5025611.539,45.36757195,-75.68959395,10573
17--673,1/16/2017,2:30 PM,SMYTH RD btwn ROGER GUINDON AVE & BOTSFORD ST (__3ZA3BW),__3ZA3BW,04 - At/near private drive,03 - P.D. only,02 - Angle,01 - Clear,01 - Daylight,01 - Dry,10 - No control,,2,0,0,0,,0,,,,,372013.6929,5029234.031,45.39981776,-75.64146351,10574
17--6730,6/27/2017,7:59 AM,BOOTH ST @ RAYMOND ST (0006498),6498,02 - Intersection related,03 - P.D. only,03 - Rear end,01 - Clear,01 - Daylight,01 - Dry,01 - Traffic signal,01 - Functioning,3,0,0,0,,0,,,,,366859.6956,5029641.562,45.40396045,-75.70723886,10575
17--6731,6/27/2017,8:03 PM,RIVER RD btwn OSGOODE MAIN ST & DALMENY RD (__3ZA3TA),__3ZA3TA,01 - Non intersection,03 - P.D. only,07 - SMV other,02 - Rain,01 - Daylight,02 - Wet,10 - No control,,1,0,0,0,,0,,,,,373221.0363,4999145.508,45.12897137,-75.63018805,10576
17--6732,6/27/2017,8:07 AM,BANK ST @ SURREY AVE (0011314),11314,03 - At intersection,03 - P.D. only,05 - Turning movement,01 - Clear,01 - Daylight,01 - Dry,02 - Stop sign,00 - Unknown,2,0,0,0,,0,,,,,370385.823,5025809.303,45.36915763,-75.66270945,10577
17--6733,6/27/2017,8:30 PM,RICHMOND RD btwn ASSALY RD & REGINA LANE (__5DCTF8),__5DCTF8,01 - Non intersection,03 - P.D. only,07 - SMV other,01 - Clear,05 - Dusk,01 - Dry,10 - No control,,1,0,0,0,,0,,,,,360752.7508,5025552.615,45.36768324,-75.78570711,10578
17--6734,6/27/2017,8:50 AM,BLAIR RD btwn BEAVERPOND DR & INNES RD (__3ZA2EZ),__3ZA2EZ,01 - Non intersection,03 - P.D. only,03 - Rear end,01 - Clear,01 - Daylight,01 - Dry,10 - No control,,2,0,0,0,,0,,,,,375564.3536,5031470.993,45.41959485,-75.5957945,10579
17--6735,6/27/2017,9:04 AM,MERIVALE RD @ SLACK RD (0000110),110,02 - Intersection related,03 - P.D. only,03 - Rear end,01 - Clear,01 - Daylight,01 - Dry,01 - Traffic signal,00 - Unknown,2,0,0,0,,0,,,,,366020.0348,5020955.493,45.32587879,-75.71903999,10580
17--6736,6/28/2017,1:14 PM,MARCH RD @ MORGAN'S GRANT WAY/SHIRLEY'S BROOK  (0002651),2651,02 - Intersection related,02 - Non-fatal injury,03 - Rear end,01 - Clear,01 - Daylight,01 - Dry,01 - Traffic signal,01 - Functioning,2,0,0,0,01 - Minimal,2,2,,,,349662.2107,5023619.014,45.35108194,-75.92745648,10581
17--6737,6/28/2017,1:15 PM,COLONEL BY DR btwn CLEGG ST & ECHO DR S (__3ZBPHH),__3ZBPHH,01 - Non intersection,03 - P.D. only,99 - Other,01 - Clear,01 - Daylight,01 - Dry,10 - No control,,2,0,0,0,,0,,,,,368649.9547,5028778.86,45.39603713,-75.68448376,10582
17--6738,6/28/2017,1:28 PM,RIVERSIDE DR NB btwn INDUSTRIAL AVE & TREMBLAY RD (__3ZA4SE),__3ZA4SE,01 - Non intersection,03 - P.D. only,04 - Sideswipe,01 - Clear,01 - Daylight,01 - Dry,10 - No control,,2,0,0,0,,0,,,,,370717.3085,5030694.375,45.41308062,-75.65782548,10583
17--6739,6/28/2017,1:35 PM,ROBERTSON RD @ VANIER RD (0000640),640,02 - Intersection related,02 - Non-fatal injury,03 - Rear end,01 - Clear,01 - Daylight,01 - Dry,01 - Traffic signal,01 - Functioning,2,0,0,0,01 - Minimal,1,1,,,,357395.9883,5020644.814,45.32378249,-75.82907838,10584
17--674,1/16/2017,2:30 PM,HIGHWAY 417 btwn HWY417 IC124 RAMP76 & HWY417 IC124 RAMP67 (__3ZA2R7),__3ZA2R7,01 - Non intersection,03 - P.D. only,04 - Sideswipe,01 - Clear,01 - Daylight,01 - Dry,10 - No control,,2,0,0,0,,0,,,,,364229.3273,5027280.459,45.38294395,-75.741121,10585
17--6740,6/28/2017,11:20 AM,MERIVALE RD @ BASIL MACDONALD WAY/MERIVALE MAL (0010301),10301,02 - Intersection related,03 - P.D. only,05 - Turning movement,01 - Clear,01 - Daylight,01 - Dry,01 - Traffic signal,01 - Functioning,2,0,0,0,,0,,,,,365095.8901,5023171.865,45.34590144,-75.73055782,10586
17--6741,6/28/2017,11:31 AM,INNES RD @ 215 W OF CYRVILLE RD/HOME DEPOT W (0012457),12457,02 - Intersection related,03 - P.D. only,03 - Rear end,01 - Clear,01 - Daylight,01 - Dry,01 - Traffic signal,01 - Functioning,2,0,0,0,,0,,,,,374864.8889,5031001.453,45.41544058,-75.60479771,10587
17--6742,6/28/2017,Unknown,LORNE GREENE WAY btwn HOWE ST & DON ST (__3ZAZ4A),__3ZAZ4A,01 - Non intersection,03 - P.D. only,06 - SMV unattended vehicle,01 - Clear,00 - Unknown,01 - Dry,10 - No control,,1,0,0,0,,0,,,,,359835.3951,5025122.245,45.36388342,-75.79746512,10588
17--6743,6/28/2017,12:00 PM,ROCKY HILL DR @ PRINCE OF WALES DR (0010328),10328,02 - Intersection related,03 - P.D. only,03 - Rear end,01 - Clear,01 - Daylight,01 - Dry,01 - Traffic signal,01 - Functioning,2,0,0,0,,0,,,,,366969.7717,5014403.42,45.26684045,-75.70774714,10589
17--6744,6/28/2017,12:16 PM,INDUSTRIAL AVE @ RIVERSIDE DR (0011905),11905,02 - Intersection related,03 - P.D. only,03 - Rear end,01 - Clear,01 - Daylight,01 - Dry,01 - Traffic signal,01 - Functioning,2,0,0,0,,0,,,,,370685.7219,5030594.56,45.4121855,-75.65824234,10590
17--6745,6/28/2017,2:03 PM,FIFTH AVE btwn CHRYSLER ST & PERCY ST (__3ZA9M5),__3ZA9M5,01 - Non intersection,03 - P.D. only,06 - SMV unattended vehicle,01 - Clear,01 - Daylight,01 - Dry,10 - No control,,1,0,0,0,,0,,,,,367838.5142,5029065.461,45.39868941,-75.69481013,10591
17--6746,6/28/2017,3:22 PM,BRONSON AVE @ GLADSTONE AVE (0002110),2110,03 - At intersection,02 - Non-fatal injury,07 - SMV other,01 - Clear,01 - Daylight,01 - Dry,01 - Traffic signal,01 - Functioning,1,1,0,0,01 - Minimal,1,1,,,,367134.0362,5030081.564,45.40789509,-75.7036791,10592
17--6747,6/28/2017,3:34 PM,WALKLEY RD @ DON REID DR/RYDER ST (0008218),8218,03 - At intersection,02 - Non-fatal injury,02 - Angle,01 - Clear,01 - Daylight,01 - Dry,01 - Traffic signal,01 - Functioning,2,0,0,0,01 - Minimal,3,3,,,,372601.7269,5027284.314,45.38221833,-75.63422117,10593
17--6578,6/23/2017,3:32 PM,ST. LAURENT BLVD btwn SHORE ST & BELFAST RD (__3ZA2GU),__3ZA2GU,01 - Non intersection,03 - P.D. only,03 - Rear end,01 - Clear,01 - Daylight,01 - Dry,10 - No control,,2,0,0,0,,0,,,,,372830.9582,5030658.161,45.4125525,-75.63082909,10594
17--6748,6/28/2017,3:45 PM,BLACKBURN BYPASS @ NAVAN RD (0004201),4201,02 - Intersection related,03 - P.D. only,03 - Rear end,01 - Clear,01 - Daylight,01 - Dry,01 - Traffic signal,01 - Functioning,2,0,0,0,,0,,,,,379618.2566,5033275.581,45.43540949,-75.54372788,10595
17--6749,6/28/2017,3:51 PM,WALKLEY RD @ DON REID DR/RYDER ST (0008218),8218,02 - Intersection related,03 - P.D. only,03 - Rear end,01 - Clear,01 - Daylight,01 - Dry,01 - Traffic signal,01 - Functioning,3,0,0,0,,0,,,,,372602.6049,5027284.247,45.38221764,-75.63420997,10596
17--675,1/16/2017,2:40 PM,HIGHWAY 417 btwn HWY417 IC124 RAMP76 & HWY417 IC124 RAMP67 (__3ZA2R7),__3ZA2R7,01 - Non intersection,03 - P.D. only,03 - Rear end,01 - Clear,01 - Daylight,01 - Dry,10 - No control,,2,0,0,0,,0,,,,,364211.5473,5027254.212,45.38270929,-75.74135118,10597
17--6750,6/28/2017,4:15 PM,HIGHWAY 416 btwn HWY416 IC66 RAMP24 & HWY416 IC57 RAMP62 (__3ZA1OI),__3ZA1OI,01 - Non intersection,02 - Non-fatal injury,03 - Rear end,00 - Unknown,01 - Daylight,02 - Wet,10 - No control,,2,0,0,0,02 - Minor,1,,1,,,363811.2121,5009880.133,45.22641174,-75.74853114,10598
17--6751,6/28/2017,4:24 PM,PRINCE OF WALES DR btwn BARNSDALE RD & JOCKVALE RD (__3ZA29W),__3ZA29W,01 - Non intersection,03 - P.D. only,03 - Rear end,01 - Clear,01 - Daylight,02 - Wet,10 - No control,,2,0,0,0,,0,,,,,366650.3751,5011653.483,45.24212475,-75.71215917,10599
17--6752,6/28/2017,4:30 PM,DOZOIS RD @ GOUGH RD (0001600),1600,02 - Intersection related,03 - P.D. only,03 - Rear end,02 - Rain,01 - Daylight,02 - Wet,02 - Stop sign,01 - Functioning,2,0,0,0,,0,,,,,372530.0618,5010155.073,45.22810116,-75.63747674,10600
17--6753,6/28/2017,4:35 PM,CARLING AVE @ PINECREST  RD/GREENVIEW AVE (0001630),1630,02 - Intersection related,02 - Non-fatal injury,03 - Rear end,01 - Clear,01 - Daylight,01 - Dry,01 - Traffic signal,01 - Functioning,2,0,0,0,01 - Minimal,1,1,,,,360007.679,5024633.197,45.35946943,-75.79532069,10601
17--6754,6/28/2017,4:35 PM,BANK ST btwn ALTA VISTA DR & ERIE AVE (__3ZA36X),__3ZA36X,04 - At/near private drive,03 - P.D. only,02 - Angle,01 - Clear,01 - Daylight,01 - Dry,10 - No control,,2,0,0,0,,0,,,,,370242.3835,5026218.8,45.37285556,-75.6644862,10602
17--6755,6/28/2017,4:43 PM,COOPER ST @ PERCY ST (0005101),5101,03 - At intersection,03 - P.D. only,02 - Angle,01 - Clear,01 - Daylight,01 - Dry,02 - Stop sign,01 - Functioning,2,0,0,0,,0,,,,,367068.1745,5030641.568,45.4129397,-75.70444966,10603