Anom_ID,Accident_Date,Accident_Time,Location,Geo_ID,Accident_Location,Classification_of_Accident,Initial_Impact_Type,Environment_Condition,Light,Road_Surface_Condition,Traffic_Control,Traffic_Control_Condition,No__of_Vehicles,No__of_Bicycles,No__of_Motorcycles,No__of_Pedestrians,Max_Injury,No__of_Injuries,No__of_Minimal,No__of_Minor,No__of_Major,No__of_Fatal,X,Y,Latitude,Longitude,ObjectId
17--6756,6/28/2017,4:45 PM,CEDARVIEW RD @ WEST HUNT CLUB RD (0010267),10267,02 - Intersection related,03 - P.D. only,03 - Rear end,01 - Clear,01 - Daylight,01 - Dry,01 - Traffic signal,01 - Functioning,2,0,0,0,,0,,,,,359718.343,5019554.478,45.31379374,-75.79957717,10604
17--6757,6/28/2017,4:50 PM,GLOUCESTER ST btwn LYON ST N & KENT ST (__3ZA9NX),__3ZA9NX,04 - At/near private drive,03 - P.D. only,02 - Angle,01 - Clear,01 - Daylight,01 - Dry,10 - No control,,2,0,0,0,,0,,,,,367213.7617,5031011.606,45.41625622,-75.70254293,10605
17--6129,6/10/2017,3:16 PM,MEADOWLANDS DR @ VIEWMOUNT DR (0001752),1752,02 - Intersection related,03 - P.D. only,03 - Rear end,01 - Clear,01 - Daylight,01 - Dry,01 - Traffic signal,01 - Functioning,3,0,0,0,,0,,,,,363740.6867,5023104.173,45.34540754,-75.74785827,10606
17--613,1/14/2017,1:02 AM,INNES RD @ JEANNE D'ARC BLVD/MER BLEUE RD (0012475),12475,02 - Intersection related,03 - P.D. only,02 - Angle,01 - Clear,07 - Dark,01 - Dry,01 - Traffic signal,01 - Functioning,2,0,0,0,,0,,,,,382638.2963,5035567.282,45.45569864,-75.50477115,10607
17--6309,6/15/2017,6:12 AM,CLARENCE ST @ CUMBERLAND ST (0008412),8412,03 - At intersection,03 - P.D. only,02 - Angle,01 - Clear,01 - Daylight,01 - Dry,02 - Stop sign,01 - Functioning,2,0,0,0,,0,,,,,368211.1689,5032608.607,45.43053581,-75.68959482,10608
17--6130,6/10/2017,3:34 PM,INDUSTRIAL AVE @ TRAINYARDS DR (0011906),11906,02 - Intersection related,03 - P.D. only,03 - Rear end,01 - Clear,01 - Daylight,01 - Dry,01 - Traffic signal,01 - Functioning,2,0,0,0,,0,,,,,371686.2896,5030538.141,45.41158295,-75.64546813,10609
17--6579,6/23/2017,3:35 PM,HIGHWAY 417 btwn HWY417 IC124 RAMP76 & HWY417 IC124 RAMP67 (__3ZA2R7),__3ZA2R7,01 - Non intersection,03 - P.D. only,04 - Sideswipe,01 - Clear,01 - Daylight,01 - Dry,10 - No control,,2,0,0,0,,0,,,,,364447.9171,5027565.994,45.38549456,-75.73829548,10610
17--631,1/14/2017,4:40 PM,MERIVALE RD btwn MERIVALE RD & MERIVALE RD (__3ZBOD6),__3ZBOD6,04 - At/near private drive,03 - P.D. only,03 - Rear end,01 - Clear,05 - Dusk,01 - Dry,10 - No control,,2,0,0,0,,0,,,,,364929.8969,5027618.141,45.38592256,-75.73213479,10611
17--6131,6/10/2017,5:40 PM,MANOTICK MAIN ST @ MILL ST (0008836),8836,03 - At intersection,03 - P.D. only,02 - Angle,01 - Clear,01 - Daylight,01 - Dry,02 - Stop sign,01 - Functioning,2,0,0,0,,0,,,,,368820.363,5009832.058,45.22554167,-75.68475532,10612
17--658,1/15/2017,6:18 AM,BANK ST @ SLATER ST (0002223),2223,03 - At intersection,02 - Non-fatal injury,02 - Angle,01 - Clear,07 - Dark,02 - Wet,01 - Traffic signal,01 - Functioning,2,0,0,0,02 - Minor,2,,2,,,367424.5509,5031353.871,45.41931698,-75.69980646,10613
17--6310,6/15/2017,6:21 AM,RICHMOND RD @ WAVELL AVE (0008877),8877,03 - At intersection,03 - P.D. only,01 - Approaching,01 - Clear,01 - Daylight,01 - Dry,02 - Stop sign,01 - Functioning,2,0,0,0,,0,,,,,362173.2294,5027397.283,45.38416653,-75.76736044,10614
17--6132,6/10/2017,5:58 PM,ISABELLA ST/HWY417 IC119AR75 @ METCALFE ST (0011380),11380,03 - At intersection,02 - Non-fatal injury,02 - Angle,01 - Clear,01 - Daylight,01 - Dry,01 - Traffic signal,01 - Functioning,2,0,0,0,02 - Minor,2,,2,,,368449.041,5030398.896,45.41063199,-75.68684055,10615
17--6580,6/23/2017,3:45 PM,HIGHWAY 417 btwn HWY417 IC117 RAMP25 & HWY417 IC115 RAMP51 (__3ZA2R3),__3ZA2R3,01 - Non intersection,03 - P.D. only,03 - Rear end,01 - Clear,01 - Daylight,01 - Dry,10 - No control,,2,0,0,0,,0,,,,,371360.4882,5031379.696,45.41918597,-75.64951641,10616
17--6311,6/15/2017,6:24 AM,BLOHM DR @ MALAK ST (0008285),8285,03 - At intersection,02 - Non-fatal injury,07 - SMV other,01 - Clear,01 - Daylight,01 - Dry,02 - Stop sign,01 - Functioning,1,0,0,1,02 - Minor,1,,1,,,374091.1044,5025833.152,45.36901568,-75.61540876,10617
17--6133,6/10/2017,7:07 PM,BANK ST @ OSSINGTON AVE (0007228),7228,03 - At intersection,02 - Non-fatal injury,05 - Turning movement,01 - Clear,01 - Daylight,01 - Dry,10 - No control,00 - Unknown,2,1,0,0,02 - Minor,1,,1,,,368891.0519,5028319.885,45.39188539,-75.68146431,10618
17--6312,6/15/2017,6:27 PM,TENTH LINE RD @ VANGUARD DR (0004632),4632,03 - At intersection,03 - P.D. only,02 - Angle,01 - Clear,01 - Daylight,01 - Dry,01 - Traffic signal,01 - Functioning,2,0,0,0,,0,,,,,384073.7665,5035875.901,45.45831394,-75.48637056,10619
17--6313,6/15/2017,6:36 AM,ST. LAURENT BLVD @ CONNERY AVE (0008348),8348,02 - Intersection related,03 - P.D. only,01 - Approaching,01 - Clear,01 - Daylight,01 - Dry,02 - Stop sign,00 - Unknown,3,0,0,0,,0,,,,,373627.2961,5028723.348,45.3950661,-75.62092624,10620
17--6314,6/15/2017,6:43 PM,CONROY RD @ WALKLEY RD (0002648),2648,02 - Intersection related,02 - Non-fatal injury,03 - Rear end,01 - Clear,01 - Daylight,01 - Dry,01 - Traffic signal,01 - Functioning,2,0,0,0,01 - Minimal,1,1,,,,372903.3882,5027464.869,45.38381363,-75.63034471,10621
17--6315,6/15/2017,7:09 AM,CARLING AVE @ EDGEWORTH AVE (0002718),2718,02 - Intersection related,03 - P.D. only,07 - SMV other,01 - Clear,01 - Daylight,01 - Dry,01 - Traffic signal,01 - Functioning,1,0,0,0,,0,,,,,361263.1897,5025423.505,45.36648058,-75.77920612,10622
17--6316,6/15/2017,7:10 PM,HIGHWAY 417 btwn HWY417 IC126 RAMP61 & HWY417 IC124 RAMP76 (__3ZA2Y2),__3ZA2Y2,01 - Non intersection,03 - P.D. only,99 - Other,01 - Clear,01 - Daylight,01 - Dry,10 - No control,,2,0,0,0,,0,,,,,363580.4755,5026413.526,45.37519816,-75.74950896,10623
17--6317,6/15/2017,7:20 AM,RENAUD RD @ SADDLERIDGE DR (0013678),13678,02 - Intersection related,03 - P.D. only,99 - Other,01 - Clear,01 - Daylight,01 - Dry,02 - Stop sign,01 - Functioning,2,0,0,0,,0,,,,,381580.8351,5032591.7,45.42904372,-75.51875393,10624
17--6318,6/15/2017,7:26 AM,DRIVEWAY (THE) @ PRINCE OF WALES DR (0002128),2128,02 - Intersection related,02 - Non-fatal injury,03 - Rear end,01 - Clear,01 - Daylight,01 - Dry,11 - Roundabout,01 - Functioning,2,0,0,0,02 - Minor,1,,1,,,366884.0462,5028136.877,45.39041954,-75.70711721,10625
17--6319,6/15/2017,7:31 AM,OTTAWA RIVER PKWY WB btwn TRANSIT & TURN LANE (__3ZA23O),__3ZA23O,01 - Non intersection,03 - P.D. only,07 - SMV other,01 - Clear,01 - Daylight,01 - Dry,10 - No control,,1,0,0,0,,0,,,,,362669.0125,5029106.64,45.3995063,-75.76082948,10626
17--632,1/14/2017,4:58 PM,JEANNE D'ARC BLVD @ ORLEANS BLVD N (0003792),3792,02 - Intersection related,03 - P.D. only,03 - Rear end,01 - Clear,05 - Dusk,06 - Ice,01 - Traffic signal,01 - Functioning,2,0,0,0,,0,,,,,380030.3978,5038104.143,45.47880897,-75.53772223,10627
17--6320,6/15/2017,7:40 AM,HUNT CLUB RD @ RIVERSIDE DR (0002237),2237,03 - At intersection,02 - Non-fatal injury,03 - Rear end,01 - Clear,01 - Daylight,01 - Dry,01 - Traffic signal,01 - Functioning,2,0,0,0,02 - Minor,1,,1,,,368035.6997,5021946.167,45.33461399,-75.69320291,10628
17--6321,6/15/2017,7:45 AM,RICHMOND RD @ HOLLY ACRES RD/NANAIMO DR (0001068),1068,02 - Intersection related,03 - P.D. only,04 - Sideswipe,01 - Clear,01 - Daylight,01 - Dry,01 - Traffic signal,01 - Functioning,2,0,0,0,,0,,,,,359058.3372,5022748.496,45.34258498,-75.80764414,10629
17--6322,6/15/2017,7:58 PM,LEES AVE btwn MAIN ST & ROSEMERE AVE (__3ZA3QL),__3ZA3QL,04 - At/near private drive,03 - P.D. only,02 - Angle,01 - Clear,01 - Daylight,01 - Dry,10 - No control,,2,0,0,0,,0,,,,,369108.9503,5030620.105,45.41256202,-75.67838177,10630
17--6323,6/15/2017,8:29 PM,RUSSLAND RD btwn ROCKDALE RD & DUNNING RD (__3ZA3KV),__3ZA3KV,01 - Non intersection,03 - P.D. only,01 - Approaching,01 - Clear,05 - Dusk,01 - Dry,10 - No control,,2,0,0,0,,0,,,,,397155.9573,5022979.22,45.34067987,-75.32154379,10631
17--6324,6/15/2017,8:31 AM,GOWARD DR @ OLD SECOND LINE RD (0013608),13608,03 - At intersection,02 - Non-fatal injury,02 - Angle,01 - Clear,01 - Daylight,01 - Dry,02 - Stop sign,01 - Functioning,2,0,0,0,02 - Minor,4,1,3,,,347882.909,5023410.318,45.34931561,-75.95018151,10632
17--6325,6/15/2017,9:12 AM,LONGFIELDS DR @ VIA MODUGNO PL (0015388),15388,03 - At intersection,03 - P.D. only,07 - SMV other,01 - Clear,01 - Daylight,01 - Dry,02 - Stop sign,01 - Functioning,1,0,0,0,,0,,,,,364072.3277,5016337.099,45.28448985,-75.74443619,10633
17--6326,6/15/2017,9:23 PM,CARLING AVE @ SCRIVENS ST (0002720),2720,03 - At intersection,03 - P.D. only,99 - Other,02 - Rain,07 - Dark,02 - Wet,01 - Traffic signal,01 - Functioning,2,0,0,0,,0,,,,,359423.3336,5024259.181,45.35614981,-75.80282013,10634
17--6327,6/15/2017,9:39 AM,REGIONAL ROAD 174 btwn OR174 IC105 RAMP26 & OR174 IC105 RAMP63 (__3ZA2XB),__3ZA2XB,01 - Non intersection,03 - P.D. only,07 - SMV other,01 - Clear,01 - Daylight,01 - Dry,10 - No control,,1,0,0,0,,0,,,,,379452.1077,5037064.54,45.4695175,-75.54527611,10635
17--6328,6/15/2017,9:50 AM,REGIONAL ROAD 174 btwn OR174 IC105 RAMP26 & OR174 IC105 RAMP63 (__3ZA2XB),__3ZA2XB,01 - Non intersection,02 - Non-fatal injury,03 - Rear end,01 - Clear,01 - Daylight,01 - Dry,10 - No control,,2,0,0,0,02 - Minor,2,,2,,,379430.5176,5037052.899,45.46941507,-75.54555395,10636
17--6329,6/16/2017,1:03 PM,MANOTICK MAIN ST btwn HIGHCROFT DR & MAPLE AVE (__3ZA387),__3ZA387,04 - At/near private drive,03 - P.D. only,02 - Angle,01 - Clear,01 - Daylight,02 - Wet,10 - No control,,2,0,0,0,,0,,,,,368655.1456,5009961.155,45.22671828,-75.68684245,10637
17--633,1/14/2017,5:00 PM,HIGHWAY 417 btwn HWY417 IC127 RAMP25 & HWY417 IC126 RAMP51 (__3ZA2XA),__3ZA2XA,01 - Non intersection,02 - Non-fatal injury,04 - Sideswipe,01 - Clear,05 - Dusk,01 - Dry,10 - No control,,2,0,0,0,02 - Minor,1,,1,,,363118.2911,5025749.744,45.36926415,-75.75548786,10638
17--6330,6/16/2017,1:12 PM,WALKLEY RD btwn HALIFAX DR & ST. LAURENT BLVD (__3ZA2EL),__3ZA2EL,01 - Non intersection,03 - P.D. only,04 - Sideswipe,01 - Clear,01 - Daylight,01 - Dry,10 - No control,,2,0,0,0,,0,,,,,373880.2272,5028033.934,45.38883817,-75.61779266,10639
17--6331,6/16/2017,1:23 PM,ELGIN ST btwn SLATER ST & LAURIER AVE W (1) (__3ZA25J),__3ZA25J,01 - Non intersection,03 - P.D. only,04 - Sideswipe,01 - Clear,01 - Daylight,01 - Dry,10 - No control,,2,0,0,0,,0,,,,,367916.2794,5031638.013,45.42182941,-75.69348755,10640
17--6332,6/16/2017,1:27 PM,CARLING AVE @ BROADVIEW AVE (0006707),6707,03 - At intersection,03 - P.D. only,05 - Turning movement,01 - Clear,01 - Daylight,01 - Dry,01 - Traffic signal,01 - Functioning,2,0,0,0,,0,,,,,363180.6866,5026638.542,45.37725624,-75.75458631,10641
17--6333,6/16/2017,1:36 PM,MEADOWBROOK RD btwn ENGLEWOOD PL & BLAIR RD (__3ZA5B5),__3ZA5B5,04 - At/near private drive,03 - P.D. only,99 - Other,01 - Clear,01 - Daylight,01 - Dry,10 - No control,,2,0,0,0,,0,,,,,375172.3265,5032292.84,45.42702892,-75.60068568,10642
17--6334,6/16/2017,10:08 PM,NAVY PRIV @ PRINCE OF WALES DR (0006476),6476,02 - Intersection related,03 - P.D. only,07 - SMV other,01 - Clear,07 - Dark,01 - Dry,02 - Stop sign,01 - Functioning,1,0,0,0,,0,,,,,366840.7178,5028679.748,45.39530799,-75.70760224,10643
17--6335,6/16/2017,10:10 PM,MARCH RD btwn PETER ROBINSON RD & CORKERY RD (__3ZA2RJ),__3ZA2RJ,01 - Non intersection,03 - P.D. only,07 - SMV other,01 - Clear,07 - Dark,01 - Dry,10 - No control,,1,0,0,0,,0,,,,,335840.3868,5016039.446,45.28362514,-76.10432408,10644
17--6336,6/16/2017,10:29 PM,BRITANNIA RD btwn PRISCILLA ST & MARIE ST (__3ZABWE),__3ZABWE,01 - Non intersection,03 - P.D. only,06 - SMV unattended vehicle,01 - Clear,07 - Dark,01 - Dry,10 - No control,,1,0,0,0,,0,,,,,360094.3307,5024925.095,45.36208909,-75.79418208,10645
17--6337,6/16/2017,10:53 PM,HIGHWAY 417 btwn HWY417 IC126 RAMP25 & HWY417 IC124 RAMP57 (__3ZA2R5),__3ZA2R5,01 - Non intersection,03 - P.D. only,07 - SMV other,01 - Clear,07 - Dark,01 - Dry,10 - No control,,1,0,1,0,,0,,,,,363667.9445,5026500.596,45.37597426,-75.7483819,10646
17--6338,6/16/2017,10:54 AM,MONTREAL RD @ ST. LAURENT BLVD (0002604),2604,03 - At intersection,03 - P.D. only,05 - Turning movement,01 - Clear,01 - Daylight,01 - Dry,01 - Traffic signal,01 - Functioning,2,0,0,0,,0,,,,,371545.3685,5033818.264,45.44110949,-75.64682382,10647
17--6339,6/16/2017,11:05 PM,MARCH RD @ TERON RD (0011926),11926,02 - Intersection related,03 - P.D. only,03 - Rear end,01 - Clear,07 - Dark,01 - Dry,01 - Traffic signal,01 - Functioning,2,0,0,0,,0,,,,,351414.9507,5021780.151,45.33442117,-75.90526201,10648
17--634,1/14/2017,5:15 PM,ROSEMOUNT AVE btwn WELLINGTON ST W & GLADSTONE AVE (__3ZA05K),__3ZA05K,01 - Non intersection,03 - P.D. only,06 - SMV unattended vehicle,01 - Clear,05 - Dusk,01 - Dry,10 - No control,,1,0,0,0,,0,,,,,365389.2309,5029370.341,45.40164889,-75.7260544,10649
17--6340,6/16/2017,11:07 AM,DALY AVE @ CHARLOTTE ST (0007743),7743,02 - Intersection related,03 - P.D. only,02 - Angle,01 - Clear,01 - Daylight,01 - Dry,02 - Stop sign,01 - Functioning,2,0,0,0,,0,,,,,369335.3054,5032723.348,45.43146538,-75.67521461,10650
17--6341,6/16/2017,11:16 PM,HIGHWAY 417 btwn HWY417 IC126 RAMP61 & HWY417 IC124 RAMP76 (__3ZA2Y2),__3ZA2Y2,01 - Non intersection,03 - P.D. only,07 - SMV other,01 - Clear,07 - Dark,01 - Dry,10 - No control,,1,0,0,0,,0,,,,,363680.6445,5026542.93,45.3763541,-75.74821472,10651
17--6342,6/16/2017,11:25 PM,GREENBANK RD @ WEST HUNT CLUB RD (0005167),5167,02 - Intersection related,03 - P.D. only,03 - Rear end,01 - Clear,07 - Dark,01 - Dry,01 - Traffic signal,01 - Functioning,2,0,0,0,,0,,,,,361477.8725,5020502.178,45.32218133,-75.77702964,10652
17--6343,6/16/2017,11:41 AM,PARKDALE AVE @ GLADSTONE AVE (0002362),2362,03 - At intersection,03 - P.D. only,03 - Rear end,01 - Clear,01 - Daylight,01 - Dry,01 - Traffic signal,01 - Functioning,3,0,0,0,,0,,,,,365217.0362,5029117.892,45.39939229,-75.72828468,10653
17--6344,6/16/2017,11:51 PM,ALBERT ST @ BANK ST (0002115),2115,03 - At intersection,03 - P.D. only,06 - SMV unattended vehicle,01 - Clear,07 - Dark,01 - Dry,01 - Traffic signal,01 - Functioning,1,0,0,0,,0,,,,,367386.0306,5031423.574,45.4199476,-75.70028975,10654
17--6345,6/16/2017,11:52 AM,PRINCESS AVE btwn SUSSEX DR & ROCKCLIFFE PKWY (__3ZA2FH),__3ZA2FH,01 - Non intersection,03 - P.D. only,04 - Sideswipe,02 - Rain,01 - Daylight,02 - Wet,10 - No control,,2,0,0,0,,0,,,,,367980.8237,5034174.681,45.44464762,-75.69233736,10655
17--6346,6/16/2017,11:56 AM,OGILVIE RD btwn COVENTRY RD & OGILVIE RD (__3ZA2TF),__3ZA2TF,01 - Non intersection,03 - P.D. only,04 - Sideswipe,01 - Clear,01 - Daylight,01 - Dry,10 - No control,,2,0,0,0,,0,,,,,372354.4925,5031956.892,45.42428404,-75.63673771,10656
17--6347,6/16/2017,12:18 PM,SLATER ST btwn KENT ST & BANK ST (__3ZA349),__3ZA349,01 - Non intersection,02 - Non-fatal injury,04 - Sideswipe,02 - Rain,01 - Daylight,02 - Wet,10 - No control,,2,0,0,0,02 - Minor,2,,2,,,367304.539,5031279.538,45.41865889,-75.7013492,10657
17--6348,6/16/2017,12:35 PM,BRIDGE ST/MAPLE AVE @ MANOTICK MAIN ST (0008225),8225,02 - Intersection related,03 - P.D. only,03 - Rear end,01 - Clear,01 - Daylight,01 - Dry,01 - Traffic signal,01 - Functioning,2,0,0,0,,0,,,,,368700.642,5009932.395,45.22645537,-75.68626683,10658
17--6349,6/16/2017,12:53 PM,GEORGE ST @ DALHOUSIE ST (0008516),8516,03 - At intersection,03 - P.D. only,05 - Turning movement,01 - Clear,01 - Daylight,01 - Dry,01 - Traffic signal,01 - Functioning,2,0,0,0,,0,,,,,368158.4087,5032316.176,45.4279094,-75.69030666,10659
17--635,1/14/2017,5:47 PM,PRINCE OF WALES DR @ WEST HUNT CLUB RD (0000567),567,02 - Intersection related,03 - P.D. only,03 - Rear end,01 - Clear,07 - Dark,01 - Dry,01 - Traffic signal,01 - Functioning,2,0,0,0,,0,,,,,367460.1304,5021892.213,45.33418015,-75.70055246,10660
17--6350,6/16/2017,2:03 PM,ST. LAURENT BLVD btwn INDUSTRIAL AVE & BOURASSA ST (__3ZBOFB),__3ZBOFB,01 - Non intersection,03 - P.D. only,04 - Sideswipe,01 - Clear,01 - Daylight,01 - Dry,10 - No control,,2,0,0,0,,0,,,,,373140.0941,5029913.715,45.4058242,-75.62698319,10661
17--6351,6/16/2017,2:17 PM,IRIS ST @ WOODROFFE AVE (0002736),2736,03 - At intersection,03 - P.D. only,05 - Turning movement,01 - Clear,01 - Daylight,01 - Dry,01 - Traffic signal,01 - Functioning,2,0,0,0,,0,,,,,362283.3301,5024443.114,45.35757619,-75.76629838,10662
17--6352,6/16/2017,3:15 PM,COLONNADE RD @ MERIVALE RD (0004569),4569,02 - Intersection related,03 - P.D. only,03 - Rear end,01 - Clear,01 - Daylight,01 - Dry,01 - Traffic signal,01 - Functioning,3,0,0,0,,0,,,,,365364.0295,5022545.165,45.34023938,-75.72721311,10663
17--6353,6/16/2017,3:25 PM,BASELINE RD btwn TURN LANE & MERIVALE RD (__3ZA4IA),__3ZA4IA,01 - Non intersection,03 - P.D. only,03 - Rear end,01 - Clear,01 - Daylight,01 - Dry,10 - No control,,2,0,0,0,,0,,,,,365033.6262,5025310.799,45.3651526,-75.7310917,10664
17--6354,6/16/2017,3:31 PM,BLOHM DR @ HUNT CLUB RD (0011392),11392,02 - Intersection related,03 - P.D. only,03 - Rear end,01 - Clear,01 - Daylight,01 - Dry,01 - Traffic signal,01 - Functioning,2,0,0,0,,0,,,,,375130.7493,5026190.187,45.37212456,-75.60208713,10665
17--6355,6/16/2017,3:44 AM,TERRY FOX DR btwn TERRY FOX DR & EAGLESON RD (__51NPEM),__51NPEM,04 - At/near private drive,03 - P.D. only,07 - SMV other,02 - Rain,07 - Dark,02 - Wet,10 - No control,,1,0,0,0,,0,,,,,354351.9983,5015077.933,45.27391203,-75.86846182,10666
17--6356,6/16/2017,3:44 PM,RICHARDSON SIDE RD @ TERRY FOX DR (0013651),13651,03 - At intersection,03 - P.D. only,02 - Angle,01 - Clear,01 - Daylight,01 - Dry,01 - Traffic signal,01 - Functioning,2,0,0,0,,0,,,,,348803.086,5019506.072,45.31412702,-75.93878598,10667
17--6357,6/16/2017,3:50 PM,HIGHWAY 417 btwn HWY417 IC115 RAMP36 & HWY417 IC115 RAMP26 (__3ZA2R4),__3ZA2R4,01 - Non intersection,03 - P.D. only,03 - Rear end,01 - Clear,01 - Daylight,01 - Dry,10 - No control,,2,0,0,0,,0,,,,,372232.8705,5031495.308,45.42014266,-75.63835489,10668
17--6358,6/16/2017,4:17 PM,CARLING AVE @ CROYDON AVE (0002642),2642,03 - At intersection,03 - P.D. only,05 - Turning movement,01 - Clear,01 - Daylight,01 - Dry,01 - Traffic signal,01 - Functioning,2,0,0,0,,0,,,,,360659.0151,5025041.18,45.36308885,-75.78696146,10669
17--6359,6/16/2017,4:51 PM,KENT ST @ WELLINGTON ST (0002040),2040,03 - At intersection,03 - P.D. only,99 - Other,01 - Clear,01 - Daylight,01 - Dry,01 - Traffic signal,01 - Functioning,2,0,0,0,,0,,,,,367097.1514,5031527.12,45.42090505,-75.70396753,10670
17--636,1/14/2017,5:55 PM,HIGHWAY 417 btwn HWY 417 ANDERSON IC104R61 & HWY 417 BOUNDARY IC96R16 (__3ZA2W5),__3ZA2W5,01 - Non intersection,03 - P.D. only,07 - SMV other,01 - Clear,07 - Dark,01 - Dry,10 - No control,,1,0,0,0,,0,,,,,382931.9844,5025455.13,45.36468472,-75.50261941,10671
17--6360,6/16/2017,5:07 PM,WEST HUNT CLUB RD @ CLEOPATRA DR/LANCELOT DR (0000114),114,02 - Intersection related,03 - P.D. only,05 - Turning movement,01 - Clear,01 - Daylight,01 - Dry,01 - Traffic signal,01 - Functioning,2,0,0,0,,0,,,,,365237.3722,5021732.494,45.33293798,-75.72892834,10672
17--6361,6/16/2017,5:16 PM,ALBERT ST btwn BRONSON AVE & BAY ST (__3ZA339),__3ZA339,01 - Non intersection,03 - P.D. only,04 - Sideswipe,01 - Clear,01 - Daylight,01 - Dry,10 - No control,,2,0,0,0,,0,,,,,366891.5461,5031111.756,45.41718601,-75.70664685,10673
17--6362,6/16/2017,5:36 AM,FRANKTOWN RD btwn CONLEY RD & JOY'S RD (__3ZA42P),__3ZA42P,01 - Non intersection,03 - P.D. only,07 - SMV other,02 - Rain,03 - Dawn,02 - Wet,10 - No control,,1,0,0,0,,0,,,,,354995.5616,5004646.006,45.17999671,-75.86131224,10674
17--6363,6/16/2017,6:01 PM,HINCKS LANE E @ RIVERSIDE DR (0006894),6894,02 - Intersection related,02 - Non-fatal injury,07 - SMV other,01 - Clear,01 - Daylight,01 - Dry,02 - Stop sign,01 - Functioning,1,0,0,0,02 - Minor,1,,1,,,370269.28,5030199.156,45.40866689,-75.66361475,10675
17--6364,6/16/2017,6:25 PM,FALLOWFIELD RD @ WOLFGANG DR (0000107),107,03 - At intersection,02 - Non-fatal injury,02 - Angle,01 - Clear,01 - Daylight,01 - Dry,02 - Stop sign,01 - Functioning,3,0,0,0,01 - Minimal,4,4,,,,363406.3766,5016943.451,45.29000164,-75.75285293,10676
17--6365,6/16/2017,6:43 AM,PRINCE OF WALES DR @ MEADOWLANDS DR/HOG'S BACK (0001629),1629,03 - At intersection,02 - Non-fatal injury,05 - Turning movement,01 - Clear,01 - Daylight,02 - Wet,01 - Traffic signal,01 - Functioning,2,0,0,0,02 - Minor,1,,1,,,367373.849,5025693.477,45.36839084,-75.70117214,10677
17--6366,6/16/2017,6:59 PM,MERIVALE RD @ FAMILY BROWN LANE (0010933),10933,03 - At intersection,03 - P.D. only,05 - Turning movement,01 - Clear,01 - Daylight,01 - Dry,01 - Traffic signal,01 - Functioning,2,0,0,0,,0,,,,,365003.7886,5023386.122,45.3478372,-75.73170695,10678
17--6367,6/16/2017,7:36 AM,MACKENZIE KING BR/WALLER ST @ NICHOLAS ST/WALL (0011251),11251,02 - Intersection related,03 - P.D. only,04 - Sideswipe,01 - Clear,01 - Daylight,01 - Dry,01 - Traffic signal,01 - Functioning,2,0,0,0,,0,,,,,368372.0701,5031992.808,45.42498046,-75.68761817,10679
17--6368,6/16/2017,8:53 AM,GOULBURN AVE @ TEMPLETON ST (0007806),7806,03 - At intersection,03 - P.D. only,02 - Angle,01 - Clear,01 - Daylight,02 - Wet,02 - Stop sign,01 - Functioning,2,0,0,0,,0,,,,,369577.9155,5031819.883,45.42331392,-75.67223312,10680
17--6369,6/16/2017,8:54 PM,GREENBANK RD @ JOCKVALE RD (0010360),10360,02 - Intersection related,03 - P.D. only,03 - Rear end,01 - Clear,05 - Dusk,01 - Dry,01 - Traffic signal,01 - Functioning,2,0,0,0,,0,,,,,364121.3534,5014331.082,45.26643556,-75.744051,10681
17--637,1/14/2017,5:56 PM,HIGHWAY 417 btwn HWY 417 ANDERSON IC104R61 & HWY 417 BOUNDARY IC96R16 (__3ZA2W5),__3ZA2W5,01 - Non intersection,03 - P.D. only,07 - SMV other,01 - Clear,07 - Dark,01 - Dry,10 - No control,,1,0,0,0,,0,,,,,381585.7817,5025632.931,45.36643321,-75.51977395,10682
17--6370,6/16/2017,9:01 AM,CLAUDE ST btwn PAUL AVE & CLARKE AVE (__3ZA8VP),__3ZA8VP,01 - Non intersection,03 - P.D. only,06 - SMV unattended vehicle,01 - Clear,01 - Daylight,01 - Dry,10 - No control,,1,0,0,0,,0,,,,,371946.4223,5033506.066,45.43826208,-75.6417405,10683
17--6371,6/16/2017,9:30 PM,MONTREAL RD @ VANIER PKWY (0004630),4630,02 - Intersection related,03 - P.D. only,03 - Rear end,01 - Clear,07 - Dark,01 - Dry,01 - Traffic signal,01 - Functioning,2,0,0,0,,0,,,,,370073.7131,5033064.923,45.4344702,-75.6657332,10684
17--6372,6/16/2017,9:50 AM,INNES RD @ STONEHENGE CRES W (0009354),9354,03 - At intersection,03 - P.D. only,05 - Turning movement,01 - Clear,01 - Daylight,01 - Dry,01 - Traffic signal,01 - Functioning,2,0,0,0,,0,,,,,375201.4134,5031217.233,45.41734827,-75.60046772,10685
17--6373,6/16/2017,9:50 PM,NICHOLAS ST NB btwn LAURIER AVE E & WALLER ST (__5D2DO8),__5D2DO8,01 - Non intersection,03 - P.D. only,03 - Rear end,01 - Clear,07 - Dark,01 - Dry,10 - No control,,2,0,0,0,,0,,,,,368491.0283,5031708.638,45.42241278,-75.68613491,10686
17--6374,6/17/2017,1:17 PM,TERRY FOX DR N @ FLAMBOROUGH WAY/INNOVATION DR (0011795),11795,03 - At intersection,03 - P.D. only,02 - Angle,01 - Clear,01 - Daylight,01 - Dry,01 - Traffic signal,01 - Functioning,2,0,0,0,,0,,,,,349381.084,5022955.117,45.34512597,-75.93110396,10687