Anom_ID,Accident_Date,Accident_Time,Location,Geo_ID,Accident_Location,Classification_of_Accident,Initial_Impact_Type,Environment_Condition,Light,Road_Surface_Condition,Traffic_Control,Traffic_Control_Condition,No__of_Vehicles,No__of_Bicycles,No__of_Motorcycles,No__of_Pedestrians,Max_Injury,No__of_Injuries,No__of_Minimal,No__of_Minor,No__of_Major,No__of_Fatal,X,Y,Latitude,Longitude,ObjectId
17--6375,6/17/2017,10:27 PM,KNOXDALE RD @ WEST HUNT CLUB RD (0005165),5165,02 - Intersection related,03 - P.D. only,03 - Rear end,01 - Clear,07 - Dark,01 - Dry,01 - Traffic signal,01 - Functioning,3,0,0,0,,0,,,,,361864.1591,5020584.004,45.32288631,-75.77209323,10688
17--6376,6/17/2017,10:30 AM,HIGHWAY 417 btwn HWY417 IC130 RAMP26 & HIGHWAY 417 (__3ZA2UV),__3ZA2UV,01 - Non intersection,03 - P.D. only,04 - Sideswipe,01 - Clear,01 - Daylight,01 - Dry,10 - No control,,2,0,0,0,,0,,,,,359421.9027,5023108.419,45.34579536,-75.80296551,10689
17--6377,6/17/2017,11:15 AM,ABERDEEN ST @ PRESTON ST (0005695),5695,03 - At intersection,03 - P.D. only,02 - Angle,01 - Clear,01 - Daylight,01 - Dry,02 - Stop sign,01 - Functioning,2,0,0,0,,0,,,,,366651.3603,5029341.563,45.40127958,-75.70993754,10690
17--6378,6/17/2017,11:21 AM,WENDELL AVE @ HOBIN ST (0000306),306,02 - Intersection related,03 - P.D. only,03 - Rear end,02 - Rain,01 - Daylight,02 - Wet,02 - Stop sign,01 - Functioning,2,0,0,0,,0,,,,,349091.4015,5013853.573,45.26324583,-75.93561365,10691
17--6379,6/17/2017,Unknown,LEES AVE btwn HWY417 IC118 RAMP45 & TRANSIT (__3ZA3CM),__3ZA3CM,01 - Non intersection,03 - P.D. only,06 - SMV unattended vehicle,01 - Clear,00 - Unknown,01 - Dry,10 - No control,,1,0,0,0,,0,,,,,369630.7379,5030931.687,45.41531738,-75.67167507,10692
17--638,1/14/2017,5:57 PM,CARLING AVE EB btwn WESTGATE SC E & MERIVALE RD (__3ZA4TFC),__3ZA4TFC,04 - At/near private drive,02 - Non-fatal injury,05 - Turning movement,01 - Clear,07 - Dark,01 - Dry,10 - No control,,2,0,0,0,02 - Minor,1,,1,,,364852.3216,5027673.661,45.38642877,-75.73311859,10693
17--6380,6/17/2017,12:12 AM,O'CONNOR ST @ SOMERSET ST (0002690),2690,03 - At intersection,03 - P.D. only,07 - SMV other,01 - Clear,07 - Dark,01 - Dry,01 - Traffic signal,01 - Functioning,1,0,0,0,,0,,,,,367855.7101,5031010.651,45.41619008,-75.69434173,10694
17--6381,6/17/2017,2:55 PM,HWY417 IC144 RAMP61 btwn HWY417 IC144 RAMP63 & HIGHWAY 417 (__3ZAY8I),__3ZAY8I,01 - Non intersection,03 - P.D. only,07 - SMV other,01 - Clear,01 - Daylight,01 - Dry,10 - No control,,1,0,0,0,,0,,,,,347672.7705,5016133.312,45.28384769,-75.95349295,10695
17--6382,6/17/2017,2:58 AM,GREENBANK RD btwn JOCKVALE RD & CAMBRIAN RD (__3ZA2WE),__3ZA2WE,01 - Non intersection,03 - P.D. only,07 - SMV other,01 - Clear,07 - Dark,02 - Wet,10 - No control,,1,0,0,0,,0,,,,,364484.0672,5013508.511,45.25900336,-75.73952807,10696
17--6383,6/17/2017,3:10 PM,HIGHWAY 416 btwn HWY416 IC66 RAMP34 & HWY416 IC66 RAMP63 (__3ZAZM2),__3ZAZM2,01 - Non intersection,03 - P.D. only,07 - SMV other,01 - Clear,01 - Daylight,01 - Dry,10 - No control,,1,0,0,0,,0,,,,,359891.2533,5015024.303,45.2730173,-75.79787525,10697
17--6384,6/17/2017,4:00 PM,ST. JOSEPH BLVD/OLD MONTREAL RD @ TRIM RD (0004118),4118,03 - At intersection,03 - P.D. only,02 - Angle,01 - Clear,01 - Daylight,01 - Dry,11 - Roundabout,01 - Functioning,2,0,0,0,,0,,,,,384682.6514,5039289.381,45.48895582,-75.47803134,10698
17--6385,6/17/2017,4:02 AM,PRINCE OF WALES DR btwn NATIONAL CAPITAL COMM DRWY & HARTWELL LOCKS/54 (__3ZA30ZA),__3ZA30ZA,01 - Non intersection,02 - Non-fatal injury,07 - SMV other,01 - Clear,07 - Dark,01 - Dry,10 - No control,,1,0,0,0,02 - Minor,1,,1,,,366920.7534,5027659.179,45.38611808,-75.70670859,10699
17--6386,6/17/2017,4:28 AM,PERTH ST btwn FRANKTOWN RD & ROCHELLE DR (__3ZA42R),__3ZA42R,01 - Non intersection,03 - P.D. only,07 - SMV other,01 - Clear,07 - Dark,01 - Dry,10 - No control,,1,0,0,0,,0,,,,,356143.4761,5005709.237,45.18948142,-75.84659769,10700
17--6387,6/17/2017,7:42 PM,ALBION RD/COLLISTON CRES E @ WALKLEY RD (0011422),11422,02 - Intersection related,02 - Non-fatal injury,01 - Approaching,01 - Clear,01 - Daylight,01 - Dry,01 - Traffic signal,01 - Functioning,2,0,0,0,02 - Minor,1,,1,,,371033.4917,5026354.601,45.37400313,-75.65436888,10701
17--6388,6/17/2017,7:59 AM,TERRY FOX DR @ FERNBANK RD (0011863),11863,03 - At intersection,03 - P.D. only,02 - Angle,01 - Clear,01 - Daylight,01 - Dry,01 - Traffic signal,01 - Functioning,2,0,0,0,,0,,,,,354302.6326,5015130.474,45.27438828,-75.86908571,10702
17--6389,6/17/2017,8:00 PM,KENT ST btwn SPARKS ST & QUEEN ST (__3ZA1Z0),__3ZA1Z0,01 - Non intersection,03 - P.D. only,06 - SMV unattended vehicle,01 - Clear,01 - Daylight,01 - Dry,10 - No control,,1,0,0,0,,0,,,,,367160.5679,5031420.039,45.41993592,-75.70317083,10703
17--639,1/14/2017,6:09 PM,HAWTHORNE RD btwn STEVENAGE DR & HUNT CLUB RD (__3ZA2E8),__3ZA2E8,01 - Non intersection,03 - P.D. only,05 - Turning movement,01 - Clear,07 - Dark,01 - Dry,10 - No control,,2,0,0,0,,0,,,,,375495.5015,5026433.809,45.37427985,-75.59739605,10704
17--6390,6/17/2017,8:21 PM,WICKLOW DR btwn SCHARFGATE DR & POTTER DR (__3ZA4DG),__3ZA4DG,04 - At/near private drive,03 - P.D. only,06 - SMV unattended vehicle,01 - Clear,01 - Daylight,01 - Dry,10 - No control,,1,0,0,0,,0,,,,,367570.6487,5009370.773,45.22150351,-75.70072596,10705
17--6391,6/17/2017,8:38 PM,BANK ST @ DAVIDSON RD/LESTER RD (0008797),8797,03 - At intersection,03 - P.D. only,05 - Turning movement,01 - Clear,05 - Dusk,01 - Dry,01 - Traffic signal,01 - Functioning,2,0,0,0,,0,,,,,373672.4037,5022924.851,45.34288922,-75.62115856,10706
17--6392,6/17/2017,9:05 AM,PRINCE OF WALES DR btwn FOREST HILL AVE & BASELINE RD/HERON RD (__3ZA3G6),__3ZA3G6,01 - Non intersection,02 - Non-fatal injury,05 - Turning movement,01 - Clear,01 - Daylight,01 - Dry,10 - No control,,2,0,0,0,01 - Minimal,1,1,,,,366843.3864,5026329.778,45.3741633,-75.70786354,10707
17--6393,6/18/2017,1:23 PM,BOOTH ST @ SIR JOHN A. MACDONALD PKWY/WELLINGTON ST (0012252),12252,02 - Intersection related,03 - P.D. only,03 - Rear end,01 - Clear,01 - Daylight,01 - Dry,01 - Traffic signal,01 - Functioning,2,0,0,0,,0,,,,,366264.5915,5031007.357,45.41630201,-75.7146698,10708
17--6394,6/18/2017,1:30 PM,BEATRICE DR @ STRANDHERD DR (0005447),5447,02 - Intersection related,03 - P.D. only,03 - Rear end,01 - Clear,01 - Daylight,02 - Wet,01 - Traffic signal,01 - Functioning,2,0,0,0,,0,,,,,365527.7115,5015322.151,45.27523315,-75.72600979,10709
17--6395,6/18/2017,10:11 PM,JOHNSTON RD @ SOUTHGATE RD (0007060),7060,03 - At intersection,02 - Non-fatal injury,07 - SMV other,01 - Clear,07 - Dark,01 - Dry,02 - Stop sign,01 - Functioning,1,0,0,1,02 - Minor,1,,1,,,371020.3877,5024940.849,45.3612839,-75.65472566,10710
17--6396,6/18/2017,10:30 PM,SLATER ST btwn BANK ST & O'CONNOR ST (__3ZA35K),__3ZA35K,01 - Non intersection,03 - P.D. only,06 - SMV unattended vehicle,01 - Clear,07 - Dark,01 - Dry,10 - No control,,1,0,0,0,,0,,,,,367507.0532,5031403.598,45.41975702,-75.69874605,10711
17--6397,6/18/2017,10:46 AM,MERIVALE RD/LOTTA AVE @ CLYDE AVE (0001112),1112,03 - At intersection,03 - P.D. only,05 - Turning movement,01 - Clear,01 - Daylight,01 - Dry,01 - Traffic signal,01 - Functioning,2,0,0,0,,0,,,,,364521.0603,5024507.845,45.35797159,-75.73773127,10712
17--6581,6/23/2017,3:47 PM,HIGHWAY 417 btwn HWY417 IC117 RAMP51 & HWY417 IC117 RAMP35 (__3ZA2YN),__3ZA2YN,01 - Non intersection,03 - P.D. only,03 - Rear end,01 - Clear,01 - Daylight,01 - Dry,10 - No control,,3,0,0,0,,0,,,,,370617.0073,5031162.853,45.41730524,-75.65904425,10713
17--6582,6/23/2017,4:01 PM,EAGLESON RD @ COPE DR/CADENCE GT (0011923),11923,03 - At intersection,03 - P.D. only,02 - Angle,01 - Clear,01 - Daylight,01 - Dry,01 - Traffic signal,01 - Functioning,2,0,0,0,,0,,,,,354620.9568,5016028.096,45.28244281,-75.8649388,10714
17--6134,6/10/2017,8:33 AM,BRIDLE PATH DR @ EQUUS WAY E/HUNTER'S POINT CR (0009606),9606,02 - Intersection related,03 - P.D. only,99 - Other,01 - Clear,01 - Daylight,01 - Dry,02 - Stop sign,01 - Functioning,2,0,0,0,,0,,,,,371620.6493,5023531.301,45.3485443,-75.64725494,10715
17--6583,6/23/2017,4:10 PM,HIGHWAY 417 btwn HWY417 IC127 RAMP25 & HWY417 IC126 RAMP51 (__3ZA2XA),__3ZA2XA,01 - Non intersection,03 - P.D. only,03 - Rear end,01 - Clear,01 - Daylight,01 - Dry,10 - No control,,2,0,0,0,,0,,,,,362888.4069,5025443.015,45.36652332,-75.75845846,10716
17--6135,6/11/2017,1:38 AM,CASTLEFRANK RD btwn ALDBURN PL & STOKES CRES (__3ZAB1O),__3ZAB1O,01 - Non intersection,03 - P.D. only,06 - SMV unattended vehicle,01 - Clear,07 - Dark,01 - Dry,10 - No control,,1,0,0,0,,0,,,,,353351.4982,5017175.054,45.29285225,-75.88100722,10717
17--6584,6/23/2017,4:19 PM,TERRY FOX DR btwn CASTLEFRANK RD & TRANS CANADA TRAIL (__355BDZA),__355BDZA,01 - Non intersection,03 - P.D. only,03 - Rear end,01 - Clear,01 - Daylight,01 - Dry,10 - No control,,2,0,0,0,,0,,,,,353058.5575,5016225.878,45.2843315,-75.88483409,10718
17--6136,6/11/2017,1:45 PM,STRANDHERD DR btwn FALLOWFIELD RD & MARAVISTA DR (__6NFZTL),__6NFZTL,04 - At/near private drive,02 - Non-fatal injury,03 - Rear end,01 - Clear,01 - Daylight,01 - Dry,10 - No control,,2,0,0,0,01 - Minimal,1,1,,,,361164.8317,5014772.589,45.27065142,-75.78167364,10719
17--6585,6/23/2017,4:43 PM,PRESTON ST @ SIDNEY ST (0011959),11959,03 - At intersection,03 - P.D. only,02 - Angle,01 - Clear,01 - Daylight,01 - Dry,02 - Stop sign,01 - Functioning,2,0,0,0,,0,,,,,366809.9522,5028986.007,45.39806635,-75.70795665,10720
17--6137,6/11/2017,1:51 PM,KING EDWARD AVE @ SUSSEX DR (0002653),2653,03 - At intersection,02 - Non-fatal injury,05 - Turning movement,01 - Clear,01 - Daylight,01 - Dry,01 - Traffic signal,01 - Functioning,2,1,0,0,03 - Major,1,,,1,,367664.0345,5033504.266,45.43864403,-75.69647222,10721
17--6586,6/23/2017,4:52 PM,BROADVIEW AVE @ DOVERCOURT AVE (0006749),6749,02 - Intersection related,03 - P.D. only,04 - Sideswipe,01 - Clear,01 - Daylight,02 - Wet,02 - Stop sign,01 - Functioning,2,0,0,0,,0,,,,,362984.3451,5027116.145,45.38156998,-75.75703673,10722
17--6138,6/11/2017,10:06 AM,NEEPAWA AVE @ SAVILLE ROW (0002859),2859,03 - At intersection,03 - P.D. only,02 - Angle,01 - Clear,01 - Daylight,01 - Dry,02 - Stop sign,01 - Functioning,2,0,0,0,,0,,,,,362054.0203,5026414.53,45.37533358,-75.76899654,10723
17--6587,6/23/2017,5:30 PM,STAGECOACH RD btwn LAKESHORE DR & OLD PRESCOTT RD (__3ZA2CX),__3ZA2CX,01 - Non intersection,03 - P.D. only,07 - SMV other,01 - Clear,01 - Daylight,01 - Dry,10 - No control,,1,0,0,0,,0,,,,,377635.4647,5009443.086,45.22118545,-75.57257331,10724
17--6139,6/11/2017,10:40 AM,ST. JOSEPH BLVD @ JEANNE D'ARC BLVD (0012421),12421,03 - At intersection,03 - P.D. only,02 - Angle,01 - Clear,01 - Daylight,01 - Dry,11 - Roundabout,01 - Functioning,2,0,0,0,,0,,,,,379861.7458,5036471.581,45.46413861,-75.54012855,10725
17--614,1/14/2017,1:40 AM,CARLING AVE @ GRENON AVE (0002645),2645,02 - Intersection related,03 - P.D. only,05 - Turning movement,01 - Clear,07 - Dark,06 - Ice,01 - Traffic signal,00 - Unknown,2,0,0,0,,0,,,,,359593.6666,5024350.503,45.35695823,-75.80063615,10726
17--6140,6/11/2017,10:51 PM,ASHTON STATION RD btwn OLD MILL RD (BECKWITH TWP) & ORMROD RD (__3ZAC03),__3ZAC03,01 - Non intersection,03 - P.D. only,03 - Rear end,01 - Clear,07 - Dark,01 - Dry,10 - No control,,2,0,0,0,,0,,,,,341523.5906,5001995.735,45.15697778,-76.03291764,10727
17--6141,6/11/2017,11:37 PM,ISABELLA ST/HWY417 IC119AR75 @ METCALFE ST (0011380),11380,03 - At intersection,02 - Non-fatal injury,02 - Angle,01 - Clear,07 - Dark,01 - Dry,01 - Traffic signal,01 - Functioning,2,0,0,0,02 - Minor,1,,1,,,368449.7098,5030399.565,45.41063795,-75.68683192,10728
17--6142,6/11/2017,11:40 AM,CARLING AVE @ IROQUOIS RD (0003145),3145,03 - At intersection,02 - Non-fatal injury,02 - Angle,01 - Clear,01 - Daylight,01 - Dry,01 - Traffic signal,01 - Functioning,2,0,0,0,01 - Minimal,3,3,,,,362212.6827,5026025.53,45.37182041,-75.76701617,10729
17--6143,6/11/2017,Unknown,BELL ST    S btwn MACLEAN ST & CARLING AVE (__3ZBOU3),__3ZBOU3,01 - Non intersection,03 - P.D. only,06 - SMV unattended vehicle,01 - Clear,00 - Unknown,01 - Dry,10 - No control,,1,0,0,0,,0,,,,,367256.1484,5029263.206,45.40052085,-75.70222291,10730
17--6144,6/11/2017,12:25 PM,HWY417 IC104 RAMP61 btwn ANDERSON RD & HIGHWAY 417 (__3ZAY0E),__3ZAY0E,01 - Non intersection,03 - P.D. only,07 - SMV other,01 - Clear,01 - Daylight,01 - Dry,10 - No control,,1,0,0,0,,0,,,,,380363.6952,5025899.938,45.36896838,-75.53533169,10731
17--6145,6/11/2017,2:00 AM,BRONSON AVE @ CATHERINE ST/RAYMOND ST (0007198),7198,02 - Intersection related,03 - P.D. only,04 - Sideswipe,01 - Clear,07 - Dark,01 - Dry,01 - Traffic signal,01 - Functioning,2,0,0,0,,0,,,,,367251.18,5029796.567,45.40532033,-75.70221882,10732
17--6146,6/11/2017,2:27 PM,JOHN QUINN RD @ STONE SCHOOL RD (0001831),1831,02 - Intersection related,02 - Non-fatal injury,03 - Rear end,01 - Clear,01 - Daylight,01 - Dry,02 - Stop sign,00 - Unknown,2,0,0,0,02 - Minor,1,,1,,,382958.7947,5012030.15,45.24389207,-75.50439396,10733
17--6147,6/11/2017,3:00 PM,BASELINE RD @ MERIVALE RD (0002342),2342,03 - At intersection,03 - P.D. only,04 - Sideswipe,01 - Clear,01 - Daylight,01 - Dry,01 - Traffic signal,01 - Functioning,2,0,0,0,,0,,,,,365056.3686,5025326.184,45.36528908,-75.73079953,10734
17--6148,6/11/2017,3:30 PM,ELGIN ST btwn COOPER ST & SOMERSET ST W (__3ZA346),__3ZA346,01 - Non intersection,03 - P.D. only,04 - Sideswipe,01 - Clear,01 - Daylight,01 - Dry,10 - No control,,2,0,0,0,,0,,,,,368150.9935,5031220.962,45.41805571,-75.69054225,10735
17--6149,6/11/2017,4:10 AM,HIGHWAY 417 btwn HWY417 IC142 RAMP16 & HWY417 IC142 RAMP61 (__3ZAZW4),__3ZAZW4,01 - Non intersection,03 - P.D. only,07 - SMV other,01 - Clear,07 - Dark,01 - Dry,10 - No control,,1,0,0,0,,0,,,,,349083.2504,5017396.089,45.29512313,-75.93540145,10736
17--615,1/14/2017,10:22 AM,ORCHARDVIEW AVE @ GARDENWAY DR (0012937),12937,03 - At intersection,02 - Non-fatal injury,02 - Angle,01 - Clear,01 - Daylight,01 - Dry,02 - Stop sign,01 - Functioning,2,0,0,0,02 - Minor,1,,1,,,384735.763,5036806.929,45.46661503,-75.47775594,10737
17--6150,6/11/2017,4:10 PM,HIGHWAY 417 btwn HWY417 IC126 RAMP51 & HWY417 IC126 RAMP25 (__3ZA2RD),__3ZA2RD,01 - Non intersection,03 - P.D. only,03 - Rear end,01 - Clear,01 - Daylight,01 - Dry,10 - No control,,2,0,0,0,,0,,,,,363254.4327,5025948.833,45.37104418,-75.75372642,10738
17--6151,6/11/2017,4:30 PM,AVIATION PKWY @ OGILVIE RD (0004114),4114,02 - Intersection related,03 - P.D. only,02 - Angle,01 - Clear,01 - Daylight,01 - Dry,01 - Traffic signal,01 - Functioning,2,0,0,0,,0,,,,,373110.7142,5032376.585,45.42798679,-75.62701706,10739
17--6152,6/11/2017,4:36 PM,ROBINWOOD PL btwn Continuation of ROBINWOOD PL & Continuation of ROBIN (__3ZBO3S),__3ZBO3S,04 - At/near private drive,03 - P.D. only,06 - SMV unattended vehicle,01 - Clear,01 - Daylight,01 - Dry,10 - No control,,1,0,0,0,,0,,,,,381067.4779,5034854.309,45.44945709,-75.524963,10740
17--6153,6/11/2017,5:16 PM,AIRPORT PKWY btwn RAMP & AIRPORT PKWY (2) (__3ZA22Z),__3ZA22Z,01 - Non intersection,03 - P.D. only,05 - Turning movement,01 - Clear,01 - Daylight,01 - Dry,10 - No control,,2,0,0,0,,0,,,,,370979.3976,5023799.319,45.35101665,-75.65540164,10741
17--6154,6/11/2017,5:19 PM,MARSHFIELD ST @ SCALA AVE (0013226),13226,03 - At intersection,03 - P.D. only,02 - Angle,01 - Clear,01 - Daylight,01 - Dry,02 - Stop sign,01 - Functioning,2,0,0,0,,0,,,,,385009.728,5036390.003,45.46283252,-75.47432099,10742
17--6155,6/11/2017,5:55 AM,RAMP btwn HIGHWAY 417 & HIGHWAY 7 (__7JQ7I4),__7JQ7I4,01 - Non intersection,03 - P.D. only,07 - SMV other,01 - Clear,01 - Daylight,01 - Dry,10 - No control,,1,0,0,0,,0,,,,,345911.1721,5014581.675,45.26999066,-75.97607591,10743
17--6156,6/11/2017,6:28 PM,VALADE CRES btwn SIDNEY DR & TO BE DETERMINED (__3ZA51P),__3ZA51P,04 - At/near private drive,02 - Non-fatal injury,02 - Angle,01 - Clear,01 - Daylight,01 - Dry,10 - No control,,2,1,0,0,01 - Minimal,1,1,,,,383372.9884,5037948.475,45.47704025,-75.49499828,10744
17--6157,6/11/2017,6:30 PM,HWY417 IC129 RAMP51 btwn HIGHWAY 417 & ASHLEY ST (__3ZAYBJ),__3ZAYBJ,01 - Non intersection,03 - P.D. only,04 - Sideswipe,01 - Clear,01 - Daylight,01 - Dry,10 - No control,,2,0,0,0,,0,,,,,360215.8458,5023311.249,45.34755814,-75.79281199,10745
17--6158,6/11/2017,6:38 PM,JINKINSON RD btwn FERNBANK RD & HAZELDEAN RD (__7JQ7K3),__7JQ7K3,01 - Non intersection,03 - P.D. only,07 - SMV other,01 - Clear,01 - Daylight,01 - Dry,10 - No control,,1,0,0,0,,0,,,,,345509.2333,5008533.468,45.21558942,-75.98169316,10746
17--6159,6/11/2017,8:15 AM,BANKFIELD RD @ PRINCE OF WALES DR (0003618),3618,02 - Intersection related,03 - P.D. only,03 - Rear end,01 - Clear,01 - Daylight,01 - Dry,01 - Traffic signal,01 - Functioning,2,0,0,0,,0,,,,,366379.3555,5008974.718,45.21804494,-75.71594254,10747
17--616,1/14/2017,10:41 PM,DALMENY RD btwn STAGECOACH RD & 4TH LINE RD (__3ZA2C7),__3ZA2C7,01 - Non intersection,03 - P.D. only,07 - SMV other,01 - Clear,07 - Dark,01 - Dry,10 - No control,,1,0,0,0,,0,,,,,379525.0079,5000295.154,45.1386772,-75.54988675,10748
17--6160,6/11/2017,8:59 PM,MONTREAL RD btwn ST. LAURENT BLVD & HILLSIDE DR (__3ZA1MC),__3ZA1MC,04 - At/near private drive,03 - P.D. only,03 - Rear end,01 - Clear,05 - Dusk,01 - Dry,10 - No control,,2,0,0,0,,0,,,,,371604.2313,5033848.364,45.44137469,-75.6460674,10749
17--6161,6/11/2017,9:32 AM,STAGECOACH RD btwn MITCH OWENS RD & VISTA PATRICK PRIV (__3ZA2TA),__3ZA2TA,01 - Non intersection,03 - P.D. only,07 - SMV other,01 - Clear,01 - Daylight,01 - Dry,10 - No control,,1,0,0,0,,0,,,,,375474.6243,5014304.691,45.26514895,-75.59939328,10750
17--6162,6/12/2017,1:00 PM,CLEARVIEW AVE @ ISLAND PARK DR (0006144),6144,02 - Intersection related,03 - P.D. only,03 - Rear end,01 - Clear,01 - Daylight,01 - Dry,02 - Stop sign,00 - Unknown,2,0,0,0,,0,,,,,363546.6892,5029364.565,45.40175396,-75.74958901,10751
17--6163,6/12/2017,1:03 PM,BORRISOKANE RD/TARTAN DR @ STRANDHERD DR (0010634),10634,02 - Intersection related,03 - P.D. only,03 - Rear end,01 - Clear,01 - Daylight,01 - Dry,01 - Traffic signal,01 - Functioning,2,0,0,0,,0,,,,,362289.4118,5013546.898,45.25953153,-75.76748476,10752
17--6164,6/12/2017,1:10 PM,RIDEAU ST @ WALLER ST (0011913),11913,03 - At intersection,03 - P.D. only,05 - Turning movement,01 - Clear,01 - Daylight,01 - Dry,01 - Traffic signal,01 - Functioning,2,0,0,0,,0,,,,,368283.0824,5032275.922,45.4275359,-75.68871873,10753
17--6165,6/12/2017,10:32 PM,DONALD ST @ ST. LAURENT BLVD (0008630),8630,03 - At intersection,02 - Non-fatal injury,02 - Angle,01 - Clear,07 - Dark,01 - Dry,01 - Traffic signal,01 - Functioning,2,0,0,0,02 - Minor,1,,1,,,372094.7162,5032471.247,45.42893701,-75.63998668,10754
17--6166,6/12/2017,11:11 AM,HOLLAND AVE @ KENILWORTH ST (0006299),6299,03 - At intersection,02 - Non-fatal injury,05 - Turning movement,01 - Clear,01 - Daylight,01 - Dry,01 - Traffic signal,01 - Functioning,2,1,0,0,02 - Minor,2,1,1,,,365215.0318,5028497.889,45.39381381,-75.72838621,10755
17--6167,6/12/2017,11:32 AM,MOODIE DR @ RICHMOND RD S (0001129),1129,02 - Intersection related,03 - P.D. only,03 - Rear end,01 - Clear,01 - Daylight,01 - Dry,03 - Yield sign,01 - Functioning,2,0,0,0,,0,,,,,357433.9801,5019539.807,45.31383667,-75.8287112,10756
17--6168,6/12/2017,12:00 PM,LAURIER AVE @ LYON ST (0002206),2206,02 - Intersection related,03 - P.D. only,03 - Rear end,01 - Clear,01 - Daylight,01 - Dry,01 - Traffic signal,01 - Functioning,2,0,0,0,,0,,,,,367155.3679,5031069.238,45.41677999,-75.70328166,10757
17--6169,6/12/2017,12:27 PM,QUEENSVIEW DR btwn PINECREST RD & END (__3ZABK9),__3ZABK9,04 - At/near private drive,02 - Non-fatal injury,07 - SMV other,02 - Rain,01 - Daylight,02 - Wet,10 - No control,,1,0,0,1,01 - Minimal,1,1,,,,360516.2449,5023853.071,45.35240965,-75.7889177,10758
17--617,1/14/2017,10:43 AM,INNES RD btwn STONEHENGE CRES & STONEHENGE CRES (__3ZA3RG),__3ZA3RG,01 - Non intersection,03 - P.D. only,03 - Rear end,01 - Clear,01 - Daylight,01 - Dry,10 - No control,,2,0,0,0,,0,,,,,375218.5402,5031227.719,45.4174409,-75.60024742,10759
17--6170,6/12/2017,12:59 PM,HIGHWAY 417 btwn HWY417 IC127 RAMP35 & HWY417 IC127 RAMP25 (__3ZA2RE),__3ZA2RE,01 - Non intersection,02 - Non-fatal injury,04 - Sideswipe,01 - Clear,01 - Daylight,01 - Dry,10 - No control,,2,0,0,0,02 - Minor,1,,1,,,362186.8897,5024872.082,45.36144391,-75.76747941,10760
17--6171,6/12/2017,2:25 AM,ROBERTSON RD btwn HAANEL DR & MILL HILL RD (__3ZA41V),__3ZA41V,01 - Non intersection,03 - P.D. only,04 - Sideswipe,01 - Clear,07 - Dark,01 - Dry,10 - No control,,2,0,0,0,,0,,,,,356204.5676,5019936.602,45.31749816,-75.8443488,10761
17--6172,6/12/2017,2:39 PM,SILVER ST @ SUMMERVILLE AVE (0003063),3063,03 - At intersection,02 - Non-fatal injury,02 - Angle,01 - Clear,01 - Daylight,01 - Dry,02 - Stop sign,01 - Functioning,2,0,0,0,02 - Minor,1,,1,,,365210.2084,5026648.486,45.37717367,-75.72867416,10762
17--6173,6/12/2017,3:20 PM,RIDEAU ST @ WURTEMBURG ST (0007118),7118,02 - Intersection related,02 - Non-fatal injury,04 - Sideswipe,01 - Clear,01 - Daylight,01 - Dry,01 - Traffic signal,01 - Functioning,2,0,0,0,01 - Minimal,1,1,,,,369356.2505,5032924.824,45.43327624,-75.67492054,10763
17--6174,6/12/2017,3:45 PM,BAY ST @ GLOUCESTER ST (0006315),6315,03 - At intersection,03 - P.D. only,02 - Angle,01 - Clear,01 - Daylight,01 - Dry,02 - Stop sign,01 - Functioning,2,0,0,0,,0,,,,,367074.7015,5030933.576,45.41556652,-75.70432938,10764
17--6175,6/12/2017,4:00 PM,AVIATION PKWY @ MONTREAL RD (0008799),8799,02 - Intersection related,03 - P.D. only,99 - Other,01 - Clear,01 - Daylight,01 - Dry,01 - Traffic signal,01 - Functioning,2,0,0,0,,0,,,,,372148.3888,5034108.583,45.4436638,-75.63907682,10765
17--6176,6/12/2017,4:07 PM,MEADOWGLEN DR btwn MEADOWFIELD PL & DES BROUSSAILLES TER (__3ZA61F),__3ZA61F,01 - Non intersection,02 - Non-fatal injury,07 - SMV other,01 - Clear,01 - Daylight,01 - Dry,10 - No control,,1,0,0,0,02 - Minor,1,,1,,,379633.0772,5034826.016,45.44935759,-75.54330272,10766
17--6177,6/12/2017,4:10 PM,HIGHWAY 417 btwn HWY417 IC126 RAMP16 & HWY417 IC126 RAMP61 (__3ZA2RC),__3ZA2RC,01 - Non intersection,03 - P.D. only,07 - SMV other,01 - Clear,01 - Daylight,01 - Dry,10 - No control,,1,0,0,0,,0,,,,,363122.8816,5025809.344,45.36980004,-75.75542222,10767
17--6178,6/12/2017,4:30 AM,COLONIAL RD btwn MONSEIGNEUR DENIS CRT & LAFLEUR RD (__3ZA1OV),__3ZA1OV,01 - Non intersection,02 - Non-fatal injury,07 - SMV other,01 - Clear,07 - Dark,01 - Dry,10 - No control,,1,0,1,0,02 - Minor,1,,1,,,396453.6475,5034647.786,45.44575083,-75.32833582,10768
17--6179,6/12/2017,4:32 PM,DOUGLAS AVE btwn PUTMAN AVE & BEECHWOOD AVE (__3ZA8XA),__3ZA8XA,01 - Non intersection,03 - P.D. only,06 - SMV unattended vehicle,01 - Clear,01 - Daylight,01 - Dry,10 - No control,,1,0,0,0,,0,,,,,369297.6937,5033735.167,45.44057279,-75.67556269,10769