Anom_ID,Accident_Date,Accident_Time,Location,Geo_ID,Accident_Location,Classification_of_Accident,Initial_Impact_Type,Environment_Condition,Light,Road_Surface_Condition,Traffic_Control,Traffic_Control_Condition,No__of_Vehicles,No__of_Bicycles,No__of_Motorcycles,No__of_Pedestrians,Max_Injury,No__of_Injuries,No__of_Minimal,No__of_Minor,No__of_Major,No__of_Fatal,X,Y,Latitude,Longitude,ObjectId
17--618,1/14/2017,11:10 AM,OTTAWA RIVER PKWY @ ISLAND PARK DR (0002127),2127,02 - Intersection related,03 - P.D. only,03 - Rear end,01 - Clear,01 - Daylight,01 - Dry,01 - Traffic signal,01 - Functioning,2,0,0,0,,0,,,,,363298.6945,5029453.555,45.40257545,-75.75274599,10770
17--6180,6/12/2017,5:01 PM,PRINCE OF WALES DR btwn WINDING WAY & MERIVALE RD (__3ZA26F),__3ZA26F,01 - Non intersection,03 - P.D. only,03 - Rear end,01 - Clear,01 - Daylight,01 - Dry,10 - No control,,2,0,0,0,,0,,,,,367450.0458,5017528.166,45.294914,-75.70123297,10771
17--6181,6/12/2017,5:10 PM,HAILEYBURY ST/ LEAMINGTON WAY @ PAUL METIVIER DR (0014065),14065,03 - At intersection,02 - Non-fatal injury,02 - Angle,01 - Clear,01 - Daylight,01 - Dry,02 - Stop sign,01 - Functioning,2,1,0,0,01 - Minimal,1,1,,,,365199.323,5014348.6,45.26650144,-75.73031323,10772
17--6182,6/12/2017,5:46 PM,JOCKVALE RD @ STRANDHERD DR (0010541),10541,02 - Intersection related,03 - P.D. only,03 - Rear end,01 - Clear,01 - Daylight,01 - Dry,01 - Traffic signal,01 - Functioning,2,0,0,0,,0,,,,,363562.1527,5014579.175,45.26871485,-75.75114708,10773
17--6183,6/12/2017,5:48 PM,CHARLEMAGNE BLVD @ PRINCESS LOUISE DR E (0012957),12957,03 - At intersection,03 - P.D. only,99 - Other,01 - Clear,01 - Daylight,01 - Dry,02 - Stop sign,01 - Functioning,2,0,0,0,,0,,,,,384092.7571,5038135.777,45.47864406,-75.48576316,10774
17--6184,6/12/2017,5:48 PM,ALBION RD @ BANK ST (0012409),12409,03 - At intersection,02 - Non-fatal injury,02 - Angle,01 - Clear,01 - Daylight,01 - Dry,01 - Traffic signal,01 - Functioning,5,0,0,0,02 - Minor,2,1,1,,,371947.0624,5024129.499,45.35389551,-75.64300859,10775
17--6185,6/12/2017,6:00 PM,BANK ST @ HUNT CLUB RD (0002119),2119,02 - Intersection related,03 - P.D. only,03 - Rear end,01 - Clear,01 - Daylight,01 - Dry,01 - Traffic signal,01 - Functioning,2,0,0,0,,0,,,,,371609.246,5024098.544,45.35364925,-75.64732381,10776
17--6186,6/12/2017,6:20 PM,WALKLEY RD btwn TURN LANE & RYDER ST (__3ZA2DF),__3ZA2DF,01 - Non intersection,02 - Non-fatal injury,03 - Rear end,01 - Clear,01 - Daylight,01 - Dry,10 - No control,,2,0,0,0,02 - Minor,3,,3,,,372419.4527,5027176.852,45.38126905,-75.63656313,10777
17--6187,6/12/2017,6:50 PM,HWY417 IC115 RAMP51 btwn HIGHWAY 417 & ST. LAURENT BLVD (__3ZAY8F),__3ZAY8F,01 - Non intersection,03 - P.D. only,03 - Rear end,01 - Clear,01 - Daylight,01 - Dry,10 - No control,,2,0,0,0,,0,,,,,372327.6483,5031431.561,45.41955995,-75.63715272,10778
17--6188,6/12/2017,6:59 PM,MEADOWBROOK RD btwn 170 W OF TELESAT CRT & RIDGEBROOK DR (__3ZA7RQA),__3ZA7RQA,01 - Non intersection,03 - P.D. only,06 - SMV unattended vehicle,01 - Clear,01 - Daylight,01 - Dry,10 - No control,,1,0,0,0,,0,,,,,374706.1062,5032102.92,45.42536687,-75.60666991,10779
17--6189,6/12/2017,7:19 AM,ROGER STEVENS DR btwn THIRD LINE RD S & HWY416 IC49 RAMP34 (__3ZA39B),__3ZA39B,01 - Non intersection,03 - P.D. only,05 - Turning movement,01 - Clear,01 - Daylight,01 - Dry,10 - No control,,2,0,0,0,,0,,,,,368674.1672,5000668.222,45.14309849,-75.68779024,10780
17--619,1/14/2017,11:28 AM,ST. LAURENT BLVD btwn BELFAST RD & INDUSTRIAL AVE (__3ZA3R8),__3ZA3R8,01 - Non intersection,02 - Non-fatal injury,99 - Other,01 - Clear,01 - Daylight,01 - Dry,10 - No control,,2,0,0,0,02 - Minor,2,1,1,,,373069.6845,5030075.095,45.4072831,-75.6278602,10781
17--6190,6/12/2017,7:30 PM,CONROY RD @ WALKLEY RD (0002648),2648,02 - Intersection related,03 - P.D. only,03 - Rear end,01 - Clear,01 - Daylight,01 - Dry,01 - Traffic signal,01 - Functioning,2,0,0,0,,0,,,,,372904.0571,5027465.538,45.38381958,-75.63033607,10782
17--6191,6/12/2017,8:31 AM,KENT ST btwn LAURIER AVE W & GLOUCESTER ST (__3ZBOFI),__3ZBOFI,01 - Non intersection,03 - P.D. only,04 - Sideswipe,01 - Clear,01 - Daylight,01 - Dry,10 - No control,,2,0,0,0,,0,,,,,367352.1494,5031107.606,45.41710764,-75.70076275,10783
17--6192,6/12/2017,8:48 AM,WEST HUNT CLUB RD EB btwn MERIVALE RD & SUNDERLAND ST (__3ZA3JQ),__3ZA3JQ,01 - Non intersection,03 - P.D. only,03 - Rear end,01 - Clear,01 - Daylight,01 - Dry,10 - No control,,2,0,0,0,,0,,,,,365627.7454,5021937.816,45.33475172,-75.7239231,10784
17--6193,6/12/2017,8:57 AM,ST. JEAN ST btwn COUSINEAU ST & ST. JOSEPH BLVD (__3ZA67V),__3ZA67V,04 - At/near private drive,02 - Non-fatal injury,02 - Angle,01 - Clear,01 - Daylight,01 - Dry,10 - No control,,2,0,0,0,02 - Minor,1,,1,,,380954.6871,5037222.996,45.47078093,-75.52603787,10785
17--6194,6/13/2017,1:30 PM,HIGHWAY 417 btwn HWY417 IC124 RAMP76 & HWY417 IC124 RAMP67 (__3ZA2R7),__3ZA2R7,01 - Non intersection,03 - P.D. only,07 - SMV other,01 - Clear,01 - Daylight,01 - Dry,10 - No control,,1,0,0,0,,0,,,,,364462.0992,5027579.59,45.38561569,-75.73811275,10786
17--6195,6/13/2017,1:30 PM,HIGHWAY 417 btwn HWY417 IC124 RAMP76 & HWY417 IC124 RAMP67 (__3ZA2R7),__3ZA2R7,01 - Non intersection,03 - P.D. only,03 - Rear end,01 - Clear,01 - Daylight,01 - Dry,10 - No control,,3,0,0,0,,0,,,,,364332.9823,5027406.023,45.38406495,-75.73978236,10787
17--6196,6/13/2017,10:05 AM,HIGHWAY 417 btwn HWY417 IC140 RAMP16 & HWY417 IC140 RAMP61 (__3ZA2QQ),__3ZA2QQ,01 - Non intersection,03 - P.D. only,03 - Rear end,01 - Clear,01 - Daylight,01 - Dry,10 - No control,,2,0,0,0,,0,,,,,351096.6983,5018730.107,45.30699721,-75.90960734,10788
17--6197,6/13/2017,10:45 AM,BANK ST btwn MCLEOD ST & FLORA ST (__3ZA3P6),__3ZA3P6,01 - Non intersection,03 - P.D. only,04 - Sideswipe,01 - Clear,01 - Daylight,01 - Dry,10 - No control,,2,0,0,0,,0,,,,,367956.0692,5030468.339,45.41130148,-75.69312907,10789
17--6198,6/13/2017,11:37 PM,HIGHWAY 417 btwn RAMP & HWY417 IC88 RAMP51 (__3ZA2W2),__3ZA2W2,01 - Non intersection,03 - P.D. only,03 - Rear end,01 - Clear,07 - Dark,01 - Dry,10 - No control,,2,0,0,0,,0,,,,,392245.5215,5022883.967,45.34045212,-75.3842052,10790
17--6199,6/13/2017,Unknown,TUNNEY'S PASTURE DRWY btwn SORREL DRWY & TO BE DETERMINED (__3ZAAI9),__3ZAAI9,01 - Non intersection,03 - P.D. only,06 - SMV unattended vehicle,01 - Clear,00 - Unknown,01 - Dry,10 - No control,,1,0,0,0,,0,,,,,364709.0646,5029709.045,45.40475501,-75.73470068,10791
17--62,1/3/2017,2:00 PM,HIGHWAY 417 btwn HWY417 IC155 RAMP25 & RAMP (__3ZAZN1),__3ZAZN1,01 - Non intersection,03 - P.D. only,07 - SMV other,04 - Freezing Rain,01 - Daylight,04 - Slush,10 - No control,,1,0,0,0,,0,,,,,342079.1619,5017602.118,45.29738359,-76.02468267,10792
17--620,1/14/2017,11:30 AM,HAWTHORNE RD @ HUNT CLUB RD (0007651),7651,03 - At intersection,03 - P.D. only,05 - Turning movement,01 - Clear,01 - Daylight,01 - Dry,01 - Traffic signal,01 - Functioning,2,0,0,0,,0,,,,,375507.0486,5026407.188,45.37403917,-75.59725245,10793
17--6200,6/13/2017,Unknown,NEWCASTLE AVE btwn PEPPERIDGE WAY & HALTON TER (__3ZAZSU),__3ZAZSU,01 - Non intersection,03 - P.D. only,06 - SMV unattended vehicle,01 - Clear,00 - Unknown,01 - Dry,10 - No control,,1,0,0,0,,0,,,,,348820.6441,5023251.13,45.34782496,-75.938229,10794
17--6201,6/13/2017,12:00 PM,BRONSON AVE @ KIPPEWA DR (0007226),7226,03 - At intersection,02 - Non-fatal injury,02 - Angle,01 - Clear,01 - Daylight,01 - Dry,02 - Stop sign,00 - Unknown,2,0,0,0,01 - Minimal,1,1,,,,367557.7201,5029074.888,45.39879945,-75.69839516,10795
17--6202,6/13/2017,12:04 PM,WOODROFFE AVE/HWY 417 WOODROFF IC127R25 @ HWY  (0002348),2348,02 - Intersection related,03 - P.D. only,03 - Rear end,01 - Clear,01 - Daylight,01 - Dry,01 - Traffic signal,01 - Functioning,3,0,0,0,,0,,,,,362180.0113,5024695.37,45.35985443,-75.76758772,10796
17--6203,6/13/2017,12:13 PM,RIVERSIDE DR @ UPLANDS DR/KIMBERWICK CRES N (0006890),6890,03 - At intersection,02 - Non-fatal injury,02 - Angle,01 - Clear,01 - Daylight,01 - Dry,01 - Traffic signal,01 - Functioning,2,0,0,0,02 - Minor,1,,1,,,368195.7193,5022794.838,45.34223571,-75.69105276,10797
17--6204,6/13/2017,12:13 PM,EAGLESON RD @ MICHAEL COWPLAND DR/STONEHAVEN D (0003544),3544,03 - At intersection,02 - Non-fatal injury,05 - Turning movement,01 - Clear,01 - Daylight,01 - Dry,01 - Traffic signal,01 - Functioning,2,0,0,0,02 - Minor,1,,1,,,354382.2916,5016622.775,45.28781074,-75.86792142,10798
17--6205,6/13/2017,12:16 PM,RIVERSIDE DR @ BROOKFIELD RD/HOG'S BACK RD (0001627),1627,02 - Intersection related,03 - P.D. only,03 - Rear end,01 - Clear,01 - Daylight,01 - Dry,01 - Traffic signal,01 - Functioning,2,0,0,0,,0,,,,,368169.3832,5026223.19,45.37308559,-75.69094928,10799
17--6206,6/13/2017,12:21 PM,CAMPEAU DR/HWY 417 MARCH IC138R63 @ MARCH RD (0009710),9710,02 - Intersection related,03 - P.D. only,03 - Rear end,01 - Clear,01 - Daylight,01 - Dry,01 - Traffic signal,01 - Functioning,2,0,0,0,,0,,,,,352841.2295,5020476.904,45.3225981,-75.88719229,10800
17--6207,6/13/2017,12:21 PM,INNES RD btwn HWY417 IC112 RAMP56 & HWY417 IC112 RAMP68 (__3ZA3RB),__3ZA3RB,01 - Non intersection,03 - P.D. only,04 - Sideswipe,01 - Clear,01 - Daylight,01 - Dry,10 - No control,,2,0,0,0,,0,,,,,374567.5064,5030896.465,45.41452566,-75.60861169,10801
17--6208,6/13/2017,12:35 PM,VIEWMOUNT DR @ MERIVALE RD (0001528),1528,03 - At intersection,03 - P.D. only,05 - Turning movement,01 - Clear,01 - Daylight,01 - Dry,01 - Traffic signal,01 - Functioning,2,0,0,0,,0,,,,,365194.7004,5022948.495,45.34388308,-75.72932428,10802
17--6209,6/13/2017,12:45 PM,MACKENZIE AVE @ RIDEAU ST (0002136),2136,02 - Intersection related,03 - P.D. only,04 - Sideswipe,01 - Clear,01 - Daylight,01 - Dry,01 - Traffic signal,01 - Functioning,2,0,0,0,,0,,,,,367868.027,5032009.58,45.425177,-75.6940565,10803
17--621,1/14/2017,11:30 AM,EAGLESON RD @ HAZELDEAN RD/ROBERTSON RD (0002715),2715,02 - Intersection related,03 - P.D. only,03 - Rear end,01 - Clear,01 - Daylight,01 - Dry,01 - Traffic signal,01 - Functioning,2,0,0,0,,0,,,,,353674.0983,5018424.697,45.30407445,-75.87677139,10804
17--6210,6/13/2017,12:52 AM,RAMSAYVILLE RD btwn WHYTE SIDE RD & LEITRIM RD (__3ZA6GH),__3ZA6GH,01 - Non intersection,02 - Non-fatal injury,03 - Rear end,01 - Clear,07 - Dark,01 - Dry,10 - No control,,3,0,0,0,02 - Minor,1,,1,,,378706.3706,5023920.327,45.35133368,-75.55678268,10805
17--6211,6/13/2017,2:13 PM,ST. LAURENT BLVD btwn CONROY RD & THURSTON DR (__3ZA49E),__3ZA49E,04 - At/near private drive,03 - P.D. only,02 - Angle,01 - Clear,01 - Daylight,01 - Dry,10 - No control,,2,0,0,0,,0,,,,,373253.0595,5027263.019,45.38196338,-75.62590804,10806
17--6212,6/13/2017,2:45 PM,MOODIE DR @ ROBERTSON RD (0010545),10545,02 - Intersection related,03 - P.D. only,03 - Rear end,01 - Clear,01 - Daylight,01 - Dry,01 - Traffic signal,01 - Functioning,2,0,0,0,,0,,,,,357066.9866,5020455.478,45.3221034,-75.83329486,10807
17--6213,6/13/2017,3:15 PM,RIDEAU RD btwn BANK ST & DONCASTER RD (__3ZBO26),__3ZBO26,01 - Non intersection,03 - P.D. only,99 - Other,01 - Clear,01 - Daylight,01 - Dry,10 - No control,,2,0,0,0,,0,,,,,377030.0033,5017890.626,45.29725583,-75.57905374,10808
17--6214,6/13/2017,3:42 PM,LAURIER AVE   W btwn QUEEN ELIZABETH DRWY/LAURIER AVE WB ON RAMP & QUE (__3ZA351),__3ZA351,01 - Non intersection,02 - Non-fatal injury,07 - SMV other,01 - Clear,01 - Daylight,01 - Dry,10 - No control,,1,0,0,1,03 - Major,1,,,1,,368116.8684,5031648.024,45.42190136,-75.69092336,10809
17--6215,6/13/2017,4:37 PM,OTTAWA ST btwn KING ST & EAGLESON RD (__3ZAB02),__3ZAB02,05 - At railway crossing,03 - P.D. only,07 - SMV other,01 - Clear,01 - Daylight,01 - Dry,10 - No control,,1,0,0,0,,0,,,,,358064.2862,5005611.932,45.18846338,-75.82216535,10810
17--6216,6/13/2017,4:39 PM,ALBERT ST @ BRONSON AVE (0002160),2160,02 - Intersection related,03 - P.D. only,05 - Turning movement,01 - Clear,01 - Daylight,01 - Dry,01 - Traffic signal,00 - Unknown,2,0,0,0,,0,,,,,366740.0388,5031017.912,45.41635506,-75.70859429,10811
17--6588,6/23/2017,5:40 PM,ST. JOSEPH BLVD @ TENTH LINE RD (0009163),9163,02 - Intersection related,03 - P.D. only,03 - Rear end,02 - Rain,01 - Daylight,02 - Wet,01 - Traffic signal,01 - Functioning,2,0,0,0,,0,,,,,382890.4694,5038667.122,45.48356012,-75.50105481,10812
17--6589,6/23/2017,5:53 PM,ANALDEA DR/ WHITE ALDER AVE @ BANK ST (0009265),9265,02 - Intersection related,03 - P.D. only,03 - Rear end,02 - Rain,01 - Daylight,02 - Wet,01 - Traffic signal,01 - Functioning,2,0,0,0,,0,,,,,375698.0844,5020812.82,45.32368426,-75.59561573,10813
17--659,1/15/2017,8:10 PM,HIGHWAY 416 btwn HWY416 IC66 RAMP62 & HWY416 IC66 RAMP52 (__3ZAZMX),__3ZAZMX,01 - Non intersection,03 - P.D. only,07 - SMV other,01 - Clear,07 - Dark,01 - Dry,10 - No control,,1,0,0,0,,0,,,,,359960.9546,5014963.145,45.27246153,-75.79699379,10814
17--6590,6/23/2017,5:54 PM,HUNT CLUB RD btwn NORTH BOWESVILLE RD & BILLY BISHOP PRIV (__5G43Y1),__5G43Y1,01 - Non intersection,03 - P.D. only,03 - Rear end,02 - Rain,01 - Daylight,02 - Wet,10 - No control,,2,0,0,0,,0,,,,,368767.3997,5022373.701,45.33839452,-75.68381315,10815
17--6591,6/23/2017,6:20 PM,HIGHWAY 417 btwn HWY417 IC129 RAMP25 & TRANSIT (__3ZA2SH),__3ZA2SH,01 - Non intersection,02 - Non-fatal injury,03 - Rear end,01 - Clear,01 - Daylight,01 - Dry,10 - No control,,3,0,0,0,01 - Minimal,1,1,,,,361593.0043,5024410.503,45.35733901,-75.77511254,10816
17--6592,6/23/2017,6:32 PM,SECOND AVE @ BRONSON AVE (0007717),7717,03 - At intersection,03 - P.D. only,05 - Turning movement,02 - Rain,01 - Daylight,02 - Wet,02 - Stop sign,01 - Functioning,3,0,0,0,,0,,,,,367519.9686,5029162.682,45.39959278,-75.69886615,10817
17--6593,6/23/2017,6:35 AM,HIGHWAY 417 btwn HWY417 IC138 RAMP61 & HWY417 IC134 RAMP36 (__3ZA20I),__3ZA20I,01 - Non intersection,03 - P.D. only,04 - Sideswipe,02 - Rain,01 - Daylight,02 - Wet,10 - No control,,2,0,0,0,,0,,,,,353779.0491,5020740.365,45.32490397,-75.87520424,10818
17--6594,6/23/2017,7:17 PM,TERRY FOX DR btwn HWY417 IC140 RAMP16 & HWY417 IC140 RAMP35 (__3ZA3DR),__3ZA3DR,01 - Non intersection,02 - Non-fatal injury,03 - Rear end,01 - Clear,01 - Daylight,01 - Dry,10 - No control,,3,0,0,0,02 - Minor,3,2,1,,,350937.8812,5018561.567,45.30549109,-75.91164821,10819
17--6595,6/23/2017,7:46 AM,ST. JOSEPH BLVD @ JEANNE D'ARC BLVD (0012421),12421,02 - Intersection related,03 - P.D. only,03 - Rear end,02 - Rain,01 - Daylight,02 - Wet,11 - Roundabout,01 - Functioning,2,0,0,0,,0,,,,,379859.7392,5036473.588,45.46415688,-75.5401539,10820
17--6596,6/23/2017,7:59 AM,KING EDWARD AVE @ ST. PATRICK ST (0002714),2714,02 - Intersection related,02 - Non-fatal injury,04 - Sideswipe,02 - Rain,01 - Daylight,02 - Wet,01 - Traffic signal,01 - Functioning,3,0,0,0,02 - Minor,1,,1,,,368249.2203,5032823.451,45.43246545,-75.68908088,10821
17--6597,6/23/2017,8:09 AM,GREENBANK RD @ STRANDHERD DR (0005563),5563,02 - Intersection related,03 - P.D. only,03 - Rear end,02 - Rain,01 - Daylight,02 - Wet,01 - Traffic signal,01 - Functioning,2,0,0,0,,0,,,,,363935.3561,5014783.748,45.27052432,-75.74636711,10822
17--6598,6/23/2017,8:20 AM,REGIONAL ROAD 174 btwn OR174 IC112 RAMP36 & OR174 IC112 RAMP26 (__3ZAZFK),__3ZAZFK,01 - Non intersection,02 - Non-fatal injury,03 - Rear end,02 - Rain,01 - Daylight,02 - Wet,10 - No control,,2,0,0,0,01 - Minimal,1,1,,,,374725.8566,5032787.022,45.43152007,-75.60632041,10823
17--6599,6/23/2017,8:40 PM,MEADOWLANDS DR @ MERIVALE RD (0000625),625,02 - Intersection related,03 - P.D. only,03 - Rear end,01 - Clear,05 - Dusk,01 - Dry,01 - Traffic signal,01 - Functioning,2,0,0,0,,0,,,,,364857.0277,5023726.179,45.35090957,-75.73353838,10824
17--66,1/3/2017,4:30 PM,HWY417 IC155 RAMP25 btwn MARCH RD & HIGHWAY 417 (__3ZAY48),__3ZAY48,01 - Non intersection,03 - P.D. only,07 - SMV other,03 - Snow,05 - Dusk,03 - Loose snow,10 - No control,,1,0,0,0,,0,,,,,340146.9567,5019150.904,45.31142016,-76.04920747,10825
17--660,1/16/2017,10:00 PM,RUSSLAND RD btwn ROCKDALE RD & DUNNING RD (__3ZA3KV),__3ZA3KV,01 - Non intersection,03 - P.D. only,07 - SMV other,01 - Clear,07 - Dark,01 - Dry,10 - No control,,1,0,0,0,,0,,,,,396826.0592,5022822.468,45.33931296,-75.32578154,10826
17--6600,6/23/2017,8:45 AM,MONTREAL RD btwn AVIATION PKWY & DEN HAAG DR (1) (__3ZA2CGA),__3ZA2CGA,01 - Non intersection,03 - P.D. only,04 - Sideswipe,02 - Rain,01 - Daylight,02 - Wet,10 - No control,,2,0,0,0,,0,,,,,372183.2663,5034125.409,45.44381184,-75.63862873,10827
17--6601,6/23/2017,8:47 AM,BELFAST RD btwn TREMBLAY RD & TRAINYARDS DR (__3ZA80G),__3ZA80G,04 - At/near private drive,03 - P.D. only,02 - Angle,02 - Rain,01 - Daylight,02 - Wet,10 - No control,,2,0,0,0,,0,,,,,371793.2145,5030943.499,45.41521996,-75.64404713,10828
17--6602,6/23/2017,8:51 AM,OLD TENTH LINE RD/OR174 IC101 RAMP63 @ ST. JOS (0009233),9233,03 - At intersection,02 - Non-fatal injury,02 - Angle,02 - Rain,01 - Daylight,02 - Wet,01 - Traffic signal,01 - Functioning,2,0,0,0,01 - Minimal,2,2,,,,383118.331,5038786.392,45.48460768,-75.4981214,10829
17--6603,6/23/2017,9:14 AM,MONTREAL RD @ BATHGATE DR/BURMA RD (0007650),7650,03 - At intersection,03 - P.D. only,05 - Turning movement,02 - Rain,01 - Daylight,02 - Wet,01 - Traffic signal,01 - Functioning,2,0,0,0,,0,,,,,373225.2319,5034516.592,45.44723028,-75.62525626,10830
17--6604,6/23/2017,9:25 PM,HIGHWAY 417 btwn HWY417 IC140 RAMP36 & HWY417 IC140 RAMP16 (__3ZA20N),__3ZA20N,01 - Non intersection,03 - P.D. only,07 - SMV other,01 - Clear,07 - Dark,01 - Dry,10 - No control,,1,0,0,0,,0,,,,,350714.3109,5018462.788,45.3046169,-75.91450819,10831
17--6605,6/23/2017,9:50 AM,RIVERSIDE DR @ BROOKFIELD RD/HOG'S BACK RD (0001627),1627,02 - Intersection related,03 - P.D. only,03 - Rear end,02 - Rain,01 - Daylight,02 - Wet,01 - Traffic signal,01 - Functioning,2,0,0,0,,0,,,,,368168.3125,5026223.424,45.37308779,-75.69096292,10832
17--6606,6/24/2017,1:15 PM,HIGHWAY 417 btwn HWY417 IC124 RAMP57 & HWY417 IC124 RAMP55 (__3ZA2Y1),__3ZA2Y1,01 - Non intersection,03 - P.D. only,99 - Other,01 - Clear,01 - Daylight,01 - Dry,10 - No control,,2,0,0,0,,0,,,,,363987.2768,5026925.797,45.37977325,-75.7442541,10833
17--6607,6/24/2017,1:20 PM,HIGHWAY 417 btwn HWY417 IC124 RAMP57 & HWY417 IC124 RAMP55 (__3ZA2Y1),__3ZA2Y1,01 - Non intersection,03 - P.D. only,03 - Rear end,01 - Clear,01 - Daylight,01 - Dry,10 - No control,,2,0,0,0,,0,,,,,364014.7935,5026966.014,45.38013279,-75.74389795,10834
17--6608,6/24/2017,1:40 PM,ST. JOSEPH BLVD @ JEANNE D'ARC BLVD (0012421),12421,03 - At intersection,03 - P.D. only,04 - Sideswipe,01 - Clear,01 - Daylight,01 - Dry,11 - Roundabout,01 - Functioning,2,0,0,0,,0,,,,,379862.4147,5036471.581,45.46413854,-75.54012,10835
17--6609,6/24/2017,10:30 AM,PINECREST RD btwn RICHMOND RD & FALLIS AVE (__3ZA4M7),__3ZA4M7,01 - Non intersection,03 - P.D. only,04 - Sideswipe,01 - Clear,01 - Daylight,01 - Dry,10 - No control,,2,0,0,0,,0,,,,,360090.5031,5024419.543,45.35754045,-75.79428749,10836
17--661,1/16/2017,10:10 AM,HUNTER'S POINT CRES btwn FOX HOLLOW CRES & BRIDLE PATH DR (__3ZA9WZ),__3ZA9WZ,01 - Non intersection,03 - P.D. only,06 - SMV unattended vehicle,01 - Clear,01 - Daylight,06 - Ice,10 - No control,,1,0,0,0,,0,,,,,371548.4186,5023447.744,45.34779936,-75.6481879,10837
17--6610,6/24/2017,11:00 AM,PRESTONE DR @ ST. JOSEPH BLVD (0003551),3551,03 - At intersection,02 - Non-fatal injury,05 - Turning movement,01 - Clear,01 - Daylight,01 - Dry,01 - Traffic signal,01 - Functioning,2,0,0,0,01 - Minimal,1,1,,,,382326.0789,5038274.923,45.48009437,-75.5083354,10838
17--6611,6/24/2017,11:51 AM,MAPLE GROVE RD @ TERRY FOX DR (0003177),3177,02 - Intersection related,03 - P.D. only,03 - Rear end,01 - Clear,01 - Daylight,01 - Dry,01 - Traffic signal,01 - Functioning,2,0,0,0,,0,,,,,351553.2742,5017863.796,45.29917168,-75.90386693,10839
17--6612,6/24/2017,Unknown,TEMPLETON ST btwn GOULBURN AVE & MARLBOROUGH AVE (__3ZA7G6),__3ZA7G6,01 - Non intersection,03 - P.D. only,06 - SMV unattended vehicle,01 - Clear,00 - Unknown,01 - Dry,10 - No control,,1,0,0,0,,0,,,,,369613.6144,5031840.922,45.42349991,-75.67177422,10840
17--6613,6/24/2017,12:08 PM,HERON RD @ ALTA VISTA DR (0007188),7188,02 - Intersection related,03 - P.D. only,03 - Rear end,01 - Clear,01 - Daylight,01 - Dry,01 - Traffic signal,01 - Functioning,2,0,0,0,,0,,,,,370492.388,5026902.537,45.37898421,-75.66120374,10841
17--6614,6/24/2017,12:30 PM,CARLING AVE @ BAYSHORE DR/BIRCHDALE AVE (0000021),21,02 - Intersection related,03 - P.D. only,03 - Rear end,01 - Clear,01 - Daylight,01 - Dry,01 - Traffic signal,01 - Functioning,2,0,0,0,,0,,,,,359004.5366,5023989.274,45.35375368,-75.80819461,10842
17--6615,6/24/2017,2:28 PM,BANK ST @ RIVERSIDE DR S (0002704),2704,02 - Intersection related,03 - P.D. only,03 - Rear end,01 - Clear,01 - Daylight,01 - Dry,01 - Traffic signal,01 - Functioning,2,0,0,0,,0,,,,,369305.0516,5027892.546,45.38800232,-75.67623335,10843
17--6616,6/24/2017,2:42 PM,HIGHWAY 417 btwn HWY417 IC127 RAMP25 & HWY417 IC126 RAMP51 (__3ZA2XA),__3ZA2XA,01 - Non intersection,03 - P.D. only,03 - Rear end,01 - Clear,01 - Daylight,01 - Dry,10 - No control,,2,0,0,0,,0,,,,,362721.5076,5025291.727,45.36517586,-75.76060661,10844
17--6617,6/24/2017,2:45 PM,COVENTRY RD @ VANIER PKWY (0002139),2139,03 - At intersection,03 - P.D. only,02 - Angle,01 - Clear,01 - Daylight,01 - Dry,01 - Traffic signal,01 - Functioning,2,0,0,0,,0,,,,,370676.4629,5031611.703,45.42133822,-75.65822464,10845
17--6618,6/24/2017,3:13 PM,KENT ST @ SOMERSET ST (0008857),8857,03 - At intersection,03 - P.D. only,02 - Angle,01 - Clear,01 - Daylight,01 - Dry,01 - Traffic signal,01 - Functioning,2,0,0,0,,0,,,,,367528.3734,5030815.565,45.41446417,-75.6985485,10846
17--6619,6/24/2017,3:24 PM,ELGIN ST @ SLATER ST (0002228),2228,03 - At intersection,03 - P.D. only,02 - Angle,01 - Clear,01 - Daylight,01 - Dry,01 - Traffic signal,01 - Functioning,2,0,0,0,,0,,,,,367889.7044,5031647.244,45.42191487,-75.69382592,10847
17--662,1/16/2017,10:57 AM,PIETY HILL WAY btwn DANBY CRT & GOODFELLOW CRT (__3ZAB5O),__3ZAB5O,04 - At/near private drive,03 - P.D. only,06 - SMV unattended vehicle,01 - Clear,01 - Daylight,01 - Dry,10 - No control,,1,0,0,0,,0,,,,,358006.9908,5013936.468,45.26337387,-75.82200455,10848
17--6620,6/24/2017,4:15 PM,MCARTHUR AVE @ VANIER PKWY (0004626),4626,02 - Intersection related,03 - P.D. only,04 - Sideswipe,02 - Rain,01 - Daylight,02 - Wet,01 - Traffic signal,01 - Functioning,2,0,0,0,,0,,,,,370218.5431,5032690.324,45.43108618,-75.66393209,10849
17--6621,6/24/2017,4:26 PM,RIVERDALE AVE btwn ECHO DR & GLENVIEW AVE (__3ZA9MY),__3ZA9MY,04 - At/near private drive,03 - P.D. only,05 - Turning movement,01 - Clear,01 - Daylight,01 - Dry,10 - No control,,2,0,0,0,,0,,,,,369173.458,5029172.132,45.39952773,-75.67774674,10850
17--6622,6/24/2017,4:36 PM,MAXIME ST @ CYRVILLE RD (0009353),9353,03 - At intersection,02 - Non-fatal injury,07 - SMV other,01 - Clear,01 - Daylight,01 - Dry,02 - Stop sign,01 - Functioning,1,0,0,1,01 - Minimal,1,1,,,,374824.8126,5031172.918,45.41698734,-75.60528533,10851