Anom_ID,Accident_Date,Accident_Time,Location,Geo_ID,Accident_Location,Classification_of_Accident,Initial_Impact_Type,Environment_Condition,Light,Road_Surface_Condition,Traffic_Control,Traffic_Control_Condition,No__of_Vehicles,No__of_Bicycles,No__of_Motorcycles,No__of_Pedestrians,Max_Injury,No__of_Injuries,No__of_Minimal,No__of_Minor,No__of_Major,No__of_Fatal,X,Y,Latitude,Longitude,ObjectId
17--6623,6/24/2017,4:55 PM,MARCH RD @ TERON RD (0011926),11926,02 - Intersection related,03 - P.D. only,03 - Rear end,01 - Clear,01 - Daylight,01 - Dry,01 - Traffic signal,01 - Functioning,2,0,0,0,,0,,,,,351413.6129,5021780.151,45.33442126,-75.90527908,10852
17--6624,6/24/2017,5:06 PM,COUNTRY MEADOW DR btwn BEARHILL RD & COUNTRY CARRIAGE WAY (__4YT1QE),__4YT1QE,01 - Non intersection,02 - Non-fatal injury,07 - SMV other,01 - Clear,01 - Daylight,01 - Dry,10 - No control,,1,0,0,0,02 - Minor,1,,1,,,337950.2254,5018858.906,45.30889975,-76.07724192,10853
17--6625,6/24/2017,5:25 PM,RIVERSIDE DR NB btwn HWY417 IC117 RAMP25 & VANIER PKWY (__3ZA4SG),__3ZA4SG,01 - Non intersection,03 - P.D. only,03 - Rear end,01 - Clear,01 - Daylight,01 - Dry,10 - No control,,3,0,0,0,,0,,,,,370821.8105,5031124.269,45.41693878,-75.65643289,10854
17--6626,6/24/2017,6:15 PM,ROCKCLIFFE PKWY btwn BIRCH AVE EXT./ROCKCLIFFE PKWY & ROCKCLIFFE PRKY  (__3ZA2ST),__3ZA2ST,01 - Non intersection,03 - P.D. only,03 - Rear end,01 - Clear,01 - Daylight,01 - Dry,10 - No control,,2,0,0,0,,0,,,,,371170.6408,5035811.704,45.45908119,-75.65134431,10855
17--6627,6/24/2017,7:15 PM,MOODIE DR @ WEST HUNT CLUB RD (0010414),10414,02 - Intersection related,03 - P.D. only,03 - Rear end,02 - Rain,01 - Daylight,02 - Wet,01 - Traffic signal,01 - Functioning,2,0,0,0,,0,,,,,357908.655,5018499.125,45.30443676,-75.82276919,10856
17--6628,6/24/2017,7:45 PM,HERZBERG RD btwn TERRY FOX DR & Continuation of HERZBERG RD (2) (__37BXKF),__37BXKF,01 - Non intersection,03 - P.D. only,07 - SMV other,02 - Rain,01 - Daylight,02 - Wet,10 - No control,,1,0,0,0,,0,,,,,351656.941,5023167.376,45.34688757,-75.90204335,10857
17--6629,6/24/2017,7:46 AM,FISHER AVE @ MEADOWLANDS DR (0002120),2120,02 - Intersection related,02 - Non-fatal injury,02 - Angle,01 - Clear,01 - Daylight,01 - Dry,01 - Traffic signal,01 - Functioning,2,0,0,0,02 - Minor,1,,1,,,366576.0682,5025046.115,45.36263679,-75.7114367,10858
17--663,1/16/2017,11:10 AM,HIGHWAY 417 btwn Continuation of HIGHWAY 417 & HWY417 IC134 RAMP51 (__3ZA29B),__3ZA29B,01 - Non intersection,03 - P.D. only,03 - Rear end,01 - Clear,01 - Daylight,01 - Dry,10 - No control,,2,0,0,0,,0,,,,,354957.321,5021377.981,45.33055812,-75.86011008,10859
17--6630,6/24/2017,7:46 PM,EAGLESON RD @ FALLOWFIELD RD (0000118),118,03 - At intersection,03 - P.D. only,05 - Turning movement,02 - Rain,01 - Daylight,02 - Wet,01 - Traffic signal,01 - Functioning,2,0,0,0,,0,,,,,355963.3063,5012595.743,45.25146133,-75.84818272,10860
17--6631,6/24/2017,8:35 PM,HWY417 IC118 RAMP67 btwn HWY417 IC118 RAMP64 & HIGHWAY 417 (__3ZAY9L),__3ZAY9L,01 - Non intersection,02 - Non-fatal injury,04 - Sideswipe,01 - Clear,05 - Dusk,01 - Dry,10 - No control,,2,0,0,0,01 - Minimal,1,1,,,,369704.9857,5031159.995,45.41736472,-75.67069645,10861
17--6632,6/25/2017,1:05 AM,DUNROBIN RD btwn KINBURN SIDE RD & VANCES SIDE RD (__3ZA3FG),__3ZA3FG,01 - Non intersection,03 - P.D. only,07 - SMV other,01 - Clear,07 - Dark,01 - Dry,10 - No control,,1,0,0,0,,0,,,,,338315.3617,5035608.743,45.4596036,-76.07144826,10862
17--6633,6/25/2017,1:13 AM,DONNELLY DR btwn MERLYN WILSON RD & MCCORDICK RD (__3ZA30Q),__3ZA30Q,01 - Non intersection,03 - P.D. only,07 - SMV other,01 - Clear,07 - Dark,01 - Dry,10 - No control,,1,0,0,0,,0,,,,,369666.2837,4991203.687,45.05784492,-75.67640137,10863
17--6634,6/25/2017,1:15 PM,KEDEY ST @ CREEK DR (0001995),1995,03 - At intersection,03 - P.D. only,02 - Angle,01 - Clear,01 - Daylight,02 - Wet,02 - Stop sign,01 - Functioning,2,0,0,0,,0,,,,,326980.3694,5036968.308,45.47228929,-76.2163221,10864
17--6635,6/25/2017,1:20 PM,ST. JOSEPH BLVD @ TENTH LINE RD (0009163),9163,02 - Intersection related,03 - P.D. only,03 - Rear end,02 - Rain,01 - Daylight,02 - Wet,01 - Traffic signal,01 - Functioning,2,0,0,0,,0,,,,,382886.4173,5038663.602,45.4835289,-75.5011072,10865
17--6636,6/25/2017,1:40 PM,TENTH LINE RD btwn OLD TENTH LINE RD & TOMPKINS AVE (__3ZBPKU),__3ZBPKU,01 - Non intersection,03 - P.D. only,03 - Rear end,02 - Rain,01 - Daylight,02 - Wet,10 - No control,,2,0,0,0,,0,,,,,383110.1047,5038197.108,45.47930676,-75.49832058,10866
17--6637,6/25/2017,10:30 AM,EASTVALE DR S @ OGILVIE RD (0009416),9416,02 - Intersection related,02 - Non-fatal injury,03 - Rear end,01 - Clear,01 - Daylight,01 - Dry,01 - Traffic signal,01 - Functioning,3,0,0,0,01 - Minimal,2,2,,,,375466.2383,5035022.967,45.45156336,-75.59653817,10867
17--6638,6/25/2017,11:04 AM,FISHER AVE btwn 220 S OF TRENT ST & MCCOOEY LANE (__3ZA30SB),__3ZA30SB,01 - Non intersection,02 - Non-fatal injury,03 - Rear end,01 - Clear,01 - Daylight,01 - Dry,10 - No control,,2,0,0,0,02 - Minor,1,,1,,,365891.0573,5026677.703,45.37737753,-75.71997818,10868
17--6639,6/25/2017,11:28 PM,BRIAN COBURN BLVD @ TENTH LINE RD (0013966),13966,03 - At intersection,03 - P.D. only,07 - SMV other,01 - Clear,07 - Dark,02 - Wet,01 - Traffic signal,01 - Functioning,1,0,0,0,,0,,,,,384428.3389,5035022.308,45.45059377,-75.48197576,10869
17--664,1/16/2017,11:23 PM,FOURTH LINE RD btwn WILLISBROOK DR & LOCKHEAD RD W (__3ZA397),__3ZA397,01 - Non intersection,03 - P.D. only,07 - SMV other,01 - Clear,07 - Dark,06 - Ice,10 - No control,,1,0,0,0,,0,,,,,367022.1484,4998731.197,45.1258163,-75.7090359,10870
17--6640,6/25/2017,11:46 AM,CEDARVIEW RD @ HWY 416 WESTHUNT IC72R42 (0005515),5515,03 - At intersection,02 - Non-fatal injury,03 - Rear end,02 - Rain,01 - Daylight,02 - Wet,10 - No control,00 - Unknown,2,0,0,0,02 - Minor,1,,1,,,359597.5181,5019762.505,45.31567502,-75.80109503,10871
17--6641,6/25/2017,Unknown,PENDRA WAY btwn WINDANCE CRES & MAXWELL BRIDGE RD (__5J15VX),__5J15VX,01 - Non intersection,03 - P.D. only,06 - SMV unattended vehicle,01 - Clear,00 - Unknown,01 - Dry,10 - No control,,1,0,0,0,,0,,,,,349213.0612,5024697.96,45.36081912,-75.93309143,10872
17--6642,6/25/2017,12:58 PM,BASELINE RD @ GREENBANK RD (0002357),2357,02 - Intersection related,02 - Non-fatal injury,03 - Rear end,02 - Rain,01 - Daylight,02 - Wet,01 - Traffic signal,01 - Functioning,4,0,0,0,01 - Minimal,1,1,,,,360598.0188,5022585.169,45.34099459,-75.78801717,10873
17--6643,6/25/2017,2:04 AM,YORK ST WB btwn BYWARD MARKE SQ & SUSSEX DR (__3ZA1B0),__3ZA1B0,01 - Non intersection,02 - Non-fatal injury,07 - SMV other,01 - Clear,07 - Dark,01 - Dry,10 - No control,,1,0,0,1,03 - Major,1,,,1,,367827.3926,5032277.862,45.42759457,-75.69454138,10874
17--6644,6/25/2017,2:19 PM,HUNTMAR DR @ PALLADIUM DR S (0011818),11818,02 - Intersection related,03 - P.D. only,03 - Rear end,01 - Clear,01 - Daylight,01 - Dry,01 - Traffic signal,01 - Functioning,2,0,0,0,,0,,,,,349677.2788,5017364.768,45.29480361,-75.92783097,10875
17--6645,6/25/2017,2:45 PM,MARKETPLACE AVE @ RIOCAN AVE (0010995),10995,02 - Intersection related,03 - P.D. only,07 - SMV other,06 - Strong wind,01 - Daylight,02 - Wet,02 - Stop sign,01 - Functioning,1,0,0,0,,0,,,,,364286.5425,5014762.933,45.27030741,-75.7418944,10876
17--6646,6/25/2017,2:48 AM,HERON RD @ WALKLEY RD (0011256),11256,02 - Intersection related,03 - P.D. only,07 - SMV other,01 - Clear,07 - Dark,01 - Dry,01 - Traffic signal,01 - Functioning,1,0,0,0,,0,,,,,372266.8407,5027081.448,45.38042535,-75.63852466,10877
17--6647,6/25/2017,3:15 AM,RAMSAYVILLE RD btwn RIDEAU RD & MITCH OWENS RD (__3ZA6GU),__3ZA6GU,01 - Non intersection,03 - P.D. only,07 - SMV other,01 - Clear,07 - Dark,01 - Dry,10 - No control,,1,0,0,0,,0,,,,,380944.766,5018502.022,45.30234349,-75.52905289,10878
17--6648,6/25/2017,3:20 PM,FRANK KENNY RD btwn GIROUX RD & COLONIAL RD (__3ZA6T8),__3ZA6T8,01 - Non intersection,03 - P.D. only,07 - SMV other,02 - Rain,01 - Daylight,02 - Wet,10 - No control,,1,0,0,0,,0,,,,,389886.8153,5032833.533,45.43025835,-75.41258142,10879
17--6649,6/25/2017,4:13 PM,ABBOTT ST W @ WEST RIDGE DR (0009770),9770,02 - Intersection related,02 - Non-fatal injury,03 - Rear end,02 - Rain,01 - Daylight,02 - Wet,02 - Stop sign,01 - Functioning,2,0,0,0,02 - Minor,1,,1,,,349644.7887,5012784.415,45.25359009,-75.92865891,10880
17--665,1/16/2017,11:25 AM,DONALD ST @ ST. LAURENT BLVD (0008630),8630,03 - At intersection,02 - Non-fatal injury,07 - SMV other,01 - Clear,01 - Daylight,01 - Dry,01 - Traffic signal,01 - Functioning,1,0,0,1,02 - Minor,1,,1,,,372093.7129,5032473.711,45.42895928,-75.63999916,10881
17--6650,6/25/2017,4:20 PM,WEST HUNT CLUB RD @ CLEOPATRA DR/LANCELOT DR (0000114),114,02 - Intersection related,03 - P.D. only,04 - Sideswipe,01 - Clear,01 - Daylight,01 - Dry,01 - Traffic signal,01 - Functioning,2,0,0,0,,0,,,,,365235.2837,5021732.864,45.33294149,-75.72895494,10882
17--6651,6/25/2017,4:32 AM,REGIONAL ROAD 174 btwn OR174 IC109 RAMP64 & OR174 IC105 RAMP16 (__3ZA2XD),__3ZA2XD,01 - Non intersection,03 - P.D. only,07 - SMV other,01 - Clear,07 - Dark,01 - Dry,10 - No control,,1,0,0,0,,0,,,,,376594.9613,5035291.033,45.4538602,-75.58207026,10883
17--6652,6/25/2017,6:16 PM,8TH LINE RD @ PARKWAY RD (0001611),1611,03 - At intersection,02 - Non-fatal injury,02 - Angle,01 - Clear,01 - Daylight,02 - Wet,02 - Stop sign,01 - Functioning,2,0,0,0,03 - Major,2,,1,1,,383165.5292,5016891.997,45.28761324,-75.50099387,10884
17--6653,6/25/2017,6:23 PM,CARLING AVE EB btwn PINECREST RD & RICHMOND RD (__3ZA4VV),__3ZA4VV,01 - Non intersection,03 - P.D. only,04 - Sideswipe,01 - Clear,01 - Daylight,02 - Wet,10 - No control,,2,0,0,0,,0,,,,,360124.5829,5024690.031,45.3599716,-75.79382226,10885
17--6654,6/25/2017,7:32 PM,REGIONAL ROAD 174 btwn TRANSIT & OR174 IC105 RAMP51 (__3ZA28H),__3ZA28H,01 - Non intersection,02 - Non-fatal injury,03 - Rear end,01 - Clear,01 - Daylight,02 - Wet,10 - No control,,3,0,0,0,02 - Minor,2,,2,,,376976.0896,5035629.037,45.45686208,-75.5771484,10886
17--6655,6/25/2017,7:37 AM,LISGAR ST @ METCALFE ST (0006941),6941,03 - At intersection,03 - P.D. only,02 - Angle,01 - Clear,01 - Daylight,01 - Dry,01 - Traffic signal,01 - Functioning,2,0,0,0,,0,,,,,367915.5844,5031251.697,45.41835353,-75.69354592,10887
17--6656,6/25/2017,7:41 AM,INDUSTRIAL AVE @ ALTA VISTA DR/SANDFORD FLEMIN (0006979),6979,03 - At intersection,03 - P.D. only,02 - Angle,01 - Clear,01 - Daylight,01 - Dry,01 - Traffic signal,01 - Functioning,2,0,0,0,,0,,,,,370886.396,5030556.232,45.41182172,-75.65568394,10888
17--6657,6/25/2017,8:23 AM,LAUZON ST btwn SUNLAND DR & SUNLAND DR (__3ZA5U6),__3ZA5U6,01 - Non intersection,03 - P.D. only,07 - SMV other,01 - Clear,01 - Daylight,01 - Dry,10 - No control,,1,0,0,0,,0,,,,,384745.4488,5037168.754,45.46986928,-75.47757324,10889
17--6658,6/25/2017,9:00 PM,HWY417 IC138 RAMP51 btwn HIGHWAY 417 & EAGLESON RD (__32T6NZ),__32T6NZ,01 - Non intersection,02 - Non-fatal injury,04 - Sideswipe,01 - Clear,05 - Dusk,01 - Dry,10 - No control,,2,0,1,0,02 - Minor,1,,1,,,352776.3964,5020012.326,45.31842217,-75.88806425,10890
17--6659,6/25/2017,9:30 AM,BANK ST @ SUNNYSIDE AVE (0007219),7219,02 - Intersection related,03 - P.D. only,04 - Sideswipe,01 - Clear,01 - Daylight,01 - Dry,01 - Traffic signal,00 - Unknown,2,0,0,0,,0,,,,,368735.0587,5028581.618,45.39425464,-75.68342245,10891
17--666,1/16/2017,11:41 AM,ST. JOSEPH BLVD @ TENTH LINE RD (0009163),9163,03 - At intersection,02 - Non-fatal injury,02 - Angle,01 - Clear,01 - Daylight,01 - Dry,01 - Traffic signal,01 - Functioning,2,0,0,0,01 - Minimal,2,2,,,,382891.3503,5038666.453,45.483554,-75.50104365,10892
17--6660,6/26/2017,1:00 AM,HAWTHORNE AVE/ISABELLA ST @ QUEEN ELIZABETH DR (0002105),2105,02 - Intersection related,03 - P.D. only,03 - Rear end,01 - Clear,07 - Dark,01 - Dry,01 - Traffic signal,01 - Functioning,2,0,0,0,,0,,,,,368665.7115,5030476.572,45.41131115,-75.68406265,10893
17--6661,6/26/2017,1:00 PM,UPPER LORNE PL btwn SOMERSET ST W & END (__3ZA4GN),__3ZA4GN,04 - At/near private drive,03 - P.D. only,06 - SMV unattended vehicle,01 - Clear,01 - Daylight,01 - Dry,10 - No control,,1,0,0,0,,0,,,,,366611.6707,5030397.404,45.41078326,-75.71031211,10894
17--6662,6/26/2017,1:30 PM,OGILVIE RD btwn LA VERENDRYE DR & EASTVALE DR (__3ZBO1Z),__3ZBO1Z,04 - At/near private drive,02 - Non-fatal injury,03 - Rear end,01 - Clear,01 - Daylight,01 - Dry,10 - No control,,2,0,0,0,01 - Minimal,1,1,,,,375433.6855,5035132.163,45.45254913,-75.59693862,10895
17--6663,6/26/2017,1:57 PM,HAIG DR @ SMYTH RD (0007736),7736,03 - At intersection,02 - Non-fatal injury,02 - Angle,01 - Clear,01 - Daylight,01 - Dry,01 - Traffic signal,01 - Functioning,2,0,0,0,02 - Minor,1,,1,,,372565.7282,5029298.548,45.40034504,-75.63440417,10896
17--6664,6/26/2017,10:19 AM,PRESLAND RD @ VANIER PKWY (0012076),12076,02 - Intersection related,02 - Non-fatal injury,03 - Rear end,01 - Clear,01 - Daylight,01 - Dry,01 - Traffic signal,01 - Functioning,2,0,0,0,01 - Minimal,1,1,,,,370432.1186,5031751.637,45.42262025,-75.66132792,10897
17--6665,6/26/2017,10:40 AM,SPRATT RD @ CANYON WALK DR/GOLDENEYE WAY (0012313),12313,03 - At intersection,03 - P.D. only,02 - Angle,01 - Clear,01 - Daylight,01 - Dry,02 - Stop sign,01 - Functioning,2,0,0,0,,0,,,,,368671.0437,5016145.109,45.28235952,-75.68584529,10898
17--6666,6/26/2017,10:42 PM,BANK ST @ FIFTH AVE (0007247),7247,02 - Intersection related,03 - P.D. only,03 - Rear end,02 - Rain,07 - Dark,02 - Wet,01 - Traffic signal,01 - Functioning,2,0,0,0,,0,,,,,368397.7101,5029400.558,45.40165393,-75.68762504,10899
17--6667,6/26/2017,11:06 AM,BRIAN COBURN BLVD btwn STRASBOURG ST & TENTH LINE RD (__6ZT4O3),__6ZT4O3,04 - At/near private drive,02 - Non-fatal injury,03 - Rear end,01 - Clear,01 - Daylight,01 - Dry,10 - No control,,2,0,0,0,02 - Minor,1,,1,,,384307.2232,5034967.599,45.45011534,-75.48353278,10900
17--6398,6/18/2017,10:59 AM,WOODROFFE AVE btwn PARKGLEN DR & DAVID DR (__3ZA34H),__3ZA34H,01 - Non intersection,03 - P.D. only,03 - Rear end,01 - Clear,01 - Daylight,01 - Dry,10 - No control,,3,0,0,0,,0,,,,,362976.3418,5022918.204,45.34379802,-75.75763311,10901
17--6399,6/18/2017,11:10 AM,HOLMWOOD AVE @ MONK ST (0007588),7588,03 - At intersection,03 - P.D. only,02 - Angle,01 - Clear,01 - Daylight,01 - Dry,02 - Stop sign,03 - Obscured,2,0,0,0,,0,,,,,368425.3758,5029162.887,45.39951293,-75.68730235,10902
17--64,1/3/2017,3:30 PM,HIGHWAY 417 btwn HWY417 IC155 RAMP51 & HWY417 IC155 RAMP35 (__3ZAZNR),__3ZAZNR,01 - Non intersection,03 - P.D. only,07 - SMV other,03 - Snow,01 - Daylight,03 - Loose snow,10 - No control,,1,0,0,0,,0,,,,,339426.8886,5019343.292,45.31318723,-76.05837704,10903
17--640,1/14/2017,6:19 PM,BRONSON AVE @ SUNNYSIDE AVE/UNIVERSITY RD - CA (0007209),7209,03 - At intersection,03 - P.D. only,05 - Turning movement,01 - Clear,07 - Dark,01 - Dry,01 - Traffic signal,01 - Functioning,2,0,0,0,,0,,,,,367922.1674,5028091.818,45.38992131,-75.69386631,10904
17--6400,6/18/2017,11:10 AM,CONROY RD @ ST. LAURENT BLVD (0011390),11390,02 - Intersection related,02 - Non-fatal injury,04 - Sideswipe,01 - Clear,01 - Daylight,01 - Dry,01 - Traffic signal,01 - Functioning,2,0,0,0,01 - Minimal,1,1,,,,373068.5871,5027159.204,45.3810473,-75.62827769,10905
17--6401,6/18/2017,11:30 PM,TARTAN DR btwn RUETER ST & HALLEY ST (__3ZAA73),__3ZAA73,01 - Non intersection,03 - P.D. only,01 - Approaching,01 - Clear,07 - Dark,01 - Dry,10 - No control,,2,0,1,0,,0,,,,,362789.3613,5014350.543,45.26672175,-75.76102125,10906
17--6402,6/18/2017,12:19 PM,APPLEFORD ST @ ELMRIDGE DR (0009942),9942,03 - At intersection,02 - Non-fatal injury,05 - Turning movement,02 - Rain,01 - Daylight,02 - Wet,02 - Stop sign,01 - Functioning,2,0,0,0,01 - Minimal,2,2,,,,374956.7345,5033815.253,45.44074839,-75.60322353,10907
17--6403,6/18/2017,12:35 PM,TERRY FOX DR @ HALKIRK AVE/WINCHESTER DR (0012574),12574,03 - At intersection,02 - Non-fatal injury,03 - Rear end,01 - Clear,01 - Daylight,02 - Wet,01 - Traffic signal,01 - Functioning,2,0,0,0,02 - Minor,1,,1,,,352512.2274,5016869.338,45.29015882,-75.89173604,10908
17--6404,6/18/2017,3:08 PM,KING EDWARD AVE @ LAURIER AVE (0002170),2170,02 - Intersection related,03 - P.D. only,03 - Rear end,01 - Clear,01 - Daylight,01 - Dry,01 - Traffic signal,01 - Functioning,2,0,0,0,,0,,,,,368738.7039,5032035.252,45.42532894,-75.68292796,10909
17--6405,6/18/2017,3:09 PM,CYCLONE TAYLOR BLVD @ HUNTMAR DR (0011819),11819,02 - Intersection related,02 - Non-fatal injury,03 - Rear end,01 - Clear,01 - Daylight,01 - Dry,01 - Traffic signal,01 - Functioning,2,0,0,0,01 - Minimal,4,4,,,,349514.9257,5017548.106,45.29646369,-75.92988428,10910
17--6406,6/18/2017,3:30 PM,MOODIE DR @ CORKSTOWN RD (0000577),577,02 - Intersection related,03 - P.D. only,03 - Rear end,01 - Clear,01 - Daylight,01 - Dry,01 - Traffic signal,01 - Functioning,2,0,0,0,,0,,,,,356340.6455,5022766.551,45.34295238,-75.84231862,10911
17--6407,6/18/2017,3:40 PM,WOODRIDGE CRES btwn BAYSHORE PS & TRANSITWAY LINK (__6KE4J1B),__6KE4J1B,04 - At/near private drive,03 - P.D. only,02 - Angle,01 - Clear,01 - Daylight,01 - Dry,10 - No control,,2,0,0,0,,0,,,,,358838.2664,5023185.599,45.34653503,-75.81040437,10912
17--6408,6/18/2017,3:43 PM,HIGHWAY 417 btwn HWY417 IC127 RAMP25 & HWY417 IC126 RAMP51 (__3ZA2XA),__3ZA2XA,01 - Non intersection,02 - Non-fatal injury,03 - Rear end,01 - Clear,01 - Daylight,01 - Dry,10 - No control,,3,0,0,0,01 - Minimal,2,2,,,,362868.7743,5025414.617,45.36626943,-75.7587124,10913
17--6409,6/18/2017,4:43 PM,MCLEOD ST W @ METCALFE ST (0007266),7266,03 - At intersection,03 - P.D. only,04 - Sideswipe,01 - Clear,01 - Daylight,01 - Dry,01 - Traffic signal,01 - Functioning,2,0,0,0,,0,,,,,368270.473,5030685.153,45.41322385,-75.68908478,10914
17--641,1/14/2017,6:44 PM,BOOTH ST @ SIR JOHN A. MACDONALD PKWY/WELLINGTON ST (0012252),12252,03 - At intersection,03 - P.D. only,02 - Angle,01 - Clear,07 - Dark,01 - Dry,01 - Traffic signal,01 - Functioning,2,0,0,0,,0,,,,,366264.3309,5031007.638,45.41630457,-75.7146731,10915
17--6410,6/18/2017,5:35 PM,MCCARTHY RD @ PAUL ANKA DR (0007479),7479,03 - At intersection,02 - Non-fatal injury,02 - Angle,01 - Clear,01 - Daylight,01 - Dry,01 - Traffic signal,01 - Functioning,2,0,0,0,01 - Minimal,1,1,,,,369700.0553,5023877.174,45.35183673,-75.67171698,10916
17--6411,6/18/2017,6:03 PM,CONROY RD btwn JOHNSTON RD & LORRY GREENBERG DR (__3ZA3S8),__3ZA3S8,01 - Non intersection,03 - P.D. only,05 - Turning movement,01 - Clear,01 - Daylight,01 - Dry,10 - No control,,2,0,0,0,,0,,,,,373409.8506,5026278.359,45.37308849,-75.62404299,10917
17--6412,6/18/2017,9:21 PM,FERNBANK RD btwn JINKINSON RD & BLACK'S SIDE RD (__3ZACRF),__3ZACRF,01 - Non intersection,01 - Fatal injury,07 - SMV other,01 - Clear,07 - Dark,01 - Dry,10 - No control,,1,0,0,0,04 - Fatal,4,,2,,2,347576.6875,5009143.132,45.22095298,-75.95531928,10918
17--6413,6/19/2017,1:20 PM,WELLINGTON ST @ HAMILTON AVE (0006106),6106,03 - At intersection,03 - P.D. only,05 - Turning movement,01 - Clear,01 - Daylight,01 - Dry,02 - Stop sign,01 - Functioning,3,0,0,0,,0,,,,,365080.1484,5029233.231,45.40044189,-75.73001891,10919
17--6414,6/19/2017,1:30 PM,"MONTREAL RD btwn EGLISE, RUE DE L & ST. LAURENT BLVD (__3ZA3ML)",__3ZA3ML,04 - At/near private drive,03 - P.D. only,03 - Rear end,01 - Clear,01 - Daylight,01 - Dry,10 - No control,,2,0,0,0,,0,,,,,371363.8508,5033728.148,45.44031597,-75.64915601,10920
17--6415,6/19/2017,10:07 AM,RAMSAYVILLE RD @ RUSSELL RD S (0012422),12422,02 - Intersection related,03 - P.D. only,07 - SMV other,01 - Clear,01 - Daylight,01 - Dry,02 - Stop sign,01 - Functioning,1,0,0,0,,0,,,,,377831.4206,5026128.854,45.37129648,-75.56762123,10921
17--6416,6/19/2017,11:03 PM,DALHOUSIE ST btwn CLARENCE ST & YORK ST (__3ZA82M),__3ZA82M,01 - Non intersection,03 - P.D. only,03 - Rear end,01 - Clear,07 - Dark,01 - Dry,10 - No control,,2,0,0,0,,0,,,,,368068.5722,5032462.123,45.42923071,-75.69143586,10922
17--6417,6/19/2017,11:20 AM,HAZELDEAN RD @ TERRY FOX DR (0003682),3682,02 - Intersection related,03 - P.D. only,03 - Rear end,01 - Clear,01 - Daylight,01 - Dry,01 - Traffic signal,01 - Functioning,2,0,0,0,,0,,,,,352207.2766,5017241.782,45.29353081,-75.89558792,10923
17--6418,6/19/2017,12:08 PM,METCALFE ST @ WELLINGTON ST (0002227),2227,02 - Intersection related,03 - P.D. only,03 - Rear end,01 - Clear,01 - Daylight,01 - Dry,01 - Traffic signal,01 - Functioning,2,0,0,0,,0,,,,,367565.1897,5031817.582,45.4234767,-75.69795053,10924
17--6419,6/19/2017,12:45 PM,BRONSON AVE btwn CLEMOW AVE & CARLING AVE (__3ZA3OV),__3ZA3OV,04 - At/near private drive,03 - P.D. only,02 - Angle,01 - Clear,01 - Daylight,01 - Dry,10 - No control,,2,0,0,0,,0,,,,,367432.6568,5029369.007,45.40145705,-75.69995508,10925
17--642,1/14/2017,9:17 AM,KENT ST @ WELLINGTON ST (0002040),2040,03 - At intersection,03 - P.D. only,02 - Angle,01 - Clear,01 - Daylight,01 - Dry,01 - Traffic signal,01 - Functioning,2,0,0,0,,0,,,,,367095.6181,5031526.227,45.42089715,-75.70398724,10926
17--6420,6/19/2017,2:06 PM,CHESTERTON DR/COOLSPRING CRES W @ VIEWMOUNT DR (0000518),518,03 - At intersection,03 - P.D. only,02 - Angle,01 - Clear,01 - Daylight,01 - Dry,02 - Stop sign,01 - Functioning,2,0,0,0,,0,,,,,366231.0433,5023515.51,45.348895,-75.71603068,10927
17--6421,6/19/2017,3:26 PM,HUNT CLUB RD @ DOWNPATRICK RD/MCCARTHY RD (0006931),6931,02 - Intersection related,03 - P.D. only,03 - Rear end,01 - Clear,01 - Daylight,01 - Dry,01 - Traffic signal,01 - Functioning,2,0,0,0,,0,,,,,370508.0689,5023399.84,45.34746657,-75.66146928,10928
17--6422,6/19/2017,3:30 PM,BRITANNIA RD @ CARLING AVE (0002777),2777,02 - Intersection related,03 - P.D. only,03 - Rear end,01 - Clear,01 - Daylight,01 - Dry,02 - Stop sign,01 - Functioning,2,0,0,0,,0,,,,,360176.206,5024740.566,45.36042224,-75.79315772,10929
17--6423,6/19/2017,3:55 PM,EAGLESON RD @ FALLOWFIELD RD (0000118),118,03 - At intersection,03 - P.D. only,02 - Angle,01 - Clear,01 - Daylight,01 - Dry,01 - Traffic signal,01 - Functioning,3,0,0,0,,0,,,,,355959.9619,5012593.737,45.25144352,-75.84822553,10930
17--6424,6/19/2017,3:57 PM,ALTA VISTA DR @ ROGER RD (0007583),7583,03 - At intersection,02 - Non-fatal injury,05 - Turning movement,01 - Clear,01 - Daylight,01 - Dry,02 - Stop sign,01 - Functioning,2,1,0,0,01 - Minimal,1,1,,,,370406.0537,5028878.548,45.39677175,-75.66204331,10931
17--6425,6/19/2017,4:00 PM,BILBERRY DR W @ JEANNE D'ARC BLVD (0004408),4408,02 - Intersection related,02 - Non-fatal injury,02 - Angle,01 - Clear,01 - Daylight,01 - Dry,01 - Traffic signal,01 - Functioning,2,1,0,0,01 - Minimal,1,1,,,,380449.075,5038398.928,45.48141596,-75.53232226,10932
17--6426,6/19/2017,4:21 PM,CARLING AVE EB @ SAIGON CRT (0008796),8796,03 - At intersection,02 - Non-fatal injury,03 - Rear end,01 - Clear,01 - Daylight,01 - Dry,02 - Stop sign,01 - Functioning,2,0,0,0,01 - Minimal,2,2,,,,364069.1745,5027111.533,45.38143755,-75.74318616,10933
17--6427,6/19/2017,4:30 PM,BASELINE RD @ MERIVALE RD (0002342),2342,02 - Intersection related,03 - P.D. only,04 - Sideswipe,01 - Clear,01 - Daylight,01 - Dry,01 - Traffic signal,01 - Functioning,2,0,0,0,,0,,,,,365055.6997,5025326.853,45.36529515,-75.73080799,10934