Anom_ID,Accident_Date,Accident_Time,Location,Geo_ID,Accident_Location,Classification_of_Accident,Initial_Impact_Type,Environment_Condition,Light,Road_Surface_Condition,Traffic_Control,Traffic_Control_Condition,No__of_Vehicles,No__of_Bicycles,No__of_Motorcycles,No__of_Pedestrians,Max_Injury,No__of_Injuries,No__of_Minimal,No__of_Minor,No__of_Major,No__of_Fatal,X,Y,Latitude,Longitude,ObjectId
17--6428,6/19/2017,5:25 PM,HIGHWAY 416 btwn HWY416 IC72 RAMP34 & HWY416 IC72 RAMP63 (__3ZAZER),__3ZAZER,01 - Non intersection,03 - P.D. only,04 - Sideswipe,01 - Clear,01 - Daylight,01 - Dry,10 - No control,,2,0,0,0,,0,,,,,359436.7194,5019641.778,45.31460124,-75.80315907,10935
17--6429,6/19/2017,5:30 PM,ISLAND PARK DR btwn CLEARVIEW AVE & OTTAWA RIVER PKWY (__3ZA23A),__3ZA23A,01 - Non intersection,03 - P.D. only,03 - Rear end,00 - Unknown,01 - Daylight,01 - Dry,10 - No control,,2,0,0,0,,0,,,,,363481.7844,5029389.302,45.40198199,-75.75041507,10936
17--643,1/15/2017,1:00 PM,BANK ST @ DAVIDSON RD/LESTER RD (0008797),8797,02 - Intersection related,03 - P.D. only,03 - Rear end,01 - Clear,01 - Daylight,01 - Dry,01 - Traffic signal,01 - Functioning,2,0,0,0,,0,,,,,373672.7381,5022924.696,45.34288779,-75.62115432,10937
17--6430,6/19/2017,5:39 PM,ISLAND PARK DR @ SCOTT ST (0002126),2126,02 - Intersection related,03 - P.D. only,01 - Approaching,01 - Clear,01 - Daylight,01 - Dry,01 - Traffic signal,01 - Functioning,2,0,0,0,,0,,,,,363833.6845,5029040.747,45.39881617,-75.74596211,10938
17--6431,6/19/2017,5:50 PM,WALKLEY RD btwn AVONCOURT WAY & SOUTHMORE DR E (__3ZA37Z),__3ZA37Z,01 - Non intersection,03 - P.D. only,03 - Rear end,01 - Clear,01 - Daylight,01 - Dry,10 - No control,,2,0,0,0,,0,,,,,369660.795,5025546.068,45.36685659,-75.67199898,10939
17--6432,6/19/2017,5:55 PM,HIGHWAY 417 btwn HWY417 IC122 RAMP51 & HWY417 IC122 RAMP15 (__3ZA2R0),__3ZA2R0,01 - Non intersection,03 - P.D. only,03 - Rear end,01 - Clear,01 - Daylight,01 - Dry,10 - No control,,3,0,0,0,,0,,,,,365246.7693,5028806.328,45.39658634,-75.72794311,10940
17--6433,6/19/2017,6:03 PM,DYNES RD @ PRINCE OF WALES DR (0003321),3321,02 - Intersection related,02 - Non-fatal injury,03 - Rear end,01 - Clear,01 - Daylight,01 - Dry,01 - Traffic signal,01 - Functioning,2,0,0,0,02 - Minor,1,,1,,,367115.7174,5025923.533,45.37048383,-75.70443815,10941
17--6434,6/19/2017,6:33 PM,CARLING AVE WB btwn CROYDON AVE & TAVISTOCK RD (__3ZA267),__3ZA267,04 - At/near private drive,03 - P.D. only,05 - Turning movement,01 - Clear,01 - Daylight,01 - Dry,10 - No control,,2,0,0,0,,0,,,,,360678.7441,5025056.326,45.36322356,-75.78670793,10942
17--6435,6/19/2017,6:53 AM,KENNEVALE DR @ STRANDHERD DR (0010896),10896,03 - At intersection,03 - P.D. only,05 - Turning movement,01 - Clear,01 - Daylight,01 - Dry,01 - Traffic signal,01 - Functioning,2,0,0,0,,0,,,,,361491.6649,5014102.466,45.26459533,-75.77758523,10943
17--6436,6/19/2017,7:02 AM,STAGECOACH RD btwn LAKESHORE DR & OLD PRESCOTT RD (__3ZA2CX),__3ZA2CX,01 - Non intersection,02 - Non-fatal injury,07 - SMV other,01 - Clear,01 - Daylight,01 - Dry,10 - No control,,1,0,0,0,02 - Minor,1,,1,,,377190.2473,5010365.322,45.22952935,-75.57810747,10944
17--6437,6/19/2017,7:24 AM,HOLLAND AVE @ ISLAND PARK DR/N.C.C. DRIVEWAY (0010787),10787,02 - Intersection related,02 - Non-fatal injury,03 - Rear end,01 - Clear,01 - Daylight,01 - Dry,01 - Traffic signal,01 - Functioning,2,0,0,0,02 - Minor,1,,1,,,365425.698,5027917.535,45.38857371,-75.72576716,10945
17--6438,6/19/2017,9:30 PM,MANOTICK STATION RD btwn HERBERTS CORNERS RD & SNAKE ISLAND RD (__3ZA71F),__3ZA71F,01 - Non intersection,03 - P.D. only,07 - SMV other,02 - Rain,07 - Dark,02 - Wet,10 - No control,,1,0,0,0,,0,,,,,376785.3371,5005708.053,45.18766594,-75.5839363,10946
17--6439,6/19/2017,9:48 PM,HIGHWAY 416 btwn HWY416 IC42 RAMP34 & HWY416 IC42 RAMP43 (__3ZA1NA),__3ZA1NA,01 - Non intersection,03 - P.D. only,07 - SMV other,01 - Clear,07 - Dark,01 - Dry,10 - No control,,1,0,0,0,,0,,,,,371369.6633,4995337.528,45.09488373,-75.65422755,10947
17--644,1/15/2017,1:05 PM,RIVERSIDE DR NB btwn INDUSTRIAL AVE & TREMBLAY RD (__3ZA4SE),__3ZA4SE,01 - Non intersection,02 - Non-fatal injury,04 - Sideswipe,01 - Clear,01 - Daylight,01 - Dry,10 - No control,,2,0,0,0,02 - Minor,2,,2,,,370789.6306,5030924.014,45.41514001,-75.65687083,10948
17--6440,6/20/2017,10:10 AM,RUSSELL AVE @ TEMPLETON ST (0007310),7310,03 - At intersection,03 - P.D. only,02 - Angle,01 - Clear,01 - Daylight,01 - Dry,02 - Stop sign,01 - Functioning,2,0,0,0,,0,,,,,369362.3788,5031686.579,45.42213443,-75.67500455,10949
17--6441,6/20/2017,10:27 PM,CASTLEFRANK RD @ KATIMAVIK RD (0003228),3228,03 - At intersection,03 - P.D. only,02 - Angle,01 - Clear,07 - Dark,01 - Dry,01 - Traffic signal,01 - Functioning,2,0,0,0,,0,,,,,351949.4496,5018943.516,45.30886079,-75.89871303,10950
17--6442,6/20/2017,10:41 PM,RIDEAU ST btwn CUMBERLAND ST & KING EDWARD AVE (__3ZBOFX),__3ZBOFX,01 - Non intersection,02 - Non-fatal injury,07 - SMV other,01 - Clear,07 - Dark,01 - Dry,10 - No control,,1,0,0,1,02 - Minor,1,,1,,,368441.0754,5032369.972,45.42836777,-75.68668771,10951
17--6443,6/20/2017,10:44 PM,CENTURY RD S @ MCCORDICK RD S (0003724),3724,03 - At intersection,02 - Non-fatal injury,02 - Angle,01 - Clear,07 - Dark,01 - Dry,02 - Stop sign,01 - Functioning,2,0,0,0,01 - Minimal,1,1,,,,360470.4175,5003121.85,45.16587116,-75.79182532,10952
17--6444,6/20/2017,11:06 AM,MACKENZIE KING BR/WALLER ST @ NICHOLAS ST/WALL (0011251),11251,02 - Intersection related,03 - P.D. only,04 - Sideswipe,01 - Clear,01 - Daylight,01 - Dry,01 - Traffic signal,01 - Functioning,2,0,0,0,,0,,,,,368372.0441,5031992.688,45.42497938,-75.68761852,10953
17--6445,6/20/2017,11:27 PM,FALLOWFIELD RD @ GREENBANK RD (0000549),549,03 - At intersection,03 - P.D. only,02 - Angle,01 - Clear,07 - Dark,01 - Dry,01 - Traffic signal,01 - Functioning,2,0,0,0,,0,,,,,363080.1662,5016732.455,45.28813023,-75.75703608,10954
17--6446,6/20/2017,12:05 AM,HIGHWAY 417 btwn HWY417 IC129 RAMP25 & TRANSIT (__3ZA2SH),__3ZA2SH,01 - Non intersection,02 - Non-fatal injury,03 - Rear end,01 - Clear,07 - Dark,01 - Dry,10 - No control,,2,0,0,0,02 - Minor,1,,1,,,361819.2442,5024581.982,45.35886361,-75.77220534,10955
17--6447,6/20/2017,12:25 PM,MAITLAND AVE/GLENMOUNT AVE @ ERINDALE DR (0002724),2724,02 - Intersection related,03 - P.D. only,04 - Sideswipe,01 - Clear,01 - Daylight,01 - Dry,01 - Traffic signal,01 - Functioning,2,0,0,0,,0,,,,,363698.1874,5025210.836,45.36436663,-75.74814958,10956
17--6448,6/20/2017,12:28 PM,CENTREPOINTE DR @ TALLWOOD DR (0004573),4573,03 - At intersection,02 - Non-fatal injury,02 - Angle,01 - Clear,01 - Daylight,01 - Dry,01 - Traffic signal,01 - Functioning,2,1,0,0,02 - Minor,1,,1,,,362670.3586,5022576.5,45.34074869,-75.7615773,10957
17--6449,6/20/2017,12:58 PM,ST. LAURENT BLVD btwn INDUSTRIAL AVE & BOURASSA ST (__3ZBOFB),__3ZBOFB,01 - Non intersection,02 - Non-fatal injury,07 - SMV other,01 - Clear,01 - Daylight,01 - Dry,10 - No control,,1,0,0,0,01 - Minimal,1,1,,,,373120.1287,5029957.406,45.40621926,-75.62723216,10958
17--645,1/15/2017,1:14 AM,GREENBANK RD btwn JOCKVALE RD & CAMBRIAN RD (__3ZA2WE),__3ZA2WE,01 - Non intersection,03 - P.D. only,07 - SMV other,01 - Clear,07 - Dark,02 - Wet,10 - No control,,1,0,0,0,,0,,,,,364381.715,5013360.836,45.25768326,-75.74084979,10959
17--6450,6/20/2017,2:00 PM,LEWIS ST @ METCALFE ST (0007288),7288,02 - Intersection related,03 - P.D. only,04 - Sideswipe,01 - Clear,01 - Daylight,01 - Dry,02 - Stop sign,01 - Functioning,2,0,0,0,,0,,,,,368120.6973,5030924.389,45.41538999,-75.69096743,10960
17--6451,6/20/2017,2:19 PM,LAURIER AVE   W btwn ELGIN ST & QUEEN ELIZABETH DRWY/LAURIER AVE WB ON (__3ZA35Z),__3ZA35Z,01 - Non intersection,03 - P.D. only,03 - Rear end,01 - Clear,01 - Daylight,01 - Dry,10 - No control,,2,0,0,0,,0,,,,,368054.4535,5031612.284,45.42158543,-75.69172542,10961
17--6452,6/20/2017,2:30 PM,GREENBANK RD @ MALVERN DR/FOXFIELD DR (0009821),9821,03 - At intersection,03 - P.D. only,05 - Turning movement,01 - Clear,01 - Daylight,01 - Dry,01 - Traffic signal,01 - Functioning,2,0,0,0,,0,,,,,363311.6864,5016194.433,45.28326986,-75.75414832,10962
17--6453,6/20/2017,3:00 PM,STILL WATER DR btwn HARROGATE PL & ERSKINE PL (__3ZAA3S),__3ZAA3S,04 - At/near private drive,03 - P.D. only,06 - SMV unattended vehicle,01 - Clear,01 - Daylight,01 - Dry,10 - No control,,1,0,0,0,,0,,,,,357373.0791,5023095.843,45.34583875,-75.82911022,10963
17--6454,6/20/2017,3:30 AM,HIGHWAY 417 btwn Continuation of HIGHWAY 417 & HWY417 IC134 RAMP51 (__3ZA29B),__3ZA29B,01 - Non intersection,03 - P.D. only,07 - SMV other,02 - Rain,07 - Dark,02 - Wet,10 - No control,,1,0,0,0,,0,,,,,355730.327,5021836.956,45.33463236,-75.85020174,10964
17--6455,6/20/2017,3:45 PM,OTTAWA RIVER PKWY WB btwn TUNNEY'S PASTURE/REMIC RAPIDS ENT & PARKDALE (__3ZA24KA),__3ZA24KA,01 - Non intersection,03 - P.D. only,04 - Sideswipe,99 - Other,01 - Daylight,01 - Dry,10 - No control,,2,0,0,0,,0,,,,,363370.8486,5029622.673,45.40409111,-75.75180429,10965
17--6456,6/20/2017,4:18 PM,CARLING AVE @ HOLLAND AVE (0002146),2146,03 - At intersection,03 - P.D. only,02 - Angle,01 - Clear,01 - Daylight,01 - Dry,01 - Traffic signal,01 - Functioning,3,0,0,0,,0,,,,,365417.0332,5028040.553,45.38968135,-75.7258627,10966
17--6457,6/20/2017,5:09 PM,HOLLAND AVE btwn INGLEWOOD PL & CARLING AVE (__3ZA4OM),__3ZA4OM,01 - Non intersection,03 - P.D. only,04 - Sideswipe,01 - Clear,01 - Daylight,01 - Dry,10 - No control,,2,0,0,0,,0,,,,,365361.4291,5028164.406,45.39080056,-75.72655755,10967
17--6458,6/20/2017,5:22 AM,HIGHWAY 417 btwn HWY417 IC142 RAMP51 & HWY417 IC142 RAMP35 (__3ZAZE1),__3ZAZE1,01 - Non intersection,03 - P.D. only,07 - SMV other,02 - Rain,03 - Dawn,02 - Wet,10 - No control,,1,0,0,0,,0,,,,,348743.1964,5017027.457,45.29182741,-75.93976949,10968
17--6459,6/20/2017,5:26 PM,MERIVALE RD @ FAMILY BROWN LANE (0010933),10933,03 - At intersection,02 - Non-fatal injury,05 - Turning movement,01 - Clear,01 - Daylight,01 - Dry,01 - Traffic signal,01 - Functioning,2,0,0,0,02 - Minor,3,,3,,,365005.4,5023386.028,45.34783622,-75.7316864,10969
17--646,1/15/2017,10:12 PM,MONTREAL RD @ BATHGATE DR/BURMA RD (0007650),7650,03 - At intersection,03 - P.D. only,05 - Turning movement,01 - Clear,07 - Dark,01 - Dry,01 - Traffic signal,01 - Functioning,2,0,0,0,,0,,,,,373225.8079,5034517.406,45.44723755,-75.62524879,10970
17--6460,6/20/2017,5:59 AM,BELFAST RD @ ST. LAURENT BLVD (0007658),7658,03 - At intersection,02 - Non-fatal injury,05 - Turning movement,02 - Rain,01 - Daylight,02 - Wet,01 - Traffic signal,01 - Functioning,2,0,0,0,02 - Minor,1,,1,,,372861.0586,5030579.231,45.4118394,-75.63045546,10971
17--6461,6/20/2017,5:59 PM,LAURIER AVE @ WALLER ST/TRANSITWAY (0002020),2020,02 - Intersection related,03 - P.D. only,04 - Sideswipe,01 - Clear,01 - Daylight,01 - Dry,01 - Traffic signal,01 - Functioning,2,0,0,0,,0,,,,,368454.5242,5031858.884,45.42376796,-75.68658191,10972
17--6462,6/20/2017,6:03 PM,WEST HUNT CLUB RD @ WOODROFFE AVE (0000576),576,02 - Intersection related,03 - P.D. only,04 - Sideswipe,01 - Clear,01 - Daylight,01 - Dry,01 - Traffic signal,01 - Functioning,2,0,0,0,,0,,,,,363669.7131,5021246.772,45.32870076,-75.74898485,10973
17--6463,6/20/2017,6:30 PM,MEADOWLANDS DR btwn NE/OT BOUNDARY & FISHER AVE (__3ZA4IT),__3ZA4IT,01 - Non intersection,03 - P.D. only,03 - Rear end,01 - Clear,01 - Daylight,01 - Dry,10 - No control,,3,0,0,0,,0,,,,,366565.3659,5025040.095,45.36258356,-75.71157405,10974
17--6464,6/20/2017,7:10 AM,CARP RD/HWY 417 CARP IC144R63 @ HWY 417 CARP I (0001100),1100,02 - Intersection related,03 - P.D. only,03 - Rear end,02 - Rain,01 - Daylight,02 - Wet,01 - Traffic signal,01 - Functioning,2,0,0,0,,0,,,,,347298.9642,5015926.157,45.28200633,-75.95827546,10975
17--6465,6/20/2017,7:22 AM,EAGLESON RD @ FALLOWFIELD RD (0000118),118,02 - Intersection related,03 - P.D. only,03 - Rear end,02 - Rain,01 - Daylight,02 - Wet,01 - Traffic signal,01 - Functioning,3,0,0,0,,0,,,,,355961.2997,5012593.068,45.2514374,-75.84820856,10976
17--6466,6/20/2017,7:24 AM,DALY AVE btwn COURT HOUSE LANE & WALLER ST (__3ZAZBH),__3ZAZBH,01 - Non intersection,03 - P.D. only,01 - Approaching,01 - Clear,01 - Daylight,02 - Wet,10 - No control,,2,0,0,0,,0,,,,,368319.6861,5032106.657,45.42600959,-75.68827283,10977
17--6467,6/20/2017,7:41 PM,EAGLESON RD @ HAZELDEAN RD/ROBERTSON RD (0002715),2715,02 - Intersection related,02 - Non-fatal injury,03 - Rear end,01 - Clear,01 - Daylight,01 - Dry,01 - Traffic signal,01 - Functioning,3,0,0,0,03 - Major,1,,,1,,353673.9594,5018424.46,45.30407232,-75.87677319,10978
17--6468,6/20/2017,7:44 PM,BASELINE RD @ CENTREPOINTE DR E/HIGHGATE RD (0011468),11468,02 - Intersection related,03 - P.D. only,03 - Rear end,01 - Clear,01 - Daylight,01 - Dry,01 - Traffic signal,01 - Functioning,2,0,0,0,,0,,,,,362060.6833,5023465.505,45.34879794,-75.76925317,10979
17--6469,6/20/2017,8:04 AM,ALPINE AVE btwn HENLEY ST & CLARENDA ST (__3ZABVK),__3ZABVK,01 - Non intersection,03 - P.D. only,06 - SMV unattended vehicle,01 - Clear,01 - Daylight,01 - Dry,10 - No control,,1,0,0,0,,0,,,,,360725.1351,5024369.459,45.35703946,-75.78619352,10980
17--647,1/15/2017,10:48 AM,CARLING AVE @ WOODROFFE AVE W (0011470),11470,02 - Intersection related,03 - P.D. only,03 - Rear end,01 - Clear,01 - Daylight,01 - Dry,01 - Traffic signal,00 - Unknown,2,0,0,0,,0,,,,,361768.6304,5025724.33,45.36914648,-75.77271963,10981
17--6470,6/20/2017,8:06 AM,OGILVIE RD @ BATHGATE DR/CITYPARK DR W (0012430),12430,02 - Intersection related,03 - P.D. only,04 - Sideswipe,02 - Rain,01 - Daylight,02 - Wet,01 - Traffic signal,01 - Functioning,2,0,0,0,,0,,,,,373827.192,5032800.149,45.43172746,-75.61780248,10982
17--6471,6/20/2017,8:07 AM,WALKLEY RD btwn HARDING RD & HALIFAX DR (__3ZA2EK),__3ZA2EK,01 - Non intersection,03 - P.D. only,05 - Turning movement,01 - Clear,01 - Daylight,01 - Dry,10 - No control,,2,0,0,0,,0,,,,,373319.3606,5027711.836,45.38599516,-75.62499923,10983
17--6472,6/20/2017,8:24 AM,POULIN AVE @ RICHMOND RD (0002748),2748,02 - Intersection related,02 - Non-fatal injury,99 - Other,01 - Clear,01 - Daylight,01 - Dry,01 - Traffic signal,01 - Functioning,2,1,0,0,03 - Major,1,,,1,,360325.345,5024899.845,45.36184363,-75.7912363,10984
17--6473,6/20/2017,8:30 AM,KING EDWARD AVE SB btwn GUIGUES AVE & ST. PATRICK ST (__3ZA3XN),__3ZA3XN,01 - Non intersection,03 - P.D. only,03 - Rear end,01 - Clear,01 - Daylight,01 - Dry,10 - No control,,2,0,0,0,,0,,,,,368228.3,5032857.034,45.43276951,-75.6893439,10985
17--6474,6/20/2017,8:35 AM,REGIONAL ROAD 174 btwn OR174 IC105 RAMP16 & OR174 IC105 RAMP26 (__3ZA1PU),__3ZA1PU,01 - Non intersection,03 - P.D. only,03 - Rear end,01 - Clear,01 - Daylight,01 - Dry,10 - No control,,2,0,0,0,,0,,,,,379289.4921,5036973.577,45.46871644,-75.54736929,10986
17--6475,6/20/2017,8:35 AM,BLAIR RD @ INNES RD (0004165),4165,03 - At intersection,03 - P.D. only,04 - Sideswipe,01 - Clear,01 - Daylight,01 - Dry,01 - Traffic signal,01 - Functioning,2,0,0,0,,0,,,,,375578.6978,5031439.67,45.41931157,-75.59561574,10987
17--6476,6/20/2017,8:55 AM,HWY417 IC138 RAMP61 btwn HWY417 IC138 RAMP62 & HIGHWAY 417 (__3ZAYB2),__3ZAYB2,01 - Non intersection,03 - P.D. only,03 - Rear end,01 - Clear,01 - Daylight,01 - Dry,10 - No control,,2,0,0,0,,0,,,,,353378.7057,5020528.43,45.32302476,-75.88033166,10988
17--6477,6/20/2017,9:25 AM,HIGHWAY 417 btwn HWY417 IC134 RAMP25 & HWY417 IC131 RAMP53 (__3ZA2LE),__3ZA2LE,01 - Non intersection,03 - P.D. only,03 - Rear end,01 - Clear,01 - Daylight,01 - Dry,10 - No control,,2,0,0,0,,0,,,,,357276.5551,5022590.068,45.34129499,-75.83039554,10989
17--6478,6/20/2017,9:45 AM,HWY417 IC131 RAMP55 btwn HIGHWAY 417 & HWY416 IC75B RAMP25 (__3ZAYG7),__3ZAYG7,01 - Non intersection,03 - P.D. only,03 - Rear end,01 - Clear,01 - Daylight,01 - Dry,10 - No control,,2,0,0,0,,0,,,,,358429.0824,5022774.218,45.34286482,-75.81567029,10990
17--6479,6/20/2017,9:50 AM,HERON RD @ KALADAR AVE (0006960),6960,02 - Intersection related,03 - P.D. only,03 - Rear end,01 - Clear,01 - Daylight,01 - Dry,01 - Traffic signal,01 - Functioning,2,0,0,0,,0,,,,,369684.7201,5026804.538,45.37817771,-75.67152827,10991
17--648,1/15/2017,11:13 AM,SEYTON DR btwn FLORIZEL AVE & FORESTVIEW CRES (__3ZA43D),__3ZA43D,01 - Non intersection,03 - P.D. only,06 - SMV unattended vehicle,01 - Clear,01 - Daylight,01 - Dry,10 - No control,,1,0,0,0,,0,,,,,356887.3101,5019639.41,45.31477368,-75.83567243,10992
17--6480,6/21/2017,1:42 PM,BYRON AVE @ WAVELL AVE (0011573),11573,03 - At intersection,03 - P.D. only,02 - Angle,01 - Clear,01 - Daylight,01 - Dry,02 - Stop sign,01 - Functioning,2,0,0,0,,0,,,,,362190.4274,5027365.169,45.38387616,-75.76714458,10993
17--6481,6/21/2017,1:59 PM,ST. JOSEPH BLVD/OLD MONTREAL RD @ TRIM RD (0004118),4118,02 - Intersection related,02 - Non-fatal injury,03 - Rear end,01 - Clear,01 - Daylight,01 - Dry,11 - Roundabout,01 - Functioning,2,0,0,0,01 - Minimal,1,1,,,,384676.9523,5039286.532,45.48893084,-75.4781047,10994
17--6482,6/21/2017,11:29 AM,BANK ST @ JOHNSTON RD (0006967),6967,03 - At intersection,02 - Non-fatal injury,05 - Turning movement,01 - Clear,01 - Daylight,01 - Dry,01 - Traffic signal,01 - Functioning,2,0,0,0,02 - Minor,2,,2,,,370852.065,5024838.859,45.36038211,-75.65688762,10995
17--6483,6/21/2017,11:45 PM,LAFONTAINE AVE @ LEVIS AVE (0009978),9978,02 - Intersection related,02 - Non-fatal injury,03 - Rear end,01 - Clear,07 - Dark,01 - Dry,02 - Stop sign,01 - Functioning,2,0,0,0,01 - Minimal,1,1,,,,370922.0438,5033236.92,45.43593805,-75.65486872,10996
17--6484,6/21/2017,Unknown,PRIMROSE AVE btwn PRESTON ST & ROCHESTER ST (__3ZA0W1),__3ZA0W1,01 - Non intersection,03 - P.D. only,06 - SMV unattended vehicle,01 - Clear,00 - Unknown,01 - Dry,10 - No control,,1,0,0,0,,0,,,,,366324.4907,5030397.811,45.41081222,-75.71398063,10997
17--6485,6/21/2017,12:03 PM,BANTREE ST @ INNES RD (0007684),7684,02 - Intersection related,03 - P.D. only,03 - Rear end,01 - Clear,01 - Daylight,01 - Dry,01 - Traffic signal,01 - Functioning,2,0,0,0,,0,,,,,373706.7265,5030407.893,45.41021503,-75.61967648,10998
17--6486,6/21/2017,12:20 PM,BEARBROOK RD/ROCKCLIFFE PKWY @ ST. JOSEPH BLVD (0012382),12382,02 - Intersection related,03 - P.D. only,03 - Rear end,01 - Clear,01 - Daylight,01 - Dry,01 - Traffic signal,01 - Functioning,2,0,0,0,,0,,,,,377128.3999,5035239.592,45.45334236,-75.57525847,10999
17--6487,6/21/2017,12:22 PM,GARFIELD AVE @ MAITLAND AVE (0002031),2031,02 - Intersection related,03 - P.D. only,04 - Sideswipe,01 - Clear,01 - Daylight,01 - Dry,01 - Traffic signal,01 - Functioning,2,0,0,0,,0,,,,,363343.0446,5025562.286,45.36755868,-75.75264104,11000
17--6938,7/3/2017,2:56 PM,CASTLEFRANK RD @ HAZELDEAN RD (0003608),3608,02 - Intersection related,03 - P.D. only,03 - Rear end,01 - Clear,01 - Daylight,01 - Dry,01 - Traffic signal,01 - Functioning,2,0,0,0,,0,,,,,352678.2126,5017676.1,45.29740698,-75.8895422,11001
17--6939,7/3/2017,3:30 PM,GREENBANK RD @ IRIS ST/HWY 417 IC129 RAMP51 (0009073),9073,02 - Intersection related,03 - P.D. only,04 - Sideswipe,01 - Clear,01 - Daylight,01 - Dry,01 - Traffic signal,01 - Functioning,2,0,0,0,,0,,,,,360532.1262,5023311.905,45.34753898,-75.78877602,11002
17--694,1/16/2017,7:25 PM,DALY AVE @ NICHOLAS ST (0011451),11451,03 - At intersection,03 - P.D. only,04 - Sideswipe,01 - Clear,07 - Dark,01 - Dry,01 - Traffic signal,01 - Functioning,2,0,0,0,,0,,,,,368227.701,5032045.217,45.42546513,-75.68945611,11003
17--6940,7/3/2017,5:52 PM,FORESTBROOK ST @ OLD SECOND LINE RD (0013618),13618,03 - At intersection,03 - P.D. only,03 - Rear end,01 - Clear,01 - Daylight,01 - Dry,02 - Stop sign,01 - Functioning,2,0,0,0,,0,,,,,348355.5129,5022892.544,45.34462735,-75.94419608,11004
17--6941,7/3/2017,6:15 PM,LANCASTER RD @ WALKLEY RD (0003130),3130,02 - Intersection related,03 - P.D. only,04 - Sideswipe,01 - Clear,01 - Daylight,01 - Dry,01 - Traffic signal,01 - Functioning,2,0,0,0,,0,,,,,374909.075,5028601.872,45.39384596,-75.6045744,11005
17--6942,7/3/2017,6:55 AM,O'TOOLE RD btwn INNES RD & FRENCH HILL RD (__3ZA6J0),__3ZA6J0,01 - Non intersection,03 - P.D. only,07 - SMV other,01 - Clear,01 - Daylight,01 - Dry,10 - No control,,1,0,0,0,,0,,,,,389199.3011,5038037.77,45.47716371,-75.42047331,11006
17--6943,7/3/2017,7:06 PM,RUSSELL RD @ SOUTHVALE CRES S (0002649),2649,02 - Intersection related,03 - P.D. only,03 - Rear end,01 - Clear,01 - Daylight,01 - Dry,01 - Traffic signal,01 - Functioning,2,0,0,0,,0,,,,,374458.0734,5028632.875,45.39416992,-75.61032946,11007
17--6944,7/3/2017,8:14 PM,ELGIN ST @ SLATER ST (0002228),2228,03 - At intersection,03 - P.D. only,04 - Sideswipe,01 - Clear,01 - Daylight,01 - Dry,01 - Traffic signal,01 - Functioning,2,0,0,0,,0,,,,,367890.1513,5031645.219,45.4218966,-75.69382047,11008
17--6945,7/3/2017,8:50 PM,RIDEAU ST btwn AUGUSTA ST & COBOURG ST (__3ZA3W7),__3ZA3W7,04 - At/near private drive,03 - P.D. only,05 - Turning movement,01 - Clear,05 - Dusk,01 - Dry,10 - No control,,2,0,0,0,,0,,,,,369055.6831,5032742.882,45.43166688,-75.67878537,11009
17--6946,7/3/2017,9:09 AM,HUNT CLUB RD @ BRIDLE PATH DR/DAZE ST (0008214),8214,03 - At intersection,02 - Non-fatal injury,02 - Angle,01 - Clear,01 - Daylight,01 - Dry,01 - Traffic signal,01 - Functioning,2,0,0,0,03 - Major,3,,2,1,,371291.3945,5023864.504,45.35157365,-75.65141153,11010
17--6947,7/3/2017,9:40 PM,LOCKHART AVE @ RICHMOND RD (0009074),9074,03 - At intersection,03 - P.D. only,05 - Turning movement,01 - Clear,07 - Dark,01 - Dry,02 - Stop sign,00 - Unknown,2,0,0,0,,0,,,,,361713.5379,5026843.31,45.37921944,-75.77329395,11011
17--6948,7/4/2017,1:10 PM,OLD MONTREAL RD @ MARKET ST E/PETER HARKNESS L (0004261),4261,03 - At intersection,03 - P.D. only,02 - Angle,01 - Clear,01 - Daylight,01 - Dry,02 - Stop sign,01 - Functioning,2,0,0,0,,0,,,,,390474.4161,5042552.989,45.51763089,-75.40337835,11012
17--6949,7/4/2017,10:35 AM,GLADSTONE AVE @ KENT ST (0002251),2251,03 - At intersection,03 - P.D. only,02 - Angle,01 - Clear,01 - Daylight,01 - Dry,01 - Traffic signal,01 - Functioning,2,0,0,0,,0,,,,,367745.0387,5030458.233,45.41122956,-75.69582618,11013
17--695,1/16/2017,7:33 PM,SMYTH RD E/LANCASTER RD @ ST. LAURENT BLVD N/R (0002256),2256,02 - Intersection related,03 - P.D. only,04 - Sideswipe,01 - Clear,07 - Dark,01 - Dry,01 - Traffic signal,00 - Unknown,2,0,0,0,,0,,,,,373365.1618,5029424.578,45.40140116,-75.62417639,11014
17--6950,7/4/2017,10:40 AM,CENTREPOINTE DR @ MARBLE ARCH CRES N (0000702),702,02 - Intersection related,02 - Non-fatal injury,02 - Angle,01 - Clear,01 - Daylight,01 - Dry,02 - Stop sign,01 - Functioning,2,1,0,0,01 - Minimal,1,1,,,,361796.0129,5022636.826,45.34136309,-75.77272604,11015
17--6951,7/4/2017,10:50 PM,HIGHWAY 417 btwn HWY417 IC138 RAMP61 & HWY417 IC134 RAMP36 (__3ZA20I),__3ZA20I,01 - Non intersection,03 - P.D. only,07 - SMV other,01 - Clear,07 - Dark,01 - Dry,10 - No control,,1,0,0,0,,0,,,,,355621.0544,5021817.05,45.33446117,-75.85159785,11016