Anom_ID,Accident_Date,Accident_Time,Location,Geo_ID,Accident_Location,Classification_of_Accident,Initial_Impact_Type,Environment_Condition,Light,Road_Surface_Condition,Traffic_Control,Traffic_Control_Condition,No__of_Vehicles,No__of_Bicycles,No__of_Motorcycles,No__of_Pedestrians,Max_Injury,No__of_Injuries,No__of_Minimal,No__of_Minor,No__of_Major,No__of_Fatal,X,Y,Latitude,Longitude,ObjectId
17--6952,7/4/2017,10:52 AM,BOURASSA ST @ ST. LAURENT BLVD (0007731),7731,03 - At intersection,03 - P.D. only,05 - Turning movement,01 - Clear,01 - Daylight,01 - Dry,01 - Traffic signal,01 - Functioning,2,0,0,0,,0,,,,,373235.7287,5029693.557,45.40383398,-75.6257922,11017
17--6953,7/4/2017,11:05 AM,BOOTH ST @ MIDDLE ST (0012187),12187,02 - Intersection related,03 - P.D. only,03 - Rear end,01 - Clear,01 - Daylight,01 - Dry,02 - Stop sign,00 - Unknown,3,0,0,0,,0,,,,,366114.3618,5031293.919,45.4188936,-75.71655344,11018
17--6954,7/4/2017,Unknown,VALLIER WAY btwn ASHENVALE WAY & BOISDALE WALK (__7JQ60S),__7JQ60S,01 - Non intersection,03 - P.D. only,06 - SMV unattended vehicle,01 - Clear,00 - Unknown,01 - Dry,10 - No control,,1,0,0,0,,0,,,,,385687.7491,5034726.324,45.44778617,-75.46592587,11019
17--6955,7/4/2017,Unknown,KEHOE ST btwn CASCADES AVE & SALINA ST (__3ZA5XF),__3ZA5XF,01 - Non intersection,03 - P.D. only,06 - SMV unattended vehicle,00 - Unknown,00 - Unknown,01 - Dry,10 - No control,,1,0,0,0,,0,,,,,359624.666,5025397.606,45.36637762,-75.80012435,11020
17--6956,7/4/2017,12:30 PM,HIGHWAY 17 btwn HUNT LINE RD & OLD BARN RD (__3ZA2RM),__3ZA2RM,01 - Non intersection,03 - P.D. only,07 - SMV other,01 - Clear,01 - Daylight,01 - Dry,10 - No control,,1,0,0,0,,0,,,,,325025.2718,5026384.147,45.37710748,-76.24176133,11021
17--6957,7/4/2017,12:34 PM,BANK ST @ HERON RD (0002155),2155,03 - At intersection,02 - Non-fatal injury,02 - Angle,01 - Clear,01 - Daylight,01 - Dry,01 - Traffic signal,01 - Functioning,3,0,0,0,02 - Minor,2,,2,,,369996.0545,5026852.211,45.37857775,-75.66754717,11022
17--6958,7/4/2017,2:47 AM,HIGHWAY 417 btwn HWY417 IC163 RAMP51 & HWY417 IC163 RAMP15 (__34IVFY),__34IVFY,01 - Non intersection,03 - P.D. only,07 - SMV other,01 - Clear,07 - Dark,01 - Dry,10 - No control,,1,0,0,0,,0,,,,,330900.455,5021561.426,45.33351594,-76.16700205,11023
17--6959,7/4/2017,3:15 PM,HIGHWAY 417 btwn HWY417 IC119A RAMP75 & HWY417 IC118 RAMP57 (__3ZA2R2),__3ZA2R2,01 - Non intersection,02 - Non-fatal injury,03 - Rear end,01 - Clear,01 - Daylight,01 - Dry,10 - No control,,4,0,0,0,02 - Minor,2,1,1,,,368956.9278,5030702.34,45.4133159,-75.68031312,11024
17--696,1/16/2017,8:15 AM,COLONEL BY DR @ OTTAWA UNIV. PED. XING (0008861),8861,02 - Intersection related,02 - Non-fatal injury,07 - SMV other,01 - Clear,01 - Daylight,02 - Wet,01 - Traffic signal,00 - Unknown,1,0,0,1,02 - Minor,1,,1,,,368730.611,5031493.322,45.42045359,-75.68310169,11025
17--6960,7/4/2017,3:20 PM,HIGHWAY 417 btwn HWY417 IC118 RAMP35 & HWY417 IC117 RAMP51 (__3ZA2YP),__3ZA2YP,01 - Non intersection,03 - P.D. only,03 - Rear end,01 - Clear,01 - Daylight,01 - Dry,10 - No control,,2,0,0,0,,0,,,,,369843.3896,5031134.141,45.41711925,-75.66893164,11026
17--6961,7/4/2017,3:20 PM,HIGHWAY 417 btwn HWY417 IC119A RAMP75 & HWY417 IC118 RAMP57 (__3ZA2R2),__3ZA2R2,01 - Non intersection,03 - P.D. only,03 - Rear end,01 - Clear,01 - Daylight,01 - Dry,10 - No control,,3,0,0,0,,0,,,,,368923.9077,5030684.56,45.41315895,-75.68073726,11027
17--6962,7/4/2017,3:22 PM,BOOTH ST @ SIR JOHN A. MACDONALD PKWY/WELLINGTON ST (0012252),12252,02 - Intersection related,03 - P.D. only,04 - Sideswipe,01 - Clear,01 - Daylight,01 - Dry,01 - Traffic signal,01 - Functioning,2,0,0,0,,0,,,,,366265.5209,5031005.629,45.41628638,-75.71465814,11028
17--6963,7/4/2017,3:30 PM,CLARIDGE DR btwn BEATRICE DR & SLEAFORD GT (__31EM6X),__31EM6X,01 - Non intersection,03 - P.D. only,99 - Other,01 - Clear,01 - Daylight,01 - Dry,10 - No control,,2,0,0,0,,0,,,,,365192.0278,5016529.085,45.28612202,-75.73014092,11029
17--6964,7/4/2017,4:26 PM,INNES RD @ 240 E OF TENTH LINE RD/HOME DEPOT E (0012919),12919,02 - Intersection related,03 - P.D. only,03 - Rear end,01 - Clear,01 - Daylight,01 - Dry,01 - Traffic signal,01 - Functioning,2,0,0,0,,0,,,,,384169.1133,5036255.751,45.46172066,-75.48509029,11030
17--6965,7/4/2017,4:50 PM,ELGIN ST @ SLATER ST (0002228),2228,02 - Intersection related,03 - P.D. only,04 - Sideswipe,01 - Clear,01 - Daylight,01 - Dry,01 - Traffic signal,01 - Functioning,2,0,0,0,,0,,,,,367890.4842,5031647.506,45.42191715,-75.69381592,11031
17--6966,7/4/2017,4:59 PM,WOODROFFE AVE @ GEORGINA DR/LENESTER AVE (0002351),2351,02 - Intersection related,03 - P.D. only,03 - Rear end,01 - Clear,01 - Daylight,01 - Dry,01 - Traffic signal,01 - Functioning,2,0,0,0,,0,,,,,361908.0144,5025371.857,45.36596362,-75.77098109,11032
17--6967,7/4/2017,5:00 PM,HIGHWAY 417 btwn HWY417 IC124 RAMP57 & HWY417 IC124 RAMP55 (__3ZA2Y1),__3ZA2Y1,01 - Non intersection,03 - P.D. only,03 - Rear end,01 - Clear,01 - Daylight,01 - Dry,10 - No control,,3,0,0,0,,0,,,,,364097.8981,5027070.839,45.38106896,-75.74282431,11033
17--6968,7/4/2017,5:29 PM,BASELINE RD @ 207 E OF CLYDE AVE (0008213),8213,02 - Intersection related,03 - P.D. only,03 - Rear end,01 - Clear,01 - Daylight,01 - Dry,01 - Traffic signal,01 - Functioning,3,0,0,0,,0,,,,,364535.8152,5025001.644,45.36241347,-75.73748328,11034
17--6969,7/4/2017,5:43 PM,BASELINE RD @ GREENBANK RD (0002357),2357,02 - Intersection related,03 - P.D. only,04 - Sideswipe,01 - Clear,01 - Daylight,01 - Dry,01 - Traffic signal,01 - Functioning,2,0,0,0,,0,,,,,360596.3344,5022584.738,45.34099084,-75.78803871,11035
17--697,1/16/2017,8:37 PM,MITCH OWENS RD btwn DOWNEY RD & MANOTICK STATION RD (__3ZA3TK),__3ZA3TK,01 - Non intersection,03 - P.D. only,07 - SMV other,01 - Clear,07 - Dark,01 - Dry,10 - No control,,1,0,0,0,,0,,,,,372664.9247,5012740.076,45.25134757,-75.63540679,11036
17--6970,7/4/2017,5:48 PM,MONTREAL RD @ ST. LAURENT BLVD (0002604),2604,02 - Intersection related,03 - P.D. only,03 - Rear end,01 - Clear,01 - Daylight,01 - Dry,01 - Traffic signal,01 - Functioning,2,0,0,0,,0,,,,,371547.3751,5033817.595,45.44110328,-75.64679827,11037
17--6971,7/4/2017,5:54 AM,TWIN ELM RD btwn BARNSDALE RD & BROPHY DR (__3ZAB96),__3ZAB96,01 - Non intersection,03 - P.D. only,07 - SMV other,01 - Clear,01 - Daylight,01 - Dry,10 - No control,,1,0,0,0,,0,,,,,360877.803,5006099.583,45.19263328,-75.78630876,11038
17--6972,7/4/2017,6:15 PM,CLARE ST @ KIRKWOOD AVE (0006079),6079,02 - Intersection related,03 - P.D. only,03 - Rear end,01 - Clear,01 - Daylight,01 - Dry,01 - Traffic signal,01 - Functioning,2,0,0,0,,0,,,,,364068.2248,5027971.512,45.38917557,-75.74309503,11039
17--6973,7/4/2017,6:20 AM,WELLINGTON ST btwn Continuation of WELLINGTON ST & BAY ST (__3ZA2XU),__3ZA2XU,04 - At/near private drive,02 - Non-fatal injury,05 - Turning movement,01 - Clear,01 - Daylight,01 - Dry,10 - No control,,2,0,1,0,02 - Minor,1,,1,,,366766.8511,5031332.428,45.41918261,-75.70821219,11040
17--6974,7/4/2017,6:20 AM,STRANDHERD BRIDGE (VIMY MEMORIAL BRIDGE) btwn PRINCE OF WALES DR & RIVER RD (e___2H44),e___2H44,07 - Overpass or bridge,03 - P.D. only,04 - Sideswipe,01 - Clear,01 - Daylight,01 - Dry,10 - No control,,2,0,0,0,,0,,,,,367237.7,5014802.235,45.27040522,-75.70428302,11041
17--6975,7/4/2017,6:37 PM,CARLING AVE @ BAYSHORE DR/BIRCHDALE AVE (0000021),21,03 - At intersection,03 - P.D. only,05 - Turning movement,01 - Clear,01 - Daylight,01 - Dry,01 - Traffic signal,01 - Functioning,2,0,0,0,,0,,,,,359005.2055,5023990.612,45.35376567,-75.80818593,11042
17--6976,7/4/2017,7:15 PM,NAVAN RD btwn DIAMOND WAY & TENTH LINE RD (__3ZA3YY),__3ZA3YY,01 - Non intersection,03 - P.D. only,03 - Rear end,01 - Clear,01 - Daylight,01 - Dry,10 - No control,,2,0,0,0,,0,,,,,385564.6502,5031877.167,45.42216632,-75.46796671,11043
17--6977,7/4/2017,8:20 PM,HIGHWAY 417 btwn HWY417 IC163 RAMP16 & HWY417 IC163 RAMP61 (__3ZAZNM),__3ZAZNM,01 - Non intersection,03 - P.D. only,07 - SMV other,01 - Clear,05 - Dusk,01 - Dry,10 - No control,,1,0,0,0,,0,,,,,331612.1856,5021419.856,45.33221518,-76.15792939,11044
17--6978,7/4/2017,9:42 AM,FOURTH LINE RD @ PRINCE OF WALES DR (0011873),11873,03 - At intersection,03 - P.D. only,02 - Angle,01 - Clear,01 - Daylight,01 - Dry,02 - Stop sign,01 - Functioning,2,0,0,0,,0,,,,,366272.9836,4999562.947,45.13336609,-75.71845614,11045
17--6979,7/4/2017,9:45 PM,2ND LINE RD btwn OSGOODE MAIN ST & HUGH CRES (__3ZA7GQ),__3ZA7GQ,01 - Non intersection,03 - P.D. only,07 - SMV other,01 - Clear,07 - Dark,01 - Dry,10 - No control,,1,0,0,0,,0,,,,,376117.4534,5001581.461,45.15060342,-75.59302402,11046
17--698,1/16/2017,8:41 AM,PRINCE OF WALES DR @ STRANDHERD DR (0013339),13339,02 - Intersection related,03 - P.D. only,03 - Rear end,01 - Clear,01 - Daylight,01 - Dry,01 - Traffic signal,01 - Functioning,2,0,0,0,,0,,,,,367175.6658,5014823.619,45.27060314,-75.70507083,11047
17--6980,7/4/2017,9:51 PM,REGIONAL ROAD 174 btwn OR174 IC105 RAMP51 & OR174 IC105 RAMP35 (__3ZA2XC),__3ZA2XC,01 - Non intersection,03 - P.D. only,03 - Rear end,01 - Clear,07 - Dark,01 - Dry,10 - No control,,2,0,0,0,,0,,,,,379320.0869,5036953.98,45.46853686,-75.54698105,11048
17--6981,7/5/2017,1:22 PM,OTTAWA RIVER PKWY @ REMIC RAPIDS ENT/TUNNEY'S  (0011322),11322,02 - Intersection related,03 - P.D. only,03 - Rear end,01 - Clear,01 - Daylight,01 - Dry,01 - Traffic signal,01 - Functioning,2,0,0,0,,0,,,,,364263.2714,5030245.247,45.40961766,-75.74033022,11049
17--6982,7/5/2017,10:15 AM,CHAMPLAIN ST @ PLACE D'ORLEANS DR (0003595),3595,03 - At intersection,03 - P.D. only,02 - Angle,01 - Clear,01 - Daylight,01 - Dry,01 - Traffic signal,01 - Functioning,2,0,0,0,,0,,,,,381597.3407,5038180.734,45.47932748,-75.5176703,11050
17--6983,7/5/2017,10:30 AM,ST. JOSEPH BLVD @ ST. PIERRE ST (0004140),4140,02 - Intersection related,03 - P.D. only,04 - Sideswipe,01 - Clear,01 - Daylight,01 - Dry,02 - Stop sign,01 - Functioning,2,0,0,0,,0,,,,,381375.6575,5037512.516,45.47333976,-75.52060964,11051
17--6984,7/5/2017,10:35 AM,BEARBROOK RD/ROCKCLIFFE PKWY @ ST. JOSEPH BLVD (0012382),12382,03 - At intersection,03 - P.D. only,05 - Turning movement,01 - Clear,01 - Daylight,01 - Dry,01 - Traffic signal,01 - Functioning,2,0,0,0,,0,,,,,377129.7376,5035238.254,45.45333018,-75.57524157,11052
17--6985,7/5/2017,10:48 AM,CARLING AVE @ KIRKWOOD AVE S (0002209),2209,02 - Intersection related,03 - P.D. only,03 - Rear end,01 - Clear,01 - Daylight,01 - Dry,01 - Traffic signal,01 - Functioning,2,0,0,0,,0,,,,,364352.035,5027338.887,45.38345925,-75.73954718,11053
17--6986,7/5/2017,11:32 AM,LYNDA LANE btwn BILLINGS AVE & SMYTH RD (__3ZA9JG),__3ZA9JG,01 - Non intersection,03 - P.D. only,06 - SMV unattended vehicle,01 - Clear,01 - Daylight,01 - Dry,10 - No control,,1,0,0,0,,0,,,,,371581.9565,5029097.903,45.39863425,-75.64699599,11054
17--6987,7/5/2017,11:42 AM,HIGHWAY 417 btwn HWY417 IC117 RAMP51 & HWY417 IC117 RAMP35 (__3ZA2YN),__3ZA2YN,01 - Non intersection,03 - P.D. only,03 - Rear end,01 - Clear,01 - Daylight,01 - Dry,10 - No control,,2,0,0,0,,0,,,,,370702.747,5031170.423,45.41736528,-75.65794784,11055
17--6988,7/5/2017,11:50 AM,TERRY FOX DR @ PALLADIUM DR/KATIMAVIK RD (0011858),11858,02 - Intersection related,03 - P.D. only,03 - Rear end,01 - Clear,01 - Daylight,01 - Dry,01 - Traffic signal,01 - Functioning,2,0,0,0,,0,,,,,351271.2465,5018183.813,45.30206999,-75.90743277,11056
17--6989,7/5/2017,12:15 PM,HWY416 IC66 RAMP53 btwn HIGHWAY 416 & FALLOWFIELD RD (__3ZAY4Z),__3ZAY4Z,01 - Non intersection,03 - P.D. only,07 - SMV other,01 - Clear,01 - Daylight,01 - Dry,10 - No control,,1,0,0,0,,0,,,,,360045.066,5014666.195,45.26978293,-75.79595494,11057
17--699,1/16/2017,8:44 AM,OWL VALLEY DR @ SHORELINE DR (0012355),12355,02 - Intersection related,03 - P.D. only,04 - Sideswipe,01 - Clear,01 - Daylight,01 - Dry,02 - Stop sign,01 - Functioning,2,0,0,0,,0,,,,,368381.0187,5015617.044,45.27763435,-75.68960947,11058
17--6990,7/5/2017,2:09 PM,COVENTRY RD @ JETFORM PARK  STADIUM (0011669),11669,02 - Intersection related,03 - P.D. only,03 - Rear end,01 - Clear,01 - Daylight,01 - Dry,01 - Traffic signal,01 - Functioning,2,0,0,0,,0,,,,,370834.6967,5031671.971,45.42186556,-75.65619486,11059
17--6991,7/5/2017,2:20 PM,CONROY RD @ HUNT CLUB RD (0002257),2257,02 - Intersection related,02 - Non-fatal injury,03 - Rear end,01 - Clear,01 - Daylight,01 - Dry,01 - Traffic signal,01 - Functioning,2,0,0,0,01 - Minimal,1,1,,,,373764.0745,5025403.854,45.3651853,-75.61964315,11060
17--6992,7/5/2017,3:26 PM,ST. JOSEPH BLVD @ JEANNE D'ARC BLVD (0012421),12421,03 - At intersection,03 - P.D. only,02 - Angle,01 - Clear,01 - Daylight,01 - Dry,11 - Roundabout,01 - Functioning,2,0,0,0,,0,,,,,379861.252,5036472.6,45.46414783,-75.54013471,11061
17--6993,7/5/2017,3:30 PM,INNES RD @ 473 E OF PAGE RD/BUILDERS' WAREHOUS (0009781),9781,02 - Intersection related,03 - P.D. only,03 - Rear end,01 - Clear,01 - Daylight,01 - Dry,01 - Traffic signal,01 - Functioning,2,0,0,0,,0,,,,,381302.4585,5034779.412,45.44875755,-75.52197099,11062
17--6994,7/5/2017,3:30 PM,HIGHWAY 417 btwn HWY417 IC119A RAMP75 & HWY417 IC118 RAMP57 (__3ZA2R2),__3ZA2R2,01 - Non intersection,03 - P.D. only,03 - Rear end,01 - Clear,01 - Daylight,01 - Dry,10 - No control,,3,0,0,0,,0,,,,,368933.0482,5030690.716,45.4132135,-75.68061969,11063
17--6995,7/5/2017,3:33 PM,CYRVILLE RD @ INNES RD (0009352),9352,02 - Intersection related,03 - P.D. only,03 - Rear end,01 - Clear,01 - Daylight,01 - Dry,01 - Traffic signal,01 - Functioning,3,0,0,0,,0,,,,,375046.7214,5031118.226,45.41647301,-75.60245812,11064
17--6996,7/5/2017,3:44 PM,FALLOWFIELD RD @ WOODROFFE AVE (0010372),10372,03 - At intersection,02 - Non-fatal injury,05 - Turning movement,01 - Clear,01 - Daylight,01 - Dry,01 - Traffic signal,01 - Functioning,2,1,0,0,01 - Minimal,1,1,,,,365086.4259,5017902.871,45.29849235,-75.73132,11065
17--6997,7/5/2017,3:50 PM,RICHMOND RD btwn MCRAE AVE & CLIFTON RD (__3ZA4OB),__3ZA4OB,01 - Non intersection,02 - Non-fatal injury,04 - Sideswipe,01 - Clear,01 - Daylight,01 - Dry,10 - No control,,2,0,1,0,02 - Minor,1,,1,,,363652.4074,5028564.158,45.39454316,-75.74833422,11066
17--6998,7/5/2017,3:50 PM,BELFAST RD @ ST. LAURENT BLVD (0007658),7658,03 - At intersection,02 - Non-fatal injury,05 - Turning movement,01 - Clear,01 - Daylight,01 - Dry,01 - Traffic signal,01 - Functioning,2,0,0,0,02 - Minor,2,,2,,,372861.7274,5030577.224,45.41182127,-75.6304472,11067
17--6999,7/5/2017,3:50 PM,PRINCE OF WALES DR btwn MELFA CRES & NORMANDY CRES (__3ZA36S),__3ZA36S,01 - Non intersection,03 - P.D. only,03 - Rear end,01 - Clear,01 - Daylight,01 - Dry,10 - No control,,2,0,0,0,,0,,,,,367418.0549,5025313.682,45.36496959,-75.70065599,11068
17--70,1/3/2017,5:32 PM,HINCKS LANE @ RIVERSIDE DR (0011354),11354,02 - Intersection related,03 - P.D. only,03 - Rear end,04 - Freezing Rain,05 - Dusk,06 - Ice,01 - Traffic signal,00 - Unknown,2,0,0,0,,0,,,,,370166.808,5030206.034,45.40873836,-75.6649228,11069
17--700,1/16/2017,9:00 AM,RIVERSIDE DR @ BROOKFIELD RD/HOG'S BACK RD (0001627),1627,02 - Intersection related,03 - P.D. only,03 - Rear end,01 - Clear,01 - Daylight,01 - Dry,01 - Traffic signal,01 - Functioning,2,0,0,0,,0,,,,,368165.9943,5026220.805,45.37306443,-75.69099285,11070
17--7000,7/5/2017,3:51 PM,KING EDWARD AVE NB btwn UNION ST & MACDONALD-CARTIER BR RAMP NB-3 (__7TR607),__7TR607,07 - Overpass or bridge,02 - Non-fatal injury,03 - Rear end,01 - Clear,01 - Daylight,01 - Dry,10 - No control,,2,0,0,0,02 - Minor,2,,2,,,367994.9428,5033289.282,45.43667985,-75.69227058,11071
17--7001,7/5/2017,4:06 PM,MEADOWLANDS DR btwn PRINCE OF WALES DR & DEBRA AVE (__3ZA3GTB),__3ZA3GTB,04 - At/near private drive,03 - P.D. only,02 - Angle,01 - Clear,01 - Daylight,01 - Dry,10 - No control,,2,0,0,0,,0,,,,,367348.2422,5025679.73,45.36826944,-75.70150075,11072
17--7002,7/5/2017,4:10 PM,BANK ST btwn WHITE ALDER AVE & FINDLAY CREEK DR (__49P5F2),__49P5F2,01 - Non intersection,03 - P.D. only,04 - Sideswipe,01 - Clear,01 - Daylight,01 - Dry,10 - No control,,2,0,0,0,,0,,,,,375742.2315,5020703.121,45.32269277,-75.59506837,11073
17--7003,7/5/2017,4:15 PM,ST. LAURENT BLVD btwn SHORE ST & BELFAST RD (__3ZA2GU),__3ZA2GU,01 - Non intersection,02 - Non-fatal injury,03 - Rear end,01 - Clear,01 - Daylight,01 - Dry,10 - No control,,2,0,0,0,01 - Minimal,1,1,,,,372827.6137,5030660.836,45.41257689,-75.63087144,11074
17--7004,7/5/2017,4:15 PM,HIGHWAY 417 btwn HWY417 IC122 RAMP15 & HWY417 IC121B RAMP51 (__3ZA2RB),__3ZA2RB,01 - Non intersection,02 - Non-fatal injury,03 - Rear end,01 - Clear,01 - Daylight,01 - Dry,10 - No control,,2,0,0,0,02 - Minor,1,,1,,,366460.3003,5029480.721,45.40254854,-75.71236043,11075
17--7005,7/5/2017,4:20 PM,CHARLOTTE ST @ RIDEAU ST (0002622),2622,02 - Intersection related,03 - P.D. only,03 - Rear end,01 - Clear,01 - Daylight,01 - Dry,01 - Traffic signal,01 - Functioning,2,0,0,0,,0,,,,,369249.1075,5032858.69,45.43269108,-75.67629842,11076
17--7006,7/5/2017,4:37 PM,QUEEN ELIZABETH DRWY btwn LAKESIDE AVE & LAKEVIEW TER (__3ZA2L0),__3ZA2L0,01 - Non intersection,02 - Non-fatal injury,07 - SMV other,01 - Clear,01 - Daylight,01 - Dry,10 - No control,,1,0,0,0,02 - Minor,1,,1,,,367632.3984,5028558.413,45.39414566,-75.69750717,11077
17--7007,7/5/2017,4:40 PM,FRANK KENNY RD E @ INNES RD (0004625),4625,03 - At intersection,03 - P.D. only,07 - SMV other,01 - Clear,01 - Daylight,01 - Dry,02 - Stop sign,01 - Functioning,1,0,0,0,,0,,,,,387870.3456,5037734.72,45.47459656,-75.43751987,11078
17--7008,7/5/2017,4:45 PM,ISLAND PARK DR @ SUNNYMEDE AVE (0006460),6460,02 - Intersection related,02 - Non-fatal injury,05 - Turning movement,01 - Clear,01 - Daylight,01 - Dry,02 - Stop sign,01 - Functioning,2,1,0,0,02 - Minor,1,,1,,,363665.3277,5029251.521,45.40072685,-75.74808719,11079
17--7009,7/5/2017,5:00 PM,WELLINGTON ST btwn BAY ST & LYON ST N (__5D2JK9),__5D2JK9,01 - Non intersection,03 - P.D. only,03 - Rear end,01 - Clear,01 - Daylight,01 - Dry,10 - No control,,3,0,0,0,,0,,,,,366912.1941,5031410.781,45.41987472,-75.70634535,11080
17--701,1/16/2017,9:15 PM,ST. LAURENT BLVD @ COVENTRY RD/OGILVIE RD (0002151),2151,02 - Intersection related,03 - P.D. only,03 - Rear end,01 - Clear,07 - Dark,01 - Dry,01 - Traffic signal,01 - Functioning,2,0,0,0,,0,,,,,372304.602,5031951.737,45.42424248,-75.63737588,11081
17--7010,7/5/2017,5:00 PM,HIGHWAY 417 btwn HWY417 IC117 RAMP51 & HWY417 IC117 RAMP35 (__3ZA2YN),__3ZA2YN,01 - Non intersection,03 - P.D. only,03 - Rear end,01 - Clear,01 - Daylight,01 - Dry,10 - No control,,2,0,0,0,,0,,,,,370663.4267,5031164.851,45.41731885,-75.65845094,11082
17--7011,7/5/2017,5:15 PM,BANK ST btwn SUNNYSIDE AVE & HOPEWELL AVE (__3ZA3N4),__3ZA3N4,01 - Non intersection,02 - Non-fatal injury,04 - Sideswipe,01 - Clear,01 - Daylight,01 - Dry,10 - No control,,2,1,0,0,01 - Minimal,1,1,,,,368753.1034,5028544.091,45.39391534,-75.68319688,11083
17--7012,7/5/2017,5:24 PM,MERSEY DR btwn FLAMBOROUGH WAY & WESTMORELAND AVE (__3ZAZ2A),__3ZAZ2A,04 - At/near private drive,03 - P.D. only,06 - SMV unattended vehicle,01 - Clear,01 - Daylight,01 - Dry,10 - No control,,1,0,0,0,,0,,,,,349202.2383,5023806.349,45.3527969,-75.93330966,11084
17--7013,7/5/2017,5:29 PM,DONALD ST btwn 48 E  PAUL EMILE LAMARCHE & AVE. PAUL EMILE LAMARCHE AVE (__3ZA81SA),__3ZA81SA,04 - At/near private drive,03 - P.D. only,03 - Rear end,01 - Clear,01 - Daylight,01 - Dry,10 - No control,,2,0,0,0,,0,,,,,371383.2483,5032388.283,45.42825863,-75.6490893,11085
17--7014,7/5/2017,5:47 PM,HIGHWAY 417 btwn HWY417 IC117 RAMP51 & HWY417 IC117 RAMP35 (__3ZA2YN),__3ZA2YN,01 - Non intersection,02 - Non-fatal injury,03 - Rear end,01 - Clear,01 - Daylight,01 - Dry,10 - No control,,2,0,1,0,02 - Minor,1,,1,,,370709.1468,5031170.777,45.41736787,-75.65786603,11086
17--7015,7/5/2017,6:37 PM,WALKLEY RD btwn HEATHERINGTON RD & 152 E OF HEATHERINGTON RD (__3ZA2LVA),__3ZA2LVA,04 - At/near private drive,03 - P.D. only,02 - Angle,01 - Clear,01 - Daylight,01 - Dry,10 - No control,,2,0,0,0,,0,,,,,371835.9556,5026836.193,45.37826,-75.64405925,11087
17--7016,7/5/2017,7:03 PM,HOWIE RD btwn MARCH RD & JIULIA LAKE PRIV (__5HKKRT),__5HKKRT,01 - Non intersection,03 - P.D. only,07 - SMV other,01 - Clear,01 - Daylight,01 - Dry,10 - No control,,1,0,0,0,,0,,,,,337636.9912,5016525.555,45.28791778,-76.08139095,11088
17--7017,7/5/2017,7:17 AM,HIGHWAY 417 btwn HWY417 IC115 RAMP61 & REGIONAL ROAD 174 (__3ZA2XG),__3ZA2XG,01 - Non intersection,03 - P.D. only,03 - Rear end,01 - Clear,01 - Daylight,01 - Dry,10 - No control,,2,0,0,0,,0,,,,,373216.2835,5031704.104,45.42192582,-75.62576149,11089
17--7018,7/5/2017,7:39 AM,BAYCREST DR @ WALKLEY RD (0006958),6958,02 - Intersection related,02 - Non-fatal injury,03 - Rear end,01 - Clear,01 - Daylight,01 - Dry,01 - Traffic signal,01 - Functioning,2,0,0,0,02 - Minor,1,,1,,,371421.2211,5026590.527,45.37608915,-75.64938729,11090
17--7019,7/5/2017,7:47 PM,BANK ST @ RIDEAU RD (0009263),9263,03 - At intersection,01 - Fatal injury,05 - Turning movement,01 - Clear,01 - Daylight,01 - Dry,01 - Traffic signal,01 - Functioning,2,0,1,0,04 - Fatal,1,,,,1,376954.7527,5017844.473,45.29684829,-75.58001979,11091
17--702,1/16/2017,9:16 AM,CHANONHOUSE DR @ DALLAIRE CRES N (0000377),377,02 - Intersection related,03 - P.D. only,04 - Sideswipe,01 - Clear,01 - Daylight,01 - Dry,02 - Stop sign,00 - Unknown,2,0,0,0,,0,,,,,357787.9877,5006082.873,45.19272187,-75.8256312,11092
17--7020,7/5/2017,7:50 AM,COLONEL BY DR btwn RIDEAU ST & MACKENZIE AVE (__3ZA8JW),__3ZA8JW,04 - At/near private drive,03 - P.D. only,04 - Sideswipe,01 - Clear,01 - Daylight,01 - Dry,10 - No control,,2,0,0,0,,0,,,,,367962.8151,5031977.235,45.42487742,-75.69284947,11093
17--7021,7/5/2017,8:00 AM,KING EDWARD AVE @ STEWART ST (0007754),7754,03 - At intersection,03 - P.D. only,05 - Turning movement,01 - Clear,01 - Daylight,01 - Dry,01 - Traffic signal,01 - Functioning,2,0,1,0,,0,,,,,368633.7111,5032204.241,45.42685903,-75.68424762,11094
17--7022,7/5/2017,8:04 PM,CARP RD @ WESTBROOK RD (0001681),1681,02 - Intersection related,02 - Non-fatal injury,03 - Rear end,01 - Clear,01 - Daylight,01 - Dry,01 - Traffic signal,01 - Functioning,4,0,0,0,01 - Minimal,1,1,,,,347738.5684,5015443.11,45.27763298,-75.95271397,11095
17--7023,7/5/2017,8:09 AM,ALBERT ST @ BANK ST (0002115),2115,02 - Intersection related,02 - Non-fatal injury,04 - Sideswipe,01 - Clear,01 - Daylight,01 - Dry,01 - Traffic signal,01 - Functioning,2,1,0,0,01 - Minimal,1,1,,,,367385.3936,5031423.007,45.41994255,-75.70029796,11096
17--7024,7/5/2017,8:20 PM,HAIG DR @ SMYTH RD (0007736),7736,03 - At intersection,02 - Non-fatal injury,05 - Turning movement,01 - Clear,01 - Daylight,01 - Dry,01 - Traffic signal,01 - Functioning,2,0,1,0,02 - Minor,1,,1,,,372564.3905,5029299.217,45.40035119,-75.63442116,11097
17--7025,7/5/2017,8:31 AM,MARKETPLACE AVE btwn GREENBANK RD & TRANSITWAY SOUTHWEST (__4LZBJR),__4LZBJR,04 - At/near private drive,02 - Non-fatal injury,02 - Angle,01 - Clear,01 - Daylight,01 - Dry,10 - No control,,2,0,0,0,01 - Minimal,2,2,,,,364099.2515,5014653.903,45.26934217,-75.74429408,11098