Anom_ID,Accident_Date,Accident_Time,Location,Geo_ID,Accident_Location,Classification_of_Accident,Initial_Impact_Type,Environment_Condition,Light,Road_Surface_Condition,Traffic_Control,Traffic_Control_Condition,No__of_Vehicles,No__of_Bicycles,No__of_Motorcycles,No__of_Pedestrians,Max_Injury,No__of_Injuries,No__of_Minimal,No__of_Minor,No__of_Major,No__of_Fatal,X,Y,Latitude,Longitude,ObjectId
17--7026,7/5/2017,8:32 AM,RICHMOND RD @ WEST HUNT CLUB RD (0000598),598,03 - At intersection,03 - P.D. only,05 - Turning movement,01 - Clear,01 - Daylight,01 - Dry,01 - Traffic signal,01 - Functioning,2,0,0,0,,0,,,,,357145.1378,5018151.443,45.30136559,-75.83254145,11099
17--7027,7/5/2017,8:49 PM,REGIONAL ROAD 174 EB btwn OR174 IC109 RAMP55 & TRANSIT (__3ZA28V),__3ZA28V,01 - Non intersection,03 - P.D. only,03 - Rear end,01 - Clear,05 - Dusk,01 - Dry,10 - No control,,2,0,0,0,,0,,,,,376571.5499,5035208.759,45.45312236,-75.58238155,11100
17--7028,7/5/2017,8:56 AM,PARKDALE AVE @ SCOTT ST (0002213),2213,03 - At intersection,03 - P.D. only,03 - Rear end,01 - Clear,01 - Daylight,01 - Dry,01 - Traffic signal,01 - Functioning,2,0,0,0,,0,,,,,364948.7003,5029726.56,45.40489206,-75.73163763,11101
17--7029,7/5/2017,8:58 AM,RIVERSIDE DR NB btwn SAN REMO PRIV & INDUSTRIAL AVE (__3ZAZ0A),__3ZAZ0A,01 - Non intersection,03 - P.D. only,04 - Sideswipe,01 - Clear,01 - Daylight,01 - Dry,10 - No control,,2,0,0,0,,0,,,,,370470.4597,5030400.109,45.41045614,-75.66101814,11102
17--703,1/16/2017,9:50 AM,MEADOWLANDS DR/TALLWOOD DR @ WOODROFFE AVE (0000095),95,02 - Intersection related,03 - P.D. only,03 - Rear end,01 - Clear,01 - Daylight,01 - Dry,01 - Traffic signal,01 - Functioning,3,0,0,0,,0,,,,,363056.6621,5022729.816,45.34209625,-75.75663045,11103
17--7030,7/5/2017,9:18 AM,STITTSVILLE MAIN ST @ MULKINS ST S/WINTERGREEN (0009338),9338,03 - At intersection,03 - P.D. only,02 - Angle,01 - Clear,01 - Daylight,01 - Dry,01 - Traffic signal,01 - Functioning,2,0,0,0,,0,,,,,350005.1072,5013640.707,45.26127226,-75.92399064,11104
17--7031,7/6/2017,1:20 PM,BRONSON AVE @ CARLING AVE/GLEBE AVE (0002134),2134,02 - Intersection related,03 - P.D. only,04 - Sideswipe,01 - Clear,01 - Daylight,01 - Dry,01 - Traffic signal,01 - Functioning,2,0,0,0,,0,,,,,367447.707,5029334.915,45.40114895,-75.69976719,11105
17--7032,7/6/2017,10:10 AM,AGES DR btwn SWANSEA CRES & LEGACY RD (__3ZAZ6A),__3ZAZ6A,01 - Non intersection,02 - Non-fatal injury,07 - SMV other,01 - Clear,01 - Daylight,01 - Dry,10 - No control,,1,0,1,0,02 - Minor,1,,1,,,374195.1449,5027360.31,45.38274608,-75.61386611,11106
17--7033,7/6/2017,10:12 PM,KENT ST @ SOMERSET ST (0008857),8857,03 - At intersection,02 - Non-fatal injury,07 - SMV other,01 - Clear,07 - Dark,01 - Dry,01 - Traffic signal,01 - Functioning,1,0,0,1,01 - Minimal,1,1,,,,367527.7045,5030816.903,45.41447627,-75.69855688,11107
17--7034,7/6/2017,10:15 AM,CYRVILLE RD @ STAR TOP RD (0004210),4210,02 - Intersection related,03 - P.D. only,03 - Rear end,01 - Clear,01 - Daylight,01 - Dry,01 - Traffic signal,01 - Functioning,2,0,0,0,,0,,,,,373830.7317,5031518.563,45.42019606,-75.61793686,11108
17--7035,7/6/2017,10:16 AM,SOMERSET ST    W btwn BRONSON AVE & PERCY ST (__3ZA33M),__3ZA33M,01 - Non intersection,03 - P.D. only,04 - Sideswipe,01 - Clear,01 - Daylight,01 - Dry,10 - No control,,2,1,0,0,,0,,,,,366988.0974,5030489.281,45.41157659,-75.70549186,11109
17--7036,7/6/2017,10:23 AM,AGES DR btwn SWANSEA CRES & LEGACY RD (__3ZAZ6A),__3ZAZ6A,01 - Non intersection,03 - P.D. only,04 - Sideswipe,01 - Clear,01 - Daylight,01 - Dry,10 - No control,,2,0,0,0,,0,,,,,374170.3345,5027322.588,45.38240913,-75.61418819,11110
17--7037,7/6/2017,10:25 AM,GREENBANK RD btwn GREENBANK SQUARE SC & GIBBARD AVE (__3ZA4YOB),__3ZA4YOB,04 - At/near private drive,02 - Non-fatal injury,05 - Turning movement,01 - Clear,01 - Daylight,01 - Dry,10 - No control,,2,0,0,0,01 - Minimal,1,1,,,,361405.0951,5020676.392,45.32375478,-75.77793799,11111
17--7038,7/6/2017,10:51 AM,METCALFE ST btwn QUEEN ST & ALBERT ST (__3ZA1XP),__3ZA1XP,04 - At/near private drive,03 - P.D. only,02 - Angle,01 - Clear,01 - Daylight,01 - Dry,10 - No control,,2,0,0,0,,0,,,,,367684.6771,5031625.622,45.42173878,-75.6964483,11112
17--7039,7/6/2017,11:10 AM,RICHMOND RD @ ROBERTSON RD (0000639),639,02 - Intersection related,02 - Non-fatal injury,02 - Angle,01 - Clear,01 - Daylight,01 - Dry,01 - Traffic signal,01 - Functioning,2,1,0,0,02 - Minor,1,,1,,,357578.0547,5020749.024,45.32470651,-75.82674496,11113
17--704,1/17/2017,1:00 AM,HIGHWAY 417 btwn HWY 417 ANDERSON IC104R61 & HWY 417 BOUNDARY IC96R16 (__3ZA2W5),__3ZA2W5,01 - Non intersection,03 - P.D. only,07 - SMV other,01 - Clear,07 - Dark,01 - Dry,10 - No control,,1,0,0,0,,0,,,,,381571.9175,5025622.118,45.36633744,-75.51995259,11114
17--7040,7/6/2017,11:30 PM,MARCHURST RD btwn MURPHY SIDE RD & RIDGESIDE FARM DR (__5RG6WZ),__5RG6WZ,01 - Non intersection,03 - P.D. only,07 - SMV other,01 - Clear,07 - Dark,01 - Dry,10 - No control,,1,0,0,0,,0,,,,,344077.1202,5025523.344,45.36855274,-75.99858062,11115
17--7041,7/6/2017,11:45 AM,HIGHWAY 417 btwn HWY417 IC118 RAMP67 & HWY417 IC117 RAMP36 (__3ZA2YO),__3ZA2YO,01 - Non intersection,03 - P.D. only,04 - Sideswipe,01 - Clear,01 - Daylight,01 - Dry,10 - No control,,2,0,0,0,,0,,,,,369820.9787,5031154.241,45.41730218,-75.6692153,11116
17--7042,7/6/2017,12:15 PM,ST. JOSEPH BLVD btwn JEANNE D'ARC BLVD S & NOTRE DAME ST (__3ZA2BU),__3ZA2BU,04 - At/near private drive,03 - P.D. only,02 - Angle,01 - Clear,01 - Daylight,01 - Dry,10 - No control,,2,0,0,0,,0,,,,,379982.1472,5036549.842,45.46482979,-75.53857714,11117
17--7043,7/6/2017,12:29 PM,CARLING AVE WB btwn SHERWOOD DR & LORETTA AVE S (__3ZA4UX),__3ZA4UX,01 - Non intersection,03 - P.D. only,04 - Sideswipe,01 - Clear,01 - Daylight,01 - Dry,10 - No control,,2,0,0,0,,0,,,,,366535.2969,5028749.598,45.39596348,-75.71149403,11118
17--7044,7/6/2017,2:32 PM,HAZELDEAN RD btwn GO/KA BOUNDARY & KINCARDINE DR (__3ZA1CZ),__3ZA1CZ,01 - Non intersection,03 - P.D. only,04 - Sideswipe,01 - Clear,01 - Daylight,01 - Dry,10 - No control,,2,0,0,0,,0,,,,,351589.8362,5016669.384,45.2884216,-75.90351345,11119
17--7045,7/6/2017,3:04 PM,CYR AVE @ MONTREAL RD (0009803),9803,03 - At intersection,02 - Non-fatal injury,05 - Turning movement,01 - Clear,01 - Daylight,01 - Dry,02 - Stop sign,00 - Unknown,2,0,0,0,03 - Major,4,3,,1,,370220.375,5033149.259,45.43521531,-75.6638477,11120
17--7046,7/6/2017,3:16 PM,COPE DR @ TERRY FOX (0009143),9143,03 - At intersection,03 - P.D. only,03 - Rear end,01 - Clear,01 - Daylight,01 - Dry,01 - Traffic signal,01 - Functioning,2,0,0,0,,0,,,,,353996.0671,5015345.007,45.27634022,-75.87297141,11121
17--7047,7/6/2017,3:50 PM,BLAIR RD btwn SEGUIN ST & MOWAT ST (__3ZBOGF),__3ZBOGF,01 - Non intersection,03 - P.D. only,03 - Rear end,01 - Clear,01 - Daylight,01 - Dry,10 - No control,,2,0,0,0,,0,,,,,374162.8142,5034078.345,45.44319476,-75.61333348,11122
17--7048,7/6/2017,3:58 PM,FRANK KENNY RD btwn JONQUILLE WAY & WILHAVEN DR (__3ZA5CI),__3ZA5CI,01 - Non intersection,02 - Non-fatal injury,07 - SMV other,01 - Clear,01 - Daylight,01 - Dry,10 - No control,,1,0,0,0,03 - Major,1,,,1,,386865.9336,5040107.715,45.49606503,-75.44996763,11123
17--7049,7/6/2017,4:09 PM,HIGHWAY 417 btwn HWY417 IC126 RAMP61 & HWY417 IC124 RAMP76 (__3ZA2Y2),__3ZA2Y2,01 - Non intersection,03 - P.D. only,03 - Rear end,01 - Clear,01 - Daylight,01 - Dry,10 - No control,,2,0,0,0,,0,,,,,363670.8591,5026530.638,45.37624432,-75.74834111,11124
17--705,1/17/2017,10:15 PM,HIGHWAY 417 btwn HWY417 IC121B RAMP16 & HWY417 IC121A RAMP16 (__3ZA2YX),__3ZA2YX,01 - Non intersection,03 - P.D. only,03 - Rear end,03 - Snow,07 - Dark,03 - Loose snow,10 - No control,,2,0,0,0,,0,,,,,366661.1341,5029558.017,45.40322631,-75.70978555,11125
17--7050,7/6/2017,4:10 PM,MONTREAL RD btwn ST. LAURENT BLVD & HILLSIDE DR (__3ZA1MC),__3ZA1MC,04 - At/near private drive,03 - P.D. only,02 - Angle,01 - Clear,01 - Daylight,01 - Dry,10 - No control,,2,0,0,0,,0,,,,,371614.9337,5033852.377,45.44140978,-75.64593007,11126
17--7051,7/6/2017,4:10 PM,HIGHWAY 417 btwn HWY417 IC126 RAMP16 & HWY417 IC126 RAMP61 (__3ZA2RC),__3ZA2RC,01 - Non intersection,02 - Non-fatal injury,03 - Rear end,01 - Clear,01 - Daylight,01 - Dry,10 - No control,,2,0,0,0,01 - Minimal,1,1,,,,363100.6279,5025785.993,45.36959178,-75.75570906,11127
17--7052,7/6/2017,4:25 PM,CONROY RD @ WALKLEY RD (0002648),2648,02 - Intersection related,03 - P.D. only,03 - Rear end,01 - Clear,01 - Daylight,01 - Dry,01 - Traffic signal,01 - Functioning,2,0,0,0,,0,,,,,372904.0571,5027464.2,45.38380754,-75.63033626,11128
17--7053,7/6/2017,4:30 PM,GEORGE ST @ DALHOUSIE ST (0008516),8516,02 - Intersection related,03 - P.D. only,03 - Rear end,01 - Clear,01 - Daylight,01 - Dry,01 - Traffic signal,01 - Functioning,2,0,0,0,,0,,,,,368157.8528,5032314.654,45.42789576,-75.69031396,11129
17--7054,7/6/2017,4:54 PM,CARLING AVE @ KIRKWOOD AVE N (0002358),2358,03 - At intersection,03 - P.D. only,05 - Turning movement,01 - Clear,01 - Daylight,01 - Dry,01 - Traffic signal,01 - Functioning,2,0,0,0,,0,,,,,364275.7808,5027492.064,45.38484399,-75.74050237,11130
17--7055,7/6/2017,5:14 PM,WALKLEY RD @ GLENHAVEN PRIV (0011424),11424,02 - Intersection related,03 - P.D. only,03 - Rear end,01 - Clear,01 - Daylight,01 - Dry,01 - Traffic signal,01 - Functioning,2,0,0,0,,0,,,,,370213.3297,5025873.672,45.36975292,-75.6649028,11131
17--7056,7/6/2017,5:15 AM,HIGHWAY 417 btwn HWY417 IC96 RAMP61 & HIGHWAY 417 (__3ZA271),__3ZA271,01 - Non intersection,02 - Non-fatal injury,07 - SMV other,01 - Clear,03 - Dawn,01 - Dry,10 - No control,,1,0,0,0,01 - Minimal,1,1,,,,387561.0983,5023852.447,45.34973392,-75.44380537,11132
17--7057,7/6/2017,6:14 PM,HOLLAND AVE btwn INGLEWOOD PL & CARLING AVE (__3ZA4OM),__3ZA4OM,01 - Non intersection,03 - P.D. only,03 - Rear end,01 - Clear,01 - Daylight,01 - Dry,10 - No control,,2,0,0,0,,0,,,,,365390.2773,5028100.085,45.39021932,-75.72619705,11133
17--7058,7/6/2017,6:34 PM,WOODCLIFFE PRIV @ JEANNE D'ARC BLVD (0012420),12420,03 - At intersection,02 - Non-fatal injury,02 - Angle,01 - Clear,01 - Daylight,01 - Dry,02 - Stop sign,00 - Unknown,2,1,0,0,02 - Minor,1,,1,,,380108.1134,5036225.87,45.46190138,-75.53701615,11134
17--7059,7/6/2017,6:42 PM,CARLING AVE/STATION RD @ MARCH RD (0002681),2681,03 - At intersection,03 - P.D. only,02 - Angle,01 - Clear,01 - Daylight,01 - Dry,01 - Traffic signal,01 - Functioning,2,0,0,0,,0,,,,,350903.3962,5022249.2,45.33867557,-75.91174464,11135
17--706,1/17/2017,10:34 AM,BANTREE ST @ INNES RD (0007684),7684,03 - At intersection,03 - P.D. only,05 - Turning movement,01 - Clear,01 - Daylight,01 - Dry,01 - Traffic signal,01 - Functioning,2,0,0,0,,0,,,,,373705.7232,5030405.199,45.41019089,-75.61968967,11136
17--7060,7/6/2017,7:35 AM,CAMPEAU DR/HWY 417 MARCH IC138R63 @ MARCH RD (0009710),9710,02 - Intersection related,02 - Non-fatal injury,04 - Sideswipe,01 - Clear,01 - Daylight,01 - Dry,01 - Traffic signal,01 - Functioning,2,0,0,0,02 - Minor,1,,1,,,352841.6222,5020476.408,45.32259361,-75.88718733,11137
17--7061,7/6/2017,7:38 AM,KANATA AVE btwn EARL GREY DR & MARITIME WAY (__3ZBPN5),__3ZBPN5,01 - Non intersection,03 - P.D. only,03 - Rear end,01 - Clear,01 - Daylight,01 - Dry,10 - No control,,2,0,0,0,,0,,,,,351186.3842,5019309.475,45.3122046,-75.90840946,11138
17--7062,7/6/2017,7:50 AM,HIGHWAY 417 btwn HWY417 IC138 RAMP61 & HWY417 IC134 RAMP36 (__3ZA20I),__3ZA20I,01 - Non intersection,02 - Non-fatal injury,03 - Rear end,01 - Clear,01 - Daylight,01 - Dry,10 - No control,,4,0,0,0,01 - Minimal,4,4,,,,355610.5675,5021822.192,45.33450819,-75.85173111,11139
17--7063,7/6/2017,8:04 PM,GLADSTONE AVE @ KENT ST (0002251),2251,02 - Intersection related,03 - P.D. only,03 - Rear end,01 - Clear,01 - Daylight,01 - Dry,01 - Traffic signal,01 - Functioning,2,0,0,0,,0,,,,,367743.7009,5030460.239,45.41124773,-75.69584301,11140
17--7064,7/6/2017,8:29 AM,BELGREEN DR @ STEVENAGE DR (0008689),8689,02 - Intersection related,03 - P.D. only,07 - SMV other,01 - Clear,01 - Daylight,01 - Dry,02 - Stop sign,01 - Functioning,1,0,0,0,,0,,,,,375619.4194,5027235.529,45.38148082,-75.59569915,11141
17--7065,7/6/2017,8:30 AM,RIVERSIDE DR @ HERON RD (0002236),2236,02 - Intersection related,02 - Non-fatal injury,03 - Rear end,01 - Clear,01 - Daylight,01 - Dry,01 - Traffic signal,01 - Functioning,2,0,0,0,01 - Minimal,1,1,,,,368120.1016,5026647.221,45.37690536,-75.69152404,11142
17--7066,7/6/2017,8:45 PM,FIFTH AVE @ QUEEN ELIZABETH DRWY (0006908),6908,02 - Intersection related,03 - P.D. only,03 - Rear end,01 - Clear,05 - Dusk,01 - Dry,01 - Traffic signal,01 - Functioning,2,0,0,0,,0,,,,,368836.6789,5029657.739,45.40392795,-75.68198498,11143
17--7067,7/6/2017,9:18 PM,WEST HUNT CLUB RD WB btwn KNOXDALE RD & WOODROFFE AVE (__3ZA17D),__3ZA17D,01 - Non intersection,03 - P.D. only,03 - Rear end,01 - Clear,07 - Dark,01 - Dry,10 - No control,,2,0,0,0,,0,,,,,363636.9555,5021236.582,45.32861182,-75.74940392,11144
17--7068,7/6/2017,9:24 AM,CHAPMAN MILLS DR btwn LEAMINGTON WAY & TEMAGAMI DR (__61W6PK),__61W6PK,01 - Non intersection,03 - P.D. only,06 - SMV unattended vehicle,01 - Clear,01 - Daylight,01 - Dry,10 - No control,,1,0,0,0,,0,,,,,365341.0125,5014836.164,45.27087635,-75.72844836,11145
17--7069,7/7/2017,1:50 PM,PLEASANT PARK RD @ ALTA VISTA DR (0008005),8005,02 - Intersection related,03 - P.D. only,03 - Rear end,01 - Clear,01 - Daylight,01 - Dry,01 - Traffic signal,00 - Unknown,2,0,0,0,,0,,,,,370364.0509,5028466.21,45.39306562,-75.66263454,11146
17--707,1/17/2017,10:45 PM,HIGHWAY 417 btwn HWY417 IC124 RAMP67 & HWY417 IC123 RAMP62 (__3ZA2YZ),__3ZA2YZ,01 - Non intersection,03 - P.D. only,07 - SMV other,03 - Snow,07 - Dark,04 - Slush,10 - No control,,1,0,0,0,,0,,,,,364791.0553,5028098.573,45.3902573,-75.73384925,11147
17--7070,7/7/2017,10:11 AM,HWY417 IC104 RAMP16 btwn ANDERSON RD & HIGHWAY 417 (__3ZAY0F),__3ZAY0F,01 - Non intersection,03 - P.D. only,07 - SMV other,01 - Clear,01 - Daylight,01 - Dry,10 - No control,,1,0,0,0,,0,,,,,380148.7783,5025984.509,45.36975244,-75.53806209,11148
17--7071,7/7/2017,10:43 AM,PARTHIA AVE btwn WALLFORD WAY & KINGSMILL ST (__3ZAANA),__3ZAANA,04 - At/near private drive,03 - P.D. only,06 - SMV unattended vehicle,01 - Clear,01 - Daylight,01 - Dry,10 - No control,,1,0,0,0,,0,,,,,365650.9839,5024986.132,45.36217798,-75.72325157,11149
17--7072,7/7/2017,11:00 AM,BLACKBURN BYPASS WB btwn NAVAN RD & 1700 W OF NAVAN RD (__3ZA3J5B),__3ZA3J5B,01 - Non intersection,02 - Non-fatal injury,07 - SMV other,01 - Clear,01 - Daylight,01 - Dry,10 - No control,,1,0,0,0,02 - Minor,1,,1,,,379238.2385,5033021.68,45.43316563,-75.5486227,11150
17--7073,7/7/2017,11:19 PM,CEDARVIEW RD @ WEST HUNT CLUB RD (0010267),10267,03 - At intersection,03 - P.D. only,05 - Turning movement,01 - Clear,07 - Dark,01 - Dry,01 - Traffic signal,01 - Functioning,2,0,0,0,,0,,,,,359718.343,5019553.809,45.31378772,-75.79957724,11151
17--7074,7/7/2017,11:37 AM,CARP RD @ STITTSVILLE MAIN ST (0005253),5253,03 - At intersection,03 - P.D. only,05 - Turning movement,01 - Clear,01 - Daylight,01 - Dry,01 - Traffic signal,01 - Functioning,2,0,0,0,,0,,,,,349525.1206,5014328.866,45.26749525,-75.93004442,11152
17--7075,7/7/2017,11:41 AM,CARLING AVE @ OTTAWA RIVER PKWY WB (0002142),2142,02 - Intersection related,03 - P.D. only,03 - Rear end,01 - Clear,01 - Daylight,01 - Dry,03 - Yield sign,01 - Functioning,2,0,0,0,,0,,,,,360856.6815,5025170.52,45.36423686,-75.78442378,11153
17--7076,7/7/2017,11:43 PM,ALBERT ST @ PRESTON ST (0002217),2217,02 - Intersection related,03 - P.D. only,03 - Rear end,01 - Clear,07 - Dark,01 - Dry,01 - Traffic signal,00 - Unknown,2,0,0,0,,0,,,,,366161.0315,5030463.902,45.41142124,-75.71606052,11154
17--7077,7/7/2017,11:51 AM,CARLING AVE @ CONNAUGHT AVE (0002143),2143,03 - At intersection,02 - Non-fatal injury,05 - Turning movement,01 - Clear,01 - Daylight,01 - Dry,01 - Traffic signal,01 - Functioning,2,0,0,0,02 - Minor,1,,1,,,360769.6729,5025118.184,45.3637729,-75.78554031,11155
17--7078,7/7/2017,Unknown,MURRAY ST btwn DALHOUSIE ST & CUMBERLAND ST (__3ZA3WO),__3ZA3WO,01 - Non intersection,03 - P.D. only,06 - SMV unattended vehicle,01 - Clear,00 - Unknown,01 - Dry,10 - No control,,1,0,0,0,,0,,,,,368042.5051,5032600.35,45.43047679,-75.69175121,11156
17--7079,7/7/2017,Unknown,BURGUNDY LANE btwn VINEYARD DR & VINEYARD DR (__3ZA6FX),__3ZA6FX,01 - Non intersection,03 - P.D. only,06 - SMV unattended vehicle,01 - Clear,00 - Unknown,01 - Dry,10 - No control,,1,0,0,0,,0,,,,,378915.052,5036845.349,45.46760258,-75.55217661,11157
17--708,1/17/2017,10:46 PM,HIGHWAY 417 btwn HWY417 IC121B RAMP51 & HWY417 IC121A RAMP51 (__3ZA2YW),__3ZA2YW,01 - Non intersection,02 - Non-fatal injury,07 - SMV other,03 - Snow,07 - Dark,03 - Loose snow,10 - No control,,1,0,0,0,02 - Minor,1,,1,,,366687.5925,5029545.317,45.4031097,-75.7094492,11158
17--7080,7/7/2017,12:17 PM,SUSSEX DR @ YORK ST (0011350),11350,02 - Intersection related,03 - P.D. only,03 - Rear end,01 - Clear,01 - Daylight,01 - Dry,01 - Traffic signal,01 - Functioning,3,0,0,0,,0,,,,,367806.9992,5032236.567,45.42722485,-75.69480726,11159
17--7081,7/7/2017,12:26 PM,ST. LAURENT BLVD btwn MCARTHUR AVE & DONALD ST (__3ZBOF4),__3ZBOF4,01 - Non intersection,03 - P.D. only,03 - Rear end,01 - Clear,01 - Daylight,01 - Dry,10 - No control,,2,0,0,0,,0,,,,,372017.7932,5032655.862,45.43060549,-75.64094443,11160
17--7082,7/7/2017,12:32 AM,HWY417 IC104 RAMP61 btwn ANDERSON RD & HIGHWAY 417 (__3ZAY0E),__3ZAY0E,01 - Non intersection,03 - P.D. only,07 - SMV other,01 - Clear,07 - Dark,01 - Dry,10 - No control,,1,0,0,0,,0,,,,,380277.1244,5025964.217,45.36955605,-75.5364269,11161
17--7083,7/7/2017,12:36 PM,MURRAY ST @ SUSSEX DR (0011912),11912,02 - Intersection related,02 - Non-fatal injury,07 - SMV other,01 - Clear,01 - Daylight,01 - Dry,01 - Traffic signal,01 - Functioning,1,0,0,1,02 - Minor,1,,1,,,367707.0976,5032394.282,45.42865291,-75.69606367,11162
17--7084,7/7/2017,12:58 PM,CARLING AVE @ KIRKWOOD AVE N (0002358),2358,02 - Intersection related,03 - P.D. only,04 - Sideswipe,01 - Clear,01 - Daylight,01 - Dry,01 - Traffic signal,01 - Functioning,2,0,0,0,,0,,,,,364275.0819,5027492.42,45.38484725,-75.74051126,11163
17--7085,7/7/2017,2:05 PM,HIGHWAY 417 btwn HWY417 IC140 RAMP61 & HWY417 IC139 RAMP61 (__4BCL0Z),__4BCL0Z,01 - Non intersection,02 - Non-fatal injury,07 - SMV other,01 - Clear,01 - Daylight,01 - Dry,10 - No control,,1,0,0,0,01 - Minimal,1,1,,,,351708.2709,5019253.39,45.31166526,-75.90175923,11164
17--7086,7/7/2017,2:35 PM,GLADSTONE AVE @ O'CONNOR ST (0002710),2710,03 - At intersection,03 - P.D. only,05 - Turning movement,01 - Clear,01 - Daylight,01 - Dry,01 - Traffic signal,01 - Functioning,2,0,0,0,,0,,,,,368074.0702,5030659.211,45.41300822,-75.69159716,11165
17--7087,7/7/2017,2:45 PM,PHEASANT RUN DR btwn FLINT CRT & JENNIFER LANE (__3ZBNEG),__3ZBNEG,04 - At/near private drive,03 - P.D. only,02 - Angle,01 - Clear,01 - Daylight,01 - Dry,10 - No control,,2,0,0,0,,0,,,,,361490.8647,5015406.668,45.27633071,-75.77744653,11166
17--7088,7/7/2017,3:38 PM,HAWTHORNE RD @ HUNT CLUB RD (0007651),7651,02 - Intersection related,03 - P.D. only,03 - Rear end,01 - Clear,01 - Daylight,01 - Dry,01 - Traffic signal,01 - Functioning,2,0,0,0,,0,,,,,375508.0844,5026406.529,45.37403313,-75.59723932,11167
17--7089,7/7/2017,3:43 PM,CARLING AVE @ CLYDE AVE/COLE AVE (0006984),6984,02 - Intersection related,03 - P.D. only,03 - Rear end,01 - Clear,01 - Daylight,01 - Dry,01 - Traffic signal,01 - Functioning,2,0,1,0,,0,,,,,363520.3562,5026849.204,45.37912337,-75.75022467,11168
17--709,1/17/2017,11:00 PM,GIBFORD DR btwn GIBFORD DR & DEAN MARTIN CRES (__3ZAZ06),__3ZAZ06,01 - Non intersection,03 - P.D. only,01 - Approaching,04 - Freezing Rain,07 - Dark,06 - Ice,10 - No control,,2,0,0,0,,0,,,,,370014.8483,5022909.793,45.34310329,-75.66782744,11169
17--7090,7/7/2017,3:49 PM,HWY 417 INNES IC112R57 @ INNES RD (0012298),12298,02 - Intersection related,03 - P.D. only,03 - Rear end,01 - Clear,01 - Daylight,01 - Dry,01 - Traffic signal,01 - Functioning,3,0,0,0,,0,,,,,374299.3489,5030754.193,45.41327226,-75.61205747,11170
17--7091,7/7/2017,4:00 PM,PRINCE OF WALES DR @ WEST HUNT CLUB RD (0000567),567,02 - Intersection related,03 - P.D. only,04 - Sideswipe,02 - Rain,01 - Daylight,02 - Wet,01 - Traffic signal,01 - Functioning,2,0,0,0,,0,,,,,367458.7103,5021891.503,45.33417389,-75.70057067,11171
17--7092,7/7/2017,4:00 PM,BLAZER AVE @ PRINCE OF WALES DR (0000049),49,02 - Intersection related,03 - P.D. only,07 - SMV other,01 - Clear,01 - Daylight,01 - Dry,02 - Stop sign,01 - Functioning,1,0,0,0,,0,,,,,367353.0456,5021106.488,45.32711989,-75.70201786,11172
17--7093,7/7/2017,4:00 PM,GREENBANK RD btwn HWY417 IC129 RAMP35 & HWY417 IC129 RAMP25 (__3ZA4MU),__3ZA4MU,07 - Overpass or bridge,03 - P.D. only,04 - Sideswipe,02 - Rain,01 - Daylight,02 - Wet,10 - No control,,2,0,0,0,,0,,,,,360513.8539,5023359.87,45.34797202,-75.78900378,11173
17--7094,7/7/2017,4:06 PM,MCCOOEY LANE @ FISHER AVE (0003055),3055,03 - At intersection,02 - Non-fatal injury,02 - Angle,02 - Rain,01 - Daylight,02 - Wet,01 - Traffic signal,01 - Functioning,2,1,0,0,02 - Minor,1,,1,,,365998.0365,5026426.869,45.37511124,-75.71864346,11174
17--7095,7/7/2017,4:12 PM,PALLADIUM DR @ SILVER SEVEN RD (0011839),11839,03 - At intersection,03 - P.D. only,04 - Sideswipe,02 - Rain,01 - Daylight,02 - Wet,01 - Traffic signal,01 - Functioning,2,0,0,0,,0,,,,,351051.9422,5017886.109,45.29940564,-75.9102568,11175
17--7096,7/7/2017,4:20 PM,LANCASTER RD @ WALKLEY RD (0003130),3130,02 - Intersection related,03 - P.D. only,03 - Rear end,01 - Clear,01 - Daylight,01 - Dry,01 - Traffic signal,01 - Functioning,2,0,0,0,,0,,,,,374909.7438,5028602.541,45.39385191,-75.60456576,11176
17--7097,7/7/2017,4:30 PM,MERIVALE RD btwn CLYDE AVE & RITA AVE (__3ZA4H7),__3ZA4H7,01 - Non intersection,03 - P.D. only,04 - Sideswipe,02 - Rain,01 - Daylight,02 - Wet,10 - No control,,2,0,0,0,,0,,,,,364555.1376,5024429.449,45.35726329,-75.73730583,11177
17--7098,7/7/2017,4:37 PM,FISHER AVE @ FOREST PARK AVE (0002727),2727,02 - Intersection related,02 - Non-fatal injury,03 - Rear end,02 - Rain,01 - Daylight,02 - Wet,02 - Stop sign,00 - Unknown,2,0,0,0,02 - Minor,1,,1,,,366521.5314,5025178.655,45.36383416,-75.71211624,11178
17--7099,7/7/2017,4:58 PM,MEADOWLANDS DR @ MERIVALE RD (0000625),625,02 - Intersection related,03 - P.D. only,05 - Turning movement,02 - Rain,01 - Daylight,02 - Wet,01 - Traffic signal,01 - Functioning,2,0,0,0,,0,,,,,364860.2284,5023724.491,45.35089411,-75.73349774,11179
17--71,1/3/2017,5:33 PM,RIDEAU ST btwn SUSSEX DR & 88 W OF WILLIAM ST/FREIMAN MALL (__3ZA25UA),__3ZA25UA,01 - Non intersection,03 - P.D. only,01 - Approaching,03 - Snow,05 - Dusk,04 - Slush,10 - No control,,2,0,0,0,,0,,,,,367948.5215,5032061.408,45.42563607,-75.69302132,11180