Anom_ID,Accident_Date,Accident_Time,Location,Geo_ID,Accident_Location,Classification_of_Accident,Initial_Impact_Type,Environment_Condition,Light,Road_Surface_Condition,Traffic_Control,Traffic_Control_Condition,No__of_Vehicles,No__of_Bicycles,No__of_Motorcycles,No__of_Pedestrians,Max_Injury,No__of_Injuries,No__of_Minimal,No__of_Minor,No__of_Major,No__of_Fatal,X,Y,Latitude,Longitude,ObjectId
17--710,1/17/2017,11:06 PM,DALY AVE @ NICHOLAS ST (0011451),11451,03 - At intersection,03 - P.D. only,07 - SMV other,04 - Freezing Rain,07 - Dark,06 - Ice,01 - Traffic signal,01 - Functioning,1,0,0,0,,0,,,,,368227.1583,5032046.845,45.42547982,-75.68946284,11181
17--7100,7/7/2017,5:20 PM,HIGHWAY 417 btwn HWY417 IC119A RAMP67 & HWY417 IC118 RAMP76 (__3ZA2YS),__3ZA2YS,01 - Non intersection,03 - P.D. only,03 - Rear end,02 - Rain,01 - Daylight,02 - Wet,10 - No control,,2,0,0,0,,0,,,,,368947.116,5030719.819,45.41347407,-75.68043619,11182
17--7101,7/7/2017,5:23 PM,MEADOWLANDS DR btwn APELDOORN AVE & CLAYMOR AVE (__3ZA4I5),__3ZA4I5,01 - Non intersection,03 - P.D. only,03 - Rear end,02 - Rain,01 - Daylight,02 - Wet,10 - No control,,4,0,0,0,,0,,,,,366884.7385,5025258.14,45.36451727,-75.70747031,11183
17--7102,7/7/2017,5:31 PM,CONOVER ST @ KNOXDALE RD (0000532),532,02 - Intersection related,03 - P.D. only,03 - Rear end,02 - Rain,01 - Daylight,02 - Wet,02 - Stop sign,00 - Unknown,2,0,0,0,,0,,,,,361983.3479,5021007.494,45.32668717,-75.77052408,11184
17--7103,7/7/2017,6:24 PM,CARLING AVE @ BROADVIEW AVE (0006707),6707,03 - At intersection,02 - Non-fatal injury,05 - Turning movement,02 - Rain,01 - Daylight,02 - Wet,01 - Traffic signal,01 - Functioning,2,1,0,0,02 - Minor,1,,1,,,363181.6899,5026637.204,45.37724412,-75.75457366,11185
17--7104,7/7/2017,6:28 PM,WEST HUNT CLUB RD @ CLEOPATRA DR/LANCELOT DR (0000114),114,02 - Intersection related,02 - Non-fatal injury,03 - Rear end,01 - Clear,01 - Daylight,01 - Dry,01 - Traffic signal,01 - Functioning,2,0,0,0,01 - Minimal,2,2,,,,365237.3722,5021733.163,45.332944,-75.72892826,11186
17--7105,7/7/2017,6:30 PM,CAMPEAU DR btwn TERRY FOX DR & HERLIHEY WAY (__5ZYNI8),__5ZYNI8,01 - Non intersection,03 - P.D. only,05 - Turning movement,01 - Clear,01 - Daylight,01 - Dry,10 - No control,,2,0,0,0,,0,,,,,350463.9619,5019041.893,45.30984417,-75.91764708,11187
17--7106,7/7/2017,6:56 PM,QUEEN ELIZABETH DRWY btwn MONKLAND AVE & LINDEN TER (__3ZA22P),__3ZA22P,01 - Non intersection,03 - P.D. only,07 - SMV other,02 - Rain,01 - Daylight,02 - Wet,10 - No control,,1,0,0,0,,0,,,,,368790.8718,5030258.567,45.40933818,-75.68249209,11188
17--7107,7/7/2017,8:15 PM,INDUSTRIAL AVE btwn TRAINYARDS DR & RUSSELL RD (__3ZA3R9),__3ZA3R9,01 - Non intersection,03 - P.D. only,05 - Turning movement,01 - Clear,05 - Dusk,01 - Dry,10 - No control,,2,0,0,0,,0,,,,,372017.0786,5030461.311,45.41085998,-75.64125296,11189
17--7108,7/7/2017,8:20 AM,PAGE RD btwn BUTTONFIELD PL & SILVERBIRCH ST (__3ZA1UE),__3ZA1UE,01 - Non intersection,03 - P.D. only,03 - Rear end,01 - Clear,01 - Daylight,01 - Dry,10 - No control,,2,0,0,0,,0,,,,,381053.0472,5034153.967,45.44315754,-75.525256,11190
17--7109,7/7/2017,8:25 AM,ST. JOSEPH BLVD @ TENTH LINE RD (0009163),9163,02 - Intersection related,03 - P.D. only,03 - Rear end,01 - Clear,01 - Daylight,01 - Dry,01 - Traffic signal,01 - Functioning,2,0,0,0,,0,,,,,382891.1383,5038668.459,45.48357207,-75.50104605,11191
17--711,1/17/2017,11:30 AM,HIGHLAND AVE btwn PRINCETON AVE & AVONDALE AVE (__3ZBOO4),__3ZBOO4,01 - Non intersection,03 - P.D. only,06 - SMV unattended vehicle,01 - Clear,01 - Daylight,01 - Dry,10 - No control,,1,0,0,0,,0,,,,,362926.9991,5027484.487,45.38488904,-75.75772556,11192
17--7110,7/7/2017,8:30 AM,HAWTHORNE AVE/ISABELLA ST @ QUEEN ELIZABETH DR (0002105),2105,02 - Intersection related,03 - P.D. only,02 - Angle,01 - Clear,01 - Daylight,01 - Dry,01 - Traffic signal,01 - Functioning,2,0,0,0,,0,,,,,368665.7115,5030476.572,45.41131115,-75.68406265,11193
17--7111,7/7/2017,8:48 AM,HERON RD WB btwn RIVERSIDE DR & BRONSON AVE RAMP 36 (__3ZA4TO),__3ZA4TO,01 - Non intersection,03 - P.D. only,03 - Rear end,01 - Clear,01 - Daylight,01 - Dry,10 - No control,,2,0,0,0,,0,,,,,368459.61,5026687.325,45.37723544,-75.68718444,11194
17--7112,7/7/2017,9:40 AM,CATHERINE ST/HWY 417 O'CONN IC119BR76 @ O'CONN (0001697),1697,02 - Intersection related,03 - P.D. only,02 - Angle,01 - Clear,01 - Daylight,01 - Dry,01 - Traffic signal,01 - Functioning,2,0,0,0,,0,,,,,368244.7143,5030393.233,45.41059959,-75.68945143,11195
17--7113,7/8/2017,1:08 PM,PALSEN ST @ PERRY ST (0001401),1401,02 - Intersection related,03 - P.D. only,03 - Rear end,01 - Clear,01 - Daylight,01 - Dry,02 - Stop sign,01 - Functioning,2,0,0,0,,0,,,,,364522.0328,5023304.51,45.34714406,-75.73786421,11196
17--7114,7/8/2017,1:15 PM,GOLDEN LINE RD btwn HAMILTON SIDE RD & Continuation of GOLDEN LINE RD (__3ZAC0O),__3ZAC0O,01 - Non intersection,03 - P.D. only,07 - SMV other,01 - Clear,01 - Daylight,02 - Wet,10 - No control,,1,0,0,0,,0,,,,,336320.6926,5007936.881,45.21069191,-76.09871541,11197
17--7115,7/8/2017,10:50 AM,FALLOWFIELD RD @ MOODIE DR (0010412),10412,02 - Intersection related,03 - P.D. only,03 - Rear end,01 - Clear,01 - Daylight,01 - Dry,01 - Traffic signal,01 - Functioning,2,0,0,0,,0,,,,,359501.9904,5014635.744,45.26955138,-75.80287875,11198
17--7116,7/8/2017,11:43 AM,LACASSE AVE @ MONTREAL RD (0009797),9797,02 - Intersection related,03 - P.D. only,04 - Sideswipe,01 - Clear,01 - Daylight,01 - Dry,01 - Traffic signal,00 - Unknown,2,0,0,0,,0,,,,,370687.7774,5033405.792,45.4374796,-75.65784004,11199
17--7117,7/8/2017,Unknown,PICKFORD DR btwn SHATNER GT & CLARKSON CRES (__3ZABDK),__3ZABDK,01 - Non intersection,03 - P.D. only,06 - SMV unattended vehicle,01 - Clear,00 - Unknown,01 - Dry,10 - No control,,1,0,0,0,,0,,,,,353424.8811,5018696.953,45.30654156,-75.87992244,11200
17--7479,7/20/2017,4:05 PM,FALLOWFIELD RD btwn ORR ST & GREENBANK RD (__3ZA3HG),__3ZA3HG,04 - At/near private drive,03 - P.D. only,03 - Rear end,01 - Clear,01 - Daylight,01 - Dry,10 - No control,,2,0,0,0,,0,,,,,363040.8869,5016702.422,45.28786325,-75.7575403,11201
17--748,1/17/2017,9:56 AM,HERON RD btwn WILDWOOD AVE & BANK ST (__3ZA2FC),__3ZA2FC,01 - Non intersection,03 - P.D. only,03 - Rear end,01 - Clear,01 - Daylight,01 - Dry,10 - No control,,2,0,0,0,,0,,,,,369965.6197,5026848.867,45.3785505,-75.66793617,11202
17--7480,7/20/2017,4:21 PM,CEDARVIEW RD @ WEST HUNT CLUB RD (0010267),10267,03 - At intersection,03 - P.D. only,05 - Turning movement,01 - Clear,01 - Daylight,01 - Dry,01 - Traffic signal,01 - Functioning,2,0,0,0,,0,,,,,359719.1508,5019553.768,45.31378729,-75.79956695,11203
17--7481,7/20/2017,4:21 PM,ROSEBELLA AVE btwn MAVIS ST & BANK ST (__3ZA8OE),__3ZA8OE,04 - At/near private drive,03 - P.D. only,07 - SMV other,01 - Clear,01 - Daylight,01 - Dry,10 - No control,,1,0,0,0,,0,,,,,372984.3117,5023420.301,45.34741432,-75.62986959,11204
17--7482,7/20/2017,4:25 PM,HIGHWAY 417 btwn HWY417 IC134 RAMP61 & HWY417 IC131 RAMP66 (__3ZA297),__3ZA297,01 - Non intersection,02 - Non-fatal injury,03 - Rear end,01 - Clear,01 - Daylight,01 - Dry,10 - No control,,2,0,1,0,02 - Minor,1,,1,,,357090.4103,5022593.44,45.34133923,-75.83277024,11205
17--7483,7/20/2017,4:30 PM,HIGHWAY 417 btwn HWY417 IC119A RAMP67 & HWY417 IC118 RAMP76 (__3ZA2YS),__3ZA2YS,01 - Non intersection,03 - P.D. only,03 - Rear end,01 - Clear,01 - Daylight,01 - Dry,10 - No control,,2,0,0,0,,0,,,,,368776.9736,5030629.677,45.41267858,-75.68262146,11206
17--7484,7/20/2017,4:40 PM,HIGHWAY 417 btwn Continuation of HIGHWAY 417 & HWY417 IC134 RAMP51 (__3ZA29B),__3ZA29B,01 - Non intersection,03 - P.D. only,03 - Rear end,01 - Clear,01 - Daylight,01 - Dry,10 - No control,,2,0,0,0,,0,,,,,355750.2895,5021847.491,45.33472571,-75.84994597,11207
17--7485,7/20/2017,4:45 PM,HIGHWAY 417 btwn HWY417 IC124 RAMP67 & HWY417 IC123 RAMP62 (__3ZA2YZ),__3ZA2YZ,01 - Non intersection,03 - P.D. only,03 - Rear end,01 - Clear,01 - Daylight,01 - Dry,10 - No control,,2,0,0,0,,0,,,,,364768.3658,5028048.384,45.38980765,-75.7341451,11208
17--7486,7/20/2017,5:00 PM,CEDARVIEW RD @ WEST HUNT CLUB RD (0010267),10267,02 - Intersection related,03 - P.D. only,04 - Sideswipe,01 - Clear,01 - Daylight,01 - Dry,01 - Traffic signal,01 - Functioning,2,0,0,0,,0,,,,,359719.0119,5019555.147,45.31379971,-75.79956856,11209
17--7487,7/20/2017,5:02 PM,ST. LAURENT BLVD @ WALKLEY RD (0007653),7653,02 - Intersection related,03 - P.D. only,99 - Other,01 - Clear,01 - Daylight,01 - Dry,01 - Traffic signal,01 - Functioning,2,0,0,0,,0,,,,,373901.7468,5028046.855,45.3889523,-75.61751606,11210
17--7488,7/20/2017,5:40 PM,HIGHWAY 417 btwn HWY417 IC155 RAMP61 & HWY417 IC145 RAMP56 (__3ZA2Q2),__3ZA2Q2,01 - Non intersection,03 - P.D. only,07 - SMV other,01 - Clear,01 - Daylight,01 - Dry,10 - No control,,1,0,0,0,,0,,,,,344362.8117,5015440.434,45.27780697,-75.99573913,11211
17--7489,7/20/2017,5:44 PM,BANTREE ST @ INNES RD (0007684),7684,02 - Intersection related,03 - P.D. only,03 - Rear end,01 - Clear,01 - Daylight,01 - Dry,01 - Traffic signal,01 - Functioning,2,0,0,0,,0,,,,,373706.9262,5030406.856,45.41020568,-75.61967408,11212
17--749,1/18/2017,1:13 AM,MITCH OWENS RD @ DOZOIS RD/LIMEBANK RD (0012469),12469,03 - At intersection,02 - Non-fatal injury,02 - Angle,03 - Snow,07 - Dark,04 - Slush,01 - Traffic signal,01 - Functioning,2,0,0,0,02 - Minor,2,1,1,,,371673.9672,5012108.42,45.2457589,-75.64811506,11213
17--7490,7/20/2017,5:46 PM,TERRY FOX DR @ TRANS CANADA TRAIL (0011969),11969,02 - Intersection related,03 - P.D. only,03 - Rear end,01 - Clear,01 - Daylight,01 - Dry,01 - Traffic signal,01 - Functioning,2,0,0,0,,0,,,,,353254.2825,5015999.439,45.28228048,-75.88236138,11214
17--7491,7/20/2017,6:01 PM,METCALFE ST @ LAURIER AVE (0002231),2231,02 - Intersection related,03 - P.D. only,03 - Rear end,01 - Clear,01 - Daylight,01 - Dry,01 - Traffic signal,01 - Functioning,2,0,0,0,,0,,,,,367792.7094,5031451.877,45.42016576,-75.6950902,11215
17--7492,7/20/2017,6:23 PM,WENTWORTH AVE @ CARLING AVE (0002770),2770,02 - Intersection related,03 - P.D. only,03 - Rear end,01 - Clear,01 - Daylight,01 - Dry,02 - Stop sign,01 - Functioning,2,0,0,0,,0,,,,,361330.8843,5025470.421,45.36689727,-75.77833665,11216
17--7493,7/20/2017,6:27 PM,BLAIR RD @ INNES RD (0004165),4165,03 - At intersection,03 - P.D. only,03 - Rear end,01 - Clear,01 - Daylight,01 - Dry,01 - Traffic signal,01 - Functioning,2,0,0,0,,0,,,,,375578.1334,5031439.856,45.4193133,-75.59562292,11217
17--7494,7/20/2017,7:10 AM,BLACKWELL ST btwn BANTREE ST & LEEDS AVE (__3ZA783),__3ZA783,04 - At/near private drive,03 - P.D. only,02 - Angle,01 - Clear,01 - Daylight,01 - Dry,10 - No control,,2,0,0,0,,0,,,,,374525.7094,5029782.751,45.4045092,-75.60930317,11218
17--7495,7/20/2017,7:11 PM,CONROY RD @ JOHNSTON RD (0011908),11908,03 - At intersection,03 - P.D. only,05 - Turning movement,01 - Clear,01 - Daylight,01 - Dry,01 - Traffic signal,01 - Functioning,2,0,0,0,,0,,,,,373396.1661,5026309.742,45.3733722,-75.62421332,11219
17--7496,7/20/2017,7:24 PM,HUNT CLUB RD btwn NORTH BOWESVILLE RD & BILLY BISHOP PRIV (__5G43Y1),__5G43Y1,01 - Non intersection,03 - P.D. only,03 - Rear end,01 - Clear,01 - Daylight,01 - Dry,10 - No control,,2,0,0,0,,0,,,,,368747.2045,5022361.594,45.33828743,-75.68407237,11220
17--7497,7/20/2017,7:25 PM,HIGHWAY 417 btwn HWY417 IC163 RAMP16 & HWY417 IC163 RAMP61 (__3ZAZNM),__3ZAZNM,01 - Non intersection,03 - P.D. only,07 - SMV other,01 - Clear,01 - Daylight,01 - Dry,10 - No control,,1,0,0,0,,0,,,,,331613.0339,5021430.274,45.33230889,-76.15791801,11221
17--7498,7/20/2017,8:25 AM,WEST HUNT CLUB RD EB btwn 545 E OF ROYDON PL/SUNDERLAND ST & ANTARES D (__3ZA3JPB),__3ZA3JPB,01 - Non intersection,03 - P.D. only,03 - Rear end,01 - Clear,01 - Daylight,01 - Dry,10 - No control,,2,0,0,0,,0,,,,,366955.824,5022338.674,45.33824218,-75.70692994,11222
17--7499,7/20/2017,9:28 PM,GREENBANK RD @ WEST HUNT CLUB RD (0005167),5167,02 - Intersection related,03 - P.D. only,03 - Rear end,01 - Clear,07 - Dark,01 - Dry,01 - Traffic signal,01 - Functioning,2,0,0,0,,0,,,,,361479.677,5020501.577,45.32217578,-75.77700669,11223
17--75,1/3/2017,6:19 PM,MCCARTHY RD @ TWYFORD ST (0007011),7011,02 - Intersection related,03 - P.D. only,02 - Angle,02 - Rain,07 - Dark,02 - Wet,02 - Stop sign,01 - Functioning,2,0,0,0,,0,,,,,369902.4221,5023801.014,45.3511327,-75.66914459,11224
17--750,1/18/2017,1:30 AM,HIGHWAY 417 btwn HWY417 IC117 RAMP61 & HWY417 IC115 RAMP36 (__3ZA2RZ),__3ZA2RZ,01 - Non intersection,03 - P.D. only,07 - SMV other,03 - Snow,07 - Dark,04 - Slush,10 - No control,,1,0,0,0,,0,,,,,371559.1105,5031423.863,45.41956444,-75.64697279,11225
17--7500,7/20/2017,9:39 AM,DUNROBIN RD @ THOMAS A. DOLAN PKWY (0003181),3181,03 - At intersection,02 - Non-fatal injury,05 - Turning movement,01 - Clear,01 - Daylight,01 - Dry,01 - Traffic signal,01 - Functioning,2,0,0,0,02 - Minor,1,,1,,,342338.3954,5031478.34,45.42223278,-76.02032359,11226
17--7501,7/20/2017,9:40 AM,BLACKBURN BYPASS @ NAVAN RD (0004201),4201,02 - Intersection related,03 - P.D. only,04 - Sideswipe,01 - Clear,01 - Daylight,01 - Dry,01 - Traffic signal,00 - Unknown,2,0,0,0,,0,,,,,379617.7471,5033275.901,45.43541242,-75.54373434,11227
17--7502,7/20/2017,9:58 AM,HOLLAND AVE @ RUSKIN ST (0006676),6676,03 - At intersection,03 - P.D. only,02 - Angle,01 - Clear,01 - Daylight,01 - Dry,02 - Stop sign,01 - Functioning,2,0,0,0,,0,,,,,365279.6543,5028350.522,45.39248226,-75.727579,11228
17--7503,7/21/2017,1:08 PM,CROYDON AVE @ RICHMOND RD (0002652),2652,03 - At intersection,02 - Non-fatal injury,05 - Turning movement,01 - Clear,01 - Daylight,01 - Dry,01 - Traffic signal,01 - Functioning,2,0,0,0,02 - Minor,2,,2,,,360544.4109,5025273.477,45.36518817,-75.78839806,11229
17--7504,7/21/2017,1:19 PM,DWYER HILL RD @ ROGER STEVENS DR (0003690),3690,03 - At intersection,02 - Non-fatal injury,02 - Angle,01 - Clear,01 - Daylight,01 - Dry,02 - Stop sign,01 - Functioning,2,0,0,0,01 - Minimal,2,2,,,,354337.0012,4989350.583,45.0424073,-75.87120442,11230
17--7505,7/21/2017,1:50 PM,MCBEAN ST @ PERTH ST (0000124),124,02 - Intersection related,03 - P.D. only,99 - Other,01 - Clear,01 - Daylight,01 - Dry,01 - Traffic signal,01 - Functioning,2,0,0,0,,0,,,,,356743.2815,5006255.354,45.19435164,-75.83890813,11231
17--7506,7/21/2017,10:10 PM,BASELINE RD @ WOODROFFE AVE (0002225),2225,03 - At intersection,02 - Non-fatal injury,05 - Turning movement,01 - Clear,07 - Dark,01 - Dry,01 - Traffic signal,01 - Functioning,2,0,0,0,01 - Minimal,2,2,,,,362549.6902,5023769.548,45.3514936,-75.76297759,11232
17--7507,7/21/2017,10:33 AM,REGIONAL ROAD 174 btwn OR174 IC102 RAMP61 & OR174 IC101 RAMP36 (__3ZA1SY),__3ZA1SY,01 - Non intersection,03 - P.D. only,03 - Rear end,01 - Clear,01 - Daylight,01 - Dry,10 - No control,,3,0,0,0,,0,,,,,382282.6508,5038653.753,45.48350757,-75.50883106,11233
17--7508,7/21/2017,11:11 AM,INDUSTRIAL AVE @ RIVERSIDE DR (0011905),11905,02 - Intersection related,03 - P.D. only,03 - Rear end,01 - Clear,01 - Daylight,01 - Dry,01 - Traffic signal,01 - Functioning,2,0,0,0,,0,,,,,370685.3274,5030592.858,45.41217023,-75.6582476,11234
17--7509,7/21/2017,11:30 PM,BRUYERE ST btwn KING EDWARD AVE & ROSE ST (__3ZA7EI),__3ZA7EI,01 - Non intersection,03 - P.D. only,06 - SMV unattended vehicle,01 - Clear,07 - Dark,01 - Dry,10 - No control,,1,0,0,0,,0,,,,,368175.2542,5033061.898,45.43461761,-75.68999542,11235
17--751,1/18/2017,10:05 AM,KING EDWARD AVE NB btwn RAMP & CATHCART ST (__7TR60M),__7TR60M,01 - Non intersection,02 - Non-fatal injury,03 - Rear end,02 - Rain,01 - Daylight,04 - Slush,10 - No control,,3,0,0,0,02 - Minor,1,,1,,,368055.9261,5033197.309,45.4358468,-75.69150301,11236
17--7510,7/21/2017,11:42 AM,COLONEL BY DR/SUSSEX DR @ RIDEAU ST (0007647),7647,03 - At intersection,03 - P.D. only,04 - Sideswipe,01 - Clear,01 - Daylight,01 - Dry,01 - Traffic signal,01 - Functioning,2,0,0,0,,0,,,,,367922.1922,5032043.726,45.42547935,-75.69336002,11237
17--7511,7/21/2017,Unknown,RENAUD RD @ RENAUD RD N (0003684),3684,02 - Intersection related,03 - P.D. only,06 - SMV unattended vehicle,01 - Clear,00 - Unknown,01 - Dry,10 - No control,00 - Unknown,1,0,0,0,,0,,,,,379760.0613,5032024.914,45.42414169,-75.54210606,11238
17--7512,7/21/2017,12:15 PM,PANMURE RD btwn HWY417 IC163 RAMP15 & HWY417 IC163 RAMP16 (__34IWIY),__34IWIY,01 - Non intersection,03 - P.D. only,03 - Rear end,01 - Clear,01 - Daylight,01 - Dry,10 - No control,,2,0,0,0,,0,,,,,331314.7554,5021479.714,45.33276512,-76.16172074,11239
17--7513,7/21/2017,12:52 PM,SANDALWOOD DR btwn BAYCREST DR & HERON RD (__3ZA9YZ),__3ZA9YZ,01 - Non intersection,03 - P.D. only,99 - Other,01 - Clear,01 - Daylight,01 - Dry,10 - No control,,2,0,0,0,,0,,,,,371464.5988,5026937.017,45.37920261,-75.64878674,11240
17--7514,7/21/2017,2:18 PM,ST. LAURENT BLVD btwn CYRVILLE RD & COVENTRY RD (__3ZA2CE),__3ZA2CE,01 - Non intersection,03 - P.D. only,07 - SMV other,01 - Clear,01 - Daylight,01 - Dry,10 - No control,,1,0,0,1,,0,,,,,372254.1742,5032079.928,45.42540074,-75.63800266,11241
17--7515,7/21/2017,2:23 PM,CAMPEAU DR @ KNUDSON DR (0011764),11764,03 - At intersection,03 - P.D. only,05 - Turning movement,01 - Clear,01 - Daylight,01 - Dry,01 - Traffic signal,01 - Functioning,2,0,0,0,,0,,,,,351809.222,5019846.734,45.31699756,-75.90041553,11242
17--7516,7/21/2017,2:35 PM,TRESTLE ST @ WINDY LANE (0016083),16083,02 - Intersection related,03 - P.D. only,06 - SMV unattended vehicle,01 - Clear,01 - Daylight,01 - Dry,02 - Stop sign,01 - Functioning,1,0,0,0,,0,,,,,369616.751,5008922.404,45.21728382,-75.67473348,11243
17--7517,7/21/2017,2:58 PM,HWY417 IC120B RAMP36 btwn HIGHWAY 417 & CATHERINE ST (__3ZAY9X),__3ZAY9X,01 - Non intersection,03 - P.D. only,07 - SMV other,01 - Clear,01 - Daylight,00 - Unknown,10 - No control,,1,0,0,0,,0,,,,,367762.0326,5030029.855,45.40737362,-75.6956638,11244
17--7518,7/21/2017,3:02 PM,GREENBANK RD @ CANFIELD RD/CRAIG HENRY DR (0000154),154,03 - At intersection,03 - P.D. only,05 - Turning movement,01 - Clear,01 - Daylight,01 - Dry,01 - Traffic signal,01 - Functioning,2,0,0,0,,0,,,,,361107.9557,5021364.173,45.32996734,-75.78164982,11245
17--7519,7/21/2017,3:03 PM,JEANNE D'ARC BLVD N/OR174 IC105 RAMP63 @ TRANS (0012413),12413,02 - Intersection related,03 - P.D. only,04 - Sideswipe,01 - Clear,01 - Daylight,01 - Dry,01 - Traffic signal,00 - Unknown,2,0,0,0,,0,,,,,379343.0008,5037117.373,45.4700045,-75.54666326,11246
17--752,1/18/2017,10:06 AM,CATHERINE ST btwn BANK ST & O'CONNOR ST (__3ZA3PU),__3ZA3PU,01 - Non intersection,03 - P.D. only,04 - Sideswipe,02 - Rain,01 - Daylight,02 - Wet,10 - No control,,2,0,0,0,,0,,,,,368117.2974,5030316.401,45.40991982,-75.69108897,11247
17--7520,7/21/2017,3:14 PM,CONROY RD @ HUNT CLUB RD (0002257),2257,02 - Intersection related,03 - P.D. only,03 - Rear end,01 - Clear,01 - Daylight,01 - Dry,01 - Traffic signal,01 - Functioning,2,0,0,0,,0,,,,,373762.3623,5025405.212,45.36519768,-75.61966482,11248
17--7521,7/21/2017,3:15 PM,LAURIER AVE @ NICHOLAS ST (0010711),10711,02 - Intersection related,03 - P.D. only,03 - Rear end,01 - Clear,01 - Daylight,01 - Dry,01 - Traffic signal,01 - Functioning,2,0,0,0,,0,,,,,368373.0355,5031799.774,45.42324352,-75.68763075,11249
17--7522,7/21/2017,3:27 PM,MONTREAL RD @ VANIER PKWY (0004630),4630,02 - Intersection related,03 - P.D. only,03 - Rear end,01 - Clear,01 - Daylight,01 - Dry,01 - Traffic signal,01 - Functioning,2,0,0,0,,0,,,,,370072.7098,5033065.367,45.43447428,-75.66574597,11250
17--7523,7/21/2017,3:30 PM,HIGHWAY 417 btwn HWY417 IC127 RAMP25 & HWY417 IC126 RAMP51 (__3ZA2XA),__3ZA2XA,01 - Non intersection,02 - Non-fatal injury,03 - Rear end,01 - Clear,01 - Daylight,01 - Dry,10 - No control,,2,0,0,0,01 - Minimal,3,3,,,,363115.1991,5025756.72,45.36932717,-75.75552651,11251
17--7524,7/21/2017,3:35 PM,HIGHWAY 417 btwn HWY417 IC119A RAMP75 & HWY417 IC118 RAMP57 (__3ZA2R2),__3ZA2R2,01 - Non intersection,03 - P.D. only,03 - Rear end,01 - Clear,01 - Daylight,01 - Dry,10 - No control,,3,0,0,0,,0,,,,,368716.2278,5030573.416,45.41217791,-75.68340478,11252
17--7525,7/21/2017,3:48 PM,ELGIN ST @ WAVERLEY ST (0006948),6948,03 - At intersection,02 - Non-fatal injury,04 - Sideswipe,01 - Clear,01 - Daylight,01 - Dry,01 - Traffic signal,01 - Functioning,2,0,0,0,01 - Minimal,1,1,,,,368318.135,5030952.946,45.41562904,-75.68844139,11253
17--7526,7/21/2017,3:51 PM,JEANNE D'ARC BLVD  S btwn ST. JOSEPH BLVD & WOODCLIFFE PRIV (__4FNS33),__4FNS33,01 - Non intersection,03 - P.D. only,07 - SMV other,01 - Clear,01 - Daylight,01 - Dry,10 - No control,,1,0,0,0,,0,,,,,379893.8167,5036424.42,45.46371084,-75.5397257,11254
17--7527,7/21/2017,3:54 PM,CANOTEK RD @ RAINBOW ST (0009490),9490,03 - At intersection,02 - Non-fatal injury,07 - SMV other,01 - Clear,01 - Daylight,01 - Dry,02 - Stop sign,01 - Functioning,1,0,0,1,02 - Minor,1,,1,,,376228.3366,5035171.569,45.45282291,-75.58677447,11255
17--7528,7/21/2017,4:02 PM,OGILVIE RD @ BATHGATE DR/CITYPARK DR W (0012430),12430,03 - At intersection,03 - P.D. only,02 - Angle,01 - Clear,01 - Daylight,01 - Dry,01 - Traffic signal,01 - Functioning,2,0,0,0,,0,,,,,373829.0566,5032801.914,45.43174316,-75.6177784,11256
17--7529,7/21/2017,4:02 PM,ALTA VISTA DR btwn DALE AVE & 75 S OF CALEDON ST (__3ZA97HB),__3ZA97HB,04 - At/near private drive,03 - P.D. only,02 - Angle,01 - Clear,01 - Daylight,01 - Dry,10 - No control,,2,0,0,0,,0,,,,,370704.1505,5030219.149,45.40880597,-75.65805711,11257
17--753,1/18/2017,10:15 PM,ST. LAURENT BLVD @ WALKLEY RD (0007653),7653,02 - Intersection related,03 - P.D. only,07 - SMV other,01 - Clear,07 - Dark,03 - Loose snow,01 - Traffic signal,01 - Functioning,1,0,0,0,,0,,,,,373903.5006,5028047.981,45.38896226,-75.61749351,11258
17--7530,7/21/2017,4:05 PM,HIGHWAY 417 btwn TRANSIT & HWY417 IC127 RAMP35 (__3ZA2SK),__3ZA2SK,01 - Non intersection,03 - P.D. only,03 - Rear end,01 - Clear,01 - Daylight,01 - Dry,10 - No control,,2,0,0,0,,0,,,,,361998.4435,5024721.245,45.36010209,-75.76990211,11259
17--7531,7/21/2017,4:11 PM,HAZELDEAN RD @ FRINGEWOOD DR (0000073),73,03 - At intersection,02 - Non-fatal injury,02 - Angle,01 - Clear,01 - Daylight,01 - Dry,01 - Traffic signal,01 - Functioning,2,1,0,0,01 - Minimal,1,1,,,,350756.0819,5015911.345,45.28165555,-75.91421197,11260
17--7532,7/21/2017,4:30 PM,HIGHWAY 417 btwn HWY417 IC129 RAMP61 & TRANSIT (__3ZA2SI),__3ZA2SI,01 - Non intersection,03 - P.D. only,03 - Rear end,01 - Clear,01 - Daylight,01 - Dry,10 - No control,,2,0,0,0,,0,,,,,361199.753,5024131.752,45.35486257,-75.78016328,11261
17--7533,7/21/2017,5:00 PM,BELFAST RD @ TREMBLAY RD (0002698),2698,02 - Intersection related,03 - P.D. only,04 - Sideswipe,01 - Clear,01 - Daylight,01 - Dry,01 - Traffic signal,01 - Functioning,2,0,0,0,,0,,,,,371558.1832,5031319.76,45.41862786,-75.64699875,11262
17--7534,7/21/2017,5:10 PM,CATHERINE ST @ METCALFE ST (0011239),11239,02 - Intersection related,03 - P.D. only,04 - Sideswipe,01 - Clear,01 - Daylight,01 - Dry,01 - Traffic signal,01 - Functioning,2,0,0,0,,0,,,,,368393.9999,5030485.363,45.41141499,-75.68753251,11263