Anom_ID,Accident_Date,Accident_Time,Location,Geo_ID,Accident_Location,Classification_of_Accident,Initial_Impact_Type,Environment_Condition,Light,Road_Surface_Condition,Traffic_Control,Traffic_Control_Condition,No__of_Vehicles,No__of_Bicycles,No__of_Motorcycles,No__of_Pedestrians,Max_Injury,No__of_Injuries,No__of_Minimal,No__of_Minor,No__of_Major,No__of_Fatal,X,Y,Latitude,Longitude,ObjectId
17--7535,7/21/2017,5:26 PM,ALPINE AVE @ CARLING AVE (0011382),11382,02 - Intersection related,03 - P.D. only,04 - Sideswipe,01 - Clear,01 - Daylight,01 - Dry,01 - Traffic signal,01 - Functioning,2,0,0,0,,0,,,,,360497.748,5024942.251,45.36221152,-75.78903102,11264
17--7536,7/21/2017,5:28 PM,CEDARVIEW RD @ WEST HUNT CLUB RD (0010267),10267,02 - Intersection related,03 - P.D. only,03 - Rear end,01 - Clear,01 - Daylight,01 - Dry,01 - Traffic signal,01 - Functioning,2,0,0,0,,0,,,,,359719.8951,5019553.564,45.31378539,-75.79955748,11265
17--7537,7/21/2017,5:40 PM,OGILVIE RD @ MATHESON RD/PALMERSTON DR (0012348),12348,02 - Intersection related,03 - P.D. only,03 - Rear end,01 - Clear,01 - Daylight,01 - Dry,01 - Traffic signal,01 - Functioning,2,0,0,0,,0,,,,,373379.7355,5032536.515,45.42939944,-75.62355721,11266
17--7538,7/21/2017,5:59 PM,FALLOWFIELD RD @ HWY 416 FALLOWFI IC66R24 (0005506),5506,02 - Intersection related,03 - P.D. only,02 - Angle,01 - Clear,01 - Daylight,01 - Dry,01 - Traffic signal,01 - Functioning,2,0,0,0,,0,,,,,360278.3449,5014851.05,45.27142791,-75.79296159,11267
17--7539,7/21/2017,6:03 PM,VICTORIA ST btwn 9TH LINE RD & YORKS CORNERS RD (__3ZA3X9),__3ZA3X9,01 - Non intersection,03 - P.D. only,03 - Rear end,01 - Clear,01 - Daylight,01 - Dry,10 - No control,,2,0,0,0,,0,,,,,387232.6548,5012272.78,45.24558758,-75.44992119,11268
17--754,1/18/2017,10:30 AM,RIVER RD btwn LOWEN DR & MULLIGAN ST (__3ZA38R),__3ZA38R,04 - At/near private drive,03 - P.D. only,07 - SMV other,02 - Rain,01 - Daylight,04 - Slush,10 - No control,,1,0,0,0,,0,,,,,367931.3077,5017567.202,45.29522217,-75.69509268,11269
17--7540,7/21/2017,6:13 PM,DONALD ST @ ST. LAURENT BLVD (0008630),8630,03 - At intersection,02 - Non-fatal injury,05 - Turning movement,01 - Clear,01 - Daylight,01 - Dry,01 - Traffic signal,01 - Functioning,2,0,0,0,02 - Minor,2,,2,,,372093.7129,5032472.904,45.42895201,-75.63999927,11270
17--7541,7/21/2017,6:32 PM,HARTHILL WAY btwn TARTAN DR & BROXBURN CRES (__67PTP5),__67PTP5,01 - Non intersection,02 - Non-fatal injury,03 - Rear end,01 - Clear,01 - Daylight,01 - Dry,10 - No control,,3,0,0,0,01 - Minimal,2,2,,,,362580.3941,5013745.056,45.26129074,-75.7637544,11271
17--7542,7/21/2017,6:54 PM,THAMES ST btwn ARCHIBALD ST & MERIVALE RD (__3ZA060),__3ZA060,04 - At/near private drive,03 - P.D. only,99 - Other,01 - Clear,01 - Daylight,01 - Dry,10 - No control,,2,0,0,0,,0,,,,,364783.0277,5027451.691,45.38443747,-75.73403039,11272
17--7543,7/21/2017,7:15 AM,STONEHAVEN DR btwn RICHMOND RD & SAWYER WAY/SUMMITVIEW DR (__3ZA5XW),__3ZA5XW,04 - At/near private drive,03 - P.D. only,02 - Angle,01 - Clear,01 - Daylight,01 - Dry,10 - No control,,2,0,0,0,,0,,,,,356732.4556,5015865.796,45.28082959,-75.83804255,11273
17--7544,7/21/2017,7:17 PM,HAWTHORNE AVE/ISABELLA ST @ QUEEN ELIZABETH DR (0002105),2105,03 - At intersection,03 - P.D. only,02 - Angle,01 - Clear,01 - Daylight,01 - Dry,01 - Traffic signal,01 - Functioning,2,0,0,0,,0,,,,,368665.2523,5030476.343,45.41130913,-75.68406855,11274
17--7545,7/21/2017,7:24 AM,RICHMOND RD @ STONEHAVEN DR (0010370),10370,03 - At intersection,03 - P.D. only,05 - Turning movement,01 - Clear,01 - Daylight,01 - Dry,01 - Traffic signal,01 - Functioning,2,0,0,0,,0,,,,,356782.0523,5015891.667,45.28105872,-75.8374077,11275
17--7546,7/21/2017,7:25 PM,RIVERSIDE DR btwn HERON RD & RIVERSIDE DR RAMP 34 (__5FDVSE),__5FDVSE,01 - Non intersection,02 - Non-fatal injury,07 - SMV other,01 - Clear,01 - Daylight,01 - Dry,10 - No control,,1,0,1,0,01 - Minimal,1,1,,,,368112.057,5026747.98,45.37781269,-75.69161383,11276
17--7547,7/21/2017,7:35 AM,ESPRIT DR btwn ESPRIT DR N & STORMWIND AVE (__8XI214),__8XI214,01 - Non intersection,03 - P.D. only,06 - SMV unattended vehicle,01 - Clear,01 - Daylight,01 - Dry,10 - No control,,1,0,0,0,,0,,,,,385549.686,5035010.865,45.45036216,-75.46764388,11277
17--7548,7/21/2017,7:50 AM,WHYTE SIDE RD btwn HAWTHORNE RD & RAMSAYVILLE RD (__3ZA6GI),__3ZA6GI,01 - Non intersection,02 - Non-fatal injury,04 - Sideswipe,01 - Clear,01 - Daylight,01 - Dry,10 - No control,,2,0,0,0,01 - Minimal,3,3,,,,377918.1014,5025568.891,45.36624921,-75.56659762,11278
17--7549,7/21/2017,7:57 PM,STITTSVILLE MAIN ST @ MULKINS ST S/WINTERGREEN (0009338),9338,02 - Intersection related,03 - P.D. only,03 - Rear end,01 - Clear,01 - Daylight,01 - Dry,01 - Traffic signal,00 - Unknown,2,0,0,0,,0,,,,,350005.4517,5013641.53,45.26127965,-75.92398618,11279
17--755,1/18/2017,10:35 PM,BARNSDALE RD @ PRINCE OF WALES DR (0001082),1082,03 - At intersection,02 - Non-fatal injury,05 - Turning movement,01 - Clear,07 - Dark,01 - Dry,02 - Stop sign,00 - Unknown,2,0,0,0,02 - Minor,2,,2,,,366647.8668,5011531.744,45.24102957,-75.71220626,11280
17--7550,7/21/2017,8:54 AM,EAGLESON RD @ COPE DR/CADENCE GT (0011923),11923,03 - At intersection,03 - P.D. only,05 - Turning movement,01 - Clear,01 - Daylight,01 - Dry,01 - Traffic signal,01 - Functioning,2,0,0,0,,0,,,,,354621.2103,5016027.028,45.28243319,-75.86493567,11281
17--7551,7/21/2017,9:00 AM,ONTARIO ST @ NORTH RIVER RD (0008540),8540,03 - At intersection,03 - P.D. only,02 - Angle,01 - Clear,01 - Daylight,01 - Dry,02 - Stop sign,01 - Functioning,2,0,0,0,,0,,,,,369938.0696,5032315.261,45.42773769,-75.66756585,11282
17--7552,7/21/2017,9:00 PM,OTTAWA RIVER PKWY @ ISLAND PARK DR (0002127),2127,03 - At intersection,03 - P.D. only,05 - Turning movement,01 - Clear,05 - Dusk,01 - Dry,01 - Traffic signal,01 - Functioning,2,0,0,0,,0,,,,,363298.5341,5029453.545,45.40257537,-75.75274804,11283
17--7553,7/21/2017,9:08 AM,BRIDGE ST @ LONG ISLAND RD (0008838),8838,02 - Intersection related,02 - Non-fatal injury,03 - Rear end,01 - Clear,01 - Daylight,01 - Dry,01 - Traffic signal,01 - Functioning,3,0,0,0,01 - Minimal,1,1,,,,369059.709,5010346.301,45.23014701,-75.68164137,11284
17--7554,7/21/2017,9:19 AM,BASELINE RD @ FISHER AVE (0002346),2346,02 - Intersection related,02 - Non-fatal injury,04 - Sideswipe,01 - Clear,01 - Daylight,01 - Dry,01 - Traffic signal,01 - Functioning,2,1,0,0,02 - Minor,1,,1,,,366167.2291,5026028.8,45.3715147,-75.71653293,11285
17--7555,7/21/2017,9:22 AM,BORRISOKANE RD/TARTAN DR @ STRANDHERD DR (0010634),10634,03 - At intersection,02 - Non-fatal injury,05 - Turning movement,01 - Clear,01 - Daylight,01 - Dry,01 - Traffic signal,01 - Functioning,2,0,0,0,01 - Minimal,1,1,,,,362291.2122,5013545.407,45.25951797,-75.76746199,11286
17--7556,7/21/2017,9:30 PM,CARON ST @ CUMMINGS AVE (0009832),9832,03 - At intersection,02 - Non-fatal injury,03 - Rear end,01 - Clear,07 - Dark,01 - Dry,02 - Stop sign,01 - Functioning,2,1,0,0,02 - Minor,1,,1,,,372530.9221,5032721.082,45.4311428,-75.63437832,11287
17--7557,7/22/2017,1:24 PM,DUNBARTON CRT btwn Continuation of DUNBARTON CRT & Continuation of DUN (__3ZA4C5),__3ZA4C5,01 - Non intersection,03 - P.D. only,99 - Other,01 - Clear,01 - Daylight,01 - Dry,10 - No control,,2,0,0,0,,0,,,,,371193.8965,5034279.39,45.44529195,-75.65125382,11288
17--7558,7/22/2017,1:57 PM,REGIONAL ROAD 174 btwn OR174 IC105 RAMP63 & OR174 IC102 RAMP36 (__3ZA27F),__3ZA27F,01 - Non intersection,02 - Non-fatal injury,07 - SMV other,01 - Clear,01 - Daylight,01 - Dry,10 - No control,,1,0,0,0,02 - Minor,1,,1,,,380321.6678,5037549.864,45.47379057,-75.53408232,11289
17--7559,7/22/2017,10:51 PM,ROGER STEVENS DR btwn DWYER HILL RD & MALAKOFF RD (__3ZA4ZQ),__3ZA4ZQ,01 - Non intersection,03 - P.D. only,07 - SMV other,01 - Clear,07 - Dark,01 - Dry,10 - No control,,1,0,0,0,,0,,,,,361849.3551,4995804.728,45.09991944,-75.77512006,11290
17--756,1/18/2017,11:02 AM,FALLOWFIELD RD @ HOLITMAN DR (0010371),10371,03 - At intersection,03 - P.D. only,02 - Angle,01 - Clear,01 - Daylight,01 - Dry,02 - Stop sign,01 - Functioning,2,0,0,0,,0,,,,,363743.4363,5017135.57,45.29170214,-75.74853344,11291
17--7560,7/22/2017,11:03 AM,INNES RD @ TRIM RD (0012870),12870,02 - Intersection related,03 - P.D. only,03 - Rear end,01 - Clear,01 - Daylight,01 - Dry,01 - Traffic signal,00 - Unknown,2,0,0,0,,0,,,,,386567.3736,5037273.857,45.47060397,-75.45425892,11292
17--7561,7/22/2017,11:11 AM,ALBION RD @ BANK ST (0012409),12409,02 - Intersection related,03 - P.D. only,03 - Rear end,01 - Clear,01 - Daylight,01 - Dry,01 - Traffic signal,01 - Functioning,2,0,0,0,,0,,,,,371946.7279,5024127.996,45.35388202,-75.64301307,11293
17--7562,7/22/2017,11:59 AM,WEST HUNT CLUB RD WB btwn ROYDON PL/SUNDERLAND ST & 545 E OF ROYDON PL (__3ZA3JSA),__3ZA3JSA,01 - Non intersection,03 - P.D. only,03 - Rear end,01 - Clear,01 - Daylight,01 - Dry,10 - No control,,2,0,0,0,,0,,,,,366061.4299,5022223.997,45.337289,-75.71835499,11294
17--7563,7/22/2017,Unknown,OGILVIE RD btwn KENDER AVE & LA VERENDRYE DR (__3ZA7NY),__3ZA7NY,01 - Non intersection,03 - P.D. only,06 - SMV unattended vehicle,01 - Clear,00 - Unknown,01 - Dry,10 - No control,,1,0,0,0,,0,,,,,375386.3545,5035251.943,45.45363162,-75.59752649,11295
17--7564,7/22/2017,12:25 PM,HAWTHORNE RD @ HUNT CLUB RD (0007651),7651,02 - Intersection related,02 - Non-fatal injury,03 - Rear end,01 - Clear,01 - Daylight,01 - Dry,01 - Traffic signal,01 - Functioning,2,0,0,0,02 - Minor,1,,1,,,375506.474,5026404.934,45.37401894,-75.59726011,11296
17--7565,7/22/2017,2:28 AM,DAVID DR @ WOODROFFE AVE (0001098),1098,02 - Intersection related,02 - Non-fatal injury,07 - SMV other,01 - Clear,07 - Dark,01 - Dry,02 - Stop sign,01 - Functioning,1,0,0,0,02 - Minor,1,,1,,,362980.6896,5022908.178,45.34370744,-75.75757882,11297
17--7566,7/22/2017,3:16 AM,REGIONAL ROAD 174 btwn OR174 IC112 RAMP15 & TRANSIT (__3ZA2WA),__3ZA2WA,01 - Non intersection,03 - P.D. only,07 - SMV other,01 - Clear,07 - Dark,01 - Dry,10 - No control,,1,0,0,0,,0,,,,,375521.2165,5033367.084,45.43665915,-75.59607335,11298
17--7567,7/22/2017,3:29 PM,HOPE SIDE RD @ RICHMOND RD (0000581),581,02 - Intersection related,03 - P.D. only,03 - Rear end,01 - Clear,01 - Daylight,01 - Dry,02 - Stop sign,00 - Unknown,2,0,0,0,,0,,,,,356954.4411,5015486.337,45.27739872,-75.83525307,11299
17--7568,7/22/2017,4:13 PM,EAGLESON RD btwn 146 N OF ABBEYHILL DR/HAZELDEAN MALL SC & ABBEYHILL D (__3ZA41OB),__3ZA41OB,01 - Non intersection,02 - Non-fatal injury,03 - Rear end,01 - Clear,01 - Daylight,01 - Dry,10 - No control,,2,0,0,0,02 - Minor,1,,1,,,353820.4334,5018050.851,45.30070031,-75.87494245,11300
17--7299,7/14/2017,6:19 AM,ANDERSON RD @ INNES RD (0004200),4200,03 - At intersection,02 - Non-fatal injury,02 - Angle,01 - Clear,01 - Daylight,01 - Dry,01 - Traffic signal,01 - Functioning,2,0,0,0,02 - Minor,1,,1,,,376282.017,5031842.521,45.42286469,-75.58657168,11301
17--73,1/3/2017,5:56 PM,ALTHA AVE @ MONTREAL RD (0009344),9344,03 - At intersection,03 - P.D. only,02 - Angle,04 - Freezing Rain,07 - Dark,04 - Slush,02 - Stop sign,01 - Functioning,2,0,0,0,,0,,,,,370621.5825,5033374.624,45.4372054,-75.6586902,11302
17--730,1/17/2017,5:31 PM,ST. LAURENT BLVD @ MCARTHUR AVE (0008246),8246,02 - Intersection related,03 - P.D. only,04 - Sideswipe,01 - Clear,05 - Dusk,01 - Dry,01 - Traffic signal,01 - Functioning,2,0,0,0,,0,,,,,371922.6345,5032887.718,45.43270076,-75.64212883,11303
17--7300,7/14/2017,6:43 PM,GOLDRIDGE DR @ HIGHMONT CRT/WINDCREST CRT (0011841),11841,03 - At intersection,02 - Non-fatal injury,07 - SMV other,01 - Clear,01 - Daylight,01 - Dry,02 - Stop sign,01 - Functioning,1,0,0,2,02 - Minor,2,,2,,,350221.0772,5019688.396,45.31567733,-75.92068516,11304
17--7301,7/14/2017,6:52 PM,HWY417 IC117 RAMP51 btwn HIGHWAY 417 & HWY417 IC117 RAMP53 (__3ZAY9J),__3ZAY9J,01 - Non intersection,03 - P.D. only,07 - SMV other,01 - Clear,01 - Daylight,01 - Dry,10 - No control,,1,0,0,0,,0,,,,,370487.0118,5031132.694,45.4170461,-75.66070906,11305
17--7302,7/14/2017,7:30 PM,HIGHWAY 417 btwn HWY417 IC129 RAMP51 & HWY417 IC129 RAMP35 (__3ZA2X9),__3ZA2X9,01 - Non intersection,03 - P.D. only,04 - Sideswipe,02 - Rain,01 - Daylight,02 - Wet,10 - No control,,2,0,0,0,,0,,,,,360293.6328,5023400.698,45.34835685,-75.79180935,11306
17--7303,7/14/2017,7:43 AM,FALLOWFIELD RD @ MOODIE DR (0010412),10412,03 - At intersection,02 - Non-fatal injury,04 - Sideswipe,01 - Clear,01 - Daylight,01 - Dry,01 - Traffic signal,01 - Functioning,2,0,0,0,02 - Minor,1,,1,,,359501.6559,5014635.61,45.2695502,-75.80288302,11307
17--7304,7/14/2017,7:47 AM,ACACIA AVE @ BEECHWOOD AVE (0005753),5753,03 - At intersection,02 - Non-fatal injury,05 - Turning movement,01 - Clear,01 - Daylight,01 - Dry,02 - Stop sign,01 - Functioning,2,0,1,0,01 - Minimal,1,1,,,,369635.0421,5033941.259,45.44239592,-75.67122386,11308
17--7305,7/14/2017,7:51 PM,RIVER MIST RD btwn BRAMBLING WAY & RIVER ROCK AVE (__61W6V0),__61W6V0,01 - Non intersection,03 - P.D. only,06 - SMV unattended vehicle,01 - Clear,01 - Daylight,02 - Wet,10 - No control,,1,0,0,0,,0,,,,,364432.214,5012488.316,45.24982802,-75.74031111,11309
17--7306,7/14/2017,8:24 AM,HIGHWAY 417 btwn HWY417 IC119B RAMP76 & HWY417 IC119A RAMP67 (__3ZA2YT),__3ZA2YT,01 - Non intersection,02 - Non-fatal injury,03 - Rear end,01 - Clear,01 - Daylight,01 - Dry,10 - No control,,2,0,0,0,01 - Minimal,1,1,,,,368435.7247,5030448.964,45.4110837,-75.68700419,11310
17--7307,7/14/2017,9:00 AM,KING EDWARD AVE @ LAURIER AVE (0002170),2170,02 - Intersection related,03 - P.D. only,03 - Rear end,01 - Clear,01 - Daylight,01 - Dry,01 - Traffic signal,01 - Functioning,2,0,0,0,,0,,,,,368738.5091,5032035.929,45.42533505,-75.68293036,11311
17--7308,7/14/2017,9:06 AM,FALLOWFIELD RD @ WOLFGANG DR (0000107),107,02 - Intersection related,03 - P.D. only,03 - Rear end,01 - Clear,01 - Daylight,01 - Dry,02 - Stop sign,00 - Unknown,2,0,0,0,,0,,,,,363407.025,5016944.793,45.29001367,-75.75284451,11312
17--7309,7/15/2017,1:28 PM,MCRAE AVE @ RICHMOND RD (0006867),6867,03 - At intersection,02 - Non-fatal injury,07 - SMV other,01 - Clear,01 - Daylight,01 - Dry,01 - Traffic signal,01 - Functioning,1,0,0,1,01 - Minimal,1,1,,,,363609.0489,5028538.555,45.39431644,-75.748891,11313
17--731,1/17/2017,5:42 PM,BELFAST RD @ COVENTRY RD (0002646),2646,02 - Intersection related,02 - Non-fatal injury,03 - Rear end,01 - Clear,07 - Dark,01 - Dry,01 - Traffic signal,01 - Functioning,2,0,0,0,01 - Minimal,2,2,,,,371524.1945,5031640.381,45.42151591,-75.64738957,11314
17--7310,7/15/2017,1:45 PM,INDUSTRIAL AVE @ RIVERSIDE DR (0011905),11905,02 - Intersection related,03 - P.D. only,03 - Rear end,01 - Clear,01 - Daylight,01 - Dry,01 - Traffic signal,01 - Functioning,2,0,0,0,,0,,,,,370683.8001,5030592.324,45.41216557,-75.65826719,11315
17--7311,7/15/2017,10:00 PM,FALLOWFIELD RD @ WOODROFFE AVE (0010372),10372,02 - Intersection related,03 - P.D. only,04 - Sideswipe,01 - Clear,07 - Dark,01 - Dry,01 - Traffic signal,01 - Functioning,2,0,0,0,,0,,,,,365085.15,5017901.595,45.29848097,-75.73133642,11316
17--7312,7/15/2017,11:04 AM,CYRVILLE RD @ INNES RD (0009352),9352,03 - At intersection,03 - P.D. only,02 - Angle,01 - Clear,01 - Daylight,01 - Dry,01 - Traffic signal,01 - Functioning,2,0,0,0,,0,,,,,375048.1839,5031119.335,45.41648284,-75.60243928,11317
17--7313,7/15/2017,11:08 AM,CRAIG HENRY DR @ JACK AARON DR (0005420),5420,03 - At intersection,03 - P.D. only,02 - Angle,01 - Clear,01 - Daylight,01 - Dry,02 - Stop sign,01 - Functioning,2,0,0,0,,0,,,,,362421.1934,5021883.453,45.3345332,-75.76483707,11318
17--7314,7/15/2017,Unknown,ASTELIA CRES btwn SANTOLINA ST & SANTOLINA ST (e___1G9E),e___1G9E,01 - Non intersection,03 - P.D. only,06 - SMV unattended vehicle,01 - Clear,00 - Unknown,01 - Dry,10 - No control,,1,0,0,0,,0,,,,,349861.8855,5016161.087,45.28396069,-75.92558676,11319
17--7315,7/15/2017,Unknown,ROCKWAY CRES btwn ROCKWAY CRES & END (__3ZABH0),__3ZABH0,01 - Non intersection,03 - P.D. only,06 - SMV unattended vehicle,01 - Clear,00 - Unknown,01 - Dry,10 - No control,,1,0,0,0,,0,,,,,361287.0786,5022693.759,45.34191653,-75.77921307,11320
17--7316,7/15/2017,Unknown,CEDAROCK DR btwn HANOVER CRT & SPRINGTREE PL (__3ZA2VO),__3ZA2VO,01 - Non intersection,03 - P.D. only,06 - SMV unattended vehicle,01 - Clear,00 - Unknown,01 - Dry,10 - No control,,1,0,0,0,,0,,,,,354996.4805,5016880.026,45.29008194,-75.86006616,11321
17--7317,7/15/2017,12:00 PM,BLACKBURN BYPASS @ INNES RD W (0009340),9340,02 - Intersection related,03 - P.D. only,03 - Rear end,01 - Clear,01 - Daylight,01 - Dry,01 - Traffic signal,01 - Functioning,2,0,0,0,,0,,,,,377186.2533,5032175.927,45.42577149,-75.57496946,11322
17--7318,7/15/2017,12:04 PM,NORICE ST btwn SULLIVAN AVE & BROOK LANE (__3ZA0GO),__3ZA0GO,01 - Non intersection,03 - P.D. only,07 - SMV other,01 - Clear,01 - Daylight,01 - Dry,10 - No control,,1,0,0,0,,0,,,,,363588.9731,5022616.245,45.34102994,-75.7498521,11323
17--7319,7/15/2017,12:07 PM,JEANNE D'ARC BLVD  S btwn ST. JOSEPH BLVD & WOODCLIFFE PRIV (__4FNS33),__4FNS33,01 - Non intersection,03 - P.D. only,07 - SMV other,01 - Clear,01 - Daylight,01 - Dry,10 - No control,,1,0,0,0,,0,,,,,379902.4272,5036410.77,45.46358711,-75.53961769,11324
17--732,1/17/2017,5:45 PM,BANK ST btwn PHILNOR ST & SALE BARN RD (__3ZA28K),__3ZA28K,01 - Non intersection,03 - P.D. only,07 - SMV other,03 - Snow,07 - Dark,03 - Loose snow,10 - No control,,1,0,0,0,,0,,,,,379965.3011,5013553.096,45.2579209,-75.54229008,11325
17--7320,7/15/2017,12:08 PM,LAURIER AVE @ LYON ST (0002206),2206,03 - At intersection,02 - Non-fatal injury,02 - Angle,01 - Clear,01 - Daylight,01 - Dry,01 - Traffic signal,01 - Functioning,2,1,0,0,01 - Minimal,1,1,,,,367153.9531,5031068.478,45.41677327,-75.70329983,11326
17--7321,7/15/2017,12:08 PM,ST. JOSEPH BLVD @ JEANNE D'ARC BLVD (0012421),12421,03 - At intersection,02 - Non-fatal injury,02 - Angle,01 - Clear,01 - Daylight,01 - Dry,11 - Roundabout,01 - Functioning,2,0,0,0,01 - Minimal,1,1,,,,379860.7425,5036471.262,45.46413585,-75.54014143,11327
17--7322,7/15/2017,12:23 PM,WOODROFFE AVE btwn GEORGINA DR & HWY417 IC127 RAMP36 (__3ZA4L6),__3ZA4L6,01 - Non intersection,03 - P.D. only,04 - Sideswipe,01 - Clear,01 - Daylight,01 - Dry,10 - No control,,2,0,0,0,,0,,,,,361969.6577,5025219.198,45.36458498,-75.77021191,11328
17--7323,7/15/2017,12:40 AM,HIGHWAY 417 btwn HWY417 IC119A RAMP67 & HWY417 IC118 RAMP76 (__3ZA2YS),__3ZA2YS,01 - Non intersection,03 - P.D. only,07 - SMV other,02 - Rain,07 - Dark,02 - Wet,10 - No control,,1,0,0,0,,0,,,,,368706.8175,5030596.056,45.41238248,-75.68352205,11329
17--7324,7/15/2017,2:20 PM,HUNT CLUB RD @ LORRY GREENBERG DR/SABLE RIDGE  (0008203),8203,03 - At intersection,03 - P.D. only,05 - Turning movement,01 - Clear,01 - Daylight,01 - Dry,01 - Traffic signal,01 - Functioning,2,0,0,0,,0,,,,,372823.6328,5024807.892,45.35991495,-75.63172894,11330
17--7325,7/15/2017,2:36 PM,JEANNE D'ARC BLVD @ ORLEANS BLVD S (0004154),4154,02 - Intersection related,03 - P.D. only,04 - Sideswipe,01 - Clear,01 - Daylight,01 - Dry,01 - Traffic signal,01 - Functioning,2,0,0,0,,0,,,,,380940.8133,5036249.598,45.4620246,-75.52636607,11331
17--7326,7/15/2017,2:55 PM,RIDGEWOOD AVE @ RIVERSIDE DR (0007180),7180,02 - Intersection related,03 - P.D. only,03 - Rear end,01 - Clear,01 - Daylight,01 - Dry,01 - Traffic signal,01 - Functioning,2,0,0,0,,0,,,,,368281.3135,5025609.228,45.36755119,-75.68959929,11332
17--7327,7/15/2017,3:16 PM,EAGLESON RD @ MICHAEL COWPLAND DR/STONEHAVEN D (0003544),3544,02 - Intersection related,03 - P.D. only,03 - Rear end,01 - Clear,01 - Daylight,01 - Dry,01 - Traffic signal,01 - Functioning,3,0,1,0,,0,,,,,354382.9769,5016624.662,45.28782768,-75.8679125,11333
17--7328,7/15/2017,3:29 PM,RAMSEY CRES btwn DUMAURIER AVE & DUMAURIER AVE (__3ZABJ3),__3ZABJ3,01 - Non intersection,02 - Non-fatal injury,07 - SMV other,01 - Clear,01 - Daylight,01 - Dry,10 - No control,,1,0,1,0,02 - Minor,1,,1,,,360074.1497,5023401.651,45.34838276,-75.79461,11334
17--7329,7/15/2017,3:40 AM,BELFAST RD @ ST. LAURENT BLVD (0007658),7658,03 - At intersection,03 - P.D. only,02 - Angle,02 - Rain,07 - Dark,02 - Wet,01 - Traffic signal,01 - Functioning,2,0,0,0,,0,,,,,372860.7241,5030579.251,45.41183961,-75.63045973,11335
17--733,1/17/2017,5:56 PM,MCKITRICK DR @ CASTLEFRANK RD (0003908),3908,03 - At intersection,03 - P.D. only,05 - Turning movement,03 - Snow,07 - Dark,02 - Wet,02 - Stop sign,01 - Functioning,2,0,0,0,,0,,,,,353105.7036,5017338.18,45.29433703,-75.88412483,11336
17--7330,7/15/2017,4:07 PM,BERRIGAN DR @ CLARIDGE DR (0011030),11030,03 - At intersection,03 - P.D. only,02 - Angle,01 - Clear,01 - Daylight,01 - Dry,02 - Stop sign,01 - Functioning,2,0,0,0,,0,,,,,364654.2922,5015847.892,45.28003866,-75.73707735,11337
17--7331,7/15/2017,4:19 PM,BASELINE RD @ CORDOVA ST (0003208),3208,02 - Intersection related,03 - P.D. only,03 - Rear end,01 - Clear,01 - Daylight,01 - Dry,01 - Traffic signal,01 - Functioning,2,0,0,0,,0,,,,,363593.3538,5024408.858,45.35715933,-75.74958309,11338
17--7332,7/15/2017,4:50 PM,HIGHWAY 417 btwn HWY417 IC117 RAMP25 & HWY417 IC115 RAMP51 (__3ZA2R3),__3ZA2R3,01 - Non intersection,02 - Non-fatal injury,04 - Sideswipe,01 - Clear,01 - Daylight,01 - Dry,10 - No control,,2,0,0,0,01 - Minimal,1,1,,,,371532.1498,5031398.486,45.41933868,-75.64732069,11339
17--7333,7/15/2017,5:05 AM,GOULBOURN FORCED RD btwn TERRY FOX DR & KANATA ROCKERIES PRIV (__5UAEGG),__5UAEGG,01 - Non intersection,03 - P.D. only,07 - SMV other,01 - Clear,03 - Dawn,02 - Wet,10 - No control,,1,0,0,0,,0,,,,,349260.8062,5021484.462,45.33190028,-75.93277089,11340
17--7334,7/15/2017,5:54 AM,INNES RD btwn STONEHENGE CRES & STONEHENGE CRES (__3ZA3RG),__3ZA3RG,04 - At/near private drive,03 - P.D. only,02 - Angle,01 - Clear,03 - Dawn,01 - Dry,10 - No control,,2,0,0,0,,0,,,,,375307.3506,5031280.339,45.4179054,-75.59910528,11341
17--7335,7/15/2017,6:50 PM,CLYDE AVE @ MAITLAND AVE (0003214),3214,02 - Intersection related,03 - P.D. only,04 - Sideswipe,01 - Clear,01 - Daylight,01 - Dry,03 - Yield sign,00 - Unknown,2,0,0,0,,0,,,,,364250.229,5025139.714,45.36368008,-75.7411118,11342
17--7336,7/15/2017,7:15 AM,WEST HUNT CLUB RD WB btwn MERIVALE RD & ROYDON PL (__3ZA3JR),__3ZA3JR,01 - Non intersection,02 - Non-fatal injury,07 - SMV other,01 - Clear,01 - Daylight,02 - Wet,10 - No control,,1,0,0,0,02 - Minor,1,,1,,,365869.1055,5022102.755,45.33621485,-75.72082362,11343
17--7337,7/15/2017,7:43 PM,VIEWMOUNT DR @ MERIVALE RD (0001528),1528,03 - At intersection,03 - P.D. only,02 - Angle,01 - Clear,01 - Daylight,01 - Dry,01 - Traffic signal,01 - Functioning,2,0,0,0,,0,,,,,365193.0591,5022948.814,45.3438861,-75.72934519,11344
17--7338,7/15/2017,8:41 AM,CAMERON ST @ REGIONAL RD 174 (0012883),12883,02 - Intersection related,03 - P.D. only,01 - Approaching,01 - Clear,01 - Daylight,01 - Dry,01 - Traffic signal,00 - Unknown,2,0,0,0,,0,,,,,389861.2206,5042618.237,45.51829299,-75.41121442,11345