Anom_ID,Accident_Date,Accident_Time,Location,Geo_ID,Accident_Location,Classification_of_Accident,Initial_Impact_Type,Environment_Condition,Light,Road_Surface_Condition,Traffic_Control,Traffic_Control_Condition,No__of_Vehicles,No__of_Bicycles,No__of_Motorcycles,No__of_Pedestrians,Max_Injury,No__of_Injuries,No__of_Minimal,No__of_Minor,No__of_Major,No__of_Fatal,X,Y,Latitude,Longitude,ObjectId
17--7339,7/15/2017,8:48 AM,CENTER ST @ MONTREAL RD (0002691),2691,02 - Intersection related,02 - Non-fatal injury,02 - Angle,01 - Clear,01 - Daylight,01 - Dry,02 - Stop sign,01 - Functioning,2,1,0,0,01 - Minimal,1,1,,,,371821.3763,5033951.44,45.44228134,-75.643278,11346
17--734,1/17/2017,6:21 PM,ALDBURN PL @ ABBEYHILL DR (0003646),3646,02 - Intersection related,03 - P.D. only,02 - Angle,01 - Clear,07 - Dark,01 - Dry,10 - No control,00 - Unknown,2,0,0,0,,0,,,,,353286.1664,5017353.717,45.29446441,-75.88182263,11347
17--7340,7/15/2017,8:48 PM,GREENBANK RD @ WEST HUNT CLUB RD (0005167),5167,03 - At intersection,03 - P.D. only,05 - Turning movement,01 - Clear,05 - Dusk,01 - Dry,01 - Traffic signal,01 - Functioning,2,0,0,0,,0,,,,,361479.677,5020502.16,45.32218103,-75.77700663,11348
17--7341,7/15/2017,9:09 PM,INNES RD @ 260 E OF BELCOURT BLVD/WALMART SC (0012533),12533,02 - Intersection related,03 - P.D. only,05 - Turning movement,01 - Clear,05 - Dusk,01 - Dry,01 - Traffic signal,00 - Unknown,2,0,0,0,,0,,,,,382347.3057,5035399.045,45.45421734,-75.50851768,11349
17--7342,7/15/2017,9:30 AM,COLONEL BY DR @ HOG'S BACK RD (0002635),2635,03 - At intersection,03 - P.D. only,05 - Turning movement,01 - Clear,01 - Daylight,01 - Dry,01 - Traffic signal,00 - Unknown,2,0,0,0,,0,,,,,367600.8284,5025876.831,45.37002032,-75.69825146,11350
17--7343,7/16/2017,1:11 AM,HIGHWAY 417 btwn HWY417 IC126 RAMP16 & HWY417 IC126 RAMP61 (__3ZA2RC),__3ZA2RC,01 - Non intersection,02 - Non-fatal injury,07 - SMV other,01 - Clear,07 - Dark,01 - Dry,10 - No control,,1,0,0,0,01 - Minimal,1,1,,,,363116.7955,5025799.257,45.36970978,-75.75550111,11351
17--7344,7/16/2017,1:20 AM,CARP RD @ JUANITA AVE (0005763),5763,03 - At intersection,03 - P.D. only,02 - Angle,01 - Clear,07 - Dark,01 - Dry,02 - Stop sign,01 - Functioning,2,0,0,0,,0,,,,,340737.8639,5023332.699,45.34901969,-76.04136806,11352
17--7345,7/16/2017,1:45 PM,CARLING AVE @ PARKDALE AVE (0008792),8792,02 - Intersection related,03 - P.D. only,02 - Angle,01 - Clear,01 - Daylight,01 - Dry,01 - Traffic signal,01 - Functioning,2,0,0,0,,0,,,,,365627.2621,5028172.87,45.39085368,-75.72316181,11353
17--7346,7/16/2017,10:02 PM,BOOTH ST btwn ARLINGTON AVE & RAYMOND ST (__3ZA31O),__3ZA31O,01 - Non intersection,02 - Non-fatal injury,06 - SMV unattended vehicle,01 - Clear,07 - Dark,01 - Dry,10 - No control,,1,0,0,0,01 - Minimal,2,2,,,,366856.2733,5029650.773,45.40404363,-75.70728141,11354
17--7347,7/16/2017,10:56 AM,BANK ST @ CHAMBERLAIN AVE N/ISABELLA ST (0002132),2132,03 - At intersection,03 - P.D. only,02 - Angle,01 - Clear,01 - Daylight,01 - Dry,01 - Traffic signal,01 - Functioning,2,0,0,0,,0,,,,,368082.8009,5030166.688,45.40857587,-75.69154885,11355
17--7348,7/16/2017,2:19 AM,LONGFIELDS DR @ MOUNTSHANNON DR E (0000028),28,02 - Intersection related,03 - P.D. only,07 - SMV other,01 - Clear,07 - Dark,01 - Dry,11 - Roundabout,00 - Unknown,1,0,0,0,,0,,,,,364886.4638,5016801.212,45.2885968,-75.73400285,11356
17--7349,7/16/2017,2:30 PM,NELSON ST @ RIDEAU ST (0007626),7626,02 - Intersection related,03 - P.D. only,04 - Sideswipe,01 - Clear,01 - Daylight,01 - Dry,01 - Traffic signal,01 - Functioning,2,0,0,0,,0,,,,,368650.9811,5032498.148,45.42950192,-75.68398884,11357
17--735,1/17/2017,6:56 PM,CUMBERLAND ST @ MURRAY ST (0008237),8237,03 - At intersection,03 - P.D. only,02 - Angle,03 - Snow,07 - Dark,03 - Loose snow,01 - Traffic signal,01 - Functioning,2,0,0,0,,0,,,,,368169.604,5032680.678,45.43118805,-75.69011669,11358
17--7350,7/16/2017,3:00 PM,QUEEN ELIZABETH DRWY btwn PRESTON ST & CRESCENT HGTS (__3ZA217),__3ZA217,01 - Non intersection,02 - Non-fatal injury,07 - SMV other,01 - Clear,01 - Daylight,01 - Dry,10 - No control,,1,0,0,1,02 - Minor,1,,1,,,367138.1667,5028947.913,45.39769445,-75.70376964,11359
17--7351,7/16/2017,3:10 PM,NIXON DR @ TAYLOR WAY (0005374),5374,02 - Intersection related,02 - Non-fatal injury,07 - SMV other,01 - Clear,01 - Daylight,01 - Dry,10 - No control,00 - Unknown,1,0,0,0,01 - Minimal,1,1,,,,374277.6322,5000769.108,45.14347734,-75.61653195,11360
17--7352,7/16/2017,3:41 AM,REGIONAL RD 174 @ TRIM RD (0012835),12835,02 - Intersection related,03 - P.D. only,07 - SMV other,01 - Clear,07 - Dark,01 - Dry,01 - Traffic signal,01 - Functioning,1,0,0,0,,0,,,,,384351.8111,5039990.248,45.49529933,-75.48214964,11361
17--7353,7/16/2017,3:54 PM,REGIONAL ROAD 174 btwn OR174 IC102 RAMP51 & REGIONAL ROAD 174 (__3ZA1I7),__3ZA1I7,01 - Non intersection,03 - P.D. only,04 - Sideswipe,01 - Clear,01 - Daylight,01 - Dry,10 - No control,,2,0,0,0,,0,,,,,381361.303,5038105.508,45.47867658,-75.52070079,11362
17--7354,7/16/2017,6:00 AM,FALLOWFIELD RD btwn HUNTLEY RD & KIMINI DR (__3ZBOB9),__3ZBOB9,01 - Non intersection,03 - P.D. only,07 - SMV other,01 - Clear,01 - Daylight,01 - Dry,10 - No control,,1,0,0,0,,0,,,,,352458.7737,5009665.555,45.22534056,-75.89310839,11363
17--7355,7/16/2017,6:42 PM,MONTREAL RD @ GRANVILLE ST/LAFONTAINE AVE (0009348),9348,02 - Intersection related,03 - P.D. only,05 - Turning movement,01 - Clear,01 - Daylight,01 - Dry,01 - Traffic signal,01 - Functioning,2,0,0,0,,0,,,,,370826.8867,5033474.316,45.43808302,-75.65605299,11364
17--7356,7/16/2017,6:51 PM,CARLING AVE @ FAIRLAWN AVE/WOODROFFE AVE E (0002393),2393,03 - At intersection,02 - Non-fatal injury,02 - Angle,01 - Clear,01 - Daylight,01 - Dry,01 - Traffic signal,01 - Functioning,2,0,0,0,02 - Minor,1,,1,,,361934.6841,5025830.528,45.37008852,-75.77058762,11365
17--7357,7/16/2017,8:49 AM,BANK ST @ CHAMBERLAIN AVE N/ISABELLA ST (0002132),2132,03 - At intersection,02 - Non-fatal injury,02 - Angle,01 - Clear,01 - Daylight,01 - Dry,01 - Traffic signal,01 - Functioning,2,0,0,0,02 - Minor,1,,1,,,368082.7121,5030166.333,45.40857268,-75.69155003,11366
17--7358,7/17/2017,11:22 AM,CARRIERE ST @ ORLEANS BLVD (0008769),8769,02 - Intersection related,03 - P.D. only,03 - Rear end,01 - Clear,01 - Daylight,01 - Dry,01 - Traffic signal,01 - Functioning,2,0,0,0,,0,,,,,380794.9606,5036609.27,45.46527652,-75.52817526,11367
17--7359,7/17/2017,11:28 AM,MERSEY DR btwn FLAMBOROUGH WAY & WESTMORELAND AVE (__3ZAZ2A),__3ZAZ2A,04 - At/near private drive,03 - P.D. only,06 - SMV unattended vehicle,01 - Clear,01 - Daylight,01 - Dry,10 - No control,,1,0,0,0,,0,,,,,349186.5408,5023798.01,45.35272285,-75.93351074,11368
17--736,1/17/2017,7:10 AM,BASELINE RD @ WOODROFFE AVE (0002225),2225,02 - Intersection related,03 - P.D. only,03 - Rear end,01 - Clear,07 - Dark,01 - Dry,01 - Traffic signal,01 - Functioning,2,0,0,0,,0,,,,,362550.1636,5023770.741,45.3515043,-75.76297141,11369
17--7360,7/17/2017,12:48 AM,DUPLANTE AVE btwn TEMPO ST & ALINE AVE (__3ZAZ6X),__3ZAZ6X,01 - Non intersection,03 - P.D. only,06 - SMV unattended vehicle,01 - Clear,07 - Dark,01 - Dry,10 - No control,,1,0,0,0,,0,,,,,385186.535,5038325.4,45.48022503,-75.47174382,11370
17--7361,7/17/2017,2:32 AM,YORK ST WB btwn BYWARD MARKE SQ & SUSSEX DR (__3ZA1B0),__3ZA1B0,01 - Non intersection,03 - P.D. only,07 - SMV other,01 - Clear,07 - Dark,01 - Dry,10 - No control,,1,0,0,0,,0,,,,,367808.3778,5032269.595,45.4275219,-75.69478541,11371
17--7362,7/17/2017,2:35 PM,BANK ST @ RIDEAU RD (0009263),9263,02 - Intersection related,03 - P.D. only,03 - Rear end,01 - Clear,01 - Daylight,01 - Dry,01 - Traffic signal,01 - Functioning,2,0,0,0,,0,,,,,376954.7525,5017844.172,45.29684558,-75.58001984,11372
17--7363,7/17/2017,2:55 PM,CEDARVIEW RD btwn BRUIN RD & HWY416 IC72 RAMP62 (__3ZAZO7),__3ZAZO7,01 - Non intersection,02 - Non-fatal injury,05 - Turning movement,01 - Clear,01 - Daylight,01 - Dry,10 - No control,,2,0,0,0,01 - Minimal,2,2,,,,359568.0877,5019812.788,45.31612976,-75.80146481,11373
17--7364,7/17/2017,3:12 PM,HIGHWAY 417 btwn HWY417 IC124 RAMP67 & HWY417 IC123 RAMP62 (__3ZA2YZ),__3ZA2YZ,01 - Non intersection,03 - P.D. only,04 - Sideswipe,01 - Clear,01 - Daylight,01 - Dry,10 - No control,,2,0,0,0,,0,,,,,364622.8068,5027804.803,45.3876284,-75.73603339,11374
17--7365,7/17/2017,3:18 PM,BROADHEAD AVE @ CLARE ST (0011286),11286,02 - Intersection related,03 - P.D. only,03 - Rear end,01 - Clear,01 - Daylight,01 - Dry,02 - Stop sign,01 - Functioning,2,0,0,0,,0,,,,,363875.6952,5027894.212,45.38849631,-75.74556283,11375
17--7366,7/17/2017,3:21 PM,AIRPORT PKWY btwn RAMP & TO BE DETERMINED (__3ZA222),__3ZA222,01 - Non intersection,03 - P.D. only,07 - SMV other,01 - Clear,01 - Daylight,01 - Dry,10 - No control,,1,0,0,0,,0,,,,,369821.38,5025787.979,45.36901836,-75.66991736,11376
17--7367,7/17/2017,3:30 PM,HIGHWAY 417 btwn HWY417 IC118 RAMP57 & HWY417 IC118 RAMP35 (__3ZA2YQ),__3ZA2YQ,01 - Non intersection,03 - P.D. only,03 - Rear end,01 - Clear,01 - Daylight,01 - Dry,10 - No control,,2,0,0,0,,0,,,,,369458.024,5031037.047,45.41628135,-75.67386773,11377
17--7368,7/17/2017,3:31 PM,CATHERINE ST @ ELGIN ST (0002638),2638,03 - At intersection,03 - P.D. only,05 - Turning movement,01 - Clear,01 - Daylight,01 - Dry,01 - Traffic signal,01 - Functioning,2,0,0,0,,0,,,,,368553.7129,5030576.234,45.41221809,-75.68548049,11378
17--7369,7/17/2017,3:42 PM,BLAIR RD @ INNES RD (0004165),4165,02 - Intersection related,03 - P.D. only,03 - Rear end,01 - Clear,01 - Daylight,01 - Dry,01 - Traffic signal,01 - Functioning,3,0,0,0,,0,,,,,375578.1261,5031438.033,45.4192969,-75.59562328,11379
17--737,1/17/2017,7:10 PM,HWY 417 INNES IC112R57 @ INNES RD (0012298),12298,03 - At intersection,03 - P.D. only,02 - Angle,01 - Clear,07 - Dark,01 - Dry,01 - Traffic signal,01 - Functioning,2,0,0,0,,0,,,,,374298.7414,5030753.478,45.41326589,-75.61206533,11380
17--7370,7/17/2017,3:46 PM,BLAIR RD btwn BEAVERPOND DR & INNES RD (__3ZA2EZ),__3ZA2EZ,01 - Non intersection,03 - P.D. only,04 - Sideswipe,01 - Clear,01 - Daylight,01 - Dry,10 - No control,,2,0,0,0,,0,,,,,375551.0935,5031509.831,45.41994563,-75.59595834,11381
17--7371,7/17/2017,3:48 PM,TENTH LINE RD @ CHARLEMAGNE BLVD S/DES EPINETT (0003686),3686,02 - Intersection related,03 - P.D. only,03 - Rear end,01 - Clear,01 - Daylight,01 - Dry,01 - Traffic signal,01 - Functioning,2,0,0,0,,0,,,,,383640.9751,5036900.456,45.46758093,-75.49173924,11382
17--7372,7/17/2017,3:56 PM,INNES RD @ JEANNE D'ARC BLVD/MER BLEUE RD (0012475),12475,02 - Intersection related,03 - P.D. only,03 - Rear end,01 - Clear,01 - Daylight,01 - Dry,01 - Traffic signal,01 - Functioning,3,0,0,0,,0,,,,,382637.1521,5035566.651,45.45569309,-75.50478588,11383
17--7373,7/17/2017,4:00 PM,CATHERINE ST @ METCALFE ST (0011239),11239,02 - Intersection related,03 - P.D. only,03 - Rear end,01 - Clear,01 - Daylight,01 - Dry,01 - Traffic signal,01 - Functioning,2,0,0,0,,0,,,,,368392.4125,5030488.3,45.41144156,-75.68755241,11384
17--7374,7/17/2017,4:50 PM,CHAMPLAIN BRIDGE/ISLAND PARK DR btwn BATE ISLAND & OTTAWA RIVER PKWY (__3ZA2ZEB),__3ZA2ZEB,01 - Non intersection,03 - P.D. only,03 - Rear end,01 - Clear,01 - Daylight,01 - Dry,10 - No control,,2,0,0,0,,0,,,,,363092.5266,5029875.598,45.40639011,-75.75532943,11385
17--7375,7/17/2017,5:53 PM,PRINCE OF WALES DR @ WEST HUNT CLUB RD (0000567),567,02 - Intersection related,03 - P.D. only,03 - Rear end,01 - Clear,01 - Daylight,01 - Dry,01 - Traffic signal,00 - Unknown,2,0,0,0,,0,,,,,367457.4926,5021891.808,45.33417674,-75.70058617,11386
17--7376,7/17/2017,6:30 PM,WOODROFFE AVE/HWY 417 WOODROFF IC127R25 @ HWY  (0002348),2348,02 - Intersection related,03 - P.D. only,03 - Rear end,01 - Clear,01 - Daylight,01 - Dry,01 - Traffic signal,01 - Functioning,2,0,0,0,,0,,,,,362180.0463,5024694.512,45.35984671,-75.76758737,11387
17--7377,7/17/2017,6:30 PM,ALBION RD @ JOHNSTON RD (0006883),6883,02 - Intersection related,03 - P.D. only,03 - Rear end,01 - Clear,01 - Daylight,01 - Dry,02 - Stop sign,01 - Functioning,2,0,0,0,,0,,,,,371504.5336,5025226.417,45.36380745,-75.64850788,11388
17--7378,7/17/2017,6:40 PM,TULANE CRES btwn ANTLER AVE & ANTLER AVE (__3ZAAAM),__3ZAAAM,04 - At/near private drive,03 - P.D. only,06 - SMV unattended vehicle,01 - Clear,01 - Daylight,01 - Dry,10 - No control,,1,0,0,0,,0,,,,,363150.7409,5014979.375,45.27235012,-75.75634256,11389
17--7379,7/17/2017,6:42 AM,COLONNADE RD @ MERIVALE RD (0004569),4569,02 - Intersection related,03 - P.D. only,07 - SMV other,01 - Clear,01 - Daylight,01 - Dry,01 - Traffic signal,00 - Unknown,1,0,0,0,,0,,,,,365364.9771,5022545.778,45.34024481,-75.72720094,11390
17--738,1/17/2017,7:45 PM,HUNTMAR DR @ PALLADIUM DR S (0011818),11818,03 - At intersection,02 - Non-fatal injury,05 - Turning movement,03 - Snow,07 - Dark,03 - Loose snow,01 - Traffic signal,01 - Functioning,2,0,0,0,01 - Minimal,1,1,,,,349676.5534,5017365.2,45.29480754,-75.92784018,11391
17--7380,7/17/2017,6:56 PM,EVANS BLVD @ BANK ST (0007206),7206,03 - At intersection,02 - Non-fatal injury,02 - Angle,01 - Clear,01 - Daylight,01 - Dry,02 - Stop sign,01 - Functioning,2,1,0,0,02 - Minor,1,,1,,,369929.433,5027031.54,45.38019749,-75.66837408,11392
17--7381,7/17/2017,7:19 PM,HIGHWAY 417 btwn HWY417 IC123 RAMP62 & HWY417 IC122 RAMP16 (__3ZA2R9),__3ZA2R9,01 - Non intersection,03 - P.D. only,04 - Sideswipe,01 - Clear,01 - Daylight,01 - Dry,10 - No control,,2,0,0,0,,0,,,,,365102.1137,5028671.138,45.3953824,-75.72980708,11393
17--7382,7/17/2017,7:30 PM,OR174 IC109 RAMP65 @ MONTREAL RD (0004119),4119,02 - Intersection related,03 - P.D. only,03 - Rear end,01 - Clear,01 - Daylight,01 - Dry,01 - Traffic signal,00 - Unknown,2,0,0,0,,0,,,,,376402.7017,5034982.061,45.45109999,-75.58457305,11394
17--7383,7/17/2017,8:25 AM,GLYNN AVE btwn NORTH RIVER RD & SYLVESTER ST (__3ZA8KR),__3ZA8KR,01 - Non intersection,03 - P.D. only,06 - SMV unattended vehicle,01 - Clear,01 - Daylight,01 - Dry,10 - No control,,1,0,0,0,,0,,,,,370199.5378,5032088.133,45.42566969,-75.66425493,11395
17--7384,7/17/2017,8:31 AM,TRIM RD @ DAIRY DR/TAYLOR CREEK DR (0012921),12921,03 - At intersection,03 - P.D. only,03 - Rear end,01 - Clear,01 - Daylight,01 - Dry,11 - Roundabout,01 - Functioning,2,0,0,0,,0,,,,,384535.3061,5039594.891,45.49172135,-75.47986646,11396
17--7385,7/17/2017,8:39 AM,FRIEL ST @ STEWART ST (0008495),8495,03 - At intersection,02 - Non-fatal injury,02 - Angle,01 - Clear,01 - Daylight,01 - Dry,02 - Stop sign,01 - Functioning,2,1,0,0,02 - Minor,1,,1,,,368891.795,5032363.814,45.42827121,-75.68092905,11397
17--7386,7/17/2017,8:39 AM,SUSSEX DR btwn ST. PATRICK ST & MURRAY ST (__3ZA3VE),__3ZA3VE,01 - Non intersection,03 - P.D. only,03 - Rear end,01 - Clear,01 - Daylight,01 - Dry,10 - No control,,2,0,0,0,,0,,,,,367686.0068,5032429.457,45.4289713,-75.69632868,11398
17--7387,7/17/2017,9:05 AM,MERIVALE RD @ WEST HUNT CLUB RD (0000584),584,02 - Intersection related,02 - Non-fatal injury,03 - Rear end,01 - Clear,01 - Daylight,01 - Dry,01 - Traffic signal,01 - Functioning,2,0,0,0,01 - Minimal,1,1,,,,365613.2967,5021942.197,45.33479239,-75.72410689,11399
17--7388,7/17/2017,9:15 PM,ST. LAURENT BLVD @ WALKLEY RD (0007653),7653,03 - At intersection,03 - P.D. only,05 - Turning movement,01 - Clear,07 - Dark,01 - Dry,01 - Traffic signal,01 - Functioning,3,0,0,0,,0,,,,,373902.7501,5028046.214,45.38894643,-75.61750334,11400
17--7659,7/25/2017,6:03 PM,BASELINE RD @ WOODROFFE AVE (0002225),2225,02 - Intersection related,03 - P.D. only,03 - Rear end,01 - Clear,01 - Daylight,01 - Dry,01 - Traffic signal,00 - Unknown,2,0,0,0,,0,,,,,362549.0887,5023772.008,45.35151579,-75.76298498,11401
17--766,1/18/2017,4:54 PM,HIGHWAY 7 btwn HAZELDEAN IC RAMP 53 & HIGHWAY 7 (__7JQ7LK),__7JQ7LK,01 - Non intersection,02 - Non-fatal injury,07 - SMV other,01 - Clear,05 - Dusk,06 - Ice,10 - No control,,1,0,0,0,02 - Minor,1,,1,,,342329.6127,5008419.46,45.21474005,-76.02218297,11402
17--7660,7/25/2017,6:25 AM,CARP RD btwn ARBOURBROOK BLVD & REIS RD (__3ZA3FX),__3ZA3FX,01 - Non intersection,03 - P.D. only,99 - Other,01 - Clear,01 - Daylight,01 - Dry,10 - No control,,3,0,0,0,,0,,,,,345262.3629,5018238.265,45.30293178,-75.98404584,11403
17--7661,7/25/2017,6:28 AM,MARCH RD btwn CORKERY RD & GREY FOX DR (__3ZA2LC),__3ZA2LC,01 - Non intersection,03 - P.D. only,07 - SMV other,01 - Clear,01 - Daylight,02 - Wet,10 - No control,,1,0,0,0,,0,,,,,336009.3389,5016187.746,45.28495215,-76.10216115,11404
17--7662,7/25/2017,6:40 AM,BEECHWOOD AVE @ MARIER AVE/PUTMAN AVE (0007195),7195,02 - Intersection related,03 - P.D. only,06 - SMV unattended vehicle,01 - Clear,01 - Daylight,02 - Wet,01 - Traffic signal,00 - Unknown,1,0,0,0,,0,,,,,369606.1534,5033906.923,45.44208966,-75.67159762,11405
17--7663,7/25/2017,6:57 PM,BRAEMAR ST @ HEMLOCK RD (0007184),7184,03 - At intersection,03 - P.D. only,02 - Angle,01 - Clear,01 - Daylight,01 - Dry,02 - Stop sign,01 - Functioning,2,0,1,0,,0,,,,,370891.7101,5034758.524,45.44963162,-75.65505203,11406
17--7664,7/25/2017,7:18 PM,AGINCOURT RD @ MAITLAND AVE (0003375),3375,02 - Intersection related,03 - P.D. only,06 - SMV unattended vehicle,01 - Clear,01 - Daylight,01 - Dry,02 - Stop sign,00 - Unknown,1,0,0,0,,0,,,,,363447.649,5025451.971,45.36655734,-75.75131887,11407
17--7665,7/25/2017,7:48 PM,LAURIER AVE @ NICHOLAS ST (0010711),10711,03 - At intersection,03 - P.D. only,04 - Sideswipe,01 - Clear,01 - Daylight,01 - Dry,01 - Traffic signal,01 - Functioning,2,0,0,0,,0,,,,,368373.637,5031798.002,45.42322752,-75.68762329,11408
17--7666,7/25/2017,8:40 AM,YORK ST WB btwn CUMBERLAND ST & SPLIT (__3ZA82X),__3ZA82X,01 - Non intersection,03 - P.D. only,02 - Angle,02 - Rain,01 - Daylight,02 - Wet,10 - No control,,2,0,0,0,,0,,,,,368216.2104,5032515.58,45.42969833,-75.68954237,11409
17--7667,7/25/2017,8:52 PM,CRESTWAY DR @ STRANDHERD DR (0010538),10538,02 - Intersection related,03 - P.D. only,03 - Rear end,01 - Clear,05 - Dusk,01 - Dry,01 - Traffic signal,01 - Functioning,2,0,0,0,,0,,,,,366346.3013,5015471.434,45.27650522,-75.71555913,11410
17--7668,7/25/2017,8:54 AM,BANK ST btwn RANDALL AVE & 73 N OF EVANS BLVD (__3ZA3BJA),__3ZA3BJA,04 - At/near private drive,03 - P.D. only,05 - Turning movement,01 - Clear,01 - Daylight,01 - Dry,10 - No control,,2,0,0,0,,0,,,,,369793.6384,5027220.437,45.38190974,-75.67008296,11411
17--7669,7/26/2017,1:14 PM,CONROY RD @ ST. LAURENT BLVD (0011390),11390,02 - Intersection related,03 - P.D. only,03 - Rear end,01 - Clear,01 - Daylight,01 - Dry,01 - Traffic signal,01 - Functioning,2,0,0,0,,0,,,,,373071.1705,5027159.603,45.38105064,-75.62824465,11412
17--767,1/18/2017,5:05 PM,ELGIN ST @ SOMERSET ST (0006936),6936,02 - Intersection related,02 - Non-fatal injury,07 - SMV other,01 - Clear,05 - Dusk,04 - Slush,01 - Traffic signal,01 - Functioning,1,0,0,1,02 - Minor,1,,1,,,368164.7089,5031198.572,45.41785301,-75.6903699,11413
17--7670,7/26/2017,1:22 PM,BRIAN COBURN BLVD @ TENTH LINE RD (0013966),13966,02 - Intersection related,03 - P.D. only,03 - Rear end,01 - Clear,01 - Daylight,01 - Dry,01 - Traffic signal,01 - Functioning,2,0,0,0,,0,,,,,384428.3389,5035022.308,45.45059377,-75.48197576,11414
17--7671,7/26/2017,10:00 PM,HIGHWAY 417 btwn RAMP & HWY417 IC88 RAMP51 (__3ZA2W2),__3ZA2W2,01 - Non intersection,03 - P.D. only,07 - SMV other,01 - Clear,07 - Dark,01 - Dry,10 - No control,,1,0,0,0,,0,,,,,387596.0088,5023807.331,45.34932389,-75.44336747,11415
17--7672,7/26/2017,10:03 PM,INDUSTRIAL AVE/INNES RD @ ST. LAURENT BLVD (0002203),2203,02 - Intersection related,03 - P.D. only,03 - Rear end,01 - Clear,07 - Dark,01 - Dry,01 - Traffic signal,01 - Functioning,2,0,0,0,,0,,,,,373099.2682,5030005.337,45.40665256,-75.62749197,11416
17--7673,7/26/2017,11:01 AM,MCKENNA CASEY DR @ STRANDHERD DR (0009659),9659,02 - Intersection related,03 - P.D. only,03 - Rear end,01 - Clear,01 - Daylight,01 - Dry,02 - Stop sign,01 - Functioning,2,0,0,0,,0,,,,,361913.0012,5013612.848,45.26015562,-75.77227291,11417
17--7674,7/26/2017,Unknown,PLACID ST btwn SODERLIND ST & RYAN DR (__3ZABJ5),__3ZABJ5,04 - At/near private drive,03 - P.D. only,06 - SMV unattended vehicle,01 - Clear,00 - Unknown,01 - Dry,10 - No control,,1,0,0,0,,0,,,,,361330.0741,5023432.19,45.34855745,-75.77858009,11418
17--7675,7/26/2017,12:39 AM,CABIN RD @ STAGECOACH RD (0005714),5714,02 - Intersection related,03 - P.D. only,04 - Sideswipe,01 - Clear,07 - Dark,01 - Dry,02 - Stop sign,00 - Unknown,2,0,0,0,,0,,,,,378186.1292,5004219.672,45.17412951,-75.56633152,11419
17--7208,7/11/2017,6:25 PM,TENTH LINE RD btwn ST. JOSEPH BLVD & OLD TENTH LINE RD (__3ZA1TE),__3ZA1TE,01 - Non intersection,03 - P.D. only,03 - Rear end,01 - Clear,01 - Daylight,01 - Dry,10 - No control,,3,0,0,0,,0,,,,,382912.4579,5038623.145,45.483162,-75.50078057,11420
17--7676,7/26/2017,12:40 AM,FLAT SEDGE CRES btwn BUTTONBUSH WAY & WHITE ALDER AVE E (__67PTMU),__67PTMU,01 - Non intersection,03 - P.D. only,06 - SMV unattended vehicle,01 - Clear,07 - Dark,01 - Dry,10 - No control,,1,0,0,0,,0,,,,,375325.237,5020781.173,45.32343707,-75.60037573,11421
17--7677,7/26/2017,12:59 PM,PRINCE OF WALES DR @ MERIVALE RD (0000564),564,03 - At intersection,03 - P.D. only,07 - SMV other,01 - Clear,01 - Daylight,01 - Dry,01 - Traffic signal,02 - Not functioning,1,0,0,0,,0,,,,,367449.7113,5017615.179,45.29569696,-75.70122625,11422
17--7678,7/26/2017,2:49 PM,CONROY RD @ ST. LAURENT BLVD (0011390),11390,03 - At intersection,03 - P.D. only,02 - Angle,01 - Clear,01 - Daylight,01 - Dry,01 - Traffic signal,01 - Functioning,2,0,0,0,,0,,,,,373070.4267,5027159.532,45.38105007,-75.62825416,11423
17--7679,7/26/2017,3:15 PM,HIGHWAY 417 btwn HWY417 IC122 RAMP61 & HWY417 IC121B RAMP16 (__3ZA2Y4),__3ZA2Y4,01 - Non intersection,03 - P.D. only,03 - Rear end,01 - Clear,01 - Daylight,01 - Dry,10 - No control,,2,0,0,0,,0,,,,,365809.1717,5029205.942,45.4001332,-75.72071106,11424
17--768,1/18/2017,5:17 PM,HOLLY ACRES RD @ HILLVIEW RD/STONEHEDGE PK (0009822),9822,03 - At intersection,02 - Non-fatal injury,05 - Turning movement,01 - Clear,05 - Dusk,02 - Wet,02 - Stop sign,00 - Unknown,2,0,0,0,02 - Minor,1,,1,,,358289.6057,5023363.302,45.34817607,-75.81738624,11425
17--7680,7/26/2017,3:28 PM,HIGHWAY 417 btwn HWY417 IC124 RAMP65 & HWY417 IC122 RAMP51 (__3ZA2R8),__3ZA2R8,01 - Non intersection,02 - Non-fatal injury,03 - Rear end,01 - Clear,01 - Daylight,01 - Dry,10 - No control,,3,0,0,0,01 - Minimal,2,2,,,,364892.879,5028250.223,45.39161309,-75.7325305,11426
17--7681,7/26/2017,4:11 PM,GEORGE ST btwn 26 W OF BYWARD MARKET/FREIMAN MALL & BY WARD MARKET SQ (__3ZA40PB),__3ZA40PB,01 - Non intersection,03 - P.D. only,99 - Other,01 - Clear,01 - Daylight,01 - Dry,10 - No control,,2,0,0,0,,0,,,,,368012.5472,5032206.678,45.42693737,-75.69218457,11427
17--7682,7/26/2017,4:16 PM,CONROY RD @ HUNT CLUB RD (0002257),2257,02 - Intersection related,03 - P.D. only,03 - Rear end,01 - Clear,01 - Daylight,01 - Dry,01 - Traffic signal,01 - Functioning,2,0,0,0,,0,,,,,373762.537,5025404.824,45.36519417,-75.61966264,11428
17--7683,7/26/2017,4:40 PM,BOYD AVE @ CARLING AVE (0003071),3071,02 - Intersection related,03 - P.D. only,03 - Rear end,01 - Clear,01 - Daylight,01 - Dry,02 - Stop sign,01 - Functioning,2,0,0,0,,0,,,,,363383.686,5026747.847,45.37822281,-75.75198163,11429