Anom_ID,Accident_Date,Accident_Time,Location,Geo_ID,Accident_Location,Classification_of_Accident,Initial_Impact_Type,Environment_Condition,Light,Road_Surface_Condition,Traffic_Control,Traffic_Control_Condition,No__of_Vehicles,No__of_Bicycles,No__of_Motorcycles,No__of_Pedestrians,Max_Injury,No__of_Injuries,No__of_Minimal,No__of_Minor,No__of_Major,No__of_Fatal,X,Y,Latitude,Longitude,ObjectId
17--7684,7/26/2017,4:59 PM,BLACKBURN AVE @ OSGOODE ST (0007956),7956,03 - At intersection,03 - P.D. only,02 - Angle,01 - Clear,01 - Daylight,01 - Dry,02 - Stop sign,01 - Functioning,2,0,0,0,,0,,,,,369296.8352,5032126.927,45.42610256,-75.67578434,11430
17--7685,7/26/2017,5:06 PM,CARLING AVE @ WOODROFFE AVE W (0011470),11470,02 - Intersection related,02 - Non-fatal injury,03 - Rear end,01 - Clear,01 - Daylight,01 - Dry,01 - Traffic signal,01 - Functioning,2,0,0,0,02 - Minor,1,,1,,,361767.0748,5025725.818,45.36916,-75.77273932,11431
17--7686,7/26/2017,5:20 PM,BRITTANY DR @ MONTREAL RD (0007685),7685,02 - Intersection related,03 - P.D. only,03 - Rear end,01 - Clear,01 - Daylight,01 - Dry,01 - Traffic signal,01 - Functioning,2,0,0,0,,0,,,,,371913.171,5033993.893,45.4426545,-75.64209895,11432
17--7687,7/26/2017,6:37 PM,CLYDE AVE btwn CLYDE AVE & STARWOOD RD (__3ZA2TX),__3ZA2TX,01 - Non intersection,03 - P.D. only,04 - Sideswipe,01 - Clear,01 - Daylight,01 - Dry,10 - No control,,2,0,0,0,,0,,,,,364421.1121,5024746.532,45.36012777,-75.73897809,11433
17--7688,7/26/2017,6:50 AM,HIGHWAY 417 btwn HWY417 IC122 RAMP15 & HWY417 IC121B RAMP51 (__3ZA2RB),__3ZA2RB,01 - Non intersection,03 - P.D. only,03 - Rear end,01 - Clear,01 - Daylight,01 - Dry,10 - No control,,4,0,0,0,,0,,,,,366524.8393,5029498.736,45.40270495,-75.71153384,11434
17--7689,7/26/2017,7:05 AM,BLOHM DR btwn 68 N OF BRISTON PRIV & BRISTON PRIV (__3ZA5M2A),__3ZA5M2A,01 - Non intersection,03 - P.D. only,06 - SMV unattended vehicle,01 - Clear,01 - Daylight,01 - Dry,10 - No control,,1,0,0,0,,0,,,,,373866.0242,5025743.197,45.36822852,-75.61829444,11435
17--769,1/18/2017,5:35 AM,OR174 IC109 RAMP65 @ MONTREAL RD (0004119),4119,02 - Intersection related,03 - P.D. only,04 - Sideswipe,04 - Freezing Rain,07 - Dark,06 - Ice,01 - Traffic signal,00 - Unknown,2,0,0,0,,0,,,,,376402.1386,5034983.224,45.45111052,-75.58458008,11436
17--7690,7/26/2017,7:15 AM,HIGHWAY 417 btwn HWY417 IC121A RAMP51 & HWY417 IC120A RAMP52 (__3ZA2R6),__3ZA2R6,01 - Non intersection,03 - P.D. only,04 - Sideswipe,01 - Clear,01 - Daylight,01 - Dry,10 - No control,,2,0,0,0,,0,,,,,367535.084,5029851.627,45.40579035,-75.69858545,11437
17--7691,7/26/2017,7:34 AM,FALLOWFIELD RD @ STRANDHERD DR (0005238),5238,02 - Intersection related,03 - P.D. only,04 - Sideswipe,01 - Clear,01 - Daylight,01 - Dry,01 - Traffic signal,01 - Functioning,2,0,0,0,,0,,,,,360752.7603,5014961.351,45.27238283,-75.78690349,11438
17--7692,7/26/2017,8:32 AM,FERNLEAF CRES btwn WAYSIDE CRT & DES EPINETTES AVE (__3ZA6RN),__3ZA6RN,01 - Non intersection,03 - P.D. only,06 - SMV unattended vehicle,01 - Clear,01 - Daylight,01 - Dry,10 - No control,,1,0,0,0,,0,,,,,382827.726,5036362.503,45.46283222,-75.50222331,11439
17--7693,7/26/2017,8:33 AM,EARL MULLIGAN DR @ WOODROFFE AVE (0000591),591,02 - Intersection related,03 - P.D. only,03 - Rear end,01 - Clear,01 - Daylight,01 - Dry,01 - Traffic signal,01 - Functioning,2,0,0,0,,0,,,,,365249.7827,5017506.23,45.29490936,-75.72928567,11440
17--7694,7/26/2017,8:34 AM,CARLING AVE @ CLYDE AVE/COLE AVE (0006984),6984,03 - At intersection,02 - Non-fatal injury,05 - Turning movement,01 - Clear,01 - Daylight,01 - Dry,01 - Traffic signal,01 - Functioning,2,0,0,0,01 - Minimal,1,1,,,,363520.6906,5026848.947,45.37912102,-75.75022043,11441
17--7695,7/26/2017,8:53 PM,WOODROFFE AVE @ KNOXDALE RD/MEDHURST DR (0000519),519,02 - Intersection related,03 - P.D. only,03 - Rear end,01 - Clear,05 - Dusk,01 - Dry,01 - Traffic signal,01 - Functioning,2,0,0,0,,0,,,,,363419.5602,5021826.403,45.33393718,-75.7521072,11442
17--7696,7/26/2017,8:58 PM,BANK ST btwn SOUTHKEYS SC & CAHILL DR/DAZE ST (__3ZA37TB),__3ZA37TB,01 - Non intersection,02 - Non-fatal injury,05 - Turning movement,01 - Clear,05 - Dusk,01 - Dry,10 - No control,,2,0,0,0,02 - Minor,2,,2,,,371226.2477,5024389.258,45.35630139,-75.65217236,11443
17--7697,7/26/2017,9:23 AM,VANIER PKWY NB btwn RIVERSIDE DR & HWY417 IC117 RAMP26 (__3ZA4TH),__3ZA4TH,07 - Overpass or bridge,03 - P.D. only,04 - Sideswipe,01 - Clear,01 - Daylight,01 - Dry,10 - No control,,2,0,0,0,,0,,,,,370814.2992,5031204.603,45.41766231,-75.65651809,11444
17--7698,7/26/2017,9:25 AM,MCARTHUR AVE @ VANIER PKWY (0004626),4626,02 - Intersection related,03 - P.D. only,03 - Rear end,01 - Clear,01 - Daylight,01 - Dry,01 - Traffic signal,01 - Functioning,2,0,0,0,,0,,,,,370218.8658,5032690.105,45.43108418,-75.663928,11445
17--7699,7/26/2017,9:30 AM,HIGHWAY 417 btwn HWY417 IC115 RAMP36 & HWY417 IC115 RAMP26 (__3ZA2R4),__3ZA2R4,01 - Non intersection,03 - P.D. only,03 - Rear end,01 - Clear,01 - Daylight,01 - Dry,10 - No control,,3,0,0,0,,0,,,,,372236.5275,5031498.609,45.42017201,-75.63830772,11446
17--77,1/3/2017,6:47 PM,BIRCH AVE EXT./ROCKCLIFFE PKWY @ ROCKCLIFFE PK (0008782),8782,02 - Intersection related,03 - P.D. only,07 - SMV other,03 - Snow,07 - Dark,03 - Loose snow,02 - Stop sign,01 - Functioning,1,0,0,0,,0,,,,,370128.4239,5035704.214,45.45821227,-75.66468358,11447
17--770,1/18/2017,5:36 PM,DUNROBIN RD @ KERWIN RD (0008846),8846,02 - Intersection related,03 - P.D. only,07 - SMV other,"07 - Fog, mist, smoke, dust",05 - Dusk,02 - Wet,02 - Stop sign,00 - Unknown,1,0,0,0,,0,,,,,346290.6574,5027172.368,45.38326352,-75.97018481,11448
17--7700,7/26/2017,9:50 PM,GREENBANK RD @ CANFIELD RD/CRAIG HENRY DR (0000154),154,03 - At intersection,02 - Non-fatal injury,02 - Angle,01 - Clear,07 - Dark,01 - Dry,01 - Traffic signal,01 - Functioning,2,0,0,0,02 - Minor,1,,1,,,361105.7613,5021364.263,45.32996832,-75.7816778,11449
17--7701,7/26/2017,9:51 AM,REGIONAL ROAD 174 btwn HWY417 IC113 RAMP67 & Continuation of REGIONAL  (__3ZA28A),__3ZA28A,01 - Non intersection,02 - Non-fatal injury,03 - Rear end,01 - Clear,01 - Daylight,01 - Dry,10 - No control,,2,0,0,0,02 - Minor,1,,1,,,373717.6112,5032029.868,45.42480768,-75.61931059,11450
17--7702,7/27/2017,1:46 PM,NELSON ST @ RIDEAU ST (0007626),7626,02 - Intersection related,03 - P.D. only,05 - Turning movement,01 - Clear,01 - Daylight,01 - Dry,01 - Traffic signal,00 - Unknown,2,0,0,0,,0,,,,,368650.9811,5032497.994,45.42950054,-75.68398886,11451
17--7703,7/27/2017,10:05 AM,PARKDALE AVE @ HWY 417 PARKDAL IC122R15/HWY 41 (0002363),2363,03 - At intersection,03 - P.D. only,02 - Angle,01 - Clear,01 - Daylight,01 - Dry,01 - Traffic signal,01 - Functioning,2,0,0,0,,0,,,,,365337.3362,5028845.874,45.39693434,-75.7267816,11452
17--7704,7/27/2017,10:49 PM,JOHN SUTHERLAND DR @ RICHMOND RD (0000578),578,03 - At intersection,02 - Non-fatal injury,03 - Rear end,01 - Clear,07 - Dark,01 - Dry,01 - Traffic signal,01 - Functioning,2,0,0,0,02 - Minor,3,2,1,,,358787.8679,5022150.795,45.33722771,-75.81116039,11453
17--7705,7/27/2017,10:55 AM,8TH LINE RD btwn MARVELVILLE RD & LAWRENCE ST (__3ZBO6I),__3ZBO6I,01 - Non intersection,03 - P.D. only,99 - Other,01 - Clear,01 - Daylight,01 - Dry,10 - No control,,2,0,0,0,,0,,,,,387737.8158,5005229.678,45.18215893,-75.44466005,11454
17--7706,7/27/2017,11:15 AM,ISABELLA ST/HWY417 IC119AR75 @ METCALFE ST (0011380),11380,02 - Intersection related,03 - P.D. only,04 - Sideswipe,01 - Clear,01 - Daylight,01 - Dry,01 - Traffic signal,01 - Functioning,2,0,0,0,,0,,,,,368448.4408,5030400.117,45.41064303,-75.68684806,11455
17--7707,7/27/2017,11:36 AM,BANK ST @ WELLINGTON ST (0002039),2039,02 - Intersection related,03 - P.D. only,03 - Rear end,01 - Clear,01 - Daylight,01 - Dry,01 - Traffic signal,01 - Functioning,3,0,0,0,,0,,,,,367257.6745,5031629.144,45.42180872,-75.70190364,11456
17--7708,7/27/2017,11:45 PM,HIGHWAY 417 btwn HWY417 IC118 RAMP76 & HWY417 IC118 RAMP67 (__3ZA2YR),__3ZA2YR,01 - Non intersection,03 - P.D. only,04 - Sideswipe,01 - Clear,07 - Dark,01 - Dry,10 - No control,,2,0,0,0,,0,,,,,369525.1427,5031091.915,45.41676882,-75.67300304,11457
17--7709,7/27/2017,Unknown,FLETCHER CIRC btwn Continuation of FLETCHER CIRC & TORBEC AVE (__54M2Q6),__54M2Q6,04 - At/near private drive,03 - P.D. only,06 - SMV unattended vehicle,01 - Clear,00 - Unknown,01 - Dry,10 - No control,,1,0,0,0,,0,,,,,349408.612,5020003.602,45.31856573,-75.9310187,11458
17--771,1/18/2017,6:00 AM,HIGHWAY 417 btwn HIGHWAY 417 & HIGHWAY 417 (1) (__3ZA2UX),__3ZA2UX,01 - Non intersection,03 - P.D. only,04 - Sideswipe,04 - Freezing Rain,07 - Dark,06 - Ice,10 - No control,,3,0,0,0,,0,,,,,375432.3008,5029935.843,45.40579575,-75.59770161,11459
17--7710,7/27/2017,12:05 PM,BROAD ST @ OTTAWA RIVER PKWY (0011719),11719,02 - Intersection related,03 - P.D. only,04 - Sideswipe,00 - Unknown,01 - Daylight,01 - Dry,01 - Traffic signal,01 - Functioning,2,0,0,0,,0,,,,,366125.3998,5030906.608,45.41540772,-75.71646062,11460
17--7711,7/27/2017,12:29 PM,OLD PRESCOTT RD btwn CHRIS TIERNEY PRIV & BREANNA CARDILL ST (__673W91),__673W91,01 - Non intersection,03 - P.D. only,07 - SMV other,01 - Clear,01 - Daylight,01 - Dry,10 - No control,,1,0,0,0,,0,,,,,378507.5943,5009520.706,45.22179314,-75.56145832,11461
17--7712,7/27/2017,12:45 PM,COLOMBINE DRWY @ PARKDALE AVE (0014553),14553,03 - At intersection,03 - P.D. only,05 - Turning movement,01 - Clear,01 - Daylight,01 - Dry,02 - Stop sign,01 - Functioning,2,0,0,0,,0,,,,,364754.6951,5030178.567,45.40897576,-75.73406073,11462
17--7713,7/27/2017,2:02 PM,PRINCE OF WALES DR @ WATERFORD DR (0000546),546,02 - Intersection related,02 - Non-fatal injury,07 - SMV other,01 - Clear,01 - Daylight,01 - Dry,02 - Stop sign,00 - Unknown,1,0,1,0,03 - Major,2,,1,1,,367362.8641,5021037.182,45.32649541,-75.70190137,11463
17--7714,7/27/2017,2:29 PM,WOODROFFE AVE @ CLARIDGE DR/STONEWAY DR N (0009791),9791,03 - At intersection,03 - P.D. only,05 - Turning movement,01 - Clear,01 - Daylight,01 - Dry,01 - Traffic signal,01 - Functioning,2,0,0,0,,0,,,,,365576.8751,5016707.945,45.28769822,-75.72521354,11464
17--7715,7/27/2017,2:29 PM,BANTON ST @ WALKLEY RD (0006399),6399,02 - Intersection related,03 - P.D. only,03 - Rear end,01 - Clear,01 - Daylight,01 - Dry,01 - Traffic signal,01 - Functioning,2,0,0,0,,0,,,,,374249.6598,5028248.255,45.39072999,-75.61304513,11465
17--7716,7/27/2017,3:32 PM,MITCH OWENS RD btwn TURN LANE & SALE BARN RD (__3ZA2CS),__3ZA2CS,01 - Non intersection,02 - Non-fatal injury,01 - Approaching,01 - Clear,01 - Daylight,01 - Dry,10 - No control,,4,0,0,0,02 - Minor,3,,3,,,378531.416,5016444.442,45.28408776,-75.56012796,11466
17--7717,7/27/2017,3:38 PM,MACKENZIE AVE @ RIDEAU ST (0002136),2136,03 - At intersection,03 - P.D. only,04 - Sideswipe,01 - Clear,01 - Daylight,01 - Dry,01 - Traffic signal,01 - Functioning,2,0,0,0,,0,,,,,367870.308,5032011.102,45.42519049,-75.69402716,11467
17--7718,7/27/2017,3:46 PM,GRANT CARMAN DR @ MEADOWLANDS DR (0001111),1111,03 - At intersection,02 - Non-fatal injury,05 - Turning movement,01 - Clear,01 - Daylight,01 - Dry,01 - Traffic signal,01 - Functioning,2,0,0,0,02 - Minor,1,,1,,,365051.2162,5023902.224,45.35247695,-75.73103888,11468
17--7719,7/27/2017,3:54 PM,REGIONAL ROAD 174 btwn OR174 IC112 RAMP15 & TRANSIT (__3ZA2WA),__3ZA2WA,01 - Non intersection,02 - Non-fatal injury,03 - Rear end,01 - Clear,01 - Daylight,01 - Dry,10 - No control,,3,0,0,0,02 - Minor,1,,1,,,375171.0924,5033103.346,45.43432152,-75.60058562,11469
17--772,1/18/2017,6:00 PM,GARFIELD AVE @ MAITLAND AVE (0002031),2031,02 - Intersection related,03 - P.D. only,03 - Rear end,01 - Clear,07 - Dark,06 - Ice,01 - Traffic signal,01 - Functioning,2,0,0,0,,0,,,,,363343.6386,5025562.291,45.36755868,-75.75263345,11470
17--7720,7/27/2017,4:00 PM,VANIER PKWY NB btwn BEECHWOOD AVE/ ST. PATRICK ST/CRICHTON ST & DESCHA (__3ZA4SV),__3ZA4SV,01 - Non intersection,03 - P.D. only,03 - Rear end,01 - Clear,01 - Daylight,01 - Dry,10 - No control,,3,0,0,0,,0,,,,,369759.6825,5033315.411,45.43675323,-75.66971337,11471
17--7721,7/27/2017,4:00 PM,HIGHWAY 417 btwn HWY417 IC122 RAMP15 & HWY417 IC121B RAMP51 (__3ZA2RB),__3ZA2RB,01 - Non intersection,02 - Non-fatal injury,04 - Sideswipe,01 - Clear,01 - Daylight,01 - Dry,10 - No control,,2,0,0,0,01 - Minimal,1,1,,,,366558.3109,5029507.234,45.40277846,-75.71110525,11472
17--7722,7/27/2017,4:08 PM,JEANNE D'ARC BLVD  N btwn ORLEANS BLVD & MILLWOOD CRT (__3ZA6BS),__3ZA6BS,04 - At/near private drive,03 - P.D. only,02 - Angle,01 - Clear,01 - Daylight,01 - Dry,10 - No control,,2,0,0,0,,0,,,,,380045.3147,5038111.021,45.47886924,-75.5375304,11473
17--7723,7/27/2017,4:10 PM,REGIONAL ROAD 174 btwn QUIGLEY HILL RD & CAMERON ST (__3ZA27U),__3ZA27U,01 - Non intersection,02 - Non-fatal injury,03 - Rear end,01 - Clear,01 - Daylight,01 - Dry,10 - No control,,2,0,0,0,01 - Minimal,1,1,,,,388871.4459,5042463.947,45.51702491,-75.42390775,11474
17--7724,7/27/2017,4:24 PM,ROGER RD btwn ALTA VISTA DR & FAIRBANKS AVE (__3ZA9LN),__3ZA9LN,04 - At/near private drive,03 - P.D. only,06 - SMV unattended vehicle,01 - Clear,01 - Daylight,01 - Dry,10 - No control,,1,0,0,0,,0,,,,,370470.4559,5028882.625,45.3968024,-75.66122028,11475
17--7725,7/27/2017,4:27 PM,BASELINE RD @ WOODROFFE AVE (0002225),2225,02 - Intersection related,03 - P.D. only,03 - Rear end,01 - Clear,01 - Daylight,01 - Dry,01 - Traffic signal,01 - Functioning,2,0,0,0,,0,,,,,362550.2917,5023770.805,45.35150487,-75.76296977,11476
17--7726,7/27/2017,4:45 PM,COLONEL BY DR/MACKENZIE AVE @ DALY AVE (0008541),8541,02 - Intersection related,03 - P.D. only,04 - Sideswipe,01 - Clear,01 - Daylight,01 - Dry,01 - Traffic signal,00 - Unknown,2,0,0,0,,0,,,,,368002.1761,5031904.312,45.42421772,-75.69235589,11477
17--7727,7/27/2017,4:59 PM,PARKDALE AVE @ WELLINGTON ST (0002260),2260,02 - Intersection related,03 - P.D. only,99 - Other,01 - Clear,01 - Daylight,01 - Dry,01 - Traffic signal,01 - Functioning,2,0,0,0,,0,,,,,365150.0351,5029269.887,45.40076569,-75.72912182,11478
17--7728,7/27/2017,5:33 PM,SHEFFIELD RD @ WALKLEY RD (0005156),5156,02 - Intersection related,03 - P.D. only,04 - Sideswipe,01 - Clear,01 - Daylight,01 - Dry,01 - Traffic signal,01 - Functioning,2,0,0,0,,0,,,,,375257.2882,5028785.656,45.3954646,-75.60010136,11479
17--7729,7/27/2017,5:39 PM,ARMSTRONG ST @ BAYVIEW RD (0005751),5751,03 - At intersection,03 - P.D. only,05 - Turning movement,01 - Clear,01 - Daylight,01 - Dry,02 - Stop sign,00 - Unknown,2,0,0,0,,0,,,,,365685.5587,5030021.271,45.40748009,-75.72218919,11480
17--773,1/18/2017,6:01 PM,INDUSTRIAL AVE btwn RIVERSIDE DR & SANDFORD FLEMING AVE (__3ZA3PG),__3ZA3PG,01 - Non intersection,03 - P.D. only,03 - Rear end,02 - Rain,07 - Dark,02 - Wet,10 - No control,,3,0,0,0,,0,,,,,370875.2563,5030558.28,45.4118412,-75.65582597,11481
17--7730,7/27/2017,5:50 PM,HIGHFIELD CRES @ RICHMOND RD (0002740),2740,03 - At intersection,03 - P.D. only,02 - Angle,01 - Clear,01 - Daylight,01 - Dry,02 - Stop sign,01 - Functioning,2,0,0,0,,0,,,,,359756.6691,5023948.555,45.35332875,-75.79860049,11482
17--7731,7/27/2017,5:55 AM,BELCOURT BLVD @ INNES RD (0004202),4202,02 - Intersection related,03 - P.D. only,03 - Rear end,01 - Clear,01 - Daylight,01 - Dry,01 - Traffic signal,01 - Functioning,2,0,0,0,,0,,,,,382121.5778,5035267.935,45.45306274,-75.51142391,11483
17--7732,7/27/2017,6:05 PM,BEECHWOOD AVE @ MARIER AVE/PUTMAN AVE (0007195),7195,03 - At intersection,02 - Non-fatal injury,05 - Turning movement,01 - Clear,01 - Daylight,01 - Dry,01 - Traffic signal,01 - Functioning,2,1,0,0,02 - Minor,1,,1,,,369604.7507,5033906.877,45.44208937,-75.67161556,11484
17--7733,7/27/2017,6:32 PM,FERNBANK RD btwn GO/KA BOUNDARY & TERRY FOX DR (__4O46UP),__4O46UP,01 - Non intersection,02 - Non-fatal injury,07 - SMV other,01 - Clear,01 - Daylight,01 - Dry,10 - No control,,1,0,0,0,01 - Minimal,1,1,,,,353994.9011,5014845.644,45.27184691,-75.87303575,11485
17--7734,7/27/2017,6:41 PM,LAURIER AVE @ LYON ST (0002206),2206,02 - Intersection related,02 - Non-fatal injury,04 - Sideswipe,01 - Clear,01 - Daylight,01 - Dry,01 - Traffic signal,01 - Functioning,2,1,0,0,02 - Minor,1,,1,,,367153.4849,5031068.846,45.41677663,-75.70330577,11486
17--7735,7/27/2017,6:56 AM,CARLING AVE btwn DAVIDSON'S SIDE RD & GRANDVIEW RD (__3ZA4Z8),__3ZA4Z8,01 - Non intersection,03 - P.D. only,07 - SMV other,01 - Clear,01 - Daylight,01 - Dry,10 - No control,,1,0,0,0,,0,,,,,354422.7566,5023639.345,45.35094418,-75.86670263,11487
17--7736,7/27/2017,7:51 AM,INDUSTRIAL AVE/INNES RD @ ST. LAURENT BLVD (0002203),2203,03 - At intersection,03 - P.D. only,05 - Turning movement,01 - Clear,01 - Daylight,01 - Dry,01 - Traffic signal,01 - Functioning,2,0,0,0,,0,,,,,373100.3654,5030005.248,45.40665165,-75.62747797,11488
17--7737,7/27/2017,8:05 AM,MONTREAL RD @ OGILVIE RD (0009279),9279,02 - Intersection related,03 - P.D. only,03 - Rear end,01 - Clear,01 - Daylight,01 - Dry,01 - Traffic signal,00 - Unknown,2,0,0,0,,0,,,,,375653.8165,5034556.356,45.44734609,-75.5942075,11489
17--7738,7/27/2017,8:32 AM,COBOURG ST @ ST. PATRICK ST (0011483),11483,02 - Intersection related,03 - P.D. only,03 - Rear end,01 - Clear,01 - Daylight,01 - Dry,01 - Traffic signal,01 - Functioning,2,0,0,0,,0,,,,,368802.6463,5033234.824,45.43611639,-75.68195501,11490
17--7739,7/27/2017,9:29 AM,CAMPEAU DR/HWY 417 MARCH IC138R63 @ MARCH RD (0009710),9710,03 - At intersection,03 - P.D. only,07 - SMV other,01 - Clear,01 - Daylight,01 - Dry,01 - Traffic signal,01 - Functioning,1,0,0,0,,0,,,,,352841.5502,5020477.449,45.32260299,-75.88718815,11491
17--774,1/18/2017,6:05 PM,HIGHWAY 7 btwn RAMP & DWYER HILL RD (__7JQ7LW),__7JQ7LW,01 - Non intersection,02 - Non-fatal injury,07 - SMV other,01 - Clear,07 - Dark,06 - Ice,10 - No control,,1,0,0,0,01 - Minimal,1,1,,,,340922.4499,5007124.057,45.20315677,-76.04019193,11492
17--7740,7/27/2017,9:30 AM,ANTOCHI LANE @ MANOTICK MAIN ST (0009650),9650,02 - Intersection related,03 - P.D. only,03 - Rear end,01 - Clear,01 - Daylight,01 - Dry,02 - Stop sign,01 - Functioning,2,0,0,0,,0,,,,,369646.9474,5009133.888,45.21918396,-75.67432151,11493
17--7741,7/27/2017,9:48 PM,MALAKOFF RD btwn PADEN RD & DONNELLY DR (__3ZAAZ5),__3ZAAZ5,01 - Non intersection,03 - P.D. only,07 - SMV other,01 - Clear,07 - Dark,01 - Dry,10 - No control,,1,0,0,0,,0,,,,,367863.6906,4989775.202,45.04515379,-75.69946573,11494
17--7742,7/28/2017,1:30 PM,JEANNE D'ARC BLVD N/OR174 IC105 RAMP63 @ TRANS (0012413),12413,02 - Intersection related,03 - P.D. only,04 - Sideswipe,01 - Clear,01 - Daylight,01 - Dry,01 - Traffic signal,00 - Unknown,2,0,0,0,,0,,,,,379342.3867,5037117.603,45.47000664,-75.54667108,11495
17--7743,7/28/2017,10:08 AM,RUSSELL RD @ SAUMURE RD/LANGLADE RD (0004091),4091,03 - At intersection,03 - P.D. only,05 - Turning movement,01 - Clear,01 - Daylight,01 - Dry,02 - Stop sign,00 - Unknown,2,0,0,0,,0,,,,,399949.1808,5029463.843,45.39864627,-75.28466143,11496
17--7744,7/28/2017,10:10 PM,ALTA VISTA DR @ SMYTH RD (0011353),11353,03 - At intersection,03 - P.D. only,05 - Turning movement,01 - Clear,07 - Dark,01 - Dry,01 - Traffic signal,01 - Functioning,2,0,0,0,,0,,,,,370432.7159,5029081.239,45.39859299,-75.66167584,11497
17--7745,7/28/2017,10:19 AM,BLACKBURN BYPASS @ INNES RD W (0009340),9340,02 - Intersection related,03 - P.D. only,03 - Rear end,01 - Clear,01 - Daylight,01 - Dry,01 - Traffic signal,01 - Functioning,2,0,0,0,,0,,,,,377193.0698,5032175.299,45.42576513,-75.57488246,11498
17--7746,7/28/2017,11:24 AM,CHESTERTON DR btwn MULVAGH AVE & SOUTHVIEW CRES (__3ZAAV4),__3ZAAV4,04 - At/near private drive,03 - P.D. only,02 - Angle,01 - Clear,01 - Daylight,01 - Dry,10 - No control,,2,0,0,0,,0,,,,,365242.5821,5023890.613,45.352356,-75.7285982,11499
17--7747,7/28/2017,11:39 AM,EAGLESON RD btwn ABBEYHILL DR & PALOMINO DR (__3ZA41M),__3ZA41M,01 - Non intersection,03 - P.D. only,06 - SMV unattended vehicle,01 - Clear,01 - Daylight,01 - Dry,10 - No control,,1,0,0,0,,0,,,,,353930.4058,5017759.671,45.29807252,-75.87356913,11500
17--7748,7/28/2017,11:51 AM,BASELINE RD @ CEDARVIEW RD (0010259),10259,02 - Intersection related,03 - P.D. only,05 - Turning movement,01 - Clear,01 - Daylight,01 - Dry,01 - Traffic signal,01 - Functioning,2,0,0,0,,0,,,,,358967.6649,5021672.895,45.33291369,-75.80891881,11501
17--7209,7/11/2017,6:31 PM,INDUSTRIAL AVE btwn NEIGHBORHOOD WAY & TRAINYARDS DR (__6N4VKM),__6N4VKM,01 - Non intersection,03 - P.D. only,04 - Sideswipe,01 - Clear,01 - Daylight,01 - Dry,10 - No control,,2,0,0,0,,0,,,,,371380.1301,5030552.292,45.41173947,-75.64937725,11502
17--721,1/17/2017,2:54 PM,BEVERLY ST @ STITTSVILLE MAIN ST (0000083),83,02 - Intersection related,03 - P.D. only,05 - Turning movement,01 - Clear,01 - Daylight,01 - Dry,01 - Traffic signal,01 - Functioning,2,0,0,0,,0,,,,,349843.0409,5013826.239,45.26295214,-75.92603878,11503
17--7210,7/11/2017,7:00 PM,PLACE D'ORLEANS DR @ OR174 IC102 RAMP51/TRANSI (0008777),8777,02 - Intersection related,03 - P.D. only,03 - Rear end,02 - Rain,01 - Daylight,02 - Wet,01 - Traffic signal,00 - Unknown,2,0,0,0,,0,,,,,381391.4822,5038031.495,45.47800736,-75.52032636,11504
17--7211,7/11/2017,7:24 PM,COLONNADE RD btwn MERIVALE RD & COLONNADE RD N (__3ZA000),__3ZA000,01 - Non intersection,03 - P.D. only,03 - Rear end,02 - Rain,01 - Daylight,02 - Wet,10 - No control,,2,0,0,0,,0,,,,,365517.8756,5022606.704,45.3407798,-75.72524268,11505
17--7212,7/11/2017,8:24 AM,STITTSVILLE MAIN ST btwn CARP RD & NEIL AVE (__3ZA2EF),__3ZA2EF,01 - Non intersection,02 - Non-fatal injury,03 - Rear end,01 - Clear,01 - Daylight,01 - Dry,10 - No control,,2,0,0,0,01 - Minimal,2,2,,,,349513.0804,5014429.869,45.26840487,-75.93018876,11506
17--7213,7/11/2017,8:25 AM,CASTLEFRANK RD btwn KANATA AVE & KATIMAVIK RD (__3ZA50Q),__3ZA50Q,01 - Non intersection,03 - P.D. only,03 - Rear end,01 - Clear,01 - Daylight,01 - Dry,10 - No control,,3,0,0,0,,0,,,,,351929.3827,5018971.61,45.30911493,-75.89896625,11507
17--7214,7/11/2017,8:40 AM,BROOKFIELD RD RAMP 52 @ AIRPORT PKWY (0002631),2631,02 - Intersection related,03 - P.D. only,04 - Sideswipe,01 - Clear,01 - Daylight,01 - Dry,10 - No control,,2,0,0,0,,0,,,,,368817.767,5026367.191,45.37432234,-75.6826534,11508
17--7215,7/11/2017,9:29 PM,RIDEAU ST btwn WILLIAM ST & NICHOLAS ST (__3ZA25UC),__3ZA25UC,04 - At/near private drive,02 - Non-fatal injury,07 - SMV other,01 - Clear,07 - Dark,01 - Dry,10 - No control,,1,0,0,1,02 - Minor,1,,1,,,368136.8682,5032180.09,45.4266869,-75.69059941,11509
17--7216,7/11/2017,9:32 AM,HAWTHORNE RD/RUSSELL RD @ WALKLEY RD (0002618),2618,02 - Intersection related,03 - P.D. only,03 - Rear end,01 - Clear,01 - Daylight,01 - Dry,01 - Traffic signal,01 - Functioning,2,0,0,0,,0,,,,,374675.7472,5028499.541,45.39294856,-75.60756856,11510
17--7217,7/11/2017,9:36 AM,VANIER PKWY NB btwn PRESLAND RD & COVENTRY RD (__3ZA4TMB),__3ZA4TMB,01 - Non intersection,03 - P.D. only,03 - Rear end,01 - Clear,01 - Daylight,01 - Dry,10 - No control,,3,0,0,0,,0,,,,,370589.1669,5031661.628,45.42179563,-75.65933333,11511