Anom_ID,Accident_Date,Accident_Time,Location,Geo_ID,Accident_Location,Classification_of_Accident,Initial_Impact_Type,Environment_Condition,Light,Road_Surface_Condition,Traffic_Control,Traffic_Control_Condition,No__of_Vehicles,No__of_Bicycles,No__of_Motorcycles,No__of_Pedestrians,Max_Injury,No__of_Injuries,No__of_Minimal,No__of_Minor,No__of_Major,No__of_Fatal,X,Y,Latitude,Longitude,ObjectId
17--7218,7/11/2017,9:48 AM,CASTLEFRANK RD @ HAZELDEAN RD (0003608),3608,03 - At intersection,03 - P.D. only,05 - Turning movement,01 - Clear,01 - Daylight,01 - Dry,01 - Traffic signal,01 - Functioning,2,0,0,0,,0,,,,,352677.5437,5017676.769,45.29741305,-75.88955067,11512
17--7219,7/11/2017,9:52 PM,STATION BLVD btwn BLAIR ST & ACTON ST (__3ZA94G),__3ZA94G,01 - Non intersection,03 - P.D. only,06 - SMV unattended vehicle,01 - Clear,07 - Dark,01 - Dry,10 - No control,,1,0,0,0,,0,,,,,371138.8336,5030285.797,45.40936457,-75.65249556,11513
17--722,1/17/2017,3:12 PM,ELGIN ST btwn ARGYLE AVE & CATHERINE ST (__3ZBOE4),__3ZBOE4,98 - Other,03 - P.D. only,99 - Other,99 - Other,99 - Other,99 - Other,10 - No control,,2,0,0,0,,0,,,,,368516.6349,5030634.254,45.41274351,-75.68594665,11514
17--7220,7/12/2017,1:50 PM,GARFIELD AVE @ MAITLAND AVE (0002031),2031,02 - Intersection related,03 - P.D. only,03 - Rear end,01 - Clear,01 - Daylight,01 - Dry,01 - Traffic signal,01 - Functioning,2,0,0,0,,0,,,,,363342.3574,5025562.528,45.36756092,-75.75264978,11515
17--7221,7/12/2017,10:08 PM,HWY417 IC104 RAMP61 btwn ANDERSON RD & HIGHWAY 417 (__3ZAY0E),__3ZAY0E,01 - Non intersection,03 - P.D. only,07 - SMV other,02 - Rain,07 - Dark,02 - Wet,10 - No control,,1,0,0,0,,0,,,,,380151.2015,5026196.706,45.37166139,-75.53799879,11516
17--7222,7/12/2017,11:14 AM,CROWNRIDGE DR @ HOPE SIDE RD (0010357),10357,02 - Intersection related,03 - P.D. only,04 - Sideswipe,01 - Clear,01 - Daylight,01 - Dry,02 - Stop sign,01 - Functioning,2,0,0,0,,0,,,,,356074.2572,5014981.869,45.27292415,-75.84652303,11517
17--7223,7/12/2017,11:30 PM,ARGYLE AVE W @ METCALFE ST (0007722),7722,03 - At intersection,02 - Non-fatal injury,07 - SMV other,02 - Rain,07 - Dark,02 - Wet,01 - Traffic signal,01 - Functioning,1,0,0,0,01 - Minimal,1,1,,,,368338.1123,5030579.175,45.41226416,-75.68823436,11518
17--7224,7/12/2017,11:30 PM,BAY ST @ SPARKS ST (0005128),5128,03 - At intersection,03 - P.D. only,02 - Angle,01 - Clear,07 - Dark,01 - Dry,01 - Traffic signal,01 - Functioning,2,0,0,0,,0,,,,,366854.872,5031278.676,45.41869116,-75.70709437,11519
17--7225,7/12/2017,3:35 PM,HIGHWAY 417 btwn HWY417 IC118 RAMP57 & HWY417 IC118 RAMP35 (__3ZA2YQ),__3ZA2YQ,01 - Non intersection,03 - P.D. only,03 - Rear end,01 - Clear,01 - Daylight,01 - Dry,10 - No control,,2,0,0,0,,0,,,,,369349.9654,5030966.31,45.41565486,-75.67525751,11520
17--7226,7/12/2017,4:29 PM,HUNT CLUB RD btwn TURN LANE & TURN LANE (1) (__5AEE5B),__5AEE5B,01 - Non intersection,03 - P.D. only,04 - Sideswipe,01 - Clear,01 - Daylight,01 - Dry,10 - No control,,2,0,0,0,,0,,,,,371632.7463,5024171.648,45.35430478,-75.64701403,11521
17--7227,7/12/2017,5:22 PM,HUNTMAR DR btwn PALLADIUM DR & MAPLE GROVE RD (__3ZA1EH),__3ZA1EH,01 - Non intersection,03 - P.D. only,03 - Rear end,01 - Clear,01 - Daylight,01 - Dry,10 - No control,,3,0,0,0,,0,,,,,349998.393,5017011.873,45.29160757,-75.92376924,11522
17--7228,7/12/2017,5:45 PM,CARP RD btwn HWY417 IC144 RAMP25 & WESTBROOK RD (__3ZA3D3),__3ZA3D3,04 - At/near private drive,03 - P.D. only,02 - Angle,01 - Clear,01 - Daylight,01 - Dry,10 - No control,,3,0,0,0,,0,,,,,347595.9542,5015601.073,45.27906309,-75.954518,11523
17--7229,7/12/2017,6:02 PM,SLATER ST btwn ALBERT ST & COMMISSIONER ST (__3ZA33W),__3ZA33W,04 - At/near private drive,03 - P.D. only,02 - Angle,01 - Clear,01 - Daylight,01 - Dry,10 - No control,,3,0,0,0,,0,,,,,366664.1353,5030773.849,45.41416577,-75.70959465,11524
17--723,1/17/2017,3:30 PM,CONROY RD @ ST. LAURENT BLVD (0011390),11390,02 - Intersection related,03 - P.D. only,03 - Rear end,01 - Clear,01 - Daylight,01 - Dry,01 - Traffic signal,01 - Functioning,2,0,0,0,,0,,,,,373070.4409,5027159.065,45.38104587,-75.62825404,11525
17--7230,7/12/2017,6:14 PM,WEST HUNT CLUB RD @ ROYDON PL/SUNDERLAND ST (0009775),9775,03 - At intersection,02 - Non-fatal injury,05 - Turning movement,01 - Clear,01 - Daylight,01 - Dry,01 - Traffic signal,01 - Functioning,2,0,0,0,01 - Minimal,1,1,,,,365973.7076,5022169.49,45.33680621,-75.71948088,11526
17--7231,7/12/2017,6:16 PM,BLACKBURN BYPASS @ INNES RD E (0009245),9245,02 - Intersection related,03 - P.D. only,02 - Angle,01 - Clear,01 - Daylight,01 - Dry,01 - Traffic signal,01 - Functioning,2,0,0,0,,0,,,,,379791.7479,5033780.438,45.43993324,-75.54143384,11527
17--7232,7/12/2017,6:30 AM,HIGHWAY 417 btwn HWY417 IC163 RAMP51 & HWY417 IC163 RAMP15 (__34IVFY),__34IVFY,01 - Non intersection,03 - P.D. only,07 - SMV other,01 - Clear,01 - Daylight,01 - Dry,10 - No control,,1,0,0,0,,0,,,,,330991.4789,5021530.35,45.33323291,-76.1658424,11528
17--7233,7/12/2017,7:00 AM,RIVERSIDE DR btwn RAMP & TURN LANE (1) (__5FDV4W),__5FDV4W,01 - Non intersection,03 - P.D. only,07 - SMV other,01 - Clear,01 - Daylight,01 - Dry,10 - No control,,1,0,0,0,,0,,,,,368362.9485,5027202.719,45.38188159,-75.68835215,11529
17--7234,7/12/2017,7:14 PM,CORKERY RD @ OLD ALMONTE RD (0006057),6057,03 - At intersection,03 - P.D. only,07 - SMV other,01 - Clear,01 - Daylight,01 - Dry,02 - Stop sign,01 - Functioning,1,0,0,0,,0,,,,,338906.4858,5013045.751,45.25654417,-76.06544681,11530
17--7235,7/12/2017,7:37 PM,CLARENCE ST @ SUSSEX DR (0011909),11909,02 - Intersection related,02 - Non-fatal injury,05 - Turning movement,01 - Clear,01 - Daylight,01 - Dry,02 - Stop sign,00 - Unknown,2,1,0,0,01 - Minimal,1,1,,,,367752.8427,5032321.701,45.42799573,-75.69548839,11531
17--7236,7/12/2017,8:04 PM,CARLING AVE @ KIRKWOOD AVE S (0002209),2209,02 - Intersection related,03 - P.D. only,07 - SMV other,01 - Clear,01 - Daylight,01 - Dry,01 - Traffic signal,01 - Functioning,1,0,0,0,,0,,,,,364349.7774,5027335.626,45.3834301,-75.7395764,11532
17--7237,7/12/2017,8:19 AM,FABLE ST btwn MALVERN DR & BLUERIDGE CRT (__3ZAA9Q),__3ZAA9Q,01 - Non intersection,03 - P.D. only,04 - Sideswipe,01 - Clear,01 - Daylight,01 - Dry,10 - No control,,2,0,0,0,,0,,,,,362470.4857,5015617.234,45.27814572,-75.76493733,11533
17--7238,7/12/2017,9:09 PM,BANK ST @ LEITRIM RD (0004125),4125,03 - At intersection,03 - P.D. only,04 - Sideswipe,02 - Rain,07 - Dark,02 - Wet,01 - Traffic signal,01 - Functioning,2,0,0,0,,0,,,,,375357.7542,5021619.229,45.33097429,-75.59984156,11534
17--7239,7/12/2017,9:25 AM,GREENBANK RD @ STRANDHERD DR (0005563),5563,02 - Intersection related,03 - P.D. only,03 - Rear end,01 - Clear,01 - Daylight,01 - Dry,01 - Traffic signal,01 - Functioning,2,0,0,0,,0,,,,,363934.6872,5014785.755,45.27054243,-75.74637539,11535
17--724,1/17/2017,3:49 PM,LYNDA LANE @ SMYTH RD (0002250),2250,03 - At intersection,02 - Non-fatal injury,03 - Rear end,01 - Clear,01 - Daylight,01 - Dry,02 - Stop sign,01 - Functioning,2,0,0,0,02 - Minor,3,1,2,,,371610.7757,5029190.838,45.39946769,-75.64661534,11536
17--7240,7/12/2017,9:25 AM,HIGHWAY 417 btwn HWY417 IC131 RAMP66 & HWY417 IC130 RAMP26 (__3ZA29A),__3ZA29A,01 - Non intersection,03 - P.D. only,04 - Sideswipe,01 - Clear,01 - Daylight,01 - Dry,10 - No control,,2,0,0,0,,0,,,,,358915.942,5023038.478,45.34520524,-75.8094293,11537
17--7241,7/12/2017,9:48 AM,ELGIN ST @ GLOUCESTER ST (0006956),6956,02 - Intersection related,03 - P.D. only,04 - Sideswipe,01 - Clear,01 - Daylight,01 - Dry,10 - No control,00 - Unknown,2,0,0,0,,0,,,,,367987.7132,5031478.248,45.42038545,-75.69259534,11538
17--7242,7/13/2017,1:28 AM,JOLLIET AVE btwn BEECHWOOD AVE & GARNEAU ST (__3ZA2P3),__3ZA2P3,01 - Non intersection,03 - P.D. only,06 - SMV unattended vehicle,02 - Rain,07 - Dark,02 - Wet,10 - No control,,1,0,0,0,,0,,,,,369707.0104,5034115.142,45.44395377,-75.67028106,11539
17--7243,7/13/2017,10:58 PM,WINDSOR AVE btwn RIVERDALE AVE & END (__3ZA9H0),__3ZA9H0,01 - Non intersection,03 - P.D. only,06 - SMV unattended vehicle,01 - Clear,07 - Dark,01 - Dry,10 - No control,,1,0,0,0,,0,,,,,369119.006,5028422.09,45.3927841,-75.67853999,11540
17--7244,7/13/2017,11:00 PM,WINDSOR AVE btwn RIVERDALE AVE & END (__3ZA9H0),__3ZA9H0,01 - Non intersection,03 - P.D. only,06 - SMV unattended vehicle,01 - Clear,07 - Dark,01 - Dry,10 - No control,,1,0,0,0,,0,,,,,369145.6561,5028438.794,45.39293195,-75.67819748,11541
17--7245,7/13/2017,Unknown,CAMPOBELLO DR btwn CAYMAN RD & GRENADINE ST (__8PNLY4),__8PNLY4,01 - Non intersection,03 - P.D. only,06 - SMV unattended vehicle,01 - Clear,00 - Unknown,01 - Dry,10 - No control,,1,0,0,0,,0,,,,,349661.3791,5016452.907,45.28659941,-75.92811614,11542
17--7246,7/13/2017,12:00 PM,HIGHWAY 417 btwn HWY417 IC119A RAMP67 & HWY417 IC118 RAMP76 (__3ZA2YS),__3ZA2YS,01 - Non intersection,03 - P.D. only,04 - Sideswipe,01 - Clear,01 - Daylight,01 - Dry,10 - No control,,2,0,0,0,,0,,,,,368713.3646,5030600.669,45.41242338,-75.68343782,11543
17--7247,7/13/2017,12:12 PM,MICHAEL ST btwn KENASTON ST & BELFAST RD (__3ZA794),__3ZA794,05 - At railway crossing,03 - P.D. only,07 - SMV other,01 - Clear,01 - Daylight,01 - Dry,10 - No control,,1,0,0,0,,0,,,,,373091.7033,5030774.075,45.41357004,-75.62748211,11544
17--7248,7/13/2017,12:49 PM,HIGHWAY 7 btwn OVERPASS RD & RAMP (__7JQ7LY),__7JQ7LY,01 - Non intersection,03 - P.D. only,07 - SMV other,01 - Clear,01 - Daylight,01 - Dry,10 - No control,,1,0,0,0,,0,,,,,340527.2457,5005768.944,45.19098275,-76.0453195,11545
17--7249,7/13/2017,12:59 PM,FISHER AVE btwn FOREST PARK AVE & MEADOWLANDS DR (__3ZA4IU),__3ZA4IU,01 - Non intersection,02 - Non-fatal injury,07 - SMV other,01 - Clear,01 - Daylight,01 - Dry,10 - No control,,1,0,0,1,02 - Minor,1,,1,,,366554.6087,5025095.525,45.36308326,-75.71170443,11546
17--725,1/17/2017,3:59 PM,MERIVALE RD btwn CALDWELL AVE & CENTRAL PARK DR (__3ZA3GW),__3ZA3GW,01 - Non intersection,03 - P.D. only,04 - Sideswipe,01 - Clear,01 - Daylight,01 - Dry,10 - No control,,2,0,0,0,,0,,,,,364934.072,5026022.392,45.37156394,-75.73227582,11547
17--7250,7/13/2017,2:49 PM,HIGHWAY 417 btwn HWY417 IC121A RAMP16 & HWY417 IC121A RAMP61 (__3ZA2YY),__3ZA2YY,01 - Non intersection,03 - P.D. only,03 - Rear end,01 - Clear,01 - Daylight,01 - Dry,10 - No control,,2,0,0,0,,0,,,,,367286.6226,5029767.759,45.40505796,-75.70176976,11548
17--7251,7/13/2017,3:20 PM,KING EDWARD AVE @ WILBROD ST (0002259),2259,03 - At intersection,02 - Non-fatal injury,07 - SMV other,01 - Clear,01 - Daylight,01 - Dry,01 - Traffic signal,01 - Functioning,1,0,0,1,01 - Minimal,1,1,,,,368675.7085,5032138.942,45.42626766,-75.68371944,11549
17--7252,7/13/2017,3:40 AM,PRINCE OF WALES DR btwn WELLSMERE CRT & RIDEAU HEIGHTS LANE (__3ZA29P),__3ZA29P,04 - At/near private drive,02 - Non-fatal injury,03 - Rear end,01 - Clear,07 - Dark,01 - Dry,10 - No control,,2,0,0,0,02 - Minor,1,,1,,,367460.9482,5022653.319,45.34102837,-75.70044565,11550
17--7253,7/13/2017,3:43 PM,CYRVILLE RD btwn LABRIE AVE & STAR TOP RD (__3ZA3SO),__3ZA3SO,04 - At/near private drive,03 - P.D. only,02 - Angle,01 - Clear,01 - Daylight,01 - Dry,10 - No control,,2,0,0,0,,0,,,,,373542.8552,5031628.57,45.42121419,-75.62159951,11551
17--7254,7/13/2017,4:00 PM,HIGHWAY 417 btwn HWY417 IC110 RAMP64 & HWY417 IC104 RAMP16 (__3ZA2W9),__3ZA2W9,01 - Non intersection,02 - Non-fatal injury,03 - Rear end,01 - Clear,01 - Daylight,01 - Dry,10 - No control,,2,0,0,0,02 - Minor,5,4,1,,,378015.4453,5026431.356,45.37399902,-75.56522729,11552
17--7255,7/13/2017,4:00 PM,HIGHWAY 417 btwn HWY417 IC122 RAMP15 & HWY417 IC121B RAMP51 (__3ZA2RB),__3ZA2RB,01 - Non intersection,03 - P.D. only,03 - Rear end,01 - Clear,01 - Daylight,01 - Dry,10 - No control,,3,0,0,0,,0,,,,,366539.3146,5029499.887,45.40271403,-75.71134881,11553
17--7256,7/13/2017,4:15 PM,HIGHWAY 417 btwn HWY417 IC127 RAMP35 & HWY417 IC127 RAMP25 (__3ZA2RE),__3ZA2RE,01 - Non intersection,03 - P.D. only,03 - Rear end,01 - Clear,01 - Daylight,01 - Dry,10 - No control,,4,0,0,0,,0,,,,,362190.0639,5024879.844,45.36151349,-75.767438,11554
17--7257,7/13/2017,4:20 PM,BLACKBURN BYPASS @ INNES RD E (0009245),9245,02 - Intersection related,03 - P.D. only,03 - Rear end,01 - Clear,01 - Daylight,01 - Dry,01 - Traffic signal,01 - Functioning,2,0,0,0,,0,,,,,379790.4659,5033782.206,45.43994929,-75.54144995,11555
17--7258,7/13/2017,4:51 PM,PALLADIUM DR @ SILVER SEVEN RD (0011839),11839,03 - At intersection,03 - P.D. only,05 - Turning movement,01 - Clear,01 - Daylight,01 - Dry,01 - Traffic signal,01 - Functioning,2,0,0,0,,0,,,,,351050.9667,5017888.088,45.29942351,-75.91026905,11556
17--7259,7/13/2017,4:55 PM,BRONSON AVE btwn BREWER WAY & RIVERSIDE DR RAMPS 34B & 42A-3 (__3ZA3BR),__3ZA3BR,01 - Non intersection,03 - P.D. only,03 - Rear end,01 - Clear,01 - Daylight,01 - Dry,10 - No control,,3,0,0,0,,0,,,,,368348.12,5027325.368,45.3829865,-75.68852569,11557
17--726,1/17/2017,4:15 PM,BANK ST @ WALKLEY RD (0011423),11423,02 - Intersection related,03 - P.D. only,03 - Rear end,01 - Clear,01 - Daylight,01 - Dry,01 - Traffic signal,01 - Functioning,2,0,0,0,,0,,,,,370336.9053,5025947.025,45.37040139,-75.66331561,11558
17--7260,7/13/2017,4:59 PM,BRONSON AVE @ FOURTH AVE (0007224),7224,03 - At intersection,03 - P.D. only,02 - Angle,01 - Clear,01 - Daylight,01 - Dry,02 - Stop sign,01 - Functioning,2,0,0,0,,0,,,,,367582.7102,5029009.561,45.39820942,-75.6980843,11559
17--7261,7/13/2017,5:30 AM,REGIONAL ROAD 174 EB btwn OR174 IC109 RAMP55 & TRANSIT (__3ZA28V),__3ZA28V,01 - Non intersection,03 - P.D. only,07 - SMV other,01 - Clear,03 - Dawn,01 - Dry,10 - No control,,1,0,0,0,,0,,,,,376480.5615,5035002.22,45.45127339,-75.58357481,11560
17--7262,7/13/2017,6:00 PM,CRESTWAY DR @ STRANDHERD DR (0010538),10538,03 - At intersection,03 - P.D. only,03 - Rear end,01 - Clear,01 - Daylight,01 - Dry,01 - Traffic signal,01 - Functioning,2,0,0,0,,0,,,,,366347.5043,5015472.036,45.27651053,-75.71554372,11561
17--7263,7/13/2017,6:10 PM,BAYVIEW RD @ SCOTT ST/ALBERT ST (0005646),5646,02 - Intersection related,03 - P.D. only,03 - Rear end,01 - Clear,01 - Daylight,01 - Dry,01 - Traffic signal,01 - Functioning,3,0,0,0,,0,,,,,365520.24,5030070.662,45.40793886,-75.72429485,11562
17--7264,7/13/2017,6:38 PM,RUSSELL RD btwn SHELLEY AVE & THIRSK ST (__3ZA79M),__3ZA79M,04 - At/near private drive,02 - Non-fatal injury,02 - Angle,01 - Clear,01 - Daylight,01 - Dry,10 - No control,,2,1,0,0,02 - Minor,1,,1,,,372515.4894,5030007.464,45.40672842,-75.63494847,11563
17--7265,7/13/2017,7:00 PM,BALSAM ST @ ROCHESTER ST (0006571),6571,02 - Intersection related,02 - Non-fatal injury,03 - Rear end,01 - Clear,01 - Daylight,01 - Dry,02 - Stop sign,01 - Functioning,2,0,0,0,01 - Minimal,1,1,,,,366631.4959,5029861.262,45.40595745,-75.71012609,11564
17--7266,7/13/2017,7:20 AM,MCCORDICK RD @ ROGER STEVENS DR (0003719),3719,03 - At intersection,01 - Fatal injury,02 - Angle,01 - Clear,01 - Daylight,02 - Wet,02 - Stop sign,01 - Functioning,2,0,0,0,04 - Fatal,3,,2,,1,364681.976,4998309.267,45.12222181,-75.73883184,11565
17--7267,7/13/2017,7:30 PM,BOOTH ST @ SIR JOHN A. MACDONALD PKWY/WELLINGTON ST (0012252),12252,02 - Intersection related,03 - P.D. only,03 - Rear end,01 - Clear,01 - Daylight,01 - Dry,01 - Traffic signal,01 - Functioning,2,0,0,0,,0,,,,,366263.7836,5031006.451,45.41629393,-75.71468024,11566
17--7268,7/13/2017,7:54 AM,VANIER PKWY/CRICHTON ST @ BEECHWOOD AVE/ST. PA (0001604),1604,03 - At intersection,02 - Non-fatal injury,02 - Angle,01 - Clear,01 - Daylight,01 - Dry,01 - Traffic signal,01 - Functioning,2,0,0,0,02 - Minor,1,,1,,,369127.1279,5033491.157,45.438393,-75.6777746,11567
17--7269,7/13/2017,8:00 AM,ST. LAURENT BLVD @ WALKLEY RD (0007653),7653,02 - Intersection related,03 - P.D. only,07 - SMV other,01 - Clear,01 - Daylight,02 - Wet,01 - Traffic signal,00 - Unknown,1,0,0,0,,0,,,,,373902.7501,5028046.214,45.38894643,-75.61750334,11568
17--727,1/17/2017,4:20 PM,FALLOWFIELD RD @ WOODROFFE AVE (0010372),10372,02 - Intersection related,03 - P.D. only,04 - Sideswipe,01 - Clear,01 - Daylight,01 - Dry,01 - Traffic signal,01 - Functioning,2,0,0,0,,0,,,,,365086.8667,5017904.048,45.2985029,-75.73131424,11569
17--7270,7/13/2017,8:09 AM,WELLINGTON ST btwn TO BE DETERMINED & BAY ST (__3ZA25L),__3ZA25L,01 - Non intersection,03 - P.D. only,04 - Sideswipe,01 - Clear,01 - Daylight,01 - Dry,10 - No control,,2,0,0,0,,0,,,,,366693.2138,5031278.924,45.41870771,-75.70915973,11570
17--7271,7/13/2017,8:12 AM,TENTH LINE RD @ CHARLEMAGNE BLVD S/DES EPINETT (0003686),3686,02 - Intersection related,02 - Non-fatal injury,03 - Rear end,01 - Clear,01 - Daylight,01 - Dry,01 - Traffic signal,01 - Functioning,2,0,0,0,01 - Minimal,1,1,,,,383640.9751,5036900.456,45.46758093,-75.49173924,11571
17--7272,7/13/2017,8:55 AM,RIVERSIDE DR @ BROOKFIELD RD/HOG'S BACK RD (0001627),1627,02 - Intersection related,03 - P.D. only,05 - Turning movement,01 - Clear,01 - Daylight,01 - Dry,01 - Traffic signal,00 - Unknown,2,0,0,0,,0,,,,,368166.7643,5026223.232,45.3730862,-75.69098271,11572
17--7273,7/13/2017,8:58 AM,MOODIE DR @ WEST HUNT CLUB RD (0010414),10414,02 - Intersection related,03 - P.D. only,03 - Rear end,01 - Clear,01 - Daylight,01 - Dry,01 - Traffic signal,01 - Functioning,2,0,0,0,,0,,,,,357907.6517,5018496.952,45.30441729,-75.82278222,11573
17--7274,7/13/2017,9:00 AM,TERRY FOX DR S @ DIDSBURY RD/CENTRUM KANATA SC (0011820),11820,03 - At intersection,02 - Non-fatal injury,02 - Angle,01 - Clear,01 - Daylight,01 - Dry,01 - Traffic signal,01 - Functioning,2,0,0,0,02 - Minor,1,,1,,,350623.3888,5018917.214,45.30871189,-75.91562554,11574
17--7275,7/13/2017,9:54 PM,BAYVIEW RD @ SCOTT ST/ALBERT ST (0005646),5646,03 - At intersection,03 - P.D. only,02 - Angle,01 - Clear,07 - Dark,01 - Dry,01 - Traffic signal,01 - Functioning,2,1,1,0,,0,,,,,365519.9555,5030071.334,45.40794493,-75.72429841,11575
17--7276,7/14/2017,1:22 PM,WELLINGTON ST @ HAMILTON AVE (0006106),6106,03 - At intersection,03 - P.D. only,02 - Angle,01 - Clear,01 - Daylight,01 - Dry,02 - Stop sign,01 - Functioning,2,0,0,0,,0,,,,,365078.5558,5029230.915,45.40042118,-75.73003954,11576
17--7277,7/14/2017,1:58 PM,FOX CRES @ WOODROFFE AVE (0002751),2751,03 - At intersection,03 - P.D. only,02 - Angle,02 - Rain,01 - Daylight,02 - Wet,02 - Stop sign,01 - Functioning,2,0,0,0,,0,,,,,361807.3475,5025625.865,45.36825735,-75.77223676,11577
17--7278,7/14/2017,10:40 PM,GREENBANK RD @ HIGHBURY PARK DR (0005310),5310,03 - At intersection,03 - P.D. only,03 - Rear end,02 - Rain,07 - Dark,02 - Wet,01 - Traffic signal,01 - Functioning,2,0,0,0,,0,,,,,363615.9257,5015523.951,45.27721147,-75.75034995,11578
17--7279,7/14/2017,10:56 PM,BASELINE RD/HERON RD @ PRINCE OF WALES DR (0002345),2345,02 - Intersection related,02 - Non-fatal injury,03 - Rear end,02 - Rain,07 - Dark,02 - Wet,01 - Traffic signal,01 - Functioning,2,0,0,0,02 - Minor,4,,4,,,366872.859,5026439.661,45.37514939,-75.70747347,11579
17--728,1/17/2017,4:35 PM,BRONSON AVE @ SUNNYSIDE AVE/UNIVERSITY RD - CA (0007209),7209,02 - Intersection related,03 - P.D. only,03 - Rear end,01 - Clear,01 - Daylight,02 - Wet,01 - Traffic signal,01 - Functioning,2,0,0,0,,0,,,,,367921.2092,5028090.421,45.38990883,-75.69387872,11580
17--7280,7/14/2017,11:57 PM,OR174 IC109 RAMP64 btwn OR174 IC109 RAMP66 & REGIONAL ROAD 174 (__3ZAYAI),__3ZAYAI,01 - Non intersection,03 - P.D. only,07 - SMV other,02 - Rain,07 - Dark,02 - Wet,10 - No control,,1,0,0,0,,0,,,,,376528.5915,5035200.053,45.45304844,-75.58293199,11581
17--7281,7/14/2017,Unknown,MARCONI AVE btwn APPLECROSS CRES & KINGHORN CRES/APPLECROSS CRES (__5I62XR),__5I62XR,04 - At/near private drive,03 - P.D. only,06 - SMV unattended vehicle,01 - Clear,00 - Unknown,01 - Dry,10 - No control,,1,0,0,0,,0,,,,,349795.7109,5024357.523,45.35771865,-75.92568559,11582
17--7282,7/14/2017,Unknown,GLANDRIEL CRES btwn TIMBERTRAIL TER & CLENDENAN CRES (__4BPE3Z),__4BPE3Z,01 - Non intersection,03 - P.D. only,06 - SMV unattended vehicle,02 - Rain,07 - Dark,02 - Wet,10 - No control,,1,0,0,0,,0,,,,,386976.9493,5037893.247,45.47612853,-75.44891805,11583
17--7283,7/14/2017,12:21 PM,HIGHWAY 417 btwn HWY417 IC134 RAMP35 & HWY417 IC134 RAMP25 (__3ZA29D),__3ZA29D,06 - Underpass or tunnel,03 - P.D. only,99 - Other,01 - Clear,01 - Daylight,01 - Dry,10 - No control,,2,0,0,0,,0,,,,,356421.0773,5022241.792,45.33822464,-75.8413471,11584
17--7284,7/14/2017,12:31 PM,RIVERSIDE DR @ BROOKFIELD RD/HOG'S BACK RD (0001627),1627,02 - Intersection related,03 - P.D. only,99 - Other,01 - Clear,01 - Daylight,01 - Dry,01 - Traffic signal,01 - Functioning,2,0,1,0,,0,,,,,368168.2687,5026222.71,45.37308137,-75.69096357,11585
17--7285,7/14/2017,12:59 PM,BANKFIELD RD @ PRINCE OF WALES DR (0003618),3618,02 - Intersection related,03 - P.D. only,03 - Rear end,02 - Rain,01 - Daylight,02 - Wet,01 - Traffic signal,01 - Functioning,2,0,0,0,,0,,,,,366379.3555,5008976.055,45.21805697,-75.71594237,11586
17--7286,7/14/2017,2:30 PM,INDUSTRIAL AVE @ RIVERSIDE DR (0011905),11905,03 - At intersection,03 - P.D. only,03 - Rear end,01 - Clear,01 - Daylight,01 - Dry,01 - Traffic signal,01 - Functioning,2,0,0,0,,0,,,,,370685.0531,5030593.891,45.41217955,-75.65825097,11587
17--7287,7/14/2017,2:48 PM,RICHMOND RD btwn WEST HUNT CLUB RD & SEYTON DR (__3ZA41P),__3ZA41P,01 - Non intersection,03 - P.D. only,01 - Approaching,02 - Rain,01 - Daylight,02 - Wet,10 - No control,,2,0,0,0,,0,,,,,357153.3396,5018189.252,45.30170519,-75.83243289,11588
17--7288,7/14/2017,3:00 PM,HIGHWAY 416 btwn HWY416 IC72 RAMP63 & HWY416 IC72 RAMP53 (__3ZA1NF),__3ZA1NF,01 - Non intersection,03 - P.D. only,04 - Sideswipe,01 - Clear,01 - Daylight,01 - Dry,10 - No control,,3,0,0,0,,0,,,,,359715.673,5019149.063,45.310146,-75.79965615,11589
17--7289,7/14/2017,3:07 PM,GOULBOURN FORCED RD @ KANATA AVE (0011854),11854,02 - Intersection related,03 - P.D. only,05 - Turning movement,01 - Clear,01 - Daylight,01 - Dry,01 - Traffic signal,01 - Functioning,2,0,0,0,,0,,,,,349775.5586,5020353.187,45.32168798,-75.92630679,11590
17--729,1/17/2017,5:20 PM,HIGHWAY 417 btwn HWY417 IC126 RAMP61 & HWY417 IC124 RAMP76 (__3ZA2Y2),__3ZA2Y2,01 - Non intersection,03 - P.D. only,03 - Rear end,01 - Clear,05 - Dusk,01 - Dry,10 - No control,,2,0,0,0,,0,,,,,363978.7829,5026949.22,45.37998472,-75.74435974,11591
17--7290,7/14/2017,3:30 PM,INNES RD @ STAR TOP RD/WINDMILL LANE (0008734),8734,02 - Intersection related,03 - P.D. only,03 - Rear end,01 - Clear,01 - Daylight,01 - Dry,01 - Traffic signal,01 - Functioning,2,0,0,0,,0,,,,,374147.7258,5030666.26,45.41249612,-75.61400679,11592
17--7291,7/14/2017,4:29 PM,FAIRMONT AVE @ WELLINGTON ST (0006497),6497,02 - Intersection related,03 - P.D. only,04 - Sideswipe,01 - Clear,01 - Daylight,01 - Dry,01 - Traffic signal,01 - Functioning,2,0,0,0,,0,,,,,365556.0265,5029698.158,45.40458405,-75.72388362,11593