Anom_ID,Accident_Date,Accident_Time,Location,Geo_ID,Accident_Location,Classification_of_Accident,Initial_Impact_Type,Environment_Condition,Light,Road_Surface_Condition,Traffic_Control,Traffic_Control_Condition,No__of_Vehicles,No__of_Bicycles,No__of_Motorcycles,No__of_Pedestrians,Max_Injury,No__of_Injuries,No__of_Minimal,No__of_Minor,No__of_Major,No__of_Fatal,X,Y,Latitude,Longitude,ObjectId
17--7292,7/14/2017,4:29 PM,HIGHWAY 417 btwn HWY417 IC117 RAMP51 & HWY417 IC117 RAMP35 (__3ZA2YN),__3ZA2YN,01 - Non intersection,02 - Non-fatal injury,03 - Rear end,01 - Clear,01 - Daylight,01 - Dry,10 - No control,,2,0,0,0,02 - Minor,1,,1,,,370630.6745,5031160.465,45.41728247,-75.65886996,11594
17--7293,7/14/2017,4:39 PM,WALKLEY RD btwn HERON RD & HOLLY LANE (__3ZA1V8),__3ZA1V8,01 - Non intersection,03 - P.D. only,03 - Rear end,01 - Clear,01 - Daylight,01 - Dry,10 - No control,,2,0,0,0,,0,,,,,372191.9243,5027043.99,45.38009553,-75.63948626,11595
17--7294,7/14/2017,5:00 PM,MERIVALE RD/LOTTA AVE @ CLYDE AVE (0001112),1112,02 - Intersection related,03 - P.D. only,03 - Rear end,01 - Clear,01 - Daylight,01 - Dry,01 - Traffic signal,00 - Unknown,2,0,0,0,,0,,,,,364523.5286,5024510.652,45.35799664,-75.73769943,11596
17--7295,7/14/2017,5:16 PM,LONGFIELDS DR btwn HIGHBURY PARK DR & MOUNTSHANNON DR (__3ZAZSR),__3ZAZSR,01 - Non intersection,03 - P.D. only,07 - SMV other,01 - Clear,01 - Daylight,01 - Dry,10 - No control,,1,0,0,0,,0,,,,,364153.296,5016404.443,45.28508897,-75.74339609,11597
17--7296,7/14/2017,5:32 PM,BANK ST @ WELLINGTON ST (0002039),2039,02 - Intersection related,03 - P.D. only,07 - SMV other,01 - Clear,01 - Daylight,01 - Dry,01 - Traffic signal,00 - Unknown,1,0,0,0,,0,,,,,367257.7053,5031628.572,45.42180357,-75.70190332,11598
17--7297,7/14/2017,5:41 PM,ANDERSON RD @ INNES RD (0004200),4200,02 - Intersection related,03 - P.D. only,04 - Sideswipe,01 - Clear,01 - Daylight,01 - Dry,01 - Traffic signal,00 - Unknown,2,0,0,0,,0,,,,,376280.2056,5031840.225,45.42284421,-75.58659515,11599
17--7298,7/14/2017,6:11 PM,FALLOWFIELD RD @ STRANDHERD DR (0005238),5238,02 - Intersection related,03 - P.D. only,03 - Rear end,01 - Clear,01 - Daylight,01 - Dry,01 - Traffic signal,01 - Functioning,3,0,0,0,,0,,,,,360752.224,5014962.154,45.27239009,-75.78691024,11600
17--7389,7/17/2017,9:25 AM,HIGHWAY 417 btwn HWY417 IC126 RAMP51 & HWY417 IC126 RAMP25 (__3ZA2RD),__3ZA2RD,01 - Non intersection,03 - P.D. only,03 - Rear end,01 - Clear,01 - Daylight,01 - Dry,10 - No control,,2,0,0,0,,0,,,,,363268.1375,5025966.474,45.37120177,-75.75354938,11601
17--739,1/17/2017,8:05 AM,HIGHWAY 417 btwn HWY417 IC129 RAMP25 & TRANSIT (__3ZA2SH),__3ZA2SH,01 - Non intersection,03 - P.D. only,03 - Rear end,01 - Clear,01 - Daylight,01 - Dry,10 - No control,,2,0,0,0,,0,,,,,361764.4347,5024538.787,45.3584794,-75.77290985,11602
17--7390,7/18/2017,1:00 PM,LIMEBANK RD @ RIDEAU RD (0004455),4455,03 - At intersection,03 - P.D. only,02 - Angle,01 - Clear,01 - Daylight,01 - Dry,02 - Stop sign,01 - Functioning,2,0,0,0,,0,,,,,370885.2976,5014019.435,45.26302842,-75.65790645,11603
17--7391,7/18/2017,1:01 AM,DALHOUSIE ST @ RIDEAU ST (0007646),7646,03 - At intersection,02 - Non-fatal injury,07 - SMV other,01 - Clear,07 - Dark,01 - Dry,01 - Traffic signal,01 - Functioning,1,0,0,1,03 - Major,1,,,1,,368205.4271,5032226.299,45.42709646,-75.68971741,11604
17--7392,7/18/2017,1:19 PM,RICHMOND RD @ WAVELL AVE (0008877),8877,03 - At intersection,03 - P.D. only,02 - Angle,01 - Clear,01 - Daylight,01 - Dry,02 - Stop sign,01 - Functioning,2,0,0,0,,0,,,,,362173.4463,5027397.44,45.38416792,-75.76735765,11605
17--7393,7/18/2017,1:39 PM,KING EDWARD AVE @ RIDEAU ST (0002121),2121,03 - At intersection,03 - P.D. only,04 - Sideswipe,01 - Clear,01 - Daylight,01 - Dry,01 - Traffic signal,01 - Functioning,2,0,0,0,,0,,,,,368511.7072,5032413.857,45.42875621,-75.68577947,11606
17--7394,7/18/2017,10:07 PM,FERNBANK RD btwn GO/KA BOUNDARY & TERRY FOX DR (__4O46UP),__4O46UP,01 - Non intersection,03 - P.D. only,07 - SMV other,01 - Clear,07 - Dark,01 - Dry,10 - No control,,1,0,0,0,,0,,,,,353818.355,5014693.829,45.27049317,-75.87530059,11607
17--7395,7/18/2017,10:20 AM,NEPEAN ST @ O'CONNOR ST (0006942),6942,03 - At intersection,02 - Non-fatal injury,07 - SMV other,01 - Clear,01 - Daylight,01 - Dry,02 - Stop sign,01 - Functioning,1,0,0,1,02 - Minor,1,,1,,,367721.3509,5031225.303,45.41813354,-75.69603085,11608
17--7396,7/18/2017,10:27 AM,CATHERINE ST @ LYON ST/HWY 417 LYON IC120BR36 (0002254),2254,03 - At intersection,02 - Non-fatal injury,02 - Angle,01 - Clear,01 - Daylight,01 - Dry,01 - Traffic signal,01 - Functioning,2,0,0,0,02 - Minor,2,,2,,,367748.1658,5030091.876,45.40793291,-75.69583301,11609
17--7397,7/18/2017,10:50 AM,KANATA AVE/CASTLEFRANK RD @ AIRD PL (0011976),11976,02 - Intersection related,03 - P.D. only,03 - Rear end,01 - Clear,01 - Daylight,01 - Dry,01 - Traffic signal,01 - Functioning,2,0,0,0,,0,,,,,351811.498,5019069.868,45.31000698,-75.90046021,11610
17--7398,7/18/2017,10:57 AM,BASELINE RD @ WOODROFFE AVE (0002225),2225,02 - Intersection related,03 - P.D. only,03 - Rear end,01 - Clear,01 - Daylight,01 - Dry,01 - Traffic signal,01 - Functioning,2,0,0,0,,0,,,,,362548.4725,5023770.809,45.35150505,-75.76299298,11611
17--7399,7/18/2017,11:23 AM,MERIVALE RD @ SLACK RD (0000110),110,03 - At intersection,03 - P.D. only,05 - Turning movement,01 - Clear,01 - Daylight,01 - Dry,01 - Traffic signal,01 - Functioning,2,0,0,0,,0,,,,,366019.0623,5020955.174,45.325876,-75.71905244,11612
17--74,1/3/2017,6:01 PM,HUNT CLUB RD @ RIVERSIDE DR (0002237),2237,02 - Intersection related,03 - P.D. only,03 - Rear end,02 - Rain,07 - Dark,02 - Wet,01 - Traffic signal,01 - Functioning,2,0,0,0,,0,,,,,368035.8446,5021948.074,45.33463113,-75.69320082,11613
17--740,1/17/2017,8:25 AM,HWY417 IC121A RAMP16 btwn HIGHWAY 417 & RAYMOND ST (__3ZAY91),__3ZAY91,01 - Non intersection,02 - Non-fatal injury,07 - SMV other,01 - Clear,01 - Daylight,02 - Wet,10 - No control,,1,0,0,0,01 - Minimal,1,1,,,,367154.4313,5029742.517,45.40484262,-75.70346145,11614
17--7400,7/18/2017,11:26 PM,STAGECOACH RD btwn EMPIRE GROVE ST & LAKESHORE DR (__3ZA3SG),__3ZA3SG,01 - Non intersection,02 - Non-fatal injury,07 - SMV other,01 - Clear,07 - Dark,01 - Dry,10 - No control,,1,0,1,0,03 - Major,1,,,1,,376449.2927,5012123.211,45.24542209,-75.58728915,11615
17--7401,7/18/2017,Unknown,EVANS BLVD btwn BANK ST & WILLOWDALE AVE (__3ZA9PT),__3ZA9PT,01 - Non intersection,03 - P.D. only,06 - SMV unattended vehicle,01 - Clear,00 - Unknown,01 - Dry,10 - No control,,1,0,0,0,,0,,,,,369999.1157,5027023.727,45.38012071,-75.66748544,11616
17--7402,7/18/2017,12:00 PM,HOGAN ST @ MEADOWLANDS DR (0001120),1120,02 - Intersection related,03 - P.D. only,03 - Rear end,01 - Clear,01 - Daylight,01 - Dry,02 - Stop sign,00 - Unknown,2,0,0,0,,0,,,,,366122.697,5024893.009,45.36129897,-75.71724238,11617
17--7403,7/18/2017,12:06 PM,BADGELEY AVE btwn REMNOR AVE & GOULBOURN FORCED RD (__54M2Y0),__54M2Y0,04 - At/near private drive,03 - P.D. only,06 - SMV unattended vehicle,01 - Clear,01 - Daylight,01 - Dry,10 - No control,,1,0,0,0,,0,,,,,349579.7541,5020568.735,45.32364005,-75.92878479,11618
17--7404,7/18/2017,12:10 PM,REGIONAL ROAD 174 btwn EAST ST & EAST SHORE RD (__3ZA27Y),__3ZA27Y,01 - Non intersection,03 - P.D. only,07 - SMV other,01 - Clear,01 - Daylight,01 - Dry,10 - No control,,1,0,0,0,,0,,,,,390619.6717,5042734.922,45.51924984,-75.40148758,11619
17--7405,7/18/2017,12:19 PM,PARKGLEN DR @ WOODROFFE AVE (0001099),1099,02 - Intersection related,03 - P.D. only,04 - Sideswipe,01 - Clear,01 - Daylight,01 - Dry,02 - Stop sign,01 - Functioning,2,0,0,0,,0,,,,,362888.1524,5023126.78,45.34568208,-75.75873388,11620
17--7406,7/18/2017,12:19 PM,MANN AVE btwn MARLBOROUGH AVE & RANGE RD (__3ZA7G4),__3ZA7G4,01 - Non intersection,03 - P.D. only,06 - SMV unattended vehicle,01 - Clear,01 - Daylight,01 - Dry,10 - No control,,1,0,0,0,,0,,,,,369787.6203,5031694.19,45.42216353,-75.66957026,11621
17--7407,7/18/2017,12:51 PM,HAZELDEAN RD btwn 246 E OF CASTLEFRANK RD & IRWIN GT (__3ZA41NB),__3ZA41NB,01 - Non intersection,03 - P.D. only,03 - Rear end,01 - Clear,01 - Daylight,01 - Dry,10 - No control,,3,0,0,0,,0,,,,,353296.4647,5018189.664,45.30198574,-75.88160958,11622
17--7408,7/18/2017,2:04 PM,PALLADIUM DR btwn SILVER SEVEN RD & TERRY FOX DR (__3ZA2I4),__3ZA2I4,01 - Non intersection,02 - Non-fatal injury,03 - Rear end,01 - Clear,01 - Daylight,01 - Dry,10 - No control,,4,0,0,0,01 - Minimal,2,2,,,,351090.7054,5017917.221,45.29968304,-75.90975966,11623
17--7409,7/18/2017,2:30 PM,RIVERSIDE DR @ TREMBLAY RD/HWY417 IC117 RAMP52 (0010790),10790,02 - Intersection related,03 - P.D. only,03 - Rear end,01 - Clear,01 - Daylight,01 - Dry,01 - Traffic signal,01 - Functioning,2,0,0,0,,0,,,,,370801.6029,5031015.521,45.41596222,-75.65670563,11624
17--741,1/17/2017,8:43 AM,VANIER PKWY/CRICHTON ST @ BEECHWOOD AVE/ST. PA (0001604),1604,02 - Intersection related,03 - P.D. only,03 - Rear end,01 - Clear,01 - Daylight,01 - Dry,01 - Traffic signal,01 - Functioning,2,0,0,0,,0,,,,,369127.8414,5033486.936,45.43835496,-75.67776603,11625
17--7410,7/18/2017,2:54 PM,KIRKWOOD AVE btwn CHATELAIN AVE & LEPAGE AVE (__3ZA3G9),__3ZA3G9,01 - Non intersection,03 - P.D. only,05 - Turning movement,01 - Clear,01 - Daylight,01 - Dry,10 - No control,,2,0,0,0,,0,,,,,364780.4417,5026656.878,45.37728611,-75.73415997,11626
17--7411,7/18/2017,3:44 PM,CARP RD @ ECHOWOODS AVE/KITTIWAKE DR (0009789),9789,02 - Intersection related,03 - P.D. only,02 - Angle,01 - Clear,01 - Daylight,01 - Dry,01 - Traffic signal,01 - Functioning,4,0,0,0,,0,,,,,348594.9694,5014562.995,45.26966056,-75.94187661,11627
17--7412,7/18/2017,4:15 PM,ST. JOSEPH BLVD/OLD MONTREAL RD @ TRIM RD (0004118),4118,03 - At intersection,03 - P.D. only,02 - Angle,01 - Clear,01 - Daylight,01 - Dry,11 - Roundabout,01 - Functioning,2,0,0,0,,0,,,,,384683.7573,5039284.244,45.48890948,-75.47801803,11628
17--7413,7/18/2017,4:35 PM,BESSERER ST @ KING EDWARD AVE (0007758),7758,03 - At intersection,03 - P.D. only,02 - Angle,01 - Clear,01 - Daylight,01 - Dry,01 - Traffic signal,01 - Functioning,2,0,0,0,,0,,,,,368550.7052,5032339.941,45.42808758,-75.68529071,11629
17--7414,7/18/2017,4:41 PM,BRIDLE PATH DR btwn CAROUSEL CRES & ALBION RD (__3ZAZGX),__3ZAZGX,01 - Non intersection,02 - Non-fatal injury,06 - SMV unattended vehicle,01 - Clear,01 - Daylight,01 - Dry,10 - No control,,1,0,0,0,02 - Minor,1,,1,,,371904.7805,5023646.716,45.34955564,-75.64361369,11630
17--7415,7/18/2017,4:58 PM,BRONSON AVE @ SUNNYSIDE AVE/UNIVERSITY RD - CA (0007209),7209,02 - Intersection related,03 - P.D. only,04 - Sideswipe,01 - Clear,01 - Daylight,01 - Dry,01 - Traffic signal,00 - Unknown,2,0,0,0,,0,,,,,367922.9321,5028091.325,45.38991681,-75.69385661,11631
17--7416,7/18/2017,5:31 PM,KING EDWARD AVE @ ST. PATRICK ST (0002714),2714,02 - Intersection related,03 - P.D. only,04 - Sideswipe,01 - Clear,01 - Daylight,01 - Dry,01 - Traffic signal,01 - Functioning,2,0,0,0,,0,,,,,368248.9314,5032823.266,45.43246381,-75.68908459,11632
17--7417,7/18/2017,5:43 PM,LAURIER AVE @ O'CONNOR ST (0002224),2224,03 - At intersection,02 - Non-fatal injury,05 - Turning movement,01 - Clear,01 - Daylight,01 - Dry,01 - Traffic signal,01 - Functioning,2,1,0,0,02 - Minor,1,,1,,,367636.0597,5031357.936,45.41933459,-75.69710362,11633
17--7418,7/18/2017,6:00 PM,EXHIBITION WAY btwn BANK ST & NO NAME (e___2HQY),e___2HQY,01 - Non intersection,03 - P.D. only,06 - SMV unattended vehicle,01 - Clear,01 - Daylight,01 - Dry,10 - No control,,1,0,0,0,,0,,,,,368587.3606,5029110.656,45.39902823,-75.68524025,11634
17--7419,7/18/2017,6:03 PM,YORKS CORNERS RD btwn PANA RD & VICTORIA ST (__3ZA6V2),__3ZA6V2,01 - Non intersection,03 - P.D. only,07 - SMV other,01 - Clear,01 - Daylight,01 - Dry,10 - No control,,1,0,0,0,,0,,,,,388632.6656,5013777.868,45.2589639,-75.43183622,11635
17--742,1/17/2017,8:45 AM,HERZBERG RD @ CARLING AVE (0003193),3193,02 - Intersection related,03 - P.D. only,04 - Sideswipe,01 - Clear,01 - Daylight,01 - Dry,01 - Traffic signal,01 - Functioning,2,0,0,0,,0,,,,,352037.0736,5022301.039,45.33906662,-75.89727535,11636
17--7420,7/18/2017,6:53 PM,BRONSON AVE @ CATHERINE ST/RAYMOND ST (0007198),7198,02 - Intersection related,03 - P.D. only,04 - Sideswipe,01 - Clear,01 - Daylight,01 - Dry,01 - Traffic signal,01 - Functioning,2,0,0,0,,0,,,,,367251.6376,5029795.228,45.40530824,-75.70221315,11637
17--7421,7/18/2017,7:01 PM,CRESTHAVEN DR btwn WOODROFFE AVE & SERENA WAY (__7N38U6),__7N38U6,04 - At/near private drive,03 - P.D. only,06 - SMV unattended vehicle,01 - Clear,01 - Daylight,01 - Dry,10 - No control,,1,0,0,0,,0,,,,,366362.7162,5014861.091,45.27101195,-75.71542561,11638
17--7422,7/18/2017,7:45 AM,BRONSON AVE @ SUNNYSIDE AVE/UNIVERSITY RD - CA (0007209),7209,02 - Intersection related,03 - P.D. only,04 - Sideswipe,01 - Clear,01 - Daylight,01 - Dry,01 - Traffic signal,01 - Functioning,2,0,0,0,,0,,,,,367922.7101,5028091.243,45.38991609,-75.69385945,11639
17--7423,7/18/2017,8:00 AM,INDUSTRIAL AVE btwn RUSSELL RD & ST. LAURENT BLVD (__3ZA3R7),__3ZA3R7,01 - Non intersection,03 - P.D. only,03 - Rear end,01 - Clear,01 - Daylight,01 - Dry,10 - No control,,2,0,0,0,,0,,,,,373026.2118,5029966.496,45.40631021,-75.62843052,11640
17--7424,7/18/2017,8:00 AM,HIGHWAY 417 btwn HWY417 IC129 RAMP25 & HWY417 IC129 RAMP35 (__3ZAYFR),__3ZAYFR,01 - Non intersection,03 - P.D. only,03 - Rear end,01 - Clear,01 - Daylight,01 - Dry,10 - No control,,3,0,0,0,,0,,,,,360479.3045,5023542.445,45.34961757,-75.78942409,11641
17--7425,7/18/2017,8:08 AM,BLAIR RD @ REGIONAL RD 174 N/OR174 IC112 RAMP61 (0003617),3617,02 - Intersection related,03 - P.D. only,03 - Rear end,01 - Clear,01 - Daylight,01 - Dry,01 - Traffic signal,00 - Unknown,2,0,0,0,,0,,,,,374633.3008,5032992.865,45.43338138,-75.60747397,11642
17--7426,7/18/2017,8:19 AM,MONTREAL RD @ ST. LAURENT BLVD (0002604),2604,03 - At intersection,03 - P.D. only,05 - Turning movement,01 - Clear,01 - Daylight,01 - Dry,01 - Traffic signal,01 - Functioning,2,0,0,0,,0,,,,,371545.0619,5033816.954,45.44109773,-75.64682792,11643
17--7427,7/18/2017,8:22 AM,BRONSON AVE @ FIFTH AVE/MADAWASKA DR (0006977),6977,02 - Intersection related,03 - P.D. only,03 - Rear end,01 - Clear,01 - Daylight,01 - Dry,01 - Traffic signal,01 - Functioning,2,0,0,0,,0,,,,,367614.758,5028939.309,45.39757444,-75.69768395,11644
17--7428,7/18/2017,8:23 PM,CENTRAL PARK DR S @ MERIVALE RD (0009113),9113,02 - Intersection related,02 - Non-fatal injury,03 - Rear end,01 - Clear,01 - Daylight,01 - Dry,01 - Traffic signal,01 - Functioning,2,0,0,0,01 - Minimal,1,1,,,,364987.2004,5025597.374,45.36773514,-75.73164938,11645
17--7429,7/18/2017,8:34 AM,HIGHWAY 417 btwn HWY417 IC126 RAMP61 & HWY417 IC124 RAMP76 (__3ZA2Y2),__3ZA2Y2,01 - Non intersection,02 - Non-fatal injury,03 - Rear end,01 - Clear,01 - Daylight,01 - Dry,10 - No control,,3,0,0,0,01 - Minimal,3,3,,,,364102.8757,5027114.468,45.3814611,-75.74275552,11646
17--743,1/17/2017,8:45 AM,HIGHWAY 416 btwn HWY416 IC42 RAMP24 & END (__3ZAZJ6),__3ZAZJ6,01 - Non intersection,03 - P.D. only,07 - SMV other,01 - Clear,01 - Daylight,01 - Dry,10 - No control,,1,0,0,0,,0,,,,,372239.5638,4994192.606,45.08449926,-75.64333065,11647
17--7430,7/18/2017,9:13 PM,EAGLESON RD @ MICHAEL COWPLAND DR/STONEHAVEN D (0003544),3544,03 - At intersection,03 - P.D. only,05 - Turning movement,01 - Clear,05 - Dusk,01 - Dry,01 - Traffic signal,01 - Functioning,2,0,0,0,,0,,,,,354382.477,5016624.606,45.28782721,-75.86791888,11648
17--7431,7/18/2017,9:30 PM,RIDEAU ST btwn KING EDWARD AVE & NELSON ST (__3ZA3VG),__3ZA3VG,01 - Non intersection,02 - Non-fatal injury,07 - SMV other,01 - Clear,07 - Dark,01 - Dry,10 - No control,,1,0,1,0,02 - Minor,1,,1,,,368543.7585,5032432.179,45.42891814,-75.68536753,11649
17--7432,7/18/2017,9:30 PM,HIGHWAY 417 btwn HWY417 IC122 RAMP15 & HWY417 IC121B RAMP51 (__3ZA2RB),__3ZA2RB,01 - Non intersection,03 - P.D. only,03 - Rear end,01 - Clear,07 - Dark,01 - Dry,10 - No control,,2,0,0,0,,0,,,,,366055.6563,5029313.188,45.40107665,-75.71754961,11650
17--7433,7/18/2017,9:31 AM,BANK ST @ SNAKE ISLAND RD/VICTORIA ST (0001080),1080,02 - Intersection related,02 - Non-fatal injury,07 - SMV other,01 - Clear,01 - Daylight,01 - Dry,01 - Traffic signal,01 - Functioning,1,0,0,0,02 - Minor,1,,1,,,383697.6337,5010121.835,45.22663964,-75.49528653,11651
17--7434,7/18/2017,9:39 PM,DUMAURIER AVE @ RICHMOND RD (0002679),2679,03 - At intersection,03 - P.D. only,02 - Angle,01 - Clear,07 - Dark,01 - Dry,01 - Traffic signal,01 - Functioning,2,0,0,0,,0,,,,,359628.9413,5023733.917,45.35140744,-75.80025433,11652
17--7435,7/19/2017,1:00 PM,STANWOOD DR btwn OAKVIEW AVE & ALDERCREST DR (__3ZBOLX),__3ZBOLX,01 - Non intersection,02 - Non-fatal injury,06 - SMV unattended vehicle,01 - Clear,01 - Daylight,01 - Dry,10 - No control,,1,0,0,0,01 - Minimal,1,1,,,,364243.6833,5022697.506,45.34170595,-75.74148896,11653
17--7436,7/19/2017,1:11 PM,ALBION RD/COLLISTON CRES E @ WALKLEY RD (0011422),11422,02 - Intersection related,03 - P.D. only,03 - Rear end,01 - Clear,01 - Daylight,01 - Dry,01 - Traffic signal,01 - Functioning,2,0,0,0,,0,,,,,371033.2609,5026354.972,45.37400649,-75.65437178,11654
17--7437,7/19/2017,10:28 AM,GREENBANK RD @ WEST HUNT CLUB RD (0005167),5167,02 - Intersection related,03 - P.D. only,03 - Rear end,01 - Clear,01 - Daylight,01 - Dry,01 - Traffic signal,01 - Functioning,2,0,0,0,,0,,,,,361479.0755,5020502.78,45.32218665,-75.77701423,11655
17--7438,7/19/2017,10:45 PM,HIGHWAY 417 btwn HWY417 IC155 RAMP61 & HWY417 IC145 RAMP56 (__3ZA2Q2),__3ZA2Q2,01 - Non intersection,03 - P.D. only,07 - SMV other,01 - Clear,07 - Dark,01 - Dry,10 - No control,,1,0,0,0,,0,,,,,342179.1164,5017580.158,45.29718068,-76.02340993,11656
17--7439,7/19/2017,10:56 AM,BASELINE RD @ NAVAHO DR (0003158),3158,02 - Intersection related,03 - P.D. only,03 - Rear end,01 - Clear,01 - Daylight,01 - Dry,01 - Traffic signal,01 - Functioning,3,0,0,0,,0,,,,,363084.7722,5024097.277,45.35439821,-75.75611062,11657
17--744,1/17/2017,9:40 AM,HIGHWAY 417 btwn HWY417 IC129 RAMP51 & HWY417 IC129 RAMP35 (__3ZA2X9),__3ZA2X9,01 - Non intersection,02 - Non-fatal injury,03 - Rear end,01 - Clear,01 - Daylight,01 - Dry,10 - No control,,3,0,0,0,01 - Minimal,1,1,,,,360160.6755,5023298.259,45.34744562,-75.79351744,11658
17--7440,7/19/2017,11:30 AM,EARL ARMSTRONG RD @ RIVER RD (0012470),12470,02 - Intersection related,03 - P.D. only,03 - Rear end,01 - Clear,01 - Daylight,01 - Dry,01 - Traffic signal,01 - Functioning,2,0,0,0,,0,,,,,367572.3841,5014685.066,45.26932115,-75.70003297,11659
17--7441,7/19/2017,Unknown,PINE VISTA DR btwn SIESTA CRT & SIESTA CRT (__45C2YN),__45C2YN,01 - Non intersection,03 - P.D. only,06 - SMV unattended vehicle,01 - Clear,00 - Unknown,01 - Dry,10 - No control,,1,0,0,0,,0,,,,,387145.6278,5037663.956,45.47404573,-75.44679937,11660
17--7442,7/19/2017,Unknown,BANK ST btwn COOPER ST & SOMERSET ST W (__3ZA3RT),__3ZA3RT,01 - Non intersection,03 - P.D. only,06 - SMV unattended vehicle,01 - Clear,00 - Unknown,01 - Dry,10 - No control,,1,0,0,0,,0,,,,,367678.9838,5030944.327,45.41560922,-75.69660799,11661
17--7443,7/19/2017,Unknown,FOURTH AVE @ O'CONNOR ST (0007400),7400,02 - Intersection related,03 - P.D. only,06 - SMV unattended vehicle,01 - Clear,00 - Unknown,01 - Dry,02 - Stop sign,00 - Unknown,1,0,0,0,,0,,,,,368678.7109,5029661.325,45.40397464,-75.68400222,11662
17--7444,7/19/2017,12:08 PM,HUNTMAR DR btwn PALLADIUM DR & MAPLE GROVE RD (__3ZA1EH),__3ZA1EH,01 - Non intersection,02 - Non-fatal injury,01 - Approaching,01 - Clear,01 - Daylight,01 - Dry,10 - No control,,2,0,0,0,02 - Minor,2,,2,,,349799.2788,5017226.116,45.29354817,-75.92628817,11663
17--7445,7/19/2017,12:40 AM,NORTH RIVERSIDE DR @ RIVERSIDE CRES (0003085),3085,02 - Intersection related,03 - P.D. only,02 - Angle,01 - Clear,07 - Dark,01 - Dry,10 - No control,,2,0,0,0,,0,,,,,368759.9073,5010745.4,45.23376537,-75.68540771,11664
17--7446,7/19/2017,12:45 PM,GREENBANK RD @ IRIS ST/HWY 417 IC129 RAMP51 (0009073),9073,02 - Intersection related,03 - P.D. only,03 - Rear end,01 - Clear,01 - Daylight,01 - Dry,01 - Traffic signal,01 - Functioning,2,0,0,0,,0,,,,,360531.9404,5023312.943,45.34754834,-75.78877827,11665
17--7447,7/19/2017,12:53 PM,CARLING AVE @ PINECREST  RD/GREENVIEW AVE (0001630),1630,02 - Intersection related,03 - P.D. only,03 - Rear end,01 - Clear,01 - Daylight,01 - Dry,01 - Traffic signal,01 - Functioning,2,0,0,0,,0,,,,,360007.2772,5024632.227,45.35946073,-75.79532592,11666
17--7448,7/19/2017,2:29 AM,BOOTH ST @ RAYMOND ST (0006498),6498,03 - At intersection,02 - Non-fatal injury,02 - Angle,01 - Clear,07 - Dark,01 - Dry,01 - Traffic signal,01 - Functioning,2,0,0,0,02 - Minor,3,,3,,,366860.699,5029641.561,45.40396035,-75.70722604,11667
17--7449,7/19/2017,4:31 PM,INDUSTRIAL AVE @ ALTA VISTA DR/SANDFORD FLEMIN (0006979),6979,02 - Intersection related,03 - P.D. only,03 - Rear end,01 - Clear,01 - Daylight,01 - Dry,01 - Traffic signal,01 - Functioning,2,0,0,0,,0,,,,,370885.4663,5030557.603,45.41183415,-75.65569563,11668
17--745,1/17/2017,9:40 PM,JOHN QUINN RD btwn STONE SCHOOL RD & BANK ST (__3ZA645),__3ZA645,01 - Non intersection,02 - Non-fatal injury,07 - SMV other,03 - Snow,07 - Dark,06 - Ice,10 - No control,,1,0,0,0,02 - Minor,1,,1,,,383455.8946,5010743.933,45.232264,-75.49826613,11669
17--7450,7/19/2017,4:45 PM,CARLING AVE @ CHURCHILL AVE (0002149),2149,02 - Intersection related,03 - P.D. only,02 - Angle,01 - Clear,01 - Daylight,01 - Dry,01 - Traffic signal,00 - Unknown,2,0,0,0,,0,,,,,363776.2311,5027013.27,45.38057811,-75.7469382,11670
17--7451,7/19/2017,4:50 AM,HIGHWAY 417 btwn HWY417 IC155 RAMP61 & HWY417 IC145 RAMP56 (__3ZA2Q2),__3ZA2Q2,01 - Non intersection,03 - P.D. only,07 - SMV other,01 - Clear,03 - Dawn,01 - Dry,10 - No control,,1,0,0,0,,0,,,,,345946.6901,5014803.621,45.27198575,-75.97560489,11671
17--7452,7/19/2017,4:59 PM,DESCHAMPS AVE btwn HANNAH ST & OLMSTEAD ST (__3ZA8U1),__3ZA8U1,04 - At/near private drive,02 - Non-fatal injury,06 - SMV unattended vehicle,01 - Clear,01 - Daylight,01 - Dry,10 - No control,,1,0,0,0,01 - Minimal,1,1,,,,370207.053,5033326.027,45.43680704,-75.66399447,11672
17--7453,7/19/2017,5:00 PM,HIGHWAY 417 btwn HWY417 IC96 RAMP51 & HIGHWAY 417 (__3ZA2W3),__3ZA2W3,01 - Non intersection,03 - P.D. only,04 - Sideswipe,01 - Clear,01 - Daylight,01 - Dry,10 - No control,,2,0,0,0,,0,,,,,387206.9189,5023866.913,45.34990578,-75.44832222,11673
17--7454,7/19/2017,5:03 PM,BANK ST @ FOURTH AVE (0007249),7249,03 - At intersection,03 - P.D. only,05 - Turning movement,01 - Clear,01 - Daylight,01 - Dry,02 - Stop sign,00 - Unknown,2,0,0,0,,0,,,,,368367.1699,5029476.019,45.40233568,-75.68800539,11674
17--7455,7/19/2017,5:46 PM,GEORGE ST @ SUSSEX DR (0002109),2109,02 - Intersection related,03 - P.D. only,04 - Sideswipe,01 - Clear,01 - Daylight,01 - Dry,01 - Traffic signal,01 - Functioning,2,0,0,0,,0,,,,,367870.2869,5032130.961,45.42626894,-75.69401208,11675
17--7456,7/19/2017,6:30 PM,FRANK KENNY RD W @ INNES RD (0010153),10153,02 - Intersection related,03 - P.D. only,07 - SMV other,01 - Clear,01 - Daylight,01 - Dry,02 - Stop sign,00 - Unknown,1,0,0,0,,0,,,,,387532.501,5037630.354,45.47369769,-75.44185777,11676