Anom_ID,Accident_Date,Accident_Time,Location,Geo_ID,Accident_Location,Classification_of_Accident,Initial_Impact_Type,Environment_Condition,Light,Road_Surface_Condition,Traffic_Control,Traffic_Control_Condition,No__of_Vehicles,No__of_Bicycles,No__of_Motorcycles,No__of_Pedestrians,Max_Injury,No__of_Injuries,No__of_Minimal,No__of_Minor,No__of_Major,No__of_Fatal,X,Y,Latitude,Longitude,ObjectId
17--7457,7/19/2017,7:00 PM,HIGHWAY 417 btwn HIGHWAY 417 & HIGHWAY 417 (1) (__3ZA2UX),__3ZA2UX,01 - Non intersection,03 - P.D. only,07 - SMV other,01 - Clear,01 - Daylight,01 - Dry,10 - No control,,1,0,0,0,,0,,,,,375181.5753,5030526.975,45.4111397,-75.60081974,11677
17--7458,7/19/2017,8:16 AM,ELGIN ST @ SOMERSET ST (0006936),6936,03 - At intersection,02 - Non-fatal injury,05 - Turning movement,01 - Clear,01 - Daylight,01 - Dry,01 - Traffic signal,01 - Functioning,2,1,0,0,02 - Minor,1,,1,,,368165.9845,5031198.253,45.41785003,-75.69035365,11678
17--7459,7/19/2017,8:23 PM,ALBION RD btwn 210 S OF HIGH RD/EARL ARMSTRONG RD/RIDEAU CARLETON RACE (__3ZA3S0B),__3ZA3S0B,01 - Non intersection,03 - P.D. only,07 - SMV other,01 - Clear,05 - Dusk,01 - Dry,10 - No control,,1,0,0,0,,0,,,,,374719.8262,5017529.732,45.29424232,-75.60855618,11679
17--746,1/17/2017,9:50 PM,HIGHWAY 417 btwn HWY417 IC119A RAMP67 & HWY417 IC118 RAMP76 (__3ZA2YS),__3ZA2YS,01 - Non intersection,03 - P.D. only,07 - SMV other,03 - Snow,07 - Dark,04 - Slush,10 - No control,,1,0,0,0,,0,,,,,368953.4887,5030716.894,45.41344716,-75.68035516,11680
17--7460,7/19/2017,8:30 AM,HIGHWAY 417 btwn HWY417 IC121A RAMP16 & HWY417 IC121A RAMP61 (__3ZA2YY),__3ZA2YY,01 - Non intersection,03 - P.D. only,04 - Sideswipe,01 - Clear,01 - Daylight,01 - Dry,10 - No control,,2,0,0,0,,0,,,,,367242.225,5029750.792,45.40490925,-75.70233901,11681
17--7461,7/19/2017,9:00 PM,ST. JOSEPH BLVD @ TENTH LINE RD (0009163),9163,02 - Intersection related,03 - P.D. only,04 - Sideswipe,01 - Clear,05 - Dusk,01 - Dry,01 - Traffic signal,01 - Functioning,2,0,0,0,,0,,,,,382890.7579,5038666.484,45.48355435,-75.50105122,11682
17--7462,7/19/2017,9:16 PM,QUEEN ELIZABETH DRWY @ STRATHCONA AVE (0007136),7136,03 - At intersection,03 - P.D. only,02 - Angle,01 - Clear,07 - Dark,01 - Dry,02 - Stop sign,01 - Functioning,2,0,0,0,,0,,,,,368694.1749,5030359.596,45.41025604,-75.68371421,11683
17--7463,7/19/2017,9:25 PM,HWY417 IC140 RAMP35 btwn TERRY FOX DR & HIGHWAY 417 (__3ZAY6Q),__3ZAY6Q,01 - Non intersection,03 - P.D. only,07 - SMV other,01 - Clear,07 - Dark,01 - Dry,10 - No control,,1,0,0,0,,0,,,,,350883.0026,5018497.87,45.30492153,-75.91235391,11684
17--7464,7/20/2017,1:30 AM,HIGHWAY 417 btwn HWY417 IC115 RAMP36 & HWY417 IC115 RAMP26 (__3ZA2R4),__3ZA2R4,01 - Non intersection,03 - P.D. only,04 - Sideswipe,01 - Clear,07 - Dark,01 - Dry,10 - No control,,2,0,1,0,,0,,,,,372071.9952,5031476.472,45.41998867,-75.64041287,11685
17--7465,7/20/2017,1:31 AM,NINTH LINE RD btwn FARMERS WAY & HALL RD (__3ZA6TK),__3ZA6TK,01 - Non intersection,03 - P.D. only,07 - SMV other,01 - Clear,07 - Dark,01 - Dry,10 - No control,,1,0,0,0,,0,,,,,383829.8433,5022157.954,45.33491846,-75.49168664,11686
17--7466,7/20/2017,1:31 PM,PARKWAY RD btwn SALE BARN RD & JOHN QUINN RD (__3ZA7IP),__3ZA7IP,04 - At/near private drive,03 - P.D. only,07 - SMV other,01 - Clear,01 - Daylight,01 - Dry,10 - No control,,1,0,0,0,,0,,,,,379688.7386,5014780.365,45.26899281,-75.54562837,11687
17--7467,7/20/2017,10:42 PM,OLD MONTREAL RD @ MARKET ST E/PETER HARKNESS L (0004261),4261,02 - Intersection related,03 - P.D. only,07 - SMV other,01 - Clear,07 - Dark,01 - Dry,02 - Stop sign,00 - Unknown,1,0,0,0,,0,,,,,390473.5734,5042553.575,45.51763627,-75.40338903,11688
17--7468,7/20/2017,11:05 AM,MERIVALE RD @ COLDREY AVE/CRERAR AVE (0006176),6176,02 - Intersection related,03 - P.D. only,04 - Sideswipe,01 - Clear,01 - Daylight,01 - Dry,01 - Traffic signal,00 - Unknown,2,0,0,0,,0,,,,,364895.7967,5027391.998,45.38389069,-75.73259775,11689
17--7469,7/20/2017,11:28 AM,COUSINEAU ST @ ST. JOSEPH BLVD (0012412),12412,02 - Intersection related,03 - P.D. only,04 - Sideswipe,01 - Clear,01 - Daylight,01 - Dry,02 - Stop sign,01 - Functioning,2,0,0,0,,0,,,,,380705.2061,5037027.781,45.46905171,-75.52925824,11690
17--747,1/17/2017,9:52 AM,CANDLEWOOD ST btwn BOISFRANC CIRC & CHERINGTON CRES (__45I7DO),__45I7DO,04 - At/near private drive,03 - P.D. only,06 - SMV unattended vehicle,01 - Clear,01 - Daylight,05 - Packed snow,10 - No control,,1,0,0,0,,0,,,,,385420.7141,5035492.163,45.45470731,-75.46921358,11691
17--7470,7/20/2017,11:45 AM,HIGHWAY 417 btwn HWY417 IC131 RAMP53 & HWY417 IC131 RAMP51 (__3ZA1MU),__3ZA1MU,01 - Non intersection,03 - P.D. only,04 - Sideswipe,01 - Clear,01 - Daylight,01 - Dry,10 - No control,,2,0,0,0,,0,,,,,357861.3194,5022728.007,45.34249218,-75.82291963,11692
17--7471,7/20/2017,Unknown,ORANGEVILLE ST btwn BOOTH ST & LEBRETON ST S (__3ZAAHR),__3ZAAHR,01 - Non intersection,03 - P.D. only,06 - SMV unattended vehicle,01 - Clear,07 - Dark,01 - Dry,10 - No control,,1,0,0,0,,0,,,,,366931.1004,5029587.867,45.40347099,-75.70633357,11693
17--7472,7/20/2017,12:02 PM,GREENBANK RD @ STRANDHERD DR (0005563),5563,02 - Intersection related,03 - P.D. only,04 - Sideswipe,01 - Clear,01 - Daylight,01 - Dry,01 - Traffic signal,01 - Functioning,2,0,0,0,,0,,,,,363934.2194,5014783.614,45.27052321,-75.74638161,11694
17--7473,7/20/2017,12:40 PM,BASELINE RD @ CLYDE AVE (0002343),2343,02 - Intersection related,03 - P.D. only,03 - Rear end,01 - Clear,01 - Daylight,01 - Dry,01 - Traffic signal,01 - Functioning,2,0,0,0,,0,,,,,364359.1072,5024890.654,45.36142983,-75.7397521,11695
17--7474,7/20/2017,2:30 AM,DAVID MANCHESTER RD btwn PENNYCROSS LANE & Continuation of DAVID MANCH (__7J2ETK),__7J2ETK,01 - Non intersection,03 - P.D. only,07 - SMV other,01 - Clear,07 - Dark,01 - Dry,10 - No control,,1,0,0,0,,0,,,,,344513.72,5014946.911,45.27335752,-75.99385523,11696
17--7475,7/20/2017,2:53 PM,CUMMINGS AVE btwn OGILVIE RD & LABELLE ST (__3ZA7QG),__3ZA7QG,04 - At/near private drive,02 - Non-fatal injury,02 - Angle,01 - Clear,01 - Daylight,01 - Dry,10 - No control,,2,0,0,0,02 - Minor,1,,1,,,372753.4992,5032162.7,45.42609716,-75.6316111,11697
17--7476,7/20/2017,3:48 PM,CARLING AVE @ CLYDE AVE/COLE AVE (0006984),6984,03 - At intersection,02 - Non-fatal injury,02 - Angle,01 - Clear,01 - Daylight,01 - Dry,01 - Traffic signal,01 - Functioning,2,0,0,0,02 - Minor,1,,1,,,363521.3286,5026852.137,45.37914967,-75.75021191,11698
17--7477,7/20/2017,3:54 PM,PAUL ANKA DR @ UPLANDS DR (0007476),7476,03 - At intersection,02 - Non-fatal injury,02 - Angle,01 - Clear,01 - Daylight,01 - Dry,02 - Stop sign,01 - Functioning,2,0,0,0,01 - Minimal,1,1,,,,369458.3257,5023577.827,45.34916561,-75.67484086,11699
17--7478,7/20/2017,4:00 PM,MARCH RD btwn 280 S OF CARLING AVE/STATION RD & RICHARDSON SIDE RD (__3ZA42DB),__3ZA42DB,01 - Non intersection,03 - P.D. only,03 - Rear end,01 - Clear,01 - Daylight,01 - Dry,10 - No control,,2,0,0,0,,0,,,,,351165.0322,5021962.01,45.33607413,-75.90843339,11700
17--7118,7/8/2017,12:00 PM,BRONSON AVE @ IMPERIAL AVE/PLYMOUTH ST (0010859),10859,02 - Intersection related,03 - P.D. only,03 - Rear end,01 - Clear,01 - Daylight,01 - Dry,10 - No control,00 - Unknown,2,0,0,0,,0,,,,,367318.8494,5029642.992,45.40393246,-75.70137394,11701
17--7119,7/8/2017,12:32 PM,KING EDWARD AVE btwn THOMAS MORE PRIV & MARIE CURIE PRIV (__3ZA3US),__3ZA3US,01 - Non intersection,02 - Non-fatal injury,07 - SMV other,01 - Clear,01 - Daylight,01 - Dry,10 - No control,,1,0,0,0,02 - Minor,1,,1,,,368856.0613,5031841.873,45.42357825,-75.68145355,11702
17--712,1/17/2017,Unknown,MOUNTSHANNON DR btwn WHITEGATE CRES & WHITEGATE CRES (__3ZA5AM),__3ZA5AM,01 - Non intersection,03 - P.D. only,06 - SMV unattended vehicle,01 - Clear,00 - Unknown,01 - Dry,10 - No control,,1,0,0,0,,0,,,,,364853.9787,5016859.103,45.28912047,-75.73440993,11703
17--7120,7/8/2017,12:36 PM,CARP RD btwn HWY417 IC144 RAMP51 & HWY417 IC144 RAMP25 (__3ZA3D5),__3ZA3D5,01 - Non intersection,03 - P.D. only,03 - Rear end,01 - Clear,01 - Daylight,01 - Dry,10 - No control,,2,0,0,0,,0,,,,,347546.6997,5015654.623,45.27954795,-75.95514116,11704
17--7121,7/8/2017,12:45 PM,BANK ST btwn BLAIS RD & RIDEAU RD (__3ZA29L),__3ZA29L,01 - Non intersection,02 - Non-fatal injury,03 - Rear end,01 - Clear,01 - Daylight,01 - Dry,10 - No control,,2,0,0,0,01 - Minimal,1,1,,,,376493.3565,5018870.994,45.30613175,-75.58575344,11705
17--7122,7/8/2017,12:45 PM,ASHGROVE CRES btwn MOORCROFT RD & PARKFIELD CRES (__3ZAAF4),__3ZAAF4,01 - Non intersection,03 - P.D. only,06 - SMV unattended vehicle,01 - Clear,01 - Daylight,01 - Dry,10 - No control,,1,0,0,0,,0,,,,,361501.1324,5022089.508,45.33646223,-75.77655116,11706
17--7123,7/8/2017,3:30 AM,HIGHWAY 416 btwn HWY417 IC131 RAMP53 & HWY416 IC75A RAMP43 (__3ZAYG8),__3ZAYG8,01 - Non intersection,03 - P.D. only,07 - SMV other,02 - Rain,07 - Dark,02 - Wet,10 - No control,,1,0,0,0,,0,,,,,358641.7862,5022060.519,45.33642663,-75.81303396,11707
17--7124,7/8/2017,4:44 PM,HWY 417 INNES IC112R57 @ INNES RD (0012298),12298,03 - At intersection,03 - P.D. only,02 - Angle,01 - Clear,01 - Daylight,01 - Dry,01 - Traffic signal,01 - Functioning,2,0,0,0,,0,,,,,374299.1516,5030754.061,45.41327109,-75.61206001,11708
17--7125,7/8/2017,5:17 PM,RICARDO ST btwn REXTON ST & ST. BRUNO ST (__4LNN2S),__4LNN2S,04 - At/near private drive,03 - P.D. only,02 - Angle,01 - Clear,01 - Daylight,01 - Dry,10 - No control,,2,0,0,0,,0,,,,,385105.7381,5036287.634,45.46190048,-75.47311018,11709
17--7126,7/8/2017,6:29 PM,AYLMER AVE @ BANK ST (0007222),7222,03 - At intersection,02 - Non-fatal injury,07 - SMV other,01 - Clear,01 - Daylight,01 - Dry,01 - Traffic signal,01 - Functioning,1,0,0,1,02 - Minor,1,,1,,,368674.7157,5028730.881,45.39560317,-75.68417375,11710
17--7127,7/8/2017,6:50 PM,CARLING AVE @ HOLLAND AVE (0002146),2146,03 - At intersection,03 - P.D. only,04 - Sideswipe,01 - Clear,01 - Daylight,01 - Dry,01 - Traffic signal,01 - Functioning,2,0,0,0,,0,,,,,365416.2613,5028038.171,45.38965998,-75.72587285,11711
17--7128,7/8/2017,7:13 PM,INNES RD @ 240 E OF TENTH LINE RD/HOME DEPOT E (0012919),12919,03 - At intersection,02 - Non-fatal injury,07 - SMV other,01 - Clear,01 - Daylight,01 - Dry,01 - Traffic signal,01 - Functioning,1,0,0,1,01 - Minimal,1,1,,,,384167.7756,5036255.082,45.46171479,-75.4851075,11712
17--7129,7/8/2017,7:54 PM,HERON RD @ JUNCTION AVE (0006835),6835,03 - At intersection,02 - Non-fatal injury,05 - Turning movement,01 - Clear,01 - Daylight,01 - Dry,02 - Stop sign,00 - Unknown,2,0,0,0,03 - Major,3,1,1,1,,369217.855,5026762.929,45.3778464,-75.67749419,11713
17--713,1/17/2017,Unknown,ELWOOD ST @ SEGUIN ST (0008686),8686,02 - Intersection related,03 - P.D. only,06 - SMV unattended vehicle,01 - Clear,00 - Unknown,01 - Dry,02 - Stop sign,01 - Functioning,1,0,0,0,,0,,,,,374376.4202,5034288.5,45.44506439,-75.61057357,11714
17--7130,7/8/2017,8:10 AM,HWY417 IC110 RAMP54 btwn HWY417 IC110 RAMP58 & HIGHWAY 417 (__3ZAYAO),__3ZAYAO,01 - Non intersection,02 - Non-fatal injury,07 - SMV other,01 - Clear,01 - Daylight,01 - Dry,10 - No control,,1,0,0,0,01 - Minimal,1,1,,,,375610.74,5029116.37,45.39840454,-75.59554007,11715
17--7131,7/8/2017,9:52 AM,BASELINE RD @ WOODROFFE AVE (0002225),2225,02 - Intersection related,03 - P.D. only,03 - Rear end,01 - Clear,01 - Daylight,01 - Dry,01 - Traffic signal,01 - Functioning,2,0,0,0,,0,,,,,362550.0247,5023770.505,45.35150219,-75.76297321,11716
17--7132,7/9/2017,1:03 PM,PLACE D'ORLEANS DR @ PLACE D'ORLEANS SC N (0009234),9234,03 - At intersection,03 - P.D. only,05 - Turning movement,01 - Clear,01 - Daylight,01 - Dry,01 - Traffic signal,01 - Functioning,2,0,0,0,,0,,,,,381415.0245,5037941.389,45.47719408,-75.52003933,11717
17--7133,7/9/2017,1:54 AM,JOCKVALE RD @ FABLE ST/WEYBRIDGE DR E (0000722),722,03 - At intersection,03 - P.D. only,07 - SMV other,01 - Clear,07 - Dark,01 - Dry,11 - Roundabout,01 - Functioning,1,0,0,0,,0,,,,,362514.6031,5015143.432,45.27387881,-75.76443015,11718
17--7134,7/9/2017,11:55 AM,HUNTER'S RUN DR @ JEANNE D'ARC BLVD (0012419),12419,02 - Intersection related,03 - P.D. only,04 - Sideswipe,01 - Clear,01 - Daylight,01 - Dry,01 - Traffic signal,01 - Functioning,2,0,0,0,,0,,,,,380567.4853,5036174.275,45.4613875,-75.53115084,11719
17--7135,7/9/2017,Unknown,TALLTREE CRES btwn ABBOTT ST E & ABBOTT ST E (__54POFG),__54POFG,01 - Non intersection,03 - P.D. only,06 - SMV unattended vehicle,02 - Rain,00 - Unknown,02 - Wet,10 - No control,,1,0,0,0,,0,,,,,351672.1204,5014771.117,45.27133495,-75.9026438,11720
17--7136,7/9/2017,12:02 PM,HIGHWAY 417 btwn HWY417 IC129 RAMP61 & TRANSIT (__3ZA2SI),__3ZA2SI,01 - Non intersection,01 - Fatal injury,04 - Sideswipe,01 - Clear,01 - Daylight,01 - Dry,10 - No control,,2,0,0,0,04 - Fatal,2,1,,,1,361343.3002,5024248.993,45.35590593,-75.7783179,11721
17--7137,7/9/2017,12:22 PM,HIGHWAY 417 btwn Continuation of HIGHWAY 417 & HWY417 IC134 RAMP51 (__3ZA29B),__3ZA29B,01 - Non intersection,03 - P.D. only,04 - Sideswipe,01 - Clear,01 - Daylight,01 - Dry,10 - No control,,2,0,0,0,,0,,,,,354940.2718,5021367.619,45.3304661,-75.86032862,11722
17--7138,7/9/2017,12:35 PM,HIGHWAY 417 btwn HWY417 IC126 RAMP61 & HWY417 IC124 RAMP76 (__3ZA2Y2),__3ZA2Y2,01 - Non intersection,03 - P.D. only,03 - Rear end,01 - Clear,01 - Daylight,01 - Dry,10 - No control,,2,0,0,0,,0,,,,,363653.556,5026510.706,45.37606643,-75.74856439,11723
17--7139,7/9/2017,2:30 PM,TERRY FOX DR @ TRANS CANADA TRAIL (0011969),11969,02 - Intersection related,03 - P.D. only,03 - Rear end,02 - Rain,01 - Daylight,02 - Wet,01 - Traffic signal,01 - Functioning,3,0,0,0,,0,,,,,353252.8433,5015999.81,45.28228392,-75.88237969,11724
17--714,1/17/2017,Unknown,CITY PARK DR @ WILBURY RD/HARPER AVE W (0012334),12334,02 - Intersection related,03 - P.D. only,06 - SMV unattended vehicle,01 - Clear,00 - Unknown,01 - Dry,02 - Stop sign,00 - Unknown,1,0,0,0,,0,,,,,373898.5859,5032653.562,45.4304015,-75.61691071,11725
17--7140,7/9/2017,3:09 PM,BANK ST @ RIVERSIDE DR N (0010778),10778,03 - At intersection,03 - P.D. only,02 - Angle,01 - Clear,01 - Daylight,01 - Dry,01 - Traffic signal,01 - Functioning,2,0,0,0,,0,,,,,369225.3815,5027984.215,45.38883446,-75.67723871,11726
17--7141,7/9/2017,3:25 PM,BANK ST @ CONROY RD (0012398),12398,02 - Intersection related,02 - Non-fatal injury,01 - Approaching,01 - Clear,01 - Daylight,01 - Dry,01 - Traffic signal,01 - Functioning,2,0,0,0,03 - Major,4,,3,1,,375044.7501,5022238.269,45.33657556,-75.60374644,11727
17--7569,7/22/2017,4:31 PM,HAZELDEAN RD btwn EDGEWATER ST & YOUNG RD (__3ZA3DM),__3ZA3DM,01 - Non intersection,03 - P.D. only,03 - Rear end,01 - Clear,01 - Daylight,01 - Dry,10 - No control,,2,0,0,0,,0,,,,,352362.1019,5017385.129,45.29481022,-75.89360037,11728
17--7142,7/9/2017,3:40 PM,CARLING AVE @ CROYDON AVE (0002642),2642,03 - At intersection,03 - P.D. only,05 - Turning movement,01 - Clear,01 - Daylight,01 - Dry,01 - Traffic signal,01 - Functioning,2,0,0,0,,0,,,,,360657.6773,5025043.186,45.36310701,-75.78697831,11729
17--7143,7/9/2017,4:20 PM,MONTREAL RD @ ST. LAURENT BLVD (0002604),2604,02 - Intersection related,03 - P.D. only,01 - Approaching,01 - Clear,01 - Daylight,01 - Dry,01 - Traffic signal,01 - Functioning,2,0,0,0,,0,,,,,371544.2828,5033818.305,45.44110996,-75.64683769,11730
17--7144,7/9/2017,5:35 PM,HIGHWAY 417 btwn RAMP & HWY417 IC129 RAMP76 (__3ZA2X8),__3ZA2X8,01 - Non intersection,03 - P.D. only,04 - Sideswipe,01 - Clear,01 - Daylight,01 - Dry,10 - No control,,2,0,0,0,,0,,,,,359986.9528,5023214.609,45.34670662,-75.79574356,11731
17--7145,7/9/2017,6:15 PM,LAURIER AVE @ NICHOLAS ST (0010711),10711,02 - Intersection related,02 - Non-fatal injury,03 - Rear end,01 - Clear,01 - Daylight,01 - Dry,01 - Traffic signal,01 - Functioning,2,0,0,0,01 - Minimal,1,1,,,,368373.9715,5031798.27,45.4232299,-75.68761898,11732
17--7146,7/9/2017,8:18 PM,AQUAVIEW DR btwn BEAUCACHE PRIV & BLACKBURN BYPS (__5JY42S),__5JY42S,01 - Non intersection,02 - Non-fatal injury,04 - Sideswipe,01 - Clear,05 - Dusk,01 - Dry,10 - No control,,2,0,0,0,01 - Minimal,1,1,,,,384754.9588,5035223.728,45.45236867,-75.47776795,11733
17--7147,7/9/2017,9:32 PM,MARCH RD btwn GOLDEN LINE RD & BURNT LANDS RD (__3ZA2QG),__3ZA2QG,01 - Non intersection,03 - P.D. only,07 - SMV other,02 - Rain,07 - Dark,02 - Wet,10 - No control,,1,0,0,0,,0,,,,,332591.4165,5013196.857,45.25818171,-76.14589739,11734
17--7148,7/10/2017,1:08 PM,OTTAWA RIVER PKWY WB btwn TUNNEY'S PASTURE/REMIC RAPIDS ENT & PARKDALE (__3ZA24KA),__3ZA24KA,01 - Non intersection,03 - P.D. only,03 - Rear end,01 - Clear,01 - Daylight,02 - Wet,10 - No control,,2,0,0,0,,0,,,,,363390.2977,5029665.812,45.40447764,-75.75155074,11735
17--7149,7/10/2017,1:20 PM,CYRVILLE RD @ INNES RD (0009352),9352,02 - Intersection related,03 - P.D. only,03 - Rear end,01 - Clear,01 - Daylight,01 - Dry,01 - Traffic signal,01 - Functioning,2,0,0,0,,0,,,,,375048.728,5031120.902,45.41649688,-75.6024321,11736
17--715,1/17/2017,Unknown,"AUBEPINES, PROMENADE DES @ DECOEUR, PROMENADE (0016371)",16371,02 - Intersection related,03 - P.D. only,06 - SMV unattended vehicle,01 - Clear,00 - Unknown,01 - Dry,02 - Stop sign,00 - Unknown,1,0,0,0,,0,,,,,384166.1719,5034563.429,45.44649501,-75.48540098,11737
17--7150,7/10/2017,1:26 AM,MEADOWLANDS DR btwn TURN LANE & SULLIVAN AVE (__3ZA3GE),__3ZA3GE,01 - Non intersection,03 - P.D. only,06 - SMV unattended vehicle,01 - Clear,07 - Dark,02 - Wet,10 - No control,,1,0,0,0,,0,,,,,363263.7567,5022840.426,45.34307428,-75.75397502,11738
17--7151,7/10/2017,1:43 PM,OLD PRESCOTT RD btwn CHRIS TIERNEY PRIV & BREANNA CARDILL ST (__673W91),__673W91,01 - Non intersection,02 - Non-fatal injury,07 - SMV other,01 - Clear,01 - Daylight,01 - Dry,10 - No control,,1,0,0,0,02 - Minor,1,,1,,,378417.123,5009458.166,45.22123989,-75.56261941,11739
17--7152,7/10/2017,10:44 PM,CLEROUX CRES btwn ORIENT PARK DR & KEMPLANE CRT (__3ZA1O5),__3ZA1O5,01 - Non intersection,03 - P.D. only,06 - SMV unattended vehicle,01 - Clear,07 - Dark,01 - Dry,10 - No control,,1,0,0,0,,0,,,,,379345.2748,5033324.774,45.43588125,-75.54720899,11740
17--7153,7/10/2017,10:55 PM,ALBERT ST @ BOOTH ST (0002162),2162,03 - At intersection,03 - P.D. only,05 - Turning movement,01 - Clear,07 - Dark,01 - Dry,01 - Traffic signal,01 - Functioning,2,0,0,0,,0,,,,,366430.3654,5030626.567,45.41286119,-75.71259954,11741
17--7154,7/10/2017,12:23 PM,KNOXDALE RD @ NEWHAVEN ST (0000098),98,02 - Intersection related,03 - P.D. only,02 - Angle,01 - Clear,01 - Daylight,01 - Dry,02 - Stop sign,01 - Functioning,2,0,0,0,,0,,,,,362538.3525,5021326.826,45.32951507,-75.76340734,11742
17--7155,7/10/2017,12:37 PM,REGIONAL ROAD 174 btwn QUIGLEY HILL RD & REGIONAL ROAD 174 DIVIDED (__3ZA2Y5),__3ZA2Y5,01 - Non intersection,03 - P.D. only,07 - SMV other,02 - Rain,01 - Daylight,02 - Wet,10 - No control,,1,0,0,0,,0,,,,,387373.6396,5042387.223,45.51651362,-75.44308889,11743
17--7156,7/10/2017,2:10 AM,EAGLESON RD btwn HAZELDEAN RD & 146 N OF ABBEYHILL DR/HAZELDEAN MALL S (__3ZA41OA),__3ZA41OA,01 - Non intersection,03 - P.D. only,07 - SMV other,02 - Rain,07 - Dark,02 - Wet,10 - No control,,1,0,0,0,,0,,,,,353691.5736,5018375.742,45.30363272,-75.87655339,11744
17--7157,7/10/2017,3:36 PM,STITTSVILLE MAIN ST btwn HOBIN ST & BEVERLY ST (__3ZA3EH),__3ZA3EH,01 - Non intersection,03 - P.D. only,03 - Rear end,01 - Clear,01 - Daylight,01 - Dry,10 - No control,,2,0,0,0,,0,,,,,349715.3106,5013973.542,45.2642858,-75.92765299,11745
17--7158,7/10/2017,4:00 PM,HIGHWAY 417 btwn HWY417 IC127 RAMP67 & HWY417 IC126 RAMP16 (__3ZA2X0),__3ZA2X0,01 - Non intersection,03 - P.D. only,03 - Rear end,02 - Rain,01 - Daylight,02 - Wet,10 - No control,,2,0,0,0,,0,,,,,362728.8442,5025323.563,45.36546171,-75.76050923,11746
17--7159,7/10/2017,4:23 PM,RAMSAYVILLE RD @ RIDEAU RD (0009402),9402,03 - At intersection,02 - Non-fatal injury,02 - Angle,01 - Clear,01 - Daylight,01 - Dry,02 - Stop sign,01 - Functioning,2,0,0,0,01 - Minimal,1,1,,,,380352.4451,5019957.477,45.31550284,-75.53638281,11747
17--716,1/17/2017,Unknown,GOLDENBROOK WAY @ HARVEST VALLEY AVE (0013443),13443,02 - Intersection related,03 - P.D. only,06 - SMV unattended vehicle,01 - Clear,00 - Unknown,03 - Loose snow,02 - Stop sign,01 - Functioning,1,0,0,0,,0,,,,,384939.5705,5034499.153,45.44582847,-75.47552609,11748
17--7160,7/10/2017,4:35 PM,HIGHWAY 417 btwn HWY417 IC121A RAMP16 & HWY417 IC121A RAMP61 (__3ZA2YY),__3ZA2YY,01 - Non intersection,03 - P.D. only,03 - Rear end,01 - Clear,01 - Daylight,01 - Dry,10 - No control,,2,0,0,0,,0,,,,,367277.1996,5029765.079,45.40503468,-75.70189046,11749
17--7161,7/10/2017,4:47 PM,COLONNADE RD @ MERIVALE RD (0004569),4569,03 - At intersection,03 - P.D. only,05 - Turning movement,01 - Clear,01 - Daylight,01 - Dry,01 - Traffic signal,01 - Functioning,3,0,0,0,,0,,,,,365363.6953,5022544.496,45.34023338,-75.72721745,11750
17--7162,7/10/2017,5:00 PM,HIGHWAY 417 btwn HWY417 IC104 RAMP15 & HWY417 IC96 RAMP51 (__3ZA2W4),__3ZA2W4,01 - Non intersection,02 - Non-fatal injury,03 - Rear end,01 - Clear,01 - Daylight,01 - Dry,10 - No control,,2,0,0,0,01 - Minimal,1,1,,,,381442.7444,5025602.519,45.36617524,-75.52160437,11751
17--7163,7/10/2017,5:10 PM,ALBERT ST btwn PRESTON ST & Continuation of ALBERT ST (__3ZA33O),__3ZA33O,01 - Non intersection,02 - Non-fatal injury,07 - SMV other,01 - Clear,01 - Daylight,01 - Dry,10 - No control,,1,0,0,1,02 - Minor,1,,1,,,366252.439,5030526.232,45.41197405,-75.71488505,11752
17--7164,7/10/2017,5:28 PM,GREENBANK RD btwn WEST HUNT CLUB RD & FALLOWFIELD RD (__3ZA1NE),__3ZA1NE,01 - Non intersection,03 - P.D. only,07 - SMV other,01 - Clear,01 - Daylight,01 - Dry,10 - No control,,1,0,0,0,,0,,,,,363072.9834,5016751.184,45.28829935,-75.75712544,11753
17--7165,7/10/2017,5:30 PM,INDUSTRIAL AVE/INNES RD @ ST. LAURENT BLVD (0002203),2203,02 - Intersection related,03 - P.D. only,04 - Sideswipe,01 - Clear,01 - Daylight,01 - Dry,01 - Traffic signal,01 - Functioning,2,0,0,0,,0,,,,,373100.6208,5030005.744,45.40665609,-75.62747464,11754
17--7166,7/10/2017,5:47 PM,CAMPEAU DR @ HUNTMAR DR (0011612),11612,02 - Intersection related,03 - P.D. only,04 - Sideswipe,01 - Clear,01 - Daylight,01 - Dry,11 - Roundabout,01 - Functioning,2,0,0,0,,0,,,,,349053.6082,5018056.464,45.30106727,-75.93572042,11755
17--7167,7/10/2017,5:51 PM,FALLOWFIELD RD @ RICHMOND RD (0000634),634,02 - Intersection related,03 - P.D. only,03 - Rear end,01 - Clear,01 - Daylight,01 - Dry,01 - Traffic signal,01 - Functioning,2,0,0,0,,0,,,,,357721.3012,5013528.078,45.25972065,-75.82568823,11756
17--7168,7/10/2017,6:45 AM,HWY417 IC112 RAMP65 btwn HIGHWAY 417 & INNES RD (__3ZAY6V),__3ZAY6V,01 - Non intersection,03 - P.D. only,04 - Sideswipe,01 - Clear,01 - Daylight,02 - Wet,10 - No control,,3,0,0,0,,0,,,,,374271.0506,5030835.903,45.41401025,-75.61240745,11757