Anom_ID,Accident_Date,Accident_Time,Location,Geo_ID,Accident_Location,Classification_of_Accident,Initial_Impact_Type,Environment_Condition,Light,Road_Surface_Condition,Traffic_Control,Traffic_Control_Condition,No__of_Vehicles,No__of_Bicycles,No__of_Motorcycles,No__of_Pedestrians,Max_Injury,No__of_Injuries,No__of_Minimal,No__of_Minor,No__of_Major,No__of_Fatal,X,Y,Latitude,Longitude,ObjectId
17--7169,7/10/2017,7:34 PM,DUSSERE ST @ ST. JOSEPH BLVD (0004136),4136,02 - Intersection related,03 - P.D. only,04 - Sideswipe,01 - Clear,01 - Daylight,01 - Dry,02 - Stop sign,00 - Unknown,2,0,0,0,,0,,,,,380855.7373,5037125.791,45.46991715,-75.52731823,11758
17--717,1/17/2017,Unknown,GUIGUES AVE btwn CUMBERLAND ST & KING EDWARD AVE (__3ZA7CO),__3ZA7CO,01 - Non intersection,03 - P.D. only,06 - SMV unattended vehicle,04 - Freezing Rain,00 - Unknown,04 - Slush,10 - No control,,1,0,0,0,,0,,,,,368152.5895,5032870.269,45.43289546,-75.69030973,11759
17--7170,7/10/2017,7:55 PM,BELMEADE RD btwn 6TH LINE RD & BANK ST (__3ZA6WR),__3ZA6WR,01 - Non intersection,03 - P.D. only,07 - SMV other,01 - Clear,01 - Daylight,01 - Dry,10 - No control,,1,0,0,0,,0,,,,,386652.1043,5000436.275,45.13915718,-75.45925841,11760
17--7171,7/10/2017,8:23 AM,BREWER RD @ BRONSON AVE (0002240),2240,03 - At intersection,02 - Non-fatal injury,05 - Turning movement,01 - Clear,01 - Daylight,01 - Dry,01 - Traffic signal,01 - Functioning,2,0,0,0,02 - Minor,1,,1,,,368109.3816,5027765.767,45.3869707,-75.69151746,11761
17--7172,7/10/2017,8:30 PM,HIGHWAY 417 btwn HWY417 IC113 RAMP85 & HWY417 IC112 RAMP54 (__3ZA287),__3ZA287,01 - Non intersection,03 - P.D. only,07 - SMV other,01 - Clear,05 - Dusk,01 - Dry,10 - No control,,1,0,0,0,,0,,,,,374141.3879,5031352.22,45.41866867,-75.61399123,11762
17--7173,7/10/2017,8:45 AM,ANDERSON RD @ INNES RD (0004200),4200,02 - Intersection related,03 - P.D. only,03 - Rear end,01 - Clear,01 - Daylight,01 - Dry,01 - Traffic signal,01 - Functioning,2,0,0,0,,0,,,,,376281.0756,5031842.233,45.42286219,-75.58658375,11763
17--7174,7/11/2017,1:14 PM,KENT ST @ LAURIER AVE (0002222),2222,02 - Intersection related,03 - P.D. only,02 - Angle,02 - Rain,01 - Daylight,02 - Wet,01 - Traffic signal,01 - Functioning,2,0,0,0,,0,,,,,367317.337,5031164.908,45.41762634,-75.70120024,11764
17--7175,7/11/2017,11:19 PM,NICHOLAS ST btwn BESSERER ST & DALY AVE (__3ZA3VO),__3ZA3VO,01 - Non intersection,02 - Non-fatal injury,04 - Sideswipe,01 - Clear,07 - Dark,01 - Dry,10 - No control,,2,1,0,0,01 - Minimal,1,1,,,,368194.6879,5032097.956,45.42594265,-75.68987116,11765
17--7176,7/11/2017,11:24 PM,BAY ST @ SLATER ST (0005127),5127,03 - At intersection,03 - P.D. only,05 - Turning movement,01 - Clear,07 - Dark,01 - Dry,01 - Traffic signal,01 - Functioning,2,0,0,0,,0,,,,,366981.7839,5031078.889,45.41688227,-75.70549812,11766
17--7177,7/11/2017,11:36 PM,ST. JOSEPH BLVD @ JEANNE D'ARC BLVD (0012421),12421,03 - At intersection,03 - P.D. only,02 - Angle,01 - Clear,07 - Dark,01 - Dry,11 - Roundabout,01 - Functioning,2,0,0,0,,0,,,,,379860.4081,5036471.581,45.46413875,-75.54014566,11767
17--7178,7/11/2017,11:38 AM,BANK ST btwn ALTA VISTA DR & WALKLEY RD (__3ZA4TX),__3ZA4TX,01 - Non intersection,03 - P.D. only,04 - Sideswipe,01 - Clear,01 - Daylight,01 - Dry,10 - No control,,2,0,0,0,,0,,,,,370304.1868,5026044.413,45.37128071,-75.66372036,11768
17--7179,7/11/2017,11:58 AM,BANK ST @ CECIL AVE (0002601),2601,03 - At intersection,02 - Non-fatal injury,02 - Angle,01 - Clear,01 - Daylight,01 - Dry,02 - Stop sign,01 - Functioning,2,0,0,0,02 - Minor,3,,3,,,369946.3846,5026990.883,45.3798301,-75.66816301,11769
17--718,1/17/2017,12:05 PM,RIVERSIDE DR @ TREMBLAY RD/HWY417 IC117 RAMP52 (0010790),10790,02 - Intersection related,03 - P.D. only,03 - Rear end,01 - Clear,01 - Daylight,01 - Dry,01 - Traffic signal,01 - Functioning,2,0,0,0,,0,,,,,370801.531,5031016.173,45.41596809,-75.65670646,11770
17--7180,7/11/2017,12:15 PM,8TH LINE RD btwn SPRINGHILL RD & MARVELVILLE RD (__3ZA64R),__3ZA64R,01 - Non intersection,02 - Non-fatal injury,07 - SMV other,01 - Clear,01 - Daylight,01 - Dry,10 - No control,,1,0,0,0,01 - Minimal,1,1,,,,387003.3325,5007084.66,45.19893496,-75.45369861,11771
17--7181,7/11/2017,12:30 PM,HIGHWAY 417 btwn HWY417 IC163 RAMP61 & HWY417 IC155 RAMP36 (__3ZA2QB),__3ZA2QB,01 - Non intersection,03 - P.D. only,04 - Sideswipe,01 - Clear,01 - Daylight,01 - Dry,10 - No control,,2,0,0,0,,0,,,,,336136.1386,5020234.618,45.32136239,-76.100289,11772
17--7182,7/11/2017,12:45 PM,MONTREAL RD @ ST. LAURENT BLVD (0002604),2604,02 - Intersection related,03 - P.D. only,05 - Turning movement,01 - Clear,01 - Daylight,01 - Dry,01 - Traffic signal,01 - Functioning,2,0,0,0,,0,,,,,371544.427,5033817.276,45.44110069,-75.64683599,11773
17--7183,7/11/2017,12:49 PM,MCARTHUR AVE @ VANIER PKWY (0004626),4626,02 - Intersection related,02 - Non-fatal injury,03 - Rear end,01 - Clear,01 - Daylight,01 - Dry,01 - Traffic signal,01 - Functioning,2,0,0,0,02 - Minor,1,,1,,,370218.3299,5032692.156,45.43110268,-75.66393457,11774
17--7184,7/11/2017,12:50 PM,GREENBANK RD btwn BATEMAN DR/BELLMAN DR & GREENBANK SQUARE SC (__3ZA4YOA),__3ZA4YOA,04 - At/near private drive,02 - Non-fatal injury,02 - Angle,01 - Clear,01 - Daylight,01 - Dry,10 - No control,,2,0,0,0,01 - Minimal,1,1,,,,361299.4849,5020919.161,45.32594773,-75.77925736,11775
17--7185,7/11/2017,2:00 PM,INNES RD btwn STONEHENGE CRES & BLAIR RD (__3ZA3SK),__3ZA3SK,01 - Non intersection,03 - P.D. only,04 - Sideswipe,01 - Clear,01 - Daylight,01 - Dry,10 - No control,,2,0,0,0,,0,,,,,375486.0928,5031389.388,45.41886853,-75.59680608,11776
17--7186,7/11/2017,2:26 PM,REGIONAL ROAD 174 btwn OR174 IC105 RAMP63 & OR174 IC102 RAMP36 (__3ZA27F),__3ZA27F,01 - Non intersection,03 - P.D. only,04 - Sideswipe,01 - Clear,01 - Daylight,01 - Dry,10 - No control,,2,0,0,0,,0,,,,,380866.2748,5037855.901,45.47648493,-75.52707045,11777
17--7187,7/11/2017,2:32 PM,ST. LAURENT BLVD @ MCARTHUR AVE (0008246),8246,02 - Intersection related,02 - Non-fatal injury,03 - Rear end,02 - Rain,01 - Daylight,02 - Wet,01 - Traffic signal,01 - Functioning,4,0,0,0,02 - Minor,1,,1,,,371921.4622,5032888.938,45.43271185,-75.64214364,11778
17--7188,7/11/2017,3:20 PM,BASELINE RD @ CLYDE AVE (0002343),2343,02 - Intersection related,03 - P.D. only,04 - Sideswipe,02 - Rain,01 - Daylight,02 - Wet,01 - Traffic signal,01 - Functioning,2,0,0,0,,0,,,,,364359.0209,5024890.792,45.36143108,-75.73975318,11779
17--7189,7/11/2017,3:27 PM,HEMLOCK RD btwn LANSDOWNE RD S & WHITEMARL DR (__3ZA3A7),__3ZA3A7,01 - Non intersection,03 - P.D. only,03 - Rear end,02 - Rain,01 - Daylight,02 - Wet,10 - No control,,2,0,0,0,,0,,,,,370005.1178,5034628.168,45.44854201,-75.66640271,11780
17--719,1/17/2017,12:33 PM,BRONSON AVE @ RAMP 34/42A (0011430),11430,02 - Intersection related,03 - P.D. only,03 - Rear end,01 - Clear,01 - Daylight,01 - Dry,10 - No control,,2,0,0,0,,0,,,,,368416.0862,5027187.055,45.38173583,-75.68767571,11781
17--7190,7/11/2017,3:29 PM,DALY AVE @ NICHOLAS ST (0011451),11451,02 - Intersection related,03 - P.D. only,04 - Sideswipe,02 - Rain,01 - Daylight,02 - Wet,01 - Traffic signal,01 - Functioning,2,0,0,0,,0,,,,,368226.6301,5032045.77,45.4254702,-75.68946973,11782
17--7191,7/11/2017,3:43 PM,EMMERSON AVE @ PARKDALE AVE (0006324),6324,02 - Intersection related,03 - P.D. only,03 - Rear end,02 - Rain,01 - Daylight,02 - Wet,02 - Stop sign,00 - Unknown,2,0,0,0,,0,,,,,364713.483,5030270.867,45.40980978,-75.73457597,11783
17--7192,7/11/2017,3:50 PM,HIGHWAY 417 btwn HWY417 IC134 RAMP26 & HWY417 IC134 RAMP61 (__3ZAZEU),__3ZAZEU,01 - Non intersection,03 - P.D. only,03 - Rear end,01 - Clear,01 - Daylight,01 - Dry,10 - No control,,2,0,0,0,,0,,,,,356559.7373,5022367.217,45.33934301,-75.83956488,11784
17--7193,7/11/2017,4:05 PM,TENTH LINE RD btwn DES EPINETTES AVE & INNES RD (__3ZA3Y8),__3ZA3Y8,04 - At/near private drive,02 - Non-fatal injury,05 - Turning movement,01 - Clear,01 - Daylight,01 - Dry,10 - No control,,3,0,0,0,02 - Minor,4,,4,,,383679.7012,5036808.864,45.4667525,-75.49125877,11785
17--7194,7/11/2017,4:12 PM,HIGHWAY 417 btwn HWY417 IC117 RAMP25 & HWY417 IC115 RAMP51 (__3ZA2R3),__3ZA2R3,01 - Non intersection,03 - P.D. only,03 - Rear end,01 - Clear,01 - Daylight,02 - Wet,10 - No control,,2,0,0,0,,0,,,,,371534.1256,5031397.147,45.41932645,-75.64729563,11786
17--7195,7/11/2017,4:28 PM,MERIVALE RD/LOTTA AVE @ CLYDE AVE (0001112),1112,03 - At intersection,03 - P.D. only,07 - SMV other,01 - Clear,01 - Daylight,01 - Dry,01 - Traffic signal,01 - Functioning,1,0,0,0,,0,,,,,364521.6983,5024506.885,45.3579629,-75.73772324,11787
17--7196,7/11/2017,4:34 PM,ORLEANS BLVD @ NAVAN RD (0012474),12474,02 - Intersection related,03 - P.D. only,01 - Approaching,01 - Clear,01 - Daylight,01 - Dry,02 - Stop sign,00 - Unknown,2,0,0,0,,0,,,,,380596.5181,5033091.479,45.43364772,-75.53125458,11788
17--7197,7/11/2017,4:40 PM,ALBERT ST @ BOOTH ST (0002162),2162,03 - At intersection,02 - Non-fatal injury,05 - Turning movement,01 - Clear,01 - Daylight,02 - Wet,01 - Traffic signal,01 - Functioning,2,1,0,0,02 - Minor,1,,1,,,366427.6899,5030625.898,45.41285541,-75.7126338,11789
17--7198,7/11/2017,5:00 AM,ELDERWOOD TR btwn PINECONE TR & TRAILWAY CIRC (__3ZACQV),__3ZACQV,04 - At/near private drive,03 - P.D. only,06 - SMV unattended vehicle,02 - Rain,03 - Dawn,02 - Wet,10 - No control,,1,0,0,0,,0,,,,,350745.4011,5014489.75,45.26886428,-75.91447967,11790
17--7199,7/11/2017,5:02 PM,METCALFE ST @ WELLINGTON ST (0002227),2227,02 - Intersection related,03 - P.D. only,03 - Rear end,01 - Clear,01 - Daylight,01 - Dry,01 - Traffic signal,01 - Functioning,2,0,0,0,,0,,,,,367565.6992,5031819.408,45.42349309,-75.69794378,11791
17--72,1/3/2017,5:40 PM,HIGHWAY 417 btwn HWY417 IC119B RAMP76 & HWY417 IC119A RAMP67 (__3ZA2YT),__3ZA2YT,01 - Non intersection,03 - P.D. only,07 - SMV other,04 - Freezing Rain,07 - Dark,06 - Ice,10 - No control,,1,0,0,0,,0,,,,,368434.6815,5030447.947,45.41107464,-75.68701765,11792
17--720,1/17/2017,2:00 PM,HAWTHORNE RD/RUSSELL RD @ WALKLEY RD (0002618),2618,03 - At intersection,03 - P.D. only,04 - Sideswipe,01 - Clear,01 - Daylight,01 - Dry,01 - Traffic signal,01 - Functioning,2,0,0,0,,0,,,,,374675.4441,5028499.546,45.39294863,-75.60757243,11793
17--7200,7/11/2017,5:02 PM,HAWTHORNE RD @ LEITRIM RD (0009269),9269,02 - Intersection related,03 - P.D. only,02 - Angle,02 - Rain,01 - Daylight,02 - Wet,01 - Traffic signal,01 - Functioning,2,0,0,0,,0,,,,,377038.4273,5022708.833,45.34060705,-75.57824365,11794
17--7201,7/11/2017,5:07 AM,GREENBANK RD @ STRANDHERD DR (0005563),5563,02 - Intersection related,03 - P.D. only,03 - Rear end,01 - Clear,03 - Dawn,01 - Dry,01 - Traffic signal,01 - Functioning,2,0,0,0,,0,,,,,363933.3495,5014783.079,45.27051847,-75.74639276,11795
17--7202,7/11/2017,5:15 PM,MERIVALE RD @ CLEOPATRA DR (0000112),112,02 - Intersection related,02 - Non-fatal injury,03 - Rear end,01 - Clear,01 - Daylight,02 - Wet,01 - Traffic signal,01 - Functioning,2,0,0,0,02 - Minor,1,,1,,,365951.5661,5021122.705,45.32738931,-75.71989269,11796
17--7203,7/11/2017,5:16 PM,BANK ST @ CHAMBERLAIN AVE N/ISABELLA ST (0002132),2132,02 - Intersection related,03 - P.D. only,03 - Rear end,02 - Rain,01 - Daylight,02 - Wet,01 - Traffic signal,01 - Functioning,2,0,0,0,,0,,,,,368082.7121,5030168.066,45.40858827,-75.69154981,11797
17--7204,7/11/2017,5:28 PM,CARLING AVE @ MERIVALE RD EXTENSION (0008794),8794,02 - Intersection related,03 - P.D. only,03 - Rear end,01 - Clear,01 - Daylight,01 - Dry,02 - Stop sign,01 - Functioning,2,0,0,0,,0,,,,,364950.5566,5027732.651,45.38695112,-75.73185703,11798
17--7205,7/11/2017,5:33 PM,WOODGATE WAY btwn ROYAL FIELD CRES & BENCHLAND ST (__3ZA6JG),__3ZA6JG,04 - At/near private drive,02 - Non-fatal injury,04 - Sideswipe,02 - Rain,01 - Daylight,02 - Wet,10 - No control,,2,1,0,0,02 - Minor,1,,1,,,364954.0143,5017582.265,45.2956189,-75.73304705,11799
17--7206,7/11/2017,6:10 PM,HIGHWAY 417 btwn HWY417 IC96 RAMP61 & HIGHWAY 417 (__3ZA271),__3ZA271,01 - Non intersection,02 - Non-fatal injury,03 - Rear end,01 - Clear,01 - Daylight,01 - Dry,10 - No control,,2,0,0,0,02 - Minor,2,1,1,,,387528.6054,5023861.087,45.34981549,-75.44421853,11800
17--7207,7/11/2017,6:15 PM,ELGIN ST @ LAURIER AVE (0002232),2232,02 - Intersection related,03 - P.D. only,04 - Sideswipe,01 - Clear,01 - Daylight,01 - Dry,01 - Traffic signal,01 - Functioning,2,0,0,0,,0,,,,,367950.0507,5031549.352,45.42102862,-75.69306742,11801
17--757,1/18/2017,11:50 AM,DALHOUSIE ST @ GUIGUES AVE (0008427),8427,02 - Intersection related,03 - P.D. only,99 - Other,04 - Freezing Rain,01 - Daylight,06 - Ice,02 - Stop sign,00 - Unknown,2,0,0,0,,0,,,,,367911.8393,5032713.588,45.43150747,-75.69340646,11802
17--7570,7/22/2017,4:45 PM,FALLOWFIELD RD @ GREENBANK RD (0000549),549,03 - At intersection,03 - P.D. only,02 - Angle,01 - Clear,01 - Daylight,01 - Dry,01 - Traffic signal,01 - Functioning,2,0,0,0,,0,,,,,363080.6757,5016732.774,45.28813306,-75.75702955,11803
17--7571,7/22/2017,6:01 AM,ALBION RD/COLLISTON CRES E @ WALKLEY RD (0011422),11422,03 - At intersection,02 - Non-fatal injury,07 - SMV other,01 - Clear,03 - Dawn,01 - Dry,01 - Traffic signal,01 - Functioning,1,0,0,0,02 - Minor,1,,1,,,371033.1263,5026353.497,45.37399323,-75.65437369,11804
17--7572,7/22/2017,6:36 PM,HOG'S BACK RD btwn COLONEL BY DR & RIVERSIDE DR (__3ZA22W),__3ZA22W,01 - Non intersection,03 - P.D. only,03 - Rear end,01 - Clear,01 - Daylight,01 - Dry,10 - No control,,2,0,1,0,,0,,,,,367967.7016,5026154.645,45.37248705,-75.6935327,11805
17--7573,7/22/2017,6:40 PM,HUNTMAR DR @ PALLADIUM DR S (0011818),11818,02 - Intersection related,03 - P.D. only,07 - SMV other,01 - Clear,01 - Daylight,01 - Dry,01 - Traffic signal,00 - Unknown,1,0,0,0,,0,,,,,349677.1699,5017365.455,45.2948098,-75.92783229,11806
17--7574,7/22/2017,7:30 PM,HIGHWAY 417 btwn HWY417 IC122 RAMP61 & HWY417 IC121B RAMP16 (__3ZA2Y4),__3ZA2Y4,01 - Non intersection,03 - P.D. only,04 - Sideswipe,01 - Clear,01 - Daylight,01 - Dry,10 - No control,,2,0,0,0,,0,,,,,365662.7536,5029113.866,45.39931746,-75.72259249,11807
17--7575,7/22/2017,7:46 PM,ARLINGTON AVE @ KENT ST (0007259),7259,02 - Intersection related,03 - P.D. only,04 - Sideswipe,01 - Clear,01 - Daylight,01 - Dry,01 - Traffic signal,00 - Unknown,2,0,0,0,,0,,,,,367867.6386,5030257.839,45.40941544,-75.69428566,11808
17--7576,7/22/2017,7:58 PM,COOPER ST @ BANK ST (0006951),6951,03 - At intersection,03 - P.D. only,02 - Angle,01 - Clear,01 - Daylight,01 - Dry,02 - Stop sign,01 - Functioning,2,0,0,0,,0,,,,,367647.3326,5030990.801,45.41603022,-75.69700642,11809
17--7577,7/22/2017,8:41 AM,AVIATION PKWY @ MONTREAL RD (0008799),8799,02 - Intersection related,03 - P.D. only,02 - Angle,01 - Clear,01 - Daylight,01 - Dry,01 - Traffic signal,01 - Functioning,3,0,0,0,,0,,,,,372146.7167,5034108.583,45.44366397,-75.6390982,11810
17--7578,7/23/2017,1:00 PM,KLONDIKE RD @ MARCH RD (0003096),3096,03 - At intersection,03 - P.D. only,05 - Turning movement,01 - Clear,01 - Daylight,01 - Dry,01 - Traffic signal,01 - Functioning,2,0,0,0,,0,,,,,349262.971,5024060.282,45.35507799,-75.93251175,11811
17--7579,7/23/2017,1:07 PM,BASELINE RD @ MERIVALE RD (0002342),2342,02 - Intersection related,03 - P.D. only,03 - Rear end,01 - Clear,01 - Daylight,01 - Dry,01 - Traffic signal,01 - Functioning,3,0,0,0,,0,,,,,365054.0949,5025325.816,45.36528596,-75.7308286,11812
17--758,1/18/2017,Unknown,DIEPPE ST btwn MCARTHUR AVE & END (__3ZA7AV),__3ZA7AV,04 - At/near private drive,03 - P.D. only,06 - SMV unattended vehicle,03 - Snow,00 - Unknown,05 - Packed snow,10 - No control,,1,0,0,0,,0,,,,,371338.897,5032666.907,45.43076978,-75.64961838,11813
17--7580,7/23/2017,1:31 PM,HUNT CLUB RD @ RIVERSIDE DR (0002237),2237,02 - Intersection related,02 - Non-fatal injury,03 - Rear end,01 - Clear,01 - Daylight,01 - Dry,01 - Traffic signal,01 - Functioning,2,0,0,0,01 - Minimal,1,1,,,,368035.5,5021945.198,45.33460528,-75.69320558,11814
17--7581,7/23/2017,1:45 AM,WAVERLEY ST btwn ELGIN ST & CARTIER ST (__3ZA9TF),__3ZA9TF,01 - Non intersection,03 - P.D. only,06 - SMV unattended vehicle,01 - Clear,07 - Dark,01 - Dry,10 - No control,,1,0,0,0,,0,,,,,368363.9049,5030980.524,45.41587302,-75.6878531,11815
17--7582,7/23/2017,10:15 AM,MACKENZIE AVE @ RIDEAU ST (0002136),2136,02 - Intersection related,03 - P.D. only,02 - Angle,01 - Clear,01 - Daylight,01 - Dry,01 - Traffic signal,01 - Functioning,2,0,0,0,,0,,,,,367869.6992,5032009.58,45.42517685,-75.69403513,11816
17--7583,7/23/2017,10:20 AM,GREENBANK RD @ HALF MOON BAY (0014465),14465,03 - At intersection,03 - P.D. only,07 - SMV other,01 - Clear,01 - Daylight,01 - Dry,02 - Stop sign,01 - Functioning,1,0,0,0,,0,,,,,364651.5955,5013125.004,45.25553833,-75.73743986,11817
17--7584,7/23/2017,10:20 PM,DWYER HILL RD @ FERNBANK RD (0000091),91,02 - Intersection related,03 - P.D. only,07 - SMV other,01 - Clear,07 - Dark,01 - Dry,02 - Stop sign,01 - Functioning,1,0,0,0,,0,,,,,342918.9791,5005066.126,45.18453314,-76.01493604,11818
17--7585,7/23/2017,11:00 AM,INDUSTRIAL AVE @ ALTA VISTA DR/SANDFORD FLEMIN (0006979),6979,02 - Intersection related,03 - P.D. only,05 - Turning movement,01 - Clear,01 - Daylight,01 - Dry,01 - Traffic signal,01 - Functioning,2,0,0,0,,0,,,,,370884.7238,5030556.9,45.41182789,-75.65570521,11819
17--7586,7/23/2017,2:05 PM,HIGHWAY 417 btwn HWY417 IC122 RAMP16 & HWY417 IC122 RAMP61 (__3ZA2RA),__3ZA2RA,01 - Non intersection,03 - P.D. only,07 - SMV other,01 - Clear,01 - Daylight,01 - Dry,10 - No control,,1,0,0,0,,0,,,,,365187.7727,5028772.235,45.39628467,-75.72870075,11820
17--7587,7/23/2017,2:18 PM,BANK ST @ QUEENSDALE AVE (0009260),9260,02 - Intersection related,03 - P.D. only,03 - Rear end,01 - Clear,01 - Daylight,01 - Dry,01 - Traffic signal,00 - Unknown,2,0,0,0,,0,,,,,373336.7429,5023446.662,45.34761716,-75.62536893,11821
17--7588,7/23/2017,2:30 PM,HIGHWAY 417 btwn HWY417 IC127 RAMP25 & HWY417 IC126 RAMP51 (__3ZA2XA),__3ZA2XA,01 - Non intersection,03 - P.D. only,03 - Rear end,01 - Clear,01 - Daylight,01 - Dry,10 - No control,,2,0,0,0,,0,,,,,363156.0332,5025820.326,45.36989609,-75.75499773,11822
17--7589,7/23/2017,2:54 AM,COOPER ST @ O'CONNOR ST (0006954),6954,02 - Intersection related,03 - P.D. only,04 - Sideswipe,01 - Clear,07 - Dark,01 - Dry,02 - Stop sign,00 - Unknown,2,0,0,0,,0,,,,,367808.1757,5031085.839,45.41687087,-75.6949394,11823
17--759,1/18/2017,Unknown,CALDWELL AVE btwn MORISSET AVE & MEDFORD ST (__3ZAA5Y),__3ZAA5Y,01 - Non intersection,03 - P.D. only,06 - SMV unattended vehicle,01 - Clear,00 - Unknown,02 - Wet,10 - No control,,1,0,0,0,,0,,,,,364584.0177,5026104.69,45.3723344,-75.73673456,11824
17--7590,7/23/2017,3:00 PM,ALBERT ST @ BOOTH ST (0002162),2162,02 - Intersection related,03 - P.D. only,03 - Rear end,01 - Clear,01 - Daylight,01 - Dry,01 - Traffic signal,01 - Functioning,2,0,0,0,,0,,,,,366427.7747,5030626.796,45.41286348,-75.7126326,11825
17--7591,7/23/2017,4:19 PM,QUEEN MARY ST btwn FRANCES ST & ISIDORE ST (__3ZA8KQ),__3ZA8KQ,01 - Non intersection,03 - P.D. only,06 - SMV unattended vehicle,01 - Clear,01 - Daylight,01 - Dry,10 - No control,,1,0,0,0,,0,,,,,371583.6662,5032094.983,45.42560054,-75.64656808,11826
17--7592,7/23/2017,4:30 PM,AMIENS ST @ PRESTONE DR (0004883),4883,03 - At intersection,03 - P.D. only,02 - Angle,01 - Clear,01 - Daylight,01 - Dry,02 - Stop sign,01 - Functioning,2,0,0,0,,0,,,,,382919.0261,5037525.329,45.4732841,-75.50087116,11827
17--7593,7/23/2017,5:42 PM,MOODIE DR @ ROBERTSON RD (0010545),10545,02 - Intersection related,03 - P.D. only,02 - Angle,01 - Clear,01 - Daylight,01 - Dry,01 - Traffic signal,01 - Functioning,2,0,0,0,,0,,,,,357067.2901,5020456.435,45.32211198,-75.83329089,11828
17--7594,7/23/2017,5:51 PM,BRONSON AVE @ FIFTH AVE/MADAWASKA DR (0006977),6977,02 - Intersection related,03 - P.D. only,04 - Sideswipe,01 - Clear,01 - Daylight,01 - Dry,01 - Traffic signal,01 - Functioning,2,0,0,0,,0,,,,,367615.0502,5028940.05,45.39758108,-75.69768012,11829
17--7595,7/23/2017,5:57 PM,INNES RD @ KEYSTONE CRT (0003625),3625,02 - Intersection related,03 - P.D. only,03 - Rear end,01 - Clear,01 - Daylight,01 - Dry,02 - Stop sign,00 - Unknown,2,0,0,0,,0,,,,,379268.746,5033584.663,45.4382277,-75.54814769,11830
17--7596,7/23/2017,7:05 PM,BANK ST @ HERON RD (0002155),2155,02 - Intersection related,03 - P.D. only,03 - Rear end,01 - Clear,01 - Daylight,01 - Dry,01 - Traffic signal,01 - Functioning,2,0,0,0,,0,,,,,369995.1185,5026850.64,45.3785637,-75.66755933,11831
17--7597,7/23/2017,7:21 PM,CONROY RD @ HUNT CLUB RD (0002257),2257,02 - Intersection related,03 - P.D. only,03 - Rear end,01 - Clear,01 - Daylight,01 - Dry,01 - Traffic signal,01 - Functioning,2,0,0,0,,0,,,,,373763.74,5025404.523,45.36519135,-75.61964733,11832
17--7598,7/23/2017,7:48 PM,CEDARVIEW RD @ HWY 416 WESTHUNT IC72R24 (0005514),5514,03 - At intersection,03 - P.D. only,02 - Angle,01 - Clear,01 - Daylight,01 - Dry,02 - Stop sign,00 - Unknown,2,0,0,0,,0,,,,,359608.198,5019744.026,45.31550791,-75.80096087,11833
17--7599,7/23/2017,8:15 PM,DALY AVE @ NICHOLAS ST (0011451),11451,02 - Intersection related,03 - P.D. only,03 - Rear end,01 - Clear,05 - Dusk,02 - Wet,01 - Traffic signal,01 - Functioning,2,0,0,0,,0,,,,,368227.6299,5032048.42,45.42549395,-75.68945661,11834
17--76,1/3/2017,6:35 PM,BELCOURT BLVD @ INNES RD (0004202),4202,02 - Intersection related,03 - P.D. only,03 - Rear end,02 - Rain,07 - Dark,02 - Wet,01 - Traffic signal,01 - Functioning,2,0,0,0,,0,,,,,382123.2956,5035264.893,45.45303518,-75.51140243,11835
17--760,1/18/2017,Unknown,BURLINGTON CRES btwn HUNTERSFIELD DR & HUNTERSFIELD DR (__3ZA8MN),__3ZA8MN,01 - Non intersection,03 - P.D. only,06 - SMV unattended vehicle,02 - Rain,00 - Unknown,03 - Loose snow,10 - No control,,1,0,0,0,,0,,,,,373393.7187,5025218.76,45.36355623,-75.62439604,11836
17--7600,7/23/2017,9:51 AM,CARP RD @ STITTSVILLE MAIN ST (0005253),5253,02 - Intersection related,03 - P.D. only,03 - Rear end,01 - Clear,01 - Daylight,01 - Dry,01 - Traffic signal,01 - Functioning,2,0,0,0,,0,,,,,349525.3876,5014331.106,45.26751539,-75.93004082,11837
17--7601,7/24/2017,1:00 PM,GREENBANK RD @ BERRIGAN DR/WESSEX RD (0004726),4726,03 - At intersection,03 - P.D. only,05 - Turning movement,02 - Rain,01 - Daylight,02 - Wet,01 - Traffic signal,01 - Functioning,2,0,0,0,,0,,,,,363724.9576,5015275.468,45.27496649,-75.74898988,11838
17--7602,7/24/2017,1:11 PM,ALBION RD @ WYLDEWOOD ST (0009604),9604,02 - Intersection related,02 - Non-fatal injury,03 - Rear end,02 - Rain,01 - Daylight,02 - Wet,02 - Stop sign,01 - Functioning,2,0,0,0,02 - Minor,2,,2,,,372293.1171,5023293.265,45.34633814,-75.63870656,11839
17--7603,7/24/2017,1:19 PM,BELFAST RD @ TRAINYARDS (0007799),7799,02 - Intersection related,03 - P.D. only,03 - Rear end,02 - Rain,01 - Daylight,02 - Wet,01 - Traffic signal,01 - Functioning,2,0,0,0,,0,,,,,371882.1121,5030915.096,45.41495589,-75.6429153,11840
17--7604,7/24/2017,1:45 PM,HIGHWAY 417 btwn Continuation of HIGHWAY 417 & HWY417 IC134 RAMP51 (__3ZA29B),__3ZA29B,01 - Non intersection,03 - P.D. only,04 - Sideswipe,02 - Rain,01 - Daylight,02 - Wet,10 - No control,,2,0,0,0,,0,,,,,355768.4681,5021850.939,45.33475541,-75.8497137,11841