Anom_ID,Accident_Date,Accident_Time,Location,Geo_ID,Accident_Location,Classification_of_Accident,Initial_Impact_Type,Environment_Condition,Light,Road_Surface_Condition,Traffic_Control,Traffic_Control_Condition,No__of_Vehicles,No__of_Bicycles,No__of_Motorcycles,No__of_Pedestrians,Max_Injury,No__of_Injuries,No__of_Minimal,No__of_Minor,No__of_Major,No__of_Fatal,X,Y,Latitude,Longitude,ObjectId
17--7605,7/24/2017,10:10 PM,GREENBANK RD @ STRANDHERD DR (0005563),5563,03 - At intersection,03 - P.D. only,05 - Turning movement,02 - Rain,07 - Dark,02 - Wet,01 - Traffic signal,01 - Functioning,2,0,0,0,,0,,,,,363934.966,5014783.776,45.2705246,-75.74637208,11842
17--7606,7/24/2017,10:14 PM,RIVER RD btwn CABIN RD & LORNE BRIDGE RD (__3ZA3UL),__3ZA3UL,04 - At/near private drive,02 - Non-fatal injury,05 - Turning movement,02 - Rain,07 - Dark,02 - Wet,10 - No control,,2,0,0,0,01 - Minimal,1,1,,,,372886.6981,5001645.865,45.15150181,-75.63409739,11843
17--7607,7/24/2017,10:18 PM,WELLINGTON ST @ BAYSWATER AVE/BAYVIEW RD (0006489),6489,02 - Intersection related,03 - P.D. only,03 - Rear end,02 - Rain,07 - Dark,02 - Wet,02 - Stop sign,00 - Unknown,2,0,0,0,,0,,,,,365761.9208,5030011.664,45.407387,-75.72121495,11844
17--7608,7/24/2017,10:26 PM,DALHOUSIE ST @ RIDEAU ST (0007646),7646,03 - At intersection,02 - Non-fatal injury,07 - SMV other,02 - Rain,07 - Dark,02 - Wet,01 - Traffic signal,01 - Functioning,1,0,0,1,01 - Minimal,1,1,,,,368206.7091,5032229.504,45.42712518,-75.68970062,11845
17--7609,7/24/2017,10:57 AM,COLONEL BY DR @ HAWTHORNE AVE/PRETORIA BRIDGE (0002122),2122,02 - Intersection related,03 - P.D. only,03 - Rear end,01 - Clear,01 - Daylight,01 - Dry,01 - Traffic signal,01 - Functioning,2,0,0,0,,0,,,,,368767.4013,5030525.199,45.41173939,-75.68275731,11846
17--761,1/18/2017,12:01 PM,LEITRIM RD btwn HIGH RD & ALBION RD (__4B2G24),__4B2G24,01 - Non intersection,03 - P.D. only,07 - SMV other,01 - Clear,01 - Daylight,02 - Wet,10 - No control,,1,0,0,0,,0,,,,,372823.2616,5019990.988,45.31657414,-75.63239586,11847
17--7610,7/24/2017,Unknown,CARP RD btwn CHARLIE'S LANE & JUANITA AVE (__3ZA3GK),__3ZA3GK,01 - Non intersection,03 - P.D. only,06 - SMV unattended vehicle,02 - Rain,00 - Unknown,02 - Wet,10 - No control,,1,0,0,0,,0,,,,,340653.28,5023431.881,45.3499165,-76.04244028,11848
17--7611,7/24/2017,12:15 PM,LAFONTAINE AVE @ MCARTHUR AVE (0009806),9806,03 - At intersection,03 - P.D. only,03 - Rear end,02 - Rain,01 - Daylight,02 - Wet,01 - Traffic signal,01 - Functioning,2,0,0,0,,0,,,,,370949.7123,5032772.476,45.43175657,-75.65457752,11849
17--7612,7/24/2017,2:35 PM,HIGHWAY 417 btwn Continuation of HIGHWAY 417 & HWY417 IC134 RAMP51 (__3ZA29B),__3ZA29B,01 - Non intersection,03 - P.D. only,04 - Sideswipe,02 - Rain,01 - Daylight,02 - Wet,10 - No control,,2,0,0,0,,0,,,,,355798.1015,5021876.339,45.33498181,-75.84933303,11850
17--7613,7/24/2017,2:54 PM,HOLLAND AVE @ TYNDALL ST (0006087),6087,02 - Intersection related,03 - P.D. only,05 - Turning movement,02 - Rain,01 - Daylight,02 - Wet,01 - Traffic signal,01 - Functioning,2,0,0,0,,0,,,,,365032.9729,5028916.599,45.39759696,-75.73066012,11851
17--7614,7/24/2017,3:12 PM,MURRAY ST @ PARENT AVE (0008231),8231,03 - At intersection,03 - P.D. only,02 - Angle,01 - Clear,01 - Daylight,02 - Wet,01 - Traffic signal,01 - Functioning,2,0,0,0,,0,,,,,367862.6826,5032488.424,45.42948595,-75.69406347,11852
17--7615,7/24/2017,3:21 PM,RUSSELL RD @ ST. LAURENT SERVICE RD (0002711),2711,03 - At intersection,02 - Non-fatal injury,05 - Turning movement,01 - Clear,01 - Daylight,01 - Dry,02 - Stop sign,01 - Functioning,2,0,0,0,02 - Minor,5,,5,,,373432.0905,5029357.959,45.4007952,-75.62333084,11853
17--7616,7/24/2017,3:37 PM,MARCH RD @ TERRY FOX DR (0003173),3173,02 - Intersection related,03 - P.D. only,03 - Rear end,02 - Rain,01 - Daylight,02 - Wet,01 - Traffic signal,01 - Functioning,2,0,0,0,,0,,,,,349863.9676,5023398.227,45.34908231,-75.92490185,11854
17--7617,7/24/2017,4:17 PM,KANATA AVE @ TERRY FOX DR (0012691),12691,02 - Intersection related,02 - Non-fatal injury,02 - Angle,02 - Rain,01 - Daylight,02 - Wet,01 - Traffic signal,01 - Functioning,2,0,0,0,02 - Minor,1,,1,,,349304.949,5019211.814,45.31144757,-75.93241198,11855
17--7618,7/24/2017,4:40 PM,PINECREST RD @ RICHMOND RD (0002353),2353,02 - Intersection related,03 - P.D. only,03 - Rear end,02 - Rain,01 - Daylight,02 - Wet,01 - Traffic signal,01 - Functioning,2,0,0,0,,0,,,,,360071.4675,5024471.212,45.35800687,-75.79452466,11856
17--7619,7/24/2017,5:19 PM,ALTA VISTA DR btwn BANK ST & EDGE HILL PL (__3ZA0TQ),__3ZA0TQ,04 - At/near private drive,03 - P.D. only,02 - Angle,01 - Clear,01 - Daylight,01 - Dry,10 - No control,,2,0,0,0,,0,,,,,370324.7406,5026251.323,45.3731405,-75.66343053,11857
17--762,1/18/2017,12:02 AM,GRANT CARMAN DR @ MEADOWLANDS DR (0001111),1111,02 - Intersection related,02 - Non-fatal injury,07 - SMV other,03 - Snow,07 - Dark,05 - Packed snow,01 - Traffic signal,01 - Functioning,1,0,0,0,03 - Major,1,,,1,,365051.1514,5023901.779,45.35247295,-75.73103976,11858
17--7620,7/24/2017,5:40 PM,TENTH LINE RD @ CHARLEMAGNE BLVD N/TOMPKINS AV (0009222),9222,02 - Intersection related,03 - P.D. only,03 - Rear end,02 - Rain,01 - Daylight,02 - Wet,01 - Traffic signal,01 - Functioning,2,0,0,0,,0,,,,,383184.5704,5037977.827,45.47732551,-75.49740322,11859
17--7621,7/24/2017,6:00 AM,HIGHWAY 417 btwn HWY417 IC123 RAMP62 & HWY417 IC122 RAMP16 (__3ZA2R9),__3ZA2R9,01 - Non intersection,03 - P.D. only,07 - SMV other,02 - Rain,01 - Daylight,02 - Wet,10 - No control,,1,0,0,0,,0,,,,,365135.9672,5028709.582,45.3957254,-75.72937004,11860
17--7622,7/24/2017,6:05 AM,HIGHWAY 417 btwn HWY417 IC126 RAMP51 & HWY417 IC126 RAMP25 (__3ZA2RD),__3ZA2RD,01 - Non intersection,03 - P.D. only,07 - SMV other,02 - Rain,01 - Daylight,02 - Wet,10 - No control,,1,0,0,0,,0,,,,,363265.0814,5025959.016,45.37113492,-75.75358927,11861
17--7623,7/24/2017,6:07 AM,REGIONAL ROAD 174 btwn OR174 IC109 RAMP64 & OR174 IC105 RAMP16 (__3ZA2XD),__3ZA2XD,01 - Non intersection,03 - P.D. only,07 - SMV other,02 - Rain,01 - Daylight,02 - Wet,10 - No control,,1,0,0,0,,0,,,,,376629.2742,5035347.465,45.45436441,-75.58162337,11862
17--7624,7/24/2017,6:16 AM,OR174 IC109 RAMP64 btwn OR174 IC109 RAMP66 & REGIONAL ROAD 174 (__3ZAYAI),__3ZAYAI,01 - Non intersection,02 - Non-fatal injury,04 - Sideswipe,02 - Rain,01 - Daylight,02 - Wet,10 - No control,,2,0,0,0,02 - Minor,1,,1,,,376375.2536,5035092.237,45.4520941,-75.58490789,11863
17--7625,7/24/2017,6:52 AM,HIGHWAY 417 btwn HIGHWAY 417 & HWY417 IC140 RAMP51 (__3ZA20L),__3ZA20L,01 - Non intersection,03 - P.D. only,07 - SMV other,02 - Rain,01 - Daylight,02 - Wet,10 - No control,,1,0,0,0,,0,,,,,349728.5477,5017872.656,45.29937046,-75.92713132,11864
17--7626,7/24/2017,7:12 AM,BOYD AVE @ CARLING AVE (0003071),3071,03 - At intersection,03 - P.D. only,02 - Angle,02 - Rain,01 - Daylight,02 - Wet,02 - Stop sign,01 - Functioning,2,0,0,0,,0,,,,,363385.6091,5026748.183,45.37822567,-75.75195704,11865
17--7627,7/24/2017,7:57 PM,KITCHENER AVE @ BANK ST (0011963),11963,02 - Intersection related,02 - Non-fatal injury,04 - Sideswipe,02 - Rain,01 - Daylight,02 - Wet,01 - Traffic signal,01 - Functioning,2,0,0,0,02 - Minor,1,,1,,,370540.8765,5025499.972,45.36635984,-75.66077136,11866
17--7628,7/24/2017,8:05 AM,WEST HUNT CLUB RD @ WOODROFFE AVE (0000576),576,03 - At intersection,03 - P.D. only,05 - Turning movement,02 - Rain,01 - Daylight,02 - Wet,01 - Traffic signal,01 - Functioning,2,0,0,0,,0,,,,,363669.409,5021246.489,45.32869824,-75.74898876,11867
17--7629,7/24/2017,8:13 AM,EMPEROR AVE @ FISHER AVE (0006795),6795,02 - Intersection related,03 - P.D. only,03 - Rear end,02 - Rain,01 - Daylight,02 - Wet,02 - Stop sign,01 - Functioning,3,0,0,0,,0,,,,,365684.3065,5027164.046,45.38177154,-75.7225578,11868
17--763,1/18/2017,2:17 PM,ARGYLE AVE S @ ELGIN ST (0007284),7284,02 - Intersection related,03 - P.D. only,03 - Rear end,03 - Snow,01 - Daylight,05 - Packed snow,02 - Stop sign,00 - Unknown,2,0,0,0,,0,,,,,368509.7773,5030645.351,45.41284398,-75.68603283,11869
17--7630,7/24/2017,8:25 AM,MOODIE DR @ WEST HUNT CLUB RD (0010414),10414,02 - Intersection related,03 - P.D. only,03 - Rear end,01 - Clear,01 - Daylight,02 - Wet,01 - Traffic signal,01 - Functioning,2,0,0,0,,0,,,,,357907.3173,5018499.793,45.30444288,-75.82278618,11870
17--7631,7/24/2017,8:30 PM,DU BUISSON CRES btwn GARDENWAY DR & GARDENWAY DR (__3ZA5S7),__3ZA5S7,01 - Non intersection,03 - P.D. only,06 - SMV unattended vehicle,01 - Clear,05 - Dusk,01 - Dry,10 - No control,,1,0,0,0,,0,,,,,384428.0711,5036444.62,45.46339046,-75.48174887,11871
17--7632,7/24/2017,8:31 PM,EAGLESON RD @ HAZELDEAN RD/ROBERTSON RD (0002715),2715,02 - Intersection related,03 - P.D. only,03 - Rear end,02 - Rain,05 - Dusk,02 - Wet,01 - Traffic signal,01 - Functioning,2,0,0,0,,0,,,,,353673.8469,5018425.126,45.30407833,-75.87677456,11872
17--7633,7/24/2017,9:27 PM,REGIONAL ROAD 174 EB btwn OR174 IC109 RAMP55 & TRANSIT (__3ZA28V),__3ZA28V,01 - Non intersection,02 - Non-fatal injury,07 - SMV other,02 - Rain,07 - Dark,02 - Wet,10 - No control,,1,0,0,0,01 - Minimal,1,1,,,,376466.7675,5034973.832,45.45101939,-75.58375528,11873
17--7634,7/24/2017,9:36 AM,HWY417 IC127 RAMP51 btwn HIGHWAY 417 & HWY417 IC127 RAMP53 (__3ZAYBM),__3ZAYBM,01 - Non intersection,03 - P.D. only,07 - SMV other,02 - Rain,01 - Daylight,02 - Wet,10 - No control,,1,0,0,0,,0,,,,,361866.8439,5024615.417,45.35916058,-75.77159397,11874
17--7635,7/24/2017,9:49 PM,KING EDWARD AVE SB btwn MURRAY ST & CLARENCE ST (__3ZA3WZ),__3ZA3WZ,01 - Non intersection,03 - P.D. only,07 - SMV other,02 - Rain,07 - Dark,02 - Wet,10 - No control,,1,0,0,0,,0,,,,,368297.9501,5032744.227,45.4317482,-75.68846836,11875
17--7636,7/25/2017,1:06 PM,BANTREE ST @ INNES RD (0007684),7684,03 - At intersection,03 - P.D. only,05 - Turning movement,01 - Clear,01 - Daylight,01 - Dry,01 - Traffic signal,01 - Functioning,2,0,0,0,,0,,,,,373705.0822,5030405.914,45.41019738,-75.61969776,11876
17--7637,7/25/2017,1:08 PM,CARLING AVE @ KIRKWOOD AVE S (0002209),2209,02 - Intersection related,03 - P.D. only,03 - Rear end,01 - Clear,01 - Daylight,01 - Dry,01 - Traffic signal,00 - Unknown,2,0,0,0,,0,,,,,364351.099,5027337.85,45.38345,-75.73955926,11877
17--7638,7/25/2017,1:20 PM,MURRAY ST @ SUSSEX DR (0011912),11912,03 - At intersection,02 - Non-fatal injury,05 - Turning movement,01 - Clear,01 - Daylight,01 - Dry,01 - Traffic signal,01 - Functioning,2,1,0,0,02 - Minor,1,,1,,,367705.606,5032395.138,45.42866074,-75.69608262,11878
17--7639,7/25/2017,1:29 PM,NAVAHO DR @ SHERMAN DR (0003359),3359,02 - Intersection related,03 - P.D. only,07 - SMV other,01 - Clear,01 - Daylight,01 - Dry,02 - Stop sign,00 - Unknown,1,0,0,0,,0,,,,,363051.2952,5024835.799,45.36104614,-75.75645083,11879
17--764,1/18/2017,3:52 PM,HEMLOCK RD @ ST. LAURENT BLVD (0007183),7183,02 - Intersection related,03 - P.D. only,05 - Turning movement,02 - Rain,01 - Daylight,02 - Wet,01 - Traffic signal,00 - Unknown,2,0,0,0,,0,,,,,371145.7089,5034782.412,45.44982248,-75.65180192,11880
17--7640,7/25/2017,10:25 PM,HIGHWAY 417 btwn HWY417 IC122 RAMP15 & HWY417 IC121B RAMP51 (__3ZA2RB),__3ZA2RB,01 - Non intersection,03 - P.D. only,03 - Rear end,01 - Clear,07 - Dark,01 - Dry,10 - No control,,2,0,0,0,,0,,,,,366557.8594,5029505.509,45.40276298,-75.71111124,11881
17--7641,7/25/2017,11:00 AM,HWY417 IC142 RAMP61 btwn HWY417 IC142 RAMP63 & HIGHWAY 417 (__3ZAY78),__3ZAY78,01 - Non intersection,02 - Non-fatal injury,03 - Rear end,01 - Clear,01 - Daylight,01 - Dry,10 - No control,,2,0,1,0,02 - Minor,1,,1,,,348906.341,5017459.165,45.29570184,-75.93765127,11882
17--7642,7/25/2017,Unknown,LARGO CRES btwn DALLAS PL & SPRING GARDEN AVE (__3ZBOLV),__3ZBOLV,04 - At/near private drive,03 - P.D. only,06 - SMV unattended vehicle,01 - Clear,00 - Unknown,01 - Dry,10 - No control,,1,0,0,0,,0,,,,,364803.3552,5022853.146,45.34305873,-75.73432922,11883
17--7643,7/25/2017,12:05 PM,ALBION RD/COLLISTON CRES E @ WALKLEY RD (0011422),11422,03 - At intersection,02 - Non-fatal injury,05 - Turning movement,01 - Clear,01 - Daylight,01 - Dry,01 - Traffic signal,01 - Functioning,2,0,0,0,01 - Minimal,2,2,,,,371035.169,5026354.797,45.37400473,-75.65434744,11884
17--7644,7/25/2017,12:23 PM,CATHERINE ST @ KENT ST (0002707),2707,03 - At intersection,03 - P.D. only,02 - Angle,01 - Clear,01 - Daylight,01 - Dry,01 - Traffic signal,01 - Functioning,2,0,0,0,,0,,,,,367908.9896,5030187.923,45.40878263,-75.69376639,11885
17--7645,7/25/2017,12:48 PM,DONALD B. MUNRO DR btwn VAUGHAN SIDE RD & DIAMONDVIEW RD (__3ZAC9H),__3ZAC9H,01 - Non intersection,02 - Non-fatal injury,07 - SMV other,01 - Clear,01 - Daylight,01 - Dry,10 - No control,,1,0,1,0,03 - Major,1,,,1,,337698.6734,5021782.266,45.33521736,-76.08025562,11886
17--7646,7/25/2017,12:50 PM,KING EDWARD AVE @ LAURIER AVE (0002170),2170,02 - Intersection related,03 - P.D. only,03 - Rear end,02 - Rain,01 - Daylight,02 - Wet,01 - Traffic signal,01 - Functioning,2,0,0,0,,0,,,,,368738.4252,5032034.583,45.42532295,-75.6829316,11887
17--7647,7/25/2017,2:35 PM,WELLINGTON ST btwn BANK ST & O'CONNOR ST (__3ZA3MF),__3ZA3MF,01 - Non intersection,02 - Non-fatal injury,04 - Sideswipe,01 - Clear,01 - Daylight,01 - Dry,10 - No control,,2,1,0,0,02 - Minor,1,,1,,,367371.9321,5031696.612,45.42240557,-75.7004352,11888
17--7648,7/25/2017,2:45 PM,HARDING RD @ WALKLEY RD (0007652),7652,02 - Intersection related,02 - Non-fatal injury,03 - Rear end,01 - Clear,01 - Daylight,01 - Dry,01 - Traffic signal,01 - Functioning,4,0,0,0,01 - Minimal,1,1,,,,373147.5277,5027607.633,45.38507438,-75.62720773,11889
17--7649,7/25/2017,2:48 PM,WOODROFFE AVE @ KNOXDALE RD/MEDHURST DR (0000519),519,02 - Intersection related,03 - P.D. only,03 - Rear end,01 - Clear,01 - Daylight,01 - Dry,01 - Traffic signal,01 - Functioning,3,0,0,0,,0,,,,,363419.4409,5021825.676,45.33393065,-75.7521088,11890
17--765,1/18/2017,4:34 PM,BANTREE ST @ INNES RD (0007684),7684,02 - Intersection related,03 - P.D. only,03 - Rear end,02 - Rain,01 - Daylight,06 - Ice,01 - Traffic signal,01 - Functioning,5,0,0,0,,0,,,,,373706.4737,5030405.43,45.41019289,-75.61968005,11891
17--7650,7/25/2017,3:56 PM,OTTAWA RIVER PKWY @ RIVER ST/SLIDELL ST (0005099),5099,02 - Intersection related,03 - P.D. only,03 - Rear end,01 - Clear,01 - Daylight,01 - Dry,01 - Traffic signal,01 - Functioning,3,0,0,0,,0,,,,,365156.7032,5030377.573,45.41073182,-75.72890106,11892
17--7651,7/25/2017,4:12 PM,LEBRETON ST @ RAYMOND ST (0006550),6550,02 - Intersection related,03 - P.D. only,04 - Sideswipe,01 - Clear,01 - Daylight,01 - Dry,02 - Stop sign,00 - Unknown,2,0,0,0,,0,,,,,366959.6952,5029681.833,45.40431393,-75.70595649,11893
17--7652,7/25/2017,4:20 PM,CHAMPLAIN BRIDGE/ISLAND PARK DR btwn BATE ISLAND & PROVINCIAL BOUNDARY (__3ZA2ZEA),__3ZA2ZEA,01 - Non intersection,03 - P.D. only,03 - Rear end,01 - Clear,01 - Daylight,01 - Dry,10 - No control,,3,0,0,0,,0,,,,,362935.2597,5030094.487,45.40837272,-75.75731249,11894
17--7653,7/25/2017,4:23 PM,ALBION RD @ MITCH OWENS RD (0004212),4212,02 - Intersection related,03 - P.D. only,03 - Rear end,01 - Clear,01 - Daylight,01 - Dry,01 - Traffic signal,01 - Functioning,2,0,0,0,,0,,,,,375902.7131,5014805.107,45.26960839,-75.59386718,11895
17--7654,7/25/2017,4:55 PM,FAUBERT ST @ REGIONAL RD 174 (0012886),12886,02 - Intersection related,03 - P.D. only,03 - Rear end,01 - Clear,01 - Daylight,01 - Dry,02 - Stop sign,00 - Unknown,2,0,0,0,,0,,,,,390281.1745,5042682.871,45.51882313,-75.40582871,11896
17--7655,7/25/2017,5:10 PM,CONROY RD @ HUNT CLUB RD (0002257),2257,02 - Intersection related,03 - P.D. only,03 - Rear end,01 - Clear,01 - Daylight,01 - Dry,01 - Traffic signal,01 - Functioning,2,0,0,0,,0,,,,,373761.9355,5025403.621,45.36518341,-75.61967049,11897
17--7656,7/25/2017,5:36 PM,PALLADIUM DR @ SILVER SEVEN RD (0011839),11839,03 - At intersection,03 - P.D. only,02 - Angle,01 - Clear,01 - Daylight,01 - Dry,01 - Traffic signal,01 - Functioning,2,0,0,0,,0,,,,,351052.6706,5017888.163,45.29942407,-75.91024732,11898
17--7657,7/25/2017,5:47 PM,BANKFIELD RD @ MANOTICK MAIN ST/RIDEAU VALLEY  (0000070),70,03 - At intersection,03 - P.D. only,05 - Turning movement,01 - Clear,01 - Daylight,01 - Dry,01 - Traffic signal,01 - Functioning,2,0,0,0,,0,,,,,368432.9744,5010155.806,45.22848985,-75.6896465,11899
17--7658,7/25/2017,5:54 AM,O'CONNOR ST @ SLATER ST (0002230),2230,02 - Intersection related,03 - P.D. only,05 - Turning movement,02 - Rain,03 - Dawn,02 - Wet,01 - Traffic signal,01 - Functioning,2,0,0,0,,0,,,,,367580.3429,5031449.619,45.42016453,-75.6978038,11900
17--7749,7/28/2017,Unknown,ABERFOYLE CIRC btwn Continuation of ABERFOYLE CIRC & Continuation of A (__54YR7U),__54YR7U,04 - At/near private drive,03 - P.D. only,06 - SMV unattended vehicle,01 - Clear,00 - Unknown,01 - Dry,10 - No control,,1,0,0,0,,0,,,,,350495.7411,5023988.282,45.35435087,-75.91678516,11901
17--775,1/18/2017,6:45 AM,MOODIE DR @ ROBERTSON RD (0010545),10545,02 - Intersection related,03 - P.D. only,04 - Sideswipe,04 - Freezing Rain,07 - Dark,05 - Packed snow,01 - Traffic signal,00 - Unknown,2,0,0,0,,0,,,,,357068.3688,5020456.336,45.32211101,-75.83327714,11902
17--7750,7/28/2017,12:04 PM,RIVERSIDE DR @ SAN REMO PRIV (0011379),11379,03 - At intersection,02 - Non-fatal injury,04 - Sideswipe,01 - Clear,01 - Daylight,01 - Dry,01 - Traffic signal,01 - Functioning,2,0,0,0,02 - Minor,2,,2,,,370385.8638,5030402.16,45.41048253,-75.66209852,11903
17--7751,7/28/2017,12:18 PM,LYON ST @ NEPEAN ST (0007697),7697,03 - At intersection,03 - P.D. only,05 - Turning movement,01 - Clear,01 - Daylight,01 - Dry,02 - Stop sign,01 - Functioning,2,0,0,0,,0,,,,,367234.0532,5030932.653,45.41554402,-75.7022937,11904
17--7752,7/28/2017,12:51 PM,KLONDIKE RD @ MARCH RD (0003096),3096,03 - At intersection,02 - Non-fatal injury,02 - Angle,01 - Clear,01 - Daylight,01 - Dry,01 - Traffic signal,01 - Functioning,2,0,0,0,02 - Minor,2,,2,,,349262.971,5024060.473,45.35507971,-75.93251173,11905
17--7753,7/28/2017,2:35 PM,CLEARBROOK DR/MARKETPLACE AVE @ LONGFIELDS DR (0011162),11162,02 - Intersection related,03 - P.D. only,05 - Turning movement,01 - Clear,01 - Daylight,01 - Dry,01 - Traffic signal,01 - Functioning,2,0,0,0,,0,,,,,364632.1646,5014954.253,45.27199958,-75.73746708,11906
17--7754,7/28/2017,2:45 PM,HIGHWAY 417 btwn HWY417 IC121A RAMP16 & HWY417 IC121A RAMP61 (__3ZA2YY),__3ZA2YY,01 - Non intersection,03 - P.D. only,03 - Rear end,01 - Clear,01 - Daylight,01 - Dry,10 - No control,,3,0,0,0,,0,,,,,366978.3854,5029655.669,45.40407685,-75.70572106,11907
17--7755,7/28/2017,2:50 AM,BANTREE ST btwn EDINBURGH PL & BLACKWELL ST (__3ZA78E),__3ZA78E,01 - Non intersection,03 - P.D. only,07 - SMV other,01 - Clear,07 - Dark,01 - Dry,10 - No control,,1,0,0,0,,0,,,,,374185.5004,5029847.976,45.40512987,-75.6136394,11908
17--7756,7/28/2017,3:00 PM,HAWTHORNE AVE btwn ISABELLA ST & COLONEL BY DR (__3ZA2FY),__3ZA2FY,01 - Non intersection,03 - P.D. only,07 - SMV other,01 - Clear,01 - Daylight,01 - Dry,10 - No control,,1,0,0,0,,0,,,,,368753.7625,5030518.331,45.41167884,-75.68293243,11909
17--7757,7/28/2017,3:20 PM,INDUSTRIAL AVE @ RIVERSIDE DR (0011905),11905,02 - Intersection related,03 - P.D. only,04 - Sideswipe,01 - Clear,01 - Daylight,01 - Dry,01 - Traffic signal,01 - Functioning,2,0,0,0,,0,,,,,370685.9363,5030592.858,45.41217017,-75.65823983,11910
17--7758,7/28/2017,3:50 PM,HIGHWAY 417 btwn HWY417 IC127 RAMP67 & HWY417 IC126 RAMP16 (__3ZA2X0),__3ZA2X0,01 - Non intersection,02 - Non-fatal injury,03 - Rear end,01 - Clear,01 - Daylight,01 - Dry,10 - No control,,2,0,0,0,01 - Minimal,1,1,,,,362806.4271,5025393.117,45.36608114,-75.75951076,11911
17--7759,7/28/2017,4:00 PM,SAUNDERSON DR @ HAMLET RD (0008378),8378,03 - At intersection,03 - P.D. only,02 - Angle,01 - Clear,01 - Daylight,01 - Dry,02 - Stop sign,01 - Functioning,2,0,0,0,,0,,,,,372845.8839,5029242.838,45.39981661,-75.63083374,11912
17--776,1/18/2017,6:56 AM,FALLOWFIELD RD btwn EAGLESON RD & RICHMOND RD (__3ZA4Y2),__3ZA4Y2,01 - Non intersection,02 - Non-fatal injury,01 - Approaching,04 - Freezing Rain,03 - Dawn,04 - Slush,10 - No control,,2,0,0,0,02 - Minor,2,,2,,,356841.7188,5013018.672,45.25520252,-75.83694827,11913
17--7760,7/28/2017,4:10 PM,HIGHWAY 417 btwn HWY417 IC126 RAMP16 & HWY417 IC126 RAMP61 (__3ZA2RC),__3ZA2RC,01 - Non intersection,03 - P.D. only,03 - Rear end,01 - Clear,01 - Daylight,01 - Dry,10 - No control,,2,0,0,0,,0,,,,,363134.5111,5025816.452,45.36986303,-75.75527293,11914
17--7761,7/28/2017,4:18 PM,CARLING AVE @ CARLING RMP 56 (0002392),2392,03 - At intersection,03 - P.D. only,03 - Rear end,01 - Clear,01 - Daylight,01 - Dry,10 - No control,00 - Unknown,2,0,0,0,,0,,,,,360874.7266,5025162.4,45.36416236,-75.78419437,11915
17--7762,7/28/2017,5:07 PM,BANK ST @ WILTON CRES (0007712),7712,03 - At intersection,02 - Non-fatal injury,05 - Turning movement,01 - Clear,01 - Daylight,01 - Dry,02 - Stop sign,01 - Functioning,2,1,0,0,02 - Minor,1,,1,,,368577.0692,5028965.905,45.39772675,-75.68539041,11916
17--7763,7/28/2017,5:11 PM,AIRPORT PARKWAY PRIV @ AIR CARGO PRIV (0012331),12331,03 - At intersection,03 - P.D. only,02 - Angle,01 - Clear,01 - Daylight,01 - Dry,02 - Stop sign,01 - Functioning,2,0,0,0,,0,,,,,370593.9329,5020833.424,45.32436661,-75.66071486,11917
17--7764,7/28/2017,6:00 AM,ALERT RD/AIRPORT PKWY/UPLANDS DR RAMP 62 @ LES (0003652),3652,02 - Intersection related,03 - P.D. only,03 - Rear end,01 - Clear,01 - Daylight,01 - Dry,01 - Traffic signal,00 - Unknown,2,0,0,0,,0,,,,,371305.7179,5021355.172,45.32899408,-75.65156605,11918
17--7765,7/28/2017,6:03 PM,RICHMOND RD btwn STEEPLE HILL CRES & CAMBRIAN RD (__3ZAB9D),__3ZAB9D,01 - Non intersection,03 - P.D. only,07 - SMV other,01 - Clear,01 - Daylight,01 - Dry,10 - No control,,1,0,0,0,,0,,,,,359099.1298,5009979.338,45.22768344,-75.808521,11919
17--7766,7/28/2017,6:10 PM,DALY AVE @ KING EDWARD AVE (0007755),7755,02 - Intersection related,03 - P.D. only,02 - Angle,01 - Clear,01 - Daylight,01 - Dry,02 - Stop sign,01 - Functioning,2,0,0,0,,0,,,,,368591.7076,5032273.356,45.42748474,-75.68477539,11920
17--7767,7/28/2017,6:41 AM,MOODIE DR @ CORKSTOWN RD (0000577),577,02 - Intersection related,03 - P.D. only,04 - Sideswipe,01 - Clear,01 - Daylight,01 - Dry,01 - Traffic signal,00 - Unknown,2,0,0,0,,0,,,,,356346.1865,5022760.694,45.34289927,-75.84224853,11921
17--7768,7/28/2017,7:17 PM,HAZELDEAN RD @ TERRY FOX DR (0003682),3682,03 - At intersection,02 - Non-fatal injury,03 - Rear end,01 - Clear,01 - Daylight,01 - Dry,01 - Traffic signal,01 - Functioning,2,0,0,0,02 - Minor,1,,1,,,352208.003,5017242.133,45.29353392,-75.89557863,11922
17--7769,7/28/2017,7:30 PM,CEDARVIEW RD @ WEST HUNT CLUB RD (0010267),10267,02 - Intersection related,03 - P.D. only,03 - Rear end,01 - Clear,01 - Daylight,01 - Dry,01 - Traffic signal,01 - Functioning,2,0,0,0,,0,,,,,359720.4819,5019553.575,45.31378545,-75.79954999,11923