Anom_ID,Accident_Date,Accident_Time,Location,Geo_ID,Accident_Location,Classification_of_Accident,Initial_Impact_Type,Environment_Condition,Light,Road_Surface_Condition,Traffic_Control,Traffic_Control_Condition,No__of_Vehicles,No__of_Bicycles,No__of_Motorcycles,No__of_Pedestrians,Max_Injury,No__of_Injuries,No__of_Minimal,No__of_Minor,No__of_Major,No__of_Fatal,X,Y,Latitude,Longitude,ObjectId
17--777,1/18/2017,7:27 AM,KATIMAVIK RD @ WHITNEY DR (0012110),12110,02 - Intersection related,03 - P.D. only,99 - Other,01 - Clear,03 - Dawn,04 - Slush,01 - Traffic signal,01 - Functioning,2,0,0,0,,0,,,,,352358.1645,5019381.818,45.31277717,-75.893459,11924
17--7770,7/28/2017,7:45 PM,ROBERTSON RD btwn HAANEL DR & MILL HILL RD (__3ZA41V),__3ZA41V,01 - Non intersection,02 - Non-fatal injury,03 - Rear end,01 - Clear,01 - Daylight,01 - Dry,10 - No control,,2,0,0,0,02 - Minor,2,,2,,,355986.0171,5019802.775,45.31630994,-75.84714999,11925
17--7771,7/28/2017,7:53 AM,HAWTHORNE AVE/ISABELLA ST @ QUEEN ELIZABETH DR (0002105),2105,03 - At intersection,02 - Non-fatal injury,05 - Turning movement,01 - Clear,01 - Daylight,01 - Dry,01 - Traffic signal,01 - Functioning,2,1,0,0,02 - Minor,1,,1,,,368665.1644,5030476.419,45.41130983,-75.68406966,11926
17--7772,7/28/2017,9:20 AM,MARCH RD btwn KLONDIKE RD & MORGAN'S GRANT WAY (__3ZA2EW),__3ZA2EW,04 - At/near private drive,02 - Non-fatal injury,03 - Rear end,01 - Clear,01 - Daylight,01 - Dry,10 - No control,,2,0,0,0,02 - Minor,1,,1,,,349475.2512,5023825.183,45.35294903,-75.92982376,11927
17--7773,7/29/2017,1:30 PM,KENT ST @ LISGAR ST (0007733),7733,03 - At intersection,03 - P.D. only,05 - Turning movement,01 - Clear,01 - Daylight,01 - Dry,02 - Stop sign,01 - Functioning,2,0,0,0,,0,,,,,367437.7018,5030961.646,45.41578669,-75.69968829,11928
17--7774,7/29/2017,1:55 PM,MERIVALE RD @ SLACK RD (0000110),110,02 - Intersection related,02 - Non-fatal injury,03 - Rear end,01 - Clear,01 - Daylight,01 - Dry,01 - Traffic signal,01 - Functioning,2,0,0,0,01 - Minimal,1,1,,,,366017.8958,5020955.794,45.32588168,-75.71906724,11929
17--7775,7/29/2017,10:00 PM,HAMILTON AVE   N btwn WELLINGTON ST W & TYNDALL ST (__3ZA03I),__3ZA03I,01 - Non intersection,03 - P.D. only,06 - SMV unattended vehicle,01 - Clear,99 - Other,01 - Dry,10 - No control,,1,0,0,0,,0,,,,,365167.9551,5029024.769,45.39855863,-75.72892294,11930
17--7776,7/29/2017,10:18 AM,BEAVERHILL DR @ JASMINE CRES (0009371),9371,03 - At intersection,02 - Non-fatal injury,02 - Angle,01 - Clear,01 - Daylight,01 - Dry,02 - Stop sign,00 - Unknown,2,0,0,0,02 - Minor,2,,2,,,375590.8867,5033964.563,45.44202787,-75.59509703,11931
17--7777,7/29/2017,10:39 PM,HIGHWAY 417 btwn HIGHWAY 417 & HWY417 IC129 RAMP51 (__3ZA290),__3ZA290,01 - Non intersection,03 - P.D. only,04 - Sideswipe,01 - Clear,07 - Dark,01 - Dry,10 - No control,,2,0,0,0,,0,,,,,359976.6718,5023191.618,45.34650056,-75.79587731,11932
17--7778,7/29/2017,11:05 AM,ST. PATRICK ST @ SUSSEX DR (0011910),11910,02 - Intersection related,02 - Non-fatal injury,03 - Rear end,01 - Clear,01 - Daylight,01 - Dry,01 - Traffic signal,01 - Functioning,2,0,0,0,02 - Minor,1,,1,,,367666.9143,5032461.462,45.42926098,-75.69656857,11933
17--7779,7/29/2017,Unknown,LAIRD ST btwn MEADOWLANDS DR W & CALVERT ST (__3ZAAT6),__3ZAAT6,04 - At/near private drive,03 - P.D. only,06 - SMV unattended vehicle,01 - Clear,00 - Unknown,01 - Dry,10 - No control,,1,0,0,0,,0,,,,,364350.1514,5023328.786,45.3473771,-75.74005453,11934
17--778,1/18/2017,7:57 PM,WOODROFFE AVE @ KNOXDALE RD/MEDHURST DR (0000519),519,02 - Intersection related,02 - Non-fatal injury,03 - Rear end,02 - Rain,07 - Dark,02 - Wet,01 - Traffic signal,01 - Functioning,2,0,0,0,01 - Minimal,2,2,,,,363419.2165,5021827.197,45.33394435,-75.75211149,11935
17--7780,7/29/2017,12:00 PM,BASELINE RD @ MERIVALE RD (0002342),2342,02 - Intersection related,03 - P.D. only,04 - Sideswipe,01 - Clear,01 - Daylight,01 - Dry,01 - Traffic signal,01 - Functioning,2,0,0,0,,0,,,,,365054.6964,5025324.176,45.36527115,-75.73082112,11936
17--7781,7/29/2017,12:57 AM,CARLING AVE @ PRESTON ST (0002161),2161,02 - Intersection related,02 - Non-fatal injury,02 - Angle,01 - Clear,07 - Dark,01 - Dry,01 - Traffic signal,01 - Functioning,2,0,0,0,02 - Minor,6,,6,,,366829.71,5028935.249,45.3976079,-75.7077107,11937
17--7782,7/29/2017,2:21 PM,BRONSON AVE @ SUNNYSIDE AVE/UNIVERSITY RD - CA (0007209),7209,03 - At intersection,03 - P.D. only,05 - Turning movement,01 - Clear,01 - Daylight,01 - Dry,01 - Traffic signal,01 - Functioning,2,0,0,0,,0,,,,,367923.023,5028091.526,45.38991861,-75.69385542,11938
17--7783,7/29/2017,2:46 PM,GLADSTONE AVE @ ROCHESTER ST (0006496),6496,03 - At intersection,02 - Non-fatal injury,99 - Other,01 - Clear,01 - Daylight,01 - Dry,01 - Traffic signal,01 - Functioning,2,0,0,1,02 - Minor,1,,1,,,366662.698,5029786.284,45.40528006,-75.70973694,11939
17--7784,7/29/2017,3:00 PM,HIGHWAY 417 btwn HWY417 IC140 RAMP25 & HWY417 IC139 RAMP15 (__4BCLBK),__4BCLBK,01 - Non intersection,03 - P.D. only,07 - SMV other,01 - Clear,01 - Daylight,01 - Dry,10 - No control,,1,0,0,0,,0,,,,,351727.7936,5019212.637,45.31129725,-75.90151412,11940
17--7785,7/29/2017,3:10 AM,EAGLESON RD btwn OTTAWA ST & BROPHY DR (__3ZA4ZN),__3ZA4ZN,01 - Non intersection,02 - Non-fatal injury,04 - Sideswipe,01 - Clear,07 - Dark,01 - Dry,10 - No control,,2,0,0,0,03 - Major,3,,,3,,358976.3764,5005004.9,45.18293167,-75.81062497,11941
17--7786,7/29/2017,3:13 PM,EAGLESON RD @ HWY 417 EAGLESO IC138R51/PARK AN (0009698),9698,02 - Intersection related,02 - Non-fatal injury,03 - Rear end,01 - Clear,01 - Daylight,01 - Dry,01 - Traffic signal,01 - Functioning,2,0,0,0,01 - Minimal,1,1,,,,353038.0604,5020014.463,45.31842347,-75.88472673,11942
17--7787,7/29/2017,3:26 PM,EARL GREY DR btwn ROLAND MICHENER DR & 175 S OF KANATA AVE/WALMART SC (__3ZBPJBB),__3ZBPJBB,01 - Non intersection,03 - P.D. only,02 - Angle,01 - Clear,01 - Daylight,01 - Dry,10 - No control,,2,0,0,0,,0,,,,,350931.1026,5019108.207,45.31041035,-75.91168377,11943
17--7788,7/29/2017,3:29 PM,BANK ST @ HUNT CLUB RD (0002119),2119,02 - Intersection related,03 - P.D. only,03 - Rear end,01 - Clear,01 - Daylight,01 - Dry,01 - Traffic signal,00 - Unknown,4,0,0,0,,0,,,,,371609.6833,5024096.743,45.35363301,-75.64731847,11944
17--7789,7/29/2017,4:20 PM,JOHN KENNEDY WAY btwn OLD ALMONTE RD & HAMILTON SIDE RD (__3ZAC0K),__3ZAC0K,01 - Non intersection,03 - P.D. only,07 - SMV other,01 - Clear,01 - Daylight,08 - Loose sand or gravel,10 - No control,,1,0,0,0,,0,,,,,336734.6008,5009282.53,45.22278231,-76.09335985,11945
17--779,1/18/2017,8:00 AM,EARL ARMSTRONG RD btwn RIVER RD & SPRATT RD (__3ZAZR4),__3ZAZR4,04 - At/near private drive,03 - P.D. only,05 - Turning movement,01 - Clear,01 - Daylight,03 - Loose snow,10 - No control,,2,0,0,0,,0,,,,,367655.0132,5014661.539,45.26910208,-75.69898303,11946
17--7790,7/29/2017,4:58 PM,CALDWELL AVE btwn MORISSET AVE & MEDFORD ST (__3ZAA5Y),__3ZAA5Y,04 - At/near private drive,02 - Non-fatal injury,05 - Turning movement,01 - Clear,01 - Daylight,01 - Dry,10 - No control,,2,0,0,0,01 - Minimal,1,1,,,,364514.2566,5026086.352,45.37217534,-75.73762734,11947
17--7791,7/29/2017,6:22 AM,MORISSET AVE btwn CALDWELL AVE & MERIVALE RD (__3ZAA59),__3ZAA59,01 - Non intersection,03 - P.D. only,04 - Sideswipe,01 - Clear,01 - Daylight,01 - Dry,10 - No control,,2,0,0,0,,0,,,,,364699.3856,5026388.619,45.37487929,-75.73522735,11948
17--7792,7/29/2017,7:05 PM,LYON ST    N btwn LAURIER AVE W & GLOUCESTER ST (__3ZA30D),__3ZA30D,01 - Non intersection,02 - Non-fatal injury,07 - SMV other,01 - Clear,01 - Daylight,01 - Dry,10 - No control,,1,0,0,1,01 - Minimal,1,1,,,,367162.0072,5031055,45.41665128,-75.70319864,11949
17--7793,7/29/2017,7:19 AM,LEWIS ST @ O'CONNOR ST (0007273),7273,03 - At intersection,03 - P.D. only,02 - Angle,01 - Clear,01 - Daylight,01 - Dry,02 - Stop sign,01 - Functioning,2,0,0,0,,0,,,,,367967.7058,5030830.428,45.41455839,-75.69293401,11950
17--7794,7/29/2017,9:41 AM,RICHARDSON SIDE RD @ TERRY FOX DR (0013651),13651,03 - At intersection,03 - P.D. only,05 - Turning movement,01 - Clear,01 - Daylight,01 - Dry,01 - Traffic signal,01 - Functioning,2,0,0,0,,0,,,,,348803.086,5019506.072,45.31412702,-75.93878598,11951
17--7795,7/29/2017,9:42 AM,TERRY FOX DR btwn HUNTSVILLE DR & OLD SECOND LINE RD (__8IAYIU),__8IAYIU,01 - Non intersection,03 - P.D. only,07 - SMV other,01 - Clear,01 - Daylight,01 - Dry,10 - No control,,1,0,0,0,,0,,,,,348415.165,5022092.674,45.33742621,-75.94350543,11952
17--7796,7/30/2017,10:37 PM,SUNSHINE CRES btwn SOLSTICE WAY N & SOLSTICE WAY S (__8IAXFE),__8IAXFE,04 - At/near private drive,03 - P.D. only,06 - SMV unattended vehicle,01 - Clear,07 - Dark,01 - Dry,10 - No control,,1,0,0,0,,0,,,,,386157.35,5034864.393,45.44897387,-75.45990062,11953
17--7797,7/30/2017,10:49 AM,FISHER AVE @ 220 S OF TRENT ST (0008825),8825,02 - Intersection related,02 - Non-fatal injury,02 - Angle,01 - Clear,01 - Daylight,01 - Dry,01 - Traffic signal,01 - Functioning,3,1,0,0,02 - Minor,1,,1,,,365871.8186,5026729.263,45.37784313,-75.72021742,11954
17--7798,7/30/2017,11:39 AM,HOG'S BACK RD btwn COLONEL BY DR & RIVERSIDE DR (__3ZA22W),__3ZA22W,01 - Non intersection,02 - Non-fatal injury,03 - Rear end,01 - Clear,01 - Daylight,01 - Dry,10 - No control,,2,0,0,0,02 - Minor,2,,2,,,368096.4781,5026212.476,45.37299578,-75.69188136,11955
17--7799,7/30/2017,11:42 AM,HWY 417 MOODIE IC134R52 @ MOODIE DR (0000553),553,02 - Intersection related,03 - P.D. only,02 - Angle,01 - Clear,01 - Daylight,01 - Dry,01 - Traffic signal,00 - Unknown,2,0,0,0,,0,,,,,356458.5228,5022039.328,45.33640009,-75.84089049,11956
17--78,1/3/2017,7:00 AM,HIGHWAY 417 btwn HIGHWAY 417 & HWY417 IC140 RAMP51 (__3ZA20L),__3ZA20L,01 - Non intersection,03 - P.D. only,07 - SMV other,04 - Freezing Rain,03 - Dawn,04 - Slush,10 - No control,,1,0,0,0,,0,,,,,349717.8328,5017871.511,45.29936085,-75.92726804,11957
17--780,1/18/2017,8:18 AM,MOODIE DR @ ROBERTSON RD (0010545),10545,02 - Intersection related,03 - P.D. only,04 - Sideswipe,02 - Rain,01 - Daylight,02 - Wet,01 - Traffic signal,01 - Functioning,2,0,0,0,,0,,,,,357066.6521,5020454.385,45.32209359,-75.83329924,11958
17--7800,7/30/2017,11:53 AM,CYRVILLE RD @ MEADOWBROOK RD (0012477),12477,02 - Intersection related,03 - P.D. only,04 - Sideswipe,01 - Clear,01 - Daylight,01 - Dry,01 - Traffic signal,00 - Unknown,2,0,0,0,,0,,,,,374629.7329,5031243.233,45.41763949,-75.60776761,11959
17--7801,7/30/2017,12:00 PM,PROVOST DR btwn HYDE ST & MARCEL ST (__3ZA9GZ),__3ZA9GZ,04 - At/near private drive,03 - P.D. only,06 - SMV unattended vehicle,01 - Clear,01 - Daylight,01 - Dry,10 - No control,,1,0,0,0,,0,,,,,369397.4685,5025182.303,45.36360786,-75.67540777,11960
17--7802,7/30/2017,2:16 PM,EARL GREY DR btwn 175 S OF KANATA AVE/WALMART SC & KANATA AVE (__3ZBPJBA),__3ZBPJBA,04 - At/near private drive,03 - P.D. only,02 - Angle,01 - Clear,01 - Daylight,01 - Dry,10 - No control,,2,0,0,0,,0,,,,,350951.3045,5019163.964,45.31091074,-75.91142095,11961
17--7803,7/30/2017,2:17 PM,CARP RD @ HAZELDEAN RD (0000086),86,03 - At intersection,02 - Non-fatal injury,02 - Angle,01 - Clear,01 - Daylight,01 - Dry,01 - Traffic signal,01 - Functioning,2,1,0,0,01 - Minimal,1,1,,,,348805.5792,5014360.436,45.26782471,-75.93921067,11962
17--7804,7/30/2017,3:08 PM,BRIAN COBURN BLVD @ TENTH LINE RD (0013966),13966,02 - Intersection related,03 - P.D. only,03 - Rear end,01 - Clear,01 - Daylight,01 - Dry,01 - Traffic signal,01 - Functioning,2,0,0,0,,0,,,,,384428.3389,5035022.308,45.45059377,-75.48197576,11963
17--7805,7/30/2017,4:00 PM,HOPE SIDE RD @ RICHMOND RD (0000581),581,03 - At intersection,03 - P.D. only,02 - Angle,01 - Clear,01 - Daylight,01 - Dry,02 - Stop sign,01 - Functioning,2,0,0,0,,0,,,,,356952.6366,5015483.84,45.27737638,-75.83527633,11964
17--7806,7/30/2017,4:28 PM,BLAIR RD @ MONTREAL RD (0009277),9277,03 - At intersection,03 - P.D. only,02 - Angle,01 - Clear,01 - Daylight,01 - Dry,01 - Traffic signal,01 - Functioning,2,0,0,0,,0,,,,,374019.7202,5034439.266,45.44645631,-75.61511167,11965
17--7807,7/30/2017,4:46 AM,MARCH RD btwn HERZBERG RD & CORKSTOWN RD (__3ZA2XV),__3ZA2XV,01 - Non intersection,03 - P.D. only,07 - SMV other,01 - Clear,07 - Dark,01 - Dry,10 - No control,,1,0,0,0,,0,,,,,352616.5875,5020975.153,45.32709679,-75.89000952,11966
17--7808,7/30/2017,5:57 PM,MCCARTHY RD @ PLANTE DR N (0007480),7480,02 - Intersection related,02 - Non-fatal injury,03 - Rear end,01 - Clear,01 - Daylight,01 - Dry,01 - Traffic signal,01 - Functioning,2,0,0,0,02 - Minor,1,,1,,,369606.211,5024193.495,45.35469157,-75.67287308,11967
17--7809,7/30/2017,6:29 PM,OSGOODE ST @ SWEETLAND AVE (0008459),8459,03 - At intersection,03 - P.D. only,02 - Angle,01 - Clear,01 - Daylight,01 - Dry,02 - Stop sign,01 - Functioning,2,0,0,0,,0,,,,,369064.3278,5031983.889,45.42483696,-75.67877394,11968
17--781,1/18/2017,8:42 AM,LEITRIM RD @ ALBION RD (0012479),12479,02 - Intersection related,03 - P.D. only,02 - Angle,03 - Snow,01 - Daylight,02 - Wet,01 - Traffic signal,01 - Functioning,2,0,0,0,,0,,,,,373497.5851,5020419.808,45.32036687,-75.62373672,11969
17--7810,7/30/2017,6:39 PM,ATLANTIS AVE @ LANARK AVE (0005576),5576,02 - Intersection related,03 - P.D. only,99 - Other,01 - Clear,01 - Daylight,01 - Dry,02 - Stop sign,00 - Unknown,2,0,0,0,,0,,,,,362836.5581,5028741.54,45.39620731,-75.75873253,11970
17--7811,7/30/2017,8:38 PM,BANK ST @ HUNT CLUB RD (0002119),2119,02 - Intersection related,03 - P.D. only,04 - Sideswipe,01 - Clear,05 - Dusk,01 - Dry,01 - Traffic signal,01 - Functioning,2,0,0,0,,0,,,,,371609.8075,5024095.703,45.35362364,-75.64731703,11971
17--7812,7/31/2017,1:12 PM,KING EDWARD AVE @ RIDEAU ST (0002121),2121,02 - Intersection related,03 - P.D. only,05 - Turning movement,01 - Clear,01 - Daylight,01 - Dry,01 - Traffic signal,01 - Functioning,2,0,0,0,,0,,,,,368512.3452,5032412.632,45.42874513,-75.68577148,11972
17--7813,7/31/2017,10:11 AM,INDUSTRIAL AVE/INNES RD @ ST. LAURENT BLVD (0002203),2203,03 - At intersection,02 - Non-fatal injury,04 - Sideswipe,01 - Clear,01 - Daylight,01 - Dry,01 - Traffic signal,01 - Functioning,2,0,0,0,02 - Minor,1,,1,,,373098.6565,5030005.834,45.40665709,-75.62749972,11973
17--7814,7/31/2017,10:18 AM,DAVID DR @ ROWLEY AVE (0001959),1959,03 - At intersection,03 - P.D. only,02 - Angle,01 - Clear,01 - Daylight,01 - Dry,02 - Stop sign,01 - Functioning,2,0,0,0,,0,,,,,364241.1538,5023572.286,45.34957733,-75.74141611,11974
17--7815,7/31/2017,10:20 AM,KING EDWARD AVE @ LAURIER AVE (0002170),2170,02 - Intersection related,03 - P.D. only,03 - Rear end,01 - Clear,01 - Daylight,01 - Dry,01 - Traffic signal,01 - Functioning,2,0,0,0,,0,,,,,368739.7072,5032034.583,45.42532283,-75.68291522,11975
17--7816,7/31/2017,10:44 AM,AIRPORT PKWY btwn RAMP & TO BE DETERMINED (__3ZA222),__3ZA222,01 - Non intersection,02 - Non-fatal injury,07 - SMV other,01 - Clear,01 - Daylight,01 - Dry,10 - No control,,1,0,0,0,03 - Major,1,,,1,,369939.0253,5025692.768,45.36815075,-75.66842818,11976
17--7817,7/31/2017,11:37 AM,DALMENY RD @ NIXON DR (0005742),5742,03 - At intersection,02 - Non-fatal injury,02 - Angle,01 - Clear,01 - Daylight,01 - Dry,02 - Stop sign,01 - Functioning,2,0,0,0,02 - Minor,1,,1,,,375590.3401,4997714.447,45.11586144,-75.60027404,11977
17--7818,7/31/2017,Unknown,SHERRING CRES @ SHERRING CRT (0003200),3200,02 - Intersection related,03 - P.D. only,06 - SMV unattended vehicle,01 - Clear,00 - Unknown,01 - Dry,10 - No control,00 - Unknown,1,0,0,0,,0,,,,,350442.2264,5020222.964,45.32047317,-75.91781544,11978
17--7819,7/31/2017,12:11 PM,MITCH OWENS RD @ STAGECOACH RD (0003576),3576,03 - At intersection,03 - P.D. only,05 - Turning movement,01 - Clear,01 - Daylight,01 - Dry,01 - Traffic signal,01 - Functioning,2,0,0,0,,0,,,,,375398.7666,5014486.115,45.26678897,-75.60033402,11979
17--782,1/18/2017,8:49 AM,OTHELLO AVE @ PLEASANT PARK RD (0008364),8364,02 - Intersection related,03 - P.D. only,02 - Angle,04 - Freezing Rain,01 - Daylight,04 - Slush,02 - Stop sign,01 - Functioning,2,0,0,0,,0,,,,,373447.2686,5028737.273,45.39520906,-75.62322337,11980
17--7820,7/31/2017,2:06 AM,HWY417 IC115 RAMP61 btwn RAMP & HIGHWAY 417 (__3ZAYAU),__3ZAYAU,01 - Non intersection,03 - P.D. only,07 - SMV other,01 - Clear,07 - Dark,03 - Loose snow,10 - No control,,1,0,0,0,,0,,,,,372793.2919,5031570.875,45.42076833,-75.63118433,11981
17--7821,7/31/2017,2:42 PM,ALTA VISTA DR @ BANK ST (0011318),11318,02 - Intersection related,02 - Non-fatal injury,03 - Rear end,01 - Clear,01 - Daylight,01 - Dry,01 - Traffic signal,01 - Functioning,3,0,0,0,01 - Minimal,2,2,,,,370248.2911,5026201.405,45.3726985,-75.66441309,11982
17--7822,7/31/2017,3:30 PM,FALLOWFIELD RD btwn STEEPLE HILL CRES & MOODIE DR (__3ZA4Y5),__3ZA4Y5,01 - Non intersection,03 - P.D. only,05 - Turning movement,01 - Clear,01 - Daylight,01 - Dry,10 - No control,,2,0,0,0,,0,,,,,359353.6495,5014586.971,45.26912404,-75.80477442,11983
17--7823,7/31/2017,4:06 PM,MONTREAL RD btwn PALACE ST & VANIER PKWY (__3ZA3LL),__3ZA3LL,04 - At/near private drive,03 - P.D. only,02 - Angle,01 - Clear,01 - Daylight,01 - Dry,10 - No control,,2,0,0,0,,0,,,,,369987.9868,5033015.897,45.43403708,-75.66683525,11984
17--7824,7/31/2017,4:35 PM,HIGHWAY 417 btwn HWY417 IC121A RAMP16 & HWY417 IC121A RAMP61 (__3ZA2YY),__3ZA2YY,01 - Non intersection,03 - P.D. only,03 - Rear end,01 - Clear,01 - Daylight,01 - Dry,10 - No control,,4,0,0,0,,0,,,,,367284.259,5029767.074,45.405052,-75.70180004,11985
17--7825,7/31/2017,4:45 AM,PRINCE OF WALES DR btwn GREENBANK RD & BARNSDALE RD (__3ZA296),__3ZA296,01 - Non intersection,03 - P.D. only,07 - SMV other,01 - Clear,07 - Dark,01 - Dry,10 - No control,,1,0,0,0,,0,,,,,366637.0808,5011281.131,45.2387755,-75.71237479,11986
17--7826,7/31/2017,4:53 PM,FALLOWFIELD RD @ MERIVALE RD (0000587),587,02 - Intersection related,03 - P.D. only,03 - Rear end,01 - Clear,01 - Daylight,01 - Dry,01 - Traffic signal,00 - Unknown,2,0,0,0,,0,,,,,366893.5391,5018843.556,45.30679913,-75.70816282,11987
17--7827,7/31/2017,5:07 PM,HERZBERG RD btwn BAYFIELD AVE & MARCH RD (__3ZACUJ),__3ZACUJ,04 - At/near private drive,02 - Non-fatal injury,05 - Turning movement,01 - Clear,01 - Daylight,01 - Dry,10 - No control,,3,0,0,0,02 - Minor,2,1,1,,,352148.6248,5022052.646,45.33682401,-75.89587586,11988
17--7828,7/31/2017,5:17 PM,BLOHM DR @ HUNT CLUB RD (0011392),11392,02 - Intersection related,03 - P.D. only,03 - Rear end,01 - Clear,01 - Daylight,01 - Dry,01 - Traffic signal,01 - Functioning,2,0,0,0,,0,,,,,375129.746,5026189.819,45.37212135,-75.60209999,11989
17--7829,7/31/2017,5:19 PM,PINECREST RD @ RICHMOND RD (0002353),2353,02 - Intersection related,03 - P.D. only,03 - Rear end,01 - Clear,01 - Daylight,01 - Dry,01 - Traffic signal,01 - Functioning,2,0,0,0,,0,,,,,360072.069,5024471.212,45.35800682,-75.79451698,11990
17--783,1/18/2017,8:50 AM,BLAIR RD @ INNES RD (0004165),4165,03 - At intersection,03 - P.D. only,04 - Sideswipe,03 - Snow,01 - Daylight,02 - Wet,01 - Traffic signal,01 - Functioning,2,0,0,0,,0,,,,,375579.2814,5031439.555,45.41931048,-75.5956083,11991
17--7830,7/31/2017,6:41 AM,FALLOWFIELD RD @ GREENBANK RD (0000549),549,02 - Intersection related,03 - P.D. only,04 - Sideswipe,01 - Clear,01 - Daylight,01 - Dry,01 - Traffic signal,01 - Functioning,2,0,0,0,,0,,,,,363080.6757,5016733.259,45.28813742,-75.75702949,11992
17--7831,7/31/2017,7:31 AM,DUNROBIN RD btwn KINBURN SIDE RD & VANCES SIDE RD (__3ZA3FG),__3ZA3FG,01 - Non intersection,03 - P.D. only,07 - SMV other,01 - Clear,01 - Daylight,01 - Dry,10 - No control,,1,0,0,0,,0,,,,,338053.3168,5035905.911,45.46229011,-76.07477876,11993
17--7832,7/31/2017,8:22 PM,ST. LAURENT BLVD/GUY ST @ RIDEAU SS (0007214),7214,02 - Intersection related,02 - Non-fatal injury,03 - Rear end,01 - Clear,01 - Daylight,01 - Dry,01 - Traffic signal,01 - Functioning,2,0,0,0,02 - Minor,1,,1,,,371860.708,5033045.076,45.43412253,-75.64289877,11994
17--7833,7/31/2017,8:34 AM,HARDING RD @ WALKLEY RD (0007652),7652,03 - At intersection,02 - Non-fatal injury,02 - Angle,01 - Clear,01 - Daylight,01 - Dry,01 - Traffic signal,01 - Functioning,2,1,0,0,02 - Minor,1,,1,,,373148.2838,5027607.865,45.38507639,-75.62719804,11995
17--7834,7/31/2017,8:35 AM,EAGLESON RD @ MICHAEL COWPLAND DR/STONEHAVEN D (0003544),3544,02 - Intersection related,03 - P.D. only,03 - Rear end,01 - Clear,01 - Daylight,01 - Dry,01 - Traffic signal,01 - Functioning,2,0,0,0,,0,,,,,354382.9769,5016623.083,45.28781347,-75.86791266,11996
17--7835,7/31/2017,8:42 AM,DONWEL DR btwn STANLEYFIELD CRES & STANLEYFIELD CRES (__3ZA4D8),__3ZA4D8,04 - At/near private drive,02 - Non-fatal injury,07 - SMV other,01 - Clear,01 - Daylight,01 - Dry,10 - No control,,1,0,0,0,01 - Minimal,1,1,,,,378648.4622,5012812.034,45.25139256,-75.55917625,11997
17--7836,7/31/2017,8:45 AM,HUNT CLUB RD @ PAUL ANKA DR (0008224),8224,03 - At intersection,02 - Non-fatal injury,02 - Angle,01 - Clear,01 - Daylight,01 - Dry,01 - Traffic signal,01 - Functioning,2,0,0,0,02 - Minor,5,,5,,,369777.4647,5022897.017,45.34301037,-75.67085792,11998
17--7837,7/31/2017,9:24 AM,CAMPEAU DR @ TERON RD/COLCHESTER SQ (0009033),9033,03 - At intersection,02 - Non-fatal injury,05 - Turning movement,01 - Clear,01 - Daylight,01 - Dry,01 - Traffic signal,01 - Functioning,2,0,0,0,01 - Minimal,2,2,,,,352563.0845,5020466.569,45.32252409,-75.89074107,11999
17--7838,7/31/2017,9:26 AM,BROADVIEW AVE btwn WELLESLEY AVE & CARLING AVE (__3ZA0N7),__3ZA0N7,04 - At/near private drive,03 - P.D. only,05 - Turning movement,01 - Clear,01 - Daylight,01 - Dry,10 - No control,,2,0,0,0,,0,,,,,363174.394,5026657.59,45.37742816,-75.75466439,12000
17--8019,8/7/2017,11:35 AM,AIRPORT PKWY/BRONSON/HERON RAMP 24 @ BRONSON A (0001628),1628,02 - Intersection related,03 - P.D. only,07 - SMV other,01 - Clear,01 - Daylight,01 - Dry,10 - No control,00 - Unknown,1,0,0,0,,0,,,,,368694.0068,5026732.123,45.37761719,-75.68418613,12001
17--847,1/20/2017,2:48 PM,OGILVIE RD @ BATHGATE DR/CITYPARK DR W (0012430),12430,03 - At intersection,02 - Non-fatal injury,03 - Rear end,04 - Freezing Rain,01 - Daylight,02 - Wet,01 - Traffic signal,01 - Functioning,2,0,0,0,01 - Minimal,1,1,,,,373828.4357,5032800.386,45.43172947,-75.61778655,12002
17--802,1/19/2017,11:59 AM,HINCKS LANE @ RIVERSIDE DR (0011354),11354,02 - Intersection related,03 - P.D. only,03 - Rear end,01 - Clear,01 - Daylight,02 - Wet,01 - Traffic signal,01 - Functioning,2,0,0,0,,0,,,,,370166.2425,5030205.803,45.40873633,-75.66493006,12003
17--8020,8/7/2017,12:08 PM,WEST HUNT CLUB RD EB btwn MERIVALE RD & SUNDERLAND ST (__3ZA3JQ),__3ZA3JQ,01 - Non intersection,03 - P.D. only,04 - Sideswipe,01 - Clear,01 - Daylight,01 - Dry,10 - No control,,2,0,0,0,,0,,,,,365712.0885,5021991.603,45.33522837,-75.72284048,12004
17--8470,8/21/2017,3:26 PM,MEADOWLANDS DR btwn PRINCE OF WALES DR & DEBRA AVE (__3ZA3GTB),__3ZA3GTB,04 - At/near private drive,03 - P.D. only,02 - Angle,01 - Clear,01 - Daylight,01 - Dry,10 - No control,,2,0,0,0,,0,,,,,367330.0849,5025671.121,45.3681936,-75.70173362,12005