Anom_ID,Accident_Date,Accident_Time,Location,Geo_ID,Accident_Location,Classification_of_Accident,Initial_Impact_Type,Environment_Condition,Light,Road_Surface_Condition,Traffic_Control,Traffic_Control_Condition,No__of_Vehicles,No__of_Bicycles,No__of_Motorcycles,No__of_Pedestrians,Max_Injury,No__of_Injuries,No__of_Minimal,No__of_Minor,No__of_Major,No__of_Fatal,X,Y,Latitude,Longitude,ObjectId
17--8021,8/7/2017,12:20 PM,HWY417 IC110 RAMP56 btwn HIGHWAY 417 & WALKLEY EXTENSION RD (__3ZAY6U),__3ZAY6U,01 - Non intersection,03 - P.D. only,07 - SMV other,01 - Clear,01 - Daylight,01 - Dry,10 - No control,,1,0,0,0,,0,,,,,375920.0423,5028973.034,45.39708353,-75.59161054,12006
17--8471,8/21/2017,3:33 PM,ST. JOSEPH BLVD/OLD MONTREAL RD @ TRIM RD (0004118),4118,02 - Intersection related,03 - P.D. only,03 - Rear end,01 - Clear,01 - Daylight,01 - Dry,11 - Roundabout,00 - Unknown,2,0,0,0,,0,,,,,384680.1104,5039284.921,45.48891599,-75.47806457,12007
17--8022,8/7/2017,3:16 PM,ROYDON PL btwn WOODFIELD DR & WEST HUNT CLUB RD (__3ZAYGP),__3ZAYGP,04 - At/near private drive,03 - P.D. only,05 - Turning movement,01 - Clear,01 - Daylight,01 - Dry,10 - No control,,2,0,1,0,,0,,,,,365552.0072,5022347.852,45.33844773,-75.72483899,12008
17--8472,8/21/2017,3:34 AM,KING EDWARD AVE @ STEWART ST (0007754),7754,02 - Intersection related,03 - P.D. only,03 - Rear end,01 - Clear,07 - Dark,01 - Dry,01 - Traffic signal,01 - Functioning,2,0,0,0,,0,,,,,368635.0358,5032205.308,45.42686851,-75.68423055,12009
17--8023,8/7/2017,3:30 PM,ANDERSON RD @ RIDGE RD (0003631),3631,03 - At intersection,03 - P.D. only,02 - Angle,01 - Clear,01 - Daylight,01 - Dry,02 - Stop sign,01 - Functioning,2,0,0,0,,0,,,,,379029.2982,5028507.384,45.39257119,-75.55197261,12010
17--8473,8/21/2017,3:36 PM,HIGHWAY 417 btwn HWY417 IC119A RAMP75 & HWY417 IC118 RAMP57 (__3ZA2R2),__3ZA2R2,01 - Non intersection,03 - P.D. only,03 - Rear end,01 - Clear,01 - Daylight,01 - Dry,10 - No control,,2,0,0,0,,0,,,,,368865.4441,5030647.863,45.41283411,-75.6814889,12011
17--8024,8/7/2017,4:06 PM,CUMMINGS AVE @ DONALD ST (0009936),9936,02 - Intersection related,02 - Non-fatal injury,03 - Rear end,01 - Clear,01 - Daylight,01 - Dry,01 - Traffic signal,01 - Functioning,2,0,0,0,02 - Minor,1,,1,,,372651.3307,5032413.101,45.42836006,-75.63288208,12012
17--8474,8/21/2017,3:57 PM,BANTREE ST @ INNES RD (0007684),7684,03 - At intersection,03 - P.D. only,05 - Turning movement,01 - Clear,01 - Daylight,01 - Dry,01 - Traffic signal,01 - Functioning,2,0,0,0,,0,,,,,373705.7232,5030406.319,45.41020096,-75.61968952,12013
17--8025,8/7/2017,4:23 PM,AVIATION PKWY @ OGILVIE RD (0004114),4114,03 - At intersection,02 - Non-fatal injury,02 - Angle,01 - Clear,01 - Daylight,01 - Dry,01 - Traffic signal,01 - Functioning,3,0,0,0,02 - Minor,1,,1,,,373111.1921,5032376.347,45.42798461,-75.62701098,12014
17--8475,8/21/2017,4:00 PM,HERON RD @ BAYCREST DR (0007191),7191,02 - Intersection related,03 - P.D. only,04 - Sideswipe,01 - Clear,01 - Daylight,01 - Dry,01 - Traffic signal,00 - Unknown,2,0,0,0,,0,,,,,371143.5073,5026978.879,45.37960975,-75.65288055,12015
17--8476,8/21/2017,4:00 PM,HEMLOCK PRIV @ AVIATION PKWY ON RAMP (0008562),8562,03 - At intersection,03 - P.D. only,04 - Sideswipe,01 - Clear,01 - Daylight,01 - Dry,10 - No control,00 - Unknown,2,0,0,0,,0,,,,,371604.7113,5034914.601,45.45096813,-75.6459165,12016
17--8477,8/21/2017,4:07 PM,HUNT CLUB RD @ UPLANDS DR (0010844),10844,03 - At intersection,03 - P.D. only,05 - Turning movement,01 - Clear,01 - Daylight,01 - Dry,01 - Traffic signal,01 - Functioning,2,0,0,0,,0,,,,,370156.7272,5023120.822,45.34498887,-75.66598931,12017
17--8478,8/21/2017,4:31 PM,CAMERON ST @ REGIONAL RD 174 (0012883),12883,02 - Intersection related,03 - P.D. only,03 - Rear end,01 - Clear,01 - Daylight,01 - Dry,01 - Traffic signal,00 - Unknown,2,0,0,0,,0,,,,,389859.5286,5042619.188,45.51830175,-75.41123591,12018
17--8479,8/21/2017,5:00 PM,SHEFFIELD RD @ WALKLEY RD (0005156),5156,03 - At intersection,02 - Non-fatal injury,05 - Turning movement,01 - Clear,01 - Daylight,01 - Dry,01 - Traffic signal,01 - Functioning,2,0,0,0,02 - Minor,5,,5,,,375259.0296,5028783.46,45.39544467,-75.60007943,12019
17--848,1/20/2017,2:50 PM,PRINCE OF WALES DR @ MERIVALE RD (0000564),564,02 - Intersection related,03 - P.D. only,03 - Rear end,01 - Clear,01 - Daylight,02 - Wet,01 - Traffic signal,01 - Functioning,2,0,0,0,,0,,,,,367450.2578,5017616.461,45.29570845,-75.70121912,12020
17--8480,8/21/2017,5:05 PM,HIGHWAY 417 btwn HWY417 IC127 RAMP25 & HWY417 IC126 RAMP51 (__3ZA2XA),__3ZA2XA,01 - Non intersection,03 - P.D. only,04 - Sideswipe,01 - Clear,01 - Daylight,01 - Dry,10 - No control,,3,0,0,0,,0,,,,,362580.2368,5025183.889,45.36421721,-75.76242245,12021
17--8481,8/21/2017,5:22 PM,HAZELDEAN RD @ HUNTMAR DR/IBER RD (0000075),75,02 - Intersection related,03 - P.D. only,03 - Rear end,01 - Clear,01 - Daylight,01 - Dry,01 - Traffic signal,00 - Unknown,2,0,0,0,,0,,,,,350942.4778,5016078.459,45.28314708,-75.91182062,12022
17--8482,8/21/2017,6:00 PM,ELGIN ST btwn COOPER ST & SOMERSET ST W (__3ZA346),__3ZA346,01 - Non intersection,03 - P.D. only,06 - SMV unattended vehicle,01 - Clear,01 - Daylight,01 - Dry,10 - No control,,1,0,0,0,,0,,,,,368126.1865,5031262.743,45.41843389,-75.69085382,12023
17--8483,8/21/2017,7:08 PM,ALPINE AVE @ CARLING AVE (0011382),11382,02 - Intersection related,03 - P.D. only,03 - Rear end,01 - Clear,01 - Daylight,01 - Dry,01 - Traffic signal,01 - Functioning,4,0,0,0,,0,,,,,360496.1991,5024942.758,45.36221621,-75.78905074,12024
17--8484,8/21/2017,7:10 PM,HIGHWAY 417 btwn HWY417 IC88 RAMP16 & HWY417 IC88 RAMP61 (__3ZAZE2),__3ZAZE2,01 - Non intersection,03 - P.D. only,03 - Rear end,01 - Clear,01 - Daylight,01 - Dry,10 - No control,,2,0,0,0,,0,,,,,395513.2654,5022497.579,45.33656094,-75.3425884,12025
17--8485,8/21/2017,7:15 PM,BANK ST @ CAHILL DR/DAZE ST (0012178),12178,03 - At intersection,03 - P.D. only,05 - Turning movement,01 - Clear,01 - Daylight,01 - Dry,01 - Traffic signal,01 - Functioning,2,0,0,0,,0,,,,,371307.2465,5024317.375,45.35564693,-75.65114832,12026
17--8486,8/21/2017,7:30 AM,COBBLE HILL DR btwn NEWBURGH PL & ODESSA WAY (e___1G0D),e___1G0D,04 - At/near private drive,03 - P.D. only,06 - SMV unattended vehicle,01 - Clear,01 - Daylight,01 - Dry,10 - No control,,1,0,0,0,,0,,,,,360891.579,5015276.609,45.27520849,-75.78509882,12027
17--8487,8/21/2017,7:49 PM,BRONSON AVE @ LAKESIDE AVE (0007223),7223,03 - At intersection,03 - P.D. only,03 - Rear end,01 - Clear,05 - Dusk,01 - Dry,02 - Stop sign,01 - Functioning,3,0,0,0,,0,,,,,367654.4186,5028837.897,45.3966584,-75.69719035,12028
17--8488,8/21/2017,8:16 PM,BELL ST @ GLADSTONE AVE (0006488),6488,03 - At intersection,02 - Non-fatal injury,05 - Turning movement,01 - Clear,05 - Dusk,01 - Dry,02 - Stop sign,01 - Functioning,2,1,0,0,01 - Minimal,1,1,,,,366945.5533,5029969.564,45.40690411,-75.70610086,12029
17--8489,8/21/2017,9:00 AM,MARCH RD @ TERON RD (0011926),11926,02 - Intersection related,03 - P.D. only,03 - Rear end,01 - Clear,01 - Daylight,01 - Dry,01 - Traffic signal,01 - Functioning,2,0,0,0,,0,,,,,351414.7796,5021778.897,45.3344099,-75.90526431,12030
17--849,1/20/2017,3:18 AM,SMYTH RD @ BOTSFORD ST/DAUPHIN RD (0007211),7211,02 - Intersection related,03 - P.D. only,07 - SMV other,01 - Clear,07 - Dark,01 - Dry,01 - Traffic signal,01 - Functioning,1,0,0,0,,0,,,,,372243.8073,5029261.102,45.4000392,-75.63852083,12031
17--8490,8/21/2017,9:12 AM,HINES RD btwn INNOVATION DR & SOLANDT RD (__3ZA1CU),__3ZA1CU,04 - At/near private drive,03 - P.D. only,02 - Angle,01 - Clear,01 - Daylight,01 - Dry,10 - No control,,2,0,0,0,,0,,,,,350222.1169,5022687.3,45.34266213,-75.92039674,12032
17--8491,8/21/2017,9:58 AM,BASELINE RD @ GREENBANK RD (0002357),2357,02 - Intersection related,02 - Non-fatal injury,03 - Rear end,01 - Clear,01 - Daylight,01 - Dry,01 - Traffic signal,01 - Functioning,2,0,0,0,01 - Minimal,1,1,,,,360598.3502,5022583.39,45.34097855,-75.78801315,12033
17--8492,8/22/2017,1:00 PM,HIGHWAY 416 btwn HWY416 IC66 RAMP52 & HWY416 IC66 RAMP24 (__3ZAZMW),__3ZAZMW,01 - Non intersection,02 - Non-fatal injury,07 - SMV other,02 - Rain,01 - Daylight,02 - Wet,10 - No control,,1,0,0,0,03 - Major,1,,,1,,360136.5553,5014683.65,45.2699328,-75.79478714,12034
17--8493,8/22/2017,1:26 PM,ROBERTSON RD btwn WESTCLIFFE RD & FITZGERALD RD (__3ZA41Z),__3ZA41Z,01 - Non intersection,03 - P.D. only,04 - Sideswipe,01 - Clear,01 - Daylight,01 - Dry,10 - No control,,3,0,0,0,,0,,,,,356706.0145,5020240.369,45.3201946,-75.83792157,12035
17--8494,8/22/2017,1:30 PM,ST. JOSEPH BLVD/OLD MONTREAL RD @ TRIM RD (0004118),4118,03 - At intersection,03 - P.D. only,04 - Sideswipe,02 - Rain,01 - Daylight,02 - Wet,11 - Roundabout,01 - Functioning,2,0,0,0,,0,,,,,384682.754,5039285.798,45.48892357,-75.47803061,12036
17--8495,8/22/2017,1:56 PM,LEEDS AVE @ SHEFFIELD RD (0007680),7680,03 - At intersection,02 - Non-fatal injury,02 - Angle,01 - Clear,01 - Daylight,01 - Dry,03 - Yield sign,01 - Functioning,2,0,0,0,02 - Minor,1,,1,,,374862.7396,5029549.474,45.40237664,-75.60503152,12037
17--8496,8/22/2017,1:58 PM,GRANT CARMAN DR @ MEADOWLANDS DR (0001111),1111,02 - Intersection related,03 - P.D. only,03 - Rear end,02 - Rain,01 - Daylight,02 - Wet,01 - Traffic signal,01 - Functioning,2,0,0,0,,0,,,,,365051.6941,5023901.284,45.35246845,-75.73103289,12038
17--8497,8/22/2017,10:13 AM,MONTREAL RD @ ST. LAURENT BLVD (0002604),2604,02 - Intersection related,03 - P.D. only,04 - Sideswipe,02 - Rain,01 - Daylight,02 - Wet,01 - Traffic signal,01 - Functioning,2,0,0,0,,0,,,,,371545.7029,5033816.947,45.44109761,-75.64681973,12039
17--8498,8/22/2017,10:24 PM,BANNING RD btwn BALBAIR RD & ABBEYHILL DR (__3ZAB23),__3ZAB23,01 - Non intersection,03 - P.D. only,06 - SMV unattended vehicle,01 - Clear,07 - Dark,01 - Dry,10 - No control,,1,0,0,0,,0,,,,,353377.3534,5017677.853,45.29737476,-75.88062835,12040
17--8499,8/22/2017,10:45 AM,AVIATION PKWY @ OGILVIE RD (0004114),4114,02 - Intersection related,03 - P.D. only,04 - Sideswipe,01 - Clear,01 - Daylight,01 - Dry,01 - Traffic signal,01 - Functioning,2,0,0,0,,0,,,,,373110.4922,5032376.808,45.42798882,-75.62701986,12041
17--85,1/3/2017,7:34 AM,CASTLEFRANK RD @ HAZELDEAN RD (0003608),3608,03 - At intersection,02 - Non-fatal injury,05 - Turning movement,04 - Freezing Rain,03 - Dawn,04 - Slush,01 - Traffic signal,01 - Functioning,2,0,0,0,01 - Minimal,2,2,,,,352676.3772,5017677.144,45.2974165,-75.8895655,12042
17--850,1/20/2017,3:44 PM,HIGHWAY 417 btwn HWY417 IC127 RAMP16 & HWY417 IC127 RAMP63 (__3ZA2UP),__3ZA2UP,01 - Non intersection,03 - P.D. only,03 - Rear end,01 - Clear,01 - Daylight,01 - Dry,10 - No control,,2,0,0,0,,0,,,,,361882.3337,5024666.673,45.35962052,-75.77139035,12043
17--8500,8/22/2017,10:45 AM,FERNBANK RD btwn WEST RIDGE DR & ETTA ST (__5RG1HI),__5RG1HI,01 - Non intersection,03 - P.D. only,06 - SMV unattended vehicle,01 - Clear,01 - Daylight,01 - Dry,10 - No control,,1,0,0,0,,0,,,,,350692.6374,5011945.299,45.24597186,-75.91538704,12044
17--8501,8/22/2017,10:47 AM,EAGLESON RD @ HAZELDEAN RD/ROBERTSON RD (0002715),2715,02 - Intersection related,03 - P.D. only,04 - Sideswipe,01 - Clear,01 - Daylight,01 - Dry,01 - Traffic signal,01 - Functioning,2,0,0,0,,0,,,,,353674.0564,5018424.676,45.30407426,-75.87677193,12045
17--8502,8/22/2017,11:03 AM,TERRY FOX DR btwn LEGGET DR & HELMSDALE DR (__3ZAZO8),__3ZAZO8,04 - At/near private drive,03 - P.D. only,02 - Angle,02 - Rain,01 - Daylight,02 - Wet,10 - No control,,2,0,0,0,,0,,,,,350335.2488,5023527.942,45.35021908,-75.91887581,12046
17--8503,8/22/2017,11:26 AM,EAGLESON RD @ FALLOWFIELD RD (0000118),118,03 - At intersection,03 - P.D. only,02 - Angle,01 - Clear,01 - Daylight,01 - Dry,01 - Traffic signal,01 - Functioning,2,0,0,0,,0,,,,,355961.2026,5012593.327,45.25143974,-75.84820977,12047
17--8504,8/22/2017,Unknown,RICE AVE btwn WOODROFFE AVE & LOCKHART AVE (__3ZAA1V),__3ZAA1V,04 - At/near private drive,03 - P.D. only,06 - SMV unattended vehicle,01 - Clear,00 - Unknown,01 - Dry,10 - No control,,1,0,0,0,,0,,,,,361504.1166,5026960.584,45.38029164,-75.77595429,12048
17--8505,8/22/2017,12:05 PM,TRIM RD @ DAIRY DR/TAYLOR CREEK DR (0012921),12921,03 - At intersection,03 - P.D. only,04 - Sideswipe,01 - Clear,01 - Daylight,01 - Dry,11 - Roundabout,01 - Functioning,2,0,0,0,,0,,,,,384536.1439,5039595.391,45.49172575,-75.47985566,12049
17--8506,8/22/2017,12:13 PM,RIVERSIDE DR btwn HOG'S BACK RD & RIDGEWOOD AVE (__3ZA372),__3ZA372,01 - Non intersection,03 - P.D. only,04 - Sideswipe,01 - Clear,01 - Daylight,02 - Wet,10 - No control,,2,0,0,0,,0,,,,,368205.683,5025979.156,45.37088655,-75.69051721,12050
17--8507,8/22/2017,12:44 PM,HAZELDEAN RD btwn CASTLEFRANK RD & 246 E OF CASTLEFRANK RD (__3ZA41NA),__3ZA41NA,01 - Non intersection,02 - Non-fatal injury,02 - Angle,01 - Clear,01 - Daylight,02 - Wet,10 - No control,,2,1,0,0,02 - Minor,1,,1,,,352788.342,5017777.093,45.29830823,-75.88812834,12051
17--8508,8/22/2017,3:00 AM,UPLANDS DR btwn PAUL ANKA DR & SHEARWATER PRIV (__3ZA9BQ),__3ZA9BQ,01 - Non intersection,02 - Non-fatal injury,06 - SMV unattended vehicle,01 - Clear,07 - Dark,01 - Dry,10 - No control,,1,0,0,0,02 - Minor,2,,2,,,369533.463,5023505.693,45.34850964,-75.67389151,12052
17--8509,8/22/2017,3:00 PM,HIGHWAY 417 btwn HWY417 IC119B RAMP57 & HWY417 IC119A RAMP75 (__3ZA1QN),__3ZA1QN,01 - Non intersection,02 - Non-fatal injury,03 - Rear end,01 - Clear,01 - Daylight,00 - Unknown,10 - No control,,2,0,0,0,01 - Minimal,2,2,,,,368198.0511,5030278.8,45.40957419,-75.69006224,12053
17--851,1/20/2017,3:56 PM,BRONSON AVE @ FINDLAY AVE (0007220),7220,02 - Intersection related,03 - P.D. only,03 - Rear end,03 - Snow,01 - Daylight,02 - Wet,02 - Stop sign,01 - Functioning,2,0,0,0,,0,,,,,367728.7107,5028661.182,45.3950617,-75.69626408,12054
17--8510,8/22/2017,3:00 PM,HIGHWAY 417 btwn HWY417 IC119B RAMP57 & HWY417 IC119A RAMP75 (__3ZA1QN),__3ZA1QN,01 - Non intersection,03 - P.D. only,03 - Rear end,01 - Clear,01 - Daylight,01 - Dry,10 - No control,,2,0,0,0,,0,,,,,368406.5432,5030412.151,45.41075512,-75.68738172,12055
17--8511,8/22/2017,4:00 PM,HIGHWAY 417 btwn HWY417 IC124 RAMP65 & HWY417 IC122 RAMP51 (__3ZA2R8),__3ZA2R8,01 - Non intersection,02 - Non-fatal injury,04 - Sideswipe,01 - Clear,01 - Daylight,01 - Dry,10 - No control,,2,0,0,0,01 - Minimal,1,1,,,,364960.2854,5028374.22,45.392723,-75.73165459,12056
17--8512,8/22/2017,4:08 PM,MCLEOD ST W @ METCALFE ST (0007266),7266,02 - Intersection related,03 - P.D. only,04 - Sideswipe,01 - Clear,01 - Daylight,02 - Wet,01 - Traffic signal,00 - Unknown,2,0,0,0,,0,,,,,368270.452,5030685.356,45.41322568,-75.68908503,12057
17--8513,8/22/2017,4:09 PM,ELGIN ST @ GLADSTONE AVE (0007272),7272,03 - At intersection,03 - P.D. only,02 - Angle,01 - Clear,01 - Daylight,01 - Dry,01 - Traffic signal,01 - Functioning,2,0,0,0,,0,,,,,368384.716,5030844.352,45.4146459,-75.6876048,12058
17--8514,8/22/2017,4:10 PM,METCALFE ST @ PRETORIA AVE (0007471),7471,03 - At intersection,03 - P.D. only,02 - Angle,02 - Rain,01 - Daylight,02 - Wet,02 - Stop sign,01 - Functioning,2,0,0,0,,0,,,,,368492.6605,5030333.168,45.41003662,-75.68629183,12059
17--8515,8/22/2017,4:28 PM,CHAMBERLAIN AVE btwn KENT ST & TO BE DETERMINED (__3ZA25A),__3ZA25A,01 - Non intersection,03 - P.D. only,04 - Sideswipe,01 - Clear,01 - Daylight,02 - Wet,10 - No control,,2,0,0,0,,0,,,,,368014.1037,5030094.07,45.40792868,-75.6924357,12060
17--8516,8/22/2017,4:45 PM,QUEEN ELIZABETH DRWY btwn QUEEN ELIZABETH PL & FIFTH AVE (__3ZA22J),__3ZA22J,01 - Non intersection,03 - P.D. only,07 - SMV other,02 - Rain,01 - Daylight,02 - Wet,10 - No control,,1,0,0,0,,0,,,,,369008.4096,5029249.041,45.40023489,-75.67984471,12061
17--8517,8/22/2017,4:47 PM,EAGLESON RD @ FLEWELLYN RD (0000121),121,02 - Intersection related,03 - P.D. only,07 - SMV other,02 - Rain,01 - Daylight,02 - Wet,02 - Stop sign,00 - Unknown,1,0,0,0,,0,,,,,355334.4865,5014247.21,45.26636707,-75.85602537,12062
17--8518,8/22/2017,4:49 PM,FISHER AVE @ ARNOT RD (0002726),2726,02 - Intersection related,03 - P.D. only,03 - Rear end,02 - Rain,01 - Daylight,02 - Wet,02 - Stop sign,01 - Functioning,3,0,0,0,,0,,,,,366321.5084,5025654.936,45.36813722,-75.71461001,12063
17--8519,8/22/2017,5:30 PM,LIVERPOOL CRT @ NEWMARKET ST (0007617),7617,02 - Intersection related,03 - P.D. only,03 - Rear end,02 - Rain,01 - Daylight,02 - Wet,02 - Stop sign,00 - Unknown,2,0,0,0,,0,,,,,373499.1631,5030382.474,45.41000672,-75.62233145,12064
17--852,1/20/2017,4:00 PM,CHAMPLAIN BRIDGE/ISLAND PARK DR btwn BATE ISLAND & OTTAWA RIVER PKWY (__3ZA2ZEB),__3ZA2ZEB,01 - Non intersection,03 - P.D. only,04 - Sideswipe,01 - Clear,01 - Daylight,02 - Wet,10 - No control,,2,0,0,0,,0,,,,,363147.5886,5029570.88,45.40364373,-75.75466215,12065
17--8520,8/22/2017,5:30 PM,LACASSE AVE @ MCARTHUR AVE (0009810),9810,02 - Intersection related,03 - P.D. only,03 - Rear end,01 - Clear,01 - Daylight,01 - Dry,02 - Stop sign,00 - Unknown,2,0,0,0,,0,,,,,370824.1425,5032757.22,45.43163117,-75.65618423,12066
17--8521,8/22/2017,5:45 PM,HIGHWAY 417 btwn HWY417 IC126 RAMP25 & HWY417 IC124 RAMP57 (__3ZA2R5),__3ZA2R5,01 - Non intersection,03 - P.D. only,03 - Rear end,02 - Rain,01 - Daylight,02 - Wet,10 - No control,,2,0,0,0,,0,,,,,363669.8306,5026502.064,45.37598731,-75.74835765,12067
17--8522,8/22/2017,5:46 PM,CARP RD btwn THOMAS A. DOLAN PKWY & NORMA LANE (__3ZAZ54),__3ZAZ54,01 - Non intersection,02 - Non-fatal injury,01 - Approaching,01 - Clear,01 - Daylight,02 - Wet,10 - No control,,2,0,0,0,03 - Major,2,,,2,,338964.6406,5024349.332,45.35825639,-76.06392666,12068
17--8523,8/22/2017,5:52 PM,BREWER RD @ BRONSON AVE (0002240),2240,02 - Intersection related,03 - P.D. only,04 - Sideswipe,02 - Rain,01 - Daylight,02 - Wet,01 - Traffic signal,01 - Functioning,2,0,0,0,,0,,,,,368109.0471,5027767.083,45.38698257,-75.69152156,12069
17--8524,8/22/2017,6:10 PM,210 W OF MERIVALE RD @ WEST HUNT CLUB RD (0004688),4688,02 - Intersection related,02 - Non-fatal injury,03 - Rear end,01 - Clear,01 - Daylight,02 - Wet,01 - Traffic signal,01 - Functioning,3,0,0,0,01 - Minimal,1,1,,,,365431.7034,5021829.496,45.33379403,-75.72643737,12070
17--8525,8/22/2017,6:16 AM,RIVER RD btwn OSGOODE MAIN ST & DALMENY RD (__3ZA3TA),__3ZA3TA,01 - Non intersection,02 - Non-fatal injury,01 - Approaching,01 - Clear,03 - Dawn,01 - Dry,10 - No control,,2,0,0,0,02 - Minor,1,,1,,,373150.5865,4999212.198,45.12957826,-75.63107444,12071
17--8526,8/22/2017,6:25 PM,ST. JOSEPH BLVD @ REGIONAL RD 174/TRANSITWAY (0012428),12428,02 - Intersection related,02 - Non-fatal injury,03 - Rear end,02 - Rain,01 - Daylight,02 - Wet,01 - Traffic signal,01 - Functioning,2,0,0,0,02 - Minor,3,,3,,,376556.4995,5035056.537,45.45175431,-75.58259616,12072
17--8527,8/22/2017,7:02 PM,SLATER ST btwn KENT ST & BANK ST (__3ZA349),__3ZA349,01 - Non intersection,03 - P.D. only,06 - SMV unattended vehicle,01 - Clear,01 - Daylight,01 - Dry,10 - No control,,1,0,0,0,,0,,,,,367359.1109,5031315.476,45.41897737,-75.70064742,12073
17--8528,8/22/2017,7:22 PM,MERIVALE RD/LOTTA AVE @ CLYDE AVE (0001112),1112,03 - At intersection,03 - P.D. only,02 - Angle,02 - Rain,01 - Daylight,02 - Wet,01 - Traffic signal,01 - Functioning,2,0,0,0,,0,,,,,364522.1298,5024506.879,45.35796281,-75.73771774,12074
17--8529,8/22/2017,8:43 AM,WOODROFFE AVE @ KNOXDALE RD/MEDHURST DR (0000519),519,02 - Intersection related,03 - P.D. only,03 - Rear end,02 - Rain,01 - Daylight,02 - Wet,01 - Traffic signal,01 - Functioning,3,0,0,0,,0,,,,,363418.3954,5021826.271,45.33393609,-75.75212207,12075
17--853,1/20/2017,4:35 PM,BANK ST btwn EVANS BLVD & CECIL AVE (__3ZA3BH),__3ZA3BH,04 - At/near private drive,02 - Non-fatal injury,02 - Angle,01 - Clear,01 - Daylight,01 - Dry,10 - No control,,2,0,0,0,01 - Minimal,1,1,,,,369936.2451,5027013.908,45.38003821,-75.66828943,12076
17--8530,8/22/2017,9:28 PM,HENRI LAUZON ST btwn WILDBERRY CRT & FORESTCREST ST (__3ZAZ30),__3ZAZ30,04 - At/near private drive,03 - P.D. only,06 - SMV unattended vehicle,01 - Clear,07 - Dark,01 - Dry,10 - No control,,1,0,0,0,,0,,,,,380124.6304,5036443.705,45.4638595,-75.5367716,12077
17--8531,8/22/2017,9:48 AM,AKERSON RD @ MICHAEL COWPLAND DR (0014858),14858,02 - Intersection related,03 - P.D. only,03 - Rear end,02 - Rain,01 - Daylight,02 - Wet,02 - Stop sign,01 - Functioning,3,0,0,0,,0,,,,,353916.7759,5016238.033,45.28438143,-75.87389358,12078
17--8532,8/22/2017,9:51 AM,FALLOWFIELD RD @ GREENBANK RD (0000549),549,03 - At intersection,02 - Non-fatal injury,05 - Turning movement,01 - Clear,01 - Daylight,02 - Wet,01 - Traffic signal,01 - Functioning,2,0,0,0,02 - Minor,2,1,1,,,363080.6757,5016732.24,45.28812825,-75.75702961,12079
17--8533,8/22/2017,9:58 AM,ST. LAURENT BLVD btwn INDUSTRIAL AVE & BOURASSA ST (__3ZBOFB),__3ZBOFB,01 - Non intersection,03 - P.D. only,07 - SMV other,01 - Clear,01 - Daylight,01 - Dry,10 - No control,,1,0,0,0,,0,,,,,373196.6026,5029787.839,45.40468611,-75.62627887,12080
17--8534,8/23/2017,1:24 PM,HIGHWAY 417 btwn HWY417 IC119A RAMP75 & HWY417 IC118 RAMP57 (__3ZA2R2),__3ZA2R2,01 - Non intersection,03 - P.D. only,03 - Rear end,01 - Clear,01 - Daylight,01 - Dry,10 - No control,,2,0,0,0,,0,,,,,368927.9674,5030686.37,45.41317486,-75.68068517,12081
17--8535,8/23/2017,1:39 PM,DONALD ST @ ST. LAURENT BLVD (0008630),8630,03 - At intersection,03 - P.D. only,05 - Turning movement,01 - Clear,01 - Daylight,01 - Dry,01 - Traffic signal,01 - Functioning,2,0,0,0,,0,,,,,372094.1863,5032471.401,45.42893845,-75.63999343,12082
17--8536,8/23/2017,1:50 PM,VIEWMOUNT DR @ MERIVALE RD (0001528),1528,03 - At intersection,03 - P.D. only,05 - Turning movement,01 - Clear,01 - Daylight,01 - Dry,01 - Traffic signal,01 - Functioning,2,0,0,0,,0,,,,,365193.6971,5022948.256,45.34388102,-75.72933711,12083
17--8537,8/23/2017,10:04 AM,WEST HUNT CLUB RD @ ANTARES DR/LASER ST (0000116),116,02 - Intersection related,03 - P.D. only,03 - Rear end,01 - Clear,01 - Daylight,01 - Dry,01 - Traffic signal,01 - Functioning,3,0,0,0,,0,,,,,367108.0486,5022081.407,45.33591384,-75.70502023,12084
17--8538,8/23/2017,10:06 AM,MONTREAL RD @ ST. LAURENT BLVD (0002604),2604,02 - Intersection related,02 - Non-fatal injury,03 - Rear end,01 - Clear,01 - Daylight,01 - Dry,01 - Traffic signal,01 - Functioning,2,0,0,0,02 - Minor,1,,1,,,371545.7031,5033817.595,45.44110344,-75.64681964,12085
17--8539,8/23/2017,10:45 AM,HIGHWAY 417 btwn HWY417 IC118 RAMP67 & HWY417 IC117 RAMP36 (__3ZA2YO),__3ZA2YO,01 - Non intersection,03 - P.D. only,04 - Sideswipe,01 - Clear,01 - Daylight,01 - Dry,10 - No control,,2,0,0,0,,0,,,,,369835.6488,5031154.948,45.41730718,-75.66902779,12086
17--854,1/20/2017,4:54 PM,INNES RD btwn VISENEAU DR & BELCOURT BLVD (__3ZA3JX),__3ZA3JX,01 - Non intersection,03 - P.D. only,03 - Rear end,01 - Clear,05 - Dusk,02 - Wet,10 - No control,,2,0,0,0,,0,,,,,381885.0899,5035124.376,45.45179724,-75.51446951,12087
17--8540,8/23/2017,10:46 AM,CEDARVIEW RD @ WEST HUNT CLUB RD (0010267),10267,03 - At intersection,03 - P.D. only,02 - Angle,01 - Clear,01 - Daylight,01 - Dry,01 - Traffic signal,01 - Functioning,2,0,0,0,,0,,,,,359719.1286,5019555.61,45.31380386,-75.79956703,12088