Anom_ID,Accident_Date,Accident_Time,Location,Geo_ID,Accident_Location,Classification_of_Accident,Initial_Impact_Type,Environment_Condition,Light,Road_Surface_Condition,Traffic_Control,Traffic_Control_Condition,No__of_Vehicles,No__of_Bicycles,No__of_Motorcycles,No__of_Pedestrians,Max_Injury,No__of_Injuries,No__of_Minimal,No__of_Minor,No__of_Major,No__of_Fatal,X,Y,Latitude,Longitude,ObjectId
17--8541,8/23/2017,11:27 PM,JOCKVALE RD/RIDEAU VALLEY DR @ PRINCE OF WALES (0004638),4638,03 - At intersection,02 - Non-fatal injury,02 - Angle,01 - Clear,07 - Dark,01 - Dry,01 - Traffic signal,01 - Functioning,2,0,0,0,02 - Minor,2,,2,,,366709.2927,5012193.594,45.24697948,-75.71134151,12089
17--8542,8/23/2017,Unknown,ELGIN ST @ GLOUCESTER ST (0006956),6956,02 - Intersection related,03 - P.D. only,06 - SMV unattended vehicle,01 - Clear,07 - Dark,01 - Dry,10 - No control,00 - Unknown,1,0,0,0,,0,,,,,367986.9681,5031476.845,45.42037289,-75.69260504,12090
17--8543,8/23/2017,Unknown,DALHOUSIE ST @ ST. PATRICK ST (0008242),8242,02 - Intersection related,03 - P.D. only,06 - SMV unattended vehicle,01 - Clear,00 - Unknown,01 - Dry,01 - Traffic signal,00 - Unknown,1,0,0,0,,0,,,,,367957.0596,5032641.222,45.43085226,-75.69283787,12091
17--8544,8/23/2017,Unknown,PARKDALE AVE btwn INGLEWOOD PL & CARLING AVE (__3ZA4OR),__3ZA4OR,01 - Non intersection,03 - P.D. only,06 - SMV unattended vehicle,01 - Clear,00 - Unknown,01 - Dry,10 - No control,,1,0,0,0,,0,,,,,365617.3181,5028196.45,45.39106671,-75.72328589,12092
17--8545,8/23/2017,12:30 PM,RICHMOND RD btwn WINSTON AVE & CHURCHILL AVE N (__3ZA4OS),__3ZA4OS,04 - At/near private drive,03 - P.D. only,06 - SMV unattended vehicle,01 - Clear,01 - Daylight,01 - Dry,10 - No control,,1,0,0,0,,0,,,,,363121.23,5028220.756,45.39149773,-75.75515845,12093
17--8546,8/23/2017,2:15 PM,BRONSON AVE @ CATHERINE ST/RAYMOND ST (0007198),7198,02 - Intersection related,02 - Non-fatal injury,03 - Rear end,01 - Clear,01 - Daylight,01 - Dry,01 - Traffic signal,01 - Functioning,2,0,0,0,02 - Minor,1,,1,,,367252.6141,5029796.285,45.40531766,-75.70220054,12094
17--8547,8/23/2017,3:38 PM,HIGHWAY 417 btwn HWY417 IC117 RAMP25 & HWY417 IC115 RAMP51 (__3ZA2R3),__3ZA2R3,01 - Non intersection,03 - P.D. only,04 - Sideswipe,01 - Clear,01 - Daylight,01 - Dry,10 - No control,,2,0,0,0,,0,,,,,371830.3465,5031433.449,45.41962476,-75.64350611,12095
17--8548,8/23/2017,4:21 PM,PARKDALE AVE btwn INGLEWOOD PL & CARLING AVE (__3ZA4OR),__3ZA4OR,01 - Non intersection,03 - P.D. only,03 - Rear end,01 - Clear,01 - Daylight,01 - Dry,10 - No control,,3,0,0,0,,0,,,,,365583.8012,5028273.091,45.39175922,-75.72370446,12096
17--8549,8/23/2017,4:36 PM,LORNE AVE @ SOMERSET ST (0002214),2214,02 - Intersection related,02 - Non-fatal injury,04 - Sideswipe,01 - Clear,01 - Daylight,01 - Dry,02 - Stop sign,01 - Functioning,2,1,0,0,01 - Minimal,1,1,,,,366651.0724,5030303.366,45.40993365,-75.70982057,12097
17--855,1/20/2017,4:58 PM,CASTLEFRANK RD @ MCCURDY DR N (0003251),3251,03 - At intersection,02 - Non-fatal injury,07 - SMV other,01 - Clear,05 - Dusk,02 - Wet,02 - Stop sign,01 - Functioning,1,0,0,1,02 - Minor,1,,1,,,352077.6452,5018772.489,45.30731323,-75.89709458,12098
17--8550,8/23/2017,4:45 PM,BOTELER ST @ SUSSEX DR (0011436),11436,02 - Intersection related,03 - P.D. only,04 - Sideswipe,01 - Clear,01 - Daylight,01 - Dry,01 - Traffic signal,01 - Functioning,2,0,0,0,,0,,,,,367451.9774,5032951.305,45.43368771,-75.69925284,12099
17--8551,8/23/2017,4:59 PM,TERRY FOX DR N @ FLAMBOROUGH WAY/INNOVATION DR (0011795),11795,02 - Intersection related,02 - Non-fatal injury,03 - Rear end,01 - Clear,01 - Daylight,01 - Dry,01 - Traffic signal,01 - Functioning,4,0,0,0,02 - Minor,2,,2,,,349384.8892,5022957.543,45.34514756,-75.93105519,12100
17--8552,8/23/2017,5:04 PM,OR174 IC109 RAMP66 @ MONTREAL RD (0012426),12426,02 - Intersection related,03 - P.D. only,03 - Rear end,01 - Clear,01 - Daylight,01 - Dry,03 - Yield sign,01 - Functioning,2,0,0,0,,0,,,,,376297.8096,5034935.21,45.4506892,-75.58592071,12101
17--8553,8/23/2017,5:50 PM,OGILVIE RD @ ELMLEA GT/SHOPPERS CITY EAST SC (0008800),8800,02 - Intersection related,03 - P.D. only,03 - Rear end,01 - Clear,01 - Daylight,01 - Dry,01 - Traffic signal,01 - Functioning,2,0,0,0,,0,,,,,374988.3795,5033486.437,45.43778671,-75.60286597,12102
17--8554,8/23/2017,6:05 PM,MACLAREN ST btwn KENT ST & BANK ST (__3ZA9T1),__3ZA9T1,01 - Non intersection,03 - P.D. only,99 - Other,01 - Clear,01 - Daylight,01 - Dry,10 - No control,,2,0,0,0,,0,,,,,367605.3413,5030765.31,45.41400509,-75.69757162,12103
17--8555,8/23/2017,6:15 AM,BESSERER ST btwn CUMBERLAND ST & KING EDWARD AVE (__3ZA8Z6),__3ZA8Z6,04 - At/near private drive,03 - P.D. only,05 - Turning movement,01 - Clear,03 - Dawn,01 - Dry,10 - No control,,2,0,0,0,,0,,,,,368455.5024,5032282.447,45.42757894,-75.68651467,12104
17--8556,8/23/2017,6:17 PM,ALTA VISTA DR @ CUNNINGHAM AVE (0008112),8112,02 - Intersection related,03 - P.D. only,03 - Rear end,02 - Rain,01 - Daylight,02 - Wet,02 - Stop sign,01 - Functioning,2,0,0,0,,0,,,,,370344.5675,5028017.11,45.3890266,-75.662943,12105
17--8557,8/23/2017,6:24 PM,SILVER SEVEN RD btwn 280 N OF PALLADIUM DR/COSTCO SC & PALLADIUM DR (__3ZAZH2B),__3ZAZH2B,04 - At/near private drive,03 - P.D. only,02 - Angle,01 - Clear,01 - Daylight,01 - Dry,10 - No control,,3,0,0,0,,0,,,,,350970.1364,5017977.303,45.30023161,-75.91129133,12106
17--8558,8/23/2017,6:33 AM,INNES RD btwn INDUSTRIAL AVE & BANTREE ST (__3ZA2XQ),__3ZA2XQ,01 - Non intersection,03 - P.D. only,04 - Sideswipe,01 - Clear,01 - Daylight,01 - Dry,10 - No control,,2,0,0,0,,0,,,,,373428.6699,5030231.352,45.40865392,-75.62325297,12107
17--8559,8/23/2017,6:44 PM,BANK ST @ EVANS AVE (0011429),11429,03 - At intersection,02 - Non-fatal injury,02 - Angle,01 - Clear,01 - Daylight,01 - Dry,02 - Stop sign,01 - Functioning,2,1,0,0,01 - Minimal,1,1,,,,369918.8807,5027061.599,45.38046894,-75.66850484,12108
17--838,1/20/2017,1:52 PM,CARLING AVE @ MERIVALE RD (0002148),2148,03 - At intersection,03 - P.D. only,02 - Angle,01 - Clear,01 - Daylight,01 - Dry,01 - Traffic signal,01 - Functioning,2,0,0,0,,0,,,,,364894.7038,5027699.73,45.3866597,-75.73257424,12109
17--82,1/3/2017,7:01 PM,HIGHWAY 417 btwn HWY417 IC138 RAMP26 & HWY417 IC138 RAMP61 (__3ZA20H),__3ZA20H,01 - Non intersection,03 - P.D. only,07 - SMV other,04 - Freezing Rain,07 - Dark,04 - Slush,10 - No control,,1,0,0,0,,0,,,,,353072.7957,5020329.964,45.32126002,-75.88425296,12110
17--7839,7/31/2017,9:51 PM,LIMEBANK RD btwn TOM ROBERTS RD & LEITRIM RD (__3ZA0VJ),__3ZA0VJ,01 - Non intersection,03 - P.D. only,07 - SMV other,01 - Clear,07 - Dark,01 - Dry,10 - No control,,1,0,0,0,,0,,,,,368609.7034,5019723.69,45.31456461,-75.68616658,12111
17--8380,8/18/2017,1:13 AM,GREENBANK RD btwn WEST HUNT CLUB RD & FALLOWFIELD RD (__3ZA1NE),__3ZA1NE,01 - Non intersection,03 - P.D. only,07 - SMV other,02 - Rain,07 - Dark,02 - Wet,10 - No control,,1,0,0,0,,0,,,,,361558.6414,5020322.544,45.32055846,-75.77602004,12112
17--820,1/19/2017,5:36 PM,BLAIR RD @ OGILVIE RD (0004120),4120,03 - At intersection,03 - P.D. only,03 - Rear end,01 - Clear,05 - Dusk,02 - Wet,01 - Traffic signal,01 - Functioning,2,0,0,0,,0,,,,,374507.2503,5033198.812,45.43524696,-75.60905565,12113
17--8026,8/7/2017,5:16 PM,REGIONAL ROAD 174 btwn QUIGLEY HILL RD & REGIONAL ROAD 174 DIVIDED (__3ZA2Y5),__3ZA2Y5,01 - Non intersection,03 - P.D. only,07 - SMV other,01 - Clear,01 - Daylight,01 - Dry,10 - No control,,1,0,0,0,,0,,,,,385507.8943,5041533.023,45.50904687,-75.46710637,12114
17--784,1/18/2017,8:50 AM,FROBISHER LANE W @ RIVERSIDE DR (0011961),11961,02 - Intersection related,03 - P.D. only,02 - Angle,03 - Snow,01 - Daylight,04 - Slush,01 - Traffic signal,01 - Functioning,2,0,0,0,,0,,,,,370118.605,5029602.617,45.40331354,-75.66561848,12115
17--8381,8/18/2017,10:18 AM,MELDRUM AVE btwn CLANCY ST & LA VERENDRYE DR (__3ZA7O4),__3ZA7O4,01 - Non intersection,03 - P.D. only,05 - Turning movement,02 - Rain,01 - Daylight,02 - Wet,10 - No control,,2,0,0,0,,0,,,,,374669.644,5035507.049,45.45599894,-75.60665254,12116
17--8200,8/13/2017,10:30 PM,HIGHWAY 417 btwn HWY417 IC110 RAMP64 & HWY417 IC104 RAMP16 (__3ZA2W9),__3ZA2W9,01 - Non intersection,02 - Non-fatal injury,03 - Rear end,01 - Clear,07 - Dark,01 - Dry,10 - No control,,2,0,0,0,02 - Minor,1,,1,,,379199.1801,5026147.698,45.37132216,-75.55015885,12117
17--8027,8/7/2017,7:14 PM,SMYTH RD btwn MAIN ST & RAMP (__3ZA3OL),__3ZA3OL,07 - Overpass or bridge,03 - P.D. only,03 - Rear end,01 - Clear,01 - Daylight,01 - Dry,10 - No control,,2,0,0,0,,0,,,,,369895.2484,5029124.351,45.39903107,-75.66853447,12118
17--7840,7/31/2017,9:52 AM,WALKLEY RD btwn BAYCREST DR & HEATHERINGTON RD (__3ZA361),__3ZA361,04 - At/near private drive,03 - P.D. only,03 - Rear end,01 - Clear,01 - Daylight,01 - Dry,10 - No control,,2,0,0,0,,0,,,,,371536.608,5026657.713,45.37668268,-75.64790513,12119
17--8382,8/18/2017,10:46 AM,TENTH LINE RD btwn DES EPINETTES AVE & INNES RD (__3ZA3Y8),__3ZA3Y8,01 - Non intersection,02 - Non-fatal injury,03 - Rear end,01 - Clear,01 - Daylight,02 - Wet,10 - No control,,3,0,0,0,02 - Minor,1,,1,,,383756.6884,5036622.992,45.46507149,-75.49030424,12120
17--8201,8/13/2017,11:41 PM,BOUNDARY RD btwn INDCUM RD & ENTREPRENEUR CRES (__3ZAZ0U),__3ZAZ0U,01 - Non intersection,03 - P.D. only,07 - SMV other,01 - Clear,07 - Dark,01 - Dry,10 - No control,,1,0,0,0,,0,,,,,387944.8074,5022482.059,45.33735897,-75.43913966,12121
17--8028,8/7/2017,7:39 PM,MONTREAL RD btwn Continuation of MONTREAL RD & MARIER AVE (__3ZA3L3),__3ZA3L3,01 - Non intersection,03 - P.D. only,04 - Sideswipe,01 - Clear,05 - Dusk,01 - Dry,10 - No control,,2,0,0,0,,0,,,,,370409.9671,5033256.416,45.4361617,-75.66141046,12122
17--7841,7/31/2017,9:52 PM,8TH LINE RD btwn MITCH OWENS RD & RODNEY FARM DR (__3ZA2TG),__3ZA2TG,01 - Non intersection,02 - Non-fatal injury,03 - Rear end,01 - Clear,07 - Dark,01 - Dry,10 - No control,,2,0,0,0,02 - Minor,1,,1,,,382555.3147,5018345.005,45.30075433,-75.50854394,12123
17--7842,8/1/2017,1:00 PM,CARLING AVE @ WOODROFFE AVE W (0011470),11470,02 - Intersection related,03 - P.D. only,03 - Rear end,01 - Clear,01 - Daylight,01 - Dry,01 - Traffic signal,01 - Functioning,2,0,0,0,,0,,,,,361767.0821,5025726.416,45.36916538,-75.77273915,12124
17--7843,8/1/2017,1:02 PM,BEECH ST @ ROCHESTER ST (0002025),2025,02 - Intersection related,02 - Non-fatal injury,04 - Sideswipe,01 - Clear,01 - Daylight,01 - Dry,02 - Stop sign,00 - Unknown,2,0,0,0,01 - Minimal,1,1,,,,366856.6985,5029341.759,45.40126317,-75.70731487,12125
17--7844,8/1/2017,10:03 PM,DONALD ST @ VANIER PKWY (0007644),7644,03 - At intersection,03 - P.D. only,05 - Turning movement,01 - Clear,07 - Dark,01 - Dry,01 - Traffic signal,01 - Functioning,2,0,0,0,,0,,,,,370311.7131,5032269.628,45.42729221,-75.66279745,12126
17--7845,8/1/2017,10:16 PM,BIRCHGROVE RD @ RUSSELL RD (0004701),4701,02 - Intersection related,03 - P.D. only,07 - SMV other,01 - Clear,07 - Dark,01 - Dry,02 - Stop sign,01 - Functioning,1,0,0,0,,0,,,,,400270.5458,5029607.555,45.39989544,-75.28052976,12127
17--7846,8/1/2017,10:29 PM,HIGHWAY 417 btwn HWY417 IC119A RAMP75 & HWY417 IC118 RAMP57 (__3ZA2R2),__3ZA2R2,01 - Non intersection,02 - Non-fatal injury,03 - Rear end,01 - Clear,07 - Dark,01 - Dry,10 - No control,,2,0,0,0,01 - Minimal,1,1,,,,368700.2766,5030569.307,45.41214239,-75.68360908,12128
17--7847,8/1/2017,10:30 PM,HAWTHORNE RD btwn AGES DR & STEVENAGE DR (__3ZA2E9),__3ZA2E9,04 - At/near private drive,03 - P.D. only,07 - SMV other,01 - Clear,07 - Dark,01 - Dry,10 - No control,,1,0,0,0,,0,,,,,375114.9456,5027364.178,45.38268916,-75.6021217,12129
17--7848,8/1/2017,10:32 AM,INDUSTRIAL AVE/INNES RD @ ST. LAURENT BLVD (0002203),2203,02 - Intersection related,03 - P.D. only,04 - Sideswipe,01 - Clear,01 - Daylight,01 - Dry,01 - Traffic signal,00 - Unknown,2,0,0,0,,0,,,,,373098.5097,5030005.871,45.40665744,-75.62750159,12130
17--7849,8/1/2017,10:46 AM,BANK ST btwn 112 N OF ALBION RD & OT/GL BOUNDARY (__3ZA2UM),__3ZA2UM,04 - At/near private drive,03 - P.D. only,02 - Angle,01 - Clear,01 - Daylight,01 - Dry,10 - No control,,2,0,0,0,,0,,,,,371843.7772,5024120.302,45.35382264,-75.64432791,12131
17--785,1/18/2017,9:04 AM,CARLING AVE @ EDGEWORTH AVE (0002718),2718,02 - Intersection related,03 - P.D. only,03 - Rear end,03 - Snow,01 - Daylight,04 - Slush,01 - Traffic signal,01 - Functioning,2,0,0,0,,0,,,,,361263.2877,5025424.592,45.36649035,-75.77920474,12132
17--7850,8/1/2017,10:46 PM,REGIONAL ROAD 174 btwn OR174 IC101 RAMP63 & OR174 IC101 RAMP45 (__3ZA11Q),__3ZA11Q,01 - Non intersection,02 - Non-fatal injury,07 - SMV other,01 - Clear,07 - Dark,01 - Dry,10 - No control,,1,0,0,0,02 - Minor,1,,1,,,382692.638,5038857.098,45.48529145,-75.50355498,12133
17--7851,8/1/2017,10:55 AM,HILSON AVE @ BYRON AVE (0006298),6298,03 - At intersection,03 - P.D. only,02 - Angle,01 - Clear,01 - Daylight,01 - Dry,02 - Stop sign,01 - Functioning,2,0,0,0,,0,,,,,363970.6859,5028477.908,45.39374028,-75.74427985,12134
17--7852,8/1/2017,10:56 PM,TENTH LINE RD @ CHARLEMAGNE BLVD S/DES EPINETT (0003686),3686,02 - Intersection related,03 - P.D. only,03 - Rear end,01 - Clear,07 - Dark,01 - Dry,01 - Traffic signal,01 - Functioning,2,0,0,0,,0,,,,,383640.9751,5036900.456,45.46758093,-75.49173924,12135
17--7853,8/1/2017,11:17 PM,DALY AVE @ WALLER ST (0008233),8233,02 - Intersection related,02 - Non-fatal injury,07 - SMV other,01 - Clear,07 - Dark,01 - Dry,01 - Traffic signal,01 - Functioning,1,0,0,1,02 - Minor,1,,1,,,368340.539,5032119.808,45.42612603,-75.68800468,12136
17--7854,8/1/2017,12:00 PM,CENTER ST btwn MONTREAL RD & PAUL AVE (__3ZA8W2),__3ZA8W2,01 - Non intersection,03 - P.D. only,04 - Sideswipe,01 - Clear,01 - Daylight,01 - Dry,10 - No control,,2,0,0,0,,0,,,,,371916.3446,5033709.658,45.44009679,-75.64209715,12137
17--7855,8/1/2017,12:23 PM,EASTVALE DR N @ OGILVIE RD (0009487),9487,02 - Intersection related,03 - P.D. only,04 - Sideswipe,01 - Clear,01 - Daylight,01 - Dry,02 - Stop sign,01 - Functioning,2,0,0,0,,0,,,,,374982.8839,5036044.603,45.46080413,-75.60257124,12138
17--7856,8/1/2017,12:23 PM,BENTLEY AVE @ GIFFORD ST (0005118),5118,03 - At intersection,03 - P.D. only,05 - Turning movement,01 - Clear,01 - Daylight,01 - Dry,02 - Stop sign,01 - Functioning,2,0,0,0,,0,,,,,366254.7114,5021898.547,45.33434375,-75.71592952,12139
17--7857,8/1/2017,2:00 PM,ELGIN ST btwn LAURIER AVE W & GLOUCESTER ST (2) (__3ZA35S),__3ZA35S,01 - Non intersection,03 - P.D. only,06 - SMV unattended vehicle,01 - Clear,01 - Daylight,01 - Dry,10 - No control,,1,0,0,0,,0,,,,,367951.0355,5031545.102,45.42099029,-75.69305539,12140
17--7858,8/1/2017,2:58 PM,MERIVALE RD/LOTTA AVE @ CLYDE AVE (0001112),1112,03 - At intersection,03 - P.D. only,05 - Turning movement,01 - Clear,01 - Daylight,01 - Dry,01 - Traffic signal,01 - Functioning,2,0,0,0,,0,,,,,364520.4224,5024507.207,45.35796591,-75.73773949,12141
17--7859,8/1/2017,3:00 PM,BANK ST @ GLEN AVE (0007710),7710,02 - Intersection related,03 - P.D. only,03 - Rear end,01 - Clear,01 - Daylight,01 - Dry,01 - Traffic signal,00 - Unknown,2,0,0,0,,0,,,,,368804.4602,5028434.599,45.39292547,-75.68255522,12142
17--786,1/18/2017,9:30 AM,HIGHWAY 417 btwn HWY417 IC121A RAMP16 & HWY417 IC121A RAMP61 (__3ZA2YY),__3ZA2YY,01 - Non intersection,03 - P.D. only,03 - Rear end,02 - Rain,01 - Daylight,02 - Wet,10 - No control,,2,0,0,0,,0,,,,,367115.3209,5029705.972,45.40451729,-75.70396563,12143
17--7860,8/1/2017,3:25 PM,ARLINGTON AVE @ KENT ST (0007259),7259,03 - At intersection,03 - P.D. only,05 - Turning movement,01 - Clear,01 - Daylight,01 - Dry,01 - Traffic signal,01 - Functioning,2,0,0,0,,0,,,,,367869.3475,5030257.89,45.40941574,-75.69426382,12144
17--7861,8/1/2017,3:49 PM,HIGHWAY 417 btwn HWY417 IC126 RAMP61 & HWY417 IC124 RAMP76 (__3ZA2Y2),__3ZA2Y2,01 - Non intersection,03 - P.D. only,03 - Rear end,01 - Clear,01 - Daylight,01 - Dry,10 - No control,,2,0,0,0,,0,,,,,364102.2676,5027116.262,45.3814773,-75.74276306,12145
17--7862,8/1/2017,4:13 PM,CARLING AVE @ PINECREST  RD/GREENVIEW AVE (0001630),1630,02 - Intersection related,03 - P.D. only,04 - Sideswipe,01 - Clear,01 - Daylight,01 - Dry,01 - Traffic signal,01 - Functioning,3,0,0,0,,0,,,,,360007.2845,5024632.832,45.35946617,-75.79532576,12146
17--7863,8/1/2017,4:45 PM,OTTAWA RIVER PKWY @ ISLAND PARK DR (0002127),2127,02 - Intersection related,02 - Non-fatal injury,03 - Rear end,01 - Clear,01 - Daylight,01 - Dry,01 - Traffic signal,00 - Unknown,2,0,0,0,02 - Minor,1,,1,,,363298.6953,5029453.563,45.40257552,-75.75274598,12147
17--7864,8/1/2017,4:55 PM,EARL ARMSTRONG RD @ SPRATT RD (0013063),13063,03 - At intersection,02 - Non-fatal injury,02 - Angle,01 - Clear,01 - Daylight,01 - Dry,01 - Traffic signal,01 - Functioning,3,0,0,0,02 - Minor,1,,1,,,368399.4311,5015006.912,45.27214278,-75.68945297,12148
17--7865,8/1/2017,5:15 PM,HIGHWAY 417 btwn HWY417 IC126 RAMP16 & HWY417 IC126 RAMP61 (__3ZA2RC),__3ZA2RC,01 - Non intersection,03 - P.D. only,03 - Rear end,01 - Clear,01 - Daylight,01 - Dry,10 - No control,,3,0,0,0,,0,,,,,363081.3973,5025756.089,45.36932431,-75.75595807,12149
17--7866,8/1/2017,5:22 PM,BANK ST btwn RIVERSIDE DR & BILLINGS TRANSIT (__3ZA3NMA),__3ZA3NMA,01 - Non intersection,02 - Non-fatal injury,05 - Turning movement,01 - Clear,01 - Daylight,01 - Dry,10 - No control,,2,1,0,0,01 - Minimal,1,1,,,,369369.7587,5027823.171,45.38737215,-75.67541616,12150
17--7867,8/1/2017,5:39 PM,AYLMER AVE @ BANK ST (0007222),7222,02 - Intersection related,03 - P.D. only,03 - Rear end,01 - Clear,01 - Daylight,01 - Dry,01 - Traffic signal,01 - Functioning,2,0,0,0,,0,,,,,368673.7124,5028730.457,45.39559945,-75.68418662,12151
17--7868,8/1/2017,5:48 PM,BEATRICE DR @ STRANDHERD DR (0005447),5447,03 - At intersection,02 - Non-fatal injury,05 - Turning movement,01 - Clear,01 - Daylight,01 - Dry,01 - Traffic signal,01 - Functioning,3,0,0,0,01 - Minimal,1,1,,,,365527.377,5015321.214,45.27522475,-75.72601417,12152
17--7869,8/1/2017,6:00 AM,GLENDORE ST btwn HAILEYBURY ST & NEW LISKEARD CRES (__6REWOI),__6REWOI,04 - At/near private drive,03 - P.D. only,06 - SMV unattended vehicle,01 - Clear,03 - Dawn,01 - Dry,10 - No control,,1,0,0,0,,0,,,,,365835.2641,5014553.55,45.26829068,-75.7221848,12153
17--787,1/18/2017,9:30 AM,HWY 417 TERRYFO IC140R61 @ TERRY FOX DR (0011777),11777,02 - Intersection related,03 - P.D. only,03 - Rear end,00 - Unknown,01 - Daylight,02 - Wet,01 - Traffic signal,01 - Functioning,2,0,0,0,,0,,,,,350809.843,5018706.396,45.3068027,-75.91326743,12154
17--7870,8/1/2017,6:00 PM,VIENNA TER btwn MONTMORENCY WAY & MONTMORENCY WAY (__6REWR7),__6REWR7,01 - Non intersection,03 - P.D. only,06 - SMV unattended vehicle,01 - Clear,99 - Other,01 - Dry,10 - No control,,1,0,0,0,,0,,,,,384731.908,5034577.742,45.44655932,-75.47816757,12155
17--7871,8/1/2017,6:11 PM,DEERFOX DR @ GLEESON WAY (0009731),9731,03 - At intersection,03 - P.D. only,04 - Sideswipe,01 - Clear,01 - Daylight,01 - Dry,02 - Stop sign,00 - Unknown,2,0,0,0,,0,,,,,365615.5821,5015785.484,45.27939461,-75.7248332,12156
17--7872,8/1/2017,6:15 PM,HIGHWAY 417 btwn HWY417 IC96 RAMP61 & HWY417 IC88 RAMP16 (__3ZA27Z),__3ZA27Z,01 - Non intersection,03 - P.D. only,04 - Sideswipe,01 - Clear,01 - Daylight,01 - Dry,10 - No control,,2,0,0,0,,0,,,,,391250.103,5023167.012,45.34312205,-75.39685479,12157
17--7873,8/1/2017,6:20 PM,PANMURE RD @ UPPER DWYER HILL RD (0011474),11474,02 - Intersection related,02 - Non-fatal injury,02 - Angle,01 - Clear,01 - Daylight,01 - Dry,02 - Stop sign,01 - Functioning,2,0,0,0,02 - Minor,6,,6,,,329349.8817,5019816.854,45.31787323,-76.18687096,12158
17--7874,8/1/2017,6:54 PM,CARLING AVE @ PINECREST  RD/GREENVIEW AVE (0001630),1630,03 - At intersection,03 - P.D. only,05 - Turning movement,01 - Clear,01 - Daylight,01 - Dry,01 - Traffic signal,01 - Functioning,2,0,0,0,,0,,,,,360006.5903,5024632.516,45.35946339,-75.79533466,12159
17--7875,8/1/2017,7:00 PM,COLONNADE RD @ PRINCE OF WALES DR (0005249),5249,02 - Intersection related,03 - P.D. only,03 - Rear end,01 - Clear,01 - Daylight,01 - Dry,01 - Traffic signal,00 - Unknown,2,0,0,0,,0,,,,,367394.1028,5023266.821,45.34655451,-75.70122089,12160
17--7876,8/1/2017,7:11 PM,PINECREST RD @ RICHMOND RD (0002353),2353,03 - At intersection,03 - P.D. only,03 - Rear end,01 - Clear,01 - Daylight,01 - Dry,01 - Traffic signal,01 - Functioning,2,0,0,0,,0,,,,,360073.2793,5024471.817,45.35801217,-75.79450147,12161
17--7877,8/1/2017,7:24 PM,CARLING AVE @ GRENON AVE (0002645),2645,03 - At intersection,03 - P.D. only,03 - Rear end,01 - Clear,01 - Daylight,01 - Dry,01 - Traffic signal,01 - Functioning,2,0,0,0,,0,,,,,359594.1946,5024349.628,45.35695032,-75.8006295,12162
17--7878,8/1/2017,7:53 AM,CHARLEMAGNE BLVD @ PRINCESS LOUISE DR W/VALADE (0003731),3731,03 - At intersection,03 - P.D. only,05 - Turning movement,01 - Clear,01 - Daylight,01 - Dry,01 - Traffic signal,01 - Functioning,2,0,0,0,,0,,,,,383520.544,5037973.014,45.47724441,-75.4931073,12163
17--7879,8/1/2017,9:00 AM,RIOCAN AVE @ STRANDHERD DR (0010997),10997,03 - At intersection,03 - P.D. only,02 - Angle,01 - Clear,01 - Daylight,01 - Dry,01 - Traffic signal,01 - Functioning,2,0,0,0,,0,,,,,364172.2088,5014944.892,45.27195434,-75.74332961,12164
17--788,1/19/2017,1:19 PM,BOOTH ST @ WELLINGTON ST S (0011393),11393,02 - Intersection related,03 - P.D. only,03 - Rear end,01 - Clear,01 - Daylight,01 - Dry,02 - Stop sign,01 - Functioning,2,0,0,0,,0,,,,,366402.7027,5030676.118,45.41330947,-75.71294673,12165
17--7880,8/1/2017,9:00 AM,GREENBANK RD @ MARKETPLACE AVE (0010406),10406,02 - Intersection related,03 - P.D. only,04 - Sideswipe,01 - Clear,01 - Daylight,01 - Dry,01 - Traffic signal,01 - Functioning,2,0,0,0,,0,,,,,364007.7179,5014600.595,45.26887022,-75.74546683,12166
17--7881,8/1/2017,9:00 PM,GOOSE RIVER AVE btwn GOLDENEYE WAY & ROCKY HARBOUR CRES (__3EX1VD),__3EX1VD,01 - Non intersection,03 - P.D. only,06 - SMV unattended vehicle,01 - Clear,99 - Other,01 - Dry,10 - No control,,1,0,0,0,,0,,,,,368745.515,5016153.514,45.28242838,-75.68489502,12167
17--7882,8/1/2017,9:21 AM,LISGAR ST @ O'CONNOR ST (0006955),6955,02 - Intersection related,03 - P.D. only,06 - SMV unattended vehicle,01 - Clear,01 - Daylight,01 - Dry,01 - Traffic signal,00 - Unknown,1,0,0,0,,0,,,,,367763.1276,5031160.459,45.41754634,-75.69550539,12168
17--7883,8/1/2017,9:29 AM,MCARTHUR AVE btwn ALLEN BLVD & LACASSE AVE (__3ZA3W6),__3ZA3W6,04 - At/near private drive,02 - Non-fatal injury,07 - SMV other,01 - Clear,01 - Daylight,01 - Dry,10 - No control,,1,0,0,1,02 - Minor,1,,1,,,370792.2434,5032752.711,45.43159361,-75.65659247,12169
17--7884,8/1/2017,9:40 PM,BANK ST @ FLORENCE ST (0007727),7727,03 - At intersection,02 - Non-fatal injury,02 - Angle,01 - Clear,07 - Dark,01 - Dry,02 - Stop sign,01 - Functioning,2,1,0,0,01 - Minimal,1,1,,,,367876.45,5030630.062,45.41276379,-75.69412547,12170
17--7885,8/2/2017,10:07 PM,FLORIDA AVE btwn ARIZONA AVE & PALM ST (__3ZA9QI),__3ZA9QI,01 - Non intersection,03 - P.D. only,06 - SMV unattended vehicle,01 - Clear,07 - Dark,01 - Dry,10 - No control,,1,0,0,0,,0,,,,,372045.002,5027318.476,45.38257937,-75.64132468,12171