Anom_ID,Accident_Date,Accident_Time,Location,Geo_ID,Accident_Location,Classification_of_Accident,Initial_Impact_Type,Environment_Condition,Light,Road_Surface_Condition,Traffic_Control,Traffic_Control_Condition,No__of_Vehicles,No__of_Bicycles,No__of_Motorcycles,No__of_Pedestrians,Max_Injury,No__of_Injuries,No__of_Minimal,No__of_Minor,No__of_Major,No__of_Fatal,X,Y,Latitude,Longitude,ObjectId
17--7886,8/2/2017,10:29 AM,KENT ST @ FLORENCE ST (0007720),7720,03 - At intersection,03 - P.D. only,03 - Rear end,01 - Clear,01 - Daylight,01 - Dry,02 - Stop sign,01 - Functioning,2,0,0,0,,0,,,,,367704.1375,5030526.569,45.4118481,-75.69633995,12172
17--7887,8/2/2017,10:35 AM,HIGHWAY 417 btwn HWY417 IC119A RAMP75 & HWY417 IC118 RAMP57 (__3ZA2R2),__3ZA2R2,01 - Non intersection,03 - P.D. only,04 - Sideswipe,01 - Clear,01 - Daylight,01 - Dry,10 - No control,,2,0,0,0,,0,,,,,368836.7877,5030635.319,45.41272387,-75.68185661,12173
17--7888,8/2/2017,10:38 AM,BLACKBURN AVE btwn OSGOODE ST & SOMERSET ST E (__3ZA8J3),__3ZA8J3,01 - Non intersection,03 - P.D. only,06 - SMV unattended vehicle,01 - Clear,01 - Daylight,01 - Dry,10 - No control,,1,0,0,0,,0,,,,,369339.3729,5032056.407,45.42546412,-75.67525004,12174
17--7889,8/2/2017,11:00 AM,INNES RD btwn 260 E OF BELCOURT BLVD/WALMART SC & JEANNE D'ARC BLVD/ME (__3ZA3JWB),__3ZA3JWB,01 - Non intersection,03 - P.D. only,07 - SMV other,01 - Clear,01 - Daylight,01 - Dry,10 - No control,,1,0,0,0,,0,,,,,382593.1207,5035543.574,45.45549037,-75.50535243,12175
17--789,1/19/2017,1:33 PM,WELLINGTON ST @ HAMILTON AVE (0006106),6106,03 - At intersection,03 - P.D. only,02 - Angle,01 - Clear,01 - Daylight,02 - Wet,02 - Stop sign,01 - Functioning,2,0,0,0,,0,,,,,365077.6928,5029232.108,45.40043199,-75.73005041,12176
17--7890,8/2/2017,11:18 AM,GREENBANK RD @ HWY 417 GREENBA IC129R25 (0011958),11958,02 - Intersection related,02 - Non-fatal injury,03 - Rear end,01 - Clear,01 - Daylight,01 - Dry,10 - No control,00 - Unknown,3,0,0,0,01 - Minimal,2,2,,,,360522.808,5023339.123,45.34778463,-75.78889186,12177
17--7891,8/2/2017,11:56 AM,MOODIE DR @ ROBERTSON RD (0010545),10545,02 - Intersection related,02 - Non-fatal injury,02 - Angle,01 - Clear,01 - Daylight,01 - Dry,01 - Traffic signal,01 - Functioning,2,0,0,0,02 - Minor,2,,2,,,357064.5157,5020454.8,45.32209748,-75.83332645,12178
17--7892,8/2/2017,12:15 PM,HIGHWAY 417 btwn HWY417 IC127 RAMP25 & HWY417 IC126 RAMP51 (__3ZA2XA),__3ZA2XA,01 - Non intersection,03 - P.D. only,03 - Rear end,01 - Clear,01 - Daylight,01 - Dry,10 - No control,,2,0,0,0,,0,,,,,362927.7128,5025491.138,45.36695307,-75.75795107,12179
17--7893,8/2/2017,12:40 PM,CUMMINGS AVE @ OGILVIE RD (0009923),9923,02 - Intersection related,03 - P.D. only,05 - Turning movement,01 - Clear,01 - Daylight,01 - Dry,01 - Traffic signal,01 - Functioning,2,0,0,0,,0,,,,,372748.0822,5032168.991,45.42615429,-75.63167945,12180
17--7894,8/2/2017,2:01 PM,BAYSHORE DR @ RICHMOND RD (0010407),10407,02 - Intersection related,03 - P.D. only,03 - Rear end,01 - Clear,01 - Daylight,01 - Dry,01 - Traffic signal,01 - Functioning,2,0,0,0,,0,,,,,359372.8974,5023365.91,45.34811608,-75.80356242,12181
17--7895,8/2/2017,3:00 PM,ELGIN ST @ SLATER ST (0002228),2228,02 - Intersection related,03 - P.D. only,04 - Sideswipe,01 - Clear,01 - Daylight,01 - Dry,01 - Traffic signal,01 - Functioning,2,0,0,0,,0,,,,,367890.1722,5031646.307,45.42190639,-75.69382006,12182
17--7896,8/2/2017,3:05 PM,HIGHWAY 417 btwn HWY417 IC124 RAMP65 & HWY417 IC122 RAMP51 (__3ZA2R8),__3ZA2R8,01 - Non intersection,03 - P.D. only,07 - SMV other,01 - Clear,01 - Daylight,01 - Dry,10 - No control,,1,0,0,0,,0,,,,,365129.0929,5028665.933,45.39533325,-75.72946317,12183
17--7897,8/2/2017,3:33 PM,BANK ST @ CATHERINE ST (0002708),2708,02 - Intersection related,03 - P.D. only,04 - Sideswipe,01 - Clear,01 - Daylight,01 - Dry,01 - Traffic signal,01 - Functioning,2,0,0,0,,0,,,,,368038.9673,5030268.708,45.40949777,-75.69209569,12184
17--7898,8/2/2017,3:48 PM,WIFFEN PRIV @ WHARHOL PRIV (0010965),10965,02 - Intersection related,03 - P.D. only,05 - Turning movement,01 - Clear,01 - Daylight,01 - Dry,02 - Stop sign,00 - Unknown,2,0,0,0,,0,,,,,357252.2881,5019607.01,45.31445497,-75.83102121,12185
17--7899,8/2/2017,4:10 PM,TRIM RD @ DAIRY DR/TAYLOR CREEK DR (0012921),12921,03 - At intersection,03 - P.D. only,04 - Sideswipe,01 - Clear,01 - Daylight,01 - Dry,11 - Roundabout,01 - Functioning,2,0,0,0,,0,,,,,384535.6497,5039595.484,45.49172665,-75.47986197,12186
17--79,1/3/2017,7:00 PM,HIGHWAY 417 btwn HWY417 IC112 RAMP66 & HWY417 IC112 RAMP56 (__3ZA283),__3ZA283,01 - Non intersection,03 - P.D. only,04 - Sideswipe,04 - Freezing Rain,07 - Dark,06 - Ice,10 - No control,,2,0,0,0,,0,,,,,374386.6895,5030924.833,45.41479891,-75.61091762,12187
17--790,1/19/2017,10:00 AM,COBBLE HILL DR btwn Continuation of COBBLE HILL DR & MOFFATT POND CRT (__5WHGQC),__5WHGQC,01 - Non intersection,03 - P.D. only,06 - SMV unattended vehicle,01 - Clear,01 - Daylight,06 - Ice,10 - No control,,1,0,0,0,,0,,,,,361719.1954,5014048.206,45.26408871,-75.77469229,12188
17--7900,8/2/2017,4:18 PM,CEDARVIEW RD @ WEST HUNT CLUB RD (0010267),10267,02 - Intersection related,03 - P.D. only,03 - Rear end,01 - Clear,01 - Daylight,01 - Dry,01 - Traffic signal,01 - Functioning,2,0,0,0,,0,,,,,359719.2789,5019555.981,45.31380719,-75.79956507,12189
17--7901,8/2/2017,4:46 PM,MAITLAND AVE @ WOODWARD DR (0003185),3185,02 - Intersection related,03 - P.D. only,02 - Angle,01 - Clear,01 - Daylight,01 - Dry,01 - Traffic signal,01 - Functioning,2,0,0,0,,0,,,,,363274.286,5025663.498,45.36847512,-75.75350675,12190
17--7902,8/2/2017,5:17 PM,SECOND LINE RD btwn GOWARD DR & KLONDIKE RD (__3ZACVS),__3ZACVS,01 - Non intersection,03 - P.D. only,07 - SMV other,01 - Clear,01 - Daylight,01 - Dry,10 - No control,,1,0,0,0,,0,,,,,347899.9325,5023391.989,45.34914963,-75.94996587,12191
17--7903,8/2/2017,5:30 PM,HIGHWAY 417 btwn HWY417 IC124 RAMP67 & HWY417 IC123 RAMP62 (__3ZA2YZ),__3ZA2YZ,01 - Non intersection,02 - Non-fatal injury,03 - Rear end,01 - Clear,01 - Daylight,01 - Dry,10 - No control,,3,0,0,0,02 - Minor,1,,1,,,364711.0504,5027947.323,45.38890323,-75.73488927,12192
17--7904,8/2/2017,5:30 PM,HIGHWAY 417 btwn HWY417 IC123 RAMP62 & HWY417 IC122 RAMP16 (__3ZA2R9),__3ZA2R9,01 - Non intersection,03 - P.D. only,03 - Rear end,01 - Clear,01 - Daylight,01 - Dry,10 - No control,,2,0,0,0,,0,,,,,365026.8577,5028525.809,45.39408124,-75.73078593,12193
17--7905,8/2/2017,5:48 AM,HAZELDEAN RD btwn JINKINSON RD/HAZELDEAN IC RAMP 62 & KITTIWAKE DR (__7JQ7JL),__7JQ7JL,01 - Non intersection,03 - P.D. only,07 - SMV other,01 - Clear,03 - Dawn,01 - Dry,10 - No control,,1,0,0,0,,0,,,,,347047.5813,5012553.983,45.2516773,-75.96176648,12194
17--7906,8/2/2017,5:50 AM,RUSSELL RD btwn FRANK KENNY RD & ROCKDALE RD (__3ZA2ZR),__3ZA2ZR,01 - Non intersection,03 - P.D. only,07 - SMV other,01 - Clear,03 - Dawn,02 - Wet,10 - No control,,1,0,0,0,,0,,,,,392646.019,5026397.545,45.37201353,-75.37847154,12195
17--7907,8/2/2017,5:58 PM,BANK ST @ THIRD AVE (0007230),7230,02 - Intersection related,03 - P.D. only,06 - SMV unattended vehicle,01 - Clear,01 - Daylight,01 - Dry,01 - Traffic signal,00 - Unknown,1,0,0,0,,0,,,,,368336.0698,5029549.64,45.40300092,-75.68839313,12196
17--7908,8/2/2017,6:00 PM,MEADOWLANDS DR/TALLWOOD DR @ WOODROFFE AVE (0000095),95,02 - Intersection related,03 - P.D. only,02 - Angle,01 - Clear,01 - Daylight,01 - Dry,01 - Traffic signal,01 - Functioning,2,0,0,0,,0,,,,,363056.6896,5022728.899,45.342088,-75.7566302,12197
17--7909,8/2/2017,6:29 AM,GARLOCK RD @ THIRD LINE RD (0008185),8185,02 - Intersection related,03 - P.D. only,07 - SMV other,01 - Clear,01 - Daylight,01 - Dry,10 - No control,00 - Unknown,1,0,0,0,,0,,,,,371033.3314,4997274.918,45.1123481,-75.65824405,12198
17--791,1/19/2017,10:00 PM,GALATINA WAY btwn ABBEYDALE CIRC & HUNTERBROOK ST N (__5GN1PV),__5GN1PV,04 - At/near private drive,03 - P.D. only,06 - SMV unattended vehicle,01 - Clear,07 - Dark,05 - Packed snow,10 - No control,,1,0,0,0,,0,,,,,348439.5853,5022881.4,45.34452185,-75.94312429,12199
17--7910,8/2/2017,7:00 AM,HIGHWAY 417 btwn HWY417 IC112 RAMP55 & HIGHWAY 417 (__3ZAZPP),__3ZAZPP,01 - Non intersection,03 - P.D. only,04 - Sideswipe,01 - Clear,01 - Daylight,01 - Dry,10 - No control,,2,0,0,0,,0,,,,,375079.4993,5030607.83,45.41187745,-75.60211215,12200
17--7911,8/2/2017,7:00 PM,GEORGE ST @ PRESTON ST (0006190),6190,02 - Intersection related,03 - P.D. only,06 - SMV unattended vehicle,01 - Clear,01 - Daylight,01 - Dry,01 - Traffic signal,00 - Unknown,1,0,0,0,,0,,,,,366619.5953,5029416.336,45.40195517,-75.71033388,12201
17--7912,8/2/2017,7:40 AM,CYRVILLE RD @ ST. LAURENT BLVD (0002647),2647,02 - Intersection related,03 - P.D. only,03 - Rear end,01 - Clear,01 - Daylight,01 - Dry,01 - Traffic signal,01 - Functioning,3,0,0,0,,0,,,,,372241.7208,5032112.482,45.42569485,-75.63815733,12202
17--7913,8/2/2017,9:01 PM,PLEASANT PARK RD @ ST. LAURENT BLVD (0008363),8363,03 - At intersection,03 - P.D. only,04 - Sideswipe,01 - Clear,07 - Dark,01 - Dry,01 - Traffic signal,01 - Functioning,2,0,0,0,,0,,,,,373597.7279,5028795.869,45.39572152,-75.62129373,12203
17--7914,8/2/2017,9:03 PM,GLADSTONE AVE @ O'CONNOR ST (0002710),2710,03 - At intersection,03 - P.D. only,05 - Turning movement,01 - Clear,07 - Dark,01 - Dry,01 - Traffic signal,01 - Functioning,2,0,0,0,,0,,,,,368074.7112,5030658.251,45.41299953,-75.69158909,12204
17--7915,8/2/2017,9:21 PM,RIVERSIDE DR @ SMYTH RD NORTH SIDE RAMP (0011479),11479,02 - Intersection related,03 - P.D. only,04 - Sideswipe,01 - Clear,07 - Dark,01 - Dry,01 - Traffic signal,01 - Functioning,2,0,0,0,,0,,,,,369937.5453,5029316.392,45.40075506,-75.6679689,12205
17--7916,8/2/2017,9:57 PM,WESTFIELD CRES btwn ASHGROVE CRES & ASHGROVE CRES (__3ZAAE9),__3ZAAE9,04 - At/near private drive,03 - P.D. only,06 - SMV unattended vehicle,01 - Clear,07 - Dark,01 - Dry,10 - No control,,1,0,0,0,,0,,,,,360990.5413,5021886.293,45.33467478,-75.78308834,12206
17--7917,8/3/2017,1:42 PM,PINECREST RD @ RICHMOND RD (0002353),2353,03 - At intersection,03 - P.D. only,03 - Rear end,01 - Clear,01 - Daylight,01 - Dry,01 - Traffic signal,01 - Functioning,2,0,0,0,,0,,,,,360072.0325,5024470.555,45.35800091,-75.79451752,12207
17--7918,8/3/2017,11:25 AM,CROSSKEYS PL/HELENE CAMPBELL RD @ STRANDHERD DR (0015337),15337,03 - At intersection,03 - P.D. only,03 - Rear end,01 - Clear,01 - Daylight,01 - Dry,01 - Traffic signal,01 - Functioning,2,0,0,0,,0,,,,,360982.3112,5014901.733,45.27182808,-75.78398493,12208
17--7919,8/3/2017,11:25 AM,PRESTON ST @ PRINCE OF WALES DR/QUEEN ELIZABET (0006904),6904,02 - Intersection related,02 - Non-fatal injury,02 - Angle,01 - Clear,01 - Daylight,01 - Dry,01 - Traffic signal,01 - Functioning,2,1,0,0,02 - Minor,1,,1,,,366900.7115,5028776.332,45.39617171,-75.70682391,12209
17--792,1/19/2017,10:12 AM,CHAMPLAIN ST @ PLACE D'ORLEANS DR (0003595),3595,03 - At intersection,03 - P.D. only,02 - Angle,01 - Clear,01 - Daylight,02 - Wet,01 - Traffic signal,01 - Functioning,2,0,0,0,,0,,,,,381597.246,5038179.177,45.47931348,-75.51767176,12210
17--7920,8/3/2017,11:25 AM,ST. JOSEPH BLVD @ TENTH LINE RD (0009163),9163,03 - At intersection,03 - P.D. only,02 - Angle,01 - Clear,01 - Daylight,01 - Dry,01 - Traffic signal,01 - Functioning,2,0,0,0,,0,,,,,382890.8039,5038666.453,45.48355406,-75.50105064,12211
17--7921,8/3/2017,11:43 AM,COLONEL BY DR/SUSSEX DR @ RIDEAU ST (0007647),7647,03 - At intersection,03 - P.D. only,05 - Turning movement,01 - Clear,01 - Daylight,01 - Dry,01 - Traffic signal,01 - Functioning,2,0,0,0,,0,,,,,367921.4203,5032044.328,45.42548483,-75.6933698,12212
17--7922,8/3/2017,11:50 PM,GLADSTONE AVE @ METCALFE ST (0002709),2709,03 - At intersection,02 - Non-fatal injury,02 - Angle,01 - Clear,07 - Dark,01 - Dry,01 - Traffic signal,01 - Functioning,2,0,0,0,02 - Minor,2,,2,,,368230.7117,5030750.784,45.41381798,-75.68958429,12213
17--7923,8/3/2017,12:20 PM,ISLAND PARK DR @ HELENA ST (0006915),6915,02 - Intersection related,03 - P.D. only,03 - Rear end,01 - Clear,01 - Daylight,01 - Dry,02 - Stop sign,00 - Unknown,2,0,0,0,,0,,,,,364413.703,5028239.556,45.39155806,-75.73865099,12214
17--7924,8/3/2017,2:00 PM,CARLING AVE @ MERIVALE RD (0002148),2148,02 - Intersection related,03 - P.D. only,03 - Rear end,01 - Clear,01 - Daylight,01 - Dry,01 - Traffic signal,01 - Functioning,2,0,0,0,,0,,,,,364894.7038,5027700.24,45.38666429,-75.73257418,12215
17--7925,8/3/2017,3:25 AM,HWY417 IC118 RAMP35 btwn HWY417 IC118 RAMP45 & MANN AVE OVERPASS (__3ZAYAW),__3ZAYAW,01 - Non intersection,01 - Fatal injury,07 - SMV other,01 - Clear,07 - Dark,01 - Dry,10 - No control,,1,0,0,0,04 - Fatal,2,,,1,1,369375.8823,5030928.09,45.41530858,-75.67493142,12216
17--7926,8/3/2017,4:02 PM,PARKDALE AVE @ SCOTT ST (0002213),2213,03 - At intersection,03 - P.D. only,05 - Turning movement,01 - Clear,01 - Daylight,01 - Dry,01 - Traffic signal,01 - Functioning,2,0,0,0,,0,,,,,364948.4277,5029726.879,45.40489495,-75.73164107,12217
17--7927,8/3/2017,4:15 PM,HIGHWAY 417 btwn HWY417 IC118 RAMP35 & HWY417 IC117 RAMP51 (__3ZA2YP),__3ZA2YP,01 - Non intersection,03 - P.D. only,03 - Rear end,01 - Clear,01 - Daylight,01 - Dry,10 - No control,,4,0,0,0,,0,,,,,370200.2395,5031101.12,45.41678887,-75.66437699,12218
17--7928,8/3/2017,4:16 PM,HIGHWAY 417 btwn HWY417 IC122 RAMP61 & HWY417 IC121B RAMP16 (__3ZA2Y4),__3ZA2Y4,01 - Non intersection,03 - P.D. only,03 - Rear end,01 - Clear,01 - Daylight,01 - Dry,10 - No control,,2,0,0,0,,0,,,,,365808.0151,5029207.6,45.40014822,-75.72072563,12219
17--8383,8/18/2017,Unknown,BAY ST btwn FLORA ST & ARLINGTON AVE (__3ZA964),__3ZA964,01 - Non intersection,03 - P.D. only,06 - SMV unattended vehicle,01 - Clear,00 - Unknown,01 - Dry,10 - No control,,1,0,0,0,,0,,,,,367577.8285,5030097.22,45.40799629,-75.69800819,12220
17--8202,8/13/2017,11:46 PM,RICHMOND RD btwn NEW ORCHARD AVE & WOODROFFE AVE (__3ZA4L0),__3ZA4L0,01 - Non intersection,02 - Non-fatal injury,04 - Sideswipe,01 - Clear,07 - Dark,01 - Dry,10 - No control,,2,1,0,0,02 - Minor,1,,1,,,361514.5391,5026560.547,45.3766913,-75.77586716,12221
17--8384,8/18/2017,12:05 PM,INNES RD @ ORCHARDVIEW AVE/ESPRIT DR (0012279),12279,03 - At intersection,03 - P.D. only,02 - Angle,01 - Clear,01 - Daylight,02 - Wet,01 - Traffic signal,01 - Functioning,2,0,0,0,,0,,,,,384843.604,5036561.356,45.46439325,-75.47641705,12222
17--8029,8/7/2017,8:49 PM,COOPER ST @ ELGIN ST (0006934),6934,02 - Intersection related,03 - P.D. only,04 - Sideswipe,01 - Clear,05 - Dusk,01 - Dry,01 - Traffic signal,01 - Functioning,2,0,0,0,,0,,,,,368119.1052,5031271.893,45.41851686,-75.69094312,12223
17--8203,8/13/2017,12:18 PM,HUNT CLUB RD @ RIVERSIDE DR (0002237),2237,02 - Intersection related,03 - P.D. only,03 - Rear end,01 - Clear,01 - Daylight,01 - Dry,01 - Traffic signal,01 - Functioning,2,0,0,0,,0,,,,,368037.9851,5021943.575,45.33459046,-75.69317409,12224
17--8385,8/18/2017,12:30 PM,HINES RD @ SOLANDT RD (0011896),11896,02 - Intersection related,03 - P.D. only,07 - SMV other,01 - Clear,01 - Daylight,01 - Dry,10 - No control,00 - Unknown,1,0,0,0,,0,,,,,350332.9222,5022568.428,45.34158531,-75.91899384,12225
17--803,1/19/2017,Unknown,KRISTIN WAY btwn ROCKLEDGE RD & BRITTANY DR (__3ZA2M6),__3ZA2M6,01 - Non intersection,03 - P.D. only,06 - SMV unattended vehicle,01 - Clear,00 - Unknown,01 - Dry,10 - No control,,1,0,0,0,,0,,,,,371840.6193,5034130.589,45.44389139,-75.64300764,12226
17--8204,8/13/2017,12:26 PM,DONALD ST @ ST. LAURENT BLVD (0008630),8630,03 - At intersection,03 - P.D. only,05 - Turning movement,01 - Clear,01 - Daylight,01 - Dry,01 - Traffic signal,01 - Functioning,2,0,0,0,,0,,,,,372093.0719,5032471.944,45.42894344,-75.64000759,12227
17--8386,8/18/2017,12:57 PM,HWY 417 MAITLAND IC126R52 @ MAITLAND AVE (0002246),2246,02 - Intersection related,03 - P.D. only,03 - Rear end,01 - Clear,01 - Daylight,01 - Dry,03 - Yield sign,01 - Functioning,2,0,0,0,,0,,,,,363205.206,5025834.624,45.37002065,-75.75436833,12228
17--8030,8/7/2017,9:45 AM,TENTH LINE RD @ LAKEPOINTE DR (0013369),13369,03 - At intersection,03 - P.D. only,02 - Angle,01 - Clear,01 - Daylight,01 - Dry,01 - Traffic signal,01 - Functioning,2,0,0,0,,0,,,,,384260.7504,5035420.001,45.45419093,-75.48405374,12229
17--8205,8/13/2017,12:35 PM,AIRPORT PKWY @ HUNT CLUB RD (0010856),10856,02 - Intersection related,02 - Non-fatal injury,03 - Rear end,01 - Clear,01 - Daylight,01 - Dry,01 - Traffic signal,01 - Functioning,2,0,0,0,02 - Minor,2,,2,,,371018.6318,5023703.714,45.35015272,-75.65491378,12230
17--8206,8/13/2017,12:48 PM,BATHGATE DR @ MATHESON RD (0009316),9316,03 - At intersection,03 - P.D. only,05 - Turning movement,01 - Clear,01 - Daylight,01 - Dry,02 - Stop sign,01 - Functioning,2,0,0,0,,0,,,,,373640.4342,5033373.223,45.43690209,-75.62010891,12231
17--8207,8/13/2017,2:10 PM,CAHILL DR    W btwn YORKBERRY GT & TWYFORD ST (__3ZA9B3),__3ZA9B3,01 - Non intersection,03 - P.D. only,06 - SMV unattended vehicle,01 - Clear,01 - Daylight,01 - Dry,10 - No control,,1,0,0,0,,0,,,,,370283.2429,5023462.621,45.34805248,-75.66432977,12232
17--8208,8/13/2017,2:39 PM,BYRON AVE @ GOLDEN AVE (0006081),6081,03 - At intersection,03 - P.D. only,02 - Angle,01 - Clear,01 - Daylight,01 - Dry,02 - Stop sign,01 - Functioning,2,1,0,0,,0,,,,,362884.0464,5027977.269,45.38932658,-75.75821602,12233
17--8209,8/13/2017,2:40 PM,UPPER DWYER HILL RD btwn VAUGHAN SIDE RD & CARROLL SIDE RD (__3ZA4QD),__3ZA4QD,01 - Non intersection,02 - Non-fatal injury,07 - SMV other,01 - Clear,01 - Daylight,01 - Dry,10 - No control,,1,0,1,0,02 - Minor,1,,1,,,332731.1462,5015734.914,45.2810152,-76.14397431,12234
17--821,1/19/2017,5:38 PM,BREEZEHILL AVE   S btwn YOUNG ST & NOLAN AVE (__3ZA043),__3ZA043,01 - Non intersection,03 - P.D. only,06 - SMV unattended vehicle,01 - Clear,05 - Dusk,01 - Dry,10 - No control,,1,0,0,0,,0,,,,,366243.7287,5029188.245,45.39993596,-75.71516306,12235
17--8210,8/13/2017,3:02 PM,INDUSTRIAL AVE/INNES RD @ ST. LAURENT BLVD (0002203),2203,02 - Intersection related,03 - P.D. only,03 - Rear end,01 - Clear,01 - Daylight,01 - Dry,01 - Traffic signal,01 - Functioning,3,0,0,0,,0,,,,,373099.2495,5030004.85,45.40664818,-75.62749228,12236
17--8211,8/13/2017,3:52 PM,GREENBANK RD btwn GREENBANK SQUARE SC & GIBBARD AVE (__3ZA4YOB),__3ZA4YOB,01 - Non intersection,03 - P.D. only,03 - Rear end,01 - Clear,01 - Daylight,01 - Dry,10 - No control,,2,0,0,0,,0,,,,,361341.8544,5020816.429,45.32501993,-75.77872864,12237
17--8212,8/13/2017,4:20 PM,HIGHWAY 417 btwn HWY417 IC127 RAMP25 & HWY417 IC126 RAMP51 (__3ZA2XA),__3ZA2XA,01 - Non intersection,03 - P.D. only,03 - Rear end,01 - Clear,01 - Daylight,01 - Dry,10 - No control,,3,0,0,0,,0,,,,,362883.087,5025443.535,45.36652844,-75.75852631,12238
17--8213,8/13/2017,4:22 PM,STE. CECILE ST @ STE. MONIQUE ST (0010056),10056,02 - Intersection related,02 - Non-fatal injury,07 - SMV other,01 - Clear,01 - Daylight,01 - Dry,02 - Stop sign,01 - Functioning,1,0,0,0,02 - Minor,1,,1,,,369960.0125,5033811.82,45.44120107,-75.66708739,12239
17--8214,8/13/2017,4:30 PM,FALLOWFIELD RD @ GREENBANK RD (0000549),549,03 - At intersection,02 - Non-fatal injury,05 - Turning movement,01 - Clear,01 - Daylight,01 - Dry,01 - Traffic signal,01 - Functioning,2,0,0,0,01 - Minimal,7,7,,,,363079.3937,5016733.096,45.28813606,-75.75704585,12240
17--8215,8/13/2017,5:10 PM,LYON ST @ WELLINGTON ST (0002388),2388,03 - At intersection,03 - P.D. only,05 - Turning movement,01 - Clear,01 - Daylight,01 - Dry,01 - Traffic signal,01 - Functioning,2,0,0,0,,0,,,,,366937.1941,5031426.807,45.42001669,-75.70602392,12241
17--8216,8/13/2017,6:23 PM,MOFFATT POND CRT btwn ANJANA CIRC & COBBLE HILL DR (__7OXNDS),__7OXNDS,01 - Non intersection,03 - P.D. only,06 - SMV unattended vehicle,01 - Clear,01 - Daylight,01 - Dry,10 - No control,,1,0,0,0,,0,,,,,361690.9473,5013995.912,45.26362045,-75.7750582,12242
17--8217,8/13/2017,6:57 PM,INNES RD @ WILDFLOWER DR (0012871),12871,02 - Intersection related,02 - Non-fatal injury,03 - Rear end,01 - Clear,01 - Daylight,01 - Dry,01 - Traffic signal,01 - Functioning,2,0,0,0,02 - Minor,1,,1,,,382936.5332,5035691.665,45.45678445,-75.50093876,12243
17--8218,8/13/2017,7:39 PM,HERON RD @ KALADAR AVE (0006960),6960,02 - Intersection related,03 - P.D. only,03 - Rear end,01 - Clear,01 - Daylight,01 - Dry,01 - Traffic signal,01 - Functioning,2,0,0,0,,0,,,,,369686.3644,5026804.538,45.37817756,-75.67150728,12244
17--8219,8/13/2017,8:25 AM,HIGHWAY 417 btwn HWY417 IC155 RAMP25 & RAMP (__3ZAZN1),__3ZAZN1,01 - Non intersection,03 - P.D. only,07 - SMV other,01 - Clear,01 - Daylight,01 - Dry,10 - No control,,1,0,0,0,,0,,,,,342166.8056,5017551.174,45.29692052,-76.02356907,12245
17--822,1/19/2017,5:50 PM,GREENBANK RD btwn STRANDHERD DR & MARKETPLACE AVE (__4NMF9S),__4NMF9S,01 - Non intersection,02 - Non-fatal injury,04 - Sideswipe,01 - Clear,07 - Dark,02 - Wet,10 - No control,,2,0,0,0,01 - Minimal,1,1,,,,363968.5296,5014699.383,45.26976241,-75.74595443,12246
17--8220,8/13/2017,8:34 AM,HIGHWAY 417 btwn HWY417 IC129 RAMP61 & TRANSIT (__3ZA2SI),__3ZA2SI,01 - Non intersection,03 - P.D. only,03 - Rear end,01 - Clear,01 - Daylight,01 - Dry,10 - No control,,2,0,0,0,,0,,,,,361204.3553,5024136.773,45.35490738,-75.78010397,12247
17--8221,8/13/2017,9:39 AM,HIGHWAY 417 btwn HWY417 IC113 RAMP85 & HWY417 IC112 RAMP54 (__3ZA287),__3ZA287,01 - Non intersection,01 - Fatal injury,07 - SMV other,01 - Clear,01 - Daylight,01 - Dry,10 - No control,,1,0,1,0,04 - Fatal,1,,,,1,374153.6551,5031308.513,45.4182742,-75.61384066,12248
17--8222,8/14/2017,1:00 PM,HIGHWAY 417 btwn HWY417 IC119A RAMP75 & HWY417 IC118 RAMP57 (__3ZA2R2),__3ZA2R2,01 - Non intersection,03 - P.D. only,03 - Rear end,01 - Clear,01 - Daylight,01 - Dry,10 - No control,,2,0,0,0,,0,,,,,368919.6656,5030680.652,45.41312417,-75.68079197,12249
17--8223,8/14/2017,1:08 PM,BRONSON AVE @ GLADSTONE AVE (0002110),2110,03 - At intersection,03 - P.D. only,02 - Angle,01 - Clear,01 - Daylight,01 - Dry,01 - Traffic signal,01 - Functioning,2,0,0,0,,0,,,,,367133.7017,5030080.847,45.40788867,-75.70368346,12250
17--8224,8/14/2017,1:18 PM,DALHOUSIE ST @ ST. PATRICK ST (0008242),8242,02 - Intersection related,03 - P.D. only,02 - Angle,01 - Clear,01 - Daylight,01 - Dry,01 - Traffic signal,01 - Functioning,2,0,0,0,,0,,,,,367958.3416,5032640.581,45.43084638,-75.69282157,12251
17--8225,8/14/2017,10:09 AM,CANOTEK RD @ SHEFFORD RD (0009369),9369,03 - At intersection,03 - P.D. only,02 - Angle,01 - Clear,01 - Daylight,01 - Dry,01 - Traffic signal,01 - Functioning,2,0,0,0,,0,,,,,376029.4974,5035093.59,45.4521416,-75.58932763,12252
17--8226,8/14/2017,Unknown,GLADECREST CRT @ VALLEY STREAM DR (0001190),1190,02 - Intersection related,03 - P.D. only,06 - SMV unattended vehicle,01 - Clear,00 - Unknown,01 - Dry,03 - Yield sign,00 - Unknown,1,0,0,0,,0,,,,,359904.9719,5021792.006,45.33391248,-75.79694811,12253