Anom_ID,Accident_Date,Accident_Time,Location,Geo_ID,Accident_Location,Classification_of_Accident,Initial_Impact_Type,Environment_Condition,Light,Road_Surface_Condition,Traffic_Control,Traffic_Control_Condition,No__of_Vehicles,No__of_Bicycles,No__of_Motorcycles,No__of_Pedestrians,Max_Injury,No__of_Injuries,No__of_Minimal,No__of_Minor,No__of_Major,No__of_Fatal,X,Y,Latitude,Longitude,ObjectId
17--8227,8/14/2017,Unknown,MEADOWFIELD PL btwn MEADOWGLEN DR & PIEDMONT PL (1) (__3ZA61E),__3ZA61E,01 - Non intersection,03 - P.D. only,06 - SMV unattended vehicle,01 - Clear,00 - Unknown,01 - Dry,10 - No control,,1,0,0,0,,0,,,,,379858.1693,5034858.052,45.44962169,-75.54042056,12254
17--8228,8/14/2017,12:02 PM,AKERSON RD btwn BARRICK HILL RD & MICHAEL COWPLAND DR (__5VU5UF),__5VU5UF,01 - Non intersection,02 - Non-fatal injury,01 - Approaching,01 - Clear,01 - Daylight,01 - Dry,10 - No control,,2,1,0,0,01 - Minimal,1,1,,,,353940.97,5016167.042,45.28374095,-75.87359222,12255
17--8229,8/14/2017,12:59 PM,JEANNE D'ARC BLVD @ OR174 IC105 RAMP52 (0012417),12417,03 - At intersection,03 - P.D. only,02 - Angle,01 - Clear,01 - Daylight,01 - Dry,01 - Traffic signal,01 - Functioning,2,0,0,0,,0,,,,,379455.7997,5036917.161,45.4681911,-75.54525129,12256
17--823,1/19/2017,6:00 PM,MONTREAL RD @ OGILVIE RD (0009279),9279,02 - Intersection related,03 - P.D. only,03 - Rear end,02 - Rain,07 - Dark,02 - Wet,01 - Traffic signal,01 - Functioning,2,0,0,0,,0,,,,,375653.7883,5034556.823,45.44735029,-75.5942078,12257
17--8230,8/14/2017,2:21 PM,CARWOOD CIRC @ DEN HAAG DR (0012218),12218,02 - Intersection related,03 - P.D. only,07 - SMV other,01 - Clear,01 - Daylight,01 - Dry,02 - Stop sign,00 - Unknown,1,0,0,0,,0,,,,,372505.5953,5033982.733,45.44249696,-75.63452845,12258
17--8231,8/14/2017,3:09 PM,BYRON AVE @ ISLAND PARK DR (0006365),6365,02 - Intersection related,02 - Non-fatal injury,03 - Rear end,01 - Clear,01 - Daylight,01 - Dry,01 - Traffic signal,01 - Functioning,2,0,0,0,02 - Minor,1,,1,,,364255.69,5028603.551,45.39484665,-75.74062499,12259
17--8232,8/14/2017,3:22 PM,WEST HUNT CLUB RD WB btwn 354 E OF WOODROFFE AVE/REC PATH & CLEOPATRA DR/LANCELOT DR (__3ZA3JEB),__3ZA3JEB,01 - Non intersection,03 - P.D. only,03 - Rear end,01 - Clear,01 - Daylight,01 - Dry,10 - No control,,3,0,0,0,,0,,,,,365176.9585,5021713.984,45.33277663,-75.7297013,12260
17--8233,8/14/2017,3:26 PM,CARLING AVE EB btwn WESTGATE SC E & 73 E OF ARCHIBALD ST/WESTGATE SC W (__3ZA4TFB),__3ZA4TFB,01 - Non intersection,02 - Non-fatal injury,02 - Angle,01 - Clear,01 - Daylight,01 - Dry,10 - No control,,2,1,0,0,02 - Minor,1,,1,,,364770.3448,5027622.339,45.38597401,-75.7341716,12261
17--8234,8/14/2017,3:30 PM,KELLY AVE @ PINECREST RD (0002744),2744,03 - At intersection,03 - P.D. only,02 - Angle,01 - Clear,01 - Daylight,01 - Dry,02 - Stop sign,01 - Functioning,2,0,0,0,,0,,,,,360275.7686,5023952.555,45.35332387,-75.7919754,12262
17--8235,8/14/2017,4:01 PM,DOWNPATRICK RD @ UPLANDS DR (0009324),9324,02 - Intersection related,02 - Non-fatal injury,03 - Rear end,01 - Clear,01 - Daylight,01 - Dry,02 - Stop sign,00 - Unknown,2,0,0,0,02 - Minor,1,,1,,,370292.2603,5022804.748,45.34213228,-75.66430181,12263
17--8236,8/14/2017,4:14 PM,CRAIG'S SIDE RD btwn FARMLAND RD & CARP RD (__3ZAC9Y),__3ZAC9Y,01 - Non intersection,02 - Non-fatal injury,07 - SMV other,01 - Clear,01 - Daylight,01 - Dry,10 - No control,,1,0,0,0,03 - Major,1,,,1,,339121.7462,5023118.398,45.34717228,-76.06200689,12264
17--8237,8/14/2017,4:18 PM,PLEASANT PARK RD @ ST. LAURENT BLVD (0008363),8363,02 - Intersection related,03 - P.D. only,03 - Rear end,01 - Clear,01 - Daylight,01 - Dry,01 - Traffic signal,01 - Functioning,2,0,0,0,,0,,,,,373597.2964,5028794.471,45.39570898,-75.62129943,12265
17--8238,8/14/2017,4:25 PM,HIGHWAY 417 btwn HWY417 IC127 RAMP25 & HWY417 IC126 RAMP51 (__3ZA2XA),__3ZA2XA,01 - Non intersection,03 - P.D. only,03 - Rear end,01 - Clear,01 - Daylight,01 - Dry,10 - No control,,2,0,0,0,,0,,,,,363106.6656,5025746.058,45.36923195,-75.7556367,12266
17--8239,8/14/2017,4:30 PM,BLACKBURN BYPASS @ INNES RD E (0009245),9245,02 - Intersection related,03 - P.D. only,04 - Sideswipe,01 - Clear,01 - Daylight,01 - Dry,01 - Traffic signal,01 - Functioning,2,0,0,0,,0,,,,,379791.6214,5033781.329,45.43994127,-75.54143532,12267
17--824,1/19/2017,6:24 AM,CAMPEAU DR/HWY 417 MARCH IC138R63 @ MARCH RD (0009710),9710,02 - Intersection related,03 - P.D. only,03 - Rear end,01 - Clear,07 - Dark,02 - Wet,01 - Traffic signal,00 - Unknown,2,0,0,0,,0,,,,,352842.8075,5020475.137,45.3225821,-75.88717234,12268
17--8240,8/14/2017,4:40 PM,DUMAURIER AVE @ RICHMOND RD (0002679),2679,03 - At intersection,02 - Non-fatal injury,02 - Angle,01 - Clear,01 - Daylight,01 - Dry,01 - Traffic signal,01 - Functioning,2,0,0,0,02 - Minor,1,,1,,,359627.0244,5023733.588,45.35140463,-75.80027883,12269
17--8241,8/14/2017,5:00 PM,KANATA AVE/CASTLEFRANK RD @ AIRD PL (0011976),11976,02 - Intersection related,03 - P.D. only,03 - Rear end,01 - Clear,01 - Daylight,01 - Dry,01 - Traffic signal,01 - Functioning,2,0,0,0,,0,,,,,351811.6881,5019070.59,45.31001347,-75.90045772,12270
17--8242,8/14/2017,5:00 PM,8TH LINE RD @ MITCH OWENS RD (0003574),3574,02 - Intersection related,03 - P.D. only,07 - SMV other,01 - Clear,01 - Daylight,01 - Dry,02 - Stop sign,00 - Unknown,1,0,0,0,,0,,,,,382361.9329,5018774.688,45.30464173,-75.51094215,12271
17--8243,8/14/2017,5:42 PM,LEMIEUX ST @ ST. LAURENT BLVD (0002021),2021,02 - Intersection related,03 - P.D. only,03 - Rear end,01 - Clear,01 - Daylight,01 - Dry,01 - Traffic signal,01 - Functioning,4,0,0,0,,0,,,,,372391.726,5031742.563,45.42235201,-75.63629138,12272
17--8244,8/14/2017,6:01 PM,OTTAWA RIVER PKWY WB btwn TRANSIT & TURN LANE (__3ZA23O),__3ZA23O,01 - Non intersection,03 - P.D. only,03 - Rear end,01 - Clear,01 - Daylight,01 - Dry,10 - No control,,3,0,0,0,,0,,,,,362595.9959,5028218.83,45.39152394,-75.76186607,12273
17--8245,8/14/2017,6:33 PM,WEST HUNT CLUB RD btwn PRINCE OF WALES DR & HUNT CLUB RD (__3ZA2T4),__3ZA2T4,01 - Non intersection,02 - Non-fatal injury,03 - Rear end,01 - Clear,01 - Daylight,01 - Dry,10 - No control,,2,0,0,0,01 - Minimal,2,2,,,,367624.275,5021884.081,45.3340923,-75.69845947,12274
17--8246,8/14/2017,6:55 AM,HIGHWAY 416 btwn HWY416 IC42 RAMP34 & HWY416 IC42 RAMP43 (__3ZA1NA),__3ZA1NA,01 - Non intersection,02 - Non-fatal injury,07 - SMV other,01 - Clear,01 - Daylight,01 - Dry,10 - No control,,1,0,0,0,02 - Minor,1,,1,,,371357.2239,4995366.457,45.09514521,-75.65438173,12275
17--8247,8/14/2017,8:00 PM,BASELINE RD @ CLYDE AVE (0002343),2343,02 - Intersection related,03 - P.D. only,02 - Angle,01 - Clear,05 - Dusk,01 - Dry,01 - Traffic signal,01 - Functioning,2,0,0,0,,0,,,,,364358.0623,5024888.59,45.36141135,-75.73976568,12276
17--8248,8/14/2017,8:10 AM,BESSERER ST @ DALHOUSIE ST (0011452),11452,02 - Intersection related,03 - P.D. only,07 - SMV other,01 - Clear,01 - Daylight,01 - Dry,01 - Traffic signal,01 - Functioning,1,0,0,0,,0,,,,,368252.319,5032157.407,45.42647234,-75.6891271,12277
17--8249,8/14/2017,8:17 AM,ALBION RD @ RIDEAU RD (0009356),9356,02 - Intersection related,02 - Non-fatal injury,03 - Rear end,01 - Clear,01 - Daylight,01 - Dry,01 - Traffic signal,01 - Functioning,2,0,0,0,01 - Minimal,1,1,,,,375095.6248,5016668.836,45.28645877,-75.60388751,12278
17--825,1/19/2017,6:28 PM,BRONSON AVE @ MACLAREN ST (0006338),6338,03 - At intersection,03 - P.D. only,02 - Angle,01 - Clear,07 - Dark,01 - Dry,02 - Stop sign,01 - Functioning,2,0,0,0,,0,,,,,367000.2423,5030399.293,45.41076583,-75.70534807,12279
17--8250,8/14/2017,8:42 PM,MONTREAL RD btwn LACASSE AVE & STE. ANNE ST (__3ZA3LB),__3ZA3LB,01 - Non intersection,02 - Non-fatal injury,07 - SMV other,01 - Clear,05 - Dusk,01 - Dry,10 - No control,,1,0,0,0,02 - Minor,2,,2,,,370697.698,5033411.613,45.43753104,-75.65771247,12280
17--8251,8/14/2017,9:08 AM,BANK ST @ SECOND AVE (0007231),7231,03 - At intersection,02 - Non-fatal injury,07 - SMV other,01 - Clear,01 - Daylight,01 - Dry,02 - Stop sign,01 - Functioning,1,0,0,1,02 - Minor,1,,1,,,368306.8795,5029627.453,45.40370371,-75.68875594,12281
17--8252,8/14/2017,9:16 AM,HAWTHORNE RD/RUSSELL RD @ WALKLEY RD (0002618),2618,02 - Intersection related,03 - P.D. only,03 - Rear end,01 - Clear,01 - Daylight,01 - Dry,01 - Traffic signal,01 - Functioning,2,0,0,0,,0,,,,,374674.7439,5028500.823,45.39296019,-75.60758119,12282
17--8253,8/14/2017,9:20 AM,RIVERSIDE DR @ BROOKFIELD RD/HOG'S BACK RD (0001627),1627,03 - At intersection,03 - P.D. only,02 - Angle,01 - Clear,01 - Daylight,01 - Dry,01 - Traffic signal,02 - Not functioning,2,0,0,0,,0,,,,,368168.352,5026221.88,45.37307389,-75.69096261,12283
17--8254,8/14/2017,9:24 PM,MICHAEL COWPLAND DR btwn TERENCE MATTHEWS CRES & EAGLESON RD (__3ZBNEN),__3ZBNEN,04 - At/near private drive,02 - Non-fatal injury,02 - Angle,01 - Clear,07 - Dark,01 - Dry,10 - No control,,2,1,0,0,01 - Minimal,1,1,,,,354235.9069,5016516.164,45.28686175,-75.86979805,12284
17--8255,8/14/2017,9:30 AM,HUNT CLUB RD @ BRIDLE PATH DR/DAZE ST (0008214),8214,03 - At intersection,02 - Non-fatal injury,02 - Angle,01 - Clear,01 - Daylight,01 - Dry,01 - Traffic signal,01 - Functioning,2,0,0,0,01 - Minimal,1,1,,,,371291.7289,5023865.174,45.35157965,-75.65140717,12285
17--8256,8/15/2017,1:30 PM,STRANDHERD DR @ WOODROFFE AVE (0009688),9688,02 - Intersection related,03 - P.D. only,03 - Rear end,01 - Clear,01 - Daylight,01 - Dry,01 - Traffic signal,01 - Functioning,2,0,0,0,,0,,,,,366106.154,5015394.508,45.27583402,-75.71862915,12286
17--8257,8/15/2017,11:15 PM,HAWTHORNE RD btwn WHYTE SIDE RD & DAVIDSON RD (__3ZA8MJ),__3ZA8MJ,01 - Non intersection,03 - P.D. only,03 - Rear end,01 - Clear,07 - Dark,01 - Dry,10 - No control,,2,0,0,0,,0,,,,,376266.7156,5024553.297,45.35728171,-75.58782283,12287
17--8258,8/15/2017,11:20 AM,MACKENZIE KING BR/WALLER ST @ NICHOLAS ST/WALL (0011251),11251,02 - Intersection related,03 - P.D. only,03 - Rear end,01 - Clear,01 - Daylight,01 - Dry,01 - Traffic signal,01 - Functioning,2,0,0,0,,0,,,,,368372.1095,5031993.932,45.42499057,-75.68761752,12288
17--8259,8/15/2017,11:20 AM,O'CONNOR ST btwn MACLAREN ST & GILMOUR ST (__3ZA3RO),__3ZA3RO,01 - Non intersection,02 - Non-fatal injury,07 - SMV other,01 - Clear,01 - Daylight,01 - Dry,10 - No control,,1,0,0,1,01 - Minimal,1,1,,,,367936.3237,5030880.65,45.4150131,-75.69332849,12289
17--826,1/19/2017,6:39 PM,GREENBANK RD @ IRIS ST/HWY 417 IC129 RAMP51 (0009073),9073,02 - Intersection related,03 - P.D. only,03 - Rear end,01 - Clear,07 - Dark,04 - Slush,01 - Traffic signal,00 - Unknown,2,0,0,0,,0,,,,,360531.403,5023311.415,45.34753463,-75.7887853,12290
17--8260,8/15/2017,11:28 AM,MERIVALE RD @ ROSSLAND AVE (0001757),1757,02 - Intersection related,03 - P.D. only,03 - Rear end,01 - Clear,01 - Daylight,01 - Dry,02 - Stop sign,01 - Functioning,3,0,0,0,,0,,,,,364674.2166,5024151.514,45.35475231,-75.73581974,12291
17--8261,8/15/2017,12:27 PM,NAVAHO DR @ WOODROFFE AVE/TRANSITWAY N BASELIN (0010359),10359,02 - Intersection related,03 - P.D. only,07 - SMV other,01 - Clear,01 - Daylight,01 - Dry,01 - Traffic signal,01 - Functioning,1,0,0,0,,0,,,,,362705.8104,5023493.448,45.3489964,-75.76101763,12292
17--8262,8/15/2017,12:34 PM,WEST HUNT CLUB RD btwn PRINCE OF WALES DR & HUNT CLUB RD (__3ZA2T4),__3ZA2T4,01 - Non intersection,02 - Non-fatal injury,03 - Rear end,01 - Clear,01 - Daylight,01 - Dry,10 - No control,,3,0,0,0,01 - Minimal,1,1,,,,367627.7464,5021883.827,45.33408971,-75.69841521,12293
17--8263,8/15/2017,12:42 PM,SNAKE ISLAND RD btwn 5TH LINE RD & GREY'S CREEK RD (__3ZA2CW),__3ZA2CW,04 - At/near private drive,02 - Non-fatal injury,99 - Other,01 - Clear,01 - Daylight,01 - Dry,10 - No control,,2,0,0,0,01 - Minimal,1,1,,,,381703.3346,5008900.976,45.21587546,-75.52086752,12294
17--8264,8/15/2017,2:45 PM,NICHOLAS ST NB btwn LAURIER AVE E & WALLER ST (__5D2DO8),__5D2DO8,01 - Non intersection,03 - P.D. only,03 - Rear end,01 - Clear,01 - Daylight,01 - Dry,10 - No control,,2,0,0,0,,0,,,,,368487.0114,5031713.389,45.42245589,-75.68618562,12295
17--8265,8/15/2017,2:45 PM,SLATER ST btwn KENT ST & BANK ST (__3ZA349),__3ZA349,01 - Non intersection,03 - P.D. only,04 - Sideswipe,01 - Clear,01 - Daylight,01 - Dry,10 - No control,,2,0,0,0,,0,,,,,367361.8819,5031318.038,45.41900018,-75.70061169,12296
17--8266,8/15/2017,2:45 PM,FALLOWFIELD RD @ STRANDHERD DR (0005238),5238,03 - At intersection,02 - Non-fatal injury,02 - Angle,01 - Clear,01 - Daylight,01 - Dry,01 - Traffic signal,01 - Functioning,2,0,0,0,01 - Minimal,2,2,,,,360753.5069,5014961.513,45.27238422,-75.78689396,12297
17--8267,8/15/2017,2:50 PM,MCARTHUR AVE @ VANIER PKWY (0004626),4626,02 - Intersection related,03 - P.D. only,03 - Rear end,01 - Clear,01 - Daylight,01 - Dry,01 - Traffic signal,01 - Functioning,2,0,0,0,,0,,,,,370215.7763,5032692.595,45.43110687,-75.66396715,12298
17--8268,8/15/2017,3:20 PM,HIGHWAY 417 btwn HWY417 IC117 RAMP51 & HWY417 IC117 RAMP35 (__3ZA2YN),__3ZA2YN,01 - Non intersection,03 - P.D. only,04 - Sideswipe,01 - Clear,01 - Daylight,01 - Dry,10 - No control,,2,0,0,0,,0,,,,,370625.3293,5031162.523,45.41730149,-75.65893797,12299
17--8269,8/15/2017,3:45 PM,HIGHWAY 417 btwn HWY417 IC138 RAMP61 & HWY417 IC134 RAMP36 (__3ZA20I),__3ZA20I,01 - Non intersection,03 - P.D. only,04 - Sideswipe,01 - Clear,01 - Daylight,01 - Dry,10 - No control,,3,0,0,0,,0,,,,,355555.6062,5021777.268,45.33410794,-75.8524369,12300
17--827,1/19/2017,6:58 AM,GLADSTONE AVE @ ROCHESTER ST (0006496),6496,03 - At intersection,02 - Non-fatal injury,02 - Angle,01 - Clear,07 - Dark,02 - Wet,01 - Traffic signal,01 - Functioning,2,0,0,0,01 - Minimal,1,1,,,,366661.6051,5029787.019,45.40528677,-75.70975081,12301
17--8270,8/15/2017,4:00 PM,CARLING AVE @ CONNAUGHT AVE (0002143),2143,03 - At intersection,03 - P.D. only,05 - Turning movement,01 - Clear,01 - Daylight,01 - Dry,01 - Traffic signal,01 - Functioning,2,0,0,0,,0,,,,,360770.6762,5025116.233,45.36375527,-75.78552772,12302
17--8271,8/15/2017,4:02 AM,HUNT CLUB RD @ UPLANDS DR (0010844),10844,03 - At intersection,03 - P.D. only,05 - Turning movement,01 - Clear,07 - Dark,02 - Wet,01 - Traffic signal,01 - Functioning,2,0,0,0,,0,,,,,370156.7272,5023121.492,45.3449949,-75.66598922,12303
17--8272,8/15/2017,4:17 PM,HIGHWAY 417 btwn HWY417 IC127 RAMP67 & HWY417 IC126 RAMP16 (__3ZA2X0),__3ZA2X0,01 - Non intersection,03 - P.D. only,03 - Rear end,01 - Clear,01 - Daylight,01 - Dry,10 - No control,,2,0,0,0,,0,,,,,363031.7442,5025685.284,45.36869134,-75.75660025,12304
17--8273,8/15/2017,4:30 PM,MONTREAL RD @ OLMSTEAD ST (0009345),9345,02 - Intersection related,03 - P.D. only,04 - Sideswipe,01 - Clear,01 - Daylight,01 - Dry,01 - Traffic signal,00 - Unknown,2,0,0,0,,0,,,,,370333.5885,5033213.953,45.4357868,-75.66239224,12305
17--8274,8/15/2017,4:46 PM,TRIM RD @ DAIRY DR/TAYLOR CREEK DR (0012921),12921,03 - At intersection,03 - P.D. only,04 - Sideswipe,01 - Clear,01 - Daylight,01 - Dry,11 - Roundabout,01 - Functioning,2,0,0,0,,0,,,,,384535.6065,5039595.653,45.49172817,-75.47986249,12306
17--8275,8/15/2017,4:57 PM,CARLING AVE @ CHAMPAGNE AVE (0002024),2024,02 - Intersection related,03 - P.D. only,03 - Rear end,01 - Clear,01 - Daylight,01 - Dry,01 - Traffic signal,01 - Functioning,2,0,0,0,,0,,,,,366627.728,5028811.299,45.39651049,-75.71030585,12307
17--8276,8/15/2017,5:10 PM,BELFAST RD @ ST. LAURENT BLVD (0007658),7658,02 - Intersection related,02 - Non-fatal injury,04 - Sideswipe,01 - Clear,01 - Daylight,01 - Dry,01 - Traffic signal,01 - Functioning,2,0,0,0,02 - Minor,1,,1,,,372861.5871,5030578.346,45.41183138,-75.63044884,12308
17--8277,8/15/2017,5:20 PM,HIGHWAY 417 btwn HWY417 IC124 RAMP65 & HWY417 IC122 RAMP51 (__3ZA2R8),__3ZA2R8,01 - Non intersection,03 - P.D. only,03 - Rear end,01 - Clear,01 - Daylight,01 - Dry,10 - No control,,2,0,0,0,,0,,,,,365096.3054,5028614.096,45.39486965,-75.72988823,12309
17--8278,8/15/2017,5:41 PM,MALVERN DR btwn CHALICE CRT & SHERWAY DR (__3ZAA92),__3ZAA92,04 - At/near private drive,03 - P.D. only,02 - Angle,01 - Clear,01 - Daylight,01 - Dry,10 - No control,,2,0,0,0,,0,,,,,362632.9606,5015868.253,45.28039105,-75.76283736,12310
17--8279,8/15/2017,6:18 AM,TENTH LINE RD @ VANGUARD DR (0004632),4632,03 - At intersection,03 - P.D. only,05 - Turning movement,01 - Clear,01 - Daylight,01 - Dry,01 - Traffic signal,01 - Functioning,2,0,0,0,,0,,,,,384071.9448,5035874.131,45.45829822,-75.48639413,12311
17--828,1/19/2017,7:39 AM,ARENA PL @ BANK ST (0004129),4129,02 - Intersection related,03 - P.D. only,02 - Angle,01 - Clear,03 - Dawn,02 - Wet,02 - Stop sign,00 - Unknown,2,0,0,0,,0,,,,,375400.0022,5021520.613,45.33008273,-75.5993167,12312
17--8280,8/15/2017,6:43 AM,HERON RD @ ALTA VISTA DR (0007188),7188,02 - Intersection related,03 - P.D. only,03 - Rear end,02 - Rain,01 - Daylight,02 - Wet,01 - Traffic signal,01 - Functioning,2,0,0,0,,0,,,,,370490.7993,5026902.537,45.37898436,-75.66122403,12313
17--8281,8/15/2017,7:27 PM,BANK ST @ ST. PAUL AVE (0011298),11298,02 - Intersection related,03 - P.D. only,03 - Rear end,01 - Clear,05 - Dusk,01 - Dry,02 - Stop sign,00 - Unknown,4,0,0,0,,0,,,,,370508.2795,5025560.736,45.36690963,-75.66117936,12314
17--8282,8/15/2017,7:30 AM,DES GRIVES CRES btwn DES SERINS LANE & SUNVIEW DR (2) (__3ZA6E8),__3ZA6E8,04 - At/near private drive,03 - P.D. only,06 - SMV unattended vehicle,01 - Clear,01 - Daylight,01 - Dry,10 - No control,,1,0,0,0,,0,,,,,381668.2823,5036756.501,45.46650563,-75.51698583,12315
17--8283,8/15/2017,7:52 PM,MICHAEL ST btwn PARISIEN ST & MICHAEL ST (__3ZA2QI),__3ZA2QI,04 - At/near private drive,03 - P.D. only,02 - Angle,01 - Clear,05 - Dusk,01 - Dry,10 - No control,,2,0,0,0,,0,,,,,372923.422,5031198.977,45.41740951,-75.62957314,12316
17--8284,8/15/2017,8:52 AM,BESSERER ST @ DALHOUSIE ST (0011452),11452,03 - At intersection,03 - P.D. only,04 - Sideswipe,01 - Clear,01 - Daylight,01 - Dry,01 - Traffic signal,01 - Functioning,2,0,0,0,,0,,,,,368252.0607,5032156.933,45.4264681,-75.68913046,12317
17--8285,8/15/2017,8:55 AM,MONTREAL RD @ OGILVIE RD (0009279),9279,02 - Intersection related,03 - P.D. only,03 - Rear end,01 - Clear,01 - Daylight,02 - Wet,01 - Traffic signal,01 - Functioning,2,0,0,0,,0,,,,,375654.094,5034555.945,45.44734236,-75.59420402,12318
17--8286,8/15/2017,9:04 AM,CEDARVIEW RD @ WEST HUNT CLUB RD (0010267),10267,03 - At intersection,03 - P.D. only,05 - Turning movement,01 - Clear,01 - Daylight,01 - Dry,01 - Traffic signal,01 - Functioning,2,0,0,0,,0,,,,,359719.3184,5019553.837,45.3137879,-75.7995648,12319
17--8287,8/15/2017,9:30 AM,UPPER DWYER HILL RD btwn GALETTA SIDE RD & OTTAWA ROAD 29 (__3ZA2LO),__3ZA2LO,01 - Non intersection,03 - P.D. only,07 - SMV other,01 - Clear,01 - Daylight,01 - Dry,10 - No control,,1,0,0,0,,0,,,,,320654.895,5029055.76,45.40126066,-76.29747659,12320
17--8288,8/15/2017,9:30 AM,HIGHWAY 417 btwn HWY417 IC118 RAMP67 & HWY417 IC117 RAMP36 (__3ZA2YO),__3ZA2YO,01 - Non intersection,02 - Non-fatal injury,03 - Rear end,01 - Clear,01 - Daylight,01 - Dry,10 - No control,,4,0,0,0,01 - Minimal,1,1,,,,370176.0236,5031117.184,45.41693567,-75.66468423,12321
17--8289,8/15/2017,9:32 AM,BOOTH ST @ ORANGEVILLE ST (0006511),6511,02 - Intersection related,03 - P.D. only,03 - Rear end,01 - Clear,01 - Daylight,01 - Dry,02 - Stop sign,01 - Functioning,2,0,0,0,,0,,,,,366891.9299,5029572.006,45.40333175,-75.70683589,12322
17--8031,8/8/2017,1:15 PM,HUNTER'S RUN DR @ JEANNE D'ARC BLVD (0012419),12419,02 - Intersection related,03 - P.D. only,03 - Rear end,01 - Clear,01 - Daylight,01 - Dry,01 - Traffic signal,01 - Functioning,2,0,0,0,,0,,,,,380567.2972,5036175.224,45.46139605,-75.5311531,12323
17--8032,8/8/2017,1:20 PM,CUMMINGS AVE @ DONALD ST (0009936),9936,02 - Intersection related,03 - P.D. only,03 - Rear end,01 - Clear,01 - Daylight,01 - Dry,01 - Traffic signal,00 - Unknown,2,0,0,0,,0,,,,,372652.5484,5032411.883,45.42834899,-75.63286669,12324
17--8387,8/18/2017,2:21 PM,ST. JOSEPH BLVD btwn JEANNE D'ARC BLVD S & NOTRE DAME ST (__3ZA2BU),__3ZA2BU,04 - At/near private drive,03 - P.D. only,02 - Angle,01 - Clear,01 - Daylight,01 - Dry,10 - No control,,2,0,0,0,,0,,,,,379937.9137,5036521.989,45.46458395,-75.53914697,12325
17--8033,8/8/2017,10:01 AM,PALLADIUM DR @ SILVER SEVEN RD (0011839),11839,03 - At intersection,03 - P.D. only,05 - Turning movement,01 - Clear,01 - Daylight,01 - Dry,01 - Traffic signal,01 - Functioning,2,0,0,0,,0,,,,,351052.0326,5017886.888,45.29941264,-75.91025557,12326
17--8034,8/8/2017,10:09 AM,AGINCOURT RD @ MAITLAND AVE (0003375),3375,02 - Intersection related,03 - P.D. only,03 - Rear end,01 - Clear,01 - Daylight,01 - Dry,02 - Stop sign,01 - Functioning,2,0,0,0,,0,,,,,363446.8225,5025450.598,45.36654505,-75.75132958,12327
17--8388,8/18/2017,2:49 PM,RIVERSIDE DR @ TREMBLAY RD/HWY417 IC117 RAMP52 (0010790),10790,03 - At intersection,03 - P.D. only,03 - Rear end,02 - Rain,01 - Daylight,02 - Wet,01 - Traffic signal,01 - Functioning,2,0,0,0,,0,,,,,370802.5096,5031015.692,45.41596367,-75.65669402,12328
17--8035,8/8/2017,10:12 PM,MEADOWLANDS DR @ MERIVALE RD (0000625),625,03 - At intersection,03 - P.D. only,05 - Turning movement,01 - Clear,07 - Dark,01 - Dry,01 - Traffic signal,01 - Functioning,2,0,0,0,,0,,,,,364858.6999,5023724.553,45.3508948,-75.73351724,12329
17--8389,8/18/2017,3:13 AM,LEGGET DR btwn FARRAR RD & HERZBERG RD (__3ZACVI),__3ZACVI,01 - Non intersection,03 - P.D. only,07 - SMV other,02 - Rain,07 - Dark,02 - Wet,10 - No control,,1,0,0,0,,0,,,,,351840.9327,5022695.212,45.34262664,-75.89974041,12330
17--8036,8/8/2017,10:52 AM,RIDEAU ST @ WALLER ST (0011913),11913,02 - Intersection related,03 - P.D. only,99 - Other,01 - Clear,01 - Daylight,01 - Dry,01 - Traffic signal,01 - Functioning,2,0,0,0,,0,,,,,368282.4135,5032275.253,45.42752995,-75.68872736,12331
17--839,1/20/2017,10:07 AM,SLATER ST btwn LYON ST N & KENT ST (__3ZA3CT),__3ZA3CT,01 - Non intersection,03 - P.D. only,06 - SMV unattended vehicle,02 - Rain,01 - Daylight,02 - Wet,10 - No control,,1,0,0,0,,0,,,,,367192.4766,5031209.638,45.41803995,-75.70278979,12332
17--8037,8/8/2017,11:07 AM,WOODROFFE AVE @ KNOXDALE RD/MEDHURST DR (0000519),519,03 - At intersection,03 - P.D. only,03 - Rear end,01 - Clear,01 - Daylight,01 - Dry,01 - Traffic signal,01 - Functioning,2,0,0,0,,0,,,,,363417.8854,5021826.186,45.33393536,-75.75212859,12333
17--8390,8/18/2017,3:23 PM,KANATA AVE @ TERRY FOX DR (0012691),12691,03 - At intersection,02 - Non-fatal injury,07 - SMV other,01 - Clear,01 - Daylight,01 - Dry,01 - Traffic signal,01 - Functioning,1,0,0,0,02 - Minor,1,,1,,,349305.436,5019211.369,45.31144354,-75.93240581,12334
17--8038,8/8/2017,12:13 PM,ISABELLA ST/HWY417 IC119AR75 @ METCALFE ST (0011380),11380,03 - At intersection,03 - P.D. only,05 - Turning movement,01 - Clear,01 - Daylight,01 - Dry,01 - Traffic signal,01 - Functioning,2,0,0,0,,0,,,,,368448.3987,5030399.188,45.41063467,-75.68684872,12335
17--8391,8/18/2017,3:40 PM,REGIONAL ROAD 174 btwn Continuation of REGIONAL ROAD 174 & OR174 IC112 (__3ZA2YI),__3ZA2YI,01 - Non intersection,03 - P.D. only,04 - Sideswipe,01 - Clear,01 - Daylight,02 - Wet,10 - No control,,2,0,0,0,,0,,,,,374438.6927,5032574.938,45.42964051,-75.61002003,12336