Anom_ID,Accident_Date,Accident_Time,Location,Geo_ID,Accident_Location,Classification_of_Accident,Initial_Impact_Type,Environment_Condition,Light,Road_Surface_Condition,Traffic_Control,Traffic_Control_Condition,No__of_Vehicles,No__of_Bicycles,No__of_Motorcycles,No__of_Pedestrians,Max_Injury,No__of_Injuries,No__of_Minimal,No__of_Minor,No__of_Major,No__of_Fatal,X,Y,Latitude,Longitude,ObjectId
17--8392,8/18/2017,3:54 PM,MAITLAND AVE @ TERREBONNE DR (0003212),3212,02 - Intersection related,02 - Non-fatal injury,03 - Rear end,01 - Clear,01 - Daylight,02 - Wet,02 - Stop sign,01 - Functioning,2,0,0,0,02 - Minor,1,,1,,,364011.6857,5025136.17,45.36366838,-75.74415699,12337
17--8393,8/18/2017,4:00 PM,CYRVILLE RD btwn STAR TOP RD & MEADOWBROOK RD (__3ZA3SN),__3ZA3SN,04 - At/near private drive,03 - P.D. only,02 - Angle,02 - Rain,01 - Daylight,02 - Wet,10 - No control,,2,0,0,0,,0,,,,,374499.5554,5031285.396,45.41803183,-75.60942476,12338
17--8394,8/18/2017,4:05 PM,O'CONNOR ST btwn LISGAR ST & COOPER ST (__3ZA34Z),__3ZA34Z,01 - Non intersection,03 - P.D. only,06 - SMV unattended vehicle,01 - Clear,01 - Daylight,01 - Dry,10 - No control,,1,0,0,0,,0,,,,,367765.0372,5031155.931,45.41750542,-75.69548157,12339
17--8395,8/18/2017,4:21 PM,LAURIER AVE   W btwn ELGIN ST & QUEEN ELIZABETH DRWY/LAURIER AVE WB ON (__3ZA35Z),__3ZA35Z,01 - Non intersection,03 - P.D. only,02 - Angle,01 - Clear,01 - Daylight,01 - Dry,10 - No control,,2,0,0,0,,0,,,,,368035.3564,5031603.412,45.42150733,-75.69197056,12340
17--8396,8/18/2017,4:27 PM,BLACKBURN BYPASS @ INNES RD E (0009245),9245,03 - At intersection,03 - P.D. only,03 - Rear end,02 - Rain,01 - Daylight,02 - Wet,01 - Traffic signal,01 - Functioning,2,0,0,0,,0,,,,,379790.4591,5033782.082,45.43994817,-75.54145006,12341
17--8397,8/18/2017,4:39 PM,LAURIER AVE   W btwn PERCY ST & BAY ST (__3ZA331),__3ZA331,04 - At/near private drive,02 - Non-fatal injury,07 - SMV other,01 - Clear,01 - Daylight,01 - Dry,10 - No control,,1,1,0,0,02 - Minor,1,,1,,,366997.5469,5030976.261,45.41595745,-75.70530969,12342
17--8398,8/18/2017,4:47 PM,COLONNADE RD @ PRINCE OF WALES DR (0005249),5249,02 - Intersection related,03 - P.D. only,03 - Rear end,01 - Clear,01 - Daylight,01 - Dry,01 - Traffic signal,01 - Functioning,3,0,0,0,,0,,,,,367395.1431,5023266.3,45.34654973,-75.70120768,12343
17--8399,8/18/2017,5:10 PM,COLONNADE RD @ PRINCE OF WALES DR (0005249),5249,02 - Intersection related,02 - Non-fatal injury,03 - Rear end,01 - Clear,01 - Daylight,01 - Dry,01 - Traffic signal,01 - Functioning,2,0,0,0,02 - Minor,1,,1,,,367395.1431,5023265.869,45.34654585,-75.70120773,12344
17--84,1/3/2017,7:27 AM,CARLING AVE @ BROADVIEW AVE (0006707),6707,02 - Intersection related,03 - P.D. only,05 - Turning movement,03 - Snow,03 - Dawn,04 - Slush,01 - Traffic signal,01 - Functioning,2,0,0,0,,0,,,,,363183.2617,5026639.4,45.37726375,-75.75455333,12345
17--840,1/20/2017,10:15 AM,PRINCE OF WALES DR @ NORMANDY CRES S/KOCHAR DR (0006961),6961,02 - Intersection related,03 - P.D. only,03 - Rear end,01 - Clear,01 - Daylight,01 - Dry,01 - Traffic signal,01 - Functioning,2,0,0,0,,0,,,,,367446.3897,5024562.324,45.35820651,-75.70038957,12346
17--8400,8/18/2017,5:14 AM,LEITRIM RD @ RIVER RD (0004194),4194,02 - Intersection related,02 - Non-fatal injury,05 - Turning movement,02 - Rain,07 - Dark,02 - Wet,02 - Stop sign,01 - Functioning,2,0,0,0,01 - Minimal,1,1,,,,368021.1233,5017176.748,45.29170084,-75.69399744,12347
17--8401,8/18/2017,5:40 PM,CARLING AVE @ GRENON AVE (0002645),2645,02 - Intersection related,02 - Non-fatal injury,03 - Rear end,01 - Clear,01 - Daylight,01 - Dry,01 - Traffic signal,01 - Functioning,2,0,0,0,02 - Minor,1,,1,,,359595.3837,5024349.437,45.3569485,-75.80061435,12348
17--8402,8/18/2017,5:56 PM,BLAIR RD @ REGIONAL RD 174 S/OR174 IC112 RAMP15 (0012435),12435,02 - Intersection related,03 - P.D. only,03 - Rear end,02 - Rain,01 - Daylight,02 - Wet,01 - Traffic signal,01 - Functioning,2,0,0,0,,0,,,,,374908.5956,5032661.67,45.43037393,-75.60400307,12349
17--8403,8/18/2017,5:58 AM,HIGHWAY 417 btwn HIGHWAY 417 & HWY417 IC140 RAMP51 (__3ZA20L),__3ZA20L,01 - Non intersection,02 - Non-fatal injury,07 - SMV other,02 - Rain,03 - Dawn,02 - Wet,10 - No control,,1,0,0,0,01 - Minimal,1,1,,,,349615.0227,5017801.458,45.29873705,-75.92858521,12350
17--8404,8/18/2017,5:58 PM,BRONSON AVE @ FINDLAY AVE (0007220),7220,02 - Intersection related,03 - P.D. only,03 - Rear end,01 - Clear,01 - Daylight,01 - Dry,02 - Stop sign,01 - Functioning,3,0,0,0,,0,,,,,367728.7747,5028661.476,45.39506434,-75.69626323,12351
17--8405,8/18/2017,6:09 AM,HIGHWAY 417 btwn HWY417 IC121A RAMP51 & HWY417 IC120A RAMP52 (__3ZA2R6),__3ZA2R6,01 - Non intersection,03 - P.D. only,07 - SMV other,02 - Rain,03 - Dawn,02 - Wet,10 - No control,,1,0,0,0,,0,,,,,367260.5174,5029733.397,45.40475111,-75.70210756,12352
17--8406,8/18/2017,6:27 PM,CARP RD @ WESTBROOK RD (0001681),1681,02 - Intersection related,03 - P.D. only,03 - Rear end,01 - Clear,01 - Daylight,01 - Dry,01 - Traffic signal,01 - Functioning,3,0,0,0,,0,,,,,347736.5959,5015442.444,45.27762711,-75.95273917,12353
17--8407,8/18/2017,6:41 AM,PARKDALE AVE btwn GRANT ST & WELLINGTON ST W (__3ZA3ZQ),__3ZA3ZQ,04 - At/near private drive,03 - P.D. only,02 - Angle,01 - Clear,01 - Daylight,02 - Wet,10 - No control,,2,0,0,0,,0,,,,,365145.3806,5029281.983,45.40087493,-75.72917979,12354
17--8408,8/18/2017,6:57 PM,FLEWELLYN RD @ SHEA RD (0000398),398,03 - At intersection,03 - P.D. only,07 - SMV other,01 - Clear,01 - Daylight,01 - Dry,02 - Stop sign,01 - Functioning,1,0,0,0,,0,,,,,352993.1687,5012174.621,45.24788162,-75.88606067,12355
17--8409,8/18/2017,7:08 AM,HWY 417 MAITLAND IC126R26/62 @ MAITLAND AVE (0008228),8228,02 - Intersection related,03 - P.D. only,03 - Rear end,02 - Rain,01 - Daylight,02 - Wet,01 - Traffic signal,01 - Functioning,2,0,0,0,,0,,,,,363146.9418,5025984.352,45.37137274,-75.75509441,12356
17--841,1/20/2017,10:35 PM,BANK ST @ SOMERSET ST (0010858),10858,03 - At intersection,02 - Non-fatal injury,07 - SMV other,01 - Clear,07 - Dark,02 - Wet,01 - Traffic signal,01 - Functioning,1,0,0,1,02 - Minor,1,,1,,,367694.1602,5030916.921,45.41536126,-75.6964176,12357
17--8410,8/18/2017,7:45 AM,HIGHWAY 417 btwn HWY417 IC121A RAMP16 & HWY417 IC121A RAMP61 (__3ZA2YY),__3ZA2YY,01 - Non intersection,03 - P.D. only,03 - Rear end,02 - Rain,01 - Daylight,02 - Wet,10 - No control,,2,0,0,0,,0,,,,,367293.0965,5029772.732,45.40510212,-75.70168644,12358
17--8411,8/18/2017,7:50 AM,HARMATTAN AVE btwn MONCAO LANE & ROSEHILL AVE (__6O5XLA),__6O5XLA,01 - Non intersection,03 - P.D. only,06 - SMV unattended vehicle,02 - Rain,01 - Daylight,02 - Wet,10 - No control,,1,0,0,0,,0,,,,,350446.5371,5016772.571,45.28942529,-75.91807821,12359
17--8412,8/18/2017,9:06 PM,JOHNSTON RD @ TAPIOLA CRES E (0012081),12081,02 - Intersection related,03 - P.D. only,03 - Rear end,01 - Clear,07 - Dark,01 - Dry,02 - Stop sign,01 - Functioning,2,0,0,0,,0,,,,,372255.3618,5025675.535,45.36777659,-75.63886323,12360
17--8413,8/18/2017,9:30 PM,MARCH RD btwn GOLDEN LINE RD & BURNT LANDS RD (__3ZA2QG),__3ZA2QG,01 - Non intersection,03 - P.D. only,07 - SMV other,02 - Rain,07 - Dark,02 - Wet,10 - No control,,1,0,0,0,,0,,,,,332903.6521,5013425.414,45.26022601,-76.14190621,12361
17--8414,8/18/2017,9:43 PM,SLADE CRES btwn WALDEN DR & WALDEN DR (__3ZA5J3),__3ZA5J3,01 - Non intersection,03 - P.D. only,06 - SMV unattended vehicle,01 - Clear,07 - Dark,01 - Dry,10 - No control,,1,0,0,0,,0,,,,,350572.5231,5021105.977,45.32841025,-75.91607192,12362
17--8415,8/18/2017,9:50 AM,STRANDHERD DR btwn MARAVISTA DR & KENNEVALE DR (__6NF1SR),__6NF1SR,01 - Non intersection,03 - P.D. only,07 - SMV other,02 - Rain,01 - Daylight,02 - Wet,10 - No control,,1,0,0,0,,0,,,,,361468.7204,5014145.323,45.26498281,-75.77787269,12363
17--8416,8/19/2017,1:00 AM,DONNELLY DR btwn MERLYN WILSON RD & MCCORDICK RD (__3ZA30Q),__3ZA30Q,01 - Non intersection,03 - P.D. only,07 - SMV other,01 - Clear,07 - Dark,01 - Dry,10 - No control,,1,0,0,0,,0,,,,,370022.7924,4991517.282,45.06063398,-75.67183456,12364
17--8417,8/19/2017,1:42 PM,PRINCE OF WALES DR @ WEST HUNT CLUB RD (0000567),567,03 - At intersection,02 - Non-fatal injury,03 - Rear end,01 - Clear,01 - Daylight,01 - Dry,01 - Traffic signal,01 - Functioning,2,0,0,0,02 - Minor,1,,1,,,367458.7013,5021891.526,45.3341741,-75.70057078,12365
17--8418,8/19/2017,1:47 PM,FAIRMONT AVE @ GLADSTONE AVE (0006154),6154,02 - Intersection related,02 - Non-fatal injury,03 - Rear end,01 - Clear,01 - Daylight,01 - Dry,01 - Traffic signal,01 - Functioning,3,1,0,0,02 - Minor,3,,3,,,365735.2709,5029344.347,45.40138497,-75.72163783,12366
17--8419,8/19/2017,1:49 PM,TERRY FOX DR btwn 329 N OF CAMPEAU DR/SIGNATURE CENTRE & CAMPEAU DR (__49GU9G),__49GU9G,01 - Non intersection,02 - Non-fatal injury,04 - Sideswipe,01 - Clear,01 - Daylight,01 - Dry,10 - No control,,2,0,0,0,01 - Minimal,1,1,,,,350130.48,5019033.827,45.30979319,-75.92190049,12367
17--842,1/20/2017,Unknown,ALBANY DR btwn EDGELAND PL & AGINCOURT RD (__3ZAAO3),__3ZAAO3,01 - Non intersection,03 - P.D. only,06 - SMV unattended vehicle,01 - Clear,00 - Unknown,05 - Packed snow,10 - No control,,1,0,0,0,,0,,,,,363290.8656,5025104.037,45.36343977,-75.75336134,12368
17--8420,8/19/2017,11:25 AM,EVELYN AVE btwn ROSEMERE AVE & CONCORD ST S (__3ZA8GJ),__3ZA8GJ,04 - At/near private drive,02 - Non-fatal injury,07 - SMV other,01 - Clear,01 - Daylight,01 - Dry,10 - No control,,1,0,0,1,02 - Minor,1,,1,,,369261.9802,5030609.445,45.41245203,-75.67642824,12369
17--8421,8/19/2017,11:36 AM,GREENBANK RD @ KILBIRNIE DR (0013622),13622,03 - At intersection,02 - Non-fatal injury,02 - Angle,01 - Clear,01 - Daylight,01 - Dry,02 - Stop sign,01 - Functioning,2,0,0,0,02 - Minor,1,,1,,,365285.2559,5011656.861,45.24227377,-75.72954585,12370
17--8422,8/19/2017,11:44 AM,FIFTH AVE btwn CHRYSLER ST & PERCY ST (__3ZA9M5),__3ZA9M5,01 - Non intersection,03 - P.D. only,06 - SMV unattended vehicle,01 - Clear,01 - Daylight,01 - Dry,10 - No control,,1,0,0,0,,0,,,,,367833.0366,5029062.872,45.3986666,-75.69488042,12371
17--8423,8/19/2017,Unknown,PARKIN CIRC btwn FIRST (1ST) ST & STEDMAN ST (__45KTJA),__45KTJA,01 - Non intersection,03 - P.D. only,06 - SMV unattended vehicle,01 - Clear,00 - Unknown,01 - Dry,10 - No control,,1,0,0,0,,0,,,,,372801.4236,5022932.949,45.34304705,-75.63227024,12372
17--8424,8/19/2017,12:44 AM,8TH LINE RD @ GLENWOOD DR (0011513),11513,02 - Intersection related,02 - Non-fatal injury,07 - SMV other,01 - Clear,07 - Dark,01 - Dry,10 - No control,,1,0,0,0,03 - Major,1,,,1,,385888.5425,5010030.301,45.22556725,-75.46740603,12373
17--8425,8/19/2017,2:11 PM,BRONSON AVE @ LAURIER AVE (0006342),6342,03 - At intersection,02 - Non-fatal injury,02 - Angle,01 - Clear,01 - Daylight,01 - Dry,01 - Traffic signal,01 - Functioning,2,1,0,0,01 - Minimal,1,1,,,,366804.2231,5030862.286,45.4149491,-75.70779387,12374
17--8426,8/19/2017,2:31 PM,BASELINE RD @ COLLEGE SQUARE SC (0008826),8826,02 - Intersection related,03 - P.D. only,02 - Angle,01 - Clear,01 - Daylight,01 - Dry,01 - Traffic signal,01 - Functioning,2,0,0,0,,0,,,,,362759.8304,5023897.581,45.3526283,-75.76028092,12375
17--8427,8/19/2017,3:06 PM,INNES RD @ JEANNE D'ARC BLVD/MER BLEUE RD (0012475),12475,03 - At intersection,03 - P.D. only,02 - Angle,01 - Clear,01 - Daylight,01 - Dry,01 - Traffic signal,01 - Functioning,2,0,0,0,,0,,,,,382638.1851,5035567.769,45.45570304,-75.5047725,12376
17--8428,8/19/2017,3:08 PM,MARGUERITE AVE @ STEVENS AVE (0008502),8502,02 - Intersection related,03 - P.D. only,02 - Angle,01 - Clear,01 - Daylight,01 - Dry,10 - No control,00 - Unknown,2,1,0,0,,0,,,,,370058.7201,5032448.687,45.42892696,-75.66600648,12377
17--8429,8/19/2017,3:12 PM,IONA ST @ PICCADILLY AVE (0006693),6693,03 - At intersection,02 - Non-fatal injury,02 - Angle,01 - Clear,01 - Daylight,01 - Dry,03 - Yield sign,01 - Functioning,2,0,0,0,01 - Minimal,2,2,,,,364434.1749,5028421.837,45.39319645,-75.73836753,12378
17--843,1/20/2017,Unknown,MERIDIAN PL btwn PALLISTER PRIV & CHRYSALIS WAY (__4CZB8Q),__4CZB8Q,01 - Non intersection,03 - P.D. only,06 - SMV unattended vehicle,01 - Clear,00 - Unknown,02 - Wet,10 - No control,,1,0,0,0,,0,,,,,362753.8012,5022761.371,45.34240526,-75.76049101,12379
17--8430,8/19/2017,4:06 PM,BOOTH ST @ SOMERSET ST (0002216),2216,03 - At intersection,03 - P.D. only,02 - Angle,01 - Clear,01 - Daylight,01 - Dry,01 - Traffic signal,01 - Functioning,2,0,0,0,,0,,,,,366593.1497,5030254.347,45.4094977,-75.71056663,12380
17--8431,8/19/2017,4:25 PM,BANK ST @ MITCH OWENS RD (0001640),1640,02 - Intersection related,03 - P.D. only,05 - Turning movement,01 - Clear,01 - Daylight,01 - Dry,01 - Traffic signal,01 - Functioning,2,0,0,0,,0,,,,,377757.4712,5015948.538,45.27970657,-75.57006521,12381
17--8432,8/19/2017,4:35 PM,MONTREAL RD @ VANIER PKWY (0004630),4630,02 - Intersection related,03 - P.D. only,04 - Sideswipe,01 - Clear,01 - Daylight,01 - Dry,01 - Traffic signal,00 - Unknown,2,0,0,0,,0,,,,,370073.3508,5033064.31,45.43446471,-75.66573791,12382
17--8433,8/19/2017,5:43 PM,CYRVILLE RD @ INNES RD (0009352),9352,02 - Intersection related,03 - P.D. only,04 - Sideswipe,01 - Clear,01 - Daylight,01 - Dry,01 - Traffic signal,01 - Functioning,2,0,0,0,,0,,,,,375047.7247,5031120.205,45.41649071,-75.60244502,12383
17--8434,8/19/2017,6:12 PM,BRONSON AVE btwn POWELL AVE & CLEMOW AVE (__3ZA3OX),__3ZA3OX,01 - Non intersection,03 - P.D. only,03 - Rear end,01 - Clear,01 - Daylight,01 - Dry,10 - No control,,3,0,0,0,,0,,,,,367400.8612,5029443.944,45.40213416,-75.70035168,12384
17--8435,8/19/2017,6:20 PM,AVIATION PKWY @ OGILVIE RD (0004114),4114,02 - Intersection related,03 - P.D. only,03 - Rear end,01 - Clear,01 - Daylight,01 - Dry,01 - Traffic signal,01 - Functioning,2,0,0,0,,0,,,,,373109.8512,5032375.938,45.42798106,-75.62702817,12385
17--8436,8/19/2017,7:06 PM,OTTAWA RIVER PKWY @ ISLAND PARK DR (0002127),2127,02 - Intersection related,03 - P.D. only,02 - Angle,01 - Clear,01 - Daylight,01 - Dry,01 - Traffic signal,01 - Functioning,2,0,0,0,,0,,,,,363298.6953,5029453.563,45.40257552,-75.75274598,12386
17--8437,8/19/2017,8:37 PM,ELGIN ST @ MCLEOD ST (0007274),7274,03 - At intersection,02 - Non-fatal injury,02 - Angle,01 - Clear,07 - Dark,01 - Dry,02 - Stop sign,01 - Functioning,2,0,0,0,02 - Minor,2,1,1,,,368424.7121,5030778.924,45.41405357,-75.68710228,12387
17--8438,8/19/2017,9:40 PM,MONTREAL RD @ ST. LAURENT BLVD (0002604),2604,02 - Intersection related,03 - P.D. only,04 - Sideswipe,01 - Clear,07 - Dark,01 - Dry,01 - Traffic signal,00 - Unknown,2,0,0,0,,0,,,,,371545.256,5033817.818,45.44110549,-75.64682532,12388
17--8439,8/20/2017,1:14 PM,SULLIVAN AVE @ VIEWMOUNT DR (0001047),1047,03 - At intersection,02 - Non-fatal injury,07 - SMV other,01 - Clear,01 - Daylight,01 - Dry,02 - Stop sign,01 - Functioning,1,0,1,0,02 - Minor,1,,1,,,364026.1254,5022604.286,45.34088556,-75.74427595,12389
17--844,1/20/2017,Unknown,ST. LAURENT BLVD btwn CONROY RD & THURSTON DR (__3ZA49E),__3ZA49E,01 - Non intersection,03 - P.D. only,06 - SMV unattended vehicle,01 - Clear,00 - Unknown,02 - Wet,10 - No control,,1,0,0,0,,0,,,,,373117.7307,5027185.618,45.38128017,-75.6276466,12390
17--8440,8/20/2017,10:45 AM,ARGYLE AVE btwn METCALFE ST & METCALFE ST (__3ZA3QQ),__3ZA3QQ,04 - At/near private drive,03 - P.D. only,05 - Turning movement,01 - Clear,01 - Daylight,01 - Dry,10 - No control,,2,0,0,0,,0,,,,,368374.7143,5030599.676,45.4124453,-75.68776413,12391
17--8441,8/20/2017,10:58 PM,EDITH AVE @ QUEEN MARY ST (0008557),8557,03 - At intersection,02 - Non-fatal injury,02 - Angle,01 - Clear,07 - Dark,01 - Dry,02 - Stop sign,01 - Functioning,2,1,0,0,02 - Minor,1,,1,,,370933.5838,5032022.797,45.42501281,-75.6548843,12392
17--8442,8/20/2017,11:29 AM,CARLING AVE @ WOODROFFE AVE W (0011470),11470,02 - Intersection related,03 - P.D. only,03 - Rear end,01 - Clear,01 - Daylight,01 - Dry,01 - Traffic signal,01 - Functioning,2,0,0,0,,0,,,,,361768.3246,5025726.155,45.36916293,-75.77272332,12393
17--8443,8/20/2017,11:40 AM,ASSALY RD @ RICHMOND RD (0002682),2682,02 - Intersection related,03 - P.D. only,02 - Angle,01 - Clear,01 - Daylight,01 - Dry,01 - Traffic signal,01 - Functioning,2,0,0,0,,0,,,,,360729.2424,5025529.613,45.36747814,-75.7860098,12394
17--8444,8/20/2017,12:19 PM,GREENBANK RD @ CANFIELD RD/CRAIG HENRY DR (0000154),154,03 - At intersection,02 - Non-fatal injury,02 - Angle,01 - Clear,01 - Daylight,01 - Dry,01 - Traffic signal,01 - Functioning,2,1,0,0,01 - Minimal,1,1,,,,361107.1113,5021364.708,45.32997222,-75.78166053,12395
17--8445,8/20/2017,2:00 AM,HIGHWAY 417 btwn HWY417 IC163 RAMP16 & HWY417 IC169 RAMP61 (__5SPO79),__5SPO79,01 - Non intersection,03 - P.D. only,07 - SMV other,01 - Clear,07 - Dark,01 - Dry,10 - No control,,1,0,0,0,,0,,,,,326761.7775,5024013.369,45.35572166,-76.21969506,12396
17--8446,8/20/2017,3:23 PM,TERRY FOX DR btwn CASTLEFRANK RD & TRANS CANADA TRAIL (__355BDZA),__355BDZA,01 - Non intersection,03 - P.D. only,04 - Sideswipe,01 - Clear,01 - Daylight,01 - Dry,10 - No control,,3,0,0,0,,0,,,,,353123.4588,5016153.999,45.28368026,-75.88401382,12397
17--8447,8/20/2017,3:31 PM,CASTLEFRANK RD @ TERRY FOX DR (0011757),11757,02 - Intersection related,03 - P.D. only,03 - Rear end,01 - Clear,01 - Daylight,01 - Dry,01 - Traffic signal,01 - Functioning,2,0,0,0,,0,,,,,352993.787,5016303.698,45.28503619,-75.88565213,12398
17--8448,8/20/2017,3:37 PM,THORNBURY CRES btwn REDDING WAY & REDDING WAY (__3ZBO79),__3ZBO79,04 - At/near private drive,03 - P.D. only,06 - SMV unattended vehicle,01 - Clear,01 - Daylight,01 - Dry,10 - No control,,1,0,0,0,,0,,,,,362023.4054,5023353.663,45.34779464,-75.7697418,12399
17--8449,8/20/2017,4:28 PM,CLEGG ST @ COLONEL BY DR (0008785),8785,03 - At intersection,03 - P.D. only,03 - Rear end,01 - Clear,01 - Daylight,01 - Dry,01 - Traffic signal,01 - Functioning,2,0,0,0,,0,,,,,368968.5677,5029741.214,45.40466695,-75.68028953,12400
17--845,1/20/2017,12:51 PM,GLADSTONE AVE @ PERCY ST (0007203),7203,02 - Intersection related,02 - Non-fatal injury,05 - Turning movement,02 - Rain,01 - Daylight,02 - Wet,01 - Traffic signal,01 - Functioning,4,0,0,0,01 - Minimal,1,1,,,,367327.623,5030206.295,45.40900011,-75.70119044,12401
17--8450,8/20/2017,4:39 AM,NAVAHO DR btwn Continuation of NAVAHO DR & Continuation of NAVAHO DR (__5QC9OU),__5QC9OU,01 - Non intersection,03 - P.D. only,07 - SMV other,01 - Clear,07 - Dark,01 - Dry,10 - No control,,1,0,0,0,,0,,,,,363146.0842,5023903.535,45.35264984,-75.75535103,12402
17--8451,8/20/2017,5:03 AM,MCARTHUR AVE btwn MAY ST & ST. LAURENT BLVD (__3ZA3XL),__3ZA3XL,01 - Non intersection,03 - P.D. only,03 - Rear end,01 - Clear,07 - Dark,01 - Dry,10 - No control,,2,0,0,0,,0,,,,,371825.3447,5032868.11,45.43253367,-75.64337478,12403
17--8452,8/20/2017,8:20 PM,INDUSTRIAL AVE/INNES RD @ ST. LAURENT BLVD (0002203),2203,02 - Intersection related,03 - P.D. only,02 - Angle,01 - Clear,05 - Dusk,01 - Dry,01 - Traffic signal,01 - Functioning,2,0,0,0,,0,,,,,373099.7274,5030005.351,45.40665264,-75.62748611,12404
17--8453,8/20/2017,8:21 PM,CORKSTOWN RD @ MARCH RD (0003153),3153,02 - Intersection related,03 - P.D. only,05 - Turning movement,01 - Clear,07 - Dark,01 - Dry,02 - Stop sign,01 - Functioning,2,0,0,0,,0,,,,,352658.9076,5020882.839,45.32626324,-75.8894786,12405
17--8454,8/20/2017,8:36 PM,FALLOWFIELD RD @ STEEPLE HILL CRES (0000635),635,03 - At intersection,02 - Non-fatal injury,02 - Angle,01 - Clear,05 - Dusk,01 - Dry,02 - Stop sign,01 - Functioning,2,0,1,0,02 - Minor,1,,1,,,358397.6936,5013996.704,45.26388622,-75.81701983,12406
17--8455,8/20/2017,8:53 PM,BAYSHORE DR @ WOODRIDGE CRES S (0000360),360,02 - Intersection related,02 - Non-fatal injury,03 - Rear end,01 - Clear,07 - Dark,01 - Dry,01 - Traffic signal,01 - Functioning,3,0,0,0,01 - Minimal,1,1,,,,359234.1005,5023508.859,45.34941312,-75.80531782,12407
17--8456,8/20/2017,9:24 PM,MAITLAND AVE btwn HENRY FARM DR & TERREBONNE DR (__3ZA4I1),__3ZA4I1,01 - Non intersection,02 - Non-fatal injury,04 - Sideswipe,01 - Clear,07 - Dark,01 - Dry,10 - No control,,2,0,1,0,01 - Minimal,1,1,,,,363943.9364,5025138.12,45.36369165,-75.7450215,12408
17--8457,8/20/2017,9:29 PM,BYRON AVE @ TWEEDSMUIR AVE (0006667),6667,03 - At intersection,02 - Non-fatal injury,02 - Angle,01 - Clear,07 - Dark,01 - Dry,02 - Stop sign,01 - Functioning,2,0,0,0,01 - Minimal,1,1,,,,363593.1635,5028304.079,45.39220799,-75.74912181,12409
17--8458,8/21/2017,1:22 PM,MONTREAL RD @ BATHGATE DR/BURMA RD (0007650),7650,02 - Intersection related,03 - P.D. only,04 - Sideswipe,01 - Clear,01 - Daylight,01 - Dry,01 - Traffic signal,00 - Unknown,2,0,0,0,,0,,,,,373225.1539,5034516.376,45.44722834,-75.62525729,12410
17--8459,8/21/2017,1:29 PM,BAYSWATER AVE @ GLADSTONE AVE (0006164),6164,03 - At intersection,03 - P.D. only,05 - Turning movement,01 - Clear,01 - Daylight,01 - Dry,01 - Traffic signal,01 - Functioning,2,0,0,0,,0,,,,,366000.2869,5029479.56,45.40257846,-75.71823616,12411
17--846,1/20/2017,12:54 PM,ISLAND PARK DR @ RICHMOND RD (0002125),2125,02 - Intersection related,03 - P.D. only,04 - Sideswipe,01 - Clear,01 - Daylight,01 - Dry,01 - Traffic signal,01 - Functioning,2,0,0,0,,0,,,,,364129.0474,5028866.464,45.39722303,-75.74221072,12412
17--8460,8/21/2017,1:30 PM,HARVEY ST @ MAIN ST (0002655),2655,03 - At intersection,02 - Non-fatal injury,05 - Turning movement,01 - Clear,01 - Daylight,01 - Dry,02 - Stop sign,01 - Functioning,2,1,0,0,02 - Minor,1,,1,,,368925.2835,5030742.352,45.41367881,-75.68071217,12413
17--8461,8/21/2017,10:26 AM,BOOTH ST @ ECCLES ST (0005105),5105,02 - Intersection related,02 - Non-fatal injury,07 - SMV other,01 - Clear,01 - Daylight,01 - Dry,01 - Traffic signal,01 - Functioning,1,0,0,2,01 - Minimal,2,2,,,,366623.2265,5030186.328,45.40888303,-75.71019096,12414
17--8462,8/21/2017,11:49 AM,BRONSON AVE @ SUNNYSIDE AVE/UNIVERSITY RD - CA (0007209),7209,02 - Intersection related,03 - P.D. only,04 - Sideswipe,01 - Clear,01 - Daylight,01 - Dry,01 - Traffic signal,00 - Unknown,2,0,0,0,,0,,,,,367923.5731,5028091.331,45.3899168,-75.69384842,12415
17--8463,8/21/2017,Unknown,GILMOUR ST @ O'CONNOR ST (0007286),7286,02 - Intersection related,03 - P.D. only,06 - SMV unattended vehicle,01 - Clear,00 - Unknown,01 - Dry,01 - Traffic signal,00 - Unknown,1,0,0,0,,0,,,,,367944.9935,5030869.211,45.41490939,-75.6932192,12416
17--8464,8/21/2017,12:21 PM,MERIVALE RD/LOTTA AVE @ CLYDE AVE (0001112),1112,02 - Intersection related,03 - P.D. only,03 - Rear end,01 - Clear,01 - Daylight,01 - Dry,01 - Traffic signal,00 - Unknown,2,0,0,0,,0,,,,,364522.1169,5024507.036,45.35796422,-75.73771788,12417
17--8465,8/21/2017,2:00 PM,RIVERSIDE DR @ UPLANDS DR/KIMBERWICK CRES N (0006890),6890,02 - Intersection related,03 - P.D. only,03 - Rear end,01 - Clear,01 - Daylight,01 - Dry,01 - Traffic signal,01 - Functioning,2,0,0,0,,0,,,,,368194.5917,5022793.279,45.34222179,-75.69106735,12418