Anom_ID,Accident_Date,Accident_Time,Location,Geo_ID,Accident_Location,Classification_of_Accident,Initial_Impact_Type,Environment_Condition,Light,Road_Surface_Condition,Traffic_Control,Traffic_Control_Condition,No__of_Vehicles,No__of_Bicycles,No__of_Motorcycles,No__of_Pedestrians,Max_Injury,No__of_Injuries,No__of_Minimal,No__of_Minor,No__of_Major,No__of_Fatal,X,Y,Latitude,Longitude,ObjectId
17--8466,8/21/2017,2:49 PM,ALESTHER ST btwn PRINCE ALBERT ST & END (__3ZA8H5),__3ZA8H5,01 - Non intersection,03 - P.D. only,06 - SMV unattended vehicle,01 - Clear,01 - Daylight,01 - Dry,10 - No control,,1,0,0,0,,0,,,,,372158.2667,5032060.027,45.42523093,-75.63923084,12419
17--8467,8/21/2017,3:08 PM,ST. LAURENT BLVD btwn QUEEN MARY ST & CYRVILLE RD (__3ZBOFG),__3ZBOFG,01 - Non intersection,03 - P.D. only,03 - Rear end,01 - Clear,01 - Daylight,01 - Dry,10 - No control,,2,0,0,0,,0,,,,,372233.2375,5032132.313,45.4258741,-75.63826301,12420
17--8468,8/21/2017,3:21 PM,MONTREAL RD @ BATHGATE DR/BURMA RD (0007650),7650,02 - Intersection related,03 - P.D. only,03 - Rear end,01 - Clear,01 - Daylight,01 - Dry,01 - Traffic signal,01 - Functioning,2,0,0,0,,0,,,,,373224.2909,5034515.513,45.44722066,-75.62526844,12421
17--8469,8/21/2017,3:23 PM,RICHMOND RD btwn WINSTON AVE & CHURCHILL AVE N (__3ZA4OS),__3ZA4OS,01 - Non intersection,03 - P.D. only,06 - SMV unattended vehicle,01 - Clear,01 - Daylight,01 - Dry,10 - No control,,1,0,0,0,,0,,,,,363203.9613,5028275.939,45.39198736,-75.75409542,12422
17--8039,8/8/2017,12:16 AM,BIRCH AVE EXT./ROCKCLIFFE PKWY @ ROCKCLIFFE PK (0008782),8782,03 - At intersection,03 - P.D. only,07 - SMV other,02 - Rain,07 - Dark,02 - Wet,02 - Stop sign,01 - Functioning,1,0,0,0,,0,,,,,370128.7019,5035705.615,45.45822485,-75.66467984,12423
17--804,1/19/2017,12:04 PM,GRENON AVE btwn MICHELE DR & RICHMOND RD (__3ZAAD6),__3ZAAD6,01 - Non intersection,03 - P.D. only,99 - Other,01 - Clear,01 - Daylight,04 - Slush,10 - No control,,2,0,0,0,,0,,,,,359720.9175,5024089.684,45.35460143,-75.79904107,12424
17--8040,8/8/2017,12:35 PM,INNES RD @ LANTHIER DR/PRESTWICK DR (0004251),4251,02 - Intersection related,03 - P.D. only,04 - Sideswipe,01 - Clear,01 - Daylight,01 - Dry,01 - Traffic signal,01 - Functioning,2,0,0,0,,0,,,,,383540.0745,5035989.841,45.45939942,-75.49317527,12425
17--8041,8/8/2017,12:58 PM,BANK ST @ CAHILL DR/DAZE ST (0012178),12178,02 - Intersection related,02 - Non-fatal injury,03 - Rear end,01 - Clear,01 - Daylight,01 - Dry,01 - Traffic signal,01 - Functioning,2,0,0,0,02 - Minor,1,,1,,,371306.2062,5024315.814,45.35563299,-75.65116181,12426
17--8042,8/8/2017,2:30 PM,AGES DR @ HAWTHORNE RD (0006397),6397,02 - Intersection related,03 - P.D. only,05 - Turning movement,01 - Clear,01 - Daylight,01 - Dry,01 - Traffic signal,00 - Unknown,2,0,0,0,,0,,,,,374971.7412,5027717.536,45.38588286,-75.60389988,12427
17--8043,8/8/2017,2:53 AM,CABIN RD @ MCGUIRE RD (0005835),5835,03 - At intersection,02 - Non-fatal injury,07 - SMV other,"07 - Fog, mist, smoke, dust",07 - Dark,01 - Dry,10 - No control,00 - Unknown,1,0,0,0,02 - Minor,1,,1,,,376396.1965,5003121.958,45.16443636,-75.58925877,12428
17--8044,8/8/2017,3:25 PM,NICHOLAS ST NB btwn HWY417 IC118 RAMP52 & WALLER ST/TRANSITWAY (__6KCFNL),__6KCFNL,01 - Non intersection,02 - Non-fatal injury,03 - Rear end,01 - Clear,01 - Daylight,01 - Dry,10 - No control,,2,0,0,0,02 - Minor,2,,2,,,368940.2887,5031382.74,45.41943942,-75.68043713,12429
17--8045,8/8/2017,3:30 PM,HIGHWAY 417 btwn HWY417 IC117 RAMP51 & HWY417 IC117 RAMP35 (__3ZA2YN),__3ZA2YN,01 - Non intersection,02 - Non-fatal injury,03 - Rear end,01 - Clear,01 - Daylight,01 - Dry,10 - No control,,4,0,0,0,01 - Minimal,1,1,,,,370619.6867,5031161.672,45.41729436,-75.65901017,12430
17--8046,8/8/2017,3:57 PM,BANKFIELD RD @ PRINCE OF WALES DR (0003618),3618,03 - At intersection,03 - P.D. only,03 - Rear end,01 - Clear,01 - Daylight,01 - Dry,01 - Traffic signal,01 - Functioning,2,0,0,0,,0,,,,,366379.6899,5008975.082,45.21804818,-75.71593823,12431
17--8047,8/8/2017,4:07 PM,WEST HUNT CLUB RD @ ROYDON PL/SUNDERLAND ST (0009775),9775,02 - Intersection related,03 - P.D. only,03 - Rear end,01 - Clear,01 - Daylight,01 - Dry,01 - Traffic signal,00 - Unknown,2,0,0,0,,0,,,,,365974.9253,5022169.186,45.33680337,-75.71946539,12432
17--8048,8/8/2017,4:20 PM,HIGHWAY 417 btwn HWY417 IC126 RAMP61 & HWY417 IC124 RAMP76 (__3ZA2Y2),__3ZA2Y2,01 - Non intersection,03 - P.D. only,03 - Rear end,01 - Clear,01 - Daylight,01 - Dry,10 - No control,,3,0,0,0,,0,,,,,363683.9224,5026551.383,45.37642989,-75.74817186,12433
17--8049,8/8/2017,4:25 PM,HIGHWAY 417 btwn HWY417 IC119A RAMP75 & HWY417 IC118 RAMP57 (__3ZA2R2),__3ZA2R2,01 - Non intersection,02 - Non-fatal injury,03 - Rear end,01 - Clear,01 - Daylight,01 - Dry,10 - No control,,2,0,0,0,01 - Minimal,2,2,,,,368906.3663,5030671.581,45.41304377,-75.68096304,12434
17--805,1/19/2017,2:14 PM,HEATHERINGTON RD btwn FAIRLEA CRES & ANGELA PRIV (__3ZBOQL),__3ZBOQL,01 - Non intersection,03 - P.D. only,01 - Approaching,04 - Freezing Rain,01 - Daylight,06 - Ice,10 - No control,,2,0,0,0,,0,,,,,371846.3084,5026600.525,45.37613856,-75.64395907,12435
17--8050,8/8/2017,4:28 PM,PRINCE OF WALES DR btwn NATIONAL CAPITAL COMM DRWY & NATIONAL CAPITAL  (__3ZA4OO),__3ZA4OO,01 - Non intersection,03 - P.D. only,03 - Rear end,01 - Clear,01 - Daylight,01 - Dry,10 - No control,,3,0,0,0,,0,,,,,366850.4333,5028131.764,45.39037651,-75.70754708,12436
17--8051,8/8/2017,4:30 PM,HIGHWAY 417 btwn HWY417 IC122 RAMP61 & HWY417 IC121B RAMP16 (__3ZA2Y4),__3ZA2Y4,01 - Non intersection,03 - P.D. only,03 - Rear end,01 - Clear,01 - Daylight,01 - Dry,10 - No control,,2,0,0,0,,0,,,,,366551.3059,5029524.776,45.40293692,-75.71119253,12437
17--8052,8/8/2017,4:32 PM,KITCHENER AVE @ BANK ST (0011963),11963,02 - Intersection related,02 - Non-fatal injury,03 - Rear end,01 - Clear,01 - Daylight,01 - Dry,01 - Traffic signal,01 - Functioning,3,0,0,0,02 - Minor,1,,1,,,370540.8761,5025500.272,45.36636254,-75.66077133,12438
17--8053,8/8/2017,4:45 PM,CYRVILLE RD btwn STAR TOP RD & MEADOWBROOK RD (__3ZA3SN),__3ZA3SN,01 - Non intersection,03 - P.D. only,04 - Sideswipe,01 - Clear,01 - Daylight,01 - Dry,10 - No control,,2,0,0,0,,0,,,,,374498.3579,5031287.114,45.41804741,-75.60943981,12439
17--8054,8/8/2017,5:00 PM,BRIAN COBURN BLVD @ TRIM RD (0015655),15655,03 - At intersection,02 - Non-fatal injury,07 - SMV other,01 - Clear,01 - Daylight,01 - Dry,11 - Roundabout,01 - Functioning,1,0,1,0,01 - Minimal,1,1,,,,387159.8738,5035824.92,45.45749831,-75.44692535,12440
17--8055,8/8/2017,5:07 PM,WEST HUNT CLUB RD @ ANTARES DR/LASER ST (0000116),116,03 - At intersection,02 - Non-fatal injury,02 - Angle,01 - Clear,01 - Daylight,01 - Dry,01 - Traffic signal,01 - Functioning,2,1,0,0,01 - Minimal,1,1,,,,367107.5921,5022081.297,45.33591289,-75.70502607,12441
17--8056,8/8/2017,5:09 PM,BASELINE RD btwn MARSON ST & FISHER AVE (__3ZA4JL),__3ZA4JL,01 - Non intersection,02 - Non-fatal injury,03 - Rear end,01 - Clear,01 - Daylight,01 - Dry,10 - No control,,2,0,0,0,02 - Minor,1,,1,,,366083.38,5025973.385,45.37102343,-75.71761019,12442
17--8057,8/8/2017,5:15 PM,PRINCE OF WALES DR @ FAIRPARK DR (0010329),10329,02 - Intersection related,02 - Non-fatal injury,03 - Rear end,01 - Clear,01 - Daylight,01 - Dry,02 - Stop sign,00 - Unknown,2,0,1,0,01 - Minimal,1,1,,,,367269.3755,5015413.028,45.27589828,-75.70380253,12443
17--8058,8/8/2017,5:34 PM,CUMBERLAND ST @ MURRAY ST (0008237),8237,02 - Intersection related,03 - P.D. only,06 - SMV unattended vehicle,01 - Clear,01 - Daylight,01 - Dry,01 - Traffic signal,01 - Functioning,1,0,0,0,,0,,,,,368169.4149,5032679.585,45.43117823,-75.69011925,12444
17--8059,8/8/2017,5:37 PM,BANK ST @ GLADSTONE AVE (0002253),2253,02 - Intersection related,03 - P.D. only,04 - Sideswipe,01 - Clear,01 - Daylight,01 - Dry,01 - Traffic signal,01 - Functioning,2,0,0,0,,0,,,,,367916.7064,5030562.571,45.4121529,-75.69361984,12445
17--806,1/19/2017,2:45 PM,EDGECOMBE ST @ SMYTH RD (0007735),7735,03 - At intersection,03 - P.D. only,04 - Sideswipe,01 - Clear,01 - Daylight,01 - Dry,02 - Stop sign,01 - Functioning,2,0,0,0,,0,,,,,372325.0473,5029271.595,45.40012579,-75.63748181,12446
17--8060,8/8/2017,5:52 PM,"MELODIE, RUE DE LA @ RENAUD RD (0015663)",15663,02 - Intersection related,02 - Non-fatal injury,03 - Rear end,01 - Clear,01 - Daylight,01 - Dry,02 - Stop sign,00 - Unknown,2,0,0,0,02 - Minor,1,,1,,,382170.458,5032953.609,45.43223491,-75.51116291,12447
17--8061,8/8/2017,5:56 PM,PRINCE OF WALES DR @ STRANDHERD DR (0013339),13339,02 - Intersection related,03 - P.D. only,03 - Rear end,01 - Clear,01 - Daylight,01 - Dry,01 - Traffic signal,01 - Functioning,2,0,0,0,,0,,,,,367175.8913,5014825.093,45.27061638,-75.70506777,12448
17--8062,8/8/2017,6:30 PM,LONGWOOD AVE btwn HARWICK CRES & SYCAMORE DR (__3ZABOJ),__3ZABOJ,01 - Non intersection,03 - P.D. only,06 - SMV unattended vehicle,01 - Clear,01 - Daylight,01 - Dry,10 - No control,,1,0,0,0,,0,,,,,357717.2091,5020116.999,45.31900902,-75.82503752,12449
17--8063,8/8/2017,6:57 PM,MITCH OWENS RD btwn DAWN TARA DR & JOHN QUINN RD (__3ZBOGJ),__3ZBOGJ,01 - Non intersection,03 - P.D. only,07 - SMV other,01 - Clear,01 - Daylight,01 - Dry,10 - No control,,1,0,0,0,,0,,,,,380303.369,5017511.526,45.29350075,-75.53738121,12450
17--8064,8/8/2017,7:30 AM,WALKLEY RD @ DON REID DR/RYDER ST (0008218),8218,02 - Intersection related,03 - P.D. only,03 - Rear end,01 - Clear,01 - Daylight,01 - Dry,01 - Traffic signal,01 - Functioning,2,0,0,0,,0,,,,,372604.0898,5027286.891,45.38224129,-75.63419064,12451
17--8065,8/8/2017,7:44 PM,BANK ST btwn RIVERSIDE DR & BILLINGS TRANSIT (__3ZA3NMA),__3ZA3NMA,04 - At/near private drive,02 - Non-fatal injury,05 - Turning movement,01 - Clear,01 - Daylight,01 - Dry,10 - No control,,2,1,0,0,01 - Minimal,1,1,,,,369398.8629,5027789.654,45.38706789,-75.67504891,12452
17--8066,8/8/2017,7:51 PM,EAGLESON RD @ HAZELDEAN RD/ROBERTSON RD (0002715),2715,03 - At intersection,03 - P.D. only,05 - Turning movement,01 - Clear,01 - Daylight,01 - Dry,01 - Traffic signal,01 - Functioning,4,0,0,0,,0,,,,,353674.2629,5018423.503,45.30406369,-75.87676941,12453
17--8067,8/8/2017,8:00 AM,WELLINGTON ST    W btwn PARKDALE AVE & MCCORMICK ST (__3ZA3ZR),__3ZA3ZR,01 - Non intersection,03 - P.D. only,06 - SMV unattended vehicle,01 - Clear,01 - Daylight,01 - Dry,10 - No control,,1,0,0,0,,0,,,,,365298.5374,5029367.67,45.4016327,-75.72721311,12454
17--8068,8/8/2017,8:12 AM,MEADOWLANDS DR @ MERIVALE RD (0000625),625,02 - Intersection related,02 - Non-fatal injury,03 - Rear end,01 - Clear,01 - Daylight,01 - Dry,01 - Traffic signal,01 - Functioning,2,0,0,0,01 - Minimal,1,1,,,,364860.5264,5023725.206,45.35090052,-75.73349385,12455
17--8069,8/8/2017,8:30 AM,FALLOWFIELD RD @ WOODROFFE AVE (0010372),10372,03 - At intersection,03 - P.D. only,03 - Rear end,01 - Clear,01 - Daylight,01 - Dry,01 - Traffic signal,01 - Functioning,2,0,0,0,,0,,,,,365086.3677,5017904.103,45.29850344,-75.73132059,12456
17--807,1/19/2017,2:56 PM,BLAIR RD @ REGIONAL RD 174 N/OR174 IC112 RAMP61 (0003617),3617,02 - Intersection related,03 - P.D. only,03 - Rear end,01 - Clear,01 - Daylight,01 - Dry,01 - Traffic signal,01 - Functioning,2,0,0,0,,0,,,,,374634.9898,5032990.731,45.43336201,-75.60745269,12457
17--8070,8/8/2017,8:40 PM,LEES AVE / GRAHAM AVE @ MAIN ST (0002252),2252,03 - At intersection,02 - Non-fatal injury,05 - Turning movement,01 - Clear,05 - Dusk,01 - Dry,01 - Traffic signal,01 - Functioning,2,1,0,0,01 - Minimal,1,1,,,,369001.9762,5030561.268,45.41204245,-75.679756,12458
17--8071,8/9/2017,1:05 PM,MER BLEUE RD btwn 210 S OF INNES RD & INNES RD (__3ZA2S1A),__3ZA2S1A,04 - At/near private drive,02 - Non-fatal injury,05 - Turning movement,01 - Clear,01 - Daylight,01 - Dry,10 - No control,,2,0,1,0,02 - Minor,1,,1,,,382705.342,5035430.033,45.45445632,-75.50393579,12459
17--8072,8/9/2017,1:09 PM,HUNTMAR DR btwn OLD CARP RD & BRADLEY SIDE RD (__3ZACWD),__3ZACWD,01 - Non intersection,03 - P.D. only,07 - SMV other,01 - Clear,01 - Daylight,01 - Dry,10 - No control,,1,0,0,0,,0,,,,,345863.1758,5021623.952,45.3333625,-75.97610425,12460
17--8073,8/9/2017,1:12 PM,MEADOWLANDS DR btwn CLAYMOR AVE & DEBRA AVE (__3ZA3GTA),__3ZA3GTA,01 - Non intersection,03 - P.D. only,06 - SMV unattended vehicle,01 - Clear,01 - Daylight,01 - Dry,10 - No control,,1,0,0,0,,0,,,,,367173.6846,5025560.041,45.36720806,-75.70374407,12461
17--8074,8/9/2017,1:47 PM,MAITLAND AVE/HWY 417 MAITLAND IC126R53 @ HWY 4 (0008229),8229,02 - Intersection related,03 - P.D. only,03 - Rear end,01 - Clear,01 - Daylight,01 - Dry,01 - Traffic signal,01 - Functioning,2,0,0,0,,0,,,,,363229.6335,5025774.315,45.36947596,-75.75406364,12462
17--8075,8/9/2017,10:51 PM,BLAIR ST btwn DORION AVE & DRAKE AVE (__3ZA96T),__3ZA96T,04 - At/near private drive,03 - P.D. only,06 - SMV unattended vehicle,01 - Clear,07 - Dark,01 - Dry,10 - No control,,1,0,0,0,,0,,,,,370897.4328,5030177.867,45.4084163,-75.65559368,12463
17--8076,8/9/2017,11:11 PM,CLARE ST @ WESTHAVEN CRES (0011282),11282,03 - At intersection,03 - P.D. only,05 - Turning movement,01 - Clear,07 - Dark,01 - Dry,02 - Stop sign,00 - Unknown,2,0,0,0,,0,,,,,363956.0489,5027926.977,45.38878434,-75.74453282,12464
17--8077,8/9/2017,11:46 AM,ST. JOSEPH BLVD @ JEANNE D'ARC BLVD (0012421),12421,02 - Intersection related,03 - P.D. only,04 - Sideswipe,01 - Clear,01 - Daylight,01 - Dry,11 - Roundabout,00 - Unknown,2,0,0,0,,0,,,,,379860.7425,5036470.94,45.46413295,-75.54014148,12465
17--8078,8/9/2017,Unknown,LEES AVE @ KING EDWARD AVE/MANN AVE (0011413),11413,02 - Intersection related,03 - P.D. only,06 - SMV unattended vehicle,01 - Clear,00 - Unknown,01 - Dry,01 - Traffic signal,00 - Unknown,1,0,0,0,,0,,,,,369179.2039,5031334.822,45.41898633,-75.67739093,12466
17--8079,8/9/2017,Unknown,LAURIER AVE   W btwn METCALFE ST & ELGIN ST (__3ZA35P),__3ZA35P,01 - Non intersection,03 - P.D. only,06 - SMV unattended vehicle,01 - Clear,00 - Unknown,01 - Dry,10 - No control,,1,0,0,0,,0,,,,,367878.91,5031505.44,45.42063993,-75.69398199,12467
17--808,1/19/2017,3:06 PM,HUNT CLUB RD btwn RIVERSIDE DR & LINDBERGH PRIV (__4B3PLN),__4B3PLN,01 - Non intersection,03 - P.D. only,03 - Rear end,01 - Clear,01 - Daylight,02 - Wet,10 - No control,,2,0,0,0,,0,,,,,368213.7522,5022040.034,45.33544251,-75.69091942,12468
17--8080,8/9/2017,2:24 PM,ORTONA AVE N @ NORMANDY CRES N (0003352),3352,03 - At intersection,02 - Non-fatal injury,02 - Angle,01 - Clear,01 - Daylight,01 - Dry,02 - Stop sign,01 - Functioning,2,0,0,0,02 - Minor,1,,1,,,366830.2565,5024871.872,45.36104654,-75.7082142,12469
17--8081,8/9/2017,3:04 PM,GLADSTONE AVE @ METCALFE ST (0002709),2709,03 - At intersection,03 - P.D. only,05 - Turning movement,01 - Clear,01 - Daylight,01 - Dry,01 - Traffic signal,01 - Functioning,2,0,0,0,,0,,,,,368230.0737,5030750.25,45.41381324,-75.68959251,12470
17--8082,8/9/2017,3:13 PM,BANK ST @ COLLINS AVE/WILDWOOD AVE (0006959),6959,02 - Intersection related,03 - P.D. only,03 - Rear end,01 - Clear,01 - Daylight,01 - Dry,02 - Stop sign,00 - Unknown,2,0,0,0,,0,,,,,370049.5021,5026697.842,45.37718382,-75.6668852,12471
17--8083,8/9/2017,3:22 PM,HIGHWAY 417 btwn HWY417 IC120B RAMP36 & HWY417 IC119B RAMP76 (__3ZA2YU),__3ZA2YU,01 - Non intersection,03 - P.D. only,03 - Rear end,01 - Clear,01 - Daylight,01 - Dry,10 - No control,,4,0,0,0,,0,,,,,368072.5573,5030211.424,45.40897931,-75.69167396,12472
17--8084,8/9/2017,3:39 PM,MERIVALE RD @ SLACK RD (0000110),110,02 - Intersection related,03 - P.D. only,03 - Rear end,01 - Clear,01 - Daylight,01 - Dry,01 - Traffic signal,00 - Unknown,2,0,0,0,,0,,,,,366020.0667,5020954.529,45.32587011,-75.7190397,12473
17--8085,8/9/2017,3:39 PM,INNES RD btwn HWY417 IC112 RAMP58 & HWY417 IC112 RAMP57 (__3ZA3R0),__3ZA3R0,01 - Non intersection,02 - Non-fatal injury,03 - Rear end,01 - Clear,01 - Daylight,01 - Dry,10 - No control,,3,0,0,0,02 - Minor,1,,1,,,374236.0059,5030716.18,45.41293652,-75.61287201,12474
17--8086,8/9/2017,4:29 PM,HIGHWAY 417 btwn HWY417 IC126 RAMP51 & HWY417 IC126 RAMP25 (__3ZA2RD),__3ZA2RD,01 - Non intersection,03 - P.D. only,07 - SMV other,01 - Clear,01 - Daylight,01 - Dry,10 - No control,,1,0,0,0,,0,,,,,363257.9777,5025949.295,45.37104804,-75.75368111,12475
17--8087,8/9/2017,6:00 PM,EARL ARMSTRONG RD @ SPRATT RD (0013063),13063,02 - Intersection related,03 - P.D. only,03 - Rear end,01 - Clear,01 - Daylight,01 - Dry,01 - Traffic signal,01 - Functioning,2,0,0,0,,0,,,,,368397.3179,5015011.125,45.27218088,-75.68947936,12476
17--8088,8/9/2017,6:18 PM,PARKDALE AVE @ GLADSTONE AVE (0002362),2362,02 - Intersection related,03 - P.D. only,03 - Rear end,01 - Clear,01 - Daylight,01 - Dry,01 - Traffic signal,01 - Functioning,2,0,0,0,,0,,,,,365216.7017,5029117.92,45.39939257,-75.72828895,12477
17--8089,8/9/2017,6:40 AM,HIGHWAY 417 btwn HWY417 IC121A RAMP51 & HWY417 IC120A RAMP52 (__3ZA2R6),__3ZA2R6,01 - Non intersection,03 - P.D. only,03 - Rear end,01 - Clear,01 - Daylight,01 - Dry,10 - No control,,4,0,0,0,,0,,,,,367261.0257,5029732.633,45.40474419,-75.70210116,12478
17--809,1/19/2017,3:26 PM,HERZBERG RD @ CARLING AVE (0003193),3193,02 - Intersection related,03 - P.D. only,03 - Rear end,01 - Clear,01 - Daylight,01 - Dry,01 - Traffic signal,01 - Functioning,3,0,0,0,,0,,,,,352038.5668,5022300.729,45.33906373,-75.89725633,12479
17--8090,8/9/2017,6:42 AM,HIGHWAY 417 btwn HWY417 IC121A RAMP51 & HWY417 IC120A RAMP52 (__3ZA2R6),__3ZA2R6,01 - Non intersection,03 - P.D. only,04 - Sideswipe,01 - Clear,01 - Daylight,01 - Dry,10 - No control,,2,0,0,0,,0,,,,,367243.2456,5029725.013,45.40467721,-75.70232923,12480
17--8091,8/9/2017,7:26 AM,CORONATION AVE btwn CHOMLEY CRES & WEYBURN ST (__3ZA80M),__3ZA80M,01 - Non intersection,02 - Non-fatal injury,04 - Sideswipe,01 - Clear,01 - Daylight,01 - Dry,10 - No control,,2,1,0,0,02 - Minor,2,,2,,,371777.1517,5030401.623,45.41034593,-75.64432597,12481
17--8092,8/9/2017,7:59 AM,BANK ST @ RIVERSIDE DR N (0010778),10778,02 - Intersection related,03 - P.D. only,04 - Sideswipe,01 - Clear,01 - Daylight,01 - Dry,01 - Traffic signal,01 - Functioning,2,0,0,0,,0,,,,,369226.3247,5027983.85,45.38883109,-75.67722671,12482
17--8093,8/9/2017,8:00 PM,HOLITZNER WAY @ LEIKIN DR (0010238),10238,02 - Intersection related,03 - P.D. only,03 - Rear end,01 - Clear,01 - Daylight,01 - Dry,02 - Stop sign,00 - Unknown,2,0,0,0,,0,,,,,366721.6044,5017197.672,45.29200482,-75.71056073,12483
17--8094,8/9/2017,8:45 PM,GOULBOURN FORCED RD @ INNOVATION DR (0013945),13945,02 - Intersection related,03 - P.D. only,07 - SMV other,01 - Clear,07 - Dark,01 - Dry,10 - No control,00 - Unknown,1,0,0,0,,0,,,,,349438.006,5022666.636,45.34252653,-75.93040365,12484
17--8095,8/10/2017,1:05 PM,BLACKBURN BYPASS @ INNES RD E (0009245),9245,02 - Intersection related,03 - P.D. only,03 - Rear end,01 - Clear,01 - Daylight,01 - Dry,01 - Traffic signal,01 - Functioning,2,0,0,0,,0,,,,,379792.2213,5033782.275,45.43994972,-75.54142751,12485
17--8096,8/10/2017,1:59 PM,BANK ST @ SUNNYSIDE AVE (0007219),7219,03 - At intersection,03 - P.D. only,04 - Sideswipe,01 - Clear,01 - Daylight,01 - Dry,01 - Traffic signal,01 - Functioning,2,0,0,0,,0,,,,,368733.1023,5028580.746,45.39424698,-75.68344755,12486
17--8097,8/10/2017,10:05 AM,ROCKDALE RD btwn HWY417 IC88 RAMP61 & HIGHWAY LANE (__3ZA2EC),__3ZA2EC,01 - Non intersection,03 - P.D. only,07 - SMV other,01 - Clear,01 - Daylight,01 - Dry,10 - No control,,1,0,0,0,,0,,,,,395358.8359,5022729.604,45.33866839,-75.3445159,12487
17--8098,8/10/2017,10:22 AM,RIDEAU ST btwn CUMBERLAND ST & KING EDWARD AVE (__3ZBOFX),__3ZBOFX,01 - Non intersection,02 - Non-fatal injury,07 - SMV other,01 - Clear,01 - Daylight,01 - Dry,10 - No control,,1,0,0,1,02 - Minor,1,,1,,,368467.4764,5032387.307,45.42852135,-75.68634811,12488
17--8099,8/10/2017,10:26 AM,STITTSVILLE MAIN ST @ HOBIN ST/WILDPINE CRT (0000052),52,02 - Intersection related,03 - P.D. only,03 - Rear end,01 - Clear,01 - Daylight,01 - Dry,01 - Traffic signal,01 - Functioning,3,0,0,0,,0,,,,,349664.6081,5014032.985,45.26482392,-75.92829368,12489
17--81,1/3/2017,7:01 PM,RIDEAU VALLEY DR btwn BARNSDALE RD & BANKFIELD RD (__3ZAZ7W),__3ZAZ7W,01 - Non intersection,03 - P.D. only,01 - Approaching,04 - Freezing Rain,07 - Dark,06 - Ice,10 - No control,,2,0,0,0,,0,,,,,368019.0612,5010532.609,45.23191759,-75.69486921,12490
17--810,1/19/2017,3:28 PM,RIVERSIDE DR NB btwn RIVERSIDE DR SPLIT & DATA CENTRE RD (__5FDUZU),__5FDUZU,04 - At/near private drive,03 - P.D. only,02 - Angle,01 - Clear,01 - Daylight,01 - Dry,10 - No control,,3,0,0,0,,0,,,,,368716.1736,5027500.672,45.38453034,-75.68380363,12491
17--8100,8/10/2017,10:52 AM,ORLEANS BLVD @ ST. JOSEPH BLVD (0004144),4144,02 - Intersection related,03 - P.D. only,03 - Rear end,01 - Clear,01 - Daylight,01 - Dry,01 - Traffic signal,01 - Functioning,3,0,0,0,,0,,,,,380629.9112,5036982.112,45.46864899,-75.53022808,12492
17--8101,8/10/2017,10:52 AM,CARLING AVE @ HIGH ST (0002776),2776,03 - At intersection,02 - Non-fatal injury,07 - SMV other,01 - Clear,01 - Daylight,01 - Dry,02 - Stop sign,01 - Functioning,1,0,0,1,01 - Minimal,1,1,,,,359925.1913,5024561.631,45.35883197,-75.79638147,12493
17--8102,8/10/2017,11:15 AM,GREENBANK RD @ 220 N OF STRANDHERD DR (0010452),10452,03 - At intersection,02 - Non-fatal injury,05 - Turning movement,01 - Clear,01 - Daylight,01 - Dry,01 - Traffic signal,00 - Unknown,2,0,0,0,02 - Minor,1,,1,,,363850.9535,5014984.186,45.27233496,-75.74741882,12494
17--8103,8/10/2017,11:20 PM,HIGHWAY 417 btwn HWY417 IC124 RAMP67 & HWY417 IC123 RAMP62 (__3ZA2YZ),__3ZA2YZ,01 - Non intersection,03 - P.D. only,04 - Sideswipe,01 - Clear,07 - Dark,01 - Dry,10 - No control,,2,0,0,0,,0,,,,,364765.5059,5028048.045,45.38980485,-75.73418166,12495
17--8104,8/10/2017,11:27 AM,GIBFORD DR @ HUNT CLUB RD (0008828),8828,02 - Intersection related,03 - P.D. only,02 - Angle,01 - Clear,01 - Daylight,01 - Dry,02 - Stop sign,01 - Functioning,2,0,0,0,,0,,,,,369959.8601,5023005.261,45.3439674,-75.66851646,12496
17--8105,8/10/2017,11:39 AM,GREENBANK RD @ STRANDHERD DR (0005563),5563,03 - At intersection,03 - P.D. only,03 - Rear end,01 - Clear,01 - Daylight,01 - Dry,01 - Traffic signal,01 - Functioning,2,0,0,0,,0,,,,,363933.0824,5014784.718,45.27053324,-75.74639597,12497
17--8106,8/10/2017,Unknown,BRONSON AVE @ POWELL AVE (0007212),7212,02 - Intersection related,03 - P.D. only,06 - SMV unattended vehicle,01 - Clear,00 - Unknown,01 - Dry,01 - Traffic signal,00 - Unknown,1,0,0,0,,0,,,,,367387.4474,5029476.998,45.40243277,-75.70051881,12498
17--8107,8/10/2017,12:16 PM,CARLING AVE @ RICHMOND RD (0010847),10847,02 - Intersection related,03 - P.D. only,03 - Rear end,01 - Clear,01 - Daylight,01 - Dry,01 - Traffic signal,01 - Functioning,2,0,0,0,,0,,,,,360246.32,5024780.871,45.36077936,-75.7922583,12499
17--8108,8/10/2017,12:30 PM,BYRON AVE @ HILLCREST AVE (0006607),6607,02 - Intersection related,03 - P.D. only,06 - SMV unattended vehicle,01 - Clear,01 - Daylight,01 - Dry,02 - Stop sign,00 - Unknown,1,0,0,0,,0,,,,,362632.1837,5027773.816,45.38751678,-75.76145609,12500