Anom_ID,Accident_Date,Accident_Time,Location,Geo_ID,Accident_Location,Classification_of_Accident,Initial_Impact_Type,Environment_Condition,Light,Road_Surface_Condition,Traffic_Control,Traffic_Control_Condition,No__of_Vehicles,No__of_Bicycles,No__of_Motorcycles,No__of_Pedestrians,Max_Injury,No__of_Injuries,No__of_Minimal,No__of_Minor,No__of_Major,No__of_Fatal,X,Y,Latitude,Longitude,ObjectId
17--856,1/20/2017,5:25 PM,ISLAND PARK DR @ SCOTT ST (0002126),2126,02 - Intersection related,03 - P.D. only,04 - Sideswipe,02 - Rain,05 - Dusk,02 - Wet,01 - Traffic signal,01 - Functioning,2,0,0,0,,0,,,,,363833.6895,5029038.914,45.39879967,-75.74596226,12501
17--8560,8/23/2017,6:48 AM,FLEWELLYN RD btwn ORMROD RD & DWYER HILL RD (__3ZAC6N),__3ZAC6N,01 - Non intersection,03 - P.D. only,07 - SMV other,01 - Clear,01 - Daylight,01 - Dry,10 - No control,,1,0,0,0,,0,,,,,343301.9623,5003529.988,45.17068922,-76.01018129,12502
17--8561,8/23/2017,7:05 AM,ELGIN ST @ LEWIS ST (0006884),6884,02 - Intersection related,03 - P.D. only,02 - Angle,01 - Clear,01 - Daylight,01 - Dry,02 - Stop sign,00 - Unknown,2,0,0,0,,0,,,,,368276.7043,5031018.437,45.41622207,-75.68896225,12503
17--829,1/19/2017,7:40 PM,HIGHWAY 417 btwn HWY417 IC144 RAMP16 & HWY417 IC144 RAMP61 (__3ZA2QU),__3ZA2QU,01 - Non intersection,02 - Non-fatal injury,07 - SMV other,01 - Clear,07 - Dark,02 - Wet,10 - No control,,1,0,0,0,03 - Major,1,,,1,,347502.9416,5015967.72,45.28236797,-75.95567194,12504
17--8562,8/23/2017,7:07 PM,GLENVIEW AVE @ RIVERDALE AVE (0007984),7984,02 - Intersection related,03 - P.D. only,03 - Rear end,01 - Clear,01 - Daylight,01 - Dry,02 - Stop sign,01 - Functioning,2,0,0,0,,0,,,,,369325.3769,5029411.337,45.40166603,-75.67577516,12505
17--8563,8/23/2017,7:26 PM,AIRPORT PKWY btwn RAMP & RAMP (4) (__3ZA22T),__3ZA22T,01 - Non intersection,03 - P.D. only,05 - Turning movement,01 - Clear,05 - Dusk,01 - Dry,10 - No control,,2,0,0,0,,0,,,,,371315.9248,5021678.572,45.33190297,-75.65139239,12506
17--8564,8/23/2017,8:00 AM,TRENTON AVE @ MERIVALE RD (0002734),2734,03 - At intersection,03 - P.D. only,05 - Turning movement,01 - Clear,01 - Daylight,01 - Dry,02 - Stop sign,00 - Unknown,2,0,0,0,,0,,,,,364886.419,5026361.525,45.37461949,-75.73284289,12507
17--8290,8/15/2017,9:50 AM,CLEGG ST @ COLONEL BY DR (0008785),8785,03 - At intersection,02 - Non-fatal injury,05 - Turning movement,01 - Clear,01 - Daylight,01 - Dry,01 - Traffic signal,01 - Functioning,2,1,0,0,01 - Minimal,1,1,,,,368968.6141,5029742.1,45.40467492,-75.68028882,12508
17--8565,8/23/2017,8:07 AM,SUSSEX DR @ 262 N OF KING EDWARD AVE (0008806),8806,02 - Intersection related,02 - Non-fatal injury,07 - SMV other,01 - Clear,01 - Daylight,01 - Dry,01 - Traffic signal,00 - Unknown,1,0,0,1,02 - Minor,1,,1,,,367769.5285,5033733.846,45.44070022,-75.69509456,12509
17--8291,8/16/2017,1:46 PM,HIGHWAY 416 btwn HWY416 IC66 RAMP34 & HWY416 IC72 RAMP53 (__3ZAZM6),__3ZAZM6,01 - Non intersection,02 - Non-fatal injury,07 - SMV other,01 - Clear,01 - Daylight,01 - Dry,10 - No control,,1,0,0,0,01 - Minimal,1,1,,,,360291.3301,5017977.665,45.29956045,-75.79244645,12510
17--8566,8/23/2017,8:43 PM,HUNT CLUB RD @ DOWNPATRICK RD/MCCARTHY RD (0006931),6931,03 - At intersection,03 - P.D. only,03 - Rear end,01 - Clear,07 - Dark,01 - Dry,01 - Traffic signal,01 - Functioning,2,0,0,0,,0,,,,,370507.2086,5023401.091,45.34747791,-75.66148009,12511
17--8292,8/16/2017,10:06 PM,WOODROFFE AVE btwn Continuation of WOODROFFE AVE & PARKGLEN DR (__3ZA34I),__3ZA34I,01 - Non intersection,03 - P.D. only,03 - Rear end,01 - Clear,07 - Dark,01 - Dry,10 - No control,,2,0,0,0,,0,,,,,362866.7793,5023170.33,45.3460757,-75.75900148,12512
17--8567,8/23/2017,9:00 PM,HIGHWAY 417 btwn HWY417 IC126 RAMP61 & HWY417 IC124 RAMP76 (__3ZA2Y2),__3ZA2Y2,01 - Non intersection,03 - P.D. only,03 - Rear end,01 - Clear,07 - Dark,01 - Dry,10 - No control,,4,0,0,0,,0,,,,,363678.8352,5026537.377,45.37630429,-75.74823848,12513
17--8293,8/16/2017,10:20 PM,HAANEL DR btwn TIMM DR & ROBERTSON RD (__3ZABEP),__3ZABEP,01 - Non intersection,03 - P.D. only,07 - SMV other,01 - Clear,07 - Dark,01 - Dry,10 - No control,,1,0,0,0,,0,,,,,354917.6631,5019330.066,45.31213349,-75.86082323,12514
17--8568,8/23/2017,9:06 AM,MERIVALE RD btwn AMBERWOOD CRES & FALLOWFIELD RD (__3ZA3I9),__3ZA3I9,01 - Non intersection,03 - P.D. only,03 - Rear end,01 - Clear,01 - Daylight,01 - Dry,10 - No control,,2,0,0,0,,0,,,,,366594.9252,5019556.879,45.31324387,-75.71188153,12515
17--8294,8/16/2017,10:31 AM,BEATRICE DR @ STRANDHERD DR (0005447),5447,03 - At intersection,03 - P.D. only,02 - Angle,01 - Clear,01 - Daylight,01 - Dry,01 - Traffic signal,01 - Functioning,2,0,0,0,,0,,,,,365527.377,5015320.841,45.27522139,-75.72601422,12516
17--8295,8/16/2017,10:45 AM,EARL ARMSTRONG RD @ RIVER RD (0012470),12470,03 - At intersection,03 - P.D. only,03 - Rear end,01 - Clear,01 - Daylight,02 - Wet,01 - Traffic signal,01 - Functioning,2,0,0,0,,0,,,,,367572.7185,5014684.702,45.26931785,-75.70002875,12517
17--8296,8/16/2017,10:59 AM,FERNBANK RD @ STITTSVILLE MAIN ST (0000084),84,02 - Intersection related,02 - Non-fatal injury,03 - Rear end,01 - Clear,01 - Daylight,01 - Dry,01 - Traffic signal,00 - Unknown,2,0,0,0,01 - Minimal,1,1,,,,350934.5888,5012161.167,45.2478985,-75.91228503,12518
17--8297,8/16/2017,11:09 AM,COLONEL BY DR @ HAWTHORNE AVE/PRETORIA BRIDGE (0002122),2122,02 - Intersection related,03 - P.D. only,03 - Rear end,01 - Clear,01 - Daylight,01 - Dry,01 - Traffic signal,01 - Functioning,2,0,0,0,,0,,,,,368768.469,5030526.136,45.41174773,-75.68274354,12519
17--8298,8/16/2017,Unknown,MCLEOD ST btwn BANK ST & O'CONNOR ST (__3ZA8FF),__3ZA8FF,01 - Non intersection,03 - P.D. only,06 - SMV unattended vehicle,01 - Clear,00 - Unknown,01 - Dry,10 - No control,,1,0,0,0,,0,,,,,368025.4984,5030532.927,45.41187635,-75.69223386,12520
17--8299,8/16/2017,12:00 PM,INNES RD btwn ORCHARDVIEW AVE & PORTOBELLO BLVD (__3ZA1VW),__3ZA1VW,01 - Non intersection,03 - P.D. only,07 - SMV other,01 - Clear,01 - Daylight,01 - Dry,10 - No control,,1,0,0,0,,0,,,,,384917.2565,5036594.864,45.46468628,-75.47546989,12521
17--83,1/3/2017,7:02 AM,CARLING AVE/STATION RD @ MARCH RD (0002681),2681,02 - Intersection related,03 - P.D. only,02 - Angle,04 - Freezing Rain,03 - Dawn,04 - Slush,01 - Traffic signal,01 - Functioning,4,0,0,0,,0,,,,,350909.0949,5022247.961,45.33866405,-75.91167205,12522
17--830,1/19/2017,8:14 AM,METCALFE ST @ SLATER ST (0002233),2233,02 - Intersection related,03 - P.D. only,04 - Sideswipe,01 - Clear,01 - Daylight,02 - Wet,01 - Traffic signal,00 - Unknown,2,0,0,0,,0,,,,,367731.6966,5031549.576,45.42105031,-75.69585725,12523
17--8300,8/16/2017,12:10 PM,BANNER RD @ GREENBANK RD (0000644),644,02 - Intersection related,02 - Non-fatal injury,01 - Approaching,01 - Clear,01 - Daylight,01 - Dry,01 - Traffic signal,01 - Functioning,2,0,0,0,02 - Minor,2,,2,,,361021.6726,5021565.21,45.33178318,-75.78272765,12524
17--8301,8/16/2017,12:24 PM,ST. LAURENT BLVD @ COVENTRY RD/OGILVIE RD (0002151),2151,02 - Intersection related,03 - P.D. only,05 - Turning movement,01 - Clear,01 - Daylight,01 - Dry,01 - Traffic signal,01 - Functioning,2,0,0,0,,0,,,,,372306.3394,5031951.799,45.42424287,-75.63735368,12525
17--8302,8/16/2017,12:45 PM,CASTLEFRANK RD @ HAZELDEAN RD (0003608),3608,02 - Intersection related,03 - P.D. only,03 - Rear end,01 - Clear,01 - Daylight,01 - Dry,01 - Traffic signal,01 - Functioning,3,0,0,0,,0,,,,,352678.5191,5017676.769,45.29741298,-75.88953823,12526
17--8303,8/16/2017,2:39 PM,O'CONNOR ST @ SECOND AVE (0007414),7414,03 - At intersection,03 - P.D. only,04 - Sideswipe,01 - Clear,01 - Daylight,01 - Dry,02 - Stop sign,01 - Functioning,3,0,0,0,,0,,,,,368594.6635,5029800.342,45.40523314,-75.68505776,12527
17--8304,8/16/2017,2:40 PM,CARLING AVE @ KIRKWOOD AVE S (0002209),2209,02 - Intersection related,02 - Non-fatal injury,03 - Rear end,01 - Clear,01 - Daylight,01 - Dry,01 - Traffic signal,01 - Functioning,2,0,0,0,01 - Minimal,2,2,,,,364351.63,5027338.638,45.38345704,-75.73955239,12528
17--7929,8/3/2017,4:30 PM,BANK ST @ LAURIER AVE (0002221),2221,02 - Intersection related,03 - P.D. only,04 - Sideswipe,01 - Clear,01 - Daylight,01 - Dry,01 - Traffic signal,01 - Functioning,2,0,0,0,,0,,,,,367480.7003,5031265.321,45.41851521,-75.69910033,12529
17--8305,8/16/2017,3:00 PM,CARLING AVE @ CHURCHILL AVE (0002149),2149,03 - At intersection,03 - P.D. only,05 - Turning movement,01 - Clear,01 - Daylight,01 - Dry,01 - Traffic signal,01 - Functioning,2,0,0,0,,0,,,,,363776.9777,5027014.82,45.380592,-75.74692848,12530
17--8306,8/16/2017,3:32 PM,INNES RD btwn STAR TOP RD & HWY417 IC112 RAMP55 (__3ZAZPO),__3ZAZPO,01 - Non intersection,03 - P.D. only,03 - Rear end,01 - Clear,01 - Daylight,01 - Dry,10 - No control,,2,0,0,0,,0,,,,,374191.3155,5030690.919,45.41271367,-75.61344647,12531
17--8307,8/16/2017,4:00 PM,HIGHWAY 417 btwn HWY417 IC127 RAMP25 & HWY417 IC126 RAMP51 (__3ZA2XA),__3ZA2XA,01 - Non intersection,03 - P.D. only,03 - Rear end,01 - Clear,01 - Daylight,01 - Dry,10 - No control,,3,0,0,0,,0,,,,,363172.3238,5025835.418,45.37003053,-75.75478799,12532
17--8308,8/16/2017,4:06 PM,REGIONAL ROAD 174 EB btwn OR174 IC109 RAMP55 & TRANSIT (__3ZA28V),__3ZA28V,07 - Overpass or bridge,03 - P.D. only,03 - Rear end,01 - Clear,01 - Daylight,01 - Dry,10 - No control,,3,0,0,0,,0,,,,,376484.4821,5035009.144,45.45133529,-75.58352369,12533
17--8309,8/16/2017,4:08 PM,ROCKCLIFFE PKWY btwn LISGAR RD & BUENA VISTA RD (__3ZAZPE),__3ZAZPE,04 - At/near private drive,03 - P.D. only,03 - Rear end,01 - Clear,01 - Daylight,01 - Dry,10 - No control,,2,0,0,0,,0,,,,,368436.4415,5034839.254,45.45058586,-75.68642767,12534
17--831,1/19/2017,8:23 PM,HIGHWAY 417 btwn HWY417 IC124 RAMP67 & HWY417 IC123 RAMP62 (__3ZA2YZ),__3ZA2YZ,01 - Non intersection,03 - P.D. only,03 - Rear end,01 - Clear,07 - Dark,01 - Dry,10 - No control,,2,0,0,0,,0,,,,,364768.6261,5028055.886,45.38987513,-75.73414086,12535
17--8310,8/16/2017,4:14 PM,MEADOWLANDS DR @ MERIVALE RD (0000625),625,02 - Intersection related,03 - P.D. only,05 - Turning movement,01 - Clear,01 - Daylight,01 - Dry,01 - Traffic signal,01 - Functioning,2,0,0,0,,0,,,,,364859.3409,5023724.869,45.35089759,-75.73350902,12536
17--8311,8/16/2017,4:18 PM,KIRKWOOD AVE @ RICHMOND RD (0002080),2080,02 - Intersection related,02 - Non-fatal injury,05 - Turning movement,01 - Clear,01 - Daylight,01 - Dry,01 - Traffic signal,01 - Functioning,2,0,0,0,01 - Minimal,1,1,,,,363777.7339,5028642.75,45.39523978,-75.74672429,12537
17--8312,8/16/2017,4:24 PM,CARLING AVE @ WOODROFFE AVE W (0011470),11470,03 - At intersection,02 - Non-fatal injury,05 - Turning movement,01 - Clear,01 - Daylight,01 - Dry,01 - Traffic signal,01 - Functioning,2,0,0,0,02 - Minor,1,,1,,,361767.6836,5025724.872,45.36915143,-75.77273165,12538
17--8313,8/16/2017,4:33 PM,KING EDWARD AVE @ MURRAY ST (0002713),2713,03 - At intersection,03 - P.D. only,04 - Sideswipe,01 - Clear,01 - Daylight,01 - Dry,01 - Traffic signal,01 - Functioning,2,0,0,0,,0,,,,,368292.9819,5032753.582,45.43183282,-75.68853064,12539
17--8109,8/10/2017,2:30 PM,MONTREAL RD @ ST. LAURENT BLVD (0002604),2604,02 - Intersection related,03 - P.D. only,03 - Rear end,01 - Clear,01 - Daylight,01 - Dry,01 - Traffic signal,01 - Functioning,2,0,0,0,,0,,,,,371544.4852,5033819.117,45.44111725,-75.646835,12540
17--8314,8/16/2017,4:36 PM,BASELINE RD btwn DEERFIELD DR & FERGUSON ST (__3ZA4H8),__3ZA4H8,01 - Non intersection,03 - P.D. only,03 - Rear end,01 - Clear,01 - Daylight,01 - Dry,10 - No control,,3,0,0,0,,0,,,,,363416.5647,5024300.359,45.35619787,-75.75185224,12541
17--8315,8/16/2017,4:49 PM,AVIATION PKWY @ OGILVIE RD (0004114),4114,02 - Intersection related,03 - P.D. only,02 - Angle,01 - Clear,01 - Daylight,01 - Dry,01 - Traffic signal,01 - Functioning,3,0,0,0,,0,,,,,373110.7142,5032375.507,45.42797709,-75.6270172,12542
17--8316,8/16/2017,4:56 PM,CARLING AVE @ IROQUOIS RD (0003145),3145,03 - At intersection,03 - P.D. only,05 - Turning movement,01 - Clear,01 - Daylight,01 - Dry,01 - Traffic signal,01 - Functioning,2,0,0,0,,0,,,,,362214.1835,5026026.1,45.37182542,-75.76699694,12543
17--8317,8/16/2017,5:16 PM,CARLING AVE btwn DEFENSE  RESEARCH COMPLEX & RIFLE RD (__3ZA4Z6B),__3ZA4Z6B,01 - Non intersection,03 - P.D. only,03 - Rear end,01 - Clear,01 - Daylight,01 - Dry,10 - No control,,2,0,0,0,,0,,,,,353483.1752,5023059.453,45.34579209,-75.87875016,12544
17--8318,8/16/2017,5:20 PM,MERIVALE RD btwn AMBERWOOD CRES & FALLOWFIELD RD (__3ZA3I9),__3ZA3I9,01 - Non intersection,02 - Non-fatal injury,03 - Rear end,01 - Clear,01 - Daylight,01 - Dry,10 - No control,,4,0,0,0,02 - Minor,1,,1,,,366741.0388,5019209.597,45.31010619,-75.71006162,12545
17--8319,8/16/2017,5:45 PM,LORRY GREENBERG DR btwn HUNTER'S GLEN CRES & MARGRAVE AVE (__3ZA43X),__3ZA43X,01 - Non intersection,03 - P.D. only,02 - Angle,01 - Clear,01 - Daylight,01 - Dry,10 - No control,,2,1,0,0,,0,,,,,372588.1288,5025173.697,45.36322914,-75.63468445,12546
17--832,1/19/2017,9:00 PM,LACROIX AVE btwn TO BE DETERMINED & DUFORD DR (1) (__3ZA6W4),__3ZA6W4,01 - Non intersection,03 - P.D. only,06 - SMV unattended vehicle,01 - Clear,07 - Dark,05 - Packed snow,10 - No control,,1,0,0,0,,0,,,,,382127.6325,5037127.601,45.46979377,-75.51105401,12547
17--8320,8/16/2017,5:46 PM,DWYER HILL RD @ ROGER STEVENS DR (0003690),3690,03 - At intersection,03 - P.D. only,02 - Angle,01 - Clear,01 - Daylight,01 - Dry,02 - Stop sign,01 - Functioning,2,0,0,0,,0,,,,,354336.542,4989351.272,45.04241354,-75.87121019,12548
17--8321,8/16/2017,6:07 PM,HAWTHORNE RD @ STEVENAGE DR (0008802),8802,02 - Intersection related,03 - P.D. only,04 - Sideswipe,01 - Clear,01 - Daylight,01 - Dry,01 - Traffic signal,00 - Unknown,2,0,0,0,,0,,,,,375136.6676,5027313.515,45.38223114,-75.60185158,12549
17--8322,8/16/2017,6:12 PM,TERRY FOX DR btwn COPE DR & TRANS CANADA TRAIL (__355BDZB),__355BDZB,01 - Non intersection,03 - P.D. only,03 - Rear end,01 - Clear,01 - Daylight,01 - Dry,10 - No control,,2,0,0,0,,0,,,,,353323.1191,5015910.291,45.28147356,-75.8814927,12550
17--8323,8/16/2017,6:35 PM,MARCH RD btwn 280 S OF CARLING AVE/STATION RD & RICHARDSON SIDE RD (__3ZA42DB),__3ZA42DB,04 - At/near private drive,02 - Non-fatal injury,05 - Turning movement,01 - Clear,01 - Daylight,01 - Dry,10 - No control,,2,1,0,0,02 - Minor,1,,1,,,351296.3854,5021838.814,45.3349569,-75.90676913,12551
17--8324,8/16/2017,7:17 AM,CARLING AVE @ EDGEWORTH AVE (0002718),2718,02 - Intersection related,03 - P.D. only,04 - Sideswipe,01 - Clear,01 - Daylight,01 - Dry,01 - Traffic signal,01 - Functioning,2,0,0,0,,0,,,,,361262.6186,5025424.524,45.3664898,-75.77921329,12552
17--8325,8/16/2017,7:18 PM,COBOURG ST @ ST. PATRICK ST (0011483),11483,02 - Intersection related,03 - P.D. only,04 - Sideswipe,01 - Clear,01 - Daylight,01 - Dry,01 - Traffic signal,01 - Functioning,2,0,0,0,,0,,,,,368801.8209,5033232.979,45.43609987,-75.68196579,12553
17--8326,8/16/2017,7:30 PM,CONROY RD @ THURSTON DR (0011389),11389,03 - At intersection,02 - Non-fatal injury,05 - Turning movement,01 - Clear,05 - Dusk,01 - Dry,01 - Traffic signal,01 - Functioning,2,0,0,0,02 - Minor,2,,2,,,373205.1715,5026794.776,45.37775501,-75.62658434,12554
17--8327,8/16/2017,8:04 AM,DALY AVE btwn NICHOLAS ST & COURT HOUSE LANE (__3ZA8KV),__3ZA8KV,01 - Non intersection,03 - P.D. only,07 - SMV other,01 - Clear,01 - Daylight,01 - Dry,09 - Traffic controller,01 - Functioning,1,0,0,1,,0,,,,,368260.7236,5032069.845,45.42568372,-75.68903099,12555
17--8328,8/16/2017,8:16 AM,INDUSTRIAL AVE btwn TRAINYARDS DR & RUSSELL RD (__3ZA3R9),__3ZA3R9,04 - At/near private drive,03 - P.D. only,05 - Turning movement,01 - Clear,01 - Daylight,01 - Dry,10 - No control,,2,0,0,0,,0,,,,,371934.59,5030488.195,45.41110979,-75.64230303,12556
17--8329,8/16/2017,9:07 PM,RUSSELL RD btwn ANDERSON RD & FARMERS WAY (__3ZA2CI),__3ZA2CI,01 - Non intersection,03 - P.D. only,07 - SMV other,01 - Clear,07 - Dark,01 - Dry,10 - No control,,1,0,0,0,,0,,,,,380756.9361,5026442.74,45.37380965,-75.53022871,12557
17--833,1/20/2017,1:01 PM,SOMERSET ST    W btwn BREEZEHILL AVE N & PRESTON ST (__3ZA32I),__3ZA32I,04 - At/near private drive,03 - P.D. only,02 - Angle,01 - Clear,01 - Daylight,02 - Wet,10 - No control,,2,0,0,0,,0,,,,,366208.9198,5030084.963,45.40800745,-75.71549597,12558
17--8330,8/16/2017,9:16 AM,MCKELLAR AVE btwn BROMLEY RD & CARLING AVE (__3ZBOJY),__3ZBOJY,04 - At/near private drive,03 - P.D. only,99 - Other,01 - Clear,01 - Daylight,01 - Dry,10 - No control,,2,0,0,0,,0,,,,,362736.9402,5026445.951,45.37556017,-75.76027425,12559
17--8331,8/16/2017,9:29 PM,WOODROFFE AVE btwn Continuation of WOODROFFE AVE & PARKGLEN DR (__3ZA34I),__3ZA34I,01 - Non intersection,03 - P.D. only,03 - Rear end,01 - Clear,07 - Dark,01 - Dry,10 - No control,,2,0,0,0,,0,,,,,362866.893,5023174.59,45.34611403,-75.75899953,12560
17--8332,8/16/2017,9:53 AM,ALTA VISTA DR @ SMYTH RD (0011353),11353,02 - Intersection related,03 - P.D. only,03 - Rear end,01 - Clear,01 - Daylight,01 - Dry,01 - Traffic signal,00 - Unknown,2,0,0,0,,0,,,,,370433.998,5029080.916,45.39858996,-75.6616595,12561
17--8333,8/16/2017,9:55 AM,MARCH RD @ TERON RD (0011926),11926,02 - Intersection related,03 - P.D. only,03 - Rear end,01 - Clear,01 - Daylight,01 - Dry,01 - Traffic signal,01 - Functioning,2,0,0,0,,0,,,,,351414.6162,5021780.765,45.33442672,-75.90526622,12562
17--8334,8/17/2017,1:32 PM,BECKSTEAD RD @ MERIVALE RD (0001556),1556,02 - Intersection related,02 - Non-fatal injury,03 - Rear end,01 - Clear,01 - Daylight,02 - Wet,02 - Stop sign,00 - Unknown,2,0,0,0,01 - Minimal,1,1,,,,367261.5806,5017942.246,45.29865663,-75.70358345,12563
17--8335,8/17/2017,1:42 PM,HOLLAND AVE @ WELLINGTON ST (0002364),2364,02 - Intersection related,03 - P.D. only,04 - Sideswipe,01 - Clear,01 - Daylight,01 - Dry,01 - Traffic signal,01 - Functioning,2,0,0,0,,0,,,,,364929.0604,5029152.913,45.3997322,-75.73195844,12564
17--8336,8/17/2017,1:47 PM,HUNT CLUB RD @ PAUL ANKA DR (0008224),8224,03 - At intersection,03 - P.D. only,05 - Turning movement,01 - Clear,01 - Daylight,01 - Dry,01 - Traffic signal,01 - Functioning,2,0,0,0,,0,,,,,369777.2518,5022897.727,45.34301678,-75.67086055,12565
17--8337,8/17/2017,10:51 PM,KING EDWARD AVE @ YORK ST S (0011919),11919,03 - At intersection,02 - Non-fatal injury,07 - SMV other,01 - Clear,07 - Dark,01 - Dry,02 - Stop sign,01 - Functioning,1,0,0,1,02 - Minor,1,,1,,,368390.1828,5032597.348,45.43041825,-75.68730867,12566
17--8338,8/17/2017,11:00 AM,HIGHWAY 417 btwn HWY417 IC119A RAMP75 & HWY417 IC118 RAMP57 (__3ZA2R2),__3ZA2R2,01 - Non intersection,03 - P.D. only,04 - Sideswipe,01 - Clear,01 - Daylight,01 - Dry,10 - No control,,2,0,0,0,,0,,,,,368894.6166,5030666,45.41299463,-75.68111387,12567
17--8339,8/17/2017,11:20 AM,MONTREAL RD @ ST. LAURENT BLVD (0002604),2604,02 - Intersection related,03 - P.D. only,02 - Angle,01 - Clear,01 - Daylight,01 - Dry,01 - Traffic signal,01 - Functioning,2,0,0,0,,0,,,,,371547.626,5033816.954,45.44109749,-75.64679515,12568
17--834,1/20/2017,1:07 PM,DEAKIN ST @ PRINCE OF WALES DR (0001073),1073,03 - At intersection,03 - P.D. only,02 - Angle,01 - Clear,01 - Daylight,02 - Wet,01 - Traffic signal,01 - Functioning,2,0,0,0,,0,,,,,367390.7111,5021523.759,45.33087106,-75.70148465,12569
17--8340,8/17/2017,11:43 AM,WALKLEY RD @ GLENHAVEN PRIV (0011424),11424,02 - Intersection related,03 - P.D. only,04 - Sideswipe,01 - Clear,01 - Daylight,01 - Dry,01 - Traffic signal,00 - Unknown,2,0,0,0,,0,,,,,370212.9655,5025873.931,45.36975529,-75.66490742,12570
17--8341,8/17/2017,Unknown,BANK ST @ GLOUCESTER ST (0006939),6939,02 - Intersection related,03 - P.D. only,06 - SMV unattended vehicle,01 - Clear,00 - Unknown,01 - Dry,01 - Traffic signal,00 - Unknown,1,0,0,0,,0,,,,,367524.1385,5031197.935,45.417905,-75.69855394,12571
17--8342,8/17/2017,Unknown,SLATER ST btwn KENT ST & BANK ST (__3ZA349),__3ZA349,01 - Non intersection,03 - P.D. only,06 - SMV unattended vehicle,01 - Clear,00 - Unknown,01 - Dry,10 - No control,,1,0,0,0,,0,,,,,367350.9784,5031309.007,45.41891989,-75.70075214,12572
17--8343,8/17/2017,12:10 PM,HIGHWAY 417 btwn HWY417 IC138 RAMP26 & HWY417 IC138 RAMP61 (__3ZA20H),__3ZA20H,01 - Non intersection,03 - P.D. only,04 - Sideswipe,01 - Clear,01 - Daylight,01 - Dry,10 - No control,,2,0,0,0,,0,,,,,353109.374,5020355.992,45.32149171,-75.88378387,12573
17--8344,8/17/2017,12:18 PM,HOLLAND AVE @ WELLINGTON ST (0002364),2364,02 - Intersection related,03 - P.D. only,04 - Sideswipe,01 - Clear,01 - Daylight,01 - Dry,01 - Traffic signal,01 - Functioning,2,0,0,0,,0,,,,,364929.7014,5029152.272,45.39972637,-75.73195033,12574
17--8345,8/17/2017,12:38 PM,LAURIER AVE @ NICHOLAS ST (0010711),10711,02 - Intersection related,03 - P.D. only,04 - Sideswipe,01 - Clear,01 - Daylight,01 - Dry,01 - Traffic signal,01 - Functioning,2,0,0,0,,0,,,,,368373.637,5031797.629,45.42322417,-75.68762334,12575
17--8346,8/17/2017,2:01 PM,HERZBERG RD @ MARCH RD (0003170),3170,02 - Intersection related,03 - P.D. only,03 - Rear end,01 - Clear,01 - Daylight,01 - Dry,01 - Traffic signal,01 - Functioning,3,0,0,0,,0,,,,,352323.0758,5021529.581,45.33210558,-75.89370038,12576
17--8347,8/17/2017,2:04 PM,WESSEX RD @ GLACIER ST (0001274),1274,03 - At intersection,03 - P.D. only,02 - Angle,01 - Clear,01 - Daylight,01 - Dry,02 - Stop sign,01 - Functioning,2,0,0,0,,0,,,,,363464.3756,5015143.646,45.27380214,-75.75232634,12577
17--8348,8/17/2017,2:16 PM,AVIATION PKWY NB @ LA CITE PRIV (0009078),9078,02 - Intersection related,02 - Non-fatal injury,02 - Angle,01 - Clear,01 - Daylight,01 - Dry,02 - Stop sign,01 - Functioning,2,1,0,0,02 - Minor,1,,1,,,372501.3527,5033247.857,45.43588533,-75.63468375,12578
17--8349,8/17/2017,2:29 PM,LEITRIM RD @ ALBION RD (0012479),12479,02 - Intersection related,02 - Non-fatal injury,05 - Turning movement,01 - Clear,01 - Daylight,01 - Dry,01 - Traffic signal,01 - Functioning,2,1,0,0,01 - Minimal,1,1,,,,373498.8672,5020419.261,45.32036182,-75.62372045,12579
17--835,1/20/2017,1:15 PM,FITZGERALD RD/MENTEN PL @ MOODIE DR (0009818),9818,03 - At intersection,03 - P.D. only,03 - Rear end,01 - Clear,01 - Daylight,02 - Wet,01 - Traffic signal,01 - Functioning,2,0,0,0,,0,,,,,356921.311,5020810.357,45.32530747,-75.83511559,12580
17--8350,8/17/2017,2:50 PM,HIGHWAY 417 btwn HWY417 IC96 RAMP61 & HWY417 IC88 RAMP16 (__3ZA27Z),__3ZA27Z,01 - Non intersection,03 - P.D. only,03 - Rear end,01 - Clear,01 - Daylight,01 - Dry,10 - No control,,2,0,0,0,,0,,,,,392423.6404,5022907.986,45.340646,-75.38192861,12581
17--8351,8/17/2017,3:09 PM,CLARIDGE DR btwn FAIRLOP WAY & BERRIGAN DR (__4O3JZP),__4O3JZP,01 - Non intersection,03 - P.D. only,99 - Other,01 - Clear,01 - Daylight,01 - Dry,10 - No control,,2,0,0,0,,0,,,,,364586.0326,5015967.997,45.28112517,-75.73793287,12582
17--8352,8/17/2017,3:30 PM,HIGHWAY 417 btwn HWY417 IC119B RAMP57 & HWY417 IC119A RAMP75 (__3ZA1QN),__3ZA1QN,01 - Non intersection,03 - P.D. only,03 - Rear end,01 - Clear,01 - Daylight,01 - Dry,10 - No control,,2,0,0,0,,0,,,,,368420.0562,5030422.051,45.41084297,-75.68720782,12583