Anom_ID,Accident_Date,Accident_Time,Location,Geo_ID,Accident_Location,Classification_of_Accident,Initial_Impact_Type,Environment_Condition,Light,Road_Surface_Condition,Traffic_Control,Traffic_Control_Condition,No__of_Vehicles,No__of_Bicycles,No__of_Motorcycles,No__of_Pedestrians,Max_Injury,No__of_Injuries,No__of_Minimal,No__of_Minor,No__of_Major,No__of_Fatal,X,Y,Latitude,Longitude,ObjectId
17--8353,8/17/2017,3:36 PM,PRINCE OF WALES DR btwn FISHER AVE & NE/OT BOUNDARY (__3ZA2TZ),__3ZA2TZ,04 - At/near private drive,02 - Non-fatal injury,03 - Rear end,01 - Clear,01 - Daylight,01 - Dry,10 - No control,,2,0,0,0,01 - Minimal,1,1,,,,367163.5983,5023991.032,45.35309135,-75.7040708,12584
17--8354,8/17/2017,4:10 PM,MONTGOMERY ST @ MONTREAL RD (0009342),9342,03 - At intersection,03 - P.D. only,04 - Sideswipe,02 - Rain,01 - Daylight,02 - Wet,01 - Traffic signal,01 - Functioning,2,0,0,0,,0,,,,,369813.7126,5032919.947,45.43318998,-75.66907508,12585
17--8355,8/17/2017,4:20 PM,MARSHFIELD ST btwn DUGAS CRT & LICHEN AVE (__4O3LMG),__4O3LMG,01 - Non intersection,03 - P.D. only,06 - SMV unattended vehicle,01 - Clear,01 - Daylight,01 - Dry,10 - No control,,1,0,0,0,,0,,,,,385072.789,5036553.368,45.46429508,-75.47348805,12586
17--8356,8/17/2017,4:21 PM,"MUTUAL ST btwn EGLISE, RUE DE L & MAY ST (__3ZA7CV)",__3ZA7CV,01 - Non intersection,03 - P.D. only,07 - SMV other,01 - Clear,01 - Daylight,01 - Dry,10 - No control,,1,0,0,0,,0,,,,,371467.5174,5032912.404,45.43296641,-75.64794153,12587
17--8357,8/17/2017,4:25 PM,FALLOWFIELD RD @ STEEPLE HILL CRES (0000635),635,02 - Intersection related,03 - P.D. only,03 - Rear end,01 - Clear,01 - Daylight,01 - Dry,02 - Stop sign,00 - Unknown,3,0,0,0,,0,,,,,358398.9342,5013994.4,45.2638654,-75.81700428,12588
17--8358,8/17/2017,4:26 PM,CHAPMAN MILLS DR @ LONGFIELDS DR (0013784),13784,02 - Intersection related,03 - P.D. only,06 - SMV unattended vehicle,01 - Clear,01 - Daylight,01 - Dry,02 - Stop sign,00 - Unknown,1,0,0,0,,0,,,,,364841.826,5014582.921,45.26864047,-75.73484018,12589
17--8359,8/17/2017,4:50 PM,ST. JOSEPH BLVD btwn COUSINEAU ST & DUSSERE ST (__3ZA2AL),__3ZA2AL,04 - At/near private drive,03 - P.D. only,05 - Turning movement,01 - Clear,01 - Daylight,01 - Dry,10 - No control,,2,0,0,0,,0,,,,,380793.8226,5037087.295,45.46957753,-75.52811589,12590
17--836,1/20/2017,1:35 PM,BRUYERE ST btwn SUSSEX DR & PARENT AVE (__3ZBOXN),__3ZBOXN,01 - Non intersection,03 - P.D. only,06 - SMV unattended vehicle,01 - Clear,01 - Daylight,06 - Ice,10 - No control,,1,0,0,0,,0,,,,,367612.0483,5032713.9,45.43153727,-75.69723749,12591
17--8360,8/17/2017,5:16 PM,HAWTHORNE RD @ LEITRIM RD (0009269),9269,02 - Intersection related,03 - P.D. only,03 - Rear end,01 - Clear,01 - Daylight,01 - Dry,01 - Traffic signal,01 - Functioning,5,0,0,0,,0,,,,,377038.3302,5022709.287,45.34061114,-75.57824483,12592
17--8361,8/17/2017,5:20 PM,DONALD ST @ TELFORD AVE (0011533),11533,02 - Intersection related,03 - P.D. only,03 - Rear end,01 - Clear,01 - Daylight,01 - Dry,01 - Traffic signal,01 - Functioning,3,0,0,0,,0,,,,,371697.607,5032428.241,45.42858816,-75.64506693,12593
17--8362,8/17/2017,5:30 PM,KANATA AVE @ LORD BYNG WAY/MARITIME WAY (0009115),9115,02 - Intersection related,03 - P.D. only,03 - Rear end,01 - Clear,01 - Daylight,01 - Dry,01 - Traffic signal,01 - Functioning,2,0,0,0,,0,,,,,351431.5996,5019331.124,45.31238316,-75.90528022,12594
17--8363,8/17/2017,5:30 PM,HIGHWAY 417 btwn HWY417 IC118 RAMP35 & HWY417 IC117 RAMP51 (__3ZA2YP),__3ZA2YP,01 - Non intersection,03 - P.D. only,03 - Rear end,01 - Clear,01 - Daylight,01 - Dry,10 - No control,,3,0,0,0,,0,,,,,370181.2957,5031099.661,45.41677752,-75.6646192,12595
17--8364,8/17/2017,5:45 PM,HAZELDEAN RD @ TERRY FOX DR (0003682),3682,02 - Intersection related,03 - P.D. only,03 - Rear end,01 - Clear,01 - Daylight,01 - Dry,01 - Traffic signal,01 - Functioning,2,0,0,0,,0,,,,,352208.0844,5017241.741,45.29353039,-75.89557763,12596
17--8365,8/17/2017,6:14 AM,KLONDIKE RD @ MARCH RD (0003096),3096,03 - At intersection,02 - Non-fatal injury,07 - SMV other,01 - Clear,03 - Dawn,01 - Dry,01 - Traffic signal,01 - Functioning,1,0,0,1,03 - Major,1,,,1,,349262.4522,5024061.362,45.35508775,-75.93251827,12597
17--8366,8/17/2017,6:24 PM,CHAMPLAIN ST @ JEANNE D'ARC BLVD (0004106),4106,03 - At intersection,02 - Non-fatal injury,02 - Angle,01 - Clear,01 - Daylight,01 - Dry,01 - Traffic signal,01 - Functioning,2,1,0,0,02 - Minor,1,,1,,,381381.1648,5038722.415,45.4842248,-75.52035058,12598
17--8367,8/17/2017,6:24 PM,WEST HUNT CLUB RD WB btwn LANCELOT DR & 210 W OF MERIVALE RD (__3ZA3JCA),__3ZA3JCA,01 - Non intersection,03 - P.D. only,03 - Rear end,01 - Clear,01 - Daylight,01 - Dry,10 - No control,,2,0,0,0,,0,,,,,365354.788,5021788.821,45.33343469,-75.72742357,12599
17--8368,8/17/2017,6:30 AM,BLAIR RD @ INNES RD (0004165),4165,02 - Intersection related,02 - Non-fatal injury,01 - Approaching,01 - Clear,01 - Daylight,01 - Dry,01 - Traffic signal,01 - Functioning,2,0,0,0,02 - Minor,2,1,1,,,375578.0939,5031437.632,45.4192933,-75.59562375,12600
17--8369,8/17/2017,6:37 PM,RIVERSIDE DR @ 175 S OF HUNT CLUB  RD/RUNWAY C (0011890),11890,02 - Intersection related,03 - P.D. only,02 - Angle,01 - Clear,01 - Daylight,01 - Dry,01 - Traffic signal,01 - Functioning,2,0,0,0,,0,,,,,368028.3139,5021766.903,45.33300167,-75.69332004,12601
17--837,1/20/2017,1:41 PM,HAWTHORNE RD @ HUNT CLUB RD (0007651),7651,02 - Intersection related,03 - P.D. only,99 - Other,01 - Clear,01 - Daylight,02 - Wet,01 - Traffic signal,01 - Functioning,2,0,0,0,,0,,,,,375507.7499,5026406.801,45.37403561,-75.59724356,12602
17--8370,8/17/2017,7:35 AM,CATHERINE ST/HWY 417 O'CONN IC119BR76 @ O'CONN (0001697),1697,03 - At intersection,03 - P.D. only,02 - Angle,01 - Clear,01 - Daylight,01 - Dry,01 - Traffic signal,01 - Functioning,2,0,0,0,,0,,,,,368244.3716,5030392.567,45.41059363,-75.68945589,12603
17--8371,8/17/2017,7:59 AM,LORRAINE AVE btwn JEFFERSON ST & PALM ST (__3ZA87Q),__3ZA87Q,04 - At/near private drive,03 - P.D. only,06 - SMV unattended vehicle,01 - Clear,01 - Daylight,01 - Dry,10 - No control,,1,0,0,0,,0,,,,,371939.5928,5027153.422,45.38110439,-75.64269298,12604
17--8372,8/17/2017,8:25 AM,ST. LAURENT BLVD btwn BOURASSA ST & SMYTH RD (__3ZA3R6),__3ZA3R6,01 - Non intersection,03 - P.D. only,04 - Sideswipe,01 - Clear,01 - Daylight,01 - Dry,10 - No control,,2,0,0,0,,0,,,,,373238.1748,5029688.61,45.40378923,-75.62576164,12605
17--8373,8/17/2017,8:34 PM,BANK ST @ JOHNSTON RD (0006967),6967,03 - At intersection,03 - P.D. only,05 - Turning movement,01 - Clear,07 - Dark,01 - Dry,01 - Traffic signal,01 - Functioning,2,0,0,0,,0,,,,,370851.7305,5024840.175,45.36039398,-75.65689171,12606
17--8374,8/17/2017,8:56 AM,COLONNADE RD @ MERIVALE RD (0004569),4569,03 - At intersection,03 - P.D. only,02 - Angle,01 - Clear,01 - Daylight,01 - Dry,01 - Traffic signal,01 - Functioning,2,0,0,0,,0,,,,,365363.054,5022543.855,45.34022767,-75.72722571,12607
17--8375,8/17/2017,9:16 AM,CATHERINE ST @ KENT ST (0002707),2707,03 - At intersection,03 - P.D. only,05 - Turning movement,01 - Clear,01 - Daylight,01 - Dry,01 - Traffic signal,01 - Functioning,2,0,0,0,,0,,,,,367907.8399,5030188.647,45.40878925,-75.69378098,12608
17--8376,8/17/2017,9:22 PM,PRINCE OF WALES DR btwn MARYLAND AVE & DYNES RD (__3ZA3GZ),__3ZA3GZ,01 - Non intersection,02 - Non-fatal injury,07 - SMV other,02 - Rain,07 - Dark,02 - Wet,10 - No control,,1,0,0,1,02 - Minor,1,,1,,,367090.7197,5025933.1,45.37057214,-75.70475605,12609
17--8377,8/17/2017,9:39 PM,BLAIR RD @ OGILVIE RD (0004120),4120,02 - Intersection related,03 - P.D. only,03 - Rear end,02 - Rain,07 - Dark,02 - Wet,01 - Traffic signal,01 - Functioning,2,0,0,0,,0,,,,,374509.0182,5033197.928,45.43523883,-75.60903318,12610
17--8378,8/17/2017,9:49 PM,CARLING AVE @ KIRKWOOD AVE S (0002209),2209,03 - At intersection,02 - Non-fatal injury,07 - SMV other,01 - Clear,07 - Dark,01 - Dry,01 - Traffic signal,01 - Functioning,1,0,0,1,01 - Minimal,1,1,,,,364352.5635,5027336.902,45.38344134,-75.73954068,12611
17--8379,8/18/2017,1:05 PM,NORICE ST btwn WOODROFFE AVE & SULLIVAN AVE (__3ZA0F0),__3ZA0F0,04 - At/near private drive,03 - P.D. only,07 - SMV other,01 - Clear,01 - Daylight,01 - Dry,10 - No control,,1,0,0,0,,0,,,,,363285.7304,5022446.036,45.33952376,-75.75374127,12612
17--811,1/19/2017,3:30 PM,BEAUSEJOUR DR @ JEANNE D'ARC BLVD (0003636),3636,03 - At intersection,03 - P.D. only,07 - SMV other,01 - Clear,01 - Daylight,01 - Dry,01 - Traffic signal,01 - Functioning,1,0,0,0,,0,,,,,381419.6616,5036060.843,45.46027399,-75.52027322,12613
17--8569,8/24/2017,1:00 PM,BERTRAND ST @ IVY CRES E (0008620),8620,02 - Intersection related,02 - Non-fatal injury,02 - Angle,01 - Clear,01 - Daylight,01 - Dry,02 - Stop sign,03 - Obscured,2,0,0,0,02 - Minor,1,,1,,,369029.2701,5033790.386,45.44109434,-75.67898623,12614
17--793,1/19/2017,10:25 PM,BRONSON AVE @ POWELL AVE (0007212),7212,03 - At intersection,02 - Non-fatal injury,07 - SMV other,01 - Clear,07 - Dark,02 - Wet,01 - Traffic signal,01 - Functioning,1,0,0,1,01 - Minimal,1,1,,,,367387.8789,5029478.571,45.40244688,-75.7005131,12615
17--8110,8/10/2017,3:13 PM,INNES RD @ STONEHENGE CRES E (0009355),9355,02 - Intersection related,03 - P.D. only,03 - Rear end,01 - Clear,01 - Daylight,01 - Dry,01 - Traffic signal,01 - Functioning,2,0,0,0,,0,,,,,375362.7958,5031312.37,45.41818801,-75.59839234,12616
17--857,1/20/2017,6:35 AM,BANK ST @ RIVERSIDE DR N (0010778),10778,03 - At intersection,03 - P.D. only,02 - Angle,01 - Clear,07 - Dark,01 - Dry,01 - Traffic signal,01 - Functioning,2,0,0,0,,0,,,,,369225.1695,5027983.546,45.38882846,-75.6772415,12617
17--7930,8/3/2017,4:40 PM,ST. JOSEPH BLVD @ REGIONAL RD 174/TRANSITWAY (0012428),12428,02 - Intersection related,03 - P.D. only,03 - Rear end,01 - Clear,01 - Daylight,01 - Dry,01 - Traffic signal,00 - Unknown,4,0,0,0,,0,,,,,376556.2464,5035056.985,45.45175836,-75.58259933,12618
17--8111,8/10/2017,3:13 PM,CAMPEAU DR @ KANATA AVE (0012003),12003,03 - At intersection,03 - P.D. only,05 - Turning movement,01 - Clear,01 - Daylight,01 - Dry,01 - Traffic signal,01 - Functioning,2,0,0,0,,0,,,,,350595.2006,5019402.064,45.31307654,-75.91594019,12619
17--8570,8/24/2017,1:12 PM,MONTREAL RD @ SINCLAIR ST (0008675),8675,02 - Intersection related,03 - P.D. only,03 - Rear end,01 - Clear,01 - Daylight,01 - Dry,01 - Traffic signal,01 - Functioning,2,0,0,0,,0,,,,,375967.7909,5034757.636,45.44912518,-75.59016506,12620
17--7931,8/3/2017,4:45 PM,HIGHWAY 417 btwn HWY417 IC118 RAMP67 & HWY417 IC117 RAMP36 (__3ZA2YO),__3ZA2YO,01 - Non intersection,03 - P.D. only,03 - Rear end,01 - Clear,01 - Daylight,01 - Dry,10 - No control,,3,0,0,0,,0,,,,,370214.8445,5031118.265,45.41694177,-75.66418812,12621
17--8112,8/10/2017,3:17 PM,NICHOLAS ST btwn BESSERER ST & DALY AVE (__3ZA3VO),__3ZA3VO,01 - Non intersection,02 - Non-fatal injury,03 - Rear end,01 - Clear,01 - Daylight,01 - Dry,10 - No control,,2,1,0,0,02 - Minor,1,,1,,,368196.3859,5032095.09,45.4259167,-75.68984983,12622
17--8571,8/24/2017,1:20 AM,HIGHWAY 417 btwn HWY417 IC163 RAMP16 & HWY417 IC163 RAMP61 (__3ZAZNM),__3ZAZNM,01 - Non intersection,03 - P.D. only,07 - SMV other,01 - Clear,07 - Dark,01 - Dry,10 - No control,,1,0,0,0,,0,,,,,331650.874,5021410.631,45.33213069,-76.15743632,12623
17--7932,8/3/2017,4:45 PM,HIGHWAY 417 btwn TRANSIT & HWY417 IC127 RAMP35 (__3ZA2SK),__3ZA2SK,01 - Non intersection,03 - P.D. only,07 - SMV other,01 - Clear,01 - Daylight,01 - Dry,10 - No control,,1,0,0,0,,0,,,,,361893.3646,5024646.29,45.35943621,-75.77125192,12624
17--8113,8/10/2017,3:35 PM,HIGHWAY 417 btwn HWY417 IC129 RAMP61 & TRANSIT (__3ZA2SI),__3ZA2SI,01 - Non intersection,02 - Non-fatal injury,03 - Rear end,01 - Clear,01 - Daylight,01 - Dry,10 - No control,,2,0,0,0,01 - Minimal,1,1,,,,361304.7137,5024220.822,45.35565556,-75.77881358,12625
17--8114,8/10/2017,3:56 PM,HWY 417 INNES IC112R57 @ INNES RD (0012298),12298,02 - Intersection related,03 - P.D. only,04 - Sideswipe,01 - Clear,01 - Daylight,01 - Dry,01 - Traffic signal,01 - Functioning,2,0,0,0,,0,,,,,374298.8153,5030754.915,45.41327881,-75.61206418,12626
17--8115,8/10/2017,4:00 PM,HEMLOCK RD @ ST. LAURENT BLVD (0007183),7183,03 - At intersection,03 - P.D. only,05 - Turning movement,01 - Clear,01 - Daylight,01 - Dry,01 - Traffic signal,01 - Functioning,2,0,0,0,,0,,,,,371145.7089,5034780.003,45.44980081,-75.65180225,12627
17--8116,8/10/2017,4:12 PM,GREENBANK RD @ BERRIGAN DR/WESSEX RD (0004726),4726,02 - Intersection related,03 - P.D. only,03 - Rear end,01 - Clear,01 - Daylight,01 - Dry,01 - Traffic signal,00 - Unknown,2,0,0,0,,0,,,,,363724.2905,5015277.338,45.27498337,-75.74899816,12628
17--8117,8/10/2017,4:20 AM,UNIVERSITY RD btwn LIBRARY RD & CAMPUS AVE (__3ZA86D),__3ZA86D,01 - Non intersection,03 - P.D. only,07 - SMV other,01 - Clear,07 - Dark,01 - Dry,10 - No control,,1,0,0,0,,0,,,,,367701.1915,5027183.649,45.38176973,-75.69680385,12629
17--8118,8/10/2017,4:30 PM,BLAIR RD @ MEADOWBROOK RD (0004163),4163,02 - Intersection related,03 - P.D. only,03 - Rear end,01 - Clear,01 - Daylight,01 - Dry,01 - Traffic signal,00 - Unknown,2,0,0,0,,0,,,,,375193.5168,5032310.047,45.4271816,-75.60041245,12630
17--8119,8/10/2017,5:13 PM,HUNT CLUB RD @ RIVERSIDE DR (0002237),2237,02 - Intersection related,03 - P.D. only,04 - Sideswipe,01 - Clear,01 - Daylight,01 - Dry,01 - Traffic signal,01 - Functioning,2,0,0,0,,0,,,,,368037.344,5021944.216,45.33459628,-75.69318219,12631
17--812,1/19/2017,3:55 PM,MERIVALE RD @ SHILLINGTON AVE (0011308),11308,02 - Intersection related,02 - Non-fatal injury,03 - Rear end,01 - Clear,01 - Daylight,02 - Wet,01 - Traffic signal,01 - Functioning,2,0,0,0,01 - Minimal,2,2,,,,364845.2407,5026810.085,45.37865908,-75.73331405,12632
17--8120,8/10/2017,5:42 PM,BRONSON AVE @ CATHERINE ST/RAYMOND ST (0007198),7198,02 - Intersection related,03 - P.D. only,03 - Rear end,01 - Clear,01 - Daylight,01 - Dry,01 - Traffic signal,01 - Functioning,2,0,0,0,,0,,,,,367253.0373,5029796.529,45.40531982,-75.70219511,12633
17--8121,8/10/2017,6:20 PM,GREENBANK RD btwn WEST HUNT CLUB RD & FALLOWFIELD RD (__3ZA1NE),__3ZA1NE,01 - Non intersection,03 - P.D. only,03 - Rear end,01 - Clear,01 - Daylight,01 - Dry,10 - No control,,2,0,0,0,,0,,,,,363039.1719,5016835.914,45.28906455,-75.75754649,12634
17--8122,8/10/2017,6:24 PM,KNIGHTSBRIDGE RD @ WOODROFFE AVE (0002244),2244,02 - Intersection related,03 - P.D. only,02 - Angle,01 - Clear,01 - Daylight,02 - Wet,02 - Stop sign,01 - Functioning,2,0,0,0,,0,,,,,361624.3224,5026560.843,45.37668507,-75.77446552,12635
17--8123,8/10/2017,6:30 PM,COLONNADE RD @ PRINCE OF WALES DR (0005249),5249,02 - Intersection related,03 - P.D. only,03 - Rear end,01 - Clear,01 - Daylight,01 - Dry,01 - Traffic signal,01 - Functioning,2,0,0,0,,0,,,,,367393.4939,5023266.212,45.34654908,-75.70122873,12636
17--8124,8/10/2017,6:37 PM,CAMPEAU DR @ TERRY FOX DR (0008211),8211,02 - Intersection related,03 - P.D. only,03 - Rear end,01 - Clear,01 - Daylight,02 - Wet,01 - Traffic signal,01 - Functioning,2,0,0,0,,0,,,,,350455.6007,5019010.76,45.30956457,-75.91775657,12637
17--8125,8/10/2017,6:49 AM,NICHOLAS ST NB btwn HWY417 IC118 RAMP52 & WALLER ST/TRANSITWAY (__6KCFNL),__6KCFNL,01 - Non intersection,02 - Non-fatal injury,03 - Rear end,01 - Clear,01 - Daylight,01 - Dry,10 - No control,,4,0,0,0,03 - Major,3,,2,1,,368977.6762,5031360.86,45.41923912,-75.6799623,12638
17--8126,8/10/2017,7:45 PM,HAWTHORNE RD @ HUNT CLUB RD (0007651),7651,03 - At intersection,03 - P.D. only,03 - Rear end,01 - Clear,01 - Daylight,01 - Dry,01 - Traffic signal,01 - Functioning,2,0,0,0,,0,,,,,375508.3587,5026407.442,45.37404132,-75.59723569,12639
17--8127,8/10/2017,7:47 AM,ST. JOSEPH BLVD @ JEANNE D'ARC BLVD (0012421),12421,03 - At intersection,03 - P.D. only,04 - Sideswipe,01 - Clear,01 - Daylight,01 - Dry,11 - Roundabout,01 - Functioning,2,0,0,0,,0,,,,,379861.4084,5036471.803,45.46414064,-75.54013283,12640
17--8128,8/10/2017,7:50 AM,HAZELDEAN RD @ HUNTMAR DR/IBER RD (0000075),75,02 - Intersection related,02 - Non-fatal injury,03 - Rear end,01 - Clear,01 - Daylight,01 - Dry,01 - Traffic signal,01 - Functioning,2,0,0,0,01 - Minimal,1,1,,,,350946.946,5016079.442,45.28315563,-75.91176358,12641
17--8129,8/10/2017,7:54 PM,HAMILTON AVE   N btwn ARMSTRONG ST & WELLINGTON ST W (__3ZA05N),__3ZA05N,01 - Non intersection,03 - P.D. only,06 - SMV unattended vehicle,01 - Clear,01 - Daylight,01 - Dry,10 - No control,,1,0,0,0,,0,,,,,365075.1616,5029237.161,45.40047768,-75.73008213,12642
17--813,1/19/2017,4:03 PM,O'CONNOR ST @ WELLINGTON ST (0002234),2234,02 - Intersection related,03 - P.D. only,99 - Other,01 - Clear,01 - Daylight,01 - Dry,01 - Traffic signal,01 - Functioning,2,0,0,0,,0,,,,,367414.2419,5031722.04,45.42263057,-75.69989138,12643
17--8130,8/10/2017,8:00 PM,BLAIR RD btwn OGILVIE RD & OR174 IC112 RAMP36 (__3ZA25Q),__3ZA25Q,01 - Non intersection,02 - Non-fatal injury,03 - Rear end,01 - Clear,05 - Dusk,01 - Dry,10 - No control,,2,0,0,0,01 - Minimal,2,2,,,,374606.9416,5033028.519,45.43370481,-75.60780577,12644
17--8131,8/10/2017,9:01 AM,BLAIR RD @ REGIONAL RD 174 S/OR174 IC112 RAMP15 (0012435),12435,02 - Intersection related,03 - P.D. only,04 - Sideswipe,01 - Clear,01 - Daylight,01 - Dry,01 - Traffic signal,00 - Unknown,2,0,0,0,,0,,,,,374907.827,5032660.997,45.43036795,-75.60401299,12645
17--8132,8/10/2017,9:40 AM,HUNT CLUB RD EB btwn 275 E OF HAWTHORNE RD/OC TRANSPO TURNAROUND & HWY417 HUNT CLUB IC109 RAMP25 (e___2HF3B),e___2HF3B,07 - Overpass or bridge,03 - P.D. only,03 - Rear end,01 - Clear,01 - Daylight,01 - Dry,10 - No control,,3,0,0,0,,0,,,,,376444.649,5027609.805,45.38476445,-75.58510872,12646
17--8133,8/10/2017,9:45 AM,BASELINE RD @ WOODROFFE AVE (0002225),2225,02 - Intersection related,03 - P.D. only,04 - Sideswipe,01 - Clear,01 - Daylight,01 - Dry,01 - Traffic signal,01 - Functioning,2,0,0,0,,0,,,,,362549.6902,5023771.308,45.35150944,-75.76297739,12647
17--8134,8/10/2017,9:51 PM,MITCH OWENS RD @ STAGECOACH RD (0003576),3576,02 - Intersection related,03 - P.D. only,05 - Turning movement,01 - Clear,07 - Dark,01 - Dry,01 - Traffic signal,01 - Functioning,2,0,0,0,,0,,,,,375400.3957,5014486.381,45.2667912,-75.60031323,12648
17--8135,8/11/2017,1:15 PM,DUNROBIN RD @ LILLIAN WAY (0008848),8848,02 - Intersection related,03 - P.D. only,07 - SMV other,01 - Clear,01 - Daylight,01 - Dry,10 - No control,00 - Unknown,1,0,0,0,,0,,,,,345529.6192,5027920.682,45.3900417,-75.97984073,12649
17--8136,8/11/2017,1:18 PM,CONROY RD @ ST. LAURENT BLVD (0011390),11390,02 - Intersection related,03 - P.D. only,03 - Rear end,01 - Clear,01 - Daylight,01 - Dry,01 - Traffic signal,01 - Functioning,2,0,0,0,,0,,,,,373069.9675,5027159.606,45.38105078,-75.62826001,12650
17--8137,8/11/2017,10:38 AM,OLMSTEAD ST @ JEANNE MANCE ST (0009887),9887,02 - Intersection related,02 - Non-fatal injury,04 - Sideswipe,01 - Clear,01 - Daylight,01 - Dry,02 - Stop sign,00 - Unknown,2,1,0,0,01 - Minimal,1,1,,,,370466.4387,5032942.574,45.43333258,-75.66073062,12651
17--8138,8/11/2017,11:12 AM,BESSERER ST @ WALLER ST (0008859),8859,03 - At intersection,03 - P.D. only,03 - Rear end,01 - Clear,01 - Daylight,01 - Dry,01 - Traffic signal,01 - Functioning,2,0,0,0,,0,,,,,368316.8801,5032192.688,45.42678393,-75.68829759,12652
17--8139,8/11/2017,11:30 PM,HIGHWAY 416 btwn HWY416 IC49 RAMP43 & HWY416 IC42 RAMP34 (__3ZAZJ7),__3ZAZJ7,01 - Non intersection,02 - Non-fatal injury,07 - SMV other,01 - Clear,07 - Dark,01 - Dry,10 - No control,,1,0,0,0,03 - Major,1,,,1,,369674.8842,4998812.446,45.12630887,-75.67530738,12653
17--814,1/19/2017,4:16 PM,FALLOWFIELD RD @ MERIVALE RD (0000587),587,03 - At intersection,03 - P.D. only,03 - Rear end,01 - Clear,01 - Daylight,02 - Wet,01 - Traffic signal,01 - Functioning,2,0,0,0,,0,,,,,366890.7659,5018844.706,45.30680973,-75.70819804,12654
17--8140,8/11/2017,11:55 AM,STRANDHERD DR @ LONGFIELDS DR (0010935),10935,02 - Intersection related,02 - Non-fatal injury,03 - Rear end,01 - Clear,01 - Daylight,01 - Dry,01 - Traffic signal,01 - Functioning,2,0,0,0,02 - Minor,1,,1,,,364549.2839,5015173.561,45.27397996,-75.73849687,12655
17--8141,8/11/2017,12:13 AM,TIMBERMILL ST @ TRESA CRT (0008738),8738,02 - Intersection related,02 - Non-fatal injury,07 - SMV other,01 - Clear,07 - Dark,01 - Dry,02 - Stop sign,01 - Functioning,1,0,0,1,03 - Major,1,,,1,,372532.2133,5023423.221,45.3474844,-75.63563796,12656
17--8142,8/11/2017,12:20 PM,TERRY FOX DR @ EDGEWATER ST/WALTER BAKER PL (0002699),2699,03 - At intersection,03 - P.D. only,05 - Turning movement,01 - Clear,01 - Daylight,01 - Dry,01 - Traffic signal,01 - Functioning,2,0,0,0,,0,,,,,351778.0397,5017613.235,45.29690207,-75.90102493,12657
17--8143,8/11/2017,12:40 AM,BLAIR RD @ REGIONAL RD 174 N/OR174 IC112 RAMP61 (0003617),3617,02 - Intersection related,03 - P.D. only,05 - Turning movement,01 - Clear,07 - Dark,01 - Dry,01 - Traffic signal,01 - Functioning,2,0,0,0,,0,,,,,374634.643,5032990.55,45.43336042,-75.60745715,12658
17--8144,8/11/2017,12:40 PM,ALTA VISTA DR @ BANK ST (0011318),11318,03 - At intersection,03 - P.D. only,03 - Rear end,01 - Clear,01 - Daylight,01 - Dry,01 - Traffic signal,01 - Functioning,3,0,0,0,,0,,,,,370248.735,5026200.073,45.37268647,-75.6644076,12659
17--8145,8/11/2017,12:55 PM,BLAIR RD @ MEADOWBROOK RD (0004163),4163,02 - Intersection related,02 - Non-fatal injury,04 - Sideswipe,01 - Clear,01 - Daylight,01 - Dry,01 - Traffic signal,01 - Functioning,2,1,0,0,01 - Minimal,1,1,,,,375194.7345,5032311.569,45.42719517,-75.60039668,12660
17--8146,8/11/2017,2:00 PM,ALDGATE CRES btwn SHERWAY DR & SHERWAY DR (__3ZAAA7),__3ZAAA7,01 - Non intersection,03 - P.D. only,06 - SMV unattended vehicle,01 - Clear,99 - Other,01 - Dry,10 - No control,,1,0,0,0,,0,,,,,362738.0533,5015114.169,45.27359712,-75.76158594,12661
17--8147,8/11/2017,2:36 PM,JAMIE AVE @ SUNDERLAND ST (0004576),4576,03 - At intersection,03 - P.D. only,02 - Angle,01 - Clear,01 - Daylight,01 - Dry,02 - Stop sign,01 - Functioning,2,0,0,0,,0,,,,,366065.4212,5022022.711,45.33547751,-75.71832898,12662
17--8148,8/11/2017,3:25 PM,INDUSTRIAL AVE @ NEIGHBORHOOD WAY (0002706),2706,03 - At intersection,02 - Non-fatal injury,03 - Rear end,01 - Clear,01 - Daylight,01 - Dry,02 - Stop sign,01 - Functioning,2,0,0,0,01 - Minimal,1,1,,,,371091.8279,5030527.781,45.4115463,-75.65306347,12663
17--8149,8/11/2017,3:30 PM,CARBROOKE ST @ DESMOND AVE (0003952),3952,03 - At intersection,02 - Non-fatal injury,02 - Angle,01 - Clear,01 - Daylight,01 - Dry,02 - Stop sign,01 - Functioning,2,1,0,0,01 - Minimal,1,1,,,,353512.1787,5018110.788,45.30126107,-75.87886687,12664
17--815,1/19/2017,4:30 PM,RICHMOND RD btwn LOCKHART AVE & CLEARY AVE (__3ZAYFU),__3ZAYFU,01 - Non intersection,03 - P.D. only,03 - Rear end,01 - Clear,01 - Daylight,01 - Dry,10 - No control,,2,0,0,0,,0,,,,,361934.5285,5027150.417,45.38196477,-75.7704369,12665
17--8150,8/11/2017,3:31 PM,FALLOWFIELD RD @ RICHMOND RD (0000634),634,02 - Intersection related,03 - P.D. only,07 - SMV other,01 - Clear,01 - Daylight,01 - Dry,01 - Traffic signal,00 - Unknown,1,0,0,0,,0,,,,,357722.0671,5013530.063,45.25973846,-75.82567826,12666