Anom_ID,Accident_Date,Accident_Time,Location,Geo_ID,Accident_Location,Classification_of_Accident,Initial_Impact_Type,Environment_Condition,Light,Road_Surface_Condition,Traffic_Control,Traffic_Control_Condition,No__of_Vehicles,No__of_Bicycles,No__of_Motorcycles,No__of_Pedestrians,Max_Injury,No__of_Injuries,No__of_Minimal,No__of_Minor,No__of_Major,No__of_Fatal,X,Y,Latitude,Longitude,ObjectId
17--8151,8/11/2017,3:56 PM,HAWTHORNE RD btwn STEVENAGE DR & HUNT CLUB RD (__3ZA2E8),__3ZA2E8,01 - Non intersection,02 - Non-fatal injury,04 - Sideswipe,01 - Clear,01 - Daylight,01 - Dry,10 - No control,,2,0,0,0,02 - Minor,2,,2,,,375488.2674,5026454.018,45.37446242,-75.59748551,12667
17--8152,8/11/2017,3:59 PM,RICHARDSON SIDE RD @ SPRUCE RIDGE RD (0011499),11499,02 - Intersection related,03 - P.D. only,07 - SMV other,01 - Clear,01 - Daylight,01 - Dry,02 - Stop sign,00 - Unknown,1,0,0,0,,0,,,,,343201.9572,5014397.666,45.26848802,-76.01061528,12668
17--8153,8/11/2017,4:07 PM,LYON ST @ WELLINGTON ST (0002388),2388,02 - Intersection related,03 - P.D. only,05 - Turning movement,01 - Clear,01 - Daylight,01 - Dry,01 - Traffic signal,01 - Functioning,2,0,0,0,,0,,,,,366934.63,5031426.166,45.42001115,-75.70605676,12669
17--8154,8/11/2017,4:27 PM,KNOXDALE RD @ WEST HUNT CLUB RD (0005165),5165,02 - Intersection related,02 - Non-fatal injury,03 - Rear end,01 - Clear,01 - Daylight,01 - Dry,01 - Traffic signal,01 - Functioning,2,0,0,0,02 - Minor,1,,1,,,361864.3267,5020583.836,45.32288478,-75.77209111,12670
17--8155,8/11/2017,4:30 PM,WOODROFFE AVE @ QUEENSBURY DR/RIDEAUCREST DR (0000043),43,03 - At intersection,03 - P.D. only,03 - Rear end,01 - Clear,01 - Daylight,01 - Dry,01 - Traffic signal,01 - Functioning,2,0,0,0,,0,,,,,365727.5922,5016328.814,45.28427377,-75.72333892,12671
17--8156,8/11/2017,4:32 PM,GARRITY CRES btwn BALINROAN CRES & LEAMINGTON WAY (__737LZ8),__737LZ8,01 - Non intersection,03 - P.D. only,02 - Angle,01 - Clear,01 - Daylight,01 - Dry,10 - No control,,2,0,0,0,,0,,,,,365030.54,5014275.648,45.26585949,-75.73247273,12672
17--8157,8/11/2017,5:02 PM,BRONSON AVE btwn PLYMOUTH ST & RENFREW AVE (__3ZA3B1),__3ZA3B1,04 - At/near private drive,03 - P.D. only,02 - Angle,01 - Clear,01 - Daylight,01 - Dry,10 - No control,,2,0,1,0,,0,,,,,367354.0933,5029557.96,45.40316422,-75.70093456,12673
17--8158,8/11/2017,5:34 PM,MACKENZIE KING BR/WALLER ST @ NICHOLAS ST/WALL (0011251),11251,03 - At intersection,02 - Non-fatal injury,07 - SMV other,01 - Clear,01 - Daylight,01 - Dry,01 - Traffic signal,01 - Functioning,1,0,0,1,02 - Minor,1,,1,,,368372.1784,5031992.578,45.42497838,-75.68761681,12674
17--8159,8/11/2017,6:00 PM,LAKEPOINTE DR btwn TENTH LINE RD & AQUAVIEW DR (__5JY41V),__5JY41V,01 - Non intersection,03 - P.D. only,06 - SMV unattended vehicle,99 - Other,99 - Other,99 - Other,10 - No control,,1,0,0,0,,0,,,,,384351.3808,5035459.049,45.45453194,-75.48288885,12675
17--816,1/19/2017,4:33 PM,BRONSON AVE @ SOMERSET ST (0002218),2218,02 - Intersection related,03 - P.D. only,04 - Sideswipe,01 - Clear,01 - Daylight,02 - Wet,01 - Traffic signal,01 - Functioning,2,0,0,0,,0,,,,,366967.6961,5030476.026,45.41145914,-75.70575415,12676
17--8160,8/11/2017,6:08 PM,ALBION RD btwn ALBION RD S & BANK ST (__3ZA2PX),__3ZA2PX,04 - At/near private drive,02 - Non-fatal injury,02 - Angle,01 - Clear,01 - Daylight,01 - Dry,10 - No control,,2,1,0,0,01 - Minimal,1,1,,,,371942.2407,5024141.038,45.3539998,-75.64306856,12677
17--8161,8/11/2017,6:46 PM,MONTREAL RD btwn HILLSIDE DR & MONTREAL SQUARE SC (__3ZA3AWA),__3ZA3AWA,01 - Non intersection,03 - P.D. only,04 - Sideswipe,01 - Clear,01 - Daylight,01 - Dry,10 - No control,,2,0,0,0,,0,,,,,371727.1132,5033906.056,45.44188202,-75.64448898,12678
17--8162,8/11/2017,7:20 PM,HERON RD WB btwn RIVERSIDE DR & BRONSON AVE RAMP 36 (__3ZA4TO),__3ZA4TO,01 - Non intersection,03 - P.D. only,04 - Sideswipe,01 - Clear,01 - Daylight,01 - Dry,10 - No control,,2,0,0,0,,0,,,,,368441.9121,5026683.869,45.37720595,-75.68741083,12679
17--8163,8/11/2017,8:37 AM,OLD CARP RD @ SECOND LINE RD (0012543),12543,03 - At intersection,03 - P.D. only,02 - Angle,01 - Clear,01 - Daylight,01 - Dry,02 - Stop sign,01 - Functioning,2,0,0,0,,0,,,,,347766.5992,5023538.459,45.35047579,-75.95165464,12680
17--8164,8/11/2017,8:38 AM,PLEASANT PARK RD @ ST. LAURENT BLVD (0008363),8363,02 - Intersection related,03 - P.D. only,03 - Rear end,01 - Clear,01 - Daylight,01 - Dry,01 - Traffic signal,00 - Unknown,2,0,0,0,,0,,,,,373597.1191,5028795.245,45.39571596,-75.62130159,12681
17--8165,8/11/2017,9:00 AM,ST. LAURENT BLVD @ WALKLEY RD (0007653),7653,03 - At intersection,03 - P.D. only,05 - Turning movement,01 - Clear,01 - Daylight,01 - Dry,01 - Traffic signal,01 - Functioning,2,0,0,0,,0,,,,,373902.7501,5028046.536,45.38894933,-75.6175033,12682
17--8166,8/11/2017,9:53 PM,HWY 417 TERRYFO IC140R36 @ TERRY FOX DR (0011778),11778,02 - Intersection related,03 - P.D. only,03 - Rear end,01 - Clear,07 - Dark,01 - Dry,10 - No control,00 - Unknown,2,0,0,0,,0,,,,,350691.5504,5018849.501,45.30809814,-75.9147626,12683
17--8167,8/12/2017,1:10 PM,ST. JOSEPH BLVD/OLD MONTREAL RD @ TRIM RD (0004118),4118,03 - At intersection,03 - P.D. only,04 - Sideswipe,01 - Clear,01 - Daylight,01 - Dry,11 - Roundabout,01 - Functioning,2,0,0,0,,0,,,,,384681.7016,5039280.12,45.48887261,-75.478045,12684
17--8168,8/12/2017,1:14 PM,ANDERSON RD btwn WEIR RD & DOLMAN RIDGE RD (__3ZA2B7),__3ZA2B7,04 - At/near private drive,02 - Non-fatal injury,05 - Turning movement,01 - Clear,01 - Daylight,01 - Dry,10 - No control,,2,0,1,0,03 - Major,1,,,1,,377927.2648,5031135.827,45.41633626,-75.56565565,12685
17--8169,8/12/2017,1:42 AM,ELGIN ST @ LAURIER AVE (0002232),2232,02 - Intersection related,03 - P.D. only,06 - SMV unattended vehicle,01 - Clear,07 - Dark,01 - Dry,01 - Traffic signal,00 - Unknown,1,0,0,0,,0,,,,,367948.2784,5031548.929,45.42102498,-75.69309012,12686
17--817,1/19/2017,4:51 PM,CUMBERLAND ST @ RIDEAU ST (0007759),7759,02 - Intersection related,03 - P.D. only,04 - Sideswipe,01 - Clear,05 - Dusk,02 - Wet,01 - Traffic signal,01 - Functioning,2,0,0,0,,0,,,,,368373.9646,5032330.52,45.4280189,-75.68755037,12687
17--8170,8/12/2017,1:45 PM,CARLING AVE @ BAYSHORE DR/BIRCHDALE AVE (0000021),21,03 - At intersection,02 - Non-fatal injury,05 - Turning movement,01 - Clear,01 - Daylight,01 - Dry,01 - Traffic signal,01 - Functioning,2,0,0,0,02 - Minor,3,,3,,,359003.589,5023991.253,45.35377156,-75.80820649,12688
17--8171,8/12/2017,1:49 PM,WOODROFFE AVE @ GEORGINA DR/LENESTER AVE (0002351),2351,03 - At intersection,02 - Non-fatal injury,05 - Turning movement,01 - Clear,01 - Daylight,01 - Dry,01 - Traffic signal,01 - Functioning,2,0,0,0,02 - Minor,1,,1,,,361909.9734,5025370.698,45.36595303,-75.77095622,12689
17--8172,8/12/2017,10:23 AM,CARP RD @ HAZELDEAN RD (0000086),86,02 - Intersection related,03 - P.D. only,03 - Rear end,01 - Clear,01 - Daylight,01 - Dry,01 - Traffic signal,01 - Functioning,2,0,0,0,,0,,,,,348805.858,5014359.795,45.26781893,-75.93920718,12690
17--8173,8/12/2017,10:57 AM,LAKEPOINTE DR btwn TENTH LINE RD & AQUAVIEW DR (__5JY41V),__5JY41V,01 - Non intersection,03 - P.D. only,06 - SMV unattended vehicle,02 - Rain,01 - Daylight,02 - Wet,10 - No control,,1,0,0,0,,0,,,,,384381.5636,5035471.09,45.45463683,-75.48250106,12691
17--8174,8/12/2017,11:00 AM,BRONSON AVE @ CARLING AVE/GLEBE AVE (0002134),2134,02 - Intersection related,03 - P.D. only,03 - Rear end,01 - Clear,01 - Daylight,01 - Dry,01 - Traffic signal,01 - Functioning,2,0,0,0,,0,,,,,367448.2535,5029335.016,45.40114981,-75.6997602,12692
17--8175,8/12/2017,11:20 AM,BANK ST @ EXHIBITION WAY (0009013),9013,02 - Intersection related,03 - P.D. only,03 - Rear end,01 - Clear,01 - Daylight,01 - Dry,01 - Traffic signal,01 - Functioning,2,0,0,0,,0,,,,,368529.3623,5029085.164,45.39880414,-75.68598429,12693
17--8176,8/12/2017,Unknown,RONDEL ST btwn INNES RD & ORIENT PARK DR (__3ZA7MJ),__3ZA7MJ,04 - At/near private drive,03 - P.D. only,06 - SMV unattended vehicle,01 - Clear,00 - Unknown,01 - Dry,10 - No control,,1,0,0,0,,0,,,,,378879.3916,5033132.614,45.43420184,-75.55319172,12694
17--8177,8/12/2017,Unknown,LATOUR CRES btwn GARDENWAY DR & GARDENWAY DR (__3ZA5SX),__3ZA5SX,04 - At/near private drive,03 - P.D. only,06 - SMV unattended vehicle,01 - Clear,00 - Unknown,01 - Dry,10 - No control,,1,0,0,0,,0,,,,,383921.5147,5036778.152,45.46644883,-75.4881718,12695
17--8178,8/12/2017,2:08 PM,DANFORTH AVE @ ROOSEVELT AVE (0002306),2306,02 - Intersection related,03 - P.D. only,99 - Other,01 - Clear,01 - Daylight,01 - Dry,02 - Stop sign,00 - Unknown,2,0,0,0,,0,,,,,363029.6116,5028077.551,45.39021682,-75.75634534,12696
17--8179,8/12/2017,2:15 PM,HIGHWAY 417 btwn HWY417 IC138 RAMP26 & HWY417 IC138 RAMP61 (__3ZA20H),__3ZA20H,01 - Non intersection,03 - P.D. only,99 - Other,01 - Clear,01 - Daylight,01 - Dry,10 - No control,,2,0,0,0,,0,,,,,353160.6178,5020393.599,45.32182658,-75.88312659,12697
17--818,1/19/2017,5:12 AM,SUSSEX DR/PRINCESS AVE @ RIDEAU GATE (0007141),7141,03 - At intersection,03 - P.D. only,07 - SMV other,01 - Clear,07 - Dark,02 - Wet,11 - Roundabout,01 - Functioning,1,0,0,0,,0,,,,,367956.0003,5034163.609,45.44455025,-75.69265608,12698
17--8180,8/12/2017,2:50 PM,INDUSTRIAL AVE @ ALTA VISTA DR/SANDFORD FLEMIN (0006979),6979,03 - At intersection,03 - P.D. only,05 - Turning movement,01 - Clear,01 - Daylight,01 - Dry,01 - Traffic signal,01 - Functioning,2,0,0,0,,0,,,,,370885.567,5030555.915,45.41181895,-75.65569457,12699
17--8181,8/12/2017,3:06 PM,KANATA AVE @ TERRY FOX DR (0012691),12691,03 - At intersection,03 - P.D. only,05 - Turning movement,02 - Rain,01 - Daylight,02 - Wet,01 - Traffic signal,01 - Functioning,2,0,0,0,,0,,,,,349304.5855,5019212.226,45.3114513,-75.93241658,12700
17--8182,8/12/2017,3:30 PM,BEECH ST btwn LORETTA AVE S & CHAMPAGNE AVE S (__3ZA04Q),__3ZA04Q,01 - Non intersection,03 - P.D. only,06 - SMV unattended vehicle,02 - Rain,01 - Daylight,02 - Wet,10 - No control,,1,0,0,0,,0,,,,,366392.9569,5029145.409,45.39953742,-75.71326246,12701
17--8183,8/12/2017,4:00 PM,DES EPINETTES AVE @ JEANNE D'ARC BLVD (0004221),4221,03 - At intersection,03 - P.D. only,03 - Rear end,02 - Rain,01 - Daylight,02 - Wet,01 - Traffic signal,02 - Not functioning,2,0,0,0,,0,,,,,382225.4661,5035958.571,45.459265,-75.50998713,12702
17--8184,8/12/2017,4:02 PM,BREWER RD @ BRONSON AVE (0002240),2240,03 - At intersection,02 - Non-fatal injury,03 - Rear end,02 - Rain,01 - Daylight,02 - Wet,01 - Traffic signal,01 - Functioning,2,0,0,0,02 - Minor,1,,1,,,368109.4786,5027765.357,45.386967,-75.69151627,12703
17--8185,8/12/2017,4:14 AM,KNOXDALE RD btwn CRAIG HENRY DR & WOODROFFE AVE (__3ZA3I8),__3ZA3I8,01 - Non intersection,03 - P.D. only,07 - SMV other,02 - Rain,07 - Dark,02 - Wet,10 - No control,,1,0,0,0,,0,,,,,363133.5164,5021664.983,45.33250857,-75.75577538,12704
17--8186,8/12/2017,5:00 AM,CENTRAL PARK DR btwn CRYSTAL PARK CRES & MERIVALE RD (__3ZAZ7C),__3ZAZ7C,04 - At/near private drive,03 - P.D. only,02 - Angle,02 - Rain,07 - Dark,02 - Wet,10 - No control,,2,0,0,0,,0,,,,,364923.8944,5025870.481,45.37019795,-75.73242424,12705
17--8187,8/12/2017,5:00 PM,PARKDALE AVE @ HWY 417 PARKDAL IC122R15/HWY 41 (0002363),2363,03 - At intersection,02 - Non-fatal injury,02 - Angle,01 - Clear,01 - Daylight,02 - Wet,01 - Traffic signal,01 - Functioning,2,0,0,0,01 - Minimal,2,2,,,,365336.2203,5028844.838,45.39692512,-75.72679598,12706
17--8188,8/12/2017,5:01 PM,BANK ST @ PARK LANE (0009257),9257,03 - At intersection,03 - P.D. only,07 - SMV other,01 - Clear,01 - Daylight,02 - Wet,02 - Stop sign,01 - Functioning,1,0,0,0,,0,,,,,374039.2609,5022691.262,45.34075136,-75.61651056,12707
17--8189,8/12/2017,5:20 PM,BREWER RD @ BRONSON AVE (0002240),2240,02 - Intersection related,03 - P.D. only,07 - SMV other,02 - Rain,01 - Daylight,02 - Wet,01 - Traffic signal,01 - Functioning,1,0,0,0,,0,,,,,368107.7526,5027767.515,45.38698657,-75.69153804,12708
17--819,1/19/2017,5:31 PM,LAURIER AVE @ NICHOLAS ST (0010711),10711,02 - Intersection related,03 - P.D. only,04 - Sideswipe,01 - Clear,05 - Dusk,02 - Wet,01 - Traffic signal,00 - Unknown,2,0,0,0,,0,,,,,368371.9977,5031796.631,45.42321534,-75.68764441,12709
17--8190,8/12/2017,5:37 PM,HUNT CLUB RD @ CANADAIR PRIV (0010852),10852,02 - Intersection related,03 - P.D. only,07 - SMV other,02 - Rain,01 - Daylight,02 - Wet,01 - Traffic signal,01 - Functioning,1,0,0,0,,0,,,,,368661.7141,5022310.825,45.3378384,-75.68516961,12710
17--8191,8/12/2017,6:00 AM,HIGHWAY 417 btwn HWY417 IC118 RAMP67 & HWY417 IC117 RAMP36 (__3ZA2YO),__3ZA2YO,01 - Non intersection,02 - Non-fatal injury,07 - SMV other,01 - Clear,03 - Dawn,02 - Wet,10 - No control,,1,0,0,0,01 - Minimal,1,1,,,,370156.0035,5031115.807,45.41692515,-75.66494018,12711
17--8192,8/12/2017,6:15 PM,MERIVALE RD @ ROSSLAND AVE (0001757),1757,02 - Intersection related,03 - P.D. only,03 - Rear end,01 - Clear,01 - Daylight,01 - Dry,02 - Stop sign,00 - Unknown,2,0,0,0,,0,,,,,364673.697,5024153.036,45.35476605,-75.73582619,12712
17--8193,8/12/2017,6:27 PM,BANK ST @ PARK LANE (0009257),9257,03 - At intersection,02 - Non-fatal injury,07 - SMV other,02 - Rain,01 - Daylight,02 - Wet,02 - Stop sign,01 - Functioning,1,0,0,1,02 - Minor,1,,1,,,374041.7728,5022694.843,45.34078333,-75.61647801,12713
17--8194,8/12/2017,6:35 AM,GEORGE ST @ DALHOUSIE ST (0008516),8516,03 - At intersection,03 - P.D. only,02 - Angle,01 - Clear,03 - Dawn,02 - Wet,01 - Traffic signal,01 - Functioning,2,0,0,0,,0,,,,,368158.3386,5032314.949,45.42789837,-75.69030771,12714
17--8195,8/12/2017,6:56 PM,FALLOWFIELD RD @ STRANDHERD DR (0005238),5238,02 - Intersection related,02 - Non-fatal injury,03 - Rear end,02 - Rain,01 - Daylight,02 - Wet,01 - Traffic signal,01 - Functioning,2,0,0,0,02 - Minor,1,,1,,,360751.5838,5014963.436,45.27240168,-75.78691825,12715
17--8196,8/12/2017,7:16 PM,BORRISOKANE RD/TARTAN DR @ STRANDHERD DR (0010634),10634,02 - Intersection related,03 - P.D. only,03 - Rear end,02 - Rain,05 - Dusk,02 - Wet,01 - Traffic signal,01 - Functioning,2,0,0,0,,0,,,,,362291.2131,5013545.408,45.25951798,-75.76746198,12716
17--8197,8/12/2017,8:30 AM,STRANDHERD DR btwn JOCKVALE RD & 215 W OF GREENBANK RD/BARRHAVEN MALL  (__3ZAZMMA),__3ZAZMMA,01 - Non intersection,02 - Non-fatal injury,07 - SMV other,02 - Rain,01 - Daylight,02 - Wet,10 - No control,,1,0,0,0,02 - Minor,1,,1,,,363582.0555,5014590.351,45.26881375,-75.75089215,12717
17--8198,8/12/2017,8:38 AM,BANK ST btwn RIVERSIDE DR & BILLINGS TRANSIT (__3ZA3NMA),__3ZA3NMA,04 - At/near private drive,03 - P.D. only,02 - Angle,01 - Clear,01 - Daylight,01 - Dry,10 - No control,,2,0,0,0,,0,,,,,369406.3906,5027783.189,45.38700902,-75.67495364,12718
17--8199,8/13/2017,10:13 PM,HUNT CLUB RD @ RIVERSIDE DR (0002237),2237,02 - Intersection related,03 - P.D. only,04 - Sideswipe,01 - Clear,07 - Dark,01 - Dry,01 - Traffic signal,01 - Functioning,2,0,0,0,,0,,,,,368037.0236,5021943.773,45.33459233,-75.69318633,12719
17--8572,8/24/2017,1:45 PM,MEADOWLANDS DR/TALLWOOD DR @ WOODROFFE AVE (0000095),95,02 - Intersection related,03 - P.D. only,99 - Other,01 - Clear,01 - Daylight,01 - Dry,01 - Traffic signal,01 - Functioning,2,0,0,0,,0,,,,,363056.9545,5022730.476,45.34210216,-75.75662664,12720
17--7933,8/3/2017,5:50 PM,DALHOUSIE ST btwn YORK ST & GEORGE ST (__3ZBOX1),__3ZBOX1,04 - At/near private drive,03 - P.D. only,02 - Angle,01 - Clear,01 - Daylight,01 - Dry,10 - No control,,2,0,0,0,,0,,,,,368100.7305,5032407.55,45.42873677,-75.69103194,12721
17--8573,8/24/2017,1:46 AM,CARP RD btwn RIVINGTON ST & MARCH RD (__3ZA3GJ),__3ZA3GJ,01 - Non intersection,03 - P.D. only,04 - Sideswipe,01 - Clear,07 - Dark,01 - Dry,10 - No control,,2,0,0,0,,0,,,,,342052.7969,5021852.681,45.33563332,-76.02469917,12722
17--8574,8/24/2017,10:05 AM,MCARTHUR AVE @ VANIER PKWY (0004626),4626,02 - Intersection related,03 - P.D. only,04 - Sideswipe,01 - Clear,01 - Daylight,01 - Dry,01 - Traffic signal,01 - Functioning,2,0,0,0,,0,,,,,370219.2848,5032689.425,45.43107802,-75.66392273,12723
17--7934,8/3/2017,7:50 AM,CUMMINGS AVE @ OGILVIE RD (0009923),9923,03 - At intersection,02 - Non-fatal injury,05 - Turning movement,01 - Clear,01 - Daylight,01 - Dry,01 - Traffic signal,01 - Functioning,2,1,0,0,02 - Minor,1,,1,,,372748.0822,5032170.905,45.42617151,-75.63167918,12724
17--8575,8/24/2017,10:12 PM,HERON RD btwn BANK ST & EDGE HILL PL (__3ZA3AD),__3ZA3AD,01 - Non intersection,02 - Non-fatal injury,03 - Rear end,01 - Clear,07 - Dark,01 - Dry,10 - No control,,3,0,0,0,02 - Minor,4,3,1,,,370143.7777,5026873.518,45.3787557,-75.66565835,12725
17--7935,8/3/2017,8:15 AM,BLAIR RD @ OR174 IC112 RAMP26 (0009288),9288,02 - Intersection related,03 - P.D. only,03 - Rear end,01 - Clear,01 - Daylight,01 - Dry,10 - No control,00 - Unknown,3,0,0,0,,0,,,,,374753.5655,5032847.043,45.43205734,-75.6059578,12726
17--8576,8/24/2017,10:20 AM,SOMERSET ST @ MARLBOROUGH AVE (0008463),8463,03 - At intersection,03 - P.D. only,02 - Angle,01 - Clear,01 - Daylight,01 - Dry,02 - Stop sign,01 - Functioning,2,0,0,0,,0,,,,,369539.7539,5032030.821,45.42521539,-75.672693,12727
17--7936,8/3/2017,9:25 PM,ORLEANS BLVD @ MAPLE RUN AVE/BEAUSEJOUR DR S (0003628),3628,02 - Intersection related,03 - P.D. only,05 - Turning movement,01 - Clear,07 - Dark,01 - Dry,01 - Traffic signal,01 - Functioning,2,0,0,0,,0,,,,,380575.3966,5035316.689,45.45367075,-75.53118185,12728
17--8577,8/24/2017,11:14 AM,HUNT CLUB RD @ RIVERSIDE DR (0002237),2237,02 - Intersection related,03 - P.D. only,03 - Rear end,01 - Clear,01 - Daylight,01 - Dry,01 - Traffic signal,01 - Functioning,2,0,0,0,,0,,,,,368036.481,5021946.164,45.33461389,-75.69319295,12729
17--7937,8/3/2017,9:35 AM,ALERT RD/AIRPORT PKWY/UPLANDS DR RAMP 62 @ LES (0003652),3652,02 - Intersection related,03 - P.D. only,05 - Turning movement,01 - Clear,01 - Daylight,01 - Dry,01 - Traffic signal,01 - Functioning,2,0,0,0,,0,,,,,371308.8588,5021353.784,45.32898129,-75.65152617,12730
17--8578,8/24/2017,11:30 AM,MERIVALE RD @ WEST HUNT CLUB RD (0000584),584,02 - Intersection related,03 - P.D. only,03 - Rear end,01 - Clear,01 - Daylight,01 - Dry,01 - Traffic signal,01 - Functioning,2,0,0,0,,0,,,,,365612.9172,5021941.832,45.33478914,-75.72411178,12731
17--8579,8/24/2017,11:55 AM,HAZELDEAN RD @ TERRY FOX DR (0003682),3682,03 - At intersection,02 - Non-fatal injury,03 - Rear end,01 - Clear,01 - Daylight,01 - Dry,01 - Traffic signal,01 - Functioning,3,0,0,0,02 - Minor,1,,1,,,352208.0844,5017242.214,45.29353464,-75.89557758,12732
17--858,1/20/2017,6:45 PM,CLARKE AVE @ ST. LAURENT BLVD (0007702),7702,02 - Intersection related,03 - P.D. only,03 - Rear end,01 - Clear,07 - Dark,02 - Wet,01 - Traffic signal,01 - Functioning,2,0,0,0,,0,,,,,371733.6284,5033353.59,45.43691057,-75.64448084,12733
17--8580,8/24/2017,Unknown,ANN ST @ TIGHE ST (0008991),8991,02 - Intersection related,03 - P.D. only,06 - SMV unattended vehicle,01 - Clear,00 - Unknown,01 - Dry,02 - Stop sign,01 - Functioning,1,0,0,0,,0,,,,,368787.1199,5009762.629,45.22491997,-75.68518753,12734
17--8581,8/24/2017,12:00 PM,HERZBERG RD @ MARCH RD (0003170),3170,02 - Intersection related,03 - P.D. only,03 - Rear end,01 - Clear,01 - Daylight,01 - Dry,01 - Traffic signal,01 - Functioning,2,0,0,0,,0,,,,,352322.9563,5021528.71,45.33209775,-75.89370198,12735
17--8582,8/24/2017,12:06 AM,HUNT CLUB RD @ DOWNPATRICK RD/MCCARTHY RD (0006931),6931,03 - At intersection,02 - Non-fatal injury,05 - Turning movement,01 - Clear,07 - Dark,01 - Dry,01 - Traffic signal,01 - Functioning,2,0,0,0,02 - Minor,1,,1,,,370508.5703,5023400.021,45.34746815,-75.66146286,12736
17--8583,8/24/2017,12:27 PM,HIGHWAY 417 btwn HWY417 IC119A RAMP75 & HWY417 IC118 RAMP57 (__3ZA2R2),__3ZA2R2,01 - Non intersection,03 - P.D. only,04 - Sideswipe,01 - Clear,01 - Daylight,01 - Dry,10 - No control,,2,0,0,0,,0,,,,,368719.2848,5030580.473,45.41224113,-75.68336481,12737
17--8584,8/24/2017,12:59 PM,RAVENHILL AVE @ ROOSEVELT AVE (0002308),2308,03 - At intersection,02 - Non-fatal injury,02 - Angle,01 - Clear,01 - Daylight,01 - Dry,03 - Yield sign,01 - Functioning,2,1,0,0,03 - Major,1,,,1,,363070.1492,5027985.548,45.38938562,-75.75583854,12738
17--8585,8/24/2017,2:00 PM,AIRPORT PKWY btwn RAMP & AIRPORT PKWY (2) (__3ZA22Z),__3ZA22Z,01 - Non intersection,03 - P.D. only,99 - Other,01 - Clear,01 - Daylight,01 - Dry,10 - No control,,2,0,0,0,,0,,,,,371033.2728,5023656.847,45.34972964,-75.65473323,12739
17--8586,8/24/2017,2:02 PM,BASELINE RD @ CLYDE AVE (0002343),2343,02 - Intersection related,03 - P.D. only,03 - Rear end,01 - Clear,01 - Daylight,01 - Dry,01 - Traffic signal,00 - Unknown,2,0,0,0,,0,,,,,364358.4883,5024890.569,45.36142912,-75.73976001,12740
17--8587,8/24/2017,2:10 PM,BLACKBURN BYPASS @ INNES RD E (0009245),9245,03 - At intersection,03 - P.D. only,03 - Rear end,01 - Clear,01 - Daylight,01 - Dry,01 - Traffic signal,01 - Functioning,2,0,0,0,,0,,,,,379791.7479,5033781.328,45.43994125,-75.5414337,12741
17--8588,8/24/2017,2:19 PM,COOPER ST btwn KENT ST & BANK ST (__3ZBORC),__3ZBORC,04 - At/near private drive,03 - P.D. only,99 - Other,01 - Clear,01 - Daylight,01 - Dry,10 - No control,,2,0,0,0,,0,,,,,367569.3997,5030941.867,45.41559692,-75.6980083,12742
17--8589,8/24/2017,2:22 PM,INNES RD @ STAR TOP RD/WINDMILL LANE (0008734),8734,03 - At intersection,03 - P.D. only,05 - Turning movement,01 - Clear,01 - Daylight,01 - Dry,01 - Traffic signal,01 - Functioning,2,0,0,0,,0,,,,,374148.1992,5030666.797,45.41250091,-75.61400066,12743
17--859,1/20/2017,6:56 PM,FALLOWFIELD RD btwn SHEA RD & EAGLESON RD (__3ZA419),__3ZA419,01 - Non intersection,01 - Fatal injury,01 - Approaching,01 - Clear,07 - Dark,01 - Dry,10 - No control,,2,0,0,0,04 - Fatal,3,,,2,1,355688.4101,5012491.127,45.2505399,-75.85169537,12744
17--8590,8/24/2017,2:39 PM,CENTENNIAL BLVD @ MAIN ST (0007246),7246,02 - Intersection related,03 - P.D. only,03 - Rear end,01 - Clear,01 - Daylight,01 - Dry,02 - Stop sign,01 - Functioning,2,0,0,0,,0,,,,,369480.0538,5029416.338,45.40169675,-75.67379892,12745
17--8591,8/24/2017,2:43 PM,INDUSTRIAL AVE btwn TRAINYARDS DR & RUSSELL RD (__3ZA3R9),__3ZA3R9,01 - Non intersection,03 - P.D. only,03 - Rear end,01 - Clear,01 - Daylight,01 - Dry,10 - No control,,2,0,0,0,,0,,,,,371784.7342,5030522.831,45.41143578,-75.64421264,12746
17--8592,8/24/2017,3:09 PM,FOX CRES @ WOODROFFE AVE (0002751),2751,03 - At intersection,02 - Non-fatal injury,02 - Angle,01 - Clear,01 - Daylight,01 - Dry,02 - Stop sign,01 - Functioning,2,0,0,0,02 - Minor,1,,1,,,361804.2552,5025626.771,45.36826576,-75.77227613,12747
17--8593,8/24/2017,3:15 PM,HWY417 IC119A RAMP75 btwn METCALFE ST & HIGHWAY 417 (__3ZAY9U),__3ZAY9U,01 - Non intersection,03 - P.D. only,03 - Rear end,01 - Clear,01 - Daylight,01 - Dry,10 - No control,,2,0,0,0,,0,,,,,368557.042,5030481.942,45.41136938,-75.68545016,12748
17--8594,8/24/2017,3:30 PM,BASELINE RD @ CORDOVA ST (0003208),3208,03 - At intersection,03 - P.D. only,03 - Rear end,01 - Clear,01 - Daylight,01 - Dry,01 - Traffic signal,01 - Functioning,2,0,0,0,,0,,,,,363593.8248,5024409.395,45.35716412,-75.74957702,12749