Anom_ID,Accident_Date,Accident_Time,Location,Geo_ID,Accident_Location,Classification_of_Accident,Initial_Impact_Type,Environment_Condition,Light,Road_Surface_Condition,Traffic_Control,Traffic_Control_Condition,No__of_Vehicles,No__of_Bicycles,No__of_Motorcycles,No__of_Pedestrians,Max_Injury,No__of_Injuries,No__of_Minimal,No__of_Minor,No__of_Major,No__of_Fatal,X,Y,Latitude,Longitude,ObjectId
17--8595,8/24/2017,3:55 PM,PLACE D'ORLEANS DR W @ ST. JOSEPH BLVD (0008776),8776,03 - At intersection,03 - P.D. only,05 - Turning movement,01 - Clear,01 - Daylight,01 - Dry,01 - Traffic signal,01 - Functioning,2,0,0,0,,0,,,,,381602.8402,5037685,45.47486668,-75.51767747,12750
17--8596,8/24/2017,4:15 PM,HIGHWAY 417 btwn HWY417 IC119B RAMP57 & HWY417 IC119A RAMP75 (__3ZA1QN),__3ZA1QN,01 - Non intersection,03 - P.D. only,03 - Rear end,01 - Clear,01 - Daylight,01 - Dry,10 - No control,,2,0,0,0,,0,,,,,368443.8001,5030436.433,45.41097021,-75.68690265,12751
17--8597,8/24/2017,4:33 PM,BEATRICE DR @ BERRIGAN DR (0010240),10240,02 - Intersection related,03 - P.D. only,04 - Sideswipe,01 - Clear,01 - Daylight,01 - Dry,02 - Stop sign,00 - Unknown,2,0,0,0,,0,,,,,365177.8072,5016073.88,45.28202732,-75.73037757,12752
17--8598,8/24/2017,4:58 PM,INNES RD btwn ANDERSON RD & INNES RD (__3ZA3J2),__3ZA3J2,04 - At/near private drive,02 - Non-fatal injury,02 - Angle,01 - Clear,01 - Daylight,01 - Dry,10 - No control,,3,0,0,0,02 - Minor,1,,1,,,376593.4213,5032025.122,45.42447573,-75.58256632,12753
17--8599,8/24/2017,5:04 PM,ELGIN ST @ WELLINGTON ST W (0002113),2113,03 - At intersection,03 - P.D. only,05 - Turning movement,01 - Clear,01 - Daylight,01 - Dry,01 - Traffic signal,01 - Functioning,2,0,0,0,,0,,,,,367664.2259,5031878.772,45.42401838,-75.6966773,12754
17--86,1/3/2017,7:38 PM,INNES RD @ LANTHIER DR/PRESTWICK DR (0004251),4251,03 - At intersection,03 - P.D. only,03 - Rear end,04 - Freezing Rain,07 - Dark,04 - Slush,01 - Traffic signal,01 - Functioning,2,0,0,0,,0,,,,,383541.3449,5035988.34,45.45938577,-75.49315927,12755
17--860,1/20/2017,7:08 AM,EARL ARMSTRONG RD @ PARK N RIDE/295 E OF RIVER RD (0013525),13525,03 - At intersection,02 - Non-fatal injury,05 - Turning movement,01 - Clear,03 - Dawn,02 - Wet,01 - Traffic signal,01 - Functioning,2,0,0,0,01 - Minimal,3,3,,,,367882.9291,5014698.176,45.26941133,-75.69607413,12756
17--8600,8/24/2017,5:06 PM,REGIONAL ROAD 174 btwn TRANSIT & OR174 IC109 RAMP56 (__3ZAZ6U),__3ZAZ6U,01 - Non intersection,02 - Non-fatal injury,03 - Rear end,01 - Clear,01 - Daylight,01 - Dry,10 - No control,,2,0,0,0,02 - Minor,1,,1,,,376205.6711,5034437.112,45.44621704,-75.58717082,12757
17--8601,8/24/2017,5:08 PM,MEADOWLANDS DR @ MERIVALE RD (0000625),625,03 - At intersection,03 - P.D. only,03 - Rear end,01 - Clear,01 - Daylight,01 - Dry,01 - Traffic signal,01 - Functioning,2,0,0,0,,0,,,,,364858.9219,5023725.732,45.35090539,-75.73351426,12758
17--8602,8/24/2017,5:33 PM,BOOTH ST @ WELLINGTON ST S (0011393),11393,02 - Intersection related,03 - P.D. only,03 - Rear end,01 - Clear,01 - Daylight,01 - Dry,02 - Stop sign,01 - Functioning,2,0,0,0,,0,,,,,366403.5966,5030674.901,45.41329844,-75.71293546,12759
17--8603,8/24/2017,5:38 PM,RICHMOND RD @ HOLLY ACRES RD/NANAIMO DR (0001068),1068,03 - At intersection,02 - Non-fatal injury,05 - Turning movement,01 - Clear,01 - Daylight,01 - Dry,01 - Traffic signal,01 - Functioning,2,0,0,0,02 - Minor,2,1,1,,,359059.6184,5022748.733,45.34258701,-75.80762777,12760
17--8604,8/24/2017,5:43 PM,MEADOWLANDS DR @ TIVERTON DR (0001749),1749,02 - Intersection related,02 - Non-fatal injury,03 - Rear end,01 - Clear,01 - Daylight,01 - Dry,01 - Traffic signal,01 - Functioning,5,0,0,0,02 - Minor,1,,1,,,365204.976,5024344.125,45.35643988,-75.72902269,12761
17--8605,8/24/2017,5:47 PM,RIVER RD btwn 175 N OF EARL ARMSTRONG/LOBLAWS SC & 700 N OF EARL ARMST (__5DXOUQB),__5DXOUQB,01 - Non intersection,02 - Non-fatal injury,03 - Rear end,01 - Clear,01 - Daylight,01 - Dry,10 - No control,,3,0,0,0,02 - Minor,3,1,2,,,367652.5614,5014870.804,45.27098525,-75.69898779,12762
17--8606,8/24/2017,5:49 PM,MARCH RD @ TERRY FOX DR (0003173),3173,02 - Intersection related,03 - P.D. only,03 - Rear end,01 - Clear,01 - Daylight,01 - Dry,01 - Traffic signal,01 - Functioning,2,0,0,0,,0,,,,,349864.6086,5023399.285,45.34909179,-75.92489358,12763
17--8607,8/24/2017,5:53 PM,SHAKESPEARE ST btwn STE. ANNE ST & GRANVILLE ST (__3ZA8XL),__3ZA8XL,01 - Non intersection,03 - P.D. only,06 - SMV unattended vehicle,01 - Clear,01 - Daylight,01 - Dry,10 - No control,,1,0,0,0,,0,,,,,370612.3002,5033651.266,45.43969537,-75.65877185,12764
17--8608,8/24/2017,5:56 PM,BELFAST RD @ TREMBLAY RD (0002698),2698,03 - At intersection,02 - Non-fatal injury,05 - Turning movement,01 - Clear,01 - Daylight,01 - Dry,01 - Traffic signal,01 - Functioning,2,0,0,0,02 - Minor,1,,1,,,371559.1921,5031319.854,45.41862861,-75.64698584,12765
17--8609,8/24/2017,6:45 PM,BRONSON AVE btwn KIPPEWA DR & FOURTH AVE (__3ZA3NG),__3ZA3NG,01 - Non intersection,02 - Non-fatal injury,04 - Sideswipe,01 - Clear,01 - Daylight,01 - Dry,10 - No control,,2,1,0,0,02 - Minor,1,,1,,,367560.7212,5029067.944,45.3987367,-75.69835771,12766
17--861,1/20/2017,7:59 PM,CAMPEAU DR @ TERON RD/COLCHESTER SQ (0009033),9033,03 - At intersection,02 - Non-fatal injury,05 - Turning movement,01 - Clear,07 - Dark,02 - Wet,01 - Traffic signal,01 - Functioning,2,0,0,0,02 - Minor,3,1,2,,,352562.972,5020468.652,45.32254284,-75.8907423,12767
17--8610,8/24/2017,7:15 AM,OTTAWA RIVER PKWY @ ISLAND PARK DR (0002127),2127,02 - Intersection related,03 - P.D. only,99 - Other,01 - Clear,01 - Daylight,01 - Dry,01 - Traffic signal,01 - Functioning,2,0,0,0,,0,,,,,363299.1268,5029453.348,45.40257355,-75.75274049,12768
17--8611,8/24/2017,8:09 PM,INNES RD btwn PRESTWICK DR & TENTH LINE RD (__3ZA3Y7),__3ZA3Y7,01 - Non intersection,02 - Non-fatal injury,03 - Rear end,01 - Clear,05 - Dusk,01 - Dry,10 - No control,,2,0,0,0,02 - Minor,2,,2,,,383799.2021,5036095.386,45.46031977,-75.48984545,12769
17--8612,8/24/2017,8:10 AM,WOODROFFE AVE SB btwn SPORTSPLEX N & TRANSIT (__3ZA244B),__3ZA244B,01 - Non intersection,02 - Non-fatal injury,07 - SMV other,01 - Clear,01 - Daylight,01 - Dry,10 - No control,,1,0,1,0,02 - Minor,1,,1,,,363769.2025,5021022.16,45.32667136,-75.7477425,12770
17--8613,8/24/2017,8:10 AM,WELLINGTON ST @ HAMILTON AVE (0006106),6106,03 - At intersection,03 - P.D. only,02 - Angle,01 - Clear,01 - Daylight,01 - Dry,02 - Stop sign,01 - Functioning,2,0,0,0,,0,,,,,365078.9425,5029230.375,45.40041629,-75.73003467,12771
17--8614,8/24/2017,8:30 PM,CARLING AVE @ MOODIE DR/JAMES CUMMINGS AVE W (0000158),158,02 - Intersection related,03 - P.D. only,07 - SMV other,01 - Clear,05 - Dusk,01 - Dry,01 - Traffic signal,00 - Unknown,1,0,0,0,,0,,,,,356002.224,5023935.895,45.35349903,-75.84651568,12772
17--8615,8/24/2017,8:58 PM,BANK ST @ CHAMBERLAIN AVE N/ISABELLA ST (0002132),2132,02 - Intersection related,03 - P.D. only,04 - Sideswipe,01 - Clear,05 - Dusk,01 - Dry,01 - Traffic signal,01 - Functioning,2,0,0,0,,0,,,,,368082.4146,5030166.856,45.40857741,-75.69155377,12773
17--8616,8/24/2017,9:16 AM,CARLING AVE @ KIRKWOOD AVE N (0002358),2358,03 - At intersection,02 - Non-fatal injury,03 - Rear end,01 - Clear,01 - Daylight,01 - Dry,01 - Traffic signal,01 - Functioning,2,0,0,0,01 - Minimal,1,1,,,,364274.5407,5027494.235,45.38486363,-75.74051795,12774
17--8617,8/24/2017,9:21 PM,STRANDHERD DR @ LONGFIELDS DR (0010935),10935,02 - Intersection related,03 - P.D. only,03 - Rear end,01 - Clear,07 - Dark,01 - Dry,01 - Traffic signal,01 - Functioning,2,0,0,0,,0,,,,,364549.0325,5015173.547,45.27397986,-75.73850008,12775
17--8618,8/24/2017,9:45 AM,BELFAST RD @ TRIOLE ST (0008405),8405,02 - Intersection related,03 - P.D. only,02 - Angle,01 - Clear,01 - Daylight,01 - Dry,02 - Stop sign,00 - Unknown,2,0,0,0,,0,,,,,372981.1939,5030622.853,45.41222019,-75.62891477,12776
17--8619,8/24/2017,9:47 PM,HERON RD @ FINN CRT (0012186),12186,02 - Intersection related,03 - P.D. only,04 - Sideswipe,01 - Clear,07 - Dark,01 - Dry,01 - Traffic signal,00 - Unknown,2,0,0,0,,0,,,,,370830.6262,5026945.327,45.37933742,-75.65687968,12777
17--862,1/20/2017,8:44 PM,COLONEL BY DR/SUSSEX DR @ RIDEAU ST (0007647),7647,02 - Intersection related,03 - P.D. only,04 - Sideswipe,01 - Clear,07 - Dark,02 - Wet,01 - Traffic signal,01 - Functioning,2,0,0,0,,0,,,,,367921.6033,5032045.285,45.42549343,-75.69336734,12778
17--8620,8/24/2017,9:54 PM,EAGLESON RD @ HOPE SIDE RD/TERRY FOX DR (0000509),509,02 - Intersection related,03 - P.D. only,03 - Rear end,01 - Clear,07 - Dark,01 - Dry,01 - Traffic signal,01 - Functioning,2,0,0,0,,0,,,,,355187.9309,5014615.339,45.2696901,-75.8578555,12779
17--8621,8/24/2017,9:56 AM,INDUSTRIAL AVE/INNES RD @ ST. LAURENT BLVD (0002203),2203,02 - Intersection related,03 - P.D. only,03 - Rear end,01 - Clear,01 - Daylight,01 - Dry,01 - Traffic signal,01 - Functioning,2,0,0,0,,0,,,,,373099.0615,5030005.789,45.40665665,-75.62749455,12780
17--8622,8/25/2017,1:10 PM,CASTLEFRANK RD @ HAZELDEAN RD (0003608),3608,02 - Intersection related,03 - P.D. only,99 - Other,01 - Clear,01 - Daylight,01 - Dry,01 - Traffic signal,00 - Unknown,2,0,0,0,,0,,,,,352677.4047,5017676.059,45.29740667,-75.88955251,12781
17--8623,8/25/2017,1:10 PM,MARKETPLACE AVE @ RIOCAN AVE (0010995),10995,03 - At intersection,02 - Non-fatal injury,02 - Angle,01 - Clear,01 - Daylight,01 - Dry,02 - Stop sign,01 - Functioning,2,0,0,0,02 - Minor,1,,1,,,364286.43,5014760.925,45.27028935,-75.74189608,12782
17--8624,8/25/2017,10:33 AM,HUNT CLUB RD @ RIVERSIDE DR (0002237),2237,02 - Intersection related,03 - P.D. only,04 - Sideswipe,01 - Clear,01 - Daylight,01 - Dry,01 - Traffic signal,00 - Unknown,2,0,0,0,,0,,,,,368036.481,5021944.389,45.33459792,-75.69319317,12783
17--8625,8/25/2017,10:41 AM,BRUYERE ST @ PARENT AVE (0008428),8428,03 - At intersection,03 - P.D. only,05 - Turning movement,01 - Clear,01 - Daylight,01 - Dry,02 - Stop sign,01 - Functioning,2,0,0,0,,0,,,,,367688.1735,5032763.346,45.43197532,-75.69625836,12784
17--8626,8/25/2017,11:12 PM,MONTREAL RD @ VANIER PKWY (0004630),4630,02 - Intersection related,03 - P.D. only,03 - Rear end,01 - Clear,07 - Dark,01 - Dry,01 - Traffic signal,01 - Functioning,2,0,0,0,,0,,,,,370072.7098,5033065.367,45.43447428,-75.66574597,12785
17--8627,8/25/2017,11:30 AM,TERRY FOX DR btwn PALLADIUM DR & MAPLE GROVE RD (__3ZA3DN),__3ZA3DN,01 - Non intersection,03 - P.D. only,03 - Rear end,01 - Clear,01 - Daylight,01 - Dry,10 - No control,,3,0,0,0,,0,,,,,351372.2707,5018072.119,45.30105825,-75.90615514,12786
17--8628,8/25/2017,11:40 PM,BAYSHORE DR btwn CARLING AVE & WOODRIDGE CRES N (__3ZAAD2),__3ZAAD2,01 - Non intersection,02 - Non-fatal injury,07 - SMV other,01 - Clear,07 - Dark,01 - Dry,10 - No control,,1,0,0,0,02 - Minor,1,,1,,,359010.2341,5023975.64,45.35363056,-75.8081234,12787
17--8629,8/25/2017,Unknown,BRONSON AVE btwn BRONSON AVE SB ON RAMP 43 & SUNNYSIDE AVE/UNIVERSITY  (__3ZA3NU),__3ZA3NU,01 - Non intersection,03 - P.D. only,06 - SMV unattended vehicle,01 - Clear,00 - Unknown,01 - Dry,10 - No control,,1,0,0,0,,0,,,,,367912.2959,5028109.299,45.39007949,-75.69399013,12788
17--863,1/20/2017,8:59 AM,ALBERT ST @ BOOTH ST (0002162),2162,03 - At intersection,03 - P.D. only,04 - Sideswipe,01 - Clear,01 - Daylight,01 - Dry,01 - Traffic signal,01 - Functioning,2,0,0,0,,0,,,,,366428.6932,5030626.567,45.41286134,-75.7126209,12789
17--8630,8/25/2017,12:19 PM,WALKLEY RD @ GLENHAVEN PRIV (0011424),11424,02 - Intersection related,02 - Non-fatal injury,03 - Rear end,01 - Clear,01 - Daylight,08 - Loose sand or gravel,01 - Traffic signal,01 - Functioning,2,0,1,0,01 - Minimal,1,1,,,,370213.0003,5025872.485,45.36974227,-75.66490716,12790
17--8631,8/25/2017,12:57 PM,FALLOWFIELD RD @ GREENBANK RD (0000549),549,02 - Intersection related,03 - P.D. only,03 - Rear end,01 - Clear,01 - Daylight,01 - Dry,01 - Traffic signal,01 - Functioning,2,0,0,0,,0,,,,,363080.8977,5016732.677,45.28813216,-75.75702673,12791
17--8632,8/25/2017,2:10 PM,EAGLESON RD @ HAZELDEAN RD/ROBERTSON RD (0002715),2715,02 - Intersection related,03 - P.D. only,03 - Rear end,01 - Clear,01 - Daylight,01 - Dry,01 - Traffic signal,01 - Functioning,2,0,0,0,,0,,,,,353674.2908,5018424.238,45.3040703,-75.87676898,12792
17--8633,8/25/2017,2:30 PM,HIGHWAY 417 btwn HWY417 IC127 RAMP67 & HWY417 IC126 RAMP16 (__3ZA2X0),__3ZA2X0,01 - Non intersection,03 - P.D. only,03 - Rear end,01 - Clear,01 - Daylight,01 - Dry,10 - No control,,2,0,0,0,,0,,,,,362722.862,5025313.243,45.36536935,-75.7605868,12793
17--8634,8/25/2017,2:46 PM,CARLING AVE @ REX AVE (0003224),3224,02 - Intersection related,03 - P.D. only,04 - Sideswipe,01 - Clear,01 - Daylight,01 - Dry,02 - Stop sign,00 - Unknown,2,0,0,0,,0,,,,,363031.4476,5026526.619,45.37626159,-75.75650485,12794
17--8635,8/25/2017,2:49 PM,TENTH LINE RD @ CHARLEMAGNE BLVD N/TOMPKINS AV (0009222),9222,02 - Intersection related,02 - Non-fatal injury,03 - Rear end,01 - Clear,01 - Daylight,01 - Dry,01 - Traffic signal,01 - Functioning,2,0,0,0,01 - Minimal,1,1,,,,383184.4033,5037978.592,45.47733241,-75.49740523,12795
17--8636,8/25/2017,3:09 AM,RUSHMORE RD btwn EAGLESON RD & RICHMOND RD (__3ZAB0I),__3ZAB0I,01 - Non intersection,03 - P.D. only,07 - SMV other,01 - Clear,07 - Dark,01 - Dry,10 - No control,,1,0,0,0,,0,,,,,356794.2833,5010573.984,45.23320815,-75.83780821,12796
17--8637,8/25/2017,3:34 PM,WEST HUNT CLUB RD @ CLEOPATRA DR/LANCELOT DR (0000114),114,03 - At intersection,03 - P.D. only,05 - Turning movement,01 - Clear,01 - Daylight,01 - Dry,01 - Traffic signal,01 - Functioning,2,0,0,0,,0,,,,,365235.6651,5021732.567,45.33293879,-75.72895011,12797
17--8638,8/25/2017,3:52 PM,ORLEANS BLVD @ ST. JOSEPH BLVD (0004144),4144,03 - At intersection,02 - Non-fatal injury,05 - Turning movement,01 - Clear,01 - Daylight,01 - Dry,01 - Traffic signal,01 - Functioning,2,1,0,0,01 - Minimal,1,1,,,,380632.6845,5036980.827,45.46863713,-75.53019282,12798
17--8639,8/25/2017,3:56 PM,ROCKY HILL DR @ PRINCE OF WALES DR (0010328),10328,02 - Intersection related,03 - P.D. only,04 - Sideswipe,02 - Rain,01 - Daylight,02 - Wet,01 - Traffic signal,01 - Functioning,2,0,0,0,,0,,,,,366969.4343,5014402.311,45.2668305,-75.70775158,12799
17--864,1/20/2017,9:41 AM,MOODIE DR @ RICHMOND RD N (0001487),1487,02 - Intersection related,03 - P.D. only,02 - Angle,01 - Clear,01 - Daylight,02 - Wet,02 - Stop sign,01 - Functioning,2,0,0,0,,0,,,,,357393.1068,5019690.285,45.31519375,-75.82921649,12800
17--8640,8/25/2017,4:04 PM,MCARTHUR AVE @ VANIER PKWY (0004626),4626,03 - At intersection,03 - P.D. only,02 - Angle,01 - Clear,01 - Daylight,01 - Dry,01 - Traffic signal,01 - Functioning,2,0,0,0,,0,,,,,370218.705,5032689.939,45.4310827,-75.66393008,12801
17--8641,8/25/2017,4:47 PM,GREENBANK RD @ STRANDHERD DR (0005563),5563,02 - Intersection related,03 - P.D. only,03 - Rear end,01 - Clear,01 - Daylight,01 - Dry,01 - Traffic signal,00 - Unknown,2,0,0,0,,0,,,,,363933.4619,5014785.083,45.27053649,-75.74639109,12802
17--8642,8/25/2017,4:52 PM,RIVERSIDE DR @ HERON RD (0002236),2236,02 - Intersection related,03 - P.D. only,03 - Rear end,01 - Clear,01 - Daylight,01 - Dry,01 - Traffic signal,01 - Functioning,3,0,0,0,,0,,,,,368120.8829,5026647.443,45.37690729,-75.69151404,12803
17--8643,8/25/2017,4:58 PM,JACK PURCELL LANE btwn LEWIS ST & WAVERLEY ST (__3ZAZDF),__3ZAZDF,01 - Non intersection,03 - P.D. only,06 - SMV unattended vehicle,01 - Clear,01 - Daylight,01 - Dry,10 - No control,,1,0,0,0,,0,,,,,368248.7366,5030984,45.41591475,-75.68932399,12804
17--8644,8/25/2017,5:00 PM,ANALDEA DR/ WHITE ALDER AVE @ BANK ST (0009265),9265,02 - Intersection related,03 - P.D. only,02 - Angle,01 - Clear,01 - Daylight,01 - Dry,01 - Traffic signal,00 - Unknown,2,0,0,0,,0,,,,,375697.7499,5020813.726,45.32369244,-75.59561987,12805
17--8645,8/25/2017,5:14 PM,HIGHWAY 417 btwn HWY417 IC120B RAMP36 & HWY417 IC119B RAMP76 (__3ZA2YU),__3ZA2YU,01 - Non intersection,02 - Non-fatal injury,03 - Rear end,01 - Clear,01 - Daylight,01 - Dry,10 - No control,,2,0,0,0,01 - Minimal,1,1,,,,367927.3324,5030111.524,45.40809356,-75.69354186,12806
17--8646,8/25/2017,5:47 PM,COLONEL BY DR btwn N.D.H.Q. & OTTAWA UNIV. PED. XING (__3ZA8HKB),__3ZA8HKB,01 - Non intersection,03 - P.D. only,03 - Rear end,01 - Clear,01 - Daylight,01 - Dry,10 - No control,,2,0,0,0,,0,,,,,368238.8114,5031761.873,45.42291469,-75.68935064,12807
17--8647,8/25/2017,6:14 PM,DALHOUSIE ST @ MURRAY ST (0008241),8241,02 - Intersection related,03 - P.D. only,03 - Rear end,01 - Clear,01 - Daylight,01 - Dry,01 - Traffic signal,01 - Functioning,2,0,0,0,,0,,,,,368001.177,5032573.356,45.43023764,-75.6922828,12808
17--8648,8/25/2017,6:29 AM,BLAIR RD @ INNES RD (0004165),4165,03 - At intersection,02 - Non-fatal injury,05 - Turning movement,01 - Clear,01 - Daylight,01 - Dry,01 - Traffic signal,01 - Functioning,2,0,1,0,02 - Minor,1,,1,,,375578.2615,5031439.792,45.41931271,-75.59562129,12809
17--8649,8/25/2017,6:36 PM,COPE DR @ TERRY FOX (0009143),9143,03 - At intersection,03 - P.D. only,05 - Turning movement,01 - Clear,01 - Daylight,01 - Dry,01 - Traffic signal,01 - Functioning,2,0,0,0,,0,,,,,353998.2169,5015345.544,45.2763449,-75.87294396,12810
17--7938,8/4/2017,1:00 PM,CARP RD @ HAZELDEAN RD (0000086),86,03 - At intersection,03 - P.D. only,02 - Angle,01 - Clear,01 - Daylight,01 - Dry,01 - Traffic signal,01 - Functioning,2,0,0,0,,0,,,,,348804.1167,5014360.666,45.26782688,-75.93922929,12811
17--7939,8/4/2017,1:01 PM,ST. JOSEPH BLVD/OLD MONTREAL RD @ TRIM RD (0004118),4118,03 - At intersection,03 - P.D. only,04 - Sideswipe,01 - Clear,01 - Daylight,01 - Dry,11 - Roundabout,01 - Functioning,2,0,0,0,,0,,,,,384683.9667,5039284.545,45.48891216,-75.4780153,12812
17--794,1/19/2017,10:26 AM,LEBRETON ST @ SOMERSET ST (0006348),6348,02 - Intersection related,03 - P.D. only,04 - Sideswipe,01 - Clear,01 - Daylight,02 - Wet,02 - Stop sign,00 - Unknown,2,0,0,0,,0,,,,,366681.6939,5030320.693,45.41008684,-75.70942722,12813
17--7940,8/4/2017,1:07 PM,PRESTON ST @ PRINCE OF WALES DR/QUEEN ELIZABET (0006904),6904,02 - Intersection related,03 - P.D. only,02 - Angle,01 - Clear,01 - Daylight,01 - Dry,01 - Traffic signal,00 - Unknown,2,1,1,0,,0,,,,,366900.7115,5028776.778,45.39617572,-75.70682385,12814
17--7941,8/4/2017,1:10 AM,HIGHWAY 417 btwn HWY417 IC96 RAMP51 & HIGHWAY 417 (__3ZA2W3),__3ZA2W3,01 - Non intersection,03 - P.D. only,07 - SMV other,"07 - Fog, mist, smoke, dust",07 - Dark,01 - Dry,10 - No control,,1,0,0,0,,0,,,,,387244.6303,5023859.515,45.34983479,-75.44784226,12815
17--7942,8/4/2017,1:13 PM,ALTA VISTA DR @ BANK ST (0011318),11318,02 - Intersection related,03 - P.D. only,04 - Sideswipe,01 - Clear,01 - Daylight,01 - Dry,01 - Traffic signal,00 - Unknown,2,0,0,0,,0,,,,,370246.4627,5026199.936,45.37268545,-75.66443663,12816
17--7943,8/4/2017,1:30 PM,CATHERINE ST @ KENT ST (0002707),2707,03 - At intersection,03 - P.D. only,05 - Turning movement,01 - Clear,01 - Daylight,01 - Dry,01 - Traffic signal,01 - Functioning,2,0,0,0,,0,,,,,367907.0695,5030188.245,45.4087857,-75.69379087,12817
17--7944,8/4/2017,1:56 PM,BIRCH AVE EXT./ROCKCLIFFE PKWY @ ROCKCLIFFE PK (0008782),8782,02 - Intersection related,02 - Non-fatal injury,02 - Angle,01 - Clear,01 - Daylight,01 - Dry,02 - Stop sign,01 - Functioning,2,0,0,0,02 - Minor,1,,1,,,370128.7019,5035705.615,45.45822485,-75.66467984,12818
17--7945,8/4/2017,10:00 PM,CARP RD btwn REIS RD & CAVANMORE RD (__3ZA3FW),__3ZA3FW,01 - Non intersection,03 - P.D. only,07 - SMV other,02 - Rain,07 - Dark,02 - Wet,10 - No control,,1,0,0,0,,0,,,,,345378.9687,5018108.607,45.30175834,-75.98256962,12819
17--7946,8/4/2017,10:00 PM,ALTA VISTA DR @ BILLINGS AVE (0007552),7552,02 - Intersection related,02 - Non-fatal injury,02 - Angle,01 - Clear,07 - Dark,01 - Dry,02 - Stop sign,01 - Functioning,2,1,0,0,02 - Minor,1,,1,,,370350.0966,5028611.306,45.39437244,-75.66279346,12820
17--7947,8/4/2017,10:21 PM,KANATA AVE @ LORD BYNG WAY/MARITIME WAY (0009115),9115,03 - At intersection,03 - P.D. only,03 - Rear end,02 - Rain,07 - Dark,02 - Wet,01 - Traffic signal,01 - Functioning,2,0,0,0,,0,,,,,351431.7485,5019333.056,45.31240053,-75.90527814,12821
17--7948,8/4/2017,10:48 AM,BANK ST btwn ALTA VISTA DR & ERIE AVE (__3ZA36X),__3ZA36X,04 - At/near private drive,03 - P.D. only,02 - Angle,01 - Clear,01 - Daylight,01 - Dry,10 - No control,,2,0,0,0,,0,,,,,370239.1377,5026222.43,45.37288853,-75.66452716,12822
17--7949,8/4/2017,10:55 PM,GREENBANK RD @ LISA AVE (0002753),2753,02 - Intersection related,03 - P.D. only,05 - Turning movement,02 - Rain,07 - Dark,02 - Wet,01 - Traffic signal,01 - Functioning,2,0,0,0,,0,,,,,360555.9572,5022892.21,45.34376068,-75.78851923,12823
17--795,1/19/2017,10:28 AM,RICHARD AVE @ CLEMENTINE BLVD (0008033),8033,02 - Intersection related,03 - P.D. only,99 - Other,01 - Clear,01 - Daylight,04 - Slush,02 - Stop sign,00 - Unknown,2,0,0,0,,0,,,,,369504.267,5026960.729,45.37959975,-75.67381166,12824
17--7950,8/4/2017,11:50 PM,BOOTH ST @ GLADSTONE AVE (0002211),2211,03 - At intersection,03 - P.D. only,02 - Angle,01 - Clear,07 - Dark,02 - Wet,01 - Traffic signal,01 - Functioning,2,0,0,0,,0,,,,,366769.9999,5029849.914,45.40584309,-75.70835835,12825
17--7951,8/4/2017,11:54 PM,PRINCESS AVE btwn TO BE DETERMINED & LISGAR RD (2) (__3ZA8DT),__3ZA8DT,01 - Non intersection,03 - P.D. only,07 - SMV other,02 - Rain,07 - Dark,02 - Wet,10 - No control,,1,0,0,0,,0,,,,,368649.3071,5034347.18,45.44613896,-75.68377039,12826
17--7952,8/4/2017,12:06 AM,COLONEL BY DR/SUSSEX DR @ RIDEAU ST (0007647),7647,02 - Intersection related,03 - P.D. only,04 - Sideswipe,01 - Clear,07 - Dark,01 - Dry,01 - Traffic signal,01 - Functioning,2,0,0,0,,0,,,,,367921.7543,5032044.262,45.42548421,-75.69336554,12827
17--7953,8/4/2017,12:09 PM,WOODROFFE AVE @ KNOXDALE RD/MEDHURST DR (0000519),519,03 - At intersection,02 - Non-fatal injury,05 - Turning movement,01 - Clear,01 - Daylight,01 - Dry,01 - Traffic signal,01 - Functioning,2,0,0,0,02 - Minor,1,,1,,,363419.8209,5021825.952,45.3339331,-75.75210392,12828
17--7954,8/4/2017,12:30 PM,INNES RD @ TENTH LINE RD (0004633),4633,03 - At intersection,03 - P.D. only,03 - Rear end,01 - Clear,01 - Daylight,01 - Dry,01 - Traffic signal,01 - Functioning,2,0,0,0,,0,,,,,383951.7603,5036158.648,45.46087167,-75.48788482,12829
17--7955,8/4/2017,12:42 PM,LEONARD AVE @ OSSINGTON AVE (0007327),7327,03 - At intersection,03 - P.D. only,02 - Angle,01 - Clear,01 - Daylight,01 - Dry,02 - Stop sign,01 - Functioning,2,0,0,0,,0,,,,,368508.7926,5028090.404,45.38985547,-75.68637545,12830
17--7956,8/4/2017,12:44 AM,BASELINE RD/HWY 416 RICHMOND IC75R53 @ RICHMON (0000148),148,03 - At intersection,03 - P.D. only,03 - Rear end,01 - Clear,07 - Dark,01 - Dry,01 - Traffic signal,01 - Functioning,2,0,0,0,,0,,,,,358637.194,5021820.622,45.33426838,-75.81311865,12831