Anom_ID,Accident_Date,Accident_Time,Location,Geo_ID,Accident_Location,Classification_of_Accident,Initial_Impact_Type,Environment_Condition,Light,Road_Surface_Condition,Traffic_Control,Traffic_Control_Condition,No__of_Vehicles,No__of_Bicycles,No__of_Motorcycles,No__of_Pedestrians,Max_Injury,No__of_Injuries,No__of_Minimal,No__of_Minor,No__of_Major,No__of_Fatal,X,Y,Latitude,Longitude,ObjectId
17--7957,8/4/2017,3:00 PM,ST. JOSEPH BLVD/OLD MONTREAL RD @ TRIM RD (0004118),4118,03 - At intersection,03 - P.D. only,01 - Approaching,01 - Clear,01 - Daylight,01 - Dry,11 - Roundabout,01 - Functioning,2,0,0,0,,0,,,,,384682.2299,5039288.931,45.48895182,-75.4780368,12832
17--7958,8/4/2017,3:05 PM,MERIVALE RD @ BASIL MACDONALD WAY/MERIVALE MAL (0010301),10301,03 - At intersection,03 - P.D. only,02 - Angle,01 - Clear,01 - Daylight,01 - Dry,01 - Traffic signal,01 - Functioning,2,0,0,0,,0,,,,,365097.2163,5023171.964,45.34590221,-75.73054089,12833
17--7959,8/4/2017,3:16 PM,PLEASANT PARK RD btwn CAVENDISH RD & ALTA VISTA DR (__3ZA9II),__3ZA9II,04 - At/near private drive,03 - P.D. only,99 - Other,01 - Clear,01 - Daylight,01 - Dry,10 - No control,,2,0,0,0,,0,,,,,370286.9837,5028458.976,45.39300774,-75.66361967,12834
17--796,1/19/2017,10:30 AM,CARLING AVE WB btwn PRESTON ST & NORFOLK AVE (__3ZA4TA),__3ZA4TA,01 - Non intersection,02 - Non-fatal injury,07 - SMV other,01 - Clear,01 - Daylight,01 - Dry,10 - No control,,1,0,0,1,02 - Minor,1,,1,,,366843.4224,5028945.587,45.3976997,-75.70753427,12835
17--7960,8/4/2017,3:47 PM,METCALFE ST @ LAURIER AVE (0002231),2231,02 - Intersection related,03 - P.D. only,02 - Angle,01 - Clear,01 - Daylight,01 - Dry,01 - Traffic signal,01 - Functioning,2,0,0,0,,0,,,,,367793.3504,5031451.576,45.42016299,-75.69508205,12836
17--7961,8/4/2017,3:48 PM,BLAIR RD @ REGIONAL RD 174 N/OR174 IC112 RAMP61 (0003617),3617,03 - At intersection,03 - P.D. only,03 - Rear end,01 - Clear,01 - Daylight,01 - Dry,01 - Traffic signal,01 - Functioning,3,0,0,0,,0,,,,,374635.1946,5032991.084,45.43336517,-75.60745002,12837
17--7962,8/4/2017,3:58 PM,MERIVALE RD btwn WOODFIELD DR & 170 N OF WEST HUNT CLUB RD/COSTCO SC (__3ZA33DA),__3ZA33DA,01 - Non intersection,02 - Non-fatal injury,05 - Turning movement,01 - Clear,01 - Daylight,01 - Dry,10 - No control,,2,0,0,0,01 - Minimal,1,1,,,,365540.0777,5022118.941,45.33638905,-75.72501929,12838
17--7963,8/4/2017,4:15 PM,GLADSTONE AVE btwn ARTHUR ST & CAMBRIDGE ST N (__3ZA32M),__3ZA32M,04 - At/near private drive,02 - Non-fatal injury,05 - Turning movement,01 - Clear,01 - Daylight,01 - Dry,10 - No control,,2,1,0,0,01 - Minimal,1,1,,,,367034.7389,5030018.945,45.4073405,-75.70495541,12839
17--7964,8/4/2017,4:37 PM,ST. JOSEPH BLVD/OLD MONTREAL RD @ TRIM RD (0004118),4118,03 - At intersection,03 - P.D. only,02 - Angle,01 - Clear,01 - Daylight,01 - Dry,11 - Roundabout,01 - Functioning,2,0,0,0,,0,,,,,384682.754,5039286.73,45.48893196,-75.47803046,12840
17--7965,8/4/2017,4:39 PM,DAVID DR @ WOODROFFE AVE (0001098),1098,02 - Intersection related,02 - Non-fatal injury,02 - Angle,01 - Clear,01 - Daylight,01 - Dry,02 - Stop sign,01 - Functioning,2,1,0,0,01 - Minimal,1,1,,,,362981.3306,5022906.219,45.34368976,-75.75757087,12841
17--7966,8/4/2017,5:08 PM,CATHERINE ST/HWY 417 O'CONN IC119BR76 @ O'CONN (0001697),1697,03 - At intersection,03 - P.D. only,02 - Angle,01 - Clear,01 - Daylight,01 - Dry,01 - Traffic signal,01 - Functioning,2,0,0,0,,0,,,,,368243.4741,5030392.369,45.41059193,-75.68946738,12842
17--7967,8/4/2017,5:27 PM,HUNTER'S GLEN CRES btwn STREAMWOOD LANE & STREAMWOOD LANE (__3ZAZOW),__3ZAZOW,01 - Non intersection,03 - P.D. only,06 - SMV unattended vehicle,01 - Clear,01 - Daylight,01 - Dry,10 - No control,,1,0,0,0,,0,,,,,372478.9165,5025013.704,45.36180014,-75.6361003,12843
17--7968,8/4/2017,5:35 PM,HIGHWAY 417 btwn HWY417 IC130 RAMP35 & HWY417 IC130 RAMP25 (__3ZA298),__3ZA298,01 - Non intersection,03 - P.D. only,04 - Sideswipe,01 - Clear,01 - Daylight,01 - Dry,10 - No control,,2,0,0,0,,0,,,,,359165.5239,5023058.727,45.34536815,-75.8062424,12844
17--7969,8/4/2017,6:00 AM,HIGHWAY 416 btwn HWY416 IC57 RAMP24 & HWY416 IC49 RAMP42 (__3ZAZGI),__3ZAZGI,01 - Non intersection,03 - P.D. only,07 - SMV other,01 - Clear,03 - Dawn,01 - Dry,10 - No control,,1,0,0,0,,0,,,,,365293.0809,5007125.327,45.20149808,-75.72999681,12845
17--797,1/19/2017,10:33 AM,GREENBANK RD btwn WEST HUNT CLUB RD & FALLOWFIELD RD (__3ZA1NE),__3ZA1NE,01 - Non intersection,02 - Non-fatal injury,01 - Approaching,01 - Clear,01 - Daylight,02 - Wet,10 - No control,,2,0,0,0,02 - Minor,2,1,1,,,363041.8779,5016825.351,45.28896928,-75.75751324,12846
17--7970,8/4/2017,8:10 AM,CHURCHILL AVE @ RAVENHILL AVE (0006631),6631,02 - Intersection related,03 - P.D. only,03 - Rear end,02 - Rain,01 - Daylight,02 - Wet,02 - Stop sign,00 - Unknown,2,0,0,0,,0,,,,,363312.9124,5028095.465,45.39035439,-75.75272547,12847
17--7971,8/4/2017,8:21 PM,CAMBRIAN RD/GOLFLINKS DR W @ LONGFIELDS DR (0009702),9702,02 - Intersection related,03 - P.D. only,07 - SMV other,02 - Rain,05 - Dusk,02 - Wet,11 - Roundabout,01 - Functioning,1,0,0,0,,0,,,,,365382.4397,5013222.201,45.25635036,-75.72811728,12848
17--7972,8/4/2017,9:02 AM,RIVER RD btwn MULLIGAN ST & LEITRIM RD (__3ZA38K),__3ZA38K,01 - Non intersection,03 - P.D. only,03 - Rear end,01 - Clear,01 - Daylight,01 - Dry,10 - No control,,2,0,0,0,,0,,,,,368011.7884,5017257.215,45.29242571,-75.69410619,12849
17--7973,8/4/2017,9:14 AM,PROMENADE AVE @ BRISBANE RD (0000288),288,03 - At intersection,03 - P.D. only,05 - Turning movement,01 - Clear,01 - Daylight,02 - Wet,02 - Stop sign,00 - Unknown,2,0,0,0,,0,,,,,366852.5762,5021078.873,45.32691584,-75.70840514,12850
17--7974,8/5/2017,1:14 PM,FLAMBOROUGH WAY @ MERSEY DR (0008123),8123,02 - Intersection related,03 - P.D. only,04 - Sideswipe,01 - Clear,01 - Daylight,01 - Dry,10 - No control,00 - Unknown,2,0,0,0,,0,,,,,349152.5291,5023780.768,45.35256986,-75.93394634,12851
17--7975,8/5/2017,1:44 PM,VANIER PKWY/CRICHTON ST @ BEECHWOOD AVE/ST. PA (0001604),1604,02 - Intersection related,03 - P.D. only,03 - Rear end,01 - Clear,01 - Daylight,01 - Dry,01 - Traffic signal,01 - Functioning,2,0,0,0,,0,,,,,369127.5406,5033487.237,45.43835769,-75.67776984,12852
17--7976,8/5/2017,1:50 PM,FOREST VALLEY DR btwn ST. JOSEPH BLVD & RIVERMILL CRES (__3ZA6DO),__3ZA6DO,04 - At/near private drive,03 - P.D. only,99 - Other,01 - Clear,01 - Daylight,01 - Dry,10 - No control,,2,0,0,0,,0,,,,,379585.7975,5035862.61,45.45868915,-75.54374945,12853
17--7977,8/5/2017,10:25 PM,REGIONAL ROAD 174 btwn OR174 IC105 RAMP25 & OR174 IC102 RAMP51 (__3ZA27G),__3ZA27G,01 - Non intersection,03 - P.D. only,07 - SMV other,02 - Rain,07 - Dark,02 - Wet,10 - No control,,1,0,0,0,,0,,,,,380625.2673,5037690.444,45.47502249,-75.53017816,12854
17--7978,8/5/2017,10:30 AM,MOUNTSHANNON DR btwn LONGFIELDS DR & BOULDER WAY (__3ZA1BR),__3ZA1BR,01 - Non intersection,03 - P.D. only,06 - SMV unattended vehicle,01 - Clear,01 - Daylight,01 - Dry,10 - No control,,1,0,0,0,,0,,,,,364271.5231,5016604.107,45.28687555,-75.7418652,12855
17--7979,8/5/2017,10:33 AM,INDUSTRIAL AVE btwn NEIGHBORHOOD WAY & TRAINYARDS DR (__6N4VKM),__6N4VKM,04 - At/near private drive,03 - P.D. only,02 - Angle,01 - Clear,01 - Daylight,01 - Dry,10 - No control,,2,1,0,0,,0,,,,,371599.4557,5030549.754,45.41169574,-75.64657582,12856
17--798,1/19/2017,11:05 AM,HUNT CLUB RD @ BRIDLE PATH DR/DAZE ST (0008214),8214,03 - At intersection,02 - Non-fatal injury,07 - SMV other,01 - Clear,01 - Daylight,02 - Wet,01 - Traffic signal,01 - Functioning,1,0,0,1,02 - Minor,1,,1,,,371291.7289,5023864.232,45.35157117,-75.6514073,12857
17--7980,8/5/2017,11:15 PM,HIGHWAY 417 btwn HWY417 IC129 RAMP76 & HWY417 IC129 RAMP26 (__3ZA2RG),__3ZA2RG,01 - Non intersection,03 - P.D. only,04 - Sideswipe,01 - Clear,07 - Dark,01 - Dry,10 - No control,,2,0,0,0,,0,,,,,360357.1278,5023476.232,45.34903148,-75.79099062,12858
17--7981,8/5/2017,11:18 PM,CONROY RD @ HUNT CLUB RD (0002257),2257,02 - Intersection related,02 - Non-fatal injury,03 - Rear end,01 - Clear,07 - Dark,01 - Dry,01 - Traffic signal,01 - Functioning,2,0,0,0,01 - Minimal,1,1,,,,373764.381,5025405.164,45.36519705,-75.61963906,12859
17--7982,8/5/2017,Unknown,CONIFER CREEK CIR S btwn CONIFER CREEK CIR & END (e___2HRG),e___2HRG,01 - Non intersection,03 - P.D. only,06 - SMV unattended vehicle,01 - Clear,00 - Unknown,01 - Dry,10 - No control,,1,0,0,0,,0,,,,,356785.5545,5015426.557,45.27687331,-75.83741177,12860
17--7983,8/5/2017,Unknown,DUROCHER ST btwn DESCHAMPS AVE & ST. PAUL ST (__3ZA8TM),__3ZA8TM,01 - Non intersection,03 - P.D. only,06 - SMV unattended vehicle,01 - Clear,00 - Unknown,01 - Dry,10 - No control,,1,0,0,0,,0,,,,,370023.0676,5033299.405,45.43658469,-75.66634937,12861
17--7984,8/5/2017,Unknown,CHAMPLAIN BRIDGE/ISLAND PARK DR btwn BATE ISLAND & PROVINCIAL BOUNDARY (__3ZA2ZEA),__3ZA2ZEA,07 - Overpass or bridge,03 - P.D. only,04 - Sideswipe,01 - Clear,00 - Unknown,01 - Dry,10 - No control,,2,0,0,0,,0,,,,,362924.7863,5030107.047,45.4084866,-75.7574448,12862
17--7985,8/5/2017,12:05 PM,JEANNE D'ARC BLVD @ ORLEANS BLVD S (0004154),4154,02 - Intersection related,03 - P.D. only,03 - Rear end,01 - Clear,01 - Daylight,01 - Dry,01 - Traffic signal,01 - Functioning,2,0,0,0,,0,,,,,380939.7412,5036251.917,45.46204558,-75.52637942,12863
17--7986,8/5/2017,2:00 PM,CASTLEFRANK RD @ HAZELDEAN RD (0003608),3608,02 - Intersection related,03 - P.D. only,03 - Rear end,01 - Clear,01 - Daylight,01 - Dry,01 - Traffic signal,01 - Functioning,2,0,0,0,,0,,,,,352676.6604,5017675.856,45.29740489,-75.88956202,12864
17--7987,8/5/2017,2:02 AM,HUNT CLUB RD EB btwn 275 E OF HAWTHORNE RD/OC TRANSPO TURNAROUND & HAWTHORNE RD (e___2HF3A),e___2HF3A,01 - Non intersection,03 - P.D. only,03 - Rear end,01 - Clear,07 - Dark,01 - Dry,10 - No control,,2,0,0,0,,0,,,,,375680.078,5026499.622,45.37485336,-75.59503032,12865
17--7988,8/5/2017,3:05 PM,HIGHWAY 417 btwn HWY417 IC144 RAMP16 & HWY417 IC144 RAMP61 (__3ZA2QU),__3ZA2QU,01 - Non intersection,03 - P.D. only,03 - Rear end,01 - Clear,01 - Daylight,01 - Dry,10 - No control,,2,0,0,0,,0,,,,,347521.6355,5015984.91,45.28252152,-75.95543219,12866
17--7989,8/5/2017,3:10 PM,GREENBANK RD @ STRANDHERD DR (0005563),5563,03 - At intersection,03 - P.D. only,05 - Turning movement,01 - Clear,01 - Daylight,01 - Dry,01 - Traffic signal,01 - Functioning,2,0,0,0,,0,,,,,363934.5169,5014785.646,45.27054147,-75.74637758,12867
17--799,1/19/2017,11:17 AM,BANK ST @ RIVERSIDE DR N (0010778),10778,03 - At intersection,03 - P.D. only,03 - Rear end,01 - Clear,01 - Daylight,01 - Dry,01 - Traffic signal,00 - Unknown,2,0,0,0,,0,,,,,369226.6106,5027983.31,45.38882621,-75.67722313,12868
17--7990,8/5/2017,3:16 AM,COLONEL BY DR/SUSSEX DR @ RIDEAU ST (0007647),7647,02 - Intersection related,03 - P.D. only,03 - Rear end,01 - Clear,07 - Dark,02 - Wet,01 - Traffic signal,01 - Functioning,2,0,0,0,,0,,,,,367920.8909,5032043.646,45.42547874,-75.69337666,12869
17--7991,8/5/2017,4:27 PM,MEADOWLANDS DR btwn BAYNE AVE & MERIVALE RD (__3ZA4HT),__3ZA4HT,04 - At/near private drive,02 - Non-fatal injury,02 - Angle,01 - Clear,01 - Daylight,01 - Dry,10 - No control,,2,0,0,0,02 - Minor,1,,1,,,364784.5937,5023684.817,45.3505436,-75.73446774,12870
17--7992,8/5/2017,5:01 PM,BREWER RD @ BRONSON AVE (0002240),2240,02 - Intersection related,03 - P.D. only,03 - Rear end,02 - Rain,01 - Daylight,02 - Wet,01 - Traffic signal,01 - Functioning,2,0,0,0,,0,,,,,368110.2648,5027765.523,45.38696842,-75.69150621,12871
17--7993,8/5/2017,5:27 PM,GREENBANK RD @ LISA AVE (0002753),2753,02 - Intersection related,02 - Non-fatal injury,02 - Angle,01 - Clear,01 - Daylight,01 - Dry,01 - Traffic signal,01 - Functioning,2,0,0,0,01 - Minimal,1,1,,,,360555.9572,5022894.774,45.34378375,-75.78851894,12872
17--7994,8/5/2017,5:46 AM,HERON RD @ JUNCTION AVE (0006835),6835,02 - Intersection related,02 - Non-fatal injury,01 - Approaching,01 - Clear,03 - Dawn,01 - Dry,02 - Stop sign,01 - Functioning,2,1,0,0,03 - Major,1,,,1,,369217.7359,5026760.527,45.3778248,-75.67749602,12873
17--7995,8/5/2017,6:39 PM,CAMBRIDGE ST @ SOMERSET ST (0006339),6339,03 - At intersection,02 - Non-fatal injury,05 - Turning movement,01 - Clear,01 - Daylight,01 - Dry,02 - Stop sign,01 - Functioning,2,1,0,0,01 - Minimal,1,1,,,,366898.6989,5030433.249,45.41108037,-75.70664095,12874
17--7996,8/5/2017,7:30 AM,HIGHWAY 416 btwn HWY416 IC42 RAMP24 & END (__3ZAZJ6),__3ZAZJ6,01 - Non intersection,03 - P.D. only,07 - SMV other,01 - Clear,01 - Daylight,01 - Dry,10 - No control,,1,0,0,0,,0,,,,,372382.525,4994134.208,45.08396015,-75.64152272,12875
17--7997,8/5/2017,8:19 AM,BANK ST @ GLEN AVE (0007710),7710,02 - Intersection related,03 - P.D. only,06 - SMV unattended vehicle,01 - Clear,01 - Daylight,01 - Dry,01 - Traffic signal,00 - Unknown,1,0,0,0,,0,,,,,368804.063,5028433.914,45.39291935,-75.68256038,12876
17--7998,8/6/2017,1:01 PM,LANCASTER RD btwn SHELBOURN LANE & DELRIDGE LANE (__3ZA78H),__3ZA78H,01 - Non intersection,02 - Non-fatal injury,03 - Rear end,01 - Clear,01 - Daylight,01 - Dry,10 - No control,,3,0,0,0,03 - Major,3,,2,1,,374137.3793,5029385.466,45.4009732,-75.61431908,12877
17--7999,8/6/2017,10:50 PM,HWY417 IC110 RAMP56 btwn HIGHWAY 417 & WALKLEY EXTENSION RD (__3ZAY6U),__3ZAY6U,01 - Non intersection,03 - P.D. only,07 - SMV other,01 - Clear,07 - Dark,01 - Dry,10 - No control,,1,0,0,0,,0,,,,,375951.3161,5028978.908,45.3971332,-75.5912103,12878
17--80,1/3/2017,7:00 PM,HIGHWAY 417 btwn HWY417 IC144 RAMP61 & HWY417 IC142 RAMP16 (__3ZA20K),__3ZA20K,01 - Non intersection,03 - P.D. only,07 - SMV other,04 - Freezing Rain,07 - Dark,04 - Slush,10 - No control,,1,0,0,0,,0,,,,,348774.6838,5017117.704,45.29263751,-75.93936007,12879
17--800,1/19/2017,11:25 AM,FALLOWFIELD RD btwn WOODROFFE AVE & VIA PARK PL/275 W OF WOODROFFE AVE (__3ZA3IKD),__3ZA3IKD,01 - Non intersection,03 - P.D. only,03 - Rear end,01 - Clear,01 - Daylight,02 - Wet,10 - No control,,3,0,0,0,,0,,,,,365080.8896,5017900.113,45.298468,-75.73139092,12880
17--8000,8/6/2017,12:05 AM,HIGHWAY 417 btwn HWY 417 ANDERSON IC104R61 & HWY 417 BOUNDARY IC96R16 (__3ZA2W5),__3ZA2W5,01 - Non intersection,02 - Non-fatal injury,07 - SMV other,01 - Clear,07 - Dark,01 - Dry,10 - No control,,1,0,0,0,01 - Minimal,1,1,,,,381523.2441,5025631.003,45.36642271,-75.52057247,12881
17--8001,8/6/2017,2:02 PM,BRIDGESTONE DR @ EAGLESON RD (0010095),10095,02 - Intersection related,03 - P.D. only,02 - Angle,01 - Clear,01 - Daylight,01 - Dry,02 - Stop sign,01 - Functioning,3,0,0,0,,0,,,,,354873.329,5015402.95,45.27679968,-75.86178511,12882
17--8002,8/6/2017,2:16 PM,ST. PATRICK ST @ SUSSEX DR (0011910),11910,02 - Intersection related,03 - P.D. only,04 - Sideswipe,01 - Clear,01 - Daylight,01 - Dry,01 - Traffic signal,01 - Functioning,2,0,0,0,,0,,,,,367668.132,5032462.059,45.42926625,-75.69655294,12883
17--8003,8/6/2017,2:24 PM,HWY417 IC118 RAMP76 btwn HIGHWAY 417 & HWY417 IC118 RAMP43 (__3ZAY9N),__3ZAY9N,01 - Non intersection,02 - Non-fatal injury,07 - SMV other,01 - Clear,01 - Daylight,01 - Dry,10 - No control,,1,0,1,0,03 - Major,1,,,1,,369386.7824,5031063.46,45.41652558,-75.67477442,12884
17--8004,8/6/2017,2:30 PM,HIGHWAY 417 btwn HWY417 IC122 RAMP15 & HWY417 IC121B RAMP51 (__3ZA2RB),__3ZA2RB,01 - Non intersection,03 - P.D. only,03 - Rear end,01 - Clear,01 - Daylight,01 - Dry,10 - No control,,2,0,0,0,,0,,,,,365694.7791,5029114.112,45.39931689,-75.72218344,12885
17--8005,8/6/2017,2:52 AM,CLARENCE ST @ DALHOUSIE ST (0008415),8415,03 - At intersection,02 - Non-fatal injury,07 - SMV other,01 - Clear,07 - Dark,01 - Dry,01 - Traffic signal,01 - Functioning,1,0,0,1,02 - Minor,1,,1,,,368042.3785,5032503.043,45.42960127,-75.69176533,12886
17--8006,8/6/2017,3:23 AM,LIMEBANK RD @ RIDEAU RD (0004455),4455,02 - Intersection related,03 - P.D. only,07 - SMV other,01 - Clear,07 - Dark,01 - Dry,02 - Stop sign,01 - Functioning,1,0,0,0,,0,,,,,370881.4457,5014020.074,45.26303453,-75.65795544,12887
17--8007,8/6/2017,4:26 PM,HAWTHORNE RD btwn HUNT CLUB RD & HAWTHORNE RD (__3ZA8MK),__3ZA8MK,01 - Non intersection,03 - P.D. only,03 - Rear end,01 - Clear,01 - Daylight,01 - Dry,10 - No control,,2,0,0,0,,0,,,,,375513.0036,5026393.684,45.37391706,-75.59717837,12888
17--8008,8/6/2017,5:00 PM,HWY417 IC117 RAMP51 btwn HIGHWAY 417 & HWY417 IC117 RAMP53 (__3ZAY9J),__3ZAY9J,01 - Non intersection,03 - P.D. only,03 - Rear end,01 - Clear,01 - Daylight,01 - Dry,10 - No control,,2,0,0,0,,0,,,,,370589.3689,5031118.303,45.416907,-75.6594033,12889
17--8009,8/6/2017,5:09 PM,BLOOMFIELD AVE btwn CHURCHILL AVE N & END (__3ZA5N4),__3ZA5N4,01 - Non intersection,03 - P.D. only,06 - SMV unattended vehicle,01 - Clear,01 - Daylight,01 - Dry,10 - No control,,1,0,0,0,,0,,,,,363026.249,5028760.367,45.39636097,-75.7563077,12890
17--801,1/19/2017,11:40 AM,HIGHWAY 417 btwn HWY417 IC113 RAMP85 & HWY417 IC112 RAMP54 (__3ZA287),__3ZA287,01 - Non intersection,03 - P.D. only,04 - Sideswipe,"07 - Fog, mist, smoke, dust",01 - Daylight,02 - Wet,10 - No control,,2,0,0,0,,0,,,,,374130.0001,5031421.799,45.41929584,-75.61412693,12891
17--8010,8/6/2017,6:38 AM,GRASSY PLAINS DR @ APPLE CREEK CRES E/BIRCHFIE (0002780),2780,03 - At intersection,03 - P.D. only,07 - SMV other,01 - Clear,03 - Dawn,01 - Dry,02 - Stop sign,00 - Unknown,1,0,0,0,,0,,,,,355834.5752,5015467.616,45.27731244,-75.84952758,12892
17--8011,8/6/2017,6:52 PM,PRINCE OF WALES DR btwn WOODROFFE AVE & ROCKY HILL DR (__4BRL82),__4BRL82,01 - Non intersection,03 - P.D. only,07 - SMV other,01 - Clear,01 - Daylight,01 - Dry,10 - No control,,1,0,0,0,,0,,,,,366837.8801,5014138.734,45.26447046,-75.70946078,12893
17--8012,8/6/2017,7:50 PM,SMYTH RD @ SOUTH HAVEN PL/GENERAL HOSPITAL ENTRANCE W (0007242),7242,02 - Intersection related,03 - P.D. only,03 - Rear end,01 - Clear,01 - Daylight,01 - Dry,01 - Traffic signal,01 - Functioning,2,0,0,0,,0,,,,,371120.3794,5029136.964,45.39902958,-75.6528858,12894
17--8013,8/6/2017,9:46 PM,ESCALLONIA CRT btwn ESCALLONIA CRT & ESCALLONIA CRT (e___1G9F),e___1G9F,04 - At/near private drive,03 - P.D. only,06 - SMV unattended vehicle,01 - Clear,07 - Dark,01 - Dry,10 - No control,,1,0,0,0,,0,,,,,349836.269,5016000.495,45.28251728,-75.92592785,12895
17--8014,8/6/2017,9:50 AM,CHIMO DR btwn LARSEN CRT & INUVIK CRES (__3ZABEN),__3ZABEN,01 - Non intersection,03 - P.D. only,06 - SMV unattended vehicle,01 - Clear,01 - Daylight,01 - Dry,10 - No control,,1,0,0,0,,0,,,,,352856.0788,5019235.586,45.31142745,-75.88712331,12896
17--8015,8/7/2017,1:56 PM,NICHOLAS ST NB btwn LAURIER AVE E & WALLER ST (__5D2DO8),__5D2DO8,01 - Non intersection,03 - P.D. only,04 - Sideswipe,01 - Clear,01 - Daylight,01 - Dry,10 - No control,,5,0,0,0,,0,,,,,368448.189,5031737.816,45.42267921,-75.6866785,12897
17--8016,8/7/2017,10:25 AM,HWY417 IC104 RAMP61 btwn ANDERSON RD & HIGHWAY 417 (__3ZAY0E),__3ZAY0E,01 - Non intersection,03 - P.D. only,07 - SMV other,01 - Clear,01 - Daylight,01 - Dry,10 - No control,,1,0,1,0,,0,,,,,380313.3251,5025926.933,45.36921669,-75.53597051,12898
17--8017,8/7/2017,10:25 AM,HWY417 IC104 RAMP61 btwn ANDERSON RD & HIGHWAY 417 (__3ZAY0E),__3ZAY0E,01 - Non intersection,02 - Non-fatal injury,07 - SMV other,01 - Clear,01 - Daylight,01 - Dry,10 - No control,,1,0,1,0,02 - Minor,1,,1,,,380315.9709,5025918.995,45.36914499,-75.53593795,12899
17--8018,8/7/2017,11:01 AM,CARLING AVE @ MERIVALE RD (0002148),2148,03 - At intersection,03 - P.D. only,02 - Angle,01 - Clear,01 - Daylight,01 - Dry,01 - Traffic signal,01 - Functioning,2,0,0,0,,0,,,,,364895.163,5027700.315,45.38666493,-75.7325683,12900
17--865,1/20/2017,9:59 AM,FALLOWFIELD RD btwn ORR ST & GREENBANK RD (__3ZA3HG),__3ZA3HG,04 - At/near private drive,02 - Non-fatal injury,03 - Rear end,01 - Clear,01 - Daylight,02 - Wet,10 - No control,,3,0,0,0,01 - Minimal,1,1,,,,363001.1491,5016669.733,45.2875724,-75.75805067,12901
17--8650,8/25/2017,7:06 AM,ALBION RD @ MITCH OWENS RD (0004212),4212,03 - At intersection,03 - P.D. only,05 - Turning movement,01 - Clear,01 - Daylight,01 - Dry,01 - Traffic signal,01 - Functioning,2,0,0,0,,0,,,,,375907.7009,5014804.212,45.26959983,-75.59380375,12902
17--8651,8/25/2017,7:17 PM,KIRKWOOD AVE @ MERIVALE RD (0002243),2243,03 - At intersection,02 - Non-fatal injury,05 - Turning movement,01 - Clear,05 - Dusk,01 - Dry,01 - Traffic signal,01 - Functioning,2,0,0,0,02 - Minor,1,,1,,,364853.7014,5026645.826,45.37718039,-75.733226,12903
17--8652,8/25/2017,7:50 AM,KING EDWARD AVE @ MURRAY ST (0002713),2713,02 - Intersection related,03 - P.D. only,03 - Rear end,01 - Clear,01 - Daylight,01 - Dry,01 - Traffic signal,01 - Functioning,3,0,0,0,,0,,,,,368292.1732,5032752.399,45.43182225,-75.68854113,12904
17--8653,8/25/2017,8:15 AM,FALLOWFIELD RD btwn TRANSIT & 482 E OF HOLITMAN DR/BARRHAVEN CROSSING  (__5UXZZVB),__5UXZZVB,05 - At railway crossing,03 - P.D. only,03 - Rear end,01 - Clear,01 - Daylight,01 - Dry,10 - No control,,2,0,0,0,,0,,,,,364273.2772,5017437.957,45.29437837,-75.74174286,12905
17--8654,8/25/2017,9:02 AM,KATIMAVIK RD @ MCGIBBON DR/SEWELL WAY (0003484),3484,03 - At intersection,02 - Non-fatal injury,02 - Angle,01 - Clear,01 - Daylight,01 - Dry,02 - Stop sign,01 - Functioning,2,0,0,0,02 - Minor,1,,1,,,351725.4722,5018738.464,45.30703068,-75.90158862,12906
17--8655,8/25/2017,9:51 AM,PRINCE OF WALES DR @ MERIVALE RD (0000564),564,03 - At intersection,02 - Non-fatal injury,05 - Turning movement,01 - Clear,01 - Daylight,01 - Dry,01 - Traffic signal,01 - Functioning,2,0,0,0,02 - Minor,2,,2,,,367449.2379,5017616.697,45.29571067,-75.70123209,12907
17--8656,8/25/2017,9:51 PM,MADAWASKA DR @ DOW'S LAKE RD (0007360),7360,03 - At intersection,02 - Non-fatal injury,07 - SMV other,01 - Clear,07 - Dark,08 - Loose sand or gravel,02 - Stop sign,01 - Functioning,1,0,1,0,02 - Minor,1,,1,,,367330.7073,5028965.735,45.39783764,-75.70130835,12908
17--8657,8/26/2017,1:00 PM,GREENACRE CRES btwn ELMRIDGE DR & BURFIELD AVE (__3ZA7W5),__3ZA7W5,01 - Non intersection,03 - P.D. only,06 - SMV unattended vehicle,01 - Clear,01 - Daylight,01 - Dry,10 - No control,,1,0,0,0,,0,,,,,375000.3832,5034002.588,45.44242954,-75.60263894,12909
17--8658,8/26/2017,1:27 PM,BASELINE RD @ WOODROFFE AVE (0002225),2225,02 - Intersection related,03 - P.D. only,03 - Rear end,01 - Clear,01 - Daylight,01 - Dry,01 - Traffic signal,01 - Functioning,2,0,0,0,,0,,,,,362549.6902,5023769.795,45.35149583,-75.76297756,12910
17--8659,8/26/2017,1:30 PM,BASELINE RD @ GREENBANK RD (0002357),2357,02 - Intersection related,03 - P.D. only,03 - Rear end,01 - Clear,01 - Daylight,01 - Dry,01 - Traffic signal,01 - Functioning,2,0,0,0,,0,,,,,360597.0184,5022585.61,45.34099863,-75.78802989,12911
17--866,1/21/2017,1:18 PM,GLEBE AVE btwn LYON ST S & BANK ST (__3ZA933),__3ZA933,01 - Non intersection,03 - P.D. only,06 - SMV unattended vehicle,01 - Clear,01 - Daylight,02 - Wet,10 - No control,,1,0,0,0,,0,,,,,368200.4851,5029764.967,45.40495066,-75.69009722,12912
17--8660,8/26/2017,1:36 PM,CARLING AVE WB btwn ANCASTER AVE & WOODROFFE AVE (__3ZA4VG),__3ZA4VG,01 - Non intersection,03 - P.D. only,05 - Turning movement,01 - Clear,01 - Daylight,01 - Dry,10 - No control,,2,0,0,0,,0,,,,,361847.2102,5025792.969,45.3697577,-75.77170861,12913