Anom_ID,Accident_Date,Accident_Time,Location,Geo_ID,Accident_Location,Classification_of_Accident,Initial_Impact_Type,Environment_Condition,Light,Road_Surface_Condition,Traffic_Control,Traffic_Control_Condition,No__of_Vehicles,No__of_Bicycles,No__of_Motorcycles,No__of_Pedestrians,Max_Injury,No__of_Injuries,No__of_Minimal,No__of_Minor,No__of_Major,No__of_Fatal,X,Y,Latitude,Longitude,ObjectId
17--8661,8/26/2017,1:55 PM,ST. JOSEPH BLVD @ FOREST VALLEY DR/YOUVILLE DR (0004440),4440,03 - At intersection,03 - P.D. only,02 - Angle,01 - Clear,01 - Daylight,01 - Dry,01 - Traffic signal,01 - Functioning,2,0,0,0,,0,,,,,379165.2145,5036157.301,45.46138545,-75.54908193,12914
17--8662,8/26/2017,1:59 PM,FALLOWFIELD RD @ GREENBANK RD (0000549),549,02 - Intersection related,03 - P.D. only,03 - Rear end,01 - Clear,01 - Daylight,01 - Dry,01 - Traffic signal,01 - Functioning,2,0,0,0,,0,,,,,363081.1491,5016733.165,45.28813653,-75.75702347,12915
17--8663,8/26/2017,10:35 AM,ESPRIT DR @ DU PLATEAU ST/SCALA AVE (0012280),12280,02 - Intersection related,03 - P.D. only,05 - Turning movement,01 - Clear,01 - Daylight,01 - Dry,02 - Stop sign,01 - Functioning,2,0,0,0,,0,,,,,384875.3489,5036398.278,45.46292239,-75.47603773,12916
17--8664,8/26/2017,10:46 AM,INDUSTRIAL AVE/INNES RD @ ST. LAURENT BLVD (0002203),2203,02 - Intersection related,03 - P.D. only,03 - Rear end,01 - Clear,01 - Daylight,01 - Dry,01 - Traffic signal,01 - Functioning,2,0,0,0,,0,,,,,373100.659,5030007.403,45.40667101,-75.62747392,12917
17--8665,8/26/2017,10:50 AM,WELLINGTON ST @ LETT ST (0012269),12269,02 - Intersection related,02 - Non-fatal injury,03 - Rear end,01 - Clear,01 - Daylight,01 - Dry,01 - Traffic signal,01 - Functioning,3,0,0,0,02 - Minor,4,,4,,,366354.115,5031111.389,45.4172302,-75.71351308,12918
17--8666,8/26/2017,11:29 AM,RICHMOND RD @ WOODROFFE AVE (0011466),11466,02 - Intersection related,03 - P.D. only,03 - Rear end,01 - Clear,01 - Daylight,01 - Dry,01 - Traffic signal,01 - Functioning,2,0,0,0,,0,,,,,361584.4644,5026654.745,45.37753322,-75.77496359,12919
17--8667,8/26/2017,11:53 AM,BELCOURT BLVD btwn BELVAL CRES & BEAUSEJOUR DR (__3ZA6DD),__3ZA6DD,01 - Non intersection,03 - P.D. only,06 - SMV unattended vehicle,01 - Clear,01 - Daylight,01 - Dry,10 - No control,,1,0,0,0,,0,,,,,381731.1706,5036227.747,45.46174142,-75.51626446,12920
17--8668,8/26/2017,Unknown,CARLING AVE @ MERIVALE RD (0002148),2148,03 - At intersection,02 - Non-fatal injury,02 - Angle,01 - Clear,00 - Unknown,01 - Dry,01 - Traffic signal,01 - Functioning,2,0,0,0,02 - Minor,1,,1,,,364894.2304,5027699.834,45.38666068,-75.73258027,12921
17--8669,8/26/2017,12:07 PM,ST. JOSEPH BLVD @ JEANNE D'ARC BLVD (0012421),12421,03 - At intersection,03 - P.D. only,04 - Sideswipe,01 - Clear,01 - Daylight,01 - Dry,11 - Roundabout,01 - Functioning,2,0,0,0,,0,,,,,379861.8524,5036470.915,45.4641326,-75.54012729,12922
17--867,1/21/2017,1:27 PM,FALLOWFIELD RD @ RICHMOND RD (0000634),634,02 - Intersection related,03 - P.D. only,03 - Rear end,01 - Clear,01 - Daylight,01 - Dry,01 - Traffic signal,00 - Unknown,2,0,0,0,,0,,,,,357720.5427,5013528.87,45.25972784,-75.82569781,12923
17--8670,8/26/2017,2:21 PM,OTTAWA RIVER PKWY @ ISLAND PARK DR (0002127),2127,02 - Intersection related,03 - P.D. only,03 - Rear end,01 - Clear,01 - Daylight,01 - Dry,01 - Traffic signal,01 - Functioning,2,0,0,0,,0,,,,,363300.0482,5029453.338,45.40257338,-75.75272872,12924
17--8671,8/26/2017,2:48 PM,BASELINE RD btwn NAVAHO DR & COLLEGE SQUARE SC (__3ZAZDQB),__3ZAZDQB,04 - At/near private drive,03 - P.D. only,02 - Angle,01 - Clear,01 - Daylight,01 - Dry,10 - No control,,2,0,0,0,,0,,,,,362799.4664,5023921.317,45.3528386,-75.75977232,12925
17--8672,8/26/2017,3:03 AM,RIDEAU ST btwn AUGUSTA ST & COBOURG ST (__3ZA3W7),__3ZA3W7,01 - Non intersection,03 - P.D. only,05 - Turning movement,01 - Clear,07 - Dark,01 - Dry,10 - No control,,2,0,0,0,,0,,,,,369126.7491,5032786.061,45.43204886,-75.67787157,12926
17--8673,8/26/2017,3:15 PM,HIGHWAY 417 btwn HWY417 IC127 RAMP35 & HWY417 IC127 RAMP25 (__3ZA2RE),__3ZA2RE,01 - Non intersection,03 - P.D. only,03 - Rear end,01 - Clear,01 - Daylight,01 - Dry,10 - No control,,2,0,0,0,,0,,,,,362200.0443,5024885.676,45.36156515,-75.76730993,12927
17--8674,8/26/2017,3:16 PM,BANK ST @ RIVERSIDE DR S (0002704),2704,02 - Intersection related,03 - P.D. only,03 - Rear end,01 - Clear,01 - Daylight,01 - Dry,01 - Traffic signal,01 - Functioning,3,0,0,0,,0,,,,,369305.6271,5027894.312,45.38801816,-75.67622577,12928
17--8675,8/26/2017,5:07 AM,GREENBANK RD btwn WEST HUNT CLUB RD & FALLOWFIELD RD (__3ZA1NE),__3ZA1NE,01 - Non intersection,03 - P.D. only,07 - SMV other,01 - Clear,07 - Dark,01 - Dry,10 - No control,,1,0,0,0,,0,,,,,362880.8916,5017191.483,45.29227706,-75.7595225,12929
17--8676,8/26/2017,5:58 PM,STATEWOOD DR @ TERRY FOX DR (0013650),13650,02 - Intersection related,03 - P.D. only,04 - Sideswipe,01 - Clear,01 - Daylight,01 - Dry,02 - Stop sign,00 - Unknown,2,0,0,0,,0,,,,,348941.8129,5022544.504,45.34145895,-75.93674584,12930
17--8677,8/26/2017,6:00 PM,HAWTHORNE AVE/ISABELLA ST @ QUEEN ELIZABETH DR (0002105),2105,02 - Intersection related,03 - P.D. only,99 - Other,01 - Clear,01 - Daylight,01 - Dry,01 - Traffic signal,01 - Functioning,2,0,0,0,,0,,,,,368666.2704,5030476.343,45.41130904,-75.68405554,12931
17--8678,8/26/2017,8:47 PM,PRINCE OF WALES DR btwn RIDEAU SHORE CRT & COLONNADE RD (__3ZBPHP),__3ZBPHP,01 - Non intersection,03 - P.D. only,04 - Sideswipe,01 - Clear,07 - Dark,01 - Dry,10 - No control,,2,0,0,0,,0,,,,,367388.9402,5023281.61,45.34668804,-75.70128489,12932
17--8679,8/26/2017,9:36 PM,FARINCOURT CRES btwn CHINIAN ST & CHINIAN ST (__6ZT3BW),__6ZT3BW,04 - At/near private drive,03 - P.D. only,06 - SMV unattended vehicle,01 - Clear,07 - Dark,01 - Dry,10 - No control,,1,0,0,0,,0,,,,,383887.563,5034820.124,45.44883611,-75.48892083,12933
17--868,1/21/2017,1:31 PM,TENTH LINE RD btwn OLD TENTH LINE RD & TOMPKINS AVE (__3ZBPKU),__3ZBPKU,01 - Non intersection,03 - P.D. only,03 - Rear end,01 - Clear,01 - Daylight,02 - Wet,10 - No control,,2,0,0,0,,0,,,,,383168.0829,5038027.062,45.47777034,-75.49760622,12934
17--8680,8/27/2017,1:13 AM,TENTH LINE RD @ CHARLEMAGNE BLVD S/DES EPINETT (0003686),3686,03 - At intersection,03 - P.D. only,05 - Turning movement,01 - Clear,07 - Dark,01 - Dry,01 - Traffic signal,01 - Functioning,2,0,0,0,,0,,,,,383640.9751,5036900.456,45.46758093,-75.49173924,12935
17--8681,8/27/2017,1:40 PM,BRONSON AVE @ MCLEOD ST (0007173),7173,02 - Intersection related,03 - P.D. only,04 - Sideswipe,01 - Clear,01 - Daylight,01 - Dry,02 - Stop sign,01 - Functioning,2,0,0,0,,0,,,,,367160.1124,5030015.426,45.40729768,-75.70335437,12936
17--8682,8/27/2017,10:35 AM,ISLAND PARK DR @ SCOTT ST (0002126),2126,03 - At intersection,03 - P.D. only,02 - Angle,01 - Clear,01 - Daylight,01 - Dry,01 - Traffic signal,01 - Functioning,2,0,0,0,,0,,,,,363833.6895,5029040.554,45.39881443,-75.74596206,12937
17--8683,8/27/2017,10:57 PM,DONALD ST @ VANIER PKWY (0007644),7644,02 - Intersection related,03 - P.D. only,03 - Rear end,01 - Clear,07 - Dark,01 - Dry,01 - Traffic signal,01 - Functioning,2,0,0,0,,0,,,,,370312.6689,5032270.824,45.42730288,-75.66278507,12938
17--8684,8/27/2017,10:59 PM,ALBERT ST @ BOOTH ST (0002162),2162,03 - At intersection,03 - P.D. only,05 - Turning movement,01 - Clear,07 - Dark,01 - Dry,01 - Traffic signal,01 - Functioning,2,0,0,0,,0,,,,,366429.1666,5030625.383,45.41285064,-75.712615,12939
17--8685,8/27/2017,11:16 AM,CAMPEAU DR/HWY 417 MARCH IC138R63 @ MARCH RD (0009710),9710,02 - Intersection related,03 - P.D. only,04 - Sideswipe,01 - Clear,01 - Daylight,02 - Wet,01 - Traffic signal,00 - Unknown,2,0,0,0,,0,,,,,352841.8469,5020475.801,45.32258814,-75.88718453,12940
17--8686,8/27/2017,11:35 AM,GREENBANK RD @ WEST HUNT CLUB RD (0005167),5167,02 - Intersection related,02 - Non-fatal injury,03 - Rear end,01 - Clear,01 - Daylight,01 - Dry,01 - Traffic signal,01 - Functioning,2,0,0,0,01 - Minimal,3,3,,,,361480.7869,5020501.369,45.32217382,-75.77699256,12941
17--8687,8/27/2017,11:47 AM,GOULBOURN FORCED RD @ INNOVATION DR (0013945),13945,03 - At intersection,03 - P.D. only,02 - Angle,01 - Clear,01 - Daylight,01 - Dry,02 - Stop sign,01 - Functioning,2,0,0,0,,0,,,,,349438.006,5022666.636,45.34252653,-75.93040365,12942
17--8688,8/27/2017,11:54 AM,PROVENDER AVE btwn BURMA RD & ROTHBURY CRES (__3ZBPJV),__3ZBPJV,04 - At/near private drive,03 - P.D. only,06 - SMV unattended vehicle,01 - Clear,01 - Daylight,01 - Dry,10 - No control,,1,0,0,0,,0,,,,,373146.372,5034685.203,45.44875507,-75.62624086,12943
17--8689,8/27/2017,Unknown,WELLINGTON ST    W btwn HARMER AVE N & HURON AVE N (__3ZA4QL),__3ZA4QL,01 - Non intersection,03 - P.D. only,06 - SMV unattended vehicle,01 - Clear,00 - Unknown,01 - Dry,10 - No control,,1,0,0,0,,0,,,,,364821.3009,5029113.956,45.39939092,-75.73333949,12944
17--869,1/21/2017,1:31 PM,ARMSTRONG ST @ PINHEY ST (0005955),5955,03 - At intersection,03 - P.D. only,02 - Angle,01 - Clear,01 - Daylight,02 - Wet,02 - Stop sign,01 - Functioning,2,0,0,0,,0,,,,,365407.6918,5029608.728,45.40379224,-75.72578931,12945
17--8690,8/27/2017,Unknown,EMOND ST btwn DESCHAMPS AVE & MONTREAL RD (__3ZA8SU),__3ZA8SU,01 - Non intersection,03 - P.D. only,06 - SMV unattended vehicle,01 - Clear,00 - Unknown,01 - Dry,10 - No control,,1,0,0,0,,0,,,,,370134.0974,5033239.979,45.43603964,-75.66493828,12946
17--8691,8/27/2017,12:02 PM,LONGFIELDS DR @ WOODROFFE AVE (0000096),96,03 - At intersection,03 - P.D. only,05 - Turning movement,01 - Clear,01 - Daylight,01 - Dry,01 - Traffic signal,01 - Functioning,2,0,0,0,,0,,,,,365420.6965,5017107.655,45.29130828,-75.72715549,12947
17--8692,8/27/2017,12:11 AM,CUMMINGS AVE @ OGILVIE RD (0009923),9923,03 - At intersection,03 - P.D. only,02 - Angle,01 - Clear,07 - Dark,01 - Dry,01 - Traffic signal,01 - Functioning,2,0,0,0,,0,,,,,372748.7202,5032169.938,45.42616275,-75.63167116,12948
17--8693,8/27/2017,12:47 PM,MONSON CRES btwn FILLMORE CRES & FILLMORE CRES (__3ZA7UL),__3ZA7UL,04 - At/near private drive,03 - P.D. only,06 - SMV unattended vehicle,01 - Clear,01 - Daylight,01 - Dry,10 - No control,,1,0,0,0,,0,,,,,375351.6259,5036262.3,45.4627257,-75.59782549,12949
17--8694,8/27/2017,12:53 PM,HWY 417 MAITLAND IC126R26/62 @ MAITLAND AVE (0008228),8228,03 - At intersection,02 - Non-fatal injury,02 - Angle,01 - Clear,01 - Daylight,01 - Dry,01 - Traffic signal,01 - Functioning,2,1,0,0,02 - Minor,1,,1,,,363145.579,5025984.094,45.37137053,-75.75511184,12950
17--8695,8/27/2017,2:48 PM,HWY417 IC127 RAMP63 btwn HIGHWAY 417 & WOODROFFE AVE (__3ZAY81),__3ZAY81,01 - Non intersection,02 - Non-fatal injury,07 - SMV other,01 - Clear,01 - Daylight,01 - Dry,10 - No control,,1,0,0,0,02 - Minor,1,,1,,,361984.4966,5024810.569,45.36090696,-75.77006978,12951
17--8696,8/27/2017,3:30 PM,HIGHWAY 417 btwn HWY417 IC126 RAMP16 & HWY417 IC126 RAMP61 (__3ZA2RC),__3ZA2RC,01 - Non intersection,03 - P.D. only,03 - Rear end,01 - Clear,01 - Daylight,01 - Dry,10 - No control,,2,0,0,0,,0,,,,,363117.8681,5025802.759,45.3697412,-75.755487,12952
17--8697,8/27/2017,4:00 PM,BLAIR RD @ MONTREAL RD (0009277),9277,02 - Intersection related,03 - P.D. only,03 - Rear end,01 - Clear,01 - Daylight,01 - Dry,01 - Traffic signal,01 - Functioning,2,0,0,0,,0,,,,,374021.0147,5034439.369,45.44645711,-75.61509511,12953
17--8698,8/27/2017,4:02 PM,HWY 417 WOODROFF IC127R62 @ WOODROFFE AVE (0002349),2349,02 - Intersection related,03 - P.D. only,03 - Rear end,01 - Clear,01 - Daylight,01 - Dry,03 - Yield sign,01 - Functioning,2,0,0,0,,0,,,,,362051.8323,5025019.651,45.36278276,-75.76918613,12954
17--8699,8/27/2017,8:00 PM,MCKITRICK DR btwn MELANIE CRES N & SUMNER ST (__3ZABZC),__3ZABZC,01 - Non intersection,03 - P.D. only,06 - SMV unattended vehicle,01 - Clear,01 - Daylight,01 - Dry,10 - No control,,1,0,0,0,,0,,,,,353002.2289,5017125.499,45.29243038,-75.88546468,12955
17--87,1/3/2017,7:40 PM,TERRY FOX DR btwn KANATA AVE & Continuation of TERRY FOX DR (__4V3NPM),__4V3NPM,01 - Non intersection,03 - P.D. only,07 - SMV other,03 - Snow,07 - Dark,06 - Ice,10 - No control,,1,0,0,0,,0,,,,,349654.9732,5019034.275,45.30982776,-75.92796428,12956
17--870,1/21/2017,1:44 PM,BRIDGE ST @ LONG ISLAND RD (0008838),8838,02 - Intersection related,02 - Non-fatal injury,03 - Rear end,01 - Clear,01 - Daylight,02 - Wet,01 - Traffic signal,01 - Functioning,2,0,0,0,02 - Minor,1,,1,,,369058.0697,5010347.038,45.23015379,-75.68166215,12957
17--8700,8/27/2017,8:03 PM,FINDLAY CREEK DR @ BANK ST (0012407),12407,02 - Intersection related,03 - P.D. only,02 - Angle,01 - Clear,05 - Dusk,01 - Dry,01 - Traffic signal,01 - Functioning,2,0,0,0,,0,,,,,375847.9468,5020458.782,45.32048362,-75.5937551,12958
17--8701,8/27/2017,8:15 PM,HIGHWAY 417 btwn HWY 417 ANDERSON IC104R61 & HWY 417 BOUNDARY IC96R16 (__3ZA2W5),__3ZA2W5,01 - Non intersection,03 - P.D. only,07 - SMV other,01 - Clear,07 - Dark,01 - Dry,10 - No control,,1,0,0,0,,0,,,,,381552.3783,5025629.192,45.36640323,-75.52020089,12959
17--8702,8/27/2017,8:18 PM,HWY 417 WOODROFF IC127R53 @ WOODROFFE AVE (0002347),2347,02 - Intersection related,02 - Non-fatal injury,02 - Angle,01 - Clear,07 - Dark,01 - Dry,03 - Yield sign,00 - Unknown,2,1,0,0,02 - Minor,1,,1,,,362205.9844,5024625.778,45.35922612,-75.7672643,12960
17--8703,8/28/2017,1:08 PM,TRUMP AVE btwn WHITESTONE DR & BLOOMINGDALE ST (__3ZAZIG),__3ZAZIG,04 - At/near private drive,03 - P.D. only,06 - SMV unattended vehicle,01 - Clear,01 - Daylight,01 - Dry,10 - No control,,1,0,0,0,,0,,,,,364605.4512,5025892.097,45.37041969,-75.73648668,12961
17--8704,8/28/2017,1:31 PM,IRIS ST @ WOODROFFE AVE (0002736),2736,03 - At intersection,03 - P.D. only,05 - Turning movement,01 - Clear,01 - Daylight,01 - Dry,01 - Traffic signal,01 - Functioning,2,0,0,0,,0,,,,,362284.1122,5024440.336,45.35755113,-75.76628872,12962
17--8705,8/28/2017,10:32 AM,COLONEL BY DR/SUSSEX DR @ RIDEAU ST (0007647),7647,03 - At intersection,03 - P.D. only,04 - Sideswipe,01 - Clear,01 - Daylight,01 - Dry,01 - Traffic signal,01 - Functioning,2,0,0,0,,0,,,,,367921.6336,5032044.737,45.42548849,-75.69336703,12963
17--8706,8/28/2017,Unknown,LIVERY ST btwn ASTURCON ST & TAPADERO AVE (__827GE9),__827GE9,01 - Non intersection,03 - P.D. only,06 - SMV unattended vehicle,01 - Clear,00 - Unknown,01 - Dry,10 - No control,,1,0,0,0,,0,,,,,352686.562,5015270.576,45.27576088,-75.88966793,12964
17--8707,8/28/2017,12:43 PM,MERIVALE RD/LOTTA AVE @ CLYDE AVE (0001112),1112,02 - Intersection related,03 - P.D. only,04 - Sideswipe,01 - Clear,01 - Daylight,01 - Dry,01 - Traffic signal,00 - Unknown,2,0,0,0,,0,,,,,364521.2544,5024507.97,45.3579727,-75.73772878,12965
17--8708,8/28/2017,12:45 PM,BIRKENFELS RD btwn BUENA VISTA RD & MACKINNON RD (__3ZA8QX),__3ZA8QX,04 - At/near private drive,03 - P.D. only,99 - Other,01 - Clear,01 - Daylight,01 - Dry,10 - No control,,2,0,0,0,,0,,,,,368489.356,5034924.138,45.4513448,-75.68574025,12966
17--8709,8/28/2017,12:59 PM,CYR AVE @ MONTREAL RD (0009803),9803,02 - Intersection related,03 - P.D. only,04 - Sideswipe,01 - Clear,01 - Daylight,01 - Dry,02 - Stop sign,01 - Functioning,2,0,0,0,,0,,,,,370220.7094,5033148.814,45.43521128,-75.66384349,12967
17--871,1/21/2017,1:45 PM,RIVERSIDE DR SB btwn Continuation of RIVERSIDE DR & HWY417 IC117 RAMP5 (__3ZA251),__3ZA251,01 - Non intersection,03 - P.D. only,04 - Sideswipe,01 - Clear,01 - Daylight,02 - Wet,10 - No control,,2,0,0,0,,0,,,,,370768.7448,5030907.165,45.41499038,-75.65713991,12968
17--8710,8/28/2017,3:00 PM,HIGHWAY 417 btwn HWY417 IC122 RAMP15 & HWY417 IC121B RAMP51 (__3ZA2RB),__3ZA2RB,01 - Non intersection,03 - P.D. only,03 - Rear end,01 - Clear,01 - Daylight,01 - Dry,10 - No control,,2,0,0,0,,0,,,,,366459.1213,5029476.505,45.40251071,-75.71237601,12969
17--8711,8/28/2017,3:30 PM,CEDARWOOD DR @ WALKLEY RD (0002235),2235,02 - Intersection related,02 - Non-fatal injury,03 - Rear end,01 - Clear,01 - Daylight,01 - Dry,01 - Traffic signal,01 - Functioning,2,0,0,0,02 - Minor,4,,4,,,371195.8385,5026455.746,45.37489783,-75.65228276,12970
17--8712,8/28/2017,3:40 PM,ST. JOSEPH BLVD @ JEANNE D'ARC BLVD (0012421),12421,03 - At intersection,03 - P.D. only,02 - Angle,01 - Clear,01 - Daylight,01 - Dry,11 - Roundabout,00 - Unknown,2,0,0,0,,0,,,,,379860.7425,5036471.344,45.46413658,-75.54014142,12971
17--8713,8/28/2017,4:23 PM,BLAIR RD @ INNES RD (0004165),4165,02 - Intersection related,03 - P.D. only,03 - Rear end,01 - Clear,01 - Daylight,01 - Dry,01 - Traffic signal,01 - Functioning,2,0,0,0,,0,,,,,375578.5129,5031440.221,45.41931655,-75.59561802,12972
17--8714,8/28/2017,4:30 PM,MARCH RD btwn CAMPEAU DR/HWY 417 MARCH IC138R63 & HWY417 IC138 RAMP62 (__3ZA415),__3ZA415,01 - Non intersection,02 - Non-fatal injury,03 - Rear end,01 - Clear,01 - Daylight,01 - Dry,10 - No control,,2,0,0,0,01 - Minimal,1,1,,,,352757.2453,5020662.805,45.32427662,-75.88824552,12973
17--8715,8/28/2017,5:16 PM,ST. JOSEPH BLVD btwn TENTH LINE RD & OR174 IC101 RAMP63 (__3ZA3YX),__3ZA3YX,01 - Non intersection,03 - P.D. only,07 - SMV other,01 - Clear,01 - Daylight,01 - Dry,10 - No control,,1,0,0,0,,0,,,,,382940.5079,5038682.311,45.48369118,-75.50041239,12974
17--8716,8/28/2017,5:24 PM,CONROY RD @ HUNT CLUB RD (0002257),2257,02 - Intersection related,03 - P.D. only,03 - Rear end,01 - Clear,01 - Daylight,01 - Dry,01 - Traffic signal,01 - Functioning,2,0,0,0,,0,,,,,373762.7933,5025403.813,45.36518505,-75.61965951,12975
17--8717,8/28/2017,5:30 PM,HIGHWAY 417 btwn HWY417 IC119B RAMP57 & HWY417 IC119A RAMP75 (__3ZA1QN),__3ZA1QN,01 - Non intersection,03 - P.D. only,03 - Rear end,01 - Clear,01 - Daylight,01 - Dry,10 - No control,,3,0,0,0,,0,,,,,368394.6051,5030405.936,45.41070028,-75.68753503,12976
17--8718,8/28/2017,5:46 PM,PRINCE OF WALES DR btwn MERIVALE RD & HOLBORN AVE (__3ZA26G),__3ZA26G,01 - Non intersection,03 - P.D. only,03 - Rear end,01 - Clear,01 - Daylight,01 - Dry,10 - No control,,2,0,0,0,,0,,,,,367450.8212,5017666.849,45.29616179,-75.70120557,12977
17--8719,8/28/2017,5:52 PM,MONTREAL RD @ NORTH RIVER RD (0009805),9805,03 - At intersection,02 - Non-fatal injury,07 - SMV other,01 - Clear,01 - Daylight,01 - Dry,01 - Traffic signal,01 - Functioning,1,0,0,1,02 - Minor,1,,1,,,369739.7087,5032887.822,45.43290781,-75.67002504,12978
17--872,1/21/2017,11:44 AM,GREENBANK RD @ JOCKVALE RD (0010360),10360,02 - Intersection related,03 - P.D. only,03 - Rear end,01 - Clear,01 - Daylight,06 - Ice,01 - Traffic signal,01 - Functioning,2,0,0,0,,0,,,,,364121.1414,5014329.32,45.26641972,-75.74405391,12979
17--8720,8/28/2017,6:42 PM,CATHERINE ST @ KENT ST (0002707),2707,03 - At intersection,03 - P.D. only,05 - Turning movement,01 - Clear,01 - Daylight,01 - Dry,01 - Traffic signal,01 - Functioning,2,0,0,0,,0,,,,,367907.7075,5030189.748,45.40879916,-75.69378253,12980
17--8721,8/28/2017,7:00 AM,OSNABROOK PRIV btwn DUNDONALD DR & KILBIRNIE DR (__54O52Z),__54O52Z,04 - At/near private drive,03 - P.D. only,06 - SMV unattended vehicle,01 - Clear,01 - Daylight,01 - Dry,10 - No control,,1,0,0,0,,0,,,,,365547.3464,5012190.197,45.24705016,-75.72614252,12981
17--8722,8/28/2017,7:15 AM,MACKENZIE KING BR/WALLER ST @ NICHOLAS ST/WALL (0011251),11251,03 - At intersection,03 - P.D. only,04 - Sideswipe,01 - Clear,01 - Daylight,01 - Dry,01 - Traffic signal,01 - Functioning,2,0,0,0,,0,,,,,368372.2593,5031992.339,45.42497622,-75.68761581,12982
17--8723,8/28/2017,8:30 AM,BRONSON AVE @ COMMISSIONER ST/SLATER ST (0001679),1679,03 - At intersection,03 - P.D. only,01 - Approaching,01 - Clear,01 - Daylight,01 - Dry,01 - Traffic signal,01 - Functioning,2,0,0,0,,0,,,,,366769.2588,5030948.497,45.4157279,-75.70822971,12983
17--8724,8/28/2017,8:30 PM,KILBORN AVE btwn BLOSSOM DR & BEAVER AVE (__3ZA9RD),__3ZA9RD,01 - Non intersection,03 - P.D. only,06 - SMV unattended vehicle,01 - Clear,07 - Dark,01 - Dry,10 - No control,,1,0,0,0,,0,,,,,369928.4532,5027698.022,45.38619437,-75.66829866,12984
17--8725,8/28/2017,8:31 AM,HARMER AVE   N btwn WELLINGTON ST W & BYRON AVE (__3ZA02X),__3ZA02X,01 - Non intersection,03 - P.D. only,07 - SMV other,01 - Clear,01 - Daylight,01 - Dry,10 - No control,,1,0,0,0,,0,,,,,364854.2352,5028908.071,45.39753558,-75.73294392,12985
17--8726,8/28/2017,9:40 PM,BANK ST @ WALKLEY RD (0011423),11423,02 - Intersection related,03 - P.D. only,03 - Rear end,01 - Clear,07 - Dark,01 - Dry,01 - Traffic signal,00 - Unknown,2,0,0,0,,0,,,,,370338.074,5025947.957,45.37040966,-75.66330057,12986
17--8727,8/28/2017,9:53 PM,BRASSEUR CRES @ WINSOME TER (0013147),13147,02 - Intersection related,03 - P.D. only,06 - SMV unattended vehicle,01 - Clear,07 - Dark,01 - Dry,03 - Yield sign,00 - Unknown,1,0,0,0,,0,,,,,385973.2299,5037567.806,45.47331794,-75.46180773,12987
17--8728,8/29/2017,1:10 PM,NAVAHO DR btwn NAVAHO DR & DEERFIELD DR (__3ZBOKA),__3ZBOKA,04 - At/near private drive,03 - P.D. only,02 - Angle,01 - Clear,01 - Daylight,01 - Dry,10 - No control,,2,0,0,0,,0,,,,,363137.2586,5024004.203,45.35355638,-75.75545178,12988
17--8729,8/29/2017,1:44 PM,JAMES ST @ KENT ST (0007277),7277,03 - At intersection,03 - P.D. only,05 - Turning movement,01 - Clear,01 - Daylight,01 - Dry,02 - Stop sign,01 - Functioning,2,0,0,0,,0,,,,,367660.6603,5030599.757,45.41251053,-75.69688603,12989
17--873,1/21/2017,11:50 PM,HIGHWAY 417 btwn HIGHWAY 417 & HIGHWAY 417 (1) (__3ZA2UX),__3ZA2UX,01 - Non intersection,02 - Non-fatal injury,03 - Rear end,01 - Clear,07 - Dark,01 - Dry,10 - No control,,2,0,0,0,02 - Minor,1,,1,,,375334.8779,5030260.949,45.40873071,-75.59889948,12990
17--8730,8/29/2017,1:57 PM,CAMBRIAN RD @ CEDARVIEW RD (0001571),1571,02 - Intersection related,03 - P.D. only,03 - Rear end,01 - Clear,01 - Daylight,01 - Dry,02 - Stop sign,01 - Functioning,2,0,0,0,,0,,,,,363001.6681,5011836.409,45.24408187,-75.75861042,12991
17--8731,8/29/2017,10:00 AM,BOOTH ST @ RAYMOND ST (0006498),6498,02 - Intersection related,03 - P.D. only,06 - SMV unattended vehicle,01 - Clear,01 - Daylight,01 - Dry,01 - Traffic signal,00 - Unknown,1,0,0,0,,0,,,,,366860.6989,5029641.798,45.40396249,-75.70722601,12992
17--8732,8/29/2017,10:37 AM,HAZELDEAN RD @ TERRY FOX DR (0003682),3682,02 - Intersection related,03 - P.D. only,03 - Rear end,01 - Clear,01 - Daylight,01 - Dry,01 - Traffic signal,01 - Functioning,2,0,0,0,,0,,,,,352207.611,5017242.214,45.29353467,-75.89558362,12993
17--8733,8/29/2017,10:42 AM,BANK ST @ HUNT CLUB RD (0002119),2119,03 - At intersection,03 - P.D. only,05 - Turning movement,01 - Clear,01 - Daylight,01 - Dry,01 - Traffic signal,01 - Functioning,2,0,0,0,,0,,,,,371610.1566,5024096.743,45.35363296,-75.64731243,12994
17--8734,8/29/2017,10:47 AM,VIEWMOUNT DR @ MERIVALE RD (0001528),1528,02 - Intersection related,03 - P.D. only,05 - Turning movement,01 - Clear,01 - Daylight,01 - Dry,01 - Traffic signal,01 - Functioning,2,0,0,0,,0,,,,,365194.6439,5022948.259,45.34388096,-75.72932503,12995
17--8735,8/29/2017,10:50 AM,CHURCHILL AVE   N btwn DUNCAIRN AVE & DOVERCOURT AVE (__3ZBOD7),__3ZBOD7,04 - At/near private drive,03 - P.D. only,02 - Angle,01 - Clear,01 - Daylight,01 - Dry,10 - No control,,2,0,0,0,,0,,,,,363601.5978,5027428.105,45.38432541,-75.74911847,12996