Anom_ID,Accident_Date,Accident_Time,Location,Geo_ID,Accident_Location,Classification_of_Accident,Initial_Impact_Type,Environment_Condition,Light,Road_Surface_Condition,Traffic_Control,Traffic_Control_Condition,No__of_Vehicles,No__of_Bicycles,No__of_Motorcycles,No__of_Pedestrians,Max_Injury,No__of_Injuries,No__of_Minimal,No__of_Minor,No__of_Major,No__of_Fatal,X,Y,Latitude,Longitude,ObjectId
17--8736,8/29/2017,12:07 PM,ALTA VISTA DR @ SMYTH RD (0011353),11353,02 - Intersection related,03 - P.D. only,03 - Rear end,01 - Clear,01 - Daylight,01 - Dry,01 - Traffic signal,00 - Unknown,2,0,0,0,,0,,,,,370432.2298,5029082.105,45.39860083,-75.66168193,12997
17--8737,8/29/2017,12:53 PM,BANK ST @ RIDEAU RD (0009263),9263,02 - Intersection related,02 - Non-fatal injury,03 - Rear end,01 - Clear,01 - Daylight,01 - Dry,01 - Traffic signal,01 - Functioning,2,0,0,0,02 - Minor,1,,1,,,376954.9745,5017845.582,45.29685825,-75.5800168,12998
17--8738,8/29/2017,2:33 AM,CUMMINGS AVE @ MONTREAL RD (0007748),7748,03 - At intersection,03 - P.D. only,07 - SMV other,01 - Clear,07 - Dark,01 - Dry,01 - Traffic signal,01 - Functioning,1,0,0,0,,0,,,,,372008.1811,5034040.35,45.44306337,-75.64087823,12999
17--8739,8/29/2017,3:36 PM,GREENBANK RD @ WEST HUNT CLUB RD (0005167),5167,02 - Intersection related,03 - P.D. only,03 - Rear end,01 - Clear,01 - Daylight,01 - Dry,01 - Traffic signal,01 - Functioning,2,0,0,0,,0,,,,,361480.3429,5020501.369,45.32217386,-75.77699823,13000
17--9370,9/14/2017,9:00 AM,WALKLEY RD @ GLENHAVEN PRIV (0011424),11424,03 - At intersection,03 - P.D. only,05 - Turning movement,01 - Clear,01 - Daylight,01 - Dry,01 - Traffic signal,01 - Functioning,2,0,0,0,,0,,,,,370212.8793,5025873.464,45.36975109,-75.66490858,13001
17--9371,9/14/2017,9:16 PM,JOCKVALE RD/RIDEAU VALLEY DR @ PRINCE OF WALES (0004638),4638,02 - Intersection related,02 - Non-fatal injury,03 - Rear end,01 - Clear,07 - Dark,01 - Dry,01 - Traffic signal,01 - Functioning,2,0,0,0,02 - Minor,1,,1,,,366709.6651,5012196.581,45.24700633,-75.7113364,13002
17--9372,9/14/2017,9:21 AM,HIGHWAY 417 btwn HWY417 IC134 RAMP51 & HWY417 IC134 RAMP35 (__3ZAZET),__3ZAZET,01 - Non intersection,03 - P.D. only,03 - Rear end,01 - Clear,01 - Daylight,01 - Dry,10 - No control,,2,0,0,0,,0,,,,,356199.1053,5022111.512,45.33706866,-75.84419267,13003
17--9373,9/15/2017,1:02 PM,GLADSTONE AVE btwn BAY ST & LYON ST N (__3ZA3PV),__3ZA3PV,01 - Non intersection,02 - Non-fatal injury,03 - Rear end,01 - Clear,01 - Daylight,01 - Dry,10 - No control,,2,0,0,0,01 - Minimal,1,1,,,,367488.612,5030304.462,45.40986899,-75.69912147,13004
17--874,1/21/2017,Unknown,ECHOWOODS AVE btwn KITTIWAKE DR & LLOYDALEX CRES (__4WKBSK),__4WKBSK,01 - Non intersection,03 - P.D. only,06 - SMV unattended vehicle,01 - Clear,00 - Unknown,01 - Dry,10 - No control,,1,0,0,0,,0,,,,,348651.8338,5014616.389,45.27013748,-75.94114725,13005
17--9374,9/15/2017,1:25 PM,CARLING AVE @ CROYDON AVE (0002642),2642,02 - Intersection related,03 - P.D. only,03 - Rear end,01 - Clear,01 - Daylight,01 - Dry,01 - Traffic signal,01 - Functioning,2,0,0,0,,0,,,,,360658.7627,5025042.412,45.36309995,-75.78696455,13006
17--9375,9/15/2017,1:45 PM,MONTREAL RD @ OGILVIE RD (0009279),9279,03 - At intersection,03 - P.D. only,03 - Rear end,01 - Clear,01 - Daylight,01 - Dry,01 - Traffic signal,01 - Functioning,2,0,0,0,,0,,,,,375654.2571,5034556.825,45.44735026,-75.59420181,13007
17--9376,9/15/2017,1:49 PM,BANK ST btwn VANCOUVER AVE & FOXBAR AVE (__3ZA4TT),__3ZA4TT,04 - At/near private drive,03 - P.D. only,02 - Angle,01 - Clear,01 - Daylight,01 - Dry,10 - No control,,2,0,0,0,,0,,,,,370473.8606,5025624.229,45.36748415,-75.66161026,13008
17--8740,8/29/2017,3:50 PM,HIGHWAY 417 btwn HWY417 IC121A RAMP51 & HWY417 IC120A RAMP52 (__3ZA2R6),__3ZA2R6,01 - Non intersection,03 - P.D. only,03 - Rear end,01 - Clear,01 - Daylight,01 - Dry,10 - No control,,2,0,0,0,,0,,,,,367084.788,5029668.831,45.40418582,-75.70436032,13009
17--9377,9/15/2017,1:59 PM,CARLING AVE @ CROYDON AVE (0002642),2642,03 - At intersection,03 - P.D. only,04 - Sideswipe,01 - Clear,01 - Daylight,01 - Dry,01 - Traffic signal,01 - Functioning,2,0,0,0,,0,,,,,360658.6115,5025042.842,45.36310384,-75.78696643,13010
17--8741,8/29/2017,4:08 PM,REGIONAL RD 174 @ TRIM RD (0012835),12835,02 - Intersection related,03 - P.D. only,03 - Rear end,01 - Clear,01 - Daylight,01 - Dry,01 - Traffic signal,01 - Functioning,2,0,0,0,,0,,,,,384350.9369,5039989.996,45.49529716,-75.48216086,13011
17--9378,9/15/2017,10:00 AM,SOMERSET ST    E btwn KING EDWARD AVE & HENDERSON AVE (__3ZA44B),__3ZA44B,01 - Non intersection,03 - P.D. only,06 - SMV unattended vehicle,01 - Clear,01 - Daylight,01 - Dry,10 - No control,,1,0,0,0,,0,,,,,369002.1547,5031702.013,45.42230645,-75.6796051,13012
17--8742,8/29/2017,4:10 PM,DALY AVE @ KING EDWARD AVE (0007755),7755,03 - At intersection,03 - P.D. only,02 - Angle,01 - Clear,01 - Daylight,01 - Dry,02 - Stop sign,01 - Functioning,2,0,0,0,,0,,,,,368592.181,5032272.402,45.42747611,-75.68476946,13013
17--9379,9/15/2017,10:31 AM,GLOUCESTER ST @ METCALFE ST (0006945),6945,02 - Intersection related,03 - P.D. only,04 - Sideswipe,01 - Clear,01 - Daylight,01 - Dry,01 - Traffic signal,00 - Unknown,2,0,0,0,,0,,,,,367833.5444,5031386.69,45.41957555,-75.69457681,13014
17--8743,8/29/2017,4:20 AM,ALTA VISTA DR btwn KILBORN AVE & CAVENDISH RD (__3ZA9SL),__3ZA9SL,01 - Non intersection,03 - P.D. only,07 - SMV other,01 - Clear,07 - Dark,01 - Dry,10 - No control,,1,0,0,0,,0,,,,,370353.8868,5027851.901,45.38753923,-75.66284594,13015
17--8744,8/29/2017,4:30 PM,BAYSHORE DR @ RICHMOND RD (0010407),10407,02 - Intersection related,03 - P.D. only,04 - Sideswipe,01 - Clear,01 - Daylight,01 - Dry,01 - Traffic signal,01 - Functioning,2,0,0,0,,0,,,,,359372.4632,5023369.636,45.34814964,-75.80356755,13016
17--8745,8/29/2017,4:45 PM,CARLING AVE @ MAITLAND AVE/SHERBOURNE RD (0002641),2641,02 - Intersection related,03 - P.D. only,03 - Rear end,01 - Clear,01 - Daylight,01 - Dry,01 - Traffic signal,01 - Functioning,2,0,0,0,,0,,,,,362942.7867,5026488.635,45.37592718,-75.75764124,13017
17--8746,8/29/2017,4:45 PM,HIGHWAY 417 btwn HWY417 IC121B RAMP16 & HWY417 IC121A RAMP16 (__3ZA2YX),__3ZA2YX,01 - Non intersection,03 - P.D. only,03 - Rear end,01 - Clear,01 - Daylight,01 - Dry,10 - No control,,2,0,0,0,,0,,,,,366591.2862,5029540.561,45.40307542,-75.71067989,13018
17--8747,8/29/2017,4:57 PM,CARLING AVE btwn BURKE RD & DEFENSE  RESEARCH COMPLEX (__3ZA4Z6A),__3ZA4Z6A,04 - At/near private drive,02 - Non-fatal injury,05 - Turning movement,01 - Clear,01 - Daylight,01 - Dry,10 - No control,,2,0,0,0,02 - Minor,1,,1,,,352902.8038,5022704.522,45.3426384,-75.88619041,13019
17--8748,8/29/2017,5:15 PM,RICHMOND RD @ WEST HUNT CLUB RD (0000598),598,03 - At intersection,03 - P.D. only,05 - Turning movement,01 - Clear,01 - Daylight,01 - Dry,01 - Traffic signal,01 - Functioning,2,0,0,0,,0,,,,,357146.5941,5018151.279,45.301364,-75.8325229,13020
17--8749,8/29/2017,6:44 PM,BEECHWOOD AVE btwn SPRINGFIELD RD & LOYER ST (__3ZA3MO),__3ZA3MO,01 - Non intersection,02 - Non-fatal injury,07 - SMV other,01 - Clear,01 - Daylight,01 - Dry,10 - No control,,1,0,1,0,01 - Minimal,1,1,,,,369283.0227,5033679.755,45.44007557,-75.67575746,13021
17--875,1/21/2017,12:34 PM,DUMAURIER AVE @ BARWELL AVE/GRENON AVE (0002440),2440,03 - At intersection,02 - Non-fatal injury,02 - Angle,01 - Clear,01 - Daylight,02 - Wet,02 - Stop sign,01 - Functioning,2,0,0,0,02 - Minor,1,,1,,,359729.126,5023649.41,45.3506392,-75.79898522,13022
17--8750,8/29/2017,6:53 PM,KING EDWARD AVE @ TEMPLETON ST (0007695),7695,02 - Intersection related,03 - P.D. only,03 - Rear end,01 - Clear,01 - Daylight,01 - Dry,01 - Traffic signal,01 - Functioning,2,0,0,0,,0,,,,,369061.1291,5031508.765,45.42056226,-75.67887679,13023
17--8751,8/29/2017,7:00 PM,BEATRICE DR @ STRANDHERD DR (0005447),5447,03 - At intersection,03 - P.D. only,03 - Rear end,01 - Clear,01 - Daylight,01 - Dry,01 - Traffic signal,01 - Functioning,2,0,0,0,,0,,,,,365528.4869,5015322.592,45.27523705,-75.72599986,13024
17--8752,8/29/2017,7:34 AM,HAZELDEAN RD @ HUNTMAR DR/IBER RD (0000075),75,03 - At intersection,02 - Non-fatal injury,02 - Angle,01 - Clear,01 - Daylight,01 - Dry,01 - Traffic signal,01 - Functioning,2,0,0,0,01 - Minimal,1,1,,,,350944.018,5016078.249,45.28314509,-75.91180101,13025
17--8753,8/29/2017,7:34 PM,KING EDWARD AVE @ ST. PATRICK ST (0002714),2714,02 - Intersection related,02 - Non-fatal injury,04 - Sideswipe,01 - Clear,01 - Daylight,01 - Dry,01 - Traffic signal,01 - Functioning,2,0,0,0,01 - Minimal,1,1,,,,368249.8112,5032823.367,45.43246464,-75.68907334,13026
17--8754,8/29/2017,7:41 AM,WOODKILTON RD btwn TO BE DETERMINED & KILMAURS SIDE RD (__3ZACDL),__3ZACDL,01 - Non intersection,03 - P.D. only,07 - SMV other,01 - Clear,01 - Daylight,01 - Dry,10 - No control,,1,0,0,0,,0,,,,,332942.8624,5039282.662,45.49289968,-76.13993296,13027
17--8755,8/29/2017,8:26 AM,CLEMOW AVE @ BRONSON AVE (0007248),7248,02 - Intersection related,03 - P.D. only,03 - Rear end,01 - Clear,01 - Daylight,01 - Dry,02 - Stop sign,01 - Functioning,3,0,0,0,,0,,,,,367421.8201,5029396.892,45.40170892,-75.70008995,13028
17--8756,8/29/2017,8:49 AM,GEORGE ST @ SUSSEX DR (0002109),2109,03 - At intersection,03 - P.D. only,04 - Sideswipe,01 - Clear,01 - Daylight,01 - Dry,01 - Traffic signal,01 - Functioning,2,0,0,0,,0,,,,,367869.2159,5032129.498,45.42625587,-75.69402595,13029
17--8757,8/29/2017,9:21 AM,LAURIER AVE @ NICHOLAS ST (0010711),10711,02 - Intersection related,03 - P.D. only,04 - Sideswipe,01 - Clear,01 - Daylight,01 - Dry,01 - Traffic signal,01 - Functioning,2,0,0,0,,0,,,,,368373.1901,5031798.046,45.42322796,-75.68762899,13030
17--8758,8/29/2017,9:35 AM,HIGHWAY 417 btwn HWY417 IC124 RAMP65 & HWY417 IC122 RAMP51 (__3ZA2R8),__3ZA2R8,01 - Non intersection,03 - P.D. only,03 - Rear end,01 - Clear,01 - Daylight,01 - Dry,10 - No control,,2,0,0,0,,0,,,,,364805.578,5028079.317,45.39008279,-75.73366614,13031
17--8759,8/29/2017,9:48 AM,OGILVIE RD @ ELMRIDGE DR/JASMINE CRES N (0008801),8801,02 - Intersection related,03 - P.D. only,04 - Sideswipe,01 - Clear,01 - Daylight,01 - Dry,01 - Traffic signal,01 - Functioning,2,0,0,0,,0,,,,,375420.9521,5034060.8,45.44291094,-75.59725519,13032
17--876,1/21/2017,12:40 AM,HWY417 IC115 RAMP61 btwn RAMP & HIGHWAY 417 (__3ZAYAU),__3ZAYAU,01 - Non intersection,03 - P.D. only,07 - SMV other,01 - Clear,07 - Dark,01 - Dry,10 - No control,,1,0,0,0,,0,,,,,372632.0585,5031571.253,45.42078739,-75.63324427,13033
17--8760,8/30/2017,10:25 AM,HOG'S BACK RD btwn COLONEL BY DR & RIVERSIDE DR (__3ZA22W),__3ZA22W,01 - Non intersection,02 - Non-fatal injury,03 - Rear end,01 - Clear,01 - Daylight,01 - Dry,10 - No control,,3,0,0,0,02 - Minor,1,,1,,,367719.8125,5025953.822,45.37070239,-75.69672279,13034
17--8761,8/30/2017,11:06 PM,BELFAST RD @ TRIOLE ST (0008405),8405,03 - At intersection,02 - Non-fatal injury,02 - Angle,01 - Clear,07 - Dark,01 - Dry,02 - Stop sign,01 - Functioning,2,0,0,0,02 - Minor,1,,1,,,372981.2023,5030623.793,45.41222865,-75.62891453,13035
17--8762,8/30/2017,11:12 AM,GILMOUR ST btwn DERBY PL & O'CONNOR ST (__3ZA4GK),__3ZA4GK,01 - Non intersection,03 - P.D. only,06 - SMV unattended vehicle,01 - Clear,01 - Daylight,01 - Dry,10 - No control,,1,0,0,0,,0,,,,,367938.7882,5030865.471,45.4148763,-75.69329895,13036
17--8763,8/30/2017,11:35 AM,BANK ST @ RIVERSIDE DR N (0010778),10778,03 - At intersection,02 - Non-fatal injury,02 - Angle,01 - Clear,01 - Daylight,01 - Dry,01 - Traffic signal,01 - Functioning,2,0,1,0,02 - Minor,1,,1,,,369226.6627,5027982.836,45.38882194,-75.67722253,13037
17--8764,8/30/2017,Unknown,BILLINGS AVE @ LESLIE AVE (0007536),7536,02 - Intersection related,03 - P.D. only,06 - SMV unattended vehicle,01 - Clear,00 - Unknown,01 - Dry,10 - No control,00 - Unknown,1,0,0,0,,0,,,,,369767.72,5028548.319,45.39385998,-75.67023909,13038
17--8765,8/30/2017,12:28 PM,BANK ST @ WALKLEY RD (0011423),11423,03 - At intersection,03 - P.D. only,03 - Rear end,01 - Clear,01 - Daylight,01 - Dry,01 - Traffic signal,01 - Functioning,2,0,0,0,,0,,,,,370338.074,5025947.513,45.37040567,-75.66330063,13039
17--8766,8/30/2017,12:57 PM,MITCH OWENS RD btwn MANOTICK STATION RD & BOWESVILLE RD (__3ZA3TN),__3ZA3TN,04 - At/near private drive,03 - P.D. only,02 - Angle,01 - Clear,01 - Daylight,01 - Dry,10 - No control,,2,0,0,0,,0,,,,,373788.0669,5013450.389,45.25762959,-75.62100113,13040
17--8767,8/30/2017,2:10 PM,HIGHWAY 417 btwn HWY417 IC119B RAMP76 & HWY417 IC119A RAMP67 (__3ZA2YT),__3ZA2YT,01 - Non intersection,03 - P.D. only,04 - Sideswipe,01 - Clear,01 - Daylight,01 - Dry,10 - No control,,2,0,0,0,,0,,,,,368433.8659,5030445.121,45.41104929,-75.68702843,13041
17--8768,8/30/2017,2:20 PM,BESSERER ST @ DALHOUSIE ST (0011452),11452,02 - Intersection related,03 - P.D. only,04 - Sideswipe,01 - Clear,01 - Daylight,01 - Dry,01 - Traffic signal,01 - Functioning,2,0,0,0,,0,,,,,368253.3676,5032158.24,45.42647974,-75.68911359,13042
17--8769,8/30/2017,2:24 PM,AGES DR btwn LEGACY RD & HAWTHORNE RD (__3ZA10R),__3ZA10R,04 - At/near private drive,03 - P.D. only,02 - Angle,01 - Clear,01 - Daylight,01 - Dry,10 - No control,,2,0,0,0,,0,,,,,374675.3343,5027551.301,45.38441679,-75.60770809,13043
17--877,1/21/2017,12:59 PM,BASELINE RD/HERON RD @ PRINCE OF WALES DR (0002345),2345,02 - Intersection related,03 - P.D. only,03 - Rear end,01 - Clear,01 - Daylight,01 - Dry,01 - Traffic signal,01 - Functioning,2,0,0,0,,0,,,,,366873.8212,5026439.487,45.37514774,-75.70746121,13044
17--8770,8/30/2017,3:15 PM,BANK ST @ CAHILL DR/DAZE ST (0012178),12178,03 - At intersection,02 - Non-fatal injury,02 - Angle,01 - Clear,01 - Daylight,01 - Dry,01 - Traffic signal,01 - Functioning,2,1,0,0,02 - Minor,1,,1,,,371307.3114,5024317.615,45.35564909,-75.65114746,13045
17--8771,8/30/2017,3:52 PM,HUNT CLUB RD @ RIVERSIDE DR (0002237),2237,02 - Intersection related,03 - P.D. only,03 - Rear end,01 - Clear,01 - Daylight,01 - Dry,01 - Traffic signal,01 - Functioning,2,0,0,0,,0,,,,,368037.1764,5021946.682,45.33461849,-75.69318401,13046
17--8772,8/30/2017,4:03 PM,ISABELLA ST/HWY417 IC119AR75 @ METCALFE ST (0011380),11380,02 - Intersection related,03 - P.D. only,03 - Rear end,01 - Clear,01 - Daylight,01 - Dry,01 - Traffic signal,01 - Functioning,2,0,0,0,,0,,,,,368448.9161,5030399.675,45.41063901,-75.68684204,13047
17--8773,8/30/2017,4:15 PM,HWY417 IC129 RAMP51 btwn HIGHWAY 417 & ASHLEY ST (__3ZAYBJ),__3ZAYBJ,01 - Non intersection,03 - P.D. only,03 - Rear end,01 - Clear,01 - Daylight,01 - Dry,10 - No control,,2,0,0,0,,0,,,,,360155.1426,5023278.814,45.34727109,-75.79359022,13048
17--8774,8/30/2017,4:21 PM,CLEARVIEW AVE @ ISLAND PARK DR (0006144),6144,02 - Intersection related,02 - Non-fatal injury,05 - Turning movement,01 - Clear,01 - Daylight,01 - Dry,02 - Stop sign,00 - Unknown,2,1,0,0,02 - Minor,1,,1,,,363546.6891,5029364.565,45.40175396,-75.74958901,13049
17--8775,8/30/2017,4:39 PM,AIRPORT PKWY btwn RAMP & RAMP (4) (__3ZA22T),__3ZA22T,01 - Non intersection,02 - Non-fatal injury,05 - Turning movement,01 - Clear,01 - Daylight,01 - Dry,10 - No control,,2,0,0,0,02 - Minor,1,,1,,,371331.4663,5021757.876,45.33261505,-75.65118348,13050
17--8776,8/30/2017,6:34 PM,ST. LAURENT BLVD btwn HWY417 IC115 RAMP35 & HWY417 IC115 RAMP26 (__3ZAZEA),__3ZAZEA,01 - Non intersection,03 - P.D. only,04 - Sideswipe,01 - Clear,01 - Daylight,01 - Dry,10 - No control,,2,0,0,0,,0,,,,,372497.7058,5031492.246,45.42008953,-75.63497168,13051
17--8777,8/30/2017,6:42 PM,MCCARTHY RD btwn PAUL ANKA DR & HUNTVIEW PRIV (__3ZA9C4),__3ZA9C4,04 - At/near private drive,02 - Non-fatal injury,03 - Rear end,01 - Clear,01 - Daylight,01 - Dry,10 - No control,,2,0,0,0,02 - Minor,2,1,1,,,369751.6055,5023848.785,45.35157652,-75.67106287,13052
17--8778,8/30/2017,6:48 PM,FALLOWFIELD RD @ WOODROFFE AVE (0010372),10372,02 - Intersection related,03 - P.D. only,03 - Rear end,01 - Clear,01 - Daylight,01 - Dry,01 - Traffic signal,01 - Functioning,3,0,0,0,,0,,,,,365084.928,5017902.08,45.29848536,-75.7313392,13053
17--8779,8/30/2017,7:04 PM,MITCH OWENS RD/BRIDGE ST @ RIVER RD (0003573),3573,03 - At intersection,02 - Non-fatal injury,05 - Turning movement,01 - Clear,01 - Daylight,01 - Dry,01 - Traffic signal,01 - Functioning,2,0,0,0,02 - Minor,1,,1,,,369499.8764,5010770.731,45.23392569,-75.67598115,13054
17--878,1/21/2017,2:04 PM,ALERT RD/AIRPORT PKWY/UPLANDS DR RAMP 62 @ LES (0003652),3652,02 - Intersection related,03 - P.D. only,05 - Turning movement,01 - Clear,01 - Daylight,02 - Wet,01 - Traffic signal,00 - Unknown,2,0,0,0,,0,,,,,371306.1651,5021355.138,45.32899373,-75.65156035,13055
17--8780,8/30/2017,7:05 PM,MERIVALE RD @ FAMILY BROWN LANE (0010933),10933,02 - Intersection related,03 - P.D. only,03 - Rear end,01 - Clear,01 - Daylight,01 - Dry,01 - Traffic signal,01 - Functioning,2,0,0,0,,0,,,,,365005.5757,5023384.906,45.34782611,-75.7316843,13056
17--8781,8/30/2017,7:16 PM,GREENBANK RD @ HALF MOON BAY (0014465),14465,03 - At intersection,03 - P.D. only,05 - Turning movement,01 - Clear,01 - Daylight,01 - Dry,02 - Stop sign,01 - Functioning,2,0,0,0,,0,,,,,364651.5955,5013125.004,45.25553833,-75.73743986,13057
17--8782,8/30/2017,7:25 AM,BOOTH ST @ NORMAN ST (0006159),6159,02 - Intersection related,03 - P.D. only,03 - Rear end,01 - Clear,01 - Daylight,01 - Dry,01 - Traffic signal,01 - Functioning,2,0,0,0,,0,,,,,366999.9794,5029319.659,45.40105161,-75.70548762,13058
17--8783,8/30/2017,7:56 AM,TRIM RD btwn INNES RD & 150 S OF INNES RD (__6XCIF6A),__6XCIF6A,01 - Non intersection,02 - Non-fatal injury,05 - Turning movement,01 - Clear,01 - Daylight,01 - Dry,10 - No control,,2,0,0,0,03 - Major,2,1,,1,,386615.9929,5037153.654,45.46951681,-75.45365723,13059
17--8784,8/30/2017,8:01 PM,CARP RD btwn KITTIWAKE DR & HAZELDEAN RD (__3ZA3DY),__3ZA3DY,04 - At/near private drive,02 - Non-fatal injury,02 - Angle,01 - Clear,05 - Dusk,01 - Dry,10 - No control,,2,0,0,0,02 - Minor,1,,1,,,348766.6866,5014395.775,45.26814514,-75.93970315,13060
17--8785,8/30/2017,8:07 PM,WALLER ST btwn DALY AVE & STEWART ST (__3ZA3VP),__3ZA3VP,01 - Non intersection,02 - Non-fatal injury,07 - SMV other,01 - Clear,05 - Dusk,09 - Spilled liquid,10 - No control,,1,0,1,0,01 - Minimal,1,1,,,,368351.5942,5032098.911,45.425937,-75.68786611,13061
17--8786,8/30/2017,8:10 AM,AYLMER AVE @ BANK ST (0007222),7222,02 - Intersection related,03 - P.D. only,03 - Rear end,01 - Clear,01 - Daylight,01 - Dry,01 - Traffic signal,01 - Functioning,2,0,0,0,,0,,,,,368675.0532,5028728.873,45.39558507,-75.6841697,13062
17--8787,8/30/2017,8:21 PM,MONTREAL RD btwn BETHAMY LANE & OGILVIE RD (__3ZA2DX),__3ZA2DX,01 - Non intersection,02 - Non-fatal injury,07 - SMV other,01 - Clear,07 - Dark,01 - Dry,10 - No control,,1,0,0,0,02 - Minor,1,,1,,,375635.3267,5034544.515,45.44724142,-75.59444555,13063
17--8788,8/30/2017,8:30 AM,CYRVILLE RD @ MEADOWBROOK RD (0012477),12477,02 - Intersection related,02 - Non-fatal injury,03 - Rear end,01 - Clear,01 - Daylight,01 - Dry,01 - Traffic signal,01 - Functioning,2,0,0,0,01 - Minimal,1,1,,,,374629.7329,5031242.793,45.41763554,-75.60776767,13064
17--8789,8/30/2017,8:30 PM,STITTSVILLE MAIN ST @ ORVILLE ST (0000085),85,03 - At intersection,02 - Non-fatal injury,03 - Rear end,01 - Clear,07 - Dark,01 - Dry,02 - Stop sign,01 - Functioning,2,0,0,0,01 - Minimal,1,1,,,,350312.395,5013247.563,45.2577148,-75.92011135,13065
17--879,1/21/2017,2:05 AM,HAMILTON ST @ MCBEAN ST (0000123),123,03 - At intersection,03 - P.D. only,02 - Angle,01 - Clear,07 - Dark,02 - Wet,02 - Stop sign,01 - Functioning,2,0,0,0,,0,,,,,356880.2647,5006102.601,45.19296701,-75.83718079,13066
17--8790,8/30/2017,9:38 AM,MONTREAL RD @ FOXVIEW PL/DESLOGES PRIV (0008207),8207,02 - Intersection related,03 - P.D. only,04 - Sideswipe,01 - Clear,01 - Daylight,01 - Dry,02 - Stop sign,01 - Functioning,2,0,0,0,,0,,,,,372908.617,5034446.731,45.44663263,-75.62931305,13067
17--8791,8/30/2017,9:43 AM,HERON RD @ ALTA VISTA DR (0007188),7188,02 - Intersection related,02 - Non-fatal injury,04 - Sideswipe,01 - Clear,01 - Daylight,01 - Dry,01 - Traffic signal,01 - Functioning,2,0,0,0,02 - Minor,1,,1,,,370492.7224,5026901.42,45.37897413,-75.66119962,13068
17--8792,8/31/2017,1:40 PM,ISABELLA ST/HWY417 IC119AR75 @ METCALFE ST (0011380),11380,02 - Intersection related,03 - P.D. only,04 - Sideswipe,01 - Clear,01 - Daylight,01 - Dry,01 - Traffic signal,00 - Unknown,2,0,0,0,,0,,,,,368448.9243,5030398.968,45.41063265,-75.68684203,13069
17--8793,8/31/2017,1:48 PM,CEDARWOOD DR btwn WALKLEY RD & BAYCREST DR (__3ZA9YT),__3ZA9YT,01 - Non intersection,03 - P.D. only,06 - SMV unattended vehicle,01 - Clear,01 - Daylight,01 - Dry,10 - No control,,1,0,0,0,,0,,,,,371135.4693,5026561.378,45.37585399,-75.65303926,13070
17--8794,8/31/2017,1:55 PM,TERRY FOX DR @ PALLADIUM DR/KATIMAVIK RD (0011858),11858,02 - Intersection related,03 - P.D. only,03 - Rear end,01 - Clear,01 - Daylight,01 - Dry,01 - Traffic signal,01 - Functioning,2,0,0,0,,0,,,,,351269.94,5018181.553,45.30204974,-75.90744964,13071
17--8795,8/31/2017,1:59 PM,DATA CENTRE RD @ RIVERSIDE DR (0010863),10863,02 - Intersection related,02 - Non-fatal injury,03 - Rear end,01 - Clear,01 - Daylight,01 - Dry,01 - Traffic signal,01 - Functioning,2,0,1,0,02 - Minor,1,,1,,,368897.449,5027671.668,45.38605235,-75.68146681,13072
17--8796,8/31/2017,10:15 AM,BRONSON AVE @ IMPERIAL AVE/PLYMOUTH ST (0010859),10859,03 - At intersection,03 - P.D. only,05 - Turning movement,01 - Clear,01 - Daylight,01 - Dry,10 - No control,00 - Unknown,2,0,0,0,,0,,,,,367318.706,5029643.698,45.40393883,-75.70137568,13073
17--8797,8/31/2017,11:02 AM,FOREST VALLEY DR @ ORLEANS BLVD (0003627),3627,03 - At intersection,03 - P.D. only,05 - Turning movement,01 - Clear,01 - Daylight,01 - Dry,01 - Traffic signal,01 - Functioning,2,0,0,0,,0,,,,,380260.1688,5034820.282,45.44923857,-75.53528773,13074
17--8798,8/31/2017,11:26 AM,TENTH LINE RD @ CHARLEMAGNE BLVD N/TOMPKINS AV (0009222),9222,02 - Intersection related,03 - P.D. only,04 - Sideswipe,01 - Clear,01 - Daylight,01 - Dry,01 - Traffic signal,00 - Unknown,2,0,0,0,,0,,,,,383183.483,5037977.658,45.47732411,-75.49741715,13075
17--8799,8/31/2017,11:56 PM,FALLOWFIELD RD btwn EAGLESON RD & RICHMOND RD (__3ZA4Y2),__3ZA4Y2,01 - Non intersection,03 - P.D. only,07 - SMV other,01 - Clear,07 - Dark,01 - Dry,10 - No control,,1,0,0,0,,0,,,,,356850.1411,5013021.8,45.25523005,-75.83684064,13076
17--88,1/3/2017,7:40 PM,AVIATION PKWY NB @ LA CITE PRIV (0009078),9078,02 - Intersection related,03 - P.D. only,99 - Other,04 - Freezing Rain,07 - Dark,06 - Ice,02 - Stop sign,01 - Functioning,2,0,0,0,,0,,,,,372501.244,5033247.756,45.43588443,-75.63468516,13077
17--880,1/21/2017,2:10 PM,MOHRS RD btwn GALETTA SIDE RD & RIDDLEDALE RD (__3ZAC1T),__3ZAC1T,01 - Non intersection,03 - P.D. only,07 - SMV other,01 - Clear,01 - Daylight,03 - Loose snow,10 - No control,,1,0,0,0,,0,,,,,324092.8303,5031481.343,45.42300094,-76.25346735,13078