Anom_ID,Accident_Date,Accident_Time,Location,Geo_ID,Accident_Location,Classification_of_Accident,Initial_Impact_Type,Environment_Condition,Light,Road_Surface_Condition,Traffic_Control,Traffic_Control_Condition,No__of_Vehicles,No__of_Bicycles,No__of_Motorcycles,No__of_Pedestrians,Max_Injury,No__of_Injuries,No__of_Minimal,No__of_Minor,No__of_Major,No__of_Fatal,X,Y,Latitude,Longitude,ObjectId
17--8800,8/31/2017,Unknown,HARKNESS AVE @ WEXFORD WAY (0006636),6636,02 - Intersection related,03 - P.D. only,06 - SMV unattended vehicle,01 - Clear,00 - Unknown,01 - Dry,02 - Stop sign,00 - Unknown,1,0,0,0,,0,,,,,369305.3334,5025430.431,45.36584893,-75.67655137,13079
17--8801,8/31/2017,12:39 AM,STRANDHERD DR @ LONGFIELDS DR (0010935),10935,02 - Intersection related,03 - P.D. only,07 - SMV other,01 - Clear,07 - Dark,01 - Dry,01 - Traffic signal,01 - Functioning,1,0,0,0,,0,,,,,364548.3371,5015172.615,45.27397153,-75.73850905,13080
17--8802,8/31/2017,12:47 AM,BOOTH ST btwn PROVINCIAL BOUNDARY & 208 N OF MIDDLE ST/E.B. EDDY N (__3ZBPMPA),__3ZBPMPA,07 - Overpass or bridge,03 - P.D. only,07 - SMV other,02 - Rain,07 - Dark,02 - Wet,10 - No control,,1,0,0,0,,0,,,,,365991.8125,5031514.814,45.42089188,-75.71809174,13081
17--8803,8/31/2017,12:54 PM,CARLING AVE @ MAITLAND AVE/SHERBOURNE RD (0002641),2641,02 - Intersection related,03 - P.D. only,04 - Sideswipe,01 - Clear,01 - Daylight,01 - Dry,01 - Traffic signal,00 - Unknown,2,0,0,0,,0,,,,,362942.7488,5026488.549,45.37592641,-75.75764174,13082
17--8804,8/31/2017,2:02 PM,EAGLESON RD @ HAZELDEAN RD/ROBERTSON RD (0002715),2715,03 - At intersection,03 - P.D. only,03 - Rear end,01 - Clear,01 - Daylight,01 - Dry,01 - Traffic signal,01 - Functioning,2,0,0,0,,0,,,,,353674.2908,5018424.238,45.3040703,-75.87676898,13083
17--8805,8/31/2017,2:06 PM,EAGLESON RD @ PALOMINO DR S/ROTHESAY DR (0003134),3134,02 - Intersection related,03 - P.D. only,03 - Rear end,01 - Clear,01 - Daylight,01 - Dry,01 - Traffic signal,01 - Functioning,2,0,0,0,,0,,,,,354123.152,5017289.776,45.2938308,-75.87115843,13084
17--8806,8/31/2017,2:57 PM,BASELINE RD @ WOODROFFE AVE (0002225),2225,02 - Intersection related,03 - P.D. only,03 - Rear end,01 - Clear,01 - Daylight,01 - Dry,01 - Traffic signal,00 - Unknown,2,0,0,0,,0,,,,,362551.0465,5023771.592,45.35151188,-75.76296005,13085
17--8807,8/31/2017,2:58 PM,LAURIER AVE @ NICHOLAS ST (0010711),10711,02 - Intersection related,03 - P.D. only,03 - Rear end,01 - Clear,01 - Daylight,01 - Dry,01 - Traffic signal,00 - Unknown,2,0,0,0,,0,,,,,368372.9711,5031797.16,45.42322001,-75.68763191,13086
17--8808,8/31/2017,3:19 PM,KENT ST @ LAURIER AVE (0002222),2222,03 - At intersection,02 - Non-fatal injury,05 - Turning movement,01 - Clear,01 - Daylight,01 - Dry,01 - Traffic signal,01 - Functioning,2,1,0,0,02 - Minor,1,,1,,,367316.2211,5031164.828,45.41762572,-75.7012145,13087
17--8809,8/31/2017,3:23 PM,BESSERER ST @ WALLER ST (0008859),8859,03 - At intersection,03 - P.D. only,04 - Sideswipe,01 - Clear,01 - Daylight,01 - Dry,01 - Traffic signal,01 - Functioning,2,0,0,0,,0,,,,,368315.6221,5032192.28,45.42678037,-75.68831372,13088
17--881,1/21/2017,2:52 PM,PINEWOOD CRES btwn HARWOOD AVE & HENLEY ST (__3ZABU1),__3ZABU1,04 - At/near private drive,03 - P.D. only,99 - Other,01 - Clear,01 - Daylight,02 - Wet,10 - No control,,2,0,0,0,,0,,,,,360396.5153,5024107.416,45.35470774,-75.79041704,13089
17--8810,8/31/2017,3:55 PM,BANK ST @ RIVERSIDE DR N (0010778),10778,02 - Intersection related,03 - P.D. only,03 - Rear end,01 - Clear,01 - Daylight,01 - Dry,01 - Traffic signal,01 - Functioning,2,0,0,0,,0,,,,,369226.1938,5027983.785,45.38883052,-75.67722839,13090
17--8811,8/31/2017,4:04 PM,UPLANDS DR @ AIRPORT PKWY RAMP 35 (0009397),9397,03 - At intersection,02 - Non-fatal injury,05 - Turning movement,01 - Clear,01 - Daylight,01 - Dry,01 - Traffic signal,01 - Functioning,2,0,1,0,02 - Minor,1,,1,,,371124.3946,5021374.51,45.32918523,-75.6538764,13091
17--8812,8/31/2017,4:31 PM,SHAWONDASEE ST btwn TEMPEST DR & TEMPEST DR (__6XLDFH),__6XLDFH,04 - At/near private drive,03 - P.D. only,06 - SMV unattended vehicle,01 - Clear,01 - Daylight,01 - Dry,10 - No control,,1,0,0,0,,0,,,,,350406.2006,5016187.011,45.28415886,-75.91864623,13092
17--8813,8/31/2017,4:45 PM,CATHCART ST @ KING EDWARD AVE NB (0013340),13340,02 - Intersection related,03 - P.D. only,05 - Turning movement,01 - Clear,01 - Daylight,01 - Dry,02 - Stop sign,00 - Unknown,2,0,0,0,,0,,,,,368093.703,5033120.829,45.43515524,-75.69103005,13093
17--8814,8/31/2017,4:52 PM,CEDARWOOD DR @ WALKLEY RD (0002235),2235,02 - Intersection related,03 - P.D. only,03 - Rear end,01 - Clear,01 - Daylight,01 - Dry,01 - Traffic signal,01 - Functioning,3,0,0,0,,0,,,,,371194.7286,5026454.814,45.37488955,-75.65229705,13094
17--8815,8/31/2017,5:09 PM,HIGHWAY 417 btwn HWY417 IC121A RAMP16 & HWY417 IC121A RAMP61 (__3ZA2YY),__3ZA2YY,01 - Non intersection,03 - P.D. only,03 - Rear end,01 - Clear,01 - Daylight,01 - Dry,10 - No control,,2,0,0,0,,0,,,,,367450.2612,5029843.781,45.40572735,-75.69966992,13095
17--8816,8/31/2017,5:12 PM,BANK ST btwn CAHILL DR & TURN LANE (1) (__3ZA3HV),__3ZA3HV,04 - At/near private drive,03 - P.D. only,05 - Turning movement,01 - Clear,01 - Daylight,01 - Dry,10 - No control,,2,0,0,0,,0,,,,,371534.1311,5024118.734,45.35383807,-75.64827966,13096
17--8817,8/31/2017,5:24 PM,ST. JOSEPH BLVD @ JEANNE D'ARC BLVD (0012421),12421,03 - At intersection,03 - P.D. only,04 - Sideswipe,01 - Clear,01 - Daylight,01 - Dry,11 - Roundabout,01 - Functioning,2,0,0,0,,0,,,,,379860.2691,5036471.818,45.4641409,-75.5401474,13097
17--8818,8/31/2017,5:46 PM,CATHERINE ST @ KENT ST (0002707),2707,03 - At intersection,02 - Non-fatal injury,05 - Turning movement,01 - Clear,01 - Daylight,01 - Dry,01 - Traffic signal,01 - Functioning,2,0,0,0,02 - Minor,1,,1,,,367907.2296,5030187.848,45.40878211,-75.69378888,13098
17--8819,8/31/2017,6:32 PM,MARCH RD @ TALL FOREST DR E (0005758),5758,03 - At intersection,03 - P.D. only,02 - Angle,01 - Clear,01 - Daylight,01 - Dry,02 - Stop sign,01 - Functioning,2,0,0,0,,0,,,,,343831.1002,5023266.753,45.34826096,-76.00189943,13099
17--882,1/21/2017,3:01 PM,BORRISOKANE RD/TARTAN DR @ STRANDHERD DR (0010634),10634,02 - Intersection related,03 - P.D. only,03 - Rear end,01 - Clear,01 - Daylight,02 - Wet,01 - Traffic signal,01 - Functioning,2,0,0,0,,0,,,,,362291.2126,5013545.408,45.25951798,-75.76746199,13100
17--8820,8/31/2017,6:35 PM,MONTREAL RD btwn BLAIR RD & CLOVELLY RD (__3ZA2D1),__3ZA2D1,04 - At/near private drive,03 - P.D. only,03 - Rear end,01 - Clear,01 - Daylight,01 - Dry,10 - No control,,2,0,0,0,,0,,,,,374068.7768,5034433.591,45.44640039,-75.61448541,13101
17--8821,8/31/2017,6:45 PM,JEANNE D'ARC BLVD  S btwn SAPINIER ST & INNES RD (__3ZA3Y3),__3ZA3Y3,01 - Non intersection,03 - P.D. only,03 - Rear end,01 - Clear,01 - Daylight,01 - Dry,10 - No control,,2,0,0,0,,0,,,,,382632.1491,5035584.877,45.45585763,-75.50484695,13102
17--8822,8/31/2017,6:46 PM,VANIER PKWY/CRICHTON ST @ BEECHWOOD AVE/ST. PA (0001604),1604,02 - Intersection related,03 - P.D. only,04 - Sideswipe,01 - Clear,01 - Daylight,01 - Dry,01 - Traffic signal,01 - Functioning,2,0,0,0,,0,,,,,369127.6262,5033487.324,45.43835847,-75.67776873,13103
17--8823,8/31/2017,6:59 AM,PARKDALE AVE @ KENILWORTH ST (0006366),6366,03 - At intersection,03 - P.D. only,05 - Turning movement,01 - Clear,01 - Daylight,01 - Dry,02 - Stop sign,01 - Functioning,2,0,0,0,,0,,,,,365446.6466,5028594.367,45.39466188,-75.72541647,13104
17--8824,8/31/2017,7:14 PM,STRANDHERD BRIDGE (VIMY MEMORIAL BRIDGE) btwn PRINCE OF WALES DR & RIVER RD (e___2H44),e___2H44,01 - Non intersection,02 - Non-fatal injury,03 - Rear end,01 - Clear,01 - Daylight,01 - Dry,10 - No control,,2,0,0,0,01 - Minimal,3,3,,,,367272.058,5014790.149,45.27029342,-75.70384671,13105
17--8825,8/31/2017,7:15 PM,INNES RD btwn BELCOURT BLVD & 260 E OF BELCOURT BLVD/WALMART SC (__3ZA3JWA),__3ZA3JWA,01 - Non intersection,03 - P.D. only,04 - Sideswipe,01 - Clear,01 - Daylight,01 - Dry,10 - No control,,2,0,0,0,,0,,,,,382321.9435,5035386.365,45.45410607,-75.5088439,13106
17--8826,8/31/2017,7:40 AM,KING EDWARD AVE @ ST. PATRICK ST (0002714),2714,02 - Intersection related,03 - P.D. only,04 - Sideswipe,01 - Clear,01 - Daylight,01 - Dry,01 - Traffic signal,01 - Functioning,2,1,0,0,,0,,,,,368248.7443,5032823.65,45.43246728,-75.68908694,13107
17--8827,8/31/2017,7:51 PM,RIVERSIDE DR @ SMYTH RD SOUTH SIDE RAMP (0011480),11480,03 - At intersection,02 - Non-fatal injury,05 - Turning movement,01 - Clear,05 - Dusk,01 - Dry,01 - Traffic signal,01 - Functioning,2,0,0,0,02 - Minor,3,,3,,,369789.4482,5028997.307,45.39789781,-75.66990246,13108
17--8828,8/31/2017,8:21 AM,ATHLONE AVE btwn SCOTT ST & RICHMOND RD (__3ZA0KB),__3ZA0KB,01 - Non intersection,02 - Non-fatal injury,07 - SMV other,01 - Clear,01 - Daylight,01 - Dry,10 - No control,,1,0,0,1,01 - Minimal,1,1,,,,363445.1688,5028460.727,45.3936299,-75.75099315,13109
17--8829,8/31/2017,8:50 AM,HIGHWAY 417 btwn HWY417 IC138 RAMP61 & HWY417 IC134 RAMP36 (__3ZA20I),__3ZA20I,01 - Non intersection,02 - Non-fatal injury,04 - Sideswipe,01 - Clear,01 - Daylight,01 - Dry,10 - No control,,2,0,0,0,01 - Minimal,1,1,,,,355460.5994,5021717.705,45.33357885,-75.85365506,13110
17--938,1/23/2017,7:34 PM,GLADSTONE AVE @ KENT ST (0002251),2251,03 - At intersection,03 - P.D. only,05 - Turning movement,01 - Clear,07 - Dark,01 - Dry,01 - Traffic signal,01 - Functioning,2,0,0,0,,0,,,,,367744.7042,5030459.299,45.41123918,-75.69583032,13111
17--9380,9/15/2017,11:16 AM,REGIONAL ROAD 174 EB btwn HWY417 IC113 RAMP65 & OR174 BLAIR IC112 RAMP51 (__3ZAZFJ),__3ZAZFJ,01 - Non intersection,03 - P.D. only,03 - Rear end,01 - Clear,01 - Daylight,01 - Dry,10 - No control,,2,0,0,0,,0,,,,,374140.9506,5032323.78,45.4274103,-75.61386006,13112
17--9381,9/15/2017,11:39 PM,MISS OTTAWA ST @ MONTREAL RD (0012424),12424,02 - Intersection related,03 - P.D. only,03 - Rear end,01 - Clear,07 - Dark,01 - Dry,01 - Traffic signal,01 - Functioning,2,0,0,0,,0,,,,,375797.7278,5034649.78,45.44817206,-75.5923545,13113
17--9382,9/15/2017,11:41 AM,HIGHWAY 417 btwn HWY417 IC117 RAMP61 & HWY417 IC115 RAMP36 (__3ZA2RZ),__3ZA2RZ,01 - Non intersection,02 - Non-fatal injury,03 - Rear end,01 - Clear,01 - Daylight,01 - Dry,10 - No control,,2,0,0,0,01 - Minimal,1,1,,,,371860.3709,5031453.757,45.4198046,-75.64311975,13114
17--9383,9/15/2017,Unknown,GOLDENEYE WAY btwn NAKINA WAY & NORTH BLUFF DR (__4CPJI3),__4CPJI3,04 - At/near private drive,03 - P.D. only,06 - SMV unattended vehicle,01 - Clear,00 - Unknown,01 - Dry,10 - No control,,1,0,0,0,,0,,,,,369426.9437,5016265.659,45.28337513,-75.67619524,13115
17--9384,9/15/2017,Unknown,TERREBONNE DR btwn MARYGROVE CIRC & MAITLAND AVE (__3ZBOKK),__3ZBOKK,01 - Non intersection,03 - P.D. only,06 - SMV unattended vehicle,01 - Clear,00 - Unknown,01 - Dry,10 - No control,,1,0,0,0,,0,,,,,364011.5135,5025059.843,45.36298162,-75.74416833,13116
17--9385,9/15/2017,12:05 PM,CYR AVE @ MCARTHUR AVE (0009813),9813,03 - At intersection,03 - P.D. only,99 - Other,01 - Clear,01 - Daylight,01 - Dry,02 - Stop sign,01 - Functioning,2,0,0,0,,0,,,,,370355.6584,5032708.351,45.43123554,-75.66217751,13117
17--9386,9/15/2017,12:09 AM,BANK ST btwn ORVILLE KEMP ST & LEITRIM RD (__3ZA28B),__3ZA28B,01 - Non intersection,03 - P.D. only,07 - SMV other,01 - Clear,07 - Dark,01 - Dry,10 - No control,,1,0,0,0,,0,,,,,375261.7155,5021853.553,45.33309229,-75.60103329,13118
17--9387,9/15/2017,12:14 PM,DWYER HILL RD @ ROGER STEVENS DR (0003690),3690,03 - At intersection,02 - Non-fatal injury,02 - Angle,01 - Clear,01 - Daylight,01 - Dry,02 - Stop sign,01 - Functioning,2,0,0,0,02 - Minor,3,,3,,,354336.0686,4989351.035,45.04241144,-75.87121622,13119
17--9388,9/15/2017,12:25 PM,MCARTHUR AVE @ OLMSTEAD ST (0009808),9808,02 - Intersection related,03 - P.D. only,03 - Rear end,01 - Clear,01 - Daylight,01 - Dry,01 - Traffic signal,01 - Functioning,2,0,0,0,,0,,,,,370483.6648,5032724.306,45.43136708,-75.66053959,13120
17--9389,9/15/2017,12:28 PM,KING EDWARD AVE @ ST. PATRICK ST (0002714),2714,02 - Intersection related,02 - Non-fatal injury,03 - Rear end,01 - Clear,01 - Daylight,01 - Dry,01 - Traffic signal,01 - Functioning,2,0,0,0,02 - Minor,1,,1,,,368250.135,5032823.828,45.43246876,-75.68906914,13121
17--939,1/23/2017,7:45 AM,JEANNE D'ARC BLVD  N btwn VINEYARD DR & VOYAGEUR DR (__3ZA68P),__3ZA68P,01 - Non intersection,03 - P.D. only,03 - Rear end,01 - Clear,03 - Dawn,01 - Dry,10 - No control,,2,0,0,0,,0,,,,,379216.7823,5037448.017,45.47299284,-75.54822718,13122
17--9390,9/15/2017,12:54 PM,MAIN ST btwn LEES AVE & EVELYN AVE (__3ZA3P9),__3ZA3P9,04 - At/near private drive,03 - P.D. only,05 - Turning movement,01 - Clear,01 - Daylight,01 - Dry,10 - No control,,2,0,0,0,,0,,,,,369003.1153,5030555.205,45.41198779,-75.67974224,13123
17--9391,9/15/2017,2:06 PM,BRONSON AVE @ POWELL AVE (0007212),7212,02 - Intersection related,03 - P.D. only,04 - Sideswipe,01 - Clear,01 - Daylight,01 - Dry,01 - Traffic signal,00 - Unknown,2,0,0,0,,0,,,,,367386.9231,5029476.497,45.4024283,-75.70052557,13124
17--9392,9/15/2017,2:08 PM,GLOUCESTER ST @ METCALFE ST (0006945),6945,02 - Intersection related,03 - P.D. only,06 - SMV unattended vehicle,01 - Clear,01 - Daylight,01 - Dry,01 - Traffic signal,00 - Unknown,1,0,0,0,,0,,,,,367834.6057,5031386.803,45.41957647,-75.69456323,13125
17--9393,9/15/2017,2:24 PM,HAZELDEAN RD @ EDGEWATER ST (0003176),3176,03 - At intersection,03 - P.D. only,02 - Angle,01 - Clear,01 - Daylight,01 - Dry,01 - Traffic signal,01 - Functioning,2,0,0,0,,0,,,,,352324.5615,5017352.64,45.29452042,-75.89408208,13126
17--9394,9/15/2017,3:27 PM,REGIONAL RD 174 EB @ OR174 IC109 RAMP55 (0012403),12403,02 - Intersection related,03 - P.D. only,03 - Rear end,01 - Clear,01 - Daylight,01 - Dry,10 - No control,00 - Unknown,2,0,0,0,,0,,,,,376461.3314,5034962.551,45.45091845,-75.58382642,13127
17--9395,9/15/2017,3:30 PM,VIEWMOUNT DR @ MERIVALE RD (0001528),1528,02 - Intersection related,02 - Non-fatal injury,03 - Rear end,01 - Clear,01 - Daylight,01 - Dry,01 - Traffic signal,00 - Unknown,2,0,0,0,01 - Minimal,2,2,,,,365193.2502,5022948.719,45.34388522,-75.72934276,13128
17--9396,9/15/2017,3:35 PM,GREENBANK RD btwn WEST HUNT CLUB RD & FALLOWFIELD RD (__3ZA1NE),__3ZA1NE,01 - Non intersection,03 - P.D. only,07 - SMV other,01 - Clear,01 - Daylight,01 - Dry,10 - No control,,1,0,0,0,,0,,,,,362672.5078,5017668.291,45.29658458,-75.76212334,13129
17--9397,9/15/2017,3:42 PM,MONTREAL RD @ DEN HAAG DR/LANG'S RD (0010798),10798,02 - Intersection related,03 - P.D. only,03 - Rear end,01 - Clear,01 - Daylight,01 - Dry,01 - Traffic signal,01 - Functioning,2,0,0,0,,0,,,,,372386.718,5034221.82,45.44465965,-75.63601503,13130
17--9398,9/15/2017,3:54 PM,HWY 416 WESTHUNT IC72R34 @ WEST HUNT CLUB RD (0005218),5218,02 - Intersection related,03 - P.D. only,03 - Rear end,01 - Clear,01 - Daylight,01 - Dry,01 - Traffic signal,01 - Functioning,2,0,0,0,,0,,,,,359371.4621,5019361.228,45.31208191,-75.80402221,13131
17--9399,9/15/2017,5:00 PM,BOUNDARY RD @ CARTWRIGHT RD (0001648),1648,03 - At intersection,03 - P.D. only,02 - Angle,01 - Clear,01 - Daylight,01 - Dry,02 - Stop sign,01 - Functioning,2,0,0,0,,0,,,,,390900.0926,5014587.157,45.26597137,-75.40281052,13132
17--94,1/3/2017,8:44 PM,HIGHWAY 417 btwn HWY417 IC122 RAMP51 & HWY417 IC122 RAMP15 (__3ZA2R0),__3ZA2R0,01 - Non intersection,02 - Non-fatal injury,07 - SMV other,04 - Freezing Rain,07 - Dark,02 - Wet,10 - No control,,1,0,0,0,02 - Minor,1,,1,,,365368.1898,5028894.327,45.39736764,-75.72638161,13133
17--940,1/23/2017,7:48 AM,REGIONAL ROAD 174 btwn OR174 IC105 RAMP63 & OR174 IC102 RAMP36 (__3ZA27F),__3ZA27F,01 - Non intersection,03 - P.D. only,03 - Rear end,01 - Clear,03 - Dawn,06 - Ice,10 - No control,,2,0,0,0,,0,,,,,380605.1974,5037709.922,45.47519992,-75.53043181,13134
17--9400,9/15/2017,5:30 PM,MONTREAL RD btwn MONTGOMERY ST & PALACE ST (__3ZA3KD),__3ZA3KD,01 - Non intersection,03 - P.D. only,07 - SMV other,01 - Clear,01 - Daylight,01 - Dry,10 - No control,,1,0,0,0,,0,,,,,369900.5979,5032965.943,45.43359575,-75.66795865,13135
17--9401,9/15/2017,5:35 AM,REGIONAL ROAD 174 btwn OR174 IC101 RAMP61 & TRIM RD (__3ZA11N),__3ZA11N,01 - Non intersection,03 - P.D. only,07 - SMV other,01 - Clear,07 - Dark,01 - Dry,10 - No control,,1,0,0,0,,0,,,,,383525.8518,5039430.878,45.49036032,-75.4928057,13136
17--9402,9/15/2017,6:06 PM,MANOTICK MAIN ST btwn BEAVERWOOD RD & CURRIER ST (__3ZA39J),__3ZA39J,04 - At/near private drive,03 - P.D. only,06 - SMV unattended vehicle,01 - Clear,01 - Daylight,01 - Dry,10 - No control,,1,0,0,0,,0,,,,,368980.7503,5009686.441,45.22421682,-75.68273191,13137
17--9403,9/15/2017,6:12 PM,NICHOLAS ST NB btwn LAURIER AVE E & WALLER ST (__5D2DO8),__5D2DO8,01 - Non intersection,02 - Non-fatal injury,03 - Rear end,01 - Clear,01 - Daylight,01 - Dry,10 - No control,,3,0,0,0,02 - Minor,1,,1,,,368490.7218,5031711.054,45.42243455,-75.68613851,13138
17--9404,9/15/2017,7:01 PM,VIEWMOUNT DR @ MERIVALE RD (0001528),1528,03 - At intersection,03 - P.D. only,04 - Sideswipe,01 - Clear,01 - Daylight,01 - Dry,01 - Traffic signal,01 - Functioning,2,0,0,0,,0,,,,,365193.6971,5022948.734,45.34388532,-75.72933706,13139
17--9405,9/15/2017,7:12 AM,COBOURG ST @ ST. PATRICK ST (0011483),11483,02 - Intersection related,03 - P.D. only,03 - Rear end,01 - Clear,01 - Daylight,01 - Dry,01 - Traffic signal,01 - Functioning,2,0,0,0,,0,,,,,368801.9706,5033234.442,45.43611302,-75.68196369,13140
17--9406,9/15/2017,7:42 PM,CARLING AVE @ CROYDON AVE (0002642),2642,03 - At intersection,03 - P.D. only,05 - Turning movement,01 - Clear,07 - Dark,01 - Dry,01 - Traffic signal,01 - Functioning,2,0,0,0,,0,,,,,360659.1585,5025041.801,45.36309443,-75.78695956,13141
17--9407,9/15/2017,7:45 AM,RICHMOND RD @ HOLLY ACRES RD/NANAIMO DR (0001068),1068,02 - Intersection related,03 - P.D. only,03 - Rear end,01 - Clear,01 - Daylight,01 - Dry,01 - Traffic signal,01 - Functioning,2,0,0,0,,0,,,,,359059.1185,5022747.379,45.34257487,-75.80763429,13142
17--9408,9/15/2017,7:50 PM,EARL ARMSTRONG RD @ BOWESVILLE RD (0009411),9411,02 - Intersection related,03 - P.D. only,02 - Angle,01 - Clear,05 - Dusk,01 - Dry,02 - Stop sign,01 - Functioning,2,0,0,0,,0,,,,,372560.7854,5017440.465,45.29365063,-75.6360919,13143
17--9409,9/15/2017,7:55 AM,ALBION RD btwn DEL ZOTTO AVE & HIGH RD (__3ZBOF9),__3ZBOF9,01 - Non intersection,02 - Non-fatal injury,03 - Rear end,01 - Clear,01 - Daylight,01 - Dry,10 - No control,,3,0,0,0,02 - Minor,2,,2,,,373998.3192,5019236.637,45.30967192,-75.61751569,13144
17--941,1/23/2017,7:59 AM,EAGLESON RD btwn FAULKNER TR & FALLOWFIELD RD (__3ZA410),__3ZA410,04 - At/near private drive,03 - P.D. only,01 - Approaching,04 - Freezing Rain,01 - Daylight,06 - Ice,10 - No control,,2,0,0,0,,0,,,,,355742.6493,5013146.291,45.2564313,-75.85093727,13145
17--9410,9/15/2017,8:07 PM,NICHOLAS ST NB btwn HWY417 IC118 RAMP52 & WALLER ST/TRANSITWAY (__6KCFNL),__6KCFNL,01 - Non intersection,03 - P.D. only,04 - Sideswipe,01 - Clear,07 - Dark,01 - Dry,10 - No control,,2,0,0,0,,0,,,,,368614.9751,5031618.819,45.42159332,-75.68456287,13146
17--9411,9/15/2017,8:08 AM,SCOTT ST btwn CAROLINE AVE & HURON AVE N (__3ZA3ZE),__3ZA3ZE,01 - Non intersection,02 - Non-fatal injury,04 - Sideswipe,01 - Clear,01 - Daylight,01 - Dry,10 - No control,,2,0,0,0,02 - Minor,1,,1,,,364654.8425,5029545.881,45.40329154,-75.73541307,13147
17--9412,9/15/2017,8:53 PM,ANGLEHART AVE btwn WOODHAVEN HGTS & DES ARBRES ST (__3ZA6Q8),__3ZA6Q8,01 - Non intersection,03 - P.D. only,06 - SMV unattended vehicle,01 - Clear,07 - Dark,01 - Dry,10 - No control,,1,0,0,0,,0,,,,,383042.9266,5036153.774,45.4609302,-75.49950508,13148
17--9413,9/15/2017,8:56 AM,"MONTREAL RD btwn EGLISE, RUE DE L & ST. LAURENT BLVD (__3ZA3ML)",__3ZA3ML,01 - Non intersection,03 - P.D. only,04 - Sideswipe,01 - Clear,01 - Daylight,01 - Dry,10 - No control,,3,0,0,0,,0,,,,,371248.4206,5033677.849,45.43987439,-75.65063811,13149
17--9414,9/15/2017,9:00 AM,METCALFE ST @ NEPEAN ST (0006944),6944,02 - Intersection related,03 - P.D. only,06 - SMV unattended vehicle,01 - Clear,01 - Daylight,01 - Dry,01 - Traffic signal,00 - Unknown,1,0,0,0,,0,,,,,367875.0442,5031319.906,45.41897091,-75.69405514,13150
17--9415,9/16/2017,10:00 AM,PERTH ST btwn GAMBLE DR & SHEA RD (__3ZA42H),__3ZA42H,04 - At/near private drive,03 - P.D. only,02 - Angle,01 - Clear,01 - Daylight,01 - Dry,10 - No control,,2,0,0,0,,0,,,,,357510.8418,5006956.811,45.20060659,-75.82906573,13151
17--9416,9/16/2017,10:02 AM,FALLOWFIELD RD @ WOODROFFE AVE (0010372),10372,02 - Intersection related,03 - P.D. only,05 - Turning movement,01 - Clear,01 - Daylight,01 - Dry,01 - Traffic signal,01 - Functioning,2,0,0,0,,0,,,,,365085.15,5017903.427,45.29849746,-75.7313362,13152
17--9417,9/16/2017,10:02 PM,HIGHWAY 417 btwn HWY417 IC118 RAMP67 & HWY417 IC117 RAMP36 (__3ZA2YO),__3ZA2YO,01 - Non intersection,03 - P.D. only,04 - Sideswipe,01 - Clear,07 - Dark,01 - Dry,10 - No control,,2,0,0,0,,0,,,,,370173.646,5031110.353,45.41687443,-75.66471551,13153
17--9418,9/16/2017,11:24 AM,ST. LAURENT BLVD btwn DUNBARTON CRT & MONTREAL RD (__3ZA3RU),__3ZA3RU,01 - Non intersection,03 - P.D. only,04 - Sideswipe,01 - Clear,01 - Daylight,01 - Dry,10 - No control,,2,0,0,0,,0,,,,,371504.9973,5033909.047,45.44193016,-75.64732751,13154
17--9419,9/16/2017,11:28 PM,WINLOCK CRES btwn ELVASTON AVE & ELVASTON AVE (__3ZBNFW),__3ZBNFW,04 - At/near private drive,03 - P.D. only,06 - SMV unattended vehicle,01 - Clear,07 - Dark,01 - Dry,10 - No control,,1,0,0,0,,0,,,,,361603.4719,5021337.495,45.32968736,-75.77533182,13155
17--942,1/23/2017,8:07 PM,PAUL METIVIER DR btwn MOSS GROVE ST & WOODROFFE AVE (__5A5DED),__5A5DED,04 - At/near private drive,03 - P.D. only,99 - Other,01 - Clear,07 - Dark,02 - Wet,10 - No control,,2,0,0,0,,0,,,,,366287.9278,5014838.996,45.27081968,-75.71638138,13156
17--9420,9/16/2017,12:10 PM,WOODROFFE AVE btwn MEADOWLANDS DR/TALLWOOD DR & NORICE ST (__3ZBOCG),__3ZBOCG,01 - Non intersection,02 - Non-fatal injury,03 - Rear end,01 - Clear,01 - Daylight,01 - Dry,10 - No control,,3,0,0,0,01 - Minimal,5,5,,,,363105.913,5022605.046,45.34096949,-75.75601675,13157
17--9421,9/16/2017,12:45 PM,ABBOTT ST @ STITTSVILLE MAIN ST (0000082),82,02 - Intersection related,03 - P.D. only,99 - Other,01 - Clear,01 - Daylight,01 - Dry,01 - Traffic signal,01 - Functioning,2,0,0,0,,0,,,,,350248.5843,5013330.939,45.25846917,-75.92091672,13158
17--9422,9/16/2017,12:50 PM,AVONDALE AVE @ MELBOURNE AVE (0006172),6172,03 - At intersection,03 - P.D. only,02 - Angle,01 - Clear,01 - Daylight,01 - Dry,02 - Stop sign,01 - Functioning,2,0,0,0,,0,,,,,363388.735,5027520.776,45.38517709,-75.75182544,13159
17--9423,9/16/2017,12:52 PM,RICHARDSON SIDE RD btwn DAVID MANCHESTER RD & WILLIAM MOONEY RD (__3ZAC5W),__3ZAC5W,01 - Non intersection,02 - Non-fatal injury,07 - SMV other,01 - Clear,01 - Daylight,01 - Dry,10 - No control,,1,0,1,0,03 - Major,1,,,1,,344393.6584,5015481.129,45.27817142,-75.99534273,13160