Anom_ID,Accident_Date,Accident_Time,Location,Geo_ID,Accident_Location,Classification_of_Accident,Initial_Impact_Type,Environment_Condition,Light,Road_Surface_Condition,Traffic_Control,Traffic_Control_Condition,No__of_Vehicles,No__of_Bicycles,No__of_Motorcycles,No__of_Pedestrians,Max_Injury,No__of_Injuries,No__of_Minimal,No__of_Minor,No__of_Major,No__of_Fatal,X,Y,Latitude,Longitude,ObjectId
17--9424,9/16/2017,2:26 PM,CHARLEMAGNE BLVD @ ORCHARDVIEW AVE (0004812),4812,02 - Intersection related,02 - Non-fatal injury,07 - SMV other,01 - Clear,01 - Daylight,01 - Dry,02 - Stop sign,01 - Functioning,1,0,1,0,02 - Minor,1,,1,,,384506.3098,5037241.458,45.47055074,-75.48061932,13161
17--9425,9/16/2017,2:34 PM,ALBERT ST @ O'CONNOR ST (0002116),2116,03 - At intersection,03 - P.D. only,04 - Sideswipe,01 - Clear,01 - Daylight,01 - Dry,01 - Traffic signal,01 - Functioning,2,0,0,0,,0,,,,,367538.2246,5031521.29,45.42081318,-75.6983328,13162
17--9426,9/16/2017,2:53 PM,BASELINE RD @ ERINDALE DR (0003209),3209,03 - At intersection,02 - Non-fatal injury,02 - Angle,01 - Clear,01 - Daylight,01 - Dry,02 - Stop sign,01 - Functioning,2,1,0,0,02 - Minor,2,,2,,,363857.2187,5024575.759,45.35863891,-75.74619557,13163
17--9427,9/16/2017,2:57 AM,HWY417 IC144 RAMP61 btwn HWY417 IC144 RAMP63 & HIGHWAY 417 (__3ZAY8I),__3ZAY8I,01 - Non intersection,03 - P.D. only,07 - SMV other,01 - Clear,07 - Dark,01 - Dry,10 - No control,,1,0,0,0,,0,,,,,347731.8749,5016179.013,45.28425532,-75.95273562,13164
17--9428,9/16/2017,2:57 PM,HIGHWAY 417 btwn HWY417 IC126 RAMP25 & HWY417 IC124 RAMP57 (__3ZA2R5),__3ZA2R5,01 - Non intersection,02 - Non-fatal injury,03 - Rear end,01 - Clear,01 - Daylight,01 - Dry,10 - No control,,2,0,0,0,02 - Minor,1,,1,,,363598.3694,5026414.034,45.37520123,-75.74928046,13165
17--9429,9/16/2017,2:59 AM,ANDERSON RD btwn RUSSELL RD & HWY417 IC104 RAMP61 (__3ZA2CK),__3ZA2CK,01 - Non intersection,03 - P.D. only,07 - SMV other,01 - Clear,07 - Dark,01 - Dry,10 - No control,,1,0,0,0,,0,,,,,379937.9602,5026234.618,45.37202539,-75.54071507,13166
17--943,1/23/2017,8:30 PM,YORK ST WB btwn CUMBERLAND ST & SPLIT (__3ZA82X),__3ZA82X,01 - Non intersection,03 - P.D. only,06 - SMV unattended vehicle,01 - Clear,07 - Dark,01 - Dry,10 - No control,,1,0,0,0,,0,,,,,368225.8705,5032520.987,45.4297461,-75.68941823,13167
17--9430,9/16/2017,3:30 PM,PRESTON ST @ ST. ANTHONY ST (0002165),2165,02 - Intersection related,03 - P.D. only,06 - SMV unattended vehicle,01 - Clear,01 - Daylight,01 - Dry,02 - Stop sign,00 - Unknown,1,0,0,0,,0,,,,,366555.7008,5029561.803,45.40326969,-75.71113176,13168
17--9431,9/16/2017,4:00 PM,MISTRAL WAY btwn SONESTA CIRC & HUNTMAR DR (__67PTPB),__67PTPB,04 - At/near private drive,03 - P.D. only,06 - SMV unattended vehicle,01 - Clear,01 - Daylight,01 - Dry,10 - No control,,1,0,0,0,,0,,,,,350323.6354,5016572.593,45.2876338,-75.91966328,13169
17--9432,9/16/2017,4:05 PM,HIGHWAY 417 btwn HWY417 IC163 RAMP15 & HWY417 IC155 RAMP51 (__3ZAZNS),__3ZAZNS,01 - Non intersection,03 - P.D. only,07 - SMV other,01 - Clear,01 - Daylight,01 - Dry,10 - No control,,1,0,0,0,,0,,,,,335993.827,5020223.047,45.32126461,-76.10210496,13170
17--9433,9/16/2017,4:17 PM,BRIDGE ST/MAPLE AVE @ MANOTICK MAIN ST (0008225),8225,02 - Intersection related,03 - P.D. only,03 - Rear end,01 - Clear,01 - Daylight,01 - Dry,01 - Traffic signal,01 - Functioning,2,0,0,0,,0,,,,,368700.1498,5009932.165,45.22645334,-75.68627313,13171
17--9434,9/16/2017,4:25 PM,ST. JOSEPH BLVD/OLD MONTREAL RD @ TRIM RD (0004118),4118,02 - Intersection related,02 - Non-fatal injury,03 - Rear end,01 - Clear,01 - Daylight,01 - Dry,11 - Roundabout,01 - Functioning,2,0,0,0,01 - Minimal,1,1,,,,384681.2434,5039286.054,45.48892605,-75.47804989,13172
17--9435,9/16/2017,4:40 PM,HIGHWAY 417 btwn HWY417 IC115 RAMP36 & HWY417 IC115 RAMP26 (__3ZA2R4),__3ZA2R4,01 - Non intersection,03 - P.D. only,03 - Rear end,01 - Clear,01 - Daylight,01 - Dry,10 - No control,,2,0,0,0,,0,,,,,372410.5439,5031513.367,45.420288,-75.6360824,13173
17--9436,9/16/2017,5:33 PM,KANATA AVE @ LORD BYNG WAY/MARITIME WAY (0009115),9115,02 - Intersection related,03 - P.D. only,03 - Rear end,01 - Clear,01 - Daylight,01 - Dry,01 - Traffic signal,01 - Functioning,2,0,0,0,,0,,,,,351430.39,5019330.19,45.31237483,-75.90529574,13174
17--9437,9/16/2017,5:52 PM,FRANK KENNY RD btwn COLONIAL RD & HUISMANS RD (__3ZA6US),__3ZA6US,01 - Non intersection,02 - Non-fatal injury,04 - Sideswipe,01 - Clear,01 - Daylight,01 - Dry,10 - No control,,2,1,0,0,02 - Minor,1,,1,,,390553.5491,5031153.705,45.41506366,-75.40435446,13175
17--9438,9/16/2017,6:38 PM,PINECREST RD/HWY 417 PINECRE IC129R63 @ TRANSI (0008264),8264,02 - Intersection related,03 - P.D. only,03 - Rear end,01 - Clear,05 - Dusk,01 - Dry,01 - Traffic signal,01 - Functioning,2,0,0,0,,0,,,,,360387.9398,5023678.324,45.35084746,-75.79057472,13176
17--9439,9/16/2017,6:42 PM,RICHMOND RD @ TWEEDSMUIR AVE (0006681),6681,03 - At intersection,03 - P.D. only,02 - Angle,01 - Clear,01 - Daylight,01 - Dry,02 - Stop sign,01 - Functioning,2,0,0,0,,0,,,,,363519.6925,5028483.26,45.3938264,-75.75003874,13177
17--944,1/23/2017,8:53 PM,JASMINE CRES btwn OGILVIE RD & ARROWSMITH DR (__3ZA7WI),__3ZA7WI,01 - Non intersection,03 - P.D. only,03 - Rear end,01 - Clear,07 - Dark,05 - Packed snow,10 - No control,,2,0,0,0,,0,,,,,375443.8063,5033676.323,45.43944933,-75.59701827,13178
17--9440,9/16/2017,7:00 PM,AIRPORT PKWY @ HUNT CLUB RD (0010856),10856,02 - Intersection related,03 - P.D. only,04 - Sideswipe,01 - Clear,01 - Daylight,01 - Dry,01 - Traffic signal,00 - Unknown,2,0,0,0,,0,,,,,371018.0495,5023704.078,45.35015605,-75.65492116,13179
17--9441,9/16/2017,8:21 PM,NAVAHO DR @ WOODROFFE AVE/TRANSITWAY N BASELIN (0010359),10359,02 - Intersection related,02 - Non-fatal injury,03 - Rear end,01 - Clear,07 - Dark,01 - Dry,01 - Traffic signal,01 - Functioning,2,0,1,0,01 - Minimal,2,2,,,,362705.7685,5023493.985,45.34900124,-75.7610181,13180
17--9442,9/16/2017,8:26 PM,DONALD ST @ VANIER PKWY (0007644),7644,03 - At intersection,03 - P.D. only,05 - Turning movement,01 - Clear,07 - Dark,01 - Dry,01 - Traffic signal,01 - Functioning,2,0,0,0,,0,,,,,370312.1865,5032269.875,45.42729439,-75.66279136,13181
17--9443,9/16/2017,9:39 PM,LAFONTAINE AVE @ MCARTHUR AVE (0009806),9806,03 - At intersection,02 - Non-fatal injury,07 - SMV other,01 - Clear,07 - Dark,01 - Dry,01 - Traffic signal,01 - Functioning,1,0,0,1,02 - Minor,1,,1,,,370949.7272,5032771.702,45.4317496,-75.65457743,13182
17--9444,9/16/2017,9:45 AM,HIGHWAY 417 btwn HWY417 IC120B RAMP36 & HWY417 IC119B RAMP76 (__3ZA2YU),__3ZA2YU,01 - Non intersection,03 - P.D. only,04 - Sideswipe,01 - Clear,01 - Daylight,01 - Dry,10 - No control,,2,0,0,0,,0,,,,,367738.366,5029986.763,45.40698802,-75.69597161,13183
17--9445,9/17/2017,1:15 PM,HIGHWAY 417 btwn HWY417 IC122 RAMP16 & HWY417 IC122 RAMP61 (__3ZA2RA),__3ZA2RA,01 - Non intersection,02 - Non-fatal injury,04 - Sideswipe,01 - Clear,01 - Daylight,01 - Dry,10 - No control,,2,0,0,0,01 - Minimal,1,1,,,,365241.2737,5028823.643,45.39674261,-75.72801118,13184
17--9446,9/17/2017,1:27 PM,EARL GREY DR btwn 175 S OF KANATA AVE/WALMART SC & KANATA AVE (__3ZBPJBA),__3ZBPJBA,04 - At/near private drive,03 - P.D. only,03 - Rear end,01 - Clear,01 - Daylight,01 - Dry,10 - No control,,2,0,0,0,,0,,,,,350953.6658,5019171.155,45.31097529,-75.91139017,13185
17--9447,9/17/2017,1:55 PM,ALPINE AVE btwn CARLING AVE & ELMHURST ST (__3ZBNG7),__3ZBNG7,01 - Non intersection,03 - P.D. only,06 - SMV unattended vehicle,01 - Clear,01 - Daylight,01 - Dry,10 - No control,,1,0,0,0,,0,,,,,360534.7764,5024842.598,45.36131191,-75.78856964,13186
17--9448,9/17/2017,11:02 AM,MARCH RD btwn MURPHY CRT & MAXWELL RD (__3ZA3DH),__3ZA3DH,04 - At/near private drive,02 - Non-fatal injury,05 - Turning movement,01 - Clear,01 - Daylight,01 - Dry,10 - No control,,2,0,0,0,03 - Major,2,1,,1,,347876.4426,5025576.374,45.3688067,-75.95007526,13187
17--9449,9/17/2017,11:30 AM,BLAIR RD @ OGILVIE RD (0004120),4120,02 - Intersection related,03 - P.D. only,03 - Rear end,01 - Clear,01 - Daylight,01 - Dry,01 - Traffic signal,01 - Functioning,2,0,0,0,,0,,,,,374508.2016,5033197.38,45.43523398,-75.60904369,13188
17--945,1/23/2017,8:53 PM,OGILVIE RD btwn JASMINE CRES & ELMRIDGE DR (__3ZA2DT),__3ZA2DT,01 - Non intersection,03 - P.D. only,03 - Rear end,01 - Clear,07 - Dark,05 - Packed snow,10 - No control,,2,0,0,0,,0,,,,,375414.0085,5033960.675,45.44201077,-75.5973583,13189
17--9450,9/17/2017,11:33 AM,CAMPEAU DR @ TERRY FOX DR (0008211),8211,03 - At intersection,03 - P.D. only,05 - Turning movement,01 - Clear,01 - Daylight,01 - Dry,01 - Traffic signal,01 - Functioning,2,0,0,0,,0,,,,,350457.0344,5019011.65,45.30957249,-75.9177382,13190
17--9451,9/17/2017,11:51 AM,WEST HUNT CLUB RD @ WOODROFFE AVE (0000576),576,02 - Intersection related,03 - P.D. only,03 - Rear end,01 - Clear,01 - Daylight,01 - Dry,01 - Traffic signal,01 - Functioning,2,0,0,0,,0,,,,,363669.7352,5021246.25,45.32869606,-75.74898463,13191
17--9452,9/17/2017,11:59 AM,CAHILL DR @ HUNT CLUB RD (0011394),11394,02 - Intersection related,03 - P.D. only,03 - Rear end,01 - Clear,01 - Daylight,01 - Dry,01 - Traffic signal,01 - Functioning,2,0,0,0,,0,,,,,372408.6905,5024542.031,45.35756297,-75.63706113,13192
17--9453,9/17/2017,12:07 PM,MONTREAL RD btwn BETHAMY LANE & OGILVIE RD (__3ZA2DX),__3ZA2DX,04 - At/near private drive,03 - P.D. only,04 - Sideswipe,01 - Clear,01 - Daylight,01 - Dry,10 - No control,,2,0,0,0,,0,,,,,375626.0612,5034539.143,45.44719403,-75.59456476,13193
17--9454,9/17/2017,12:41 AM,KILBIRNIE DR btwn GREENBANK RD & KILMARNOCK WAY (__54YKQP),__54YKQP,04 - At/near private drive,03 - P.D. only,06 - SMV unattended vehicle,01 - Clear,07 - Dark,01 - Dry,10 - No control,,1,0,0,0,,0,,,,,365492.8225,5011699.591,45.24264039,-75.72689691,13194
17--9455,9/17/2017,2:20 PM,CAMBRIAN RD/GOLFLINKS DR W @ LONGFIELDS DR (0009702),9702,03 - At intersection,03 - P.D. only,04 - Sideswipe,01 - Clear,01 - Daylight,01 - Dry,11 - Roundabout,00 - Unknown,2,0,0,0,,0,,,,,365381.7424,5013222.255,45.25635091,-75.72812616,13195
17--9456,9/17/2017,2:41 PM,HIGHWAY 417 btwn HWY417 IC119A RAMP75 & HWY417 IC118 RAMP57 (__3ZA2R2),__3ZA2R2,01 - Non intersection,03 - P.D. only,04 - Sideswipe,01 - Clear,01 - Daylight,01 - Dry,10 - No control,,2,0,0,0,,0,,,,,368928.7128,5030685.74,45.41316912,-75.68067573,13196
17--9457,9/17/2017,2:50 PM,MONTREAL RD @ PARK ST (0009794),9794,02 - Intersection related,03 - P.D. only,04 - Sideswipe,01 - Clear,01 - Daylight,01 - Dry,02 - Stop sign,01 - Functioning,2,0,0,0,,0,,,,,370515.1345,5033315.77,45.43668587,-75.6600585,13197
17--9458,9/17/2017,3:17 AM,HWY417 IC112 RAMP66 btwn HIGHWAY 417 & INNES RD (__3ZAY83),__3ZAY83,01 - Non intersection,02 - Non-fatal injury,07 - SMV other,01 - Clear,07 - Dark,01 - Dry,10 - No control,,1,0,0,0,02 - Minor,1,,1,,,374420.9579,5030936.715,45.41490241,-75.61047816,13198
17--9459,9/17/2017,3:45 AM,BLACKLEAF DR @ RANNOCH PRIV/SUNITA CRES S (0014040),14040,02 - Intersection related,03 - P.D. only,06 - SMV unattended vehicle,01 - Clear,07 - Dark,01 - Dry,10 - No control,00 - Unknown,1,0,0,0,,0,,,,,365076.591,5012462.189,45.24953803,-75.73210593,13199
17--946,1/23/2017,8:57 PM,PRINCE OF WALES DR btwn 187 N OF MEADOWLANDS DR & MEADOWLANDS DR/HOG'S (__3ZA36WA),__3ZA36WA,01 - Non intersection,03 - P.D. only,04 - Sideswipe,01 - Clear,07 - Dark,01 - Dry,10 - No control,,2,0,0,0,,0,,,,,367339.9481,5025788.908,45.36925254,-75.7015928,13200
17--9550,9/20/2017,2:57 PM,MERIVALE RD @ SHILLINGTON AVE (0011308),11308,02 - Intersection related,03 - P.D. only,04 - Sideswipe,01 - Clear,01 - Daylight,01 - Dry,01 - Traffic signal,00 - Unknown,2,0,0,0,,0,,,,,364845.1721,5026809.777,45.37865632,-75.73331496,13201
17--9551,9/20/2017,3:30 PM,AIRPORT PKWY @ HUNT CLUB RD (0010856),10856,02 - Intersection related,03 - P.D. only,03 - Rear end,01 - Clear,01 - Daylight,01 - Dry,01 - Traffic signal,01 - Functioning,2,0,0,0,,0,,,,,371019.0059,5023703.715,45.35015269,-75.654909,13202
17--9552,9/20/2017,3:30 PM,GREENBANK RD @ BELLMAN DR/BATEMAN DR (0000153),153,03 - At intersection,02 - Non-fatal injury,05 - Turning movement,01 - Clear,01 - Daylight,01 - Dry,01 - Traffic signal,01 - Functioning,2,0,0,0,01 - Minimal,1,1,,,,361256.8875,5021017.06,45.32683205,-75.77978955,13203
17--9553,9/20/2017,3:30 PM,CARP RD btwn LLOYDALEX CRES & ROTHBOURNE RD (__3ZBOBC),__3ZBOBC,01 - Non intersection,03 - P.D. only,03 - Rear end,01 - Clear,01 - Daylight,01 - Dry,10 - No control,,2,0,0,0,,0,,,,,348181.1755,5014955.504,45.27321815,-75.94711546,13204
17--9554,9/20/2017,3:32 PM,BRITANNIA RD @ CARLING AVE (0002777),2777,02 - Intersection related,03 - P.D. only,99 - Other,01 - Clear,01 - Daylight,01 - Dry,02 - Stop sign,01 - Functioning,2,0,0,0,,0,,,,,360173.7217,5024738.289,45.36040195,-75.79318968,13205
17--9555,9/20/2017,3:49 PM,KIRKWOOD AVE @ RICHMOND RD (0002080),2080,03 - At intersection,03 - P.D. only,05 - Turning movement,01 - Clear,01 - Daylight,01 - Dry,01 - Traffic signal,01 - Functioning,2,0,0,0,,0,,,,,363778.6897,5028641.794,45.39523109,-75.74671219,13206
17--9556,9/20/2017,3:51 PM,VANIER PKWY NB btwn RIVERSIDE DR & HWY417 IC117 RAMP26 (__3ZA4TH),__3ZA4TH,01 - Non intersection,03 - P.D. only,04 - Sideswipe,01 - Clear,01 - Daylight,01 - Dry,10 - No control,,2,0,0,0,,0,,,,,370804.7579,5031327.374,45.41876785,-75.65662355,13207
17--9557,9/20/2017,4:04 PM,UPCOUNTRY DR btwn BAYWOOD DR & HARTSMERE DR (__4BBC27),__4BBC27,01 - Non intersection,02 - Non-fatal injury,07 - SMV other,01 - Clear,01 - Daylight,01 - Dry,10 - No control,,1,0,0,1,02 - Minor,1,,1,,,351006.5734,5011950.983,45.24600247,-75.91138759,13208
17--901,1/22/2017,1:36 AM,ORLEANS BLVD @ ST. JOSEPH BLVD (0004144),4144,02 - Intersection related,02 - Non-fatal injury,07 - SMV other,02 - Rain,07 - Dark,02 - Wet,01 - Traffic signal,01 - Functioning,1,0,0,1,02 - Minor,1,,1,,,380631.195,5036980.861,45.4686376,-75.53021186,13209
17--9558,9/20/2017,4:11 PM,LOCHABER AVE btwn DUCHESS AVE & KIRCHOFFER AVE (__3ZA0KU),__3ZA0KU,04 - At/near private drive,03 - P.D. only,99 - Other,01 - Clear,01 - Daylight,01 - Dry,10 - No control,,2,0,0,0,,0,,,,,362748.8273,5028478.868,45.3938511,-75.75988383,13210
17--9559,9/20/2017,4:15 PM,MARCH RD @ TERRY FOX DR (0003173),3173,02 - Intersection related,03 - P.D. only,03 - Rear end,01 - Clear,01 - Daylight,01 - Dry,01 - Traffic signal,00 - Unknown,2,0,0,0,,0,,,,,349865.0865,5023398.792,45.34908733,-75.92488752,13211
17--956,1/24/2017,10:58 AM,FEATHERSTON DR @ SHAREL DR (0008284),8284,03 - At intersection,03 - P.D. only,02 - Angle,04 - Freezing Rain,01 - Daylight,04 - Slush,03 - Yield sign,01 - Functioning,2,0,0,0,,0,,,,,372384.1532,5027754.633,45.38647109,-75.63693471,13212
17--9560,9/20/2017,4:52 PM,BLAIR RD @ MEADOWBROOK RD (0004163),4163,02 - Intersection related,03 - P.D. only,04 - Sideswipe,01 - Clear,01 - Daylight,01 - Dry,01 - Traffic signal,01 - Functioning,2,0,0,0,,0,,,,,375194.2566,5032311.33,45.42719307,-75.60040282,13213
17--9561,9/20/2017,5:05 PM,PRINCE OF WALES DR @ FAIRPARK DR (0010329),10329,03 - At intersection,02 - Non-fatal injury,03 - Rear end,01 - Clear,01 - Daylight,01 - Dry,02 - Stop sign,01 - Functioning,2,0,0,0,02 - Minor,1,,1,,,367269.2954,5015414.773,45.27591399,-75.70380333,13214
17--9562,9/20/2017,5:05 PM,HIGHWAY 417 btwn HWY417 IC122 RAMP15 & HWY417 IC121B RAMP51 (__3ZA2RB),__3ZA2RB,01 - Non intersection,03 - P.D. only,03 - Rear end,01 - Clear,01 - Daylight,01 - Dry,10 - No control,,2,0,0,0,,0,,,,,365801.1109,5029180.306,45.39990323,-75.72081719,13215
17--9563,9/20/2017,5:10 PM,HERON RD WB btwn RIVERSIDE DR & BRONSON AVE RAMP 36 (__3ZA4TO),__3ZA4TO,01 - Non intersection,03 - P.D. only,03 - Rear end,01 - Clear,01 - Daylight,01 - Dry,10 - No control,,2,0,0,0,,0,,,,,368236.7119,5026660.483,45.37701414,-75.6900336,13216
17--9564,9/20/2017,5:19 PM,NORTHSIDE RD W @ RICHMOND RD (0010416),10416,02 - Intersection related,03 - P.D. only,03 - Rear end,01 - Clear,01 - Daylight,01 - Dry,10 - No control,00 - Unknown,2,0,0,0,,0,,,,,358175.66,5021109.201,45.32790222,-75.81908342,13217
17--9565,9/20/2017,6:00 AM,OTTAWA RIVER PKWY @ ISLAND PARK DR (0002127),2127,02 - Intersection related,03 - P.D. only,03 - Rear end,01 - Clear,03 - Dawn,01 - Dry,01 - Traffic signal,01 - Functioning,2,0,0,0,,0,,,,,363298.6953,5029453.563,45.40257552,-75.75274598,13218
17--9566,9/20/2017,6:00 PM,MONTREAL RD @ DEN HAAG DR/LANG'S RD (0010798),10798,02 - Intersection related,03 - P.D. only,03 - Rear end,01 - Clear,01 - Daylight,01 - Dry,01 - Traffic signal,00 - Unknown,2,0,0,0,,0,,,,,372386.718,5034220.874,45.44465114,-75.63601516,13219
17--9567,9/20/2017,6:08 PM,WEST HUNT CLUB RD @ WOODROFFE AVE (0000576),576,02 - Intersection related,03 - P.D. only,03 - Rear end,01 - Clear,01 - Daylight,01 - Dry,01 - Traffic signal,01 - Functioning,2,0,0,0,,0,,,,,363671.6468,5021247.206,45.3287045,-75.74896013,13220
17--9568,9/20/2017,6:16 PM,CAMPEAU DR/HWY 417 MARCH IC138R63 @ MARCH RD (0009710),9710,02 - Intersection related,03 - P.D. only,03 - Rear end,01 - Clear,01 - Daylight,01 - Dry,01 - Traffic signal,01 - Functioning,3,0,0,0,,0,,,,,352842.6466,5020475.289,45.32258347,-75.88717437,13221
17--9569,9/20/2017,6:27 AM,CUMMINGS AVE @ MONTREAL RD (0007748),7748,03 - At intersection,02 - Non-fatal injury,05 - Turning movement,01 - Clear,03 - Dawn,01 - Dry,01 - Traffic signal,01 - Functioning,2,0,1,0,02 - Minor,2,1,1,,,372007.7077,5034039.869,45.44305909,-75.64088435,13222
17--957,1/24/2017,11:05 AM,TERRY FOX DR btwn MARCH VALLEY RD & HERZBERG RD (__30XHE4),__30XHE4,01 - Non intersection,03 - P.D. only,07 - SMV other,04 - Freezing Rain,01 - Daylight,06 - Ice,10 - No control,,1,0,0,0,,0,,,,,351303.4388,5023468.567,45.34962128,-75.90652595,13223
17--9570,9/20/2017,6:40 AM,MONTREAL RD @ OLMSTEAD ST (0009345),9345,02 - Intersection related,03 - P.D. only,03 - Rear end,01 - Clear,03 - Dawn,01 - Dry,01 - Traffic signal,00 - Unknown,2,0,0,0,,0,,,,,370331.7575,5033213.825,45.43578582,-75.66241566,13224
17--9571,9/20/2017,6:40 AM,CHAMPLAIN BRIDGE/ISLAND PARK DR btwn BATE ISLAND & OTTAWA RIVER PKWY (__3ZA2ZEB),__3ZA2ZEB,07 - Overpass or bridge,02 - Non-fatal injury,07 - SMV other,01 - Clear,03 - Dawn,01 - Dry,10 - No control,,1,0,1,0,02 - Minor,1,,1,,,363131.2979,5029638.474,45.40425328,-75.75486223,13225
17--9572,9/20/2017,6:45 PM,BOTTRIELL WAY @ CANOTIA PL (0004860),4860,02 - Intersection related,03 - P.D. only,06 - SMV unattended vehicle,01 - Clear,05 - Dusk,01 - Dry,10 - No control,00 - Unknown,1,0,0,0,,0,,,,,383701.2676,5037883.816,45.47642149,-75.4908104,13226
17--9573,9/20/2017,7:20 PM,CARLING AVE @ CHURCHILL AVE (0002149),2149,02 - Intersection related,03 - P.D. only,04 - Sideswipe,01 - Clear,05 - Dusk,01 - Dry,01 - Traffic signal,00 - Unknown,2,0,0,0,,0,,,,,363776.1735,5027012.821,45.38057408,-75.74693899,13227
17--9574,9/20/2017,7:48 AM,TENTH LINE RD btwn 275 N OF DES EPINETTES AVE/FALLINGBROOK SC & DES EP (__3ZA3YNB),__3ZA3YNB,04 - At/near private drive,03 - P.D. only,05 - Turning movement,01 - Clear,01 - Daylight,01 - Dry,10 - No control,,2,0,0,0,,0,,,,,383628.8522,5036927.703,45.46782744,-75.49188988,13228
17--9575,9/20/2017,8:00 AM,HIGHWAY 417 btwn HWY417 IC134 RAMP25 & HWY417 IC131 RAMP53 (__3ZA2LE),__3ZA2LE,01 - Non intersection,03 - P.D. only,03 - Rear end,01 - Clear,01 - Daylight,01 - Dry,10 - No control,,2,0,0,0,,0,,,,,357331.1907,5022608.206,45.3414541,-75.8296965,13229
17--9576,9/20/2017,8:08 PM,CHAPEL ST btwn LAURIER AVE E & OSGOODE ST (__3ZA8K3),__3ZA8K3,01 - Non intersection,03 - P.D. only,06 - SMV unattended vehicle,01 - Clear,07 - Dark,01 - Dry,10 - No control,,1,0,0,0,,0,,,,,369139.4742,5032230.705,45.42705081,-75.67778151,13230
17--9577,9/20/2017,8:10 PM,FALLOWFIELD RD @ STRANDHERD DR (0005238),5238,02 - Intersection related,03 - P.D. only,03 - Rear end,01 - Clear,07 - Dark,01 - Dry,01 - Traffic signal,01 - Functioning,2,0,0,0,,0,,,,,360752.6717,5014961.931,45.27238805,-75.78690456,13231
17--9578,9/20/2017,8:30 AM,HIGHWAY 417 btwn HWY417 IC118 RAMP67 & HWY417 IC117 RAMP36 (__3ZA2YO),__3ZA2YO,01 - Non intersection,02 - Non-fatal injury,04 - Sideswipe,01 - Clear,01 - Daylight,01 - Dry,10 - No control,,2,0,0,0,01 - Minimal,1,1,,,,370166.6036,5031112.403,45.41689354,-75.66480521,13232
17--9579,9/20/2017,8:37 AM,EAGLESON RD @ FALLOWFIELD RD (0000118),118,03 - At intersection,02 - Non-fatal injury,05 - Turning movement,01 - Clear,01 - Daylight,01 - Dry,01 - Traffic signal,01 - Functioning,2,0,0,0,02 - Minor,2,1,1,,,355961.6341,5012594.167,45.25144727,-75.84820419,13233
17--958,1/24/2017,11:17 AM,ST. LAURENT BLVD btwn INDUSTRIAL AVE & BOURASSA ST (__3ZBOFB),__3ZBOFB,01 - Non intersection,03 - P.D. only,05 - Turning movement,04 - Freezing Rain,01 - Daylight,06 - Ice,10 - No control,,2,0,0,0,,0,,,,,373171.6397,5029842.304,45.4051786,-75.62659016,13234
17--9580,9/20/2017,8:37 AM,HUNT CLUB RD @ LORRY GREENBERG DR/SABLE RIDGE  (0008203),8203,03 - At intersection,03 - P.D. only,05 - Turning movement,01 - Clear,01 - Daylight,01 - Dry,01 - Traffic signal,01 - Functioning,2,0,0,0,,0,,,,,372824.2166,5024807.266,45.35990926,-75.63172158,13235
17--9581,9/20/2017,8:37 AM,ANDERSON RD @ INNES RD (0004200),4200,02 - Intersection related,03 - P.D. only,03 - Rear end,01 - Clear,01 - Daylight,01 - Dry,01 - Traffic signal,01 - Functioning,2,0,0,0,,0,,,,,376279.8473,5031840.894,45.42285027,-75.58659963,13236
17--9582,9/20/2017,8:45 AM,CELESTE WAY btwn VENUS AVE & BALLANTYNE DR (__3ZAZMP),__3ZAZMP,01 - Non intersection,03 - P.D. only,01 - Approaching,01 - Clear,01 - Daylight,01 - Dry,10 - No control,,2,0,0,0,,0,,,,,385736.422,5037319.894,45.47111496,-75.46487681,13237
17--9583,9/20/2017,8:45 PM,LEITRIM RD @ ALBION RD (0012479),12479,03 - At intersection,03 - P.D. only,05 - Turning movement,01 - Clear,07 - Dark,01 - Dry,01 - Traffic signal,01 - Functioning,2,0,0,0,,0,,,,,373497.1072,5020419.5,45.32036414,-75.62374286,13238
17--9584,9/20/2017,9:00 AM,CAMPEAU DR @ TERRY FOX DR (0008211),8211,02 - Intersection related,03 - P.D. only,03 - Rear end,01 - Clear,01 - Daylight,01 - Dry,01 - Traffic signal,01 - Functioning,2,0,0,0,,0,,,,,350454.6449,5019009.738,45.30955544,-75.91776885,13239
17--9585,9/20/2017,9:03 AM,GLOUCESTER ST @ O'CONNOR ST (0006943),6943,02 - Intersection related,03 - P.D. only,04 - Sideswipe,01 - Clear,01 - Daylight,01 - Dry,01 - Traffic signal,01 - Functioning,2,0,0,0,,0,,,,,367678.7094,5031293.127,45.41874763,-75.69656698,13240
17--9586,9/20/2017,9:38 AM,BASELINE RD @ CENTREPOINTE DR E/HIGHGATE RD (0011468),11468,02 - Intersection related,03 - P.D. only,05 - Turning movement,01 - Clear,01 - Daylight,01 - Dry,01 - Traffic signal,01 - Functioning,2,0,0,0,,0,,,,,362061.1402,5023466.052,45.34880283,-75.76924728,13241
17--9587,9/21/2017,1:27 PM,CYRVILLE RD @ INNES RD (0009352),9352,02 - Intersection related,03 - P.D. only,04 - Sideswipe,01 - Clear,01 - Daylight,01 - Dry,01 - Traffic signal,00 - Unknown,2,0,0,0,,0,,,,,375048.2026,5031119.325,45.41648275,-75.60243904,13242