Anom_ID,Accident_Date,Accident_Time,Location,Geo_ID,Accident_Location,Classification_of_Accident,Initial_Impact_Type,Environment_Condition,Light,Road_Surface_Condition,Traffic_Control,Traffic_Control_Condition,No__of_Vehicles,No__of_Bicycles,No__of_Motorcycles,No__of_Pedestrians,Max_Injury,No__of_Injuries,No__of_Minimal,No__of_Minor,No__of_Major,No__of_Fatal,X,Y,Latitude,Longitude,ObjectId
17--9588,9/21/2017,1:45 PM,BASELINE RD @ CLYDE AVE (0002343),2343,02 - Intersection related,03 - P.D. only,04 - Sideswipe,01 - Clear,01 - Daylight,01 - Dry,01 - Traffic signal,01 - Functioning,2,0,0,0,,0,,,,,364357.2832,5024889.803,45.36142233,-75.73977548,13243
17--9589,9/21/2017,1:47 PM,MONTREAL RD btwn ST. LAURENT BLVD & HILLSIDE DR (__3ZA1MC),__3ZA1MC,04 - At/near private drive,02 - Non-fatal injury,02 - Angle,01 - Clear,01 - Daylight,01 - Dry,10 - No control,,2,0,0,0,02 - Minor,3,2,1,,,371659.5458,5033873.376,45.44159445,-75.64535702,13244
17--959,1/24/2017,11:46 AM,CAMEO DR btwn CASTLE HILL CRES & MAITLAND AVE (__3ZAAOB),__3ZAAOB,04 - At/near private drive,03 - P.D. only,99 - Other,03 - Snow,01 - Daylight,03 - Loose snow,10 - No control,,2,0,0,0,,0,,,,,364140.4519,5025184.235,45.36408998,-75.74250765,13245
17--9590,9/21/2017,10:30 AM,STITTSVILLE MAIN ST/HUNTLEY RD @ FLEWELLYN RD (0004602),4602,03 - At intersection,03 - P.D. only,02 - Angle,01 - Clear,01 - Daylight,01 - Dry,02 - Stop sign,01 - Functioning,2,0,0,0,,0,,,,,351417.3044,5010739.746,45.23507624,-75.90626921,13246
17--9591,9/21/2017,10:40 AM,ABBOTT ST @ IBER RD (0010542),10542,02 - Intersection related,03 - P.D. only,03 - Rear end,01 - Clear,01 - Daylight,01 - Dry,10 - No control,00 - Unknown,2,0,0,0,,0,,,,,351978.5414,5014878.753,45.272283,-75.89872864,13247
17--9592,9/21/2017,10:48 PM,ALBERT ST @ BAY ST (0006357),6357,03 - At intersection,02 - Non-fatal injury,02 - Angle,01 - Clear,07 - Dark,01 - Dry,01 - Traffic signal,01 - Functioning,2,0,0,0,03 - Major,1,,,1,,366942.222,5031144.297,45.41747431,-75.70599531,13248
17--9593,9/21/2017,10:53 AM,ISLAND PARK DR btwn HELENA ST & ISLAND PARK CRES (__3ZA23Z),__3ZA23Z,04 - At/near private drive,03 - P.D. only,03 - Rear end,01 - Clear,01 - Daylight,01 - Dry,10 - No control,,3,0,0,0,,0,,,,,364425.8145,5028211.274,45.39130255,-75.73849974,13249
17--9594,9/21/2017,11:00 AM,MCBEAN ST @ OTTAWA ST (0000133),133,03 - At intersection,03 - P.D. only,02 - Angle,01 - Clear,01 - Daylight,01 - Dry,02 - Stop sign,01 - Functioning,2,0,0,0,,0,,,,,357661.1007,5005236.106,45.18511192,-75.82733571,13250
17--9595,9/21/2017,11:28 AM,MONTREAL RD btwn BETHAMY LANE & OGILVIE RD (__3ZA2DX),__3ZA2DX,04 - At/near private drive,02 - Non-fatal injury,05 - Turning movement,01 - Clear,01 - Daylight,01 - Dry,10 - No control,,2,0,0,0,02 - Minor,2,,2,,,375516.2908,5034467.071,45.44655668,-75.59597824,13251
17--9596,9/21/2017,11:37 AM,MARIE ST @ POULIN AVE (0003003),3003,03 - At intersection,03 - P.D. only,02 - Angle,01 - Clear,01 - Daylight,01 - Dry,02 - Stop sign,01 - Functioning,2,0,0,0,,0,,,,,360291.6499,5024971.257,45.36248886,-75.79165836,13252
17--9597,9/21/2017,11:52 AM,MADELEINE MEILLEUR PRIV @ VANIER PKWY (0013514),13514,03 - At intersection,03 - P.D. only,05 - Turning movement,01 - Clear,01 - Daylight,01 - Dry,01 - Traffic signal,01 - Functioning,2,0,0,0,,0,,,,,369654.8152,5033359.306,45.43715791,-75.67104781,13253
17--9598,9/21/2017,Unknown,BAYCREST DR @ SANDALWOOD DR (0007085),7085,02 - Intersection related,03 - P.D. only,06 - SMV unattended vehicle,01 - Clear,00 - Unknown,01 - Dry,03 - Yield sign,00 - Unknown,1,0,0,0,,0,,,,,371354.1784,5026704.411,45.37712021,-75.65022785,13254
17--9599,9/21/2017,Unknown,ROLLING MEADOW CRES btwn ESTERBROOK DR S & KNOTRIDGE ST (__67PTLL),__67PTLL,01 - Non intersection,03 - P.D. only,06 - SMV unattended vehicle,01 - Clear,00 - Unknown,01 - Dry,10 - No control,,1,0,0,0,,0,,,,,381884.8595,5032538.105,45.42852807,-75.51487752,13255
17--96,1/3/2017,9:00 PM,HIGHWAY 417 btwn HWY417 IC117 RAMP25 & HWY417 IC115 RAMP51 (__3ZA2R3),__3ZA2R3,01 - Non intersection,03 - P.D. only,07 - SMV other,04 - Freezing Rain,07 - Dark,06 - Ice,10 - No control,,1,0,0,0,,0,,,,,371537.2801,5031396.444,45.41931982,-75.64725542,13256
17--960,1/24/2017,11:53 AM,CARP RD btwn MARCH RD & JOHN CAVANAUGH DR (__3ZA3FZ),__3ZA3FZ,01 - Non intersection,03 - P.D. only,07 - SMV other,03 - Snow,01 - Daylight,03 - Loose snow,10 - No control,,1,0,0,0,,0,,,,,342198.2052,5021697.773,45.33423167,-76.0228557,13257
17--9600,9/21/2017,Unknown,ROGER STEVENS DR btwn DWYER HILL RD & MALAKOFF RD (__3ZA4ZQ),__3ZA4ZQ,01 - Non intersection,03 - P.D. only,07 - SMV other,99 - Other,00 - Unknown,01 - Dry,10 - No control,,1,0,0,0,,0,,,,,354413.3647,4989421.193,45.04303736,-75.8702282,13258
17--9601,9/21/2017,Unknown,LETOURNEAU ST btwn CLENNING ST & BEATRICE DR (__4LK32H),__4LK32H,01 - Non intersection,03 - P.D. only,06 - SMV unattended vehicle,01 - Clear,00 - Unknown,01 - Dry,10 - No control,,1,0,0,0,,0,,,,,365000.242,5016643.265,45.28716586,-75.73257167,13259
17--9602,9/21/2017,12:00 PM,DES PERES BLANCS AVE @ DES PERES BLANCS AVE (0010152),10152,02 - Intersection related,03 - P.D. only,06 - SMV unattended vehicle,01 - Clear,01 - Daylight,01 - Dry,10 - No control,,1,0,0,0,,0,,,,,370453.8198,5034079.86,45.44356657,-75.66074018,13260
17--9603,9/21/2017,12:08 PM,QUEEN MARY ST @ VANIER PKWY (0007648),7648,03 - At intersection,02 - Non-fatal injury,01 - Approaching,01 - Clear,01 - Daylight,01 - Dry,01 - Traffic signal,01 - Functioning,2,0,0,0,02 - Minor,3,1,2,,,370361.8742,5031958.306,45.42448636,-75.66219792,13261
17--9604,9/21/2017,12:14 PM,CARLING AVE @ FAIRLAWN AVE/WOODROFFE AVE E (0002393),2393,03 - At intersection,03 - P.D. only,02 - Angle,01 - Clear,01 - Daylight,01 - Dry,01 - Traffic signal,01 - Functioning,2,0,0,0,,0,,,,,361934.6841,5025830.528,45.37008852,-75.77058762,13262
17--9605,9/21/2017,12:24 PM,MONTREAL RD btwn CARSON'S RD/CODD'S RD & DEN HAAG DR/LANG'S RD (__3ZA2DU),__3ZA2DU,04 - At/near private drive,03 - P.D. only,02 - Angle,01 - Clear,01 - Daylight,01 - Dry,10 - No control,,2,0,0,0,,0,,,,,372673.7053,5034358.198,45.4458589,-75.63232798,13263
17--9606,9/21/2017,2:00 PM,CARVER PL @ MATHESON RD (0010121),10121,02 - Intersection related,03 - P.D. only,06 - SMV unattended vehicle,01 - Clear,01 - Daylight,01 - Dry,10 - No control,00 - Unknown,1,0,0,0,,0,,,,,373002.5294,5032963.495,45.43327808,-75.62831816,13264
17--9607,9/21/2017,2:09 AM,CARSON'S RD @ DEN HAAG DR (0011527),11527,02 - Intersection related,03 - P.D. only,07 - SMV other,01 - Clear,07 - Dark,01 - Dry,02 - Stop sign,01 - Functioning,1,0,0,0,,0,,,,,373029.4999,5033806.628,45.44086153,-75.62785664,13265
17--9608,9/21/2017,2:11 PM,SMYTH RD E/LANCASTER RD @ ST. LAURENT BLVD N/R (0002256),2256,02 - Intersection related,02 - Non-fatal injury,03 - Rear end,01 - Clear,01 - Daylight,01 - Dry,01 - Traffic signal,01 - Functioning,2,0,0,0,01 - Minimal,2,2,,,,373364.5452,5029426.736,45.40142064,-75.62418397,13266
17--9609,9/21/2017,2:36 PM,RIOCAN AVE btwn STRANDHERD DR & MARKETPLACE AVE (__4LZBMJ),__4LZBMJ,01 - Non intersection,03 - P.D. only,03 - Rear end,01 - Clear,01 - Daylight,01 - Dry,10 - No control,,2,0,0,0,,0,,,,,364244.8802,5014831.205,45.27092524,-75.74241713,13267
17--961,1/24/2017,Unknown,SHERWAY DR btwn TEDWYN DR & BURNETT'S GROVE CIRC (__3ZAA9U),__3ZAA9U,01 - Non intersection,03 - P.D. only,06 - SMV unattended vehicle,03 - Snow,00 - Unknown,05 - Packed snow,10 - No control,,1,0,0,0,,0,,,,,363108.8983,5015678.195,45.27864159,-75.75679371,13268
17--9610,9/21/2017,2:38 PM,ELSINORE LANE btwn EDENVALE DR & EDENVALE DR (__3ZAZOP),__3ZAZOP,04 - At/near private drive,03 - P.D. only,07 - SMV other,01 - Clear,01 - Daylight,01 - Dry,10 - No control,,1,0,0,0,,0,,,,,352439.6027,5020365.611,45.32162404,-75.89232581,13269
17--9611,9/21/2017,2:55 PM,MACLAREN ST @ METCALFE ST (0006950),6950,03 - At intersection,03 - P.D. only,04 - Sideswipe,01 - Clear,01 - Daylight,01 - Dry,01 - Traffic signal,01 - Functioning,2,0,0,0,,0,,,,,368051.2333,5031032.339,45.41636757,-75.69184101,13270
17--9612,9/21/2017,2:58 AM,BRIAN GOOD AVE btwn EARL ARMSTRONG RD & POPLIN ST (__86L6Y3),__86L6Y3,01 - Non intersection,03 - P.D. only,06 - SMV unattended vehicle,01 - Clear,07 - Dark,01 - Dry,10 - No control,,1,0,0,0,,0,,,,,368133.776,5014790.184,45.27021666,-75.69286593,13271
17--9613,9/21/2017,3:00 PM,MITCH OWENS RD @ DOZOIS RD/LIMEBANK RD (0012469),12469,03 - At intersection,03 - P.D. only,03 - Rear end,01 - Clear,01 - Daylight,01 - Dry,01 - Traffic signal,01 - Functioning,2,0,0,0,,0,,,,,371674.6718,5012109.129,45.24576521,-75.64810599,13272
17--9614,9/21/2017,3:10 PM,HAWTHORNE AVE/ISABELLA ST @ QUEEN ELIZABETH DR (0002105),2105,02 - Intersection related,03 - P.D. only,03 - Rear end,01 - Clear,01 - Daylight,01 - Dry,01 - Traffic signal,01 - Functioning,2,0,0,0,,0,,,,,368665.7115,5030475.479,45.41130132,-75.6840628,13273
17--9615,9/21/2017,3:29 PM,DALHOUSIE ST @ MURRAY ST (0008241),8241,02 - Intersection related,03 - P.D. only,02 - Angle,01 - Clear,01 - Daylight,01 - Dry,01 - Traffic signal,01 - Functioning,2,0,0,0,,0,,,,,368001.1725,5032573.831,45.43024192,-75.6922828,13274
17--9616,9/21/2017,3:35 PM,FISHER AVE @ MEADOWLANDS DR (0002120),2120,02 - Intersection related,03 - P.D. only,04 - Sideswipe,01 - Clear,01 - Daylight,01 - Dry,01 - Traffic signal,00 - Unknown,2,0,0,0,,0,,,,,366574.1182,5025045.683,45.36263307,-75.71146164,13275
17--9617,9/21/2017,3:52 PM,LEITRIM RD btwn FENTON RD & BANK ST (__3ZA3SF),__3ZA3SF,01 - Non intersection,03 - P.D. only,03 - Rear end,01 - Clear,01 - Daylight,01 - Dry,10 - No control,,2,0,0,0,,0,,,,,374356.498,5020967.808,45.325213,-75.61270531,13276
17--9618,9/21/2017,3:56 PM,CLEMENTINE BLVD @ HERON RD (0006858),6858,03 - At intersection,03 - P.D. only,05 - Turning movement,01 - Clear,01 - Daylight,01 - Dry,01 - Traffic signal,01 - Functioning,2,0,0,0,,0,,,,,369546.7741,5026786.299,45.37802636,-75.67329183,13277
17--9619,9/21/2017,4:00 PM,CARLING AVE @ CLYDE AVE/COLE AVE (0006984),6984,02 - Intersection related,02 - Non-fatal injury,03 - Rear end,01 - Clear,01 - Daylight,01 - Dry,01 - Traffic signal,01 - Functioning,2,0,0,0,01 - Minimal,1,1,,,,363519.5977,5026849.996,45.37913056,-75.75023426,13278
17--962,1/24/2017,Unknown,YORK ST EB btwn BY WARD MARKET SQ & SUSSEX DR (__3ZA8ZZ),__3ZA8ZZ,01 - Non intersection,03 - P.D. only,06 - SMV unattended vehicle,01 - Clear,00 - Unknown,02 - Wet,10 - No control,,1,0,0,0,,0,,,,,367834.9493,5032255.053,45.42738866,-75.69444774,13279
17--9620,9/21/2017,4:12 PM,STONEPATH CRES btwn WEST RIDGE DR & WEST RIDGE DR (__3ZA2IQ),__3ZA2IQ,01 - Non intersection,03 - P.D. only,06 - SMV unattended vehicle,01 - Clear,01 - Daylight,01 - Dry,10 - No control,,1,0,0,0,,0,,,,,348792.1483,5013527.991,45.2603349,-75.93945555,13280
17--9621,9/21/2017,4:22 PM,BANK ST @ SOMERSET ST (0010858),10858,03 - At intersection,03 - P.D. only,05 - Turning movement,01 - Clear,01 - Daylight,01 - Dry,01 - Traffic signal,01 - Functioning,2,0,0,0,,0,,,,,367695.6497,5030915.801,45.41535105,-75.69639871,13281
17--9622,9/21/2017,4:26 PM,BASELINE RD @ ZENA ST (0002730),2730,03 - At intersection,03 - P.D. only,03 - Rear end,01 - Clear,01 - Daylight,01 - Dry,02 - Stop sign,01 - Functioning,3,0,0,0,,0,,,,,365628.697,5025688.767,45.3685021,-75.72344953,13282
17--9623,9/21/2017,5:00 PM,SPRING VALLEY DR btwn KNOTRIDGE ST & NAVAN RD (__67PTL1),__67PTL1,01 - Non intersection,03 - P.D. only,06 - SMV unattended vehicle,01 - Clear,01 - Daylight,01 - Dry,10 - No control,,1,0,0,0,,0,,,,,382003.038,5032549.936,45.42862148,-75.5133656,13283
17--9624,9/21/2017,5:08 PM,CANAAN RD @ REGIONAL RD 174 (0012882),12882,03 - At intersection,03 - P.D. only,05 - Turning movement,01 - Clear,01 - Daylight,01 - Dry,01 - Traffic signal,01 - Functioning,2,0,0,0,,0,,,,,395771.816,5043412.368,45.52469133,-75.33542648,13284
17--9625,9/21/2017,5:33 PM,MARCH RD @ MORGAN'S GRANT WAY/SHIRLEY'S BROOK  (0002651),2651,03 - At intersection,02 - Non-fatal injury,05 - Turning movement,01 - Clear,01 - Daylight,01 - Dry,01 - Traffic signal,01 - Functioning,2,0,0,0,02 - Minor,1,,1,,,349662.5309,5023616.915,45.35106303,-75.92745258,13285
17--9626,9/21/2017,5:35 PM,AKERSON RD/CARRONBRIDGE CIR @ COPE DR (0009144),9144,03 - At intersection,03 - P.D. only,02 - Angle,01 - Clear,01 - Daylight,01 - Dry,10 - No control,00 - Unknown,2,0,0,0,,0,,,,,354386.9514,5015808.892,45.28048691,-75.86794335,13286
17--9627,9/21/2017,5:45 PM,CHAMPLAIN BRIDGE/ISLAND PARK DR btwn BATE ISLAND & PROVINCIAL BOUNDARY (__3ZA2ZEA),__3ZA2ZEA,01 - Non intersection,03 - P.D. only,03 - Rear end,01 - Clear,01 - Daylight,01 - Dry,10 - No control,,2,0,0,0,,0,,,,,362936.2387,5030093.349,45.4083624,-75.75730012,13287
17--9628,9/21/2017,5:49 PM,DYNES RD btwn CLAYMOR AVE & MORLEY BLVD (__3ZAAQE),__3ZAAQE,01 - Non intersection,03 - P.D. only,06 - SMV unattended vehicle,01 - Clear,01 - Daylight,01 - Dry,10 - No control,,1,0,0,0,,0,,,,,366906.1988,5025771.936,45.3691384,-75.7071318,13288
17--9629,9/21/2017,6:02 PM,MCARTHUR AVE btwn BRANT ST & BELISLE ST (__3ZA3WC),__3ZA3WC,04 - At/near private drive,02 - Non-fatal injury,05 - Turning movement,01 - Clear,01 - Daylight,01 - Dry,10 - No control,,2,0,0,0,02 - Minor,1,,1,,,371280.2058,5032808.309,45.43204764,-75.6503493,13289
17--963,1/24/2017,12:00 PM,HIGHWAY 417 btwn HWY417 IC126 RAMP16 & HWY417 IC126 RAMP61 (__3ZA2RC),__3ZA2RC,01 - Non intersection,03 - P.D. only,07 - SMV other,03 - Snow,01 - Daylight,05 - Packed snow,10 - No control,,1,0,0,0,,0,,,,,363126.2601,5025817.087,45.36986943,-75.75537818,13290
17--9630,9/21/2017,6:10 PM,SOUTH ISLAND PARK DR btwn SOUTH RIVER DR & HEENAN TER (__3ZA99S),__3ZA99S,01 - Non intersection,03 - P.D. only,06 - SMV unattended vehicle,01 - Clear,01 - Daylight,01 - Dry,10 - No control,,1,0,0,0,,0,,,,,369504.7689,5010331.603,45.229974,-75.67597595,13291
17--9631,9/21/2017,6:15 PM,HIGHWAY 417 btwn HWY417 IC131 RAMP66 & HWY417 IC130 RAMP26 (__3ZA29A),__3ZA29A,01 - Non intersection,03 - P.D. only,03 - Rear end,01 - Clear,01 - Daylight,01 - Dry,10 - No control,,2,0,0,0,,0,,,,,359183.4431,5023080.268,45.34556058,-75.80601139,13292
17--9632,9/21/2017,6:25 PM,LEES AVE @  TRANSITWAY/HWY 417 NICHOLAS IC118R (0012210),12210,02 - Intersection related,03 - P.D. only,03 - Rear end,01 - Clear,01 - Daylight,01 - Dry,01 - Traffic signal,01 - Functioning,2,0,0,0,,0,,,,,369365.9001,5031280.674,45.41848192,-75.67501275,13293
17--9633,9/21/2017,7:30 AM,HIGHWAY 417 btwn HWY417 IC139 RAMP15 & HWY417 IC138 RAMP51 (__3ZA2QR),__3ZA2QR,01 - Non intersection,03 - P.D. only,03 - Rear end,01 - Clear,01 - Daylight,01 - Dry,10 - No control,,2,0,0,0,,0,,,,,352290.7689,5019694.124,45.31559194,-75.89428856,13294
17--9634,9/21/2017,8:01 AM,PLACE D'ORLEANS DR @ OR174 IC102 RAMP51/TRANSI (0008777),8777,02 - Intersection related,03 - P.D. only,03 - Rear end,01 - Clear,01 - Daylight,01 - Dry,01 - Traffic signal,01 - Functioning,2,0,0,0,,0,,,,,381391.2599,5038031.308,45.4780057,-75.52032923,13295
17--9635,9/21/2017,8:14 AM,PRINCE OF WALES DR @ FALAISE RD/KOCHAR DR N (0006962),6962,02 - Intersection related,03 - P.D. only,03 - Rear end,01 - Clear,01 - Daylight,01 - Dry,01 - Traffic signal,01 - Functioning,3,0,0,0,,0,,,,,367459.7506,5024905.709,45.36129501,-75.70017551,13296
17--9636,9/21/2017,8:18 AM,PRINCE OF WALES DR btwn NORMANDY CRES & FALAISE RD (2) (__3ZA36R),__3ZA36R,01 - Non intersection,03 - P.D. only,03 - Rear end,01 - Clear,01 - Daylight,01 - Dry,10 - No control,,2,0,0,0,,0,,,,,367436.6881,5025119.428,45.36322007,-75.70044278,13297
17--9637,9/21/2017,8:37 AM,COOPER ST @ KENT ST (0011445),11445,03 - At intersection,03 - P.D. only,02 - Angle,01 - Clear,01 - Daylight,01 - Dry,02 - Stop sign,01 - Functioning,2,0,0,0,,0,,,,,367482.3702,5030890.231,45.41514012,-75.69912671,13298
17--9638,9/21/2017,8:38 AM,BRONSON AVE @ GLADSTONE AVE (0002110),2110,03 - At intersection,03 - P.D. only,05 - Turning movement,01 - Clear,01 - Daylight,01 - Dry,01 - Traffic signal,01 - Functioning,2,0,0,0,,0,,,,,367133.2238,5030081.803,45.40789731,-75.70368945,13299
17--9639,9/21/2017,8:40 AM,HIGHWAY 417 btwn HWY417 IC134 RAMP35 & HWY417 IC134 RAMP25 (__3ZA29D),__3ZA29D,01 - Non intersection,03 - P.D. only,03 - Rear end,01 - Clear,01 - Daylight,01 - Dry,10 - No control,,2,0,0,0,,0,,,,,356666.6156,5022388.011,45.33952222,-75.83819906,13300
17--964,1/24/2017,12:05 PM,HIGHWAY 417 btwn HIGHWAY 417 & HIGHWAY 417 (1) (__3ZA2UX),__3ZA2UX,01 - Non intersection,03 - P.D. only,07 - SMV other,03 - Snow,01 - Daylight,04 - Slush,10 - No control,,1,0,0,0,,0,,,,,375365.6979,5030168.962,45.40789995,-75.59851896,13301
17--883,1/21/2017,4:00 PM,PRINCE OF WALES DR @ WEST HUNT CLUB RD (0000567),567,02 - Intersection related,03 - P.D. only,03 - Rear end,01 - Clear,01 - Daylight,02 - Wet,01 - Traffic signal,01 - Functioning,2,0,0,0,,0,,,,,367458.1639,5021890.41,45.3341641,-75.70057778,13302
17--9190,9/11/2017,2:00 PM,BASELINE RD/HERON RD @ PRINCE OF WALES DR (0002345),2345,02 - Intersection related,03 - P.D. only,03 - Rear end,01 - Clear,01 - Daylight,01 - Dry,01 - Traffic signal,01 - Functioning,2,0,0,0,,0,,,,,366874.1534,5026438.309,45.37513711,-75.70745712,13303
17--9010,9/6/2017,Unknown,BELL ST    N btwn GLADSTONE AVE & LOUISA ST (__3ZAAJY),__3ZAAJY,04 - At/near private drive,03 - P.D. only,06 - SMV unattended vehicle,01 - Clear,00 - Unknown,01 - Dry,10 - No control,,1,0,0,0,,0,,,,,366984.251,5029885.244,45.40614198,-75.70561719,13304
17--8830,8/31/2017,9:03 PM,BANK ST @ WALKLEY RD (0011423),11423,02 - Intersection related,03 - P.D. only,04 - Sideswipe,01 - Clear,07 - Dark,01 - Dry,01 - Traffic signal,01 - Functioning,2,0,0,0,,0,,,,,370338.5179,5025948.845,45.37041761,-75.66329479,13305
17--9191,9/11/2017,2:10 PM,HIGHWAY 416 btwn HWY416 IC75A RAMP26 & HWY416 IC72 RAMP62 (__3ZAZLF),__3ZAZLF,01 - Non intersection,03 - P.D. only,03 - Rear end,01 - Clear,01 - Daylight,01 - Dry,10 - No control,,2,0,0,0,,0,,,,,358909.4569,5021585.513,45.33213191,-75.80967094,13306
17--8831,8/31/2017,9:21 PM,RIVERSIDE DR btwn RIVERSIDE DR & RIVER RD (__7IFXUL),__7IFXUL,01 - Non intersection,03 - P.D. only,07 - SMV other,01 - Clear,07 - Dark,01 - Dry,10 - No control,,1,0,0,0,,0,,,,,368400.7034,5020494.826,45.32152212,-75.6887329,13307
17--9011,9/6/2017,12:12 PM,BELFAST RD btwn TREMBLAY RD & TRAINYARDS DR (__3ZA80G),__3ZA80G,01 - Non intersection,02 - Non-fatal injury,03 - Rear end,01 - Clear,01 - Daylight,01 - Dry,10 - No control,,2,0,0,0,02 - Minor,1,,1,,,371806.7372,5030940.169,45.4151887,-75.64387482,13308
17--9192,9/11/2017,2:16 PM,DALY AVE @ NICHOLAS ST (0011451),11451,02 - Intersection related,03 - P.D. only,03 - Rear end,01 - Clear,01 - Daylight,01 - Dry,01 - Traffic signal,00 - Unknown,2,0,0,0,,0,,,,,368227.9495,5032046.385,45.42547561,-75.68945279,13309
17--8832,9/1/2017,1:08 PM,ST. LAURENT BLVD btwn BELFAST RD & INDUSTRIAL AVE (__3ZA3R8),__3ZA3R8,01 - Non intersection,03 - P.D. only,03 - Rear end,01 - Clear,01 - Daylight,01 - Dry,10 - No control,,2,0,0,0,,0,,,,,372882.6997,5030529.061,45.41138589,-75.63018594,13310
17--9012,9/6/2017,12:53 PM,BANK ST @ LAURIER AVE (0002221),2221,02 - Intersection related,02 - Non-fatal injury,04 - Sideswipe,01 - Clear,01 - Daylight,01 - Dry,01 - Traffic signal,01 - Functioning,2,1,0,0,02 - Minor,1,,1,,,367481.6039,5031264.852,45.41851091,-75.69908885,13311
17--9193,9/11/2017,2:35 PM,FALLOWFIELD RD @ GREENBANK RD (0000549),549,02 - Intersection related,03 - P.D. only,03 - Rear end,01 - Clear,01 - Daylight,01 - Dry,01 - Traffic signal,01 - Functioning,2,0,0,0,,0,,,,,363080.2288,5016731.338,45.28812017,-75.75703541,13312
17--8833,9/1/2017,1:20 PM,HAZELDEAN RD @ TERRY FOX DR (0003682),3682,02 - Intersection related,02 - Non-fatal injury,03 - Rear end,01 - Clear,01 - Daylight,01 - Dry,01 - Traffic signal,01 - Functioning,2,0,0,0,01 - Minimal,1,1,,,,352208.2769,5017242.673,45.29353876,-75.89557509,13313
17--9013,9/6/2017,12:57 PM,ST. GERMAIN CRES btwn VORLAGE DR & VORLAGE DR (__3ZA68F),__3ZA68F,01 - Non intersection,03 - P.D. only,06 - SMV unattended vehicle,01 - Clear,01 - Daylight,01 - Dry,10 - No control,,1,0,0,0,,0,,,,,379629.2259,5037747.723,45.47564529,-75.54290722,13314
17--9194,9/11/2017,3:06 PM,DUNROBIN RD btwn DUNROBIN RD & MURPHY SIDE RD (__3ZA3EB),__3ZA3EB,01 - Non intersection,02 - Non-fatal injury,03 - Rear end,01 - Clear,01 - Daylight,01 - Dry,10 - No control,,4,0,0,0,02 - Minor,3,,3,,,344170.7113,5029345.8,45.40294298,-75.99708096,13315
17--8834,9/1/2017,1:51 PM,SOUTHLAND CRES btwn KARSH DR & KARSH DR (__3ZA8NP),__3ZA8NP,04 - At/near private drive,03 - P.D. only,06 - SMV unattended vehicle,01 - Clear,01 - Daylight,01 - Dry,10 - No control,,1,0,0,0,,0,,,,,373762.8363,5026163.744,45.37202259,-75.61955288,13316
17--8835,9/1/2017,1:58 PM,HIGHWAY 417 btwn HWY417 IC129 RAMP25 & TRANSIT (__3ZA2SH),__3ZA2SH,01 - Non intersection,03 - P.D. only,03 - Rear end,01 - Clear,01 - Daylight,01 - Dry,10 - No control,,2,0,0,0,,0,,,,,361541.5744,5024374.304,45.35701746,-75.77577308,13317
17--8836,9/1/2017,1:59 PM,BANK ST @ SURREY AVE (0011314),11314,03 - At intersection,03 - P.D. only,02 - Angle,01 - Clear,01 - Daylight,01 - Dry,02 - Stop sign,01 - Functioning,2,0,0,0,,0,,,,,370383.7023,5025810.199,45.36916589,-75.6627364,13318
17--8837,9/1/2017,Unknown,CHARKAY ST @ SEYMOUR AVE (0004595),4595,02 - Intersection related,03 - P.D. only,06 - SMV unattended vehicle,01 - Clear,00 - Unknown,01 - Dry,03 - Yield sign,00 - Unknown,1,0,0,0,,0,,,,,365650.0116,5023976.604,45.3530945,-75.72338825,13319
17--8838,9/1/2017,Unknown,PRESLAND RD btwn WHITTON CRES & ELLIS PRIV (__3ZA9O9),__3ZA9O9,01 - Non intersection,03 - P.D. only,06 - SMV unattended vehicle,01 - Clear,07 - Dark,01 - Dry,10 - No control,,1,0,0,0,,0,,,,,370957.8713,5031812.088,45.42311464,-75.65460226,13320
17--8839,9/1/2017,Unknown,ARGYLE AVE @ O'CONNOR ST (0007254),7254,02 - Intersection related,03 - P.D. only,06 - SMV unattended vehicle,01 - Clear,00 - Unknown,01 - Dry,01 - Traffic signal,00 - Unknown,1,0,0,0,,0,,,,,368185.5964,5030485.348,45.41143377,-75.69019478,13321
17--884,1/21/2017,4:00 PM,HIGHWAY 417 btwn HWY417 IC122 RAMP61 & HWY417 IC121B RAMP16 (__3ZA2Y4),__3ZA2Y4,01 - Non intersection,03 - P.D. only,04 - Sideswipe,01 - Clear,01 - Daylight,02 - Wet,10 - No control,,2,0,0,0,,0,,,,,365704.0253,5029144.406,45.39958866,-75.7220616,13322
17--8840,9/1/2017,12:00 PM,TERRY FOX DR @ PALLADIUM DR/KATIMAVIK RD (0011858),11858,02 - Intersection related,03 - P.D. only,03 - Rear end,01 - Clear,01 - Daylight,01 - Dry,01 - Traffic signal,01 - Functioning,2,0,0,0,,0,,,,,351270.3839,5018181.997,45.3020537,-75.90744394,13323
17--8841,9/1/2017,12:30 PM,MARCH RD btwn CARLING AVE/STATION RD & 280 S OF CARLING AVE/STATION RD (__3ZA42DA),__3ZA42DA,01 - Non intersection,02 - Non-fatal injury,03 - Rear end,01 - Clear,01 - Daylight,01 - Dry,10 - No control,,2,0,0,0,01 - Minimal,1,1,,,,350973.7529,5022171.046,45.3379677,-75.91085427,13324