Anom_ID,Accident_Date,Accident_Time,Location,Geo_ID,Accident_Location,Classification_of_Accident,Initial_Impact_Type,Environment_Condition,Light,Road_Surface_Condition,Traffic_Control,Traffic_Control_Condition,No__of_Vehicles,No__of_Bicycles,No__of_Motorcycles,No__of_Pedestrians,Max_Injury,No__of_Injuries,No__of_Minimal,No__of_Minor,No__of_Major,No__of_Fatal,X,Y,Latitude,Longitude,ObjectId
17--8842,9/1/2017,2:00 PM,YORK ST EB btwn BY WARD MARKET SQ & SUSSEX DR (__3ZA8ZZ),__3ZA8ZZ,01 - Non intersection,03 - P.D. only,06 - SMV unattended vehicle,01 - Clear,01 - Daylight,01 - Dry,10 - No control,,1,0,0,0,,0,,,,,367923.8747,5032312.104,45.42789397,-75.69330412,13325
17--8843,9/1/2017,2:14 PM,BLACKBURN BYPASS @ NAVAN RD (0004201),4201,02 - Intersection related,03 - P.D. only,03 - Rear end,01 - Clear,01 - Daylight,01 - Dry,01 - Traffic signal,01 - Functioning,2,0,0,0,,0,,,,,379617.6852,5033274.574,45.43540049,-75.54373533,13326
17--8844,9/1/2017,2:47 PM,PRINCE OF WALES DR btwn COLONNADE RD & STEPHANIE AVE (__3ZA29R),__3ZA29R,01 - Non intersection,03 - P.D. only,03 - Rear end,01 - Clear,01 - Daylight,01 - Dry,10 - No control,,2,0,0,0,,0,,,,,367441.2428,5023151.102,45.34550908,-75.70063403,13327
17--8845,9/1/2017,2:59 PM,BEARHILL RD @ MARCH RD (0005738),5738,03 - At intersection,03 - P.D. only,03 - Rear end,01 - Clear,01 - Daylight,01 - Dry,02 - Stop sign,01 - Functioning,2,0,0,0,,0,,,,,338158.7172,5017979.82,45.30097943,-76.07464231,13328
17--8846,9/1/2017,3:15 PM,MONTREAL RD @ BORTHWICK AVE (0007747),7747,03 - At intersection,03 - P.D. only,02 - Angle,01 - Clear,01 - Daylight,01 - Dry,02 - Stop sign,01 - Functioning,2,0,0,0,,0,,,,,371944.345,5034010.116,45.44279747,-75.64169828,13329
17--8847,9/1/2017,3:24 PM,TERRY FOX DR @ PALLADIUM DR/KATIMAVIK RD (0011858),11858,02 - Intersection related,03 - P.D. only,03 - Rear end,01 - Clear,01 - Daylight,01 - Dry,01 - Traffic signal,01 - Functioning,2,0,0,0,,0,,,,,351270.3839,5018181.109,45.30204571,-75.90744402,13330
17--8848,9/1/2017,3:29 PM,MERIVALE RD btwn EMERALD PLAZA SC & MEADOWLANDS DR (__3ZA4HZB),__3ZA4HZB,01 - Non intersection,03 - P.D. only,03 - Rear end,01 - Clear,01 - Daylight,01 - Dry,10 - No control,,3,0,0,0,,0,,,,,364826.3374,5023799.513,45.35157205,-75.73392112,13331
17--8849,9/1/2017,3:36 PM,MCARTHUR AVE @ VANIER PKWY (0004626),4626,02 - Intersection related,03 - P.D. only,04 - Sideswipe,01 - Clear,01 - Daylight,01 - Dry,01 - Traffic signal,01 - Functioning,2,0,0,0,,0,,,,,370217.893,5032688.729,45.43107189,-75.66394061,13332
17--885,1/21/2017,5:21 PM,TWIN ELM RD btwn CAMBRIAN RD & BARNSDALE RD (__3ZAB9C),__3ZAB9C,01 - Non intersection,03 - P.D. only,07 - SMV other,01 - Clear,05 - Dusk,02 - Wet,10 - No control,,1,0,0,0,,0,,,,,359469.2197,5009516.503,45.22349013,-75.80385923,13333
17--8850,9/1/2017,3:42 PM,MACLAREN ST @ O'CONNOR ST (0007174),7174,03 - At intersection,02 - Non-fatal injury,02 - Angle,01 - Clear,01 - Daylight,01 - Dry,02 - Stop sign,01 - Functioning,2,1,0,0,02 - Minor,1,,1,,,367898.7591,5030939.86,45.41554924,-75.69380081,13334
17--8851,9/1/2017,3:54 PM,HIGHWAY 417 btwn HWY417 IC119B RAMP76 & HWY417 IC119A RAMP67 (__3ZA2YT),__3ZA2YT,01 - Non intersection,03 - P.D. only,03 - Rear end,01 - Clear,01 - Daylight,01 - Dry,10 - No control,,2,0,0,0,,0,,,,,368565.5013,5030519.829,45.4117095,-75.6853372,13335
17--8852,9/1/2017,4:00 PM,EARL ARMSTRONG RD @ RIVER RD (0012470),12470,02 - Intersection related,02 - Non-fatal injury,02 - Angle,01 - Clear,01 - Daylight,01 - Dry,01 - Traffic signal,01 - Functioning,2,1,0,0,02 - Minor,1,,1,,,367572.7185,5014685.49,45.26932494,-75.70002866,13336
17--8853,9/1/2017,4:21 PM,MERIVALE RD btwn VIEWMOUNT DR & COLONNADE RD (__3ZA33F),__3ZA33F,01 - Non intersection,02 - Non-fatal injury,03 - Rear end,01 - Clear,01 - Daylight,01 - Dry,10 - No control,,2,0,0,0,01 - Minimal,1,1,,,,365235.2065,5022847.94,45.34297481,-75.72881973,13337
17--8854,9/1/2017,4:37 PM,GREENBANK RD @ LISA AVE (0002753),2753,03 - At intersection,02 - Non-fatal injury,02 - Angle,01 - Clear,01 - Daylight,01 - Dry,01 - Traffic signal,01 - Functioning,2,0,0,0,02 - Minor,1,,1,,,360554.5129,5022893.708,45.34377428,-75.78853749,13338
17--8855,9/1/2017,4:53 PM,MONTREAL RD @ OLMSTEAD ST (0009345),9345,03 - At intersection,02 - Non-fatal injury,07 - SMV other,01 - Clear,01 - Daylight,01 - Dry,01 - Traffic signal,01 - Functioning,1,0,0,1,01 - Minimal,1,1,,,,370332.8506,5033213.398,45.43578187,-75.66240174,13339
17--8856,9/1/2017,5:03 PM,MERIVALE RD btwn SLACK RD & CAPITAL DR (__3ZA3IU),__3ZA3IU,04 - At/near private drive,03 - P.D. only,01 - Approaching,01 - Clear,01 - Daylight,01 - Dry,10 - No control,,2,0,0,0,,0,,,,,366061.4821,5020853.438,45.32495689,-75.71852394,13340
17--8857,9/1/2017,5:15 PM,HIGHWAY 417 btwn HWY417 IC126 RAMP61 & HWY417 IC124 RAMP76 (__3ZA2Y2),__3ZA2Y2,01 - Non intersection,03 - P.D. only,03 - Rear end,01 - Clear,01 - Daylight,01 - Dry,10 - No control,,2,0,0,0,,0,,,,,363680.5974,5026541.775,45.37634372,-75.74821546,13341
17--8858,9/1/2017,5:30 PM,MACDONALD-CARTIER BR RAMP SB-2 btwn BOTELER ST & MACDONALD-CARTIER BR (__3ZAYB8),__3ZAYB8,07 - Overpass or bridge,02 - Non-fatal injury,03 - Rear end,01 - Clear,01 - Daylight,01 - Dry,10 - No control,,3,0,0,0,02 - Minor,1,,1,,,367555.1414,5033162.019,45.4355744,-75.69790759,13342
17--8859,9/1/2017,5:52 PM,TERRY FOX DR S @ DIDSBURY RD/CENTRUM KANATA SC (0011820),11820,03 - At intersection,03 - P.D. only,05 - Turning movement,01 - Clear,01 - Daylight,01 - Dry,01 - Traffic signal,01 - Functioning,3,0,0,0,,0,,,,,350625.063,5018916.463,45.30870502,-75.91560426,13343
17--886,1/21/2017,5:53 PM,DUMAURIER AVE @ BARWELL AVE/GRENON AVE (0002440),2440,03 - At intersection,02 - Non-fatal injury,07 - SMV other,01 - Clear,07 - Dark,02 - Wet,02 - Stop sign,01 - Functioning,1,0,0,1,02 - Minor,1,,1,,,359729.6724,5023651.86,45.3506612,-75.79897797,13344
17--8860,9/1/2017,6:42 PM,JASMINE CRES S @ OGILVIE RD (0009282),9282,03 - At intersection,03 - P.D. only,02 - Angle,01 - Clear,01 - Daylight,01 - Dry,02 - Stop sign,01 - Functioning,2,0,0,0,,0,,,,,375353.7886,5033720.349,45.43985454,-75.59816243,13345
17--8861,9/1/2017,7:30 AM,INNES RD @ STONEHENGE CRES E (0009355),9355,02 - Intersection related,02 - Non-fatal injury,03 - Rear end,01 - Clear,01 - Daylight,01 - Dry,01 - Traffic signal,01 - Functioning,2,0,0,0,02 - Minor,1,,1,,,375363.2691,5031314.263,45.41820499,-75.59838602,13346
17--8862,9/1/2017,7:45 AM,LEES AVE btwn CHESTNUT ST & HWY417 IC118 RAMP45 (__3ZAZD2),__3ZAZD2,04 - At/near private drive,03 - P.D. only,02 - Angle,01 - Clear,01 - Daylight,01 - Dry,10 - No control,,2,0,0,0,,0,,,,,369391.7562,5030792.885,45.41409059,-75.67474634,13347
17--8863,9/1/2017,7:46 AM,BASELINE RD @ FARLANE BLVD (0002725),2725,02 - Intersection related,03 - P.D. only,03 - Rear end,01 - Clear,01 - Daylight,01 - Dry,01 - Traffic signal,01 - Functioning,4,0,0,0,,0,,,,,365356.8875,5025517.293,45.36698274,-75.7269402,13348
17--8864,9/1/2017,8:00 PM,KANATA AVE @ LORD BYNG WAY/MARITIME WAY (0009115),9115,03 - At intersection,03 - P.D. only,03 - Rear end,01 - Clear,07 - Dark,01 - Dry,01 - Traffic signal,01 - Functioning,2,0,0,0,,0,,,,,351429.7183,5019332.87,45.31239899,-75.90530405,13349
17--8865,9/1/2017,8:15 AM,ST. LAURENT BLVD @ COVENTRY RD/OGILVIE RD (0002151),2151,02 - Intersection related,03 - P.D. only,04 - Sideswipe,01 - Clear,01 - Daylight,01 - Dry,01 - Traffic signal,00 - Unknown,2,0,0,0,,0,,,,,372305.2479,5031951.872,45.42424363,-75.63736761,13350
17--8866,9/1/2017,8:20 PM,FALLOWFIELD RD btwn MUNSTER RD & CONLEY RD (__3ZA3EQ),__3ZA3EQ,01 - Non intersection,03 - P.D. only,07 - SMV other,01 - Clear,07 - Dark,01 - Dry,10 - No control,,1,0,0,0,,0,,,,,347163.8602,5005037.895,45.18403692,-75.96092461,13351
17--8867,9/1/2017,8:22 AM,BRIAN COBURN BLVD @ TENTH LINE RD (0013966),13966,02 - Intersection related,02 - Non-fatal injury,03 - Rear end,01 - Clear,01 - Daylight,01 - Dry,01 - Traffic signal,01 - Functioning,2,0,0,0,01 - Minimal,1,1,,,,384428.3389,5035022.308,45.45059377,-75.48197576,13352
17--8868,9/1/2017,8:24 AM,BOOTH ST @ WELLINGTON ST S (0011393),11393,03 - At intersection,03 - P.D. only,03 - Rear end,01 - Clear,01 - Daylight,01 - Dry,02 - Stop sign,01 - Functioning,2,0,0,0,,0,,,,,366402.4807,5030674.905,45.41329858,-75.71294972,13353
17--8869,9/1/2017,8:24 AM,ANALDEA DR/ WHITE ALDER AVE @ BANK ST (0009265),9265,02 - Intersection related,02 - Non-fatal injury,03 - Rear end,01 - Clear,01 - Daylight,01 - Dry,01 - Traffic signal,01 - Functioning,3,0,0,0,01 - Minimal,1,1,,,,375697.8669,5020815.06,45.32370443,-75.59561818,13354
17--887,1/21/2017,6:14 AM,RIVER RD btwn RIDEAU FOREST DR & KILBY LANE (__3ZA38V),__3ZA38V,01 - Non intersection,02 - Non-fatal injury,07 - SMV other,"07 - Fog, mist, smoke, dust",07 - Dark,06 - Ice,10 - No control,,1,0,0,0,01 - Minimal,1,1,,,,370772.0143,5008845.253,45.2164824,-75.66003611,13355
17--8870,9/1/2017,9:18 PM,ANDERSON RD btwn RUSSELL RD & HWY417 IC104 RAMP61 (__3ZA2CK),__3ZA2CK,01 - Non intersection,03 - P.D. only,07 - SMV other,01 - Clear,07 - Dark,01 - Dry,10 - No control,,1,0,0,0,,0,,,,,379786.8139,5026610.7,45.37542533,-75.54258738,13356
17--8871,9/1/2017,9:30 AM,RIVERSIDE DR @ TREMBLAY RD/HWY417 IC117 RAMP52 (0010790),10790,02 - Intersection related,03 - P.D. only,03 - Rear end,01 - Clear,01 - Daylight,01 - Dry,01 - Traffic signal,01 - Functioning,2,0,0,0,,0,,,,,370802.744,5031016.13,45.41596759,-75.65669097,13357
17--8872,9/1/2017,9:40 AM,BYRON AVE @ ISLAND PARK DR (0006365),6365,02 - Intersection related,03 - P.D. only,03 - Rear end,01 - Clear,01 - Daylight,01 - Dry,01 - Traffic signal,01 - Functioning,3,0,0,0,,0,,,,,364255.69,5028603.551,45.39484665,-75.74062499,13358
17--8873,9/1/2017,9:50 PM,KANATA AVE btwn EARL GREY DR & MARITIME WAY (__3ZBPN5),__3ZBPN5,01 - Non intersection,03 - P.D. only,03 - Rear end,02 - Rain,07 - Dark,02 - Wet,10 - No control,,2,0,0,0,,0,,,,,351222.5282,5019312.662,45.31223088,-75.90794822,13359
17--8874,9/2/2017,1:12 PM,LEES AVE @ KING EDWARD AVE/MANN AVE (0011413),11413,02 - Intersection related,03 - P.D. only,03 - Rear end,01 - Clear,01 - Daylight,01 - Dry,01 - Traffic signal,01 - Functioning,2,0,0,0,,0,,,,,369178.889,5031334.786,45.41898603,-75.67739495,13360
17--8875,9/2/2017,1:46 PM,BRONSON AVE @ SOMERSET ST (0002218),2218,02 - Intersection related,03 - P.D. only,03 - Rear end,01 - Clear,01 - Daylight,01 - Dry,01 - Traffic signal,01 - Functioning,2,0,0,0,,0,,,,,366968.1695,5030476.336,45.41146189,-75.70574806,13361
17--8876,9/2/2017,10:47 AM,BRONSON AVE @ HOLMWOOD AVE (0007215),7215,02 - Intersection related,03 - P.D. only,03 - Rear end,01 - Clear,01 - Daylight,01 - Dry,01 - Traffic signal,01 - Functioning,3,0,0,0,,0,,,,,367700.9629,5028729.444,45.39567839,-75.69660975,13362
17--8877,9/2/2017,10:55 PM,ALBION RD btwn LESTER RD & LEITRIM RD (__3ZA3SQ),__3ZA3SQ,01 - Non intersection,02 - Non-fatal injury,07 - SMV other,01 - Clear,07 - Dark,01 - Dry,10 - No control,,1,0,0,0,02 - Minor,1,,1,,,372750.6572,5022197.49,45.33643456,-75.63301897,13363
17--8878,9/2/2017,11:28 AM,VANIER PKWY/CRICHTON ST @ BEECHWOOD AVE/ST. PA (0001604),1604,02 - Intersection related,03 - P.D. only,03 - Rear end,01 - Clear,01 - Daylight,01 - Dry,01 - Traffic signal,00 - Unknown,2,0,0,0,,0,,,,,369127.797,5033488.992,45.43837346,-75.67776633,13364
17--8879,9/2/2017,11:45 AM,BASELINE RD @ CORDOVA ST (0003208),3208,02 - Intersection related,03 - P.D. only,03 - Rear end,01 - Clear,01 - Daylight,01 - Dry,01 - Traffic signal,01 - Functioning,2,0,0,0,,0,,,,,363593.4662,5024409.748,45.35716732,-75.74958155,13365
17--888,1/21/2017,6:24 PM,BLAIR RD @ REGIONAL RD 174 N/OR174 IC112 RAMP61 (0003617),3617,02 - Intersection related,03 - P.D. only,03 - Rear end,01 - Clear,07 - Dark,02 - Wet,01 - Traffic signal,00 - Unknown,3,0,0,0,,0,,,,,374633.856,5032992.77,45.43338047,-75.60746689,13366
17--8880,9/2/2017,12:20 AM,HIGHWAY 417 btwn HIGHWAY 417 & HWY417 IC140 RAMP51 (__3ZA20L),__3ZA20L,01 - Non intersection,03 - P.D. only,07 - SMV other,01 - Clear,07 - Dark,01 - Dry,10 - No control,,1,0,0,0,,0,,,,,349662.0215,5017836.026,45.29904511,-75.92798285,13367
17--8881,9/2/2017,2:05 PM,HIGHWAY 417 btwn HWY417 IC123 RAMP62 & HWY417 IC122 RAMP16 (__3ZA2R9),__3ZA2R9,01 - Non intersection,03 - P.D. only,03 - Rear end,01 - Clear,01 - Daylight,01 - Dry,10 - No control,,5,0,0,0,,0,,,,,364948.7598,5028387.842,45.39284656,-75.73180012,13368
17--8882,9/2/2017,2:30 PM,BANKFIELD RD @ PRINCE OF WALES DR (0003618),3618,02 - Intersection related,03 - P.D. only,03 - Rear end,01 - Clear,01 - Daylight,01 - Dry,01 - Traffic signal,01 - Functioning,2,0,0,0,,0,,,,,366379.2165,5008974.203,45.21804032,-75.71594437,13369
17--8883,9/2/2017,3:34 PM,ELGIN ST @ WELLINGTON ST W (0002113),2113,02 - Intersection related,03 - P.D. only,03 - Rear end,01 - Clear,01 - Daylight,01 - Dry,01 - Traffic signal,00 - Unknown,2,1,0,0,,0,,,,,367665.8137,5031878.243,45.42401347,-75.69665708,13370
17--8884,9/2/2017,3:35 PM,BANK ST @ CAHILL DR/DAZE ST (0012178),12178,02 - Intersection related,03 - P.D. only,03 - Rear end,01 - Clear,01 - Daylight,01 - Dry,01 - Traffic signal,01 - Functioning,2,0,0,0,,0,,,,,371307.5099,5024315.769,45.35563246,-75.65114518,13371
17--8885,9/2/2017,4:07 PM,KITCHENER AVE btwn COCHRANE ST & JASPER AVE (__3ZA0SL),__3ZA0SL,01 - Non intersection,03 - P.D. only,03 - Rear end,01 - Clear,01 - Daylight,01 - Dry,10 - No control,,2,0,0,0,,0,,,,,370981.5821,5025764.079,45.36869472,-75.65511068,13372
17--8886,9/2/2017,4:25 AM,HIGHWAY 417 btwn HWY417 IC131 RAMP66 & HWY417 IC130 RAMP26 (__3ZA29A),__3ZA29A,01 - Non intersection,03 - P.D. only,07 - SMV other,01 - Clear,07 - Dark,01 - Dry,10 - No control,,1,0,0,0,,0,,,,,359149.7871,5023071.823,45.3454872,-75.80644177,13373
17--8887,9/2/2017,4:25 PM,WALKLEY RD @ DON REID DR/RYDER ST (0008218),8218,03 - At intersection,02 - Non-fatal injury,02 - Angle,01 - Clear,01 - Daylight,01 - Dry,01 - Traffic signal,01 - Functioning,2,0,0,0,02 - Minor,1,,1,,,372602.3367,5027284.537,45.38222028,-75.63421335,13374
17--8888,9/2/2017,4:30 PM,HIGHWAY 417 btwn HWY417 IC119A RAMP75 & HWY417 IC118 RAMP57 (__3ZA2R2),__3ZA2R2,01 - Non intersection,03 - P.D. only,03 - Rear end,01 - Clear,01 - Daylight,01 - Dry,10 - No control,,2,0,0,0,,0,,,,,368910.3239,5030670.381,45.41303261,-75.68091264,13375
17--8889,9/2/2017,5:03 PM,BRONSON AVE @ SUNNYSIDE AVE/UNIVERSITY RD - CA (0007209),7209,02 - Intersection related,03 - P.D. only,99 - Other,01 - Clear,01 - Daylight,01 - Dry,01 - Traffic signal,01 - Functioning,4,0,0,0,,0,,,,,367923.6659,5028090.83,45.38991229,-75.6938473,13376
17--889,1/21/2017,6:30 AM,HIGHWAY 417 btwn HWY417 IC104 RAMP16 & HWY417 IC104 RAMP61 (__3ZA2W6),__3ZA2W6,01 - Non intersection,03 - P.D. only,07 - SMV other,04 - Freezing Rain,07 - Dark,06 - Ice,10 - No control,,1,0,0,0,,0,,,,,380226.5044,5025910.852,45.36908136,-75.53708119,13377
17--8890,9/2/2017,5:34 AM,GREENBANK RD btwn MONTEREY DR & MEADOWBANK DR (__3ZA4LG),__3ZA4LG,01 - Non intersection,03 - P.D. only,07 - SMV other,01 - Clear,07 - Dark,01 - Dry,10 - No control,,1,0,0,0,,0,,,,,360675.1037,5022397.403,45.33929893,-75.78705485,13378
17--8891,9/2/2017,6:51 AM,ECCLES ST btwn LEBRETON ST N & BELL ST N (__3ZBOMU),__3ZBOMU,01 - Non intersection,02 - Non-fatal injury,07 - SMV other,01 - Clear,03 - Dawn,01 - Dry,10 - No control,,1,0,0,0,02 - Minor,1,,1,,,366742.859,5030221.033,45.40918472,-75.7086584,13379
17--8892,9/2/2017,6:53 PM,BRONSON AVE @ CATHERINE ST/RAYMOND ST (0007198),7198,02 - Intersection related,03 - P.D. only,03 - Rear end,01 - Clear,01 - Daylight,01 - Dry,01 - Traffic signal,01 - Functioning,2,0,0,0,,0,,,,,367252.7085,5029795.85,45.40531374,-75.70219939,13380
17--8893,9/2/2017,7:05 PM,CARLING AVE @ PINECREST  RD/GREENVIEW AVE (0001630),1630,02 - Intersection related,03 - P.D. only,03 - Rear end,01 - Clear,01 - Daylight,01 - Dry,01 - Traffic signal,01 - Functioning,2,0,0,0,,0,,,,,360006.2023,5024632.765,45.35946566,-75.79533958,13381
17--8894,9/2/2017,7:25 AM,DONALD ST btwn TELFORD AVE & OKEE ST (__3ZA815),__3ZA815,04 - At/near private drive,03 - P.D. only,06 - SMV unattended vehicle,01 - Clear,03 - Dawn,01 - Dry,10 - No control,,1,0,0,0,,0,,,,,371847.0987,5032442.8,45.42870484,-75.6431547,13382
17--8895,9/2/2017,7:28 AM,TERRY FOX DR btwn WALTER BAKER PL & 240 S OF EDGEWATER ST (__3ZA3DKA),__3ZA3DKA,01 - Non intersection,02 - Non-fatal injury,07 - SMV other,01 - Clear,01 - Daylight,01 - Dry,10 - No control,,1,0,1,0,02 - Minor,1,,1,,,351806.7599,5017587.405,45.29666772,-75.90066121,13383
17--8896,9/2/2017,7:50 PM,HIGHWAY 416 btwn HWY416 IC66 RAMP62 & HWY416 IC66 RAMP52 (__3ZAZMX),__3ZAZMX,01 - Non intersection,03 - P.D. only,07 - SMV other,01 - Clear,05 - Dusk,02 - Wet,10 - No control,,1,0,0,0,,0,,,,,359998.7133,5014898.298,45.27187506,-75.79651981,13384
17--8897,9/2/2017,8:11 PM,BRONSON AVE @ SOMERSET ST (0002218),2218,02 - Intersection related,02 - Non-fatal injury,03 - Rear end,01 - Clear,07 - Dark,01 - Dry,01 - Traffic signal,01 - Functioning,2,0,0,0,01 - Minimal,1,1,,,,366968.6429,5030476.336,45.41146184,-75.70574202,13385
17--8898,9/2/2017,8:37 PM,MAYVIEW AVE btwn MEDFORD ST & MERIVALE RD (__3ZA14A),__3ZA14A,01 - Non intersection,03 - P.D. only,06 - SMV unattended vehicle,01 - Clear,07 - Dark,01 - Dry,10 - No control,,1,0,0,0,,0,,,,,364811.663,5026370.552,45.37470712,-75.73379616,13386
17--8899,9/2/2017,9:04 PM,BANK ST btwn SALE BARN RD & GREY'S CREEK RD (__3ZA28J),__3ZA28J,01 - Non intersection,03 - P.D. only,07 - SMV other,01 - Clear,07 - Dark,01 - Dry,10 - No control,,1,0,0,0,,0,,,,,380146.2426,5013406.303,45.25658077,-75.54000722,13387
17--89,1/3/2017,8:10 PM,HIGHWAY 417 btwn HWY417 IC122 RAMP16 & HWY417 IC122 RAMP61 (__3ZA2RA),__3ZA2RA,01 - Non intersection,03 - P.D. only,07 - SMV other,04 - Freezing Rain,07 - Dark,04 - Slush,10 - No control,,1,0,0,0,,0,,,,,365349.5631,5028909.567,45.39750638,-75.72661763,13388
17--890,1/21/2017,6:48 PM,DES EPINETTES AVE @ PRESTWICK DR (0004495),4495,03 - At intersection,03 - P.D. only,02 - Angle,02 - Rain,07 - Dark,02 - Wet,02 - Stop sign,01 - Functioning,2,0,0,0,,0,,,,,383334.2855,5036664.863,45.46549583,-75.49569839,13389
17--8900,9/2/2017,9:30 AM,HIGHWAY 417 btwn HIGHWAY 417 & HWY417 IC129 RAMP51 (__3ZA290),__3ZA290,01 - Non intersection,03 - P.D. only,04 - Sideswipe,01 - Clear,01 - Daylight,01 - Dry,10 - No control,,2,0,0,0,,0,,,,,359885.3302,5023158.607,45.34621071,-75.79704653,13390
17--8901,9/2/2017,9:30 PM,RIDEAU VALLEY DR    N btwn KELLY MARIE DR & BOUCHER CRES (__3ZA38U),__3ZA38U,01 - Non intersection,03 - P.D. only,07 - SMV other,01 - Clear,07 - Dark,01 - Dry,10 - No control,,1,0,0,0,,0,,,,,370635.8812,5008143.46,45.21018045,-75.66186195,13391
17--8902,9/2/2017,9:41 AM,BANK ST @ HUNT CLUB RD (0002119),2119,03 - At intersection,03 - P.D. only,02 - Angle,01 - Clear,01 - Daylight,01 - Dry,01 - Traffic signal,01 - Functioning,2,0,0,0,,0,,,,,371608.2586,5024096.745,45.35363316,-75.64733666,13392
17--8903,9/3/2017,1:04 PM,DALY AVE @ NICHOLAS ST (0011451),11451,02 - Intersection related,02 - Non-fatal injury,02 - Angle,02 - Rain,01 - Daylight,02 - Wet,01 - Traffic signal,01 - Functioning,2,1,0,0,01 - Minimal,1,1,,,,368226.2673,5032046.335,45.42547532,-75.68947429,13393
17--8904,9/3/2017,1:15 PM,CYRVILLE RD btwn STAR TOP RD & MEADOWBROOK RD (__3ZA3SN),__3ZA3SN,04 - At/near private drive,02 - Non-fatal injury,02 - Angle,02 - Rain,01 - Daylight,02 - Wet,10 - No control,,2,0,0,0,01 - Minimal,1,1,,,,374504.0459,5031283.894,45.41801787,-75.6093676,13394
17--8905,9/3/2017,1:18 PM,WALKLEY RD btwn HARDING RD & HALIFAX DR (__3ZA2EK),__3ZA2EK,04 - At/near private drive,03 - P.D. only,03 - Rear end,02 - Rain,01 - Daylight,02 - Wet,10 - No control,,2,0,0,0,,0,,,,,373215.1772,5027646.604,45.38541842,-75.62633855,13395
17--8906,9/3/2017,1:18 PM,CENTREPOINTE DR btwn Continuation of CENTREPOINTE DR & HEMMINGWOOD WAY (__3ZAA3T),__3ZAA3T,01 - Non intersection,02 - Non-fatal injury,07 - SMV other,02 - Rain,01 - Daylight,02 - Wet,10 - No control,,1,0,0,0,01 - Minimal,2,2,,,,362298.6509,5023250.973,45.34684813,-75.76624148,13396
17--8907,9/3/2017,10:09 AM,CATHERINE ST/HWY 417 O'CONN IC119BR76 @ O'CONN (0001697),1697,03 - At intersection,03 - P.D. only,02 - Angle,02 - Rain,01 - Daylight,02 - Wet,01 - Traffic signal,01 - Functioning,2,0,0,0,,0,,,,,368243.4433,5030392.66,45.41059455,-75.68946774,13397
17--8908,9/3/2017,10:23 AM,INNES RD btwn BLAIR RD & ANDERSON RD (__3ZA3JZ),__3ZA3JZ,04 - At/near private drive,03 - P.D. only,05 - Turning movement,02 - Rain,01 - Daylight,02 - Wet,10 - No control,,2,0,0,0,,0,,,,,376210.9681,5031803.571,45.42252149,-75.5874851,13398
17--8909,9/3/2017,10:39 AM,MARCH RD @ TERRY FOX DR (0003173),3173,03 - At intersection,02 - Non-fatal injury,04 - Sideswipe,02 - Rain,01 - Daylight,02 - Wet,01 - Traffic signal,01 - Functioning,2,0,0,0,02 - Minor,1,,1,,,349865.0555,5023400.179,45.34909981,-75.92488779,13399
17--891,1/21/2017,6:55 PM,BOOTH ST @ POPLAR ST (0006506),6506,02 - Intersection related,03 - P.D. only,05 - Turning movement,01 - Clear,07 - Dark,01 - Dry,02 - Stop sign,00 - Unknown,2,0,0,0,,0,,,,,366680.4846,5030058.686,45.40772948,-75.70947556,13400
17--8910,9/3/2017,10:45 AM,HIGHWAY 417 btwn HWY417 IC144 RAMP25 & HWY417 IC142 RAMP51 (__3ZA20J),__3ZA20J,01 - Non intersection,03 - P.D. only,07 - SMV other,02 - Rain,01 - Daylight,02 - Wet,10 - No control,,1,0,0,0,,0,,,,,348230.3053,5016561.508,45.28766653,-75.94634881,13401
17--8911,9/3/2017,10:59 AM,BREWER RD @ BRONSON AVE (0002240),2240,02 - Intersection related,03 - P.D. only,03 - Rear end,02 - Rain,01 - Daylight,02 - Wet,01 - Traffic signal,01 - Functioning,2,0,0,0,,0,,,,,368109.5205,5027767.146,45.38698309,-75.69151551,13402
17--8912,9/3/2017,11:03 AM,AIRPORT PKWY btwn BROOKFIELD RAMP 34 & BRONSON AVE RAMP 24C (__3ZA229),__3ZA229,01 - Non intersection,03 - P.D. only,04 - Sideswipe,02 - Rain,01 - Daylight,02 - Wet,10 - No control,,2,0,0,0,,0,,,,,368709.7731,5026677.729,45.37712633,-75.68399189,13403
17--8913,9/3/2017,11:19 PM,WEST HUNT CLUB RD EB btwn WOODROFFE AVE & 354 E OF WOODROFFE AVE/REC P (__3ZBOG1A),__3ZBOG1A,01 - Non intersection,03 - P.D. only,07 - SMV other,02 - Rain,07 - Dark,02 - Wet,10 - No control,,1,0,0,0,,0,,,,,363832.2203,5021362.857,45.32973163,-75.74689804,13404
17--8914,9/3/2017,11:25 AM,CARLING AVE/STATION RD @ MARCH RD (0002681),2681,02 - Intersection related,03 - P.D. only,07 - SMV other,02 - Rain,01 - Daylight,02 - Wet,01 - Traffic signal,01 - Functioning,1,0,0,0,,0,,,,,350906.6172,5022247.372,45.33865891,-75.91170372,13405
17--8915,9/3/2017,11:30 AM,PRINCESS PATRICIA WAY btwn MARCHE WAY & PRINCESS PATRICIA WAY (e___2HQ0),e___2HQ0,01 - Non intersection,03 - P.D. only,04 - Sideswipe,02 - Rain,01 - Daylight,02 - Wet,10 - No control,,2,0,0,0,,0,,,,,368836.4013,5029302.104,45.40072808,-75.68203471,13406
17--8916,9/3/2017,11:36 AM,BARNSDALE RD @ TWIN ELM RD N (0000840),840,03 - At intersection,03 - P.D. only,07 - SMV other,02 - Rain,01 - Daylight,02 - Wet,02 - Stop sign,01 - Functioning,1,0,0,0,,0,,,,,360185.1706,5007832.468,45.20828091,-75.79493052,13407