Anom_ID,Accident_Date,Accident_Time,Location,Geo_ID,Accident_Location,Classification_of_Accident,Initial_Impact_Type,Environment_Condition,Light,Road_Surface_Condition,Traffic_Control,Traffic_Control_Condition,No__of_Vehicles,No__of_Bicycles,No__of_Motorcycles,No__of_Pedestrians,Max_Injury,No__of_Injuries,No__of_Minimal,No__of_Minor,No__of_Major,No__of_Fatal,X,Y,Latitude,Longitude,ObjectId
17--8917,9/3/2017,11:41 AM,LYON ST    N btwn QUEEN ST & ALBERT ST (__3ZA30F),__3ZA30F,01 - Non intersection,03 - P.D. only,06 - SMV unattended vehicle,02 - Rain,01 - Daylight,02 - Wet,10 - No control,,1,0,0,0,,0,,,,,367044.7894,5031245.476,45.41837557,-75.70467213,13408
17--8918,9/3/2017,11:43 AM,BRONSON AVE btwn UNIVERSITY RD & BREWER WAY (__3ZA3BT),__3ZA3BT,01 - Non intersection,03 - P.D. only,04 - Sideswipe,02 - Rain,01 - Daylight,02 - Wet,10 - No control,,2,0,0,0,,0,,,,,367940.5048,5028061.961,45.38965101,-75.69363596,13409
17--8919,9/3/2017,11:50 AM,ROCKY HILL DR @ PRINCE OF WALES DR (0010328),10328,02 - Intersection related,03 - P.D. only,03 - Rear end,02 - Rain,01 - Daylight,02 - Wet,01 - Traffic signal,01 - Functioning,3,0,0,0,,0,,,,,366968.7684,5014403.42,45.26684054,-75.70775992,13410
17--9014,9/6/2017,2:50 PM,GREENBANK RD @ LISA AVE (0002753),2753,02 - Intersection related,03 - P.D. only,03 - Rear end,01 - Clear,01 - Daylight,01 - Dry,01 - Traffic signal,01 - Functioning,2,0,0,0,,0,,,,,360554.9196,5022893.413,45.34377159,-75.78853234,13411
17--9015,9/6/2017,3:05 PM,ST. JOSEPH BLVD @ JEANNE D'ARC BLVD (0012421),12421,03 - At intersection,03 - P.D. only,04 - Sideswipe,01 - Clear,01 - Daylight,01 - Dry,11 - Roundabout,01 - Functioning,2,0,0,0,,0,,,,,379860.7425,5036471.342,45.46413657,-75.54014142,13412
17--9195,9/11/2017,3:13 PM,MERIVALE RD/LOTTA AVE @ CLYDE AVE (0001112),1112,02 - Intersection related,03 - P.D. only,05 - Turning movement,01 - Clear,01 - Daylight,01 - Dry,01 - Traffic signal,01 - Functioning,2,0,0,0,,0,,,,,364521.6983,5024508.243,45.35797512,-75.73772308,13413
17--9016,9/6/2017,3:07 PM,BOUNDARY RD @ THUNDER RD (0004215),4215,03 - At intersection,03 - P.D. only,05 - Turning movement,01 - Clear,01 - Daylight,01 - Dry,02 - Stop sign,01 - Functioning,2,0,0,0,,0,,,,,387602.4288,5023359.329,45.34529239,-75.44336056,13414
17--9017,9/6/2017,3:22 PM,HIGHWAY 417 btwn HWY417 IC127 RAMP67 & HWY417 IC126 RAMP16 (__3ZA2X0),__3ZA2X0,01 - Non intersection,03 - P.D. only,03 - Rear end,01 - Clear,01 - Daylight,01 - Dry,10 - No control,,2,0,0,0,,0,,,,,362759.0137,5025355.702,45.3657484,-75.76012036,13415
17--9196,9/11/2017,3:25 PM,ORTONA AVE btwn FALAISE RD & STORMONT ST (__3ZAA02),__3ZAA02,04 - At/near private drive,02 - Non-fatal injury,06 - SMV unattended vehicle,01 - Clear,01 - Daylight,01 - Dry,10 - No control,,1,0,0,0,01 - Minimal,1,1,,,,366945.0726,5024593.172,45.35852868,-75.70678381,13416
17--9018,9/6/2017,3:48 PM,CHAMPLAIN BRIDGE/ISLAND PARK DR btwn BATE ISLAND & PROVINCIAL BOUNDARY (__3ZA2ZEA),__3ZA2ZEA,01 - Non intersection,03 - P.D. only,03 - Rear end,01 - Clear,01 - Daylight,01 - Dry,10 - No control,,2,0,0,0,,0,,,,,362924.8903,5030106.924,45.40848548,-75.75744348,13417
17--9197,9/11/2017,3:35 PM,HIGHWAY 417 btwn HWY417 IC118 RAMP57 & HWY417 IC118 RAMP35 (__3ZA2YQ),__3ZA2YQ,01 - Non intersection,03 - P.D. only,03 - Rear end,01 - Clear,01 - Daylight,01 - Dry,10 - No control,,2,0,0,0,,0,,,,,369338.7884,5030956.897,45.4155712,-75.67540153,13418
17--9019,9/6/2017,3:55 PM,MONTGOMERY ST @ MONTREAL RD (0009342),9342,02 - Intersection related,02 - Non-fatal injury,04 - Sideswipe,01 - Clear,01 - Daylight,01 - Dry,01 - Traffic signal,01 - Functioning,2,1,0,0,01 - Minimal,1,1,,,,369813.2392,5032919.878,45.43318941,-75.66908113,13419
17--9198,9/11/2017,3:47 PM,PRINCE OF WALES DR btwn DYNES RD & 187 N OF MEADOWLANDS DR (__3ZA36WB),__3ZA36WB,04 - At/near private drive,03 - P.D. only,02 - Angle,01 - Clear,01 - Daylight,01 - Dry,10 - No control,,2,0,0,0,,0,,,,,367129.9096,5025919.734,45.37044839,-75.70425746,13420
17--902,1/22/2017,1:45 PM,CARP RD btwn RICHARDSON SIDE RD & HWY417 IC144 RAMP62 (__3ZA3FS),__3ZA3FS,01 - Non intersection,03 - P.D. only,03 - Rear end,01 - Clear,01 - Daylight,02 - Wet,10 - No control,,2,0,0,0,,0,,,,,346939.3752,5016326.447,45.28562994,-75.96282486,13421
17--9199,9/11/2017,3:51 PM,CARLING AVE @ KIRKWOOD AVE N (0002358),2358,03 - At intersection,03 - P.D. only,05 - Turning movement,01 - Clear,01 - Daylight,01 - Dry,01 - Traffic signal,01 - Functioning,2,0,0,0,,0,,,,,364276.6706,5027493.583,45.38485758,-75.74049083,13422
17--92,1/3/2017,8:43 PM,STRANDHERD DR @ WOODROFFE AVE (0009688),9688,02 - Intersection related,03 - P.D. only,07 - SMV other,04 - Freezing Rain,07 - Dark,04 - Slush,01 - Traffic signal,01 - Functioning,1,0,0,0,,0,,,,,366106.154,5015394.291,45.27583207,-75.71862917,13423
17--920,1/23/2017,2:27 PM,ST. JOSEPH BLVD/OLD MONTREAL RD @ TRIM RD (0004118),4118,03 - At intersection,03 - P.D. only,02 - Angle,01 - Clear,01 - Daylight,01 - Dry,11 - Roundabout,01 - Functioning,2,0,0,0,,0,,,,,384681.4718,5039283.826,45.48890598,-75.47804733,13424
17--9200,9/11/2017,3:55 PM,BASELINE RD @ WOODROFFE AVE (0002225),2225,02 - Intersection related,02 - Non-fatal injury,99 - Other,01 - Clear,01 - Daylight,01 - Dry,01 - Traffic signal,01 - Functioning,6,0,0,0,02 - Minor,2,1,1,,,362550.1636,5023769.321,45.35149152,-75.76297158,13425
17--9201,9/11/2017,4:07 PM,GILLIGAN RD @ LEITRIM RD (0013707),13707,02 - Intersection related,03 - P.D. only,03 - Rear end,01 - Clear,01 - Daylight,01 - Dry,01 - Traffic signal,01 - Functioning,2,0,0,0,,0,,,,,372980.2,5020083.566,45.31739191,-75.63038168,13426
17--9202,9/11/2017,4:16 PM,BASELINE RD @ FISHER AVE (0002346),2346,02 - Intersection related,03 - P.D. only,03 - Rear end,01 - Clear,01 - Daylight,01 - Dry,01 - Traffic signal,00 - Unknown,2,0,0,0,,0,,,,,366167.1405,5026027.415,45.37150225,-75.71653423,13427
17--9203,9/11/2017,4:40 PM,BELFAST RD @ ST. LAURENT BLVD (0007658),7658,03 - At intersection,03 - P.D. only,02 - Angle,01 - Clear,01 - Daylight,01 - Dry,01 - Traffic signal,01 - Functioning,2,0,0,0,,0,,,,,372860.7241,5030578.339,45.4118314,-75.63045986,13428
17--9204,9/11/2017,4:59 PM,SWITZER AVE btwn KIRKWOOD AVE & END (__3ZA07T),__3ZA07T,01 - Non intersection,03 - P.D. only,06 - SMV unattended vehicle,01 - Clear,01 - Daylight,01 - Dry,10 - No control,,1,0,0,0,,0,,,,,364198.4014,5027570.435,45.38555572,-75.74148098,13429
17--9205,9/11/2017,6:23 PM,DONALD ST @ ST. LAURENT BLVD (0008630),8630,02 - Intersection related,03 - P.D. only,03 - Rear end,01 - Clear,01 - Daylight,01 - Dry,01 - Traffic signal,01 - Functioning,2,0,0,0,,0,,,,,372093.266,5032472.808,45.42895119,-75.64000499,13430
17--9206,9/11/2017,6:35 AM,HIGHWAY 417 btwn HWY417 IC126 RAMP61 & HWY417 IC124 RAMP76 (__3ZA2Y2),__3ZA2Y2,01 - Non intersection,03 - P.D. only,03 - Rear end,01 - Clear,03 - Dawn,01 - Dry,10 - No control,,2,0,0,0,,0,,,,,363678.2018,5026540.64,45.3763337,-75.74824618,13431
17--9207,9/11/2017,6:54 AM,HWY 417 ST.LAURE IC115R51 @ ST. LAURENT BLVD (0002712),2712,02 - Intersection related,03 - P.D. only,03 - Rear end,01 - Clear,01 - Daylight,01 - Dry,01 - Traffic signal,00 - Unknown,2,0,0,0,,0,,,,,372530.3841,5031409.723,45.41934386,-75.63456552,13432
17--9208,9/11/2017,6:57 PM,KING EDWARD R-26 @ MACDONALD-CARTIER BR (0010871),10871,02 - Intersection related,03 - P.D. only,03 - Rear end,01 - Clear,01 - Daylight,01 - Dry,10 - No control,00 - Unknown,2,0,0,0,,0,,,,,367512.5292,5033196.371,45.43588731,-75.6984478,13433
17--9209,9/11/2017,6:59 AM,ASHTON STATION RD btwn DOUGLAS SIDE RD(BECKWITH TWP) & OVERPASS RD (__3ZACC5),__3ZACC5,01 - Non intersection,03 - P.D. only,07 - SMV other,01 - Clear,01 - Daylight,01 - Dry,10 - No control,,1,0,0,0,,0,,,,,339605.4697,5004208.077,45.17698313,-76.05715898,13434
17--921,1/23/2017,2:30 PM,HIGHWAY 416 btwn HWY416 IC75A RAMP43 & HWY416 IC72 RAMP34 (__3ZAZLD),__3ZAZLD,01 - Non intersection,03 - P.D. only,07 - SMV other,01 - Clear,01 - Daylight,01 - Dry,10 - No control,,1,0,0,0,,0,,,,,358760.8156,5021823.053,45.33428076,-75.81154127,13435
17--9210,9/11/2017,7:17 PM,CARP RD @ STITTSVILLE MAIN ST (0005253),5253,03 - At intersection,03 - P.D. only,05 - Turning movement,01 - Clear,05 - Dusk,01 - Dry,01 - Traffic signal,01 - Functioning,2,0,0,0,,0,,,,,349524.2397,5014330.75,45.26751226,-75.93005548,13436
17--9211,9/11/2017,7:46 AM,BANK ST @ SUNNYSIDE AVE (0007219),7219,03 - At intersection,02 - Non-fatal injury,05 - Turning movement,01 - Clear,01 - Daylight,01 - Dry,01 - Traffic signal,01 - Functioning,2,0,0,0,02 - Minor,1,,1,,,368735.1866,5028581.31,45.39425186,-75.68342086,13437
17--9212,9/11/2017,7:50 AM,MEADOWGLEN DR btwn DU CLAIRVAUX RD & DU CLAIRVAUX RD (__3ZA61W),__3ZA61W,01 - Non intersection,03 - P.D. only,06 - SMV unattended vehicle,"07 - Fog, mist, smoke, dust",01 - Daylight,01 - Dry,10 - No control,,1,0,0,0,,0,,,,,379962.3337,5034405.249,45.44553651,-75.53915824,13438
17--9213,9/11/2017,7:55 AM,BOBOLINK RDG @ LIVERY ST (0014961),14961,03 - At intersection,03 - P.D. only,02 - Angle,01 - Clear,01 - Daylight,01 - Dry,02 - Stop sign,01 - Functioning,2,0,0,0,,0,,,,,352715.4762,5014807.571,45.27159266,-75.88934411,13439
17--9214,9/11/2017,8:08 AM,BLAIR RD @ INNES RD (0004165),4165,02 - Intersection related,03 - P.D. only,04 - Sideswipe,01 - Clear,01 - Daylight,01 - Dry,01 - Traffic signal,00 - Unknown,2,0,0,0,,0,,,,,375578.7349,5031439.779,45.41931255,-75.59561525,13440
17--9215,9/11/2017,8:24 PM,MEADOWLANDS DR btwn LAIRD ST & ROWLEY AVE (__3ZA4HL),__3ZA4HL,01 - Non intersection,02 - Non-fatal injury,06 - SMV unattended vehicle,01 - Clear,07 - Dark,01 - Dry,10 - No control,,1,0,0,0,02 - Minor,1,,1,,,364226.9267,5023375.7,45.34780968,-75.74162128,13441
17--9216,9/11/2017,8:25 AM,HIGHWAY 417 btwn HWY417 IC118 RAMP67 & HWY417 IC117 RAMP36 (__3ZA2YO),__3ZA2YO,01 - Non intersection,02 - Non-fatal injury,03 - Rear end,01 - Clear,01 - Daylight,01 - Dry,10 - No control,,3,0,0,0,01 - Minimal,1,1,,,,370177.3428,5031113.707,45.41690427,-75.66466784,13442
17--9217,9/11/2017,8:41 AM,BRONSON AVE @ FIFTH AVE/MADAWASKA DR (0006977),6977,02 - Intersection related,03 - P.D. only,03 - Rear end,01 - Clear,01 - Daylight,01 - Dry,01 - Traffic signal,01 - Functioning,2,0,0,0,,0,,,,,367612.8189,5028938.33,45.3975658,-75.69770884,13443
17--9218,9/11/2017,9:06 AM,CAMPEAU DR @ TERRY FOX DR (0008211),8211,03 - At intersection,03 - P.D. only,05 - Turning movement,01 - Clear,01 - Daylight,01 - Dry,01 - Traffic signal,01 - Functioning,2,0,0,0,,0,,,,,350456.5565,5019011.172,45.30956822,-75.91774434,13444
17--9219,9/11/2017,9:20 AM,MONTREAL RD @ CARSON'S RD/CODD'S RD (0010801),10801,02 - Intersection related,02 - Non-fatal injury,03 - Rear end,01 - Clear,01 - Daylight,01 - Dry,01 - Traffic signal,01 - Functioning,2,0,0,0,02 - Minor,1,,1,,,372770.7513,5034399.12,45.44621767,-75.63108187,13445
17--922,1/23/2017,3:09 PM,PORTOBELLO BLVD/SPRINGRIDGE DR S @ TRIM RD (0012338),12338,03 - At intersection,02 - Non-fatal injury,02 - Angle,01 - Clear,01 - Daylight,01 - Dry,01 - Traffic signal,01 - Functioning,2,0,0,0,01 - Minimal,2,2,,,,385692.0644,5038071.501,45.47788231,-75.46532026,13446
17--9220,9/12/2017,1:18 PM,GREENBANK RD @ MALVERN DR/FOXFIELD DR (0009821),9821,02 - Intersection related,03 - P.D. only,03 - Rear end,01 - Clear,01 - Daylight,01 - Dry,01 - Traffic signal,00 - Unknown,2,0,0,0,,0,,,,,363312.0398,5016194.503,45.28327046,-75.75414381,13447
17--9221,9/12/2017,1:25 PM,OSGOODE ST @ RANGE RD (0008625),8625,02 - Intersection related,03 - P.D. only,06 - SMV unattended vehicle,01 - Clear,01 - Daylight,01 - Dry,02 - Stop sign,01 - Functioning,1,0,0,0,,0,,,,,369498.0977,5032250.003,45.42719136,-75.67319647,13448
17--9222,9/12/2017,10:14 AM,GREENSAND PL @ HUNTSVILLE DR (0014467),14467,02 - Intersection related,03 - P.D. only,06 - SMV unattended vehicle,01 - Clear,01 - Daylight,01 - Dry,10 - No control,00 - Unknown,1,0,0,0,,0,,,,,348545.411,5020070.142,45.31921879,-75.94202239,13449
17--9223,9/12/2017,10:35 AM,BASELINE RD btwn MARSON ST & FISHER AVE (__3ZA4JL),__3ZA4JL,01 - Non intersection,02 - Non-fatal injury,03 - Rear end,01 - Clear,01 - Daylight,01 - Dry,10 - No control,,2,0,0,0,02 - Minor,2,1,1,,,366066.1349,5025963.952,45.37094006,-75.71783151,13450
17--9224,9/12/2017,11:51 AM,ST. JOSEPH BLVD @ JEANNE D'ARC BLVD (0012421),12421,03 - At intersection,03 - P.D. only,02 - Angle,01 - Clear,01 - Daylight,01 - Dry,11 - Roundabout,01 - Functioning,2,0,0,0,,0,,,,,379860.7425,5036471.357,45.4641367,-75.54014142,13451
17--9225,9/12/2017,11:55 PM,HIGHWAY 417 btwn HWY417 IC104 RAMP15 & HWY417 IC96 RAMP51 (__3ZA2W4),__3ZA2W4,01 - Non intersection,03 - P.D. only,04 - Sideswipe,01 - Clear,07 - Dark,01 - Dry,10 - No control,,2,0,0,0,,0,,,,,384863.1054,5024991.214,45.36029286,-75.47804706,13452
17--9226,9/12/2017,Unknown,CARIBOU AVE btwn ORVILLE ST & EVELYN ST (__3ZACMZ),__3ZACMZ,01 - Non intersection,03 - P.D. only,06 - SMV unattended vehicle,01 - Clear,00 - Unknown,01 - Dry,10 - No control,,1,0,0,0,,0,,,,,350759.2709,5013582.111,45.26069613,-75.91438691,13453
17--9227,9/12/2017,Unknown,BANTREE ST btwn EDINBURGH PL & BLACKWELL ST (__3ZA78E),__3ZA78E,01 - Non intersection,03 - P.D. only,06 - SMV unattended vehicle,01 - Clear,00 - Unknown,01 - Dry,10 - No control,,1,0,0,0,,0,,,,,374431.6333,5029954.398,45.40606296,-75.61048054,13454
17--9228,9/12/2017,Unknown,JEANNE D'ARC BLVD  N btwn AVIGNON CRT & DECARIE DR (__3ZBN8P),__3ZBN8P,01 - Non intersection,03 - P.D. only,06 - SMV unattended vehicle,01 - Clear,00 - Unknown,01 - Dry,10 - No control,,1,0,0,0,,0,,,,,380848.1779,5038508.927,45.48236228,-75.52720077,13455
17--9229,9/12/2017,12:06 PM,PRINCE OF WALES DR btwn NORMANDY CRES & FALAISE RD (1) (__3ZA36P),__3ZA36P,01 - Non intersection,03 - P.D. only,05 - Turning movement,01 - Clear,01 - Daylight,01 - Dry,10 - No control,,2,0,0,0,,0,,,,,367473.7499,5024795.484,45.36030198,-75.70001081,13456
17--923,1/23/2017,3:19 PM,COLONEL BY DR @ HAWTHORNE AVE/PRETORIA BRIDGE (0002122),2122,02 - Intersection related,03 - P.D. only,04 - Sideswipe,01 - Clear,01 - Daylight,01 - Dry,01 - Traffic signal,01 - Functioning,2,0,0,0,,0,,,,,368768.6014,5030526.256,45.41174879,-75.68274184,13457
17--9230,9/12/2017,12:30 PM,CUMMINGS AVE @ OGILVIE RD (0009923),9923,02 - Intersection related,03 - P.D. only,03 - Rear end,01 - Clear,01 - Daylight,01 - Dry,01 - Traffic signal,01 - Functioning,2,0,0,0,,0,,,,,372748.7202,5032169.915,45.42616254,-75.63167117,13458
17--9231,9/12/2017,12:52 PM,DUROCHER ST @ MONTREAL RD (0009800),9800,03 - At intersection,02 - Non-fatal injury,02 - Angle,01 - Clear,01 - Daylight,01 - Dry,02 - Stop sign,00 - Unknown,2,0,0,0,01 - Minimal,1,1,,,,370135.8147,5033102.256,45.4348003,-75.66493461,13459
17--9232,9/12/2017,2:22 PM,HWY 417 WOODROFF IC127R62 @ WOODROFFE AVE (0002349),2349,02 - Intersection related,03 - P.D. only,03 - Rear end,01 - Clear,01 - Daylight,01 - Dry,03 - Yield sign,01 - Functioning,2,0,0,0,,0,,,,,362051.402,5025018.4,45.36277154,-75.76919176,13460
17--9233,9/12/2017,2:43 PM,BYRON AVE @ CHURCHILL AVE (0006651),6651,03 - At intersection,03 - P.D. only,05 - Turning movement,01 - Clear,01 - Daylight,01 - Dry,01 - Traffic signal,01 - Functioning,2,1,0,0,,0,,,,,363274.3583,5028179.213,45.39111116,-75.75320789,13461
17--9234,9/12/2017,3:14 PM,HOLLY ACRES RD @ CARLING AVE (0000522),522,02 - Intersection related,03 - P.D. only,03 - Rear end,01 - Clear,01 - Daylight,01 - Dry,01 - Traffic signal,01 - Functioning,2,0,0,0,,0,,,,,358234.2094,5023496.848,45.34938194,-75.81807871,13462
17--9235,9/12/2017,3:25 PM,HIGHWAY 417 btwn HWY417 IC120B RAMP36 & HWY417 IC119B RAMP76 (__3ZA2YU),__3ZA2YU,01 - Non intersection,03 - P.D. only,04 - Sideswipe,01 - Clear,01 - Daylight,02 - Wet,10 - No control,,2,0,0,0,,0,,,,,368086.4494,5030225.503,45.40910474,-75.6914947,13463
17--9236,9/12/2017,3:32 PM,TERRY FOX DR btwn WALTER BAKER PL & 240 S OF EDGEWATER ST (__3ZA3DKA),__3ZA3DKA,01 - Non intersection,03 - P.D. only,03 - Rear end,01 - Clear,01 - Daylight,01 - Dry,10 - No control,,3,0,0,0,,0,,,,,351938.5021,5017494.568,45.29582353,-75.89899041,13464
17--9237,9/12/2017,3:41 AM,BANK ST @ RIVERSIDE DR S (0002704),2704,02 - Intersection related,02 - Non-fatal injury,07 - SMV other,01 - Clear,07 - Dark,01 - Dry,01 - Traffic signal,01 - Functioning,1,0,0,0,02 - Minor,1,,1,,,369305.619,5027893.426,45.38801019,-75.67622599,13465
17--9238,9/12/2017,3:43 PM,CATHERINE ST/HWY 417 O'CONN IC119BR76 @ O'CONN (0001697),1697,02 - Intersection related,03 - P.D. only,04 - Sideswipe,01 - Clear,01 - Daylight,01 - Dry,01 - Traffic signal,01 - Functioning,2,0,0,0,,0,,,,,368244.2779,5030392.938,45.41059697,-75.68945704,13466
17--9239,9/12/2017,3:50 PM,HIGHWAY 417 btwn HWY417 IC122 RAMP51 & HWY417 IC122 RAMP15 (__3ZA2R0),__3ZA2R0,01 - Non intersection,03 - P.D. only,03 - Rear end,01 - Clear,01 - Daylight,01 - Dry,10 - No control,,4,0,0,0,,0,,,,,365306.2022,5028857.921,45.39704543,-75.72717775,13467
17--924,1/23/2017,3:33 PM,MERIVALE RD btwn WOODFIELD DR & 170 N OF WEST HUNT CLUB RD/COSTCO SC (__3ZA33DA),__3ZA33DA,04 - At/near private drive,03 - P.D. only,05 - Turning movement,01 - Clear,01 - Daylight,01 - Dry,10 - No control,,2,0,0,0,,0,,,,,365512.1856,5022181.927,45.3369582,-75.7253674,13468
17--9240,9/12/2017,3:56 PM,HARDING RD @ WALKLEY RD (0007652),7652,03 - At intersection,03 - P.D. only,05 - Turning movement,01 - Clear,01 - Daylight,01 - Dry,01 - Traffic signal,01 - Functioning,2,0,0,0,,0,,,,,373148.2838,5027609.653,45.38509248,-75.6271978,13469
17--9241,9/12/2017,4:03 PM,BEECHWOOD AVE @ MARQUETTE AVE (0005737),5737,02 - Intersection related,03 - P.D. only,01 - Approaching,01 - Clear,01 - Daylight,01 - Dry,02 - Stop sign,00 - Unknown,2,0,0,0,,0,,,,,369680.8926,5034039.636,45.44327682,-75.67062485,13470
17--9242,9/12/2017,4:05 PM,HIGHWAY 417 btwn HWY417 IC121A RAMP16 & HWY417 IC121A RAMP61 (__3ZA2YY),__3ZA2YY,01 - Non intersection,03 - P.D. only,03 - Rear end,01 - Clear,01 - Daylight,01 - Dry,10 - No control,,2,0,0,0,,0,,,,,367491.1005,5029861.435,45.40588254,-75.69914602,13471
17--9243,9/12/2017,4:22 PM,EARL ARMSTRONG RD @ RIVER RD (0012470),12470,02 - Intersection related,02 - Non-fatal injury,03 - Rear end,01 - Clear,01 - Daylight,01 - Dry,01 - Traffic signal,01 - Functioning,2,0,0,0,01 - Minimal,1,1,,,,367572.7185,5014684.621,45.26931712,-75.70002876,13472
17--9244,9/12/2017,4:29 PM,GREENBANK RD @ STRANDHERD DR (0005563),5563,02 - Intersection related,03 - P.D. only,03 - Rear end,01 - Clear,01 - Daylight,01 - Dry,01 - Traffic signal,01 - Functioning,2,0,0,0,,0,,,,,363933.6839,5014784.641,45.27053249,-75.74638831,13473
17--9245,9/12/2017,4:30 PM,HIGHWAY 417 @ HWY 417 NICHOLAS IC118R57 (0002664),2664,02 - Intersection related,03 - P.D. only,03 - Rear end,01 - Clear,01 - Daylight,01 - Dry,10 - No control,00 - Unknown,2,0,0,0,,0,,,,,369062.2458,5030770.919,45.41392328,-75.67895875,13474
17--9246,9/12/2017,4:30 PM,BANK ST btwn 73 N OF EVANS BLVD & EVANS AVE (__3ZA3BJB),__3ZA3BJB,01 - Non intersection,03 - P.D. only,99 - Other,01 - Clear,01 - Daylight,01 - Dry,10 - No control,,2,0,0,0,,0,,,,,369905.5646,5027085.319,45.3806836,-75.66867172,13475
17--9247,9/12/2017,4:47 PM,8TH LINE RD @ MITCH OWENS RD (0003574),3574,02 - Intersection related,02 - Non-fatal injury,03 - Rear end,01 - Clear,01 - Daylight,01 - Dry,02 - Stop sign,01 - Functioning,4,0,0,0,02 - Minor,1,,1,,,382363.2428,5018774.696,45.30464166,-75.51092545,13476
17--9248,9/12/2017,4:59 PM,BANK ST @ DAVIDSON RD/LESTER RD (0008797),8797,02 - Intersection related,02 - Non-fatal injury,03 - Rear end,01 - Clear,01 - Daylight,01 - Dry,01 - Traffic signal,01 - Functioning,2,0,0,0,02 - Minor,1,,1,,,373673.833,5022920.825,45.34285285,-75.62114089,13477
17--9249,9/12/2017,5:02 PM,FISHER AVE @ NORMANDY CRES N (0003142),3142,03 - At intersection,03 - P.D. only,02 - Angle,01 - Clear,01 - Daylight,01 - Dry,02 - Stop sign,01 - Functioning,2,0,0,0,,0,,,,,366683.7582,5024782.66,45.36025677,-75.71009517,13478
17--925,1/23/2017,3:50 PM,EARL ARMSTRONG RD @ RIVER RD (0012470),12470,02 - Intersection related,02 - Non-fatal injury,03 - Rear end,01 - Clear,01 - Daylight,01 - Dry,01 - Traffic signal,01 - Functioning,2,0,0,0,01 - Minimal,1,1,,,,367573.6456,5014688.513,45.26935205,-75.70001646,13479
17--9250,9/12/2017,5:03 PM,CHAPEL CRES/CHAPEL ST @ MANN AVE (0006975),6975,03 - At intersection,03 - P.D. only,02 - Angle,01 - Clear,01 - Daylight,01 - Dry,02 - Stop sign,01 - Functioning,2,0,0,0,,0,,,,,369551.7252,5031552.619,45.42091161,-75.67260289,13480
17--9251,9/12/2017,5:08 PM,BLAIR RD @ REGIONAL RD 174 S/OR174 IC112 RAMP15 (0012435),12435,02 - Intersection related,03 - P.D. only,04 - Sideswipe,01 - Clear,01 - Daylight,01 - Dry,01 - Traffic signal,01 - Functioning,2,0,0,0,,0,,,,,374907.8902,5032661.242,45.43037015,-75.60401215,13481
17--9252,9/12/2017,5:10 PM,DESCHAMPS AVE @ VANIER PKWY (0009243),9243,03 - At intersection,02 - Non-fatal injury,05 - Turning movement,01 - Clear,01 - Daylight,01 - Dry,01 - Traffic signal,01 - Functioning,2,1,0,0,01 - Minimal,1,1,,,,369851.7126,5033267.368,45.4363124,-75.66854355,13482
17--9253,9/12/2017,5:15 PM,HIGHWAY 417 btwn HWY417 IC127 RAMP67 & HWY417 IC126 RAMP16 (__3ZA2X0),__3ZA2X0,01 - Non intersection,03 - P.D. only,03 - Rear end,01 - Clear,01 - Daylight,01 - Dry,10 - No control,,2,0,0,0,,0,,,,,362777.0627,5025357.583,45.36576383,-75.75988976,13483
17--9254,9/12/2017,5:15 PM,HWY417 IC112 RAMP64 btwn HWY417 IC112 RAMP68 & HIGHWAY 417 (__3ZAYAQ),__3ZAYAQ,01 - Non intersection,03 - P.D. only,04 - Sideswipe,01 - Clear,01 - Daylight,01 - Dry,10 - No control,,2,0,0,0,,0,,,,,374723.6168,5030814.466,45.4137723,-75.60662902,13484
17--9255,9/12/2017,5:23 PM,TERRY FOX DR btwn COPE DR & TRANS CANADA TRAIL (__355BDZB),__355BDZB,01 - Non intersection,03 - P.D. only,03 - Rear end,01 - Clear,01 - Daylight,01 - Dry,10 - No control,,3,0,0,0,,0,,,,,353333.5175,5015895.256,45.28133755,-75.88136164,13485
17--9256,9/12/2017,5:50 PM,GREENBANK RD btwn LARKIN DR & MALVERN DR (__3ZA4KJ),__3ZA4KJ,04 - At/near private drive,03 - P.D. only,05 - Turning movement,01 - Clear,01 - Daylight,01 - Dry,10 - No control,,2,0,0,0,,0,,,,,363195.4489,5016464.219,45.28570707,-75.75559813,13486
17--9257,9/12/2017,6:20 AM,MER BLEUE RD E @ NAVAN RD (0004056),4056,02 - Intersection related,03 - P.D. only,03 - Rear end,01 - Clear,03 - Dawn,01 - Dry,02 - Stop sign,00 - Unknown,2,0,0,0,,0,,,,,384139.786,5032190.2,45.42514577,-75.48612072,13487
17--9258,9/12/2017,6:30 PM,ROYDON PL btwn WOODFIELD DR & WEST HUNT CLUB RD (__3ZAYGP),__3ZAYGP,04 - At/near private drive,02 - Non-fatal injury,02 - Angle,01 - Clear,01 - Daylight,01 - Dry,10 - No control,,2,0,0,0,01 - Minimal,3,3,,,,365557.4409,5022355.051,45.33851203,-75.72476878,13488
17--9259,9/12/2017,6:38 PM,CARLING AVE WB btwn CHAMPAGNE AVE S & PRESTON ST (__3ZA4UZ),__3ZA4UZ,01 - Non intersection,03 - P.D. only,04 - Sideswipe,01 - Clear,01 - Daylight,01 - Dry,10 - No control,,2,0,0,0,,0,,,,,366714.8512,5028864.396,45.39698055,-75.70918651,13489