Anom_ID,Accident_Date,Accident_Time,Location,Geo_ID,Accident_Location,Classification_of_Accident,Initial_Impact_Type,Environment_Condition,Light,Road_Surface_Condition,Traffic_Control,Traffic_Control_Condition,No__of_Vehicles,No__of_Bicycles,No__of_Motorcycles,No__of_Pedestrians,Max_Injury,No__of_Injuries,No__of_Minimal,No__of_Minor,No__of_Major,No__of_Fatal,X,Y,Latitude,Longitude,ObjectId
17--926,1/23/2017,5:03 PM,BESSERER ST @ NICHOLAS ST (0007614),7614,02 - Intersection related,03 - P.D. only,04 - Sideswipe,01 - Clear,05 - Dusk,01 - Dry,01 - Traffic signal,01 - Functioning,2,0,0,0,,0,,,,,368184.616,5032112.126,45.42607106,-75.68999803,13490
17--9260,9/12/2017,6:48 PM,DECOEUR DR/SOUTHFIELD WAY @ TENTH LINE RD (0013515),13515,02 - Intersection related,02 - Non-fatal injury,03 - Rear end,01 - Clear,01 - Daylight,01 - Dry,02 - Stop sign,01 - Functioning,2,0,0,0,01 - Minimal,1,1,,,,384551.517,5034726.576,45.447919,-75.48044916,13491
17--9261,9/12/2017,7:13 AM,MARCH RD @ SOLANDT RD (0003172),3172,02 - Intersection related,03 - P.D. only,03 - Rear end,01 - Clear,01 - Daylight,01 - Dry,01 - Traffic signal,01 - Functioning,2,0,0,0,,0,,,,,350489.1616,5022710.279,45.34285156,-75.9169872,13492
17--9262,9/12/2017,7:19 AM,INNES RD @ STONEHENGE CRES E (0009355),9355,02 - Intersection related,03 - P.D. only,03 - Rear end,01 - Clear,01 - Daylight,01 - Dry,01 - Traffic signal,01 - Functioning,2,0,0,0,,0,,,,,375363.7425,5031312.883,45.41819253,-75.59838017,13493
17--9263,9/12/2017,7:21 AM,HIGHWAY 417 btwn Continuation of HIGHWAY 417 & HWY417 IC134 RAMP51 (__3ZA29B),__3ZA29B,01 - Non intersection,03 - P.D. only,03 - Rear end,01 - Clear,01 - Daylight,01 - Dry,10 - No control,,4,0,0,0,,0,,,,,355627.7351,5021768.323,45.33402223,-75.85151763,13494
17--9264,9/12/2017,7:47 AM,ALBERT ST @ LYON ST (0002208),2208,03 - At intersection,02 - Non-fatal injury,07 - SMV other,01 - Clear,01 - Daylight,01 - Dry,01 - Traffic signal,01 - Functioning,1,0,0,1,02 - Minor,1,,1,,,367061.7535,5031219.347,45.41813896,-75.7044587,13495
17--9265,9/12/2017,7:50 AM,HUNT CLUB RD @ RIVERSIDE DR (0002237),2237,02 - Intersection related,03 - P.D. only,04 - Sideswipe,01 - Clear,01 - Daylight,01 - Dry,01 - Traffic signal,01 - Functioning,2,0,0,0,,0,,,,,368036.7032,5021945.498,45.33460788,-75.6931902,13496
17--9266,9/12/2017,7:50 PM,HIGHWAY 416 btwn HWY416 IC66 RAMP34 & HWY416 IC72 RAMP53 (__3ZAZM6),__3ZAZM6,01 - Non intersection,03 - P.D. only,07 - SMV other,01 - Clear,07 - Dark,01 - Dry,10 - No control,,1,0,0,0,,0,,,,,360273.9512,5017838.797,45.29831227,-75.79268356,13497
17--9267,9/12/2017,8:17 AM,GREENBANK RD @ STRANDHERD DR (0005563),5563,02 - Intersection related,03 - P.D. only,03 - Rear end,01 - Clear,01 - Daylight,01 - Dry,01 - Traffic signal,02 - Not functioning,2,0,0,0,,0,,,,,363933.237,5014783.3,45.27052047,-75.74639417,13498
17--9268,9/12/2017,8:18 PM,COVENTRY RD @ LOLA ST (0007175),7175,03 - At intersection,02 - Non-fatal injury,04 - Sideswipe,01 - Clear,07 - Dark,01 - Dry,01 - Traffic signal,01 - Functioning,2,0,0,0,02 - Minor,1,,1,,,371263.7176,5031614.797,45.42131051,-75.65072106,13499
17--9269,9/12/2017,8:21 AM,HAWTHORNE RD btwn STEVENAGE DR & HUNT CLUB RD (__3ZA2E8),__3ZA2E8,04 - At/near private drive,03 - P.D. only,02 - Angle,01 - Clear,01 - Daylight,01 - Dry,10 - No control,,2,0,0,0,,0,,,,,375273.4808,5026972.187,45.37914628,-75.60015351,13500
17--927,1/23/2017,5:24 PM,WOODROFFE AVE @ GEORGINA DR/LENESTER AVE (0002351),2351,02 - Intersection related,03 - P.D. only,04 - Sideswipe,01 - Clear,05 - Dusk,01 - Dry,01 - Traffic signal,01 - Functioning,2,0,0,0,,0,,,,,361909.6866,5025369.426,45.3659416,-75.77096003,13501
17--9270,9/12/2017,8:32 AM,GREENBANK RD btwn HARRISON ST & BANNER RD (__3ZBOCZ),__3ZBOCZ,01 - Non intersection,03 - P.D. only,03 - Rear end,01 - Clear,01 - Daylight,01 - Dry,10 - No control,,2,0,0,0,,0,,,,,360877.5818,5021915.056,45.33494263,-75.78452617,13502
17--9271,9/12/2017,9:02 AM,CARLING AVE/STATION RD @ MARCH RD (0002681),2681,02 - Intersection related,02 - Non-fatal injury,03 - Rear end,01 - Clear,01 - Daylight,01 - Dry,01 - Traffic signal,01 - Functioning,2,0,0,0,01 - Minimal,1,1,,,,350905.0701,5022245.617,45.33864322,-75.91172362,13503
17--9272,9/12/2017,9:20 AM,PRESTON ST @ PRINCE OF WALES DR/QUEEN ELIZABET (0006904),6904,03 - At intersection,02 - Non-fatal injury,05 - Turning movement,01 - Clear,01 - Daylight,01 - Dry,01 - Traffic signal,01 - Functioning,2,0,0,0,02 - Minor,1,,1,,,366900.7115,5028776.548,45.39617365,-75.70682388,13504
17--9273,9/12/2017,9:32 PM,REGIONAL ROAD 174 EB btwn HWY417 IC113 RAMP65 & OR174 BLAIR IC112 RAMP51 (__3ZAZFJ),__3ZAZFJ,01 - Non intersection,02 - Non-fatal injury,03 - Rear end,01 - Clear,07 - Dark,01 - Dry,10 - No control,,3,0,0,0,02 - Minor,1,,1,,,374755.4878,5032786.903,45.43151604,-75.60594178,13505
17--9274,9/12/2017,9:39 PM,AVONCOURT WAY btwn HARKNESS AVE & WALKLEY RD (__3ZA0HZ),__3ZA0HZ,01 - Non intersection,03 - P.D. only,06 - SMV unattended vehicle,01 - Clear,07 - Dark,01 - Dry,10 - No control,,1,0,0,0,,0,,,,,369597.194,5025529.971,45.36671764,-75.67281293,13506
17--9275,9/12/2017,9:46 AM,ST. LAURENT BLVD @ COVENTRY RD/OGILVIE RD (0002151),2151,02 - Intersection related,03 - P.D. only,04 - Sideswipe,01 - Clear,01 - Daylight,01 - Dry,01 - Traffic signal,01 - Functioning,2,0,0,0,,0,,,,,372305.7198,5031951.574,45.4242409,-75.63736162,13507
17--9276,9/12/2017,9:50 AM,BRONSON AVE @ RENFREW AVE (0007197),7197,02 - Intersection related,03 - P.D. only,04 - Sideswipe,01 - Clear,01 - Daylight,01 - Dry,02 - Stop sign,00 - Unknown,2,0,0,0,,0,,,,,367356.7116,5029550.846,45.40309998,-75.70090202,13508
17--9277,9/13/2017,10:18 PM,MARQUETTE AVE @ STE. MONIQUE ST (0009952),9952,03 - At intersection,03 - P.D. only,02 - Angle,01 - Clear,07 - Dark,01 - Dry,02 - Stop sign,01 - Functioning,2,0,0,0,,0,,,,,369992.7598,5033882.83,45.44183693,-75.66665943,13509
17--9278,9/13/2017,10:49 AM,STONEHAVEN DR btwn RICHMOND RD & SAWYER WAY/SUMMITVIEW DR (__3ZA5XW),__3ZA5XW,04 - At/near private drive,03 - P.D. only,02 - Angle,01 - Clear,01 - Daylight,01 - Dry,10 - No control,,2,0,0,0,,0,,,,,356765.7101,5015881.41,45.28096763,-75.83761707,13510
17--9279,9/13/2017,10:59 PM,CARLING AVE btwn DAVIDSON'S SIDE RD & GRANDVIEW RD (__3ZA4Z8),__3ZA4Z8,01 - Non intersection,03 - P.D. only,03 - Rear end,01 - Clear,07 - Dark,01 - Dry,10 - No control,,2,0,0,0,,0,,,,,355536.9555,5024125.051,45.35523489,-75.85243402,13511
17--928,1/23/2017,5:29 AM,ASHTON STATION RD btwn FRANKTOWN RD & KING'S CREEK RD(BECKWITH TWP) (__3ZAC63),__3ZAC63,01 - Non intersection,03 - P.D. only,07 - SMV other,04 - Freezing Rain,07 - Dark,06 - Ice,10 - No control,,1,0,0,0,,0,,,,,346784.7039,4995903.743,45.10186493,-75.96651627,13512
17--9280,9/13/2017,Unknown,MCCARTHY RD btwn PLANTE DR & HUNT CLUB RD (__3ZA9BW),__3ZA9BW,01 - Non intersection,03 - P.D. only,06 - SMV unattended vehicle,01 - Clear,00 - Unknown,01 - Dry,10 - No control,,1,0,0,0,,0,,,,,370461.7009,5023501.291,45.34838374,-75.66204747,13513
17--9460,9/17/2017,4:16 PM,ST. JOSEPH BLVD @ JEANNE D'ARC BLVD (0012421),12421,03 - At intersection,03 - P.D. only,04 - Sideswipe,01 - Clear,01 - Daylight,01 - Dry,11 - Roundabout,01 - Functioning,2,0,0,0,,0,,,,,379861.6893,5036471.818,45.46414075,-75.54012924,13514
17--910,1/22/2017,4:30 PM,INNES RD @ ORLEANS BLVD (0003611),3611,02 - Intersection related,03 - P.D. only,03 - Rear end,01 - Clear,01 - Daylight,01 - Dry,01 - Traffic signal,01 - Functioning,2,0,0,0,,0,,,,,380462.1329,5034295.734,45.44449726,-75.53278678,13515
17--9281,9/13/2017,Unknown,BYWARD MARKET @ YORK ST (0007624),7624,02 - Intersection related,03 - P.D. only,06 - SMV unattended vehicle,01 - Clear,00 - Unknown,01 - Dry,02 - Stop sign,00 - Unknown,1,0,0,0,,0,,,,,367944.2543,5032328.814,45.42804248,-75.69304156,13516
17--9461,9/17/2017,6:17 PM,KHAMSIN ST btwn GALLANTRY WAY & GALLANTRY WAY (e___2KPW),e___2KPW,04 - At/near private drive,03 - P.D. only,99 - Other,01 - Clear,01 - Daylight,01 - Dry,10 - No control,,2,0,0,0,,0,,,,,350809.068,5016497.057,45.28692249,-75.9134823,13517
17--9100,9/8/2017,2:30 PM,COPPERWOOD ST btwn QUARRY RIDGE DR & QUARRY RIDGE DR (__5JY53H),__5JY53H,04 - At/near private drive,03 - P.D. only,06 - SMV unattended vehicle,01 - Clear,01 - Daylight,01 - Dry,10 - No control,,1,0,0,0,,0,,,,,380889.8423,5038092.943,45.47861507,-75.52673233,13518
17--9282,9/13/2017,Unknown,GULF PL btwn HOCHELAGA ST & THE ROCKERY PRIV (__3ZBOBR),__3ZBOBR,01 - Non intersection,03 - P.D. only,06 - SMV unattended vehicle,01 - Clear,00 - Unknown,01 - Dry,10 - No control,,1,0,0,0,,0,,,,,373135.3973,5034406.811,45.44625132,-75.62641982,13519
17--9462,9/17/2017,6:24 AM,BROOKFIELD RD btwn HUNTLEY AVE & CLEMENTINE BLVD (__3ZBORU),__3ZBORU,01 - Non intersection,03 - P.D. only,07 - SMV other,01 - Clear,07 - Dark,01 - Dry,10 - No control,,1,0,0,0,,0,,,,,369494.0898,5026368.709,45.37427388,-75.67401915,13520
17--9101,9/8/2017,2:45 PM,BANK ST @ EVANS AVE (0011429),11429,02 - Intersection related,02 - Non-fatal injury,05 - Turning movement,01 - Clear,01 - Daylight,01 - Dry,02 - Stop sign,00 - Unknown,2,0,0,0,02 - Minor,2,,2,,,369917.6007,5027062.064,45.38047324,-75.66852112,13521
17--9283,9/13/2017,Unknown,DEERFIELD DR btwn NAVAHO DR & DEERFIELD DR (__3ZAAVG),__3ZAAVG,04 - At/near private drive,03 - P.D. only,06 - SMV unattended vehicle,01 - Clear,00 - Unknown,01 - Dry,10 - No control,,1,0,0,0,,0,,,,,363421.0829,5024098.363,45.35437995,-75.75181852,13522
17--9463,9/17/2017,8:03 PM,ALBERT ST @ O'CONNOR ST (0002116),2116,02 - Intersection related,03 - P.D. only,04 - Sideswipe,01 - Clear,07 - Dark,01 - Dry,01 - Traffic signal,00 - Unknown,2,0,0,0,,0,,,,,367537.7467,5031519.856,45.42080032,-75.69833909,13523
17--9102,9/8/2017,3:00 AM,HOPE SIDE RD @ RICHMOND RD (0000581),581,03 - At intersection,03 - P.D. only,07 - SMV other,01 - Clear,07 - Dark,01 - Dry,02 - Stop sign,01 - Functioning,1,0,0,0,,0,,,,,356952.6366,5015486.152,45.27739719,-75.83527609,13524
17--9284,9/13/2017,Unknown,GOTHWOOD PL btwn GOTH AVE & END (__3ZA8OB),__3ZA8OB,04 - At/near private drive,03 - P.D. only,06 - SMV unattended vehicle,01 - Clear,00 - Unknown,01 - Dry,10 - No control,,1,0,0,0,,0,,,,,372374.0015,5023310.999,45.34648992,-75.63767208,13525
17--9464,9/17/2017,9:06 AM,BAYCREST DR @ CEDARWOOD DR (0006999),6999,02 - Intersection related,03 - P.D. only,06 - SMV unattended vehicle,01 - Clear,01 - Daylight,01 - Dry,02 - Stop sign,00 - Unknown,1,0,0,0,,0,,,,,371226.9003,5026791.929,45.37791974,-75.651841,13526
17--9103,9/8/2017,3:04 PM,MERIVALE RD btwn WITHROW AVE & ROSSLAND AVE (__3ZA4H5),__3ZA4H5,04 - At/near private drive,02 - Non-fatal injury,02 - Angle,01 - Clear,01 - Daylight,01 - Dry,10 - No control,,2,1,0,0,01 - Minimal,1,1,,,,364671.8909,5024155.471,45.35478812,-75.73584895,13527
17--9285,9/13/2017,Unknown,ROSLYN AVE btwn AYLMER AVE & WOODBINE PL (__3ZA9HO),__3ZA9HO,04 - At/near private drive,03 - P.D. only,06 - SMV unattended vehicle,01 - Clear,00 - Unknown,01 - Dry,10 - No control,,1,0,0,0,,0,,,,,368231.5223,5028389.981,45.39257614,-75.6898776,13528
17--9104,9/8/2017,3:16 PM,TRIM RD @ WATTERS RD (0012847),12847,03 - At intersection,03 - P.D. only,05 - Turning movement,01 - Clear,01 - Daylight,01 - Dry,01 - Traffic signal,01 - Functioning,2,0,0,0,,0,,,,,384965.6079,5038717.815,45.48378099,-75.47450527,13529
17--9105,9/8/2017,3:20 PM,HIGHWAY 417 btwn HWY417 IC127 RAMP25 & HWY417 IC126 RAMP51 (__3ZA2XA),__3ZA2XA,01 - Non intersection,03 - P.D. only,03 - Rear end,01 - Clear,01 - Daylight,01 - Dry,10 - No control,,2,0,0,0,,0,,,,,362676.7299,5025255.221,45.36485108,-75.76118244,13530
17--9106,9/8/2017,3:29 PM,HAMLET RD @ OTHELLO AVE (0008382),8382,03 - At intersection,03 - P.D. only,02 - Angle,01 - Clear,01 - Daylight,01 - Dry,03 - Yield sign,01 - Functioning,2,0,0,0,,0,,,,,373262.9344,5029288.171,45.40018384,-75.62550099,13531
17--9107,9/8/2017,3:31 PM,ALBERT ST @ BRICKHILL ST (0010802),10802,02 - Intersection related,03 - P.D. only,02 - Angle,01 - Clear,01 - Daylight,01 - Dry,02 - Stop sign,00 - Unknown,2,0,0,0,,0,,,,,366626.1512,5030800.787,45.4144115,-75.71007653,13532
17--9108,9/8/2017,3:58 PM,FALLOWFIELD RD @ MERIVALE RD (0000587),587,02 - Intersection related,02 - Non-fatal injury,03 - Rear end,01 - Clear,01 - Daylight,01 - Dry,01 - Traffic signal,01 - Functioning,3,0,0,0,01 - Minimal,4,4,,,,366891.2657,5018843.799,45.30680152,-75.70819178,13533
17--9109,9/8/2017,3:58 PM,ST. LAURENT BLVD @ COVENTRY RD/OGILVIE RD (0002151),2151,02 - Intersection related,02 - Non-fatal injury,03 - Rear end,01 - Clear,01 - Daylight,01 - Dry,01 - Traffic signal,01 - Functioning,2,0,0,0,01 - Minimal,1,1,,,,372304.8257,5031950.904,45.42423496,-75.63737314,13534
17--911,1/22/2017,7:47 PM,OR174 IC102 RAMP15 @ PLACE D'ORLEANS DR (0009219),9219,03 - At intersection,02 - Non-fatal injury,02 - Angle,01 - Clear,07 - Dark,01 - Dry,01 - Traffic signal,01 - Functioning,2,0,0,0,01 - Minimal,2,2,,,,381879.9778,5038346.4,45.48078685,-75.51402958,13535
17--9110,9/8/2017,4:05 PM,CAMPEAU DR @ TERON RD/COLCHESTER SQ (0009033),9033,03 - At intersection,02 - Non-fatal injury,05 - Turning movement,02 - Rain,01 - Daylight,02 - Wet,01 - Traffic signal,01 - Functioning,2,0,0,0,02 - Minor,1,,1,,,352563.2446,5020468.243,45.32253914,-75.89073887,13536
17--9111,9/8/2017,4:05 PM,CARINA CRES btwn LOCHNAW PRIV & SHANLY PRIV (__8PNLQZ),__8PNLQZ,04 - At/near private drive,03 - P.D. only,05 - Turning movement,01 - Clear,01 - Daylight,02 - Wet,10 - No control,,2,0,0,0,,0,,,,,364808.851,5013012.977,45.25451691,-75.73545,13537
17--9112,9/8/2017,4:12 PM,BESSERER ST @ CUMBERLAND ST (0011559),11559,03 - At intersection,02 - Non-fatal injury,05 - Turning movement,01 - Clear,01 - Daylight,01 - Dry,01 - Traffic signal,01 - Functioning,2,1,0,0,02 - Minor,1,,1,,,368416.2251,5032257.53,45.42735832,-75.68701978,13538
17--9113,9/8/2017,4:24 PM,BRONSON AVE @ IMPERIAL AVE/PLYMOUTH ST (0010859),10859,02 - Intersection related,03 - P.D. only,05 - Turning movement,01 - Clear,01 - Daylight,01 - Dry,10 - No control,00 - Unknown,2,0,0,0,,0,,,,,367318.7033,5029643.313,45.40393536,-75.70137576,13539
17--9114,9/8/2017,4:36 PM,FALLOWFIELD RD @ MOODIE DR (0010412),10412,02 - Intersection related,02 - Non-fatal injury,03 - Rear end,01 - Clear,01 - Daylight,02 - Wet,01 - Traffic signal,01 - Functioning,3,0,0,0,01 - Minimal,2,2,,,,359502.1028,5014636.189,45.26955538,-75.80287727,13540
17--9115,9/8/2017,4:53 PM,CLARENCE ST @ DALHOUSIE ST (0008415),8415,02 - Intersection related,03 - P.D. only,04 - Sideswipe,01 - Clear,01 - Daylight,01 - Dry,01 - Traffic signal,00 - Unknown,2,0,0,0,,0,,,,,368042.863,5032503.963,45.4296095,-75.69175902,13541
17--9116,9/8/2017,4:55 AM,ROSINGDALE ST btwn FOXLIGHT CIR & SUMMERGAZE ST (e___2HRC),e___2HRC,01 - Non intersection,03 - P.D. only,06 - SMV unattended vehicle,01 - Clear,07 - Dark,01 - Dry,10 - No control,,1,0,0,0,,0,,,,,356774.109,5015619.905,45.27861394,-75.8375374,13542
17--9117,9/8/2017,4:58 PM,BELL ST @ GLADSTONE AVE (0006488),6488,03 - At intersection,03 - P.D. only,02 - Angle,01 - Clear,01 - Daylight,01 - Dry,02 - Stop sign,01 - Functioning,2,0,0,0,,0,,,,,366945.7195,5029969.309,45.4069018,-75.70609877,13543
17--892,1/21/2017,7:08 PM,BEARBROOK RD/ROCKCLIFFE PKWY @ ST. JOSEPH BLVD (0012382),12382,02 - Intersection related,03 - P.D. only,03 - Rear end,01 - Clear,07 - Dark,02 - Wet,01 - Traffic signal,01 - Functioning,2,0,0,0,,0,,,,,377128.7343,5035238.499,45.45333249,-75.57525436,13544
17--9118,9/8/2017,5:15 PM,PINECREST RD @ QUEENSVIEW DR (0002739),2739,02 - Intersection related,03 - P.D. only,05 - Turning movement,01 - Clear,01 - Daylight,01 - Dry,01 - Traffic signal,00 - Unknown,2,0,0,0,,0,,,,,360346.6797,5023782.389,45.3517871,-75.79108956,13545
17--9119,9/8/2017,5:30 PM,ANALDEA DR/ WHITE ALDER AVE @ BANK ST (0009265),9265,02 - Intersection related,03 - P.D. only,03 - Rear end,02 - Rain,01 - Daylight,02 - Wet,01 - Traffic signal,00 - Unknown,2,0,0,0,,0,,,,,375696.8561,5020814.607,45.32370046,-75.59563114,13546
17--912,1/22/2017,8:24 PM,WOODROFFE AVE @ QUEENSBURY DR/RIDEAUCREST DR (0000043),43,03 - At intersection,02 - Non-fatal injury,05 - Turning movement,01 - Clear,07 - Dark,01 - Dry,01 - Traffic signal,01 - Functioning,2,0,0,0,02 - Minor,3,,3,,,365726.0733,5016328.175,45.28426815,-75.72335836,13547
17--9120,9/8/2017,5:34 PM,RAFTSMAN LANE S @ VOYAGEUR DR (0003788),3788,03 - At intersection,02 - Non-fatal injury,02 - Angle,01 - Clear,01 - Daylight,01 - Dry,02 - Stop sign,01 - Functioning,2,0,0,0,02 - Minor,1,,1,,,379025.1858,5037885.598,45.47695025,-75.55061121,13548
17--9121,9/8/2017,5:59 PM,CENTURY RD S @ MCCORDICK RD S (0003724),3724,03 - At intersection,02 - Non-fatal injury,02 - Angle,02 - Rain,01 - Daylight,02 - Wet,02 - Stop sign,01 - Functioning,2,0,0,0,02 - Minor,2,,2,,,360469.9388,5003122.656,45.16587845,-75.79183132,13549
17--9122,9/8/2017,6:00 PM,HUNT CLUB RD @ UPLANDS DR (0010844),10844,02 - Intersection related,03 - P.D. only,03 - Rear end,01 - Clear,01 - Daylight,01 - Dry,01 - Traffic signal,01 - Functioning,3,0,0,0,,0,,,,,370156.7272,5023120.946,45.34498999,-75.66598929,13550
17--9123,9/8/2017,6:18 PM,BASELINE RD @ ROCKWAY CRES (0002187),2187,02 - Intersection related,02 - Non-fatal injury,03 - Rear end,01 - Clear,01 - Daylight,01 - Dry,02 - Stop sign,00 - Unknown,2,0,0,0,01 - Minimal,1,1,,,,361184.9301,5022932.729,45.344075,-75.78048916,13551
17--9020,9/6/2017,4:00 PM,INDUSTRIAL AVE/INNES RD @ ST. LAURENT BLVD (0002203),2203,02 - Intersection related,03 - P.D. only,03 - Rear end,01 - Clear,01 - Daylight,01 - Dry,01 - Traffic signal,01 - Functioning,2,0,0,0,,0,,,,,373100.6832,5030005.806,45.40665664,-75.62747384,13552
17--9124,9/8/2017,6:23 PM,CAMPEAU DR @ TERRY FOX DR (0008211),8211,02 - Intersection related,03 - P.D. only,02 - Angle,02 - Rain,01 - Daylight,02 - Wet,01 - Traffic signal,01 - Functioning,2,0,0,0,,0,,,,,350454.2599,5019010.679,45.30956393,-75.91777367,13553
17--9125,9/8/2017,6:49 PM,PRINCE OF WALES DR btwn WATERBEND LANE & TURN LANE (__3ZA1H4),__3ZA1H4,01 - Non intersection,03 - P.D. only,03 - Rear end,01 - Clear,05 - Dusk,01 - Dry,10 - No control,,3,0,0,0,,0,,,,,367433.3513,5021724.23,45.33267106,-75.70091535,13554
17--9126,9/8/2017,6:55 PM,MITCH OWENS RD/BRIDGE ST @ RIVER RD (0003573),3573,02 - Intersection related,03 - P.D. only,99 - Other,01 - Clear,01 - Daylight,01 - Dry,01 - Traffic signal,00 - Unknown,2,0,0,0,,0,,,,,369499.682,5010768.426,45.23390497,-75.67598393,13555
17--9127,9/8/2017,7:01 AM,HIGHWAY 417 btwn TRANSIT & HWY417 IC127 RAMP35 (__3ZA2SK),__3ZA2SK,01 - Non intersection,03 - P.D. only,03 - Rear end,01 - Clear,01 - Daylight,01 - Dry,10 - No control,,2,0,0,0,,0,,,,,361902.0283,5024649.429,45.35946375,-75.77114098,13556
17--9128,9/8/2017,7:19 AM,CYRVILLE RD @ INNES RD (0009352),9352,02 - Intersection related,03 - P.D. only,03 - Rear end,01 - Clear,01 - Daylight,01 - Dry,01 - Traffic signal,01 - Functioning,2,0,0,0,,0,,,,,375046.0797,5031121.353,45.41650121,-75.60246587,13557
17--9129,9/8/2017,7:36 PM,MEADOWLANDS DR btwn TURN LANE & SULLIVAN AVE (__3ZA3GE),__3ZA3GE,04 - At/near private drive,03 - P.D. only,02 - Angle,01 - Clear,05 - Dusk,01 - Dry,10 - No control,,2,0,0,0,,0,,,,,363144.7343,5022778.986,45.34253136,-75.75550092,13558
17--913,1/23/2017,10:09 AM,KARSH DR btwn SOUTHLAND CRES & TOPLEY CRES (__3ZA8N7),__3ZA8N7,01 - Non intersection,03 - P.D. only,99 - Other,01 - Clear,01 - Daylight,01 - Dry,10 - No control,,2,0,0,0,,0,,,,,373812.4285,5026217.131,45.37249806,-75.61891235,13559
17--9130,9/8/2017,8:16 PM,MAITLAND AVE btwn WOODWARD DR & GARFIELD AVE (__3ZA3GU),__3ZA3GU,04 - At/near private drive,02 - Non-fatal injury,99 - Other,01 - Clear,07 - Dark,01 - Dry,10 - No control,,2,0,0,0,01 - Minimal,1,1,,,,363284.8678,5025639.511,45.3682584,-75.75337451,13560
17--9131,9/8/2017,8:20 PM,FENTON RD btwn SOUTHCLARK PL & LEITRIM RD (__3ZA5N1),__3ZA5N1,01 - Non intersection,03 - P.D. only,07 - SMV other,01 - Clear,07 - Dark,01 - Dry,10 - No control,,1,0,0,0,,0,,,,,373955.3031,5020577.536,45.32174111,-75.61787703,13561
17--9132,9/8/2017,8:22 AM,LAURIER AVE   W btwn BRONSON AVE & PERCY ST (__3ZA33Z),__3ZA33Z,01 - Non intersection,03 - P.D. only,07 - SMV other,01 - Clear,01 - Daylight,01 - Dry,10 - No control,,1,0,0,0,,0,,,,,366863.4219,5030894.701,45.41523551,-75.70703349,13562
17--9133,9/8/2017,8:29 AM,MAILES AVE @ PATRICIA AVE (0005609),5609,02 - Intersection related,03 - P.D. only,99 - Other,01 - Clear,01 - Daylight,01 - Dry,10 - No control,00 - Unknown,2,0,0,0,,0,,,,,363919.6865,5028827.314,45.39688848,-75.74488928,13563
17--9134,9/8/2017,8:37 AM,CUMMINGS AVE @ OGILVIE RD (0009923),9923,02 - Intersection related,03 - P.D. only,03 - Rear end,02 - Rain,01 - Daylight,02 - Wet,01 - Traffic signal,01 - Functioning,2,0,0,0,,0,,,,,372749.2667,5032169.493,45.42615869,-75.63166424,13564
17--9135,9/8/2017,8:41 AM,COLDREY AVE @ KIRKWOOD AVE (0006736),6736,03 - At intersection,02 - Non-fatal injury,02 - Angle,01 - Clear,01 - Daylight,01 - Dry,01 - Traffic signal,01 - Functioning,2,0,0,0,02 - Minor,2,,2,,,364438.6484,5027136.644,45.38163213,-75.7384657,13565
17--9136,9/8/2017,9:06 AM,COLONIAL RD @ FRANK KENNY RD (0012888),12888,03 - At intersection,03 - P.D. only,02 - Angle,01 - Clear,01 - Daylight,01 - Dry,02 - Stop sign,01 - Functioning,2,0,0,0,,0,,,,,390201.7044,5032046.833,45.4231421,-75.40869425,13566
17--9137,9/9/2017,1:23 PM,MCARTHUR AVE @ VANIER PKWY (0004626),4626,03 - At intersection,02 - Non-fatal injury,03 - Rear end,01 - Clear,01 - Daylight,01 - Dry,01 - Traffic signal,01 - Functioning,2,0,0,0,01 - Minimal,1,1,,,,370218.705,5032689.916,45.43108249,-75.66393008,13567
17--9138,9/9/2017,1:30 AM,HWY416 IC75B RAMP25 btwn HWY416 IC75C RAMP24 & HWY417 IC131 RAMP55 (__3ZAY4O),__3ZAY4O,01 - Non intersection,02 - Non-fatal injury,07 - SMV other,01 - Clear,07 - Dark,01 - Dry,10 - No control,,1,0,0,0,01 - Minimal,1,1,,,,358636.4284,5022850.047,45.34353125,-75.81301641,13568
17--9139,9/9/2017,10:20 PM,HIGHWAY 417 btwn HWY417 IC124 RAMP67 & HWY417 IC123 RAMP62 (__3ZA2YZ),__3ZA2YZ,01 - Non intersection,03 - P.D. only,04 - Sideswipe,01 - Clear,07 - Dark,01 - Dry,10 - No control,,2,0,0,0,,0,,,,,364722.8098,5027967.805,45.38908652,-75.73473662,13569
17--914,1/23/2017,11:14 AM,PRESTON ST @ SIDNEY ST (0011959),11959,03 - At intersection,03 - P.D. only,02 - Angle,01 - Clear,01 - Daylight,01 - Dry,02 - Stop sign,01 - Functioning,2,0,0,0,,0,,,,,366810.0344,5028985.61,45.39806277,-75.70795565,13570
17--9140,9/9/2017,11:58 AM,TERRY FOX DR @ EDGEWATER ST/WALTER BAKER PL (0002699),2699,03 - At intersection,02 - Non-fatal injury,05 - Turning movement,01 - Clear,01 - Daylight,01 - Dry,01 - Traffic signal,01 - Functioning,2,0,0,0,02 - Minor,1,,1,,,351781.9252,5017612.687,45.29689688,-75.90097544,13571