Anom_ID,Accident_Date,Accident_Time,Location,Geo_ID,Accident_Location,Classification_of_Accident,Initial_Impact_Type,Environment_Condition,Light,Road_Surface_Condition,Traffic_Control,Traffic_Control_Condition,No__of_Vehicles,No__of_Bicycles,No__of_Motorcycles,No__of_Pedestrians,Max_Injury,No__of_Injuries,No__of_Minimal,No__of_Minor,No__of_Major,No__of_Fatal,X,Y,Latitude,Longitude,ObjectId
17--9141,9/9/2017,Unknown,MCCARTHY RD btwn CAHILL DR W & PLANTE DR (__3ZA9CK),__3ZA9CK,04 - At/near private drive,03 - P.D. only,06 - SMV unattended vehicle,01 - Clear,00 - Unknown,01 - Dry,10 - No control,,1,0,0,0,,0,,,,,370341.243,5023711.351,45.35028507,-75.66355671,13572
17--9142,9/9/2017,12:01 AM,CASTLEFRANK RD N @ GLAMORGAN DR N (0004038),4038,02 - Intersection related,03 - P.D. only,06 - SMV unattended vehicle,01 - Clear,07 - Dark,01 - Dry,10 - No control,00 - Unknown,1,0,0,0,,0,,,,,353398.4775,5016665.544,45.28826431,-75.88045822,13573
17--9143,9/9/2017,12:23 PM,HWY 417 WALKLEY IC110R64 @ WALKLEY EXTENSION R (0004205),4205,02 - Intersection related,03 - P.D. only,04 - Sideswipe,01 - Clear,01 - Daylight,01 - Dry,02 - Stop sign,00 - Unknown,2,0,0,0,,0,,,,,375987.9984,5029175.87,45.39890163,-75.5907134,13574
17--9144,9/9/2017,2:00 AM,COLONEL BY DR @ ECHO DR S (0011370),11370,02 - Intersection related,02 - Non-fatal injury,03 - Rear end,01 - Clear,07 - Dark,01 - Dry,10 - No control,00 - Unknown,2,0,0,0,02 - Minor,1,,1,,,368542.7126,5028771.548,45.39598111,-75.68585431,13575
17--9145,9/9/2017,2:15 PM,CARLING AVE @ MOODIE DR/JAMES CUMMINGS AVE W (0000158),158,03 - At intersection,02 - Non-fatal injury,05 - Turning movement,01 - Clear,01 - Daylight,01 - Dry,01 - Traffic signal,01 - Functioning,2,0,0,0,02 - Minor,1,,1,,,356001.6549,5023938.228,45.35352006,-75.8465227,13576
17--9146,9/9/2017,2:28 PM,FOURTH LINE RD @ COMMUNITY WAY (0003721),3721,02 - Intersection related,02 - Non-fatal injury,03 - Rear end,01 - Clear,01 - Daylight,01 - Dry,10 - No control,00 - Unknown,3,0,1,0,03 - Major,3,,2,1,,366707.1948,4999074.539,45.1289334,-75.71299671,13577
17--9147,9/9/2017,2:37 AM,CLARENCE ST @ CUMBERLAND ST (0008412),8412,03 - At intersection,03 - P.D. only,02 - Angle,01 - Clear,07 - Dark,01 - Dry,02 - Stop sign,01 - Functioning,2,0,0,0,,0,,,,,368213.1443,5032607.364,45.43052445,-75.68956973,13578
17--9148,9/9/2017,4:00 PM,MACKENZIE AVE @ RIDEAU ST (0002136),2136,02 - Intersection related,03 - P.D. only,04 - Sideswipe,01 - Clear,01 - Daylight,01 - Dry,01 - Traffic signal,01 - Functioning,2,0,0,0,,0,,,,,367869.5911,5032010.335,45.42518365,-75.69403642,13579
17--9149,9/9/2017,4:06 PM,BEATRICE DR @ CLARIDGE DR (0009697),9697,03 - At intersection,02 - Non-fatal injury,02 - Angle,01 - Clear,01 - Daylight,01 - Dry,02 - Stop sign,01 - Functioning,2,0,0,0,02 - Minor,1,,1,,,365145.2057,5016521.638,45.28605903,-75.73073864,13580
17--915,1/23/2017,11:30 AM,ANDERSON RD btwn HWY417 IC104 RAMP51 & LEITRIM RD (__3ZA2BB),__3ZA2BB,01 - Non intersection,03 - P.D. only,07 - SMV other,01 - Clear,01 - Daylight,01 - Dry,10 - No control,,1,0,0,0,,0,,,,,380319.5248,5025281.319,45.3634072,-75.53599005,13581
17--9150,9/9/2017,4:13 PM,BASELINE RD @ WOODROFFE AVE (0002225),2225,02 - Intersection related,03 - P.D. only,04 - Sideswipe,01 - Clear,01 - Daylight,01 - Dry,01 - Traffic signal,01 - Functioning,2,0,0,0,,0,,,,,362549.6902,5023770.728,45.35150422,-75.76297745,13582
17--9151,9/9/2017,4:20 PM,ALTA VISTA DR btwn PALEN AVE & WESMAR DR (__3ZBOUL),__3ZBOUL,01 - Non intersection,03 - P.D. only,03 - Rear end,01 - Clear,01 - Daylight,01 - Dry,10 - No control,,2,0,0,0,,0,,,,,370426.5987,5027265.76,45.38225853,-75.6619954,13583
17--9152,9/9/2017,4:30 PM,BASELINE RD @ WOODROFFE AVE (0002225),2225,02 - Intersection related,03 - P.D. only,03 - Rear end,01 - Clear,01 - Daylight,01 - Dry,01 - Traffic signal,01 - Functioning,2,0,0,0,,0,,,,,362549.6902,5023770.505,45.35150222,-75.76297748,13584
17--9153,9/9/2017,5:21 PM,ST. JOSEPH BLVD @ JEANNE D'ARC BLVD (0012421),12421,02 - Intersection related,03 - P.D. only,04 - Sideswipe,01 - Clear,01 - Daylight,01 - Dry,11 - Roundabout,01 - Functioning,2,0,0,0,,0,,,,,379860.2956,5036471.357,45.46413675,-75.54014713,13585
17--9154,9/9/2017,5:43 AM,CARP RD btwn GALETTA SIDE RD & STYLES SIDE RD (__3ZA4RT),__3ZA4RT,01 - Non intersection,03 - P.D. only,07 - SMV other,01 - Clear,07 - Dark,01 - Dry,10 - No control,,1,0,0,0,,0,,,,,330039.2859,5033176.616,45.43806642,-76.17739499,13586
17--9155,9/9/2017,5:57 PM,BASELINE RD @ MERIVALE RD (0002342),2342,02 - Intersection related,03 - P.D. only,03 - Rear end,01 - Clear,01 - Daylight,01 - Dry,01 - Traffic signal,01 - Functioning,2,0,0,0,,0,,,,,365053.7497,5025325.278,45.36528115,-75.73083307,13587
17--9156,9/9/2017,7:12 AM,HIGHWAY 416 btwn HWY416 IC49 RAMP24 & HWY416 IC42 RAMP42 (__3ZA29T),__3ZA29T,01 - Non intersection,02 - Non-fatal injury,07 - SMV other,01 - Clear,01 - Daylight,01 - Dry,10 - No control,,1,0,0,0,02 - Minor,1,,1,,,370501.4977,4996834.045,45.1084307,-75.66506021,13588
17--9157,9/9/2017,9:42 AM,GLADSTONE AVE @ KENT ST (0002251),2251,03 - At intersection,03 - P.D. only,02 - Angle,01 - Clear,01 - Daylight,01 - Dry,01 - Traffic signal,01 - Functioning,2,0,0,0,,0,,,,,367744.7042,5030459.332,45.41123948,-75.69583031,13589
17--9158,9/10/2017,1:00 AM,BRONSON AVE @ GLADSTONE AVE (0002110),2110,02 - Intersection related,03 - P.D. only,04 - Sideswipe,01 - Clear,07 - Dark,01 - Dry,01 - Traffic signal,01 - Functioning,2,0,0,0,,0,,,,,367132.7459,5030080.847,45.40788875,-75.70369567,13590
17--9159,9/10/2017,1:40 PM,HUNT CLUB RD @ RIVERSIDE DR (0002237),2237,02 - Intersection related,02 - Non-fatal injury,03 - Rear end,01 - Clear,01 - Daylight,01 - Dry,01 - Traffic signal,00 - Unknown,2,0,0,0,01 - Minimal,1,1,,,,368036.9293,5021944.962,45.33460303,-75.69318738,13591
17--916,1/23/2017,11:35 AM,WEST HUNT CLUB RD @ WOODROFFE AVE (0000576),576,02 - Intersection related,03 - P.D. only,03 - Rear end,01 - Clear,01 - Daylight,01 - Dry,01 - Traffic signal,01 - Functioning,2,0,0,0,,0,,,,,363670.1446,5021245.943,45.32869326,-75.74897945,13592
17--9160,9/10/2017,1:45 PM,HIGHWAY 417 btwn HWY417 IC124 RAMP67 & HWY417 IC123 RAMP62 (__3ZA2YZ),__3ZA2YZ,01 - Non intersection,03 - P.D. only,03 - Rear end,01 - Clear,01 - Daylight,01 - Dry,10 - No control,,3,0,0,0,,0,,,,,364792.6599,5028095.863,45.39023278,-75.73382909,13593
17--9161,9/10/2017,10:23 AM,RIDDELL DR btwn MORAN ST & MARCH VALLEY RD (__3ZBOCH),__3ZBOCH,01 - Non intersection,03 - P.D. only,07 - SMV other,01 - Clear,01 - Daylight,01 - Dry,10 - No control,,1,0,0,0,,0,,,,,347589.5646,5026694.102,45.37888184,-75.95364061,13594
17--9162,9/10/2017,10:25 AM,MITCH OWENS RD @ DOZOIS RD/LIMEBANK RD (0012469),12469,02 - Intersection related,02 - Non-fatal injury,03 - Rear end,01 - Clear,01 - Daylight,01 - Dry,01 - Traffic signal,01 - Functioning,2,0,2,0,02 - Minor,1,,1,,,371678.0497,5012109.781,45.24577076,-75.64806287,13595
17--9163,9/10/2017,10:30 PM,BOUNDARY RD @ HIGHWAY 417 WB (0012384),12384,02 - Intersection related,03 - P.D. only,03 - Rear end,01 - Clear,07 - Dark,01 - Dry,10 - No control,00 - Unknown,2,0,0,0,,0,,,,,387416.4793,5023829.406,45.34954367,-75.44565453,13596
17--9164,9/10/2017,11:30 AM,WELLINGTON ST    W btwn GRANVILLE AVE & GILCHRIST AVE (__3ZA4P3),__3ZA4P3,01 - Non intersection,02 - Non-fatal injury,06 - SMV unattended vehicle,01 - Clear,01 - Daylight,01 - Dry,10 - No control,,1,1,0,0,02 - Minor,1,,1,,,364391.1075,5028984.108,45.39825932,-75.73884961,13597
17--9165,9/10/2017,12:11 PM,REGIONAL ROAD 174 btwn Continuation of REGIONAL ROAD 174 & TO BE DETER (__3ZA11H),__3ZA11H,01 - Non intersection,02 - Non-fatal injury,05 - Turning movement,01 - Clear,01 - Daylight,01 - Dry,10 - No control,,2,0,0,0,02 - Minor,2,,2,,,384694.5494,5040356.259,45.49855317,-75.47770548,13598
17--9166,9/10/2017,12:58 AM,BANK ST btwn ARENA PL & WHITE ALDER AVE (__3ZA29N),__3ZA29N,01 - Non intersection,03 - P.D. only,07 - SMV other,01 - Clear,07 - Dark,01 - Dry,10 - No control,,1,0,0,0,,0,,,,,375434.6257,5021437.151,45.32932829,-75.59888696,13599
17--9167,9/10/2017,2:00 PM,CARP RD @ HAZELDEAN RD (0000086),86,02 - Intersection related,03 - P.D. only,03 - Rear end,01 - Clear,01 - Daylight,01 - Dry,01 - Traffic signal,01 - Functioning,2,0,0,0,,0,,,,,348804.2415,5014359.767,45.26781878,-75.93922778,13600
17--9168,9/10/2017,2:31 PM,CARLING AVE @ RICHMOND RD (0010847),10847,02 - Intersection related,03 - P.D. only,04 - Sideswipe,01 - Clear,01 - Daylight,01 - Dry,01 - Traffic signal,00 - Unknown,2,0,0,0,,0,,,,,360246.2255,5024781.512,45.36078514,-75.79225944,13601
17--9169,9/10/2017,3:00 AM,REGIONAL ROAD 174 btwn OR174 IC105 RAMP35 & OR174 IC105 RAMP25 (__3ZA27E),__3ZA27E,01 - Non intersection,03 - P.D. only,07 - SMV other,01 - Clear,07 - Dark,01 - Dry,10 - No control,,1,0,0,0,,0,,,,,379640.3228,5037132.333,45.4701073,-75.54285904,13602
17--917,1/23/2017,11:44 AM,DALHOUSIE ST @ GUIGUES AVE (0008427),8427,02 - Intersection related,03 - P.D. only,06 - SMV unattended vehicle,01 - Clear,01 - Daylight,01 - Dry,02 - Stop sign,01 - Functioning,1,0,0,0,,0,,,,,367911.6282,5032712.552,45.43149817,-75.69340929,13603
17--9170,9/10/2017,3:22 PM,GREENBANK RD btwn GREENBANK SQUARE SC & GIBBARD AVE (__3ZA4YOB),__3ZA4YOB,04 - At/near private drive,02 - Non-fatal injury,07 - SMV other,01 - Clear,01 - Daylight,01 - Dry,10 - No control,,1,0,1,0,02 - Minor,2,,2,,,361400.5322,5020685.536,45.32383743,-75.77799514,13604
17--9171,9/10/2017,4:15 PM,SHERWOOD DR btwn HOLLAND AVE & HINTON AVE S (__3ZA0ZV),__3ZA0ZV,01 - Non intersection,02 - Non-fatal injury,04 - Sideswipe,01 - Clear,01 - Daylight,01 - Dry,10 - No control,,2,0,0,0,02 - Minor,2,1,1,,,365214.2517,5028674.723,45.395405,-75.72837452,13605
17--9172,9/10/2017,4:25 PM,GUIGUES AVE @ KING EDWARD AVE (0007701),7701,02 - Intersection related,03 - P.D. only,04 - Sideswipe,01 - Clear,01 - Daylight,01 - Dry,02 - Stop sign,00 - Unknown,2,0,0,0,,0,,,,,368202.0359,5032902.256,45.43317879,-75.68967371,13606
17--9173,9/10/2017,4:30 PM,TERRY FOX DR @ WESTPHALIAN AVE (0014366),14366,02 - Intersection related,03 - P.D. only,03 - Rear end,01 - Clear,01 - Daylight,01 - Dry,01 - Traffic signal,01 - Functioning,2,0,0,0,,0,,,,,353455.2261,5015759.789,45.28011017,-75.87982363,13607
17--9174,9/10/2017,5:57 PM,ALESTHER ST @ DONALD ST (0008493),8493,03 - At intersection,03 - P.D. only,05 - Turning movement,01 - Clear,01 - Daylight,01 - Dry,02 - Stop sign,01 - Functioning,2,1,0,0,,0,,,,,371992.7205,5032460.823,45.42885303,-75.64129144,13608
17--9175,9/10/2017,6:25 PM,ALTA VISTA DR @ SMYTH RD (0011353),11353,03 - At intersection,03 - P.D. only,05 - Turning movement,01 - Clear,01 - Daylight,01 - Dry,01 - Traffic signal,01 - Functioning,2,0,0,0,,0,,,,,370431.7601,5029081.796,45.39859809,-75.66168797,13609
17--9176,9/10/2017,6:46 PM,WATTERS RD btwn TRIM RD & END (__3ZA1FO),__3ZA1FO,01 - Non intersection,03 - P.D. only,07 - SMV other,01 - Clear,01 - Daylight,01 - Dry,10 - No control,,1,0,0,0,,0,,,,,385923.351,5038804.954,45.48445434,-75.46224125,13610
17--9177,9/10/2017,7:47 PM,GLADSTONE AVE @ O'CONNOR ST (0002710),2710,03 - At intersection,02 - Non-fatal injury,05 - Turning movement,01 - Clear,07 - Dark,01 - Dry,01 - Traffic signal,01 - Functioning,2,1,0,0,02 - Minor,1,,1,,,368075.667,5030658.809,45.41300446,-75.69157681,13611
17--9178,9/10/2017,8:15 PM,HENNESSY CRES E @ VALIN ST E (0009170),9170,03 - At intersection,03 - P.D. only,02 - Angle,01 - Clear,07 - Dark,01 - Dry,02 - Stop sign,01 - Functioning,2,0,0,0,,0,,,,,385266.7056,5037698.343,45.47457415,-75.47082121,13612
17--9179,9/10/2017,8:38 PM,WEST HUNT CLUB RD btwn MOODIE DR & HWY416 IC72 RAMP53 (__3ZA4YJ),__3ZA4YJ,04 - At/near private drive,02 - Non-fatal injury,05 - Turning movement,01 - Clear,07 - Dark,01 - Dry,10 - No control,,2,0,0,0,01 - Minimal,3,3,,,,358367.8668,5018768.229,45.30682332,-75.81688475,13613
17--918,1/23/2017,12:49 PM,CONROY RD @ JOHNSTON RD (0011908),11908,02 - Intersection related,03 - P.D. only,03 - Rear end,01 - Clear,01 - Daylight,01 - Dry,01 - Traffic signal,01 - Functioning,2,0,0,0,,0,,,,,373396.8071,5026309.694,45.37337171,-75.62420515,13614
17--9180,9/10/2017,9:09 AM,JOCKVALE RD @ FABLE ST/WEYBRIDGE DR E (0000722),722,02 - Intersection related,02 - Non-fatal injury,03 - Rear end,01 - Clear,01 - Daylight,01 - Dry,11 - Roundabout,01 - Functioning,2,0,0,0,01 - Minimal,1,1,,,,362512.428,5015144.054,45.27388458,-75.76445779,13615
17--9181,9/11/2017,1:08 PM,CHAMPLAIN BRIDGE/ISLAND PARK DR @ BATE ISLAND (0010849),10849,02 - Intersection related,02 - Non-fatal injury,05 - Turning movement,01 - Clear,01 - Daylight,01 - Dry,02 - Stop sign,00 - Unknown,2,1,0,0,01 - Minimal,1,1,,,,362970.508,5030058.581,45.40804671,-75.75686646,13616
17--9182,9/11/2017,1:52 PM,GREENBANK RD @ IRIS ST/HWY 417 IC129 RAMP51 (0009073),9073,02 - Intersection related,03 - P.D. only,03 - Rear end,01 - Clear,01 - Daylight,01 - Dry,01 - Traffic signal,01 - Functioning,2,0,0,0,,0,,,,,360530.9729,5023312.521,45.34754462,-75.78879067,13617
17--9183,9/11/2017,10:00 AM,LEBRETON ST    N btwn GLADSTONE AVE & LOUISA ST (__3ZAAJR),__3ZAAJR,04 - At/near private drive,03 - P.D. only,06 - SMV unattended vehicle,01 - Clear,01 - Daylight,01 - Dry,10 - No control,,1,0,0,0,,0,,,,,366895.4443,5029831.328,45.40566474,-75.70675834,13618
17--9184,9/11/2017,10:45 AM,HIGHWAY 417 btwn HWY417 IC127 RAMP25 & HWY417 IC126 RAMP51 (__3ZA2XA),__3ZA2XA,01 - Non intersection,03 - P.D. only,04 - Sideswipe,01 - Clear,01 - Daylight,01 - Dry,10 - No control,,2,0,0,0,,0,,,,,362948.065,5025527.813,45.36728138,-75.75768696,13619
17--9185,9/11/2017,10:47 PM,MEADOWLANDS DR @ MERIVALE RD (0000625),625,03 - At intersection,03 - P.D. only,04 - Sideswipe,01 - Clear,07 - Dark,01 - Dry,01 - Traffic signal,01 - Functioning,2,0,0,0,,0,,,,,364857.7441,5023725.749,45.35090564,-75.73352929,13620
17--9186,9/11/2017,11:17 AM,CARP RD btwn RICHARDSON SIDE RD & HWY417 IC144 RAMP62 (__3ZA3FS),__3ZA3FS,04 - At/near private drive,03 - P.D. only,03 - Rear end,01 - Clear,01 - Daylight,01 - Dry,10 - No control,,2,0,0,0,,0,,,,,347105.5495,5016140.85,45.28394989,-75.96072246,13621
17--9187,9/11/2017,11:31 AM,RICHMOND RD @ HOLLY ACRES RD/NANAIMO DR (0001068),1068,03 - At intersection,03 - P.D. only,05 - Turning movement,01 - Clear,01 - Daylight,01 - Dry,01 - Traffic signal,01 - Functioning,2,0,0,0,,0,,,,,359059.6274,5022749.213,45.34259133,-75.8076276,13622
17--9188,9/11/2017,12:02 PM,BANK ST @ RIVERSIDE DR N (0010778),10778,02 - Intersection related,03 - P.D. only,03 - Rear end,01 - Clear,01 - Daylight,01 - Dry,01 - Traffic signal,00 - Unknown,2,0,0,0,,0,,,,,369225.7159,5027983.309,45.38882628,-75.67723455,13623
17--9189,9/11/2017,12:21 PM,BILBERRY DR E @ JEANNE D'ARC BLVD (0003851),3851,02 - Intersection related,03 - P.D. only,03 - Rear end,01 - Clear,01 - Daylight,01 - Dry,02 - Stop sign,00 - Unknown,2,0,0,0,,0,,,,,381176.2376,5038630.154,45.48341717,-75.52298603,13624
17--919,1/23/2017,2:00 PM,LEITRIM RD btwn LIMEBANK RD & HIGH RD (__3ZBOEL),__3ZBOEL,01 - Non intersection,03 - P.D. only,07 - SMV other,01 - Clear,01 - Daylight,01 - Dry,10 - No control,,1,0,0,0,,0,,,,,369613.4885,5018031.712,45.29924859,-75.67358683,13625
17--9286,9/13/2017,12:00 PM,MEADOWLANDS DR/TALLWOOD DR @ WOODROFFE AVE (0000095),95,02 - Intersection related,03 - P.D. only,03 - Rear end,01 - Clear,01 - Daylight,01 - Dry,01 - Traffic signal,01 - Functioning,2,0,0,0,,0,,,,,363055.7338,5022729.3,45.34209168,-75.75664235,13626
17--9465,9/17/2017,9:40 PM,BLEEKS RD @ DWYER HILL RD (0005285),5285,02 - Intersection related,02 - Non-fatal injury,07 - SMV other,01 - Clear,07 - Dark,01 - Dry,02 - Stop sign,01 - Functioning,1,0,0,0,02 - Minor,1,,1,,,346545.0484,5000872.603,45.14659211,-75.96914682,13627
17--9021,9/6/2017,4:30 PM,CLEARVIEW AVE @ ISLAND PARK DR (0006144),6144,02 - Intersection related,03 - P.D. only,02 - Angle,01 - Clear,01 - Daylight,01 - Dry,02 - Stop sign,01 - Functioning,2,0,0,0,,0,,,,,363546.689,5029364.565,45.40175396,-75.74958901,13628
17--8920,9/3/2017,11:51 PM,VANIER PKWY/CRICHTON ST @ BEECHWOOD AVE/ST. PA (0001604),1604,02 - Intersection related,02 - Non-fatal injury,07 - SMV other,01 - Clear,07 - Dark,01 - Dry,01 - Traffic signal,01 - Functioning,1,0,0,0,01 - Minimal,1,1,,,,369127.8277,5033486.908,45.43835471,-75.67776621,13629
17--9287,9/13/2017,12:15 PM,COLONEL BY DR @ HOG'S BACK RD (0002635),2635,02 - Intersection related,03 - P.D. only,03 - Rear end,01 - Clear,01 - Daylight,01 - Dry,01 - Traffic signal,01 - Functioning,2,0,0,0,,0,,,,,367603.6033,5025873.761,45.36999245,-75.69821643,13630
17--9466,9/18/2017,1:36 PM,BELFAST RD @ ST. LAURENT BLVD (0007658),7658,03 - At intersection,02 - Non-fatal injury,02 - Angle,01 - Clear,01 - Daylight,01 - Dry,01 - Traffic signal,01 - Functioning,4,0,0,0,02 - Minor,1,,1,,,372860.2462,5030578.323,45.41183131,-75.63046597,13631
17--8921,9/3/2017,11:55 AM,BOOTH ST @ GLADSTONE AVE (0002211),2211,02 - Intersection related,03 - P.D. only,02 - Angle,01 - Clear,01 - Daylight,01 - Dry,01 - Traffic signal,01 - Functioning,2,0,0,0,,0,,,,,366768.159,5029849.469,45.40583925,-75.70838192,13632
17--9022,9/6/2017,4:55 PM,PRINCE OF WALES DR @ WEST HUNT CLUB RD (0000567),567,02 - Intersection related,03 - P.D. only,03 - Rear end,01 - Clear,01 - Daylight,01 - Dry,01 - Traffic signal,01 - Functioning,2,0,0,0,,0,,,,,367459.1572,5021891.28,45.33417184,-75.700565,13633
17--9288,9/13/2017,12:26 PM,ST. JOSEPH BLVD @ JEANNE D'ARC BLVD (0012421),12421,03 - At intersection,03 - P.D. only,04 - Sideswipe,01 - Clear,01 - Daylight,01 - Dry,11 - Roundabout,01 - Functioning,2,0,0,0,,0,,,,,379861.1894,5036470.911,45.46413264,-75.54013577,13634
17--8922,9/3/2017,12:24 AM,RUSSELL RD btwn BLAKE RD & RAMSAYVILLE RD (__3ZA2CH),__3ZA2CH,01 - Non intersection,02 - Non-fatal injury,03 - Rear end,01 - Clear,07 - Dark,01 - Dry,10 - No control,,2,0,0,0,01 - Minimal,1,1,,,,377391.4975,5026511.15,45.37478188,-75.57318072,13635
17--9467,9/18/2017,1:50 PM,VIEWMOUNT DR @ MERIVALE RD (0001528),1528,02 - Intersection related,03 - P.D. only,03 - Rear end,01 - Clear,01 - Daylight,01 - Dry,01 - Traffic signal,00 - Unknown,2,0,0,0,,0,,,,,365194.144,5022948.272,45.34388112,-75.72933141,13636
17--9023,9/6/2017,5:04 PM,EDISON AVE @ RAVENHILL AVE (0006597),6597,02 - Intersection related,03 - P.D. only,02 - Angle,01 - Clear,01 - Daylight,01 - Dry,02 - Stop sign,01 - Functioning,2,0,0,0,,0,,,,,363238.5604,5028065.585,45.39009174,-75.75367849,13637
17--9289,9/13/2017,12:46 PM,HENNESSY CRES/VARENNES BLVD @ VALIN ST (0012339),12339,03 - At intersection,03 - P.D. only,02 - Angle,01 - Clear,01 - Daylight,01 - Dry,02 - Stop sign,01 - Functioning,2,0,0,0,,0,,,,,385176.5556,5037685.492,45.47446891,-75.47197615,13638
17--8923,9/3/2017,12:30 PM,CYRVILLE RD @ MEADOWBROOK RD (0012477),12477,02 - Intersection related,03 - P.D. only,03 - Rear end,02 - Rain,01 - Daylight,02 - Wet,01 - Traffic signal,01 - Functioning,2,0,0,0,,0,,,,,374628.7862,5031241.846,45.41762711,-75.6077799,13639
17--8924,9/3/2017,12:39 PM,FROBISHER LANE W @ RIVERSIDE DR (0011961),11961,03 - At intersection,03 - P.D. only,03 - Rear end,01 - Clear,01 - Daylight,02 - Wet,01 - Traffic signal,01 - Functioning,2,0,0,0,,0,,,,,370118.7084,5029601.226,45.40330101,-75.66561734,13640
17--8925,9/3/2017,12:45 PM,LAFONTAINE AVE @ MCARTHUR AVE (0009806),9806,02 - Intersection related,03 - P.D. only,05 - Turning movement,02 - Rain,01 - Daylight,02 - Wet,01 - Traffic signal,01 - Functioning,2,0,0,0,,0,,,,,370951.146,5032772.291,45.43175477,-75.65455922,13641
17--8926,9/3/2017,12:50 PM,BREWER RD @ BRONSON AVE (0002240),2240,02 - Intersection related,03 - P.D. only,03 - Rear end,02 - Rain,01 - Daylight,02 - Wet,01 - Traffic signal,01 - Functioning,2,0,0,0,,0,,,,,368108.5737,5027765.252,45.38696614,-75.69152784,13642
17--8927,9/3/2017,2:00 AM,TRENTON AVE btwn PRINCE ST & SILVER ST (__3ZA0D9),__3ZA0D9,01 - Non intersection,03 - P.D. only,06 - SMV unattended vehicle,01 - Clear,07 - Dark,01 - Dry,10 - No control,,1,0,0,0,,0,,,,,365209.7671,5026559.523,45.37637324,-75.72869068,13643
17--8928,9/3/2017,2:15 PM,HIGHWAY 417 btwn HWY417 IC126 RAMP51 & HWY417 IC126 RAMP25 (__3ZA2RD),__3ZA2RD,01 - Non intersection,03 - P.D. only,04 - Sideswipe,02 - Rain,01 - Daylight,02 - Wet,10 - No control,,2,0,0,0,,0,,,,,363268.1259,5025967.985,45.37121537,-75.75354935,13644
17--8929,9/3/2017,2:30 PM,OTTAWA RIVER PKWY OFFR-EB @ PARKDALE AVE (0011241),11241,02 - Intersection related,02 - Non-fatal injury,07 - SMV other,02 - Rain,01 - Daylight,02 - Wet,03 - Yield sign,00 - Unknown,1,0,0,0,01 - Minimal,1,1,,,,364685.0963,5030331.054,45.41035376,-75.73493128,13645
17--893,1/21/2017,7:17 PM,PRINCE OF WALES DR btwn WELLSMERE CRT & TURN LANE (__3ZA2Y6),__3ZA2Y6,01 - Non intersection,03 - P.D. only,04 - Sideswipe,01 - Clear,07 - Dark,01 - Dry,10 - No control,,2,0,0,0,,0,,,,,367450.3693,5022042.239,45.33553093,-75.700658,13646
17--8930,9/3/2017,2:35 AM,CAHILL DR    W btwn MCCARTHY RD & OWL DR (__3ZA9CX),__3ZA9CX,01 - Non intersection,03 - P.D. only,06 - SMV unattended vehicle,01 - Clear,07 - Dark,01 - Dry,10 - No control,,1,0,0,0,,0,,,,,370277.0966,5023757.187,45.35070348,-75.6643692,13647
17--8931,9/3/2017,2:39 PM,SWEETNAM DR btwn ORCHARD DR & HARRY DOUGLAS DR (__3ZA2HY),__3ZA2HY,01 - Non intersection,03 - P.D. only,07 - SMV other,02 - Rain,01 - Daylight,02 - Wet,10 - No control,,1,0,0,0,,0,,,,,350576.0601,5015491.671,45.27789093,-75.91654524,13648
17--8932,9/3/2017,2:40 PM,HIGHWAY 417 btwn HWY417 IC129 RAMP25 & TRANSIT (__3ZA2SH),__3ZA2SH,01 - Non intersection,03 - P.D. only,03 - Rear end,02 - Rain,01 - Daylight,02 - Wet,10 - No control,,2,0,0,0,,0,,,,,361369.0488,5024228.081,45.35571569,-75.77799169,13649
17--8933,9/3/2017,2:44 PM,WOODROFFE AVE/HWY 417 WOODROFF IC127R25 @ HWY  (0002348),2348,02 - Intersection related,03 - P.D. only,07 - SMV other,02 - Rain,01 - Daylight,02 - Wet,01 - Traffic signal,01 - Functioning,1,0,0,0,,0,,,,,362179.4237,5024694.679,45.35984826,-75.7675953,13650
17--8934,9/3/2017,2:46 PM,TENTH LINE RD btwn LAKEPOINTE DR & BLACKBURN BYPS (__6732GZ),__6732GZ,01 - Non intersection,03 - P.D. only,07 - SMV other,02 - Rain,01 - Daylight,02 - Wet,10 - No control,,1,0,0,0,,0,,,,,384426.6672,5035026.33,45.45063015,-75.48199648,13651
17--8935,9/3/2017,2:53 PM,MERIVALE RD @ CAPILANO DR/WITHROW AVE (0009820),9820,03 - At intersection,03 - P.D. only,02 - Angle,02 - Rain,01 - Daylight,02 - Wet,01 - Traffic signal,01 - Functioning,2,0,0,0,,0,,,,,364642.9069,5024227.052,45.35543467,-75.73621017,13652
17--8936,9/3/2017,3:19 PM,EXPLORER LANE N @ VOYAGEUR DR N (0003786),3786,02 - Intersection related,03 - P.D. only,07 - SMV other,02 - Rain,01 - Daylight,02 - Wet,02 - Stop sign,01 - Functioning,1,0,0,0,,0,,,,,378433.3887,5037815.482,45.47638206,-75.55819016,13653
17--8937,9/3/2017,3:24 PM,GREENBANK RD btwn 220 N OF STRANDHERD DR & STRANDHERD DR (__3ZA4JFB),__3ZA4JFB,01 - Non intersection,02 - Non-fatal injury,03 - Rear end,01 - Clear,01 - Daylight,01 - Dry,10 - No control,,2,0,0,0,02 - Minor,1,,1,,,363926.8151,5014803.671,45.2707043,-75.74647357,13654