Anom_ID,Accident_Date,Accident_Time,Location,Geo_ID,Accident_Location,Classification_of_Accident,Initial_Impact_Type,Environment_Condition,Light,Road_Surface_Condition,Traffic_Control,Traffic_Control_Condition,No__of_Vehicles,No__of_Bicycles,No__of_Motorcycles,No__of_Pedestrians,Max_Injury,No__of_Injuries,No__of_Minimal,No__of_Minor,No__of_Major,No__of_Fatal,X,Y,Latitude,Longitude,ObjectId
17--8938,9/3/2017,3:42 AM,HIGHWAY 417 btwn HWY417 IC123 RAMP62 & HWY417 IC122 RAMP16 (__3ZA2R9),__3ZA2R9,01 - Non intersection,03 - P.D. only,07 - SMV other,01 - Clear,07 - Dark,01 - Dry,10 - No control,,1,0,0,0,,0,,,,,365092.5523,5028641.56,45.39511709,-75.72993281,13655
17--8939,9/3/2017,4:15 PM,WOODROFFE AVE @ GEORGINA DR/LENESTER AVE (0002351),2351,02 - Intersection related,03 - P.D. only,03 - Rear end,02 - Rain,01 - Daylight,02 - Wet,01 - Traffic signal,01 - Functioning,2,0,0,0,,0,,,,,361909.9672,5025369.847,45.36594537,-75.7709564,13656
17--894,1/21/2017,8:23 AM,BANK ST btwn SOUTHKEYS SC & CAHILL DR/DAZE ST (__3ZA37TB),__3ZA37TB,01 - Non intersection,03 - P.D. only,03 - Rear end,"07 - Fog, mist, smoke, dust",01 - Daylight,02 - Wet,10 - No control,,2,0,0,0,,0,,,,,371176.0903,5024435.347,45.35672083,-75.65280628,13657
17--8940,9/3/2017,4:19 PM,BESSERER ST @ KING EDWARD AVE (0007758),7758,03 - At intersection,03 - P.D. only,02 - Angle,02 - Rain,01 - Daylight,02 - Wet,01 - Traffic signal,01 - Functioning,5,0,0,0,,0,,,,,368550.7052,5032340.343,45.4280912,-75.68529065,13658
17--8941,9/3/2017,4:32 PM,ORCHARDVIEW AVE @ GARDENWAY DR (0012937),12937,03 - At intersection,03 - P.D. only,02 - Angle,02 - Rain,01 - Daylight,02 - Wet,02 - Stop sign,01 - Functioning,2,0,0,0,,0,,,,,384734.6701,5036807.1,45.4666167,-75.47776989,13659
17--8942,9/3/2017,4:32 PM,CARLING AVE @ NORTON AVE (0002643),2643,03 - At intersection,03 - P.D. only,05 - Turning movement,01 - Clear,01 - Daylight,02 - Wet,02 - Stop sign,01 - Functioning,2,0,0,0,,0,,,,,360636.9454,5025011.848,45.36282668,-75.78724648,13660
17--8943,9/3/2017,5:10 PM,MOODIE DR @ WEST HUNT CLUB RD (0010414),10414,02 - Intersection related,03 - P.D. only,03 - Rear end,02 - Rain,01 - Daylight,02 - Wet,01 - Traffic signal,01 - Functioning,2,0,0,0,,0,,,,,357907.1783,5018499.166,45.30443724,-75.82278802,13661
17--8944,9/3/2017,5:14 PM,BRONSON AVE @ IMPERIAL AVE/PLYMOUTH ST (0010859),10859,02 - Intersection related,03 - P.D. only,03 - Rear end,02 - Rain,01 - Daylight,02 - Wet,10 - No control,00 - Unknown,2,0,0,0,,0,,,,,367318.6466,5029643.415,45.40393629,-75.70137648,13662
17--8945,9/3/2017,5:40 PM,OGILVIE RD @ CITY PARK DR E/CSIS HQ ACCESS (0003696),3696,02 - Intersection related,02 - Non-fatal injury,07 - SMV other,02 - Rain,01 - Daylight,02 - Wet,01 - Traffic signal,01 - Functioning,1,0,0,0,02 - Minor,1,,1,,,374187.7815,5033010.813,45.43358722,-75.61316485,13663
17--8946,9/3/2017,6:21 PM,MOODIE DR btwn WEST HUNT CLUB RD & ALTI PL (__3ZBOCW),__3ZBOCW,01 - Non intersection,03 - P.D. only,07 - SMV other,02 - Rain,01 - Daylight,02 - Wet,10 - No control,,1,0,0,0,,0,,,,,358646.6768,5016680.528,45.28801664,-75.81355623,13664
17--8947,9/3/2017,7:24 PM,COOPER ST btwn METCALFE ST & ELGIN ST (__3ZA9UY),__3ZA9UY,01 - Non intersection,03 - P.D. only,99 - Other,01 - Clear,05 - Dusk,02 - Wet,10 - No control,,2,0,0,0,,0,,,,,367984.6067,5031193.095,45.41782002,-75.6926716,13665
17--8948,9/4/2017,1:00 PM,CATHERINE ST @ METCALFE ST (0011239),11239,03 - At intersection,03 - P.D. only,02 - Angle,01 - Clear,01 - Daylight,02 - Wet,01 - Traffic signal,01 - Functioning,2,0,0,0,,0,,,,,368393.8881,5030486.737,45.41142737,-75.68753376,13666
17--8949,9/4/2017,1:05 AM,CUMMINGS AVE btwn OGILVIE RD & LABELLE ST (__3ZA7QG),__3ZA7QG,04 - At/near private drive,03 - P.D. only,02 - Angle,01 - Clear,07 - Dark,01 - Dry,10 - No control,,2,0,0,0,,0,,,,,372863.1603,5031917.28,45.42387832,-75.63024379,13667
17--895,1/21/2017,8:28 AM,BLAIR RD btwn BRIARCLIFFE DR & SWANS WAY (__3ZBO2O),__3ZBO2O,01 - Non intersection,03 - P.D. only,06 - SMV unattended vehicle,04 - Freezing Rain,01 - Daylight,06 - Ice,10 - No control,,1,0,0,0,,0,,,,,373676.5696,5035307.015,45.45429774,-75.6193764,13668
17--8950,9/4/2017,1:30 PM,ISLAND PARK DR btwn CLEARVIEW AVE & OTTAWA RIVER PKWY (__3ZA23A),__3ZA23A,01 - Non intersection,03 - P.D. only,03 - Rear end,01 - Clear,01 - Daylight,01 - Dry,10 - No control,,3,0,0,0,,0,,,,,363504.5712,5029379.804,45.40189461,-75.75012515,13669
17--8951,9/4/2017,1:44 PM,BLOHM DR btwn NOTMAN WAY & PITTAWAY AVE (__3ZA8ME),__3ZA8ME,01 - Non intersection,03 - P.D. only,06 - SMV unattended vehicle,01 - Clear,01 - Daylight,01 - Dry,10 - No control,,1,0,0,0,,0,,,,,374236.5274,5025936.273,45.36992913,-75.61353798,13670
17--8952,9/4/2017,10:50 AM,MOODIE DR @ WEST HUNT CLUB RD (0010414),10414,03 - At intersection,02 - Non-fatal injury,03 - Rear end,02 - Rain,01 - Daylight,02 - Wet,01 - Traffic signal,01 - Functioning,2,0,0,0,01 - Minimal,1,1,,,,357907.2048,5018498.232,45.30442884,-75.82278778,13671
17--8953,9/4/2017,12:41 AM,DALHOUSIE ST @ YORK ST (0008500),8500,02 - Intersection related,03 - P.D. only,05 - Turning movement,01 - Clear,07 - Dark,01 - Dry,01 - Traffic signal,00 - Unknown,2,0,0,0,,0,,,,,368093.6503,5032419.357,45.42884365,-75.6911209,13672
17--8954,9/4/2017,2:52 PM,JOHNWOODS ST btwn MAPLE GROVE RD & ALON ST (__3ZACMF),__3ZACMF,01 - Non intersection,03 - P.D. only,07 - SMV other,01 - Clear,01 - Daylight,01 - Dry,10 - No control,,1,0,0,0,,0,,,,,349646.0579,5016013.935,45.28265037,-75.92835112,13673
17--8955,9/4/2017,3:05 PM,BLAIR RD @ OGILVIE RD (0004120),4120,03 - At intersection,03 - P.D. only,03 - Rear end,01 - Clear,01 - Daylight,01 - Dry,01 - Traffic signal,01 - Functioning,2,0,0,0,,0,,,,,374508.1971,5033197.392,45.43523408,-75.60904375,13674
17--8956,9/4/2017,3:10 PM,MARIER AVE @ MONTREAL RD (0009346),9346,02 - Intersection related,03 - P.D. only,03 - Rear end,02 - Rain,01 - Daylight,02 - Wet,01 - Traffic signal,01 - Functioning,2,0,0,0,,0,,,,,370420.1817,5033260.881,45.43620092,-75.66127933,13675
17--8957,9/4/2017,3:25 PM,HWY417 IC104 RAMP61 btwn ANDERSON RD & HIGHWAY 417 (__3ZAY0E),__3ZAY0E,01 - Non intersection,03 - P.D. only,07 - SMV other,01 - Clear,01 - Daylight,01 - Dry,10 - No control,,1,0,1,0,,0,,,,,380161.2235,5026172.244,45.37144022,-75.53787459,13676
17--8958,9/4/2017,4:28 PM,AYLMER AVE btwn GROSVENOR AVE & BARTON ST (__3ZA9JT),__3ZA9JT,01 - Non intersection,02 - Non-fatal injury,06 - SMV unattended vehicle,01 - Clear,01 - Daylight,01 - Dry,10 - No control,,1,0,0,0,02 - Minor,1,,1,,,368480.6608,5028612.453,45.39455527,-75.68666731,13677
17--8959,9/4/2017,5:05 PM,GREENBANK RD btwn CANFIELD RD & BELLMAN DR (__3ZA4YT),__3ZA4YT,04 - At/near private drive,02 - Non-fatal injury,02 - Angle,02 - Rain,01 - Daylight,02 - Wet,10 - No control,,2,0,0,0,02 - Minor,2,,2,,,361210.7974,5021121.909,45.32777919,-75.78036552,13678
17--896,1/21/2017,8:31 AM,PINECREST RD @ LISA AVE (0002577),2577,03 - At intersection,03 - P.D. only,02 - Angle,02 - Rain,01 - Daylight,06 - Ice,02 - Stop sign,01 - Functioning,2,0,0,0,,0,,,,,360693.4177,5022916.428,45.34396766,-75.78676255,13679
17--8960,9/4/2017,5:52 PM,KANATA AVE @ LORD BYNG WAY/MARITIME WAY (0009115),9115,02 - Intersection related,02 - Non-fatal injury,03 - Rear end,02 - Rain,01 - Daylight,02 - Wet,01 - Traffic signal,01 - Functioning,2,0,0,0,01 - Minimal,2,2,,,,351429.6396,5019331.978,45.31239097,-75.90530514,13680
17--8961,9/4/2017,7:10 PM,LACASSE AVE @ MCARTHUR AVE (0009810),9810,02 - Intersection related,02 - Non-fatal injury,07 - SMV other,02 - Rain,05 - Dusk,02 - Wet,02 - Stop sign,01 - Functioning,1,0,0,1,02 - Minor,1,,1,,,370824.6668,5032756.811,45.43162744,-75.65617758,13681
17--8962,9/4/2017,8:15 AM,BAYSWATER AVE btwn BEECH ST & HICKORY ST (__3ZA01G),__3ZA01G,04 - At/near private drive,03 - P.D. only,06 - SMV unattended vehicle,02 - Rain,01 - Daylight,02 - Wet,10 - No control,,1,0,0,0,,0,,,,,366262.8991,5028874.241,45.39710895,-75.71495734,13682
17--8963,9/4/2017,8:36 PM,MAITLAND AVE/HWY 417 MAITLAND IC126R53 @ HWY 4 (0008229),8229,03 - At intersection,02 - Non-fatal injury,05 - Turning movement,02 - Rain,07 - Dark,02 - Wet,01 - Traffic signal,01 - Functioning,2,0,0,0,02 - Minor,2,,2,,,363229.9553,5025774.739,45.36947975,-75.75405948,13683
17--8964,9/4/2017,9:21 AM,COLONEL BY DR/MACKENZIE AVE @ DALY AVE (0008541),8541,02 - Intersection related,02 - Non-fatal injury,03 - Rear end,01 - Clear,01 - Daylight,01 - Dry,01 - Traffic signal,01 - Functioning,2,0,0,0,01 - Minimal,1,1,,,,368003.185,5031905.29,45.42422643,-75.69234287,13684
17--8965,9/4/2017,9:30 AM,HIGHWAY 417 btwn HWY417 IC122 RAMP61 & HWY417 IC121B RAMP16 (__3ZA2Y4),__3ZA2Y4,01 - Non intersection,03 - P.D. only,04 - Sideswipe,00 - Unknown,01 - Daylight,01 - Dry,10 - No control,,2,0,0,0,,0,,,,,365922.1667,5029274.436,45.40073963,-75.71925939,13685
17--8966,9/5/2017,10:53 AM,MONTREAL RD btwn PALACE ST & VANIER PKWY (__3ZA3LL),__3ZA3LL,01 - Non intersection,03 - P.D. only,03 - Rear end,01 - Clear,01 - Daylight,01 - Dry,10 - No control,,3,0,0,0,,0,,,,,369983.1712,5033015.864,45.43403723,-75.6668968,13686
17--8967,9/5/2017,11:16 AM,MONTREAL RD @ ST. LAURENT BLVD (0002604),2604,02 - Intersection related,03 - P.D. only,04 - Sideswipe,01 - Clear,01 - Daylight,01 - Dry,01 - Traffic signal,01 - Functioning,2,0,0,0,,0,,,,,371546.5968,5033816.477,45.44109329,-75.64680837,13687
17--8968,9/5/2017,12:40 AM,NAVAN RD btwn INNES RD & ORLEANS BLVD (__42HNW4),__42HNW4,01 - Non intersection,03 - P.D. only,03 - Rear end,01 - Clear,07 - Dark,02 - Wet,10 - No control,,2,0,0,0,,0,,,,,379805.4474,5033217.211,45.43486427,-75.54134457,13688
17--8969,9/5/2017,12:46 PM,HAWTHORNE RD btwn STEVENAGE DR & HUNT CLUB RD (__3ZA2E8),__3ZA2E8,01 - Non intersection,02 - Non-fatal injury,04 - Sideswipe,01 - Clear,01 - Daylight,01 - Dry,10 - No control,,2,0,0,0,01 - Minimal,1,1,,,,375469.1729,5026501.698,45.37489334,-75.59772244,13689
17--897,1/21/2017,9:07 AM,LAMBETH WALK btwn ELMIRA DR & GATEWAY RD (__3ZABUT),__3ZABUT,01 - Non intersection,03 - P.D. only,06 - SMV unattended vehicle,02 - Rain,01 - Daylight,02 - Wet,10 - No control,,1,0,0,0,,0,,,,,361642.8771,5024044.722,45.35404369,-75.77451809,13690
17--8970,9/5/2017,2:05 PM,CATHERINE ST @ LYON ST/HWY 417 LYON IC120BR36 (0002254),2254,03 - At intersection,03 - P.D. only,02 - Angle,01 - Clear,01 - Daylight,01 - Dry,01 - Traffic signal,01 - Functioning,2,0,0,0,,0,,,,,367748.6005,5030091.448,45.40792902,-75.69582752,13691
17--8971,9/5/2017,2:42 AM,HWY417 HUNT CLUB IC109 RAMP26 btwn HIGHWAY 417 WB & HUNT CLUB RD EB (e___1GZL),e___1GZL,01 - Non intersection,02 - Non-fatal injury,07 - SMV other,02 - Rain,07 - Dark,02 - Wet,10 - No control,,1,0,0,0,03 - Major,1,,,1,,376600.277,5027695.241,45.38551722,-75.58310921,13692
17--8972,9/5/2017,2:47 PM,LYON ST @ WELLINGTON ST (0002388),2388,02 - Intersection related,03 - P.D. only,03 - Rear end,01 - Clear,01 - Daylight,01 - Dry,01 - Traffic signal,01 - Functioning,2,0,0,0,,0,,,,,366935.2408,5031426.841,45.42001717,-75.70604887,13693
17--8973,9/5/2017,2:51 PM,BESSERER ST @ CHARLOTTE ST (0008425),8425,02 - Intersection related,03 - P.D. only,02 - Angle,01 - Clear,01 - Daylight,01 - Dry,02 - Stop sign,01 - Functioning,2,0,0,0,,0,,,,,369292.7075,5032790.468,45.43207323,-75.67575018,13694
17--8974,9/5/2017,3:00 PM,MER BLEUE RD btwn 210 S OF INNES RD & INNES RD (__3ZA2S1A),__3ZA2S1A,01 - Non intersection,03 - P.D. only,04 - Sideswipe,01 - Clear,01 - Daylight,01 - Dry,10 - No control,,2,0,0,0,,0,,,,,382662.3461,5035526.112,45.45532555,-75.50447022,13695
17--8975,9/5/2017,3:22 PM,LACASSE AVE @ MONTREAL RD (0009797),9797,03 - At intersection,02 - Non-fatal injury,05 - Turning movement,01 - Clear,01 - Daylight,01 - Dry,01 - Traffic signal,01 - Functioning,2,1,0,0,02 - Minor,1,,1,,,370687.6622,5033406.117,45.43748253,-75.65784147,13696
17--8976,9/5/2017,3:55 PM,BANK ST @ WELLINGTON ST (0002039),2039,02 - Intersection related,03 - P.D. only,04 - Sideswipe,01 - Clear,01 - Daylight,01 - Dry,01 - Traffic signal,01 - Functioning,2,0,0,0,,0,,,,,367258.1539,5031629.691,45.4218136,-75.70189744,13697
17--8977,9/5/2017,3:57 PM,RIVERSIDE DR @ SAN REMO PRIV (0011379),11379,03 - At intersection,02 - Non-fatal injury,05 - Turning movement,01 - Clear,01 - Daylight,01 - Dry,01 - Traffic signal,01 - Functioning,2,0,1,0,03 - Major,2,,1,1,,370386.2742,5030402.195,45.41048281,-75.66209327,13698
17--8978,9/5/2017,4:00 PM,LENNOX ST @ PERTH ST (0010392),10392,03 - At intersection,02 - Non-fatal injury,02 - Angle,01 - Clear,01 - Daylight,01 - Dry,02 - Stop sign,01 - Functioning,2,1,0,0,01 - Minimal,1,1,,,,356634.1365,5006155.105,45.19345759,-75.84030756,13699
17--8979,9/5/2017,4:13 PM,MONTREAL RD @ ST. LAURENT BLVD (0002604),2604,02 - Intersection related,03 - P.D. only,03 - Rear end,01 - Clear,01 - Daylight,01 - Dry,01 - Traffic signal,01 - Functioning,2,0,0,0,,0,,,,,371546.6497,5033817.831,45.44110547,-75.64680751,13700
17--898,1/21/2017,9:19 AM,DU CLAIRVAUX RD @ LA CHAPELLE ST (0004337),4337,03 - At intersection,03 - P.D. only,02 - Angle,01 - Clear,01 - Daylight,04 - Slush,02 - Stop sign,01 - Functioning,2,0,0,0,,0,,,,,380082.172,5034351.127,45.44503667,-75.53763478,13701
17--8980,9/5/2017,4:15 PM,DEAKIN ST @ PRINCE OF WALES DR (0001073),1073,02 - Intersection related,03 - P.D. only,04 - Sideswipe,01 - Clear,01 - Daylight,01 - Dry,01 - Traffic signal,01 - Functioning,2,0,0,0,,0,,,,,367390.2642,5021522.817,45.33086263,-75.70149047,13702
17--8981,9/5/2017,4:17 PM,MEADOWLANDS DR @ MERIVALE RD (0000625),625,02 - Intersection related,03 - P.D. only,03 - Rear end,01 - Clear,01 - Daylight,01 - Dry,01 - Traffic signal,00 - Unknown,2,0,0,0,,0,,,,,364858.6999,5023725.747,45.35090554,-75.7335171,13703
17--8982,9/5/2017,4:24 PM,MONTREAL RD @ ST. LAURENT BLVD (0002604),2604,03 - At intersection,03 - P.D. only,05 - Turning movement,01 - Clear,01 - Daylight,01 - Dry,01 - Traffic signal,01 - Functioning,2,0,0,0,,0,,,,,371546.1808,5033817.834,45.44110554,-75.6468135,13704
17--8983,9/5/2017,4:26 PM,MONTREAL RD btwn AVIATION PKWY & DEN HAAG DR (1) (__3ZA2CGA),__3ZA2CGA,01 - Non intersection,03 - P.D. only,04 - Sideswipe,01 - Clear,01 - Daylight,01 - Dry,10 - No control,,2,0,0,0,,0,,,,,372204.1009,5034137.317,45.44391697,-75.63836079,13705
17--8984,9/5/2017,4:40 PM,LEMIEUX ST @ ST. LAURENT BLVD (0002021),2021,03 - At intersection,03 - P.D. only,05 - Turning movement,01 - Clear,01 - Daylight,01 - Dry,01 - Traffic signal,01 - Functioning,2,0,0,0,,0,,,,,372390.7689,5031742.325,45.42234996,-75.63630364,13706
17--8985,9/5/2017,4:44 PM,MONTREAL RD btwn ST. LAURENT BLVD & HILLSIDE DR (__3ZA1MC),__3ZA1MC,04 - At/near private drive,03 - P.D. only,05 - Turning movement,01 - Clear,01 - Daylight,01 - Dry,10 - No control,,2,0,0,0,,0,,,,,371582.9789,5033837.427,45.44127832,-75.64634052,13707
17--8986,9/5/2017,5:02 PM,BASELINE RD btwn MERIVALE RD & FARLANE BLVD (__3ZA4ID),__3ZA4ID,01 - Non intersection,03 - P.D. only,04 - Sideswipe,01 - Clear,01 - Daylight,01 - Dry,10 - No control,,2,0,0,0,,0,,,,,365178.3762,5025402.474,45.36596502,-75.72923287,13708
17--8987,9/5/2017,5:04 PM,FISHER AVE @ TUNIS AVE (0006208),6208,03 - At intersection,02 - Non-fatal injury,02 - Angle,01 - Clear,01 - Daylight,01 - Dry,02 - Stop sign,01 - Functioning,2,0,0,0,02 - Minor,1,,1,,,365497.177,5027596.295,45.38567707,-75.72489391,13709
17--8988,9/5/2017,5:30 AM,BLACKBURN BYPASS WB btwn NAVAN RD & INNES RD E (__3ZA3J9),__3ZA3J9,01 - Non intersection,03 - P.D. only,07 - SMV other,01 - Clear,07 - Dark,02 - Wet,10 - No control,,1,0,0,0,,0,,,,,379734.4328,5033537.533,45.43775391,-75.54220333,13710
17--8989,9/5/2017,5:32 PM,DU GRAND BOIS AVE @ INNES RD (0004107),4107,02 - Intersection related,03 - P.D. only,03 - Rear end,01 - Clear,01 - Daylight,01 - Dry,02 - Stop sign,01 - Functioning,2,0,0,0,,0,,,,,383108.7996,5035761.846,45.45739659,-75.49872531,13711
17--899,1/22/2017,1:15 PM,TERRY FOX DR @ EDGEWATER ST/WALTER BAKER PL (0002699),2699,02 - Intersection related,03 - P.D. only,03 - Rear end,01 - Clear,01 - Daylight,02 - Wet,01 - Traffic signal,01 - Functioning,3,0,0,0,,0,,,,,351777.0695,5017614.306,45.29691177,-75.9010372,13712
17--8990,9/5/2017,5:40 PM,REGIONAL ROAD 174 btwn OR174 IC112 RAMP36 & OR174 IC112 RAMP26 (__3ZAZFK),__3ZAZFK,07 - Overpass or bridge,03 - P.D. only,99 - Other,01 - Clear,01 - Daylight,01 - Dry,10 - No control,,2,0,0,0,,0,,,,,374778.1183,5032829.382,45.43189598,-75.60564655,13713
17--8991,9/5/2017,5:50 PM,AVATION PKWY/ROCKCLIFFE PKWY EB ONRAMP btwn AVIATION PKWY & ROCKCLIFFE (__3ZAY8R),__3ZAY8R,01 - Non intersection,02 - Non-fatal injury,03 - Rear end,01 - Clear,01 - Daylight,01 - Dry,10 - No control,,2,0,0,0,02 - Minor,1,,1,,,371806.0473,5035382.254,45.45515657,-75.64327904,13714
17--8992,9/5/2017,6:00 PM,TREMBLAY RD btwn RIVERSIDE DR & TRAIN STATION (__3ZBN0PA),__3ZBN0PA,04 - At/near private drive,03 - P.D. only,02 - Angle,01 - Clear,01 - Daylight,01 - Dry,10 - No control,,2,0,0,0,,0,,,,,371099.3302,5031270.866,45.41823156,-75.65286766,13715
17--8993,9/5/2017,6:00 PM,ALBERT ST @ O'CONNOR ST (0002116),2116,02 - Intersection related,03 - P.D. only,04 - Sideswipe,01 - Clear,01 - Daylight,01 - Dry,01 - Traffic signal,01 - Functioning,2,0,0,0,,0,,,,,367539.249,5031520.573,45.42080664,-75.6983198,13716
17--8994,9/5/2017,6:15 PM,GILBEY DR @ MERIVALE RD (0000624),624,02 - Intersection related,03 - P.D. only,02 - Angle,01 - Clear,01 - Daylight,01 - Dry,02 - Stop sign,00 - Unknown,2,0,0,0,,0,,,,,364682.1771,5024719.765,45.35986468,-75.73564931,13717
17--8995,9/5/2017,6:16 PM,BLAIR RD @ MEADOWBROOK RD (0004163),4163,02 - Intersection related,02 - Non-fatal injury,04 - Sideswipe,01 - Clear,05 - Dusk,01 - Dry,01 - Traffic signal,00 - Unknown,2,0,1,0,01 - Minimal,1,1,,,,375194.7345,5032311.346,45.42719317,-75.60039671,13718
17--8996,9/5/2017,7:21 AM,FALLOWFIELD RD btwn EAGLESON RD & RICHMOND RD (__3ZA4Y2),__3ZA4Y2,01 - Non intersection,02 - Non-fatal injury,04 - Sideswipe,01 - Clear,01 - Daylight,01 - Dry,10 - No control,,2,0,0,0,02 - Minor,1,,1,,,356250.3492,5012677.758,45.25217839,-75.84451757,13719
17--8997,9/5/2017,7:50 AM,BOUNDARY RD @ INDCUM RD (0009366),9366,02 - Intersection related,02 - Non-fatal injury,03 - Rear end,01 - Clear,01 - Daylight,01 - Dry,02 - Stop sign,01 - Functioning,2,0,0,0,02 - Minor,2,,2,,,387909.434,5022577.163,45.33821883,-75.43957494,13720
17--8998,9/5/2017,8:21 AM,CONROY RD @ WALKLEY RD (0002648),2648,02 - Intersection related,02 - Non-fatal injury,03 - Rear end,01 - Clear,01 - Daylight,02 - Wet,01 - Traffic signal,01 - Functioning,2,0,0,0,01 - Minimal,1,1,,,,372904.495,5027463.228,45.38379875,-75.6303308,13721
17--8999,9/5/2017,8:30 AM,WOODROFFE AVE @ GEORGINA DR/LENESTER AVE (0002351),2351,02 - Intersection related,03 - P.D. only,03 - Rear end,01 - Clear,01 - Daylight,01 - Dry,01 - Traffic signal,01 - Functioning,2,0,0,0,,0,,,,,361911.1028,5025369.717,45.36594411,-75.77094192,13722
17--90,1/3/2017,8:25 AM,BOOTH ST btwn BALSAM ST & GLADSTONE AVE (__3ZA314),__3ZA314,01 - Non intersection,03 - P.D. only,04 - Sideswipe,01 - Clear,01 - Daylight,06 - Ice,10 - No control,,2,0,0,0,,0,,,,,366752.5424,5029885.681,45.40616646,-75.70857685,13723
17--900,1/22/2017,1:31 PM,CASTLEFRANK RD btwn TO BE DETERMINED & WINCHESTER DR (__3ZAB2H),__3ZAB2H,04 - At/near private drive,03 - P.D. only,02 - Angle,01 - Clear,01 - Daylight,01 - Dry,10 - No control,,2,0,0,0,,0,,,,,352833.9455,5017443.595,45.29530421,-75.88757921,13724
17--9000,9/5/2017,8:50 AM,ORLEANS BLVD @ NAVAN RD (0012474),12474,02 - Intersection related,03 - P.D. only,03 - Rear end,01 - Clear,01 - Daylight,01 - Dry,02 - Stop sign,01 - Functioning,2,0,0,0,,0,,,,,380597.4649,5033091.51,45.4336479,-75.53124248,13725
17--9001,9/5/2017,9:01 AM,EAGLESON RD btwn HWY417 IC138 RAMP51 & KATIMAVIK RD (__3ZA41W),__3ZA41W,01 - Non intersection,03 - P.D. only,04 - Sideswipe,01 - Clear,01 - Daylight,01 - Dry,10 - No control,,2,0,0,0,,0,,,,,353176.3923,5019657.828,45.31520488,-75.88299725,13726
17--9002,9/5/2017,9:40 AM,HIGHWAY 417 btwn Continuation of HIGHWAY 417 & HWY417 IC134 RAMP51 (__3ZA29B),__3ZA29B,01 - Non intersection,03 - P.D. only,04 - Sideswipe,01 - Clear,01 - Daylight,01 - Dry,10 - No control,,2,0,0,0,,0,,,,,355356.5922,5021616.109,45.33267218,-75.85499231,13727
17--9003,9/5/2017,9:43 PM,BANK ST @ WALKLEY RD (0011423),11423,03 - At intersection,03 - P.D. only,05 - Turning movement,01 - Clear,07 - Dark,01 - Dry,01 - Traffic signal,01 - Functioning,3,0,0,0,,0,,,,,370337.3786,5025948.445,45.37041412,-75.66330938,13728
17--9004,9/6/2017,1:18 PM,GRANT CARMAN DR @ MEADOWLANDS DR (0001111),1111,03 - At intersection,02 - Non-fatal injury,05 - Turning movement,01 - Clear,01 - Daylight,01 - Dry,01 - Traffic signal,01 - Functioning,2,0,0,0,02 - Minor,1,,1,,,365051.2162,5023900.791,45.35246405,-75.73103905,13729
17--9005,9/6/2017,10:05 PM,HIGHWAY 417 btwn HWY417 IC120A RAMP52 & HWY417 IC119B RAMP57 (__3ZA2R1),__3ZA2R1,01 - Non intersection,03 - P.D. only,04 - Sideswipe,01 - Clear,07 - Dark,01 - Dry,10 - No control,,2,0,0,0,,0,,,,,367836.6514,5030022.521,45.40730091,-75.69471158,13730
17--9006,9/6/2017,10:48 AM,OTTAWA RIVER PKWY @ ISLAND PARK DR (0002127),2127,03 - At intersection,03 - P.D. only,03 - Rear end,01 - Clear,01 - Daylight,01 - Dry,01 - Traffic signal,01 - Functioning,2,0,0,0,,0,,,,,363298.7029,5029453.572,45.4025756,-75.75274588,13731
17--9007,9/6/2017,11:09 AM,BLAIR RD @ OGILVIE RD (0004120),4120,03 - At intersection,03 - P.D. only,03 - Rear end,01 - Clear,01 - Daylight,01 - Dry,01 - Traffic signal,01 - Functioning,2,0,0,0,,0,,,,,374507.7237,5033198.338,45.43524264,-75.60904966,13732
17--9008,9/6/2017,11:12 PM,REGIONAL ROAD 174 btwn HIGHWAY 417 & HWY417 IC113 RAMP65 (__3ZA2YL),__3ZA2YL,01 - Non intersection,03 - P.D. only,07 - SMV other,01 - Clear,07 - Dark,01 - Dry,10 - No control,,1,0,0,0,,0,,,,,373680.9184,5031847.411,45.42316963,-75.61980494,13733
17--9009,9/6/2017,Unknown,CHURCHILL AVE @ RICHMOND RD (0002361),2361,02 - Intersection related,03 - P.D. only,06 - SMV unattended vehicle,01 - Clear,00 - Unknown,01 - Dry,01 - Traffic signal,00 - Unknown,1,0,0,0,,0,,,,,363227.6938,5028292.551,45.39213486,-75.75379038,13734
17--929,1/23/2017,5:34 PM,MOODIE DR @ RICHMOND RD S (0001129),1129,02 - Intersection related,03 - P.D. only,03 - Rear end,01 - Clear,05 - Dusk,01 - Dry,03 - Yield sign,01 - Functioning,3,0,0,0,,0,,,,,357434.1921,5019540.476,45.31384268,-75.82870843,13735
17--9468,9/18/2017,10:08 AM,GOSSET ST @ KENASTON ST (0009523),9523,03 - At intersection,03 - P.D. only,02 - Angle,01 - Clear,01 - Daylight,01 - Dry,10 - No control,00 - Unknown,2,0,0,0,,0,,,,,373030.2101,5031146.816,45.41692979,-75.62821607,13736
17--9290,9/13/2017,12:50 PM,MITCH OWENS RD btwn HALL RD & BLACKCREEK RD (__3ZA20W),__3ZA20W,01 - Non intersection,02 - Non-fatal injury,03 - Rear end,01 - Clear,01 - Daylight,01 - Dry,10 - No control,,2,1,0,0,01 - Minimal,1,1,,,,386554.3187,5021274.363,45.32665647,-75.45707765,13737