Anom_ID,Accident_Date,Accident_Time,Location,Geo_ID,Accident_Location,Classification_of_Accident,Initial_Impact_Type,Environment_Condition,Light,Road_Surface_Condition,Traffic_Control,Traffic_Control_Condition,No__of_Vehicles,No__of_Bicycles,No__of_Motorcycles,No__of_Pedestrians,Max_Injury,No__of_Injuries,No__of_Minimal,No__of_Minor,No__of_Major,No__of_Fatal,X,Y,Latitude,Longitude,ObjectId
17--9469,9/18/2017,10:18 AM,WOODROFFE AVE NB btwn TO BE DETERMINED & WEST HUNT CLUB RD (__3ZA248),__3ZA248,01 - Non intersection,03 - P.D. only,04 - Sideswipe,01 - Clear,01 - Daylight,01 - Dry,10 - No control,,2,0,0,0,,0,,,,,363662.0182,5021293.06,45.3291179,-75.7490775,13738
17--9291,9/13/2017,3:05 PM,BRUYERE ST @ SUSSEX DR (0007744),7744,02 - Intersection related,03 - P.D. only,03 - Rear end,01 - Clear,01 - Daylight,01 - Dry,01 - Traffic signal,01 - Functioning,2,0,0,0,,0,,,,,367538.536,5032668.001,45.43113088,-75.69818276,13739
17--947,1/23/2017,9:30 AM,HIGHWAY 417 btwn HWY417 IC117 RAMP36 & HWY417 IC117 RAMP26 (__3ZAZE0),__3ZAZE0,01 - Non intersection,03 - P.D. only,04 - Sideswipe,01 - Clear,01 - Daylight,01 - Dry,10 - No control,,2,0,0,0,,0,,,,,370512.2549,5031159.265,45.4172828,-75.66038302,13740
17--9024,9/6/2017,5:10 PM,CARP RD @ HAZELDEAN RD (0000086),86,03 - At intersection,03 - P.D. only,03 - Rear end,01 - Clear,01 - Daylight,01 - Dry,01 - Traffic signal,01 - Functioning,2,0,0,0,,0,,,,,348804.9104,5014360.436,45.26782476,-75.9392192,13741
17--9292,9/13/2017,3:14 PM,HIGHWAY 417 btwn HWY 417 ANDERSON IC104R61 & HWY 417 BOUNDARY IC96R16 (__3ZA2W5),__3ZA2W5,01 - Non intersection,03 - P.D. only,99 - Other,01 - Clear,01 - Daylight,01 - Dry,10 - No control,,2,0,0,0,,0,,,,,381437.2735,5025641.349,45.3665252,-75.52166818,13742
17--9470,9/18/2017,11:01 PM,PINECREST RD @ RICHMOND RD (0002353),2353,03 - At intersection,03 - P.D. only,05 - Turning movement,01 - Clear,07 - Dark,01 - Dry,01 - Traffic signal,01 - Functioning,2,0,0,0,,0,,,,,360072.6705,5024470.966,45.35800456,-75.79450933,13743
17--9025,9/6/2017,5:20 PM,HWY 417 MAITLAND IC126R26/62 @ MAITLAND AVE (0008228),8228,02 - Intersection related,02 - Non-fatal injury,03 - Rear end,01 - Clear,01 - Daylight,01 - Dry,01 - Traffic signal,01 - Functioning,4,0,0,0,01 - Minimal,1,1,,,,363145.6676,5025983.457,45.37136479,-75.75511079,13744
17--9293,9/13/2017,3:33 PM,BYRON AVE btwn EVERED AVE & ATHLONE AVE (__3ZA0JJ),__3ZA0JJ,01 - Non intersection,03 - P.D. only,03 - Rear end,01 - Clear,01 - Daylight,01 - Dry,10 - No control,,3,0,0,0,,0,,,,,363461.9553,5028246.696,45.39170268,-75.75080422,13745
17--9471,9/18/2017,11:10 AM,ROCKCLIFFE PKWY btwn LISGAR RD & ACACIA AVE (__3ZBPHK),__3ZBPHK,01 - Non intersection,03 - P.D. only,07 - SMV other,01 - Clear,01 - Daylight,01 - Dry,10 - No control,,1,0,0,0,,0,,,,,368526.1206,5035412.464,45.45573521,-75.68520699,13746
17--9472,9/18/2017,11:50 AM,LAURIER AVE   E btwn RANGE RD & CHARLOTTE ST (__3ZA2JE),__3ZA2JE,01 - Non intersection,03 - P.D. only,06 - SMV unattended vehicle,01 - Clear,01 - Daylight,01 - Dry,10 - No control,,1,0,0,0,,0,,,,,369466.996,5032480.168,45.42926517,-75.67356367,13747
17--9473,9/18/2017,12:22 PM,MANOTICK MAIN ST btwn MAHOGANY HARBOUR LANE & ANTOCHI LANE (__3ZBPN2),__3ZBPN2,01 - Non intersection,03 - P.D. only,06 - SMV unattended vehicle,01 - Clear,01 - Daylight,01 - Dry,10 - No control,,1,0,0,0,,0,,,,,369637.7438,5009142.799,45.21926499,-75.67443752,13748
17--9474,9/18/2017,2:06 PM,GREENVIEW AVE btwn DON ST & CARLING AVE (__3ZABWO),__3ZABWO,01 - Non intersection,03 - P.D. only,01 - Approaching,01 - Clear,01 - Daylight,01 - Dry,10 - No control,,2,0,0,0,,0,,,,,359919.7625,5024916.507,45.36202556,-75.79641119,13749
17--9475,9/18/2017,3:00 PM,WOODROFFE AVE @ GEORGINA DR/LENESTER AVE (0002351),2351,02 - Intersection related,03 - P.D. only,03 - Rear end,01 - Clear,01 - Daylight,01 - Dry,01 - Traffic signal,01 - Functioning,3,0,0,0,,0,,,,,361909.5578,5025369.959,45.36594641,-75.77096161,13750
17--9476,9/18/2017,3:20 PM,DOVERCOURT AVE btwn ROOSEVELT AVE & MELBOURNE AVE (__3ZA5W8),__3ZA5W8,01 - Non intersection,02 - Non-fatal injury,03 - Rear end,01 - Clear,01 - Daylight,01 - Dry,10 - No control,,2,1,0,0,01 - Minimal,1,1,,,,363413.301,5027339.564,45.38354452,-75.75153328,13751
17--9477,9/18/2017,4:10 PM,BANK ST btwn ARENA PL & WHITE ALDER AVE (__3ZA29N),__3ZA29N,01 - Non intersection,03 - P.D. only,03 - Rear end,01 - Clear,01 - Daylight,01 - Dry,10 - No control,,2,0,0,0,,0,,,,,375414.6117,5021483.884,45.32975079,-75.59913558,13752
17--9478,9/18/2017,4:30 PM,BASELINE RD @ MERIVALE RD (0002342),2342,02 - Intersection related,03 - P.D. only,03 - Rear end,01 - Clear,01 - Daylight,01 - Dry,01 - Traffic signal,01 - Functioning,2,0,0,0,,0,,,,,365055.5903,5025324.845,45.3652771,-75.73080963,13753
17--9479,9/18/2017,5:00 AM,NAVAN RD @ PAGE RD (0004199),4199,03 - At intersection,03 - P.D. only,07 - SMV other,01 - Clear,07 - Dark,01 - Dry,02 - Stop sign,00 - Unknown,1,0,0,0,,0,,,,,381658.8042,5032769.833,45.43063786,-75.51772984,13754
17--948,1/23/2017,9:30 AM,HIGHWAY 417 btwn HWY417 IC144 RAMP16 & HWY417 IC144 RAMP61 (__3ZA2QU),__3ZA2QU,01 - Non intersection,03 - P.D. only,07 - SMV other,01 - Clear,01 - Daylight,01 - Dry,10 - No control,,1,0,0,0,,0,,,,,347586.8203,5016036.694,45.28298353,-75.95459686,13755
17--9480,9/18/2017,5:03 PM,SPRATT RD btwn CANYON WALK DR & HOLLOW TRAIL GT (__3EX1TF),__3EX1TF,01 - Non intersection,03 - P.D. only,06 - SMV unattended vehicle,01 - Clear,01 - Daylight,01 - Dry,10 - No control,,1,0,0,0,,0,,,,,368720.5052,5016225.279,45.28307639,-75.68520455,13756
17--9481,9/18/2017,6:27 AM,HIGHWAY 417 btwn HWY417 IC127 RAMP25 & HWY417 IC126 RAMP51 (__3ZA2XA),__3ZA2XA,01 - Non intersection,03 - P.D. only,04 - Sideswipe,01 - Clear,03 - Dawn,01 - Dry,10 - No control,,2,0,0,0,,0,,,,,363108.8556,5025746.065,45.36923183,-75.75560874,13757
17--9482,9/18/2017,6:45 PM,CEDARWOOD DR @ WALKLEY RD (0002235),2235,02 - Intersection related,02 - Non-fatal injury,03 - Rear end,01 - Clear,01 - Daylight,01 - Dry,01 - Traffic signal,01 - Functioning,2,0,1,0,02 - Minor,2,,2,,,371194.7286,5026455.747,45.37489794,-75.65229693,13758
17--9483,9/18/2017,6:50 AM,HIGHFIELD CRES btwn LOVITT RD & RICHMOND RD (__3ZABK4),__3ZABK4,01 - Non intersection,03 - P.D. only,03 - Rear end,01 - Clear,03 - Dawn,01 - Dry,10 - No control,,2,0,0,0,,0,,,,,359814.4947,5023868.031,45.35259966,-75.79787149,13759
17--9484,9/18/2017,7:00 PM,RIVER RD @ RIDEAU RD (0004196),4196,02 - Intersection related,02 - Non-fatal injury,05 - Turning movement,01 - Clear,05 - Dusk,01 - Dry,02 - Stop sign,01 - Functioning,2,0,0,0,02 - Minor,2,1,1,,,368048.2934,5012366.457,45.24841584,-75.69426375,13760
17--9485,9/18/2017,7:27 PM,WOODROFFE AVE/HWY 417 WOODROFF IC127R25 @ HWY  (0002348),2348,02 - Intersection related,03 - P.D. only,03 - Rear end,01 - Clear,07 - Dark,01 - Dry,01 - Traffic signal,01 - Functioning,2,0,0,0,,0,,,,,362180.564,5024693.931,45.35984144,-75.76758083,13761
17--9486,9/18/2017,7:30 PM,PAUL ANKA DR @ UPLANDS DR (0007476),7476,02 - Intersection related,03 - P.D. only,06 - SMV unattended vehicle,01 - Clear,05 - Dusk,01 - Dry,02 - Stop sign,00 - Unknown,1,0,0,0,,0,,,,,369457.2455,5023575.277,45.34914276,-75.67485498,13762
17--9487,9/18/2017,7:37 PM,FRANK BENDER ST @ JEANNE D'ARC BLVD (0003635),3635,03 - At intersection,03 - P.D. only,05 - Turning movement,01 - Clear,07 - Dark,01 - Dry,01 - Traffic signal,01 - Functioning,2,0,0,0,,0,,,,,381870.2043,5035884.121,45.45863444,-75.51454074,13763
17--9488,9/18/2017,8:08 PM,MARCH RD @ PETER ROBINSON RD (0010809),10809,03 - At intersection,02 - Non-fatal injury,05 - Turning movement,01 - Clear,07 - Dark,01 - Dry,02 - Stop sign,00 - Unknown,2,0,0,0,02 - Minor,2,1,1,,,334998.1362,5015265.274,45.27669538,-76.11510722,13764
17--9489,9/18/2017,8:21 PM,RIVERSIDE DR @ BROOKFIELD RD/HOG'S BACK RD (0001627),1627,02 - Intersection related,02 - Non-fatal injury,03 - Rear end,01 - Clear,07 - Dark,01 - Dry,01 - Traffic signal,01 - Functioning,2,0,0,0,01 - Minimal,2,2,,,,368167.711,5026221.404,45.37306967,-75.69097086,13765
17--949,1/23/2017,9:30 PM,ALBERT ST @ BAY ST (0006357),6357,03 - At intersection,02 - Non-fatal injury,07 - SMV other,01 - Clear,07 - Dark,01 - Dry,01 - Traffic signal,01 - Functioning,1,0,0,1,01 - Minimal,1,1,,,,366941.6099,5031143.858,45.41747041,-75.70600319,13766
17--9490,9/18/2017,8:55 AM,BASELINE RD @ CLYDE AVE (0002343),2343,02 - Intersection related,03 - P.D. only,03 - Rear end,01 - Clear,01 - Daylight,01 - Dry,01 - Traffic signal,01 - Functioning,2,0,0,0,,0,,,,,364358.7034,5024890.513,45.3614286,-75.73975727,13767
17--9491,9/18/2017,8:56 AM,GLADSTONE AVE @ METCALFE ST (0002709),2709,02 - Intersection related,03 - P.D. only,03 - Rear end,01 - Clear,01 - Daylight,01 - Dry,01 - Traffic signal,01 - Functioning,3,0,0,0,,0,,,,,368229.7559,5030750.33,45.41381399,-75.68959656,13768
17--9492,9/18/2017,9:31 AM,CLAYMOR AVE @ MEADOWLANDS DR (0003184),3184,03 - At intersection,02 - Non-fatal injury,07 - SMV other,01 - Clear,01 - Daylight,01 - Dry,01 - Traffic signal,01 - Functioning,1,0,0,1,02 - Minor,1,,1,,,366920.2275,5025322.764,45.3650956,-75.7070092,13769
17--9493,9/19/2017,1:36 PM,GREENBANK RD @ WEST HUNT CLUB RD (0005167),5167,02 - Intersection related,03 - P.D. only,03 - Rear end,01 - Clear,01 - Daylight,01 - Dry,01 - Traffic signal,01 - Functioning,2,0,0,0,,0,,,,,361478.7212,5020503.196,45.32219043,-75.7770187,13770
17--9494,9/19/2017,1:53 PM,JEANNE D'ARC BLVD @ OR174 IC105 RAMP52 (0012417),12417,02 - Intersection related,03 - P.D. only,03 - Rear end,01 - Clear,01 - Daylight,01 - Dry,01 - Traffic signal,00 - Unknown,2,0,0,0,,0,,,,,379455.9933,5036916.593,45.46818597,-75.5452489,13771
17--9495,9/19/2017,10:08 AM,BANK ST @ RIVERSIDE DR N (0010778),10778,03 - At intersection,03 - P.D. only,02 - Angle,01 - Clear,01 - Daylight,01 - Dry,01 - Traffic signal,01 - Functioning,2,0,0,0,,0,,,,,369224.2822,5027984.263,45.388835,-75.67725274,13772
17--9496,9/19/2017,10:13 PM,RICHMOND RD @ HOLLY ACRES RD/NANAIMO DR (0001068),1068,03 - At intersection,03 - P.D. only,99 - Other,01 - Clear,07 - Dark,01 - Dry,01 - Traffic signal,01 - Functioning,2,0,0,0,,0,,,,,359059.145,5022747.786,45.34257853,-75.80763391,13773
17--9497,9/19/2017,10:38 PM,COLONEL BY DR @ HOG'S BACK RD (0002635),2635,02 - Intersection related,03 - P.D. only,05 - Turning movement,01 - Clear,07 - Dark,01 - Dry,01 - Traffic signal,01 - Functioning,2,0,0,0,,0,,,,,367605.5265,5025870.958,45.36996705,-75.69819224,13774
17--9498,9/19/2017,10:38 PM,COLONEL BY DR @ HOG'S BACK RD (0002635),2635,02 - Intersection related,03 - P.D. only,05 - Turning movement,01 - Clear,07 - Dark,01 - Dry,01 - Traffic signal,01 - Functioning,2,0,0,0,,0,,,,,367602.71,5025873.538,45.36999052,-75.69822786,13775
17--9499,9/19/2017,11:10 AM,KING EDWARD AVE @ TEMPLETON ST (0007695),7695,02 - Intersection related,02 - Non-fatal injury,03 - Rear end,01 - Clear,01 - Daylight,01 - Dry,01 - Traffic signal,01 - Functioning,3,0,0,0,01 - Minimal,2,2,,,,369059.2356,5031508.292,45.42055818,-75.67890104,13776
17--95,1/3/2017,8:50 AM,HIGHWAY 7 btwn ASHTON STATION RD & OVERPASS RD (__3ZA2QE),__3ZA2QE,01 - Non intersection,02 - Non-fatal injury,07 - SMV other,04 - Freezing Rain,01 - Daylight,04 - Slush,10 - No control,,1,0,0,0,02 - Minor,1,,1,,,340415.0436,5004429.286,45.17893331,-76.04684305,13777
17--950,1/23/2017,9:31 PM,HUNT CLUB RD @ BRIDLE PATH DR/DAZE ST (0008214),8214,02 - Intersection related,03 - P.D. only,03 - Rear end,01 - Clear,07 - Dark,01 - Dry,01 - Traffic signal,01 - Functioning,3,0,0,0,,0,,,,,371291.7289,5023864.504,45.35157362,-75.65140726,13778
17--9500,9/19/2017,11:13 PM,FERNBANK RD btwn GO/KA BOUNDARY & TERRY FOX DR (__4O46UP),__4O46UP,01 - Non intersection,02 - Non-fatal injury,07 - SMV other,01 - Clear,07 - Dark,01 - Dry,10 - No control,,1,0,0,0,02 - Minor,1,,1,,,353929.4046,5014790.835,45.2713583,-75.87387584,13779
17--9501,9/19/2017,12:33 PM,BESSERER ST @ WALLER ST (0008859),8859,03 - At intersection,03 - P.D. only,04 - Sideswipe,01 - Clear,01 - Daylight,01 - Dry,01 - Traffic signal,01 - Functioning,2,0,0,0,,0,,,,,368316.9366,5032191.978,45.42677753,-75.68829696,13780
17--9502,9/19/2017,12:45 PM,ELGIN ST @ LISGAR ST (0006935),6935,03 - At intersection,03 - P.D. only,03 - Rear end,01 - Clear,01 - Daylight,01 - Dry,01 - Traffic signal,01 - Functioning,2,0,0,0,,0,,,,,368074.7112,5031345.339,45.41918172,-75.69150087,13781
17--9503,9/19/2017,12:55 PM,LAURIER AVE @ NICHOLAS ST (0010711),10711,02 - Intersection related,03 - P.D. only,04 - Sideswipe,01 - Clear,01 - Daylight,01 - Dry,01 - Traffic signal,01 - Functioning,2,0,0,0,,0,,,,,368372.6903,5031798.98,45.42323641,-75.68763526,13782
17--9504,9/19/2017,2:30 PM,DYNES RD @ PRINCE OF WALES DR (0003321),3321,03 - At intersection,02 - Non-fatal injury,03 - Rear end,01 - Clear,01 - Daylight,01 - Dry,01 - Traffic signal,01 - Functioning,2,0,0,0,02 - Minor,1,,1,,,367114.7141,5025923.294,45.37048177,-75.70445099,13783
17--9505,9/19/2017,3:14 PM,QUEEN ELIZABETH DRWY btwn PRESTON ST & CRESCENT HGTS (__3ZA217),__3ZA217,01 - Non intersection,03 - P.D. only,03 - Rear end,01 - Clear,01 - Daylight,01 - Dry,10 - No control,,2,0,0,0,,0,,,,,366955.866,5028864.017,45.39695578,-75.70610847,13784
17--9506,9/19/2017,3:15 PM,CATHERINE ST @ KENT ST (0002707),2707,03 - At intersection,03 - P.D. only,02 - Angle,01 - Clear,01 - Daylight,01 - Dry,01 - Traffic signal,01 - Functioning,2,0,0,0,,0,,,,,367908.6633,5030187.37,45.40877768,-75.69377063,13785
17--9507,9/19/2017,3:29 PM,COBOURG ST @ ST. PATRICK ST (0011483),11483,03 - At intersection,03 - P.D. only,05 - Turning movement,01 - Clear,01 - Daylight,01 - Dry,01 - Traffic signal,01 - Functioning,2,0,0,0,,0,,,,,368802.4619,5033235.096,45.43611886,-75.68195733,13786
17--9508,9/19/2017,3:32 PM,ALBERT ST @ EMPRESS AVE (0010851),10851,02 - Intersection related,03 - P.D. only,04 - Sideswipe,01 - Clear,01 - Daylight,01 - Dry,01 - Traffic signal,01 - Functioning,2,0,0,0,,0,,,,,366576.701,5030720.327,45.41369191,-75.71071835,13787
17--9509,9/19/2017,3:50 PM,ST. JOSEPH BLVD @ REGIONAL RD 174/TRANSITWAY (0012428),12428,02 - Intersection related,03 - P.D. only,03 - Rear end,01 - Clear,01 - Daylight,01 - Dry,01 - Traffic signal,00 - Unknown,2,0,0,0,,0,,,,,376555.8371,5035057.079,45.45175925,-75.58260455,13788
17--951,1/24/2017,1:30 PM,KENT ST @ SLATER ST (0002114),2114,02 - Intersection related,02 - Non-fatal injury,07 - SMV other,03 - Snow,01 - Daylight,04 - Slush,01 - Traffic signal,00 - Unknown,1,0,0,1,01 - Minimal,1,1,,,,367260.6219,5031251.773,45.41841299,-75.70191382,13789
17--9510,9/19/2017,4:00 AM,CARSON'S RD btwn CHARLESWOOD AVE & DEN HAAG DR (__3ZA7W1),__3ZA7W1,01 - Non intersection,03 - P.D. only,07 - SMV other,01 - Clear,07 - Dark,01 - Dry,10 - No control,,1,0,0,0,,0,,,,,372981.9714,5033904.883,45.44175021,-75.62845049,13790
17--9511,9/19/2017,4:00 PM,FISHER AVE btwn 220 S OF TRENT ST & MCCOOEY LANE (__3ZA30SB),__3ZA30SB,01 - Non intersection,02 - Non-fatal injury,03 - Rear end,01 - Clear,01 - Daylight,01 - Dry,10 - No control,,3,0,0,0,02 - Minor,2,,2,,,365969.1397,5026490.745,45.37568851,-75.71900446,13791
17--9512,9/19/2017,4:08 PM,HAZELDEAN RD @ TERRY FOX DR (0003682),3682,02 - Intersection related,03 - P.D. only,03 - Rear end,01 - Clear,01 - Daylight,01 - Dry,01 - Traffic signal,01 - Functioning,2,0,0,0,,0,,,,,352208.1036,5017243.041,45.29354208,-75.89557726,13792
17--9513,9/19/2017,4:47 PM,MEADOWLANDS DR/TALLWOOD DR @ WOODROFFE AVE (0000095),95,02 - Intersection related,03 - P.D. only,03 - Rear end,01 - Clear,01 - Daylight,01 - Dry,01 - Traffic signal,01 - Functioning,2,0,0,0,,0,,,,,363056.7539,5022730.362,45.34210115,-75.75662921,13793
17--9514,9/19/2017,5:00 PM,NERTA ST @ ST. LAURENT BLVD (0008327),8327,02 - Intersection related,03 - P.D. only,03 - Rear end,01 - Clear,01 - Daylight,01 - Dry,02 - Stop sign,01 - Functioning,2,0,0,0,,0,,,,,373675.7745,5028604.79,45.3939946,-75.62032369,13794
17--9515,9/19/2017,5:00 PM,GROSVENOR AVE @ SUNNYSIDE AVE (0007517),7517,03 - At intersection,02 - Non-fatal injury,02 - Angle,01 - Clear,01 - Daylight,01 - Dry,02 - Stop sign,01 - Functioning,2,1,0,0,01 - Minimal,1,1,,,,368540.3406,5028464.55,45.39321905,-75.68592426,13795
17--9516,9/19/2017,5:02 PM,DAVIDSON RD @ HAWTHORNE RD (0009547),9547,02 - Intersection related,03 - P.D. only,03 - Rear end,01 - Clear,01 - Daylight,01 - Dry,02 - Stop sign,01 - Functioning,2,0,0,0,,0,,,,,376283.2316,5024509.277,45.35688395,-75.58761841,13796
17--9517,9/19/2017,5:05 PM,GREENBANK RD @ JOCKVALE RD (0010360),10360,03 - At intersection,03 - P.D. only,03 - Rear end,01 - Clear,01 - Daylight,01 - Dry,01 - Traffic signal,01 - Functioning,2,0,0,0,,0,,,,,364121.9137,5014331.324,45.26643769,-75.74404383,13797
17--9518,9/19/2017,5:10 PM,MONTREAL RD @ ST. LAURENT BLVD (0002604),2604,02 - Intersection related,03 - P.D. only,04 - Sideswipe,01 - Clear,01 - Daylight,01 - Dry,01 - Traffic signal,00 - Unknown,2,0,0,0,,0,,,,,371544.7471,5033817.356,45.44110138,-75.64683189,13798
17--9519,9/19/2017,6:00 PM,MONTREAL RD btwn CENTER ST & BRITTANY DR (__3ZA3A1),__3ZA3A1,04 - At/near private drive,03 - P.D. only,03 - Rear end,01 - Clear,01 - Daylight,01 - Dry,10 - No control,,2,0,0,0,,0,,,,,371824.9868,5033952.681,45.44229216,-75.64323168,13799
17--952,1/24/2017,10:01 PM,MOODIE DR btwn ARNOLD DR & SONGBIRD PRIV (__6KE629),__6KE629,01 - Non intersection,03 - P.D. only,06 - SMV unattended vehicle,03 - Snow,07 - Dark,03 - Loose snow,10 - No control,,1,0,0,0,,0,,,,,357605.3027,5019188.174,45.31065978,-75.8265638,13800
17--9520,9/19/2017,6:03 PM,HOLLY ACRES RD @ CARLING AVE (0000522),522,03 - At intersection,03 - P.D. only,05 - Turning movement,01 - Clear,01 - Daylight,01 - Dry,01 - Traffic signal,01 - Functioning,2,0,0,0,,0,,,,,358235.7492,5023495.879,45.3493731,-75.81805916,13801
17--9521,9/19/2017,6:13 PM,TIGHE ST btwn MANOTICK MAIN ST & DICKINSON ST (__3ZA9AK),__3ZA9AK,01 - Non intersection,03 - P.D. only,06 - SMV unattended vehicle,01 - Clear,01 - Daylight,01 - Dry,10 - No control,,1,0,0,0,,0,,,,,368939.7366,5009851.068,45.22570186,-75.68323291,13802
17--9522,9/19/2017,6:15 AM,FOOTHILLS DR btwn GRANGEMILL AVE & REDFIELD AVE (2) (__3ZABSN),__3ZABSN,01 - Non intersection,03 - P.D. only,06 - SMV unattended vehicle,01 - Clear,03 - Dawn,01 - Dry,10 - No control,,1,0,0,0,,0,,,,,358863.309,5021213.582,45.32878882,-75.81030027,13803
17--9523,9/19/2017,6:21 PM,SUSSEX DR @ JOHN ST (0007657),7657,02 - Intersection related,03 - P.D. only,99 - Other,01 - Clear,01 - Daylight,01 - Dry,02 - Stop sign,01 - Functioning,2,0,0,0,,0,,,,,367860.3621,5033945.644,45.44259771,-75.69390646,13804
17--9524,9/19/2017,6:29 PM,PRINCE OF WALES DR btwn MELFA CRES & NORMANDY CRES (__3ZA36S),__3ZA36S,01 - Non intersection,03 - P.D. only,03 - Rear end,01 - Clear,01 - Daylight,01 - Dry,10 - No control,,3,0,0,0,,0,,,,,367411.5779,5025367.706,45.36545626,-75.70073182,13805
17--9525,9/19/2017,6:50 AM,MEADOWLANDS DR    W btwn TURN LANE & MERIVALE RD (__3ZA4HV),__3ZA4HV,01 - Non intersection,02 - Non-fatal injury,07 - SMV other,01 - Clear,03 - Dawn,01 - Dry,10 - No control,,1,0,1,0,03 - Major,1,,,1,,364813.8227,5023701.187,45.3506884,-75.73409276,13806
17--9526,9/19/2017,7:04 PM,MEADOWLANDS DR @ TIVERTON DR (0001749),1749,02 - Intersection related,03 - P.D. only,03 - Rear end,02 - Rain,05 - Dusk,02 - Wet,01 - Traffic signal,01 - Functioning,3,0,0,0,,0,,,,,365205.4717,5024344.244,45.3564409,-75.72901635,13807
17--9527,9/19/2017,7:23 AM,CRESTHAVEN DR @ SUNVALE WAY (0010173),10173,02 - Intersection related,03 - P.D. only,03 - Rear end,01 - Clear,01 - Daylight,01 - Dry,02 - Stop sign,01 - Functioning,2,0,0,0,,0,,,,,366747.8375,5015639.4,45.2779813,-75.71042085,13808
17--9528,9/19/2017,7:46 AM,CARLING AVE EB btwn BROADVIEW AVE & BOYD AVE (__3ZA4UB),__3ZA4UB,01 - Non intersection,02 - Non-fatal injury,03 - Rear end,01 - Clear,01 - Daylight,01 - Dry,10 - No control,,2,1,0,0,01 - Minimal,1,1,,,,363319.6478,5026706.204,45.37785346,-75.75280416,13809
17--9529,9/19/2017,7:55 AM,MEADOWLANDS DR btwn BROOK LANE & WITHROW AVE (__3ZA4HH),__3ZA4HH,04 - At/near private drive,03 - P.D. only,99 - Other,01 - Clear,01 - Daylight,01 - Dry,10 - No control,,2,0,0,0,,0,,,,,363626.3809,5023043.319,45.34486958,-75.74932403,13810
17--953,1/24/2017,10:14 PM,RIVERSIDE DR btwn HUNT CLUB RD & KIMBERWICK CRES (__3ZBOEN),__3ZBOEN,01 - Non intersection,02 - Non-fatal injury,07 - SMV other,01 - Clear,07 - Dark,02 - Wet,10 - No control,,1,0,0,0,02 - Minor,1,,1,,,368121.1374,5022411.561,45.3387938,-75.69205341,13811
17--9530,9/19/2017,8:20 AM,HIGHWAY 417 btwn HWY417 IC138 RAMP61 & HWY417 IC134 RAMP36 (__3ZA20I),__3ZA20I,01 - Non intersection,03 - P.D. only,03 - Rear end,01 - Clear,01 - Daylight,01 - Dry,10 - No control,,3,0,0,0,,0,,,,,355454.3387,5021724.284,45.3336385,-75.85373426,13812
17--9531,9/19/2017,9:04 PM,MERIVALE RD btwn 210 S OF MEADOWLANDS DR/MERIVALE PL SC & FAMILY BROWN (__3ZBPLPB),__3ZBPLPB,01 - Non intersection,03 - P.D. only,03 - Rear end,01 - Clear,07 - Dark,02 - Wet,10 - No control,,2,0,0,0,,0,,,,,364999.7022,5023397.376,45.34793882,-75.73175773,13813
17--9532,9/19/2017,9:10 PM,MCCARTHY RD btwn PAUL ANKA DR & HUNTVIEW PRIV (__3ZA9C4),__3ZA9C4,04 - At/near private drive,03 - P.D. only,05 - Turning movement,01 - Clear,07 - Dark,01 - Dry,10 - No control,,2,0,0,0,,0,,,,,369805.2658,5023824.692,45.35135476,-75.67038128,13814
17--9533,9/19/2017,9:15 AM,TEMPLETON ST btwn NELSON ST & SWEETLAND AVE (__3ZA9VR),__3ZA9VR,04 - At/near private drive,03 - P.D. only,04 - Sideswipe,01 - Clear,01 - Daylight,01 - Dry,10 - No control,,2,0,0,0,,0,,,,,369270.7141,5031630.71,45.42164019,-75.67618305,13815
17--9534,9/19/2017,9:30 AM,LUMBERMAN WAY @ ORLEANS BLVD (0004359),4359,03 - At intersection,02 - Non-fatal injury,02 - Angle,01 - Clear,01 - Daylight,01 - Dry,02 - Stop sign,01 - Functioning,2,0,0,0,02 - Minor,1,,1,,,380451.2567,5037241.834,45.47100514,-75.53247254,13816
17--9535,9/19/2017,9:40 AM,BRONSON AVE @ SUNNYSIDE AVE/UNIVERSITY RD - CA (0007209),7209,02 - Intersection related,03 - P.D. only,04 - Sideswipe,01 - Clear,01 - Daylight,01 - Dry,01 - Traffic signal,01 - Functioning,2,0,0,0,,0,,,,,367922.2322,5028090.352,45.38990811,-75.69386567,13817
17--9536,9/20/2017,1:59 PM,KING EDWARD AVE @ ST. PATRICK ST (0002714),2714,02 - Intersection related,03 - P.D. only,03 - Rear end,01 - Clear,01 - Daylight,01 - Dry,01 - Traffic signal,01 - Functioning,2,0,0,0,,0,,,,,368248.7013,5032822.872,45.43246028,-75.68908758,13818
17--9537,9/20/2017,10:13 AM,WEST HUNT CLUB RD @ CLEOPATRA DR/LANCELOT DR (0000114),114,02 - Intersection related,03 - P.D. only,04 - Sideswipe,01 - Clear,01 - Daylight,01 - Dry,01 - Traffic signal,01 - Functioning,2,0,0,0,,0,,,,,365235.9676,5021732.425,45.33293748,-75.72894626,13819
17--9538,9/20/2017,10:29 AM,REGIONAL ROAD 174 btwn HWY417 IC113 RAMP67 & Continuation of REGIONAL  (__3ZA28A),__3ZA28A,01 - Non intersection,03 - P.D. only,03 - Rear end,01 - Clear,01 - Daylight,01 - Dry,10 - No control,,2,0,0,0,,0,,,,,373493.5633,5031878.956,45.42347188,-75.62219438,13820