Anom_ID,Accident_Date,Accident_Time,Location,Geo_ID,Accident_Location,Classification_of_Accident,Initial_Impact_Type,Environment_Condition,Light,Road_Surface_Condition,Traffic_Control,Traffic_Control_Condition,No__of_Vehicles,No__of_Bicycles,No__of_Motorcycles,No__of_Pedestrians,Max_Injury,No__of_Injuries,No__of_Minimal,No__of_Minor,No__of_Major,No__of_Fatal,X,Y,Latitude,Longitude,ObjectId
17--9539,9/20/2017,10:52 AM,CANOTEK RD @ SHEFFORD RD (0009369),9369,02 - Intersection related,03 - P.D. only,04 - Sideswipe,01 - Clear,01 - Daylight,01 - Dry,01 - Traffic signal,01 - Functioning,2,0,0,0,,0,,,,,376028.6948,5035093.59,45.45214168,-75.58933789,13821
17--954,1/24/2017,10:15 AM,HIGHWAY 417 btwn RAMP & HWY417 IC145 RAMP55 (__3ZA2Q1),__3ZA2Q1,01 - Non intersection,03 - P.D. only,07 - SMV other,03 - Snow,01 - Daylight,04 - Slush,10 - No control,,1,0,0,0,,0,,,,,345912.434,5014749.861,45.271504,-75.97604591,13822
17--9540,9/20/2017,11:15 AM,BELFAST RD btwn ST. LAURENT BLVD & TRIOLE ST (__3ZA791),__3ZA791,04 - At/near private drive,03 - P.D. only,02 - Angle,01 - Clear,01 - Daylight,01 - Dry,10 - No control,,2,0,0,0,,0,,,,,372872.2137,5030583.965,45.41188091,-75.63031231,13823
17--9541,9/20/2017,Unknown,MCARTHUR AVE @ CARMEN AVE (0009811),9811,02 - Intersection related,03 - P.D. only,06 - SMV unattended vehicle,01 - Clear,00 - Unknown,01 - Dry,02 - Stop sign,00 - Unknown,1,0,0,0,,0,,,,,370904.623,5032765.538,45.43169841,-75.65515465,13824
17--9542,9/20/2017,Unknown,STE. MONIQUE ST btwn MARIER AVE & STE. CECILE ST (__3ZA8YL),__3ZA8YL,01 - Non intersection,03 - P.D. only,06 - SMV unattended vehicle,01 - Clear,00 - Unknown,01 - Dry,10 - No control,,1,0,0,0,,0,,,,,369949.8136,5033793.808,45.44103995,-75.66722013,13825
17--9543,9/20/2017,12:11 AM,FRANKTOWN RD btwn MUNSTER RD & GREEN'S RD (__3ZA3EU),__3ZA3EU,01 - Non intersection,03 - P.D. only,07 - SMV other,01 - Clear,07 - Dark,01 - Dry,10 - No control,,1,0,0,0,,0,,,,,352265.0059,5002124.134,45.15749275,-75.89629359,13826
17--9544,9/20/2017,12:30 PM,CUMBERLAND ST @ RIDEAU ST (0007759),7759,03 - At intersection,03 - P.D. only,05 - Turning movement,01 - Clear,01 - Daylight,01 - Dry,01 - Traffic signal,01 - Functioning,2,0,0,0,,0,,,,,368374.0331,5032330.213,45.42801613,-75.68754953,13827
17--9545,9/20/2017,12:30 PM,HIGHWAY 417 btwn HWY417 IC118 RAMP67 & HWY417 IC117 RAMP36 (__3ZA2YO),__3ZA2YO,01 - Non intersection,03 - P.D. only,04 - Sideswipe,01 - Clear,01 - Daylight,01 - Dry,10 - No control,,2,0,0,0,,0,,,,,369775.0195,5031158.97,45.417349,-75.66980185,13828
17--9546,9/20/2017,12:45 PM,INNES RD @ LANTHIER DR/PRESTWICK DR (0004251),4251,02 - Intersection related,03 - P.D. only,03 - Rear end,01 - Clear,01 - Daylight,01 - Dry,01 - Traffic signal,01 - Functioning,3,0,0,0,,0,,,,,383540.6519,5035989.566,45.45939688,-75.49316793,13829
17--9547,9/20/2017,12:52 PM,ELGIN ST @ WELLINGTON ST W (0002113),2113,02 - Intersection related,03 - P.D. only,04 - Sideswipe,01 - Clear,01 - Daylight,01 - Dry,01 - Traffic signal,01 - Functioning,2,0,0,0,,0,,,,,367664.7038,5031876.383,45.42399684,-75.6966715,13830
17--9548,9/20/2017,2:45 PM,CARLING AVE @ KIRKWOOD AVE S (0002209),2209,02 - Intersection related,03 - P.D. only,04 - Sideswipe,01 - Clear,01 - Daylight,01 - Dry,01 - Traffic signal,00 - Unknown,2,0,0,0,,0,,,,,364352.1784,5027338.266,45.38345365,-75.73954543,13831
17--9549,9/20/2017,2:47 PM,CUMMINGS AVE @ OGILVIE RD (0009923),9923,02 - Intersection related,02 - Non-fatal injury,04 - Sideswipe,01 - Clear,01 - Daylight,01 - Dry,01 - Traffic signal,00 - Unknown,2,0,1,0,02 - Minor,1,,1,,,372747.7644,5032170.825,45.42617082,-75.63168325,13832
17--955,1/24/2017,10:21 PM,BASELINE RD @ CENTREPOINTE DR E/HIGHGATE RD (0011468),11468,03 - At intersection,03 - P.D. only,02 - Angle,03 - Snow,07 - Dark,03 - Loose snow,01 - Traffic signal,01 - Functioning,2,0,0,0,,0,,,,,362061.1402,5023464.959,45.34879299,-75.7692474,13833
17--9026,9/6/2017,5:20 PM,HIGHWAY 417 btwn HWY417 IC155 RAMP61 & HWY417 IC145 RAMP56 (__3ZA2Q2),__3ZA2Q2,01 - Non intersection,03 - P.D. only,07 - SMV other,01 - Clear,01 - Daylight,01 - Dry,10 - No control,,1,0,0,0,,0,,,,,342192.1692,5017571.857,45.29710529,-76.02324414,13834
17--9294,9/13/2017,3:35 PM,BASELINE RD @ CORDOVA ST (0003208),3208,02 - Intersection related,03 - P.D. only,03 - Rear end,01 - Clear,01 - Daylight,01 - Dry,01 - Traffic signal,01 - Functioning,2,0,0,0,,0,,,,,363594.5821,5024408.409,45.35715518,-75.74956747,13835
17--9027,9/6/2017,5:30 PM,BANK ST @ EVANS AVE (0011429),11429,02 - Intersection related,03 - P.D. only,03 - Rear end,01 - Clear,01 - Daylight,01 - Dry,02 - Stop sign,00 - Unknown,2,0,0,0,,0,,,,,369918.9725,5027062.526,45.38047727,-75.66850354,13836
17--9295,9/13/2017,3:45 PM,STAGECOACH RD @ WOODSTREAM DR/JACK PINE CRES (0010870),10870,03 - At intersection,03 - P.D. only,05 - Turning movement,01 - Clear,01 - Daylight,01 - Dry,02 - Stop sign,00 - Unknown,2,0,0,0,,0,,,,,375874.3037,5013426.213,45.25720441,-75.59442647,13837
17--9296,9/13/2017,3:55 PM,STITTSVILLE MAIN ST btwn HOBIN ST & BEVERLY ST (__3ZA3EH),__3ZA3EH,01 - Non intersection,02 - Non-fatal injury,03 - Rear end,01 - Clear,01 - Daylight,01 - Dry,10 - No control,,2,0,0,0,02 - Minor,3,,3,,,349794.2918,5013882.033,45.26345732,-75.92665488,13838
17--9297,9/13/2017,4:00 PM,GLENMORISTON AVE btwn GOWRIE DR & SEABROOKE DR (__3ZAB1E),__3ZAB1E,01 - Non intersection,03 - P.D. only,06 - SMV unattended vehicle,01 - Clear,01 - Daylight,01 - Dry,10 - No control,,1,0,0,0,,0,,,,,352393.3336,5017282.861,45.29388787,-75.89321201,13839
17--9298,9/13/2017,4:07 PM,HIGHWAY 417 btwn HWY417 IC117 RAMP25 & HWY417 IC115 RAMP51 (__3ZA2R3),__3ZA2R3,01 - Non intersection,03 - P.D. only,03 - Rear end,01 - Clear,01 - Daylight,01 - Dry,10 - No control,,3,0,0,0,,0,,,,,371759.8542,5031422.506,45.41953305,-75.64440823,13840
17--9299,9/13/2017,4:30 PM,CARLING AVE @ CIVIC HOSPITAL (0008793),8793,03 - At intersection,03 - P.D. only,05 - Turning movement,01 - Clear,01 - Daylight,01 - Dry,01 - Traffic signal,01 - Functioning,2,0,0,0,,0,,,,,365791.7901,5028278.568,45.39179042,-75.72104772,13841
17--93,1/3/2017,8:44 AM,EDGAR BRAULT ST @ ST. JOSEPH BLVD (0012414),12414,02 - Intersection related,03 - P.D. only,02 - Angle,04 - Freezing Rain,01 - Daylight,04 - Slush,01 - Traffic signal,01 - Functioning,2,0,0,0,,0,,,,,381419.6386,5037546.715,45.47364263,-75.52004188,13842
17--930,1/23/2017,5:58 AM,MITCH OWENS RD btwn SALE BARN RD & HAWTHORNE RD (__3ZA2CT),__3ZA2CT,01 - Non intersection,02 - Non-fatal injury,03 - Rear end,01 - Clear,07 - Dark,06 - Ice,10 - No control,,2,0,0,0,02 - Minor,1,,1,,,379144.2916,5016818.544,45.2873892,-75.5522605,13843
17--9300,9/13/2017,4:40 PM,HIGHWAY 417 btwn HWY417 IC124 RAMP65 & HWY417 IC122 RAMP51 (__3ZA2R8),__3ZA2R8,01 - Non intersection,03 - P.D. only,03 - Rear end,01 - Clear,01 - Daylight,01 - Dry,10 - No control,,2,0,0,0,,0,,,,,364776.0573,5028023.556,45.3895836,-75.7340499,13844
17--9301,9/13/2017,5:00 PM,HERON RD btwn CLEMENTINE BLVD & FALCON AVE (__3ZA36E),__3ZA36E,01 - Non intersection,03 - P.D. only,03 - Rear end,01 - Clear,01 - Daylight,01 - Dry,10 - No control,,4,0,0,0,,0,,,,,369591.5467,5026793.269,45.37808494,-75.6727193,13845
17--9302,9/13/2017,5:00 PM,RUSSELL RD S @ ST. LAURENT BLVD (0007734),7734,02 - Intersection related,02 - Non-fatal injury,03 - Rear end,01 - Clear,01 - Daylight,01 - Dry,01 - Traffic signal,01 - Functioning,2,0,0,0,02 - Minor,1,,1,,,373569.5332,5029260.383,45.39990377,-75.62158904,13846
17--9303,9/13/2017,5:00 PM,INNES RD btwn STONEHENGE CRES & STONEHENGE CRES (__3ZA3RG),__3ZA3RG,01 - Non intersection,03 - P.D. only,04 - Sideswipe,01 - Clear,01 - Daylight,01 - Dry,10 - No control,,2,0,0,0,,0,,,,,375355.6183,5031308.057,45.41814992,-75.59848466,13847
17--9304,9/13/2017,5:15 PM,HIGHWAY 417 btwn HWY417 IC110 RAMP55 & HWY417 IC104 RAMP51 (__3ZA2W8),__3ZA2W8,01 - Non intersection,03 - P.D. only,04 - Sideswipe,01 - Clear,01 - Daylight,01 - Dry,10 - No control,,2,0,0,0,,0,,,,,377786.3866,5026403.985,45.37377665,-75.56815544,13848
17--9305,9/13/2017,5:18 PM,LAURIER AVE   W btwn METCALFE ST & ELGIN ST (__3ZA35P),__3ZA35P,01 - Non intersection,02 - Non-fatal injury,05 - Turning movement,01 - Clear,01 - Daylight,01 - Dry,10 - No control,,2,1,0,0,01 - Minimal,1,1,,,,367935.919,5031541.547,45.42095967,-75.69324898,13849
17--9306,9/13/2017,5:30 AM,BANK ST @ CHAMBERLAIN AVE N/ISABELLA ST (0002132),2132,03 - At intersection,03 - P.D. only,02 - Angle,01 - Clear,07 - Dark,01 - Dry,01 - Traffic signal,01 - Functioning,2,0,0,0,,0,,,,,368082.8152,5030166.675,45.40857575,-75.69154867,13850
17--9307,9/13/2017,5:54 AM,CAMPEAU DR/HWY 417 MARCH IC138R63 @ MARCH RD (0009710),9710,02 - Intersection related,03 - P.D. only,04 - Sideswipe,01 - Clear,07 - Dark,01 - Dry,01 - Traffic signal,01 - Functioning,2,0,0,0,,0,,,,,352842.6365,5020476.387,45.32259336,-75.8871744,13851
17--9308,9/13/2017,6:06 PM,ST. JOSEPH BLVD @ JEANNE D'ARC BLVD (0012421),12421,03 - At intersection,03 - P.D. only,02 - Angle,01 - Clear,01 - Daylight,01 - Dry,11 - Roundabout,01 - Functioning,2,0,0,0,,0,,,,,379860.7425,5036470.464,45.46412867,-75.54014155,13852
17--9309,9/13/2017,6:10 PM,HIGHWAY 417 btwn HWY417 IC122 RAMP16 & HWY417 IC122 RAMP61 (__3ZA2RA),__3ZA2RA,01 - Non intersection,03 - P.D. only,03 - Rear end,01 - Clear,01 - Daylight,01 - Dry,10 - No control,,2,0,0,0,,0,,,,,365242.0737,5028837.107,45.39686369,-75.72799931,13853
17--931,1/23/2017,6:06 AM,ROGER STEVENS DR btwn MCKENNA RD & DWYER HILL RD (__3ZA428),__3ZA428,01 - Non intersection,02 - Non-fatal injury,01 - Approaching,04 - Freezing Rain,07 - Dark,06 - Ice,10 - No control,,3,0,0,0,02 - Minor,3,,3,,,353812.1671,4988877.687,45.03818837,-75.8779121,13854
17--9310,9/13/2017,6:18 PM,HAZELDEAN RD @ TERRY FOX DR (0003682),3682,02 - Intersection related,03 - P.D. only,04 - Sideswipe,01 - Clear,01 - Daylight,01 - Dry,01 - Traffic signal,01 - Functioning,2,0,0,0,,0,,,,,352207.6135,5017242.449,45.29353679,-75.89558357,13855
17--9311,9/13/2017,6:20 PM,CENTRAL PARK DR N @ MERIVALE RD (0011433),11433,02 - Intersection related,03 - P.D. only,04 - Sideswipe,01 - Clear,01 - Daylight,01 - Dry,01 - Traffic signal,01 - Functioning,2,0,0,0,,0,,,,,364953.7978,5025872.917,45.3702173,-75.73204221,13856
17--9312,9/13/2017,6:37 PM,WOODROFFE AVE @ HWY 417 WOODROFF IC127R26/HWY4 (0002355),2355,02 - Intersection related,03 - P.D. only,03 - Rear end,01 - Clear,01 - Daylight,01 - Dry,01 - Traffic signal,00 - Unknown,2,0,0,0,,0,,,,,362082.7121,5024939.664,45.36206052,-75.76880125,13857
17--9313,9/13/2017,6:42 PM,KATIMAVIK RD @ CURRAN ST/DAVIS AVE (0003528),3528,03 - At intersection,02 - Non-fatal injury,02 - Angle,01 - Clear,05 - Dusk,01 - Dry,02 - Stop sign,01 - Functioning,2,0,0,0,01 - Minimal,1,1,,,,351461.4671,5018494.003,45.30484855,-75.90497815,13858
17--9314,9/13/2017,6:43 PM,BASELINE RD @ WOODROFFE AVE (0002225),2225,03 - At intersection,02 - Non-fatal injury,03 - Rear end,01 - Clear,01 - Daylight,01 - Dry,01 - Traffic signal,01 - Functioning,2,0,0,0,01 - Minimal,1,1,,,,362550.5841,5023771.622,45.35151219,-75.76296594,13859
17--9315,9/13/2017,7:30 AM,INNES RD btwn ANDERSON RD & INNES RD (__3ZA3J2),__3ZA3J2,01 - Non intersection,03 - P.D. only,04 - Sideswipe,01 - Clear,01 - Daylight,01 - Dry,10 - No control,,2,0,0,0,,0,,,,,376372.1454,5031891.17,45.42329319,-75.58541306,13860
17--9316,9/13/2017,7:30 AM,HIGHWAY 417 btwn HWY417 IC110 RAMP64 & HWY417 IC104 RAMP16 (__3ZA2W9),__3ZA2W9,01 - Non intersection,03 - P.D. only,03 - Rear end,01 - Clear,01 - Daylight,01 - Dry,10 - No control,,2,0,0,0,,0,,,,,376886.1136,5027311.085,45.38203144,-75.57951564,13861
17--9317,9/13/2017,8:00 PM,BLEEKS RD btwn DWYER HILL RD & BAYBERRY LANE (__3ZACSU),__3ZACSU,04 - At/near private drive,03 - P.D. only,07 - SMV other,01 - Clear,07 - Dark,01 - Dry,10 - No control,,1,0,0,0,,0,,,,,348668.1216,5002741.926,45.16328464,-75.94198575,13862
17--9318,9/13/2017,8:01 AM,ST. JOSEPH BLVD @ JEANNE D'ARC BLVD (0012421),12421,03 - At intersection,02 - Non-fatal injury,02 - Angle,01 - Clear,01 - Daylight,01 - Dry,11 - Roundabout,01 - Functioning,2,0,0,0,02 - Minor,1,,1,,,379860.7425,5036472.251,45.46414474,-75.54014128,13863
17--9319,9/13/2017,8:34 PM,MISS OTTAWA ST @ MONTREAL RD (0012424),12424,02 - Intersection related,02 - Non-fatal injury,03 - Rear end,01 - Clear,07 - Dark,01 - Dry,01 - Traffic signal,01 - Functioning,2,0,0,0,01 - Minimal,1,1,,,,375798.1747,5034647.468,45.44815121,-75.59234912,13864
17--932,1/23/2017,6:09 AM,ROGER STEVENS DR btwn MCCORDICK RD & CRAIGHURST DR (__3ZA4KX),__3ZA4KX,01 - Non intersection,03 - P.D. only,07 - SMV other,04 - Freezing Rain,07 - Dark,06 - Ice,10 - No control,,1,0,0,0,,0,,,,,364788.5615,4998400.176,45.1230308,-75.73746624,13865
17--9320,9/13/2017,8:54 AM,CARP RD @ MARCH RD (0001689),1689,03 - At intersection,02 - Non-fatal injury,02 - Angle,01 - Clear,01 - Daylight,01 - Dry,01 - Traffic signal,01 - Functioning,2,0,0,0,01 - Minimal,2,2,,,,342164.0774,5021732.747,45.33454819,-76.02328847,13866
17--9321,9/13/2017,8:58 PM,HIGHWAY 417 btwn HWY417 IC96 RAMP61 & HWY417 IC88 RAMP16 (__3ZA27Z),__3ZA27Z,01 - Non intersection,02 - Non-fatal injury,03 - Rear end,01 - Clear,07 - Dark,01 - Dry,10 - No control,,3,0,0,0,02 - Minor,1,,1,,,392430.2881,5022905.179,45.34061991,-75.3818443,13867
17--9322,9/13/2017,8:58 PM,HIGHWAY 417 btwn HWY417 IC96 RAMP61 & HWY417 IC88 RAMP16 (__3ZA27Z),__3ZA27Z,01 - Non intersection,02 - Non-fatal injury,03 - Rear end,01 - Clear,07 - Dark,01 - Dry,10 - No control,,2,0,0,0,01 - Minimal,1,1,,,,393315.2259,5022669.805,45.33839117,-75.37059686,13868
17--9323,9/13/2017,9:10 AM,MACKAY ST @ VAUGHAN ST (0011558),11558,03 - At intersection,03 - P.D. only,02 - Angle,01 - Clear,01 - Daylight,01 - Dry,02 - Stop sign,01 - Functioning,2,0,0,0,,0,,,,,369065.8499,5033637.564,45.43971595,-75.67853865,13869
17--9324,9/13/2017,9:12 AM,CHAMBERLAIN AVE btwn KENT ST & TO BE DETERMINED (__3ZA25A),__3ZA25A,01 - Non intersection,02 - Non-fatal injury,07 - SMV other,01 - Clear,01 - Daylight,01 - Dry,10 - No control,,1,0,0,0,02 - Minor,1,,1,,,368020.8068,5030097.492,45.40795887,-75.69234963,13870
17--9325,9/14/2017,1:13 PM,BANK ST btwn WILDWOOD AVE & RIDGEMONT AVE (__3ZA364),__3ZA364,04 - At/near private drive,02 - Non-fatal injury,02 - Angle,01 - Clear,01 - Daylight,01 - Dry,10 - No control,,2,1,0,0,02 - Minor,1,,1,,,370052.7197,5026692.288,45.37713354,-75.66684485,13871
17--9326,9/14/2017,1:21 PM,ALBERT ST btwn BRONSON AVE & BAY ST (__3ZA339),__3ZA339,01 - Non intersection,03 - P.D. only,04 - Sideswipe,01 - Clear,01 - Daylight,01 - Dry,10 - No control,,2,0,0,0,,0,,,,,366899.6847,5031118.975,45.41725024,-75.70654196,13872
17--9327,9/14/2017,1:33 PM,INNES RD @ TRIM RD (0012870),12870,03 - At intersection,03 - P.D. only,04 - Sideswipe,01 - Clear,01 - Daylight,01 - Dry,01 - Traffic signal,01 - Functioning,2,0,0,0,,0,,,,,386566.7721,5037272.839,45.47059488,-75.45426678,13873
17--9328,9/14/2017,10:17 PM,KING GEORGE ST btwn FRANCES ST & LAWSON AVE (__3ZA8KA),__3ZA8KA,04 - At/near private drive,03 - P.D. only,06 - SMV unattended vehicle,01 - Clear,07 - Dark,01 - Dry,10 - No control,,1,0,0,0,,0,,,,,371604.0139,5032169.155,45.42626596,-75.64629803,13874
17--9329,9/14/2017,10:38 AM,ELGIN ST @ SOMERSET ST (0006936),6936,02 - Intersection related,02 - Non-fatal injury,07 - SMV other,01 - Clear,01 - Daylight,01 - Dry,01 - Traffic signal,01 - Functioning,1,0,0,1,03 - Major,3,,2,1,,368164.7086,5031196.933,45.41783826,-75.69037012,13875
17--933,1/23/2017,6:47 AM,SLACK RD @ WOODROFFE AVE (0000102),102,03 - At intersection,03 - P.D. only,05 - Turning movement,01 - Clear,07 - Dark,06 - Ice,01 - Traffic signal,01 - Functioning,2,0,0,0,,0,,,,,364232.598,5019974.207,45.31720287,-75.74195735,13876
17--9330,9/14/2017,11:00 PM,O'CONNOR ST @ SOMERSET ST (0002690),2690,02 - Intersection related,03 - P.D. only,05 - Turning movement,01 - Clear,07 - Dark,01 - Dry,01 - Traffic signal,00 - Unknown,2,0,0,0,,0,,,,,367855.7101,5031012.845,45.41620982,-75.69434145,13877
17--9331,9/14/2017,11:07 AM,MONTREAL RD @ BORTHWICK AVE (0007747),7747,03 - At intersection,02 - Non-fatal injury,05 - Turning movement,01 - Clear,01 - Daylight,01 - Dry,02 - Stop sign,01 - Functioning,2,1,0,0,02 - Minor,1,,1,,,371941.7643,5034010.293,45.44279931,-75.64173124,13878
17--9332,9/14/2017,11:53 AM,DONALD ST @ ST. LAURENT BLVD (0008630),8630,02 - Intersection related,03 - P.D. only,03 - Rear end,01 - Clear,01 - Daylight,01 - Dry,01 - Traffic signal,01 - Functioning,2,0,0,0,,0,,,,,372093.7129,5032471.468,45.42893909,-75.63999947,13879
17--9333,9/14/2017,Unknown,FAIRLEA CRES btwn HEATHERINGTON RD & GORE PRIV (__3ZBORS),__3ZBORS,01 - Non intersection,03 - P.D. only,06 - SMV unattended vehicle,01 - Clear,00 - Unknown,01 - Dry,10 - No control,,1,0,0,0,,0,,,,,371819.1502,5026695.036,45.37699153,-75.64429296,13880
17--9334,9/14/2017,12:09 PM,BANK ST btwn ORVILLE KEMP ST & LEITRIM RD (__3ZA28B),__3ZA28B,01 - Non intersection,03 - P.D. only,05 - Turning movement,01 - Clear,01 - Daylight,01 - Dry,10 - No control,,2,0,0,0,,0,,,,,375280.1211,5021806.243,45.33266477,-75.60080523,13881
17--9335,9/14/2017,2:06 PM,KENT ST @ LISGAR ST (0007733),7733,02 - Intersection related,03 - P.D. only,04 - Sideswipe,01 - Clear,01 - Daylight,01 - Dry,02 - Stop sign,00 - Unknown,2,0,0,0,,0,,,,,367437.2239,5030963.33,45.41580188,-75.69969418,13882
17--9336,9/14/2017,2:20 PM,HIGHWAY 417 btwn HWY417 IC124 RAMP57 & HWY417 IC124 RAMP55 (__3ZA2Y1),__3ZA2Y1,01 - Non intersection,02 - Non-fatal injury,03 - Rear end,01 - Clear,01 - Daylight,01 - Dry,10 - No control,,3,0,0,0,01 - Minimal,3,3,,,,364108.8928,5027079.762,45.38114831,-75.74268286,13883
17--9337,9/14/2017,2:22 PM,BASELINE RD @ CLYDE AVE (0002343),2343,03 - At intersection,02 - Non-fatal injury,02 - Angle,01 - Clear,01 - Daylight,01 - Dry,01 - Traffic signal,01 - Functioning,2,1,0,0,02 - Minor,1,,1,,,364359.7273,5024890.01,45.36142398,-75.73974426,13884
17--9338,9/14/2017,2:24 PM,ATHLONE AVE btwn SCOTT ST & RICHMOND RD (__3ZA0KB),__3ZA0KB,04 - At/near private drive,03 - P.D. only,06 - SMV unattended vehicle,01 - Clear,01 - Daylight,01 - Dry,10 - No control,,1,0,0,0,,0,,,,,363400.1984,5028562.029,45.39454516,-75.75155542,13885
17--9339,9/14/2017,2:45 PM,RIDEAU ST btwn NELSON ST & FRIEL ST (__3ZA3WJ),__3ZA3WJ,04 - At/near private drive,02 - Non-fatal injury,07 - SMV other,01 - Clear,01 - Daylight,01 - Dry,10 - No control,,1,0,0,1,01 - Minimal,1,1,,,,368738.2496,5032550.991,45.42996941,-75.68286681,13886
17--934,1/23/2017,7:00 AM,HOPEWELL AVE btwn GROSVENOR AVE & BANK ST (__3ZA9HB),__3ZA9HB,01 - Non intersection,03 - P.D. only,06 - SMV unattended vehicle,01 - Clear,07 - Dark,01 - Dry,10 - No control,,1,0,0,0,,0,,,,,368759.7142,5028498.581,45.39350525,-75.68311835,13887
17--9340,9/14/2017,2:46 PM,9TH LINE RD @ VICTORIA ST (0001624),1624,03 - At intersection,03 - P.D. only,02 - Angle,01 - Clear,01 - Daylight,01 - Dry,02 - Stop sign,01 - Functioning,2,0,0,0,,0,,,,,387131.3869,5012213.182,45.24506321,-75.45122086,13888
17--9341,9/14/2017,2:51 PM,PRINCE OF WALES DR @ STRANDHERD DR (0013339),13339,02 - Intersection related,03 - P.D. only,03 - Rear end,01 - Clear,01 - Daylight,01 - Dry,01 - Traffic signal,01 - Functioning,2,0,0,0,,0,,,,,367174.334,5014823.952,45.27060625,-75.70508776,13889
17--9342,9/14/2017,3:19 PM,BELFAST RD @ ST. LAURENT BLVD (0007658),7658,02 - Intersection related,03 - P.D. only,04 - Sideswipe,01 - Clear,01 - Daylight,01 - Dry,01 - Traffic signal,01 - Functioning,2,0,0,0,,0,,,,,372861.6799,5030578.801,45.41183547,-75.63044759,13890
17--9343,9/14/2017,3:27 PM,ST. JOSEPH BLVD @ JEANNE D'ARC BLVD (0012421),12421,02 - Intersection related,03 - P.D. only,03 - Rear end,01 - Clear,01 - Daylight,01 - Dry,11 - Roundabout,01 - Functioning,2,0,0,0,,0,,,,,379860.7425,5036471.581,45.46413872,-75.54014138,13891
17--9344,9/14/2017,3:41 PM,CARP RD @ HAZELDEAN RD (0000086),86,03 - At intersection,03 - P.D. only,05 - Turning movement,01 - Clear,01 - Daylight,01 - Dry,01 - Traffic signal,01 - Functioning,2,0,0,0,,0,,,,,348804.9104,5014359.098,45.26781272,-75.93921932,13892
17--9345,9/14/2017,3:51 PM,HWY417 IC119A RAMP75 btwn METCALFE ST & HIGHWAY 417 (__3ZAY9U),__3ZAY9U,01 - Non intersection,03 - P.D. only,03 - Rear end,01 - Clear,01 - Daylight,01 - Dry,10 - No control,,3,0,0,0,,0,,,,,368549.6683,5030477.972,45.41133433,-75.68554487,13893
17--9346,9/14/2017,3:57 PM,REGIONAL ROAD 174 EB btwn HWY417 IC113 RAMP65 & OR174 BLAIR IC112 RAMP51 (__3ZAZFJ),__3ZAZFJ,01 - Non intersection,02 - Non-fatal injury,03 - Rear end,01 - Clear,01 - Daylight,01 - Dry,10 - No control,,2,0,0,0,01 - Minimal,2,2,,,,374017.9772,5032180.064,45.4261294,-75.61545161,13894
17--9347,9/14/2017,4:00 PM,MONTREAL RD/HANNAH ST @ CODY AVE (0009349),9349,03 - At intersection,03 - P.D. only,05 - Turning movement,01 - Clear,01 - Daylight,01 - Dry,01 - Traffic signal,01 - Functioning,2,0,0,0,,0,,,,,370255.5166,5033169.331,45.43539262,-75.66339593,13895
17--9348,9/14/2017,4:00 PM,HWY417 IC118 RAMP67 btwn HWY417 IC118 RAMP64 & HIGHWAY 417 (__3ZAY9L),__3ZAY9L,01 - Non intersection,03 - P.D. only,04 - Sideswipe,01 - Clear,01 - Daylight,01 - Dry,10 - No control,,2,0,0,0,,0,,,,,369598.6904,5031165.466,45.4174238,-75.67205374,13896
17--9349,9/14/2017,4:07 PM,STONEHAVEN DR @ STONEMEADOW DR (0011882),11882,02 - Intersection related,02 - Non-fatal injury,03 - Rear end,01 - Clear,01 - Daylight,01 - Dry,02 - Stop sign,01 - Functioning,3,0,0,0,01 - Minimal,1,1,,,,355949.918,5016618.912,45.28766365,-75.84793889,13897
17--935,1/23/2017,7:11 AM,RIDEAU RD btwn BANK ST & DONCASTER RD (__3ZBO26),__3ZBO26,01 - Non intersection,03 - P.D. only,07 - SMV other,02 - Rain,03 - Dawn,06 - Ice,10 - No control,,1,0,0,0,,0,,,,,377830.1662,5018354.085,45.30134311,-75.5687846,13898
17--9350,9/14/2017,4:22 PM,DONALD ST @ ST. LAURENT BLVD (0008630),8630,02 - Intersection related,03 - P.D. only,03 - Rear end,01 - Clear,01 - Daylight,01 - Dry,01 - Traffic signal,01 - Functioning,2,0,0,0,,0,,,,,372093.2395,5032472.348,45.42894706,-75.64000539,13899
17--9351,9/14/2017,5:00 PM,MEADOWLANDS DR/TALLWOOD DR @ WOODROFFE AVE (0000095),95,02 - Intersection related,03 - P.D. only,99 - Other,01 - Clear,01 - Daylight,01 - Dry,01 - Traffic signal,01 - Functioning,2,0,0,0,,0,,,,,363057.5835,5022730.271,45.34210027,-75.75661864,13900
17--9352,9/14/2017,5:15 PM,HIGHWAY 417 btwn HWY417 IC124 RAMP65 & HWY417 IC122 RAMP51 (__3ZA2R8),__3ZA2R8,01 - Non intersection,03 - P.D. only,03 - Rear end,01 - Clear,01 - Daylight,01 - Dry,10 - No control,,2,0,0,0,,0,,,,,365123.8188,5028668.959,45.39536093,-75.72953015,13901
17--9353,9/14/2017,5:30 PM,BANK ST @ WALKLEY RD (0011423),11423,02 - Intersection related,03 - P.D. only,03 - Rear end,01 - Clear,01 - Daylight,01 - Dry,01 - Traffic signal,01 - Functioning,2,0,0,0,,0,,,,,370337.3741,5025947.974,45.37040988,-75.6633095,13902