Anom_ID,Accident_Date,Accident_Time,Location,Geo_ID,Accident_Location,Classification_of_Accident,Initial_Impact_Type,Environment_Condition,Light,Road_Surface_Condition,Traffic_Control,Traffic_Control_Condition,No__of_Vehicles,No__of_Bicycles,No__of_Motorcycles,No__of_Pedestrians,Max_Injury,No__of_Injuries,No__of_Minimal,No__of_Minor,No__of_Major,No__of_Fatal,X,Y,Latitude,Longitude,ObjectId
17--9354,9/14/2017,5:32 PM,CHAPEL ST @ RIDEAU ST (0011918),11918,03 - At intersection,02 - Non-fatal injury,07 - SMV other,01 - Clear,01 - Daylight,01 - Dry,01 - Traffic signal,01 - Functioning,1,0,0,1,02 - Minor,1,,1,,,368892.453,5032643.355,45.43078636,-75.68088426,13903
17--9355,9/14/2017,5:40 PM,HOLLAND AVE @ KENILWORTH ST (0006299),6299,02 - Intersection related,03 - P.D. only,02 - Angle,01 - Clear,01 - Daylight,01 - Dry,01 - Traffic signal,01 - Functioning,2,0,0,0,,0,,,,,365213.7415,5028495.834,45.39379543,-75.72840294,13904
17--9356,9/14/2017,5:41 PM,BURKE RD @ CARLING AVE (0000539),539,02 - Intersection related,03 - P.D. only,03 - Rear end,01 - Clear,01 - Daylight,01 - Dry,02 - Stop sign,01 - Functioning,2,0,0,0,,0,,,,,352832.5837,5022662.215,45.34226253,-75.8870905,13905
17--9357,9/14/2017,5:55 PM,HIGHWAY 417 btwn HWY417 IC118 RAMP35 & HWY417 IC117 RAMP51 (__3ZA2YP),__3ZA2YP,01 - Non intersection,03 - P.D. only,04 - Sideswipe,01 - Clear,01 - Daylight,01 - Dry,10 - No control,,2,0,0,0,,0,,,,,370185.0259,5031099.215,45.41677315,-75.6645716,13906
17--9358,9/14/2017,6:43 PM,BRONSON AVE @ CARLING AVE/GLEBE AVE (0002134),2134,03 - At intersection,03 - P.D. only,05 - Turning movement,01 - Clear,01 - Daylight,01 - Dry,01 - Traffic signal,01 - Functioning,2,0,0,0,,0,,,,,367446.2733,5029335.801,45.40115705,-75.69978539,13907
17--9359,9/14/2017,6:55 PM,FALLOWFIELD RD @ GREENBANK RD (0000549),549,02 - Intersection related,03 - P.D. only,03 - Rear end,01 - Clear,05 - Dusk,01 - Dry,01 - Traffic signal,01 - Functioning,3,0,0,0,,0,,,,,363080.2288,5016732.232,45.28812822,-75.75703531,13908
17--936,1/23/2017,7:21 AM,ABBEYHILL DR btwn SURREY LANE & EAGLESON RD (__3ZAB3W),__3ZAB3W,04 - At/near private drive,03 - P.D. only,02 - Angle,02 - Rain,03 - Dawn,02 - Wet,10 - No control,,2,0,0,0,,0,,,,,353730.3195,5017996.889,45.30022103,-75.87609674,13909
17--9360,9/14/2017,7:13 PM,ROBERTSON RD btwn HAANEL DR & MILL HILL RD (__3ZA41V),__3ZA41V,01 - Non intersection,03 - P.D. only,04 - Sideswipe,01 - Clear,05 - Dusk,01 - Dry,10 - No control,,2,0,0,0,,0,,,,,355077.0908,5019256.237,45.31145777,-75.85879758,13910
17--9361,9/14/2017,7:30 PM,UPPER DWYER HILL RD btwn MARCH RD & OLD ALMONTE RD (__3ZA4QB),__3ZA4QB,01 - Non intersection,03 - P.D. only,07 - SMV other,01 - Clear,05 - Dusk,01 - Dry,10 - No control,,1,0,0,0,,0,,,,,334256.7466,5014108.235,45.2663151,-76.1246251,13911
17--9362,9/14/2017,7:30 PM,CARP RD @ STITTSVILLE MAIN ST (0005253),5253,02 - Intersection related,03 - P.D. only,03 - Rear end,01 - Clear,05 - Dusk,01 - Dry,01 - Traffic signal,01 - Functioning,2,0,0,0,,0,,,,,349524.3082,5014330.92,45.26751378,-75.93005459,13912
17--9363,9/14/2017,7:36 PM,CUMBERLAND ST @ LAURIER AVE (0007751),7751,02 - Intersection related,03 - P.D. only,04 - Sideswipe,01 - Clear,07 - Dark,01 - Dry,01 - Traffic signal,01 - Functioning,2,0,0,0,,0,,,,,368598.6599,5031949.301,45.42456837,-75.68472853,13913
17--9364,9/14/2017,7:47 AM,HWY 416 ACRES IC75R24 @ HOLLY ACRES RD (0005257),5257,02 - Intersection related,03 - P.D. only,03 - Rear end,01 - Clear,01 - Daylight,01 - Dry,01 - Traffic signal,01 - Functioning,2,0,0,0,,0,,,,,358757.3675,5022866.499,45.34366999,-75.81147147,13914
17--9365,9/14/2017,7:50 AM,ALBERT ST @ BOOTH ST (0002162),2162,03 - At intersection,03 - P.D. only,02 - Angle,01 - Clear,01 - Daylight,01 - Dry,01 - Traffic signal,01 - Functioning,2,0,0,0,,0,,,,,366429.64,5030627.277,45.41286764,-75.71260871,13915
17--9366,9/14/2017,8:21 AM,COLONIAL RD btwn FRANK KENNY RD & ROCKDALE RD (__3ZA3M3),__3ZA3M3,01 - Non intersection,03 - P.D. only,07 - SMV other,01 - Clear,01 - Daylight,01 - Dry,10 - No control,,1,0,0,0,,0,,,,,390382.7099,5032132.867,45.42389402,-75.40636674,13916
17--9367,9/14/2017,8:25 AM,HUNT CLUB RD @ BRIDLE PATH DR/DAZE ST (0008214),8214,02 - Intersection related,03 - P.D. only,03 - Rear end,01 - Clear,01 - Daylight,01 - Dry,01 - Traffic signal,01 - Functioning,2,0,0,0,,0,,,,,371291.0193,5023866.07,45.35158777,-75.6514161,13917
17--9368,9/14/2017,8:30 AM,CUMBERLAND ST @ LAURIER AVE (0007751),7751,03 - At intersection,03 - P.D. only,02 - Angle,01 - Clear,01 - Daylight,01 - Dry,01 - Traffic signal,01 - Functioning,2,1,0,0,,0,,,,,368596.7483,5031948.345,45.42455994,-75.68475308,13918
17--9369,9/14/2017,8:30 AM,HIGHWAY 417 btwn HWY417 IC118 RAMP67 & HWY417 IC117 RAMP36 (__3ZA2YO),__3ZA2YO,01 - Non intersection,02 - Non-fatal injury,03 - Rear end,01 - Clear,01 - Daylight,01 - Dry,10 - No control,,2,0,0,0,02 - Minor,1,,1,,,370118.7565,5031109.269,45.41686981,-75.66541691,13919
17--937,1/23/2017,7:23 PM,INDUSTRIAL AVE btwn TRAINYARDS DR & RUSSELL RD (__3ZA3R9),__3ZA3R9,01 - Non intersection,02 - Non-fatal injury,03 - Rear end,01 - Clear,07 - Dark,01 - Dry,10 - No control,,2,0,0,0,01 - Minimal,1,1,,,,371915.6147,5030490.685,45.41113401,-75.64254509,13920
17--9028,9/6/2017,5:55 PM,BANK ST @ HUNT CLUB RD (0002119),2119,02 - Intersection related,03 - P.D. only,03 - Rear end,01 - Clear,01 - Daylight,01 - Dry,01 - Traffic signal,01 - Functioning,2,0,0,0,,0,,,,,371609.2099,5024096.27,45.3536288,-75.64732458,13921
17--9029,9/6/2017,6:17 PM,BESSERER ST btwn NICHOLAS ST & END (__3ZA1BA),__3ZA1BA,04 - At/near private drive,03 - P.D. only,05 - Turning movement,01 - Clear,01 - Daylight,01 - Dry,10 - No control,,2,0,0,0,,0,,,,,368155.6621,5032091.675,45.42588967,-75.69037063,13922
17--903,1/22/2017,10:00 PM,MURRAY ST btwn DALHOUSIE ST & CUMBERLAND ST (__3ZA3WO),__3ZA3WO,01 - Non intersection,03 - P.D. only,06 - SMV unattended vehicle,01 - Clear,07 - Dark,02 - Wet,10 - No control,,1,0,0,0,,0,,,,,368158.8626,5032671.774,45.4311089,-75.6902551,13923
17--9030,9/6/2017,7:04 AM,HAWTHORNE RD btwn BLAIS RD & RIDEAU RD (__3ZA6GZ),__3ZA6GZ,01 - Non intersection,03 - P.D. only,04 - Sideswipe,01 - Clear,03 - Dawn,01 - Dry,10 - No control,,3,0,0,0,,0,,,,,378311.291,5019685.102,45.3132688,-75.56245313,13924
17--9031,9/6/2017,7:25 AM,MARCH RD @ UPPER DWYER HILL RD (0010832),10832,02 - Intersection related,03 - P.D. only,03 - Rear end,"07 - Fog, mist, smoke, dust",01 - Daylight,01 - Dry,01 - Traffic signal,01 - Functioning,2,0,0,0,,0,,,,,334081.4419,5014290.79,45.26796516,-76.12684824,13925
17--9032,9/6/2017,7:35 PM,LEES AVE @ KING EDWARD AVE/MANN AVE (0011413),11413,02 - Intersection related,03 - P.D. only,03 - Rear end,01 - Clear,05 - Dusk,01 - Dry,01 - Traffic signal,01 - Functioning,2,0,0,0,,0,,,,,369179.3865,5031333.723,45.41897642,-75.67738874,13926
17--9033,9/6/2017,7:38 PM,HIGHWAY 416 btwn HWY416 IC66 RAMP53 & HWY416 IC57 RAMP34 (__3ZAZLC),__3ZAZLC,01 - Non intersection,03 - P.D. only,07 - SMV other,01 - Clear,05 - Dusk,01 - Dry,10 - No control,,1,0,0,0,,0,,,,,361121.5571,5012513.278,45.25032537,-75.78248122,13927
17--9034,9/6/2017,8:16 AM,PRINCE OF WALES DR @ NORMANDY CRES S/KOCHAR DR (0006961),6961,02 - Intersection related,02 - Non-fatal injury,03 - Rear end,01 - Clear,01 - Daylight,01 - Dry,01 - Traffic signal,00 - Unknown,3,0,0,0,02 - Minor,2,,2,,,367446.9047,5024562.368,45.35820686,-75.70038299,13928
17--9035,9/6/2017,8:38 AM,BANK ST @ CATHERINE ST (0002708),2708,02 - Intersection related,03 - P.D. only,07 - SMV other,01 - Clear,01 - Daylight,01 - Dry,01 - Traffic signal,01 - Functioning,1,0,0,0,,0,,,,,368040.9006,5030267.566,45.40948732,-75.69207114,13929
17--9036,9/6/2017,8:50 PM,HIGHWAY 416 btwn HWY416 IC66 RAMP53 & HWY416 IC57 RAMP34 (__3ZAZLC),__3ZAZLC,01 - Non intersection,03 - P.D. only,07 - SMV other,01 - Clear,07 - Dark,01 - Dry,10 - No control,,1,0,0,0,,0,,,,,363781.1541,5009867.439,45.22630003,-75.74891538,13930
17--9037,9/6/2017,9:57 AM,BRONSON AVE @ FIFTH AVE/MADAWASKA DR (0006977),6977,02 - Intersection related,02 - Non-fatal injury,03 - Rear end,01 - Clear,01 - Daylight,01 - Dry,01 - Traffic signal,01 - Functioning,2,0,1,0,01 - Minimal,1,1,,,,367613.9925,5028938.601,45.39756814,-75.69769382,13931
17--9038,9/7/2017,1:11 PM,BANK ST btwn ALTA VISTA DR & ERIE AVE (__3ZA36X),__3ZA36X,01 - Non intersection,03 - P.D. only,03 - Rear end,02 - Rain,01 - Daylight,02 - Wet,10 - No control,,3,0,0,0,,0,,,,,370228.1874,5026248.313,45.37312244,-75.66466352,13932
17--9039,9/7/2017,10:13 AM,INNES RD @ PORTOBELLO BLVD (0009187),9187,03 - At intersection,02 - Non-fatal injury,05 - Turning movement,01 - Clear,01 - Daylight,01 - Dry,01 - Traffic signal,01 - Functioning,2,0,0,0,02 - Minor,2,1,1,,,385630.3496,5036893.262,45.46728883,-75.46630335,13933
17--904,1/22/2017,10:40 PM,DALHOUSIE ST @ MURRAY ST (0008241),8241,03 - At intersection,03 - P.D. only,04 - Sideswipe,01 - Clear,07 - Dark,01 - Dry,01 - Traffic signal,01 - Functioning,2,0,0,0,,0,,,,,367999.6062,5032572.502,45.4302301,-75.69230299,13934
17--9040,9/7/2017,10:36 PM,BEECHWOOD AVE @ MARIER AVE/PUTMAN AVE (0007195),7195,02 - Intersection related,02 - Non-fatal injury,03 - Rear end,02 - Rain,07 - Dark,02 - Wet,01 - Traffic signal,01 - Functioning,2,0,0,0,01 - Minimal,1,1,,,,369605.7065,5033907.37,45.44209372,-75.67160327,13935
17--9041,9/7/2017,10:47 AM,DONALD ST btwn QUILL ST & BEAUDRY ST (__3ZA8Z9),__3ZA8Z9,01 - Non intersection,03 - P.D. only,07 - SMV other,01 - Clear,01 - Daylight,01 - Dry,10 - No control,,1,0,0,0,,0,,,,,370815.4937,5032326.395,45.42775561,-75.65635251,13936
17--9042,9/7/2017,11:36 PM,HWY 417 INNES IC112R68 @ INNES RD (0012300),12300,03 - At intersection,02 - Non-fatal injury,02 - Angle,01 - Clear,07 - Dark,02 - Wet,01 - Traffic signal,01 - Functioning,2,0,0,0,02 - Minor,2,,2,,,374641.3014,5030920.823,45.41473746,-75.60766551,13937
17--9043,9/7/2017,11:45 AM,MERIVALE RD btwn WOODFIELD DR & 170 N OF WEST HUNT CLUB RD/COSTCO SC (__3ZA33DA),__3ZA33DA,01 - Non intersection,02 - Non-fatal injury,03 - Rear end,01 - Clear,01 - Daylight,01 - Dry,10 - No control,,3,0,0,0,01 - Minimal,2,2,,,,365521.1711,5022161.34,45.33677219,-75.72525529,13938
17--9044,9/7/2017,12:13 PM,COLONEL BY DR/MACKENZIE AVE @ DALY AVE (0008541),8541,02 - Intersection related,03 - P.D. only,03 - Rear end,01 - Clear,01 - Daylight,01 - Dry,01 - Traffic signal,01 - Functioning,2,0,0,0,,0,,,,,368003.2837,5031904.731,45.42422139,-75.69234169,13939
17--9045,9/7/2017,12:30 AM,RAMP btwn Continuation of RAMP & END (2) (__7JQ7IZ),__7JQ7IZ,01 - Non intersection,03 - P.D. only,07 - SMV other,01 - Clear,07 - Dark,01 - Dry,10 - No control,,1,0,0,0,,0,,,,,346499.9737,5015218.313,45.27568472,-75.96851903,13940
17--9046,9/7/2017,12:30 PM,ISABELLA ST/HWY417 IC119AR75 @ METCALFE ST (0011380),11380,02 - Intersection related,03 - P.D. only,03 - Rear end,02 - Rain,01 - Daylight,02 - Wet,01 - Traffic signal,01 - Functioning,2,0,0,0,,0,,,,,368448.9522,5030399.035,45.41063325,-75.68684167,13941
17--9047,9/7/2017,2:02 PM,MERIVALE RD btwn CLYDE AVE & RITA AVE (__3ZA4H7),__3ZA4H7,01 - Non intersection,03 - P.D. only,03 - Rear end,02 - Rain,01 - Daylight,02 - Wet,10 - No control,,4,0,0,0,,0,,,,,364529.303,5024483.402,45.35775096,-75.73762903,13942
17--9048,9/7/2017,2:07 PM,NELSON ST @ STEWART ST (0008624),8624,02 - Intersection related,03 - P.D. only,06 - SMV unattended vehicle,01 - Clear,01 - Daylight,01 - Dry,02 - Stop sign,00 - Unknown,1,0,0,0,,0,,,,,368770.2657,5032289.917,45.42761744,-75.68249159,13943
17--9049,9/7/2017,2:30 PM,MERIVALE RD @ ROSSLAND AVE (0001757),1757,02 - Intersection related,03 - P.D. only,05 - Turning movement,01 - Clear,01 - Daylight,01 - Dry,02 - Stop sign,01 - Functioning,2,0,0,0,,0,,,,,364673.697,5024151.275,45.35475021,-75.7358264,13944
17--905,1/22/2017,11:30 AM,COLONEL BY DR @ HAWTHORNE AVE/PRETORIA BRIDGE (0002122),2122,02 - Intersection related,02 - Non-fatal injury,07 - SMV other,"07 - Fog, mist, smoke, dust",01 - Daylight,02 - Wet,01 - Traffic signal,00 - Unknown,1,0,0,1,02 - Minor,1,,1,,,368769.4269,5030523.85,45.41172707,-75.6827316,13945
17--9050,9/7/2017,3:00 PM,COLONEL BY DR @ ECHO DR S (0011370),11370,02 - Intersection related,03 - P.D. only,03 - Rear end,01 - Clear,01 - Daylight,01 - Dry,10 - No control,00 - Unknown,2,0,0,0,,0,,,,,368542.7289,5028770.886,45.39597515,-75.68585418,13946
17--9051,9/7/2017,3:05 PM,CARLING AVE @ HAMILTON AVE (0006670),6670,03 - At intersection,02 - Non-fatal injury,02 - Angle,02 - Rain,01 - Daylight,02 - Wet,02 - Stop sign,01 - Functioning,2,1,0,0,01 - Minimal,1,1,,,,365558.7017,5028130.309,45.39047668,-75.72404257,13947
17--9052,9/7/2017,3:07 PM,ST. LAURENT BLVD @ MCARTHUR AVE (0008246),8246,03 - At intersection,02 - Non-fatal injury,02 - Angle,02 - Rain,01 - Daylight,02 - Wet,01 - Traffic signal,01 - Functioning,2,0,0,0,01 - Minimal,3,3,,,,371921.719,5032887.814,45.43270171,-75.64214051,13948
17--9053,9/7/2017,3:15 PM,CANOTEK RD @ SHEFFORD RD (0009369),9369,03 - At intersection,03 - P.D. only,04 - Sideswipe,02 - Rain,01 - Daylight,02 - Wet,01 - Traffic signal,01 - Functioning,2,0,0,0,,0,,,,,376031.4976,5035092.606,45.45213254,-75.58930221,13949
17--9054,9/7/2017,3:30 PM,BRONSON AVE btwn BREWER WAY & RIVERSIDE DR RAMPS 34B & 42A-3 (__3ZA3BR),__3ZA3BR,01 - Non intersection,03 - P.D. only,03 - Rear end,02 - Rain,01 - Daylight,02 - Wet,10 - No control,,2,0,0,0,,0,,,,,368157.3311,5027675.785,45.38615673,-75.69091674,13950
17--9055,9/7/2017,3:33 PM,STEVENAGE DR btwn SWANSEA CRES & HAWTHORNE RD (__3ZBO1J),__3ZBO1J,04 - At/near private drive,03 - P.D. only,05 - Turning movement,02 - Rain,01 - Daylight,02 - Wet,10 - No control,,2,0,0,0,,0,,,,,375126.9746,5027310.047,45.38220091,-75.60197583,13951
17--9056,9/7/2017,3:53 PM,MAJESTIC DR @ WOODROFFE AVE (0000562),562,03 - At intersection,03 - P.D. only,03 - Rear end,01 - Clear,01 - Daylight,02 - Wet,01 - Traffic signal,01 - Functioning,2,0,0,0,,0,,,,,363527.22,5021570.782,45.33162812,-75.75076407,13952
17--9057,9/7/2017,4:10 PM,HIGHWAY 417 btwn HWY417 IC126 RAMP25 & HWY417 IC124 RAMP57 (__3ZA2R5),__3ZA2R5,01 - Non intersection,03 - P.D. only,03 - Rear end,02 - Rain,01 - Daylight,02 - Wet,10 - No control,,3,0,0,0,,0,,,,,363525.7689,5026311.08,45.37428095,-75.75021956,13953
17--9058,9/7/2017,4:25 PM,GREAT LAKES AVE @ MARITIME WAY (0014258),14258,03 - At intersection,03 - P.D. only,02 - Angle,01 - Clear,01 - Daylight,01 - Dry,02 - Stop sign,01 - Functioning,2,0,0,0,,0,,,,,351737.611,5019489.623,45.31378898,-75.90136268,13954
17--9059,9/7/2017,4:25 PM,HIGHWAY 417 btwn HWY417 IC115 RAMP51 & HWY417 IC115 RAMP35 (__3ZAZEB),__3ZAZEB,01 - Non intersection,03 - P.D. only,04 - Sideswipe,01 - Clear,01 - Daylight,01 - Dry,10 - No control,,2,0,0,0,,0,,,,,372299.8566,5031479.313,45.41999228,-75.63750125,13955
17--906,1/22/2017,Unknown,MARKLAND CRES btwn ROBLYN WAY & LEWISTON AVE (__3ZA5A4),__3ZA5A4,01 - Non intersection,03 - P.D. only,06 - SMV unattended vehicle,01 - Clear,00 - Unknown,01 - Dry,10 - No control,,1,0,0,0,,0,,,,,365919.5176,5016054.504,45.28178888,-75.72092641,13956
17--9060,9/7/2017,4:28 PM,BAY ST @ SLATER ST (0005127),5127,03 - At intersection,03 - P.D. only,02 - Angle,02 - Rain,01 - Daylight,02 - Wet,01 - Traffic signal,01 - Functioning,2,0,0,0,,0,,,,,366984.0546,5031078.309,45.41687685,-75.70546919,13957
17--9061,9/7/2017,4:30 PM,WEST HUNT CLUB RD btwn MOODIE DR & HWY416 IC72 RAMP53 (__3ZA4YJ),__3ZA4YJ,01 - Non intersection,03 - P.D. only,03 - Rear end,01 - Clear,01 - Daylight,01 - Dry,10 - No control,,3,0,0,0,,0,,,,,358081.9534,5018600.579,45.30533653,-75.82054858,13958
17--9062,9/7/2017,4:30 PM,KING EDWARD AVE @ ST. PATRICK ST (0002714),2714,02 - Intersection related,03 - P.D. only,04 - Sideswipe,01 - Clear,01 - Daylight,01 - Dry,01 - Traffic signal,01 - Functioning,2,0,0,0,,0,,,,,368248.6437,5032823.563,45.43246651,-75.68908823,13959
17--9063,9/7/2017,4:33 PM,CARLING AVE @ WOODROFFE AVE W (0011470),11470,02 - Intersection related,03 - P.D. only,03 - Rear end,02 - Rain,01 - Daylight,02 - Wet,01 - Traffic signal,01 - Functioning,4,0,0,0,,0,,,,,361767.6836,5025724.843,45.36915117,-75.77273166,13960
17--9064,9/7/2017,4:36 PM,MEADOWBROOK RD btwn CYRVILLE RD & FINE CRES (__3ZAZIM),__3ZAZIM,04 - At/near private drive,03 - P.D. only,02 - Angle,02 - Rain,01 - Daylight,02 - Wet,10 - No control,,2,0,0,0,,0,,,,,374639.2909,5031281.505,45.41798289,-75.60764008,13961
17--9065,9/7/2017,4:55 PM,SOUTHMORE DR @ WALKLEY RD (0006644),6644,02 - Intersection related,03 - P.D. only,03 - Rear end,01 - Clear,01 - Daylight,01 - Dry,02 - Stop sign,01 - Functioning,2,0,0,0,,0,,,,,369711.6709,5025574.292,45.36710583,-75.67134587,13962
17--9066,9/7/2017,5:00 PM,CARLING AVE @ MAITLAND AVE/SHERBOURNE RD (0002641),2641,02 - Intersection related,03 - P.D. only,04 - Sideswipe,02 - Rain,01 - Daylight,02 - Wet,01 - Traffic signal,00 - Unknown,2,0,0,0,,0,,,,,362943.1758,5026488.766,45.37592833,-75.75763626,13963
17--9067,9/7/2017,5:12 PM,LANG'S RD btwn GREENHILL WAY & MONTREAL RD (__3ZBO2R),__3ZBO2R,04 - At/near private drive,03 - P.D. only,07 - SMV other,01 - Clear,01 - Daylight,02 - Wet,10 - No control,,1,0,0,0,,0,,,,,372353.2652,5034299.242,45.44535949,-75.63643199,13964
17--9068,9/7/2017,5:30 PM,HIGHWAY 417 btwn HWY417 IC119A RAMP67 & HWY417 IC118 RAMP76 (__3ZA2YS),__3ZA2YS,01 - Non intersection,03 - P.D. only,03 - Rear end,02 - Rain,01 - Daylight,02 - Wet,10 - No control,,2,0,0,0,,0,,,,,368948.6374,5030714.665,45.41342755,-75.68041743,13965
17--9069,9/7/2017,5:50 PM,FRANK KENNY RD E @ INNES RD (0004625),4625,03 - At intersection,02 - Non-fatal injury,03 - Rear end,01 - Clear,01 - Daylight,02 - Wet,02 - Stop sign,00 - Unknown,2,0,0,0,02 - Minor,3,2,1,,,387873.8483,5037730.174,45.47455524,-75.43747584,13966
17--907,1/22/2017,2:09 PM,CALDWELL AVE btwn MORISSET AVE & MEDFORD ST (__3ZAA5Y),__3ZAA5Y,04 - At/near private drive,03 - P.D. only,07 - SMV other,01 - Clear,01 - Daylight,06 - Ice,10 - No control,,1,0,0,0,,0,,,,,364576.2455,5026102.114,45.37231188,-75.73683409,13967
17--9070,9/7/2017,6:13 PM,HUNT CLUB RD @ LORRY GREENBERG DR/SABLE RIDGE  (0008203),8203,03 - At intersection,02 - Non-fatal injury,05 - Turning movement,02 - Rain,01 - Daylight,02 - Wet,01 - Traffic signal,01 - Functioning,2,0,0,0,02 - Minor,1,,1,,,372824.2121,5024806.795,45.35990503,-75.6317217,13968
17--9071,9/7/2017,6:49 PM,COLONEL BY DR btwn SENECA ST & LEONARD AVE (__3ZA21K),__3ZA21K,01 - Non intersection,03 - P.D. only,01 - Approaching,02 - Rain,01 - Daylight,02 - Wet,10 - No control,,2,0,0,0,,0,,,,,368202.0064,5028559.091,45.39410042,-75.6902328,13969
17--9072,9/7/2017,6:56 AM,DALMENY RD btwn 5TH LINE RD & CAMPBELLCROFT RD (__3ZAZCG),__3ZAZCG,01 - Non intersection,01 - Fatal injury,01 - Approaching,02 - Rain,03 - Dawn,02 - Wet,10 - No control,,3,0,0,0,04 - Fatal,6,,3,1,2,383259.8502,5002757.407,45.16042673,-75.50201947,13970
17--9073,9/7/2017,7:20 AM,HIGHWAY 417 btwn HWY417 IC115 RAMP61 & REGIONAL ROAD 174 (__3ZA2XG),__3ZA2XG,01 - Non intersection,02 - Non-fatal injury,07 - SMV other,02 - Rain,01 - Daylight,02 - Wet,10 - No control,,1,0,1,0,02 - Minor,1,,1,,,373169.1047,5031682.819,45.42173892,-75.62636723,13971
17--9074,9/7/2017,7:21 PM,EMPEROR AVE @ FISHER AVE (0006795),6795,02 - Intersection related,03 - P.D. only,03 - Rear end,01 - Clear,05 - Dusk,01 - Dry,02 - Stop sign,00 - Unknown,2,0,0,0,,0,,,,,365684.1829,5027161.825,45.38175157,-75.72255965,13972
17--9075,9/7/2017,7:24 AM,INNES RD @ ORLEANS BLVD (0003611),3611,02 - Intersection related,03 - P.D. only,03 - Rear end,02 - Rain,01 - Daylight,02 - Wet,01 - Traffic signal,00 - Unknown,3,0,0,0,,0,,,,,380460.3217,5034296.64,45.4445056,-75.53280979,13973
17--9076,9/7/2017,7:24 AM,BANK ST @ CONROY RD (0012398),12398,02 - Intersection related,03 - P.D. only,03 - Rear end,02 - Rain,01 - Daylight,02 - Wet,01 - Traffic signal,01 - Functioning,2,0,0,0,,0,,,,,375045.416,5022237.833,45.33657157,-75.60373801,13974
17--9077,9/7/2017,7:30 AM,BASELINE RD @ FISHER AVE (0002346),2346,02 - Intersection related,02 - Non-fatal injury,03 - Rear end,01 - Clear,01 - Daylight,01 - Dry,01 - Traffic signal,01 - Functioning,2,0,0,0,01 - Minimal,1,1,,,,366167.1405,5026027.415,45.37150225,-75.71653423,13975
17--9078,9/7/2017,7:35 AM,WOODROFFE AVE btwn HWY417 IC127 RAMP63 & HWY417 IC127 RAMP35 (__3ZA25N),__3ZA25N,07 - Overpass or bridge,03 - P.D. only,03 - Rear end,02 - Rain,01 - Daylight,02 - Wet,10 - No control,,2,0,0,0,,0,,,,,362140.9118,5024793.955,45.36074469,-75.76807532,13976
17--9079,9/7/2017,7:47 PM,MARCH RD btwn KLONDIKE RD & MORGAN'S GRANT WAY (__3ZA2EW),__3ZA2EW,01 - Non intersection,03 - P.D. only,07 - SMV other,02 - Rain,07 - Dark,02 - Wet,10 - No control,,1,0,0,0,,0,,,,,349266.6189,5024057.578,45.35505343,-75.93246543,13977
17--908,1/22/2017,2:30 PM,BANK ST @ CAHILL DR/DAZE ST (0012178),12178,02 - Intersection related,02 - Non-fatal injury,05 - Turning movement,01 - Clear,01 - Daylight,01 - Dry,01 - Traffic signal,01 - Functioning,2,0,0,0,02 - Minor,1,,1,,,371307.4177,5024316.285,45.35563711,-75.65114628,13978
17--9080,9/7/2017,7:57 AM,PRINCE OF WALES DR btwn RIDEAU GLEN DR & FALLOWFIELD RD (__3ZA2X1),__3ZA2X1,01 - Non intersection,03 - P.D. only,03 - Rear end,02 - Rain,01 - Daylight,02 - Wet,10 - No control,,2,0,0,0,,0,,,,,367437.5798,5018969.31,45.30788235,-75.70120982,13979
17--9081,9/7/2017,8:00 AM,KING EDWARD AVE @ LAURIER AVE (0002170),2170,02 - Intersection related,03 - P.D. only,04 - Sideswipe,01 - Clear,01 - Daylight,01 - Dry,01 - Traffic signal,01 - Functioning,2,0,0,0,,0,,,,,368740.1541,5032035.7,45.42533284,-75.68290937,13980
17--9082,9/7/2017,8:00 PM,INDUSTRIAL AVE @ ALTA VISTA DR/SANDFORD FLEMIN (0006979),6979,03 - At intersection,03 - P.D. only,05 - Turning movement,02 - Rain,05 - Dusk,02 - Wet,01 - Traffic signal,01 - Functioning,2,0,0,0,,0,,,,,370885.6796,5030557.331,45.41183168,-75.65569294,13981
17--9083,9/7/2017,8:05 AM,DUNROBIN RD @ THOMAS A. DOLAN PKWY (0003181),3181,02 - Intersection related,03 - P.D. only,03 - Rear end,02 - Rain,01 - Daylight,02 - Wet,01 - Traffic signal,00 - Unknown,2,0,0,0,,0,,,,,342338.4907,5031477.355,45.42222391,-76.02032245,13982
17--9084,9/7/2017,8:13 AM,SPRATT RD @ CANYON WALK DR/GOLDENEYE WAY (0012313),12313,02 - Intersection related,03 - P.D. only,03 - Rear end,01 - Clear,01 - Daylight,02 - Wet,02 - Stop sign,01 - Functioning,2,0,0,0,,0,,,,,368670.4314,5016145.345,45.2823617,-75.68585306,13983
17--9085,9/7/2017,8:34 PM,BANK ST @ HERON RD (0002155),2155,03 - At intersection,02 - Non-fatal injury,02 - Angle,02 - Rain,07 - Dark,02 - Wet,01 - Traffic signal,01 - Functioning,2,0,0,0,02 - Minor,1,,1,,,369995.2466,5026850.832,45.37856542,-75.66755767,13984
17--9086,9/7/2017,8:45 AM,SLACK RD @ VAAN DR (0000203),203,02 - Intersection related,03 - P.D. only,03 - Rear end,01 - Clear,01 - Daylight,01 - Dry,02 - Stop sign,01 - Functioning,2,0,0,0,,0,,,,,364943.2254,5020368.713,45.32069209,-75.73284644,13985