Anom_ID,Accident_Date,Accident_Time,Location,Geo_ID,Accident_Location,Classification_of_Accident,Initial_Impact_Type,Environment_Condition,Light,Road_Surface_Condition,Traffic_Control,Traffic_Control_Condition,No__of_Vehicles,No__of_Bicycles,No__of_Motorcycles,No__of_Pedestrians,Max_Injury,No__of_Injuries,No__of_Minimal,No__of_Minor,No__of_Major,No__of_Fatal,X,Y,Latitude,Longitude,ObjectId
17--9087,9/7/2017,8:59 AM,INNES RD btwn BLAIR RD & ANDERSON RD (__3ZA3JZ),__3ZA3JZ,01 - Non intersection,03 - P.D. only,04 - Sideswipe,01 - Clear,01 - Daylight,01 - Dry,10 - No control,,2,0,0,0,,0,,,,,375642.6455,5031483.577,45.41970015,-75.59479243,13986
17--9088,9/7/2017,9:28 AM,HERON RD @ FINN CRT (0012186),12186,02 - Intersection related,03 - P.D. only,04 - Sideswipe,01 - Clear,01 - Daylight,01 - Dry,01 - Traffic signal,00 - Unknown,2,0,0,0,,0,,,,,370831.4891,5026945.111,45.3793354,-75.65686869,13987
17--9089,9/8/2017,1:11 PM,HENRY FARM DR @ MAITLAND AVE (0003213),3213,02 - Intersection related,02 - Non-fatal injury,03 - Rear end,01 - Clear,01 - Daylight,01 - Dry,02 - Stop sign,01 - Functioning,3,0,0,0,01 - Minimal,2,2,,,,363848.6932,5025152.742,45.36383124,-75.74623544,13988
17--909,1/22/2017,3:06 PM,LYON ST @ WELLINGTON ST (0002388),2388,02 - Intersection related,03 - P.D. only,05 - Turning movement,01 - Clear,01 - Daylight,01 - Dry,01 - Traffic signal,01 - Functioning,2,0,0,0,,0,,,,,366935.271,5031425.623,45.42000621,-75.70604864,13989
17--9090,9/8/2017,1:37 PM,CAMBRIAN RD/GOLFLINKS DR W @ LONGFIELDS DR (0009702),9702,03 - At intersection,03 - P.D. only,02 - Angle,01 - Clear,01 - Daylight,01 - Dry,11 - Roundabout,01 - Functioning,2,0,0,0,,0,,,,,365383.2044,5013222.897,45.25635656,-75.72810746,13990
17--9091,9/8/2017,10:42 AM,HWY 417 CASTLEFR IC139R61 @ KANATA AVE (0012625),12625,03 - At intersection,03 - P.D. only,02 - Angle,01 - Clear,01 - Daylight,01 - Dry,01 - Traffic signal,01 - Functioning,2,0,0,0,,0,,,,,351616.4742,5019225.26,45.31141827,-75.90293254,13991
17--9092,9/8/2017,11:03 AM,OLD CARP RD @ SECOND LINE RD (0012543),12543,03 - At intersection,02 - Non-fatal injury,02 - Angle,02 - Rain,01 - Daylight,02 - Wet,02 - Stop sign,01 - Functioning,2,0,0,0,02 - Minor,1,,1,,,347765.5137,5023538.859,45.35047945,-75.95166846,13992
17--9093,9/8/2017,11:45 AM,MERIVALE RD btwn CLYDE AVE & RITA AVE (__3ZA4H7),__3ZA4H7,01 - Non intersection,02 - Non-fatal injury,03 - Rear end,02 - Rain,01 - Daylight,02 - Wet,10 - No control,,2,0,0,0,01 - Minimal,1,1,,,,364582.3318,5024367.126,45.3567002,-75.7369663,13993
17--9094,9/8/2017,11:45 AM,BRONSON AVE btwn FLORENCE ST & GLADSTONE AVE (__3ZA1WP),__3ZA1WP,04 - At/near private drive,02 - Non-fatal injury,05 - Turning movement,01 - Clear,01 - Daylight,01 - Dry,10 - No control,,2,0,0,0,02 - Minor,1,,1,,,367127.0111,5030097.096,45.40803547,-75.70376687,13994
17--9095,9/8/2017,11:45 PM,ANDERSON RD btwn DOLMAN RIDGE RD & RIDGE RD (__3ZA2B6),__3ZA2B6,01 - Non intersection,03 - P.D. only,07 - SMV other,01 - Clear,07 - Dark,01 - Dry,10 - No control,,1,0,0,0,,0,,,,,379012.3272,5028555.907,45.39300957,-75.55218202,13995
17--9096,9/8/2017,12:22 PM,CARLING AVE @ BAYSHORE DR/BIRCHDALE AVE (0000021),21,03 - At intersection,02 - Non-fatal injury,03 - Rear end,01 - Clear,01 - Daylight,02 - Wet,01 - Traffic signal,01 - Functioning,2,0,0,0,02 - Minor,1,,1,,,359004.4241,5023991.282,45.35377176,-75.80819583,13996
17--9097,9/8/2017,12:53 PM,TERRY FOX DR @ FERNBANK RD (0011863),11863,02 - Intersection related,03 - P.D. only,03 - Rear end,01 - Clear,01 - Daylight,01 - Dry,01 - Traffic signal,01 - Functioning,2,0,0,0,,0,,,,,354303.8316,5015130.586,45.27438921,-75.86907042,13997
17--9098,9/8/2017,2:00 AM,DUNROBIN RD btwn KILMAURS SIDE RD & CONSTANCE BAY RD (__3ZA4EA),__3AZ4EA,01 - Non intersection,03 - P.D. only,07 - SMV other,01 - Clear,07 - Dark,01 - Dry,10 - No control,,1,0,0,0,,0,,,,,336559.5988,5037434.588,45.47611505,-76.09378014,13998
17--9099,9/8/2017,2:10 PM,FRANK KENNY RD W @ INNES RD (0010153),10153,02 - Intersection related,03 - P.D. only,05 - Turning movement,01 - Clear,01 - Daylight,01 - Dry,02 - Stop sign,00 - Unknown,2,0,0,0,,0,,,,,387529.3242,5037630.1,45.47369578,-75.44189844,13999
17--91,1/3/2017,8:25 AM,HIGHWAY 417 btwn HWY417 IC124 RAMP65 & HWY417 IC122 RAMP51 (__3ZA2R8),__3ZA2R8,01 - Non intersection,03 - P.D. only,04 - Sideswipe,03 - Snow,01 - Daylight,04 - Slush,10 - No control,,2,0,0,0,,0,,,,,365168.4698,5028722.949,45.39584287,-75.72895331,14000
17--9880,9/28/2017,Unknown,COOPER ST btwn KENT ST & BANK ST (__3ZBORC),__3ZBORC,01 - Non intersection,03 - P.D. only,06 - SMV unattended vehicle,01 - Clear,00 - Unknown,01 - Dry,10 - No control,,1,0,0,0,,0,,,,,367486.0182,5030892.166,45.4151572,-75.69907986,14001
17--9881,9/28/2017,12:30 PM,CARDEVCO RD @ CARP RD (0005697),5697,03 - At intersection,02 - Non-fatal injury,03 - Rear end,01 - Clear,01 - Daylight,01 - Dry,02 - Stop sign,01 - Functioning,3,0,0,0,01 - Minimal,1,1,,,,345930.1995,5017475.818,45.29603221,-75.97559356,14002
17--9882,9/28/2017,12:45 PM,MONTREAL RD @ DUCHARME BLVD/CANTIN ST (0009319),9319,02 - Intersection related,03 - P.D. only,04 - Sideswipe,01 - Clear,01 - Daylight,01 - Dry,01 - Traffic signal,00 - Unknown,2,0,0,0,,0,,,,,371018.1957,5033565.099,45.43888176,-75.65359576,14003
17--9883,9/28/2017,2:28 PM,VANIER PKWY NB btwn DESCHAMPS AVE & MONTREAL RD (__3ZA4SU),__3ZA4SU,01 - Non intersection,03 - P.D. only,03 - Rear end,01 - Clear,01 - Daylight,01 - Dry,10 - No control,,3,0,0,0,,0,,,,,370044.841,5033092.915,45.43472475,-75.66609847,14004
17--9884,9/28/2017,2:31 PM,FOX CRES @ WOODROFFE AVE (0002751),2751,02 - Intersection related,03 - P.D. only,04 - Sideswipe,01 - Clear,01 - Daylight,01 - Dry,02 - Stop sign,00 - Unknown,2,0,0,0,,0,,,,,361807.0954,5025626.297,45.36826126,-75.77223992,14005
17--9885,9/28/2017,2:40 PM,RIVERSIDE DR @ TREMBLAY RD/HWY417 IC117 RAMP52 (0010790),10790,02 - Intersection related,03 - P.D. only,03 - Rear end,01 - Clear,01 - Daylight,08 - Loose sand or gravel,01 - Traffic signal,01 - Functioning,2,0,0,0,,0,,,,,370802.0781,5031015.671,45.41596353,-75.65669953,14006
17--9886,9/28/2017,2:51 PM,BLAIR RD @ MOWAT ST (0009286),9286,02 - Intersection related,03 - P.D. only,03 - Rear end,01 - Clear,01 - Daylight,01 - Dry,02 - Stop sign,01 - Functioning,2,0,0,0,,0,,,,,374199.1686,5033984.498,45.44234677,-75.61288206,14007
17--9887,9/28/2017,3:58 PM,BAYSHORE DR @ WOODRIDGE CRES S (0000360),360,02 - Intersection related,02 - Non-fatal injury,07 - SMV other,01 - Clear,01 - Daylight,01 - Dry,01 - Traffic signal,01 - Functioning,1,0,0,1,02 - Minor,1,,1,,,359234.2155,5023510.052,45.34942385,-75.80531622,14008
17--9888,9/28/2017,3:58 PM,BRONSON AVE @ FIFTH AVE/MADAWASKA DR (0006977),6977,02 - Intersection related,02 - Non-fatal injury,04 - Sideswipe,01 - Clear,01 - Daylight,01 - Dry,01 - Traffic signal,01 - Functioning,2,0,0,0,02 - Minor,1,,1,,,367614.2592,5028939.1,45.3975726,-75.69769035,14009
17--9889,9/28/2017,3:59 PM,PARKDALE AVE btwn BULLMAN ST & OXFORD ST (__3ZA31J),__3ZA31J,01 - Non intersection,03 - P.D. only,06 - SMV unattended vehicle,01 - Clear,01 - Daylight,01 - Dry,10 - No control,,1,0,0,0,,0,,,,,365027.9282,5029550.741,45.40330327,-75.73064711,14010
17--989,1/24/2017,9:45 AM,VICTORIA ST btwn BOWEN ST & 8TH LINE RD (__3ZA20C),__3ZA20C,01 - Non intersection,03 - P.D. only,06 - SMV unattended vehicle,03 - Snow,01 - Daylight,03 - Loose snow,10 - No control,,1,0,0,0,,0,,,,,385433.6001,5011154.276,45.23573234,-75.47301627,14011
17--9890,9/28/2017,4:07 PM,OTTAWA RIVER PKWY btwn VIMY PLACE PRIV & BOOTH ST (__5VHJ2QB),__5VHJ2QB,01 - Non intersection,03 - P.D. only,03 - Rear end,00 - Unknown,01 - Daylight,01 - Dry,10 - No control,,2,0,0,0,,0,,,,,366093.7613,5030885.09,45.41521687,-75.71686749,14012
17--9891,9/28/2017,4:10 PM,INNES RD @ TENTH LINE RD (0004633),4633,03 - At intersection,03 - P.D. only,03 - Rear end,01 - Clear,01 - Daylight,01 - Dry,01 - Traffic signal,01 - Functioning,2,0,0,0,,0,,,,,383950.3402,5036158.851,45.46087366,-75.48790295,14013
17--9892,9/28/2017,4:21 PM,BLAIR RD @ MONTREAL RD (0009277),9277,02 - Intersection related,03 - P.D. only,03 - Rear end,01 - Clear,01 - Daylight,01 - Dry,01 - Traffic signal,01 - Functioning,2,0,0,0,,0,,,,,374019.2468,5034440.295,45.44646562,-75.61511757,14014
17--9893,9/28/2017,4:26 PM,FRIEL ST @ LAURIER AVE (0007753),7753,03 - At intersection,02 - Non-fatal injury,05 - Turning movement,01 - Clear,01 - Daylight,01 - Dry,02 - Stop sign,01 - Functioning,2,1,0,0,01 - Minimal,1,1,,,,368997.7064,5032191.031,45.42670686,-75.6795982,14015
17--9894,9/28/2017,4:31 PM,TERRY FOX DR btwn COPE DR & TRANS CANADA TRAIL (__355BDZB),__355BDZB,01 - Non intersection,02 - Non-fatal injury,03 - Rear end,01 - Clear,01 - Daylight,01 - Dry,10 - No control,,2,0,0,0,01 - Minimal,1,1,,,,353388.9539,5015837.659,45.28081545,-75.88066069,14016
17--9895,9/28/2017,4:48 PM,ANTARES DR btwn AURIGA DR & WEST HUNT CLUB RD (__3ZBOMQ),__3ZBOMQ,01 - Non intersection,03 - P.D. only,03 - Rear end,01 - Clear,01 - Daylight,01 - Dry,10 - No control,,3,0,0,0,,0,,,,,367063.6876,5022053.099,45.33566306,-75.70558974,14017
17--9896,9/28/2017,5:00 PM,PRESTON ST @ SOMERSET ST (0002215),2215,02 - Intersection related,03 - P.D. only,04 - Sideswipe,01 - Clear,01 - Daylight,01 - Dry,01 - Traffic signal,01 - Functioning,2,0,0,0,,0,,,,,366307.1522,5030127.022,45.40837726,-75.71423591,14018
17--9897,9/28/2017,6:05 PM,DRIVEWAY (THE) @ PRINCE OF WALES DR (0002128),2128,03 - At intersection,03 - P.D. only,03 - Rear end,01 - Clear,01 - Daylight,01 - Dry,11 - Roundabout,01 - Functioning,2,0,0,0,,0,,,,,366884.0079,5028137.422,45.39042444,-75.70711763,14019
17--9898,9/28/2017,6:07 PM,STRANDHERD DR btwn MARAVISTA DR & KENNEVALE DR (__6NF1SR),__6NF1SR,01 - Non intersection,03 - P.D. only,03 - Rear end,01 - Clear,01 - Daylight,01 - Dry,10 - No control,,4,0,0,0,,0,,,,,361293.4548,5014574.256,45.26885648,-75.78005713,14020
17--9899,9/28/2017,6:10 PM,SIDNEY ST btwn PRESTON ST & END (__3ZA5NA),__3ZA5NA,04 - At/near private drive,03 - P.D. only,02 - Angle,01 - Clear,01 - Daylight,01 - Dry,10 - No control,,2,0,0,0,,0,,,,,366747.9211,5028960.341,45.39784091,-75.70875211,14021
17--99,1/3/2017,9:20 AM,CYRVILLE RD btwn BEAUPARC PRIV & LABRIE AVE (__3ZA25R),__3ZA25R,04 - At/near private drive,03 - P.D. only,03 - Rear end,04 - Freezing Rain,01 - Daylight,04 - Slush,10 - No control,,2,0,0,0,,0,,,,,373266.1449,5031728.918,45.42214421,-75.62512097,14022
17--990,1/25/2017,10:16 AM,CARNEGIE ST @ DAKOTA AVE (0008911),8911,02 - Intersection related,03 - P.D. only,01 - Approaching,01 - Clear,01 - Daylight,04 - Slush,02 - Stop sign,01 - Functioning,2,0,0,0,,0,,,,,373654.7431,5028040.951,45.38892351,-75.62067095,14023
17--9900,9/28/2017,6:21 AM,DALY AVE btwn MACKENZIE AVE & NICHOLAS ST (__3ZA8JX),__3ZA8JX,01 - Non intersection,03 - P.D. only,07 - SMV other,01 - Clear,07 - Dark,01 - Dry,10 - No control,,1,0,0,0,,0,,,,,368202.0179,5032029.634,45.42532724,-75.68978629,14024
17--9901,9/28/2017,6:26 AM,REGIONAL ROAD 174 btwn Continuation of REGIONAL ROAD 174 & OR174 IC112 (__3ZA2YI),__3ZA2YI,01 - Non intersection,03 - P.D. only,03 - Rear end,01 - Clear,03 - Dawn,01 - Dry,10 - No control,,2,0,0,0,,0,,,,,374198.6123,5032389.603,45.42799683,-75.61311399,14025
17--9902,9/28/2017,6:33 AM,OR174 IC101 RAMP45 btwn ST. JOSEPH BLVD & REGIONAL ROAD 174 (__3ZAY71),__3ZAY71,01 - Non intersection,02 - Non-fatal injury,03 - Rear end,01 - Clear,03 - Dawn,01 - Dry,10 - No control,,2,0,0,0,01 - Minimal,2,2,,,,383397.1844,5039299.396,45.48919187,-75.49447263,14026
17--9903,9/28/2017,6:45 AM,OR174 IC109 RAMP65 @ MONTREAL RD (0004119),4119,02 - Intersection related,02 - Non-fatal injury,03 - Rear end,01 - Clear,03 - Dawn,01 - Dry,01 - Traffic signal,00 - Unknown,2,0,0,0,01 - Minimal,2,2,,,,376402.2358,5034982.534,45.4511043,-75.58457893,14027
17--9904,9/28/2017,6:50 PM,MEADOWLANDS DR btwn PRINCE OF WALES DR & DEBRA AVE (__3ZA3GTB),__3ZA3GTB,01 - Non intersection,03 - P.D. only,05 - Turning movement,01 - Clear,05 - Dusk,01 - Dry,10 - No control,,2,0,0,0,,0,,,,,367353.717,5025684.606,45.36831282,-75.70143025,14028
17--9905,9/28/2017,7:00 AM,JEANNE D'ARC BLVD N/OR174 IC105 RAMP63 @ TRANS (0012413),12413,02 - Intersection related,03 - P.D. only,03 - Rear end,01 - Clear,01 - Daylight,01 - Dry,01 - Traffic signal,00 - Unknown,2,0,0,0,,0,,,,,379343.2747,5037116.768,45.46999903,-75.54665985,14029
17--9906,9/28/2017,7:15 AM,ST. JOSEPH BLVD @ REGIONAL RD 174/TRANSITWAY (0012428),12428,02 - Intersection related,03 - P.D. only,03 - Rear end,01 - Clear,01 - Daylight,01 - Dry,01 - Traffic signal,00 - Unknown,2,0,0,0,,0,,,,,376556.355,5035056.241,45.45175166,-75.58259805,14030
17--9907,9/28/2017,7:17 AM,OR174 IC109 RAMP65 @ MONTREAL RD (0004119),4119,02 - Intersection related,03 - P.D. only,03 - Rear end,01 - Clear,01 - Daylight,01 - Dry,01 - Traffic signal,00 - Unknown,2,0,0,0,,0,,,,,376402.5536,5034982.252,45.45110173,-75.58457491,14031
17--9908,9/28/2017,7:17 AM,EARL ARMSTRONG RD @ RIVER RD (0012470),12470,02 - Intersection related,03 - P.D. only,03 - Rear end,01 - Clear,01 - Daylight,01 - Dry,01 - Traffic signal,01 - Functioning,2,0,0,0,,0,,,,,367575.8953,5014684.532,45.26931603,-75.6999883,14032
17--9909,9/28/2017,7:19 AM,ST. JOSEPH BLVD btwn R.C.M.P. COMPLEX & YOUVILLE DR (__3ZA2BHB),__3ZA2BHB,01 - Non intersection,03 - P.D. only,03 - Rear end,01 - Clear,01 - Daylight,01 - Dry,10 - No control,,2,0,0,0,,0,,,,,378913.3802,5036082.034,45.46073501,-75.55231307,14033
17--991,1/25/2017,10:33 AM,MACKENZIE AVE @ MURRAY ST (0011914),11914,03 - At intersection,03 - P.D. only,02 - Angle,01 - Clear,01 - Daylight,02 - Wet,01 - Traffic signal,01 - Functioning,2,0,0,0,,0,,,,,367639.7019,5032383.586,45.42856273,-75.69692625,14034
17--9910,9/28/2017,7:23 AM,HIGHWAY 417 btwn HWY417 IC117 RAMP61 & HWY417 IC115 RAMP36 (__3ZA2RZ),__3ZA2RZ,01 - Non intersection,03 - P.D. only,03 - Rear end,01 - Clear,01 - Daylight,01 - Dry,10 - No control,,4,0,0,0,,0,,,,,371724.4325,5031441.813,45.41971015,-75.64485816,14035
17--9911,9/28/2017,7:28 AM,HIGHWAY 417 btwn HWY 417 ANDERSON IC104R61 & HWY 417 BOUNDARY IC96R16 (__3ZA2W5),__3ZA2W5,01 - Non intersection,03 - P.D. only,03 - Rear end,01 - Clear,01 - Daylight,01 - Dry,10 - No control,,2,0,0,0,,0,,,,,385025.1599,5024965.589,45.36004378,-75.47598303,14036
17--9912,9/28/2017,7:40 AM,HIGHWAY 417 btwn HWY417 IC139 RAMP15 & HWY417 IC138 RAMP51 (__3ZA2QR),__3ZA2QR,01 - Non intersection,02 - Non-fatal injury,03 - Rear end,01 - Clear,01 - Daylight,01 - Dry,10 - No control,,2,0,0,0,01 - Minimal,2,2,,,,352323.1236,5019732.967,45.31593926,-75.89387219,14037
17--9913,9/28/2017,8:15 AM,BELFAST RD btwn TREMBLAY RD & TRAINYARDS DR (__3ZA80G),__3ZA80G,01 - Non intersection,03 - P.D. only,04 - Sideswipe,01 - Clear,01 - Daylight,01 - Dry,10 - No control,,2,0,0,0,,0,,,,,371693.6499,5030984.613,45.41559941,-75.64531351,14038
17--9914,9/28/2017,8:19 AM,CAMPEAU DR @ TERON RD/COLCHESTER SQ (0009033),9033,03 - At intersection,03 - P.D. only,04 - Sideswipe,01 - Clear,01 - Daylight,01 - Dry,01 - Traffic signal,01 - Functioning,2,0,0,0,,0,,,,,352562.9799,5020467.337,45.32253101,-75.89074233,14039
17--9915,9/28/2017,8:21 AM,MARCH RD @ MORGAN'S GRANT WAY/SHIRLEY'S BROOK  (0002651),2651,02 - Intersection related,03 - P.D. only,04 - Sideswipe,01 - Clear,01 - Daylight,01 - Dry,01 - Traffic signal,00 - Unknown,2,0,0,0,,0,,,,,349662.0826,5023618.22,45.3510748,-75.92745819,14040
17--9916,9/28/2017,8:32 AM,BASELINE RD btwn CONSTELLATION CRES & WOODROFFE AVE (__3ZA34J),__3ZA34J,01 - Non intersection,03 - P.D. only,04 - Sideswipe,01 - Clear,01 - Daylight,01 - Dry,10 - No control,,2,0,0,0,,0,,,,,362295.1632,5023609.809,45.3500772,-75.76624426,14041
17--9917,9/28/2017,8:42 PM,SOMERSET ST    W btwn BOOTH ST & UPPER LORNE PL (__3ZA328),__3ZA328,01 - Non intersection,03 - P.D. only,06 - SMV unattended vehicle,01 - Clear,07 - Dark,01 - Dry,10 - No control,,1,0,0,0,,0,,,,,366614.4124,5030274.652,45.40967853,-75.71029247,14042
17--9918,9/28/2017,8:43 AM,ROMINA ST @ OPUS ST (0010644),10644,02 - Intersection related,03 - P.D. only,06 - SMV unattended vehicle,01 - Clear,01 - Daylight,01 - Dry,10 - No control,00 - Unknown,1,0,0,0,,0,,,,,354554.0355,5015182.004,45.27483422,-75.86587659,14043
17--9919,9/28/2017,8:54 AM,DALY AVE btwn MACKENZIE AVE & NICHOLAS ST (__3ZA8JX),__3ZA8JX,01 - Non intersection,03 - P.D. only,99 - Other,01 - Clear,01 - Daylight,01 - Dry,10 - No control,,2,0,0,0,,0,,,,,368191.2462,5032021.825,45.42525796,-75.68992493,14044
17--992,1/25/2017,10:49 PM,FALLOWFIELD RD @ GREENBANK RD (0000549),549,03 - At intersection,02 - Non-fatal injury,05 - Turning movement,01 - Clear,07 - Dark,02 - Wet,01 - Traffic signal,01 - Functioning,2,0,0,0,02 - Minor,1,,1,,,363080.133,5016731.641,45.28812291,-75.7570366,14045
17--9920,9/28/2017,8:59 AM,RICHMOND RD btwn WEST HUNT CLUB RD & STONEHAVEN DR (__3ZA41H),__3ZA41H,01 - Non intersection,02 - Non-fatal injury,03 - Rear end,01 - Clear,01 - Daylight,01 - Dry,10 - No control,,3,0,0,0,02 - Minor,1,,1,,,356760.8761,5015940.071,45.28149583,-75.83767254,14046
17--9921,9/28/2017,9:03 AM,REGIONAL ROAD 174 btwn Continuation of REGIONAL ROAD 174 & OR174 IC112 (__3ZA2YI),__3ZA2YI,01 - Non intersection,02 - Non-fatal injury,03 - Rear end,01 - Clear,01 - Daylight,01 - Dry,10 - No control,,4,0,1,0,03 - Major,2,,1,1,,374281.7473,5032456.636,45.4285917,-75.61204223,14047
17--9922,9/28/2017,9:05 AM,HIGHWAY 417 btwn HWY417 IC117 RAMP25 & HWY417 IC115 RAMP51 (__3ZA2R3),__3ZA2R3,01 - Non intersection,03 - P.D. only,03 - Rear end,01 - Clear,01 - Daylight,02 - Wet,10 - No control,,2,0,0,0,,0,,,,,371523.4454,5031393.284,45.41929271,-75.6474326,14048
17--9923,9/28/2017,9:05 AM,HIGHWAY 417 btwn HWY417 IC117 RAMP51 & HWY417 IC117 RAMP35 (__3ZA2YN),__3ZA2YN,01 - Non intersection,03 - P.D. only,07 - SMV other,01 - Clear,01 - Daylight,01 - Dry,10 - No control,,1,0,0,0,,0,,,,,370612.2185,5031157.063,45.4172536,-75.6591062,14049
17--9924,9/28/2017,9:15 AM,CHARLEVOIX ST btwn BEECHWOOD AVE & BARRETTE ST (__3ZBOWU),__3ZBOWU,04 - At/near private drive,03 - P.D. only,02 - Angle,01 - Clear,01 - Daylight,02 - Wet,10 - No control,,2,0,0,0,,0,,,,,369206.5116,5033571.586,45.43910936,-75.6767495,14050
17--9925,9/28/2017,9:44 AM,GLADSTONE AVE btwn BANK ST & O'CONNOR ST (__3ZA3QP),__3ZA3QP,01 - Non intersection,03 - P.D. only,06 - SMV unattended vehicle,01 - Clear,01 - Daylight,01 - Dry,10 - No control,,1,0,0,0,,0,,,,,367939.1108,5030576.778,45.41227871,-75.69333181,14051
17--9926,9/29/2017,1:00 PM,BANK ST @ HUNT CLUB RD (0002119),2119,02 - Intersection related,03 - P.D. only,04 - Sideswipe,01 - Clear,01 - Daylight,01 - Dry,01 - Traffic signal,01 - Functioning,2,0,0,0,,0,,,,,371609.283,5024095.96,45.353626,-75.64732369,14052
17--9927,9/29/2017,1:05 PM,TENTH LINE RD @ CHARLEMAGNE BLVD S/DES EPINETT (0003686),3686,03 - At intersection,02 - Non-fatal injury,05 - Turning movement,01 - Clear,01 - Daylight,01 - Dry,01 - Traffic signal,01 - Functioning,2,0,0,0,01 - Minimal,1,1,,,,383640.9751,5036900.456,45.46758093,-75.49173924,14053
17--9928,9/29/2017,1:21 PM,ALBERT ST @ METCALFE ST (0002117),2117,03 - At intersection,02 - Non-fatal injury,07 - SMV other,01 - Clear,01 - Daylight,01 - Dry,01 - Traffic signal,01 - Functioning,1,0,0,1,03 - Major,1,,,1,,367691.7005,5031614.128,45.42163473,-75.69636003,14054
17--9929,9/29/2017,1:30 PM,PARKDALE AVE @ TYNDALL ST (0006515),6515,03 - At intersection,03 - P.D. only,05 - Turning movement,01 - Clear,01 - Daylight,01 - Dry,02 - Stop sign,01 - Functioning,2,0,0,0,,0,,,,,365264.174,5029014.744,45.39846012,-75.72769528,14055
17--993,1/25/2017,10:53 AM,RIVERSIDE DR @ UPLANDS DR/KIMBERWICK CRES N (0006890),6890,02 - Intersection related,03 - P.D. only,03 - Rear end,01 - Clear,01 - Daylight,02 - Wet,01 - Traffic signal,01 - Functioning,2,0,0,0,,0,,,,,368194.1696,5022792.408,45.34221399,-75.69107285,14056
17--9930,9/29/2017,10:00 PM,ISABELLA ST/HWY417 IC119AR75 @ METCALFE ST (0011380),11380,02 - Intersection related,03 - P.D. only,04 - Sideswipe,01 - Clear,07 - Dark,01 - Dry,01 - Traffic signal,01 - Functioning,2,0,0,0,,0,,,,,368449.2906,5030399.018,45.41063306,-75.68683734,14057
17--9931,9/29/2017,10:07 PM,BLACKBURN BYPASS @ NAVAN RD (0004201),4201,02 - Intersection related,03 - P.D. only,03 - Rear end,02 - Rain,07 - Dark,02 - Wet,01 - Traffic signal,01 - Functioning,2,0,0,0,,0,,,,,379617.2007,5033275.109,45.43540536,-75.54374144,14058
17--9932,9/29/2017,10:20 PM,BLAIR RD @ REGIONAL RD 174 S/OR174 IC112 RAMP15 (0012435),12435,02 - Intersection related,03 - P.D. only,03 - Rear end,02 - Rain,07 - Dark,02 - Wet,01 - Traffic signal,01 - Functioning,2,0,0,0,,0,,,,,374907.6575,5032661.691,45.43037421,-75.60401506,14059
17--9933,9/29/2017,10:50 PM,BILL LEATHEM DR @ LEIKIN DR S (0005135),5135,03 - At intersection,03 - P.D. only,02 - Angle,02 - Rain,07 - Dark,02 - Wet,02 - Stop sign,01 - Functioning,2,0,0,0,,0,,,,,366925.2954,5017438.524,45.294154,-75.70793395,14060
17--9934,9/29/2017,10:53 AM,FAUBERT ST @ REGIONAL RD 174 (0012886),12886,02 - Intersection related,02 - Non-fatal injury,03 - Rear end,01 - Clear,01 - Daylight,01 - Dry,02 - Stop sign,00 - Unknown,2,0,0,0,01 - Minimal,1,1,,,,390281.9142,5042683.159,45.51882563,-75.40581919,14061
17--9935,9/29/2017,11:02 AM,BLAIR RD @ CROWNHILL ST (0009247),9247,03 - At intersection,03 - P.D. only,02 - Angle,01 - Clear,01 - Daylight,01 - Dry,02 - Stop sign,01 - Functioning,2,1,0,0,,0,,,,,374462.3658,5033310.963,45.4362605,-75.60961338,14062
17--9936,9/29/2017,11:17 PM,MONTREAL RD @ GRANVILLE ST/LAFONTAINE AVE (0009348),9348,03 - At intersection,03 - P.D. only,05 - Turning movement,01 - Clear,07 - Dark,02 - Wet,01 - Traffic signal,01 - Functioning,3,0,0,0,,0,,,,,370827.2599,5033475.685,45.43809531,-75.65604803,14063
17--9937,9/29/2017,11:34 AM,CARLING AVE WB @ SAIGON CRT (0002102),2102,03 - At intersection,03 - P.D. only,04 - Sideswipe,01 - Clear,01 - Daylight,01 - Dry,01 - Traffic signal,01 - Functioning,2,0,0,0,,0,,,,,364065.1801,5027195.729,45.38219547,-75.74322706,14064
17--9938,9/29/2017,11:40 AM,FISHER AVE @ KINTYRE PRIV (0002340),2340,02 - Intersection related,02 - Non-fatal injury,03 - Rear end,01 - Clear,01 - Daylight,01 - Dry,01 - Traffic signal,01 - Functioning,2,0,0,0,02 - Minor,1,,1,,,366496.7351,5025235.392,45.36434685,-75.71242565,14065
17--9939,9/29/2017,11:50 AM,MEADOWLANDS DR @ MERIVALE RD (0000625),625,02 - Intersection related,03 - P.D. only,03 - Rear end,01 - Clear,01 - Daylight,01 - Dry,01 - Traffic signal,01 - Functioning,2,0,0,0,,0,,,,,364858.2265,5023726.22,45.35090984,-75.73352308,14066
17--994,1/25/2017,11:10 AM,ST. JOSEPH BLVD @ JEANNE D'ARC BLVD (0012421),12421,03 - At intersection,03 - P.D. only,02 - Angle,01 - Clear,01 - Daylight,02 - Wet,11 - Roundabout,01 - Functioning,2,0,0,0,,0,,,,,379861.0926,5036473.5,45.46415594,-75.54013661,14067
17--9940,9/29/2017,Unknown,RICHARDSON SIDE RD btwn CARP RD & OAK CREEK RD (__3ZAC40),__3ZAC40,01 - Non intersection,03 - P.D. only,06 - SMV unattended vehicle,01 - Clear,00 - Unknown,01 - Dry,10 - No control,,1,0,0,0,,0,,,,,346320.7983,5017261.995,45.29408518,-75.97063157,14068