Anom_ID,Accident_Date,Accident_Time,Location,Geo_ID,Accident_Location,Classification_of_Accident,Initial_Impact_Type,Environment_Condition,Light,Road_Surface_Condition,Traffic_Control,Traffic_Control_Condition,No__of_Vehicles,No__of_Bicycles,No__of_Motorcycles,No__of_Pedestrians,Max_Injury,No__of_Injuries,No__of_Minimal,No__of_Minor,No__of_Major,No__of_Fatal,X,Y,Latitude,Longitude,ObjectId
17--9941,9/29/2017,12:00 PM,STAR TOP RD btwn CYRVILLE RD & ALGOMA RD (__3ZA7XF),__3ZA7XF,01 - Non intersection,03 - P.D. only,07 - SMV other,01 - Clear,01 - Daylight,01 - Dry,10 - No control,,1,0,0,0,,0,,,,,373873.4355,5031352.478,45.4186975,-75.61741454,14069
17--9942,9/29/2017,2:21 PM,BASELINE RD @ MERIVALE RD (0002342),2342,02 - Intersection related,03 - P.D. only,04 - Sideswipe,01 - Clear,01 - Daylight,01 - Dry,01 - Traffic signal,01 - Functioning,2,0,0,0,,0,,,,,365054.15,5025324.968,45.36527833,-75.730828,14070
17--9943,9/29/2017,2:45 PM,WOODROFFE AVE @ ALGONQUIN COLLEGE/TRANSITWAY S (0004682),4682,02 - Intersection related,03 - P.D. only,03 - Rear end,01 - Clear,01 - Daylight,01 - Dry,01 - Traffic signal,01 - Functioning,2,0,0,0,,0,,,,,362823.3535,5023271.175,45.34698669,-75.75954377,14071
17--9944,9/29/2017,3:00 PM,OLD TENTH LINE RD/OR174 IC101 RAMP63 @ ST. JOS (0009233),9233,02 - Intersection related,03 - P.D. only,07 - SMV other,01 - Clear,01 - Daylight,01 - Dry,01 - Traffic signal,00 - Unknown,1,0,0,0,,0,,,,,383119.6333,5038785.446,45.48459902,-75.49810489,14072
17--9945,9/29/2017,3:40 PM,BRIDLE PATH DR btwn TRAPPER'S RD & CAROUSEL CRES (__3ZA9BD),__3ZA9BD,01 - Non intersection,03 - P.D. only,99 - Other,01 - Clear,01 - Daylight,01 - Dry,10 - No control,,2,0,0,0,,0,,,,,371823.571,5023586.575,45.34902228,-75.64465811,14073
17--9946,9/29/2017,3:44 PM,BEECHWOOD AVE @ CHARLEVOIX ST/MACKAY ST (0002248),2248,03 - At intersection,03 - P.D. only,05 - Turning movement,01 - Clear,01 - Daylight,01 - Dry,01 - Traffic signal,01 - Functioning,2,0,0,0,,0,,,,,369186.4386,5033592.602,45.4393003,-75.6770033,14074
17--9947,9/29/2017,4:00 PM,LEITRIM RD btwn 810 W OF HAWTHORNE & HAWTHORNE RD (__3ZA3SPB),__3ZA3SPB,01 - Non intersection,03 - P.D. only,07 - SMV other,01 - Clear,01 - Daylight,01 - Dry,10 - No control,,1,0,0,0,,0,,,,,376962.6622,5022661.967,45.34019317,-75.57921712,14075
17--9948,9/29/2017,4:02 PM,ROCKDALE RD @ RUSSELL RD (0004677),4677,03 - At intersection,03 - P.D. only,05 - Turning movement,01 - Clear,01 - Daylight,01 - Dry,02 - Stop sign,00 - Unknown,2,0,0,0,,0,,,,,393759.8612,5026973.02,45.37705049,-75.36415027,14076
17--9949,9/29/2017,4:09 PM,MAJESTIC DR @ WOODROFFE AVE (0000562),562,02 - Intersection related,03 - P.D. only,03 - Rear end,01 - Clear,01 - Daylight,01 - Dry,01 - Traffic signal,01 - Functioning,3,0,0,0,,0,,,,,363527.6934,5021571.492,45.33163446,-75.75075795,14077
17--995,1/25/2017,12:11 AM,MORIN ST btwn ST. LAURENT BLVD & COTE ST (__3ZA8UY),__3ZA8UY,01 - Non intersection,03 - P.D. only,06 - SMV unattended vehicle,01 - Clear,07 - Dark,04 - Slush,10 - No control,,1,0,0,0,,0,,,,,371675.5638,5033265.367,45.43612234,-75.6452349,14078
17--9950,9/29/2017,4:11 PM,CASTLEFRANK RD @ KATIMAVIK RD (0003228),3228,02 - Intersection related,03 - P.D. only,03 - Rear end,01 - Clear,01 - Daylight,01 - Dry,01 - Traffic signal,01 - Functioning,2,0,0,0,,0,,,,,351951.4053,5018943.007,45.30885608,-75.89868814,14079
17--9951,9/29/2017,4:16 PM,ALBERT ST @ PRESTON ST (0002217),2217,02 - Intersection related,02 - Non-fatal injury,03 - Rear end,01 - Clear,01 - Daylight,01 - Dry,01 - Traffic signal,01 - Functioning,2,0,0,0,02 - Minor,1,,1,,,366159.3742,5030466.008,45.41144034,-75.71608143,14080
17--9952,9/29/2017,4:29 PM,RUSSELL RD @ SAUMURE RD/LANGLADE RD (0004091),4091,03 - At intersection,02 - Non-fatal injury,05 - Turning movement,01 - Clear,01 - Daylight,01 - Dry,02 - Stop sign,01 - Functioning,2,0,0,0,02 - Minor,2,,2,,,399932.6025,5029464.476,45.39865422,-75.28487301,14081
17--9953,9/29/2017,4:36 PM,CAMPEAU DR @ TERON RD/COLCHESTER SQ (0009033),9033,02 - Intersection related,03 - P.D. only,03 - Rear end,01 - Clear,01 - Daylight,01 - Dry,01 - Traffic signal,01 - Functioning,2,0,0,0,,0,,,,,352563.7552,5020467.19,45.32252963,-75.89073246,14082
17--9954,9/29/2017,4:40 PM,COLONEL BY DR/SUSSEX DR @ RIDEAU ST (0007647),7647,02 - Intersection related,03 - P.D. only,04 - Sideswipe,01 - Clear,01 - Daylight,01 - Dry,01 - Traffic signal,01 - Functioning,2,0,0,0,,0,,,,,367921.1084,5032043.628,45.42547856,-75.69337388,14083
17--9955,9/29/2017,4:45 PM,HIGHWAY 417 btwn HWY417 IC118 RAMP67 & HWY417 IC117 RAMP36 (__3ZA2YO),__3ZA2YO,01 - Non intersection,03 - P.D. only,03 - Rear end,01 - Clear,01 - Daylight,01 - Dry,10 - No control,,2,0,0,0,,0,,,,,370149.7958,5031109.972,45.41687323,-75.66502027,14084
17--9956,9/29/2017,4:57 PM,FEATHERSTON DR @ EMSLIE AVE (0002303),2303,03 - At intersection,03 - P.D. only,07 - SMV other,01 - Clear,01 - Daylight,01 - Dry,03 - Yield sign,00 - Unknown,1,0,0,0,,0,,,,,372421.5874,5027696.795,45.38594708,-75.63646465,14085
17--9957,9/29/2017,5:13 PM,ST. JOSEPH BLVD/OLD MONTREAL RD @ TRIM RD (0004118),4118,03 - At intersection,02 - Non-fatal injury,02 - Angle,01 - Clear,01 - Daylight,01 - Dry,11 - Roundabout,01 - Functioning,2,0,0,0,01 - Minimal,1,1,,,,384685.3185,5039287.672,45.48894014,-75.4779975,14086
17--9958,9/29/2017,5:20 PM,STRANDHERD DR @ WOODROFFE AVE (0009688),9688,02 - Intersection related,03 - P.D. only,04 - Sideswipe,01 - Clear,01 - Daylight,01 - Dry,01 - Traffic signal,01 - Functioning,2,0,0,0,,0,,,,,366105.2073,5015395.386,45.275842,-75.7186411,14087
17--9959,9/29/2017,6:45 PM,HIGHWAY 417 btwn HWY417 IC127 RAMP35 & HWY417 IC127 RAMP25 (__3ZA2RE),__3ZA2RE,01 - Non intersection,02 - Non-fatal injury,03 - Rear end,01 - Clear,01 - Daylight,01 - Dry,10 - No control,,2,0,0,0,01 - Minimal,2,2,,,,362154.9181,5024852.458,45.36126995,-75.76788976,14088
17--996,1/25/2017,12:50 PM,ANDERSON RD @ INNES RD (0004200),4200,02 - Intersection related,02 - Non-fatal injury,03 - Rear end,01 - Clear,01 - Daylight,01 - Dry,01 - Traffic signal,01 - Functioning,2,0,0,0,01 - Minimal,1,1,,,,376280.1947,5031841.564,45.42285626,-75.5865951,14089
17--9960,9/29/2017,6:50 AM,ELGIN ST @ LAURIER AVE (0002232),2232,03 - At intersection,03 - P.D. only,04 - Sideswipe,01 - Clear,03 - Dawn,01 - Dry,01 - Traffic signal,01 - Functioning,2,0,0,0,,0,,,,,367947.7541,5031549.337,45.42102869,-75.69309677,14090
17--9961,9/29/2017,6:55 PM,COVENTRY RD @ VANIER PKWY (0002139),2139,03 - At intersection,03 - P.D. only,04 - Sideswipe,01 - Clear,05 - Dusk,01 - Dry,01 - Traffic signal,01 - Functioning,2,0,0,0,,0,,,,,370677.4778,5031612.249,45.42134303,-75.6582116,14091
17--9962,9/29/2017,6:58 AM,HIGHWAY 417 btwn HWY417 IC117 RAMP61 & HWY417 IC115 RAMP36 (__3ZA2RZ),__3ZA2RZ,01 - Non intersection,03 - P.D. only,03 - Rear end,01 - Clear,01 - Daylight,01 - Dry,10 - No control,,4,0,0,0,,0,,,,,371828.3979,5031449.912,45.41977307,-75.64352877,14092
17--9963,9/29/2017,7:40 AM,FISHER AVE @ MEADOWLANDS DR (0002120),2120,02 - Intersection related,02 - Non-fatal injury,99 - Other,01 - Clear,01 - Daylight,01 - Dry,01 - Traffic signal,01 - Functioning,2,0,0,1,02 - Minor,1,,1,,,366575.0649,5025044.9,45.36262594,-75.71144966,14093
17--9964,9/29/2017,7:46 AM,INDUSTRIAL AVE @ TRAINYARDS DR (0011906),11906,02 - Intersection related,02 - Non-fatal injury,03 - Rear end,01 - Clear,01 - Daylight,01 - Dry,01 - Traffic signal,01 - Functioning,2,0,0,0,02 - Minor,1,,1,,,371686.4285,5030540.189,45.41160137,-75.64546608,14094
17--9965,9/29/2017,7:48 AM,ST. LAURENT BLVD btwn BELFAST RD & INDUSTRIAL AVE (__3ZA3R8),__3ZA3R8,01 - Non intersection,03 - P.D. only,04 - Sideswipe,01 - Clear,01 - Daylight,01 - Dry,10 - No control,,2,0,0,0,,0,,,,,372894.8577,5030499.176,45.41111581,-75.63003476,14095
17--9966,9/29/2017,8:00 PM,VIA SAN MARINO ST btwn CHARING CROSS WAY & HIGHBURY PARK DR (__87LHNE),__87LHNE,01 - Non intersection,03 - P.D. only,06 - SMV unattended vehicle,02 - Rain,07 - Dark,02 - Wet,10 - No control,,1,0,0,0,,0,,,,,363812.0323,5015741.276,45.27915053,-75.74782482,14096
17--9967,9/29/2017,8:32 PM,RIVERSIDE DR @ TREMBLAY RD/HWY417 IC117 RAMP52 (0010790),10790,03 - At intersection,03 - P.D. only,02 - Angle,01 - Clear,07 - Dark,01 - Dry,01 - Traffic signal,01 - Functioning,2,0,0,0,,0,,,,,370801.5317,5031014.815,45.41595587,-75.65670663,14097
17--9968,9/29/2017,8:34 PM,MAITLAND AVE/GLENMOUNT AVE @ ERINDALE DR (0002724),2724,03 - At intersection,03 - P.D. only,05 - Turning movement,02 - Rain,07 - Dark,02 - Wet,01 - Traffic signal,01 - Functioning,2,0,0,0,,0,,,,,363697.426,5025211.328,45.36437112,-75.74815924,14098
17--9969,9/29/2017,8:35 AM,HIGHWAY 417 btwn HWY417 IC118 RAMP67 & HWY417 IC117 RAMP36 (__3ZA2YO),__3ZA2YO,01 - Non intersection,03 - P.D. only,03 - Rear end,01 - Clear,01 - Daylight,01 - Dry,10 - No control,,2,0,0,0,,0,,,,,370175.8139,5031116.635,45.41693075,-75.66468698,14099
17--997,1/25/2017,2:09 PM,SOMERSET ST    W btwn KENT ST & BECKINGTON PRIV (__3ZA3RJ),__3ZA3RJ,04 - At/near private drive,03 - P.D. only,05 - Turning movement,01 - Clear,01 - Daylight,01 - Dry,10 - No control,,2,0,0,0,,0,,,,,367536.3584,5030820.901,45.41451147,-75.69844581,14100
17--9970,9/29/2017,8:38 AM,WILLIAM HODGINS LANE btwn VAUGHAN SIDE RD & DIAMONDVIEW RD (__3ZACBS),__3ZACBS,01 - Non intersection,02 - Non-fatal injury,99 - Other,01 - Clear,01 - Daylight,01 - Dry,10 - No control,,2,0,0,0,01 - Minimal,1,1,,,,338285.7305,5019867.41,45.31795884,-76.07289525,14101
17--9971,9/29/2017,8:40 AM,HIGHWAY 417 btwn HWY417 IC127 RAMP35 & HWY417 IC127 RAMP25 (__3ZA2RE),__3ZA2RE,01 - Non intersection,03 - P.D. only,03 - Rear end,01 - Clear,01 - Daylight,01 - Dry,10 - No control,,3,0,0,0,,0,,,,,362157.8645,5024853.406,45.36127824,-75.76785204,14102
17--9972,9/29/2017,8:47 AM,HERON RD btwn EVANS BLVD & ALTA VISTA DR (__3ZA3AE),__3ZA3AE,01 - Non intersection,02 - Non-fatal injury,07 - SMV other,01 - Clear,01 - Daylight,01 - Dry,10 - No control,,1,0,0,1,02 - Minor,1,,1,,,370477.5225,5026901.347,45.37897489,-75.66139369,14103
17--9973,9/29/2017,8:50 AM,LACOLLE WAY @ TAYLOR CREEK DR W (0013036),13036,02 - Intersection related,03 - P.D. only,05 - Turning movement,01 - Clear,01 - Daylight,01 - Dry,02 - Stop sign,01 - Functioning,2,0,1,0,,0,,,,,384011.2129,5039298.971,45.48911863,-75.4866184,14104
17--9974,9/29/2017,8:56 AM,LABELLE ST/RAMP @ LEMIEUX ST/HWY417 IC115 RAMP (0012538),12538,03 - At intersection,03 - P.D. only,02 - Angle,01 - Clear,01 - Daylight,01 - Dry,02 - Stop sign,01 - Functioning,2,0,0,0,,0,,,,,372541.7204,5031688.023,45.42184678,-75.63438242,14105
17--9975,9/29/2017,9:00 AM,HWY 417 VANIER IC117R63 @ VANIER PKWY (0002101),2101,02 - Intersection related,03 - P.D. only,03 - Rear end,01 - Clear,01 - Daylight,01 - Dry,01 - Traffic signal,01 - Functioning,2,0,0,0,,0,,,,,370798.9356,5031398.17,45.41940539,-75.65668845,14106
17--9976,9/29/2017,9:13 AM,BESSERER ST @ WALLER ST (0008859),8859,02 - Intersection related,02 - Non-fatal injury,05 - Turning movement,01 - Clear,01 - Daylight,01 - Dry,01 - Traffic signal,01 - Functioning,2,1,0,0,03 - Major,1,,,1,,368315.8612,5032192.061,45.42677838,-75.68831069,14107
17--9977,9/29/2017,9:20 AM,HIGHWAY 417 btwn HWY417 IC118 RAMP35 & HWY417 IC117 RAMP51 (__3ZA2YP),__3ZA2YP,01 - Non intersection,03 - P.D. only,04 - Sideswipe,01 - Clear,01 - Daylight,01 - Dry,10 - No control,,2,0,0,0,,0,,,,,370157.4158,5031102.352,45.41680396,-75.66492392,14108
17--9978,9/29/2017,9:25 PM,LAPERRIERE AVE @ LARKIN ST (0011302),11302,03 - At intersection,03 - P.D. only,02 - Angle,02 - Rain,07 - Dark,02 - Wet,02 - Stop sign,01 - Functioning,2,0,0,0,,0,,,,,364233.8627,5026779.974,45.37844028,-75.74112334,14109
17--9979,9/30/2017,1:07 AM,SUSSEX DR/PRINCESS AVE @ RIDEAU GATE (0007141),7141,02 - Intersection related,03 - P.D. only,07 - SMV other,01 - Clear,07 - Dark,02 - Wet,11 - Roundabout,00 - Unknown,1,0,0,0,,0,,,,,367956.405,5034163.384,45.44454818,-75.69265093,14110
17--998,1/25/2017,2:22 PM,BANK ST btwn VANCOUVER AVE & FOXBAR AVE (__3ZA4TT),__3ZA4TT,01 - Non intersection,03 - P.D. only,04 - Sideswipe,01 - Clear,01 - Daylight,02 - Wet,10 - No control,,2,0,0,0,,0,,,,,370469.8379,5025631.119,45.36754652,-75.66166069,14111
17--9980,9/30/2017,1:14 PM,WEST HUNT CLUB RD WB btwn WOODROFFE AVE & 354 E OF WOODROFFE AVE/REC P (__3ZA3JEA),__3ZA3JEA,01 - Non intersection,03 - P.D. only,07 - SMV other,01 - Clear,01 - Daylight,01 - Dry,10 - No control,,1,0,0,0,,0,,,,,363920.9642,5021412.609,45.33017183,-75.74576005,14112
17--9981,9/30/2017,1:26 PM,PLACE D'ORLEANS DR btwn OR174 IC102 RAMP51 & ST. JOSEPH BLVD (1) (__3ZA1V5A),__3ZA1V5A,01 - Non intersection,03 - P.D. only,02 - Angle,01 - Clear,01 - Daylight,01 - Dry,10 - No control,,2,0,0,0,,0,,,,,381400.796,5037972.971,45.47747979,-75.52021637,14113
17--9982,9/30/2017,1:51 PM,SUSSEX DR/PRINCESS AVE @ RIDEAU GATE (0007141),7141,02 - Intersection related,03 - P.D. only,04 - Sideswipe,01 - Clear,01 - Daylight,01 - Dry,11 - Roundabout,01 - Functioning,2,1,0,0,,0,,,,,367957.0334,5034164.272,45.44455612,-75.69264279,14114
17--9983,9/30/2017,10:05 AM,FISHER AVE @ MALIBU TER (0003121),3121,02 - Intersection related,03 - P.D. only,02 - Angle,01 - Clear,01 - Daylight,01 - Dry,02 - Stop sign,01 - Functioning,2,0,0,0,,0,,,,,366261.6732,5025799.589,45.36944403,-75.71535581,14115
17--9984,9/30/2017,10:54 AM,BANK ST @ SECOND AVE (0007231),7231,02 - Intersection related,02 - Non-fatal injury,01 - Approaching,01 - Clear,01 - Daylight,01 - Dry,02 - Stop sign,00 - Unknown,2,1,0,0,03 - Major,1,,,1,,368305.159,5029628.56,45.40371382,-75.68877778,14116
17--9985,9/30/2017,11:00 AM,BANK ST @ HUNT CLUB RD (0002119),2119,02 - Intersection related,03 - P.D. only,03 - Rear end,01 - Clear,01 - Daylight,01 - Dry,01 - Traffic signal,01 - Functioning,2,0,0,0,,0,,,,,371607.7898,5024097.216,45.35363744,-75.64734257,14117
17--9986,9/30/2017,11:10 AM,BASELINE RD @ 207 E OF CLYDE AVE (0008213),8213,03 - At intersection,03 - P.D. only,05 - Turning movement,01 - Clear,01 - Daylight,01 - Dry,01 - Traffic signal,00 - Unknown,2,0,0,0,,0,,,,,364535.6995,5025000.433,45.36240258,-75.7374849,14118
17--9987,9/30/2017,11:16 PM,FLEMING AVE btwn FIFE CRES & ARCH ST (__3ZA735),__3ZA735,04 - At/near private drive,03 - P.D. only,06 - SMV unattended vehicle,01 - Clear,07 - Dark,01 - Dry,10 - No control,,1,0,0,0,,0,,,,,372842.0491,5028257.408,45.39095052,-75.63101863,14119
17--9988,9/30/2017,11:34 PM,BOOTH ST @ RAYMOND ST (0006498),6498,03 - At intersection,03 - P.D. only,02 - Angle,01 - Clear,07 - Dark,01 - Dry,01 - Traffic signal,01 - Functioning,2,0,0,0,,0,,,,,366861.7918,5029641.562,45.40396027,-75.70721208,14120
17--9989,9/30/2017,Unknown,DUNCAIRN AVE btwn CHURCHILL AVE N & TWEEDSMUIR AVE (__3ZA07Y),__3ZA07Y,04 - At/near private drive,03 - P.D. only,06 - SMV unattended vehicle,01 - Clear,00 - Unknown,01 - Dry,10 - No control,,1,0,0,0,,0,,,,,363673.871,5027553.194,45.38544488,-75.74818072,14121
17--999,1/25/2017,3:25 PM,STONEHAVEN DR @ STONEMEADOW DR (0011882),11882,02 - Intersection related,02 - Non-fatal injury,03 - Rear end,01 - Clear,01 - Daylight,02 - Wet,02 - Stop sign,01 - Functioning,2,0,0,0,01 - Minimal,1,1,,,,355950.3959,5016619.151,45.28766576,-75.84793277,14122
17--9990,9/30/2017,12:11 PM,CRESTWAY DR @ PRINCE OF WALES DR (0010323),10323,03 - At intersection,02 - Non-fatal injury,03 - Rear end,01 - Clear,01 - Daylight,01 - Dry,01 - Traffic signal,01 - Functioning,2,0,0,0,02 - Minor,2,1,1,,,367368.8867,5016576.909,45.28636193,-75.70238761,14123
17--9991,9/30/2017,12:21 PM,STRANDHERD DR @ 215 W OF GREENBANK RD/BARRHAVE (0005413),5413,02 - Intersection related,03 - P.D. only,05 - Turning movement,01 - Clear,01 - Daylight,01 - Dry,01 - Traffic signal,01 - Functioning,2,0,0,0,,0,,,,,363743.4468,5014680.279,45.26960941,-75.74882491,14124
17--9992,9/30/2017,12:41 PM,SMYTH RD btwn HAIG DR & SAUNDERSON DR (__3ZA3RZ),__3ZA3RZ,01 - Non intersection,03 - P.D. only,06 - SMV unattended vehicle,01 - Clear,01 - Daylight,01 - Dry,10 - No control,,1,0,0,0,,0,,,,,372600.7905,5029302.92,45.40038098,-75.63395576,14125
17--9993,9/30/2017,12:45 PM,ST. JOSEPH BLVD @ JEANNE D'ARC BLVD (0012421),12421,03 - At intersection,03 - P.D. only,04 - Sideswipe,01 - Clear,01 - Daylight,01 - Dry,11 - Roundabout,00 - Unknown,2,0,0,0,,0,,,,,379860.2691,5036470.871,45.46413238,-75.54014754,14126
17--9994,9/30/2017,2:25 AM,GEORGE ST btwn DALHOUSIE ST & CUMBERLAND ST (__3ZA81O),__3ZA81O,04 - At/near private drive,03 - P.D. only,02 - Angle,01 - Clear,07 - Dark,01 - Dry,10 - No control,,2,0,0,0,,0,,,,,368181.4434,5032326.724,45.42800222,-75.69001095,14127
17--9995,9/30/2017,3:30 PM,OTTAWA RIVER PKWY @ ISLAND PARK DR (0002127),2127,02 - Intersection related,03 - P.D. only,03 - Rear end,01 - Clear,01 - Daylight,01 - Dry,01 - Traffic signal,01 - Functioning,3,0,0,0,,0,,,,,363298.6953,5029453.563,45.40257552,-75.75274598,14128
17--9996,9/30/2017,3:45 PM,EAGLESON RD @ KAKULU RD (0003188),3188,02 - Intersection related,03 - P.D. only,03 - Rear end,01 - Clear,01 - Daylight,01 - Dry,01 - Traffic signal,01 - Functioning,2,0,0,0,,0,,,,,353382.5644,5019151.705,45.31063644,-75.88041747,14129
17--9997,9/30/2017,3:45 PM,HIGHWAY 417 btwn HWY417 IC127 RAMP35 & HWY417 IC127 RAMP25 (__3ZA2RE),__3ZA2RE,01 - Non intersection,03 - P.D. only,03 - Rear end,01 - Clear,01 - Daylight,01 - Dry,10 - No control,,2,0,0,0,,0,,,,,362158.5165,5024854.574,45.36128869,-75.76784359,14130
17--9998,9/30/2017,3:48 PM,FALLOWFIELD RD btwn MOODIE DR & HWY416 IC66 RAMP53 (__3ZA4Y6),__3ZA4Y6,01 - Non intersection,03 - P.D. only,07 - SMV other,01 - Clear,01 - Daylight,01 - Dry,10 - No control,,1,0,0,0,,0,,,,,359520.7816,5014641.877,45.26960511,-75.80263861,14131
17--9999,9/30/2017,4:00 PM,HIGHWAY 417 btwn HWY417 IC127 RAMP25 & HWY417 IC126 RAMP51 (__3ZA2XA),__3ZA2XA,01 - Non intersection,03 - P.D. only,03 - Rear end,01 - Clear,01 - Daylight,01 - Dry,10 - No control,,2,0,0,0,,0,,,,,363174.5538,5025839.232,45.37006466,-75.75475908,14132
17--9760,9/24/2017,9:50 PM,CARLING AVE @ RICHMOND RD (0010847),10847,03 - At intersection,03 - P.D. only,02 - Angle,01 - Clear,07 - Dark,01 - Dry,01 - Traffic signal,01 - Functioning,2,0,0,0,,0,,,,,360246.6258,5024782.222,45.36079149,-75.79225425,14133
17--9761,9/25/2017,1:52 AM,SHEFFIELD RD btwn TO BE DETERMINED & WALKLEY RD (__3ZA1UL),__3ZA1UL,01 - Non intersection,03 - P.D. only,03 - Rear end,01 - Clear,07 - Dark,01 - Dry,10 - No control,,2,0,0,0,,0,,,,,375159.7452,5028967.792,45.39711318,-75.60132107,14134
17--9762,9/25/2017,10:00 AM,BASELINE RD @ MERIVALE RD (0002342),2342,02 - Intersection related,03 - P.D. only,03 - Rear end,01 - Clear,01 - Daylight,01 - Dry,01 - Traffic signal,01 - Functioning,2,0,0,0,,0,,,,,365054.6964,5025325.515,45.3652832,-75.73082096,14135
17--9763,9/25/2017,10:09 PM,EWING ST btwn CLIFFORD PRIV & WELSH PRIV (__3ZA8NB),__3ZA8NB,01 - Non intersection,03 - P.D. only,06 - SMV unattended vehicle,01 - Clear,07 - Dark,01 - Dry,10 - No control,,1,0,0,0,,0,,,,,373694.6275,5026284.401,45.37311492,-75.62040677,14136
17--9764,9/25/2017,10:36 AM,CROSSKEYS PL/HELENE CAMPBELL RD @ STRANDHERD DR (0015337),15337,03 - At intersection,02 - Non-fatal injury,02 - Angle,01 - Clear,01 - Daylight,01 - Dry,01 - Traffic signal,01 - Functioning,2,0,0,0,01 - Minimal,1,1,,,,360982.3112,5014901.733,45.27182808,-75.78398493,14137
17--9765,9/25/2017,11:01 AM,PRINCE OF WALES DR @ MEADOWLANDS DR/HOG'S BACK (0001629),1629,02 - Intersection related,03 - P.D. only,03 - Rear end,01 - Clear,01 - Daylight,01 - Dry,01 - Traffic signal,00 - Unknown,2,0,0,0,,0,,,,,367371.4455,5025694.187,45.36839745,-75.70120273,14138
17--9766,9/25/2017,11:29 AM,BANK ST @ CAHILL DR/DAZE ST (0012178),12178,03 - At intersection,02 - Non-fatal injury,02 - Angle,01 - Clear,01 - Daylight,01 - Dry,01 - Traffic signal,01 - Functioning,2,0,0,0,02 - Minor,1,,1,,,371307.7618,5024315.544,45.35563041,-75.65114199,14139
17--9767,9/25/2017,2:22 PM,EAGLESON RD @ FALLOWFIELD RD (0000118),118,03 - At intersection,02 - Non-fatal injury,03 - Rear end,01 - Clear,01 - Daylight,01 - Dry,01 - Traffic signal,01 - Functioning,2,0,0,0,01 - Minimal,1,1,,,,355961.1607,5012594.169,45.25144732,-75.84821022,14140
17--9768,9/25/2017,2:24 AM,BANK ST @ SLATER ST (0002223),2223,02 - Intersection related,02 - Non-fatal injury,03 - Rear end,01 - Clear,07 - Dark,01 - Dry,01 - Traffic signal,01 - Functioning,2,0,0,0,02 - Minor,3,1,2,,,367425.9294,5031355.48,45.41933134,-75.69978864,14141
17--9769,9/25/2017,2:53 PM,BANK ST @ HUNT CLUB RD (0002119),2119,03 - At intersection,02 - Non-fatal injury,02 - Angle,01 - Clear,01 - Daylight,01 - Dry,01 - Traffic signal,01 - Functioning,2,1,0,0,02 - Minor,1,,1,,,371609.283,5024095.96,45.353626,-75.64732369,14142
17--977,1/24/2017,6:50 PM,HIGHWAY 416 btwn HWY416 IC57 RAMP24 & HWY416 IC49 RAMP42 (__3ZAZGI),__3ZAZGI,01 - Non intersection,03 - P.D. only,07 - SMV other,03 - Snow,07 - Dark,04 - Slush,10 - No control,,1,0,0,0,,0,,,,,365791.9284,5006284.779,45.19389177,-75.72375052,14143
17--9770,9/25/2017,3:12 PM,MCARTHUR AVE btwn IRWIN MILLER ST & BRANT ST (__3ZA3WB),__3ZA3WB,04 - At/near private drive,02 - Non-fatal injury,05 - Turning movement,01 - Clear,01 - Daylight,01 - Dry,10 - No control,,2,0,1,0,02 - Minor,1,,1,,,371243.7846,5032802.973,45.43200309,-75.65081545,14144
17--9771,9/25/2017,3:47 PM,CASTLEFRANK RD @ TERRY FOX DR (0011757),11757,02 - Intersection related,03 - P.D. only,03 - Rear end,01 - Clear,01 - Daylight,01 - Dry,01 - Traffic signal,01 - Functioning,2,0,0,0,,0,,,,,352994.0087,5016304.808,45.28504616,-75.8856492,14145
17--9772,9/25/2017,3:50 PM,CARLING AVE @ BAYSHORE DR/BIRCHDALE AVE (0000021),21,02 - Intersection related,03 - P.D. only,04 - Sideswipe,01 - Clear,01 - Daylight,01 - Dry,01 - Traffic signal,00 - Unknown,2,0,0,0,,0,,,,,359004.3931,5023991.807,45.35377648,-75.80819617,14146
17--9773,9/25/2017,3:50 PM,HIGHWAY 417 btwn HWY417 IC121A RAMP51 & HWY417 IC120A RAMP52 (__3ZA2R6),__3ZA2R6,01 - Non intersection,03 - P.D. only,03 - Rear end,01 - Clear,01 - Daylight,01 - Dry,10 - No control,,2,0,0,0,,0,,,,,367250.2795,5029728.558,45.40470848,-75.70223894,14147
17--9774,9/25/2017,3:54 PM,HEMLOCK RD @ ST. LAURENT BLVD (0007183),7183,02 - Intersection related,03 - P.D. only,04 - Sideswipe,01 - Clear,01 - Daylight,01 - Dry,01 - Traffic signal,01 - Functioning,2,0,0,0,,0,,,,,371145.8138,5034781.464,45.44981394,-75.65180071,14148
17--9775,9/25/2017,4:13 PM,HWY 417 WALKLEY IC110R57 @ WALKLEY EXTENSION R (0004164),4164,02 - Intersection related,03 - P.D. only,03 - Rear end,01 - Clear,01 - Daylight,01 - Dry,02 - Stop sign,00 - Unknown,2,0,0,0,,0,,,,,375656.6706,5028998.384,45.39733832,-75.59497043,14149
17--9776,9/25/2017,4:30 PM,HWY417 IC131 RAMP66 btwn HWY417 IC130 RAMP36 & HWY417 IC131 RAMP63 (__3ZA1SX),__3ZA1SX,01 - Non intersection,03 - P.D. only,04 - Sideswipe,01 - Clear,01 - Daylight,01 - Dry,10 - No control,,2,0,0,0,,0,,,,,358518.9951,5022912.302,45.34410042,-75.81450805,14150