Anom_ID,Accident_Date,Accident_Time,Location,Geo_ID,Accident_Location,Classification_of_Accident,Initial_Impact_Type,Environment_Condition,Light,Road_Surface_Condition,Traffic_Control,Traffic_Control_Condition,No__of_Vehicles,No__of_Bicycles,No__of_Motorcycles,No__of_Pedestrians,Max_Injury,No__of_Injuries,No__of_Minimal,No__of_Minor,No__of_Major,No__of_Fatal,X,Y,Latitude,Longitude,ObjectId
17--9777,9/25/2017,4:32 PM,HIGHWAY 417 btwn HWY417 IC118 RAMP57 & HWY417 IC118 RAMP35 (__3ZA2YQ),__3ZA2YQ,01 - Non intersection,02 - Non-fatal injury,03 - Rear end,01 - Clear,01 - Daylight,01 - Dry,10 - No control,,2,0,0,0,01 - Minimal,1,1,,,,369403.0184,5031003.471,45.41598432,-75.67457486,14151
17--9778,9/25/2017,4:37 PM,KIRKWOOD AVE @ 118 N OF DOVERCOURT AVE (0008817),8817,02 - Intersection related,02 - Non-fatal injury,07 - SMV other,01 - Clear,01 - Daylight,01 - Dry,01 - Traffic signal,01 - Functioning,1,0,0,1,02 - Minor,1,,1,,,364160.3719,5027757.748,45.38724436,-75.74194405,14152
17--9779,9/25/2017,4:41 PM,HIGHWAY 417 btwn HIGHWAY 417 & HIGHWAY 417 (1) (__3ZA2UX),__3ZA2UX,01 - Non intersection,03 - P.D. only,03 - Rear end,01 - Clear,01 - Daylight,01 - Dry,10 - No control,,3,0,0,0,,0,,,,,375264.5077,5030443.259,45.41037812,-75.59977231,14153
17--978,1/24/2017,7:00 PM,BLACKBURN AVE btwn OSGOODE ST & SOMERSET ST E (__3ZA8J3),__3ZA8J3,01 - Non intersection,03 - P.D. only,06 - SMV unattended vehicle,03 - Snow,07 - Dark,03 - Loose snow,10 - No control,,1,0,0,0,,0,,,,,369395.6428,5031966.345,45.42464858,-75.67454285,14154
17--9780,9/25/2017,4:52 PM,LAURIER AVE @ NELSON ST (0008234),8234,02 - Intersection related,03 - P.D. only,04 - Sideswipe,01 - Clear,01 - Daylight,01 - Dry,01 - Traffic signal,01 - Functioning,2,0,0,0,,0,,,,,368878.196,5032116.864,45.42605049,-75.68113495,14155
17--9781,9/25/2017,5:06 PM,BANK ST btwn 112 N OF ALBION RD & OT/GL BOUNDARY (__3ZA2UM),__3ZA2UM,04 - At/near private drive,03 - P.D. only,02 - Angle,01 - Clear,01 - Daylight,01 - Dry,10 - No control,,2,0,0,0,,0,,,,,371855.8371,5024121.358,45.35383099,-75.64417387,14156
17--9782,9/25/2017,5:39 AM,HUNTLEY RD btwn FALLOWFIELD RD & MANSFIELD RD (__3ZBOCL),__3ZBOCL,01 - Non intersection,02 - Non-fatal injury,07 - SMV other,01 - Clear,07 - Dark,01 - Dry,10 - No control,,1,0,0,0,02 - Minor,1,,1,,,352714.0872,5009221.798,45.22133015,-75.8899001,14157
17--9783,9/25/2017,5:57 PM,JEANNE D'ARC BLVD @ SAPINIER ST (0004220),4220,02 - Intersection related,03 - P.D. only,03 - Rear end,01 - Clear,01 - Daylight,01 - Dry,02 - Stop sign,01 - Functioning,2,0,0,0,,0,,,,,382555.6131,5035769.623,45.45752834,-75.50579618,14158
17--9784,9/25/2017,5:58 PM,HIGHWAY 417 btwn TRANSIT & HWY417 IC127 RAMP16 (__3ZA2SJ),__3ZA2SJ,01 - Non intersection,03 - P.D. only,03 - Rear end,01 - Clear,01 - Daylight,01 - Dry,10 - No control,,3,0,0,0,,0,,,,,361829.5742,5024630.034,45.35929513,-75.77206796,14159
17--9785,9/25/2017,7:04 AM,EMPEROR AVE btwn SILVER ST & HOLLINGTON ST (__3ZA0OO),__3ZA0OO,04 - At/near private drive,03 - P.D. only,06 - SMV unattended vehicle,01 - Clear,01 - Daylight,01 - Dry,10 - No control,,1,0,0,0,,0,,,,,365172.5653,5026840.591,45.37890544,-75.72913126,14160
17--9786,9/25/2017,7:10 AM,DALY AVE @ NICHOLAS ST (0011451),11451,02 - Intersection related,03 - P.D. only,99 - Other,01 - Clear,01 - Daylight,01 - Dry,01 - Traffic signal,00 - Unknown,2,0,0,0,,0,,,,,368227.701,5032047.284,45.42548372,-75.68945585,14161
17--9787,9/25/2017,7:40 PM,CARP RD @ HAZELDEAN RD (0000086),86,03 - At intersection,02 - Non-fatal injury,05 - Turning movement,01 - Clear,07 - Dark,01 - Dry,01 - Traffic signal,01 - Functioning,2,0,0,0,02 - Minor,2,,2,,,348804.9104,5014361.774,45.2678368,-75.93921908,14162
17--9788,9/25/2017,7:59 AM,COLONIAL RD @ DESSAINT ST (0004697),4697,02 - Intersection related,03 - P.D. only,03 - Rear end,01 - Clear,01 - Daylight,01 - Dry,02 - Stop sign,00 - Unknown,2,0,0,0,,0,,,,,394887.2972,5034064.509,45.44070688,-75.3484621,14163
17--9789,9/25/2017,8:06 AM,FLEWELLYN RD btwn MUNSTER RD & CONLEY RD (__3ZACRD),__3ZACRD,01 - Non intersection,03 - P.D. only,07 - SMV other,01 - Clear,01 - Daylight,01 - Dry,10 - No control,,1,0,0,0,,0,,,,,346735.2905,5006599.305,45.19811293,-75.96624656,14164
17--979,1/24/2017,7:25 AM,FALLOWFIELD RD @ GREENBANK RD (0000549),549,02 - Intersection related,03 - P.D. only,03 - Rear end,01 - Clear,03 - Dawn,01 - Dry,01 - Traffic signal,00 - Unknown,2,0,0,0,,0,,,,,363081.2222,5016733.002,45.28813506,-75.75702255,14165
17--9790,9/25/2017,8:20 AM,RIVERSIDE DR @ WALKLEY RD (0002158),2158,02 - Intersection related,03 - P.D. only,03 - Rear end,01 - Clear,01 - Daylight,01 - Dry,01 - Traffic signal,01 - Functioning,2,0,0,0,,0,,,,,368419.1973,5024853.766,45.36074123,-75.68793651,14166
17--9791,9/25/2017,8:30 AM,O'CONNOR ST @ WELLINGTON ST (0002234),2234,02 - Intersection related,03 - P.D. only,01 - Approaching,01 - Clear,01 - Daylight,01 - Dry,01 - Traffic signal,01 - Functioning,2,0,0,0,,0,,,,,367413.6992,5031721.866,45.42262906,-75.69989833,14167
17--9792,9/25/2017,8:49 AM,BASELINE RD @ GREENBANK RD (0002357),2357,02 - Intersection related,02 - Non-fatal injury,03 - Rear end,01 - Clear,01 - Daylight,01 - Dry,01 - Traffic signal,01 - Functioning,2,0,0,0,01 - Minimal,2,2,,,,360597.6843,5022584.264,45.34098647,-75.78802154,14168
17--9793,9/25/2017,8:49 AM,MERIVALE RD @ SLACK RD (0000110),110,02 - Intersection related,03 - P.D. only,03 - Rear end,01 - Clear,01 - Daylight,01 - Dry,01 - Traffic signal,01 - Functioning,2,0,0,0,,0,,,,,366020.1737,5020955.256,45.32587664,-75.71903825,14169
17--9794,9/25/2017,9:12 AM,ISLAND PARK DR @ SUNNYMEDE AVE (0006460),6460,02 - Intersection related,03 - P.D. only,07 - SMV other,01 - Clear,01 - Daylight,01 - Dry,02 - Stop sign,00 - Unknown,1,0,0,0,,0,,,,,363664.6897,5029250.564,45.40071829,-75.74809545,14170
17--9795,9/25/2017,9:17 PM,BANK ST @ SUNNYSIDE AVE (0007219),7219,03 - At intersection,02 - Non-fatal injury,05 - Turning movement,01 - Clear,07 - Dark,01 - Dry,01 - Traffic signal,01 - Functioning,2,1,0,0,02 - Minor,1,,1,,,368733.762,5028580.366,45.3942435,-75.68343918,14171
17--9796,9/26/2017,1:25 PM,CONROY RD @ WALKLEY RD (0002648),2648,02 - Intersection related,03 - P.D. only,03 - Rear end,01 - Clear,01 - Daylight,01 - Dry,01 - Traffic signal,01 - Functioning,2,0,0,0,,0,,,,,372904.2691,5027463.531,45.3838015,-75.63033364,14172
17--9797,9/26/2017,1:36 PM,BRONSON AVE @ COMMISSIONER ST/SLATER ST (0001679),1679,03 - At intersection,03 - P.D. only,05 - Turning movement,01 - Clear,01 - Daylight,01 - Dry,01 - Traffic signal,01 - Functioning,2,0,0,0,,0,,,,,366769.2513,5030948.852,45.41573109,-75.70822976,14173
17--9798,9/26/2017,10:05 AM,ALTA VISTA DR @ SMYTH RD (0011353),11353,03 - At intersection,03 - P.D. only,05 - Turning movement,01 - Clear,01 - Daylight,01 - Dry,01 - Traffic signal,01 - Functioning,2,0,0,0,,0,,,,,370431.6477,5029083.035,45.39860925,-75.66168924,14174
17--9799,9/26/2017,10:13 AM,CARLING AVE @ CARLINGWOOD SC (0008881),8881,02 - Intersection related,02 - Non-fatal injury,02 - Angle,01 - Clear,01 - Daylight,01 - Dry,01 - Traffic signal,01 - Functioning,2,0,0,0,01 - Minimal,1,1,,,,362074.5748,5025920.145,45.37088347,-75.76879146,14175
17--98,1/3/2017,9:19 AM,PAUL ANKA DR @ UPLANDS DR (0007476),7476,03 - At intersection,03 - P.D. only,02 - Angle,01 - Clear,01 - Daylight,02 - Wet,02 - Stop sign,01 - Functioning,2,0,0,0,,0,,,,,369458.8163,5023576.609,45.3491546,-75.67483476,14176
17--980,1/24/2017,8:12 PM,BRONSON PL @ COLONEL BY DR (0006903),6903,03 - At intersection,03 - P.D. only,07 - SMV other,03 - Snow,07 - Dark,03 - Loose snow,02 - Stop sign,01 - Functioning,1,0,0,0,,0,,,,,367809.6491,5028522.192,45.39380383,-75.69524818,14177
17--9800,9/26/2017,10:51 AM,MONTREAL RD @ VANIER PKWY (0004630),4630,02 - Intersection related,03 - P.D. only,03 - Rear end,01 - Clear,01 - Daylight,01 - Dry,01 - Traffic signal,00 - Unknown,2,0,0,0,,0,,,,,370072.71,5033065.595,45.43447634,-75.66574593,14178
17--9801,9/26/2017,11:04 PM,WALKLEY RD @ DON REID DR/RYDER ST (0008218),8218,02 - Intersection related,03 - P.D. only,03 - Rear end,01 - Clear,07 - Dark,01 - Dry,01 - Traffic signal,01 - Functioning,2,0,0,0,,0,,,,,372601.8063,5027284.537,45.38222033,-75.63422012,14179
17--9802,9/26/2017,11:15 PM,LEES AVE btwn MAIN ST & ROSEMERE AVE (__3ZA3QL),__3ZA3QL,04 - At/near private drive,02 - Non-fatal injury,07 - SMV other,01 - Clear,07 - Dark,01 - Dry,10 - No control,,1,1,0,0,03 - Major,1,,,1,,369117.2462,5030625.728,45.41261185,-75.67827506,14180
17--9803,9/26/2017,Unknown,GILMOUR ST @ PERCY ST (0006760),6760,02 - Intersection related,03 - P.D. only,06 - SMV unattended vehicle,01 - Clear,00 - Unknown,01 - Dry,02 - Stop sign,00 - Unknown,1,0,0,0,,0,,,,,367201.1725,5030423.284,45.4109638,-75.70277826,14181
17--9804,9/26/2017,12:00 PM,HWY 417 ST.LAURE IC115R51 @ ST. LAURENT BLVD (0002712),2712,02 - Intersection related,03 - P.D. only,03 - Rear end,01 - Clear,01 - Daylight,01 - Dry,01 - Traffic signal,01 - Functioning,2,0,0,0,,0,,,,,372531.9819,5031410.733,45.4193528,-75.63454497,14182
17--9805,9/26/2017,12:32 PM,WALKLEY RD btwn BANTON ST & MELFORT ST (__3ZBPHC),__3ZBPHC,01 - Non intersection,02 - Non-fatal injury,03 - Rear end,01 - Clear,01 - Daylight,01 - Dry,10 - No control,,3,0,0,0,02 - Minor,1,,1,,,374394.7793,5028336.786,45.39151214,-75.61117952,14183
17--9806,9/26/2017,2:11 PM,KING EDWARD AVE @ MURRAY ST (0002713),2713,02 - Intersection related,03 - P.D. only,03 - Rear end,01 - Clear,01 - Daylight,01 - Dry,01 - Traffic signal,01 - Functioning,2,0,0,0,,0,,,,,368290.744,5032754.299,45.43183947,-75.68855915,14184
17--9807,9/26/2017,2:16 PM,BAYVIEW RD @ SCOTT ST/ALBERT ST (0005646),5646,03 - At intersection,02 - Non-fatal injury,05 - Turning movement,01 - Clear,01 - Daylight,01 - Dry,01 - Traffic signal,01 - Functioning,2,0,0,0,02 - Minor,1,,1,,,365520.4571,5030071.801,45.40794909,-75.72429194,14185
17--9808,9/26/2017,3:01 PM,DUMAURIER AVE btwn RAMSEY CRES & RAMSEY CRES (__3ZAA3A),__3ZAA3A,01 - Non intersection,03 - P.D. only,07 - SMV other,01 - Clear,01 - Daylight,01 - Dry,10 - No control,,1,0,0,0,,0,,,,,360124.3962,5023334.967,45.34777878,-75.79397628,14186
17--9809,9/26/2017,3:05 PM,HIGHWAY 417 btwn HWY417 IC119A RAMP67 & HWY417 IC118 RAMP76 (__3ZA2YS),__3ZA2YS,01 - Non intersection,03 - P.D. only,03 - Rear end,01 - Clear,01 - Daylight,01 - Dry,10 - No control,,2,0,0,0,,0,,,,,368713.5171,5030598.087,45.41240014,-75.6834362,14187
17--981,1/24/2017,8:15 AM,FINDLAY CREEK DR btwn DEVONWOOD CIRC & BANK ST (__45KVBB),__45KVBB,04 - At/near private drive,02 - Non-fatal injury,07 - SMV other,04 - Freezing Rain,01 - Daylight,06 - Ice,10 - No control,,1,0,0,1,01 - Minimal,1,1,,,,375724.2712,5020386.966,45.31984995,-75.59534272,14188
17--9810,9/26/2017,3:26 PM,ISLAND PARK DR @ RICHMOND RD (0002125),2125,03 - At intersection,03 - P.D. only,02 - Angle,01 - Clear,01 - Daylight,01 - Dry,01 - Traffic signal,00 - Unknown,2,0,0,0,,0,,,,,364130.6867,5028867.557,45.39723273,-75.74218966,14189
17--9811,9/26/2017,3:44 PM,PARKGLEN DR @ WOODROFFE AVE (0001099),1099,02 - Intersection related,03 - P.D. only,03 - Rear end,01 - Clear,01 - Daylight,01 - Dry,02 - Stop sign,01 - Functioning,4,0,0,0,,0,,,,,362888.6879,5023127.059,45.34568454,-75.75872701,14190
17--9812,9/26/2017,4:20 PM,MERIVALE RD btwn WOODFIELD DR & 170 N OF WEST HUNT CLUB RD/COSTCO SC (__3ZA33DA),__3ZA33DA,04 - At/near private drive,03 - P.D. only,03 - Rear end,01 - Clear,01 - Daylight,01 - Dry,10 - No control,,2,0,0,0,,0,,,,,365514.2615,5022178.282,45.33692523,-75.72534137,14191
17--9813,9/26/2017,4:51 PM,CEDARVIEW RD @ WEST HUNT CLUB RD (0010267),10267,03 - At intersection,03 - P.D. only,03 - Rear end,01 - Clear,01 - Daylight,01 - Dry,01 - Traffic signal,01 - Functioning,2,0,0,0,,0,,,,,359719.2239,5019553.385,45.31378384,-75.79956606,14192
17--9814,9/26/2017,4:59 PM,BASELINE RD @ GREENBANK RD (0002357),2357,02 - Intersection related,03 - P.D. only,03 - Rear end,01 - Clear,01 - Daylight,01 - Dry,01 - Traffic signal,01 - Functioning,2,0,0,0,,0,,,,,360597.6843,5022584.5,45.34098859,-75.78802152,14193
17--9815,9/26/2017,5:00 PM,BESSERER ST @ WALLER ST (0008859),8859,02 - Intersection related,03 - P.D. only,04 - Sideswipe,01 - Clear,01 - Daylight,01 - Dry,01 - Traffic signal,01 - Functioning,2,0,0,0,,0,,,,,368314.8404,5032191.978,45.42677772,-75.68832374,14194
17--9816,9/26/2017,5:27 PM,ELGIN ST @ LAURIER AVE (0002232),2232,03 - At intersection,02 - Non-fatal injury,07 - SMV other,01 - Clear,01 - Daylight,01 - Dry,01 - Traffic signal,01 - Functioning,1,0,0,1,02 - Minor,1,,1,,,367948.1635,5031549.029,45.42102589,-75.69309158,14195
17--9817,9/26/2017,5:42 PM,DALHOUSIE ST @ GUIGUES AVE (0008427),8427,03 - At intersection,03 - P.D. only,02 - Angle,01 - Clear,01 - Daylight,01 - Dry,02 - Stop sign,01 - Functioning,2,0,0,0,,0,,,,,367913.2442,5032712.495,45.43149751,-75.69338865,14196
17--9818,9/26/2017,5:56 PM,BASELINE RD @ WOODROFFE AVE (0002225),2225,02 - Intersection related,03 - P.D. only,03 - Rear end,01 - Clear,01 - Daylight,01 - Dry,01 - Traffic signal,01 - Functioning,2,0,0,0,,0,,,,,362550.1636,5023770.741,45.3515043,-75.76297141,14197
17--9819,9/26/2017,6:45 AM,BLAIR RD @ INNES RD (0004165),4165,02 - Intersection related,02 - Non-fatal injury,03 - Rear end,01 - Clear,03 - Dawn,01 - Dry,01 - Traffic signal,01 - Functioning,2,0,0,0,01 - Minimal,1,1,,,,375578.1885,5031439.009,45.41930568,-75.59562234,14198
17--982,1/24/2017,8:19 AM,DEVINE RD @ ROCKDALE RD (0012909),12909,03 - At intersection,03 - P.D. only,02 - Angle,04 - Freezing Rain,01 - Daylight,06 - Ice,02 - Stop sign,01 - Functioning,2,0,0,0,,0,,,,,394888.9695,5024095.91,45.35102135,-75.3502611,14199
17--9820,9/26/2017,7:08 PM,CHURCHILL AVE @ RICHMOND RD (0002361),2361,03 - At intersection,03 - P.D. only,05 - Turning movement,01 - Clear,05 - Dusk,01 - Dry,01 - Traffic signal,01 - Functioning,2,0,0,0,,0,,,,,363228.2403,5028292.551,45.39213481,-75.7537834,14200
17--9821,9/26/2017,7:17 AM,PRINCE OF WALES DR @ STRANDHERD DR (0013339),13339,03 - At intersection,03 - P.D. only,03 - Rear end,01 - Clear,03 - Dawn,01 - Dry,01 - Traffic signal,01 - Functioning,2,0,0,0,,0,,,,,367175.7632,5014823.008,45.27059763,-75.70506966,14201
17--9822,9/26/2017,7:20 AM,HIGHWAY 417 btwn HWY417 IC112 RAMP66 & HWY417 IC113 RAMP65 (__3ZA284),__3ZA284,01 - Non intersection,03 - P.D. only,03 - Rear end,01 - Clear,01 - Daylight,01 - Dry,10 - No control,,3,0,0,0,,0,,,,,374187.1222,5031373.535,45.41885592,-75.61340393,14202
17--9823,9/26/2017,7:21 AM,MCARTHUR AVE @ OLMSTEAD ST (0009808),9808,03 - At intersection,03 - P.D. only,02 - Angle,01 - Clear,01 - Daylight,01 - Dry,01 - Traffic signal,01 - Functioning,2,0,0,0,,0,,,,,370482.3617,5032723.901,45.43136356,-75.6605563,14203
17--9824,9/26/2017,7:25 AM,HIGHWAY 417 btwn HWY417 IC119A RAMP67 & HWY417 IC118 RAMP76 (__3ZA2YS),__3ZA2YS,01 - Non intersection,02 - Non-fatal injury,03 - Rear end,01 - Clear,01 - Daylight,01 - Dry,10 - No control,,5,0,0,0,01 - Minimal,2,2,,,,368947.2187,5030716.69,45.4134459,-75.68043529,14204
17--9825,9/26/2017,7:46 AM,ST. JOSEPH BLVD @ JEANNE D'ARC BLVD (0012421),12421,03 - At intersection,03 - P.D. only,02 - Angle,01 - Clear,01 - Daylight,01 - Dry,11 - Roundabout,01 - Functioning,2,0,0,0,,0,,,,,379861.8354,5036471.034,45.46413368,-75.54012749,14205
17--9826,9/26/2017,7:50 PM,MARAVISTA DR @ STRANDHERD DR (0013565),13565,02 - Intersection related,03 - P.D. only,03 - Rear end,01 - Clear,07 - Dark,01 - Dry,01 - Traffic signal,01 - Functioning,3,0,0,0,,0,,,,,361288.4381,5014584.958,45.26895318,-75.78011984,14206
17--9827,9/26/2017,7:53 PM,INNES RD @ TENTH LINE RD (0004633),4633,02 - Intersection related,02 - Non-fatal injury,07 - SMV other,01 - Clear,07 - Dark,01 - Dry,01 - Traffic signal,01 - Functioning,1,0,0,2,01 - Minimal,2,2,,,,383951.7603,5036159.014,45.46087497,-75.48788476,14207
17--9828,9/26/2017,8:10 AM,ST. JOSEPH BLVD btwn R.C.M.P. COMPLEX & YOUVILLE DR (__3ZA2BHB),__3ZA2BHB,01 - Non intersection,03 - P.D. only,03 - Rear end,01 - Clear,01 - Daylight,01 - Dry,10 - No control,,2,0,0,0,,0,,,,,379065.2876,5036113.968,45.4610062,-75.55036608,14208
17--9829,9/26/2017,8:11 AM,ROBERTSON RD btwn FITZGERALD RD & MOODIE DR (__3ZA411),__3ZA411,04 - At/near private drive,03 - P.D. only,05 - Turning movement,01 - Clear,01 - Daylight,01 - Dry,10 - No control,,2,0,0,0,,0,,,,,357019.6576,5020428.156,45.32186107,-75.83390142,14209
17--983,1/24/2017,8:40 AM,HIGHWAY 417 btwn RAMP & HWY417 IC88 RAMP51 (__3ZA2W2),__3ZA2W2,01 - Non intersection,03 - P.D. only,07 - SMV other,04 - Freezing Rain,01 - Daylight,06 - Ice,10 - No control,,1,0,0,0,,0,,,,,392150.4524,5022920.335,45.34079117,-75.38541162,14210
17--9830,9/26/2017,8:20 AM,BANK ST @ WALKLEY RD (0011423),11423,03 - At intersection,03 - P.D. only,02 - Angle,01 - Clear,01 - Daylight,01 - Dry,01 - Traffic signal,01 - Functioning,2,0,0,0,,0,,,,,370338.9449,5025946.096,45.37039284,-75.6632897,14211
17--9831,9/26/2017,8:30 AM,HIGHWAY 417 btwn HWY417 IC110 RAMP64 & HWY417 IC104 RAMP16 (__3ZA2W9),__3ZA2W9,01 - Non intersection,02 - Non-fatal injury,03 - Rear end,01 - Clear,01 - Daylight,01 - Dry,10 - No control,,2,0,0,0,01 - Minimal,1,1,,,,376953.4735,5027265.22,45.38161184,-75.57866232,14212
17--9832,9/26/2017,8:36 AM,FISHER AVE btwn ARNOT RD & DEER PARK RD (__3ZA4IF),__3ZA4IF,01 - Non intersection,02 - Non-fatal injury,04 - Sideswipe,01 - Clear,01 - Daylight,01 - Dry,10 - No control,,2,1,0,0,02 - Minor,1,,1,,,366347.1178,5025592.569,45.36757381,-75.71429088,14213
17--9833,9/26/2017,9:08 AM,REGIONAL ROAD 174 btwn TRANSIT & OR174 IC105 RAMP51 (__3ZA28H),__3ZA28H,01 - Non intersection,02 - Non-fatal injury,04 - Sideswipe,01 - Clear,01 - Daylight,01 - Dry,10 - No control,,2,0,0,0,02 - Minor,1,,1,,,378570.5389,5036529.89,45.46480078,-75.55662917,14214
17--9834,9/26/2017,9:21 AM,CARLING AVE @ TAVISTOCK RD (0002144),2144,03 - At intersection,03 - P.D. only,02 - Angle,01 - Clear,01 - Daylight,01 - Dry,02 - Stop sign,01 - Functioning,2,0,0,0,,0,,,,,360698.8338,5025069.652,45.36334186,-75.78645,14215
17--9835,9/26/2017,9:25 PM,LAKES PARK DR btwn TWIN LAKES AVE & THUNDERBIRD DR (__3ZBPK0),__3ZBPK0,04 - At/near private drive,03 - P.D. only,06 - SMV unattended vehicle,01 - Clear,07 - Dark,01 - Dry,10 - No control,,1,0,0,0,,0,,,,,376867.7977,5014786.653,45.26934411,-75.5815724,14216
17--9836,9/26/2017,9:27 PM,BANK ST @ RIVERSIDE DR S (0002704),2704,03 - At intersection,03 - P.D. only,02 - Angle,01 - Clear,07 - Dark,01 - Dry,01 - Traffic signal,02 - Not functioning,2,0,0,0,,0,,,,,369304.6239,5027896.121,45.38803453,-75.67623834,14217
17--9837,9/26/2017,9:34 AM,REGIONAL ROAD 174 EB btwn HWY417 IC113 RAMP65 & OR174 BLAIR IC112 RAMP51 (__3ZAZFJ),__3ZAZFJ,01 - Non intersection,02 - Non-fatal injury,03 - Rear end,01 - Clear,01 - Daylight,01 - Dry,10 - No control,,3,0,0,0,02 - Minor,2,1,1,,,374133.2799,5032317.568,45.42735517,-75.61395895,14218
17--9838,9/27/2017,1:01 AM,HUNTLEY RD btwn GARVIN RD & MOORE ST (__4QEXEK),__4QEXEK,01 - Non intersection,03 - P.D. only,07 - SMV other,01 - Clear,07 - Dark,01 - Dry,10 - No control,,1,0,0,0,,0,,,,,356432.3017,5006887.505,45.20006277,-75.84280028,14219
17--9839,9/27/2017,1:21 PM,DONALD B. MUNRO DR btwn JOHN SHAW RD & WILLIAM HODGINS LANE (__3ZACD8),__3ZACD8,01 - Non intersection,03 - P.D. only,07 - SMV other,01 - Clear,01 - Daylight,01 - Dry,10 - No control,,1,0,0,0,,0,,,,,334969.6578,5023670.843,45.35233433,-76.11495831,14220
17--984,1/24/2017,8:54 PM,SECOND AVE btwn BANK ST & O'CONNOR ST (__3ZA93V),__3ZA93V,04 - At/near private drive,03 - P.D. only,99 - Other,01 - Clear,07 - Dark,03 - Loose snow,10 - No control,,2,0,0,0,,0,,,,,368382.2319,5029673.879,45.40411459,-75.68778749,14221
17--9840,9/27/2017,1:48 PM,FALLOWFIELD RD @ MOODIE DR (0010412),10412,02 - Intersection related,03 - P.D. only,03 - Rear end,01 - Clear,01 - Daylight,01 - Dry,01 - Traffic signal,01 - Functioning,2,0,0,0,,0,,,,,359502.1293,5014637.123,45.26956378,-75.80287683,14222
17--9841,9/27/2017,10:44 AM,PAUL METIVIER DR btwn CLEARBROOK DR & MOSS GROVE ST (__5A5DGI),__5A5DGI,01 - Non intersection,03 - P.D. only,06 - SMV unattended vehicle,01 - Clear,01 - Daylight,01 - Dry,10 - No control,,1,0,0,0,,0,,,,,366155.8322,5014787.888,45.27037135,-75.718071,14223
17--9842,9/27/2017,11:00 PM,AVOCADO ST btwn BOURBON ST & PLANTE DR (__3ZBOQB),__3ZBOQB,01 - Non intersection,03 - P.D. only,06 - SMV unattended vehicle,01 - Clear,07 - Dark,01 - Dry,10 - No control,,1,0,0,0,,0,,,,,370169.5111,5024464.491,45.35707763,-75.66564856,14224
17--9843,9/27/2017,11:16 AM,DIAMONDVIEW RD @ THOMAS A. DOLAN PKWY (0002448),2448,03 - At intersection,02 - Non-fatal injury,02 - Angle,01 - Clear,01 - Daylight,01 - Dry,02 - Stop sign,01 - Functioning,2,0,0,0,02 - Minor,1,,1,,,335556.5135,5025182.005,45.36590695,-76.10737468,14225
17--9844,9/27/2017,11:57 AM,POULIN AVE @ RICHMOND RD (0002748),2748,03 - At intersection,03 - P.D. only,07 - SMV other,01 - Clear,01 - Daylight,01 - Dry,01 - Traffic signal,00 - Unknown,1,0,0,0,,0,,,,,360326.1667,5024900.298,45.36184764,-75.79122576,14226
17--9845,9/27/2017,12:08 PM,CARLING AVE @ BAYSHORE DR/BIRCHDALE AVE (0000021),21,02 - Intersection related,03 - P.D. only,03 - Rear end,01 - Clear,01 - Daylight,01 - Dry,01 - Traffic signal,01 - Functioning,2,0,0,0,,0,,,,,359004.4426,5023990.329,45.35376318,-75.8081957,14227
17--9846,9/27/2017,12:52 PM,MATHESON RD @ SILVESTRI CRES S (0012333),12333,03 - At intersection,02 - Non-fatal injury,02 - Angle,01 - Clear,01 - Daylight,01 - Dry,10 - No control,00 - Unknown,2,1,0,0,02 - Minor,1,,1,,,373331.1732,5032648.572,45.43041243,-75.62416216,14228
17--9847,9/27/2017,2:11 PM,BRONSON AVE btwn MCLEOD ST & FLORA ST (__3ZA300),__3ZA300,04 - At/near private drive,02 - Non-fatal injury,05 - Turning movement,01 - Clear,01 - Daylight,01 - Dry,10 - No control,,2,1,0,0,02 - Minor,1,,1,,,367171.4853,5029993.566,45.40709997,-75.70321186,14229
17--9848,9/27/2017,2:34 PM,RIVERSIDE DR @ BROOKFIELD RD/HOG'S BACK RD (0001627),1627,02 - Intersection related,03 - P.D. only,03 - Rear end,02 - Rain,01 - Daylight,02 - Wet,01 - Traffic signal,01 - Functioning,2,0,0,0,,0,,,,,368166.2909,5026222.758,45.37308198,-75.69098881,14230
17--9849,9/27/2017,2:43 PM,MARCH RD @ TERRY FOX DR (0003173),3173,02 - Intersection related,02 - Non-fatal injury,03 - Rear end,01 - Clear,01 - Daylight,01 - Dry,01 - Traffic signal,01 - Functioning,2,0,0,0,01 - Minimal,1,1,,,,349865.082,5023400.692,45.34910442,-75.92488741,14231
17--985,1/24/2017,8:56 AM,HERON RD btwn BANK ST & EDGE HILL PL (__3ZA3AD),__3ZA3AD,01 - Non intersection,03 - P.D. only,07 - SMV other,03 - Snow,01 - Daylight,06 - Ice,10 - No control,,1,0,0,0,,0,,,,,370006.6901,5026853.038,45.3785842,-75.66741127,14232
17--9850,9/27/2017,3:00 PM,BANTREE ST @ INNES RD (0007684),7684,03 - At intersection,03 - P.D. only,02 - Angle,02 - Rain,01 - Daylight,02 - Wet,01 - Traffic signal,01 - Functioning,2,0,0,0,,0,,,,,373706.679,5030406.794,45.41020514,-75.61967724,14233