Anom_ID,Accident_Date,Accident_Time,Location,Geo_ID,Accident_Location,Classification_of_Accident,Initial_Impact_Type,Environment_Condition,Light,Road_Surface_Condition,Traffic_Control,Traffic_Control_Condition,No__of_Vehicles,No__of_Bicycles,No__of_Motorcycles,No__of_Pedestrians,Max_Injury,No__of_Injuries,No__of_Minimal,No__of_Minor,No__of_Major,No__of_Fatal,X,Y,Latitude,Longitude,ObjectId
17--9851,9/27/2017,3:05 PM,LONGFIELDS DR @ WOODROFFE AVE (0000096),96,02 - Intersection related,03 - P.D. only,03 - Rear end,01 - Clear,01 - Daylight,01 - Dry,01 - Traffic signal,00 - Unknown,2,0,0,0,,0,,,,,365421.1699,5017106.235,45.29129546,-75.72714963,14234
17--9852,9/27/2017,3:10 PM,CARLING AVE @ PINECREST  RD/GREENVIEW AVE (0001630),1630,02 - Intersection related,02 - Non-fatal injury,07 - SMV other,02 - Rain,01 - Daylight,02 - Wet,01 - Traffic signal,01 - Functioning,1,0,0,1,02 - Minor,1,,1,,,360006.2073,5024635.549,45.35949071,-75.79533921,14235
17--9853,9/27/2017,3:29 PM,BANK ST @ QUEENSDALE AVE (0009260),9260,02 - Intersection related,03 - P.D. only,03 - Rear end,02 - Rain,01 - Daylight,02 - Wet,01 - Traffic signal,00 - Unknown,2,0,0,0,,0,,,,,373336.3398,5023446.309,45.34761402,-75.62537413,14236
17--9854,9/27/2017,3:38 PM,RICHMOND RD @ FRASER AVE (0006238),6238,02 - Intersection related,03 - P.D. only,03 - Rear end,02 - Rain,01 - Daylight,02 - Wet,01 - Traffic signal,02 - Not functioning,2,0,0,0,,0,,,,,362489.6919,5027691.78,45.38679038,-75.76328522,14237
17--9855,9/27/2017,3:48 PM,AIRPORT PKWY btwn RAMP & TO BE DETERMINED (__3ZA222),__3ZA222,01 - Non intersection,02 - Non-fatal injury,03 - Rear end,01 - Clear,01 - Daylight,02 - Wet,10 - No control,,2,0,0,0,01 - Minimal,1,1,,,,369994.8236,5025631.881,45.36759772,-75.66772396,14238
17--9856,9/27/2017,3:57 PM,ALBION RD @ MITCH OWENS RD (0004212),4212,02 - Intersection related,03 - P.D. only,03 - Rear end,01 - Clear,01 - Daylight,01 - Dry,01 - Traffic signal,01 - Functioning,2,0,0,0,,0,,,,,375905.8074,5014804.212,45.26960002,-75.59382788,14239
17--9857,9/27/2017,4:05 PM,ALERT RD/AIRPORT PKWY/UPLANDS DR RAMP 62 @ LES (0003652),3652,02 - Intersection related,03 - P.D. only,04 - Sideswipe,02 - Rain,01 - Daylight,02 - Wet,01 - Traffic signal,01 - Functioning,3,0,0,0,,0,,,,,371306.5976,5021356.281,45.32900397,-75.65155468,14240
17--9858,9/27/2017,4:07 PM,BANK ST @ LEITRIM RD (0004125),4125,03 - At intersection,03 - P.D. only,05 - Turning movement,01 - Clear,01 - Daylight,02 - Wet,01 - Traffic signal,01 - Functioning,2,0,0,0,,0,,,,,375358.6561,5021619.272,45.33097459,-75.59983005,14241
17--9859,9/27/2017,4:21 PM,CARLING AVE @ FAIRLAWN AVE/WOODROFFE AVE E (0002393),2393,03 - At intersection,02 - Non-fatal injury,02 - Angle,01 - Clear,01 - Daylight,01 - Dry,01 - Traffic signal,02 - Not functioning,2,0,0,0,02 - Minor,2,,2,,,361934.6841,5025830.528,45.37008852,-75.77058762,14242
17--986,1/24/2017,8:58 AM,STRANDHERD DR btwn FALLOWFIELD RD & MARAVISTA DR (__6NFZTL),__6NFZTL,04 - At/near private drive,03 - P.D. only,05 - Turning movement,01 - Clear,01 - Daylight,01 - Dry,10 - No control,,2,0,0,0,,0,,,,,361223.8519,5014698.662,45.26998149,-75.78092993,14243
17--9860,9/27/2017,4:40 PM,BEECH ST btwn PRESTON ST & ROCHESTER ST (__3ZA05Q),__3ZA05Q,04 - At/near private drive,03 - P.D. only,02 - Angle,01 - Clear,01 - Daylight,01 - Dry,10 - No control,,2,0,0,0,,0,,,,,366705.0513,5029278.313,45.40070573,-75.70925972,14244
17--9861,9/27/2017,5:14 AM,MILNER DOWNS CRES btwn BRIDGESTONE DR & EAGLEVIEW ST (__3ZAZWY),__3ZAZWY,04 - At/near private drive,03 - P.D. only,06 - SMV unattended vehicle,01 - Clear,07 - Dark,01 - Dry,10 - No control,,1,0,0,0,,0,,,,,355451.4289,5015747.998,45.27986308,-75.85438214,14245
17--9862,9/27/2017,6:15 PM,FALLOWFIELD RD @ WOODROFFE AVE (0010372),10372,02 - Intersection related,03 - P.D. only,05 - Turning movement,01 - Clear,01 - Daylight,01 - Dry,01 - Traffic signal,01 - Functioning,2,0,0,0,,0,,,,,365085.15,5017903.427,45.29849746,-75.7313362,14246
17--9863,9/27/2017,6:30 PM,TENTH LINE RD @ CHARLEMAGNE BLVD S/DES EPINETT (0003686),3686,03 - At intersection,03 - P.D. only,05 - Turning movement,01 - Clear,05 - Dusk,01 - Dry,01 - Traffic signal,01 - Functioning,2,0,0,0,,0,,,,,383640.9751,5036900.456,45.46758093,-75.49173924,14247
17--9864,9/27/2017,6:30 PM,BRIAN COBURN BLVD @ MER BLEUE RD (0014363),14363,03 - At intersection,03 - P.D. only,03 - Rear end,01 - Clear,05 - Dusk,01 - Dry,11 - Roundabout,01 - Functioning,2,0,0,0,,0,,,,,383150.8189,5034441.164,45.44550953,-75.49839849,14248
17--9865,9/27/2017,6:53 AM,ALBION RD @ MITCH OWENS RD (0004212),4212,03 - At intersection,03 - P.D. only,05 - Turning movement,01 - Clear,03 - Dawn,01 - Dry,01 - Traffic signal,01 - Functioning,2,0,0,0,,0,,,,,375904.1311,5014806.525,45.269621,-75.59384891,14249
17--9866,9/27/2017,6:57 AM,RUSSELL RD btwn FORCED RD & DUNNING RD (__3ZA3KC),__3ZA3KC,04 - At/near private drive,03 - P.D. only,03 - Rear end,01 - Clear,01 - Daylight,01 - Dry,10 - No control,,2,0,0,0,,0,,,,,395845.7557,5027781.317,45.38405462,-75.33737373,14250
17--9867,9/27/2017,7:31 AM,FALLOWFIELD RD btwn STEEPLE HILL CRES & MOODIE DR (__3ZA4Y5),__3ZA4Y5,01 - Non intersection,02 - Non-fatal injury,03 - Rear end,01 - Clear,01 - Daylight,01 - Dry,10 - No control,,3,0,0,0,01 - Minimal,5,5,,,,359310.9455,5014564.282,45.26892319,-75.80532108,14251
17--9868,9/27/2017,8:02 AM,BLACKBURN BYPASS @ INNES RD E (0009245),9245,02 - Intersection related,02 - Non-fatal injury,03 - Rear end,01 - Clear,01 - Daylight,01 - Dry,01 - Traffic signal,00 - Unknown,2,0,0,0,01 - Minimal,1,1,,,,379791.7479,5033781.018,45.43993846,-75.54143375,14252
17--9869,9/27/2017,8:02 PM,ProposedWESTVALLEY PRIV @ GLENHAVEN PRIV (0012227),12227,02 - Intersection related,03 - P.D. only,04 - Sideswipe,01 - Clear,07 - Dark,01 - Dry,10 - No control,00 - Unknown,2,0,0,0,,0,,,,,370179.9941,5025910.558,45.37008792,-75.66532345,14253
17--987,1/24/2017,9:05 AM,BANK ST @ ECHO DR (0007711),7711,02 - Intersection related,03 - P.D. only,01 - Approaching,04 - Freezing Rain,01 - Daylight,06 - Ice,02 - Stop sign,01 - Functioning,5,0,0,0,,0,,,,,368662.1121,5028758.712,45.39585474,-75.68433111,14254
17--9870,9/27/2017,8:29 AM,HUNT CLUB RD btwn TURN LANE & RIVERSIDE DR (__3ZA37I),__3ZA37I,01 - Non intersection,03 - P.D. only,04 - Sideswipe,01 - Clear,01 - Daylight,01 - Dry,10 - No control,,2,0,0,0,,0,,,,,367947.3362,5021916.586,45.33435578,-75.69433397,14255
17--9871,9/27/2017,8:35 AM,HIGHWAY 417 btwn HWY417 IC131 RAMP55 & HWY417 IC130 RAMP35 (__3ZA1MT),__3ZA1MT,01 - Non intersection,03 - P.D. only,04 - Sideswipe,01 - Clear,01 - Daylight,00 - Unknown,10 - No control,,2,0,0,0,,0,,,,,358843.6342,5022990.735,45.34478123,-75.81035716,14256
17--9872,9/27/2017,8:41 AM,WELLINGTON ST    W btwn MERTON ST & FAIRMONT AVE (__3ZA31M),__3ZA31M,01 - Non intersection,03 - P.D. only,06 - SMV unattended vehicle,01 - Clear,01 - Daylight,01 - Dry,10 - No control,,1,0,0,0,,0,,,,,365499.0807,5029608.765,45.40378466,-75.724622,14257
17--9873,9/27/2017,8:45 AM,CHAPEL CRES/CHAPEL ST @ MANN AVE (0006975),6975,03 - At intersection,03 - P.D. only,02 - Angle,01 - Clear,01 - Daylight,01 - Dry,02 - Stop sign,01 - Functioning,2,0,0,0,,0,,,,,369552.0069,5031552.892,45.42091404,-75.67259925,14258
17--9874,9/27/2017,9:47 AM,SWANSEA CRES btwn LEGACY RD & STEVENAGE DR (__3ZA10Q),__3ZA10Q,01 - Non intersection,03 - P.D. only,06 - SMV unattended vehicle,01 - Clear,01 - Daylight,01 - Dry,10 - No control,,1,0,0,0,,0,,,,,374740.3955,5027350.592,45.38260441,-75.60690582,14259
17--9875,9/28/2017,1:09 PM,MAITLAND AVE btwn HWY417 IC126 RAMP63 & HWY417 IC126 RAMP52 (__3ZA3GY),__3ZA3GY,07 - Overpass or bridge,02 - Non-fatal injury,03 - Rear end,01 - Clear,01 - Daylight,01 - Dry,10 - No control,,2,0,0,0,01 - Minimal,1,1,,,,363187.9244,5025874.094,45.37037724,-75.75458427,14260
17--9876,9/28/2017,1:27 PM,INNES RD btwn STONEHENGE CRES & BLAIR RD (__3ZA3SK),__3ZA3SK,01 - Non intersection,03 - P.D. only,04 - Sideswipe,01 - Clear,01 - Daylight,01 - Dry,10 - No control,,2,0,0,0,,0,,,,,375409.0977,5031340.329,45.41843489,-75.59779679,14261
17--9877,9/28/2017,11:32 AM,WOODKILTON RD @ KINBURN SIDE RD (0005761),5761,03 - At intersection,03 - P.D. only,02 - Angle,01 - Clear,01 - Daylight,01 - Dry,02 - Stop sign,01 - Functioning,2,0,0,0,,0,,,,,336952.1312,5034991.721,45.45411553,-76.08891939,14262
17--9878,9/28/2017,11:42 AM,INNES RD @ ORCHARDVIEW AVE/ESPRIT DR (0012279),12279,03 - At intersection,02 - Non-fatal injury,05 - Turning movement,01 - Clear,01 - Daylight,01 - Dry,01 - Traffic signal,01 - Functioning,2,0,0,0,03 - Major,3,,2,1,,384846.7233,5036560.56,45.46438573,-75.4763773,14263
17--9879,9/28/2017,Unknown,YELLOWCRESS WAY btwn AUBEPINES DR & YELLOWCRESS WAY (e___2ICC),e___2ICC,01 - Non intersection,03 - P.D. only,06 - SMV unattended vehicle,01 - Clear,00 - Unknown,01 - Dry,10 - No control,,1,0,0,0,,0,,,,,384145.3283,5034731.791,45.44801215,-75.48564025,14264
17--988,1/24/2017,9:29 AM,REGIONAL ROAD 174 btwn CAMERON ST & WEST ST (__3ZA27V),__3ZA27V,01 - Non intersection,03 - P.D. only,07 - SMV other,01 - Clear,01 - Daylight,02 - Wet,10 - No control,,1,0,0,0,,0,,,,,389888.9961,5042622.178,45.51832506,-75.41085827,14265
17--9640,9/21/2017,8:46 AM,CAMPEAU DR/HWY 417 MARCH IC138R63 @ MARCH RD (0009710),9710,03 - At intersection,03 - P.D. only,02 - Angle,01 - Clear,01 - Daylight,01 - Dry,01 - Traffic signal,01 - Functioning,2,0,0,0,,0,,,,,352841.7982,5020476.478,45.32259423,-75.88718508,14266
17--9641,9/21/2017,8:50 PM,BASELINE RD btwn CLYDE AVE & 207 E OF CLYDE AVE (__3ZA4ISA),__3ZA4ISA,01 - Non intersection,02 - Non-fatal injury,04 - Sideswipe,01 - Clear,07 - Dark,01 - Dry,10 - No control,,3,0,0,0,02 - Minor,1,,1,,,364371.9189,5024898.961,45.36150349,-75.73958758,14267
17--9642,9/21/2017,9:09 AM,MERIVALE RD btwn COLONNADE RD & WOODFIELD DR/ROYDON PL (__3ZA33E),__3ZA33E,06 - Underpass or tunnel,03 - P.D. only,07 - SMV other,01 - Clear,01 - Daylight,01 - Dry,10 - No control,,1,0,0,0,,0,,,,,365383.2888,5022496.468,45.33979954,-75.72697335,14268
17--9643,9/21/2017,9:25 AM,HIGHWAY 417 btwn HWY417 IC129 RAMP25 & TRANSIT (__3ZA2SH),__3ZA2SH,01 - Non intersection,03 - P.D. only,03 - Rear end,01 - Clear,01 - Daylight,01 - Dry,10 - No control,,2,0,0,0,,0,,,,,361700.5881,5024496.744,45.35810628,-75.77372956,14269
17--9644,9/21/2017,9:33 AM,VANIER PKWY/CRICHTON ST @ BEECHWOOD AVE/ST. PA (0001604),1604,02 - Intersection related,03 - P.D. only,03 - Rear end,01 - Clear,01 - Daylight,01 - Dry,01 - Traffic signal,01 - Functioning,2,0,0,0,,0,,,,,369128.1711,5033486.138,45.43834775,-75.67776192,14270
17--9645,9/21/2017,9:46 AM,ST. LAURENT BLVD btwn MCARTHUR AVE & DONALD ST (__3ZBOF4),__3ZBOF4,01 - Non intersection,03 - P.D. only,03 - Rear end,01 - Clear,01 - Daylight,01 - Dry,10 - No control,,2,0,0,0,,0,,,,,372010.0809,5032675.93,45.43078679,-75.64104024,14271
17--9646,9/21/2017,9:50 AM,UPPER DWYER HILL RD btwn OLD ALMONTE RD & HAMILTON SIDE RD (__3ZBOB3),__3ZBOB3,01 - Non intersection,03 - P.D. only,99 - Other,01 - Clear,01 - Daylight,01 - Dry,10 - No control,,2,0,0,0,,0,,,,,337743.5152,5010200.299,45.23099451,-76.08045241,14272
17--9647,9/21/2017,9:51 AM,RUSSELL RD S @ ST. LAURENT BLVD (0007734),7734,02 - Intersection related,03 - P.D. only,02 - Angle,01 - Clear,01 - Daylight,01 - Dry,01 - Traffic signal,01 - Functioning,2,0,0,0,,0,,,,,373569.4071,5029259.913,45.39989955,-75.62159071,14273
17--9648,9/22/2017,1:00 PM,INNES RD btwn BELCOURT BLVD & 260 E OF BELCOURT BLVD/WALMART SC (__3ZA3JWA),__3ZA3JWA,01 - Non intersection,03 - P.D. only,03 - Rear end,01 - Clear,01 - Daylight,01 - Dry,10 - No control,,2,0,0,0,,0,,,,,382165.1354,5035293.61,45.45328892,-75.51086306,14274
17--9649,9/22/2017,1:25 PM,STRANDHERD DR @ WOODROFFE AVE (0009688),9688,02 - Intersection related,02 - Non-fatal injury,03 - Rear end,01 - Clear,01 - Daylight,01 - Dry,01 - Traffic signal,01 - Functioning,2,0,0,0,01 - Minimal,1,1,,,,366106.154,5015393.521,45.27582514,-75.71862927,14275
17--965,1/24/2017,2:21 PM,BRITTANY DR @ MONTREAL RD (0007685),7685,03 - At intersection,03 - P.D. only,02 - Angle,03 - Snow,01 - Daylight,02 - Wet,01 - Traffic signal,01 - Functioning,2,0,0,0,,0,,,,,371912.1654,5033994.035,45.44265588,-75.64211178,14276
17--9650,9/22/2017,1:51 PM,CARRUTHERS AVE @ SCOTT ST (0006480),6480,02 - Intersection related,03 - P.D. only,03 - Rear end,01 - Clear,01 - Daylight,01 - Dry,01 - Traffic signal,01 - Functioning,2,0,0,0,,0,,,,,365154.7111,5029847.598,45.4059634,-75.72899139,14277
17--9651,9/22/2017,10:16 AM,DALY AVE btwn NICHOLAS ST & COURT HOUSE LANE (__3ZA8KV),__3ZA8KV,01 - Non intersection,03 - P.D. only,06 - SMV unattended vehicle,01 - Clear,01 - Daylight,01 - Dry,10 - No control,,1,0,0,0,,0,,,,,368249.0028,5032060.538,45.42560105,-75.68918195,14278
17--9652,9/22/2017,11:09 AM,CLARENDON AVE @ WELLINGTON ST (0005582),5582,03 - At intersection,03 - P.D. only,02 - Angle,01 - Clear,01 - Daylight,01 - Dry,01 - Traffic signal,01 - Functioning,2,0,0,0,,0,,,,,364532.2418,5029023.562,45.39860229,-75.7370423,14279
17--9653,9/22/2017,11:40 PM,HIGHWAY 417 btwn HWY417 IC104 RAMP15 & HWY417 IC96 RAMP51 (__3ZA2W4),__3ZA2W4,01 - Non intersection,03 - P.D. only,07 - SMV other,01 - Clear,07 - Dark,01 - Dry,10 - No control,,1,0,0,0,,0,,,,,386741.9592,5023938.246,45.35060205,-75.45424322,14280
17--9654,9/22/2017,11:46 AM,BRIDLE PATH DR @ TRAPPER'S RD (0009612),9612,03 - At intersection,02 - Non-fatal injury,02 - Angle,01 - Clear,01 - Daylight,01 - Dry,02 - Stop sign,01 - Functioning,2,0,0,0,02 - Minor,2,,2,,,371771.4469,5023568.063,45.34886069,-75.64532575,14281
17--9655,9/22/2017,11:59 AM,SAI CRES btwn BLOHM DR & BLOHM DR (__3ZA46B),__3ZA46B,01 - Non intersection,03 - P.D. only,06 - SMV unattended vehicle,01 - Clear,01 - Daylight,01 - Dry,10 - No control,,1,0,0,0,,0,,,,,374554.3273,5026649.515,45.376315,-75.60938054,14282
17--9656,9/22/2017,12:34 PM,BASELINE RD @ MERIVALE RD (0002342),2342,03 - At intersection,03 - P.D. only,05 - Turning movement,01 - Clear,01 - Daylight,01 - Dry,01 - Traffic signal,01 - Functioning,2,0,0,0,,0,,,,,365053.2627,5025325.754,45.36528547,-75.73083923,14283
17--9657,9/22/2017,12:48 AM,MERIVALE RD btwn COLONNADE RD & WOODFIELD DR/ROYDON PL (__3ZA33E),__3ZA33E,06 - Underpass or tunnel,03 - P.D. only,07 - SMV other,01 - Clear,07 - Dark,01 - Dry,10 - No control,,1,0,0,0,,0,,,,,365376.0027,5022512.544,45.33994482,-75.72706434,14284
17--9658,9/22/2017,2:15 AM,CANAAN RD btwn ETIENNE RD & COLONIAL RD (__3ZA5EF),__3ZA5EF,01 - Non intersection,03 - P.D. only,07 - SMV other,01 - Clear,07 - Dark,01 - Dry,10 - No control,,1,0,0,0,,0,,,,,398263.9613,5037669.21,45.47269348,-75.30462418,14285
17--9659,9/22/2017,2:30 PM,ARLINGTON AVE @ KENT ST (0007259),7259,03 - At intersection,03 - P.D. only,04 - Sideswipe,01 - Clear,01 - Daylight,01 - Dry,01 - Traffic signal,01 - Functioning,2,0,0,0,,0,,,,,367868.7095,5030258.117,45.40941784,-75.69427195,14286
17--966,1/24/2017,2:36 PM,CATHERINE ST btwn KENT ST & BANK ST (__3ZA3PQ),__3ZA3PQ,01 - Non intersection,03 - P.D. only,04 - Sideswipe,03 - Snow,01 - Daylight,03 - Loose snow,10 - No control,,2,0,0,0,,0,,,,,367974.9141,5030230.764,45.40916215,-75.69291878,14287
17--9660,9/22/2017,2:30 PM,HIGHWAY 417 btwn HWY417 IC119B RAMP76 & HWY417 IC119A RAMP67 (__3ZA2YT),__3ZA2YT,01 - Non intersection,03 - P.D. only,04 - Sideswipe,01 - Clear,01 - Daylight,01 - Dry,10 - No control,,2,0,0,0,,0,,,,,368578.6157,5030527.619,45.4117784,-75.68516866,14288
17--9661,9/22/2017,3:00 PM,HIGHWAY 417 btwn HWY417 IC126 RAMP25 & HWY417 IC124 RAMP57 (__3ZA2R5),__3ZA2R5,01 - Non intersection,03 - P.D. only,03 - Rear end,01 - Clear,01 - Daylight,01 - Dry,10 - No control,,2,0,0,0,,0,,,,,363659.3667,5026490.599,45.37588503,-75.7484926,14289
17--9662,9/22/2017,3:15 PM,MCCARTHY RD @ SOUTHMORE DR (0007491),7491,03 - At intersection,02 - Non-fatal injury,02 - Angle,01 - Clear,01 - Daylight,01 - Dry,02 - Stop sign,01 - Functioning,2,0,0,0,02 - Minor,3,,3,,,369449.852,5024838.165,45.36050657,-75.67478418,14290
17--9663,9/22/2017,3:15 PM,MARCH RD btwn BEARHILL RD & ROB LYTLE'S LANE (__3ZA2QA),__3ZA2QA,04 - At/near private drive,02 - Non-fatal injury,03 - Rear end,01 - Clear,01 - Daylight,01 - Dry,10 - No control,,3,0,0,0,01 - Minimal,1,1,,,,338812.4478,5018614.349,45.30665788,-76.06626327,14291
17--9664,9/22/2017,3:30 PM,KLONDIKE RD @ MARCONI AVE (0012144),12144,03 - At intersection,03 - P.D. only,02 - Angle,01 - Clear,01 - Daylight,01 - Dry,02 - Stop sign,01 - Functioning,2,0,0,0,,0,,,,,349696.6213,5024463.224,45.35867612,-75.92694068,14292
17--9665,9/22/2017,3:43 PM,CARLING AVE @ CLYDE AVE/COLE AVE (0006984),6984,02 - Intersection related,03 - P.D. only,04 - Sideswipe,01 - Clear,01 - Daylight,01 - Dry,01 - Traffic signal,00 - Unknown,2,0,0,0,,0,,,,,363519.2705,5026850.779,45.37913763,-75.75023835,14293
17--9666,9/22/2017,3:49 PM,STITTSVILLE MAIN ST btwn HOBIN ST & BEVERLY ST (__3ZA3EH),__3ZA3EH,01 - Non intersection,03 - P.D. only,03 - Rear end,01 - Clear,01 - Daylight,01 - Dry,10 - No control,,2,0,0,0,,0,,,,,349698.9126,5013993.952,45.2644705,-75.92786009,14294
17--9667,9/22/2017,4:20 PM,HIGHWAY 417 btwn HWY417 IC117 RAMP51 & HWY417 IC117 RAMP35 (__3ZA2YN),__3ZA2YN,01 - Non intersection,03 - P.D. only,03 - Rear end,01 - Clear,01 - Daylight,01 - Dry,10 - No control,,2,0,0,0,,0,,,,,370649.884,5031165.266,45.41732386,-75.6586239,14295
17--9668,9/22/2017,4:24 PM,MERIVALE RD @ WOODFIELD DR/ROYDON PL (0009776),9776,02 - Intersection related,03 - P.D. only,02 - Angle,01 - Clear,01 - Daylight,01 - Dry,01 - Traffic signal,01 - Functioning,2,0,1,0,,0,,,,,365463.6479,5022299.209,45.33801769,-75.72597226,14296
17--9669,9/22/2017,4:35 PM,INNES RD @ JEANNE D'ARC BLVD/MER BLEUE RD (0012475),12475,02 - Intersection related,03 - P.D. only,03 - Rear end,01 - Clear,01 - Daylight,01 - Dry,01 - Traffic signal,01 - Functioning,2,0,0,0,,0,,,,,382636.8069,5035567.554,45.45570126,-75.50479015,14297
17--967,1/24/2017,2:44 PM,BASSANO ST @ WITHROW AVE (0001413),1413,03 - At intersection,03 - P.D. only,07 - SMV other,03 - Snow,01 - Daylight,05 - Packed snow,02 - Stop sign,01 - Functioning,1,0,0,0,,0,,,,,364134.0074,5023912.626,45.35264875,-75.74274255,14298
17--9670,9/22/2017,4:40 PM,HIGHWAY 417 btwn TRANSIT & HWY417 IC127 RAMP35 (__3ZA2SK),__3ZA2SK,01 - Non intersection,03 - P.D. only,03 - Rear end,01 - Clear,01 - Daylight,01 - Dry,10 - No control,,2,0,0,0,,0,,,,,361980,5024708.362,45.35998767,-75.770139,14299
17--9671,9/22/2017,4:42 PM,CYRVILLE RD btwn STAR TOP RD & MEADOWBROOK RD (__3ZA3SN),__3ZA3SN,04 - At/near private drive,02 - Non-fatal injury,02 - Angle,01 - Clear,01 - Daylight,01 - Dry,10 - No control,,2,0,0,0,02 - Minor,2,,2,,,374445.1175,5031305.751,45.4182204,-75.61011737,14300
17--9672,9/22/2017,5:00 PM,INDUSTRIAL AVE/INNES RD @ ST. LAURENT BLVD (0002203),2203,02 - Intersection related,03 - P.D. only,03 - Rear end,01 - Clear,01 - Daylight,01 - Dry,01 - Traffic signal,01 - Functioning,2,0,0,0,,0,,,,,373099.7274,5030004.857,45.4066482,-75.62748618,14301
17--9673,9/22/2017,5:00 PM,HIGHWAY 417 btwn HWY417 IC129 RAMP61 & TRANSIT (__3ZA2SI),__3ZA2SI,01 - Non intersection,03 - P.D. only,04 - Sideswipe,01 - Clear,01 - Daylight,01 - Dry,10 - No control,,2,0,0,0,,0,,,,,361240.8585,5024169.387,45.3551979,-75.77963439,14302
17--9674,9/22/2017,5:07 PM,CARLING AVE @ FAIRLAWN AVE/WOODROFFE AVE E (0002393),2393,02 - Intersection related,03 - P.D. only,03 - Rear end,01 - Clear,01 - Daylight,01 - Dry,01 - Traffic signal,01 - Functioning,2,0,0,0,,0,,,,,361934.6841,5025830.528,45.37008852,-75.77058762,14303
17--9675,9/22/2017,5:08 PM,EARL ARMSTRONG RD @ RIVER RD (0012470),12470,02 - Intersection related,03 - P.D. only,03 - Rear end,01 - Clear,01 - Daylight,01 - Dry,01 - Traffic signal,01 - Functioning,2,0,0,0,,0,,,,,367572.5984,5014685.071,45.26932118,-75.70003024,14304
17--9676,9/22/2017,5:13 PM,FALLOWFIELD RD @ MOODIE DR (0010412),10412,02 - Intersection related,03 - P.D. only,03 - Rear end,01 - Clear,01 - Daylight,01 - Dry,01 - Traffic signal,01 - Functioning,2,0,0,0,,0,,,,,359500.7092,5014636.176,45.26955537,-75.80289503,14305
17--9677,9/22/2017,5:33 PM,ROGER STEVENS DR btwn DWYER HILL RD & MALAKOFF RD (__3ZA4ZQ),__3ZA4ZQ,01 - Non intersection,03 - P.D. only,07 - SMV other,01 - Clear,01 - Daylight,01 - Dry,10 - No control,,1,0,0,0,,0,,,,,361591.0817,4995572.554,45.09785103,-75.77842778,14306
17--9678,9/22/2017,5:47 PM,TENTH LINE RD @ CHARLEMAGNE BLVD S/DES EPINETT (0003686),3686,02 - Intersection related,03 - P.D. only,03 - Rear end,01 - Clear,01 - Daylight,01 - Dry,01 - Traffic signal,01 - Functioning,3,0,0,0,,0,,,,,383640.9751,5036900.456,45.46758093,-75.49173924,14307
17--9679,9/22/2017,5:57 PM,FAIRBANKS AVE @ SMYTH RD (0012074),12074,02 - Intersection related,03 - P.D. only,02 - Angle,01 - Clear,01 - Daylight,01 - Dry,02 - Stop sign,01 - Functioning,2,0,0,0,,0,,,,,370628.7207,5029080.847,45.39857106,-75.6591726,14308
17--968,1/24/2017,3:00 PM,CARLING AVE @ MERIVALE RD (0002148),2148,02 - Intersection related,03 - P.D. only,03 - Rear end,01 - Clear,01 - Daylight,02 - Wet,01 - Traffic signal,01 - Functioning,2,0,0,0,,0,,,,,364894.1574,5027699.998,45.38666216,-75.73258118,14309
17--9680,9/22/2017,5:59 PM,8TH LINE RD @ PARKWAY RD (0001611),1611,03 - At intersection,01 - Fatal injury,02 - Angle,01 - Clear,01 - Daylight,01 - Dry,02 - Stop sign,01 - Functioning,2,0,0,0,04 - Fatal,3,,1,1,1,383166.7413,5016892.171,45.28761467,-75.5009784,14310
17--9681,9/22/2017,6:06 PM,HIGHWAY 417 btwn HWY417 IC118 RAMP35 & HWY417 IC117 RAMP51 (__3ZA2YP),__3ZA2YP,01 - Non intersection,03 - P.D. only,04 - Sideswipe,01 - Clear,01 - Daylight,01 - Dry,10 - No control,,2,0,0,0,,0,,,,,369812.2115,5031136.338,45.41714191,-75.66932967,14311
17--9682,9/22/2017,6:28 AM,MARCH RD @ PETER ROBINSON RD (0010809),10809,02 - Intersection related,03 - P.D. only,07 - SMV other,"07 - Fog, mist, smoke, dust",03 - Dawn,01 - Dry,02 - Stop sign,00 - Unknown,1,0,0,0,,0,,,,,334998.5534,5015264.615,45.27668943,-76.11510194,14312
17--9683,9/22/2017,6:30 AM,KING EDWARD AVE @ ST. PATRICK ST (0002714),2714,02 - Intersection related,03 - P.D. only,04 - Sideswipe,01 - Clear,03 - Dawn,01 - Dry,01 - Traffic signal,01 - Functioning,2,0,0,0,,0,,,,,368249.1747,5032823.352,45.43246456,-75.68908147,14313
17--9684,9/22/2017,6:36 PM,MONTREAL RD @ OGILVIE RD (0009279),9279,02 - Intersection related,03 - P.D. only,03 - Rear end,01 - Clear,01 - Daylight,01 - Dry,01 - Traffic signal,01 - Functioning,4,0,0,0,,0,,,,,375654.735,5034557.77,45.44735872,-75.59419556,14314
17--9685,9/22/2017,6:53 AM,LYON ST @ WELLINGTON ST (0002388),2388,03 - At intersection,03 - P.D. only,05 - Turning movement,01 - Clear,03 - Dawn,01 - Dry,01 - Traffic signal,01 - Functioning,2,0,0,0,,0,,,,,366935.271,5031426.876,45.42001748,-75.70604848,14315
17--9686,9/22/2017,7:46 PM,OR174 IC112 RAMP15 btwn BLAIR RD & REGIONAL ROAD 174 (__3ZAYAH),__3ZAYAH,01 - Non intersection,02 - Non-fatal injury,07 - SMV other,01 - Clear,07 - Dark,08 - Loose sand or gravel,10 - No control,,1,0,1,0,03 - Major,1,,,1,,375099.0355,5033041.793,45.43377494,-75.60151526,14316