Anom_ID,Accident_Date,Accident_Time,Location,Geo_ID,Accident_Location,Classification_of_Accident,Initial_Impact_Type,Environment_Condition,Light,Road_Surface_Condition,Traffic_Control,Traffic_Control_Condition,No__of_Vehicles,No__of_Bicycles,No__of_Motorcycles,No__of_Pedestrians,Max_Injury,No__of_Injuries,No__of_Minimal,No__of_Minor,No__of_Major,No__of_Fatal,X,Y,Latitude,Longitude,ObjectId
17--9687,9/22/2017,7:54 PM,FITZGERALD RD @ ROBERTSON RD (0005301),5301,03 - At intersection,02 - Non-fatal injury,07 - SMV other,01 - Clear,07 - Dark,01 - Dry,01 - Traffic signal,01 - Functioning,1,0,0,1,02 - Minor,1,,1,,,356790.049,5020288.589,45.32062227,-75.83684469,14317
17--9688,9/22/2017,8:10 AM,MOODIE DR @ WEST HUNT CLUB RD (0010414),10414,02 - Intersection related,02 - Non-fatal injury,03 - Rear end,01 - Clear,01 - Daylight,01 - Dry,01 - Traffic signal,01 - Functioning,3,0,0,0,02 - Minor,1,,1,,,357908.5985,5018497.746,45.30442436,-75.82277006,14318
17--9689,9/22/2017,8:50 AM,HIGHWAY 417 btwn HWY417 IC118 RAMP67 & HWY417 IC117 RAMP36 (__3ZA2YO),__3ZA2YO,01 - Non intersection,03 - P.D. only,03 - Rear end,01 - Clear,01 - Daylight,01 - Dry,10 - No control,,2,0,0,0,,0,,,,,370133.3627,5031116.759,45.41693583,-75.66522931,14319
17--969,1/24/2017,3:45 PM,HERRIDGE ST @ MCGILLIVRAY ST (0007439),7439,03 - At intersection,03 - P.D. only,07 - SMV other,04 - Freezing Rain,01 - Daylight,06 - Ice,02 - Stop sign,01 - Functioning,1,0,0,0,,0,,,,,369000.1661,5029957.919,45.40661389,-75.6798577,14320
17--9690,9/22/2017,9:05 AM,OTTAWA RIVER PKWY @ ISLAND PARK DR (0002127),2127,02 - Intersection related,03 - P.D. only,03 - Rear end,01 - Clear,01 - Daylight,01 - Dry,01 - Traffic signal,01 - Functioning,2,0,0,0,,0,,,,,363298.6645,5029453.572,45.4025756,-75.75274637,14321
17--9691,9/22/2017,9:14 PM,GUIGUES AVE @ KING EDWARD AVE (0007701),7701,02 - Intersection related,02 - Non-fatal injury,05 - Turning movement,01 - Clear,07 - Dark,01 - Dry,02 - Stop sign,01 - Functioning,2,0,1,0,03 - Major,1,,,1,,368200.7556,5032902.823,45.433184,-75.68969,14322
17--9692,9/22/2017,9:19 AM,TENTH LINE RD btwn DES EPINETTES AVE & INNES RD (__3ZA3Y8),__3ZA3Y8,01 - Non intersection,03 - P.D. only,03 - Rear end,01 - Clear,01 - Daylight,01 - Dry,10 - No control,,3,0,0,0,,0,,,,,383912.1402,5036251.827,45.4617145,-75.48837637,14323
17--9693,9/22/2017,9:23 AM,HIGHWAY 417 btwn HWY417 IC163 RAMP15 & HWY417 IC155 RAMP51 (__3ZAZNS),__3ZAZNS,01 - Non intersection,03 - P.D. only,07 - SMV other,01 - Clear,01 - Daylight,01 - Dry,10 - No control,,1,0,0,0,,0,,,,,336094.7264,5020201.144,45.32106302,-76.10081934,14324
17--9694,9/22/2017,9:27 PM,PLANTE DR btwn AVOCADO ST & MINA LANE (__3ZBN6Z),__3ZBN6Z,01 - Non intersection,02 - Non-fatal injury,06 - SMV unattended vehicle,01 - Clear,07 - Dark,01 - Dry,10 - No control,,1,0,0,0,02 - Minor,3,,3,,,370475.6181,5024357.345,45.35608496,-75.66175618,14325
17--9695,9/23/2017,1:25 PM,HIGHWAY 417 btwn HWY417 IC126 RAMP61 & HWY417 IC124 RAMP76 (__3ZA2Y2),__3ZA2Y2,01 - Non intersection,03 - P.D. only,03 - Rear end,01 - Clear,01 - Daylight,01 - Dry,10 - No control,,3,0,0,0,,0,,,,,364104.1286,5027115.898,45.38147386,-75.74273935,14326
17--9696,9/23/2017,1:40 PM,HIGHWAY 417 btwn HWY417 IC122 RAMP61 & HWY417 IC121B RAMP16 (__3ZA2Y4),__3ZA2Y4,01 - Non intersection,03 - P.D. only,04 - Sideswipe,01 - Clear,01 - Daylight,01 - Dry,10 - No control,,3,0,0,0,,0,,,,,366078.8238,5029346.287,45.40137244,-75.7172496,14327
17--9697,9/23/2017,1:53 PM,CYRVILLE RD @ INNES RD (0009352),9352,02 - Intersection related,03 - P.D. only,05 - Turning movement,01 - Clear,01 - Daylight,01 - Dry,01 - Traffic signal,01 - Functioning,2,0,0,0,,0,,,,,375047.2513,5031119.328,45.41648287,-75.60245119,14328
17--9698,9/23/2017,10:49 AM,CAMPEAU DR/HWY 417 MARCH IC138R63 @ MARCH RD (0009710),9710,03 - At intersection,03 - P.D. only,05 - Turning movement,01 - Clear,01 - Daylight,01 - Dry,01 - Traffic signal,01 - Functioning,2,0,0,0,,0,,,,,352841.3865,5020475.913,45.32258918,-75.88719039,14329
17--9699,9/23/2017,11:11 AM,SMYTH RD E/LANCASTER RD @ ST. LAURENT BLVD N/R (0002256),2256,02 - Intersection related,03 - P.D. only,03 - Rear end,01 - Clear,01 - Daylight,01 - Dry,01 - Traffic signal,01 - Functioning,2,0,0,0,,0,,,,,373364.4298,5029424.975,45.40140481,-75.62418569,14330
17--97,1/3/2017,9:15 AM,FALLOWFIELD RD btwn EAGLESON RD & RICHMOND RD (__3ZA4Y2),__3ZA4Y2,01 - Non intersection,03 - P.D. only,01 - Approaching,04 - Freezing Rain,01 - Daylight,06 - Ice,10 - No control,,2,0,0,0,,0,,,,,357578.5757,5013448.639,45.25901657,-75.82751512,14331
17--970,1/24/2017,4:00 PM,HUNT CLUB RD btwn RIVERSIDE DR & LINDBERGH PRIV (__4B3PLN),__4B3PLN,01 - Non intersection,03 - P.D. only,03 - Rear end,01 - Clear,01 - Daylight,04 - Slush,10 - No control,,2,0,0,0,,0,,,,,368344.4397,5022123.02,45.33617738,-75.68924152,14332
17--9700,9/23/2017,11:23 PM,MOODIE DR btwn CORKSTOWN RD & HWY417 IC134 RAMP62 (__3ZA4Z5),__3ZA4Z5,01 - Non intersection,03 - P.D. only,07 - SMV other,01 - Clear,07 - Dark,01 - Dry,10 - No control,,1,0,0,0,,0,,,,,356347.5445,5022751.793,45.34281908,-75.84223213,14333
17--9701,9/23/2017,11:51 AM,CONROY RD @ LORRY GREENBERG DR (0011446),11446,03 - At intersection,02 - Non-fatal injury,02 - Angle,01 - Clear,01 - Daylight,01 - Dry,01 - Traffic signal,01 - Functioning,2,0,0,0,02 - Minor,1,,1,,,373567.7126,5025878.893,45.36947879,-75.62208338,14334
17--9702,9/23/2017,12:16 PM,COOLSPRING CRES btwn COACH HOUSE GT & VIEWMOUNT DR (__3ZA0AY),__3ZA0AY,04 - At/near private drive,03 - P.D. only,06 - SMV unattended vehicle,01 - Clear,01 - Daylight,01 - Dry,10 - No control,,1,0,0,0,,0,,,,,366613.8826,5023668.202,45.35023526,-75.71112635,14335
17--9703,9/23/2017,12:26 AM,CASTLEFRANK RD btwn KATIMAVIK RD & MCCURDY DR (__3ZA59B),__3ZA59B,01 - Non intersection,03 - P.D. only,04 - Sideswipe,01 - Clear,07 - Dark,01 - Dry,10 - No control,,2,0,0,0,,0,,,,,352018.0786,5018856.91,45.30807688,-75.89784612,14336
17--9704,9/23/2017,12:32 PM,VANIER PKWY SB btwn PRESLAND RD & COVENTRY RD (__3ZA4S5B),__3ZA4S5B,01 - Non intersection,02 - Non-fatal injury,04 - Sideswipe,01 - Clear,01 - Daylight,01 - Dry,10 - No control,,2,0,1,0,02 - Minor,1,,1,,,370447.3525,5031734.637,45.42246586,-75.66113554,14337
17--9705,9/23/2017,12:49 AM,BAYSHORE DR @ WOODRIDGE CRES N (0001209),1209,02 - Intersection related,03 - P.D. only,04 - Sideswipe,01 - Clear,07 - Dark,01 - Dry,01 - Traffic signal,01 - Functioning,2,0,0,0,,0,,,,,359072.3976,5023874.368,45.35271451,-75.80734119,14338
17--9706,9/23/2017,2:00 PM,HIGHWAY 417 btwn HWY417 IC121A RAMP16 & HWY417 IC121A RAMP61 (__3ZA2YY),__3ZA2YY,01 - Non intersection,03 - P.D. only,03 - Rear end,01 - Clear,01 - Daylight,01 - Dry,10 - No control,,3,0,0,0,,0,,,,,367278.7222,5029767.505,45.40505638,-75.7018707,14339
17--9707,9/23/2017,2:28 PM,VIEWMOUNT DR @ MERIVALE RD (0001528),1528,02 - Intersection related,03 - P.D. only,03 - Rear end,01 - Clear,01 - Daylight,01 - Dry,01 - Traffic signal,01 - Functioning,3,0,0,0,,0,,,,,365194.1705,5022947.785,45.34387674,-75.72933113,14340
17--9708,9/23/2017,2:36 PM,RIVERSIDE DR @ TREMBLAY RD/HWY417 IC117 RAMP52 (0010790),10790,02 - Intersection related,03 - P.D. only,03 - Rear end,01 - Clear,01 - Daylight,01 - Dry,01 - Traffic signal,01 - Functioning,3,0,0,0,,0,,,,,370802.0781,5031016.618,45.41597205,-75.65669941,14341
17--9709,9/23/2017,2:45 PM,SULLIVAN AVE @ VIEWMOUNT DR (0001047),1047,02 - Intersection related,03 - P.D. only,99 - Other,01 - Clear,01 - Daylight,01 - Dry,02 - Stop sign,01 - Functioning,2,0,0,0,,0,,,,,364026.6407,5022604.266,45.34088534,-75.74426938,14342
17--971,1/24/2017,4:00 PM,STONEBOAT CRES btwn LUMBERMAN WAY & LUMBERMAN WAY (__3ZBPLI),__3ZBPLI,01 - Non intersection,03 - P.D. only,06 - SMV unattended vehicle,03 - Snow,05 - Dusk,03 - Loose snow,10 - No control,,1,0,0,0,,0,,,,,380436.4704,5037441.405,45.47280232,-75.5326309,14343
17--9710,9/23/2017,2:50 AM,CLARENCE ST btwn WILLIAM ST & DALHOUSIE ST (__3ZA82W),__3ZA82W,01 - Non intersection,03 - P.D. only,06 - SMV unattended vehicle,01 - Clear,07 - Dark,01 - Dry,10 - No control,,1,0,0,0,,0,,,,,367987.2055,5032469.641,45.42930571,-75.69247465,14344
17--9711,9/23/2017,2:50 PM,BANK ST @ CHAMBERLAIN AVE N/ISABELLA ST (0002132),2132,03 - At intersection,03 - P.D. only,02 - Angle,01 - Clear,01 - Daylight,01 - Dry,01 - Traffic signal,01 - Functioning,2,0,0,0,,0,,,,,368083.1248,5030166.701,45.40857596,-75.69154471,14345
17--9712,9/23/2017,3:17 PM,HUNTMAR DR @ PALLADIUM DR S (0011818),11818,03 - At intersection,03 - P.D. only,05 - Turning movement,01 - Clear,01 - Daylight,01 - Dry,01 - Traffic signal,01 - Functioning,2,0,0,0,,0,,,,,349676.08,5017365.2,45.29480757,-75.92784621,14346
17--9713,9/23/2017,3:24 PM,CHAMPLAIN BRIDGE/ISLAND PARK DR btwn BATE ISLAND & PROVINCIAL BOUNDARY (__3ZA2ZEA),__3ZA2ZEA,07 - Overpass or bridge,03 - P.D. only,03 - Rear end,01 - Clear,01 - Daylight,01 - Dry,10 - No control,,3,0,0,0,,0,,,,,362756.2171,5030246.946,45.40975937,-75.75958167,14347
17--9714,9/23/2017,3:30 PM,RIVERDALE AVE @ BELMONT AVE S (0007551),7551,03 - At intersection,03 - P.D. only,03 - Rear end,01 - Clear,01 - Daylight,01 - Dry,02 - Stop sign,01 - Functioning,2,1,0,0,,0,,,,,369080.163,5028562.511,45.39405113,-75.67901773,14348
17--9715,9/23/2017,5:00 PM,HIGHWAY 417 btwn HWY417 IC127 RAMP25 & HWY417 IC126 RAMP51 (__3ZA2XA),__3ZA2XA,01 - Non intersection,03 - P.D. only,03 - Rear end,01 - Clear,01 - Daylight,01 - Dry,10 - No control,,2,0,0,0,,0,,,,,362817.1239,5025364.194,45.36582001,-75.75937762,14349
17--9716,9/23/2017,5:30 PM,GREENBANK RD btwn BATEMAN DR/BELLMAN DR & GREENBANK SQUARE SC (__3ZA4YOA),__3ZA4YOA,04 - At/near private drive,02 - Non-fatal injury,02 - Angle,01 - Clear,01 - Daylight,01 - Dry,10 - No control,,2,0,0,0,02 - Minor,1,,1,,,361263.3027,5020999.501,45.32667354,-75.77970972,14350
17--9717,9/23/2017,5:40 PM,HUNT CLUB RD @ BRIDLE PATH DR/DAZE ST (0008214),8214,02 - Intersection related,03 - P.D. only,05 - Turning movement,01 - Clear,01 - Daylight,01 - Dry,01 - Traffic signal,01 - Functioning,2,0,0,0,,0,,,,,371292.8218,5023863.957,45.35156859,-75.65139339,14351
17--9718,9/23/2017,6:00 PM,BELFAST RD @ ST. LAURENT BLVD (0007658),7658,02 - Intersection related,03 - P.D. only,03 - Rear end,01 - Clear,01 - Daylight,01 - Dry,01 - Traffic signal,01 - Functioning,2,0,0,0,,0,,,,,372861.1975,5030578.325,45.41183123,-75.63045382,14352
17--9719,9/23/2017,6:45 PM,CONROY RD btwn WALKLEY RD & ST. LAURENT BLVD (__3ZA2DG),__3ZA2DG,04 - At/near private drive,02 - Non-fatal injury,07 - SMV other,01 - Clear,05 - Dusk,01 - Dry,10 - No control,,1,0,0,0,03 - Major,1,,,1,,373039.8787,5027231.475,45.38170036,-75.62863424,14353
17--972,1/24/2017,4:00 PM,HIGHWAY 7 btwn HAZELDEAN IC RAMP 53 & HIGHWAY 7 (__7JQ7LK),__7JQ7LK,01 - Non intersection,02 - Non-fatal injury,07 - SMV other,03 - Snow,01 - Daylight,04 - Slush,10 - No control,,1,0,0,0,02 - Minor,1,,1,,,342356.6121,5008442.349,45.21494458,-76.0218375,14354
17--9720,9/23/2017,7:19 AM,BYWARD MARKET @ YORK ST (0007624),7624,02 - Intersection related,03 - P.D. only,99 - Other,01 - Clear,01 - Daylight,01 - Dry,02 - Stop sign,00 - Unknown,2,0,0,0,,0,,,,,367944.6615,5032328.461,45.42803927,-75.69303641,14355
17--9721,9/23/2017,8:00 PM,RIVERSIDE DR @ BROOKFIELD RD/HOG'S BACK RD (0001627),1627,02 - Intersection related,03 - P.D. only,04 - Sideswipe,01 - Clear,07 - Dark,01 - Dry,01 - Traffic signal,00 - Unknown,2,0,0,0,,0,,,,,368166.6181,5026220.882,45.37306507,-75.69098488,14356
17--9722,9/23/2017,8:48 PM,ANAND PRIV btwn END & WALKLEY RD (e___2HBJ),e___2HBJ,04 - At/near private drive,03 - P.D. only,02 - Angle,01 - Clear,07 - Dark,01 - Dry,10 - No control,,2,0,0,0,,0,,,,,370230.443,5025835.603,45.36940879,-75.66468939,14357
17--9723,9/23/2017,9:12 PM,ST. JOSEPH BLVD btwn ROCKCLIFFE PKWY & HART RD (__3ZA2AF),__3ZA2AF,01 - Non intersection,02 - Non-fatal injury,07 - SMV other,01 - Clear,07 - Dark,01 - Dry,10 - No control,,1,0,0,0,02 - Minor,2,,2,,,377325.3004,5035395.136,45.45472143,-75.57271843,14358
17--9724,9/23/2017,9:20 AM,HIGHWAY 417 btwn HWY417 IC123 RAMP62 & HWY417 IC122 RAMP16 (__3ZA2R9),__3ZA2R9,01 - Non intersection,03 - P.D. only,04 - Sideswipe,01 - Clear,01 - Daylight,01 - Dry,10 - No control,,2,0,0,0,,0,,,,,364884.1218,5028276.681,45.3918519,-75.73263911,14359
17--9725,9/23/2017,9:27 PM,BORRISOKANE RD btwn CAMBRIAN RD & STRANDHERD DR (__3ZA1CC),__3ZA1CC,01 - Non intersection,03 - P.D. only,07 - SMV other,01 - Clear,07 - Dark,01 - Dry,10 - No control,,1,0,0,0,,0,,,,,362718.3019,5012234.886,45.24769077,-75.7621733,14360
17--9726,9/23/2017,9:29 AM,KANATA AVE @ TERRY FOX DR (0012691),12691,03 - At intersection,03 - P.D. only,02 - Angle,01 - Clear,01 - Daylight,01 - Dry,01 - Traffic signal,01 - Functioning,3,0,0,0,,0,,,,,349305.8675,5019211.348,45.31144332,-75.93240031,14361
17--9727,9/23/2017,9:35 AM,CARTIER ST btwn MACLAREN ST & GILMOUR ST (__3ZA9UT),__3ZA9UT,04 - At/near private drive,03 - P.D. only,02 - Angle,01 - Clear,01 - Daylight,01 - Dry,10 - No control,,2,0,0,0,,0,,,,,368364.5517,5031212.603,45.41796113,-75.6878149,14362
17--9728,9/24/2017,1:00 PM,TERRY FOX DR @ EDGEWATER ST/WALTER BAKER PL (0002699),2699,03 - At intersection,02 - Non-fatal injury,05 - Turning movement,01 - Clear,01 - Daylight,01 - Dry,01 - Traffic signal,01 - Functioning,2,0,0,0,01 - Minimal,1,1,,,,351777.1465,5017611.455,45.29688611,-75.90103648,14363
17--9729,9/24/2017,1:02 PM,HIGHWAY 417 btwn HWY417 IC110 RAMP55 & HWY417 IC104 RAMP51 (__3ZA2W8),__3ZA2W8,01 - Non intersection,03 - P.D. only,03 - Rear end,01 - Clear,01 - Daylight,01 - Dry,10 - No control,,4,0,0,0,,0,,,,,376577.4848,5027483.083,45.38361068,-75.58343107,14364
17--973,1/24/2017,4:27 PM,INNES RD @ JEANNE D'ARC BLVD/MER BLEUE RD (0012475),12475,03 - At intersection,02 - Non-fatal injury,05 - Turning movement,01 - Clear,01 - Daylight,02 - Wet,01 - Traffic signal,01 - Functioning,2,0,0,0,02 - Minor,1,,1,,,382639.0771,5035568.736,45.45571164,-75.50476094,14365
17--9730,9/24/2017,1:11 PM,ADIRONDACK DR @ WOODROFFE AVE (0005644),5644,02 - Intersection related,03 - P.D. only,03 - Rear end,01 - Clear,01 - Daylight,01 - Dry,02 - Stop sign,01 - Functioning,3,0,0,0,,0,,,,,362458.1594,5024005.275,45.35362219,-75.76411816,14366
17--9731,9/24/2017,1:23 PM,BANK ST @ WILTON CRES (0007712),7712,02 - Intersection related,02 - Non-fatal injury,04 - Sideswipe,01 - Clear,01 - Daylight,01 - Dry,02 - Stop sign,00 - Unknown,2,1,0,0,02 - Minor,1,,1,,,368577.8342,5028966.533,45.39773233,-75.68538056,14367
17--9732,9/24/2017,1:30 AM,CLYDE AVE btwn MAITLAND AVE & BASELINE RD (__3ZA4IR),__3ZA4IR,01 - Non intersection,01 - Fatal injury,07 - SMV other,01 - Clear,07 - Dark,01 - Dry,10 - No control,,1,0,0,1,04 - Fatal,1,,,,1,364336.6721,5024942.185,45.36189541,-75.74003224,14368
17--9733,9/24/2017,1:38 PM,HWY 417 CASTLEFR IC139R61 @ KANATA AVE (0012625),12625,03 - At intersection,03 - P.D. only,05 - Turning movement,01 - Clear,01 - Daylight,01 - Dry,01 - Traffic signal,01 - Functioning,2,0,0,0,,0,,,,,351615.305,5019224.936,45.31141543,-75.90294748,14369
17--9734,9/24/2017,10:30 AM,MONTREAL RD btwn PALACE ST & VANIER PKWY (__3ZA3LL),__3ZA3LL,01 - Non intersection,02 - Non-fatal injury,07 - SMV other,01 - Clear,01 - Daylight,01 - Dry,10 - No control,,1,0,0,1,02 - Minor,1,,1,,,369985.1358,5033016.835,45.43404578,-75.66687156,14370
17--9735,9/24/2017,11:11 AM,HAWTHORNE RD @ HUNT CLUB RD (0007651),7651,02 - Intersection related,02 - Non-fatal injury,03 - Rear end,01 - Clear,01 - Daylight,01 - Dry,01 - Traffic signal,01 - Functioning,2,0,0,0,01 - Minimal,1,1,,,,375507.2035,5026407.622,45.37404306,-75.59725041,14371
17--9736,9/24/2017,11:18 AM,PARKDALE AVE @ HWY 417 PARKDAL IC122R15/HWY 41 (0002363),2363,03 - At intersection,02 - Non-fatal injury,07 - SMV other,01 - Clear,01 - Daylight,01 - Dry,01 - Traffic signal,01 - Functioning,1,0,0,1,01 - Minimal,1,1,,,,365336.2248,5028845.791,45.39693369,-75.7267958,14372
17--9737,9/24/2017,11:46 AM,HWY 417 MAITLAND IC126R26/62 @ MAITLAND AVE (0008228),8228,03 - At intersection,03 - P.D. only,05 - Turning movement,01 - Clear,01 - Daylight,01 - Dry,01 - Traffic signal,01 - Functioning,2,0,0,0,,0,,,,,363145.5265,5025983.224,45.3713627,-75.75511262,14373
17--9738,9/24/2017,11:48 AM,DONALD ST @ ST. LAURENT BLVD (0008630),8630,02 - Intersection related,03 - P.D. only,03 - Rear end,01 - Clear,01 - Daylight,01 - Dry,01 - Traffic signal,01 - Functioning,3,0,0,0,,0,,,,,372093.2395,5032473.768,45.42895983,-75.6400052,14374
17--9739,9/24/2017,11:57 AM,BANK ST @ GROVE AVE (0007217),7217,02 - Intersection related,03 - P.D. only,06 - SMV unattended vehicle,01 - Clear,01 - Daylight,01 - Dry,02 - Stop sign,01 - Functioning,1,0,0,0,,0,,,,,368848.016,5028371.617,45.3923548,-75.68200717,14375
17--974,1/24/2017,4:30 PM,HIGHWAY 7 btwn HWY417 IC145 RAMP55 & RAMP (__7JQ7JU),__7JQ7JU,01 - Non intersection,03 - P.D. only,07 - SMV other,03 - Snow,01 - Daylight,04 - Slush,10 - No control,,1,0,0,0,,0,,,,,346211.4932,5013769.798,45.26266743,-75.97231645,14376
17--9740,9/24/2017,Unknown,ARLINGTON AVE btwn BOOTH ST & LEBRETON ST N (__3ZBOM0),__3ZBOM0,01 - Non intersection,03 - P.D. only,06 - SMV unattended vehicle,01 - Clear,00 - Unknown,01 - Dry,10 - No control,,1,0,0,0,,0,,,,,366836.7053,5029705.575,45.40453846,-75.70752446,14377
17--9741,9/24/2017,12:30 AM,MARIER AVE @ MONTREAL RD (0009346),9346,03 - At intersection,03 - P.D. only,03 - Rear end,01 - Clear,07 - Dark,01 - Dry,01 - Traffic signal,01 - Functioning,2,0,0,0,,0,,,,,370419.7083,5033261.828,45.43620948,-75.66128525,14378
17--9742,9/24/2017,2:01 AM,DALY AVE @ NICHOLAS ST (0011451),11451,03 - At intersection,02 - Non-fatal injury,07 - SMV other,01 - Clear,07 - Dark,01 - Dry,01 - Traffic signal,01 - Functioning,1,0,0,1,02 - Minor,1,,1,,,368226.7452,5032046.813,45.42547957,-75.68946812,14379
17--9743,9/24/2017,2:04 PM,BASELINE RD @ CLYDE AVE (0002343),2343,02 - Intersection related,03 - P.D. only,03 - Rear end,01 - Clear,01 - Daylight,01 - Dry,01 - Traffic signal,00 - Unknown,2,0,0,0,,0,,,,,364359.0378,5024890.513,45.36142857,-75.739753,14380
17--9744,9/24/2017,2:07 AM,KILBORN AVE @ KILBORN PL/LAMIRA ST (0001586),1586,03 - At intersection,03 - P.D. only,02 - Angle,01 - Clear,07 - Dark,01 - Dry,11 - Roundabout,01 - Functioning,2,0,0,0,,0,,,,,369743.4146,5027683.01,45.38607648,-75.67066336,14381
17--9745,9/24/2017,2:26 AM,RICHMOND RD btwn JOHN SUTHERLAND DR & HOLLY ACRES RD (__3ZA2LS),__3ZA2LS,01 - Non intersection,03 - P.D. only,07 - SMV other,01 - Clear,07 - Dark,01 - Dry,10 - No control,,1,0,0,0,,0,,,,,359049.693,5022726.176,45.34238481,-75.80775688,14382
17--9746,9/24/2017,2:48 AM,GEORGE ST @ DALHOUSIE ST (0008516),8516,03 - At intersection,02 - Non-fatal injury,07 - SMV other,01 - Clear,07 - Dark,01 - Dry,01 - Traffic signal,01 - Functioning,1,0,0,1,01 - Minimal,1,1,,,,368158.1755,5032315.351,45.427902,-75.69030974,14383
17--9747,9/24/2017,3:24 PM,TENTH LINE RD @ LAKEPOINTE DR (0013369),13369,03 - At intersection,02 - Non-fatal injury,02 - Angle,01 - Clear,01 - Daylight,01 - Dry,01 - Traffic signal,01 - Functioning,2,0,0,0,02 - Minor,2,1,1,,,384264.6756,5035420.69,45.45419668,-75.48400345,14384
17--9748,9/24/2017,3:30 PM,MERIVALE RD/LOTTA AVE @ CLYDE AVE (0001112),1112,02 - Intersection related,03 - P.D. only,04 - Sideswipe,01 - Clear,01 - Daylight,01 - Dry,01 - Traffic signal,00 - Unknown,2,0,0,0,,0,,,,,364522.2448,5024506.979,45.3579637,-75.73771626,14385
17--9749,9/24/2017,4:12 PM,GREENVIEW AVE btwn DON ST & CARLING AVE (__3ZABWO),__3ZABWO,01 - Non intersection,03 - P.D. only,01 - Approaching,01 - Clear,01 - Daylight,01 - Dry,10 - No control,,2,0,0,0,,0,,,,,359837.9067,5024986.888,45.36266528,-75.79744814,14386
17--975,1/24/2017,5:00 PM,HIGHWAY 417 btwn HIGHWAY 417 & HIGHWAY 417 (1) (__3ZA2UX),__3ZA2UX,01 - Non intersection,03 - P.D. only,04 - Sideswipe,03 - Snow,05 - Dusk,02 - Wet,10 - No control,,2,0,0,0,,0,,,,,375303.4007,5030347.094,45.40950896,-75.59928924,14387
17--9750,9/24/2017,4:20 PM,LEES AVE btwn CHAPEL CRES & TRANSIT (__3ZA5XB),__3ZA5XB,01 - Non intersection,03 - P.D. only,03 - Rear end,01 - Clear,01 - Daylight,01 - Dry,10 - No control,,2,0,0,0,,0,,,,,369795.1819,5031048.435,45.41635258,-75.66955883,14388
17--9751,9/24/2017,4:30 AM,ACCEPTANCE PL @ HOPE SIDE RD (0015272),15272,02 - Intersection related,03 - P.D. only,07 - SMV other,01 - Clear,07 - Dark,01 - Dry,02 - Stop sign,00 - Unknown,1,0,0,0,,0,,,,,356552.335,5015257.147,45.27536613,-75.84040176,14389
17--9752,9/24/2017,4:45 PM,BRONSON AVE @ COMMISSIONER ST/SLATER ST (0001679),1679,02 - Intersection related,03 - P.D. only,04 - Sideswipe,01 - Clear,01 - Daylight,01 - Dry,01 - Traffic signal,01 - Functioning,2,0,0,0,,0,,,,,366768.9277,5030948.261,45.4157258,-75.70823397,14390
17--9753,9/24/2017,5:47 PM,BELFAST RD @ ST. LAURENT BLVD (0007658),7658,03 - At intersection,02 - Non-fatal injury,05 - Turning movement,01 - Clear,01 - Daylight,01 - Dry,01 - Traffic signal,01 - Functioning,3,0,0,0,01 - Minimal,1,1,,,,372860.2507,5030578.325,45.41183132,-75.63046591,14391
17--9754,9/24/2017,6:05 PM,BLAIR RD @ INNES RD (0004165),4165,02 - Intersection related,03 - P.D. only,04 - Sideswipe,01 - Clear,01 - Daylight,01 - Dry,01 - Traffic signal,01 - Functioning,2,0,0,0,,0,,,,,375579.2083,5031439.318,45.41930835,-75.59560927,14392
17--9755,9/24/2017,6:37 PM,TRENTON AVE @ MERIVALE RD (0002734),2734,02 - Intersection related,03 - P.D. only,05 - Turning movement,01 - Clear,01 - Daylight,01 - Dry,02 - Stop sign,01 - Functioning,2,0,0,0,,0,,,,,364887.701,5026361.762,45.37462151,-75.73282649,14393
17--9756,9/24/2017,7:06 AM,BELGREEN DR @ RUSSELL RD (0009280),9280,02 - Intersection related,03 - P.D. only,07 - SMV other,01 - Clear,03 - Dawn,01 - Dry,02 - Stop sign,00 - Unknown,1,0,0,0,,0,,,,,376027.224,5027431.248,45.38320046,-75.59046426,14394
17--9757,9/24/2017,7:42 PM,COBURN AVE @ CARBROOKE ST (0003964),3964,02 - Intersection related,03 - P.D. only,01 - Approaching,01 - Clear,05 - Dusk,01 - Dry,02 - Stop sign,00 - Unknown,2,0,0,0,,0,,,,,353555.5904,5018043.457,45.3006522,-75.87831998,14395
17--9758,9/24/2017,8:53 AM,HWY 417 WOODROFF IC127R62 @ WOODROFFE AVE (0002349),2349,02 - Intersection related,03 - P.D. only,03 - Rear end,01 - Clear,01 - Daylight,01 - Dry,03 - Yield sign,00 - Unknown,2,0,0,0,,0,,,,,362051.9177,5025018.808,45.36277517,-75.76918514,14396
17--9759,9/24/2017,8:54 PM,PRINCE OF WALES DR btwn BLAZER AVE & DEAKIN ST (__3ZA29V),__3ZA29V,01 - Non intersection,02 - Non-fatal injury,07 - SMV other,01 - Clear,07 - Dark,01 - Dry,10 - No control,,1,0,1,0,02 - Minor,1,,1,,,367348.4507,5021159.269,45.32759521,-75.7020698,14397
17--976,1/24/2017,5:15 PM,HUNTMAR DR @ PALLADIUM DR S (0011818),11818,02 - Intersection related,03 - P.D. only,03 - Rear end,03 - Snow,05 - Dusk,06 - Ice,01 - Traffic signal,01 - Functioning,2,0,0,0,,0,,,,,349676.08,5017365.2,45.29480757,-75.92784621,14398